# wavelength (nm),inst_bkg (ph/s) 
9.200000000000000000e+02,3.262429138759297001e-88
9.201000000000000227e+02,3.342251551985880765e-88
9.202000000000000455e+02,3.424008964405787090e-88
9.203000000000000682e+02,3.507747844032828592e-88
9.204000000000000909e+02,3.593515764201410732e-88
9.205000000000001137e+02,3.681361429605074919e-88
9.206000000000001364e+02,3.771334702944966021e-88
9.207000000000001592e+02,3.863486632195408145e-88
9.208000000000001819e+02,3.957869478509317845e-88
9.209000000000002046e+02,4.054536744771861951e-88
9.210000000000002274e+02,4.153543204819800635e-88
9.211000000000002501e+02,4.254944933343647124e-88
9.212000000000002728e+02,4.358799336483443288e-88
9.213000000000002956e+02,4.465165183138999453e-88
9.214000000000003183e+02,4.574102637009597360e-88
9.215000000000003411e+02,4.685673289378172502e-88
9.216000000000003638e+02,4.799940192659128664e-88
9.217000000000003865e+02,4.916967894728008878e-88
9.218000000000004093e+02,5.036822474048484341e-88
9.219000000000004320e+02,5.159571575614710808e-88
9.220000000000004547e+02,5.285284447735199403e-88
9.221000000000004775e+02,5.414031979664626139e-88
9.222000000000005002e+02,5.545886740116379068e-88
9.223000000000005230e+02,5.680923016666368836e-88
9.224000000000005457e+02,5.819216856074655868e-88
9.225000000000005684e+02,5.960846105541560175e-88
9.226000000000005912e+02,6.105890454922736445e-88
9.227000000000006139e+02,6.254431479927162498e-88
9.228000000000006366e+02,6.406552686311921011e-88
9.229000000000006594e+02,6.562339555107694677e-88
9.230000000000006821e+02,6.721879588891966693e-88
9.231000000000007049e+02,6.885262359135581291e-88
9.232000000000007276e+02,7.052579554647599061e-88
9.233000000000007503e+02,7.223925031142174108e-88
9.234000000000007731e+02,7.399394861955654917e-88
9.235000000000007958e+02,7.579087389940536960e-88
9.236000000000008185e+02,7.763103280558681428e-88
9.237000000000008413e+02,7.951545576205726713e-88
9.238000000000008640e+02,8.144519751795516257e-88
9.239000000000008868e+02,8.342133771628562212e-88
9.240000000000009095e+02,8.544498147579630417e-88
9.241000000000009322e+02,8.751725998631284550e-88
9.242000000000009550e+02,8.963933111782741022e-88
9.243000000000009777e+02,9.181238004371768819e-88
9.244000000000010004e+02,9.403761987835583687e-88
9.245000000000010232e+02,9.631629232945900256e-88
9.246000000000010459e+02,9.864966836553612661e-88
9.247000000000010687e+02,1.010390488987580495e-87
9.248000000000010914e+02,1.034857654835911856e-87
9.249000000000011141e+02,1.059911810316096377e-87
9.250000000000011369e+02,1.085566905427602354e-87
9.251000000000011596e+02,1.111837218535739802e-87
9.252000000000011823e+02,1.138737364026205269e-87
9.253000000000012051e+02,1.166282300136341874e-87
9.254000000000012278e+02,1.194487336967187139e-87
9.255000000000012506e+02,1.223368144680207711e-87
9.256000000000012733e+02,1.252940761883550995e-87
9.257000000000012960e+02,1.283221604211120767e-87
9.258000000000013188e+02,1.314227473099613296e-87
9.259000000000013415e+02,1.345975564768585079e-87
9.260000000000013642e+02,1.378483479406258087e-87
9.261000000000013870e+02,1.411769230567753460e-87
9.262000000000014097e+02,1.445851254789986492e-87
9.263000000000014325e+02,1.480748421427380092e-87
9.264000000000014552e+02,1.516480042714569508e-87
9.265000000000014779e+02,1.553065884060253482e-87
9.266000000000015007e+02,1.590526174578602158e-87
9.267000000000015234e+02,1.628881617862474924e-87
9.268000000000015461e+02,1.668153403004758478e-87
9.269000000000015689e+02,1.708363215872749586e-87
9.270000000000015916e+02,1.749533250642603416e-87
9.271000000000016144e+02,1.791686221598395495e-87
9.272000000000016371e+02,1.834845375202069239e-87
9.273000000000016598e+02,1.879034502441524541e-87
9.274000000000016826e+02,1.924277951462136875e-87
9.275000000000017053e+02,1.970600640487685721e-87
9.276000000000017280e+02,2.018028071039120721e-87
9.277000000000017508e+02,2.066586341456193157e-87
9.278000000000017735e+02,2.116302160729020506e-87
9.279000000000017963e+02,2.167202862648814829e-87
9.280000000000018190e+02,2.219316420280524626e-87
9.281000000000018417e+02,2.272671460770169963e-87
9.282000000000018645e+02,2.327297280490030834e-87
9.283000000000018872e+02,2.383223860531660426e-87
9.284000000000019099e+02,2.440481882554488455e-87
9.285000000000019327e+02,2.499102744995778635e-87
9.286000000000019554e+02,2.559118579655139533e-87
9.287000000000019782e+02,2.620562268656073485e-87
9.288000000000020009e+02,2.683467461797434677e-87
9.289000000000020236e+02,2.747868594301536882e-87
9.290000000000020464e+02,2.813800904969441536e-87
9.291000000000020691e+02,2.881300454750091628e-87
9.292000000000020918e+02,2.950404145737069765e-87
9.293000000000021146e+02,3.021149740596283474e-87
9.294000000000021373e+02,3.093575882441871219e-87
9.295000000000021600e+02,3.167722115163576381e-87
9.296000000000021828e+02,3.243628904220385987e-87
9.297000000000022055e+02,3.321337657908686444e-87
9.298000000000022283e+02,3.400890749117481042e-87
9.299000000000022510e+02,3.482331537578984431e-87
9.300000000000022737e+02,3.565704392629223882e-87
9.301000000000022965e+02,3.651054716487060336e-87
9.302000000000023192e+02,3.738428968064950407e-87
9.303000000000023419e+02,3.827874687323915041e-87
9.304000000000023647e+02,3.919440520184176404e-87
9.305000000000023874e+02,4.013176244002116901e-87
9.306000000000024102e+02,4.109132793632341916e-87
9.307000000000024329e+02,4.207362288079675853e-87
9.308000000000024556e+02,4.307918057762403726e-87
9.309000000000024784e+02,4.410854672394203333e-87
9.310000000000025011e+02,4.516227969504787279e-87
9.311000000000025238e+02,4.624095083605778334e-87
9.312000000000025466e+02,4.734514476026028948e-87
9.313000000000025693e+02,4.847545965423139239e-87
9.314000000000025921e+02,4.963250758989357689e-87
9.315000000000026148e+02,5.081691484371269419e-87
9.316000000000026375e+02,5.202932222312589201e-87
9.317000000000026603e+02,5.327038540040298091e-87
9.318000000000026830e+02,5.454077525412559737e-87
9.319000000000027057e+02,5.584117821840296272e-87
9.320000000000027285e+02,5.717229664005337128e-87
9.321000000000027512e+02,5.853484914388695877e-87
9.322000000000027740e+02,5.992957100629030071e-87
9.323000000000027967e+02,6.135721453733705379e-87
9.324000000000028194e+02,6.281854947152170495e-87
9.325000000000028422e+02,6.431436336741133664e-87
9.326000000000028649e+02,6.584546201636396100e-87
9.327000000000028876e+02,6.741266986051304388e-87
9.328000000000029104e+02,6.901683042025655839e-87
9.329000000000029331e+02,7.065880673143807146e-87
9.330000000000029559e+02,7.233948179244020100e-87
9.331000000000029786e+02,7.405975902144253500e-87
9.332000000000030013e+02,7.582056272403110510e-87
9.333000000000030241e+02,7.762283857139714739e-87
9.334000000000030468e+02,7.946755408941380798e-87
9.335000000000030695e+02,8.135569915877216250e-87
9.336000000000030923e+02,8.328828652644442818e-87
9.337000000000031150e+02,8.526635232875125711e-87
9.338000000000031378e+02,8.729095662626712860e-87
9.339000000000031605e+02,8.936318395082546850e-87
9.340000000000031832e+02,9.148414386493011087e-87
9.341000000000032060e+02,9.365497153381502244e-87
9.342000000000032287e+02,9.587682831044757342e-87
9.343000000000032514e+02,9.815090233377458524e-87
9.344000000000032742e+02,1.004784091404885262e-86
9.345000000000032969e+02,1.028605922906306229e-86
9.346000000000033197e+02,1.052987240073510321e-86
9.347000000000033424e+02,1.077941058311012988e-86
9.348000000000033651e+02,1.103480692886543089e-86
9.349000000000033879e+02,1.129619765771857608e-86
9.350000000000034106e+02,1.156372212638461527e-86
9.351000000000034333e+02,1.183752290011190150e-86
9.352000000000034561e+02,1.211774582583385914e-86
9.353000000000034788e+02,1.240454010696843799e-86
9.354000000000035016e+02,1.269805837991284801e-86
9.355000000000035243e+02,1.299845679225530766e-86
9.356000000000035470e+02,1.330589508275871368e-86
9.357000000000035698e+02,1.362053666314322314e-86
9.358000000000035925e+02,1.394254870171575477e-86
9.359000000000036152e+02,1.427210220888243172e-86
9.360000000000036380e+02,1.460937212459109241e-86
9.361000000000036607e+02,1.495453740774129532e-86
9.362000000000036835e+02,1.530778112761060522e-86
9.363000000000037062e+02,1.566929055733741741e-86
9.364000000000037289e+02,1.603925726951282403e-86
9.365000000000037517e+02,1.641787723392046445e-86
9.366000000000037744e+02,1.680535091748038931e-86
9.367000000000037971e+02,1.720188338643688563e-86
9.368000000000038199e+02,1.760768441085047877e-86
9.369000000000038426e+02,1.802296857143580708e-86
9.370000000000038654e+02,1.844795536880676729e-86
9.371000000000038881e+02,1.888286933517146764e-86
9.372000000000039108e+02,1.932794014854567872e-86
9.373000000000039336e+02,1.978340274952400075e-86
9.374000000000039563e+02,2.024949746068326660e-86
9.375000000000039790e+02,2.072647010866608225e-86
9.376000000000040018e+02,2.121457214899808603e-86
9.377000000000040245e+02,2.171406079371722109e-86
9.378000000000040473e+02,2.222519914186801650e-86
9.379000000000040700e+02,2.274825631291512961e-86
9.380000000000040927e+02,2.328350758316283808e-86
9.381000000000041155e+02,2.383123452522239704e-86
9.382000000000041382e+02,2.439172515061583235e-86
9.383000000000041609e+02,2.496527405558151642e-86
9.384000000000041837e+02,2.555218257013394357e-86
9.385000000000042064e+02,2.615275891047156540e-86
9.386000000000042292e+02,2.676731833481023799e-86
9.387000000000042519e+02,2.739618330269125787e-86
9.388000000000042746e+02,2.803968363786534840e-86
9.389000000000042974e+02,2.869815669482305091e-86
9.390000000000043201e+02,2.937194752905683752e-86
9.391000000000043428e+02,3.006140907113263306e-86
9.392000000000043656e+02,3.076690230465168750e-86
9.393000000000043883e+02,3.148879644819857396e-86
9.394000000000044110e+02,3.222746914136143658e-86
9.395000000000044338e+02,3.298330663490682600e-86
9.396000000000044565e+02,3.375670398521294883e-86
9.397000000000044793e+02,3.454806525303823597e-86
9.398000000000045020e+02,3.535780370674985142e-86
9.399000000000045247e+02,3.618634203007521650e-86
9.400000000000045475e+02,3.703411253450309958e-86
9.401000000000045702e+02,3.790155737642928933e-86
9.402000000000045929e+02,3.878912877915024192e-86
9.403000000000046157e+02,3.969728925980973542e-86
9.404000000000046384e+02,4.062651186141199439e-86
9.405000000000046612e+02,4.157728039000834698e-86
9.406000000000046839e+02,4.255008965719416561e-86
9.407000000000047066e+02,4.354544572798190607e-86
9.408000000000047294e+02,4.456386617423326580e-86
9.409000000000047521e+02,4.560588033372019786e-86
9.410000000000047748e+02,4.667202957496976262e-86
9.411000000000047976e+02,4.776286756801512386e-86
9.412000000000048203e+02,4.887896056116747388e-86
9.413000000000048431e+02,5.002088766394650322e-86
9.414000000000048658e+02,5.118924113635355747e-86
9.415000000000048885e+02,5.238462668453130040e-86
9.416000000000049113e+02,5.360766376303913103e-86
9.417000000000049340e+02,5.485898588384140844e-86
9.418000000000049567e+02,5.613924093217809665e-86
9.419000000000049795e+02,5.744909148946005278e-86
9.420000000000050022e+02,5.878921516334601223e-86
9.421000000000050250e+02,6.016030492514702306e-86
9.422000000000050477e+02,6.156306945476018849e-86
9.423000000000050704e+02,6.299823349324230843e-86
9.424000000000050932e+02,6.446653820322819361e-86
9.425000000000051159e+02,6.596874153734971286e-86
9.426000000000051386e+02,6.750561861484641663e-86
9.427000000000051614e+02,6.907796210654955049e-86
9.428000000000051841e+02,7.068658262837835294e-86
9.429000000000052069e+02,7.233230914359193655e-86
9.430000000000052296e+02,7.401598937399523246e-86
9.431000000000052523e+02,7.573849022021306816e-86
9.432000000000052751e+02,7.750069819132206876e-86
9.433000000000052978e+02,7.930351984400920105e-86
9.434000000000053205e+02,8.114788223145725454e-86
9.435000000000053433e+02,8.303473336217236972e-86
9.436000000000053660e+02,8.496504266902040110e-86
9.437000000000053888e+02,8.693980148859781506e-86
9.438000000000054115e+02,8.896002355126767443e-86
9.439000000000054342e+02,9.102674548203913023e-86
9.440000000000054570e+02,9.314102731250828813e-86
9.441000000000054797e+02,9.530395300418967291e-86
9.442000000000055024e+02,9.751663098336550550e-86
9.443000000000055252e+02,9.978019468781424792e-86
9.444000000000055479e+02,1.020958031256302690e-85
9.445000000000055707e+02,1.044646414463789726e-85
9.446000000000055934e+02,1.068879215248971677e-85
9.447000000000056161e+02,1.093668825580384837e-85
9.448000000000056389e+02,1.119027916745114790e-85
9.449000000000056616e+02,1.144969445583242419e-85
9.450000000000056843e+02,1.171506660858744189e-85
9.451000000000057071e+02,1.198653109772015560e-85
9.452000000000057298e+02,1.226422644616026343e-85
9.453000000000057526e+02,1.254829429579008894e-85
9.454000000000057753e+02,1.283887947698064513e-85
9.455000000000057980e+02,1.313613007965425230e-85
9.456000000000058208e+02,1.344019752592318839e-85
9.457000000000058435e+02,1.375123664432174523e-85
9.458000000000058662e+02,1.406940574568420227e-85
9.459000000000058890e+02,1.439486670069183057e-85
9.460000000000059117e+02,1.472778501912942444e-85
9.461000000000059345e+02,1.506832993088501167e-85
9.462000000000059572e+02,1.541667446874756586e-85
9.463000000000059799e+02,1.577299555301024735e-85
9.464000000000060027e+02,1.613747407795306683e-85
9.465000000000060254e+02,1.651029500022204800e-85
9.466000000000060481e+02,1.689164742915298317e-85
9.467000000000060709e+02,1.728172471908992769e-85
9.468000000000060936e+02,1.768072456373365422e-85
9.469000000000061164e+02,1.808884909255318777e-85
9.470000000000061391e+02,1.850630496934165664e-85
9.471000000000061618e+02,1.893330349292257971e-85
9.472000000000061846e+02,1.937006070006998041e-85
9.473000000000062073e+02,1.981679747070256257e-85
9.474000000000062300e+02,2.027373963537596827e-85
9.475000000000062528e+02,2.074111808515411524e-85
9.476000000000062755e+02,2.121916888387214119e-85
9.477000000000062983e+02,2.170813338288636861e-85
9.478000000000063210e+02,2.220825833832928652e-85
9.479000000000063437e+02,2.271979603094983536e-85
9.480000000000063665e+02,2.324300438856818977e-85
9.481000000000063892e+02,2.377814711124279060e-85
9.482000000000064119e+02,2.432549379915360050e-85
9.483000000000064347e+02,2.488532008331749677e-85
9.484000000000064574e+02,2.545790775914861391e-85
9.485000000000064801e+02,2.604354492296431914e-85
9.486000000000065029e+02,2.664252611146847853e-85
9.487000000000065256e+02,2.725515244430768474e-85
9.488000000000065484e+02,2.788173176973229867e-85
9.489000000000065711e+02,2.852257881346990843e-85
9.490000000000065938e+02,2.917801533083150831e-85
9.491000000000066166e+02,2.984837026218282105e-85
9.492000000000066393e+02,3.053397989178684444e-85
9.493000000000066620e+02,3.123518801013611544e-85
9.494000000000066848e+02,3.195234607984992922e-85
9.495000000000067075e+02,3.268581340517907784e-85
9.496000000000067303e+02,3.343595730522924688e-85
9.497000000000067530e+02,3.420315329096995220e-85
9.498000000000067757e+02,3.498778524611670648e-85
9.499000000000067985e+02,3.579024561196573910e-85
9.500000000000068212e+02,3.661093557626055260e-85
9.501000000000068439e+02,3.745026526619159013e-85
9.502000000000068667e+02,3.830865394562172158e-85
9.503000000000068894e+02,3.918653021659682947e-85
9.504000000000069122e+02,4.008433222526729743e-85
9.505000000000069349e+02,4.100250787231838969e-85
9.506000000000069576e+02,4.194151502795838421e-85
9.507000000000069804e+02,4.290182175164058238e-85
9.508000000000070031e+02,4.388390651654606695e-85
9.509000000000070258e+02,4.488825843897288767e-85
9.510000000000070486e+02,4.591537751272654826e-85
9.511000000000070713e+02,4.696577484863435151e-85
9.512000000000070941e+02,4.803997291924700986e-85
9.513000000000071168e+02,4.913850580891517127e-85
9.514000000000071395e+02,5.026191946927482430e-85
9.515000000000071623e+02,5.141077198032176306e-85
9.516000000000071850e+02,5.258563381716869953e-85
9.517000000000072077e+02,5.378708812258873831e-85
9.518000000000072305e+02,5.501573098554159016e-85
9.519000000000072532e+02,5.627217172568899949e-85
9.520000000000072760e+02,5.755703318417262834e-85
9.521000000000072987e+02,5.887095202067083306e-85
9.522000000000073214e+02,6.021457901692167487e-85
9.523000000000073442e+02,6.158857938687341723e-85
9.524000000000073669e+02,6.299363309354850813e-85
9.525000000000073896e+02,6.443043517278902086e-85
9.526000000000074124e+02,6.589969606408004425e-85
9.527000000000074351e+02,6.740214194851403516e-85
9.528000000000074579e+02,6.893851509411517545e-85
9.529000000000074806e+02,7.050957420866428645e-85
9.530000000000075033e+02,7.211609480016842040e-85
9.531000000000075261e+02,7.375886954519251338e-85
9.532000000000075488e+02,7.543870866513446931e-85
9.533000000000075715e+02,7.715644031068255904e-85
9.534000000000075943e+02,7.891291095465414039e-85
9.535000000000076170e+02,8.070898579327627724e-85
9.536000000000076398e+02,8.254554915623198610e-85
9.537000000000076625e+02,8.442350492556474927e-85
9.538000000000076852e+02,8.634377696366801753e-85
9.539000000000077080e+02,8.830730955054150601e-85
9.540000000000077307e+02,9.031506783054908704e-85
9.541000000000077534e+02,9.236803826879545914e-85
9.542000000000077762e+02,9.446722911746683145e-85
9.543000000000077989e+02,9.661367089216883882e-85
9.544000000000078217e+02,9.880841685866883104e-85
9.545000000000078444e+02,1.010525435301159962e-84
9.546000000000078671e+02,1.033471511750120688e-84
9.547000000000078899e+02,1.056933643362262229e-84
9.548000000000079126e+02,1.080923323611655894e-84
9.549000000000079353e+02,1.105452299434512231e-84
9.550000000000079581e+02,4.204828891215871937e-27
9.551000000000079808e+02,5.314621128573469900e-17
9.552000000000080036e+02,1.069138518278587002e-16
9.553000000000080263e+02,1.613081716915533655e-16
9.554000000000080490e+02,2.163344588287606792e-16
9.555000000000080718e+02,2.719980393301156784e-16
9.556000000000080945e+02,3.283042777095399937e-16
9.557000000000081172e+02,3.852585771015823311e-16
9.558000000000081400e+02,4.428663794856849721e-16
9.559000000000081627e+02,5.011331660040995740e-16
9.560000000000081855e+02,5.600644571870839837e-16
9.561000000000082082e+02,5.825521506146106793e-16
9.562000000000082309e+02,6.052824846877665784e-16
9.563000000000082537e+02,6.282574493969270226e-16
9.564000000000082764e+02,6.514790488642086799e-16
9.565000000000082991e+02,6.749493014341280041e-16
9.566000000000083219e+02,6.986702397648596225e-16
9.567000000000083446e+02,7.226439109199498961e-16
9.568000000000083674e+02,7.468723764606366214e-16
9.569000000000083901e+02,7.713577125386667990e-16
9.570000000000084128e+02,7.961020099897423349e-16
9.571000000000084356e+02,8.220521554929465805e-16
9.572000000000084583e+02,8.482765158453980604e-16
9.573000000000084810e+02,8.747773195821327627e-16
9.574000000000085038e+02,9.015568108336993479e-16
9.575000000000085265e+02,9.286172495912998352e-16
9.576000000000085493e+02,9.559609118136628999e-16
9.577000000000085720e+02,9.835900894959281939e-16
9.578000000000085947e+02,1.011507090772020375e-15
9.579000000000086175e+02,1.039714240067051513e-15
9.580000000000086402e+02,1.068213878079798713e-15
9.581000000000086629e+02,1.096357871124098509e-15
9.582000000000086857e+02,1.124791559831822543e-15
9.583000000000087084e+02,1.153517271851505015e-15
9.584000000000087311e+02,1.182537351046624526e-15
9.585000000000087539e+02,1.211854157584009546e-15
9.586000000000087766e+02,1.241470068265535495e-15
9.587000000000087994e+02,1.271387476523028701e-15
9.588000000000088221e+02,1.301608792590598982e-15
9.589000000000088448e+02,1.332136443417159702e-15
9.590000000000088676e+02,1.362972872926879273e-15
9.591000000000088903e+02,1.391503284273453417e-15
9.592000000000089130e+02,1.420317100187751758e-15
9.593000000000089358e+02,1.449416562647916173e-15
9.594000000000089585e+02,1.478803928989700683e-15
9.595000000000089813e+02,1.508481472295778447e-15
9.596000000000090040e+02,1.538451481418795044e-15
9.597000000000090267e+02,1.568716261077491366e-15
9.598000000000090495e+02,1.599278131957010046e-15
9.599000000000090722e+02,1.630139430809260851e-15
9.600000000000090949e+02,1.661302510553701605e-15
9.601000000000091177e+02,1.687989188816519108e-15
9.602000000000091404e+02,1.714927119225254348e-15
9.603000000000091632e+02,1.742118241958713344e-15
9.604000000000091859e+02,1.769564510527732642e-15
9.605000000000092086e+02,1.797267891825953559e-15
9.606000000000092314e+02,1.825230366171057124e-15
9.607000000000092541e+02,1.853453927396727315e-15
9.608000000000092768e+02,1.881940583071841978e-15
9.609000000000092996e+02,1.910692354398377855e-15
9.610000000000093223e+02,1.939711276318358431e-15
9.611000000000093451e+02,1.962096423168534301e-15
9.612000000000093678e+02,1.984673090611735007e-15
9.613000000000093905e+02,2.007442690102772449e-15
9.614000000000094133e+02,2.030406642519497886e-15
9.615000000000094360e+02,2.053566378191517264e-15
9.616000000000094587e+02,2.076923336957964624e-15
9.617000000000094815e+02,2.100478968225800108e-15
9.618000000000095042e+02,2.124234731028452697e-15
9.619000000000095270e+02,2.148192094084622690e-15
9.620000000000095497e+02,2.172352535856761935e-15
9.621000000000095724e+02,2.188026115069469544e-15
9.622000000000095952e+02,2.203805549437084855e-15
9.623000000000096179e+02,2.219691512430327122e-15
9.624000000000096406e+02,2.235684681570983774e-15
9.625000000000096634e+02,2.251785738387968884e-15
9.626000000000096861e+02,2.267995368625294915e-15
9.627000000000097089e+02,2.284314262085688141e-15
9.628000000000097316e+02,2.300743112712997001e-15
9.629000000000097543e+02,2.317282618615721852e-15
9.630000000000097771e+02,2.333933482157361230e-15
9.631000000000097998e+02,2.340864230727125406e-15
9.632000000000098225e+02,2.347794632550527516e-15
9.633000000000098453e+02,2.354724462543253752e-15
9.634000000000098680e+02,2.361653493232693407e-15
9.635000000000098908e+02,2.368581494739626647e-15
9.636000000000099135e+02,2.375508234759905196e-15
9.637000000000099362e+02,2.382433478545885304e-15
9.638000000000099590e+02,2.389356988887893071e-15
9.639000000000099817e+02,2.396278526095343848e-15
9.640000000000100044e+02,2.403197847977025447e-15
9.641000000000100272e+02,2.400060948906834838e-15
9.642000000000100499e+02,2.396805942536808577e-15
9.643000000000100727e+02,2.393431622263556719e-15
9.644000000000100954e+02,2.389936772242942701e-15
9.645000000000101181e+02,2.386320167193889291e-15
9.646000000000101409e+02,2.382580572338143935e-15
9.647000000000101636e+02,2.378716743455609457e-15
9.648000000000101863e+02,2.374727426617677521e-15
9.649000000000102091e+02,2.370611358143275670e-15
9.650000000000102318e+02,2.366367264712488138e-15
9.651000000000102546e+02,2.352839277294121030e-15
9.652000000000102773e+02,2.339075885209101870e-15
9.653000000000103000e+02,2.325074919000359044e-15
9.654000000000103228e+02,2.310834193099082425e-15
9.655000000000103455e+02,2.296351505719282246e-15
9.656000000000103682e+02,2.281624638756265074e-15
9.657000000000103910e+02,2.266651357733718201e-15
9.658000000000104137e+02,2.251429411507854067e-15
9.659000000000104365e+02,2.235956532359312557e-15
9.660000000000104592e+02,2.220230435842738635e-15
9.661000000000104819e+02,2.197162545769396478e-15
9.662000000000105047e+02,2.173755932004534597e-15
9.663000000000105274e+02,2.150007592386777203e-15
9.664000000000105501e+02,2.125914502868786798e-15
9.665000000000105729e+02,2.101473617160925048e-15
9.666000000000105956e+02,2.076681867198181139e-15
9.667000000000106184e+02,2.051536162470495915e-15
9.668000000000106411e+02,2.026033389965303225e-15
9.669000000000106638e+02,2.000170414069160937e-15
9.670000000000106866e+02,1.973944076442093685e-15
9.671000000000107093e+02,1.943382280502978522e-15
9.672000000000107320e+02,1.912405651323630346e-15
9.673000000000107548e+02,1.881010591620224120e-15
9.674000000000107775e+02,1.849193478182707190e-15
9.675000000000108002e+02,1.816950661669620113e-15
9.676000000000108230e+02,1.784278466550862827e-15
9.677000000000108457e+02,1.751173190847038246e-15
9.678000000000108685e+02,1.717631105972528298e-15
9.679000000000108912e+02,1.683648456575127382e-15
9.680000000000109139e+02,1.649221460366205146e-15
9.681000000000109367e+02,1.622584646459983908e-15
9.682000000000109594e+02,1.595589705501921639e-15
9.683000000000109821e+02,1.568233545724236826e-15
9.684000000000110049e+02,1.540513053174187255e-15
9.685000000000110276e+02,1.512425091551045396e-15
9.686000000000110504e+02,1.483966502040638377e-15
9.687000000000110731e+02,1.455134103166680247e-15
9.688000000000110958e+02,1.425924690712232386e-15
9.689000000000111186e+02,1.396335037538495261e-15
9.690000000000111413e+02,1.366361893447581923e-15
9.691000000000111640e+02,1.414416332736713379e-15
9.692000000000111868e+02,1.462970153169804793e-15
9.693000000000112095e+02,1.512027319219213607e-15
9.694000000000112323e+02,1.561591822654963113e-15
9.695000000000112550e+02,1.611667682694609460e-15
9.696000000000112777e+02,1.662258946178576246e-15
9.697000000000113005e+02,1.713369687729740286e-15
9.698000000000113232e+02,1.765004009889219822e-15
9.699000000000113459e+02,1.817166043408321884e-15
9.700000000000113687e+02,1.869859947311243716e-15
9.701000000000113914e+02,1.923553438977914379e-15
9.702000000000114142e+02,1.977792286731571894e-15
9.703000000000114369e+02,2.032580775724473136e-15
9.704000000000114596e+02,2.087923220357852971e-15
9.705000000000114824e+02,2.143823964517088021e-15
9.706000000000115051e+02,2.200287381736783170e-15
9.707000000000115278e+02,2.257317875425149242e-15
9.708000000000115506e+02,2.314919878933686239e-15
9.709000000000115733e+02,2.373097855840690879e-15
9.710000000000115961e+02,2.431856300119549419e-15
9.711000000000116188e+02,2.488319358151732711e-15
9.712000000000116415e+02,2.545339363798632068e-15
9.713000000000116643e+02,2.602920636971130279e-15
9.714000000000116870e+02,2.661067526829250624e-15
9.715000000000117097e+02,2.719784411998672766e-15
9.716000000000117325e+02,2.779075700751872177e-15
9.717000000000117552e+02,2.838945831189988860e-15
9.718000000000117780e+02,2.899399271426050159e-15
9.719000000000118007e+02,2.960440519769060127e-15
9.720000000000118234e+02,3.022074104899025675e-15
9.721000000000118462e+02,3.077534438512393444e-15
9.722000000000118689e+02,3.133519899891276531e-15
9.723000000000118916e+02,3.190034488241399750e-15
9.724000000000119144e+02,3.247082229551114768e-15
9.725000000000119371e+02,3.304667176820286906e-15
9.726000000000119599e+02,3.362793410069763050e-15
9.727000000000119826e+02,3.421465036695664470e-15
9.728000000000120053e+02,3.480686191620046229e-15
9.729000000000120281e+02,3.540461037351925441e-15
9.730000000000120508e+02,3.600793764160640948e-15
9.731000000000120735e+02,3.650824369102110265e-15
9.732000000000120963e+02,3.701299150264422003e-15
9.733000000000121190e+02,3.752221390615196141e-15
9.734000000000121418e+02,3.803594394737396825e-15
9.735000000000121645e+02,3.855421488958898028e-15
9.736000000000121872e+02,3.907706021483938550e-15
9.737000000000122100e+02,3.960451362524200719e-15
9.738000000000122327e+02,4.013660904431255406e-15
9.739000000000122554e+02,4.067338061843300408e-15
9.740000000000122782e+02,4.121486271813377957e-15
9.741000000000123009e+02,4.161437240530119001e-15
9.742000000000123237e+02,4.201701664631771676e-15
9.743000000000123464e+02,4.242281717157859258e-15
9.744000000000123691e+02,4.283179584894281979e-15
9.745000000000123919e+02,4.324397468453879447e-15
9.746000000000124146e+02,4.365937582357403277e-15
9.747000000000124373e+02,4.407802155114819456e-15
9.748000000000124601e+02,4.449993429247479284e-15
9.749000000000124828e+02,4.492513661530444821e-15
9.750000000000125056e+02,4.535365122949861999e-15
9.751000000000125283e+02,4.560894901747240672e-15
9.752000000000125510e+02,4.586563050697282406e-15
9.753000000000125738e+02,4.612370290172462735e-15
9.754000000000125965e+02,4.638317344137609850e-15
9.755000000000126192e+02,4.664404940166923482e-15
9.756000000000126420e+02,4.690633809461420563e-15
9.757000000000126647e+02,4.717004686865625152e-15
9.758000000000126875e+02,4.743518310843864749e-15
9.759000000000127102e+02,4.770175423610160180e-15
9.760000000000127329e+02,4.796976771054913604e-15
9.761000000000127557e+02,4.804642395222472456e-15
9.762000000000127784e+02,4.812238756821964687e-15
9.763000000000128011e+02,4.819764882574558751e-15
9.764000000000128239e+02,4.827219791085263176e-15
9.765000000000128466e+02,4.834602492823020449e-15
9.766000000000128694e+02,4.841911989913527690e-15
9.767000000000128921e+02,4.849147276148047435e-15
9.768000000000129148e+02,4.856307337245701523e-15
9.769000000000129376e+02,4.863391150440557634e-15
9.770000000000129603e+02,4.870397684466108446e-15
9.771000000000129830e+02,4.858243156281386269e-15
9.772000000000130058e+02,4.845797119804376398e-15
9.773000000000130285e+02,4.833056816132827402e-15
9.774000000000130512e+02,4.820019466030994536e-15
9.775000000000130740e+02,4.806682269799411433e-15
9.776000000000130967e+02,4.793042407186747515e-15
9.777000000000131195e+02,4.779097037240176862e-15
9.778000000000131422e+02,4.764843297966074931e-15
9.779000000000131649e+02,4.750278306491495232e-15
9.780000000000131877e+02,4.735399158814785939e-15
9.781000000000132104e+02,4.703417679429477490e-15
9.782000000000132331e+02,4.670930207913539736e-15
9.783000000000132559e+02,4.637932289431863551e-15
9.784000000000132786e+02,4.604419437322334804e-15
9.785000000000133014e+02,4.570387132897016954e-15
9.786000000000133241e+02,4.535830825348214284e-15
9.787000000000133468e+02,4.500745931401224004e-15
9.788000000000133696e+02,4.465127835165934956e-15
9.789000000000133923e+02,4.428971887931644096e-15
9.790000000000134150e+02,4.392273408016309911e-15
9.791000000000134378e+02,4.342664436902616774e-15
9.792000000000134605e+02,4.292367070700150051e-15
9.793000000000134833e+02,4.241375441712074622e-15
9.794000000000135060e+02,4.189683641011288134e-15
9.795000000000135287e+02,4.137285718116255975e-15
9.796000000000135515e+02,4.084175680919275413e-15
9.797000000000135742e+02,4.030347495276853262e-15
9.798000000000135969e+02,3.975795084727158783e-15
9.799000000000136197e+02,3.920512330323043130e-15
9.800000000000136424e+02,3.864493070353470475e-15
9.801000000000136652e+02,3.801596518702198304e-15
9.802000000000136879e+02,3.737883758338863270e-15
9.803000000000137106e+02,3.673347965867492188e-15
9.804000000000137334e+02,3.607982270446706187e-15
9.805000000000137561e+02,3.541779753496655330e-15
9.806000000000137788e+02,3.474733448404345933e-15
9.807000000000138016e+02,3.406836340227136153e-15
9.808000000000138243e+02,3.338081365394899579e-15
9.809000000000138471e+02,3.268461411410120429e-15
9.810000000000138698e+02,3.197969316552969625e-15
9.811000000000138925e+02,3.172236886232927886e-15
9.812000000000139153e+02,3.146120627225652141e-15
9.813000000000139380e+02,3.119617224576149081e-15
9.814000000000139607e+02,3.092723339974596788e-15
9.815000000000139835e+02,3.065435611569652919e-15
9.816000000000140062e+02,3.037750653882536707e-15
9.817000000000140290e+02,3.009665057636826698e-15
9.818000000000140517e+02,2.981175389610941394e-15
9.819000000000140744e+02,2.952278192489431090e-15
9.820000000000140972e+02,2.922969984731558767e-15
9.821000000000141199e+02,3.019694164193907618e-15
9.822000000000141426e+02,3.117388972154525609e-15
9.823000000000141654e+02,3.216061855499551002e-15
9.824000000000141881e+02,3.315720310591208759e-15
9.825000000000142109e+02,3.416371883584864780e-15
9.826000000000142336e+02,3.518024170745981542e-15
9.827000000000142563e+02,3.620684818645843161e-15
9.828000000000142791e+02,3.724361524582003273e-15
9.829000000000143018e+02,3.829062036840001072e-15
9.830000000000143245e+02,3.934794154963173042e-15
9.831000000000143473e+02,4.041685806482645508e-15
9.832000000000143700e+02,4.149625789146893781e-15
9.833000000000143928e+02,4.258622063106908351e-15
9.834000000000144155e+02,4.368682641026065207e-15
9.835000000000144382e+02,4.479815588345941989e-15
9.836000000000144610e+02,4.592029023802362389e-15
9.837000000000144837e+02,4.705331119557308690e-15
9.838000000000145064e+02,4.819730101579117214e-15
9.839000000000145292e+02,4.935234249997869634e-15
9.840000000000145519e+02,5.051851899362784875e-15
9.841000000000145747e+02,5.163315681001094901e-15
9.842000000000145974e+02,5.275840868173923474e-15
9.843000000000146201e+02,5.389435414504529388e-15
9.844000000000146429e+02,5.504107325679422137e-15
9.845000000000146656e+02,5.619864659757024256e-15
9.846000000000146883e+02,5.736715527478067575e-15
9.847000000000147111e+02,5.854668092577591653e-15
9.848000000000147338e+02,5.973730572098574360e-15
9.849000000000147566e+02,6.093911237099168561e-15
9.850000000000147793e+02,6.215218411872251251e-15
9.851000000000148020e+02,6.324063753368338022e-15
9.852000000000148248e+02,6.433903867891637468e-15
9.853000000000148475e+02,6.544746073100755461e-15
9.854000000000148702e+02,6.656597734013610441e-15
9.855000000000148930e+02,6.769466263286281540e-15
9.856000000000149157e+02,6.883359121492586417e-15
9.857000000000149385e+02,6.998283817382774775e-15
9.858000000000149612e+02,7.114247908149683720e-15
9.859000000000149839e+02,7.231258999897528614e-15
9.860000000000150067e+02,7.349324747698704999e-15
9.861000000000150294e+02,7.447207656386573914e-15
9.862000000000150521e+02,7.545929373368608870e-15
9.863000000000150749e+02,7.645495886236885029e-15
9.864000000000150976e+02,7.745913220628200595e-15
9.865000000000151203e+02,7.847187440484074324e-15
9.866000000000151431e+02,7.949324648132774436e-15
9.867000000000151658e+02,8.052330984746436691e-15
9.868000000000151886e+02,8.156212630541998302e-15
9.869000000000152113e+02,8.260975804725591134e-15
9.870000000000152340e+02,8.366626766016501535e-15
9.871000000000152568e+02,8.444844250597858945e-15
9.872000000000152795e+02,8.523654639046708457e-15
9.873000000000153022e+02,8.603061901960788194e-15
9.874000000000153250e+02,8.683070034246728651e-15
9.875000000000153477e+02,8.763683055194404406e-15
9.876000000000153705e+02,8.844905008747620696e-15
9.877000000000153932e+02,8.926739963254080802e-15
9.878000000000154159e+02,9.009192011977602897e-15
9.879000000000154387e+02,9.092265273126402290e-15
9.880000000000154614e+02,9.175963889925925372e-15
9.881000000000154841e+02,9.226413677649151216e-15
9.882000000000155069e+02,9.277130416064188411e-15
9.883000000000155296e+02,9.328115461263617744e-15
9.884000000000155524e+02,9.379370175934344967e-15
9.885000000000155751e+02,9.430895929388172314e-15
9.886000000000155978e+02,9.482694097592571961e-15
9.887000000000156206e+02,9.534766063294961599e-15
9.888000000000156433e+02,9.587113215999759625e-15
9.889000000000156660e+02,9.639736951646881724e-15
9.890000000000156888e+02,9.692638673205628488e-15
9.891000000000157115e+02,9.708858433369415082e-15
9.892000000000157343e+02,9.724959918596409940e-15
9.893000000000157570e+02,9.740941445171248895e-15
9.894000000000157797e+02,9.756801315584351930e-15
9.895000000000158025e+02,9.772537818695756972e-15
9.896000000000158252e+02,9.788149229457679079e-15
9.897000000000158479e+02,9.803633808788649272e-15
9.898000000000158707e+02,9.818989803551536862e-15
9.899000000000158934e+02,9.834215446535339386e-15
9.900000000000159162e+02,9.849308956001709076e-15
9.901000000000159389e+02,9.827488199007783572e-15
9.902000000000159616e+02,9.805135409386887691e-15
9.903000000000159844e+02,9.782245683469796742e-15
9.904000000000160071e+02,9.758814082559787139e-15
9.905000000000160298e+02,9.734835632715093804e-15
9.906000000000160526e+02,9.710305324597570362e-15
9.907000000000160753e+02,9.685218113061948195e-15
9.908000000000160981e+02,9.659568917272893940e-15
9.909000000000161208e+02,9.633352619953087781e-15
9.910000000000161435e+02,9.606564067634322606e-15
9.911000000000161663e+02,9.546512755688530505e-15
9.912000000000161890e+02,9.485527160742104972e-15
9.913000000000162117e+02,9.423599291652522843e-15
9.914000000000162345e+02,9.360721102104969796e-15
9.915000000000162572e+02,9.296884490074539165e-15
9.916000000000162800e+02,9.232081297580115223e-15
9.917000000000163027e+02,9.166303310343657851e-15
9.918000000000163254e+02,9.099542257449040703e-15
9.919000000000163482e+02,9.031789810998036854e-15
9.920000000000163709e+02,8.963037585761235230e-15
9.921000000000163936e+02,8.868512251537747670e-15
9.922000000000164164e+02,8.772704513466001514e-15
9.923000000000164391e+02,8.675603757153452337e-15
9.924000000000164619e+02,8.577199295986150236e-15
9.925000000000164846e+02,8.477480370547450322e-15
9.926000000000165073e+02,8.376436148517456617e-15
9.927000000000165301e+02,8.274055723969998684e-15
9.928000000000165528e+02,8.170328116911439875e-15
9.929000000000165755e+02,8.065242272835597272e-15
9.930000000000165983e+02,7.958787062312243446e-15
9.931000000000166210e+02,7.837475807698819838e-15
9.932000000000166438e+02,7.714628772157230780e-15
9.933000000000166665e+02,7.590233490659402167e-15
9.934000000000166892e+02,7.464277414173973833e-15
9.935000000000167120e+02,7.336747909247867209e-15
9.936000000000167347e+02,7.207632257297930837e-15
9.937000000000167574e+02,7.076917654204159505e-15
9.938000000000167802e+02,6.944591209870532231e-15
9.939000000000168029e+02,6.810639947659359544e-15
9.940000000000168257e+02,6.675050803880220741e-15
9.941000000000168484e+02,6.571701765518370314e-15
9.942000000000168711e+02,6.467051172413710672e-15
9.943000000000168939e+02,6.361088495286216549e-15
9.944000000000169166e+02,6.253803134108543201e-15
9.945000000000169393e+02,6.145184417684455984e-15
9.946000000000169621e+02,6.035221603224352188e-15
9.947000000000169848e+02,5.923903875919658748e-15
9.948000000000170076e+02,5.811220348513776318e-15
9.949000000000170303e+02,5.697160060871051983e-15
9.950000000000170530e+02,5.581711979696973453e-15
9.951000000000170758e+02,5.767301901787993583e-15
9.952000000000170985e+02,5.954704242874622088e-15
9.953000000000171212e+02,6.143932497025778210e-15
9.954000000000171440e+02,6.335000245195036144e-15
9.955000000000171667e+02,6.527921155610063579e-15
9.956000000000171894e+02,6.722708984473677646e-15
9.957000000000172122e+02,6.919377576396726036e-15
9.958000000000172349e+02,7.117940864910287280e-15
9.959000000000172577e+02,7.318412872981159801e-15
9.960000000000172804e+02,7.520807713529201624e-15
9.961000000000173031e+02,7.727719375372896311e-15
9.962000000000173259e+02,7.936608463149298869e-15
9.963000000000173486e+02,8.147489551681675799e-15
9.964000000000173713e+02,8.360377309154024059e-15
9.965000000000173941e+02,8.575286497497855872e-15
9.966000000000174168e+02,8.792231972919930901e-15
9.967000000000174396e+02,9.011228686428297096e-15
9.968000000000174623e+02,9.232291684572007140e-15
9.969000000000174850e+02,9.455436109645255148e-15
9.970000000000175078e+02,9.680677200483842185e-15
9.971000000000175305e+02,9.899064831161173559e-15
9.972000000000175532e+02,1.011948317266066250e-14
9.973000000000175760e+02,1.034194700406311457e-14
9.974000000000175987e+02,1.056647119798284527e-14
9.975000000000176215e+02,1.079307072129507447e-14
9.976000000000176442e+02,1.102176063573995876e-14
9.977000000000176669e+02,1.125255609834819930e-14
9.978000000000176897e+02,1.148547236195948278e-14
9.979000000000177124e+02,1.172052477592083311e-14
9.980000000000177351e+02,1.195772878656544218e-14
9.981000000000177579e+02,1.217478429158764589e-14
9.982000000000177806e+02,1.239378491353832191e-14
9.983000000000178034e+02,1.261474456818541513e-14
9.984000000000178261e+02,1.283767725858138402e-14
9.985000000000178488e+02,1.306259707555873621e-14
9.986000000000178716e+02,1.328951819822955254e-14
9.987000000000178943e+02,1.351845489448606669e-14
9.988000000000179170e+02,1.374942152150543987e-14
9.989000000000179398e+02,1.398243252625529290e-14
9.990000000000179625e+02,1.421750244599768101e-14
9.991000000000179853e+02,1.441807997122281032e-14
9.992000000000180080e+02,1.462035881941420787e-14
9.993000000000180307e+02,1.482435085052866088e-14
9.994000000000180535e+02,1.503006799786959638e-14
9.995000000000180762e+02,1.523752226840846635e-14
9.996000000000180989e+02,1.544672574313282779e-14
9.997000000000181217e+02,1.565769057746003721e-14
9.998000000000181444e+02,1.587042900192367951e-14
9.999000000000181672e+02,1.608495332240108176e-14
1.000000000000018190e+03,1.630127591977600575e-14
1.000100000000018213e+03,1.646916212883265230e-14
1.000200000000018235e+03,1.663834334731105311e-14
1.000300000000018258e+03,1.680882818491566620e-14
1.000400000000018281e+03,1.698062530284792833e-14
1.000500000000018304e+03,1.715374341417496225e-14
1.000600000000018326e+03,1.732819128416402223e-14
1.000700000000018349e+03,1.750397773053219053e-14
1.000800000000018372e+03,1.768111162373336192e-14
1.000900000000018395e+03,1.785960188724873696e-14
1.001000000000018417e+03,1.803945749786558647e-14
1.001100000000018440e+03,1.815900753481445800e-14
1.001200000000018463e+03,1.827929524978530471e-14
1.001300000000018485e+03,1.840032491202590119e-14
1.001400000000018508e+03,1.852210081202932418e-14
1.001500000000018531e+03,1.864462726462552369e-14
1.001600000000018554e+03,1.876790860811176475e-14
1.001700000000018576e+03,1.889194920412709128e-14
1.001800000000018599e+03,1.901675343820408064e-14
1.001900000000018622e+03,1.914232572006093040e-14
1.002000000000018645e+03,1.926867048306044810e-14
1.002100000000018667e+03,1.932653501431067873e-14
1.002200000000018690e+03,1.938445760991767041e-14
1.002300000000018713e+03,1.944243733374509361e-14
1.002400000000018736e+03,1.950047323962877678e-14
1.002500000000018758e+03,1.955856437090017751e-14
1.002600000000018781e+03,1.961670975999650225e-14
1.002700000000018804e+03,1.967490842967742643e-14
1.002800000000018827e+03,1.973315939148459429e-14
1.002900000000018849e+03,1.979146164617920944e-14
1.003000000000018872e+03,1.984981418365258123e-14
1.003100000000018895e+03,1.983688166645942689e-14
1.003200000000018917e+03,1.982325413071160663e-14
1.003300000000018940e+03,1.980892495483437543e-14
1.003400000000018963e+03,1.979388747286810806e-14
1.003500000000018986e+03,1.977813497056505325e-14
1.003600000000019008e+03,1.976166068633163114e-14
1.003700000000019031e+03,1.974445781014829971e-14
1.003800000000019054e+03,1.972651948467608682e-14
1.003900000000019077e+03,1.970783880435219590e-14
1.004000000000019099e+03,1.968840881550115011e-14
1.004100000000019122e+03,1.960145233883388709e-14
1.004200000000019145e+03,1.951303851036956311e-14
1.004300000000019168e+03,1.942315503413127636e-14
1.004400000000019190e+03,1.933178953135648360e-14
1.004500000000019213e+03,1.923892954000926961e-14
1.004600000000019236e+03,1.914456251429147113e-14
1.004700000000019259e+03,1.904867582414939899e-14
1.004800000000019281e+03,1.895125675478007427e-14
1.004900000000019304e+03,1.885229250579699214e-14
1.005000000000019327e+03,1.875177019139031426e-14
1.005100000000019349e+03,1.859452833481863688e-14
1.005200000000019372e+03,1.843513067859716010e-14
1.005300000000019395e+03,1.827355980832660386e-14
1.005400000000019418e+03,1.810979819505421099e-14
1.005500000000019440e+03,1.794382819521204568e-14
1.005600000000019463e+03,1.777563204826415586e-14
1.005700000000019486e+03,1.760519187677309630e-14
1.005800000000019509e+03,1.743248968596341398e-14
1.005900000000019531e+03,1.725750736271912262e-14
1.006000000000019554e+03,1.708022667439276887e-14
1.006100000000019577e+03,1.686388807241269867e-14
1.006200000000019600e+03,1.664483447290642342e-14
1.006300000000019622e+03,1.642304445510984998e-14
1.006400000000019645e+03,1.619849645953618359e-14
1.006500000000019668e+03,1.597116878598875251e-14
1.006600000000019691e+03,1.574103959290263733e-14
1.006700000000019713e+03,1.550808689680120895e-14
1.006800000000019736e+03,1.527228857149157877e-14
1.006900000000019759e+03,1.503362234630581437e-14
1.007000000000019782e+03,1.479206580651601606e-14
1.007100000000019804e+03,1.453454570684925431e-14
1.007200000000019827e+03,1.427395584525203680e-14
1.007300000000019850e+03,1.401027237529950124e-14
1.007400000000019872e+03,1.374347129644029338e-14
1.007500000000019895e+03,1.347352845311341206e-14
1.007600000000019918e+03,1.320041953386005430e-14
1.007700000000019941e+03,1.292412007043052385e-14
1.007800000000019963e+03,1.264460543688861526e-14
1.007900000000019986e+03,1.236185084870807159e-14
1.008000000000020009e+03,1.207583136194249601e-14
1.008100000000020032e+03,1.216262229611275378e-14
1.008200000000020054e+03,1.224997417764351449e-14
1.008300000000020077e+03,1.233789034272695226e-14
1.008400000000020100e+03,1.242637414536565838e-14
1.008500000000020123e+03,1.251542895809570961e-14
1.008600000000020145e+03,1.260505817262370019e-14
1.008700000000020168e+03,1.269526519832348379e-14
1.008800000000020191e+03,1.278605346389992216e-14
1.008900000000020214e+03,1.287742641698668125e-14
1.009000000000020236e+03,1.296938752453394527e-14
1.009100000000020259e+03,1.335386201106513898e-14
1.009200000000020282e+03,1.374193301651118128e-14
1.009300000000020304e+03,1.413362628129861251e-14
1.009400000000020327e+03,1.452896770538880855e-14
1.009500000000020350e+03,1.492798334836924567e-14
1.009600000000020373e+03,1.533069943195128661e-14
1.009700000000020395e+03,1.573714233949653116e-14
1.009800000000020418e+03,1.614733861716908947e-14
1.009900000000020441e+03,1.656131497471436451e-14
1.010000000000020464e+03,1.697909828646132819e-14
1.010100000000020486e+03,1.739709888174436594e-14
1.010200000000020509e+03,1.781892295767916008e-14
1.010300000000020532e+03,1.824459760524663058e-14
1.010400000000020555e+03,1.867415008266517438e-14
1.010500000000020577e+03,1.910760781466661721e-14
1.010600000000020600e+03,1.954499839454668086e-14
1.010700000000020623e+03,1.998634958521626653e-14
1.010800000000020646e+03,2.043168931974113038e-14
1.010900000000020668e+03,2.088104570189656948e-14
1.011000000000020691e+03,2.133444700917638340e-14
1.011100000000020714e+03,2.176524765040136971e-14
1.011200000000020736e+03,2.219987664200387350e-14
1.011300000000020759e+03,2.263836076193473854e-14
1.011400000000020782e+03,2.308072695148724065e-14
1.011500000000020805e+03,2.352700231619748402e-14
1.011600000000020827e+03,2.397721412674432432e-14
1.011700000000020850e+03,2.443138981929468777e-14
1.011800000000020873e+03,2.488955699810708353e-14
1.011900000000020896e+03,2.535174343477900517e-14
1.012000000000020918e+03,2.581797706970890760e-14
1.012100000000020941e+03,2.623590069456330955e-14
1.012200000000020964e+03,2.665739225886651678e-14
1.012300000000020987e+03,2.708247627237130377e-14
1.012400000000021009e+03,2.751117739269560907e-14
1.012500000000021032e+03,2.794352042612930650e-14
1.012600000000021055e+03,2.837953032845014610e-14
1.012700000000021078e+03,2.881923220573640393e-14
1.012800000000021100e+03,2.926265131518953456e-14
1.012900000000021123e+03,2.970981306595813322e-14
1.013000000000021146e+03,3.016074301995113139e-14
1.013100000000021168e+03,3.053670079366375171e-14
1.013200000000021191e+03,3.091567516219221129e-14
1.013300000000021214e+03,3.129768625554522027e-14
1.013400000000021237e+03,3.168275432306110212e-14
1.013500000000021259e+03,3.207089973624518124e-14
1.013600000000021282e+03,3.246214298282714222e-14
1.013700000000021305e+03,3.285650467367988908e-14
1.013800000000021328e+03,3.325400554234756661e-14
1.013900000000021350e+03,3.365466644454901344e-14
1.014000000000021373e+03,3.405850835963262986e-14
1.014100000000021396e+03,3.436228940776818727e-14
1.014200000000021419e+03,3.466824341711980853e-14
1.014300000000021441e+03,3.497638404984591874e-14
1.014400000000021464e+03,3.528672504598469315e-14
1.014500000000021487e+03,3.559928022496992592e-14
1.014600000000021510e+03,3.591406348554277873e-14
1.014700000000021532e+03,3.623108880590859365e-14
1.014800000000021555e+03,3.655037024322701135e-14
1.014900000000021578e+03,3.687192193476929315e-14
1.015000000000021600e+03,3.719575809831591323e-14
1.015100000000021623e+03,3.739907815653656518e-14
1.015200000000021646e+03,3.760346512529537687e-14
1.015300000000021669e+03,3.780892436478265211e-14
1.015400000000021691e+03,3.801546126150378190e-14
1.015500000000021714e+03,3.822308122794913444e-14
1.015600000000021737e+03,3.843178970256156045e-14
1.015700000000021760e+03,3.864159214985289839e-14
1.015800000000021782e+03,3.885249406052506782e-14
1.015900000000021805e+03,3.906450095158713634e-14
1.016000000000021828e+03,3.927761836644854400e-14
1.016100000000021851e+03,3.935741446175637424e-14
1.016200000000021873e+03,3.943697133715671151e-14
1.016300000000021896e+03,3.951628470224453173e-14
1.016400000000021919e+03,3.959535023211908464e-14
1.016500000000021942e+03,3.967416356716216708e-14
1.016600000000021964e+03,3.975272031282449315e-14
1.016700000000021987e+03,3.983101603940122858e-14
1.016800000000022010e+03,3.990904627984056037e-14
1.016900000000022033e+03,3.998680653756725321e-14
1.017000000000022055e+03,4.006429227393405608e-14
1.017100000000022078e+03,4.000605979683731220e-14
1.017200000000022101e+03,3.994617587107588494e-14
1.017300000000022123e+03,3.988462591247363879e-14
1.017400000000022146e+03,3.982139523871904987e-14
1.017500000000022169e+03,3.975646906880129656e-14
1.017600000000022192e+03,3.968983252243605082e-14
1.017700000000022214e+03,3.962147062136443549e-14
1.017800000000022237e+03,3.955136828400662997e-14
1.017900000000022260e+03,3.947951032796382772e-14
1.018000000000022283e+03,3.940588147005663805e-14
1.018100000000022305e+03,3.920648318414546706e-14
1.018200000000022328e+03,3.900403409658006129e-14
1.018300000000022351e+03,3.879850956480912910e-14
1.018400000000022374e+03,3.858988478414709991e-14
1.018500000000022396e+03,3.837813478859087927e-14
1.018600000000022419e+03,3.816323444968614210e-14
1.018700000000022442e+03,3.794515848119750915e-14
1.018800000000022465e+03,3.772388142982104779e-14
1.018900000000022487e+03,3.749937767809200696e-14
1.019000000000022510e+03,3.727162144364859540e-14
1.019100000000022533e+03,3.694061913702086096e-14
1.019200000000022555e+03,3.660530779379507927e-14
1.019300000000022578e+03,3.626565386870262793e-14
1.019400000000022601e+03,3.592162360282373498e-14
1.019500000000022624e+03,3.557318302240274862e-14
1.019600000000022646e+03,3.522029793909845227e-14
1.019700000000022669e+03,3.486293394803177268e-14
1.019800000000022692e+03,3.450105641998812965e-14
1.019900000000022715e+03,3.413463050975343025e-14
1.020000000000022737e+03,3.376362115338331631e-14
1.020100000000022760e+03,3.332400045599608861e-14
1.020200000000022783e+03,3.287908229193051991e-14
1.020300000000022806e+03,3.242882627269021005e-14
1.020400000000022828e+03,3.197319175453267768e-14
1.020500000000022851e+03,3.151213783759813599e-14
1.020600000000022874e+03,3.104562336733584156e-14
1.020700000000022897e+03,3.057360692869154638e-14
1.020800000000022919e+03,3.009604684639030127e-14
1.020900000000022942e+03,2.961290118349277103e-14
1.021000000000022965e+03,2.912412773993505289e-14
1.021100000000022987e+03,2.861092659682276595e-14
1.021200000000023010e+03,2.809182184005336511e-14
1.021300000000023033e+03,2.756676907586023214e-14
1.021400000000023056e+03,2.703572363282544652e-14
1.021500000000023078e+03,2.649864056028864351e-14
1.021600000000023101e+03,2.595547462680284738e-14
1.021700000000023124e+03,2.540618031857843058e-14
1.021800000000023147e+03,2.485071183792141534e-14
1.021900000000023169e+03,2.428902310166434094e-14
1.022000000000023192e+03,2.372106773978647973e-14
1.022100000000023215e+03,2.401415253456757591e-14
1.022200000000023238e+03,2.430955147435431626e-14
1.022300000000023260e+03,2.460727972592688180e-14
1.022400000000023283e+03,2.490735254800039525e-14
1.022500000000023306e+03,2.520978528612178608e-14
1.022600000000023329e+03,2.551459337500441496e-14
1.022700000000023351e+03,2.582179233899895112e-14
1.022800000000023374e+03,2.613139779256859794e-14
1.022900000000023397e+03,2.644342544076378526e-14
1.023000000000023419e+03,2.675789107980618519e-14
1.023100000000023442e+03,2.751835668855256640e-14
1.023200000000023465e+03,2.828572079591230807e-14
1.023300000000023488e+03,2.906003128242471108e-14
1.023400000000023510e+03,2.984133631749541212e-14
1.023500000000023533e+03,3.062968435949729797e-14
1.023600000000023556e+03,3.142512415618415889e-14
1.023700000000023579e+03,3.222770474723021804e-14
1.023800000000023601e+03,3.303747546838280891e-14
1.023900000000023624e+03,3.385448594872957811e-14
1.024000000000023647e+03,3.467878611398891256e-14
1.024100000000023556e+03,3.550159877202927949e-14
1.024200000000023692e+03,3.633171373955654556e-14
1.024300000000023829e+03,3.716918120973613709e-14
1.024400000000023738e+03,3.801405167316132989e-14
1.024500000000023647e+03,3.886637592165084471e-14
1.024600000000023783e+03,3.972620505457949375e-14
1.024700000000023920e+03,4.059359046832957058e-14
1.024800000000023829e+03,4.146858386756232192e-14
1.024900000000023738e+03,4.235123726425329698e-14
1.025000000000023874e+03,4.324160297677952808e-14
1.025100000000024011e+03,4.408802942876841886e-14
1.025200000000023920e+03,4.494175855249289145e-14
1.025300000000023829e+03,4.580283991237387121e-14
1.025400000000023965e+03,4.667132336595042183e-14
1.025500000000024102e+03,4.754725906543984716e-14
1.025600000000024011e+03,4.843069745931826554e-14
1.025700000000023920e+03,4.932168929301213786e-14
1.025800000000024056e+03,5.022028561179988103e-14
1.025900000000024193e+03,5.112653776117912372e-14
1.026000000000024102e+03,5.204049739059363237e-14
1.026100000000024011e+03,5.286286030979009913e-14
1.026200000000024147e+03,5.369204735145914826e-14
1.026300000000024284e+03,5.452810402121388611e-14
1.026400000000024193e+03,5.537107609587919293e-14
1.026500000000024102e+03,5.622100961024683665e-14
1.026600000000024238e+03,5.707795087257068267e-14
1.026700000000024374e+03,5.794194646173566773e-14
1.026800000000024284e+03,5.881304322850158107e-14
1.026900000000024193e+03,5.969128829732676575e-14
1.027000000000024329e+03,6.057672907251022118e-14
1.027100000000024465e+03,6.132077550473884532e-14
1.027200000000024374e+03,6.207063992567642140e-14
1.027300000000024284e+03,6.282636006282096458e-14
1.027400000000024420e+03,6.358797386063177565e-14
1.027500000000024556e+03,6.435551948165021679e-14
1.027600000000024465e+03,6.512903530364782161e-14
1.027700000000024374e+03,6.590855993197218288e-14
1.027800000000024511e+03,6.669413219096761689e-14
1.027900000000024647e+03,6.748579112699444333e-14
1.028000000000024556e+03,6.828357601021164690e-14
1.028100000000024465e+03,6.889307296512438932e-14
1.028200000000024602e+03,6.950685347138810366e-14
1.028300000000024738e+03,7.012494382086815566e-14
1.028400000000024647e+03,7.074737045150800543e-14
1.028500000000024556e+03,7.137415994808041758e-14
1.028600000000024693e+03,7.200533904012440697e-14
1.028700000000024829e+03,7.264093459857229663e-14
1.028800000000024738e+03,7.328097366535138881e-14
1.028900000000024647e+03,7.392548342005707816e-14
1.029000000000024784e+03,7.457449119283584649e-14
1.029100000000024920e+03,7.499607561207958924e-14
1.029200000000024829e+03,7.541992862817292622e-14
1.029300000000024738e+03,7.584606184653811918e-14
1.029400000000024875e+03,7.627448692555308182e-14
1.029500000000025011e+03,7.670521558329289676e-14
1.029600000000024920e+03,7.713825960013213513e-14
1.029700000000024829e+03,7.757363080986192936e-14
1.029800000000024966e+03,7.801134110439583771e-14
1.029900000000025102e+03,7.845140244756298255e-14
1.030000000000025011e+03,7.889382683061950124e-14
1.030100000000024920e+03,7.908329534997566272e-14
1.030200000000025057e+03,7.927264477496596280e-14
1.030300000000025193e+03,7.946186960026221820e-14
1.030400000000025102e+03,7.965096427350350017e-14
1.030500000000025011e+03,7.983992319499080118e-14
1.030600000000025148e+03,8.002874071740561982e-14
1.030700000000025284e+03,8.021741114549420184e-14
1.030800000000025193e+03,8.040592873577081493e-14
1.030900000000025102e+03,8.059428769622125052e-14
1.031000000000025238e+03,8.078248218592153267e-14
1.031100000000025375e+03,8.071047529530732879e-14
1.031200000000025284e+03,8.063574585556969719e-14
1.031300000000025193e+03,8.055826995359154823e-14
1.031400000000025329e+03,8.047802351233578469e-14
1.031500000000025466e+03,8.039498230777950746e-14
1.031600000000025375e+03,8.030912195467006536e-14
1.031700000000025284e+03,8.022041790564540579e-14
1.031800000000025420e+03,8.012884545421536310e-14
1.031900000000025557e+03,8.003437972545124454e-14
1.032000000000025466e+03,7.993699568295111864e-14
1.032100000000025375e+03,7.959460698701099695e-14
1.032200000000025511e+03,7.924688492487809092e-14
1.032300000000025648e+03,7.889378736818185557e-14
1.032400000000025557e+03,7.853527192327655420e-14
1.032500000000025466e+03,7.817129592978325409e-14
1.032600000000025602e+03,7.780181645911887234e-14
1.032700000000025739e+03,7.742679031350980940e-14
1.032800000000025648e+03,7.704617402830658055e-14
1.032900000000025557e+03,7.665992386454216916e-14
1.033000000000025693e+03,7.626799579767583983e-14
1.033100000000025830e+03,7.566761425401694259e-14
1.033200000000025739e+03,7.505949045736045044e-14
1.033300000000025648e+03,7.444356572425443853e-14
1.033400000000025784e+03,7.381978100879158623e-14
1.033500000000025921e+03,7.318807690064857384e-14
1.033600000000025830e+03,7.254839362310807374e-14
1.033700000000025739e+03,7.190067103106365183e-14
1.033800000000025875e+03,7.124484860903524587e-14
1.033900000000026012e+03,7.058086546915885759e-14
1.034000000000025921e+03,6.990866034913694064e-14
1.034100000000025830e+03,6.908817397919969383e-14
1.034200000000025966e+03,6.825798159522727928e-14
1.034300000000026102e+03,6.741801129375482774e-14
1.034400000000026012e+03,6.656819073782135051e-14
1.034500000000025921e+03,6.570844714646751434e-14
1.034600000000026057e+03,6.483870728819117558e-14
1.034700000000026193e+03,6.395889750623408304e-14
1.034800000000026102e+03,6.306894368598209375e-14
1.034900000000026012e+03,6.216877126036936246e-14
1.035000000000026148e+03,6.125830520907202479e-14
1.035100000000026284e+03,6.027803798439326063e-14
1.035200000000026193e+03,5.928675085482147552e-14
1.035300000000026102e+03,5.828436343051998920e-14
1.035400000000026239e+03,5.727079483504851003e-14
1.035500000000026375e+03,5.624596370759831247e-14
1.035600000000026284e+03,5.520978818807679583e-14
1.035700000000026193e+03,5.416218592212412215e-14
1.035800000000026330e+03,5.310307406070819608e-14
1.035900000000026466e+03,5.203236925504790950e-14
1.036000000000026375e+03,5.094998765419702465e-14
1.036100000000026284e+03,5.081981480245807171e-14
1.036200000000026421e+03,5.068713580165413508e-14
1.036300000000026557e+03,5.055193030960613532e-14
1.036400000000026466e+03,5.041417785532772072e-14
1.036500000000026375e+03,5.027385783831661778e-14
1.036600000000026512e+03,5.013094952784589965e-14
1.036700000000026648e+03,4.998543206224872276e-14
1.036800000000026557e+03,4.983728444820796708e-14
1.036900000000026466e+03,4.968648556661745369e-14
1.037000000000026603e+03,4.953301415269928624e-14
1.037100000000026739e+03,5.097571733228938206e-14
1.037200000000026648e+03,5.243115966071413985e-14
1.037300000000026557e+03,5.389942681990277611e-14
1.037400000000026694e+03,5.538060498865631087e-14
1.037500000000026830e+03,5.687478084522298400e-14
1.037600000000026739e+03,5.838204156990781971e-14
1.037700000000026648e+03,5.990247484768334588e-14
1.037800000000026785e+03,6.143616887081253142e-14
1.037900000000026921e+03,6.298321234147183707e-14
1.038000000000026830e+03,6.454369447441109028e-14
1.038100000000026739e+03,6.612464449601384795e-14
1.038200000000026876e+03,6.771927812622224269e-14
1.038300000000027012e+03,6.932768656907725803e-14
1.038400000000026921e+03,7.094996155437550121e-14
1.038500000000026830e+03,7.258619534039837167e-14
1.038600000000026967e+03,7.423648071663995460e-14
1.038700000000027103e+03,7.590091100655171426e-14
1.038800000000027012e+03,7.757958007030776057e-14
1.038900000000026921e+03,7.927258230759335260e-14
1.039000000000027057e+03,8.098001266035952508e-14
1.039100000000027194e+03,8.263429376057061196e-14
1.039200000000027103e+03,8.430254108798709163e-14
1.039300000000027012e+03,8.598484669482851024e-14
1.039400000000027148e+03,8.768130316019263089e-14
1.039500000000027285e+03,8.939200359275307291e-14
1.039600000000027194e+03,9.111704163350139236e-14
1.039700000000027103e+03,9.285651145849457726e-14
1.039800000000027239e+03,9.461050778159586595e-14
1.039900000000027376e+03,9.637912585723416988e-14
1.040000000000027285e+03,9.816246148315350000e-14
1.040100000000027194e+03,9.980782114573131170e-14
1.040200000000027330e+03,1.014666221705933398e-13
1.040300000000027467e+03,1.031389518484103575e-13
1.040400000000027376e+03,1.048248979576761391e-13
1.040500000000027285e+03,1.065245487772061592e-13
1.040600000000027421e+03,1.082379931013316600e-13
1.040700000000027558e+03,1.099653202161286215e-13
1.040800000000027467e+03,1.117066199129227825e-13
1.040900000000027376e+03,1.134619824908697331e-13
1.041000000000027512e+03,1.152314987764185368e-13
1.041100000000027649e+03,1.167711060429215624e-13
1.041200000000027558e+03,1.183227088811304053e-13
1.041300000000027467e+03,1.198863835182500939e-13
1.041400000000027603e+03,1.214622066081057740e-13
1.041500000000027740e+03,1.230502552332917934e-13
1.041600000000027649e+03,1.246506069073584240e-13
1.041700000000027558e+03,1.262633395769982309e-13
1.041800000000027694e+03,1.278885316242320123e-13
1.041900000000027831e+03,1.295262618686037263e-13
1.042000000000027740e+03,1.311766095693079157e-13
1.042100000000027649e+03,1.325066931880899774e-13
1.042200000000027785e+03,1.338463691023878562e-13
1.042300000000027921e+03,1.351956960186257879e-13
1.042400000000027831e+03,1.365547329643216853e-13
1.042500000000027740e+03,1.379235392897004278e-13
1.042600000000027876e+03,1.393021746693001589e-13
1.042700000000028012e+03,1.406906991035643465e-13
1.042800000000027921e+03,1.420891729367605373e-13
1.042900000000027831e+03,1.434976568238721046e-13
1.043000000000027967e+03,1.449162117645907569e-13
1.043100000000028103e+03,1.459339149759382514e-13
1.043200000000028012e+03,1.469578902545389847e-13
1.043300000000027921e+03,1.479881727317077276e-13
1.043400000000028058e+03,1.490247976714500728e-13
1.043500000000028194e+03,1.500678005445867337e-13
1.043600000000028103e+03,1.511172170047816394e-13
1.043700000000028012e+03,1.521730828894335619e-13
1.043800000000028149e+03,1.532354342205361640e-13
1.043900000000028285e+03,1.543043072055629622e-13
1.044000000000028194e+03,1.553797382382266023e-13
1.044100000000028103e+03,1.559933444380709230e-13
1.044200000000028240e+03,1.566091225526021079e-13
1.044300000000028376e+03,1.572270790033622686e-13
1.044400000000028285e+03,1.578472202490573723e-13
1.044500000000028194e+03,1.584695527810327647e-13
1.044600000000028331e+03,1.590940831036804910e-13
1.044700000000028467e+03,1.597208177344357107e-13
1.044800000000028376e+03,1.603497632037734921e-13
1.044900000000028285e+03,1.609809260551861685e-13
1.045000000000028422e+03,1.616143128450519205e-13
1.045100000000028558e+03,1.617534712854133639e-13
1.045200000000028467e+03,1.618901514050568348e-13
1.045300000000028376e+03,1.620243276352085825e-13
1.045400000000028513e+03,1.621559742339535950e-13
1.045500000000028649e+03,1.622850652852885619e-13
1.045600000000028558e+03,1.624115746981255367e-13
1.045700000000028467e+03,1.625354762053273556e-13
1.045800000000028604e+03,1.626567433627176864e-13
1.045900000000028740e+03,1.627753495480828987e-13
1.046000000000028649e+03,1.628912679600460248e-13
1.046100000000028558e+03,1.625172083734487680e-13
1.046200000000028695e+03,1.621357896275699738e-13
1.046300000000028831e+03,1.617469529567807515e-13
1.046400000000028740e+03,1.613506392341086039e-13
1.046500000000028649e+03,1.609467889662436216e-13
1.046600000000028786e+03,1.605353422915900856e-13
1.046700000000028922e+03,1.601162389782929007e-13
1.046800000000028831e+03,1.596894184222472688e-13
1.046900000000028740e+03,1.592548196648143580e-13
1.047000000000028876e+03,1.588123813476569090e-13
1.047100000000029013e+03,1.579244250056935839e-13
1.047200000000028922e+03,1.570243683757072291e-13
1.047300000000028831e+03,1.561121208831912264e-13
1.047400000000028967e+03,1.551875913724944183e-13
1.047500000000029104e+03,1.542506882092004609e-13
1.047600000000029013e+03,1.533013191727472441e-13
1.047700000000028922e+03,1.523393914875484521e-13
1.047800000000029058e+03,1.513648118204759983e-13
1.047900000000029195e+03,1.503774862779430833e-13
1.048000000000029104e+03,1.493773204028596204e-13
1.048100000000029013e+03,1.480192690630476149e-13
1.048200000000029149e+03,1.466449342700717457e-13
1.048300000000029286e+03,1.452541978412955505e-13
1.048400000000029195e+03,1.438469408923793061e-13
1.048500000000029104e+03,1.424230438336020682e-13
1.048600000000029240e+03,1.409823863662000952e-13
1.048700000000029377e+03,1.395248474887563431e-13
1.048800000000029286e+03,1.380503054871329603e-13
1.048900000000029195e+03,1.365586378888879758e-13
1.049000000000029331e+03,1.350497215218605781e-13
1.049100000000029468e+03,1.333078369884236304e-13
1.049200000000029377e+03,1.315464283868389266e-13
1.049300000000029286e+03,1.297653566889834299e-13
1.049400000000029422e+03,1.279644820427149428e-13
1.049500000000029559e+03,1.261436637653045178e-13
1.049600000000029468e+03,1.243027603481826234e-13
1.049700000000029377e+03,1.224416294526547837e-13
1.049800000000029513e+03,1.205601279056196922e-13
1.049900000000029650e+03,1.186581116952569818e-13
1.050000000000029559e+03,1.167354359666736475e-13
1.050100000000029468e+03,1.147362259565633336e-13
1.050200000000029604e+03,1.127155356028435286e-13
1.050300000000029740e+03,1.106732138878098544e-13
1.050400000000029650e+03,1.086091089139280998e-13
1.050500000000029559e+03,1.065230678992627400e-13
1.050600000000029695e+03,1.044149371932104962e-13
1.050700000000029831e+03,1.022845622220374286e-13
1.050800000000029740e+03,1.001317875205076778e-13
1.050900000000029650e+03,9.795645671901518645e-14
1.051000000000029786e+03,9.575841252753839490e-14
1.051100000000029922e+03,9.695415905920435986e-14
1.051200000000029831e+03,9.815892885755074657e-14
1.051300000000029740e+03,9.937277776474366865e-14
1.051400000000029877e+03,1.005957619277249184e-13
1.051500000000030013e+03,1.018279377997116104e-13
1.051600000000029922e+03,1.030693621417116019e-13
1.051700000000029831e+03,1.043200920240579856e-13
1.051800000000029968e+03,1.055801848279224272e-13
1.051900000000030104e+03,1.068496982468424638e-13
1.052000000000030013e+03,1.081286902887637191e-13
1.052100000000029922e+03,1.110403428640889919e-13
1.052200000000030059e+03,1.139768005775780606e-13
1.052300000000030195e+03,1.169382247081508130e-13
1.052400000000030104e+03,1.199247775131839829e-13
1.052500000000030013e+03,1.229366219977759616e-13
1.052600000000030150e+03,1.259739221497450663e-13
1.052700000000030286e+03,1.290368428818051524e-13
1.052800000000030195e+03,1.321255500202501169e-13
1.052900000000030104e+03,1.352402103024182087e-13
1.053000000000030241e+03,1.383809914506915747e-13
1.053100000000030377e+03,1.415281368116912074e-13
1.053200000000030286e+03,1.447015584025217058e-13
1.053300000000030195e+03,1.479014255352773849e-13
1.053400000000030332e+03,1.511279084653396890e-13
1.053500000000030468e+03,1.543811783960803932e-13
1.053600000000030377e+03,1.576614074836265761e-13
1.053700000000030286e+03,1.609687688416151156e-13
1.053800000000030423e+03,1.643034365459820214e-13
1.053900000000030559e+03,1.676655856397264228e-13
1.054000000000030468e+03,1.710553921377274418e-13
1.054100000000030377e+03,1.743092795918435643e-13
1.054200000000030514e+03,1.775896508577165003e-13
1.054300000000030650e+03,1.808966746528656999e-13
1.054400000000030559e+03,1.842305206023207172e-13
1.054500000000030468e+03,1.875913592950886816e-13
1.054600000000030604e+03,1.909793622627500152e-13
1.054700000000030741e+03,1.943947019254821206e-13
1.054800000000030650e+03,1.978375517673924644e-13
1.054900000000030559e+03,2.013080861786599115e-13
1.055000000000030695e+03,2.048064805080305279e-13
1.055100000000030832e+03,2.080081125104110809e-13
1.055200000000030741e+03,2.112349290674590826e-13
1.055300000000030650e+03,2.144870881651645747e-13
1.055400000000030786e+03,2.177647486551023837e-13
1.055500000000030923e+03,2.210680702586767731e-13
1.055600000000030832e+03,2.243972136312232458e-13
1.055700000000030741e+03,2.277523402019559867e-13
1.055800000000030877e+03,2.311336123152406081e-13
1.055900000000031014e+03,2.345411932150580577e-13
1.056000000000030923e+03,2.379752470367568191e-13
1.056100000000030832e+03,2.409416825924148689e-13
1.056200000000030968e+03,2.439303225818013832e-13
1.056300000000031105e+03,2.469413031207663044e-13
1.056400000000031014e+03,2.499747610604280216e-13
1.056500000000030923e+03,2.530308339330048550e-13
1.056600000000031059e+03,2.561096601015431268e-13
1.056700000000031196e+03,2.592113786695384408e-13
1.056800000000031105e+03,2.623361294652825110e-13
1.056900000000031014e+03,2.654840530704888914e-13
1.057000000000031150e+03,2.686552908237485154e-13
1.057100000000031287e+03,2.711932196992157222e-13
1.057200000000031196e+03,2.737486518036183512e-13
1.057300000000031105e+03,2.763216901669913918e-13
1.057400000000031241e+03,2.789124383469719725e-13
1.057500000000031378e+03,2.815210004271403544e-13
1.057600000000031287e+03,2.841474811102792445e-13
1.057700000000031196e+03,2.867919856099860236e-13
1.057800000000031332e+03,2.894546196932522521e-13
1.057900000000031469e+03,2.921354897798018318e-13
1.058000000000031378e+03,2.948347026553502395e-13
1.058100000000031287e+03,2.967545153672439319e-13
1.058200000000031423e+03,2.986855030147604540e-13
1.058300000000031559e+03,3.006277251003353339e-13
1.058400000000031469e+03,3.025812414500944033e-13
1.058500000000031378e+03,3.045461122546594898e-13
1.058600000000031514e+03,3.065223979447082221e-13
1.058700000000031650e+03,3.085101592483846251e-13
1.058800000000031559e+03,3.105094571927056907e-13
1.058900000000031469e+03,3.125203531049213489e-13
1.059000000000031605e+03,3.145429086135858037e-13
1.059100000000031741e+03,3.156773505472278964e-13
1.059200000000031650e+03,3.168152773765399384e-13
1.059300000000031559e+03,3.179566967341684636e-13
1.059400000000031696e+03,3.191016162521314415e-13
1.059500000000031832e+03,3.202500435616581826e-13
1.059600000000031741e+03,3.214019862930698862e-13
1.059700000000031650e+03,3.225574519959032448e-13
1.059800000000031787e+03,3.237164483498526082e-13
1.059900000000031923e+03,3.248789830092062088e-13
1.060000000000031832e+03,3.260450635989893006e-13
1.060100000000031741e+03,3.262674294062544646e-13
1.060200000000031878e+03,3.264846483574156444e-13
1.060300000000032014e+03,3.266966706528700372e-13
1.060400000000031923e+03,3.269034461703134777e-13
1.060500000000031832e+03,3.271049244630023185e-13
1.060600000000031969e+03,3.273010547579990544e-13
1.060700000000032105e+03,3.274917859544319813e-13
1.060800000000032014e+03,3.276770666217306718e-13
1.060900000000031923e+03,3.278568449483095267e-13
1.061000000000032060e+03,3.280310688835988856e-13
1.061100000000032196e+03,3.272721469844064553e-13
1.061200000000032105e+03,3.264990578383428142e-13
1.061300000000032014e+03,3.257116923708926161e-13
1.061400000000032151e+03,3.249099408552412018e-13
1.061500000000032287e+03,3.240936929601407599e-13
1.061600000000032196e+03,3.232628376467819477e-13
1.061700000000032105e+03,3.224172631566021655e-13
1.061800000000032242e+03,3.215568571199003692e-13
1.061900000000032378e+03,3.206815064977365180e-13
1.062000000000032287e+03,3.197910974830941943e-13
1.062100000000032196e+03,3.180511499667564678e-13
1.062200000000032333e+03,3.162882797060610007e-13
1.062300000000032469e+03,3.145023208461635182e-13
1.062400000000032378e+03,3.126931065315544579e-13
1.062500000000032287e+03,3.108604689443748405e-13
1.062600000000032423e+03,3.090042393850888466e-13
1.062700000000032560e+03,3.071242481091627493e-13
1.062800000000032469e+03,3.052203243872762321e-13
1.062900000000032378e+03,3.032922965003359291e-13
1.063000000000032514e+03,3.013399917342393575e-13
1.063100000000032651e+03,2.987000688691510847e-13
1.063200000000032560e+03,2.960294676631552036e-13
1.063300000000032469e+03,2.933279727701790228e-13
1.063400000000032605e+03,2.905953676095644598e-13
1.063500000000032742e+03,2.878314343598390945e-13
1.063600000000032651e+03,2.850359539525215535e-13
1.063700000000032560e+03,2.822087060657885098e-13
1.063800000000032696e+03,2.793494691182412424e-13
1.063900000000032833e+03,2.764580202625687484e-13
1.064000000000032742e+03,2.735341353790736817e-13
1.064100000000032651e+03,2.701527238789504218e-13
1.064200000000032787e+03,2.667345574980699095e-13
1.064300000000032924e+03,2.632793830298608023e-13
1.064400000000032833e+03,2.597869457997588585e-13
1.064500000000032742e+03,2.562569897418342851e-13
1.064600000000032878e+03,2.526892573255138553e-13
1.064700000000033015e+03,2.490834895115731230e-13
1.064800000000032924e+03,2.454394258416072337e-13
1.064900000000032833e+03,2.417568044128315525e-13
1.065000000000032969e+03,2.380353618055690139e-13
1.065100000000033106e+03,2.341424243886763045e-13
1.065200000000033015e+03,2.302089369199249321e-13
1.065300000000032924e+03,2.262346237304025946e-13
1.065400000000033060e+03,2.222192075980690856e-13
1.065500000000033197e+03,2.181624097400673875e-13
1.065600000000033106e+03,2.140639498049557006e-13
1.065700000000033015e+03,2.099235458649052434e-13
1.065800000000033151e+03,2.057409144079073163e-13
1.065900000000033288e+03,2.015157703299371486e-13
1.066000000000033197e+03,1.972478269288716422e-13
1.066100000000033106e+03,1.984708684507700722e-13
1.066200000000033242e+03,1.997007693214163185e-13
1.066300000000033378e+03,2.009375649585404021e-13
1.066400000000033288e+03,2.021812909400181004e-13
1.066500000000033197e+03,2.034319830299670463e-13
1.066600000000033333e+03,2.046896771742802863e-13
1.066700000000033469e+03,2.059544094213955142e-13
1.066800000000033378e+03,2.072262160346877324e-13
1.066900000000033288e+03,2.085051334508349147e-13
1.067000000000033424e+03,2.097911983241157653e-13
1.067100000000033560e+03,2.153918082486365443e-13
1.067200000000033469e+03,2.210386500504715615e-13
1.067300000000033378e+03,2.267320141518052246e-13
1.067400000000033515e+03,2.324721925345110732e-13
1.067500000000033651e+03,2.382594787185389837e-13
1.067600000000033560e+03,2.440941679104455109e-13
1.067700000000033469e+03,2.499765568542502800e-13
1.067800000000033606e+03,2.559069438935485719e-13
1.067900000000033742e+03,2.618856289566842217e-13
1.068000000000033651e+03,2.679129136169293306e-13
1.068100000000033560e+03,2.739907182245678347e-13
1.068200000000033697e+03,2.801177385829221271e-13
1.068300000000033833e+03,2.862942811577745946e-13
1.068400000000033742e+03,2.925206540610678764e-13
1.068500000000033651e+03,2.987971670588427989e-13
1.068600000000033788e+03,3.051241315791674252e-13
1.068700000000033924e+03,3.115018607200905397e-13
1.068800000000033833e+03,3.179306692576896959e-13
1.068900000000033742e+03,3.244108736541535944e-13
1.069000000000033879e+03,3.309427920657726763e-13
1.069100000000034015e+03,3.372719816477696879e-13
1.069200000000033924e+03,3.436512216693437382e-13
1.069300000000033833e+03,3.500808204670425998e-13
1.069400000000033970e+03,3.565610880222094797e-13
1.069500000000034106e+03,3.630923359688538573e-13
1.069600000000034015e+03,3.696748776015491808e-13
1.069700000000033924e+03,3.763090278521632126e-13
1.069800000000034061e+03,3.829951033235652859e-13
1.069900000000034197e+03,3.897334224050458685e-13
1.070000000000034106e+03,3.965243051130148758e-13
1.070100000000034015e+03,4.028212630329227377e-13
1.070200000000034152e+03,4.091665026025487701e-13
1.070300000000034288e+03,4.155603170898769153e-13
1.070400000000034197e+03,4.220030013400410078e-13
1.070500000000034106e+03,4.284948517817343142e-13
1.070600000000034242e+03,4.350361663886580893e-13
1.070700000000034379e+03,4.416272446598170176e-13
1.070800000000034288e+03,4.482683878311108425e-13
1.070900000000034197e+03,4.549598986395265498e-13
1.071000000000034333e+03,4.617020814175620650e-13
1.071100000000034470e+03,4.676384734858381569e-13
1.071200000000034379e+03,4.736184508882066592e-13
1.071300000000034288e+03,4.796422732346685018e-13
1.071400000000034424e+03,4.857102014767375895e-13
1.071500000000034561e+03,4.918224979048252678e-13
1.071600000000034470e+03,4.979794261414930247e-13
1.071700000000034379e+03,5.041812512163712042e-13
1.071800000000034515e+03,5.104282395407652080e-13
1.071900000000034652e+03,5.167206589141185507e-13
1.072000000000034561e+03,5.230587785301702662e-13
1.072100000000034470e+03,5.282820752525707274e-13
1.072200000000034606e+03,5.335412083186075164e-13
1.072300000000034743e+03,5.388363842889466471e-13
1.072400000000034652e+03,5.441678107819484346e-13
1.072500000000034561e+03,5.495356963577322560e-13
1.072600000000034697e+03,5.549402508753593385e-13
1.072700000000034834e+03,5.603816851644890093e-13
1.072800000000034743e+03,5.658602111236364837e-13
1.072900000000034652e+03,5.713760417828075622e-13
1.073000000000034788e+03,5.769293912462806946e-13
1.073100000000034925e+03,5.810860122857737733e-13
1.073200000000034834e+03,5.852677533707352507e-13
1.073300000000034743e+03,5.894747496346494363e-13
1.073400000000034879e+03,5.937071367634852944e-13
1.073500000000035016e+03,5.979650512994044086e-13
1.073600000000034925e+03,6.022486303974636572e-13
1.073700000000034834e+03,6.065580118570565580e-13
1.073800000000034970e+03,6.108933341846885222e-13
1.073900000000035106e+03,6.152547366038119429e-13
1.074000000000035016e+03,6.196423588392454792e-13
1.074100000000034925e+03,6.224076789131865421e-13
1.074200000000035061e+03,6.251847886263396948e-13
1.074300000000035197e+03,6.279737357115992010e-13
1.074400000000035106e+03,6.307745682288538575e-13
1.074500000000035016e+03,6.335873344194040139e-13
1.074600000000035152e+03,6.364120826639738768e-13
1.074700000000035288e+03,6.392488615444286548e-13
1.074800000000035197e+03,6.420977199240930692e-13
1.074900000000035106e+03,6.449587066401804191e-13
1.075000000000035243e+03,6.478318708460635003e-13
1.075100000000035379e+03,6.489431448186275417e-13
1.075200000000035288e+03,6.500508996735414950e-13
1.075300000000035197e+03,6.511550843700280446e-13
1.075400000000035334e+03,6.522556475658700938e-13
1.075500000000035470e+03,6.533525374994245365e-13
1.075600000000035379e+03,6.544457020521606262e-13
1.075700000000035288e+03,6.555350887468017473e-13
1.075800000000035425e+03,6.566206447453310741e-13
1.075900000000035561e+03,6.577023168470531690e-13
1.076000000000035470e+03,6.587800514860199483e-13
1.076100000000035379e+03,6.580652993296871982e-13
1.076200000000035516e+03,6.573306143905071912e-13
1.076300000000035652e+03,6.565758409042047965e-13
1.076400000000035561e+03,6.558008221899704878e-13
1.076500000000035470e+03,6.550054006458946948e-13
1.076600000000035607e+03,6.541894178617153881e-13
1.076700000000035743e+03,6.533527142816675613e-13
1.076800000000035652e+03,6.524951294920655164e-13
1.076900000000035561e+03,6.516165021600591864e-13
1.077000000000035698e+03,6.507166699688144571e-13
1.077100000000035834e+03,6.481246707208166149e-13
1.077200000000035743e+03,6.454963323061686102e-13
1.077300000000035652e+03,6.428313955950690634e-13
1.077400000000035789e+03,6.401295999817562762e-13
1.077500000000035925e+03,6.373906833516261861e-13
1.077600000000035834e+03,6.346143822364313221e-13
1.077700000000035743e+03,6.318004315543330360e-13
1.077800000000035880e+03,6.289485647634904235e-13
1.077900000000036016e+03,6.260585138177692056e-13
1.078000000000035925e+03,6.231300091588449396e-13
1.078100000000035834e+03,6.187420947215437677e-13
1.078200000000035971e+03,6.143026220991612170e-13
1.078300000000036107e+03,6.098112376167337547e-13
1.078400000000036016e+03,6.052675856838001869e-13
1.078500000000035925e+03,6.006713085743657588e-13
1.078600000000036061e+03,5.960220467381973211e-13
1.078700000000036198e+03,5.913194385737699256e-13
1.078800000000036107e+03,5.865631204705229107e-13
1.078900000000036016e+03,5.817527267688210074e-13
1.079000000000036152e+03,5.768878900361168465e-13
1.079100000000036289e+03,5.709326524094344344e-13
1.079200000000036198e+03,5.649130983705012830e-13
1.079300000000036107e+03,5.588287965252953252e-13
1.079400000000036243e+03,5.526793130616137626e-13
1.079500000000036380e+03,5.464642117161565876e-13
1.079600000000036289e+03,5.401830538911250221e-13
1.079700000000036198e+03,5.338353985817447635e-13
1.079800000000036334e+03,5.274208024591669108e-13
1.079900000000036471e+03,5.209388195834082207e-13
1.080000000000036380e+03,5.143890016481016536e-13
1.080100000000036289e+03,5.072308597609058493e-13
1.080200000000036425e+03,4.999992327789276969e-13
1.080300000000036562e+03,4.926936351165969760e-13
1.080400000000036471e+03,4.853135786384846080e-13
1.080500000000036380e+03,4.778585724814270178e-13
1.080600000000036516e+03,4.703281231089073014e-13
1.080700000000036653e+03,4.627217342983230864e-13
1.080800000000036562e+03,4.550389071280718319e-13
1.080900000000036471e+03,4.472791399646130042e-13
1.081000000000036607e+03,4.394419284496821693e-13
1.081100000000036744e+03,4.319061297245223017e-13
1.081200000000036653e+03,4.242952177090633116e-13
1.081300000000036562e+03,4.166087008849706043e-13
1.081400000000036698e+03,4.088460851384886961e-13
1.081500000000036835e+03,4.010068736789894701e-13
1.081600000000036744e+03,3.930905669769586219e-13
1.081700000000036653e+03,3.850966628737674838e-13
1.081800000000036789e+03,3.770246564995457142e-13
1.081900000000036925e+03,3.688740402278503955e-13
1.082000000000036835e+03,3.606443036977663580e-13
1.082100000000036744e+03,3.708488646078790809e-13
1.082200000000036880e+03,3.811356825923467297e-13
1.082300000000037016e+03,3.915052590103158434e-13
1.082400000000036925e+03,4.019580978410106885e-13
1.082500000000036835e+03,4.124947056959683530e-13
1.082600000000036971e+03,4.231155918312420834e-13
1.082700000000037107e+03,4.338212681597100902e-13
1.082800000000037016e+03,4.446122492634425641e-13
1.082900000000036925e+03,4.554890524062029381e-13
1.083000000000037062e+03,4.664521976315111483e-13
1.083100000000037198e+03,4.777471285880935289e-13
1.083200000000037107e+03,4.891315818056161278e-13
1.083300000000037016e+03,5.006060986829616502e-13
1.083400000000037153e+03,5.121712234334202155e-13
1.083500000000037289e+03,5.238275030976814041e-13
1.083600000000037198e+03,5.355754875570070483e-13
1.083700000000037107e+03,5.474157295464798547e-13
1.083800000000037244e+03,5.593487846681159127e-13
1.083900000000037380e+03,5.713752114041563326e-13
1.084000000000037289e+03,5.834955711303642337e-13
1.084100000000037198e+03,5.955377727951900962e-13
1.084200000000037335e+03,6.076735189796465086e-13
1.084300000000037471e+03,6.199033702671381411e-13
1.084400000000037380e+03,6.322278901696307287e-13
1.084500000000037289e+03,6.446476449588811853e-13
1.084600000000037426e+03,6.571632039176655423e-13
1.084700000000037562e+03,6.697751392654116559e-13
1.084800000000037471e+03,6.824840261718084078e-13
1.084900000000037380e+03,6.952904427704536805e-13
1.085000000000037517e+03,7.081949702202826156e-13
1.085100000000037653e+03,7.205320584819785953e-13
1.085200000000037562e+03,7.329626102638702227e-13
1.085300000000037471e+03,7.454871793073955893e-13
1.085400000000037608e+03,7.581063221944310458e-13
1.085500000000037744e+03,7.708205984272268180e-13
1.085600000000037653e+03,7.836305702533459235e-13
1.085700000000037562e+03,7.965368029306156146e-13
1.085800000000037699e+03,8.095398645199849748e-13
1.085900000000037835e+03,8.226403259357132342e-13
1.086000000000037744e+03,8.358387610779940244e-13
1.086100000000037653e+03,8.479159149833242837e-13
1.086200000000037790e+03,8.600815778793153510e-13
1.086300000000037926e+03,8.723362664686578463e-13
1.086400000000037835e+03,8.846804999206393394e-13
1.086500000000037744e+03,8.971148000403668031e-13
1.086600000000037880e+03,9.096396912818713466e-13
1.086700000000038017e+03,9.222557006622201712e-13
1.086800000000037926e+03,9.349633579512007365e-13
1.086900000000037835e+03,9.477631957320909698e-13
1.087000000000037971e+03,9.606557491748490075e-13
1.087100000000038108e+03,9.718569582164031162e-13
1.087200000000038017e+03,9.831364621122073556e-13
1.087300000000037926e+03,9.944947078566301440e-13
1.087400000000038062e+03,1.005932144685099371e-12
1.087500000000038199e+03,1.017449224084123481e-12
1.087600000000038108e+03,1.029046399801524600e-12
1.087700000000038017e+03,1.040724127856722156e-12
1.087800000000038153e+03,1.052482866550899765e-12
1.087900000000038290e+03,1.064323076477209683e-12
1.088000000000038199e+03,1.076245220530348395e-12
1.088100000000038108e+03,1.085915743650202404e-12
1.088200000000038244e+03,1.095648911234936971e-12
1.088300000000038381e+03,1.105445067763926475e-12
1.088400000000038290e+03,1.115304559404115920e-12
1.088500000000038199e+03,1.125227734017592592e-12
1.088600000000038335e+03,1.135214941088298985e-12
1.088700000000038472e+03,1.145266531870928744e-12
1.088800000000038381e+03,1.155382859455511376e-12
1.088900000000038290e+03,1.165564278698194845e-12
1.089000000000038426e+03,1.175811146004217085e-12
1.089100000000038563e+03,1.183312058761413952e-12
1.089200000000038472e+03,1.190854831824803770e-12
1.089300000000038381e+03,1.198439676547914940e-12
1.089400000000038517e+03,1.206066805262931700e-12
1.089500000000038654e+03,1.213736431284924951e-12
1.089600000000038563e+03,1.221448768916076811e-12
1.089700000000038472e+03,1.229204033449836107e-12
1.089800000000038608e+03,1.237002441175221293e-12
1.089900000000038744e+03,1.244844209380930499e-12
1.090000000000038654e+03,1.252729556358496169e-12
1.090100000000038563e+03,1.257485860039605755e-12
1.090200000000038699e+03,1.262258817369808193e-12
1.090300000000038835e+03,1.267048481047117869e-12
1.090400000000038744e+03,1.271854903477000672e-12
1.090500000000038654e+03,1.276678137193012902e-12
1.090600000000038790e+03,1.281518235273875994e-12
1.090700000000038926e+03,1.286375250765300901e-12
1.090800000000038835e+03,1.291249236846118714e-12
1.090900000000038744e+03,1.296140246838101817e-12
1.091000000000038881e+03,1.301048334204829139e-12
1.091100000000039017e+03,1.302606575978644615e-12
1.091200000000038926e+03,1.304153028863005537e-12
1.091300000000038835e+03,1.305687568385147387e-12
1.091400000000038972e+03,1.307210069289672019e-12
1.091500000000039108e+03,1.308720405534477798e-12
1.091600000000039017e+03,1.310218450286796765e-12
1.091700000000038926e+03,1.311704075919238266e-12
1.091800000000039063e+03,1.313177154005635278e-12
1.091900000000039199e+03,1.314637555317076527e-12
1.092000000000039108e+03,1.316085149816542131e-12
1.092100000000039017e+03,1.314165809737591216e-12
1.092200000000039154e+03,1.312204604188502776e-12
1.092300000000039290e+03,1.310201223741313948e-12
1.092400000000039199e+03,1.308155357320583856e-12
1.092500000000039108e+03,1.306066692126034651e-12
1.092600000000039245e+03,1.303934913796441918e-12
1.092700000000039381e+03,1.301759705742489485e-12
1.092800000000039290e+03,1.299540749844337334e-12
1.092900000000039199e+03,1.297277726199845876e-12
1.093000000000039336e+03,1.294970312975303981e-12
1.093100000000039472e+03,1.289509514184510653e-12
1.093200000000039381e+03,1.283977048324966592e-12
1.093300000000039290e+03,1.278372425127263757e-12
1.093400000000039427e+03,1.272695151652958741e-12
1.093500000000039563e+03,1.266944732282018640e-12
1.093600000000039472e+03,1.261120668700204136e-12
1.093700000000039381e+03,1.255222459886274645e-12
1.093800000000039518e+03,1.249249602099335245e-12
1.093900000000039654e+03,1.243201588866010730e-12
1.094000000000039563e+03,1.237077910966545501e-12
1.094100000000039472e+03,1.228255984044331383e-12
1.094200000000039608e+03,1.219334958222441099e-12
1.094300000000039745e+03,1.210314179238510523e-12
1.094400000000039654e+03,1.201192989186478655e-12
1.094500000000039563e+03,1.191970726307191981e-12
1.094600000000039699e+03,1.182646725518264138e-12
1.094700000000039836e+03,1.173220318227774086e-12
1.094800000000039745e+03,1.163690832274454240e-12
1.094900000000039654e+03,1.154057591911032354e-12
1.095000000000039790e+03,1.144319917786694730e-12
1.095100000000039927e+03,1.132581260033871397e-12
1.095200000000039836e+03,1.120720639766656288e-12
1.095300000000039745e+03,1.108737268441440849e-12
1.095400000000039881e+03,1.096630353134715985e-12
1.095500000000040018e+03,1.084399096726993526e-12
1.095600000000039927e+03,1.072042697883405450e-12
1.095700000000039836e+03,1.059560351065160213e-12
1.095800000000039972e+03,1.046951246611621644e-12
1.095900000000040109e+03,1.034214570224855060e-12
1.096000000000040018e+03,1.021349503511905150e-12
1.096100000000039927e+03,1.007369554597007909e-12
1.096200000000040063e+03,9.932511937679054674e-13
1.096300000000040200e+03,9.789935387973522882e-13
1.096400000000040109e+03,9.645957028239634013e-13
1.096500000000040018e+03,9.500567943309149086e-13
1.096600000000040154e+03,9.353759171231054379e-13
1.096700000000040291e+03,9.205521701093184519e-13
1.096800000000040200e+03,9.055846478839894193e-13
1.096900000000040109e+03,8.904724400934322880e-13
1.097000000000040245e+03,8.752146316205750074e-13
1.097100000000040382e+03,8.599235981718315819e-13
1.097200000000040291e+03,8.444861049005394907e-13
1.097300000000040200e+03,8.289012284025478067e-13
1.097400000000040336e+03,8.131680404544258432e-13
1.097500000000040473e+03,7.972856079914668339e-13
1.097600000000040382e+03,7.812529932381931432e-13
1.097700000000040291e+03,7.650692532429709434e-13
1.097800000000040427e+03,7.487334402616789382e-13
1.097900000000040563e+03,7.322446016414295081e-13
1.098000000000040473e+03,7.156017797908837105e-13
1.098100000000040382e+03,7.352685417423771414e-13
1.098200000000040518e+03,7.550885941282881751e-13
1.098300000000040654e+03,7.750628388845532800e-13
1.098400000000040563e+03,7.951921824885685852e-13
1.098500000000040473e+03,8.154775358414905196e-13
1.098600000000040609e+03,8.359198146476611970e-13
1.098700000000040745e+03,8.565199391762271204e-13
1.098800000000040654e+03,8.772788342743633685e-13
1.098900000000040563e+03,8.981974294333002187e-13
1.099000000000040700e+03,9.192766588091734097e-13
1.099100000000040836e+03,9.410142125604634033e-13
1.099200000000040745e+03,9.629184641564051666e-13
1.099300000000040654e+03,9.849903870193117831e-13
1.099400000000040791e+03,1.007230959590621902e-12
1.099500000000040927e+03,1.029641165020380863e-12
1.099600000000040836e+03,1.052221991338459608e-12
1.099700000000040745e+03,1.074974431697646627e-12
1.099800000000040882e+03,1.097899484138919101e-12
1.099900000000041018e+03,1.120998151563464165e-12
1.100000000000040927e+03,1.144271441985981965e-12
1.100100000000040836e+03,1.167462072913790054e-12
1.100200000000040973e+03,1.190827155917059258e-12
1.100300000000041109e+03,1.214367700603448138e-12
1.100400000000041018e+03,1.238084721732443329e-12
1.100500000000040927e+03,1.261979239270295157e-12
1.100600000000041064e+03,1.286052278115224446e-12
1.100700000000041200e+03,1.310304868261052009e-12
1.100800000000041109e+03,1.334738045109122276e-12
1.100900000000041018e+03,1.359352848658983200e-12
1.101000000000041155e+03,1.384150324304226095e-12
1.101100000000041291e+03,1.407987957931431370e-12
1.101200000000041200e+03,1.432000711931167284e-12
1.101300000000041109e+03,1.456189589035912881e-12
1.101400000000041246e+03,1.480555596936928168e-12
1.101500000000041382e+03,1.505099748306126538e-12
1.101600000000041291e+03,1.529823060818117641e-12
1.101700000000041200e+03,1.554726557172360113e-12
1.101800000000041337e+03,1.579811265115247255e-12
1.101900000000041473e+03,1.605078217462219983e-12
1.102000000000041382e+03,1.630528452119333901e-12
1.102100000000041291e+03,1.654027750029188898e-12
1.102200000000041427e+03,1.677694446720772756e-12
1.102300000000041564e+03,1.701529487361430918e-12
1.102400000000041473e+03,1.725533821751614687e-12
1.102500000000041382e+03,1.749708404345277409e-12
1.102600000000041518e+03,1.774054194552750205e-12
1.102700000000041655e+03,1.798572156065428976e-12
1.102800000000041564e+03,1.823263257280716429e-12
1.102900000000041473e+03,1.848128471471224535e-12
1.103000000000041609e+03,1.873168776664390269e-12
1.103100000000041746e+03,1.895215620941546544e-12
1.103200000000041655e+03,1.917412915367425300e-12
1.103300000000041564e+03,1.939761492694898474e-12
1.103400000000041700e+03,1.962262189524219821e-12
1.103500000000041837e+03,1.984915846405705172e-12
1.103600000000041746e+03,2.007723308470426547e-12
1.103700000000041655e+03,2.030685424924624669e-12
1.103800000000041791e+03,2.053803048858492105e-12
1.103900000000041928e+03,2.077077037482762672e-12
1.104000000000041837e+03,2.100508251650034382e-12
1.104100000000041746e+03,2.119915374077622404e-12
1.104200000000041882e+03,2.139446426281237835e-12
1.104300000000042019e+03,2.159102072455085894e-12
1.104400000000041928e+03,2.178882979946166259e-12
1.104500000000041837e+03,2.198789819268140464e-12
1.104600000000041973e+03,2.218823264114488833e-12
1.104700000000042110e+03,2.238983991372232878e-12
1.104800000000042019e+03,2.259272681135714636e-12
1.104900000000041928e+03,2.279690016720296448e-12
1.105000000000042064e+03,2.300236684674008127e-12
1.105100000000042201e+03,2.315826115946531241e-12
1.105200000000042110e+03,2.331503748258779616e-12
1.105300000000042019e+03,2.347270024722299926e-12
1.105400000000042155e+03,2.363125389652951621e-12
1.105500000000042292e+03,2.379070289152891489e-12
1.105600000000042201e+03,2.395105171775592943e-12
1.105700000000042110e+03,2.411230488112637401e-12
1.105800000000042246e+03,2.427446690379220860e-12
1.105900000000042382e+03,2.443754233515165628e-12
1.106000000000042292e+03,2.460153574443754377e-12
1.106100000000042201e+03,2.470838578152105400e-12
1.106200000000042337e+03,2.481567884237833005e-12
1.106300000000042473e+03,2.492341667736738297e-12
1.106400000000042382e+03,2.503160103392273817e-12
1.106500000000042292e+03,2.514023367114839575e-12
1.106600000000042428e+03,2.524931635469906484e-12
1.106700000000042564e+03,2.535885085317831712e-12
1.106800000000042473e+03,2.546883894641546588e-12
1.106900000000042382e+03,2.557928242242495830e-12
1.107000000000042519e+03,2.569018307327057340e-12
1.107100000000042655e+03,2.573903230845691460e-12
1.107200000000042564e+03,2.578782229034516605e-12
1.107300000000042473e+03,2.583655173179968756e-12
1.107400000000042610e+03,2.588521934582640475e-12
1.107500000000042746e+03,2.593382383664870559e-12
1.107600000000042655e+03,2.598236389966343180e-12
1.107700000000042564e+03,2.603083822139632906e-12
1.107800000000042701e+03,2.607924547945532421e-12
1.107900000000042837e+03,2.612758434248424677e-12
1.108000000000042746e+03,2.617585347009184808e-12
1.108100000000042655e+03,2.616055936415562319e-12
1.108200000000042792e+03,2.614466579714314264e-12
1.108300000000042928e+03,2.612816827621210913e-12
1.108400000000042837e+03,2.611106228442250333e-12
1.108500000000042746e+03,2.609334327991921790e-12
1.108600000000042883e+03,2.607500669581568273e-12
1.108700000000043019e+03,2.605604794007734883e-12
1.108800000000042928e+03,2.603646239540489748e-12
1.108900000000042837e+03,2.601624541911629835e-12
1.109000000000042974e+03,2.599539234335794255e-12
1.109100000000043110e+03,2.591342507246127987e-12
1.109200000000043019e+03,2.583031147380427657e-12
1.109300000000042928e+03,2.574604383999226713e-12
1.109400000000043065e+03,2.566061442005331795e-12
1.109500000000043201e+03,2.557401541684546036e-12
1.109600000000043110e+03,2.548623901923830586e-12
1.109700000000043019e+03,2.539727735358213744e-12
1.109800000000043156e+03,2.530712250107216334e-12
1.109900000000043292e+03,2.521576650711475826e-12
1.110000000000043201e+03,2.512320137523588401e-12
1.110100000000043110e+03,2.497638622928064291e-12
1.110200000000043246e+03,2.482790677767233938e-12
1.110300000000043383e+03,2.467775230585593109e-12
1.110400000000043292e+03,2.452591203468273028e-12
1.110500000000043201e+03,2.437237513209764183e-12
1.110600000000043337e+03,2.421713071149318289e-12
1.110700000000043474e+03,2.406016782995716458e-12
1.110800000000043383e+03,2.390147548801984048e-12
1.110900000000043292e+03,2.374104262939958494e-12
1.111000000000043428e+03,2.357885814072903088e-12
1.111100000000043565e+03,2.337334506878143583e-12
1.111200000000043474e+03,2.316571342879970646e-12
1.111300000000043383e+03,2.295594988942953538e-12
1.111400000000043519e+03,2.274404106104162797e-12
1.111500000000043656e+03,2.252997348088421428e-12
1.111600000000043565e+03,2.231373361697589504e-12
1.111700000000043474e+03,2.209530786814237209e-12
1.111800000000043610e+03,2.187468256370568613e-12
1.111900000000043747e+03,2.165184396317753385e-12
1.112000000000043656e+03,2.142677825593512864e-12
1.112100000000043565e+03,2.117323747680162938e-12
1.112200000000043701e+03,2.091722439802845067e-12
1.112300000000043838e+03,2.065872371335592026e-12
1.112400000000043747e+03,2.039772003652870222e-12
1.112500000000043656e+03,2.013419790219699572e-12
1.112600000000043792e+03,1.986814176652149163e-12
1.112700000000043929e+03,1.959953600682740259e-12
1.112800000000043838e+03,1.932836492125422393e-12
1.112900000000043747e+03,1.905461272840116482e-12
1.113000000000043883e+03,1.877826356697538642e-12
1.113100000000044020e+03,1.849122023839997996e-12
1.113200000000043929e+03,1.820148081612370920e-12
1.113300000000043838e+03,1.790902879813599473e-12
1.113400000000043974e+03,1.761384759911393239e-12
1.113500000000044110e+03,1.731592055051262692e-12
1.113600000000044020e+03,1.701523090368499764e-12
1.113700000000043929e+03,1.671176182262167531e-12
1.113800000000044065e+03,1.640549638095795319e-12
1.113900000000044201e+03,1.609641756845824899e-12
1.114000000000044110e+03,1.578450829230040170e-12
1.114100000000044020e+03,1.581902008096720604e-12
1.114200000000044156e+03,1.585353626144599639e-12
1.114300000000044292e+03,1.588805631142452258e-12
1.114400000000044201e+03,1.592257970464679334e-12
1.114500000000044110e+03,1.595710590736179972e-12
1.114600000000044247e+03,1.599163438884017143e-12
1.114700000000044383e+03,1.602616461092038904e-12
1.114800000000044292e+03,1.606069603135977626e-12
1.114900000000044201e+03,1.609522810386750434e-12
1.115000000000044338e+03,1.612976027824238552e-12
1.115100000000044474e+03,1.652907910146220488e-12
1.115200000000044383e+03,1.693138759465087950e-12
1.115300000000044292e+03,1.733670269924473864e-12
1.115400000000044429e+03,1.774504143543771242e-12
1.115500000000044565e+03,1.815642091183667427e-12
1.115600000000044474e+03,1.857085831777229426e-12
1.115700000000044383e+03,1.898837092300990152e-12
1.115800000000044520e+03,1.940897607900913533e-12
1.115900000000044656e+03,1.983269123400534598e-12
1.116000000000044565e+03,2.025953390863101702e-12
1.116100000000044474e+03,2.069284368357377330e-12
1.116200000000044611e+03,2.112934255407078922e-12
1.116300000000044747e+03,2.156904844622446534e-12
1.116400000000044656e+03,2.201197936464958726e-12
1.116500000000044565e+03,2.245815341613314278e-12
1.116600000000044702e+03,2.290758878708558437e-12
1.116700000000044838e+03,2.336030375136762185e-12
1.116800000000044747e+03,2.381631667071262165e-12
1.116900000000044656e+03,2.427564599510177445e-12
1.117000000000044793e+03,2.473831026313704134e-12
1.117100000000044929e+03,2.519281136957897810e-12
1.117200000000044838e+03,2.565058932691514857e-12
1.117300000000044747e+03,2.611166237809282265e-12
1.117400000000044884e+03,2.657604885203168945e-12
1.117500000000045020e+03,2.704376716534761607e-12
1.117600000000044929e+03,2.751483582254137237e-12
1.117700000000044838e+03,2.798927341132042378e-12
1.117800000000044975e+03,2.846709861909200803e-12
1.117900000000045111e+03,2.894833021701151841e-12
1.118000000000045020e+03,2.943298706580081869e-12
1.118100000000044929e+03,2.989266582582490719e-12
1.118200000000045065e+03,3.035557449647948805e-12
1.118300000000045202e+03,3.082173084150787450e-12
1.118400000000045111e+03,3.129115270900790150e-12
1.118500000000045020e+03,3.176385803179023880e-12
1.118600000000045156e+03,3.223986482184106295e-12
1.118700000000045293e+03,3.271919118758290944e-12
1.118800000000045202e+03,3.320185531873494109e-12
1.118900000000045111e+03,3.368787549055036650e-12
1.119000000000045247e+03,3.417727006709619905e-12
1.119100000000045384e+03,3.462313846016724904e-12
1.119200000000045293e+03,3.507203502277722839e-12
1.119300000000045202e+03,3.552397614391290637e-12
1.119400000000045338e+03,3.597897828957872029e-12
1.119500000000045475e+03,3.643705800868958110e-12
1.119600000000045384e+03,3.689823191842850026e-12
1.119700000000045293e+03,3.736251671618409033e-12
1.119800000000045429e+03,3.782992918494085836e-12
1.119900000000045566e+03,3.830048618479674743e-12
1.120000000000045475e+03,3.877420463516554603e-12
1.120100000000045384e+03,3.918539211118987163e-12
1.120200000000045520e+03,3.959924180684738115e-12
1.120300000000045657e+03,4.001576780697074552e-12
1.120400000000045566e+03,4.043498425660826621e-12
1.120500000000045475e+03,4.085690537353136303e-12
1.120600000000045611e+03,4.128154544188778857e-12
1.120700000000045748e+03,4.170891880914405684e-12
1.120800000000045657e+03,4.213903988910850569e-12
1.120900000000045566e+03,4.257192316220547808e-12
1.121000000000045702e+03,4.300758317571589919e-12
1.121100000000045839e+03,4.336246782358005387e-12
1.121200000000045748e+03,4.371948321736002261e-12
1.121300000000045657e+03,4.407864020989326410e-12
1.121400000000045793e+03,4.443994970762865433e-12
1.121500000000045929e+03,4.480342267016479214e-12
1.121600000000045839e+03,4.516907010263647217e-12
1.121700000000045748e+03,4.553690305992142329e-12
1.121800000000045884e+03,4.590693264684266904e-12
1.121900000000046020e+03,4.627917000098860018e-12
1.122000000000045929e+03,4.665362634263721822e-12
1.122100000000045839e+03,4.693111318968265959e-12
1.122200000000045975e+03,4.721004176689460426e-12
1.122300000000046111e+03,4.749041883043349987e-12
1.122400000000046020e+03,4.777225117273623608e-12
1.122500000000045929e+03,4.805554560996922823e-12
1.122600000000046066e+03,4.834030898746519930e-12
1.122700000000046202e+03,4.862654818710901418e-12
1.122800000000046111e+03,4.891427010726056026e-12
1.122900000000046020e+03,4.920348167382263405e-12
1.123000000000046157e+03,4.949418985077834169e-12
1.123100000000046293e+03,4.967526389222391048e-12
1.123200000000046202e+03,4.985695449272661309e-12
1.123300000000046111e+03,5.003926358235976016e-12
1.123400000000046248e+03,5.022219308990618788e-12
1.123500000000046384e+03,5.040574494950754610e-12
1.123600000000046293e+03,5.058992110068161743e-12
1.123700000000046202e+03,5.077472348833703524e-12
1.123800000000046339e+03,5.096015406278027108e-12
1.123900000000046475e+03,5.114621478883301485e-12
1.124000000000046384e+03,5.133290763005792133e-12
1.124100000000046293e+03,5.140229167319318757e-12
1.124200000000046430e+03,5.147136506440969690e-12
1.124300000000046566e+03,5.154012435886799453e-12
1.124400000000046475e+03,5.160856609498598116e-12
1.124500000000046384e+03,5.167668679557189192e-12
1.124600000000046521e+03,5.174448296439803190e-12
1.124700000000046657e+03,5.181195106884225364e-12
1.124800000000046566e+03,5.187908756069676791e-12
1.124900000000046475e+03,5.194588887394215541e-12
1.125000000000046612e+03,5.201235142132101348e-12
1.125100000000046748e+03,5.196005035248063945e-12
1.125200000000046657e+03,5.190645484286459180e-12
1.125300000000046566e+03,5.185155582531948362e-12
1.125400000000046703e+03,5.179534418510962342e-12
1.125500000000046839e+03,5.173781075970999379e-12
1.125600000000046748e+03,5.167894633479351264e-12
1.125700000000046657e+03,5.161874165178091418e-12
1.125800000000046794e+03,5.155718740718066853e-12
1.125900000000046930e+03,5.149427424517611863e-12
1.126000000000046839e+03,5.142999276103491029e-12
1.126100000000046748e+03,5.125273304866075259e-12
1.126200000000046884e+03,5.107319428647484579e-12
1.126300000000047021e+03,5.089136184454613085e-12
1.126400000000046930e+03,5.070722101957134398e-12
1.126500000000046839e+03,5.052075702461900295e-12
1.126600000000046975e+03,5.033195500404159142e-12
1.126700000000047112e+03,5.014080002717061703e-12
1.126800000000047021e+03,4.994727708799320315e-12
1.126900000000046930e+03,4.975137110482441552e-12
1.127000000000047066e+03,4.955306691993012768e-12
1.127100000000047203e+03,4.925505932837546555e-12
1.127200000000047112e+03,4.895384732598376487e-12
1.127300000000047021e+03,4.864941111187927874e-12
1.127400000000047157e+03,4.834173079861512871e-12
1.127500000000047294e+03,4.803078638677335080e-12
1.127600000000047203e+03,4.771655779131334456e-12
1.127700000000047112e+03,4.739902482408445896e-12
1.127800000000047248e+03,4.707816718924799209e-12
1.127900000000047385e+03,4.675396449446866203e-12
1.128000000000047294e+03,4.642639623702786002e-12
1.128100000000047203e+03,4.602024072151938940e-12
1.128200000000047339e+03,4.561008031351556660e-12
1.128300000000047476e+03,4.519589083198836115e-12
1.128400000000047385e+03,4.477764796989687843e-12
1.128500000000047294e+03,4.435532730087498568e-12
1.128600000000047430e+03,4.392890427872004326e-12
1.128700000000047567e+03,4.349835423688582845e-12
1.128800000000047476e+03,4.306365238256729738e-12
1.128900000000047385e+03,4.262477380931449971e-12
1.129000000000047521e+03,4.218169348971513209e-12
1.129100000000047658e+03,4.168713749838063299e-12
1.129200000000047567e+03,4.118795461613384345e-12
1.129300000000047476e+03,4.068411732650655903e-12
1.129400000000047612e+03,4.017559797844231194e-12
1.129500000000047748e+03,3.966236878849864254e-12
1.129600000000047658e+03,3.914440183759127113e-12
1.129700000000047567e+03,3.862166906503447980e-12
1.129800000000047703e+03,3.809414227795360386e-12
1.129900000000047839e+03,3.756179314658414174e-12
1.130000000000047748e+03,3.702459319911030151e-12
1.130100000000047658e+03,3.646845878247755036e-12
1.130200000000047794e+03,3.590730549687070771e-12
1.130300000000047930e+03,3.534110383814047238e-12
1.130400000000047839e+03,3.476982415940578768e-12
1.130500000000047748e+03,3.419343667573324013e-12
1.130600000000047885e+03,3.361191144884558376e-12
1.130700000000048021e+03,3.302521839861439694e-12
1.130800000000047930e+03,3.243332730117358951e-12
1.130900000000047839e+03,3.183620778688699419e-12
1.131000000000047976e+03,3.123382934005312207e-12
1.131100000000048112e+03,3.129437007007090516e-12
1.131200000000048021e+03,3.135487669321815325e-12
1.131300000000047930e+03,3.141534804654698170e-12
1.131400000000048067e+03,3.147578296139489144e-12
1.131500000000048203e+03,3.153618026144358451e-12
1.131600000000048112e+03,3.159653876249236178e-12
1.131700000000048021e+03,3.165685727241732535e-12
1.131800000000048158e+03,3.171713459369725209e-12
1.131900000000048294e+03,3.177736951797001822e-12
1.132000000000048203e+03,3.183756082716438267e-12
1.132100000000048112e+03,3.260264240675927758e-12
1.132200000000048249e+03,3.337324240575831711e-12
1.132300000000048385e+03,3.414939088165976789e-12
1.132400000000048294e+03,3.493111802192125635e-12
1.132500000000048203e+03,3.571845415855329463e-12
1.132600000000048340e+03,3.651142976445702322e-12
1.132700000000048476e+03,3.731007545381499726e-12
1.132800000000048385e+03,3.811442198267628355e-12
1.132900000000048294e+03,3.892450024953868983e-12
1.133000000000048431e+03,3.974034129860406791e-12
1.133100000000048567e+03,4.056949179208757887e-12
1.133200000000048476e+03,4.140452613768229929e-12
1.133300000000048385e+03,4.224547613417654747e-12
1.133400000000048522e+03,4.309237372725241221e-12
1.133500000000048658e+03,4.394525101008689661e-12
1.133600000000048567e+03,4.480414022395584876e-12
1.133700000000048476e+03,4.566907375884296540e-12
1.133800000000048612e+03,4.654008415404545130e-12
1.133900000000048749e+03,4.741720409877715835e-12
1.134000000000048658e+03,4.830046643277582010e-12
1.134100000000048567e+03,4.917132045118042672e-12
1.134200000000048703e+03,5.004823621924316852e-12
1.134300000000048840e+03,5.093124619041114718e-12
1.134400000000048749e+03,5.182038298261405120e-12
1.134500000000048658e+03,5.271567936238543855e-12
1.134600000000048794e+03,5.361716824189213238e-12
1.134700000000048931e+03,5.452488269313940010e-12
1.134800000000048840e+03,5.543885593890812352e-12
1.134900000000048749e+03,5.635912135274092904e-12
1.135000000000048885e+03,5.728571245994751902e-12
1.135100000000049022e+03,5.816934016644863339e-12
1.135200000000048931e+03,5.905897350068046705e-12
1.135300000000048840e+03,5.995464428063538636e-12
1.135400000000048976e+03,6.085638446948072117e-12
1.135500000000049113e+03,6.176422618486552413e-12
1.135600000000049022e+03,6.267820167298168920e-12
1.135700000000048931e+03,6.359834333564375269e-12
1.135800000000049067e+03,6.452468372209619437e-12
1.135900000000049204e+03,6.545725552960957297e-12
1.136000000000049113e+03,6.639609160404183770e-12
1.136100000000049022e+03,6.725930274435708085e-12
1.136200000000049158e+03,6.812820235161602596e-12
1.136300000000049295e+03,6.900282015021492993e-12
1.136400000000049204e+03,6.988318599545846596e-12
1.136500000000049113e+03,7.076932986781278119e-12
1.136600000000049249e+03,7.166128188442687867e-12
1.136700000000049386e+03,7.255907229875731647e-12
1.136800000000049295e+03,7.346273150069331063e-12
1.136900000000049204e+03,7.437229001710810279e-12
1.137000000000049340e+03,7.528777851234845880e-12
1.137100000000049477e+03,7.609314855939916517e-12
1.137200000000049386e+03,7.690360298784278084e-12
1.137300000000049295e+03,7.771916783500007832e-12
1.137400000000049431e+03,7.853986924928551448e-12
1.137500000000049567e+03,7.936573349085868379e-12
1.137600000000049477e+03,8.019678693976350085e-12
1.137700000000049386e+03,8.103305609359598731e-12
1.137800000000049522e+03,8.187456756798351960e-12
1.137900000000049658e+03,8.272134809703480230e-12
1.138000000000049567e+03,8.357342453375079270e-12
1.138100000000049477e+03,8.428185469645574743e-12
1.138200000000049613e+03,8.499447313489487506e-12
1.138300000000049749e+03,8.571130061375045764e-12
1.138400000000049658e+03,8.643235798938367637e-12
1.138500000000049567e+03,8.715766620678574018e-12
1.138600000000049704e+03,8.788724630325344335e-12
1.138700000000049840e+03,8.862111941872588595e-12
1.138800000000049749e+03,8.935930676182470294e-12
1.138900000000049658e+03,9.010182964585479013e-12
1.139000000000049795e+03,9.084870947701067961e-12
1.139100000000049931e+03,9.142149807006320421e-12
1.139200000000049840e+03,9.199729803767184381e-12
1.139300000000049749e+03,9.257612337530238043e-12
1.139400000000049886e+03,9.315798813713234114e-12
1.139500000000050022e+03,9.374290643627112185e-12
1.139600000000049931e+03,9.433089244498253439e-12
1.139700000000049840e+03,9.492196039491963217e-12
1.139800000000049977e+03,9.551612457734220043e-12
1.139900000000050113e+03,9.611339934334290619e-12
1.140000000000050022e+03,9.671379909875369127e-12
1.140100000000049931e+03,9.711536194499272619e-12
1.140200000000050068e+03,9.751851074389216084e-12
1.140300000000050204e+03,9.792325145206106027e-12
1.140400000000050113e+03,9.832958999438947348e-12
1.140500000000050022e+03,9.873753234737852750e-12
1.140600000000050159e+03,9.914708449283845950e-12
1.140700000000050295e+03,9.955825243938198411e-12
1.140800000000050204e+03,9.997104221963354438e-12
1.140900000000050113e+03,1.003854598873869770e-11
1.141000000000050250e+03,1.008015115175701793e-11
1.141100000000050386e+03,1.010020267262147370e-11
1.141200000000050295e+03,1.012025057846242108e-11
1.141300000000050204e+03,1.014029455572918742e-11
1.141400000000050341e+03,1.016033428873565580e-11
1.141500000000050477e+03,1.018036945964988646e-11
1.141600000000050386e+03,1.020039974848435540e-11
1.141700000000050295e+03,1.022042483267571924e-11
1.141800000000050431e+03,1.024044438769193664e-11
1.141900000000050568e+03,1.026045808624654207e-11
1.142000000000050477e+03,1.028046560097696937e-11
1.142100000000050386e+03,1.027827634470864438e-11
1.142200000000050522e+03,1.027590872705504951e-11
1.142300000000050659e+03,1.027336147013820698e-11
1.142400000000050568e+03,1.027063328852607687e-11
1.142500000000050477e+03,1.026772288958829485e-11
1.142600000000050613e+03,1.026462897475474364e-11
1.142700000000050750e+03,1.026135023877914256e-11
1.142800000000050659e+03,1.025788536971172144e-11
1.142900000000050568e+03,1.025423304886891549e-11
1.143000000000050704e+03,1.025039195079460575e-11
1.143100000000050841e+03,1.022493863470850077e-11
1.143200000000050750e+03,1.019912866637090317e-11
1.143300000000050659e+03,1.017295979458684262e-11
1.143400000000050795e+03,1.014642975502900677e-11
1.143500000000050932e+03,1.011953627318666276e-11
1.143600000000050841e+03,1.009227706340912946e-11
1.143700000000050750e+03,1.006464982885907567e-11
1.143800000000050886e+03,1.003665226146569076e-11
1.143900000000051023e+03,1.000828204187813956e-11
1.144000000000050932e+03,9.979536839408406140e-12
1.144100000000050841e+03,9.931058587926270127e-12
1.144200000000050977e+03,9.882051724258936714e-12
1.144300000000051114e+03,9.832513067593099085e-12
1.144400000000051023e+03,9.782439422470770209e-12
1.144500000000050932e+03,9.731827578113611988e-12
1.144600000000051068e+03,9.680674308359739954e-12
1.144700000000051205e+03,9.628976371600720216e-12
1.144800000000051114e+03,9.576730512047086324e-12
1.144900000000051023e+03,9.523933456217324313e-12
1.145000000000051159e+03,9.470581915439518900e-12
1.145100000000051296e+03,9.400750728545424463e-12
1.145200000000051205e+03,9.330236209165150547e-12
1.145300000000051114e+03,9.259034354028756179e-12
1.145400000000051250e+03,9.187141141732690282e-12
1.145500000000051386e+03,9.114552531298036878e-12
1.145600000000051296e+03,9.041264462639731667e-12
1.145700000000051205e+03,8.967272856488325609e-12
1.145800000000051341e+03,8.892573614312047385e-12
1.145900000000051477e+03,8.817162618272516920e-12
1.146000000000051386e+03,8.741035732376597620e-12
1.146100000000051296e+03,8.652922067953587469e-12
1.146200000000051432e+03,8.563997913343500736e-12
1.146300000000051568e+03,8.474258602773446405e-12
1.146400000000051477e+03,8.383699448589168337e-12
1.146500000000051386e+03,8.292315741165460966e-12
1.146600000000051523e+03,8.200102748817366932e-12
1.146700000000051659e+03,8.107055717711159846e-12
1.146800000000051568e+03,8.013169871773816485e-12
1.146900000000051477e+03,7.918440412602240179e-12
1.147000000000051614e+03,7.822862519370584268e-12
1.147100000000051750e+03,7.720774272648708889e-12
1.147200000000051659e+03,7.617784725952881552e-12
1.147300000000051568e+03,7.513888756186563864e-12
1.147400000000051705e+03,7.409081216416108152e-12
1.147500000000051841e+03,7.303356936971243718e-12
1.147600000000051750e+03,7.196710723321546687e-12
1.147700000000051659e+03,7.089137356797531477e-12
1.147800000000051796e+03,6.980631594493539470e-12
1.147900000000051932e+03,6.871188169170159970e-12
1.148000000000051841e+03,6.760801788876451816e-12
1.148100000000051750e+03,6.107950303593732025e-12
1.148200000000051887e+03,5.450011620576485115e-12
1.148300000000052023e+03,4.786957937972802435e-12
1.148400000000051932e+03,4.118761325911386699e-12
1.148500000000051841e+03,3.445393727989157148e-12
1.148600000000051978e+03,2.766826959971738309e-12
1.148700000000052114e+03,2.083032709321925448e-12
1.148800000000052023e+03,1.393982534663744228e-12
1.148900000000051932e+03,6.996478649927225393e-13
1.149000000000052069e+03,3.490165203497587472e-22
1.149100000000052205e+03,6.728552825662583440e-13
1.149200000000052114e+03,1.350836176523963897e-12
1.149300000000052023e+03,2.033970443226129029e-12
1.149400000000052160e+03,2.722285969575011687e-12
1.149500000000052296e+03,3.415810768867819521e-12
1.149600000000052205e+03,4.114572981301371440e-12
1.149700000000052114e+03,4.818600874478557324e-12
1.149800000000052250e+03,5.527922843910605479e-12
1.149900000000052387e+03,6.242567413520563410e-12
1.150000000000052296e+03,6.962563235856275418e-12
1.150100000000052205e+03,7.114817438029135791e-12
1.150200000000052341e+03,7.268123639202273898e-12
1.150300000000052478e+03,7.422487335264407361e-12
1.150400000000052387e+03,7.577914046610540889e-12
1.150500000000052296e+03,7.734409317670375587e-12
1.150600000000052432e+03,7.891978717641810553e-12
1.150700000000052569e+03,8.050627841617199372e-12
1.150800000000052478e+03,8.210362308707945868e-12
1.150900000000052387e+03,8.371187762947673861e-12
1.151000000000052523e+03,8.533109873388062181e-12
1.151100000000052660e+03,8.695715756472515424e-12
1.151200000000052569e+03,8.859427183151364438e-12
1.151300000000052478e+03,9.024249888396277234e-12
1.151400000000052614e+03,9.190189632966934965e-12
1.151500000000052751e+03,9.357252203556215047e-12
1.151600000000052660e+03,9.525443410416766026e-12
1.151700000000052569e+03,9.694769090669179117e-12
1.151800000000052705e+03,9.865235107220493167e-12
1.151900000000052842e+03,1.003684734886389901e-11
1.152000000000052751e+03,1.020961173037793650e-11
1.152100000000052660e+03,1.037805833862898497e-11
1.152200000000052796e+03,1.054762795808814213e-11
1.152300000000052933e+03,1.071832636484871225e-11
1.152400000000052842e+03,1.089015935840475011e-11
1.152500000000052751e+03,1.106313276478375713e-11
1.152600000000052887e+03,1.123725243563649678e-11
1.152700000000053024e+03,1.141252424833543710e-11
1.152800000000052933e+03,1.158895410607569265e-11
1.152900000000052842e+03,1.176654793797576921e-11
1.153000000000052978e+03,1.194531169917162495e-11
1.153100000000053114e+03,1.211411396083071421e-11
1.153200000000053024e+03,1.228401408827456035e-11
1.153300000000052933e+03,1.245501766684648903e-11
1.153400000000053069e+03,1.262713030186982754e-11
1.153500000000053205e+03,1.280035762531317110e-11
1.153600000000053114e+03,1.297470529376273857e-11
1.153700000000053024e+03,1.315017898849589783e-11
1.153800000000053160e+03,1.332678441557672294e-11
1.153900000000053296e+03,1.350452730595016184e-11
1.154000000000053205e+03,1.368341341553053986e-11
1.154100000000053114e+03,1.384625467636221922e-11
1.154200000000053251e+03,1.401012090109272881e-11
1.154300000000053387e+03,1.417501722619838107e-11
1.154400000000053296e+03,1.434094880892477223e-11
1.154500000000053205e+03,1.450792082847937320e-11
1.154600000000053342e+03,1.467593848730406614e-11
1.154700000000053478e+03,1.484500701069454610e-11
1.154800000000053387e+03,1.501513164340693371e-11
1.154900000000053296e+03,1.518631765479847485e-11
1.155000000000053433e+03,1.535857033696648936e-11
1.155100000000053569e+03,1.550860431316416145e-11
1.155200000000053478e+03,1.565953987269730130e-11
1.155300000000053387e+03,1.581138143404647373e-11
1.155400000000053524e+03,1.596413343456773936e-11
1.155500000000053660e+03,1.611780033003719150e-11
1.155600000000053569e+03,1.627238659363717845e-11
1.155700000000053478e+03,1.642789672236262997e-11
1.155800000000053615e+03,1.658433522815145803e-11
1.155900000000053751e+03,1.674170664518549202e-11
1.156000000000053660e+03,1.690001552779605743e-11
1.156100000000053569e+03,1.703015853007703282e-11
1.156200000000053706e+03,1.716102893832536977e-11
1.156300000000053842e+03,1.729263018981494017e-11
1.156400000000053751e+03,1.742496573603731585e-11
1.156500000000053660e+03,1.755803903975831094e-11
1.156600000000053797e+03,1.769185358478309462e-11
1.156700000000053933e+03,1.782641286610736515e-11
1.156800000000053842e+03,1.796172039329269913e-11
1.156900000000053751e+03,1.809777968878046981e-11
1.157000000000053888e+03,1.823459429115501649e-11
1.157100000000054024e+03,1.833794359641163575e-11
1.157200000000053933e+03,1.844179821580631060e-11
1.157300000000053842e+03,1.854616036014596314e-11
1.157400000000053979e+03,1.865103224900425350e-11
1.157500000000054115e+03,1.875641611075288018e-11
1.157600000000054024e+03,1.886231418259416650e-11
1.157700000000053933e+03,1.896872871059297484e-11
1.157800000000054069e+03,1.907566195107937885e-11
1.157900000000054206e+03,1.918311616922890159e-11
1.158000000000054115e+03,1.929109363527050957e-11
1.158100000000054024e+03,1.936137957052393890e-11
1.158200000000054160e+03,1.943190708137482014e-11
1.158300000000054297e+03,1.950267694981379360e-11
1.158400000000054206e+03,1.957368995006142699e-11
1.158500000000054115e+03,1.964494686375709645e-11
1.158600000000054251e+03,1.971644847486608397e-11
1.158700000000054388e+03,1.978819556877023129e-11
1.158800000000054297e+03,1.986018893163959601e-11
1.158900000000054206e+03,1.993242935352244943e-11
1.159000000000054342e+03,2.000491762856057611e-11
1.159100000000054479e+03,2.003697326455311061e-11
1.159200000000054388e+03,2.006897474717101582e-11
1.159300000000054297e+03,2.010092126657452556e-11
1.159400000000054433e+03,2.013281200792476878e-11
1.159500000000054570e+03,2.016464615313560251e-11
1.159600000000054479e+03,2.019642287932648351e-11
1.159700000000054388e+03,2.022814135880112321e-11
1.159800000000054524e+03,2.025980075902524104e-11
1.159900000000054661e+03,2.029140024260619510e-11
1.160000000000054570e+03,2.032293896724873772e-11
1.160100000000054479e+03,2.031321836805396045e-11
1.160200000000054615e+03,2.030312881140675628e-11
1.160300000000054752e+03,2.029266782366639074e-11
1.160400000000054661e+03,2.028183291689747257e-11
1.160500000000054570e+03,2.027062159100400859e-11
1.160600000000054706e+03,2.025903133367927206e-11
1.160700000000054843e+03,2.024705962035586488e-11
1.160800000000054752e+03,2.023470390941063232e-11
1.160900000000054661e+03,2.022196165502831032e-11
1.161000000000054797e+03,2.020883030048656699e-11
1.161100000000054933e+03,2.015574252749137930e-11
1.161200000000054843e+03,2.010196664538328842e-11
1.161300000000054752e+03,2.004749850578819461e-11
1.161400000000054888e+03,1.999233394089344762e-11
1.161500000000055024e+03,1.993646875949751962e-11
1.161600000000054933e+03,1.987989875773638583e-11
1.161700000000054843e+03,1.982261970982835570e-11
1.161800000000054979e+03,1.976462736943046820e-11
1.161900000000055115e+03,1.970591746914234176e-11
1.162000000000055024e+03,1.964648572063197683e-11
1.162100000000054933e+03,1.955072522356423489e-11
1.162200000000055070e+03,1.945397044051742846e-11
1.162300000000055206e+03,1.935621563786457501e-11
1.162400000000055115e+03,1.925745505565931387e-11
1.162500000000055024e+03,1.915768290753151994e-11
1.162600000000055161e+03,1.905689338058496590e-11
1.162700000000055297e+03,1.895508063529204089e-11
1.162800000000055206e+03,1.885223880445795235e-11
1.162900000000055115e+03,1.874836199880565564e-11
1.163000000000055252e+03,1.864344429536227056e-11
1.163100000000055388e+03,1.850811567662595075e-11
1.163200000000055297e+03,1.837151715024570700e-11
1.163300000000055206e+03,1.823364157317582193e-11
1.163400000000055343e+03,1.809448177323530919e-11
1.163500000000055479e+03,1.795403054707237709e-11
1.163600000000055388e+03,1.781228065675576913e-11
1.163700000000055297e+03,1.766922483161177709e-11
1.163800000000055434e+03,1.752485576809762096e-11
1.163900000000055570e+03,1.737916612967342661e-11
1.164000000000055479e+03,1.723214854666332406e-11
1.164100000000055388e+03,1.706292806071582349e-11
1.164200000000055525e+03,1.689221093424113104e-11
1.164300000000055661e+03,1.671998889308504301e-11
1.164400000000055570e+03,1.654625362300814764e-11
1.164500000000055479e+03,1.637099677491054996e-11
1.164600000000055616e+03,1.619420996224447985e-11
1.164700000000055752e+03,1.601588476087221734e-11
1.164800000000055661e+03,1.583601270891918727e-11
1.164900000000055570e+03,1.565458530662636895e-11
1.165000000000055707e+03,1.547159401620002715e-11
1.165100000000055843e+03,1.527623390052678971e-11
1.165200000000055752e+03,1.507921336427781697e-11
1.165300000000055661e+03,1.488052334394480972e-11
1.165400000000055797e+03,1.468015473280047080e-11
1.165500000000055934e+03,1.447809838354351370e-11
1.165600000000055843e+03,1.427434510814145617e-11
1.165700000000055752e+03,1.406888567767301170e-11
1.165800000000055888e+03,1.386171082217152616e-11
1.165900000000056025e+03,1.365281123046814142e-11
1.166000000000055934e+03,1.344217754942655641e-11
1.166100000000055843e+03,1.214243662706716452e-11
1.166200000000055979e+03,1.083294944058638200e-11
1.166300000000056116e+03,9.513664829763952498e-12
1.166400000000056025e+03,8.184531410196160701e-12
1.166500000000055934e+03,6.845497572312737048e-12
1.166600000000056070e+03,5.496511482365137430e-12
1.166700000000056207e+03,4.137521080616104135e-12
1.166800000000056116e+03,2.768474080476506913e-12
1.166900000000056025e+03,1.389317967618639287e-12
1.167000000000056161e+03,7.257869145815944694e-22
1.167100000000056298e+03,1.297066884500339031e-12
1.167200000000056207e+03,2.603648930924979519e-12
1.167300000000056116e+03,3.919795649471922153e-12
1.167400000000056252e+03,5.245556764596624836e-12
1.167500000000056389e+03,6.580982216545090263e-12
1.167600000000056298e+03,7.926122162175403294e-12
1.167700000000056207e+03,9.281026975783063731e-12
1.167800000000056343e+03,1.064574724991553628e-11
1.167900000000056480e+03,1.202033379302417234e-11
1.168000000000056389e+03,1.340483763812440333e-11
1.168100000000056298e+03,1.369258384732077533e-11
1.168200000000056434e+03,1.398224714443964314e-11
1.168300000000056571e+03,1.427383715245686341e-11
1.168400000000056480e+03,1.456736354030489338e-11
1.168500000000056389e+03,1.486283600773746989e-11
1.168600000000056525e+03,1.516026430088506702e-11
1.168700000000056662e+03,1.545965820729548476e-11
1.168800000000056571e+03,1.576102755608901799e-11
1.168900000000056480e+03,1.606438221811453195e-11
1.169000000000056616e+03,1.636973210610465226e-11
1.169100000000056752e+03,1.667747848531961135e-11
1.169200000000056662e+03,1.698724270042727975e-11
1.169300000000056571e+03,1.729903480332260317e-11
1.169400000000056707e+03,1.761286488845832038e-11
1.169500000000056843e+03,1.792874309300130034e-11
1.169600000000056752e+03,1.824667959699269858e-11
1.169700000000056662e+03,1.856668462350792294e-11
1.169800000000056798e+03,1.888876843975458012e-11
1.169900000000056934e+03,1.921294135685621322e-11
1.170000000000056843e+03,1.953921372563329928e-11
1.170100000000056752e+03,1.985927255924790662e-11
1.170200000000056889e+03,2.018139164321254247e-11
1.170300000000057025e+03,2.050558115556821376e-11
1.170400000000056934e+03,2.083185131721391600e-11
1.170500000000056843e+03,2.116021239206661186e-11
1.170600000000056980e+03,2.149067468721972676e-11
1.170700000000057116e+03,2.182324855309965084e-11
1.170800000000057025e+03,2.215794438362833803e-11
1.170900000000056934e+03,2.249477261638584064e-11
1.171000000000057071e+03,2.283374373275761859e-11
1.171100000000057207e+03,2.315662940451069677e-11
1.171200000000057116e+03,2.348154751968565540e-11
1.171300000000057025e+03,2.380850802033271131e-11
1.171400000000057162e+03,2.413752089011189310e-11
1.171500000000057298e+03,2.446859615444382060e-11
1.171600000000057207e+03,2.480174388066501783e-11
1.171700000000057116e+03,2.513697417818435340e-11
1.171800000000057253e+03,2.547429719863530649e-11
1.171900000000057389e+03,2.581372313602943139e-11
1.172000000000057298e+03,2.615526223389509746e-11
1.172100000000057207e+03,2.646986303538320503e-11
1.172200000000057344e+03,2.678638711512914034e-11
1.172300000000057480e+03,2.710484375815586997e-11
1.172400000000057389e+03,2.742524228317762394e-11
1.172500000000057298e+03,2.774759204420759878e-11
1.172600000000057435e+03,2.807190245492242679e-11
1.172700000000057571e+03,2.839818295536499950e-11
1.172800000000057480e+03,2.872644302469115614e-11
1.172900000000057389e+03,2.905669218131067267e-11
1.173000000000057526e+03,2.938893999891590567e-11
1.173100000000057662e+03,2.968322175911213904e-11
1.173200000000057571e+03,2.997923164818102683e-11
1.173300000000057480e+03,3.027697785528442685e-11
1.173400000000057616e+03,3.057646860668612317e-11
1.173500000000057753e+03,3.087771215317058989e-11
1.173600000000057662e+03,3.118071678429113195e-11
1.173700000000057571e+03,3.148549082356911632e-11
1.173800000000057707e+03,3.179204262861850140e-11
1.173900000000057844e+03,3.210038059126617890e-11
1.174000000000057753e+03,3.241051313764811419e-11
1.174100000000057662e+03,3.267185872305696704e-11
1.174200000000057798e+03,3.293464933063412510e-11
1.174300000000057935e+03,3.319889159760562780e-11
1.174400000000057844e+03,3.346459220941240554e-11
1.174500000000057753e+03,3.373175786767067291e-11
1.174600000000057889e+03,3.400039530097230973e-11
1.174700000000058026e+03,3.427051126497776366e-11
1.174800000000057935e+03,3.454211254251518270e-11
1.174900000000057844e+03,3.481520594367843607e-11
1.175000000000057980e+03,3.508979830588898475e-11
1.175100000000058117e+03,3.530564883287002581e-11
1.175200000000058026e+03,3.552257625500921489e-11
1.175300000000057935e+03,3.574058526298922783e-11
1.175400000000058071e+03,3.595968056099664491e-11
1.175500000000058208e+03,3.617986687339616749e-11
1.175600000000058117e+03,3.640114895934045648e-11
1.175700000000058026e+03,3.662353155810534576e-11
1.175800000000058162e+03,3.684701944735256072e-11
1.175900000000058299e+03,3.707161742327052694e-11
1.176000000000058208e+03,3.729733030060139579e-11
1.176100000000058117e+03,3.745596821507208839e-11
1.176200000000058253e+03,3.761523845969753379e-11
1.176300000000058390e+03,3.777514339082148000e-11
1.176400000000058299e+03,3.793568536980977936e-11
1.176500000000058208e+03,3.809686676872228194e-11
1.176600000000058344e+03,3.825868997339777984e-11
1.176700000000058481e+03,3.842115735916338316e-11
1.176800000000058390e+03,3.858427132013125399e-11
1.176900000000058299e+03,3.874803426636427851e-11
1.177000000000058435e+03,3.891244860095113114e-11
1.177100000000058571e+03,3.900375628225306744e-11
1.177200000000058481e+03,3.909518924191810242e-11
1.177300000000058390e+03,3.918674720809513078e-11
1.177400000000058526e+03,3.927842990581544869e-11
1.177500000000058662e+03,3.937023705697423276e-11
1.177600000000058571e+03,3.946216838031648441e-11
1.177700000000058481e+03,3.955422359142026652e-11
1.177800000000058617e+03,3.964640240268151694e-11
1.177900000000058753e+03,3.973870451633385903e-11
1.178000000000058662e+03,3.983112963822609608e-11
1.178100000000058571e+03,3.984741436526813068e-11
1.178200000000058708e+03,3.986327439895166667e-11
1.178300000000058844e+03,3.987870665597996361e-11
1.178400000000058753e+03,3.989370805114536459e-11
1.178500000000058662e+03,3.990827545882469141e-11
1.178600000000058799e+03,3.992240574950973120e-11
1.178700000000058935e+03,3.993609577938411443e-11
1.178800000000058844e+03,3.994934238413425264e-11
1.178900000000058753e+03,3.996214238564617330e-11
1.179000000000058890e+03,3.997449260291108842e-11
1.179100000000059026e+03,3.991124368408618077e-11
1.179200000000058935e+03,3.984700161894809489e-11
1.179300000000058844e+03,3.978176047767384819e-11
1.179400000000058981e+03,3.971551428116432675e-11
1.179500000000059117e+03,3.964825702313993377e-11
1.179600000000059026e+03,3.957998267003512410e-11
1.179700000000058935e+03,3.951068515751990942e-11
1.179800000000059072e+03,3.944035838990163859e-11
1.179900000000059208e+03,3.936899626179158506e-11
1.180000000000059117e+03,3.929659262940012525e-11
1.180100000000059026e+03,3.915306059138366459e-11
1.180200000000059163e+03,3.900797536248746638e-11
1.180300000000059299e+03,3.886132819242010435e-11
1.180400000000059208e+03,3.871311028595529734e-11
1.180500000000059117e+03,3.856331282569285667e-11
1.180600000000059254e+03,3.841192695111758133e-11
1.180700000000059390e+03,3.825894376127313878e-11
1.180800000000059299e+03,3.810435431592683213e-11
1.180900000000059208e+03,3.794814963542305350e-11
1.181000000000059345e+03,3.779032070049968865e-11
1.181100000000059481e+03,3.757001356298459234e-11
1.181200000000059390e+03,3.734763083962681883e-11
1.181300000000059299e+03,3.712316120907862974e-11
1.181400000000059435e+03,3.689659330067687718e-11
1.181500000000059572e+03,3.666791569425927271e-11
1.181600000000059481e+03,3.643711690720179506e-11
1.181700000000059390e+03,3.620418543250438611e-11
1.181800000000059526e+03,3.596910970063959098e-11
1.181900000000059663e+03,3.573187809161084159e-11
1.182000000000059572e+03,3.549247894026859132e-11
1.182100000000059481e+03,3.520303593584524163e-11
1.182200000000059617e+03,3.491106194687816180e-11
1.182300000000059754e+03,3.461654344223063401e-11
1.182400000000059663e+03,3.431946683245028245e-11
1.182500000000059572e+03,3.401981845917270219e-11
1.182600000000059708e+03,3.371758462445520306e-11
1.182700000000059845e+03,3.341275157940963550e-11
1.182800000000059754e+03,3.310530548470855527e-11
1.182900000000059663e+03,3.279523245862795100e-11
1.183000000000059799e+03,3.248251856207703928e-11
1.183100000000059936e+03,3.213590156671939389e-11
1.183200000000059845e+03,3.178639433676358702e-11
1.183300000000059754e+03,3.143398164169626771e-11
1.183400000000059890e+03,3.107864816038154401e-11
1.183500000000060027e+03,3.072037853480761836e-11
1.183600000000059936e+03,3.035915733928148303e-11
1.183700000000059845e+03,2.999496907916438066e-11
1.183800000000059981e+03,2.962779819542763719e-11
1.183900000000060118e+03,2.925762907022186862e-11
1.184000000000060027e+03,2.888444599969509578e-11
1.184100000000059936e+03,2.849626882268600650e-11
1.184200000000060072e+03,2.810496177783059352e-11
1.184300000000060209e+03,2.771050855010269157e-11
1.184400000000060118e+03,2.731289275519702223e-11
1.184500000000060027e+03,2.691209793927150788e-11
1.184600000000060163e+03,2.650810757869677804e-11
1.184700000000060299e+03,2.610090507952473499e-11
1.184800000000060209e+03,2.569047376914567793e-11
1.184900000000060118e+03,2.527679692225655264e-11
1.185000000000060254e+03,2.485985773233718549e-11
1.185100000000060390e+03,2.245290366079108310e-11
1.185200000000060299e+03,2.002862101280728236e-11
1.185300000000060209e+03,1.758692266728516661e-11
1.185400000000060345e+03,1.512772114018594949e-11
1.185500000000060481e+03,1.265092858323874645e-11
1.185600000000060390e+03,1.015645678261714546e-11
1.185700000000060299e+03,7.644217157612076562e-12
1.185800000000060436e+03,5.114120759323709710e-12
1.185900000000060572e+03,2.566078269348982886e-12
1.186000000000060481e+03,1.635876283274201947e-21
1.186100000000060390e+03,2.714293270799423380e-12
1.186200000000060527e+03,5.447717671395100448e-12
1.186300000000060663e+03,8.200368561680051263e-12
1.186400000000060572e+03,1.097234169489267978e-11
1.186500000000060481e+03,1.376373322068076031e-11
1.186600000000060618e+03,1.657463969054015610e-11
1.186700000000060754e+03,1.940515804449624289e-11
1.186800000000060663e+03,2.225538563276454453e-11
1.186900000000060572e+03,2.512542020483157559e-11
1.187000000000060709e+03,2.801535991022756223e-11
1.187100000000060845e+03,2.857378970841758196e-11
1.187200000000060754e+03,2.913578088624746941e-11
1.187300000000060663e+03,2.970135054268275785e-11
1.187400000000060800e+03,3.027051584604787459e-11
1.187500000000060936e+03,3.084329404137871678e-11
1.187600000000060845e+03,3.141970243365184885e-11
1.187700000000060754e+03,3.199975839685655417e-11
1.187800000000060891e+03,3.258347937921679395e-11
1.187900000000061027e+03,3.317088289954543454e-11
1.188000000000060936e+03,3.376198654749552938e-11
1.188100000000060845e+03,3.435349844196011918e-11
1.188200000000060982e+03,3.494872229249853355e-11
1.188300000000061118e+03,3.554767578399424765e-11
1.188400000000061027e+03,3.615037667267601445e-11
1.188500000000060936e+03,3.675684277915328830e-11
1.188600000000061073e+03,3.736709200532668530e-11
1.188700000000061209e+03,3.798114232756488068e-11
1.188800000000061118e+03,3.859901178999213499e-11
1.188900000000061027e+03,3.922071850934212539e-11
1.189000000000061164e+03,3.984628067519968911e-11
1.189100000000061300e+03,4.045611755545824627e-11
1.189200000000061209e+03,4.106970884993894862e-11
1.189300000000061118e+03,4.168707228499654001e-11
1.189400000000061254e+03,4.230822565805476377e-11
1.189500000000061391e+03,4.293318683785314689e-11
1.189600000000061300e+03,4.356197376470078932e-11
1.189700000000061209e+03,4.419460445072548109e-11
1.189800000000061345e+03,4.483109699333966628e-11
1.189900000000061482e+03,4.547146953919431596e-11
1.190000000000061391e+03,4.611574031447579454e-11
1.190100000000061300e+03,4.672647336232017469e-11
1.190200000000061436e+03,4.734088026024014446e-11
1.190300000000061573e+03,4.795897816418806180e-11
1.190400000000061482e+03,4.858078433035553058e-11
1.190500000000061391e+03,4.920631604489839754e-11
1.190600000000061527e+03,4.983559067646632070e-11
1.190700000000061664e+03,5.046862566275910051e-11
1.190800000000061573e+03,5.110543851076840395e-11
1.190900000000061482e+03,5.174604679490961593e-11
1.191000000000061618e+03,5.239046816013958637e-11
1.191100000000061755e+03,5.298204033755565342e-11
1.191200000000061664e+03,5.357706703307074300e-11
1.191300000000061573e+03,5.417556415190516559e-11
1.191400000000061709e+03,5.477754764707655796e-11
1.191500000000061846e+03,5.538303358076938866e-11
1.191600000000061755e+03,5.599203808010061526e-11
1.191700000000061664e+03,5.660457731960493618e-11
1.191800000000061800e+03,5.722066753755403671e-11
1.191900000000061937e+03,5.784032503617185625e-11
1.192000000000061846e+03,5.846356618181442907e-11
1.192100000000061755e+03,5.901394491170070005e-11
1.192200000000061891e+03,5.956740851176494549e-11
1.192300000000062028e+03,6.012397092639753988e-11
1.192400000000061937e+03,6.068364615093793600e-11
1.192500000000061846e+03,6.124644824278983981e-11
1.192600000000061982e+03,6.181239131414959491e-11
1.192700000000062118e+03,6.238148953219374575e-11
1.192800000000062028e+03,6.295375711927000003e-11
1.192900000000061937e+03,6.352920835308543814e-11
1.193000000000062073e+03,6.410785758696965934e-11
1.193100000000062209e+03,6.459483643115373524e-11
1.193200000000062118e+03,6.508438264634699402e-11
1.193300000000062028e+03,6.557650749598368735e-11
1.193400000000062164e+03,6.607122228661857864e-11
1.193500000000062300e+03,6.656853836807321184e-11
1.193600000000062209e+03,6.706846713358548896e-11
1.193700000000062118e+03,6.757102001995383214e-11
1.193800000000062255e+03,6.807620850768679993e-11
1.193900000000062391e+03,6.858404412114647391e-11
1.194000000000062300e+03,6.909453842337613707e-11
1.194100000000062209e+03,6.949585661139755197e-11
1.194200000000062346e+03,6.989908034100731210e-11
1.194300000000062482e+03,7.030421750626845270e-11
1.194400000000062391e+03,7.071127602676470230e-11
1.194500000000062300e+03,7.112026384691680495e-11
1.194600000000062437e+03,7.153118895978917896e-11
1.194700000000062573e+03,7.194405937646745793e-11
1.194800000000062482e+03,7.235888313753240357e-11
1.194900000000062391e+03,7.277566831316344537e-11
1.195000000000062528e+03,7.319442300314808983e-11
1.195100000000062664e+03,7.348947618767384345e-11
1.195200000000062573e+03,7.378564413602845961e-11
1.195300000000062482e+03,7.408293077394160352e-11
1.195400000000062619e+03,7.438134003991544919e-11
1.195500000000062755e+03,7.468087588525677140e-11
1.195600000000062664e+03,7.498154227411767142e-11
1.195700000000062573e+03,7.528334318353488107e-11
1.195800000000062710e+03,7.558628260346710209e-11
1.195900000000062846e+03,7.589036453683000628e-11
1.196000000000062755e+03,7.619559299945469550e-11
1.196100000000062664e+03,7.636656445480677505e-11
1.196200000000062801e+03,7.653775383732204397e-11
1.196300000000062937e+03,7.670916062649290129e-11
1.196400000000062846e+03,7.688078429643114293e-11
1.196500000000062755e+03,7.705262431584070357e-11
1.196600000000062892e+03,7.722468013806602757e-11
1.196700000000063028e+03,7.739695121221440418e-11
1.196800000000062937e+03,7.756943700905753864e-11
1.196900000000062846e+03,7.774213697539922899e-11
1.197000000000062983e+03,7.791505055241432211e-11
1.197100000000063119e+03,7.794836336977756532e-11
1.197200000000063028e+03,7.798092369058499009e-11
1.197300000000062937e+03,7.801272623697020494e-11
1.197400000000063073e+03,7.804376570642369916e-11
1.197500000000063210e+03,7.807403678758448326e-11
1.197600000000063119e+03,7.810353413802488697e-11
1.197700000000063028e+03,7.813225235529934123e-11
1.197800000000063164e+03,7.816018603738715056e-11
1.197900000000063301e+03,7.818732975868110712e-11
1.198000000000063210e+03,7.821367808070618762e-11
1.198100000000063119e+03,7.810106588496023300e-11
1.198200000000063255e+03,7.798669618321148364e-11
1.198300000000063392e+03,7.787055882507522847e-11
1.198400000000063301e+03,7.775264361858791546e-11
1.198500000000063210e+03,7.763294034852591931e-11
1.198600000000063346e+03,7.751143870503856957e-11
1.198700000000063483e+03,7.738812835997072283e-11
1.198800000000063392e+03,7.726299894031979050e-11
1.198900000000063301e+03,7.713604002807720455e-11
1.199000000000063437e+03,7.700724115997652803e-11
1.199100000000063574e+03,7.674705664235201611e-11
1.199200000000063483e+03,7.648412205130110039e-11
1.199300000000063392e+03,7.621842248105486282e-11
1.199400000000063528e+03,7.594994296273912536e-11
1.199500000000063665e+03,7.567866846414733726e-11
1.199600000000063574e+03,7.540458390563528991e-11
1.199700000000063483e+03,7.512767412113279883e-11
1.199800000000063619e+03,7.484792387734590020e-11
1.199900000000063756e+03,7.456531788646770886e-11
1.200000000000063665e+03,7.427984079614723780e-11
1.200100000000063574e+03,7.387745407824422734e-11
1.200200000000063710e+03,7.347138394203815251e-11
1.200300000000063847e+03,7.306161108490354705e-11
1.200400000000063756e+03,7.264811608186853439e-11
1.200500000000063665e+03,7.223087944112529005e-11
1.200600000000063801e+03,7.180988159446972072e-11
1.200700000000063937e+03,7.138510289961467488e-11
1.200800000000063847e+03,7.095652363786821486e-11
1.200900000000063756e+03,7.052412397589148024e-11
1.201000000000063892e+03,7.008788401816313528e-11
1.201100000000064028e+03,6.955616475327307075e-11
1.201200000000063937e+03,6.901993746521522378e-11
1.201300000000063847e+03,6.847917897554593359e-11
1.201400000000063983e+03,6.793386600722662517e-11
1.201500000000064119e+03,6.738397515841439768e-11
1.201600000000064028e+03,6.682948300113417672e-11
1.201700000000063937e+03,6.627036599215456568e-11
1.201800000000064074e+03,6.570660044939363037e-11
1.201900000000064210e+03,6.513816261599830624e-11
1.202000000000064119e+03,6.456502863748817028e-11
1.202100000000064028e+03,6.392364917960582049e-11
1.202200000000064165e+03,6.327709140522629001e-11
1.202300000000064301e+03,6.262532907156255439e-11
1.202400000000064210e+03,6.196833582851358384e-11
1.202500000000064119e+03,6.130608521848671909e-11
1.202600000000064256e+03,6.063855069905948630e-11
1.202700000000064392e+03,5.996570557183206065e-11
1.202800000000064301e+03,5.928752305367246173e-11
1.202900000000064210e+03,5.860397625225170469e-11
1.203000000000064347e+03,5.791503816564108602e-11
1.203100000000064483e+03,5.719129789694953366e-11
1.203200000000064392e+03,5.646191206520628905e-11
1.203300000000064301e+03,5.572685239065529211e-11
1.203400000000064438e+03,5.498609046028882049e-11
1.203500000000064574e+03,5.423959774384841323e-11
1.203600000000064483e+03,5.348734560290920085e-11
1.203700000000064392e+03,5.272930528292438594e-11
1.203800000000064529e+03,5.196544791282886213e-11
1.203900000000064665e+03,5.119574451112627464e-11
1.204000000000064574e+03,5.042016597715039991e-11
1.204100000000064483e+03,4.553248623313466846e-11
1.204200000000064620e+03,4.061094812114387106e-11
1.204300000000064756e+03,3.565538826745503745e-11
1.204400000000064665e+03,3.066564264800024492e-11
1.204500000000064574e+03,2.564154658612297811e-11
1.204600000000064711e+03,2.058293475036824172e-11
1.204700000000064847e+03,1.548964115227320307e-11
1.204800000000064756e+03,1.036149914410135217e-11
1.204900000000064665e+03,5.198341416570215561e-12
1.205000000000064801e+03,3.225088936310498036e-21
1.205100000000064938e+03,4.993762112839988525e-12
1.205200000000064847e+03,1.002140801344234236e-11
1.205300000000064756e+03,1.508309979485012265e-11
1.205400000000064892e+03,2.017900018828838880e-11
1.205500000000065029e+03,2.530927256854621602e-11
1.205600000000064938e+03,3.047408095618708266e-11
1.205700000000064847e+03,3.567359000067942150e-11
1.205800000000064983e+03,4.090796501427995391e-11
1.205900000000065120e+03,4.617737198261153010e-11
1.206000000000065029e+03,5.148197752835375502e-11
1.206100000000064938e+03,5.251025991406601204e-11
1.206200000000065074e+03,5.354487743118136286e-11
1.206300000000065211e+03,5.458585930193778672e-11
1.206400000000065120e+03,5.563323484949684558e-11
1.206500000000065029e+03,5.668703352190265395e-11
1.206600000000065165e+03,5.774728488122214130e-11
1.206700000000065302e+03,5.881401858070125738e-11
1.206800000000065211e+03,5.988726443199248685e-11
1.206900000000065120e+03,6.096705234330221211e-11
1.207000000000065256e+03,6.205341232118188895e-11
1.207100000000065393e+03,6.314901704747146009e-11
1.207200000000065302e+03,6.425126908625896312e-11
1.207300000000065211e+03,6.536019886301837312e-11
1.207400000000065347e+03,6.647583692047410011e-11
1.207500000000065484e+03,6.759821391897853231e-11
1.207600000000065393e+03,6.872736063691178416e-11
1.207700000000065302e+03,6.986330797108127623e-11
1.207800000000065438e+03,7.100608693710851967e-11
1.207900000000065575e+03,7.215572866981743880e-11
1.208000000000065484e+03,7.331226442362456767e-11
1.208100000000065393e+03,7.445079294615303435e-11
1.208200000000065529e+03,7.559610676575040988e-11
1.208300000000065666e+03,7.674823666426600418e-11
1.208400000000065575e+03,7.790721354139047924e-11
1.208500000000065484e+03,7.907306841505809152e-11
1.208600000000065620e+03,8.024583242182457133e-11
1.208700000000065756e+03,8.142553681726093837e-11
1.208800000000065666e+03,8.261221297168929516e-11
1.208900000000065575e+03,8.380589235499391696e-11
1.209000000000065711e+03,8.500660661056279741e-11
1.209100000000065847e+03,8.615900652248054078e-11
1.209200000000065756e+03,8.731812855489235571e-11
1.209300000000065666e+03,8.848400288207213478e-11
1.209400000000065802e+03,8.965665979293563974e-11
1.209500000000065938e+03,9.083612969140913968e-11
1.209600000000065847e+03,9.202244309682042192e-11
1.209700000000065756e+03,9.321563064427561156e-11
1.209800000000065893e+03,9.441572315132621942e-11
1.209900000000066029e+03,9.562275150368170690e-11
1.210000000000065938e+03,9.683674660743886210e-11
1.210100000000065847e+03,9.796920059019648415e-11
1.210200000000065984e+03,9.910808785176179171e-11
1.210300000000066120e+03,1.002534369053220344e-10
1.210400000000066029e+03,1.014052763714613922e-10
1.210500000000065938e+03,1.025636349785139098e-10
1.210600000000066075e+03,1.037285415629068415e-10
1.210700000000066211e+03,1.049000251266625249e-10
1.210800000000066120e+03,1.060781147002056167e-10
1.210900000000066029e+03,1.072628394149103092e-10
1.211000000000066166e+03,1.084542285430790291e-10
1.211100000000066302e+03,1.095295015354380155e-10
1.211200000000066211e+03,1.106106763432339511e-10
1.211300000000066120e+03,1.116977787243118333e-10
1.211400000000066257e+03,1.127908344718798974e-10
1.211500000000066393e+03,1.138898695122832179e-10
1.211600000000066302e+03,1.149949098683968950e-10
1.211700000000066211e+03,1.161059816599344639e-10
1.211800000000066348e+03,1.172231111037571961e-10
1.211900000000066484e+03,1.183463245141859196e-10
1.212000000000066393e+03,1.194756482866031726e-10
1.212100000000066302e+03,1.204536055219905049e-10
1.212200000000066439e+03,1.214366752784961988e-10
1.212300000000066575e+03,1.224248793271763579e-10
1.212400000000066484e+03,1.234182395189974891e-10
1.212500000000066393e+03,1.244167777851024930e-10
1.212600000000066530e+03,1.254205161370540618e-10
1.212700000000066666e+03,1.264294766670923980e-10
1.212800000000066575e+03,1.274436815483974560e-10
1.212900000000066484e+03,1.284631530353463768e-10
1.213000000000066620e+03,1.294879135452175545e-10
1.213100000000066757e+03,1.303296833391409058e-10
1.213200000000066666e+03,1.311755332495608879e-10
1.213300000000066575e+03,1.320254799837452646e-10
1.213400000000066711e+03,1.328795403087467698e-10
1.213500000000066848e+03,1.337377310515957369e-10
1.213600000000066757e+03,1.346000690994935557e-10
1.213700000000066666e+03,1.354665713999972632e-10
1.213800000000066802e+03,1.363372549612111905e-10
1.213900000000066939e+03,1.372121368519714764e-10
1.214000000000066848e+03,1.380912341403456017e-10
1.214100000000066757e+03,1.387587651310314307e-10
1.214200000000066893e+03,1.394291125075703877e-10
1.214300000000067030e+03,1.401022868837630502e-10
1.214400000000066939e+03,1.407782988860207779e-10
1.214500000000066848e+03,1.414571591748678589e-10
1.214600000000066984e+03,1.421388785193985440e-10
1.214700000000067121e+03,1.428234676775269109e-10
1.214800000000067030e+03,1.435109374434638520e-10
1.214900000000066939e+03,1.442012986478327241e-10
1.215000000000067075e+03,1.448945621576157632e-10
1.215100000000067212e+03,1.453535417105814560e-10
1.215200000000067121e+03,1.458138732422640034e-10
1.215300000000067030e+03,1.462755603999444697e-10
1.215400000000067166e+03,1.467386068396891976e-10
1.215500000000067303e+03,1.472030162263596054e-10
1.215600000000067212e+03,1.476687922336391993e-10
1.215700000000067121e+03,1.481359385440453608e-10
1.215800000000067257e+03,1.486044588980743700e-10
1.215900000000067394e+03,1.490743569759387733e-10
1.216000000000067303e+03,1.495456364583940831e-10
1.216100000000067212e+03,1.497676176947950127e-10
1.216200000000067348e+03,1.499893299008190847e-10
1.216300000000067485e+03,1.502107689312581265e-10
1.216400000000067394e+03,1.504319309866369499e-10
1.216500000000067303e+03,1.506528120509491164e-10
1.216600000000067439e+03,1.508734080874415415e-10
1.216700000000067575e+03,1.510937150792220576e-10
1.216800000000067485e+03,1.513137289475685554e-10
1.216900000000067394e+03,1.515334455532013693e-10
1.217000000000067530e+03,1.517528607754070574e-10
1.217100000000067666e+03,1.517173370580186563e-10
1.217200000000067575e+03,1.516798234109180681e-10
1.217300000000067485e+03,1.516403078540701431e-10
1.217400000000067621e+03,1.515987783562441274e-10
1.217500000000067757e+03,1.515552228348461333e-10
1.217600000000067666e+03,1.515096291557415023e-10
1.217700000000067575e+03,1.514619851330626144e-10
1.217800000000067712e+03,1.514122785290481055e-10
1.217900000000067848e+03,1.513604970538463339e-10
1.218000000000067757e+03,1.513066283651744532e-10
1.218100000000067666e+03,1.510031191965946134e-10
1.218200000000067803e+03,1.506958682183665567e-10
1.218300000000067939e+03,1.503848553606913239e-10
1.218400000000067848e+03,1.500700604986623822e-10
1.218500000000067757e+03,1.497514634460266150e-10
1.218600000000067894e+03,1.494290439563794950e-10
1.218700000000068030e+03,1.491027815945303561e-10
1.218800000000067939e+03,1.487726559058031554e-10
1.218900000000067848e+03,1.484386463523775325e-10
1.219000000000067985e+03,1.481007323703733184e-10
1.219100000000068121e+03,1.475301549529684481e-10
1.219200000000068030e+03,1.469541289966714182e-10
1.219300000000067939e+03,1.463726266912502662e-10
1.219400000000068076e+03,1.457856201057406171e-10
1.219500000000068212e+03,1.451930811432609674e-10
1.219600000000068121e+03,1.445949817341309245e-10
1.219700000000068030e+03,1.439912936222313406e-10
1.219800000000068167e+03,1.433819884390291966e-10
1.219900000000068303e+03,1.427670376570048007e-10
1.220000000000068212e+03,1.421464126904213344e-10
1.220100000000068121e+03,1.413220515529113653e-10
1.220200000000068258e+03,1.404906608910439358e-10
1.220300000000068394e+03,1.396522057918914368e-10
1.220400000000068303e+03,1.388066512052011202e-10
1.220500000000068212e+03,1.379539619216132619e-10
1.220600000000068349e+03,1.370941025458668433e-10
1.220700000000068485e+03,1.362270377039904843e-10
1.220800000000068394e+03,1.353527317919233406e-10
1.220900000000068303e+03,1.344711490659897676e-10
1.221000000000068439e+03,1.335822536423511056e-10
1.221100000000068576e+03,1.325303150941343309e-10
1.221200000000068485e+03,1.314699736046978660e-10
1.221300000000068394e+03,1.304011881906443718e-10
1.221400000000068530e+03,1.293239177089795064e-10
1.221500000000068667e+03,1.282381208565932310e-10
1.221600000000068576e+03,1.271437561697361013e-10
1.221700000000068485e+03,1.260407820234771282e-10
1.221800000000068621e+03,1.249291566311932520e-10
1.221900000000068758e+03,1.238088380440361213e-10
1.222000000000068667e+03,1.226797841503319996e-10
1.222100000000068576e+03,1.214376894198945857e-10
1.222200000000068712e+03,1.201860948448219270e-10
1.222300000000068849e+03,1.189249547200778274e-10
1.222400000000068758e+03,1.176542231528307854e-10
1.222500000000068667e+03,1.163738540730366970e-10
1.222600000000068803e+03,1.150838012328874882e-10
1.222700000000068940e+03,1.137840182062213480e-10
1.222800000000068849e+03,1.124744583879468690e-10
1.222900000000068758e+03,1.111550749934538099e-10
1.223000000000068894e+03,1.098258210580022228e-10
1.223100000000069031e+03,1.084435607134014048e-10
1.223200000000068940e+03,1.070510554789491968e-10
1.223300000000068849e+03,1.056482565986496277e-10
1.223400000000068985e+03,1.042351151005502765e-10
1.223500000000069122e+03,1.028115818248648233e-10
1.223600000000069031e+03,1.013776074233591265e-10
1.223700000000068940e+03,9.993314235873091456e-11
1.223800000000069076e+03,9.847813690401214838e-11
1.223900000000069213e+03,9.701254114195354686e-11
1.224000000000069122e+03,9.553630498950296818e-11
1.224100000000069031e+03,8.626221642719801630e-11
1.224200000000069167e+03,7.692676377276634398e-11
1.224300000000069303e+03,6.752966520492729420e-11
1.224400000000069213e+03,5.807063792357135432e-11
1.224500000000069122e+03,4.854939806487972834e-11
1.224600000000069258e+03,3.896566069797383542e-11
1.224700000000069394e+03,2.931913982154825822e-11
1.224800000000069303e+03,1.960954836041832370e-11
1.224900000000069213e+03,9.836598159692580161e-12
1.225000000000069349e+03,3.522866566842070489e-64
1.225100000000069485e+03,3.571155476475104878e-64
1.225200000000069394e+03,3.620098226300830631e-64
1.225300000000069303e+03,3.669703559532082491e-64
1.225400000000069440e+03,3.719980334817783012e-64
1.225500000000069576e+03,3.770937527748000715e-64
1.225600000000069485e+03,3.822584232377874900e-64
1.225700000000069394e+03,3.874929662770508311e-64
1.225800000000069531e+03,3.927983154561499482e-64
1.225900000000069667e+03,3.981754166540592910e-64
1.226000000000069576e+03,8.110630963892280208e-21
1.226100000000069485e+03,1.169490351604618325e-11
1.226200000000069622e+03,2.346550787862554538e-11
1.226300000000069758e+03,3.531215699790115515e-11
1.226400000000069667e+03,4.723519604932761268e-11
1.226500000000069576e+03,5.923497148288413632e-11
1.226600000000069713e+03,7.131183104607944105e-11
1.226700000000069849e+03,8.346612377667118226e-11
1.226800000000069758e+03,9.569819995425796983e-11
1.226900000000069667e+03,1.080084112738991633e-10
1.227000000000069804e+03,1.203971106820213927e-10
1.227100000000069940e+03,1.224380597194133414e-10
1.227200000000069849e+03,1.244908546116336719e-10
1.227300000000069758e+03,1.265555471121910963e-10
1.227400000000069895e+03,1.286321889580620104e-10
1.227500000000070031e+03,1.307208321463709318e-10
1.227600000000069940e+03,1.328215288826092259e-10
1.227700000000069849e+03,1.349343315622897139e-10
1.227800000000069986e+03,1.370592927715290331e-10
1.227900000000070122e+03,1.391964652876376757e-10
1.228000000000070031e+03,1.413459020796873568e-10
1.228100000000069940e+03,1.434632185827819559e-10
1.228200000000070077e+03,1.455926183518390090e-10
1.228300000000070213e+03,1.477341536986039714e-10
1.228400000000070122e+03,1.498878770553525690e-10
1.228500000000070031e+03,1.520538410442753545e-10
1.228600000000070168e+03,1.542320984780528044e-10
1.228700000000070304e+03,1.564227023604341908e-10
1.228800000000070213e+03,1.586257058868458171e-10
1.228900000000070122e+03,1.608411624449821684e-10
1.229000000000070258e+03,1.630691256153335744e-10
1.229100000000070395e+03,1.652118961114619152e-10
1.229200000000070304e+03,1.673666513620984150e-10
1.229300000000070213e+03,1.695334426853696389e-10
1.229400000000070349e+03,1.717123215840975982e-10
1.229500000000070486e+03,1.739033397463587952e-10
1.229600000000070395e+03,1.761065490460764591e-10
1.229700000000070304e+03,1.783220015435862594e-10
1.229800000000070440e+03,1.805497494862057167e-10
1.229900000000070577e+03,1.827898453291888071e-10
1.230000000000070486e+03,1.850423418146562861e-10
1.230100000000070395e+03,1.871522117873874716e-10
1.230200000000070531e+03,1.892735973264005954e-10
1.230300000000070668e+03,1.914065471874154665e-10
1.230400000000070577e+03,1.935511101085404178e-10
1.230500000000070486e+03,1.957073352305269988e-10
1.230600000000070622e+03,1.978752719784656488e-10
1.230700000000070759e+03,2.000549698078323046e-10
1.230800000000070668e+03,2.022464783504173811e-10
1.230900000000070577e+03,2.044498474148856691e-10
1.231000000000070713e+03,2.066651269871456458e-10
1.231100000000070850e+03,2.086782398391111369e-10
1.231200000000070759e+03,2.107019988602067645e-10
1.231300000000070668e+03,2.127364485621668061e-10
1.231400000000070804e+03,2.147816335583606779e-10
1.231500000000070941e+03,2.168375984838281449e-10
1.231600000000070850e+03,2.189043882394112608e-10
1.231700000000070759e+03,2.209820478846924075e-10
1.231800000000070895e+03,2.230706226384461165e-10
1.231900000000071032e+03,2.251701578791226854e-10
1.232000000000070941e+03,2.272806991451471000e-10
1.232100000000070850e+03,2.291280286985121387e-10
1.232200000000070986e+03,2.309847051257697186e-10
1.232300000000071122e+03,2.328507662329989606e-10
1.232400000000071032e+03,2.347262505559259822e-10
1.232500000000070941e+03,2.366111967149508827e-10
1.232600000000071077e+03,2.385056433029927792e-10
1.232700000000071213e+03,2.404096290475869373e-10
1.232800000000071122e+03,2.423231928113036342e-10
1.232900000000071032e+03,2.442463737399101660e-10
1.233000000000071168e+03,2.461792108943197798e-10
1.233100000000071304e+03,2.477924289343094044e-10
1.233200000000071213e+03,2.494132794721027435e-10
1.233300000000071122e+03,2.510417927864487338e-10
1.233400000000071259e+03,2.526779991207342888e-10
1.233500000000071395e+03,2.543219288216461363e-10
1.233600000000071304e+03,2.559736123394853538e-10
1.233700000000071213e+03,2.576330802284792153e-10
1.233800000000071350e+03,2.593003631470858009e-10
1.233900000000071486e+03,2.609754918582831477e-10
1.234000000000071395e+03,2.626584972169195909e-10
1.234100000000071304e+03,2.639701865014852885e-10
1.234200000000071441e+03,2.652873958873015965e-10
1.234300000000071577e+03,2.666101457498909213e-10
1.234400000000071486e+03,2.679384565312923638e-10
1.234500000000071395e+03,2.692723488741065972e-10
1.234600000000071532e+03,2.706118433668314607e-10
1.234700000000071668e+03,2.719569605103287299e-10
1.234800000000071577e+03,2.733077209738566275e-10
1.234900000000071486e+03,2.746641452215634999e-10
1.235000000000071623e+03,2.760262544453691360e-10
1.235100000000071759e+03,2.769748905315070156e-10
1.235200000000071668e+03,2.779265847322255863e-10
1.235300000000071577e+03,2.788813461930542993e-10
1.235400000000071714e+03,2.798391838736672712e-10
1.235500000000071850e+03,2.808001067898994261e-10
1.235600000000071759e+03,2.817641245441035813e-10
1.235700000000071668e+03,2.827312463818092753e-10
1.235800000000071805e+03,2.837014815737061407e-10
1.235900000000071941e+03,2.846748394157134908e-10
1.236000000000071850e+03,2.856513292287150017e-10
1.236100000000071759e+03,2.861842994906570381e-10
1.236200000000071896e+03,2.867175837263926101e-10
1.236300000000072032e+03,2.872511787156459681e-10
1.236400000000071941e+03,2.877850812177276305e-10
1.236500000000071850e+03,2.883192879714567325e-10
1.236600000000071987e+03,2.888537956950657966e-10
1.236700000000072123e+03,2.893886010861296469e-10
1.236800000000072032e+03,2.899237008214897738e-10
1.236900000000071941e+03,2.904590915571575019e-10
1.237000000000072077e+03,2.909947699279195287e-10
1.237100000000072214e+03,2.910720448109676400e-10
1.237200000000072123e+03,2.911466966954463904e-10
1.237300000000072032e+03,2.912187095513861900e-10
1.237400000000072168e+03,2.912880667152507630e-10
1.237500000000072305e+03,2.913547517527649535e-10
1.237600000000072214e+03,2.914187481613130808e-10
1.237700000000072123e+03,2.914800391914708967e-10
1.237800000000072259e+03,2.915386082220897549e-10
1.237900000000072396e+03,2.915944387011594016e-10
1.238000000000072305e+03,2.916475138500581807e-10
1.238100000000072214e+03,2.912450969398799534e-10
1.238200000000072350e+03,2.908370361730317301e-10
1.238300000000072487e+03,2.904233019659758095e-10
1.238400000000072396e+03,2.900038645608464348e-10
1.238500000000072305e+03,2.895786939418519742e-10
1.238600000000072441e+03,2.891477602980112841e-10
1.238700000000072578e+03,2.887110335127061884e-10
1.238800000000072487e+03,2.882684836255709643e-10
1.238900000000072396e+03,2.878200803538408683e-10
1.239000000000072532e+03,2.873657933061291080e-10
1.239100000000072669e+03,2.864782465932544114e-10
1.239200000000072578e+03,2.855820735110916478e-10
1.239300000000072487e+03,2.846772315384819163e-10
1.239400000000072623e+03,2.837636779927661776e-10
1.239500000000072760e+03,2.828413701232072905e-10
1.239600000000072669e+03,2.819102650797720608e-10
1.239700000000072578e+03,2.809703194409622783e-10
1.239800000000072714e+03,2.800214898729561216e-10
1.239900000000072851e+03,2.790637328778827253e-10
1.240000000000072760e+03,2.780970045492047102e-10
1.240100000000072669e+03,2.767397331637268442e-10
1.240200000000072805e+03,2.753710147063082561e-10
1.240300000000072941e+03,2.739907944984658952e-10
1.240400000000072851e+03,2.725990178509713243e-10
1.240500000000072760e+03,2.711956306271299562e-10
1.240600000000072896e+03,2.697805769016907618e-10
1.240700000000073032e+03,2.683538011721963332e-10
1.240800000000072941e+03,2.669152478064979407e-10
1.240900000000072851e+03,2.654648609653448175e-10
1.241000000000072987e+03,2.640025846015194455e-10
1.241100000000073123e+03,2.622131880410814310e-10
1.241200000000073032e+03,2.604098165327158232e-10
1.241300000000072941e+03,2.585924047686181903e-10
1.241400000000073078e+03,2.567608868828647132e-10
1.241500000000073214e+03,2.549151974184116545e-10
1.241600000000073123e+03,2.530552703465718483e-10
1.241700000000073032e+03,2.511810393953267182e-10
1.241800000000073169e+03,2.492924381941387191e-10
1.241900000000073305e+03,2.473894000128201888e-10
1.242000000000073214e+03,2.454718576651510904e-10
1.242100000000073123e+03,2.433087032376949425e-10
1.242200000000073260e+03,2.411294673768267885e-10
1.242300000000073396e+03,2.389340757641217159e-10
1.242400000000073305e+03,2.367224543340165322e-10
1.242500000000073214e+03,2.344945285401106951e-10
1.242600000000073351e+03,2.322502235267850411e-10
1.242700000000073487e+03,2.299894642626214689e-10
1.242800000000073396e+03,2.277121754514362264e-10
1.242900000000073305e+03,2.254182812053789602e-10
1.243000000000073442e+03,2.231077055699463952e-10
1.243100000000073578e+03,2.206475377545057148e-10
1.243200000000073487e+03,2.181697087563501131e-10
1.243300000000073396e+03,2.156741383486328348e-10
1.243400000000073533e+03,2.131607459308606204e-10
1.243500000000073669e+03,2.106294505372172630e-10
1.243600000000073578e+03,2.080801709081288966e-10
1.243700000000073487e+03,2.055128254893550538e-10
1.243800000000073624e+03,2.029273324311134573e-10
1.243900000000073760e+03,2.003236095872033114e-10
1.244000000000073669e+03,1.977015745019285593e-10
1.244100000000073578e+03,1.784851315606727476e-10
1.244200000000073715e+03,1.591470674858121510e-10
1.244300000000073851e+03,1.396868506443638117e-10
1.244400000000073760e+03,1.201039475142350658e-10
1.244500000000073669e+03,1.003978226785195513e-10
1.244600000000073805e+03,8.056793881995171131e-11
1.244700000000073942e+03,6.061375671537219376e-11
1.244800000000073851e+03,4.053473522997601188e-11
1.244900000000073760e+03,2.033033131155952575e-11
1.245000000000073896e+03,5.133948336359272250e-63
1.245100000000074033e+03,5.202056555263377966e-63
1.245200000000073942e+03,5.271057122885044657e-63
1.245300000000073851e+03,5.340961583206621889e-63
1.245400000000073987e+03,5.411781627629968734e-63
1.245500000000074124e+03,5.483529096836179260e-63
1.245600000000074033e+03,5.556215982664795537e-63
1.245700000000073942e+03,5.629854430019304824e-63
1.245800000000074078e+03,5.704456738795385493e-63
1.245900000000074215e+03,5.780035365831860694e-63
1.246000000000074124e+03,1.485861049971556819e-20
1.246100000000074033e+03,2.010776598468080425e-11
1.246200000000074169e+03,4.034009686694644511e-11
1.246300000000074306e+03,6.069753133283126472e-11
1.246400000000074215e+03,8.118060995030331289e-11
1.246500000000074124e+03,1.017898751897927565e-10
1.246600000000074260e+03,1.225258714296897130e-10
1.246700000000074397e+03,1.433891449618549274e-10
1.246800000000074306e+03,1.643802439973283527e-10
1.246900000000074215e+03,1.854997186720569616e-10
1.247000000000074351e+03,2.067481210392896617e-10
1.247100000000074488e+03,2.103872177752862988e-10
1.247200000000074397e+03,2.140466957792747950e-10
1.247300000000074306e+03,2.177266396957707317e-10
1.247400000000074442e+03,2.214271346388615123e-10
1.247500000000074579e+03,2.251482660158800453e-10
1.247600000000074488e+03,2.288901195279433940e-10
1.247700000000074397e+03,2.326527811708291223e-10
1.247800000000074533e+03,2.364363372357969440e-10
1.247900000000074670e+03,2.402408743104216676e-10
1.248000000000074579e+03,2.440664792794719721e-10
1.248100000000074488e+03,2.478909809864727800e-10
1.248200000000074624e+03,2.517365856330576993e-10
1.248300000000074760e+03,2.556033803858480524e-10
1.248400000000074670e+03,2.594914527098719116e-10
1.248500000000074579e+03,2.634008903694393081e-10
1.248600000000074715e+03,2.673317814289601588e-10
1.248700000000074851e+03,2.712842142538238691e-10
1.248800000000074760e+03,2.752582775112589287e-10
1.248900000000074670e+03,2.792540601712102920e-10
1.249000000000074806e+03,2.832716515071239587e-10
1.249100000000074942e+03,2.872028897276500097e-10
1.249200000000074851e+03,2.911554481906653527e-10
1.249300000000074760e+03,2.951294144515902378e-10
1.249400000000074897e+03,2.991248761227787743e-10
1.249500000000075033e+03,3.031419211144102620e-10
1.249600000000074942e+03,3.071806380144233796e-10
1.249700000000074851e+03,3.112411150304126976e-10
1.249800000000074988e+03,3.153234409052714497e-10
1.249900000000075124e+03,3.194277047491296804e-10
1.250000000000075033e+03,3.235539958397793964e-10
1.250100000000074942e+03,3.275010561454973948e-10
1.250200000000075079e+03,3.314690955704789078e-10
1.250300000000075215e+03,3.354581992208395926e-10
1.250400000000075124e+03,3.394684524902658938e-10
1.250500000000075033e+03,3.434999414215016567e-10
1.250600000000075170e+03,3.475527517753457493e-10
1.250700000000075306e+03,3.516269705388703261e-10
1.250800000000075215e+03,3.557226838498515312e-10
1.250900000000075124e+03,3.598399781336231650e-10
1.251000000000075261e+03,3.639789405265229505e-10
1.251100000000075397e+03,3.678381351042687617e-10
1.251200000000075306e+03,3.717173392426940991e-10
1.251300000000075215e+03,3.756166331965083407e-10
1.251400000000075352e+03,3.795360974895675478e-10
1.251500000000075488e+03,3.834758129156050724e-10
1.251600000000075397e+03,3.874358605390050233e-10
1.251700000000075306e+03,3.914163216955968758e-10
1.251800000000075443e+03,3.954172779779688284e-10
1.251900000000075579e+03,3.994388107146461448e-10
1.252000000000075488e+03,4.034810026159572342e-10
1.252100000000075397e+03,4.071392535131689491e-10
1.252200000000075534e+03,4.108158610422724882e-10
1.252300000000075670e+03,4.145108979822995110e-10
1.252400000000075579e+03,4.182244371272410320e-10
1.252500000000075488e+03,4.219565511358518419e-10
1.252600000000075624e+03,4.257073132316036075e-10
1.252700000000075761e+03,4.294767968806290283e-10
1.252800000000075670e+03,4.332650752242795547e-10
1.252900000000075579e+03,4.370722227086548583e-10
1.253000000000075715e+03,4.408983135959855436e-10
1.253100000000075852e+03,4.442370185720001819e-10
1.253200000000075761e+03,4.475917255455142754e-10
1.253300000000075670e+03,4.509624965374293308e-10
1.253400000000075806e+03,4.543493931123347900e-10
1.253500000000075943e+03,4.577524774707147768e-10
1.253600000000075852e+03,4.611718120163123196e-10
1.253700000000075761e+03,4.646074588353517918e-10
1.253800000000075897e+03,4.680594810949208765e-10
1.253900000000076034e+03,4.715279419680503946e-10
1.254000000000075943e+03,4.750129046765787003e-10
1.254100000000075852e+03,4.779124603303921239e-10
1.254200000000075988e+03,4.808249733963434306e-10
1.254300000000076125e+03,4.837504915901656201e-10
1.254400000000076034e+03,4.866890637738287914e-10
1.254500000000075943e+03,4.896407384998179669e-10
1.254600000000076079e+03,4.926055640162397952e-10
1.254700000000076216e+03,4.955835893783297488e-10
1.254800000000076125e+03,4.985748638624396382e-10
1.254900000000076034e+03,5.015794366429300074e-10
1.255000000000076170e+03,5.045973571516288112e-10
1.255100000000076307e+03,5.069434213771540215e-10
1.255200000000076216e+03,5.092987594148453486e-10
1.255300000000076125e+03,5.116634031702119018e-10
1.255400000000076261e+03,5.140373848451681768e-10
1.255500000000076398e+03,5.164207367392048592e-10
1.255600000000076307e+03,5.188134912496841273e-10
1.255700000000076216e+03,5.212156808720841880e-10
1.255800000000076352e+03,5.236273382002564264e-10
1.255900000000076489e+03,5.260484959266431608e-10
1.256000000000076398e+03,5.284791875703993448e-10
1.256100000000076307e+03,5.301665347811469442e-10
1.256200000000076443e+03,5.318589064012354213e-10
1.256300000000076579e+03,5.335563161704904383e-10
1.256400000000076489e+03,5.352587778622876894e-10
1.256500000000076398e+03,5.369663052836938318e-10
1.256600000000076534e+03,5.386789122754728963e-10
1.256700000000076670e+03,5.403966127121697290e-10
1.256800000000076579e+03,5.421194205022118383e-10
1.256900000000076489e+03,5.438473503924182273e-10
1.257000000000076625e+03,5.455804162898909507e-10
1.257100000000076761e+03,5.465197913344474544e-10
1.257200000000076670e+03,5.474594906077311391e-10
1.257300000000076579e+03,5.483995075897945052e-10
1.257400000000076716e+03,5.493398355261397848e-10
1.257500000000076852e+03,5.502804686235757115e-10
1.257600000000076761e+03,5.512214004561514544e-10
1.257700000000076670e+03,5.521626237615697885e-10
1.257800000000076807e+03,5.531041327371925277e-10
1.257900000000076943e+03,5.540459212053444139e-10
1.258000000000076852e+03,5.549879823434637427e-10
1.258100000000076761e+03,5.551115741628094108e-10
1.258200000000076898e+03,5.552304846542986236e-10
1.258300000000077034e+03,5.553446864039135297e-10
1.258400000000076943e+03,5.554541518906059306e-10
1.258500000000076852e+03,5.555588534860019772e-10
1.258600000000076989e+03,5.556587634540337647e-10
1.258700000000077125e+03,5.557538539506612956e-10
1.258800000000077034e+03,5.558440970234752273e-10
1.258900000000076943e+03,5.559294628247646501e-10
1.259000000000077080e+03,5.560099247248968953e-10
1.259100000000077216e+03,5.552762563965989610e-10
1.259200000000077125e+03,5.545327666531794523e-10
1.259300000000077034e+03,5.537794067002737414e-10
1.259400000000077171e+03,5.530161275647753611e-10
1.259500000000077307e+03,5.522428800942354713e-10
1.259600000000077216e+03,5.514596153000000216e-10
1.259700000000077125e+03,5.506662837840380026e-10
1.259800000000077262e+03,5.498628353924008503e-10
1.259900000000077398e+03,5.490492202500844313e-10
1.260000000000077307e+03,5.482253882995530448e-10
1.260100000000077216e+03,5.466262795917488101e-10
1.260200000000077353e+03,5.450122707197974137e-10
1.260300000000077489e+03,5.433832921165409617e-10
1.260400000000077398e+03,5.417392738572314851e-10
1.260500000000077307e+03,5.400801457682394289e-10
1.260600000000077443e+03,5.384058374263262504e-10
1.260700000000077580e+03,5.367162781579437976e-10
1.260800000000077489e+03,5.350113970385186939e-10
1.260900000000077398e+03,5.332911228916990872e-10
1.261000000000077534e+03,5.315553842881552378e-10
1.261100000000077671e+03,5.291149902246664361e-10
1.261200000000077580e+03,5.266548620591107020e-10
1.261300000000077489e+03,5.241749103509718179e-10
1.261400000000077625e+03,5.216750457153583608e-10
1.261500000000077762e+03,5.191551781741657106e-10
1.261600000000077671e+03,5.166152174345045279e-10
1.261700000000077580e+03,5.140550728877940606e-10
1.261800000000077716e+03,5.114746536088788180e-10
1.261900000000077853e+03,5.088738683551514498e-10
1.262000000000077762e+03,5.062526255651836579e-10
1.262100000000077671e+03,5.030322846665266995e-10
1.262200000000077807e+03,4.997878467151859905e-10
1.262300000000077944e+03,4.965192048567289395e-10
1.262400000000077853e+03,4.932262518667637380e-10
1.262500000000077762e+03,4.899088801498981463e-10
1.262600000000077898e+03,4.865669817386928003e-10
1.262700000000078035e+03,4.832004482926389194e-10
1.262800000000077944e+03,4.798091710971032377e-10
1.262900000000077853e+03,4.763930410622729353e-10
1.263000000000077989e+03,4.729519487217614252e-10
1.263100000000078126e+03,4.690479038409672670e-10
1.263200000000078035e+03,4.651160679612195730e-10
1.263300000000077944e+03,4.611563196924238838e-10
1.263400000000078080e+03,4.571685372280421776e-10
1.263500000000078217e+03,4.531525983439498098e-10
1.263600000000078126e+03,4.491083803972552300e-10
1.263700000000078035e+03,4.450357603251190265e-10
1.263800000000078171e+03,4.409346146436129339e-10
1.263900000000078307e+03,4.368048194465397565e-10
1.264000000000078217e+03,4.326462504040811868e-10
1.264100000000078126e+03,4.281880692169075784e-10
1.264200000000078262e+03,4.236992564849177592e-10
1.264300000000078398e+03,4.191796796069883089e-10
1.264400000000078307e+03,4.146292057564122807e-10
1.264500000000078217e+03,4.100477017931797989e-10
1.264600000000078353e+03,4.054350339947232731e-10
1.264700000000078489e+03,4.007910680726059744e-10
1.264800000000078398e+03,3.961156701730766018e-10
1.264900000000078307e+03,3.914087050667719490e-10
1.265000000000078444e+03,3.866700373120715247e-10
1.265100000000078580e+03,3.490359325636538149e-10
1.265200000000078489e+03,3.111748157073591232e-10
1.265300000000078398e+03,2.730857467171183875e-10
1.265400000000078535e+03,2.347677826401271392e-10
1.265500000000078671e+03,1.962199774145657606e-10
1.265600000000078580e+03,1.574413819881419112e-10
1.265700000000078489e+03,1.184310436591923918e-10
1.265800000000078626e+03,7.918800688403617328e-11
1.265900000000078762e+03,3.971131295039742276e-11
1.266000000000078671e+03,7.807276700609498433e-62
1.266100000000078580e+03,7.907410383130293575e-62
1.266200000000078717e+03,8.008812177362112918e-62
1.266300000000078853e+03,8.111497936869735293e-62
1.266400000000078762e+03,8.215483710823866924e-62
1.266500000000078671e+03,8.320785746380352320e-62
1.266600000000078808e+03,8.427420491092054068e-62
1.266700000000078944e+03,8.535404595344566718e-62
1.266800000000078853e+03,8.644754914826839796e-62
1.266900000000078762e+03,8.755488513029049653e-62
1.267000000000078899e+03,8.867622663767866965e-62
1.267100000000079035e+03,8.981174853746303457e-62
1.267200000000078944e+03,9.096162785141348084e-62
1.267300000000078853e+03,9.212604378224674563e-62
1.267400000000078990e+03,9.330517774012993414e-62
1.267500000000079126e+03,9.449921336951160984e-62
1.267600000000079035e+03,9.570833657626480591e-62
1.267700000000078944e+03,9.693273555518083784e-62
1.267800000000079081e+03,9.817260081775382668e-62
1.267900000000079217e+03,9.942812522033476401e-62
1.268000000000079126e+03,3.365962689029576794e-20
1.268100000000079035e+03,4.266464396720069588e-11
1.268200000000079172e+03,8.558075042053669444e-11
1.268300000000079308e+03,1.287493466785128549e-10
1.268400000000079217e+03,1.721714631190308859e-10
1.268500000000079126e+03,2.158481335714102517e-10
1.268600000000079262e+03,2.597803952553760993e-10
1.268700000000079399e+03,3.039692887898989499e-10
1.268800000000079308e+03,3.484158582024559677e-10
1.268900000000079217e+03,3.931211509383067316e-10
1.269000000000079353e+03,4.380862178390487576e-10
1.269100000000079490e+03,4.449750941222062382e-10
1.269200000000079399e+03,4.519004024062642496e-10
1.269300000000079308e+03,4.588622855079172270e-10
1.269400000000079444e+03,4.658608869109401348e-10
1.269500000000079581e+03,4.728963502684502650e-10
1.269600000000079490e+03,4.799688196931641390e-10
1.269700000000079399e+03,4.870784397586271632e-10
1.269800000000079535e+03,4.942253555003864159e-10
1.269900000000079672e+03,5.014097124171710343e-10
1.270000000000079581e+03,5.086316564720044620e-10
1.270100000000079490e+03,5.157620653363268623e-10
1.270200000000079626e+03,5.229296114947814300e-10
1.270300000000079763e+03,5.301344395542560845e-10
1.270400000000079672e+03,5.373766948271437783e-10
1.270500000000079581e+03,5.446565226524766082e-10
1.270600000000079717e+03,5.519740695633491828e-10
1.270700000000079854e+03,5.593294812168323436e-10
1.270800000000079763e+03,5.667229042405579304e-10
1.270900000000079672e+03,5.741544858301953242e-10
1.271000000000079808e+03,5.816243738674612723e-10
1.271100000000079945e+03,5.888490032699267283e-10
1.271200000000079854e+03,5.961106038816638356e-10
1.271300000000079763e+03,6.034093182942584078e-10
1.271400000000079899e+03,6.107452895507069171e-10
1.271500000000080036e+03,6.181186611465095092e-10
1.271600000000079945e+03,6.255295770308798594e-10
1.271700000000079854e+03,6.329781816079717772e-10
1.271800000000079990e+03,6.404646202959895044e-10
1.271900000000080126e+03,6.479890378953725385e-10
1.272000000000080036e+03,6.555515801541962711e-10
1.272100000000079945e+03,6.627013039645993320e-10
1.272200000000080081e+03,6.698868268151350174e-10
1.272300000000080217e+03,6.771082853554708003e-10
1.272400000000080126e+03,6.843658166646611283e-10
1.272500000000080036e+03,6.916595582523064068e-10
1.272600000000080172e+03,6.989896480595566795e-10
1.272700000000080308e+03,7.063562244602468298e-10
1.272800000000080217e+03,7.137594263187517653e-10
1.272900000000080126e+03,7.211993938466900356e-10
1.273000000000080263e+03,7.286762657173245327e-10
1.273100000000080399e+03,7.355635310924709798e-10
1.273200000000080308e+03,7.424843336379418428e-10
1.273300000000080217e+03,7.494387996598118185e-10
1.273400000000080354e+03,7.564270558572550951e-10
1.273500000000080490e+03,7.634492293234817208e-10
1.273600000000080399e+03,7.705054475468174881e-10
1.273700000000080308e+03,7.775958384116609818e-10
1.273800000000080445e+03,7.847205301995401987e-10
1.273900000000080581e+03,7.918796515900170698e-10
1.274000000000080490e+03,7.990733316611173871e-10
1.274100000000080399e+03,8.054989704166318724e-10
1.274200000000080536e+03,8.119547524632703875e-10
1.274300000000080672e+03,8.184407892565705168e-10
1.274400000000080581e+03,8.249571925945215846e-10
1.274500000000080490e+03,8.315040746184007274e-10
1.274600000000080627e+03,8.380815478136608727e-10
1.274700000000080763e+03,8.446897250107083919e-10
1.274800000000080672e+03,8.513287193858439149e-10
1.274900000000080581e+03,8.579986444621117412e-10
1.275000000000080718e+03,8.646996141093817311e-10
1.275100000000080854e+03,8.704599682145667146e-10
1.275200000000080763e+03,8.762459412819604362e-10
1.275300000000080672e+03,8.820576261175190636e-10
1.275400000000080809e+03,8.878951147033831225e-10
1.275500000000080945e+03,8.937584996155551551e-10
1.275600000000080854e+03,8.996478738633868732e-10
1.275700000000080763e+03,9.055633307362286613e-10
1.275800000000080900e+03,9.115049638040136699e-10
1.275900000000081036e+03,9.174728669179948327e-10
1.276000000000080945e+03,9.234671343459138309e-10
1.276100000000080854e+03,9.283601591024282579e-10
1.276200000000080991e+03,9.332731889450307704e-10
1.276300000000081127e+03,9.382062925776509458e-10
1.276400000000081036e+03,9.431595389046963360e-10
1.276500000000080945e+03,9.481329970314951132e-10
1.276600000000081081e+03,9.531267362647316830e-10
1.276700000000081218e+03,9.581408261129642933e-10
1.276800000000081127e+03,9.631753362870814309e-10
1.276900000000081036e+03,9.682303367008020591e-10
1.277000000000081172e+03,9.733058988376062623e-10
1.277100000000081309e+03,9.771411674125592322e-10
1.277200000000081218e+03,9.809898355956841194e-10
1.277300000000081127e+03,9.848519479620351793e-10
1.277400000000081263e+03,9.887275436654519046e-10
1.277500000000081400e+03,9.926166639109560940e-10
1.277600000000081309e+03,9.965193505605902143e-10
1.277700000000081218e+03,1.000435645589070726e-09
1.277800000000081354e+03,1.004365591084096828e-09
1.277900000000081491e+03,1.008309229246510311e-09
1.278000000000081400e+03,1.012266602389486161e-09
1.278100000000081309e+03,1.014874058234550614e-09
1.278200000000081445e+03,1.017487464805965294e-09
1.278300000000081582e+03,1.020106833411780520e-09
1.278400000000081491e+03,1.022732175374887677e-09
1.278500000000081400e+03,1.025363502032911894e-09
1.278600000000081536e+03,1.028000824738287934e-09
1.278700000000081673e+03,1.030644154858226073e-09
1.278800000000081582e+03,1.033293503774694522e-09
1.278900000000081491e+03,1.035948882884437422e-09
1.279000000000081627e+03,1.038610303597841810e-09
1.279100000000081764e+03,1.039849141109365810e-09
1.279200000000081673e+03,1.041085833988002347e-09
1.279300000000081582e+03,1.042320361148076569e-09
1.279400000000081718e+03,1.043552701415910503e-09
1.279500000000081855e+03,1.044782833529445647e-09
1.279600000000081764e+03,1.046010736138067612e-09
1.279700000000081673e+03,1.047236387802330461e-09
1.279800000000081809e+03,1.048459766993633287e-09
1.279900000000081945e+03,1.049680852094050217e-09
1.280000000000081855e+03,1.050899621394806552e-09
1.280100000000081764e+03,1.050669887064364521e-09
1.280200000000081900e+03,1.050429512802643994e-09
1.280300000000082036e+03,1.050178443943353889e-09
1.280400000000081945e+03,1.049916625626756186e-09
1.280500000000081855e+03,1.049644002799131568e-09
1.280600000000081991e+03,1.049360520212235958e-09
1.280700000000082127e+03,1.049066122422838340e-09
1.280800000000082036e+03,1.048760753792105745e-09
1.280900000000081945e+03,1.048444358485139822e-09
1.281000000000082082e+03,1.048116880469247623e-09
1.281100000000082218e+03,1.046365169215065535e-09
1.281200000000082127e+03,1.044594185253229080e-09
1.281300000000082036e+03,1.042803840134906025e-09
1.281400000000082173e+03,1.040994045112688746e-09
1.281500000000082309e+03,1.039164711139910150e-09
1.281600000000082218e+03,1.037315748869762726e-09
1.281700000000082127e+03,1.035447068654528440e-09
1.281800000000082264e+03,1.033558580544838411e-09
1.281900000000082400e+03,1.031650194288834766e-09
1.282000000000082309e+03,1.029721819330318586e-09
1.282100000000082218e+03,1.026446516526763438e-09
1.282200000000082355e+03,1.023143475837327964e-09
1.282300000000082491e+03,1.019812576056384100e-09
1.282400000000082400e+03,1.016453695854423764e-09
1.282500000000082309e+03,1.013066714078992130e-09
1.282600000000082446e+03,1.009651507184334300e-09
1.282700000000082582e+03,1.006207952361041424e-09
1.282800000000082491e+03,1.002735926730209279e-09
1.282900000000082400e+03,9.992353064404465567e-10
1.283000000000082537e+03,9.957059668552842061e-10
1.283100000000082673e+03,9.909608348880116935e-10
1.283200000000082582e+03,9.861799832073503435e-10
1.283300000000082491e+03,9.813632601165460834e-10
1.283400000000082628e+03,9.765105117008613579e-10
1.283500000000082764e+03,9.716215853352014288e-10
1.283600000000082673e+03,9.666963295479496933e-10
1.283700000000082582e+03,9.617345906669029146e-10
1.283800000000082719e+03,9.567362145226894274e-10
1.283900000000082855e+03,9.517010464476592680e-10
1.284000000000082764e+03,9.466289312737014522e-10
1.284100000000082673e+03,9.405294925058219261e-10
1.284200000000082809e+03,9.343871758776105527e-10
1.284300000000082946e+03,9.282018027643506653e-10
1.284400000000082855e+03,9.219731939685338350e-10
1.284500000000082764e+03,9.157011697184024827e-10
1.284600000000082900e+03,9.093855496665010718e-10
1.284700000000083037e+03,9.030261528883020579e-10
1.284800000000082946e+03,8.966227978807167570e-10
1.284900000000082855e+03,8.901753025606047656e-10
1.285000000000082991e+03,8.836834842627450943e-10
1.285100000000083128e+03,8.764025266626256605e-10
1.285200000000083037e+03,8.690726645219202738e-10
1.285300000000082946e+03,8.616936970064281828e-10
1.285400000000083082e+03,8.542654226438665781e-10
1.285500000000083219e+03,8.467876393223971769e-10
1.285600000000083128e+03,8.392601442889558347e-10
1.285700000000083037e+03,8.316827341476295143e-10
1.285800000000083173e+03,8.240552046122464605e-10
1.285900000000083310e+03,8.163773508042691680e-10
1.286000000000083219e+03,8.086489678404077722e-10
1.286100000000083128e+03,8.004148550065053067e-10
1.286200000000083264e+03,7.921272300408150555e-10
1.286300000000083401e+03,7.837858762386434802e-10
1.286400000000083310e+03,7.753905761412097280e-10
1.286500000000083219e+03,7.669411111073121748e-10
1.286600000000083355e+03,7.584372618075927260e-10
1.286700000000083492e+03,7.498788082228403726e-10
1.286800000000083401e+03,7.412655296422656925e-10
1.286900000000083310e+03,7.325972046617673898e-10
1.287000000000083446e+03,7.238736120444203692e-10
1.287100000000083583e+03,6.533227009226117227e-10
1.287200000000083492e+03,5.823679078982456519e-10
1.287300000000083401e+03,5.110076596746990180e-10
1.287400000000083537e+03,4.392403781137314649e-10
1.287500000000083674e+03,3.670644802240964352e-10
1.287600000000083583e+03,2.944783781495145319e-10
1.287700000000083492e+03,2.214804791566271070e-10
1.287800000000083628e+03,1.480691856235636168e-10
1.287900000000083764e+03,7.424289507184423348e-11
1.288000000000083674e+03,1.228478998222699843e-60
1.288100000000083583e+03,1.243696509711339503e-60
1.288200000000083719e+03,1.259100110546675983e-60
1.288300000000083855e+03,1.274692046642289605e-60
1.288400000000083764e+03,1.290474590656620141e-60
1.288500000000083674e+03,1.306450042307852158e-60
1.288600000000083810e+03,1.322620728690889761e-60
1.288700000000083946e+03,1.338989004599496462e-60
1.288800000000083855e+03,1.355557252851062650e-60
1.288900000000083764e+03,1.372327884615954511e-60
1.289000000000083901e+03,1.389303339750030014e-60
1.289100000000084037e+03,1.406486087131276204e-60
1.289200000000083946e+03,1.423878625000486294e-60
1.289300000000083855e+03,1.441483481305738602e-60
1.289400000000083992e+03,1.459303214050694752e-60
1.289500000000084128e+03,1.477340411647157088e-60
1.289600000000084037e+03,1.495597693271677494e-60
1.289700000000083946e+03,1.514077709226160126e-60
1.289800000000084083e+03,1.532783141302882829e-60
1.289900000000084219e+03,1.551716703153233341e-60
1.290000000000084128e+03,6.642650796088897866e-20
1.290100000000084037e+03,7.917973309919595064e-11
1.290200000000084174e+03,1.588028381748893820e-10
1.290300000000084310e+03,2.388710199586562905e-10
1.290400000000084219e+03,3.193859882931392179e-10
1.290500000000084128e+03,4.003494582110986149e-10
1.290600000000084265e+03,4.817631499255667421e-10
1.290700000000084401e+03,5.636287881201646775e-10
1.290800000000084310e+03,6.459481040197764607e-10
1.290900000000084219e+03,7.287228335364053973e-10
1.291000000000084356e+03,8.119547177734469346e-10
1.291100000000084492e+03,8.243642269286935426e-10
1.291200000000084401e+03,8.368362439345788594e-10
1.291300000000084310e+03,8.493710002554750864e-10
1.291400000000084447e+03,8.619687274198554423e-10
1.291500000000084583e+03,8.746296576421952242e-10
1.291600000000084492e+03,8.873540238246298913e-10
1.291700000000084401e+03,9.001420595586449948e-10
1.291800000000084538e+03,9.129939991265708933e-10
1.291900000000084674e+03,9.259100775031343368e-10
1.292000000000084583e+03,9.388905303569761365e-10
1.292100000000084492e+03,9.517429053417987622e-10
1.292200000000084628e+03,9.646590964713324777e-10
1.292300000000084765e+03,9.776393377583501595e-10
1.292400000000084674e+03,9.906838639055793417e-10
1.292500000000084583e+03,1.003792911444653612e-09
1.292600000000084719e+03,1.016966715697824456e-09
1.292700000000084856e+03,1.030205513118942773e-09
1.292800000000084765e+03,1.043509541134139755e-09
1.292900000000084674e+03,1.056879037817870700e-09
1.293000000000084810e+03,1.070314243648847399e-09
1.293100000000084947e+03,1.083363956803384233e-09
1.293200000000084856e+03,1.096477369779820849e-09
1.293300000000084765e+03,1.109654714186961284e-09
1.293400000000084901e+03,1.122896222311856938e-09
1.293500000000085038e+03,1.136202127121376357e-09
1.293600000000084947e+03,1.149572662263721454e-09
1.293700000000084856e+03,1.163008062070110618e-09
1.293800000000084992e+03,1.176508561416812634e-09
1.293900000000085129e+03,1.190074394498012460e-09
1.294000000000085038e+03,1.203705799302365878e-09
1.294100000000084947e+03,1.216671158626333722e-09
1.294200000000085083e+03,1.229698508107243858e-09
1.294300000000085220e+03,1.242788070807026245e-09
1.294400000000085129e+03,1.255940070435501089e-09
1.294500000000085038e+03,1.269154731351967862e-09
1.294600000000085174e+03,1.282432277178575552e-09
1.294700000000085311e+03,1.295772933576120150e-09
1.294800000000085220e+03,1.309176930079008151e-09
1.294900000000085129e+03,1.322644491909104563e-09
1.295000000000085265e+03,1.336175846594852643e-09
1.295100000000085402e+03,1.348745907749126471e-09
1.295200000000085311e+03,1.361374529535794244e-09
1.295300000000085220e+03,1.374061919929999821e-09
1.295400000000085356e+03,1.386808287504902248e-09
1.295500000000085493e+03,1.399613841432913842e-09
1.295600000000085402e+03,1.412478791487143825e-09
1.295700000000085311e+03,1.425403348042759038e-09
1.295800000000085447e+03,1.438387722078307843e-09
1.295900000000085583e+03,1.451432125176960689e-09
1.296000000000085493e+03,1.464536769526791969e-09
1.296100000000085402e+03,1.476379381204169575e-09
1.296200000000085538e+03,1.488275327896142454e-09
1.296300000000085674e+03,1.500224795763646497e-09
1.296400000000085583e+03,1.512227968847242249e-09
1.296500000000085493e+03,1.524285036686137395e-09
1.296600000000085629e+03,1.536396185620141082e-09
1.296700000000085765e+03,1.548561604817547626e-09
1.296800000000085674e+03,1.560781483832846459e-09
1.296900000000085583e+03,1.573056012012689202e-09
1.297000000000085720e+03,1.585385379237647122e-09
1.297100000000085856e+03,1.596157811846450929e-09
1.297200000000085765e+03,1.606976548312859989e-09
1.297300000000085674e+03,1.617841746353939243e-09
1.297400000000085811e+03,1.628753564126086004e-09
1.297500000000085947e+03,1.639712161708087250e-09
1.297600000000085856e+03,1.650717697846663116e-09
1.297700000000085765e+03,1.661770330877505829e-09
1.297800000000085902e+03,1.672870220724501217e-09
1.297900000000086038e+03,1.684017527755608880e-09
1.298000000000085947e+03,1.695212412782249457e-09
1.298100000000085856e+03,1.704567263898592838e-09
1.298200000000085993e+03,1.713959606666696703e-09
1.298300000000086129e+03,1.723389563959122040e-09
1.298400000000086038e+03,1.732857258980901022e-09
1.298500000000085947e+03,1.742362815270460760e-09
1.298600000000086084e+03,1.751906356700189097e-09
1.298700000000086220e+03,1.761488007477127163e-09
1.298800000000086129e+03,1.771107892143613336e-09
1.298900000000086038e+03,1.780766133021925046e-09
1.299000000000086175e+03,1.790462857452286774e-09
1.299100000000086311e+03,1.798074599214541958e-09
1.299200000000086220e+03,1.805713414173072065e-09
1.299300000000086129e+03,1.813379384764329676e-09
1.299400000000086266e+03,1.821072593635449236e-09
1.299500000000086402e+03,1.828793123644772733e-09
1.299600000000086311e+03,1.836541057862112948e-09
1.299700000000086220e+03,1.844316479569390795e-09
1.299800000000086357e+03,1.852119472260915322e-09
1.299900000000086493e+03,1.859950118180459999e-09
1.300000000000086402e+03,1.867808502219531058e-09
1.300100000000086311e+03,1.873380310422752089e-09
1.300200000000086447e+03,1.878967376241558153e-09
1.300300000000086584e+03,1.884569734916199568e-09
1.300400000000086493e+03,1.890187426486280265e-09
1.300500000000086402e+03,1.895820485750983799e-09
1.300600000000086538e+03,1.901468951074998679e-09
1.300700000000086675e+03,1.907132861960600167e-09
1.300800000000086584e+03,1.912812256133772987e-09
1.300900000000086493e+03,1.918507171398059967e-09
1.301000000000086629e+03,1.924217645632736045e-09
1.301100000000086766e+03,1.927495638244804454e-09
1.301200000000086675e+03,1.930775930486769001e-09
1.301300000000086584e+03,1.934058511713854970e-09
1.301400000000086720e+03,1.937343373497784268e-09
1.301500000000086857e+03,1.940630500341177160e-09
1.301600000000086766e+03,1.943919878939485723e-09
1.301700000000086675e+03,1.947211497402755863e-09
1.301800000000086811e+03,1.950505349851296382e-09
1.301900000000086948e+03,1.953801424940171737e-09
1.302000000000086857e+03,1.957099706122892328e-09
1.302100000000086766e+03,1.957885515653931899e-09
1.302200000000086902e+03,1.958659843579126187e-09
1.302300000000087039e+03,1.959422627108907571e-09
1.302400000000086948e+03,1.960173803239372285e-09
1.302500000000086857e+03,1.960913308751894951e-09
1.302600000000086993e+03,1.961641080212542521e-09
1.302700000000087130e+03,1.962357053971501872e-09
1.302800000000087039e+03,1.963061166162641808e-09
1.302900000000086948e+03,1.963753352702911292e-09
1.303000000000087084e+03,1.964433552091923952e-09
1.303100000000087221e+03,1.962597494248703627e-09
1.303200000000087130e+03,1.960735745009010025e-09
1.303300000000087039e+03,1.958848189256447053e-09
1.303400000000087175e+03,1.956934711510628125e-09
1.303500000000087311e+03,1.954995195926394898e-09
1.303600000000087221e+03,1.953029526292802316e-09
1.303700000000087130e+03,1.951037586032410545e-09
1.303800000000087266e+03,1.949019258200376728e-09
1.303900000000087402e+03,1.946974425483641040e-09
1.304000000000087311e+03,1.944902970197878115e-09
1.304100000000087221e+03,1.940396619413039955e-09
1.304200000000087357e+03,1.935850390564739748e-09
1.304300000000087493e+03,1.931264116885244329e-09
1.304400000000087402e+03,1.926637631096639109e-09
1.304500000000087311e+03,1.921970765409806914e-09
1.304600000000087448e+03,1.917263351523035433e-09
1.304700000000087584e+03,1.912515220621192100e-09
1.304800000000087493e+03,1.907726201453249647e-09
1.304900000000087402e+03,1.902896124372637396e-09
1.305000000000087539e+03,1.898024822736380461e-09
1.305100000000087675e+03,1.890890404894971964e-09
1.305200000000087584e+03,1.883702437729253283e-09
1.305300000000087493e+03,1.876460705303365272e-09
1.305400000000087630e+03,1.869164991033860254e-09
1.305500000000087766e+03,1.861815077688400445e-09
1.305600000000087675e+03,1.854410747384205964e-09
1.305700000000087584e+03,1.846951781586578101e-09
1.305800000000087721e+03,1.839437961107606855e-09
1.305900000000087857e+03,1.831869066104555029e-09
1.306000000000087766e+03,1.824244876076835098e-09
1.306100000000087675e+03,1.814618601778244192e-09
1.306200000000087812e+03,1.804926117010959669e-09
1.306300000000087948e+03,1.795167163367612829e-09
1.306400000000087857e+03,1.785341479853937415e-09
1.306500000000087766e+03,1.775448804103145403e-09
1.306600000000087903e+03,1.765488872973853271e-09
1.306700000000088039e+03,1.755461422548506009e-09
1.306800000000087948e+03,1.745366188131596410e-09
1.306900000000087857e+03,1.735202904247902551e-09
1.307000000000087994e+03,1.724971304639486164e-09
1.307100000000088130e+03,1.713091201606014892e-09
1.307200000000088039e+03,1.701133770683439721e-09
1.307300000000087948e+03,1.689098712294646097e-09
1.307400000000088085e+03,1.676985725986561047e-09
1.307500000000088221e+03,1.664794510428138167e-09
1.307600000000088130e+03,1.652524763408547955e-09
1.307700000000088039e+03,1.640176181835172111e-09
1.307800000000088176e+03,1.627748461731699153e-09
1.307900000000088312e+03,1.615241298236388790e-09
1.308000000000088221e+03,1.602654385599057263e-09
1.308100000000088130e+03,1.588842212277707564e-09
1.308200000000088266e+03,1.574943549862153077e-09
1.308300000000088403e+03,1.560958067632802895e-09
1.308400000000088312e+03,1.546885433911918612e-09
1.308500000000088221e+03,1.532725316061600347e-09
1.308600000000088357e+03,1.518477380481697902e-09
1.308700000000088494e+03,1.504141292607943613e-09
1.308800000000088403e+03,1.489716716909737366e-09
1.308900000000088312e+03,1.475203316888045347e-09
1.309000000000088448e+03,1.460600754960641149e-09
1.309100000000088585e+03,1.318051099414704320e-09
1.309200000000088494e+03,1.174728902106385027e-09
1.309300000000088403e+03,1.030631345122407099e-09
1.309400000000088539e+03,8.857556026133036373e-10
1.309500000000088676e+03,7.400988407775446686e-10
1.309600000000088585e+03,5.936582178444361105e-10
1.309700000000088494e+03,4.464308840568997862e-10
1.309800000000088630e+03,2.984139816556436688e-10
1.309900000000088767e+03,1.496046448632500797e-10
1.310000000000088676e+03,1.761615668609946696e-59
1.310100000000088585e+03,1.782703916310859967e-59
1.310200000000088721e+03,1.804041323232735217e-59
1.310300000000088858e+03,1.825630794123535753e-59
1.310400000000088767e+03,1.847475267136423844e-59
1.310500000000088676e+03,1.869577714209032945e-59
1.310600000000088812e+03,1.891941141446511206e-59
1.310700000000088949e+03,1.914568589508762293e-59
1.310800000000088858e+03,1.937463134002023253e-59
1.310900000000088767e+03,1.960627885875622207e-59
1.311000000000088903e+03,1.984065991821563721e-59
1.311100000000089040e+03,2.007780634680342842e-59
1.311200000000088949e+03,2.031775033849731622e-59
1.311300000000088858e+03,2.056052445699550670e-59
1.311400000000088994e+03,2.080616163989976965e-59
1.311500000000089130e+03,2.105469520294992808e-59
1.311600000000089040e+03,2.130615884430382504e-59
1.311700000000088949e+03,2.156058664887085077e-59
1.311800000000089085e+03,2.181801309268404045e-59
1.311900000000089221e+03,2.207847304732957478e-59
1.312000000000089130e+03,2.234200178441743780e-59
1.312100000000089040e+03,2.260863498011348360e-59
1.312200000000089176e+03,2.287840871971167879e-59
1.312300000000089312e+03,2.315135950226025894e-59
1.312400000000089221e+03,2.342752424523955275e-59
1.312500000000089130e+03,2.370694028929835431e-59
1.312600000000089267e+03,2.398964540302955570e-59
1.312700000000089403e+03,2.427567778781264487e-59
1.312800000000089312e+03,2.456507608269950535e-59
1.312900000000089221e+03,2.485787936936430441e-59
1.313000000000089358e+03,1.336677891928893587e-19
1.313100000000089494e+03,1.499824369308684448e-10
1.313200000000089403e+03,3.007575120929683950e-10
1.313300000000089312e+03,4.523280648227481109e-10
1.313400000000089449e+03,6.046969421436039265e-10
1.313500000000089585e+03,7.578669989144399744e-10
1.313600000000089494e+03,9.118410978458890939e-10
1.313700000000089403e+03,1.066622109516647012e-09
1.313800000000089540e+03,1.222212912388389098e-09
1.313900000000089676e+03,1.378616391597776683e-09
1.314000000000089585e+03,1.535835436965629264e-09
1.314100000000089494e+03,1.558064354744144514e-09
1.314200000000089631e+03,1.580398741481278866e-09
1.314300000000089767e+03,1.602838955791520046e-09
1.314400000000089676e+03,1.625385365902053113e-09
1.314500000000089585e+03,1.648038335113579089e-09
1.314600000000089722e+03,1.670798226844424492e-09
1.314700000000089858e+03,1.693665406914727808e-09
1.314800000000089767e+03,1.716640242120746347e-09
1.314900000000089676e+03,1.739723100237076396e-09
1.315000000000089813e+03,1.762914350017920254e-09
1.315100000000089949e+03,1.785843846780145590e-09
1.315200000000089858e+03,1.808880524275741567e-09
1.315300000000089767e+03,1.832024744470264427e-09
1.315400000000089904e+03,1.855276873362255659e-09
1.315500000000090040e+03,1.878637279948519090e-09
1.315600000000089949e+03,1.902106331878840413e-09
1.315700000000089858e+03,1.925684397777055986e-09
1.315800000000089995e+03,1.949371852676103849e-09
1.315900000000090131e+03,1.973169062028023183e-09
1.316000000000090040e+03,1.997076397260244619e-09
1.316100000000089949e+03,2.020287253255041129e-09
1.316200000000090085e+03,2.043604744194192698e-09
1.316300000000090222e+03,2.067029228386119059e-09
1.316400000000090131e+03,2.090561069693414890e-09
1.316500000000090040e+03,2.114200623607786985e-09
1.316600000000090176e+03,2.137948255237811765e-09
1.316700000000090313e+03,2.161804330695042413e-09
1.316800000000090222e+03,2.185769214206047139e-09
1.316900000000090131e+03,2.209843270952398986e-09
1.317000000000090267e+03,2.234026867071055094e-09
1.317100000000090404e+03,2.257053392787166237e-09
1.317200000000090313e+03,2.280183560037178477e-09
1.317300000000090222e+03,2.303417721713548552e-09
1.317400000000090358e+03,2.326756229366114017e-09
1.317500000000090495e+03,2.350199427489456130e-09
1.317600000000090404e+03,2.373747660124837597e-09
1.317700000000090313e+03,2.397401276481467662e-09
1.317800000000090449e+03,2.421160626675684840e-09
1.317900000000090586e+03,2.445026061732544277e-09
1.318000000000090495e+03,2.468997933585945142e-09
1.318100000000090404e+03,2.491317763419037723e-09
1.318200000000090540e+03,2.513735555429777193e-09
1.318300000000090677e+03,2.536251631902844448e-09
1.318400000000090586e+03,2.558866315952560616e-09
1.318500000000090495e+03,2.581579931524504199e-09
1.318600000000090631e+03,2.604392803397075682e-09
1.318700000000090768e+03,2.627305257182524065e-09
1.318800000000090677e+03,2.650317619328912661e-09
1.318900000000090586e+03,2.673430217121537705e-09
1.319000000000090722e+03,2.696643378682288120e-09
1.319100000000090859e+03,2.717713797384448790e-09
1.319200000000090768e+03,2.738873751482944204e-09
1.319300000000090677e+03,2.760123530427442672e-09
1.319400000000090813e+03,2.781463428587834576e-09
1.319500000000090949e+03,2.802893737780242358e-09
1.319600000000090859e+03,2.824414744779207827e-09
1.319700000000090768e+03,2.846026741976555414e-09
1.319800000000090904e+03,2.867730022502050197e-09
1.319900000000091040e+03,2.889524871596237877e-09
1.320000000000090949e+03,2.911411591271566263e-09
1.320100000000090859e+03,2.930663266072504036e-09
1.320200000000090995e+03,2.949993249347831228e-09
1.320300000000091131e+03,2.969401791469476447e-09
1.320400000000091040e+03,2.988889143653291048e-09
1.320500000000090949e+03,3.008455547525612860e-09
1.320600000000091086e+03,3.028101251987356328e-09
1.320700000000091222e+03,3.047826506552854017e-09
1.320800000000091131e+03,3.067631553316515900e-09
1.320900000000091040e+03,3.087516648420195739e-09
1.321000000000091177e+03,3.107482051357532775e-09
1.321100000000091313e+03,3.124353774309439261e-09
1.321200000000091222e+03,3.141289864231020368e-09
1.321300000000091131e+03,3.158290523212294800e-09
1.321400000000091268e+03,3.175355938621825067e-09
1.321500000000091404e+03,3.192486306900411047e-09
1.321600000000091313e+03,3.209681824953991581e-09
1.321700000000091222e+03,3.226942690154503498e-09
1.321800000000091359e+03,3.244269100340467673e-09
1.321900000000091495e+03,3.261661253817498157e-09
1.322000000000091404e+03,3.279119349355953809e-09
1.322100000000091313e+03,3.293056705369490727e-09
1.322200000000091450e+03,3.307041852348583264e-09
1.322300000000091586e+03,3.321074914991124833e-09
1.322400000000091495e+03,3.335156028886579518e-09
1.322500000000091404e+03,3.349285329921967298e-09
1.322600000000091541e+03,3.363462948392425759e-09
1.322700000000091677e+03,3.377689020876720795e-09
1.322800000000091586e+03,3.391963689879121654e-09
1.322900000000091495e+03,3.406287092481095877e-09
1.323000000000091632e+03,3.420659366059573716e-09
1.323100000000091768e+03,3.431168068971359691e-09
1.323200000000091677e+03,3.441705730887916661e-09
1.323300000000091586e+03,3.452272420151949912e-09
1.323400000000091723e+03,3.462868205225561216e-09
1.323500000000091859e+03,3.473493150246004690e-09
1.323600000000091768e+03,3.484147321018755500e-09
1.323700000000091677e+03,3.494830793705501159e-09
1.323800000000091813e+03,3.505543637248823707e-09
1.323900000000091950e+03,3.516285920710855946e-09
1.324000000000091859e+03,3.527057722837563471e-09
1.324100000000091768e+03,3.533702715905519689e-09
1.324200000000091904e+03,3.540355990718820870e-09
1.324300000000092041e+03,3.547017543497692504e-09
1.324400000000091950e+03,3.553687370397968615e-09
1.324500000000091859e+03,3.560365477776742731e-09
1.324600000000091995e+03,3.567051855501067235e-09
1.324700000000092132e+03,3.573746495363394701e-09
1.324800000000092041e+03,3.580449393255869279e-09
1.324900000000091950e+03,3.587160545005179904e-09
1.325000000000092086e+03,3.593879946368210153e-09
1.325100000000092223e+03,3.596311458924920236e-09
1.325200000000092132e+03,3.598729198557422441e-09
1.325300000000092041e+03,3.601133085674734062e-09
1.325400000000092177e+03,3.603523040432514832e-09
1.325500000000092314e+03,3.605898982732614452e-09
1.325600000000092223e+03,3.608260832222358734e-09
1.325700000000092132e+03,3.610608508294253059e-09
1.325800000000092268e+03,3.612941923831505982e-09
1.325900000000092405e+03,3.615260998988767661e-09
1.326000000000092314e+03,3.617565657107987621e-09
1.326100000000092223e+03,3.254197816586367060e-09
1.326200000000092359e+03,2.891158548200464571e-09
1.326300000000092496e+03,2.528458795200466686e-09
1.326400000000092405e+03,2.166109566313886762e-09
1.326500000000092314e+03,1.804121935987318651e-09
1.326600000000092450e+03,1.442507044632343637e-09
1.326700000000092587e+03,1.081276098871537472e-09
1.326800000000092496e+03,7.204403717821129014e-10
1.326900000000092405e+03,3.600112031398634550e-10
1.327000000000092541e+03,1.297942988520839808e-58
1.327100000000092678e+03,1.313081523378071282e-58
1.327200000000092587e+03,1.328394297437456863e-58
1.327300000000092496e+03,1.343883289155795211e-58
1.327400000000092632e+03,1.359550499146771021e-58
1.327500000000092768e+03,1.375397950425117716e-58
1.327600000000092678e+03,1.391427688654500032e-58
1.327700000000092587e+03,1.407641782397191117e-58
1.327800000000092723e+03,1.424042323366952374e-58
1.327900000000092859e+03,1.440631426684470813e-58
1.328000000000092768e+03,1.457411231135586701e-58
1.328100000000092678e+03,1.474383899432359056e-58
1.328200000000092814e+03,1.491551618477130666e-58
1.328300000000092950e+03,1.508916599629066439e-58
1.328400000000092859e+03,1.526481078973858762e-58
1.328500000000092768e+03,1.544247317596638255e-58
1.328600000000092905e+03,1.562217601857159055e-58
1.328700000000093041e+03,1.580394243668619462e-58
1.328800000000092950e+03,1.598779580779029669e-58
1.328900000000092859e+03,1.617375977056091219e-58
1.329000000000092996e+03,1.636185822774834034e-58
1.329100000000093132e+03,1.655211534908493658e-58
1.329200000000093041e+03,1.674455557422295187e-58
1.329300000000092950e+03,1.693920361571268010e-58
1.329400000000093087e+03,1.713608446199990212e-58
1.329500000000093223e+03,1.733522338046805265e-58
1.329600000000093132e+03,1.753664592050476326e-58
1.329700000000093041e+03,1.774037791660763137e-58
1.329800000000093178e+03,1.794644549151961112e-58
1.329900000000093314e+03,1.815487505939936774e-58
1.330000000000093223e+03,1.836569332902922356e-58
1.330100000000093132e+03,1.857892730705209632e-58
1.330200000000093269e+03,1.879460430124978592e-58
1.330300000000093405e+03,1.901275192385052227e-58
1.330400000000093314e+03,1.923339809487764220e-58
1.330500000000093223e+03,1.945657104553020540e-58
1.330600000000093360e+03,1.968229932160846769e-58
1.330700000000093496e+03,1.991061178696109506e-58
1.330800000000093405e+03,2.014153762698506696e-58
1.330900000000093314e+03,2.037510635215745476e-58
1.331000000000093451e+03,2.061134780160438867e-58
1.331100000000093587e+03,2.085029214670902783e-58
1.331200000000093496e+03,2.109196989475868900e-58
1.331300000000093405e+03,2.133641189263317166e-58
1.331400000000093542e+03,2.158364933053532985e-58
1.331500000000093678e+03,2.183371374574895259e-58
1.331600000000093587e+03,2.208663702645706626e-58
1.331700000000093496e+03,2.234245141558637453e-58
1.331800000000093632e+03,2.260118951469703690e-58
1.331900000000093769e+03,2.286288428791859933e-58
1.332000000000093678e+03,2.312756906592435137e-58
1.332100000000093587e+03,2.339527754994714490e-58
1.332200000000093723e+03,2.366604381584909411e-58
1.332300000000093860e+03,2.393990231821760419e-58
1.332400000000093769e+03,2.421688789451922193e-58
1.332500000000093678e+03,2.449703576930011243e-58
1.332600000000093814e+03,2.478038155841614728e-58
1.332700000000093951e+03,2.506696127332837742e-58
1.332800000000093860e+03,2.535681132542859503e-58
1.332900000000093769e+03,2.564996853042168436e-58
1.333000000000093905e+03,2.594647011275209429e-58
1.333100000000094042e+03,2.624635371007568828e-58
1.333200000000093951e+03,2.654965737778347351e-58
1.333300000000093860e+03,2.685641959357434025e-58
1.333400000000093996e+03,2.716667926207246782e-58
1.333500000000094133e+03,2.748047571950055369e-58
1.333600000000094042e+03,2.779784873839424955e-58
1.333700000000093951e+03,2.811883853238460696e-58
1.333800000000094087e+03,2.844348576101160935e-58
1.333900000000094224e+03,2.877183153460219404e-58
1.334000000000094133e+03,2.910391741919358788e-58
1.334100000000094042e+03,2.943978544152687405e-58
1.334200000000094178e+03,2.977947809406492067e-58
1.334300000000094315e+03,3.012303834008958202e-58
1.334400000000094224e+03,3.047050961884506607e-58
1.334500000000094133e+03,3.082193585073050676e-58
1.334600000000094269e+03,3.117736144256469892e-58
1.334700000000094406e+03,3.153683129288787638e-58
1.334800000000094315e+03,3.190039079732870173e-58
1.334900000000094224e+03,3.226808585404557269e-58
1.335000000000094360e+03,3.263996286918764939e-58
1.335100000000094496e+03,3.301606876246168098e-58
1.335200000000094406e+03,3.339645097271578334e-58
1.335300000000094315e+03,3.378115746361662822e-58
1.335400000000094451e+03,3.417023672936417812e-58
1.335500000000094587e+03,3.456373780048288499e-58
1.335600000000094496e+03,3.496171024966675616e-58
1.335700000000094406e+03,3.536420419769099360e-58
1.335800000000094542e+03,3.577127031938520471e-58
1.335900000000094678e+03,3.618295984967761537e-58
1.336000000000094587e+03,3.659932458968553759e-58
1.336100000000094496e+03,3.702041691289591299e-58
1.336200000000094633e+03,3.744628977139854892e-58
1.336300000000094769e+03,3.787699670218295663e-58
1.336400000000094678e+03,3.831259183350868895e-58
1.336500000000094587e+03,3.875312989135098875e-58
1.336600000000094724e+03,3.919866620590033988e-58
1.336700000000094860e+03,3.964925671814040629e-58
1.336800000000094769e+03,4.010495798649420014e-58
1.336900000000094678e+03,4.056582719354972751e-58
1.337000000000094815e+03,4.103192215284503384e-58
1.337100000000094951e+03,4.150330131573195581e-58
1.337200000000094860e+03,4.198002377831191553e-58
1.337300000000094769e+03,4.246214928845336434e-58
1.337400000000094906e+03,4.294973825287665604e-58
1.337500000000095042e+03,4.344285174431118163e-58
1.337600000000094951e+03,4.394155150873766989e-58
1.337700000000094860e+03,4.444589997270727725e-58
1.337800000000094997e+03,4.495596025074079927e-58
1.337900000000095133e+03,4.547179615279345787e-58
1.338000000000095042e+03,4.599347219181279234e-58
1.338100000000094951e+03,4.652105359137817170e-58
1.338200000000095088e+03,4.705460629341811518e-58
1.338300000000095224e+03,4.759419696599794271e-58
1.338400000000095133e+03,4.813989301122464703e-58
1.338500000000095042e+03,4.869176257318862519e-58
1.338600000000095179e+03,4.924987454604511510e-58
1.338700000000095315e+03,4.981429858212746143e-58
1.338800000000095224e+03,5.038510510018653841e-58
1.338900000000095133e+03,5.096236529370047444e-58
1.339000000000095270e+03,5.154615113928362121e-58
1.339100000000095406e+03,5.213653540517319661e-58
1.339200000000095315e+03,5.273359165980992971e-58
1.339300000000095224e+03,5.333739428052033462e-58
1.339400000000095361e+03,5.394801846228638571e-58
1.339500000000095497e+03,5.456554022659512343e-58
1.339600000000095406e+03,5.519003643040337332e-58
1.339700000000095315e+03,5.582158477519155028e-58
1.339800000000095451e+03,5.646026381610901718e-58
1.339900000000095588e+03,5.710615297121708204e-58
1.340000000000095497e+03,5.775933253083681479e-58
1.340100000000095406e+03,5.841988366699536566e-58
1.340200000000095542e+03,5.908788844297489580e-58
1.340300000000095679e+03,5.976342982294622091e-58
1.340400000000095588e+03,6.044659168172574656e-58
1.340500000000095497e+03,6.113745881464287568e-58
1.340600000000095633e+03,6.183611694747762592e-58
1.340700000000095770e+03,6.254265274653917594e-58
1.340800000000095679e+03,6.325715382883388611e-58
1.340900000000095588e+03,6.397970877235124821e-58
1.341000000000095724e+03,6.471040712644806089e-58
1.341100000000095861e+03,6.544933942235654065e-58
1.341200000000095770e+03,6.619659718379097699e-58
1.341300000000095679e+03,6.695227293767709196e-58
1.341400000000095815e+03,6.771646022499904582e-58
1.341500000000095952e+03,6.848925361174181018e-58
1.341600000000095861e+03,6.927074869997372037e-58
1.341700000000095770e+03,7.006104213904089363e-58
1.341800000000095906e+03,7.086023163686735826e-58
1.341900000000096043e+03,7.166841597138516007e-58
1.342000000000095952e+03,7.248569500209192746e-58
1.342100000000095861e+03,7.331216968172981097e-58
1.342200000000095997e+03,7.414794206807624625e-58
1.342300000000096134e+03,7.499311533586200599e-58
1.342400000000096043e+03,7.584779378883896760e-58
1.342500000000095952e+03,7.671208287194696994e-58
1.342600000000096088e+03,7.758608918363315909e-58
1.342700000000096225e+03,7.846992048827904018e-58
1.342800000000096134e+03,7.936368572877379255e-58
1.342900000000096043e+03,8.026749503924242290e-58
1.343000000000096179e+03,8.118145975785263204e-58
1.343100000000096315e+03,8.210569243981187929e-58
1.343200000000096225e+03,8.304030687047503926e-58
1.343300000000096134e+03,8.398541807860317539e-58
1.343400000000096270e+03,8.494114234976269053e-58
1.343500000000096406e+03,8.590759723984389942e-58
1.343600000000096315e+03,8.688490158875508318e-58
1.343700000000096225e+03,8.787317553425359580e-58
1.343800000000096361e+03,8.887254052590882995e-58
1.343900000000096497e+03,8.988311933921976589e-58
1.344000000000096406e+03,9.090503608989615947e-58
1.344100000000096315e+03,9.193841624826721703e-58
1.344200000000096452e+03,9.298338665387981702e-58
1.344300000000096588e+03,9.404007553019952770e-58
1.344400000000096497e+03,9.510861249950619462e-58
1.344500000000096406e+03,9.618912859795578471e-58
1.344600000000096543e+03,9.728175629075712427e-58
1.344700000000096679e+03,9.838662948754558384e-58
1.344800000000096588e+03,9.950388355791294526e-58
1.344900000000096497e+03,1.006336553470930123e-57
1.345000000000096634e+03,1.017760831918297495e-57
1.345100000000096770e+03,1.029313069363803090e-57
1.345200000000096679e+03,1.040994679487352508e-57
1.345300000000096588e+03,1.052807091369675960e-57
1.345400000000096725e+03,1.064751749657934980e-57
1.345500000000096861e+03,1.076830114732477809e-57
1.345600000000096770e+03,1.089043662876175642e-57
1.345700000000096679e+03,1.101393886444820647e-57
1.345800000000096816e+03,1.113882294039942428e-57
1.345900000000096952e+03,1.126510410682771296e-57
1.346000000000096861e+03,1.139279777990657330e-57
1.346100000000096770e+03,1.152191954355083383e-57
1.346200000000096907e+03,1.165248515121589672e-57
1.346300000000097043e+03,1.178451052771492687e-57
1.346400000000096952e+03,1.191801177105665236e-57
1.346500000000096861e+03,1.205300515430324742e-57
1.346600000000096998e+03,1.218950712744710352e-57
1.346700000000097134e+03,1.232753431930448082e-57
1.346800000000097043e+03,1.246710353943352364e-57
1.346900000000096952e+03,1.260823178007253233e-57
1.347000000000097089e+03,1.275093621809427081e-57
1.347100000000097225e+03,1.289523421698389101e-57
1.347200000000097134e+03,1.304114332884045158e-57
1.347300000000097043e+03,1.318868129639106509e-57
1.347400000000097180e+03,1.333786605503957420e-57
1.347500000000097316e+03,1.348871573492092581e-57
1.347600000000097225e+03,1.364124866298986068e-57
1.347700000000097134e+03,1.379548336512869624e-57
1.347800000000097270e+03,1.395143856827080131e-57
1.347900000000097407e+03,1.410913320255650707e-57
1.348000000000097316e+03,1.426858640350156868e-57
1.348100000000097225e+03,1.442981751419879891e-57
1.348200000000097361e+03,1.459284608753529461e-57
1.348300000000097498e+03,1.475769188843383045e-57
1.348400000000097407e+03,1.492437489612278658e-57
1.348500000000097316e+03,1.509291530642376031e-57
1.348600000000097452e+03,1.526333353406913795e-57
1.348700000000097589e+03,1.543565021503816855e-57
1.348800000000097498e+03,1.560988620892194786e-57
1.348900000000097407e+03,1.578606260131227535e-57
1.349000000000097543e+03,1.596420070621631422e-57
1.349100000000097680e+03,1.614432206849166074e-57
1.349200000000097589e+03,1.632644846631508077e-57
1.349300000000097498e+03,1.651060191367364221e-57
1.349400000000097634e+03,1.669680466287666984e-57
1.349500000000097771e+03,1.688507920710589524e-57
1.349600000000097680e+03,1.707544828297722357e-57
1.349700000000097589e+03,1.726793487314728339e-57
1.349800000000097725e+03,1.746256220893165557e-57
1.349900000000097862e+03,1.765935377295741187e-57
1.350000000000097771e+03,1.785833330184286296e-57
1.350100000000097680e+03,1.805952478891065690e-57
1.350200000000097816e+03,1.826295248691731079e-57
1.350300000000097953e+03,1.846864091082242324e-57
1.350400000000097862e+03,1.867661484058195808e-57
1.350500000000097771e+03,1.888689932397033914e-57
1.350600000000097907e+03,1.909951967944000171e-57
1.350700000000098044e+03,1.931450149899573577e-57
1.350800000000097953e+03,1.953187065111176083e-57
1.350900000000097862e+03,1.975165328367960692e-57
1.351000000000097998e+03,1.997387582697946406e-57
1.351100000000098134e+03,2.019856499668562628e-57
1.351200000000098044e+03,2.042574779690537381e-57
1.351300000000097953e+03,2.065545152324972832e-57
1.351400000000098089e+03,2.088770376593345530e-57
1.351500000000098225e+03,2.112253241291059008e-57
1.351600000000098134e+03,2.135996565304037682e-57
1.351700000000098044e+03,2.160003197928819921e-57
1.351800000000098180e+03,2.184276019196074163e-57
1.351900000000098316e+03,2.208817940197253953e-57
1.352000000000098225e+03,2.233631903414674904e-57
1.352100000000098134e+03,2.258720883055176846e-57
1.352200000000098271e+03,2.284087885388033383e-57
1.352300000000098407e+03,2.309735949084374873e-57
1.352400000000098316e+03,2.335668145562336581e-57
1.352500000000098225e+03,2.361887579334588475e-57
1.352600000000098362e+03,2.388397388360176940e-57
1.352700000000098498e+03,2.415200744399221577e-57
1.352800000000098407e+03,2.442300853371895343e-57
1.352900000000098316e+03,2.469700955721323245e-57
1.353000000000098453e+03,2.497404326780323476e-57
1.353100000000098589e+03,2.525414277140565858e-57
1.353200000000098498e+03,2.553734153027909921e-57
1.353300000000098407e+03,2.582367336679826371e-57
1.353400000000098544e+03,2.611317246727712012e-57
1.353500000000098680e+03,2.640587338582447448e-57
1.353600000000098589e+03,2.670181104825095870e-57
1.353700000000098498e+03,2.700102075600370614e-57
1.353800000000098635e+03,2.730353819015523674e-57
1.353900000000098771e+03,2.760939941542086188e-57
1.354000000000098680e+03,2.791864088422813681e-57
1.354100000000098589e+03,2.823129944082559197e-57
1.354200000000098726e+03,2.854741232543324508e-57
1.354300000000098862e+03,2.886701717843950085e-57
1.354400000000098771e+03,2.919015204463104740e-57
1.354500000000098680e+03,2.951685537748828742e-57
1.354600000000098817e+03,2.984716604350639126e-57
1.354700000000098953e+03,3.018112332656530738e-57
1.354800000000098862e+03,3.051876693234775642e-57
1.354900000000098771e+03,3.086013699281386301e-57
1.355000000000098908e+03,3.120527407069812108e-57
1.355100000000099044e+03,3.155421916407863486e-57
1.355200000000098953e+03,3.190701371097004609e-57
1.355300000000098862e+03,3.226369959399021410e-57
1.355400000000098998e+03,3.262431914505587407e-57
1.355500000000099135e+03,3.298891515013275954e-57
1.355600000000099044e+03,3.335753085403187489e-57
1.355700000000098953e+03,3.373020996527403638e-57
1.355800000000099089e+03,3.410699666097400735e-57
1.355900000000099226e+03,3.448793559180441968e-57
1.356000000000099135e+03,3.487307188699184284e-57
1.356100000000099044e+03,3.526245115938013670e-57
1.356200000000099180e+03,3.565611951052777442e-57
1.356300000000099317e+03,3.605412353587909362e-57
1.356400000000099226e+03,3.645651032997445876e-57
1.356500000000099135e+03,3.686332749172061535e-57
1.356600000000099271e+03,3.727462312971895538e-57
1.356700000000099408e+03,3.769044586763475391e-57
1.356800000000099317e+03,3.811084484964188478e-57
1.356900000000099226e+03,3.853586974591403734e-57
1.357000000000099362e+03,3.896557075817266679e-57
1.357100000000099499e+03,3.939999862528618294e-57
1.357200000000099408e+03,3.983920462894816651e-57
1.357300000000099317e+03,4.028324059939119709e-57
1.357400000000099453e+03,4.073215892117728634e-57
1.357500000000099590e+03,4.118601253903780618e-57
1.357600000000099499e+03,4.164485496377313927e-57
1.357700000000099408e+03,4.210874027822969879e-57
1.357800000000099544e+03,4.257772314331695746e-57
1.357900000000099681e+03,4.305185880410099136e-57
1.358000000000099590e+03,4.353120309595886091e-57
1.358100000000099499e+03,4.401581245079576471e-57
1.358200000000099635e+03,4.450574390332686223e-57
1.358300000000099772e+03,4.500105509741899421e-57
1.358400000000099681e+03,4.550180429250941584e-57
1.358500000000099590e+03,4.600805037008143369e-57
1.358600000000099726e+03,4.651985284021965329e-57
1.358700000000099863e+03,4.703727184820756772e-57
1.358800000000099772e+03,4.756036818121783103e-57
1.358900000000099681e+03,4.808920327508189342e-57
1.359000000000099817e+03,4.862383922108011353e-57
1.359100000000099953e+03,4.916433877285850878e-57
1.359200000000099863e+03,4.971076535338085110e-57
1.359300000000099772e+03,5.026318306197472672e-57
1.359400000000099908e+03,5.082165668143524664e-57
1.359500000000100044e+03,5.138625168520498893e-57
1.359600000000099953e+03,5.195703424463262924e-57
1.359700000000099863e+03,5.253407123631259699e-57
1.359800000000099999e+03,5.311743024948473111e-57
1.359900000000100135e+03,5.370717959352652439e-57
1.360000000000100044e+03,5.430338830550364686e-57
1.360100000000099953e+03,5.490612615782559424e-57
1.360200000000100090e+03,5.551546366595802489e-57
1.360300000000100226e+03,5.613147209621609996e-57
1.360400000000100135e+03,5.675422347365696039e-57
1.360500000000100044e+03,5.738379059003696351e-57
1.360600000000100181e+03,5.802024701185279776e-57
1.360700000000100317e+03,5.866366708846828682e-57
1.360800000000100226e+03,5.931412596032890928e-57
1.360900000000100135e+03,5.997169956725641583e-57
1.361000000000100272e+03,6.063646465683545212e-57
1.361100000000100408e+03,6.130849879287380431e-57
1.361200000000100317e+03,6.198788036395622372e-57
1.361300000000100226e+03,6.267468859210588956e-57
1.361400000000100363e+03,6.336900354150276397e-57
1.361500000000100499e+03,6.407090612730318955e-57
1.361600000000100408e+03,6.478047812457242251e-57
1.361700000000100317e+03,6.549780217727577873e-57
1.361800000000100454e+03,6.622296180738320217e-57
1.361900000000100590e+03,6.695604142407430606e-57
1.362000000000100499e+03,6.769712633299525788e-57
1.362100000000100408e+03,6.844630274568570725e-57
1.362200000000100545e+03,6.920365778902664392e-57
1.362300000000100681e+03,6.996927951483393883e-57
1.362400000000100590e+03,7.074325690953411087e-57
1.362500000000100499e+03,7.152567990392813738e-57
1.362600000000100636e+03,7.231663938310704923e-57
1.362700000000100772e+03,7.311622719638427886e-57
1.362800000000100681e+03,7.392453616740411861e-57
1.362900000000100590e+03,7.474166010433704578e-57
1.363000000000100727e+03,7.556769381015065111e-57
1.363100000000100863e+03,7.640273309301984375e-57
1.363200000000100772e+03,7.724687477682062875e-57
1.363300000000100681e+03,7.810021671175601828e-57
1.363400000000100817e+03,7.896285778508040064e-57
1.363500000000100954e+03,7.983489793190133546e-57
1.363600000000100863e+03,8.071643814616978609e-57
1.363700000000100772e+03,8.160758049170099431e-57
1.363800000000100908e+03,8.250842811336103989e-57
1.363900000000101045e+03,8.341908524834472671e-57
1.364000000000100954e+03,8.433965723758178792e-57
1.364100000000100863e+03,8.527025053724558992e-57
1.364200000000100999e+03,8.621097273042168057e-57
1.364300000000101136e+03,8.716193253881638596e-57
1.364400000000101045e+03,8.812323983466996385e-57
1.364500000000100954e+03,8.909500565273962147e-57
1.364600000000101090e+03,9.007734220243969479e-57
1.364700000000101227e+03,9.107036288006372500e-57
1.364800000000101136e+03,9.207418228117820805e-57
1.364900000000101045e+03,9.308891621310983278e-57
1.365000000000101181e+03,9.411468170759769085e-57
1.365100000000101318e+03,9.515159703351272509e-57
1.365200000000101227e+03,9.619978170977545197e-57
1.365300000000101136e+03,9.725935651838041653e-57
1.365400000000101272e+03,9.833044351753346980e-57
1.365500000000101409e+03,9.941316605494637729e-57
1.365600000000101318e+03,1.005076487812806198e-56
1.365700000000101227e+03,1.016140176636810151e-56
1.365800000000101363e+03,1.027323999995214921e-56
1.365900000000101500e+03,1.038629244302041793e-56
1.366000000000101409e+03,1.050057209551612851e-56
1.366100000000101318e+03,1.061609209460148514e-56
1.366200000000101454e+03,1.073286571608005882e-56
1.366300000000101591e+03,1.085090637584329852e-56
1.366400000000101500e+03,1.097022763132379335e-56
1.366500000000101409e+03,1.109084318296908660e-56
1.366600000000101545e+03,1.121276687572826053e-56
1.366700000000101682e+03,1.133601270055430069e-56
1.366800000000101591e+03,1.146059479591934427e-56
1.366900000000101500e+03,1.158652744935145592e-56
1.367000000000101636e+03,1.171382509897985268e-56
1.367100000000101772e+03,1.184250233510094553e-56
1.367200000000101682e+03,1.197257390175934780e-56
1.367300000000101591e+03,1.210405469834313260e-56
1.367400000000101727e+03,1.223695978119870723e-56
1.367500000000101863e+03,1.237130436525928457e-56
1.367600000000101772e+03,1.250710382568938087e-56
1.367700000000101682e+03,1.264437369955278351e-56
1.367800000000101818e+03,1.278312968748772484e-56
1.367900000000101954e+03,1.292338765540655847e-56
1.368000000000101863e+03,1.306516363620899186e-56
1.368100000000101772e+03,1.320847383151595454e-56
1.368200000000101909e+03,1.335333461341914627e-56
1.368300000000102045e+03,1.349976252624645751e-56
1.368400000000101954e+03,1.364777428834961935e-56
1.368500000000101863e+03,1.379738679390894148e-56
1.368600000000102000e+03,1.394861711475468316e-56
1.368700000000102136e+03,1.410148250220802982e-56
1.368800000000102045e+03,1.425600038894016732e-56
1.368900000000101954e+03,1.441218839085306956e-56
1.369000000000102091e+03,1.457006430897670171e-56
1.369100000000102227e+03,1.472964613138484196e-56
1.369200000000102136e+03,1.489095203513433933e-56
1.369300000000102045e+03,1.505400038822109280e-56
1.369400000000102182e+03,1.521880975155631748e-56
1.369500000000102318e+03,1.538539888096240717e-56
1.369600000000102227e+03,1.555378672919190710e-56
1.369700000000102136e+03,1.572399244796386898e-56
1.369800000000102273e+03,1.589603539002556655e-56
1.369900000000102409e+03,1.606993511122709732e-56
1.370000000000102318e+03,1.624571137262333694e-56
1.370100000000102227e+03,1.642338414260015384e-56
1.370200000000102364e+03,1.660297359901456730e-56
1.370300000000102500e+03,1.678450013135878076e-56
1.370400000000102409e+03,1.696798434295163358e-56
1.370500000000102318e+03,1.715344705314653856e-56
1.370600000000102455e+03,1.734090929956442452e-56
1.370700000000102591e+03,1.753039234034787366e-56
1.370800000000102500e+03,1.772191765643867918e-56
1.370900000000102409e+03,1.791550695388398038e-56
1.371000000000102546e+03,1.811118216615315586e-56
1.371100000000102682e+03,1.830896545649405918e-56
1.371200000000102591e+03,1.850887922029712836e-56
1.371300000000102500e+03,1.871094608749944912e-56
1.371400000000102636e+03,1.891518892500291998e-56
1.371500000000102773e+03,1.912163083911431861e-56
1.371600000000102682e+03,1.933029517802226098e-56
1.371700000000102591e+03,1.954120553429213828e-56
1.371800000000102727e+03,1.975438574738243881e-56
1.371900000000102864e+03,1.996985990619361834e-56
1.372000000000102773e+03,2.018765235163981785e-56
1.372100000000102682e+03,2.040778767924820564e-56
1.372200000000102818e+03,2.063029074178367765e-56
1.372300000000102955e+03,2.085518665189736055e-56
1.372400000000102864e+03,2.108250078480645213e-56
1.372500000000102773e+03,2.131225878100155461e-56
1.372600000000102909e+03,2.154448654897768632e-56
1.372700000000103046e+03,2.177921026799501421e-56
1.372800000000102955e+03,2.201645639086750032e-56
1.372900000000102864e+03,2.225625164678038624e-56
1.373000000000103000e+03,2.249862304413576363e-56
1.373100000000103137e+03,2.274359787342569216e-56
1.373200000000103046e+03,2.299120371013705310e-56
1.373300000000102955e+03,2.324146841768376009e-56
1.373400000000103091e+03,2.349442015037224949e-56
1.373500000000103228e+03,2.375008735638822454e-56
1.373600000000103137e+03,2.400849878082501020e-56
1.373700000000103046e+03,2.426968346873596905e-56
1.373800000000103182e+03,2.453367076821919609e-56
1.373900000000103319e+03,2.480049033353063486e-56
1.374000000000103228e+03,2.507017212823645888e-56
1.374100000000103137e+03,2.534274642838877610e-56
1.374200000000103273e+03,2.561824382573808123e-56
1.374300000000103410e+03,2.589669523098075807e-56
1.374400000000103319e+03,2.617813187702592938e-56
1.374500000000103228e+03,2.646258532231784056e-56
1.374600000000103364e+03,2.675008745417435808e-56
1.374700000000103500e+03,2.704067049215989745e-56
1.374800000000103410e+03,2.733436699150443112e-56
1.374900000000103319e+03,2.763120984654436127e-56
1.375000000000103455e+03,2.793123229420636628e-56
1.375100000000103591e+03,2.823446791752294222e-56
1.375200000000103500e+03,2.854095064917999222e-56
1.375300000000103410e+03,2.885071477511242010e-56
1.375400000000103546e+03,2.916379493812324609e-56
1.375500000000103682e+03,2.948022614154072021e-56
1.375600000000103591e+03,2.980004375292062342e-56
1.375700000000103500e+03,3.012328350778463764e-56
1.375800000000103637e+03,3.044998151338018668e-56
1.375900000000103773e+03,3.078017425250879705e-56
1.376000000000103682e+03,3.111389858735489792e-56
1.376100000000103591e+03,3.145119176339171662e-56
1.376200000000103728e+03,3.179209141330174021e-56
1.376300000000103864e+03,3.213663556093558671e-56
1.376400000000103773e+03,3.248486262533402154e-56
1.376500000000103682e+03,3.283681142476548641e-56
1.376600000000103819e+03,3.319252118081514590e-56
1.376700000000103955e+03,3.355203152251628749e-56
1.376800000000103864e+03,3.391538249052302001e-56
1.376900000000103773e+03,3.428261454131713013e-56
1.377000000000103910e+03,3.465376855147300830e-56
1.377100000000104046e+03,3.502888582194563966e-56
1.377200000000103955e+03,3.540800808241931763e-56
1.377300000000103864e+03,3.579117749569614832e-56
1.377400000000104001e+03,3.617843666211512228e-56
1.377500000000104137e+03,3.656982862403833412e-56
1.377600000000104046e+03,3.696539687035851471e-56
1.377700000000103955e+03,3.736518534107836583e-56
1.377800000000104092e+03,3.776923843190926946e-56
1.377900000000104228e+03,3.817760099893484479e-56
1.378000000000104137e+03,3.859031836331005778e-56
1.378100000000104046e+03,3.900743631602363906e-56
1.378200000000104183e+03,3.942900112268584407e-56
1.378300000000104319e+03,3.985505952838036366e-56
1.378400000000104228e+03,4.028565876256549758e-56
1.378500000000104137e+03,4.072084654401241100e-56
1.378600000000104274e+03,4.116067108580585707e-56
1.378700000000104410e+03,4.160518110039052650e-56
1.378800000000104319e+03,4.205442580466406116e-56
1.378900000000104228e+03,4.250845492512237313e-56
1.379000000000104365e+03,4.296731870307350633e-56
1.379100000000104501e+03,4.343106789987046062e-56
1.379200000000104410e+03,4.389975380222777197e-56
1.379300000000104319e+03,4.437342822757576420e-56
1.379400000000104455e+03,4.485214352947862517e-56
1.379500000000104592e+03,4.533595260308410538e-56
1.379600000000104501e+03,4.582490889066362849e-56
1.379700000000104410e+03,4.631906638717830111e-56
1.379800000000104546e+03,4.681847964591158135e-56
1.379900000000104683e+03,4.732320378416610695e-56
1.380000000000104592e+03,4.783329448899515229e-56
1.380100000000104501e+03,4.834880802302111049e-56
1.380200000000104637e+03,4.886980123029056041e-56
1.380300000000104774e+03,4.939633154219136512e-56
1.380400000000104683e+03,4.992845698344760386e-56
1.380500000000104592e+03,5.046623617813791301e-56
1.380600000000104728e+03,5.100972835581555846e-56
1.380700000000104865e+03,5.155899335766478514e-56
1.380800000000104774e+03,5.211409164271035952e-56
1.380900000000104683e+03,5.267508429412645294e-56
1.381000000000104819e+03,5.324203302557883177e-56
1.381100000000104956e+03,5.381500018761948893e-56
1.381200000000104865e+03,5.439404877418765250e-56
1.381300000000104774e+03,5.497924242914251646e-56
1.381400000000104910e+03,5.557064545286300139e-56
1.381500000000105047e+03,5.616832280893981988e-56
1.381600000000104956e+03,5.677234013088758207e-56
1.381700000000104865e+03,5.738276372898603516e-56
1.381800000000105001e+03,5.799966059712867433e-56
1.381900000000105138e+03,5.862309841978546415e-56
1.382000000000105047e+03,5.925314557899911138e-56
1.382100000000104956e+03,5.988987116149415340e-56
1.382200000000105092e+03,6.053334496580597813e-56
1.382300000000105229e+03,6.118363750952743204e-56
1.382400000000105138e+03,6.184082003660179314e-56
1.382500000000105047e+03,6.250496452468597084e-56
1.382600000000105183e+03,6.317614369261395210e-56
1.382700000000105319e+03,6.385443100790295426e-56
1.382800000000105229e+03,6.453990069434897545e-56
1.382900000000105138e+03,6.523262773971245810e-56
1.383000000000105274e+03,6.593268790344839769e-56
1.383100000000105410e+03,6.664015772454613395e-56
1.383200000000105319e+03,6.735511452942228979e-56
1.383300000000105229e+03,6.807763643990855940e-56
1.383400000000105365e+03,6.880780238131586293e-56
1.383500000000105501e+03,6.954569209057364519e-56
1.383600000000105410e+03,7.029138612444976083e-56
1.383700000000105319e+03,7.104496586787016212e-56
1.383800000000105456e+03,7.180651354229253149e-56
1.383900000000105592e+03,7.257611221419056536e-56
1.384000000000105501e+03,7.335384580360354942e-56
1.384100000000105410e+03,7.413979909277874556e-56
1.384200000000105547e+03,7.493405773491864359e-56
1.384300000000105683e+03,7.573670826295992595e-56
1.384400000000105592e+03,7.654783809851434791e-56
1.384500000000105501e+03,7.736753556084254427e-56
1.384600000000105638e+03,7.819588987593424027e-56
1.384700000000105774e+03,7.903299118570010095e-56
1.384800000000105683e+03,7.987893055719860776e-56
1.384900000000105592e+03,8.073379999203905926e-56
1.385000000000105729e+03,8.159769243579753028e-56
1.385100000000105865e+03,8.247070178756983467e-56
1.385200000000105774e+03,8.335292290961453752e-56
1.385300000000105683e+03,8.424445163708080112e-56
1.385400000000105820e+03,8.514538478784949932e-56
1.385500000000105956e+03,8.605582017245570617e-56
1.385600000000105865e+03,8.697585660411440125e-56
1.385700000000105774e+03,8.790559390885131143e-56
1.385800000000105911e+03,8.884513293574595247e-56
1.385900000000106047e+03,8.979457556723353250e-56
1.386000000000105956e+03,9.075402472955962492e-56
1.386100000000105865e+03,9.172358440331590762e-56
1.386200000000106002e+03,9.270335963407647464e-56
1.386300000000106138e+03,9.369345654314584052e-56
1.386400000000106047e+03,9.469398233841304107e-56
1.386500000000105956e+03,9.570504532531733627e-56
1.386600000000106093e+03,9.672675491792196550e-56
1.386700000000106229e+03,9.775922165009573788e-56
1.386800000000106138e+03,9.880255718678101375e-56
1.386900000000106047e+03,9.985687433544482819e-56
1.387000000000106184e+03,1.009222870575528711e-55
1.387100000000106320e+03,1.019989104802351034e-55
1.387200000000106229e+03,1.030868609079970143e-55
1.387300000000106138e+03,1.041862558346322402e-55
1.387400000000106274e+03,1.052972139551593441e-55
1.387500000000106411e+03,1.064198551779483300e-55
1.387600000000106320e+03,1.075543006369305056e-55
1.387700000000106229e+03,1.087006727039525475e-55
1.387800000000106365e+03,1.098590950012297805e-55
1.387900000000106502e+03,1.110296924139434421e-55
1.388000000000106411e+03,1.122125911029446777e-55
1.388100000000106320e+03,1.134079185176004738e-55
1.388200000000106456e+03,1.146158034087569351e-55
1.388300000000106593e+03,1.158363758418537736e-55
1.388400000000106502e+03,1.170697672100976408e-55
1.388500000000106411e+03,1.183161102478861939e-55
1.388600000000106547e+03,1.195755390442446592e-55
1.388700000000106684e+03,1.208481890564769059e-55
1.388800000000106593e+03,1.221341971238958659e-55
1.388900000000106502e+03,1.234337014817470025e-55
1.389000000000106638e+03,1.247468417752221554e-55
1.389100000000106775e+03,1.260737590736220787e-55
1.389200000000106684e+03,1.274145958846798453e-55
1.389300000000106593e+03,1.287694961690128049e-55
1.389400000000106729e+03,1.301386053547102325e-55
1.389500000000106866e+03,1.315220703520716819e-55
1.389600000000106775e+03,1.329200395684955357e-55
1.389700000000106684e+03,1.343326629234996427e-55
1.389800000000106820e+03,1.357600918639356914e-55
1.389900000000106957e+03,1.372024793792751063e-55
1.390000000000106866e+03,1.386599800171211176e-55
1.390100000000106775e+03,1.401327498988364912e-55
1.390200000000106911e+03,1.416209467353223065e-55
1.390300000000107048e+03,1.431247298429865603e-55
1.390400000000106957e+03,1.446442601598246075e-55
1.390500000000106866e+03,1.461797002616929407e-55
1.390600000000107002e+03,1.477312143787536700e-55
1.390700000000107138e+03,1.492989684119976954e-55
1.390800000000107048e+03,1.508831299500600172e-55
1.390900000000106957e+03,1.524838682861140824e-55
1.391000000000107093e+03,1.541013544349276676e-55
1.391100000000107229e+03,1.557357611501464577e-55
1.391200000000107138e+03,1.573872629416808046e-55
1.391300000000107048e+03,1.590560360933453932e-55
1.391400000000107184e+03,1.607422586805903155e-55
1.391500000000107320e+03,1.624461105884420549e-55
1.391600000000107229e+03,1.641677735296119651e-55
1.391700000000107138e+03,1.659074310628474947e-55
1.391800000000107275e+03,1.676652686113508771e-55
1.391900000000107411e+03,1.694414734814602902e-55
1.392000000000107320e+03,1.712362348814837310e-55
1.392100000000107229e+03,1.730497439407474189e-55
1.392200000000107366e+03,1.748821937288168371e-55
1.392300000000107502e+03,1.767337792748546955e-55
1.392400000000107411e+03,1.786046975872451302e-55
1.392500000000107320e+03,1.804951476734350594e-55
1.392600000000107457e+03,1.824053305598340373e-55
1.392700000000107593e+03,1.843354493120398602e-55
1.392800000000107502e+03,1.862857090552153297e-55
1.392900000000107411e+03,1.882563169946679714e-55
1.393000000000107548e+03,1.902474824366394470e-55
1.393100000000107684e+03,1.922594168092776380e-55
1.393200000000107593e+03,1.942923336838311005e-55
1.393300000000107502e+03,1.963464487960896162e-55
1.393400000000107639e+03,1.984219800679384846e-55
1.393500000000107775e+03,2.005191476292387815e-55
1.393600000000107684e+03,2.026381738398126647e-55
1.393700000000107593e+03,2.047792833117799305e-55
1.393800000000107730e+03,2.069427029319555702e-55
1.393900000000107866e+03,2.091286618845791255e-55
1.394000000000107775e+03,2.113373916742366050e-55
1.394100000000107684e+03,2.135691261490167974e-55
1.394200000000107821e+03,2.158241015238559784e-55
1.394300000000107957e+03,2.181025564041739585e-55
1.394400000000107866e+03,2.204047318096499124e-55
1.394500000000107775e+03,2.227308711983745641e-55
1.394600000000107912e+03,2.250812204911005343e-55
1.394700000000108048e+03,2.274560280957724002e-55
1.394800000000107957e+03,2.298555449323484207e-55
1.394900000000107866e+03,2.322800244578349249e-55
1.395000000000108002e+03,2.347297226915011622e-55
1.395100000000108139e+03,2.372048982404714482e-55
1.395200000000108048e+03,2.397058123254240594e-55
1.395300000000107957e+03,2.422327288066748848e-55
1.395400000000108093e+03,2.447859142104644685e-55
1.395500000000108230e+03,2.473656377554060264e-55
1.395600000000108139e+03,2.499721713793706341e-55
1.395700000000108048e+03,2.526057897665206023e-55
1.395800000000108184e+03,2.552667703746487172e-55
1.395900000000108321e+03,2.579553934627270286e-55
1.396000000000108230e+03,2.606719421187930893e-55
1.396100000000108139e+03,2.634167022881134430e-55
1.396200000000108275e+03,2.661899628015668753e-55
1.396300000000108412e+03,2.689920154043194756e-55
1.396400000000108321e+03,2.718231547848395756e-55
1.396500000000108230e+03,2.746836786041230703e-55
1.396600000000108366e+03,2.775738875252338760e-55
1.396700000000108503e+03,2.804940852431418136e-55
1.396800000000108412e+03,2.834445785148357118e-55
1.396900000000108321e+03,2.864256771897493655e-55
1.397000000000108457e+03,2.894376942404902445e-55
1.397100000000108594e+03,2.924809457938242600e-55
1.397200000000108503e+03,2.955557511619910996e-55
1.397300000000108412e+03,2.986624328743544780e-55
1.397400000000108548e+03,3.018013167093439800e-55
1.397500000000108685e+03,3.049727317266585404e-55
1.397600000000108594e+03,3.081770102998523999e-55
1.397700000000108503e+03,3.114144881492237737e-55
1.397800000000108639e+03,3.146855043750046035e-55
1.397900000000108776e+03,3.179904014908801538e-55
1.398000000000108685e+03,3.213295254578189642e-55
1.398100000000108594e+03,3.247032257183204496e-55
1.398200000000108730e+03,3.281118552308688612e-55
1.398300000000108867e+03,3.315557705048506450e-55
1.398400000000108776e+03,3.350353316356556665e-55
1.398500000000108685e+03,3.385509023402797215e-55
1.398600000000108821e+03,3.421028499932570363e-55
1.398700000000108957e+03,3.456915456627512782e-55
1.398800000000108867e+03,3.493173641472690167e-55
1.398900000000108776e+03,3.529806840125545167e-55
1.399000000000108912e+03,3.566818876289273173e-55
1.399100000000109048e+03,3.604213612089000298e-55
1.399200000000108957e+03,3.641994948452251577e-55
1.399300000000108867e+03,3.680166825493936137e-55
1.399400000000109003e+03,3.718733222902741430e-55
1.399500000000109139e+03,3.757698160333749088e-55
1.399600000000109048e+03,3.797065697803131399e-55
1.399700000000108957e+03,3.836839936088352918e-55
1.399800000000109094e+03,3.877025017130487487e-55
1.399900000000109230e+03,3.917625124441623089e-55
1.400000000000109139e+03,3.958644483515793355e-55
1.400100000000109048e+03,4.000087362244030489e-55
1.400200000000109185e+03,4.041958071334130760e-55
1.400300000000109321e+03,4.084260964732700593e-55
1.400400000000109230e+03,4.127000440052906995e-55
1.400500000000109139e+03,4.170180939006365355e-55
1.400600000000109276e+03,4.213806947838355377e-55
1.400700000000109412e+03,4.257882997767681491e-55
1.400800000000109321e+03,4.302413665430853920e-55
1.400900000000109230e+03,4.347403573330678758e-55
1.401000000000109367e+03,4.392857390289602658e-55
1.401100000000109503e+03,4.438779831905624253e-55
1.401200000000109412e+03,4.485175661015320447e-55
1.401300000000109321e+03,4.532049688159572017e-55
1.401400000000109458e+03,4.579406772053862705e-55
1.401500000000109594e+03,4.627251820064607207e-55
1.401600000000109503e+03,4.675589788687389559e-55
1.401700000000109412e+03,4.724425684033198768e-55
1.401800000000109549e+03,4.773764562317334780e-55
1.401900000000109685e+03,4.823611530352367777e-55
1.402000000000109594e+03,4.873971746047896475e-55
1.402100000000109503e+03,4.924850418914472027e-55
1.402200000000109640e+03,4.976252810571655676e-55
1.402300000000109776e+03,5.028184235261610501e-55
1.402400000000109685e+03,5.080650060366605227e-55
1.402500000000109594e+03,5.133655706934925322e-55
1.402600000000109731e+03,5.187206650207320915e-55
1.402700000000109867e+03,5.241308420151317941e-55
1.402800000000109776e+03,5.295966602000206367e-55
1.402900000000109685e+03,5.351186836797633517e-55
1.403000000000109821e+03,5.406974821945963110e-55
1.403100000000109958e+03,5.463336311761709325e-55
1.403200000000109867e+03,5.520277118035494348e-55
1.403300000000109776e+03,5.577803110597743612e-55
1.403400000000109912e+03,5.635920217889207336e-55
1.403500000000110049e+03,5.694634427537963047e-55
1.403600000000109958e+03,5.753951786940902462e-55
1.403700000000109867e+03,5.813878403852770087e-55
1.403800000000110003e+03,5.874420446978017051e-55
1.403900000000110140e+03,5.935584146571434591e-55
1.404000000000110049e+03,5.997375795041704200e-55
1.404100000000109958e+03,6.059801747563540519e-55
1.404200000000110094e+03,6.122868422694341794e-55
1.404300000000110231e+03,6.186582302995522470e-55
1.404400000000110140e+03,6.250949935662661681e-55
1.404500000000110049e+03,6.315977933160509194e-55
1.404600000000110185e+03,6.381672973862774939e-55
1.404700000000110322e+03,6.448041802700516350e-55
1.404800000000110231e+03,6.515091231814345760e-55
1.404900000000110140e+03,6.582828141215455856e-55
1.405000000000110276e+03,6.651259479451012139e-55
1.405100000000110413e+03,6.720392264276921782e-55
1.405200000000110322e+03,6.790233583336349583e-55
1.405300000000110231e+03,6.860790594847256272e-55
1.405400000000110367e+03,6.932070528291580606e-55
1.405500000000110504e+03,7.004080685116689370e-55
1.405600000000110413e+03,7.076828439440724950e-55
1.405700000000110322e+03,7.150321238763915152e-55
1.405800000000110458e+03,7.224566604689351657e-55
1.405900000000110595e+03,7.299572133648144160e-55
1.406000000000110504e+03,7.375345497633566455e-55
1.406100000000110413e+03,7.451894444941258944e-55
1.406200000000110549e+03,7.529226800916853913e-55
1.406300000000110686e+03,7.607350468710917792e-55
1.406400000000110595e+03,7.686273430040222253e-55
1.406500000000110504e+03,7.766003745957753670e-55
1.406600000000110640e+03,7.846549557630649567e-55
1.406700000000110776e+03,7.927919087121700815e-55
1.406800000000110686e+03,8.010120638184524304e-55
1.406900000000110595e+03,8.093162597060220724e-55
1.407000000000110731e+03,8.177053433286836367e-55
1.407100000000110867e+03,8.261801700513435351e-55
1.407200000000110776e+03,8.347416037321900320e-55
1.407300000000110686e+03,8.433905168059681107e-55
1.407400000000110822e+03,8.521277903678236144e-55
1.407500000000110958e+03,8.609543142578196826e-55
1.407600000000110867e+03,8.698709871465317537e-55
1.407700000000110776e+03,8.788787166215461076e-55
1.407800000000110913e+03,8.879784192743497586e-55
1.407900000000111049e+03,8.971710207885191496e-55
1.408000000000110958e+03,9.064574560283656881e-55
1.408100000000110867e+03,9.158386691288595081e-55
1.408200000000111004e+03,9.253156135861112077e-55
1.408300000000111140e+03,9.348892523486825072e-55
1.408400000000111049e+03,9.445605579100179275e-55
1.408500000000110958e+03,9.543305124016448250e-55
1.408600000000111095e+03,9.642001076872781252e-55
1.408700000000111231e+03,9.741703454576997869e-55
1.408800000000111140e+03,9.842422373267589990e-55
1.408900000000111049e+03,9.944168049282323023e-55
1.409000000000111186e+03,1.004695080013591455e-54
1.409100000000111322e+03,1.015078104550649333e-54
1.409200000000111231e+03,1.025566930823154729e-54
1.409300000000111140e+03,1.036162621531663046e-54
1.409400000000111277e+03,1.046866249894793867e-54
1.409500000000111413e+03,1.057678899751923506e-54
1.409600000000111322e+03,1.068601665666787346e-54
1.409700000000111231e+03,1.079635653031882976e-54
1.409800000000111368e+03,1.090781978174160541e-54
1.409900000000111504e+03,1.102041768461352359e-54
1.410000000000111413e+03,1.113416162409695794e-54
1.410100000000111322e+03,1.124906309792499263e-54
1.410200000000111459e+03,1.136513371749917783e-54
1.410300000000111595e+03,1.148238520899322574e-54
1.410400000000111504e+03,1.160082941447315027e-54
1.410500000000111413e+03,1.172047829302424124e-54
1.410600000000111550e+03,1.184134392189304639e-54
1.410700000000111686e+03,1.196343849763222213e-54
1.410800000000111595e+03,1.208677433726536781e-54
1.410900000000111504e+03,1.221136387945928981e-54
1.411000000000111640e+03,1.233721968570504907e-54
1.411100000000111777e+03,1.246435444151529714e-54
1.411200000000111686e+03,1.259278095762743834e-54
1.411300000000111595e+03,1.272251217122296465e-54
1.411400000000111731e+03,1.285356114715940330e-54
1.411500000000111868e+03,1.298594107920644600e-54
1.411600000000111777e+03,1.311966529130107612e-54
1.411700000000111686e+03,1.325474723881514796e-54
1.411800000000111822e+03,1.339120050982890205e-54
1.411900000000111959e+03,1.352903882642209636e-54
1.412000000000111868e+03,1.366827604597456122e-54
1.412100000000111777e+03,1.380892616248223722e-54
1.412200000000111913e+03,1.395100330788193849e-54
1.412300000000112050e+03,1.409452175339115563e-54
1.412400000000111959e+03,1.423949591086175368e-54
1.412500000000111868e+03,1.438594033414236932e-54
1.412600000000112004e+03,1.453386972045973955e-54
1.412700000000112141e+03,1.468329891180682571e-54
1.412800000000112050e+03,1.483424289635027464e-54
1.412900000000111959e+03,1.498671680984600827e-54
1.413000000000112095e+03,1.514073593707415895e-54
1.413100000000112232e+03,1.529631571327971645e-54
1.413200000000112141e+03,1.545347172563495785e-54
1.413300000000112050e+03,1.561221971471203130e-54
1.413400000000112186e+03,1.577257557597007824e-54
1.413500000000112323e+03,1.593455536125424241e-54
1.413600000000112232e+03,1.609817528031436662e-54
1.413700000000112141e+03,1.626345170233328422e-54
1.413800000000112277e+03,1.643040115747187152e-54
1.413900000000112414e+03,1.659904033842802136e-54
1.414000000000112323e+03,1.676938610201229360e-54
1.414100000000112232e+03,1.694145547073526408e-54
1.414200000000112368e+03,1.711526563441441938e-54
1.414300000000112504e+03,1.729083395178947842e-54
1.414400000000112414e+03,1.746817795216288453e-54
1.414500000000112323e+03,1.764731533704771878e-54
1.414600000000112459e+03,1.782826398183461727e-54
1.414700000000112595e+03,1.801104193747360046e-54
1.414800000000112504e+03,1.819566743217203773e-54
1.414900000000112414e+03,1.838215887311218651e-54
1.415000000000112550e+03,1.857053484818014314e-54
1.415100000000112686e+03,1.876081412771055781e-54
1.415200000000112595e+03,1.895301566625590563e-54
1.415300000000112504e+03,1.914715860436311227e-54
1.415400000000112641e+03,1.934326227037393317e-54
1.415500000000112777e+03,1.954134618223771786e-54
1.415600000000112686e+03,1.974143004934409108e-54
1.415700000000112595e+03,1.994353377437635324e-54
1.415800000000112732e+03,2.014767745517098953e-54
1.415900000000112868e+03,2.035388138661085161e-54
1.416000000000112777e+03,2.056216606252026060e-54
1.416100000000112686e+03,2.077255217759208163e-54
1.416200000000112823e+03,2.098506062932712001e-54
1.416300000000112959e+03,2.119971251998353794e-54
1.416400000000112868e+03,2.141652915856361836e-54
1.416500000000112777e+03,2.163553206280243551e-54
1.416600000000112914e+03,2.185674296118417947e-54
1.416700000000113050e+03,2.208018379497404471e-54
1.416800000000112959e+03,2.230587672027012823e-54
1.416900000000112868e+03,2.253384411007960547e-54
1.417000000000113005e+03,2.276410855640485460e-54
1.417100000000113141e+03,2.299669287235929771e-54
1.417200000000113050e+03,2.323162009429377288e-54
1.417300000000112959e+03,2.346891348395341142e-54
1.417400000000113096e+03,2.370859653064996633e-54
1.417500000000113232e+03,2.395069295344923844e-54
1.417600000000113141e+03,2.419522670339067977e-54
1.417700000000113050e+03,2.444222196571519211e-54
1.417800000000113187e+03,2.469170316212981462e-54
1.417900000000113323e+03,2.494369495307739002e-54
1.418000000000113232e+03,2.519822224003801689e-54
1.418100000000113141e+03,2.545531016785179511e-54
1.418200000000113278e+03,2.571498412705567501e-54
1.418300000000113414e+03,2.597726975625468911e-54
1.418400000000113323e+03,2.624219294450550828e-54
1.418500000000113232e+03,2.650977983372631006e-54
1.418600000000113369e+03,2.678005682113222897e-54
1.418700000000113505e+03,2.705305056168518858e-54
1.418800000000113414e+03,2.732878797057724409e-54
1.418900000000113323e+03,2.760729622573679432e-54
1.419000000000113459e+03,2.788860277034483188e-54
1.419100000000113596e+03,2.817273531539336808e-54
1.419200000000113505e+03,2.845972184225328737e-54
1.419300000000113414e+03,2.874959060528004730e-54
1.419400000000113550e+03,2.904237013443040172e-54
1.419500000000113687e+03,2.933808923791266916e-54
1.419600000000113596e+03,2.963677700485890869e-54
1.419700000000113505e+03,2.993846280802809664e-54
1.419800000000113641e+03,3.024317630651916166e-54
1.419900000000113778e+03,3.055094744853552566e-54
1.420000000000113687e+03,3.086180647414293330e-54
1.420100000000113596e+03,3.117578391808805461e-54
1.420200000000113732e+03,3.149291061261589942e-54
1.420300000000113869e+03,3.181321769032705945e-54
1.420400000000113778e+03,3.213673658706146542e-54
1.420500000000113687e+03,3.246349904480850842e-54
1.420600000000113823e+03,3.279353711464112638e-54
1.420700000000113960e+03,3.312688315967988282e-54
1.420800000000113869e+03,3.346356985808549062e-54
1.420900000000113778e+03,3.380363020608131084e-54
1.421000000000113914e+03,3.414709752100429065e-54
1.421100000000114051e+03,3.449400544437640630e-54
1.421200000000113960e+03,3.484438794501623498e-54
1.421300000000113869e+03,3.519827932217428887e-54
1.421400000000114005e+03,3.555571420870206810e-54
1.421500000000114142e+03,3.591672757424062768e-54
1.421600000000114051e+03,3.628135472845053103e-54
1.421700000000113960e+03,3.664963132427117579e-54
1.421800000000114096e+03,3.702159336120274000e-54
1.421900000000114233e+03,3.739727718862839050e-54
1.422000000000114142e+03,3.777671950915704858e-54
1.422100000000114051e+03,3.815995738201188879e-54
1.422200000000114187e+03,3.854702822643966165e-54
1.422300000000114323e+03,3.893796982515775741e-54
1.422400000000114233e+03,3.933282032782422059e-54
1.422500000000114142e+03,3.973161825455262847e-54
1.422600000000114278e+03,4.013440249946574243e-54
1.422700000000114414e+03,4.054121233424963451e-54
1.422800000000114323e+03,4.095208741178036952e-54
1.422900000000114233e+03,4.136706776976850871e-54
1.423000000000114369e+03,4.178619383442724807e-54
1.423100000000114505e+03,4.220950642419453715e-54
1.423200000000114414e+03,4.263704675347301946e-54
1.423300000000114323e+03,4.306885643642150185e-54
1.423400000000114460e+03,4.350497749077515869e-54
1.423500000000114596e+03,4.394545234168582364e-54
1.423600000000114505e+03,4.439032382562629425e-54
1.423700000000114414e+03,4.483963519432046194e-54
1.423800000000114551e+03,4.529343011869176775e-54
1.423900000000114687e+03,4.575175269288255600e-54
1.424000000000114596e+03,4.621464743828202887e-54
1.424100000000114505e+03,4.668215930760885360e-54
1.424200000000114642e+03,4.715433368902947674e-54
1.424300000000114778e+03,4.763121641030069307e-54
1.424400000000114687e+03,4.811285374297334110e-54
1.424500000000114596e+03,4.859929240662663428e-54
1.424600000000114733e+03,4.909057957313550994e-54
1.424700000000114869e+03,4.958676287098286543e-54
1.424800000000114778e+03,5.008789038961292010e-54
1.424900000000114687e+03,5.059401068382634056e-54
1.425000000000114824e+03,5.110517277822564316e-54
1.425100000000114960e+03,5.162142617166475764e-54
1.425200000000114869e+03,5.214282084179802659e-54
1.425300000000114778e+03,5.266940724962708357e-54
1.425400000000114915e+03,5.320123634410194377e-54
1.425500000000115051e+03,5.373835956677529263e-54
1.425600000000114960e+03,5.428082885648913159e-54
1.425700000000114869e+03,5.482869665411068092e-54
1.425800000000115006e+03,5.538201590731781202e-54
1.425900000000115142e+03,5.594084007540763910e-54
1.426000000000115051e+03,5.650522313418098730e-54
1.426100000000114960e+03,5.707521958084769032e-54
1.426200000000115097e+03,5.765088443899397088e-54
1.426300000000115233e+03,5.823227326358620620e-54
1.426400000000115142e+03,5.881944214601880981e-54
1.426500000000115051e+03,5.941244771922854296e-54
1.426600000000115188e+03,6.001134716283904446e-54
1.426700000000115324e+03,6.061619820835326723e-54
1.426800000000115233e+03,6.122705914440274682e-54
1.426900000000115142e+03,6.184398882204124138e-54
1.427000000000115278e+03,6.246704666009447328e-54
1.427100000000115415e+03,6.309629265055506517e-54
1.427200000000115324e+03,6.373178736401547215e-54
1.427300000000115233e+03,6.437359195517448380e-54
1.427400000000115369e+03,6.502176816839563183e-54
1.427500000000115506e+03,6.567637834327812800e-54
1.427600000000115415e+03,6.633748542033338678e-54
1.427700000000115324e+03,6.700515294667737018e-54
1.427800000000115460e+03,6.767944508179552873e-54
1.427900000000115597e+03,6.836042660335088505e-54
1.428000000000115506e+03,6.904816291304462594e-54
1.428100000000115415e+03,6.974272004254802718e-54
1.428200000000115551e+03,7.044416465947492449e-54
1.428300000000115688e+03,7.115256407340585847e-54
1.428400000000115597e+03,7.186798624198204525e-54
1.428500000000115506e+03,7.259049977705663128e-54
1.428600000000115642e+03,7.332017395089140901e-54
1.428700000000115779e+03,7.405707870241264810e-54
1.428800000000115688e+03,7.480128464353220858e-54
1.428900000000115597e+03,7.555286306553131653e-54
1.429000000000115733e+03,7.631188594550029069e-54
1.429100000000115870e+03,7.707842595282102934e-54
1.429200000000115779e+03,7.785255645572864235e-54
1.429300000000115688e+03,7.863435152794828737e-54
1.429400000000115824e+03,7.942388595535863119e-54
1.429500000000115961e+03,8.022123524273469966e-54
1.429600000000115870e+03,8.102647562056029849e-54
1.429700000000115779e+03,8.183968405190021010e-54
1.429800000000115915e+03,8.266093823932627842e-54
1.429900000000116052e+03,8.349031663191800226e-54
1.430000000000115961e+03,8.432789843231377099e-54
1.430100000000115870e+03,8.517376360387991385e-54
1.430200000000116006e+03,8.602799287784950770e-54
1.430300000000116142e+03,8.689066776063460165e-54
1.430400000000116052e+03,8.776187054112015076e-54
1.430500000000115961e+03,8.864168429807926389e-54
1.430600000000116097e+03,8.953019290765278316e-54
1.430700000000116233e+03,9.042748105084845262e-54
1.430800000000116142e+03,9.133363422118514006e-54
1.430900000000116052e+03,9.224873873235552371e-54
1.431000000000116188e+03,9.317288172597240996e-54
1.431100000000116324e+03,9.410615117938933954e-54
1.431200000000116233e+03,9.504863591359988680e-54
1.431300000000116142e+03,9.600042560120215985e-54
1.431400000000116279e+03,9.696161077444233007e-54
1.431500000000116415e+03,9.793228283332838143e-54
1.431600000000116324e+03,9.891253405381592279e-54
1.431700000000116233e+03,9.990245759609184205e-54
1.431800000000116370e+03,1.009021475128942179e-53
1.431900000000116506e+03,1.019116987579616594e-53
1.432000000000116415e+03,1.029312071945111955e-53
1.432100000000116324e+03,1.039607696038285410e-53
1.432200000000116461e+03,1.050004836939296262e-53
1.432300000000116597e+03,1.060504481082823550e-53
1.432400000000116506e+03,1.071107624346473584e-53
1.432500000000116415e+03,1.081815272139710018e-53
1.432600000000116552e+03,1.092628439493706239e-53
1.432700000000116688e+03,1.103548151152050292e-53
1.432800000000116597e+03,1.114575441662121411e-53
1.432900000000116506e+03,1.125711355467698228e-53
1.433000000000116643e+03,1.136956947002135191e-53
1.433100000000116779e+03,1.148313280782198990e-53
1.433200000000116688e+03,1.159781431503412310e-53
1.433300000000116597e+03,1.171362484135549429e-53
1.433400000000116734e+03,1.183057534019698260e-53
1.433500000000116870e+03,1.194867686965585286e-53
1.433600000000116779e+03,1.206794059350388580e-53
1.433700000000116688e+03,1.218837778217877466e-53
1.433800000000116825e+03,1.230999981379226421e-53
1.433900000000116961e+03,1.243281817513798155e-53
1.434000000000116870e+03,1.255684446271591412e-53
1.434100000000116779e+03,1.268209038376805258e-53
1.434200000000116916e+03,1.280856775731247573e-53
1.434300000000117052e+03,1.293628851520143171e-53
1.434400000000116961e+03,1.306526470317565896e-53
1.434500000000116870e+03,1.319550848194153046e-53
1.434600000000117006e+03,1.332703212824675591e-53
1.434700000000117143e+03,1.345984803597239294e-53
1.434800000000117052e+03,1.359396871723377192e-53
1.434900000000116961e+03,1.372940680349010035e-53
1.435000000000117097e+03,1.386617504666744125e-53
1.435100000000117234e+03,1.400428632028897319e-53
1.435200000000117143e+03,1.414375362061641733e-53
1.435300000000117052e+03,1.428459006780287958e-53
1.435400000000117188e+03,1.442680890705633349e-53
1.435500000000117325e+03,1.457042350981294652e-53
1.435600000000117234e+03,1.471544737492062044e-53
1.435700000000117143e+03,1.486189412983822641e-53
1.435800000000117279e+03,1.500977753183818057e-53
1.435900000000117416e+03,1.515911146922709284e-53
1.436000000000117325e+03,1.530990996257195622e-53
1.436100000000117234e+03,1.546218716594339394e-53
1.436200000000117370e+03,1.561595736816672132e-53
1.436300000000117507e+03,1.577123499408495137e-53
1.436400000000117416e+03,1.592803460583156943e-53
1.436500000000117325e+03,1.608637090412268386e-53
1.436600000000117461e+03,1.624625872955131640e-53
1.436700000000117598e+03,1.640771306390078802e-53
1.436800000000117507e+03,1.657074903146287345e-53
1.436900000000117416e+03,1.673538190037967836e-53
1.437000000000117552e+03,1.690162708398588047e-53
1.437100000000117689e+03,1.706950014216882136e-53
1.437200000000117598e+03,1.723901678274359949e-53
1.437300000000117507e+03,1.741019286283660185e-53
1.437400000000117643e+03,1.758304439027969021e-53
1.437500000000117780e+03,1.775758752502656149e-53
1.437600000000117689e+03,1.793383858057143798e-53
1.437700000000117598e+03,1.811181402538906226e-53
1.437800000000117734e+03,1.829153048438418551e-53
1.437900000000117871e+03,1.847300474035174509e-53
1.438000000000117780e+03,1.865625373545546546e-53
1.438100000000117689e+03,1.884129457272033840e-53
1.438200000000117825e+03,1.902814451753297831e-53
1.438300000000117961e+03,1.921682099916254285e-53
1.438400000000117871e+03,1.940734161228897915e-53
1.438500000000117780e+03,1.959972411855250988e-53
1.438600000000117916e+03,1.979398644811338929e-53
1.438700000000118052e+03,1.999014670122416375e-53
1.438800000000117961e+03,2.018822314981799330e-53
1.438900000000117871e+03,2.038823423911793474e-53
1.439000000000118007e+03,2.059019858924845955e-53
1.439100000000118143e+03,2.079413499687204614e-53
1.439200000000118052e+03,2.100006243683794042e-53
1.439300000000117961e+03,2.120800006384331458e-53
1.439400000000118098e+03,2.141796721411532946e-53
1.439500000000118234e+03,2.162998340709994305e-53
1.439600000000118143e+03,2.184406834717624533e-53
1.439700000000118052e+03,2.206024192538129010e-53
1.439800000000118189e+03,2.227852422114691688e-53
1.439900000000118325e+03,2.249893550406374270e-53
1.440000000000118234e+03,2.272149623564829282e-53
1.440100000000118143e+03,2.294622707113558587e-53
1.440200000000118280e+03,2.317314886128655585e-53
1.440300000000118416e+03,2.340228265420738527e-53
1.440400000000118325e+03,2.363364969718810764e-53
1.440500000000118234e+03,2.386727143856467070e-53
1.440600000000118371e+03,2.410316952958700853e-53
1.440700000000118507e+03,2.434136582631059760e-53
1.440800000000118416e+03,2.458188239150223762e-53
1.440900000000118325e+03,2.482474149657266850e-53
1.441000000000118462e+03,2.506996562350865408e-53
1.441100000000118598e+03,2.531757746684383641e-53
1.441200000000118507e+03,2.556759993562765648e-53
1.441300000000118416e+03,2.582005615543057899e-53
1.441400000000118553e+03,2.607496947035640614e-53
1.441500000000118689e+03,2.633236344507433844e-53
1.441600000000118598e+03,2.659226186686960007e-53
1.441700000000118507e+03,2.685468874772036248e-53
1.441800000000118644e+03,2.711966832638242024e-53
1.441900000000118780e+03,2.738722507049894581e-53
1.442000000000118689e+03,2.765738367873209608e-53
1.442100000000118598e+03,2.793016908290671101e-53
1.442200000000118735e+03,2.820560645018115433e-53
1.442300000000118871e+03,2.848372118523223072e-53
1.442400000000118780e+03,2.876453893246326691e-53
1.442500000000118689e+03,2.904808557823091510e-53
1.442600000000118825e+03,2.933438725309863477e-53
1.442700000000118962e+03,2.962347033409473682e-53
1.442800000000118871e+03,2.991536144700960625e-53
1.442900000000118780e+03,3.021008746870681110e-53
1.443000000000118916e+03,3.050767552944427270e-53
1.443100000000119053e+03,3.080815301524205594e-53
1.443200000000118962e+03,3.111154757024110447e-53
1.443300000000118871e+03,3.141788709910751104e-53
1.443400000000119007e+03,3.172719976945457346e-53
1.443500000000119144e+03,3.203951401426951028e-53
1.443600000000119053e+03,3.235485853438221105e-53
1.443700000000118962e+03,3.267326230095805465e-53
1.443800000000119098e+03,3.299475455798792723e-53
1.443900000000119235e+03,3.331936482483451338e-53
1.444000000000119144e+03,3.364712289877467413e-53
1.444100000000119053e+03,3.397805885757938533e-53
1.444200000000119189e+03,3.431220306211854150e-53
1.444300000000119326e+03,3.464958615897422144e-53
1.444400000000119235e+03,3.499023908309595591e-53
1.444500000000119144e+03,3.533419306047531097e-53
1.444600000000119280e+03,3.568147961083151089e-53
1.444700000000119417e+03,3.603213055033890554e-53
1.444800000000119326e+03,3.638617799437747191e-53
1.444900000000119235e+03,3.674365436029155474e-53
1.445000000000119371e+03,3.710459237019453640e-53
1.445100000000119508e+03,3.746902505378828329e-53
1.445200000000119417e+03,3.783698575120273324e-53
1.445300000000119326e+03,3.820850811588673953e-53
1.445400000000119462e+03,3.858362611748723088e-53
1.445500000000119599e+03,3.896237404478621185e-53
1.445600000000119508e+03,3.934478650864992954e-53
1.445700000000119417e+03,3.973089844500546970e-53
1.445800000000119553e+03,4.012074511785711109e-53
1.445900000000119690e+03,4.051436212230317113e-53
1.446000000000119599e+03,4.091178538761144323e-53
1.446100000000119508e+03,4.131305118030280822e-53
1.446200000000119644e+03,4.171819610726603555e-53
1.446300000000119780e+03,4.212725711890878640e-53
1.446400000000119690e+03,4.254027151232634678e-53
1.446500000000119599e+03,4.295727693450732280e-53
1.446600000000119735e+03,4.337831138556897725e-53
1.446700000000119871e+03,4.380341322200847857e-53
1.446800000000119780e+03,4.423262116000507728e-53
1.446900000000119690e+03,4.466597427873501426e-53
1.447000000000119826e+03,4.510351202372530147e-53
1.447100000000119962e+03,4.554527421023397714e-53
1.447200000000119871e+03,4.599130102666254766e-53
1.447300000000119780e+03,4.644163303799547876e-53
1.447400000000119917e+03,4.689631118929170838e-53
1.447500000000120053e+03,4.735537680916489277e-53
1.447600000000119962e+03,4.781887161333822623e-53
1.447700000000119871e+03,4.828683770821489514e-53
1.447800000000120008e+03,4.875931759447527532e-53
1.447900000000120144e+03,4.923635417071483800e-53
1.448000000000120053e+03,4.971799073710563702e-53
1.448100000000119962e+03,5.020427099911015150e-53
1.448200000000120099e+03,5.069523907120967783e-53
1.448300000000120235e+03,5.119093948067040727e-53
1.448400000000120144e+03,5.169141717134935887e-53
1.448500000000120053e+03,5.219671750753675544e-53
1.448600000000120190e+03,5.270688627782224038e-53
1.448700000000120326e+03,5.322196969900579045e-53
1.448800000000120235e+03,5.374201442003466720e-53
1.448900000000120144e+03,5.426706752599255689e-53
1.449000000000120281e+03,5.479717654210846198e-53
1.449100000000120417e+03,5.533238943780485448e-53
1.449200000000120326e+03,5.587275463078855948e-53
1.449300000000120235e+03,5.641832099118183711e-53
1.449400000000120372e+03,5.696913784567711069e-53
1.449500000000120508e+03,5.752525498173502776e-53
1.449600000000120417e+03,5.808672265182578887e-53
1.449700000000120326e+03,5.865359157771371659e-53
1.449800000000120463e+03,5.922591295475724543e-53
1.449900000000120599e+03,5.980373845627355399e-53
1.450000000000120508e+03,6.038712023792311557e-53
1.450100000000120417e+03,6.097611094216010569e-53
1.450200000000120554e+03,6.157076370268557300e-53
1.450300000000120690e+03,6.217113214897122420e-53
1.450400000000120599e+03,6.277727041081599833e-53
1.450500000000120508e+03,6.338923312293493896e-53
1.450600000000120644e+03,6.400707542960704282e-53
1.450700000000120781e+03,6.463085298934241477e-53
1.450800000000120690e+03,6.526062197960532053e-53
1.450900000000120599e+03,6.589643910159475999e-53
1.451000000000120735e+03,6.653836158503225480e-53
1.451100000000120872e+03,6.718644719302300419e-53
1.451200000000120781e+03,6.784075422693970394e-53
1.451300000000120690e+03,6.850134153138371162e-53
1.451400000000120826e+03,6.916826849914010092e-53
1.451500000000120963e+03,6.984159507623092645e-53
1.451600000000120872e+03,7.052138176696370367e-53
1.451700000000120781e+03,7.120768963908431230e-53
1.451800000000120917e+03,7.190058032890547451e-53
1.451900000000121054e+03,7.260011604655461403e-53
1.452000000000120963e+03,7.330635958120181526e-53
1.452100000000120872e+03,7.401937430638200552e-53
1.452200000000121008e+03,7.473922418536270499e-53
1.452300000000121145e+03,7.546597377651998310e-53
1.452400000000121054e+03,7.619968823880702466e-53
1.452500000000120963e+03,7.694043333725054282e-53
1.452600000000121099e+03,7.768827544850168023e-53
1.452700000000121236e+03,7.844328156644486659e-53
1.452800000000121145e+03,7.920551930782725301e-53
1.452900000000121054e+03,7.997505691798476190e-53
1.453000000000121190e+03,8.075196327658209276e-53
1.453100000000121327e+03,8.153630790342475151e-53
1.453200000000121236e+03,8.232816096429799932e-53
1.453300000000121145e+03,8.312759327691164369e-53
1.453400000000121281e+03,8.393467631683112400e-53
1.453500000000121418e+03,8.474948222351308539e-53
1.453600000000121327e+03,8.557208380636031467e-53
1.453700000000121236e+03,8.640255455086886864e-53
1.453800000000121372e+03,8.724096862479481471e-53
1.453900000000121508e+03,8.808740088439113128e-53
1.454000000000121418e+03,8.894192688070708958e-53
1.454100000000121327e+03,8.980462286592862235e-53
1.454200000000121463e+03,9.067556579979419332e-53
1.454300000000121599e+03,9.155483335606127884e-53
1.454400000000121508e+03,9.244250392900918123e-53
1.454500000000121418e+03,9.333865664003932000e-53
1.454600000000121554e+03,9.424337134431309733e-53
1.454700000000121690e+03,9.515672863743872517e-53
1.454800000000121599e+03,9.607880986223848630e-53
1.454900000000121508e+03,9.700969711558302094e-53
1.455000000000121645e+03,9.794947325525200422e-53
1.455100000000121781e+03,9.889822190688809170e-53
1.455200000000121690e+03,9.985602747100366541e-53
1.455300000000121599e+03,1.008229751300352247e-52
1.455400000000121736e+03,1.017991508555071244e-52
1.455500000000121872e+03,1.027846414152027500e-52
1.455600000000121781e+03,1.037795343804196507e-52
1.455700000000121690e+03,1.047839181333273619e-52
1.455800000000121827e+03,1.057978818743307171e-52
1.455900000000121963e+03,1.068215156295338649e-52
1.456000000000121872e+03,1.078549102582768755e-52
1.456100000000121781e+03,1.088981574607205659e-52
1.456200000000121918e+03,1.099513497854973131e-52
1.456300000000122054e+03,1.110145806374682465e-52
1.456400000000121963e+03,1.120879442854884152e-52
1.456500000000121872e+03,1.131715358703033544e-52
1.456600000000122009e+03,1.142654514124759925e-52
1.456700000000122145e+03,1.153697878203904133e-52
1.456800000000122054e+03,1.164846428983470873e-52
1.456900000000121963e+03,1.176101153547073052e-52
1.457000000000122100e+03,1.187463048101345519e-52
1.457100000000122236e+03,1.198933118058857878e-52
1.457200000000122145e+03,1.210512378121699964e-52
1.457300000000122054e+03,1.222201852366464578e-52
1.457400000000122191e+03,1.234002574328966498e-52
1.457500000000122327e+03,1.245915587090678481e-52
1.457600000000122236e+03,1.257941943365253501e-52
1.457700000000122145e+03,1.270082705586270662e-52
1.457800000000122282e+03,1.282338945995555286e-52
1.457900000000122418e+03,1.294711746732370303e-52
1.458000000000122327e+03,1.307202199923064051e-52
1.458100000000122236e+03,1.319811407772295052e-52
1.458200000000122373e+03,1.332540482654224880e-52
1.458300000000122509e+03,1.345390547205048395e-52
1.458400000000122418e+03,1.358362734416197186e-52
1.458500000000122327e+03,1.371458187728262980e-52
1.458600000000122463e+03,1.384678061126263221e-52
1.458700000000122600e+03,1.398023519234554650e-52
1.458800000000122509e+03,1.411495737414386354e-52
1.458900000000122418e+03,1.425095901860718204e-52
1.459000000000122554e+03,1.438825209700739415e-52
1.459100000000122691e+03,1.452684869093013397e-52
1.459200000000122600e+03,1.466676099327520425e-52
1.459300000000122509e+03,1.480800130926834210e-52
1.459400000000122645e+03,1.495058205747708341e-52
1.459500000000122782e+03,1.509451577084067402e-52
1.459600000000122691e+03,1.523981509770618447e-52
1.459700000000122600e+03,1.538649280287528144e-52
1.459800000000122736e+03,1.553456176865892191e-52
1.459900000000122873e+03,1.568403499594277258e-52
1.460000000000122782e+03,1.583492560526301690e-52
1.460100000000122691e+03,1.598724683788879969e-52
1.460200000000122827e+03,1.614101205691676012e-52
1.460300000000122964e+03,1.629623474837322788e-52
1.460400000000122873e+03,1.645292852232940711e-52
1.460500000000122782e+03,1.661110711402367465e-52
1.460600000000122918e+03,1.677078438499678255e-52
1.460700000000123055e+03,1.693197432423151725e-52
1.460800000000122964e+03,1.709469104930805608e-52
1.460900000000122873e+03,1.725894880756782528e-52
1.461000000000123009e+03,1.742476197729210580e-52
1.461100000000123146e+03,1.759214506887701711e-52
1.461200000000123055e+03,1.776111272603639790e-52
1.461300000000122964e+03,1.793167972700634109e-52
1.461400000000123100e+03,1.810386098576023337e-52
1.461500000000123237e+03,1.827767155323663591e-52
1.461600000000123146e+03,1.845312661857820005e-52
1.461700000000123055e+03,1.863024151037993017e-52
1.461800000000123191e+03,1.880903169795181967e-52
1.461900000000123327e+03,1.898951279258831568e-52
1.462000000000123237e+03,1.917170054885140767e-52
1.462100000000123146e+03,1.935561086586713220e-52
1.462200000000123282e+03,1.954125978862935518e-52
1.462300000000123418e+03,1.972866350931777525e-52
1.462400000000123327e+03,1.991783836862834922e-52
1.462500000000123237e+03,2.010880085711088007e-52
1.462600000000123373e+03,2.030156761652934972e-52
1.462700000000123509e+03,2.049615544121739280e-52
1.462800000000123418e+03,2.069258127946083647e-52
1.462900000000123327e+03,2.089086223488956892e-52
1.463000000000123464e+03,2.109101556787222682e-52
1.463100000000123600e+03,2.129305869693550080e-52
1.463200000000123509e+03,2.149700920018971323e-52
1.463300000000123418e+03,2.170288481676635810e-52
1.463400000000123555e+03,2.191070344827441702e-52
1.463500000000123691e+03,2.212048316025875226e-52
1.463600000000123600e+03,2.233224218368408227e-52
1.463700000000123509e+03,2.254599891642630509e-52
1.463800000000123646e+03,2.276177192477122534e-52
1.463900000000123782e+03,2.297957994493580727e-52
1.464000000000123691e+03,2.319944188459954274e-52
1.464100000000123600e+03,2.342137682444972875e-52
1.464200000000123737e+03,2.364540401973861446e-52
1.464300000000123873e+03,2.387154290185574111e-52
1.464400000000123782e+03,2.409981307991253710e-52
1.464500000000123691e+03,2.433023434234752889e-52
1.464600000000123828e+03,2.456282665853451930e-52
1.464700000000123964e+03,2.479761018041734589e-52
1.464800000000123873e+03,2.503460524414641240e-52
1.464900000000123782e+03,2.527383237174308373e-52
1.465000000000123919e+03,2.551531227276793851e-52
1.465100000000124055e+03,2.575906584600801279e-52
1.465200000000123964e+03,2.600511418118092062e-52
1.465300000000123873e+03,2.625347856065146723e-52
1.465400000000124010e+03,2.650418046116257607e-52
1.465500000000124146e+03,2.675724155558432042e-52
1.465600000000124055e+03,2.701268371467573330e-52
1.465700000000123964e+03,2.727052900886659507e-52
1.465800000000124101e+03,2.753079971004882797e-52
1.465900000000124237e+03,2.779351829338935577e-52
1.466000000000124146e+03,2.805870743915082694e-52
1.466100000000124055e+03,2.832639003454526821e-52
1.466200000000124192e+03,2.859658917558029736e-52
1.466300000000124328e+03,2.886932816894466486e-52
1.466400000000124237e+03,2.914463053389210026e-52
1.466500000000124146e+03,2.942252000415301851e-52
1.466600000000124282e+03,2.970302052986657502e-52
1.466700000000124419e+03,2.998615627950996093e-52
1.466800000000124328e+03,3.027195164186689744e-52
1.466900000000124237e+03,3.056043122800383405e-52
1.467000000000124373e+03,3.085161987326270471e-52
1.467100000000124510e+03,3.114554263927266403e-52
1.467200000000124419e+03,3.144222481597823666e-52
1.467300000000124328e+03,3.174169192369195491e-52
1.467400000000124464e+03,3.204396971515780495e-52
1.467500000000124601e+03,3.234908417763214341e-52
1.467600000000124510e+03,3.265706153498706574e-52
1.467700000000124419e+03,3.296792824983753215e-52
1.467800000000124555e+03,3.328171102566910170e-52
1.467900000000124692e+03,3.359843680901107839e-52
1.468000000000124601e+03,3.391813279159829205e-52
1.468100000000124510e+03,3.424082641257969700e-52
1.468200000000124646e+03,3.456654536073283482e-52
1.468300000000124783e+03,3.489531757669154652e-52
1.468400000000124692e+03,3.522717125520805416e-52
1.468500000000124601e+03,3.556213484742892972e-52
1.468600000000124737e+03,3.590023706318464712e-52
1.468700000000124874e+03,3.624150687331065509e-52
1.468800000000124783e+03,3.658597351198141732e-52
1.468900000000124692e+03,3.693366647906048397e-52
1.469000000000124828e+03,3.728461554249301858e-52
1.469100000000124965e+03,3.763885074068331766e-52
1.469200000000124874e+03,3.799640238493245643e-52
1.469300000000124783e+03,3.835730106186831590e-52
1.469400000000124919e+03,3.872157763590878507e-52
1.469500000000125056e+03,3.908926325175140234e-52
1.469600000000124965e+03,3.946038933686606076e-52
1.469700000000124874e+03,3.983498760403760207e-52
1.469800000000125010e+03,4.021309005390559916e-52
1.469900000000125146e+03,4.059472897754118611e-52
1.470000000000125056e+03,4.097993695903460040e-52
1.470100000000124965e+03,4.136874687812438692e-52
1.470200000000125101e+03,4.176119191282876074e-52
1.470300000000125237e+03,4.215730554211274887e-52
1.470400000000125146e+03,4.255712154857189740e-52
1.470500000000125056e+03,4.296067402115005871e-52
1.470600000000125192e+03,4.336799735786925597e-52
1.470700000000125328e+03,4.377912626858603130e-52
1.470800000000125237e+03,4.419409577777892903e-52
1.470900000000125146e+03,4.461294122735326388e-52
1.471000000000125283e+03,4.503569827947713542e-52
1.471100000000125419e+03,4.546240291942908215e-52
1.471200000000125328e+03,4.589309145849009754e-52
1.471300000000125237e+03,4.632780053684602453e-52
1.471400000000125374e+03,4.676656712651839216e-52
1.471500000000125510e+03,4.720942853432856835e-52
1.471600000000125419e+03,4.765642240486982067e-52
1.471700000000125328e+03,4.810758672354040837e-52
1.471800000000125465e+03,4.856295981955428568e-52
1.471900000000125601e+03,4.902258036902694621e-52
1.472000000000125510e+03,4.948648739804443493e-52
1.472100000000125419e+03,4.995472028580261995e-52
1.472200000000125556e+03,5.042731876773981005e-52
1.472300000000125692e+03,5.090432293870610806e-52
1.472400000000125601e+03,5.138577325617065019e-52
1.472500000000125510e+03,5.187171054345151595e-52
1.472600000000125647e+03,5.236217599296626133e-52
1.472700000000125783e+03,5.285721116951691782e-52
1.472800000000125692e+03,5.335685801360845600e-52
1.472900000000125601e+03,5.386115884478684848e-52
1.473000000000125738e+03,5.437015636502032294e-52
1.473100000000125874e+03,5.488389366208423522e-52
1.473200000000125783e+03,5.540241421300781209e-52
1.473300000000125692e+03,5.592576188753234801e-52
1.473400000000125829e+03,5.645398095159691674e-52
1.473500000000125965e+03,5.698711607086333382e-52
1.473600000000125874e+03,5.752521231427272889e-52
1.473700000000125783e+03,5.806831515762800084e-52
1.473800000000125920e+03,5.861647048720596146e-52
1.473900000000126056e+03,5.916972460340933822e-52
1.474000000000125965e+03,5.972812422443762721e-52
1.474100000000125874e+03,6.029171649001637353e-52
1.474200000000126010e+03,6.086054896511230474e-52
1.474300000000126147e+03,6.143466964373822713e-52
1.474400000000126056e+03,6.201412695274197238e-52
1.474500000000125965e+03,6.259896975566101939e-52
1.474600000000126101e+03,6.318924735659500200e-52
1.474700000000126238e+03,6.378500950410706683e-52
1.474800000000126147e+03,6.438630639518534994e-52
1.474900000000126056e+03,6.499318867920787343e-52
1.475000000000126192e+03,6.560570746195873288e-52
1.475100000000126329e+03,6.622391430968424041e-52
1.475200000000126238e+03,6.684786125315796241e-52
1.475300000000126147e+03,6.747760079182218911e-52
1.475400000000126283e+03,6.811318589793019800e-52
1.475500000000126420e+03,6.875467002074150693e-52
1.475600000000126329e+03,6.940210709074222372e-52
1.475700000000126238e+03,7.005555152392919406e-52
1.475800000000126374e+03,7.071505822608895661e-52
1.475900000000126511e+03,7.138068259715083763e-52
1.476000000000126420e+03,7.205248053556458577e-52
1.476100000000126329e+03,7.273050844270793272e-52
1.476200000000126465e+03,7.341482322735063763e-52
1.476300000000126602e+03,7.410548231014367998e-52
1.476400000000126511e+03,7.480254362813860088e-52
1.476500000000126420e+03,7.550606563938810561e-52
1.476600000000126556e+03,7.621610732752417359e-52
1.476700000000126693e+03,7.693272820643472935e-52
1.476800000000126602e+03,7.765598832494286543e-52
1.476900000000126511e+03,7.838594827153962622e-52
1.477000000000126647e+03,7.912266917917130230e-52
1.477100000000126784e+03,7.986621273003762987e-52
1.477200000000126693e+03,8.061664116045325431e-52
1.477300000000126602e+03,8.137401726576130080e-52
1.477400000000126738e+03,8.213840440526000124e-52
1.477500000000126875e+03,8.290986650719246672e-52
1.477600000000126784e+03,8.368846807377798832e-52
1.477700000000126693e+03,8.447427418628676520e-52
1.477800000000126829e+03,8.526735051015196223e-52
1.477900000000126965e+03,8.606776330013089227e-52
1.478000000000126875e+03,8.687557940550329059e-52
1.478100000000126784e+03,8.769086627534958936e-52
1.478200000000126920e+03,8.851369196381874711e-52
1.478300000000127056e+03,8.934412513548046995e-52
1.478400000000126965e+03,9.018223507071956948e-52
1.478500000000126875e+03,9.102809167116478654e-52
1.478600000000127011e+03,9.188176546518469230e-52
1.478700000000127147e+03,9.274332761340330749e-52
1.478800000000127056e+03,9.361284991428190868e-52
1.478900000000126965e+03,9.449040480976144302e-52
1.479000000000127102e+03,9.537606539091331093e-52
1.479100000000127238e+03,9.626990540369618756e-52
1.479200000000127147e+03,9.717199925469671664e-52
1.479300000000127056e+03,9.808242201698164376e-52
1.479400000000127193e+03,9.900124943596849557e-52
1.479500000000127329e+03,9.992855793533872211e-52
1.479600000000127238e+03,1.008644246230292813e-51
1.479700000000127147e+03,1.018089272972634373e-51
1.479800000000127284e+03,1.027621444526243629e-51
1.479900000000127420e+03,1.037241552861930450e-51
1.480000000000127329e+03,1.046950397037482671e-51
1.480100000000127238e+03,1.056748783259764880e-51
1.480200000000127375e+03,1.066637524948204154e-51
1.480300000000127511e+03,1.076617442797738995e-51
1.480400000000127420e+03,1.086689364843230880e-51
1.480500000000127329e+03,1.096854126523952078e-51
1.480600000000127466e+03,1.107112570748854471e-51
1.480700000000127602e+03,1.117465547962078883e-51
1.480800000000127511e+03,1.127913916209517377e-51
1.480900000000127420e+03,1.138458541205528670e-51
1.481000000000127557e+03,1.149100296400429217e-51
1.481100000000127693e+03,1.159840063048693639e-51
1.481200000000127602e+03,1.170678730277194476e-51
1.481300000000127511e+03,1.181617195154884519e-51
1.481400000000127648e+03,1.192656362762356443e-51
1.481500000000127784e+03,1.203797146262230929e-51
1.481600000000127693e+03,1.215040466970367043e-51
1.481700000000127602e+03,1.226387254427403622e-51
1.481800000000127739e+03,1.237838446471065501e-51
1.481900000000127875e+03,1.249394989309023450e-51
1.482000000000127784e+03,1.261057837592416870e-51
1.482100000000127693e+03,1.272827954490083912e-51
1.482200000000127829e+03,1.284706311763289814e-51
1.482300000000127966e+03,1.296693889841140994e-51
1.482400000000127875e+03,1.308791677896855978e-51
1.482500000000127784e+03,1.321000673924279196e-51
1.482600000000127920e+03,1.333321884815507994e-51
1.482700000000128057e+03,1.345756326438872459e-51
1.482800000000127966e+03,1.358305023717661096e-51
1.482900000000127875e+03,1.370969010709669054e-51
1.483000000000128011e+03,1.383749330687338495e-51
1.483100000000128148e+03,1.396647036218405638e-51
1.483200000000128057e+03,1.409663189247548100e-51
1.483300000000127966e+03,1.422798861178633424e-51
1.483400000000128102e+03,1.436055132957572959e-51
1.483500000000128239e+03,1.449433095156005699e-51
1.483600000000128148e+03,1.462933848055499937e-51
1.483700000000128057e+03,1.476558501732969750e-51
1.483800000000128193e+03,1.490308176146342830e-51
1.483900000000128330e+03,1.504184001221000710e-51
1.484000000000128239e+03,1.518187116937083984e-51
1.484100000000128148e+03,1.532318673417988918e-51
1.484200000000128284e+03,1.546579831018588399e-51
1.484300000000128421e+03,1.560971760415251104e-51
1.484400000000128330e+03,1.575495642695992120e-51
1.484500000000128239e+03,1.590152669451776098e-51
1.484600000000128375e+03,1.604944042868139979e-51
1.484700000000128512e+03,1.619870975818397340e-51
1.484800000000128421e+03,1.634934691956518394e-51
1.484900000000128330e+03,1.650136425812089526e-51
1.485000000000128466e+03,1.665477422885024761e-51
1.485100000000128603e+03,1.680958939741666244e-51
1.485200000000128512e+03,1.696582244111447937e-51
1.485300000000128421e+03,1.712348614984703529e-51
1.485400000000128557e+03,1.728259342710926564e-51
1.485500000000128694e+03,1.744315729098242160e-51
1.485600000000128603e+03,1.760519087513228268e-51
1.485700000000128512e+03,1.776870742982358607e-51
1.485800000000128648e+03,1.793372032293585650e-51
1.485900000000128784e+03,1.810024304099200179e-51
1.486000000000128694e+03,1.826828919019295583e-51
1.486100000000128603e+03,1.843787249746676076e-51
1.486200000000128739e+03,1.860900681151856312e-51
1.486300000000128875e+03,1.878170610389756850e-51
1.486400000000128784e+03,1.895598447006585669e-51
1.486500000000128694e+03,1.913185613048216425e-51
1.486600000000128830e+03,1.930933543169482434e-51
1.486700000000128966e+03,1.948843684743744252e-51
1.486800000000128875e+03,1.966917497974122827e-51
1.486900000000128784e+03,1.985156456005479547e-51
1.487000000000128921e+03,2.003562045037206372e-51
1.487100000000129057e+03,2.022135764437360780e-51
1.487200000000128966e+03,2.040879126856649074e-51
1.487300000000128875e+03,2.059793658345380031e-51
1.487400000000129012e+03,2.078880898469720916e-51
1.487500000000129148e+03,2.098142400429209879e-51
1.487600000000129057e+03,2.117579731176167175e-51
1.487700000000128966e+03,2.137194471535248214e-51
1.487800000000129103e+03,2.156988216324256861e-51
1.487900000000129239e+03,2.176962574476290777e-51
1.488000000000129148e+03,2.197119169162453537e-51
1.488100000000129057e+03,2.217459637916043298e-51
1.488200000000129194e+03,2.237985632757447706e-51
1.488300000000129330e+03,2.258698820320325156e-51
1.488400000000129239e+03,2.279600881978967655e-51
1.488500000000129148e+03,2.300693513976673476e-51
1.488600000000129285e+03,2.321978427554773532e-51
1.488700000000129421e+03,2.343457349083404923e-51
1.488800000000129330e+03,2.365132020193136126e-51
1.488900000000129239e+03,2.387004197907816810e-51
1.489000000000129376e+03,2.409075654778324096e-51
1.489100000000129512e+03,2.431348179017688641e-51
1.489200000000129421e+03,2.453823574636943569e-51
1.489300000000129330e+03,2.476503661583303087e-51
1.489400000000129467e+03,2.499390275877971950e-51
1.489500000000129603e+03,2.522485269756051678e-51
1.489600000000129512e+03,2.545790511807541130e-51
1.489700000000129421e+03,2.569307887119529367e-51
1.489800000000129558e+03,2.593039297419398901e-51
1.489900000000129694e+03,2.616986661219307584e-51
1.490000000000129603e+03,2.641151913962138752e-51
1.490100000000129512e+03,2.665537008168913973e-51
1.490200000000129648e+03,2.690143913586073760e-51
1.490300000000129785e+03,2.714974617336136319e-51
1.490400000000129694e+03,2.740031124067823671e-51
1.490500000000129603e+03,2.765315456108707941e-51
1.490600000000129739e+03,2.790829653618115816e-51
1.490700000000129876e+03,2.816575774742420844e-51
1.490800000000129785e+03,2.842555895770632459e-51
1.490900000000129694e+03,2.868772111292108468e-51
1.491000000000129830e+03,2.895226534355069897e-51
1.491100000000129967e+03,2.921921296627244636e-51
1.491200000000129876e+03,2.948858548556290902e-51
1.491300000000129785e+03,2.976040459533429606e-51
1.491400000000129921e+03,3.003469218058118275e-51
1.491500000000130058e+03,3.031147031902165915e-51
1.491600000000129967e+03,3.059076128277935714e-51
1.491700000000129876e+03,3.087258754006998792e-51
1.491800000000130012e+03,3.115697175688930973e-51
1.491900000000130149e+03,3.144393679873844284e-51
1.492000000000130058e+03,3.173350573234178391e-51
1.492100000000129967e+03,3.202570182739943678e-51
1.492200000000130103e+03,3.232054855833767882e-51
1.492300000000130240e+03,3.261806960608263212e-51
1.492400000000130149e+03,3.291828885985073584e-51
1.492500000000130058e+03,3.322123041895339075e-51
1.492600000000130194e+03,3.352691859460822100e-51
1.492700000000130331e+03,3.383537791178006286e-51
1.492800000000130240e+03,3.414663311102294467e-51
1.492900000000130149e+03,3.446070915035383537e-51
1.493000000000130285e+03,3.223159378761647320e-18
1.493100000000130422e+03,2.493033439076804856e-09
1.493200000000130331e+03,5.024463008320407497e-09
1.493300000000130240e+03,7.594553869826727245e-09
1.493400000000130376e+03,1.020351391610844458e-08
1.493500000000130512e+03,1.285159068674018900e-08
1.493600000000130422e+03,1.553902313341739543e-08
1.493700000000130331e+03,1.826605124245737364e-08
1.493800000000130467e+03,2.103296319662192208e-08
1.493900000000130603e+03,2.383998358033605581e-08
1.494000000000130512e+03,2.668734347880888472e-08
1.494100000000130422e+03,2.791839604307603532e-08
1.494200000000130558e+03,2.916441919856693961e-08
1.494300000000130694e+03,3.042550124122873025e-08
1.494400000000130603e+03,3.170173084705105412e-08
1.494500000000130512e+03,3.299319707341439327e-08
1.494600000000130649e+03,3.429998936043138131e-08
1.494700000000130785e+03,3.562212879140194158e-08
1.494800000000130694e+03,3.695972742877261457e-08
1.494900000000130603e+03,3.831291362259359730e-08
1.495000000000130740e+03,3.968177813548404450e-08
1.495100000000130876e+03,4.119637815821299792e-08
1.495200000000130785e+03,4.272587710123075254e-08
1.495300000000130694e+03,4.427035745695249373e-08
1.495400000000130831e+03,4.582990206255569525e-08
1.495500000000130967e+03,4.740459410117042545e-08
1.495600000000130876e+03,4.899459432541946970e-08
1.495700000000130785e+03,5.059999310017806808e-08
1.495800000000130922e+03,5.222058510808166706e-08
1.495900000000131058e+03,5.385662838544509979e-08
1.496000000000130967e+03,5.550823478345810684e-08
1.496100000000130876e+03,5.725468010788338636e-08
1.496200000000131013e+03,5.901399359590069093e-08
1.496300000000131149e+03,6.078624784912810490e-08
1.496400000000131058e+03,6.257150533558144755e-08
1.496500000000130967e+03,6.436982876206568078e-08
1.496600000000131104e+03,6.618128107494214236e-08
1.496700000000131240e+03,6.800592546089564008e-08
1.496800000000131149e+03,6.984382534771697788e-08
1.496900000000131058e+03,7.169504440509403168e-08
1.497000000000131195e+03,7.355964654544708268e-08
1.497100000000131331e+03,7.548415134208389866e-08
1.497200000000131240e+03,7.741971078068352766e-08
1.497300000000131149e+03,7.936637100539759164e-08
1.497400000000131286e+03,8.132402173390133844e-08
1.497500000000131422e+03,8.329274652248330875e-08
1.497600000000131331e+03,8.527269816970961714e-08
1.497700000000131240e+03,8.726392333139293704e-08
1.497800000000131377e+03,8.926646882549942788e-08
1.497900000000131513e+03,9.128038163262693819e-08
1.498000000000131422e+03,9.330570889650491379e-08
1.498100000000131331e+03,9.533366506413671369e-08
1.498200000000131467e+03,9.737087721592578055e-08
1.498300000000131604e+03,9.941737651111894726e-08
1.498400000000131513e+03,1.014731941975779131e-07
1.498500000000131422e+03,1.035383616120065397e-07
1.498600000000131558e+03,1.056129101801729062e-07
1.498700000000131695e+03,1.076968714171143968e-07
1.498800000000131604e+03,1.097904718867383648e-07
1.498900000000131513e+03,1.118937166258006318e-07
1.499000000000131649e+03,1.140064828159266913e-07
1.499100000000131786e+03,1.160719024784460546e-07
1.499200000000131695e+03,1.181457976844515204e-07
1.499300000000131604e+03,1.202278118348258383e-07
1.499400000000131740e+03,1.223183339146319079e-07
1.499500000000131877e+03,1.244173935958793581e-07
1.499600000000131786e+03,1.265250161057529716e-07
1.499700000000131695e+03,1.286412267321868663e-07
1.499800000000131831e+03,1.307660508239676748e-07
1.499900000000131968e+03,1.328995137908499790e-07
1.500000000000131877e+03,1.350416411035138787e-07
1.500100000000131786e+03,1.370586059116683703e-07
1.500200000000131922e+03,1.390834877191887509e-07
1.500300000000132059e+03,1.411163087713917239e-07
1.500400000000131968e+03,1.431570913628964186e-07
1.500500000000131877e+03,1.452058578377189936e-07
1.500600000000132013e+03,1.472626305893355553e-07
1.500700000000132150e+03,1.493274320607727377e-07
1.500800000000132059e+03,1.514002847446856819e-07
1.500900000000131968e+03,1.534812111834557897e-07
1.501000000000132104e+03,1.555702339689763707e-07
1.501100000000132241e+03,1.574448897168329311e-07
1.501200000000132150e+03,1.593269066251176052e-07
1.501300000000132059e+03,1.612163059654054844e-07
1.501400000000132195e+03,1.631131090593539126e-07
1.501500000000132331e+03,1.650174246420310198e-07
1.501600000000132241e+03,1.669296363476746553e-07
1.501700000000132150e+03,1.688493283773353679e-07
1.501800000000132286e+03,1.707765223253037257e-07
1.501900000000132422e+03,1.727112398367016704e-07
1.502000000000132331e+03,1.746535026071514334e-07
1.502100000000132241e+03,1.762757588695966397e-07
1.502200000000132377e+03,1.779043466538033846e-07
1.502300000000132513e+03,1.795392847654766463e-07
1.502400000000132422e+03,1.811805713467774510e-07
1.502500000000132331e+03,1.828276795442727741e-07
1.502600000000132468e+03,1.844811841168061099e-07
1.502700000000132604e+03,1.861411039950172814e-07
1.502800000000132513e+03,1.878074581564566758e-07
1.502900000000132422e+03,1.894803268491036430e-07
1.503000000000132559e+03,1.911602358498063495e-07
1.503100000000132695e+03,1.924256135081311519e-07
1.503200000000132604e+03,1.936958299169890853e-07
1.503300000000132513e+03,1.949710257131473634e-07
1.503400000000132650e+03,1.962524794860463978e-07
1.503500000000132786e+03,1.975388963161815168e-07
1.503600000000132695e+03,1.988302326271378825e-07
1.503700000000132604e+03,2.001265035555207877e-07
1.503800000000132741e+03,2.014277242782374591e-07
1.503900000000132877e+03,2.027339100125952593e-07
1.504000000000132786e+03,2.040450760156986004e-07
1.504100000000132695e+03,2.048374997727881603e-07
1.504200000000132832e+03,2.056324944354740013e-07
1.504300000000132968e+03,2.064300673658000004e-07
1.504400000000132877e+03,2.072302259448076601e-07
1.504500000000132786e+03,2.080329775725795982e-07
1.504600000000132923e+03,2.088383296682849171e-07
1.504700000000133059e+03,2.096462896702144352e-07
1.504800000000132968e+03,2.104572822384083620e-07
1.504900000000132877e+03,2.112711789331378666e-07
1.505000000000133014e+03,2.120877115947558010e-07
1.505100000000133150e+03,2.123149224010156131e-07
1.505200000000133059e+03,2.125419029987596431e-07
1.505300000000132968e+03,2.127686510137528195e-07
1.505400000000133105e+03,2.129951640624903802e-07
1.505500000000133241e+03,2.132214397521871790e-07
1.505600000000133150e+03,2.134474185311840224e-07
1.505700000000133059e+03,2.136725234524018063e-07
1.505800000000133195e+03,2.138973820813677672e-07
1.505900000000133332e+03,2.141219919895080815e-07
1.506000000000133241e+03,2.143463507380335496e-07
1.506100000000133150e+03,2.139487778878099511e-07
1.506200000000133286e+03,2.135478037874191928e-07
1.506300000000133423e+03,2.131434146203283222e-07
1.506400000000133332e+03,2.127355965260014749e-07
1.506500000000133241e+03,2.123243355997832228e-07
1.506600000000133377e+03,2.119102706074059200e-07
1.506700000000133514e+03,2.114927641201590790e-07
1.506800000000133423e+03,2.110717703813790315e-07
1.506900000000133332e+03,2.106472752729073305e-07
1.507000000000133468e+03,2.102192646308048541e-07
1.507100000000133605e+03,2.091553873113936339e-07
1.507200000000133514e+03,2.080849605303767348e-07
1.507300000000133423e+03,2.070079599278172918e-07
1.507400000000133559e+03,2.059243610704529422e-07
1.507500000000133696e+03,2.048340898071079946e-07
1.507600000000133605e+03,2.037362353348065253e-07
1.507700000000133514e+03,2.026317192031360211e-07
1.507800000000133650e+03,2.015205167865044622e-07
1.507900000000133787e+03,2.004024348125242256e-07
1.508000000000133696e+03,1.992771413533650728e-07
1.508100000000133605e+03,1.975891124802743706e-07
1.508200000000133741e+03,1.958915360855161046e-07
1.508300000000133878e+03,1.941843773813980297e-07
1.508400000000133787e+03,1.924680350090088253e-07
1.508500000000133696e+03,1.907418364160461085e-07
1.508600000000133832e+03,1.890056993072182794e-07
1.508700000000133969e+03,1.872598398887888878e-07
1.508800000000133878e+03,1.855042228543532997e-07
1.508900000000133787e+03,1.837388127921638814e-07
1.509000000000133923e+03,1.819635741842656026e-07
1.509100000000134060e+03,1.797273128744758606e-07
1.509200000000133969e+03,1.774792108207372243e-07
1.509300000000133878e+03,1.752192264353285083e-07
1.509400000000134014e+03,1.729473180101829066e-07
1.509500000000134150e+03,1.706634437165984925e-07
1.509600000000134060e+03,1.683675616049164259e-07
1.509700000000133969e+03,1.660596302810232714e-07
1.509800000000134105e+03,1.637401379068184945e-07
1.509900000000134241e+03,1.614084961416195787e-07
1.510000000000134150e+03,1.590646624232852535e-07
1.510100000000134060e+03,1.564242789406608467e-07
1.510200000000134196e+03,1.537705992568527974e-07
1.510300000000134332e+03,1.511035229767059763e-07
1.510400000000134241e+03,1.484226214911874776e-07
1.510500000000134150e+03,1.457283061294858121e-07
1.510600000000134287e+03,1.430205316122185928e-07
1.510700000000134423e+03,1.402992525342332011e-07
1.510800000000134332e+03,1.375644233642863177e-07
1.510900000000134241e+03,1.348159984447289583e-07
1.511000000000134378e+03,1.320539319911214708e-07
1.511100000000134514e+03,1.292078913164579972e-07
1.511200000000134423e+03,1.263478750414973194e-07
1.511300000000134332e+03,1.234738365088942167e-07
1.511400000000134469e+03,1.205857289329513219e-07
1.511500000000134605e+03,1.176835053993229507e-07
1.511600000000134514e+03,1.147671188646988012e-07
1.511700000000134423e+03,1.118365221564837227e-07
1.511800000000134560e+03,1.088916679724995070e-07
1.511900000000134696e+03,1.059325088806932971e-07
1.512000000000134605e+03,1.029589973259837049e-07
1.512100000000134514e+03,1.053112962191966130e-07
1.512200000000134651e+03,1.076736656487169423e-07
1.512300000000134787e+03,1.100461369516368925e-07
1.512400000000134696e+03,1.124287415461896818e-07
1.512500000000134605e+03,1.148215109319382230e-07
1.512600000000134742e+03,1.172244766899440938e-07
1.512700000000134878e+03,1.196376704829422105e-07
1.512800000000134787e+03,1.220611240555321121e-07
1.512900000000134696e+03,1.244948692343693896e-07
1.513000000000134833e+03,1.269389379287727441e-07
1.513100000000134969e+03,1.297132521898039692e-07
1.513200000000134878e+03,1.324993401164507944e-07
1.513300000000134787e+03,1.352972380320061857e-07
1.513400000000134924e+03,1.381072001302605826e-07
1.513500000000135060e+03,1.409292909195471176e-07
1.513600000000134969e+03,1.437633197550821548e-07
1.513700000000134878e+03,1.466093234535776661e-07
1.513800000000135014e+03,1.494673389261909352e-07
1.513900000000135151e+03,1.523374031787098457e-07
1.514000000000135060e+03,1.552196134200291946e-07
1.514100000000134969e+03,1.580982026420081017e-07
1.514200000000135105e+03,1.609888040388827201e-07
1.514300000000135242e+03,1.638914541667907936e-07
1.514400000000135151e+03,1.668061896739811935e-07
1.514500000000135060e+03,1.697330473010187677e-07
1.514600000000135196e+03,1.726720638809759558e-07
1.514700000000135333e+03,1.756232763396255421e-07
1.514800000000135242e+03,1.785862618142800119e-07
1.514900000000135151e+03,1.815613777661193157e-07
1.515000000000135287e+03,1.845487813917931773e-07
1.515100000000135424e+03,1.874136112758675185e-07
1.515200000000135333e+03,1.902909187601073426e-07
1.515300000000135242e+03,1.931801079812540307e-07
1.515400000000135378e+03,1.960812151603496695e-07
1.515500000000135515e+03,1.989942766105309825e-07
1.515600000000135424e+03,2.019193287372577636e-07
1.515700000000135333e+03,2.048564080385073776e-07
1.515800000000135469e+03,2.078055511049841096e-07
1.515900000000135606e+03,2.107667946203039502e-07
1.516000000000135515e+03,2.137401753608208217e-07
1.516100000000135424e+03,2.164450788536858305e-07
1.516200000000135560e+03,2.191614668861712254e-07
1.516300000000135697e+03,2.218887418729825653e-07
1.516400000000135606e+03,2.246269362552699717e-07
1.516500000000135515e+03,2.273760825545656958e-07
1.516600000000135651e+03,2.301362133729396552e-07
1.516700000000135788e+03,2.329073613931736044e-07
1.516800000000135697e+03,2.356895593789300654e-07
1.516900000000135606e+03,2.384828401749344661e-07
1.517000000000135742e+03,2.412872367066000638e-07
1.517100000000135879e+03,2.436998534683459980e-07
1.517200000000135788e+03,2.461221477001477354e-07
1.517300000000135697e+03,2.485541490699876867e-07
1.517400000000135833e+03,2.509958873229348780e-07
1.517500000000135969e+03,2.534470595867180788e-07
1.517600000000135879e+03,2.559075227295234088e-07
1.517700000000135788e+03,2.583777961778676152e-07
1.517800000000135924e+03,2.608579098865326940e-07
1.517900000000136060e+03,2.633478938878241141e-07
1.518000000000135969e+03,2.658477782909979586e-07
1.518100000000135879e+03,2.677806523471366167e-07
1.518200000000136015e+03,2.697207299210497103e-07
1.518300000000136151e+03,2.716680320138831394e-07
1.518400000000136060e+03,2.736225796787354640e-07
1.518500000000135969e+03,2.755843940207861764e-07
1.518600000000136106e+03,2.775534961974079335e-07
1.518700000000136242e+03,2.795299074182667181e-07
1.518800000000136151e+03,2.815136489454328531e-07
1.518900000000136060e+03,2.835053979778445407e-07
1.519000000000136197e+03,2.855048013207068511e-07
1.519100000000136333e+03,2.868401607421323018e-07
1.519200000000136242e+03,2.881800671475992582e-07
1.519300000000136151e+03,2.895243654859309628e-07
1.519400000000136288e+03,2.908729301524687868e-07
1.519500000000136424e+03,2.922260764349845289e-07
1.519600000000136333e+03,2.935832008984975839e-07
1.519700000000136242e+03,2.949445545358426462e-07
1.519800000000136379e+03,2.963105197930286819e-07
1.519900000000136515e+03,2.976811098362466731e-07
1.520000000000136424e+03,2.990563378636573249e-07
1.520100000000136333e+03,2.996421432504969644e-07
1.520200000000136470e+03,3.002289692226993627e-07
1.520300000000136606e+03,3.008168172772614759e-07
1.520400000000136515e+03,3.014056889127430359e-07
1.520500000000136424e+03,3.019955856292898435e-07
1.520600000000136561e+03,3.025865089286230752e-07
1.520700000000136697e+03,3.031784603140320830e-07
1.520800000000136606e+03,3.037714412903889529e-07
1.520900000000136515e+03,3.043654533641380759e-07
1.521000000000136652e+03,3.049604980421329597e-07
1.521100000000136788e+03,3.046974206126301120e-07
1.521200000000136697e+03,3.044314548616202978e-07
1.521300000000136606e+03,3.041625896626551166e-07
1.521400000000136743e+03,3.038908138570529644e-07
1.521500000000136879e+03,3.036161162538221123e-07
1.521600000000136788e+03,3.033384856295810330e-07
1.521700000000136697e+03,3.030579107284749143e-07
1.521800000000136833e+03,3.027743802621089033e-07
1.521900000000136970e+03,3.024878829094549317e-07
1.522000000000136879e+03,3.021984073156397186e-07
1.522100000000136788e+03,3.010657866775085097e-07
1.522200000000136924e+03,2.999258127903341117e-07
1.522300000000137061e+03,2.987787015724822842e-07
1.522400000000136970e+03,2.976244271679008354e-07
1.522500000000136879e+03,2.964631493659185876e-07
1.522600000000137015e+03,2.952957021716653388e-07
1.522700000000137152e+03,2.941233914129533457e-07
1.522800000000137061e+03,2.929437854073864717e-07
1.522900000000136970e+03,2.917568576368285864e-07
1.523000000000137106e+03,2.905625815043318554e-07
1.523100000000137243e+03,2.885352952283169838e-07
1.523200000000137152e+03,2.864970347612162463e-07
1.523300000000137061e+03,2.844477625693684704e-07
1.523400000000137197e+03,2.823873837072708821e-07
1.523500000000137334e+03,2.803150556202713946e-07
1.523600000000137243e+03,2.782316160595699309e-07
1.523700000000137152e+03,2.761370271868843186e-07
1.523800000000137288e+03,2.740312510591389515e-07
1.523900000000137425e+03,2.719146934622066438e-07
1.524000000000137334e+03,2.697873109154697338e-07
1.524100000000137243e+03,2.669806841147251256e-07
1.524200000000137379e+03,2.641592927524282910e-07
1.524300000000137516e+03,2.613230858044189653e-07
1.524400000000137425e+03,2.584720121014423636e-07
1.524500000000137334e+03,2.556060203287777566e-07
1.524600000000137470e+03,2.527250590258900224e-07
1.524700000000137607e+03,2.498290765860791867e-07
1.524800000000137516e+03,2.469180212561093696e-07
1.524900000000137425e+03,2.439918411358196264e-07
1.525000000000137561e+03,2.410504841771259315e-07
1.525100000000137697e+03,2.376071541621023274e-07
1.525200000000137607e+03,2.341469322740094976e-07
1.525300000000137516e+03,2.306690498553272310e-07
1.525400000000137652e+03,2.271734463506966494e-07
1.525500000000137788e+03,2.236600610329784224e-07
1.525600000000137697e+03,2.201288330027926428e-07
1.525700000000137607e+03,2.165798712522365977e-07
1.525800000000137743e+03,2.130134726902300968e-07
1.525900000000137879e+03,2.094290242472997358e-07
1.526000000000137788e+03,2.058264641425416643e-07
1.526100000000137697e+03,2.019617373387536924e-07
1.526200000000137834e+03,1.980785640215759307e-07
1.526300000000137970e+03,1.941766333173166716e-07
1.526400000000137879e+03,1.902556655385137517e-07
1.526500000000137788e+03,1.863155976092213066e-07
1.526600000000137925e+03,1.823563006169799881e-07
1.526700000000138061e+03,1.783772563067633963e-07
1.526800000000137970e+03,1.743789478241296220e-07
1.526900000000137879e+03,1.703617021094820572e-07
1.527000000000138016e+03,1.663258481295625114e-07
1.527100000000138152e+03,1.658174549191263443e-07
1.527200000000138061e+03,1.653056886260421484e-07
1.527300000000137970e+03,1.647905368340955454e-07
1.527400000000138107e+03,1.642719870905158294e-07
1.527500000000138243e+03,1.637500269058805171e-07
1.527600000000138152e+03,1.632246437540259068e-07
1.527700000000138061e+03,1.626958250719435278e-07
1.527800000000138198e+03,1.621635582596948821e-07
1.527900000000138334e+03,1.616269202017770616e-07
1.528000000000138243e+03,1.610859734225860066e-07
1.528100000000138152e+03,1.648290825644947112e-07
1.528200000000138289e+03,1.685883837377685957e-07
1.528300000000138425e+03,1.723639282010601290e-07
1.528400000000138334e+03,1.761557673494100452e-07
1.528500000000138243e+03,1.799639527145876138e-07
1.528600000000138380e+03,1.837885359653842945e-07
1.528700000000138516e+03,1.876295689079228516e-07
1.528800000000138425e+03,1.914871034859888352e-07
1.528900000000138334e+03,1.953611917813704795e-07
1.529000000000138471e+03,1.992518860142426206e-07
1.529100000000138607e+03,2.032151510507801831e-07
1.529200000000138516e+03,2.071952718656992246e-07
1.529300000000138425e+03,2.111923011408697412e-07
1.529400000000138562e+03,2.152062916965026442e-07
1.529500000000138698e+03,2.192372964914531562e-07
1.529600000000138607e+03,2.232853686235527956e-07
1.529700000000138516e+03,2.273505613299494335e-07
1.529800000000138652e+03,2.314329279874142108e-07
1.529900000000138789e+03,2.355325221126267767e-07
1.530000000000138698e+03,2.396493973624184402e-07
1.530100000000138607e+03,2.437008702671051938e-07
1.530200000000138743e+03,2.477696106397595010e-07
1.530300000000138880e+03,2.518556731759857132e-07
1.530400000000138789e+03,2.559591127179393344e-07
1.530500000000138698e+03,2.600799842547121561e-07
1.530600000000138834e+03,2.642183429226425364e-07
1.530700000000138971e+03,2.683730945830018329e-07
1.530800000000138880e+03,2.725456190172372579e-07
1.530900000000138789e+03,2.767357672239824831e-07
1.531000000000138925e+03,2.809435947377647844e-07
1.531100000000139062e+03,2.848818027699494213e-07
1.531200000000138971e+03,2.888359590202185606e-07
1.531300000000138880e+03,2.928061114776697919e-07
1.531400000000139016e+03,2.967923082524555831e-07
1.531500000000139153e+03,3.007945975759910681e-07
1.531600000000139062e+03,3.048130278012718432e-07
1.531700000000138971e+03,3.088476474031339531e-07
1.531800000000139107e+03,3.128985049785050890e-07
1.531900000000139244e+03,3.169656492466712985e-07
1.532000000000139153e+03,3.210475907254067706e-07
1.532100000000139062e+03,3.246999515096316367e-07
1.532200000000139198e+03,3.283669308283630199e-07
1.532300000000139335e+03,3.320485728858463463e-07
1.532400000000139244e+03,3.357449219992598269e-07
1.532500000000139153e+03,3.394560225989812208e-07
1.532600000000139289e+03,3.431819192288009164e-07
1.532700000000139426e+03,3.469226565461823410e-07
1.532800000000139335e+03,3.506782793225212593e-07
1.532900000000139244e+03,3.544488324434102591e-07
1.533000000000139380e+03,3.582343609079987119e-07
1.533100000000139516e+03,3.613855154467948632e-07
1.533200000000139426e+03,3.645488707301855420e-07
1.533300000000139335e+03,3.677244632355158730e-07
1.533400000000139471e+03,3.709123295329622975e-07
1.533500000000139607e+03,3.741132994480145283e-07
1.533600000000139516e+03,3.773270810802061359e-07
1.533700000000139426e+03,3.805532683765808419e-07
1.533800000000139562e+03,3.837918984093630035e-07
1.533900000000139698e+03,3.870429121316530393e-07
1.534000000000139607e+03,3.903052442093493396e-07
1.534100000000139516e+03,3.927209394245332874e-07
1.534200000000139653e+03,3.951452027977474887e-07
1.534300000000139789e+03,3.975780585199975897e-07
1.534400000000139698e+03,4.000195308406477419e-07
1.534500000000139607e+03,4.024696440675473925e-07
1.534600000000139744e+03,4.049284225671520924e-07
1.534700000000139880e+03,4.073958907646174111e-07
1.534800000000139789e+03,4.098720731439544199e-07
1.534900000000139698e+03,4.123569942481541003e-07
1.535000000000139835e+03,4.148506786779261646e-07
1.535100000000139971e+03,4.163726760118344083e-07
1.535200000000139880e+03,4.178992751928524288e-07
1.535300000000139789e+03,4.194304883861404709e-07
1.535400000000139926e+03,4.209663277855513857e-07
1.535500000000140062e+03,4.225068056136997689e-07
1.535600000000139971e+03,4.240519341220181300e-07
1.535700000000139880e+03,4.256017255908421778e-07
1.535800000000140017e+03,4.271561923294386668e-07
1.535900000000140153e+03,4.287153466760903121e-07
1.536000000000140062e+03,4.302792009965569424e-07
1.536100000000139971e+03,4.307237852456667661e-07
1.536200000000140108e+03,4.311677291564749735e-07
1.536300000000140244e+03,4.316103166551272236e-07
1.536400000000140153e+03,4.320526145533385271e-07
1.536500000000140062e+03,4.324946195849013470e-07
1.536600000000140199e+03,4.329363284720728805e-07
1.536700000000140335e+03,4.333787270445369077e-07
1.536800000000140244e+03,4.338212759989691337e-07
1.536900000000140153e+03,4.342635220643419891e-07
1.537000000000140290e+03,4.347054619123754033e-07
1.537100000000140426e+03,4.339599195444992749e-07
1.537200000000140335e+03,4.332088203852890367e-07
1.537300000000140244e+03,4.324521447796051870e-07
1.537400000000140381e+03,4.316898730185756829e-07
1.537500000000140517e+03,4.309219853394885264e-07
1.537600000000140426e+03,4.301476644047435437e-07
1.537700000000140335e+03,4.293670595039450692e-07
1.537800000000140471e+03,4.285807841035555767e-07
1.537900000000140608e+03,4.277888182820468786e-07
1.538000000000140517e+03,4.269911420620788865e-07
1.538100000000140426e+03,4.250313178605117837e-07
1.538200000000140562e+03,4.230604646339608764e-07
1.538300000000140699e+03,4.210785451711304325e-07
1.538400000000140608e+03,4.190855221598686126e-07
1.538500000000140517e+03,4.170819526869731150e-07
1.538600000000140653e+03,4.150679882223653435e-07
1.538700000000140790e+03,4.130427944205993140e-07
1.538800000000140699e+03,4.110063334476677237e-07
1.538900000000140608e+03,4.089585673669665097e-07
1.539000000000140744e+03,4.068994581375961777e-07
1.539100000000140881e+03,4.037660104456101638e-07
1.539200000000140790e+03,4.006162747671912843e-07
1.539300000000140699e+03,3.974501969577947061e-07
1.539400000000140835e+03,3.942677227262952211e-07
1.539500000000140972e+03,3.910692112951568531e-07
1.539600000000140881e+03,3.878557274154376236e-07
1.539700000000140790e+03,3.846256514135806949e-07
1.539800000000140926e+03,3.813789281435914275e-07
1.539900000000141063e+03,3.781164275206705799e-07
1.540000000000140972e+03,3.748374845040627611e-07
1.540100000000140881e+03,3.706696112847759592e-07
1.540200000000141017e+03,3.664807778467348409e-07
1.540300000000141154e+03,3.622709145859774004e-07
1.540400000000141063e+03,3.580399517085205374e-07
1.540500000000140972e+03,3.537878192298739123e-07
1.540600000000141108e+03,3.495144469746336354e-07
1.540700000000141245e+03,3.452197645760322809e-07
1.540800000000141154e+03,3.409030134321278998e-07
1.540900000000141063e+03,3.365643851383758706e-07
1.541000000000141199e+03,3.322040548502420494e-07
1.541100000000141335e+03,3.272211708450783098e-07
1.541200000000141245e+03,3.222141316630655716e-07
1.541300000000141154e+03,3.171828587461158833e-07
1.541400000000141290e+03,3.121272733259707671e-07
1.541500000000141426e+03,3.070472964237035867e-07
1.541600000000141335e+03,3.019428488492372153e-07
1.541700000000141245e+03,2.968143227570561083e-07
1.541800000000141381e+03,2.916616608937337834e-07
1.541900000000141517e+03,2.864842551070033808e-07
1.542000000000141426e+03,2.812820250974024644e-07
1.542100000000141335e+03,2.758295391621938103e-07
1.542200000000141472e+03,2.703504714925140273e-07
1.542300000000141608e+03,2.648447338482769717e-07
1.542400000000141517e+03,2.593122377466066289e-07
1.542500000000141426e+03,2.537528944612404311e-07
1.542600000000141563e+03,2.481666150219475048e-07
1.542700000000141699e+03,2.425533102139847698e-07
1.542800000000141608e+03,2.369128905774781021e-07
1.542900000000141517e+03,2.312452664068055351e-07
1.543000000000141654e+03,2.255503477598575533e-07
1.543100000000141790e+03,2.267808634920432691e-07
1.543200000000141699e+03,2.280156096311068910e-07
1.543300000000141608e+03,2.292547634890634410e-07
1.543400000000141745e+03,2.304983380515625605e-07
1.543500000000141881e+03,2.317463463377894607e-07
1.543600000000141790e+03,2.329988014005553164e-07
1.543700000000141699e+03,2.342555665799456091e-07
1.543800000000141836e+03,2.355157609516452541e-07
1.543900000000141972e+03,2.367804281762071762e-07
1.544000000000141881e+03,2.380495813715312356e-07
1.544100000000141790e+03,2.433249218287659353e-07
1.544200000000141927e+03,2.486226950179107178e-07
1.544300000000142063e+03,2.539429708298463675e-07
1.544400000000141972e+03,2.592858193385312907e-07
1.544500000000141881e+03,2.646513108014358053e-07
1.544600000000142018e+03,2.700395156599459105e-07
1.544700000000142154e+03,2.754505045397475755e-07
1.544800000000142063e+03,2.808843482512949364e-07
1.544900000000141972e+03,2.863411177902409603e-07
1.545000000000142109e+03,2.918208843379360820e-07
1.545100000000142245e+03,2.973908553923636302e-07
1.545200000000142154e+03,3.029847062188927442e-07
1.545300000000142063e+03,3.086025126124600407e-07
1.545400000000142199e+03,3.142453607850706357e-07
1.545500000000142336e+03,3.199123976103168552e-07
1.545600000000142245e+03,3.256036571332528228e-07
1.545700000000142154e+03,3.313192162252885225e-07
1.545800000000142290e+03,3.370591519645721286e-07
1.545900000000142427e+03,3.428224773178741348e-07
1.546000000000142336e+03,3.486077781396607868e-07
1.546100000000142245e+03,3.542623352130000900e-07
1.546200000000142381e+03,3.599406550891886247e-07
1.546300000000142518e+03,3.656428120478904688e-07
1.546400000000142427e+03,3.713688805650324219e-07
1.546500000000142336e+03,3.771189353132997319e-07
1.546600000000142472e+03,3.828930511625524642e-07
1.546700000000142609e+03,3.886909575291108292e-07
1.546800000000142518e+03,3.945120910804662954e-07
1.546900000000142427e+03,4.003574719890572421e-07
1.547000000000142563e+03,4.062271756608814443e-07
1.547100000000142700e+03,4.117243432474628079e-07
1.547200000000142609e+03,4.172449458280952367e-07
1.547300000000142518e+03,4.227890143541432703e-07
1.547400000000142654e+03,4.283581983691995134e-07
1.547500000000142791e+03,4.339501591534549862e-07
1.547600000000142700e+03,4.395649667319141434e-07
1.547700000000142609e+03,4.452026913120551537e-07
1.547800000000142745e+03,4.508634032842560099e-07
1.547900000000142882e+03,4.565471732221439831e-07
1.548000000000142791e+03,4.622540718821585539e-07
1.548100000000142700e+03,4.673327429417745721e-07
1.548200000000142836e+03,4.724316450449540377e-07
1.548300000000142973e+03,4.775508394430761162e-07
1.548400000000142882e+03,4.826903875450709068e-07
1.548500000000142791e+03,4.878503509178253306e-07
1.548600000000142927e+03,4.930307912864958438e-07
1.548700000000143064e+03,4.982317705348663631e-07
1.548800000000142973e+03,5.034533507057062420e-07
1.548900000000142882e+03,5.086955940011787530e-07
1.549000000000143018e+03,5.139585627818380945e-07
1.549100000000143154e+03,5.183239964036495161e-07
1.549200000000143064e+03,5.227060491009971526e-07
1.549300000000142973e+03,5.271047698573395812e-07
1.549400000000143109e+03,5.315172009918140043e-07
1.549500000000143245e+03,5.359395206954086756e-07
1.549600000000143154e+03,5.403784904747066456e-07
1.549700000000143064e+03,5.448341588291632893e-07
1.549800000000143200e+03,5.493065743783949225e-07
1.549900000000143336e+03,5.537952039816176536e-07
1.550000000000143245e+03,5.582993772802445362e-07
1.550100000000143154e+03,5.616747067083028182e-07
1.550200000000143291e+03,5.650620301143678815e-07
1.550300000000143427e+03,5.684613817623490578e-07
1.550400000000143336e+03,5.718727960006741087e-07
1.550500000000143245e+03,5.752963072624588436e-07
1.550600000000143382e+03,5.787319500656861620e-07
1.550700000000143518e+03,5.821797590133663538e-07
1.550800000000143427e+03,5.856401295692334969e-07
1.550900000000143336e+03,5.891143598936071554e-07
1.551000000000143473e+03,5.926005262275406326e-07
1.551100000000143609e+03,5.946907138788356255e-07
1.551200000000143518e+03,5.967869656585795392e-07
1.551300000000143427e+03,5.988904499247404634e-07
1.551400000000143564e+03,6.010019683521799812e-07
1.551500000000143700e+03,6.031196197141463002e-07
1.551600000000143609e+03,6.052434195406716122e-07
1.551700000000143518e+03,6.073733833967036538e-07
1.551800000000143655e+03,6.095095268822177273e-07
1.551900000000143791e+03,6.116518656322408403e-07
1.552000000000143700e+03,6.138004153147211006e-07
1.552100000000143609e+03,6.144042342979901106e-07
1.552200000000143746e+03,6.150066538062664504e-07
1.552300000000143882e+03,6.156076215323279051e-07
1.552400000000143791e+03,6.162081902584175585e-07
1.552500000000143700e+03,6.168083558695459091e-07
1.552600000000143837e+03,6.174081142370498022e-07
1.552700000000143973e+03,6.180074612185998421e-07
1.552800000000143882e+03,6.186063926581403581e-07
1.552900000000143791e+03,6.192049043858782874e-07
1.553000000000143928e+03,6.198029922159208004e-07
1.553100000000144064e+03,6.187861235983414955e-07
1.553200000000143973e+03,6.177619558188845522e-07
1.553300000000143882e+03,6.167304641961182300e-07
1.553400000000144018e+03,6.156916239845555100e-07
1.553500000000144155e+03,6.146454103745141228e-07
1.553600000000144064e+03,6.135917984920113045e-07
1.553700000000143973e+03,6.125307633985743789e-07
1.553800000000144109e+03,6.114622800911512896e-07
1.553900000000144246e+03,6.103863235019129240e-07
1.554000000000144155e+03,6.093028684958622567e-07
1.554100000000144064e+03,6.065945203909074710e-07
1.554200000000144200e+03,6.038719351228936793e-07
1.554300000000144337e+03,6.011350681102349831e-07
1.554400000000144246e+03,5.983838746606968289e-07
1.554500000000144155e+03,5.956196460273553216e-07
1.554600000000144291e+03,5.928416561201405908e-07
1.554700000000144428e+03,5.900491862313394993e-07
1.554800000000144337e+03,5.872421910763918003e-07
1.554900000000144246e+03,5.844206252582981764e-07
1.555000000000144382e+03,5.815844432653010628e-07
1.555100000000144519e+03,5.772613930760445992e-07
1.555200000000144428e+03,5.729173814870763436e-07
1.555300000000144337e+03,5.685523440820123488e-07
1.555400000000144473e+03,5.641651963985785458e-07
1.555500000000144610e+03,5.597551951266930650e-07
1.555600000000144519e+03,5.553219810308682216e-07
1.555700000000144428e+03,5.508675572312551759e-07
1.555800000000144564e+03,5.463918590794502922e-07
1.555900000000144701e+03,5.418948217690570085e-07
1.556000000000144610e+03,5.373763803335213497e-07
1.556100000000144519e+03,5.315872751505760138e-07
1.556200000000144655e+03,5.257720127088626252e-07
1.556300000000144792e+03,5.199312296511829246e-07
1.556400000000144701e+03,5.140651459783959661e-07
1.556500000000144610e+03,5.081726343735582614e-07
1.556600000000144746e+03,5.022536172610334578e-07
1.556700000000144883e+03,4.963080168830676129e-07
1.556800000000144792e+03,4.903357552993817724e-07
1.556900000000144701e+03,4.843367543867906988e-07
1.557000000000144837e+03,4.783109358376415784e-07
1.557100000000144973e+03,4.714002958131925622e-07
1.557200000000144883e+03,4.644591147290725252e-07
1.557300000000144792e+03,4.574873034308419450e-07
1.557400000000144928e+03,4.504847725552826067e-07
1.557500000000145064e+03,4.434514325299985970e-07
1.557600000000144973e+03,4.363871935729899300e-07
1.557700000000144883e+03,4.292909343528980675e-07
1.557800000000145019e+03,4.221632227355871856e-07
1.557900000000145155e+03,4.150043899286584782e-07
1.558000000000145064e+03,4.078143456195943130e-07
1.558100000000144973e+03,4.002117511456963975e-07
1.558200000000145110e+03,3.925769862283152007e-07
1.558300000000145246e+03,3.849087837984555046e-07
1.558400000000145155e+03,3.772070457179597922e-07
1.558500000000145064e+03,3.694716736159504673e-07
1.558600000000145201e+03,3.617018575170377280e-07
1.558700000000145337e+03,3.538977449659160146e-07
1.558800000000145246e+03,3.460597547530358722e-07
1.558900000000145155e+03,3.381877879142405172e-07
1.559000000000145292e+03,3.302817452624533644e-07
1.559100000000145428e+03,3.297513374865544960e-07
1.559200000000145337e+03,3.292172487455903248e-07
1.559300000000145246e+03,3.286794670542555055e-07
1.559400000000145383e+03,3.281379803975419470e-07
1.559500000000145519e+03,3.275927767306983143e-07
1.559600000000145428e+03,3.270438439791588768e-07
1.559700000000145337e+03,3.264911700384742644e-07
1.559800000000145474e+03,3.259347427742780618e-07
1.559900000000145610e+03,3.253745500221997764e-07
1.560000000000145519e+03,3.248126439616492769e-07
1.560100000000145428e+03,3.319823768363931300e-07
1.560200000000145565e+03,3.391805627447446903e-07
1.560300000000145701e+03,3.464064469266869346e-07
1.560400000000145610e+03,3.536601372823382885e-07
1.560500000000145519e+03,3.609416387853500103e-07
1.560600000000145656e+03,3.682518198324945924e-07
1.560700000000145792e+03,3.755907621915950426e-07
1.560800000000145701e+03,3.829585478231339716e-07
1.560900000000145610e+03,3.903562591360423237e-07
1.561000000000145747e+03,3.977833368080029764e-07
1.561100000000145883e+03,4.053497834679400367e-07
1.561200000000145792e+03,4.129456422902034096e-07
1.561300000000145701e+03,4.205707182147734861e-07
1.561400000000145837e+03,4.282242025561336711e-07
1.561500000000145974e+03,4.359072962823200803e-07
1.561600000000145883e+03,4.436200824989281123e-07
1.561700000000145792e+03,4.513626445039682408e-07
1.561800000000145928e+03,4.591350657882112860e-07
1.561900000000146065e+03,4.669374300355433742e-07
1.562000000000145974e+03,4.747698211231777495e-07
1.562100000000145883e+03,4.824999218377619241e-07
1.562200000000146019e+03,4.902600243201155933e-07
1.562300000000146156e+03,4.980502137445180002e-07
1.562400000000146065e+03,5.058705754858616827e-07
1.562500000000145974e+03,5.137211951201030953e-07
1.562600000000146110e+03,5.216021584246197391e-07
1.562700000000146247e+03,5.295144475129535902e-07
1.562800000000146156e+03,5.374581809296342887e-07
1.562900000000146065e+03,5.454325704838614166e-07
1.563000000000146201e+03,5.534377030786589109e-07
1.563100000000146338e+03,5.610409029292038678e-07
1.563200000000146247e+03,5.686731326156765933e-07
1.563300000000146156e+03,5.763347745526989834e-07
1.563400000000146292e+03,5.840260314640018142e-07
1.563500000000146429e+03,5.917462448580787023e-07
1.563600000000146338e+03,5.994956162132607875e-07
1.563700000000146247e+03,6.072748221554772710e-07
1.563800000000146383e+03,6.150839479762432145e-07
1.563900000000146520e+03,6.229230791710156022e-07
1.564000000000146429e+03,6.307938419340358927e-07
1.564100000000146338e+03,6.379245065235610416e-07
1.564200000000146474e+03,6.450824215978032938e-07
1.564300000000146611e+03,6.522676654060506579e-07
1.564400000000146520e+03,6.594803163866481550e-07
1.564500000000146429e+03,6.667210010984053847e-07
1.564600000000146565e+03,6.739909821178118315e-07
1.564700000000146701e+03,6.812886562952335221e-07
1.564800000000146611e+03,6.886141031191785723e-07
1.564900000000146520e+03,6.959674022703854139e-07
1.565000000000146656e+03,7.033470222306225128e-07
1.565100000000146792e+03,7.096575379623526471e-07
1.565200000000146701e+03,7.159918551939370872e-07
1.565300000000146611e+03,7.223500429645312400e-07
1.565400000000146747e+03,7.287324517390490430e-07
1.565500000000146883e+03,7.351410724437214665e-07
1.565600000000146792e+03,7.415738156859566200e-07
1.565700000000146701e+03,7.480307514448561253e-07
1.565800000000146838e+03,7.545119498724530152e-07
1.565900000000146974e+03,7.610174812940899342e-07
1.566000000000146883e+03,7.675474162066329572e-07
1.566100000000146792e+03,7.726292979427097605e-07
1.566200000000146929e+03,7.777292706845647907e-07
1.566300000000147065e+03,7.828473854295960417e-07
1.566400000000146974e+03,7.879810712028862678e-07
1.566500000000146883e+03,7.931329265660251962e-07
1.566600000000147020e+03,7.983030422241755993e-07
1.566700000000147156e+03,8.034914694751862101e-07
1.566800000000147065e+03,8.086971108713269976e-07
1.566900000000146974e+03,8.139195575198037441e-07
1.567000000000147111e+03,8.191611895935766114e-07
1.567100000000147247e+03,8.226776333385248125e-07
1.567200000000147156e+03,8.262052526199886442e-07
1.567300000000147065e+03,8.297420980828065804e-07
1.567400000000147202e+03,8.332877793982985650e-07
1.567500000000147338e+03,8.368446878985889606e-07
1.567600000000147247e+03,8.404128536589885283e-07
1.567700000000147156e+03,8.439952252366469537e-07
1.567800000000147293e+03,8.475918733792419553e-07
1.567900000000147429e+03,8.511999207218776086e-07
1.568000000000147338e+03,8.548193978758971935e-07
1.568100000000147247e+03,8.564396808401374789e-07
1.568200000000147384e+03,8.580627367616513055e-07
1.568300000000147520e+03,8.596885697776598250e-07
1.568400000000147429e+03,8.613171840303527788e-07
1.568500000000147338e+03,8.629485836668853213e-07
1.568600000000147475e+03,8.645822993063743632e-07
1.568700000000147611e+03,8.662163490923421301e-07
1.568800000000147520e+03,8.678531851332439919e-07
1.568900000000147429e+03,8.694928115649239309e-07
1.569000000000147566e+03,8.711352325249935811e-07
1.569100000000147702e+03,8.706284566556323719e-07
1.569200000000147611e+03,8.701151551219205058e-07
1.569300000000147520e+03,8.695953035335837593e-07
1.569400000000147656e+03,8.690688774326629888e-07
1.569500000000147793e+03,8.685358522933018423e-07
1.569600000000147702e+03,8.679962035216536920e-07
1.569700000000147611e+03,8.674499064556661701e-07
1.569800000000147747e+03,8.668969363649424675e-07
1.569900000000147884e+03,8.663372684505770090e-07
1.570000000000147793e+03,8.657708778418203672e-07
1.570100000000147702e+03,8.630267127728930569e-07
1.570200000000147838e+03,8.602661502566328481e-07
1.570300000000147975e+03,8.574891349698747667e-07
1.570400000000147884e+03,8.546956114406229500e-07
1.570500000000147793e+03,8.518860219369108250e-07
1.570600000000147929e+03,8.490612609901453299e-07
1.570700000000148066e+03,8.462198121163766321e-07
1.570800000000147975e+03,8.433616191229807658e-07
1.570900000000147884e+03,8.404867479382573727e-07
1.571000000000148020e+03,8.375917036653321062e-07
1.571100000000148157e+03,8.325856873320673467e-07
1.571200000000148066e+03,8.275537171858266994e-07
1.571300000000147975e+03,8.224957092629665253e-07
1.571400000000148111e+03,8.174115793799637028e-07
1.571500000000148248e+03,8.123012431329420299e-07
1.571600000000148157e+03,8.071646158971821101e-07
1.571700000000148066e+03,8.020016128265664401e-07
1.571800000000148202e+03,7.968115825666552156e-07
1.571900000000148339e+03,7.915928877179365500e-07
1.572000000000148248e+03,7.863475962321683014e-07
1.572100000000148157e+03,7.792724632503472085e-07
1.572200000000148293e+03,7.721622958855876775e-07
1.572300000000148430e+03,7.650169812238139090e-07
1.572400000000148339e+03,7.578364060530780501e-07
1.572500000000148248e+03,7.506204568628532402e-07
1.572600000000148384e+03,7.433690198433641368e-07
1.572700000000148520e+03,7.360819808849548175e-07
1.572800000000148430e+03,7.287592255773436026e-07
1.572900000000148339e+03,7.214006392089440522e-07
1.573000000000148475e+03,7.140061067640549348e-07
1.573100000000148611e+03,7.051572723441244460e-07
1.573200000000148520e+03,6.962665303218975465e-07
1.573300000000148430e+03,6.873337488143737835e-07
1.573400000000148566e+03,6.783587955982034306e-07
1.573500000000148702e+03,6.693415381089946155e-07
1.573600000000148611e+03,6.602818434404619457e-07
1.573700000000148520e+03,6.511795783436898018e-07
1.573800000000148657e+03,6.420346092263495731e-07
1.573900000000148793e+03,6.328468021519987375e-07
1.574000000000148702e+03,6.236158711062922843e-07
1.574100000000148611e+03,6.135045023391851920e-07
1.574200000000148748e+03,6.033463413303672822e-07
1.574300000000148884e+03,5.931412420958111607e-07
1.574400000000148793e+03,5.828890582767124003e-07
1.574500000000148702e+03,5.725896431385998384e-07
1.574600000000148839e+03,5.622428495705017790e-07
1.574700000000148975e+03,5.518485300842200851e-07
1.574800000000148884e+03,5.414065368134052194e-07
1.574900000000148793e+03,5.309187049676865992e-07
1.575000000000148930e+03,5.203831889110894190e-07
1.575100000000149066e+03,5.098935377695552019e-07
1.575200000000148975e+03,4.993558531831107199e-07
1.575300000000148884e+03,4.887705267073288428e-07
1.575400000000149021e+03,4.781374117875488911e-07
1.575500000000149157e+03,4.674563614977253078e-07
1.575600000000149066e+03,4.567272285396124412e-07
1.575700000000148975e+03,4.459498652418416505e-07
1.575800000000149112e+03,4.351241235591861861e-07
1.575900000000149248e+03,4.242498550717775263e-07
1.576000000000149157e+03,4.133269110148408914e-07
1.576100000000149066e+03,4.229202034608257600e-07
1.576200000000149203e+03,4.325520701770333636e-07
1.576300000000149339e+03,4.422226239119203671e-07
1.576400000000149248e+03,4.519319776892303080e-07
1.576500000000149157e+03,4.616802448085899604e-07
1.576600000000149294e+03,4.714675388461020466e-07
1.576700000000149430e+03,4.812939736548385275e-07
1.576800000000149339e+03,4.911596633655069530e-07
1.576900000000149248e+03,5.010647223870566728e-07
1.577000000000149385e+03,5.110092654077246049e-07
1.577100000000149521e+03,5.213115195052092597e-07
1.577200000000149430e+03,5.316548734740658326e-07
1.577300000000149339e+03,5.420394471770680099e-07
1.577400000000149475e+03,5.524640271227440291e-07
1.577500000000149612e+03,5.629283747573753072e-07
1.577600000000149521e+03,5.734341904950159268e-07
1.577700000000149430e+03,5.839815946597865509e-07
1.577800000000149566e+03,5.945707078680388681e-07
1.577900000000149703e+03,6.052016510289174928e-07
1.578000000000149612e+03,6.158745453450202278e-07
1.578100000000149521e+03,6.265686489420637416e-07
1.578200000000149657e+03,6.373041332967474909e-07
1.578300000000149794e+03,6.480811155391785960e-07
1.578400000000149703e+03,6.588997130756949622e-07
1.578500000000149612e+03,6.697600435895114596e-07
1.578600000000149748e+03,6.806622250412022033e-07
1.578700000000149885e+03,6.916046263541057479e-07
1.578800000000149794e+03,7.025884337751763103e-07
1.578900000000149703e+03,7.136143718094996163e-07
1.579000000000149839e+03,7.246825590823500981e-07
1.579100000000149976e+03,7.354221616077101483e-07
1.579200000000149885e+03,7.462027882269812190e-07
1.579300000000149794e+03,7.570245544295705764e-07
1.579400000000149930e+03,7.678875759763802984e-07
1.579500000000150067e+03,7.787919689003342354e-07
1.579600000000149976e+03,7.897378495069740034e-07
1.579700000000149885e+03,8.007253343750695894e-07
1.579800000000150021e+03,8.117545403571299000e-07
1.579900000000150158e+03,8.228255845798701120e-07
1.580000000000150067e+03,8.339385844436393959e-07
1.580100000000149976e+03,8.442759415534190149e-07
1.580200000000150112e+03,8.546516160728677882e-07
1.580300000000150249e+03,8.650657132883822300e-07
1.580400000000150158e+03,8.755183387274965347e-07
1.580500000000150067e+03,8.860095981593637979e-07
1.580600000000150203e+03,8.965388882353296245e-07
1.580700000000150339e+03,9.071044575848934399e-07
1.580800000000150249e+03,9.177089024673507636e-07
1.580900000000150158e+03,9.283523291741061956e-07
1.581000000000150294e+03,9.390348442368607008e-07
1.581100000000150430e+03,9.484959754539824626e-07
1.581200000000150339e+03,9.579911220410092700e-07
1.581300000000150249e+03,9.675203756668044079e-07
1.581400000000150385e+03,9.770838282062484208e-07
1.581500000000150521e+03,9.866815717406555347e-07
1.581600000000150430e+03,9.963136985581551400e-07
1.581700000000150339e+03,1.005980301154197682e-06
1.581800000000150476e+03,1.015681472231861498e-06
1.581900000000150612e+03,1.025417304702229324e-06
1.582000000000150521e+03,1.035187891682272830e-06
1.582100000000150430e+03,1.043279087212517475e-06
1.582200000000150567e+03,1.051398229202834572e-06
1.582300000000150703e+03,1.059545391410269293e-06
1.582400000000150612e+03,1.067720647754890373e-06
1.582500000000150521e+03,1.075924072320163224e-06
1.582600000000150658e+03,1.084155739353185412e-06
1.582700000000150794e+03,1.092415723265008320e-06
1.582800000000150703e+03,1.100706580741781106e-06
1.582900000000150612e+03,1.109027243428760378e-06
1.583000000000150749e+03,1.117376504878993394e-06
1.583100000000150885e+03,1.123580440305659583e-06
1.583200000000150794e+03,1.129804193404774211e-06
1.583300000000150703e+03,1.136047814186033446e-06
1.583400000000150840e+03,1.142311352765480136e-06
1.583500000000150976e+03,1.148594859365828647e-06
1.583600000000150885e+03,1.154898384316579424e-06
1.583700000000150794e+03,1.161221978054284535e-06
1.583800000000150931e+03,1.167565691122707550e-06
1.583900000000151067e+03,1.173929574172996971e-06
1.584000000000150976e+03,1.180313677960075962e-06
1.584100000000150885e+03,1.184209690248169035e-06
1.584200000000151022e+03,1.188116161285282786e-06
1.584300000000151158e+03,1.192033115231983833e-06
1.584400000000151067e+03,1.195960576297537047e-06
1.584500000000150976e+03,1.199898568740058865e-06
1.584600000000151113e+03,1.203843619565109424e-06
1.584700000000151249e+03,1.207795770373210562e-06
1.584800000000151158e+03,1.211758479071518837e-06
1.584900000000151067e+03,1.215731769922771251e-06
1.585000000000151203e+03,1.219720263088223213e-06
1.585100000000151340e+03,1.220883412658699195e-06
1.585200000000151249e+03,1.222046107620124653e-06
1.585300000000151158e+03,1.223208342210058004e-06
1.585400000000151294e+03,1.224370110648390036e-06
1.585500000000151431e+03,1.225531407137369750e-06
1.585600000000151340e+03,1.226692225861516899e-06
1.585700000000151249e+03,1.227852560987603778e-06
1.585800000000151385e+03,1.229012406664628754e-06
1.585900000000151522e+03,1.230171757023771587e-06
1.586000000000151431e+03,1.231330606173890812e-06
1.586100000000151340e+03,1.229548209005482748e-06
1.586200000000151476e+03,1.227753755545451930e-06
1.586300000000151613e+03,1.225947208457754948e-06
1.586400000000151522e+03,1.224128530319239946e-06
1.586500000000151431e+03,1.222297683619453080e-06
1.586600000000151567e+03,1.220454630760480328e-06
1.586700000000151704e+03,1.218599334056810274e-06
1.586800000000151613e+03,1.216731755735112820e-06
1.586900000000151522e+03,1.214851857934119755e-06
1.587000000000151658e+03,1.212959602699946803e-06
1.587100000000151795e+03,1.208093525213533236e-06
1.587200000000151704e+03,1.203203615263136144e-06
1.587300000000151613e+03,1.198289804355917205e-06
1.587400000000151749e+03,1.193352023845567800e-06
1.587500000000151886e+03,1.188390204932066970e-06
1.587600000000151795e+03,1.183404278661333920e-06
1.587700000000151704e+03,1.178394175924940242e-06
1.587800000000151840e+03,1.173358027762296575e-06
1.587900000000151977e+03,1.168295359786030586e-06
1.588000000000151886e+03,1.163208341791209891e-06
1.588100000000151795e+03,1.155353503035253916e-06
1.588200000000151931e+03,1.147464772473131778e-06
1.588300000000152068e+03,1.139540710792643618e-06
1.588400000000151977e+03,1.131581218810617462e-06
1.588500000000151886e+03,1.123586197123925301e-06
1.588600000000152022e+03,1.115555546109077152e-06
1.588700000000152158e+03,1.107490373303064262e-06
1.588800000000152068e+03,1.099391931908930584e-06
1.588900000000151977e+03,1.091257505349846995e-06
1.589000000000152113e+03,1.083086992735021403e-06
1.589100000000152249e+03,1.072545304810086340e-06
1.589200000000152158e+03,1.061957964073339224e-06
1.589300000000152068e+03,1.051324842784893877e-06
1.589400000000152204e+03,1.040645812920021134e-06
1.589500000000152340e+03,1.029920746168738446e-06
1.589600000000152249e+03,1.019149513935090543e-06
1.589700000000152158e+03,1.008331987336714693e-06
1.589800000000152295e+03,9.974680372042659894e-07
1.589900000000152431e+03,9.865575340809728715e-07
1.590000000000152340e+03,9.755992945878074151e-07
1.590100000000152249e+03,9.628416763652686676e-07
1.590200000000152386e+03,9.500305543907886977e-07
1.590300000000152522e+03,9.371657811715168285e-07
1.590400000000152431e+03,9.242472088896292989e-07
1.590500000000152340e+03,9.112745052950449914e-07
1.590600000000152477e+03,8.982448047724147820e-07
1.590700000000152613e+03,8.851609495438175137e-07
1.590800000000152522e+03,8.720227910548582565e-07
1.590900000000152431e+03,8.588301804252420247e-07
1.591000000000152568e+03,8.455829684469232218e-07
1.591100000000152704e+03,8.313452089332653192e-07
1.591200000000152613e+03,8.170479194343795081e-07
1.591300000000152522e+03,8.026909339516588732e-07
1.591400000000152659e+03,7.882740861136580068e-07
1.591500000000152795e+03,7.737947356831867781e-07
1.591600000000152704e+03,7.592550975745590044e-07
1.591700000000152613e+03,7.446558382588120179e-07
1.591800000000152750e+03,7.299981501566106327e-07
1.591900000000152886e+03,7.152806548925876232e-07
1.592000000000152795e+03,7.005037797111799297e-07
1.592100000000152704e+03,6.903661994336194424e-07
1.592200000000152841e+03,6.801859340200927587e-07
1.592300000000152977e+03,6.699628643469912934e-07
1.592400000000152886e+03,6.596968710232127159e-07
1.592500000000152795e+03,6.493878343895368979e-07
1.592600000000152932e+03,6.390356345182341609e-07
1.592700000000153068e+03,6.286401512125572683e-07
1.592800000000152977e+03,6.182012640062304528e-07
1.592900000000152886e+03,6.077188521628626342e-07
1.593000000000153022e+03,5.971927947118159824e-07
1.593100000000153159e+03,6.104010283630791210e-07
1.593200000000153068e+03,6.236593476945225221e-07
1.593300000000152977e+03,6.369678895781459224e-07
1.593400000000153113e+03,6.503267911946627099e-07
1.593500000000153250e+03,6.637361900340305903e-07
1.593600000000153159e+03,6.771980507688309178e-07
1.593700000000153068e+03,6.907098959179681567e-07
1.593800000000153204e+03,7.042673858008075365e-07
1.593900000000153341e+03,7.178757602653810258e-07
1.594000000000153250e+03,7.315351574083146204e-07
1.594100000000153159e+03,7.456209601953326969e-07
1.594200000000153295e+03,7.597596009925103266e-07
1.594300000000153432e+03,7.739512232928588966e-07
1.594400000000153341e+03,7.881959709113934979e-07
1.594500000000153250e+03,8.024939879858375516e-07
1.594600000000153386e+03,8.168454189771355808e-07
1.594700000000153523e+03,8.312532058551892009e-07
1.594800000000153432e+03,8.457148613067458068e-07
1.594900000000153341e+03,8.602304664852546046e-07
1.595000000000153477e+03,8.748001677254187578e-07
1.595100000000153614e+03,8.893957375004933499e-07
1.595200000000153523e+03,9.040477722205090566e-07
1.595300000000153432e+03,9.187547942827815435e-07
1.595400000000153568e+03,9.335169545147685233e-07
1.595500000000153705e+03,9.483344040878004276e-07
1.595600000000153614e+03,9.632101082967075700e-07
1.595700000000153523e+03,9.781420064005493011e-07
1.595800000000153659e+03,9.931297533373849792e-07
1.595900000000153796e+03,1.008173502260089466e-06
1.596000000000153705e+03,1.023273406670232711e-06
1.596100000000153614e+03,1.037901919824879564e-06
1.596200000000153750e+03,1.052585141558167482e-06
1.596300000000153887e+03,1.067323222764288515e-06
1.596400000000153796e+03,1.082116314685055764e-06
1.596500000000153705e+03,1.096964568910683924e-06
1.596600000000153841e+03,1.111868137380403590e-06
1.596700000000153977e+03,1.126827172383072183e-06
1.596800000000153887e+03,1.141841826557982655e-06
1.596900000000153796e+03,1.156911639482831932e-06
1.597000000000153932e+03,1.172033940196163770e-06
1.597100000000154068e+03,1.186116275456781386e-06
1.597200000000153977e+03,1.200250334735199622e-06
1.597300000000153887e+03,1.214432943196948856e-06
1.597400000000154023e+03,1.228666335640649713e-06
1.597500000000154159e+03,1.242951771263303436e-06
1.597600000000154068e+03,1.257292452715360780e-06
1.597700000000153977e+03,1.271689333095720219e-06
1.597800000000154114e+03,1.286138949583380602e-06
1.597900000000154250e+03,1.300645720425694965e-06
1.598000000000154159e+03,1.315205507931308586e-06
1.598100000000154068e+03,1.328155702533907395e-06
1.598200000000154205e+03,1.341152957913267848e-06
1.598300000000154341e+03,1.354197403569959039e-06
1.598400000000154250e+03,1.367289169305339297e-06
1.598500000000154159e+03,1.380428385222303266e-06
1.598600000000154296e+03,1.393615181725734862e-06
1.598700000000154432e+03,1.406849689523169435e-06
1.598800000000154341e+03,1.420127646923210732e-06
1.598900000000154250e+03,1.433452975001899372e-06
1.599000000000154387e+03,1.446826314626336411e-06
1.599100000000154523e+03,1.457935891549437359e-06
1.599200000000154432e+03,1.469080036828961759e-06
1.599300000000154341e+03,1.480262844025047547e-06
1.599400000000154478e+03,1.491484416565782053e-06
1.599500000000154614e+03,1.502744858113390727e-06
1.599600000000154523e+03,1.514044272564765685e-06
1.599700000000154432e+03,1.525382764052002515e-06
1.599800000000154569e+03,1.536760436942777632e-06
1.599900000000154705e+03,1.548177395840762902e-06
1.600000000000154614e+03,1.559633745581876671e-06
1.600100000000154523e+03,1.568350504286492708e-06
1.600200000000154660e+03,1.577091885336265096e-06
1.600300000000154796e+03,1.585862277132501776e-06
1.600400000000154705e+03,1.594661757147475247e-06
1.600500000000154614e+03,1.603490403031900955e-06
1.600600000000154751e+03,1.612348292615273146e-06
1.600700000000154887e+03,1.621235503906191816e-06
1.600800000000154796e+03,1.630152115092689245e-06
1.600900000000154705e+03,1.639098204542807674e-06
1.601000000000154841e+03,1.648074261086062212e-06
1.601100000000154978e+03,1.653699338392650248e-06
1.601200000000154887e+03,1.659340133928172073e-06
1.601300000000154796e+03,1.664996685956769545e-06
1.601400000000154932e+03,1.670669032825489352e-06
1.601500000000155069e+03,1.676354267527067700e-06
1.601600000000154978e+03,1.682052482377559385e-06
1.601700000000154887e+03,1.687766567188069603e-06
1.601800000000155023e+03,1.693493197712401463e-06
1.601900000000155160e+03,1.699229874749255827e-06
1.602000000000155069e+03,1.704982473632057715e-06
1.602100000000154978e+03,1.707024970356804660e-06
1.602200000000155114e+03,1.709068222697423423e-06
1.602300000000155251e+03,1.711112225460080767e-06
1.602400000000155160e+03,1.713156973429697962e-06
1.602500000000155069e+03,1.715202461369780320e-06
1.602600000000155205e+03,1.717248684022457218e-06
1.602700000000155342e+03,1.719295636108338738e-06
1.602800000000155251e+03,1.721343312326521808e-06
1.602900000000155160e+03,1.723396566706453136e-06
1.603000000000155296e+03,1.725451663554880199e-06
1.603100000000155433e+03,1.723527387320747475e-06
1.603200000000155342e+03,1.721587575940683971e-06
1.603300000000155251e+03,1.719632177353348432e-06
1.603400000000155387e+03,1.717661139364672717e-06
1.603500000000155524e+03,1.715674409647472795e-06
1.603600000000155433e+03,1.713671935741263887e-06
1.603700000000155342e+03,1.711653665051850710e-06
1.603800000000155478e+03,1.709615488700240202e-06
1.603900000000155615e+03,1.707559547627048826e-06
1.604000000000155524e+03,1.705487664913879256e-06
1.604100000000155433e+03,1.699413519822803360e-06
1.604200000000155569e+03,1.693307191395094589e-06
1.604300000000155705e+03,1.687168580526799724e-06
1.604400000000155615e+03,1.680997587871394792e-06
1.604500000000155524e+03,1.674794113839160168e-06
1.604600000000155660e+03,1.668558058596754514e-06
1.604700000000155796e+03,1.662289322066748281e-06
1.604800000000155705e+03,1.655987803927009817e-06
1.604900000000155615e+03,1.649653403610286935e-06
1.605000000000155751e+03,1.643286020297756124e-06
1.605100000000155887e+03,1.633134933893773139e-06
1.605200000000155796e+03,1.622935438764009498e-06
1.605300000000155705e+03,1.612687389906588603e-06
1.605400000000155842e+03,1.602390641969263123e-06
1.605500000000155978e+03,1.592045049248756218e-06
1.605600000000155887e+03,1.581652801878442015e-06
1.605700000000155796e+03,1.571214521224072336e-06
1.605800000000155933e+03,1.560726884200295816e-06
1.605900000000156069e+03,1.550189743165521627e-06
1.606000000000155978e+03,1.539602950116077345e-06
1.606100000000155887e+03,1.525678380802836237e-06
1.606200000000156024e+03,1.511691231176223217e-06
1.606300000000156160e+03,1.497641318448677401e-06
1.606400000000156069e+03,1.483528459399673415e-06
1.606500000000155978e+03,1.469352470374628298e-06
1.606600000000156115e+03,1.455113167284201429e-06
1.606700000000156251e+03,1.440810365603408321e-06
1.606800000000156160e+03,1.426443880370733774e-06
1.606900000000156069e+03,1.412013526187102095e-06
1.607000000000156206e+03,1.397519117211270726e-06
1.607100000000156342e+03,1.380470145295035733e-06
1.607200000000156251e+03,1.363346498030480525e-06
1.607300000000156160e+03,1.346147958523066163e-06
1.607400000000156297e+03,1.328874309364644905e-06
1.607500000000156433e+03,1.311525332632522541e-06
1.607600000000156342e+03,1.294100809888380540e-06
1.607700000000156251e+03,1.276600522177045315e-06
1.607800000000156388e+03,1.259024250025652199e-06
1.607900000000156524e+03,1.241371773442536258e-06
1.608000000000156433e+03,1.223642871913805404e-06
1.608100000000156342e+03,1.204306036970651830e-06
1.608200000000156479e+03,1.184887375900453963e-06
1.608300000000156615e+03,1.165386808561227616e-06
1.608400000000156524e+03,1.145807778121297184e-06
1.608500000000156433e+03,1.126146086786334142e-06
1.608600000000156570e+03,1.106401499848876242e-06
1.608700000000156706e+03,1.086573782057688320e-06
1.608800000000156615e+03,1.066662697616614985e-06
1.608900000000156524e+03,1.046668010183382073e-06
1.609000000000156660e+03,1.026589482868130007e-06
1.609100000000156797e+03,1.006125776409579076e-06
1.609200000000156706e+03,9.855762506796196024e-07
1.609300000000156615e+03,9.649406619408021141e-07
1.609400000000156751e+03,9.442219338982728733e-07
1.609500000000156888e+03,9.234184686147611549e-07
1.609600000000156797e+03,9.025279773334032749e-07
1.609700000000156706e+03,8.815491593318686427e-07
1.609800000000156842e+03,8.604809060117918012e-07
1.609900000000156979e+03,8.393250295093268463e-07
1.610000000000156888e+03,8.180812816079175765e-07
1.610100000000156797e+03,8.348458990712889275e-07
1.610200000000156933e+03,8.516731121892188109e-07
1.610300000000157070e+03,8.685630903185499032e-07
1.610400000000156979e+03,8.855160031965885756e-07
1.610500000000156888e+03,9.025320209419048108e-07
1.610600000000157024e+03,9.196113140549682188e-07
1.610700000000157161e+03,9.367540534188447217e-07
1.610800000000157070e+03,9.539604103000019758e-07
1.610900000000156979e+03,9.712305563490906539e-07
1.611000000000157115e+03,9.885646636045367120e-07
1.611100000000157252e+03,1.007791017011654998e-06
1.611200000000157161e+03,1.027088960079626451e-06
1.611300000000157070e+03,1.046458686341448841e-06
1.611400000000157206e+03,1.065900389764743343e-06
1.611500000000157343e+03,1.085413943694573461e-06
1.611600000000157252e+03,1.104996334599954969e-06
1.611700000000157161e+03,1.124651150120670052e-06
1.611800000000157297e+03,1.144378585199068343e-06
1.611900000000157434e+03,1.164176522780447445e-06
1.612000000000157343e+03,1.184045403893170903e-06
1.612100000000157252e+03,1.204061597127105730e-06
1.612200000000157388e+03,1.224150955675247396e-06
1.612300000000157524e+03,1.244313674368574677e-06
1.612400000000157434e+03,1.264549948468684771e-06
1.612500000000157343e+03,1.284859973668702800e-06
1.612600000000157479e+03,1.305243946094007290e-06
1.612700000000157615e+03,1.325702062302987426e-06
1.612800000000157524e+03,1.346234519287867839e-06
1.612900000000157434e+03,1.366841514475756399e-06
1.613000000000157570e+03,1.387523245728407245e-06
1.613100000000157706e+03,1.407733706143371725e-06
1.613200000000157615e+03,1.428016888816356788e-06
1.613300000000157524e+03,1.448372985437339966e-06
1.613400000000157661e+03,1.468802188115999805e-06
1.613500000000157797e+03,1.489304689382253096e-06
1.613600000000157706e+03,1.509880682187177715e-06
1.613700000000157615e+03,1.530530359903978244e-06
1.613800000000157752e+03,1.551255329656176868e-06
1.613900000000157888e+03,1.572060037965826074e-06
1.614000000000157797e+03,1.592943517529148915e-06
1.614100000000157706e+03,1.612644055419715266e-06
1.614200000000157843e+03,1.632414621769844130e-06
1.614300000000157979e+03,1.652255400560224457e-06
1.614400000000157888e+03,1.672166576174020104e-06
1.614500000000157797e+03,1.692148333397723854e-06
1.614600000000157934e+03,1.712200857421838850e-06
1.614700000000158070e+03,1.732324333841577617e-06
1.614800000000157979e+03,1.752518948657650218e-06
1.614900000000157888e+03,1.772784888277144117e-06
1.615000000000158025e+03,1.793122339511003615e-06
1.615100000000158161e+03,1.811480560362473494e-06
1.615200000000158070e+03,1.829898602605214628e-06
1.615300000000157979e+03,1.848377393157386773e-06
1.615400000000158116e+03,1.866919819637979150e-06
1.615500000000158252e+03,1.885526045673213657e-06
1.615600000000158161e+03,1.904196256412862376e-06
1.615700000000158070e+03,1.922937265490951537e-06
1.615800000000158207e+03,1.941748296877926614e-06
1.615900000000158343e+03,1.960625671869007491e-06
1.616000000000158252e+03,1.979567943505563407e-06
1.616100000000158161e+03,1.995774986057110897e-06
1.616200000000158298e+03,2.012038244317200067e-06
1.616300000000158434e+03,2.028359706427927058e-06
1.616400000000158343e+03,2.044736242387582852e-06
1.616500000000158252e+03,2.061167993618087246e-06
1.616600000000158389e+03,2.077648784553425237e-06
1.616700000000158525e+03,2.094184055268110989e-06
1.616800000000158434e+03,2.110774851844354750e-06
1.616900000000158343e+03,2.127421316348012787e-06
1.617000000000158479e+03,2.144123591144284083e-06
1.617100000000158616e+03,2.157260528504151937e-06
1.617200000000158525e+03,2.170439310028767446e-06
1.617300000000158434e+03,2.183660039764940992e-06
1.617400000000158570e+03,2.196922821978121219e-06
1.617500000000158707e+03,2.210227761152666932e-06
1.617600000000158616e+03,2.223574961992336256e-06
1.617700000000158525e+03,2.236964529420767328e-06
1.617800000000158661e+03,2.250396568581723089e-06
1.617900000000158798e+03,2.263871184839530051e-06
1.618000000000158707e+03,2.277388483772810669e-06
1.618100000000158616e+03,2.286705835333964073e-06
1.618200000000158752e+03,2.296050083048393751e-06
1.618300000000158889e+03,2.305421291220926764e-06
1.618400000000158798e+03,2.314819524289420509e-06
1.618500000000158707e+03,2.324244846825003700e-06
1.618600000000158843e+03,2.333697323532179283e-06
1.618700000000158980e+03,2.343177019249195010e-06
1.618800000000158889e+03,2.352683998948145935e-06
1.618900000000158798e+03,2.362218327735414021e-06
1.619000000000158934e+03,2.371780070844048231e-06
1.619100000000159071e+03,2.376493455263231271e-06
1.619200000000158980e+03,2.381215591886687302e-06
1.619300000000158889e+03,2.385950529510972321e-06
1.619400000000159025e+03,2.390698539683425709e-06
1.619500000000159162e+03,2.395456440985530181e-06
1.619600000000159071e+03,2.400226343417495620e-06
1.619700000000158980e+03,2.405006061180171232e-06
1.619800000000159116e+03,2.409799485242143774e-06
1.619900000000159253e+03,2.414601840487299365e-06
1.620000000000159162e+03,2.419413142336892213e-06
1.620100000000159071e+03,2.419044885527129911e-06
1.620200000000159207e+03,2.418665401508190531e-06
1.620300000000159343e+03,2.418274650703191448e-06
1.620400000000159253e+03,2.417872593436266193e-06
1.620500000000159162e+03,2.417459189932289585e-06
1.620600000000159298e+03,2.417034400316871807e-06
1.620700000000159434e+03,2.416604844632104342e-06
1.620800000000159343e+03,2.416165568655057885e-06
1.620900000000159253e+03,2.415714783582133514e-06
1.621000000000159389e+03,2.415252449009897760e-06
1.621100000000159525e+03,2.409395372569051460e-06
1.621200000000159434e+03,2.403499210777190252e-06
1.621300000000159343e+03,2.397570358619507162e-06
1.621400000000159480e+03,2.391608718078095347e-06
1.621500000000159616e+03,2.385614190904887089e-06
1.621600000000159525e+03,2.379586678621413660e-06
1.621700000000159434e+03,2.373526082518215367e-06
1.621800000000159571e+03,2.367432303654382457e-06
1.621900000000159707e+03,2.361305242857215883e-06
1.622000000000159616e+03,2.355144800713361830e-06
1.622100000000159525e+03,2.343746525115731171e-06
1.622200000000159662e+03,2.332294024154396339e-06
1.622300000000159798e+03,2.320787140194717436e-06
1.622400000000159707e+03,2.309225715235370186e-06
1.622500000000159616e+03,2.297609590907531945e-06
1.622600000000159753e+03,2.285938608474291308e-06
1.622700000000159889e+03,2.274212608829819720e-06
1.622800000000159798e+03,2.262434877963055629e-06
1.622900000000159707e+03,2.250620911854828444e-06
1.623000000000159844e+03,2.238751211846004442e-06
1.623100000000159980e+03,2.222076883824021575e-06
1.623200000000159889e+03,2.205327699690521249e-06
1.623300000000159798e+03,2.188508520699952749e-06
1.623400000000159935e+03,2.171613898962413559e-06
1.623500000000160071e+03,2.154643617160278348e-06
1.623600000000159980e+03,2.137597457469249123e-06
1.623700000000159889e+03,2.120469068563344132e-06
1.623800000000160026e+03,2.103259005167594884e-06
1.623900000000160162e+03,2.085972596949236079e-06
1.624000000000160071e+03,2.068609625310720969e-06
1.624100000000159980e+03,2.047244380962763602e-06
1.624200000000160117e+03,2.025786551290230512e-06
1.624300000000160253e+03,2.004235872692796625e-06
1.624400000000160162e+03,1.982592080959829726e-06
1.624500000000160071e+03,1.960854911269053411e-06
1.624600000000160207e+03,1.939024098185523877e-06
1.624700000000160344e+03,1.917099375660379699e-06
1.624800000000160253e+03,1.895080477029632689e-06
1.624900000000160162e+03,1.872967135012813708e-06
1.625000000000160298e+03,1.850759081707433697e-06
1.625100000000160435e+03,1.825715265515013550e-06
1.625200000000160344e+03,1.800565285356480518e-06
1.625300000000160253e+03,1.775313182809837330e-06
1.625400000000160389e+03,1.749953213879067076e-06
1.625500000000160526e+03,1.724485070147055523e-06
1.625600000000160435e+03,1.698908442475026741e-06
1.625700000000160344e+03,1.673223021001173879e-06
1.625800000000160480e+03,1.647428495139203534e-06
1.625900000000160617e+03,1.621524553577030054e-06
1.626000000000160526e+03,1.595510884273107882e-06
1.626100000000160435e+03,1.568063424396102841e-06
1.626200000000160571e+03,1.540500119678117232e-06
1.626300000000160708e+03,1.512820639885779575e-06
1.626400000000160617e+03,1.485024654013918909e-06
1.626500000000160526e+03,1.457111830283881316e-06
1.626600000000160662e+03,1.429081836142073444e-06
1.626700000000160799e+03,1.400934338258577187e-06
1.626800000000160708e+03,1.372669002525425974e-06
1.626900000000160617e+03,1.344285494054894606e-06
1.627000000000160753e+03,1.315783477211473905e-06
1.627100000000160890e+03,1.307950855070009748e-06
1.627200000000160799e+03,1.300081048395306381e-06
1.627300000000160708e+03,1.292173946331990570e-06
1.627400000000160844e+03,1.284229437757281629e-06
1.627500000000160981e+03,1.276247411280511572e-06
1.627600000000160890e+03,1.268227755242506781e-06
1.627700000000160799e+03,1.260170357714988517e-06
1.627800000000160935e+03,1.252075106500032938e-06
1.627900000000161072e+03,1.243941889129628099e-06
1.628000000000160981e+03,1.235770592919143123e-06
1.628100000000160890e+03,1.261272027326007058e-06
1.628200000000161026e+03,1.286870377044733636e-06
1.628300000000161162e+03,1.312565910473302893e-06
1.628400000000161072e+03,1.338358896631331925e-06
1.628500000000160981e+03,1.364249605161417851e-06
1.628600000000161117e+03,1.390238306330393125e-06
1.628700000000161253e+03,1.416325271030319096e-06
1.628800000000161162e+03,1.442510770779932326e-06
1.628900000000161072e+03,1.468795077726075431e-06
1.629000000000161208e+03,1.495178464645680416e-06
1.629100000000161344e+03,1.522256259945371840e-06
1.629200000000161253e+03,1.549436755380490341e-06
1.629300000000161162e+03,1.576720236630743093e-06
1.629400000000161299e+03,1.604106990042551940e-06
1.629500000000161435e+03,1.631597302630311235e-06
1.629600000000161344e+03,1.659191462077850460e-06
1.629700000000161253e+03,1.686889756739935797e-06
1.629800000000161390e+03,1.714692475643503624e-06
1.629900000000161526e+03,1.742599908488932336e-06
1.630000000000161435e+03,1.770612345651144542e-06
1.630100000000161344e+03,1.798531307376720843e-06
1.630200000000161481e+03,1.826554248277926821e-06
1.630300000000161617e+03,1.854678275416824144e-06
1.630400000000161526e+03,1.882905471224157793e-06
1.630500000000161435e+03,1.911237367117063485e-06
1.630600000000161572e+03,1.939674249438674881e-06
1.630700000000161708e+03,1.968216405188751724e-06
1.630800000000161617e+03,1.996864122025183533e-06
1.630900000000161526e+03,2.025617688265337657e-06
1.631000000000161663e+03,2.054477392885683193e-06
1.631100000000161799e+03,2.082431195015468450e-06
1.631200000000161708e+03,2.110488446174940013e-06
1.631300000000161617e+03,2.138658565261582723e-06
1.631400000000161754e+03,2.166935624132323919e-06
1.631500000000161890e+03,2.195317301632844940e-06
1.631600000000161799e+03,2.223803885881458701e-06
1.631700000000161708e+03,2.252395665665152603e-06
1.631800000000161845e+03,2.281092930440876878e-06
1.631900000000161981e+03,2.309895970336711369e-06
1.632000000000161890e+03,2.338805076150072793e-06
1.632100000000161799e+03,2.365817059017899094e-06
1.632200000000161936e+03,2.392930370482251690e-06
1.632300000000162072e+03,2.420142627649366445e-06
1.632400000000161981e+03,2.447454101499918120e-06
1.632500000000161890e+03,2.474865063641189346e-06
1.632600000000162026e+03,2.502375786308344985e-06
1.632700000000162163e+03,2.529986542365540471e-06
1.632800000000162072e+03,2.557697605307210996e-06
1.632900000000161981e+03,2.585509249259640636e-06
1.633000000000162117e+03,2.613421748977100309e-06
1.633100000000162254e+03,2.638418519273859263e-06
1.633200000000162163e+03,2.663505057952701176e-06
1.633300000000162072e+03,2.688681610323898387e-06
1.633400000000162208e+03,2.713948422266488919e-06
1.633500000000162345e+03,2.739305740229466561e-06
1.633600000000162254e+03,2.764753811232831607e-06
1.633700000000162163e+03,2.790292882869198535e-06
1.633800000000162299e+03,2.815915046928133977e-06
1.633900000000162436e+03,2.841621112212886869e-06
1.634000000000162345e+03,2.867418636836995301e-06
1.634100000000162254e+03,2.889166457427146845e-06
1.634200000000162390e+03,2.910989181052901644e-06
1.634300000000162527e+03,2.932887007546746951e-06
1.634400000000162436e+03,2.954868972819603868e-06
1.634500000000162345e+03,2.976928113095693600e-06
1.634600000000162481e+03,2.999063115244775938e-06
1.634700000000162618e+03,3.021274181750959109e-06
1.634800000000162527e+03,3.043561515559455323e-06
1.634900000000162436e+03,3.065925320077305411e-06
1.635000000000162572e+03,3.088365799166020649e-06
1.635100000000162709e+03,3.105734843280035071e-06
1.635200000000162618e+03,3.123160054460147426e-06
1.635300000000162527e+03,3.140641578027116381e-06
1.635400000000162663e+03,3.158179559625519183e-06
1.635500000000162800e+03,3.175774145224204396e-06
1.635600000000162709e+03,3.193425481117083876e-06
1.635700000000162618e+03,3.211133713923733320e-06
1.635800000000162754e+03,3.228898990590099112e-06
1.635900000000162891e+03,3.246721458388993839e-06
1.636000000000162800e+03,3.264601264910951724e-06
1.636100000000162709e+03,3.276506082873695140e-06
1.636200000000162845e+03,3.288446204146377494e-06
1.636300000000162981e+03,3.300415306485356260e-06
1.636400000000162891e+03,3.312418139484499971e-06
1.636500000000162800e+03,3.324454784472545688e-06
1.636600000000162936e+03,3.336525322951680801e-06
1.636700000000163072e+03,3.348629836597468483e-06
1.636800000000162981e+03,3.360768407259483391e-06
1.636900000000162891e+03,3.372941116961613633e-06
1.637000000000163027e+03,3.385148047891322934e-06
1.637100000000163163e+03,3.390633175554787890e-06
1.637200000000163072e+03,3.396119572711552815e-06
1.637300000000162981e+03,3.401617021114028405e-06
1.637400000000163118e+03,3.407126915731222655e-06
1.637500000000163254e+03,3.412644494107093328e-06
1.637600000000163163e+03,3.418169764518413974e-06
1.637700000000163072e+03,3.423702735245931576e-06
1.637800000000163209e+03,3.429243414574298784e-06
1.637900000000163345e+03,3.434791810792028178e-06
1.638000000000163254e+03,3.440337461948587707e-06
1.638100000000163163e+03,3.438705353895268552e-06
1.638200000000163300e+03,3.437052633844681694e-06
1.638300000000163436e+03,3.435379231475245528e-06
1.638400000000163345e+03,3.433685076288534908e-06
1.638500000000163254e+03,3.431970097609001628e-06
1.638600000000163391e+03,3.430234224583433172e-06
1.638700000000163527e+03,3.428477386180681657e-06
1.638800000000163436e+03,3.426699511191441065e-06
1.638900000000163345e+03,3.424900528227541669e-06
1.639000000000163482e+03,3.423080365709700238e-06
1.639100000000163618e+03,3.413813213485408539e-06
1.639200000000163527e+03,3.404496392897504054e-06
1.639300000000163436e+03,3.395129756101562483e-06
1.639400000000163573e+03,3.385713154906024246e-06
1.639500000000163709e+03,3.376246440771554977e-06
1.639600000000163618e+03,3.366729464810511891e-06
1.639700000000163527e+03,3.357162077785977744e-06
1.639800000000163664e+03,3.347541102675570554e-06
1.639900000000163800e+03,3.337871628853190711e-06
1.640000000000163709e+03,3.328151299142548241e-06
1.640100000000163618e+03,3.311288640743916258e-06
1.640200000000163755e+03,3.294347707604927957e-06
1.640300000000163891e+03,3.277328275722438763e-06
1.640400000000163800e+03,3.260230120578575308e-06
1.640500000000163709e+03,3.243053017139972252e-06
1.640600000000163845e+03,3.225796739856566961e-06
1.640700000000163982e+03,3.208461062660841407e-06
1.640800000000163891e+03,3.191043702922821168e-06
1.640900000000163800e+03,3.173540901954991757e-06
1.641000000000163936e+03,3.155958103797177116e-06
1.641100000000164073e+03,3.131860368117067840e-06
1.641200000000163982e+03,3.107658871320938987e-06
1.641300000000163891e+03,3.083332169369472273e-06
1.641400000000164027e+03,3.058914170931225480e-06
1.641500000000164164e+03,3.034395074929197934e-06
1.641600000000164073e+03,3.009770721642557876e-06
1.641700000000163982e+03,2.985040819611137825e-06
1.641800000000164118e+03,2.960205076722613801e-06
1.641900000000164255e+03,2.935263200211455848e-06
1.642000000000164164e+03,2.910214896648927118e-06
1.642100000000164073e+03,2.879876240940167551e-06
1.642200000000164209e+03,2.849409852147829631e-06
1.642300000000164346e+03,2.818815376534365445e-06
1.642400000000164255e+03,2.788092459566394732e-06
1.642500000000164164e+03,2.757240745912666077e-06
1.642600000000164300e+03,2.726259879443038353e-06
1.642700000000164437e+03,2.695149503226774794e-06
1.642800000000164346e+03,2.663909259531039942e-06
1.642900000000164255e+03,2.632538789819147552e-06
1.643000000000164391e+03,2.601037734743063506e-06
1.643100000000164528e+03,2.565691151905150035e-06
1.643200000000164437e+03,2.530201065853576155e-06
1.643300000000164346e+03,2.494567088425106620e-06
1.643400000000164482e+03,2.458788830603264912e-06
1.643500000000164619e+03,2.422865902517114779e-06
1.643600000000164528e+03,2.386797913439172724e-06
1.643700000000164437e+03,2.350584471784057412e-06
1.643800000000164573e+03,2.314225185106633396e-06
1.643900000000164709e+03,2.277713048460524320e-06
1.644000000000164619e+03,2.241040704540036094e-06
1.644100000000164528e+03,2.202514125019761254e-06
1.644200000000164664e+03,2.163834999872465478e-06
1.644300000000164800e+03,2.125002923302274400e-06
1.644400000000164709e+03,2.086020651362382367e-06
1.644500000000164619e+03,2.046888601502889696e-06
1.644600000000164755e+03,2.007602100662508989e-06
1.644700000000164891e+03,1.968160737886838668e-06
1.644800000000164800e+03,1.928564101332467373e-06
1.644900000000164709e+03,1.888811778265171262e-06
1.645000000000164846e+03,1.848903355110046295e-06
1.645100000000164982e+03,1.840144269573609587e-06
1.645200000000164891e+03,1.831345903523074091e-06
1.645300000000164800e+03,1.822510082826573355e-06
1.645400000000164937e+03,1.813639212171657401e-06
1.645500000000165073e+03,1.804728675196552936e-06
1.645600000000164982e+03,1.795778363376666653e-06
1.645700000000164891e+03,1.786788167951194014e-06
1.645800000000165028e+03,1.777757979922916809e-06
1.645900000000165164e+03,1.768687690057633950e-06
1.646000000000165073e+03,1.759577188956838382e-06
1.646100000000164982e+03,1.794761805029102565e-06
1.646200000000165119e+03,1.830071451642384438e-06
1.646300000000165255e+03,1.865506449560980144e-06
1.646400000000165164e+03,1.901067120229628565e-06
1.646500000000165073e+03,1.936753785774910415e-06
1.646600000000165210e+03,1.972566769006411212e-06
1.646700000000165346e+03,2.008502097704421612e-06
1.646800000000165255e+03,2.044561408800914185e-06
1.646900000000165164e+03,2.080747754861971696e-06
1.647000000000165301e+03,2.117061460092402383e-06
1.647100000000165437e+03,2.154244801826202128e-06
1.647200000000165346e+03,2.191557831687299406e-06
1.647300000000165255e+03,2.229000876956658455e-06
1.647400000000165392e+03,2.266574265597035156e-06
1.647500000000165528e+03,2.304278326254005329e-06
1.647600000000165437e+03,2.342113388257356834e-06
1.647700000000165346e+03,2.380079781622449905e-06
1.647800000000165483e+03,2.418177837051330151e-06
1.647900000000165619e+03,2.456396364178277822e-06
1.648000000000165528e+03,2.494746473499505850e-06
1.648100000000165437e+03,2.533021861472558551e-06
1.648200000000165574e+03,2.571429517453503861e-06
1.648300000000165710e+03,2.609969007413179616e-06
1.648400000000165619e+03,2.648640660063846846e-06
1.648500000000165528e+03,2.687441505244853497e-06
1.648600000000165664e+03,2.726368823015927124e-06
1.648700000000165801e+03,2.765429018773874545e-06
1.648800000000165710e+03,2.804622422549355528e-06
1.648900000000165619e+03,2.843949365049066314e-06
1.649000000000165755e+03,2.883410177654628318e-06
1.649100000000165892e+03,2.921649080860452766e-06
1.649200000000165801e+03,2.960017316517867642e-06
1.649300000000165710e+03,2.998515204151511171e-06
1.649400000000165846e+03,3.037140718379685702e-06
1.649500000000165983e+03,3.075888010875297144e-06
1.649600000000165892e+03,3.114765644318638243e-06
1.649700000000165801e+03,3.153773939480625339e-06
1.649800000000165937e+03,3.192913217783767995e-06
1.649900000000166074e+03,3.232191251584357308e-06
1.650000000000165983e+03,3.271605072236477115e-06
1.650100000000165892e+03,3.308579302085942987e-06
1.650200000000166028e+03,3.345677580538110279e-06
1.650300000000166165e+03,3.382900214878137664e-06
1.650400000000166074e+03,3.420247513022656195e-06
1.650500000000165983e+03,3.457719783521018676e-06
1.650600000000166119e+03,3.495317335556348718e-06
1.650700000000166256e+03,3.533040478946234876e-06
1.650800000000166165e+03,3.570889524144362461e-06
1.650900000000166074e+03,3.608864782241488901e-06
1.651000000000166210e+03,3.646966564959936327e-06
1.651100000000166347e+03,3.681215865934051037e-06
1.651200000000166256e+03,3.715577396420946794e-06
1.651300000000166165e+03,3.750051430959042141e-06
1.651400000000166301e+03,3.784623203167800340e-06
1.651500000000166438e+03,3.819320816525667084e-06
1.651600000000166347e+03,3.854136628004715820e-06
1.651700000000166256e+03,3.889071519552525819e-06
1.651800000000166392e+03,3.924128785400882867e-06
1.651900000000166528e+03,3.959300512103172525e-06
1.652000000000166438e+03,3.994586979572648625e-06
1.652100000000166347e+03,4.024602462367335541e-06
1.652200000000166483e+03,4.054701351204288930e-06
1.652300000000166619e+03,4.084893141740817614e-06
1.652400000000166528e+03,4.115180450607912183e-06
1.652500000000166438e+03,4.145563507351878273e-06
1.652600000000166574e+03,4.176042541979694788e-06
1.652700000000166710e+03,4.206617784959705077e-06
1.652800000000166619e+03,4.237289467222402138e-06
1.652900000000166528e+03,4.268057820161439123e-06
1.653000000000166665e+03,4.298923075623362457e-06
1.653100000000166801e+03,4.323283127292640631e-06
1.653200000000166710e+03,4.347717146430466426e-06
1.653300000000166619e+03,4.372225309063155253e-06
1.653400000000166756e+03,4.396807791571168692e-06
1.653500000000166892e+03,4.421466910229557331e-06
1.653600000000166801e+03,4.446214221085274737e-06
1.653700000000166710e+03,4.471036557497002931e-06
1.653800000000166847e+03,4.495934098057298644e-06
1.653900000000166983e+03,4.520907021718320515e-06
1.654000000000166892e+03,4.545933126707369980e-06
1.654100000000166801e+03,4.563162571343464721e-06
1.654200000000166938e+03,4.580438874760113388e-06
1.654300000000167074e+03,4.597762142789620570e-06
1.654400000000166983e+03,4.615132481470900828e-06
1.654500000000166892e+03,4.632549997049792094e-06
1.654600000000167029e+03,4.650020686759540609e-06
1.654700000000167165e+03,4.667550535868129816e-06
1.654800000000167074e+03,4.685128016185001553e-06
1.654900000000166983e+03,4.702745578665048601e-06
1.655000000000167120e+03,4.720407136691835542e-06
1.655100000000167256e+03,4.729242013106515463e-06
1.655200000000167165e+03,4.738092293298301602e-06
1.655300000000167074e+03,4.746958002055852872e-06
1.655400000000167211e+03,4.755853868384433118e-06
1.655500000000167347e+03,4.764767296483821462e-06
1.655600000000167256e+03,4.773744244051652611e-06
1.655700000000167165e+03,4.782737679392282936e-06
1.655800000000167302e+03,4.791741621845406117e-06
1.655900000000167438e+03,4.800749795437099437e-06
1.656000000000167347e+03,4.809773761631264108e-06
1.656100000000167256e+03,4.809276452336052251e-06
1.656200000000167392e+03,4.808759791536936684e-06
1.656300000000167529e+03,4.808223714243567948e-06
1.656400000000167438e+03,4.807668155312129458e-06
1.656500000000167347e+03,4.807108283186811186e-06
1.656600000000167483e+03,4.806531737105773122e-06
1.656700000000167620e+03,4.805935509277214370e-06
1.656800000000167529e+03,4.805319533716469587e-06
1.656900000000167438e+03,4.804683744282942287e-06
1.657000000000167574e+03,4.804028074663702896e-06
1.657100000000167711e+03,4.793663454153522327e-06
1.657200000000167620e+03,4.783241931009194502e-06
1.657300000000167529e+03,4.772763339875324231e-06
1.657400000000167665e+03,4.762227515021410326e-06
1.657500000000167802e+03,4.751634290341250983e-06
1.657600000000167711e+03,4.740983499352294105e-06
1.657700000000167620e+03,4.730274975194695406e-06
1.657800000000167756e+03,4.719508550630730565e-06
1.657900000000167893e+03,4.708684058044186213e-06
1.658000000000167802e+03,4.697801329423239702e-06
1.658100000000167711e+03,4.677198169024877684e-06
1.658200000000167847e+03,4.656500866722894106e-06
1.658300000000167984e+03,4.635709161992039083e-06
1.658400000000167893e+03,4.614816944477882336e-06
1.658500000000167802e+03,4.593824483746365563e-06
1.658600000000167938e+03,4.572736937115426784e-06
1.658700000000168075e+03,4.551554042470366410e-06
1.658800000000167984e+03,4.530275537120484662e-06
1.658900000000167893e+03,4.508901157797538274e-06
1.659000000000168029e+03,4.487436347180146375e-06
1.659100000000168166e+03,4.457086329008214447e-06
1.659200000000168075e+03,4.426605764878517424e-06
1.659300000000167984e+03,4.395994297354441667e-06
1.659400000000168120e+03,4.365251568210875648e-06
1.659500000000168257e+03,4.334365074254426355e-06
1.659600000000168166e+03,4.303343704977733607e-06
1.659700000000168075e+03,4.272190214486278879e-06
1.659800000000168211e+03,4.240904242773474336e-06
1.659900000000168347e+03,4.209485429041709250e-06
1.660000000000168257e+03,4.177933411688336688e-06
1.660100000000168166e+03,4.138764653214132975e-06
1.660200000000168302e+03,4.099419914366899213e-06
1.660300000000168438e+03,4.059909702286718661e-06
1.660400000000168347e+03,4.020245456586391378e-06
1.660500000000168257e+03,3.980421758668677860e-06
1.660600000000168393e+03,3.940433422835562328e-06
1.660700000000168529e+03,3.900280002611229817e-06
1.660800000000168438e+03,3.859961050537442669e-06
1.660900000000168347e+03,3.819476118171583040e-06
1.661000000000168484e+03,3.778824756075477993e-06
1.661100000000168620e+03,3.732429507807177542e-06
1.661200000000168529e+03,3.685844783516433303e-06
1.661300000000168438e+03,3.639070068763557714e-06
1.661400000000168575e+03,3.592104847970788899e-06
1.661500000000168711e+03,3.544948604420371289e-06
1.661600000000168620e+03,3.497615919472620265e-06
1.661700000000168529e+03,3.450095228135445079e-06
1.661800000000168666e+03,3.402369778202773422e-06
1.661900000000168802e+03,3.354453749486864021e-06
1.662000000000168711e+03,3.306344546687291452e-06
1.662100000000168620e+03,3.254796894304680833e-06
1.662200000000168757e+03,3.203043905181147734e-06
1.662300000000168893e+03,3.151085029768951758e-06
1.662400000000168802e+03,3.098919717320458336e-06
1.662500000000168711e+03,3.046547415885673445e-06
1.662600000000168848e+03,2.993967572310266205e-06
1.662700000000168984e+03,2.941179632233455957e-06
1.662800000000168893e+03,2.888183040085667676e-06
1.662900000000168802e+03,2.834977239085964191e-06
1.663000000000168939e+03,2.781561671248639911e-06
1.663100000000169075e+03,2.733103865996413640e-06
1.663200000000168984e+03,2.684451348688473461e-06
1.663300000000168893e+03,2.635589294949040421e-06
1.663400000000169030e+03,2.586526632403063353e-06
1.663500000000169166e+03,2.537268403837030003e-06
1.663600000000169075e+03,2.487807824073423074e-06
1.663700000000168984e+03,2.438148429625349837e-06
1.663800000000169121e+03,2.388292232475107401e-06
1.663900000000169257e+03,2.338238703278729968e-06
1.664000000000169166e+03,2.287988523716315360e-06
1.664100000000169075e+03,2.334872581548341431e-06
1.664200000000169211e+03,2.381923946645913713e-06
1.664300000000169348e+03,2.429143051388424489e-06
1.664400000000169257e+03,2.476530329084018611e-06
1.664500000000169166e+03,2.524081012005383158e-06
1.664600000000169302e+03,2.571796795511920887e-06
1.664700000000169439e+03,2.619681719905977922e-06
1.664800000000169348e+03,2.667736220416697842e-06
1.664900000000169257e+03,2.715960937061932918e-06
1.665000000000169393e+03,2.764365626237435391e-06
1.665100000000169530e+03,2.814455653878550485e-06
1.665200000000169439e+03,2.864723379579779726e-06
1.665300000000169348e+03,2.915169262094735282e-06
1.665400000000169484e+03,2.965793761163494903e-06
1.665500000000169621e+03,3.016597337514097358e-06
1.665600000000169530e+03,3.067580452864624017e-06
1.665700000000169439e+03,3.118743569925317707e-06
1.665800000000169575e+03,3.170087152400101861e-06
1.665900000000169712e+03,3.221611664988312704e-06
1.666000000000169621e+03,3.273317573387185294e-06
1.666100000000169530e+03,3.325526681662590125e-06
1.666200000000169666e+03,3.377919739162970848e-06
1.666300000000169803e+03,3.430497219959573335e-06
1.666400000000169712e+03,3.483259599142640188e-06
1.666500000000169621e+03,3.536207352823329691e-06
1.666600000000169757e+03,3.589340958135829581e-06
1.666700000000169894e+03,3.642660893238499694e-06
1.666800000000169803e+03,3.696167637316319895e-06
1.666900000000169712e+03,3.749861670582995372e-06
1.667000000000169848e+03,3.803743474280682203e-06
1.667100000000169985e+03,3.856711865782149388e-06
1.667200000000169894e+03,3.909864822668703833e-06
1.667300000000169803e+03,3.963202818341387601e-06
1.667400000000169939e+03,4.016726327215961545e-06
1.667500000000170076e+03,4.070435824724645538e-06
1.667600000000169985e+03,4.124331787318085281e-06
1.667700000000169894e+03,4.178424007827530900e-06
1.667800000000170030e+03,4.232709352092999327e-06
1.667900000000170166e+03,4.287182981334684952e-06
1.668000000000170076e+03,4.341845378106620855e-06
1.668100000000169985e+03,4.393933684535054813e-06
1.668200000000170121e+03,4.446170754034862490e-06
1.668300000000170257e+03,4.498585493117226190e-06
1.668400000000170166e+03,4.551178349286125043e-06
1.668500000000170076e+03,4.603949770987423571e-06
1.668600000000170212e+03,4.656908471894746486e-06
1.668700000000170348e+03,4.710055047528164963e-06
1.668800000000170257e+03,4.763381915913456993e-06
1.668900000000170166e+03,4.816888678010145977e-06
1.669000000000170303e+03,4.870565512014629790e-06
1.669100000000170439e+03,4.920076992821605960e-06
1.669200000000170348e+03,4.969754327426441558e-06
1.669300000000170257e+03,5.019598974075049726e-06
1.669400000000170394e+03,5.069611354953522802e-06
1.669500000000170530e+03,5.119791893141837162e-06
1.669600000000170439e+03,5.170141012615885243e-06
1.669700000000170348e+03,5.220659138249336483e-06
1.669800000000170485e+03,5.271346695815088283e-06
1.669900000000170621e+03,5.322204111986571284e-06
1.670000000000170530e+03,5.373247142428388374e-06
1.670100000000170439e+03,5.418090252111002457e-06
1.670200000000170576e+03,5.463079227735062367e-06
1.670300000000170712e+03,5.508214428808195934e-06
1.670400000000170621e+03,5.553496215582808424e-06
1.670500000000170530e+03,5.598924949057747805e-06
1.670600000000170667e+03,5.644500990979117052e-06
1.670700000000170803e+03,5.690224703841934333e-06
1.670800000000170712e+03,5.736102433054879110e-06
1.670900000000170621e+03,5.782155336723814288e-06
1.671000000000170758e+03,5.828357531607723445e-06
1.671100000000170894e+03,5.866706754585155585e-06
1.671200000000170803e+03,5.905176709660954124e-06
1.671300000000170712e+03,5.943767691589311699e-06
1.671400000000170849e+03,5.982479995734583673e-06
1.671500000000170985e+03,6.021313918072186836e-06
1.671600000000170894e+03,6.060269755189751369e-06
1.671700000000170803e+03,6.099347804288456614e-06
1.671800000000170940e+03,6.138548363183928934e-06
1.671900000000171076e+03,6.177871730307380116e-06
1.672000000000170985e+03,6.217318204689892380e-06
1.672100000000170894e+03,6.247114616883849608e-06
1.672200000000171030e+03,6.276998382103280056e-06
1.672300000000171167e+03,6.306991630325848759e-06
1.672400000000171076e+03,6.337073144259235972e-06
1.672500000000170985e+03,6.367271814383691143e-06
1.672600000000171121e+03,6.397561598650641781e-06
1.672700000000171258e+03,6.427930728657489401e-06
1.672800000000171167e+03,6.458375745076805846e-06
1.672900000000171076e+03,6.488909874375255780e-06
1.673000000000171212e+03,6.519533326948277083e-06
1.673100000000171349e+03,6.538925597531368098e-06
1.673200000000171258e+03,6.558365560425656261e-06
1.673300000000171167e+03,6.577853317797119954e-06
1.673400000000171303e+03,6.597354050404987316e-06
1.673500000000171440e+03,6.616900090100421924e-06
1.673600000000171349e+03,6.636494004278688838e-06
1.673700000000171258e+03,6.656135895019442770e-06
1.673800000000171394e+03,6.675825864595218002e-06
1.673900000000171531e+03,6.695564015471415673e-06
1.674000000000171440e+03,6.715284245232319349e-06
1.674100000000171349e+03,6.722655116182800985e-06
1.674200000000171485e+03,6.730022692791873830e-06
1.674300000000171622e+03,6.737393388307791671e-06
1.674400000000171531e+03,6.744767190661956230e-06
1.674500000000171440e+03,6.752144087739787200e-06
1.674600000000171576e+03,6.759524067380918754e-06
1.674700000000171713e+03,6.766907117378694713e-06
1.674800000000171622e+03,6.774293225480370992e-06
1.674900000000171531e+03,6.781682379386889435e-06
1.675000000000171667e+03,6.789074566730313710e-06
1.675100000000171804e+03,6.783338525292104197e-06
1.675200000000171713e+03,6.777558269207921439e-06
1.675300000000171622e+03,6.771733667594829890e-06
1.675400000000171758e+03,6.765864589280324780e-06
1.675500000000171894e+03,6.759950902801610443e-06
1.675600000000171804e+03,6.753992476405096331e-06
1.675700000000171713e+03,6.747989178045927760e-06
1.675800000000171849e+03,6.741940875387317597e-06
1.675900000000171985e+03,6.735847435800118513e-06
1.676000000000171894e+03,6.729708726339372874e-06
1.676100000000171804e+03,6.710191616134158810e-06
1.676200000000171940e+03,6.690582015595214741e-06
1.676300000000172076e+03,6.670879676122587179e-06
1.676400000000171985e+03,6.651084348593060408e-06
1.676500000000171894e+03,6.631195783358964711e-06
1.676600000000172031e+03,6.611213730247436908e-06
1.676700000000172167e+03,6.591137938559779156e-06
1.676800000000172076e+03,6.570977451667715125e-06
1.676900000000171985e+03,6.550738448827731126e-06
1.677000000000172122e+03,6.530404799049318833e-06
1.677100000000172258e+03,6.497322483431636088e-06
1.677200000000172167e+03,6.464098977420782749e-06
1.677300000000172076e+03,6.430751485128999302e-06
1.677400000000172213e+03,6.397266924759666172e-06
1.677500000000172349e+03,6.363639817674581549e-06
1.677600000000172258e+03,6.329869787987501440e-06
1.677700000000172167e+03,6.295951774524472765e-06
1.677800000000172304e+03,6.261872737120613068e-06
1.677900000000172440e+03,6.227649886313907241e-06
1.678000000000172349e+03,6.193282844545320322e-06
1.678100000000172258e+03,6.147161891595565938e-06
1.678200000000172395e+03,6.100856934178776633e-06
1.678300000000172531e+03,6.054367502400968523e-06
1.678400000000172440e+03,6.007693125408211050e-06
1.678500000000172349e+03,5.960833331384658473e-06
1.678600000000172486e+03,5.913787647551380125e-06
1.678700000000172622e+03,5.866575196954261492e-06
1.678800000000172531e+03,5.819178425158408816e-06
1.678900000000172440e+03,5.771593976263132583e-06
1.679000000000172577e+03,5.723821371399328457e-06
1.679100000000172713e+03,5.666419839924638256e-06
1.679200000000172622e+03,5.608794574540036438e-06
1.679300000000172531e+03,5.550945004610836818e-06
1.679400000000172668e+03,5.492870558330669477e-06
1.679500000000172804e+03,5.434587463874821951e-06
1.679600000000172713e+03,5.376088005330339967e-06
1.679700000000172622e+03,5.317361367781417803e-06
1.679800000000172759e+03,5.258406971241334409e-06
1.679900000000172895e+03,5.199224234529493581e-06
1.680000000000172804e+03,5.139812575257137909e-06
1.680100000000172713e+03,5.073372373835050864e-06
1.680200000000172849e+03,5.006679090616945788e-06
1.680300000000172986e+03,4.939732086256654410e-06
1.680400000000172895e+03,4.872530720104352752e-06
1.680500000000172804e+03,4.805074350204183516e-06
1.680600000000172940e+03,4.737362333292057175e-06
1.680700000000173077e+03,4.669394024793875757e-06
1.680800000000172986e+03,4.601168778822983268e-06
1.680900000000172895e+03,4.532690656454622715e-06
1.681000000000173031e+03,4.463974948813410105e-06
1.681100000000173168e+03,4.391548691050669434e-06
1.681200000000173077e+03,4.318850617925267629e-06
1.681300000000172986e+03,4.245880046363746561e-06
1.681400000000173122e+03,4.172626096647408757e-06
1.681500000000173259e+03,4.099094222585489359e-06
1.681600000000173168e+03,4.025288312894803255e-06
1.681700000000173077e+03,3.951207681835352979e-06
1.681800000000173213e+03,3.876836499495287518e-06
1.681900000000173350e+03,3.802196375704798195e-06
1.682000000000173259e+03,3.727279790754231211e-06
1.682100000000173168e+03,3.689795859275740279e-06
1.682200000000173304e+03,3.652166373216733117e-06
1.682300000000173441e+03,3.614390962585218984e-06
1.682400000000173350e+03,3.576457217038930165e-06
1.682500000000173259e+03,3.538375414452717343e-06
1.682600000000173395e+03,3.500146865222979963e-06
1.682700000000173532e+03,3.461771198045528404e-06
1.682800000000173441e+03,3.423248040859583317e-06
1.682900000000173350e+03,3.384577020846244180e-06
1.683000000000173486e+03,3.345765643044206437e-06
1.683100000000173623e+03,3.410728824966317386e-06
1.683200000000173532e+03,3.475909641400594673e-06
1.683300000000173441e+03,3.541308616020142655e-06
1.683400000000173577e+03,3.606926273533717629e-06
1.683500000000173713e+03,3.672763139687473141e-06
1.683600000000173623e+03,3.738819741266598569e-06
1.683700000000173532e+03,3.805084942579239256e-06
1.683800000000173668e+03,3.871568767950240748e-06
1.683900000000173804e+03,3.938273445016265755e-06
1.684000000000173713e+03,4.005199502397388357e-06
1.684100000000173623e+03,4.074129660388390128e-06
1.684200000000173759e+03,4.143290357523063449e-06
1.684300000000173895e+03,4.212682150933991220e-06
1.684400000000173804e+03,4.282305598864619722e-06
1.684500000000173713e+03,4.352161260671294886e-06
1.684600000000173850e+03,4.422249696824890288e-06
1.684700000000173986e+03,4.492571468912448698e-06
1.684800000000173895e+03,4.563127139639292892e-06
1.684900000000173804e+03,4.633917272831271976e-06
1.685000000000173941e+03,4.704942433436701098e-06
1.685100000000174077e+03,4.776317275149588982e-06
1.685200000000173986e+03,4.847927885824365530e-06
1.685300000000173895e+03,4.919774830433985231e-06
1.685400000000174032e+03,4.991858675068196877e-06
1.685500000000174168e+03,5.064179986935418053e-06
1.685600000000174077e+03,5.136739334364787494e-06
1.685700000000173986e+03,5.209537286808282668e-06
1.685800000000174123e+03,5.282574414842694211e-06
1.685900000000174259e+03,5.355851290170543261e-06
1.686000000000174168e+03,5.429368485619919679e-06
1.686100000000174077e+03,5.501459117633330350e-06
1.686200000000174214e+03,5.573789418337573384e-06
1.686300000000174350e+03,5.646357550838604351e-06
1.686400000000174259e+03,5.719164087173527488e-06
1.686500000000174168e+03,5.792214279294704806e-06
1.686600000000174305e+03,5.865513976301070961e-06
1.686700000000174441e+03,5.939054166665981764e-06
1.686800000000174350e+03,6.012835428830334149e-06
1.686900000000174259e+03,6.086858342389039677e-06
1.687000000000174396e+03,6.161123488085967752e-06
1.687100000000174532e+03,6.231817524534098139e-06
1.687200000000174441e+03,6.302742131258258086e-06
1.687300000000174350e+03,6.373897862897353639e-06
1.687400000000174487e+03,6.445285275199181483e-06
1.687500000000174623e+03,6.516904925022367805e-06
1.687600000000174532e+03,6.588757370338419806e-06
1.687700000000174441e+03,6.660843170233907657e-06
1.687800000000174578e+03,6.733162884912194988e-06
1.687900000000174714e+03,6.805717075695008442e-06
1.688000000000174623e+03,6.878506305013902120e-06
1.688100000000174532e+03,6.945423008471521276e-06
1.688200000000174668e+03,7.012559819324578401e-06
1.688300000000174805e+03,7.079931155281207537e-06
1.688400000000174714e+03,7.147518561258045685e-06
1.688500000000174623e+03,7.215322554203897400e-06
1.688600000000174759e+03,7.283343652099477834e-06
1.688700000000174896e+03,7.351565293863336892e-06
1.688800000000174805e+03,7.419995868601858357e-06
1.688900000000174714e+03,7.488644623577992786e-06
1.689000000000174850e+03,7.557512078569031694e-06
1.689100000000174987e+03,7.618241337137534106e-06
1.689200000000174896e+03,7.679162164921369052e-06
1.689300000000174805e+03,7.740275639817831982e-06
1.689400000000174941e+03,7.801625553777357527e-06
1.689500000000175078e+03,7.863169118691579052e-06
1.689600000000174987e+03,7.924906798331719722e-06
1.689700000000174896e+03,7.986839057402487222e-06
1.689800000000175032e+03,8.048966361543852523e-06
1.689900000000175169e+03,8.111289177332076488e-06
1.690000000000175078e+03,8.173807972262904736e-06
1.690100000000174987e+03,8.225649725146927529e-06
1.690200000000175123e+03,8.277649092970531990e-06
1.690300000000175260e+03,8.329806446619577649e-06
1.690400000000175169e+03,8.382122157717867604e-06
1.690500000000175078e+03,8.434596598628129395e-06
1.690600000000175214e+03,8.487230142453654856e-06
1.690700000000175351e+03,8.540023163038686359e-06
1.690800000000175260e+03,8.592976034970549649e-06
1.690900000000175169e+03,8.646089133580702466e-06
1.691000000000175305e+03,8.699362834923533313e-06
1.691100000000175442e+03,8.739934469241904513e-06
1.691200000000175351e+03,8.780622499097188381e-06
1.691300000000175260e+03,8.821427193540816781e-06
1.691400000000175396e+03,8.862348822157994633e-06
1.691500000000175532e+03,8.903387655069217802e-06
1.691600000000175442e+03,8.944543962930410312e-06
1.691700000000175351e+03,8.985818016934660763e-06
1.691800000000175487e+03,9.027210088812933844e-06
1.691900000000175623e+03,9.068658249676466503e-06
1.692000000000175532e+03,9.110202673795670026e-06
1.692100000000175442e+03,9.136838143611711422e-06
1.692200000000175578e+03,9.163537835151552556e-06
1.692300000000175714e+03,9.190297264113535603e-06
1.692400000000175623e+03,9.217093287120997091e-06
1.692500000000175532e+03,9.243953744866429846e-06
1.692600000000175669e+03,9.270878772106162143e-06
1.692700000000175805e+03,9.297868503846032752e-06
1.692800000000175714e+03,9.324942080679685959e-06
1.692900000000175623e+03,9.352094668058024649e-06
1.693000000000175760e+03,9.379312560750762529e-06
1.693100000000175896e+03,9.390263123111906464e-06
1.693200000000175805e+03,9.401220591239754931e-06
1.693300000000175714e+03,9.412184954899334389e-06
1.693400000000175851e+03,9.423156203805396506e-06
1.693500000000175987e+03,9.434133708102210517e-06
1.693600000000175896e+03,9.445095166670061546e-06
1.693700000000175805e+03,9.456063422113107338e-06
1.693800000000175942e+03,9.467038463882887459e-06
1.693900000000176078e+03,9.478020281379989057e-06
1.694000000000175987e+03,9.489008863922872655e-06
1.694100000000175896e+03,9.482491154922351271e-06
1.694200000000176033e+03,9.475917236607537384e-06
1.694300000000176169e+03,9.469286939824824874e-06
1.694400000000176078e+03,9.462600095041458732e-06
1.694500000000175987e+03,9.455856532344584692e-06
1.694600000000176124e+03,9.449056081440500451e-06
1.694700000000176260e+03,9.442198571654367677e-06
1.694800000000176169e+03,9.435283831928987204e-06
1.694900000000176078e+03,9.428311690824544918e-06
1.695000000000176215e+03,9.421281976486668453e-06
1.695100000000176351e+03,9.396610673623550952e-06
1.695200000000176260e+03,9.371817146657849770e-06
1.695300000000176169e+03,9.346901057672799278e-06
1.695400000000176306e+03,9.321862068016407556e-06
1.695500000000176442e+03,9.296699838299509911e-06
1.695600000000176351e+03,9.271414028395492742e-06
1.695700000000176260e+03,9.246004297437545767e-06
1.695800000000176396e+03,9.220470303818236810e-06
1.695900000000176533e+03,9.194811705188036274e-06
1.696000000000176442e+03,9.169028158423546626e-06
1.696100000000176351e+03,9.125951651027957602e-06
1.696200000000176487e+03,9.082687878567590587e-06
1.696300000000176624e+03,9.039236340892426184e-06
1.696400000000176533e+03,8.995596536783358977e-06
1.696500000000176442e+03,8.951767963950369627e-06
1.696600000000176578e+03,8.907750119030178595e-06
1.696700000000176715e+03,8.863542497584840068e-06
1.696800000000176624e+03,8.819144594099893731e-06
1.696900000000176533e+03,8.774555901981528899e-06
1.697000000000176669e+03,8.729775913528142850e-06
1.697100000000176806e+03,8.669237957863948498e-06
1.697200000000176715e+03,8.608420475113124932e-06
1.697300000000176624e+03,8.547349928149341385e-06
1.697400000000176760e+03,8.486028945452446048e-06
1.697500000000176897e+03,8.424456868446394205e-06
1.697600000000176806e+03,8.362633037157238616e-06
1.697700000000176715e+03,8.300556790210515584e-06
1.697800000000176851e+03,8.238227464828803796e-06
1.697900000000176988e+03,8.175644396829884577e-06
1.698000000000176897e+03,8.112806920599933288e-06
1.698100000000176806e+03,8.036540016753862230e-06
1.698200000000176942e+03,7.959970590344828234e-06
1.698300000000177079e+03,7.883075502077201369e-06
1.698400000000176988e+03,7.805871292531730576e-06
1.698500000000176897e+03,7.728362743752507078e-06
1.698600000000177033e+03,7.650549068232154334e-06
1.698700000000177170e+03,7.572429476811854296e-06
1.698800000000177079e+03,7.494003178678848671e-06
1.698900000000176988e+03,7.415269381362425669e-06
1.699000000000177124e+03,7.336238758083375512e-06
1.699100000000177261e+03,7.247174516626741840e-06
1.699200000000177170e+03,7.157764279873985552e-06
1.699300000000177079e+03,7.068007154269095841e-06
1.699400000000177215e+03,6.977902244379314717e-06
1.699500000000177351e+03,6.887448652892155447e-06
1.699600000000177261e+03,6.796648081723757992e-06
1.699700000000177170e+03,6.705518115386591943e-06
1.699800000000177306e+03,6.614036119008872625e-06
1.699900000000177442e+03,6.522201183884664663e-06
1.700000000000177351e+03,6.430012399387648054e-06
1.700100000000177261e+03,6.332003912159921837e-06
1.700200000000177397e+03,6.233621080596632369e-06
1.700300000000177533e+03,6.134862944136894669e-06
1.700400000000177442e+03,6.035728540210795432e-06
1.700500000000177351e+03,5.936225075316921216e-06
1.700600000000177488e+03,5.836396222451327732e-06
1.700700000000177624e+03,5.736186109533145972e-06
1.700800000000177533e+03,5.635593753563814335e-06
1.700900000000177442e+03,5.534618169473340294e-06
1.701000000000177579e+03,5.433258370136160234e-06
1.701100000000177715e+03,5.342521221192823550e-06
1.701200000000177624e+03,5.251437435856392428e-06
1.701300000000177533e+03,5.160006120315270647e-06
1.701400000000177670e+03,5.068226378874317359e-06
1.701500000000177806e+03,4.976082343895268611e-06
1.701600000000177715e+03,4.883586039763266466e-06
1.701700000000177624e+03,4.790739268041501512e-06
1.701800000000177761e+03,4.697541129315119902e-06
1.701900000000177897e+03,4.603990722282640813e-06
1.702000000000177806e+03,4.510087144075726629e-06
1.702100000000177715e+03,4.598026839417334312e-06
1.702200000000177852e+03,4.686266680280909763e-06
1.702300000000177988e+03,4.774807408196974322e-06
1.702400000000177897e+03,4.863662177540652692e-06
1.702500000000177806e+03,4.952824685918025224e-06
1.702600000000177943e+03,5.042290951632449734e-06
1.702700000000178079e+03,5.132053568499190059e-06
1.702800000000177988e+03,5.222106353490007725e-06
1.702900000000177897e+03,5.312448454885312865e-06
1.703000000000178034e+03,5.403095975161211863e-06
1.703100000000178170e+03,5.496831358710879254e-06
1.703200000000178079e+03,5.590883415585371546e-06
1.703300000000177988e+03,5.685252922835535873e-06
1.703400000000178125e+03,5.779940659096817270e-06
1.703500000000178261e+03,5.874947404591660006e-06
1.703600000000178170e+03,5.970273941132556904e-06
1.703700000000178079e+03,6.065920485201867754e-06
1.703800000000178215e+03,6.161867270670133818e-06
1.703900000000178352e+03,6.258142241949784479e-06
1.704000000000178261e+03,6.354739671906658061e-06
1.704100000000178170e+03,6.452355683386356833e-06
1.704200000000178306e+03,6.550310937301822363e-06
1.704300000000178443e+03,6.648617514534957179e-06
1.704400000000178352e+03,6.747251575702010703e-06
1.704500000000178261e+03,6.846213917198740366e-06
1.704600000000178397e+03,6.945505337031593502e-06
1.704700000000178534e+03,7.045104215921359497e-06
1.704800000000178443e+03,7.145030526693649864e-06
1.704900000000178352e+03,7.245287604509558331e-06
1.705000000000178488e+03,7.345876250205033934e-06
1.705100000000178625e+03,7.445230476703260438e-06
1.705200000000178534e+03,7.544912025624796345e-06
1.705300000000178443e+03,7.644921687344693136e-06
1.705400000000178579e+03,7.745260253826369482e-06
1.705500000000178716e+03,7.845928518623932122e-06
1.705600000000178625e+03,7.946948930439613835e-06
1.705700000000178534e+03,8.048307820172849437e-06
1.705800000000178670e+03,8.149999523877240649e-06
1.705900000000178807e+03,8.252024845153061564e-06
1.706000000000178716e+03,8.354378565594736632e-06
1.706100000000178625e+03,8.452674904656278586e-06
1.706200000000178761e+03,8.551288986356042932e-06
1.706300000000178898e+03,8.650221567669488684e-06
1.706400000000178807e+03,8.749445132650300502e-06
1.706500000000178716e+03,8.848947951913584408e-06
1.706600000000178852e+03,8.948769989519282932e-06
1.706700000000178989e+03,9.048912000675046505e-06
1.706800000000178898e+03,9.149374742074644864e-06
1.706900000000178807e+03,9.250161397268247301e-06
1.707000000000178943e+03,9.351315141095691342e-06
1.707100000000179080e+03,9.445665838113972518e-06
1.707200000000178989e+03,9.540316946983927248e-06
1.707300000000178898e+03,9.635269179029335292e-06
1.707400000000179034e+03,9.730505646316760457e-06
1.707500000000179170e+03,9.826027182287469592e-06
1.707600000000179080e+03,9.921861972329469923e-06
1.707700000000178989e+03,1.001801461957365501e-05
1.707800000000179125e+03,1.011447176067070985e-05
1.707900000000179261e+03,1.021118448749766056e-05
1.708000000000179170e+03,1.030819291809074156e-05
1.708100000000179080e+03,1.039509116255529927e-05
1.708200000000179216e+03,1.048225705339808384e-05
1.708300000000179352e+03,1.056969120924056199e-05
1.708400000000179261e+03,1.065739424989771052e-05
1.708500000000179170e+03,1.074536679638048456e-05
1.708600000000179307e+03,1.083360947089705762e-05
1.708700000000179443e+03,1.092212289685466307e-05
1.708800000000179352e+03,1.101090769886224024e-05
1.708900000000179261e+03,1.109996450273212341e-05
1.709000000000179398e+03,1.118929393545840352e-05
1.709100000000179534e+03,1.126557238890762500e-05
1.709200000000179443e+03,1.134207886699878186e-05
1.709300000000179352e+03,1.141881389048438091e-05
1.709400000000179489e+03,1.149577798111462873e-05
1.709500000000179625e+03,1.157297166163964413e-05
1.709600000000179534e+03,1.165039545581097434e-05
1.709700000000179443e+03,1.172804988838352964e-05
1.709800000000179580e+03,1.180593548511760268e-05
1.709900000000179716e+03,1.188405277277916830e-05
1.710000000000179625e+03,1.196240227911292424e-05
1.710100000000179534e+03,1.202441516850684968e-05
1.710200000000179671e+03,1.208664048763347100e-05
1.710300000000179807e+03,1.214904122753924045e-05
1.710400000000179716e+03,1.221161777633124092e-05
1.710500000000179625e+03,1.227437052284296059e-05
1.710600000000179762e+03,1.233729985663448435e-05
1.710700000000179898e+03,1.240040616799440983e-05
1.710800000000179807e+03,1.246368984794032506e-05
1.710900000000179716e+03,1.252715128822110567e-05
1.711000000000179853e+03,1.259079088128292178e-05
1.711100000000179989e+03,1.263559192487196337e-05
1.711200000000179898e+03,1.268050661155718793e-05
1.711300000000179807e+03,1.272553553976899731e-05
1.711400000000179944e+03,1.277067895039821523e-05
1.711500000000180080e+03,1.281595658368533895e-05
1.711600000000179989e+03,1.286137554315994366e-05
1.711700000000179898e+03,1.290691003883784034e-05
1.711800000000180034e+03,1.295256031464823105e-05
1.711900000000180171e+03,1.299832661496476280e-05
1.712000000000180080e+03,1.304416911235881518e-05
1.712100000000179989e+03,1.306856637408065861e-05
1.712200000000180125e+03,1.309300609496195935e-05
1.712300000000180262e+03,1.311748834315710084e-05
1.712400000000180171e+03,1.314199923588037936e-05
1.712500000000180080e+03,1.316651982331150873e-05
1.712600000000180216e+03,1.319108296417468047e-05
1.712700000000180353e+03,1.321568872654614262e-05
1.712800000000180262e+03,1.324033717860090219e-05
1.712900000000180171e+03,1.326506304468159941e-05
1.713000000000180307e+03,1.328984448953759416e-05
1.713100000000180444e+03,1.329181208477561595e-05
1.713200000000180353e+03,1.329374507894826241e-05
1.713300000000180262e+03,1.329563536259691129e-05
1.713400000000180398e+03,1.329745143149324915e-05
1.713500000000180535e+03,1.329923253778161855e-05
1.713600000000180444e+03,1.330097856644803360e-05
1.713700000000180353e+03,1.330268940222617899e-05
1.713800000000180489e+03,1.330438711473483972e-05
1.713900000000180626e+03,1.330607909618940244e-05
1.714000000000180535e+03,1.330773555528269808e-05
1.714100000000180444e+03,1.328539997302466698e-05
1.714200000000180580e+03,1.326294673160858460e-05
1.714300000000180717e+03,1.324033207428570780e-05
1.714400000000180626e+03,1.321760117784893604e-05
1.714500000000180535e+03,1.319475374002768249e-05
1.714600000000180671e+03,1.317178515259355174e-05
1.714700000000180808e+03,1.314867068398394953e-05
1.714800000000180717e+03,1.312543888081788670e-05
1.714900000000180626e+03,1.310208943929501290e-05
1.715000000000180762e+03,1.307862205496997912e-05
1.715100000000180898e+03,1.303154422796944202e-05
1.715200000000180808e+03,1.298431064234266950e-05
1.715300000000180717e+03,1.293688250962664487e-05
1.715400000000180853e+03,1.288925516220011510e-05
1.715500000000180989e+03,1.284142810377931221e-05
1.715600000000180898e+03,1.279340083710721039e-05
1.715700000000180808e+03,1.274517286395414438e-05
1.715800000000180944e+03,1.269674368511453483e-05
1.715900000000181080e+03,1.264811280040608192e-05
1.716000000000180989e+03,1.259927970862809980e-05
1.716100000000180898e+03,1.252792625962488713e-05
1.716200000000181035e+03,1.245630573145481032e-05
1.716300000000181171e+03,1.238440760813189577e-05
1.716400000000181080e+03,1.231223121600620556e-05
1.716500000000180989e+03,1.223977588013015918e-05
1.716600000000181126e+03,1.216704092425676485e-05
1.716700000000181262e+03,1.209402567083835923e-05
1.716800000000181171e+03,1.202072944102392733e-05
1.716900000000181080e+03,1.194715155465659025e-05
1.717000000000181217e+03,1.187329133023630355e-05
1.717100000000181353e+03,1.177946044672178846e-05
1.717200000000181262e+03,1.168528015796560705e-05
1.717300000000181171e+03,1.159074962678586962e-05
1.717400000000181308e+03,1.149586801440031765e-05
1.717500000000181444e+03,1.140063448042453152e-05
1.717600000000181353e+03,1.130504818286908952e-05
1.717700000000181262e+03,1.120910827813622717e-05
1.717800000000181399e+03,1.111281392101808048e-05
1.717900000000181535e+03,1.101616426469405842e-05
1.718000000000181444e+03,1.091915846069948582e-05
1.718100000000181353e+03,1.080587524597935309e-05
1.718200000000181490e+03,1.069215574996207123e-05
1.718300000000181626e+03,1.057802540749366238e-05
1.718400000000181535e+03,1.046351952036035867e-05
1.718500000000181444e+03,1.034860214907958253e-05
1.718600000000181581e+03,1.023327071826525748e-05
1.718700000000181717e+03,1.011752424826060492e-05
1.718800000000181626e+03,1.000136175755202127e-05
1.718900000000181535e+03,9.884771805715442038e-06
1.719000000000181672e+03,9.767671410063808620e-06
1.719100000000181808e+03,9.639190695161517104e-06
1.719200000000181717e+03,9.510257684196634937e-06
1.719300000000181626e+03,9.380871324403563762e-06
1.719400000000181763e+03,9.251030561056596444e-06
1.719500000000181899e+03,9.120734337466720364e-06
1.719600000000181808e+03,8.989981594979093267e-06
1.719700000000181717e+03,8.858762938417731047e-06
1.719800000000181853e+03,8.727062964382788338e-06
1.719900000000181990e+03,8.594904226794041242e-06
1.720000000000181899e+03,8.462285664024773115e-06
1.720100000000181808e+03,8.324289675867564174e-06
1.720200000000181944e+03,8.185815104755075016e-06
1.720300000000182081e+03,8.046860843730025014e-06
1.720400000000181990e+03,7.907425783782181481e-06
1.720500000000181899e+03,7.767508813844954598e-06
1.720600000000182035e+03,7.627108820792426021e-06
1.720700000000182172e+03,7.486224689437049187e-06
1.720800000000182081e+03,7.344855302525706378e-06
1.720900000000181990e+03,7.202999540735898761e-06
1.721000000000182126e+03,7.060656282866497369e-06
1.721100000000182263e+03,7.024003523879817542e-06
1.721200000000182172e+03,6.987209835835927486e-06
1.721300000000182081e+03,6.950267886254409680e-06
1.721400000000182217e+03,6.913151450995767704e-06
1.721500000000182354e+03,6.875893505719776562e-06
1.721600000000182263e+03,6.838493715486964332e-06
1.721700000000182172e+03,6.800980197836976796e-06
1.721800000000182308e+03,6.763329593459570635e-06
1.721900000000182445e+03,6.725535756850841976e-06
1.722000000000182354e+03,6.687598348647481804e-06
1.722100000000182263e+03,6.809157796262063278e-06
1.722200000000182399e+03,6.931096897334337119e-06
1.722300000000182536e+03,7.053416498635686806e-06
1.722400000000182445e+03,7.176117448477736296e-06
1.722500000000182354e+03,7.299200596715416281e-06
1.722600000000182490e+03,7.422666794748588796e-06
1.722700000000182627e+03,7.546516895523952201e-06
1.722800000000182536e+03,7.670751753538030353e-06
1.722900000000182445e+03,7.795363569384116127e-06
1.723000000000182581e+03,7.920357701305706251e-06
1.723100000000182717e+03,8.048807890213169767e-06
1.723200000000182627e+03,8.177663809927750925e-06
1.723300000000182536e+03,8.306922780040781334e-06
1.723400000000182672e+03,8.436585707129798237e-06
1.723500000000182808e+03,8.566653499442628559e-06
1.723600000000182717e+03,8.697127066900067218e-06
1.723700000000182627e+03,8.828007321099441449e-06
1.723800000000182763e+03,8.959300990718905999e-06
1.723900000000182899e+03,9.091029885926715624e-06
1.724000000000182808e+03,9.223169156645923163e-06
1.724100000000182717e+03,9.355900304778178391e-06
1.724200000000182854e+03,9.489043610770309258e-06
1.724300000000182990e+03,9.622599998874676065e-06
1.724400000000182899e+03,9.756570395043869713e-06
1.724500000000182808e+03,9.890955726933945677e-06
1.724600000000182945e+03,1.002575692390620616e-05
1.724700000000183081e+03,1.016097300943957667e-05
1.724800000000182990e+03,1.029657196093455152e-05
1.724900000000182899e+03,1.043258860412849365e-05
1.725000000000183036e+03,1.056902387071027728e-05
1.725100000000183172e+03,1.070303806985388521e-05
1.725200000000183081e+03,1.083748508932801818e-05
1.725300000000182990e+03,1.097235650417726785e-05
1.725400000000183127e+03,1.110764467745503916e-05
1.725500000000183263e+03,1.124335054695660742e-05
1.725600000000183172e+03,1.137947505221567469e-05
1.725700000000183081e+03,1.151605708672815793e-05
1.725800000000183218e+03,1.165306373557707479e-05
1.725900000000183354e+03,1.179049283342781746e-05
1.726000000000183263e+03,1.192834533137979264e-05
1.726100000000183172e+03,1.206009420538000608e-05
1.726200000000183309e+03,1.219224573814384952e-05
1.726300000000183445e+03,1.232480083123716444e-05
1.726400000000183354e+03,1.245776038789161478e-05
1.726500000000183263e+03,1.259112531300704674e-05
1.726600000000183400e+03,1.272489651315411455e-05
1.726700000000183536e+03,1.285907489657639304e-05
1.726800000000183445e+03,1.299361305977909713e-05
1.726900000000183354e+03,1.312855654071049999e-05
1.727000000000183491e+03,1.326390887144269908e-05
1.727100000000183627e+03,1.338949044606061680e-05
1.727200000000183536e+03,1.351545137152042839e-05
1.727300000000183445e+03,1.364179249596748439e-05
1.727400000000183582e+03,1.376851466911847294e-05
1.727500000000183718e+03,1.389561874226199238e-05
1.727600000000183627e+03,1.402310556826264408e-05
1.727700000000183536e+03,1.415097600156386326e-05
1.727800000000183672e+03,1.427923089818934032e-05
1.727900000000183809e+03,1.440787111574567877e-05
1.728000000000183718e+03,1.453689751339865804e-05
1.728100000000183627e+03,1.465202846288328657e-05
1.728200000000183763e+03,1.476750011745953651e-05
1.728300000000183900e+03,1.488331323300366883e-05
1.728400000000183809e+03,1.499943988054912526e-05
1.728500000000183718e+03,1.511588397384112719e-05
1.728600000000183854e+03,1.523264400079386385e-05
1.728700000000183991e+03,1.534971416957799984e-05
1.728800000000183900e+03,1.546712782243791945e-05
1.728900000000183809e+03,1.558497786847169448e-05
1.729000000000183945e+03,1.570322835660269592e-05
1.729100000000184082e+03,1.580356109905209613e-05
1.729200000000183991e+03,1.590418226454168790e-05
1.729300000000183900e+03,1.600509248673245177e-05
1.729400000000184036e+03,1.610629240045062134e-05
1.729500000000184173e+03,1.620778264168973987e-05
1.729600000000184082e+03,1.630956384761157168e-05
1.729700000000183991e+03,1.641163608597697379e-05
1.729800000000184127e+03,1.651390563404663624e-05
1.729900000000184264e+03,1.661646687277906550e-05
1.730000000000184173e+03,1.671932043880058926e-05
1.730100000000184082e+03,1.680048292420179609e-05
1.730200000000184218e+03,1.688185008673974996e-05
1.730300000000184355e+03,1.696339509087930390e-05
1.730400000000184264e+03,1.704516184186009403e-05
1.730500000000184173e+03,1.712715081480048148e-05
1.730600000000184309e+03,1.720936248567966019e-05
1.730700000000184446e+03,1.729179733133784326e-05
1.730800000000184355e+03,1.737445582947908185e-05
1.730900000000184264e+03,1.745733845867199368e-05
1.731000000000184400e+03,1.754044569830420615e-05
1.731100000000184536e+03,1.759822763785279500e-05
1.731200000000184446e+03,1.765620399389016812e-05
1.731300000000184355e+03,1.771432157883258689e-05
1.731400000000184491e+03,1.777258068024047615e-05
1.731500000000184627e+03,1.783098158618121672e-05
1.731600000000184536e+03,1.788952458522885742e-05
1.731700000000184446e+03,1.794820996646652743e-05
1.731800000000184582e+03,1.800703801948568073e-05
1.731900000000184718e+03,1.806600903438756656e-05
1.732000000000184627e+03,1.812512330173159087e-05
1.732100000000184536e+03,1.815602180966243071e-05
1.732200000000184673e+03,1.818696928809495586e-05
1.732300000000184809e+03,1.821796580851480328e-05
1.732400000000184718e+03,1.824901144250299262e-05
1.732500000000184627e+03,1.828010626173527569e-05
1.732600000000184764e+03,1.831125033798288186e-05
1.732700000000184900e+03,1.834244374311191496e-05
1.732800000000184809e+03,1.837368654908425115e-05
1.732900000000184718e+03,1.840497882795689516e-05
1.733000000000184855e+03,1.843632065182667244e-05
1.733100000000184991e+03,1.843732419914351011e-05
1.733200000000184900e+03,1.843827513112939850e-05
1.733300000000184809e+03,1.843917328042379690e-05
1.733400000000184946e+03,1.844001847930309577e-05
1.733500000000185082e+03,1.844081055967945805e-05
1.733600000000184991e+03,1.844154935310080893e-05
1.733700000000184900e+03,1.844223469074976525e-05
1.733800000000185037e+03,1.844286640344338813e-05
1.733900000000185173e+03,1.844339414186016039e-05
1.734000000000185082e+03,1.844385203163251665e-05
1.734100000000184991e+03,1.841275663570817847e-05
1.734200000000185128e+03,1.838150123194234027e-05
1.734300000000185264e+03,1.835009822303684666e-05
1.734400000000185173e+03,1.831858715517325670e-05
1.734500000000185082e+03,1.828691460499922976e-05
1.734600000000185219e+03,1.825508015099748307e-05
1.734700000000185355e+03,1.822308337080314530e-05
1.734800000000185264e+03,1.819092384120106292e-05
1.734900000000185173e+03,1.815860113812546822e-05
1.735000000000185310e+03,1.812611483659997208e-05
1.735100000000185446e+03,1.806234257103082205e-05
1.735200000000185355e+03,1.799830469096487130e-05
1.735300000000185264e+03,1.793405630316644912e-05
1.735400000000185400e+03,1.786953625080151315e-05
1.735500000000185537e+03,1.780474385186959696e-05
1.735600000000185446e+03,1.773966935595061795e-05
1.735700000000185355e+03,1.767419604168893557e-05
1.735800000000185491e+03,1.760841781575602072e-05
1.735900000000185628e+03,1.754236572508133214e-05
1.736000000000185537e+03,1.747603908875663544e-05
1.736100000000185446e+03,1.737996591920424439e-05
1.736200000000185582e+03,1.728351756430034387e-05
1.736300000000185719e+03,1.718669310625134210e-05
1.736400000000185628e+03,1.708949162547119345e-05
1.736500000000185537e+03,1.699191220058050736e-05
1.736600000000185673e+03,1.689397643298123897e-05
1.736700000000185810e+03,1.679569845227715243e-05
1.736800000000185719e+03,1.669703904892882049e-05
1.736900000000185628e+03,1.659799729015420347e-05
1.737000000000185764e+03,1.649857224129950862e-05
1.737100000000185901e+03,1.637247728544697254e-05
1.737200000000185810e+03,1.624591004654077800e-05
1.737300000000185719e+03,1.611889318730386705e-05
1.737400000000185855e+03,1.599147056362107522e-05
1.737500000000185992e+03,1.586357075336192800e-05
1.737600000000185901e+03,1.573519260066645481e-05
1.737700000000185810e+03,1.560633494742337651e-05
1.737800000000185946e+03,1.547699663326671053e-05
1.737900000000186083e+03,1.534717649557351433e-05
1.738000000000185992e+03,1.521691038216378199e-05
1.738100000000185901e+03,1.506484051704404875e-05
1.738200000000186037e+03,1.491221132430601620e-05
1.738300000000186174e+03,1.475902145201038034e-05
1.738400000000186083e+03,1.460526954558022743e-05
1.738500000000185992e+03,1.445095424779414246e-05
1.738600000000186128e+03,1.429607419878434066e-05
1.738700000000186265e+03,1.414062803603147853e-05
1.738800000000186174e+03,1.398461439436045595e-05
1.738900000000186083e+03,1.382800467512899773e-05
1.739000000000186219e+03,1.367080319855452579e-05
1.739100000000186355e+03,1.349795559188111812e-05
1.739200000000186265e+03,1.332448478016955601e-05
1.739300000000186174e+03,1.315036170234391793e-05
1.739400000000186310e+03,1.297557034318344998e-05
1.739500000000186446e+03,1.280015555980505242e-05
1.739600000000186355e+03,1.262411663525477678e-05
1.739700000000186265e+03,1.244745209000350110e-05
1.739800000000186401e+03,1.227017891748936262e-05
1.739900000000186537e+03,1.209230184428833060e-05
1.740000000000186446e+03,1.191379341528208708e-05
1.740100000000186355e+03,1.172732333177934101e-05
1.740200000000186492e+03,1.154019505088923605e-05
1.740300000000186628e+03,1.135240701519890247e-05
1.740400000000186537e+03,1.116395766431290151e-05
1.740500000000186446e+03,1.097484543484621535e-05
1.740600000000186583e+03,1.078506876042124182e-05
1.740700000000186719e+03,1.059462607166303408e-05
1.740800000000186628e+03,1.040351579619426248e-05
1.740900000000186537e+03,1.021173635862893463e-05
1.741000000000186674e+03,1.001928618076161073e-05
1.741100000000186810e+03,9.929798160322512334e-06
1.741200000000186719e+03,9.839956472128926344e-06
1.741300000000186628e+03,9.749776823828051482e-06
1.741400000000186765e+03,9.659268234749927994e-06
1.741500000000186901e+03,9.568429921682727358e-06
1.741600000000186810e+03,9.477261099915184695e-06
1.741700000000186719e+03,9.385760983233530812e-06
1.741800000000186856e+03,9.293928783919874374e-06
1.741900000000186992e+03,9.201763712749662496e-06
1.742000000000186901e+03,9.109264979468894026e-06
1.742100000000186810e+03,9.273479111815190813e-06
1.742200000000186947e+03,9.438210967454887379e-06
1.742300000000187083e+03,9.603461719547128422e-06
1.742400000000186992e+03,9.769232543438038420e-06
1.742500000000186901e+03,9.935524616665314238e-06
1.742600000000187038e+03,1.010233911896108811e-05
1.742700000000187174e+03,1.026967723225447210e-05
1.742800000000187083e+03,1.043754014067565609e-05
1.742900000000186992e+03,1.060592903056040211e-05
1.743000000000187129e+03,1.077486317720759645e-05
1.743100000000187265e+03,1.094859669625012498e-05
1.743200000000187174e+03,1.112287313768067834e-05
1.743300000000187083e+03,1.129769372526986158e-05
1.743400000000187219e+03,1.147308126506520334e-05
1.743500000000187356e+03,1.164904038735755955e-05
1.743600000000187265e+03,1.182554874860185918e-05
1.743700000000187174e+03,1.200260758849279283e-05
1.743800000000187310e+03,1.218021814903212156e-05
1.743900000000187447e+03,1.235836667183719469e-05
1.744000000000187356e+03,1.253703908702487186e-05
1.744100000000187265e+03,1.271722831263796253e-05
1.744200000000187401e+03,1.289797598596055106e-05
1.744300000000187538e+03,1.307928336103706231e-05
1.744400000000187447e+03,1.326118856902305424e-05
1.744500000000187356e+03,1.344366800182132973e-05
1.744600000000187492e+03,1.362671223435751866e-05
1.744700000000187629e+03,1.381032253622120790e-05
1.744800000000187538e+03,1.399450017935754396e-05
1.744900000000187447e+03,1.417924643807135979e-05
1.745000000000187583e+03,1.436456258902495550e-05
1.745100000000187720e+03,1.454727532205901669e-05
1.745200000000187629e+03,1.473054770200743808e-05
1.745300000000187538e+03,1.491447340312943285e-05
1.745400000000187674e+03,1.509898430389663954e-05
1.745500000000187811e+03,1.528406141693681476e-05
1.745600000000187720e+03,1.546970601038567261e-05
1.745700000000187629e+03,1.565591935472750051e-05
1.745800000000187765e+03,1.584270272279770882e-05
1.745900000000187902e+03,1.603005738978611388e-05
1.746000000000187811e+03,1.621798463322678718e-05
1.746100000000187720e+03,1.639883946918983145e-05
1.746200000000187856e+03,1.658024272995066529e-05
1.746300000000187993e+03,1.676219563480007031e-05
1.746400000000187902e+03,1.694469940527122928e-05
1.746500000000187811e+03,1.712775526514320911e-05
1.746600000000187947e+03,1.731136444044451499e-05
1.746700000000188084e+03,1.749552815945503521e-05
1.746800000000187993e+03,1.768024765271110300e-05
1.746900000000187902e+03,1.786552415300943355e-05
1.747000000000188038e+03,1.805135889538633781e-05
1.747100000000188174e+03,1.822526304588126272e-05
1.747200000000188084e+03,1.839968551464143175e-05
1.747300000000187993e+03,1.857462744302307712e-05
1.747400000000188129e+03,1.875008997446424489e-05
1.747500000000188265e+03,1.892607425448732255e-05
1.747600000000188174e+03,1.910275097847501452e-05
1.747700000000188084e+03,1.927999005323872552e-05
1.747800000000188220e+03,1.945775814604481808e-05
1.747900000000188356e+03,1.963605642814057173e-05
1.748000000000188265e+03,1.981490431077776384e-05
1.748100000000188174e+03,1.997664920970163591e-05
1.748200000000188311e+03,2.013886929695926143e-05
1.748300000000188447e+03,2.030156561695233729e-05
1.748400000000188356e+03,2.046473921599429680e-05
1.748500000000188265e+03,2.062833981515545218e-05
1.748600000000188402e+03,2.079239583514097127e-05
1.748700000000188538e+03,2.095693109554311147e-05
1.748800000000188447e+03,2.112194664508796084e-05
1.748900000000188356e+03,2.128744353441226983e-05
1.749000000000188493e+03,2.145333895576130562e-05
1.749100000000188629e+03,2.159677471305799520e-05
1.749200000000188538e+03,2.174061704194576241e-05
1.749300000000188447e+03,2.188486681654807712e-05
1.749400000000188584e+03,2.202952491255601308e-05
1.749500000000188720e+03,2.217459220722932872e-05
1.749600000000188629e+03,2.232006957940178314e-05
1.749700000000188538e+03,2.246595790948167145e-05
1.749800000000188675e+03,2.261222146449620295e-05
1.749900000000188811e+03,2.275879418987436807e-05
1.750000000000188720e+03,2.290564508102233972e-05
1.750100000000188629e+03,2.302494154231447338e-05
1.750200000000188766e+03,2.314455892902496446e-05
1.750300000000188902e+03,2.326449791090335389e-05
1.750400000000188811e+03,2.338475915887135422e-05
1.750500000000188720e+03,2.350534334502550255e-05
1.750600000000188857e+03,2.362625114263710289e-05
1.750700000000188993e+03,2.374748322615490283e-05
1.750800000000188902e+03,2.386912178679462271e-05
1.750900000000188811e+03,2.399114490596015705e-05
1.751000000000188948e+03,2.411349577648524184e-05
1.751100000000189084e+03,2.420357907790344877e-05
1.751200000000188993e+03,2.429391233718234311e-05
1.751300000000188902e+03,2.438453089902379106e-05
1.751400000000189038e+03,2.447537444908337204e-05
1.751500000000189175e+03,2.456644344106002700e-05
1.751600000000189084e+03,2.465773832943328516e-05
1.751700000000188993e+03,2.474919372196196401e-05
1.751800000000189129e+03,2.484085202209312986e-05
1.751900000000189266e+03,2.493273692043852108e-05
1.752000000000189175e+03,2.502484887204564314e-05
1.752100000000189084e+03,2.508035290610625487e-05
1.752200000000189220e+03,2.513596589789848749e-05
1.752300000000189357e+03,2.519168803831165789e-05
1.752400000000189266e+03,2.524751951853259141e-05
1.752500000000189175e+03,2.530346053004733627e-05
1.752600000000189311e+03,2.535951126464034360e-05
1.752700000000189448e+03,2.541567191439435567e-05
1.752800000000189357e+03,2.547194267169207622e-05
1.752900000000189266e+03,2.552832372921630258e-05
1.753000000000189402e+03,2.558481527987512932e-05
1.753100000000189539e+03,2.560171250891419512e-05
1.753200000000189448e+03,2.561859280485473541e-05
1.753300000000189357e+03,2.563539249528393201e-05
1.753400000000189493e+03,2.565210791412509927e-05
1.753500000000189630e+03,2.566880594877633679e-05
1.753600000000189539e+03,2.568548650765571387e-05
1.753700000000189448e+03,2.570214949896820327e-05
1.753800000000189584e+03,2.571879483070483075e-05
1.753900000000189721e+03,2.573542241064228549e-05
1.754000000000189630e+03,2.575211709241339195e-05
1.754100000000189539e+03,2.572722792645216631e-05
1.754200000000189675e+03,2.570218731711639313e-05
1.754300000000189812e+03,2.567699487403042691e-05
1.754400000000189721e+03,2.565165020606509488e-05
1.754500000000189630e+03,2.562615292133595547e-05
1.754600000000189766e+03,2.560050262720258682e-05
1.754700000000189902e+03,2.557469893026760084e-05
1.754800000000189812e+03,2.554874143637488474e-05
1.754900000000189721e+03,2.552270204866608917e-05
1.755000000000189857e+03,2.549652759866468890e-05
1.755100000000189993e+03,2.542830253120930363e-05
1.755200000000189902e+03,2.535978704605262412e-05
1.755300000000189812e+03,2.529096027235720615e-05
1.755400000000189948e+03,2.522177099639610215e-05
1.755500000000190084e+03,2.515228969777045772e-05
1.755600000000189993e+03,2.508251567524470463e-05
1.755700000000189902e+03,2.501244822627145441e-05
1.755800000000190039e+03,2.494213340972972141e-05
1.755900000000190175e+03,2.487142115211826875e-05
1.756000000000190084e+03,2.480041365651887222e-05
1.756100000000189993e+03,2.468856986085170833e-05
1.756200000000190130e+03,2.457629940983504610e-05
1.756300000000190266e+03,2.446360130634136121e-05
1.756400000000190175e+03,2.435047455140358722e-05
1.756500000000190084e+03,2.423691814421097870e-05
1.756600000000190221e+03,2.412293108210754246e-05
1.756700000000190357e+03,2.400851236058971336e-05
1.756800000000190266e+03,2.389366097330309827e-05
1.756900000000190175e+03,2.377837591203810878e-05
1.757000000000190312e+03,2.366265616665835304e-05
1.757100000000190448e+03,2.350931056477913579e-05
1.757200000000190357e+03,2.335540826709378990e-05
1.757300000000190266e+03,2.320094798939756464e-05
1.757400000000190403e+03,2.304592844512824378e-05
1.757500000000190539e+03,2.289038188535453885e-05
1.757600000000190448e+03,2.273437269707829033e-05
1.757700000000190357e+03,2.257779854806666518e-05
1.757800000000190494e+03,2.242065813209913046e-05
1.757900000000190630e+03,2.226295014054782798e-05
1.758000000000190539e+03,2.210467326231309819e-05
1.758100000000190448e+03,2.191394137537443367e-05
1.758200000000190585e+03,2.172253447728886321e-05
1.758300000000190721e+03,2.153055094997502301e-05
1.758400000000190630e+03,2.133792574940039544e-05
1.758500000000190539e+03,2.114461839130183201e-05
1.758600000000190676e+03,2.095062730194762450e-05
1.758700000000190812e+03,2.075595090469659120e-05
1.758800000000190721e+03,2.056058761999107366e-05
1.758900000000190630e+03,2.036453586535402969e-05
1.759000000000190767e+03,2.016774287924999272e-05
1.759100000000190903e+03,1.994559393378956684e-05
1.759200000000190812e+03,1.972267221338480788e-05
1.759300000000190721e+03,1.949897594604031007e-05
1.759400000000190857e+03,1.927450335649488807e-05
1.759500000000190994e+03,1.904925266621561384e-05
1.759600000000190903e+03,1.882322209339393727e-05
1.759700000000190812e+03,1.859640985293817804e-05
1.759800000000190948e+03,1.836881415646987660e-05
1.759900000000191085e+03,1.814043321231987075e-05
1.760000000000190994e+03,1.791126522549242546e-05
1.760100000000190903e+03,1.766591115600829663e-05
1.760200000000191039e+03,1.741971478695011211e-05
1.760300000000191176e+03,1.717267419228686836e-05
1.760400000000191085e+03,1.692478744243599678e-05
1.760500000000190994e+03,1.667605260425807475e-05
1.760600000000191130e+03,1.642646774105149278e-05
1.760700000000191267e+03,1.617603091254806686e-05
1.760800000000191176e+03,1.592474017490693979e-05
1.760900000000191085e+03,1.567259358070728319e-05
1.761000000000191221e+03,1.541958917893499568e-05
1.761100000000191358e+03,1.516082894579405700e-05
1.761200000000191267e+03,1.490118895242280359e-05
1.761300000000191176e+03,1.464066719047739969e-05
1.761400000000191312e+03,1.437926164790822178e-05
1.761500000000191449e+03,1.411697030895585379e-05
1.761600000000191358e+03,1.385379115414387545e-05
1.761700000000191267e+03,1.358970891331347517e-05
1.761800000000191403e+03,1.332467021879763383e-05
1.761900000000191540e+03,1.305874073738154756e-05
1.762000000000191449e+03,1.279191845151891652e-05
1.762100000000191358e+03,1.286637007565711560e-05
1.762200000000191494e+03,1.294102612625792954e-05
1.762300000000191631e+03,1.301588703442821618e-05
1.762400000000191540e+03,1.309095323203673272e-05
1.762500000000191449e+03,1.316622515171541134e-05
1.762600000000191585e+03,1.324170322686062470e-05
1.762700000000191721e+03,1.331738789163320623e-05
1.762800000000191631e+03,1.339327958096085913e-05
1.762900000000191540e+03,1.346937873053872892e-05
1.763000000000191676e+03,1.354568577712064898e-05
1.763100000000191812e+03,1.377343800734195783e-05
1.763200000000191721e+03,1.400188826673447427e-05
1.763300000000191631e+03,1.423103809410384466e-05
1.763400000000191767e+03,1.446091725088916564e-05
1.763500000000191903e+03,1.469156053312656277e-05
1.763600000000191812e+03,1.492296154413689698e-05
1.763700000000191721e+03,1.515507272002659779e-05
1.763800000000191858e+03,1.538789715747306477e-05
1.763900000000191994e+03,1.562147340426117069e-05
1.764000000000191903e+03,1.585576574952009436e-05
1.764100000000191812e+03,1.609504546388102980e-05
1.764200000000191949e+03,1.633506032917708757e-05
1.764300000000192085e+03,1.657581198044114282e-05
1.764400000000191994e+03,1.681730205570993415e-05
1.764500000000191903e+03,1.705953219602886794e-05
1.764600000000192040e+03,1.730250404545647039e-05
1.764700000000192176e+03,1.754621925106734874e-05
1.764800000000192085e+03,1.779067946295833055e-05
1.764900000000191994e+03,1.803588633425437263e-05
1.765000000000192131e+03,1.828184152111098353e-05
1.765100000000192267e+03,1.852814596048428216e-05
1.765200000000192176e+03,1.877520258073437913e-05
1.765300000000192085e+03,1.902301305338973303e-05
1.765400000000192222e+03,1.927163460019922850e-05
1.765500000000192358e+03,1.952102894322839695e-05
1.765600000000192267e+03,1.977122426459481411e-05
1.765700000000192176e+03,2.002222240433629990e-05
1.765800000000192313e+03,2.027398665180495929e-05
1.765900000000192449e+03,2.052651871492479292e-05
1.766000000000192358e+03,2.077964136331348719e-05
1.766100000000192267e+03,2.102767380972136760e-05
1.766200000000192404e+03,2.127645643449066804e-05
1.766300000000192540e+03,2.152599089756979540e-05
1.766400000000192449e+03,2.177627886194992931e-05
1.766500000000192358e+03,2.202732199367128679e-05
1.766600000000192495e+03,2.227912196182608011e-05
1.766700000000192631e+03,2.253168043856283663e-05
1.766800000000192540e+03,2.278499909909177239e-05
1.766900000000192449e+03,2.303907962169158194e-05
1.767000000000192586e+03,2.329392368768927213e-05
1.767100000000192722e+03,2.353782660413008618e-05
1.767200000000192631e+03,2.378246041191008799e-05
1.767300000000192540e+03,2.402782672558163466e-05
1.767400000000192676e+03,2.427392716266003165e-05
1.767500000000192813e+03,2.452076334362585024e-05
1.767600000000192722e+03,2.476830068234218122e-05
1.767700000000192631e+03,2.501637758595016958e-05
1.767800000000192767e+03,2.526518819674163400e-05
1.767900000000192904e+03,2.551473628739651378e-05
1.768000000000192813e+03,2.576502347132607034e-05
1.768100000000192722e+03,2.599794528558298947e-05
1.768200000000192858e+03,2.623160810355318958e-05
1.768300000000192995e+03,2.646595868249488175e-05
1.768400000000192904e+03,2.670099852738398553e-05
1.768500000000192813e+03,2.693672914593806962e-05
1.768600000000192949e+03,2.717315204861787988e-05
1.768700000000193086e+03,2.741026874863215730e-05
1.768800000000192995e+03,2.764808076194214757e-05
1.768900000000192904e+03,2.788658960726688319e-05
1.769000000000193040e+03,2.812579680603960873e-05
1.769100000000193177e+03,2.834080411887486274e-05
1.769200000000193086e+03,2.855643290972534622e-05
1.769300000000192995e+03,2.877275486010492302e-05
1.769400000000193131e+03,2.898980203462578223e-05
1.769500000000193268e+03,2.920740175092308028e-05
1.769600000000193177e+03,2.942559981466300268e-05
1.769700000000193086e+03,2.964442717522740070e-05
1.769800000000193222e+03,2.986388520155878389e-05
1.769900000000193359e+03,3.008397526508999962e-05
1.770000000000193268e+03,3.030469873968673653e-05
1.770100000000193177e+03,3.049441446398620242e-05
1.770200000000193313e+03,3.068466383103303014e-05
1.770300000000193450e+03,3.087544799100807832e-05
1.770400000000193359e+03,3.106676809617805470e-05
1.770500000000193268e+03,3.125862530089587869e-05
1.770600000000193404e+03,3.145102076160691891e-05
1.770700000000193540e+03,3.164395563684826811e-05
1.770800000000193450e+03,3.183743108725482828e-05
1.770900000000193359e+03,3.203132623945106140e-05
1.771000000000193495e+03,3.222571962613395518e-05
1.771100000000193631e+03,3.238264702097553004e-05
1.771200000000193540e+03,3.253999521402646549e-05
1.771300000000193450e+03,3.269781923012952344e-05
1.771400000000193586e+03,3.285613056014836405e-05
1.771500000000193722e+03,3.301486650682949078e-05
1.771600000000193631e+03,3.317402796784878530e-05
1.771700000000193540e+03,3.333361584249399908e-05
1.771800000000193677e+03,3.349363103166431294e-05
1.771900000000193813e+03,3.365407443787409112e-05
1.772000000000193722e+03,3.381494696517065810e-05
1.772100000000193631e+03,3.393208902671944748e-05
1.772200000000193768e+03,3.404947739710148378e-05
1.772300000000193904e+03,3.416707013278228562e-05
1.772400000000193813e+03,3.428494997103516401e-05
1.772500000000193722e+03,3.440311749187521985e-05
1.772600000000193859e+03,3.452157327632943314e-05
1.772700000000193995e+03,3.464031790643895336e-05
1.772800000000193904e+03,3.475935196525967548e-05
1.772900000000193813e+03,3.487867603686441512e-05
1.773000000000193950e+03,3.499814412824045609e-05
1.773100000000194086e+03,3.506854325044884079e-05
1.773200000000193995e+03,3.513917370286937289e-05
1.773300000000193904e+03,3.520993461715982273e-05
1.773400000000194041e+03,3.528082621361935847e-05
1.773500000000194177e+03,3.535177956590887012e-05
1.773600000000194086e+03,3.542272347936855742e-05
1.773700000000193995e+03,3.549379784553561055e-05
1.773800000000194132e+03,3.556500288342662040e-05
1.773900000000194268e+03,3.563633881238852748e-05
1.774000000000194177e+03,3.570780585200098952e-05
1.774100000000194086e+03,3.572617260734553405e-05
1.774200000000194223e+03,3.574449815115058075e-05
1.774300000000194359e+03,3.576278231404301491e-05
1.774400000000194268e+03,3.578102492626659189e-05
1.774500000000194177e+03,3.579929125086180758e-05
1.774600000000194314e+03,3.581757963924553649e-05
1.774700000000194450e+03,3.583582609859611005e-05
1.774800000000194359e+03,3.585403045716185016e-05
1.774900000000194268e+03,3.587219254280062363e-05
1.775000000000194404e+03,3.589031218287406475e-05
1.775100000000194541e+03,3.585288846603526845e-05
1.775200000000194450e+03,3.581534742531750727e-05
1.775300000000194359e+03,3.577768946184071438e-05
1.775400000000194495e+03,3.573975845701739040e-05
1.775500000000194632e+03,3.570152220732459919e-05
1.775600000000194541e+03,3.566306065470626089e-05
1.775700000000194450e+03,3.562437321278067684e-05
1.775800000000194586e+03,3.558545929400942662e-05
1.775900000000194723e+03,3.554631830969741548e-05
1.776000000000194632e+03,3.550694966988084919e-05
1.776100000000194541e+03,3.541147907548632324e-05
1.776200000000194677e+03,3.531559864021334519e-05
1.776300000000194814e+03,3.521930736256524572e-05
1.776400000000194723e+03,3.512260423912484040e-05
1.776500000000194632e+03,3.502548826455414516e-05
1.776600000000194768e+03,3.492795843158818272e-05
1.776700000000194905e+03,3.483001373103437957e-05
1.776800000000194814e+03,3.473165315176953691e-05
1.776900000000194723e+03,3.463287568073385403e-05
1.777000000000194859e+03,3.453368030282591655e-05
1.777100000000194996e+03,3.438001922455320968e-05
1.777200000000194905e+03,3.422575040810955086e-05
1.777300000000194814e+03,3.407077864616774282e-05
1.777400000000194950e+03,3.391521206932128106e-05
1.777500000000195087e+03,3.375904927244465149e-05
1.777600000000194996e+03,3.360228884777505888e-05
1.777700000000194905e+03,3.344492938490725660e-05
1.777800000000195041e+03,3.328696947079137140e-05
1.777900000000195178e+03,3.312836977349921987e-05
1.778000000000195087e+03,3.296911933588282553e-05
1.778100000000194996e+03,3.275953748377786513e-05
1.778200000000195132e+03,3.254930936867541508e-05
1.778300000000195269e+03,3.233831668305960538e-05
1.778400000000195178e+03,3.212655633849301196e-05
1.778500000000195087e+03,3.191402655372803393e-05
1.778600000000195223e+03,3.170067693347424577e-05
1.778700000000195359e+03,3.148648943991198969e-05
1.778800000000195269e+03,3.127152869377214438e-05
1.778900000000195178e+03,3.105579290904286711e-05
1.779000000000195314e+03,3.083928029632873027e-05
1.779100000000195450e+03,3.057903074684310032e-05
1.779200000000195359e+03,3.031786942461053025e-05
1.779300000000195269e+03,3.005579425412722603e-05
1.779400000000195405e+03,2.979272990783965314e-05
1.779500000000195541e+03,2.952864556219463585e-05
1.779600000000195450e+03,2.926364423956635474e-05
1.779700000000195359e+03,2.899772386674588214e-05
1.779800000000195496e+03,2.873088236677073503e-05
1.779900000000195632e+03,2.846311765892171728e-05
1.780000000000195541e+03,2.819450208885251744e-05
1.780100000000195450e+03,2.789174953735830482e-05
1.780200000000195587e+03,2.758796302578028081e-05
1.780300000000195723e+03,2.728314022994492440e-05
1.780400000000195632e+03,2.697727882148797502e-05
1.780500000000195541e+03,2.667037646784470523e-05
1.780600000000195678e+03,2.636243083224617005e-05
1.780700000000195814e+03,2.605343957371439919e-05
1.780800000000195723e+03,2.574340034705321524e-05
1.780900000000195632e+03,2.543231080284234167e-05
1.781000000000195769e+03,2.512016858738839016e-05
1.781100000000195905e+03,2.478560039437966713e-05
1.781200000000195814e+03,2.444997061706888510e-05
1.781300000000195723e+03,2.411321366330500631e-05
1.781400000000195860e+03,2.377532701370781851e-05
1.781500000000195996e+03,2.343630814436621838e-05
1.781600000000195905e+03,2.309615452683034772e-05
1.781700000000195814e+03,2.275486362810188304e-05
1.781800000000195951e+03,2.241247112817810775e-05
1.781900000000196087e+03,2.206897723405364361e-05
1.782000000000195996e+03,2.172433593934750768e-05
1.782100000000195905e+03,2.137106971013531760e-05
1.782200000000196042e+03,2.101662921923834818e-05
1.782300000000196178e+03,2.066099281722436266e-05
1.782400000000196087e+03,2.030434536290819439e-05
1.782500000000195996e+03,1.994651056904161987e-05
1.782600000000196133e+03,1.958748577752157880e-05
1.782700000000196269e+03,1.922726832543600502e-05
1.782800000000196178e+03,1.886585554505341143e-05
1.782900000000196087e+03,1.850324476381572068e-05
1.783000000000196223e+03,1.813943330513852496e-05
1.783100000000196360e+03,1.818676866888627804e-05
1.783200000000196269e+03,1.823420486823685511e-05
1.783300000000196178e+03,1.828174208834571906e-05
1.783400000000196314e+03,1.832938051466692880e-05
1.783500000000196451e+03,1.837712033295142494e-05
1.783600000000196360e+03,1.842492550573816387e-05
1.783700000000196269e+03,1.847275805617626065e-05
1.783800000000196405e+03,1.852069196366608992e-05
1.783900000000196542e+03,1.856872741317266767e-05
1.784000000000196451e+03,1.861686459046488481e-05
1.784100000000196360e+03,1.892488037617327226e-05
1.784200000000196496e+03,1.923381059758681911e-05
1.784300000000196633e+03,1.954365720036738480e-05
1.784400000000196542e+03,1.985442213356532307e-05
1.784500000000196451e+03,2.016610734962765756e-05
1.784600000000196587e+03,2.047871480440022649e-05
1.784700000000196724e+03,2.079224645713193811e-05
1.784800000000196633e+03,2.110670427048131663e-05
1.784900000000196542e+03,2.142209021052198756e-05
1.785000000000196678e+03,2.173840624676020116e-05
1.785100000000196815e+03,2.206172508781655171e-05
1.785200000000196724e+03,2.238599336407625469e-05
1.785300000000196633e+03,2.271121307928347909e-05
1.785400000000196769e+03,2.303738624064344173e-05
1.785500000000196906e+03,2.336459547449420919e-05
1.785600000000196815e+03,2.369276833100986791e-05
1.785700000000196724e+03,2.402190305616991862e-05
1.785800000000196860e+03,2.435200168143007040e-05
1.785900000000196997e+03,2.468303145497813226e-05
1.786000000000196906e+03,2.501497311091748689e-05
1.786100000000196815e+03,2.534810220356967209e-05
1.786200000000196951e+03,2.568219841778648620e-05
1.786300000000197088e+03,2.601726377839043520e-05
1.786400000000196997e+03,2.635330031367422756e-05
1.786500000000196906e+03,2.669031005540590393e-05
1.786600000000197042e+03,2.702829503883414286e-05
1.786700000000197178e+03,2.736725730268985330e-05
1.786800000000197088e+03,2.770719888919487530e-05
1.786900000000196997e+03,2.804812184406628970e-05
1.787000000000197133e+03,2.839014086581558154e-05
1.787100000000197269e+03,2.872668005859932075e-05
1.787200000000197178e+03,2.906418950561111888e-05
1.787300000000197088e+03,2.940274518939151732e-05
1.787400000000197224e+03,2.974230957227712232e-05
1.787500000000197360e+03,3.008285277086583876e-05
1.787600000000197269e+03,3.042437683564436292e-05
1.787700000000197178e+03,3.076688382063029871e-05
1.787800000000197315e+03,3.111037578337326904e-05
1.787900000000197451e+03,3.145485478495919836e-05
1.788000000000197360e+03,3.180032288999001442e-05
1.788100000000197269e+03,3.213253499101683628e-05
1.788200000000197406e+03,3.246562607144419413e-05
1.788300000000197542e+03,3.279961185495027290e-05
1.788400000000197451e+03,3.313454461080556134e-05
1.788500000000197360e+03,3.347051341192247608e-05
1.788600000000197497e+03,3.380743549691276619e-05
1.788700000000197633e+03,3.414531222957354131e-05
1.788800000000197542e+03,3.448414558756267317e-05
1.788900000000197451e+03,3.482393755190660897e-05
1.789000000000197588e+03,3.516469010695926661e-05
1.789100000000197724e+03,3.548409410357784328e-05
1.789200000000197633e+03,3.580439298929750811e-05
1.789300000000197542e+03,3.612558860763354426e-05
1.789400000000197679e+03,3.644768280522658324e-05
1.789500000000197815e+03,3.677058662734706987e-05
1.789600000000197724e+03,3.709415672518312528e-05
1.789700000000197633e+03,3.741889884405974270e-05
1.789800000000197770e+03,3.774454598859944141e-05
1.789900000000197906e+03,3.807110001711121964e-05
1.790000000000197815e+03,3.839856279098392806e-05
1.790100000000197724e+03,3.869579810637893317e-05
1.790200000000197861e+03,3.899384639564023149e-05
1.790300000000197997e+03,3.929270930843010913e-05
1.790400000000197906e+03,3.959238849716773440e-05
1.790500000000197815e+03,3.989288561703345390e-05
1.790600000000197952e+03,4.019420232597412551e-05
1.790700000000198088e+03,4.049634028470348429e-05
1.790800000000197997e+03,4.079930115670702811e-05
1.790900000000197906e+03,4.110311316009869866e-05
1.791000000000198042e+03,4.140787463643633409e-05
1.791100000000198179e+03,4.167380825216466546e-05
1.791200000000198088e+03,4.194059751641079518e-05
1.791300000000197997e+03,4.220820747879868134e-05
1.791400000000198133e+03,4.247643933681279077e-05
1.791500000000198270e+03,4.274542370838794694e-05
1.791600000000198179e+03,4.301520544243227256e-05
1.791700000000198088e+03,4.328570791104382044e-05
1.791800000000198224e+03,4.355694036008958851e-05
1.791900000000198361e+03,4.382904700990804107e-05
1.792000000000198270e+03,4.410178302716507708e-05
1.792100000000198179e+03,4.432691767452532673e-05
1.792200000000198315e+03,4.455263097553496690e-05
1.792300000000198452e+03,4.477892407657922365e-05
1.792400000000198361e+03,4.500579812593768852e-05
1.792500000000198270e+03,4.523325427378804543e-05
1.792600000000198406e+03,4.546129367220567774e-05
1.792700000000198543e+03,4.568991747516869614e-05
1.792800000000198452e+03,4.591927941429578325e-05
1.792900000000198361e+03,4.614924288059638058e-05
1.793000000000198497e+03,4.637979587998696635e-05
1.793100000000198634e+03,4.655489001290711150e-05
1.793200000000198543e+03,4.673040415426237893e-05
1.793300000000198452e+03,4.690636896843887872e-05
1.793400000000198588e+03,4.708330173863871669e-05
1.793500000000198725e+03,4.726066128247014610e-05
1.793600000000198634e+03,4.743844842728801419e-05
1.793700000000198543e+03,4.761666400180839079e-05
1.793800000000198679e+03,4.779530883610897491e-05
1.793900000000198816e+03,4.797438376162988080e-05
1.794000000000198725e+03,4.815388961105062163e-05
1.794100000000198634e+03,4.827041448457040126e-05
1.794200000000198770e+03,4.838717575209149221e-05
1.794300000000198906e+03,4.850417383049492206e-05
1.794400000000198816e+03,4.862140913730372870e-05
1.794500000000198725e+03,4.873888209068922162e-05
1.794600000000198861e+03,4.885659310946876606e-05
1.794700000000198997e+03,4.897454261310548482e-05
1.794800000000198906e+03,4.909273102171151770e-05
1.794900000000198816e+03,4.921115875604817731e-05
1.795000000000198952e+03,4.932982623739026122e-05
1.795100000000199088e+03,4.937993618558931294e-05
1.795200000000198997e+03,4.942940295945037082e-05
1.795300000000198906e+03,4.947835744705688076e-05
1.795400000000199043e+03,4.952719022344435234e-05
1.795500000000199179e+03,4.957580607960251348e-05
1.795600000000199088e+03,4.962440657341760379e-05
1.795700000000198997e+03,4.967303149909126216e-05
1.795800000000199134e+03,4.972168082170461633e-05
1.795900000000199270e+03,4.977035450620847970e-05
1.796000000000199179e+03,4.981887868848890297e-05
1.796100000000199088e+03,4.979500611573231035e-05
1.796200000000199225e+03,4.977093881997435651e-05
1.796300000000199361e+03,4.974667631075085228e-05
1.796400000000199270e+03,4.972221809670510681e-05
1.796500000000199179e+03,4.969756368558575239e-05
1.796600000000199316e+03,4.967271258424429823e-05
1.796700000000199452e+03,4.964766429863678386e-05
1.796800000000199361e+03,4.962241833381952363e-05
1.796900000000199270e+03,4.959682429789138909e-05
1.797000000000199407e+03,4.957100287921520078e-05
1.797100000000199543e+03,4.947101965570795709e-05
1.797200000000199452e+03,4.937071565079681197e-05
1.797300000000199361e+03,4.926998798190129259e-05
1.797400000000199498e+03,4.916883568476658635e-05
1.797500000000199634e+03,4.906725779345463644e-05
1.797600000000199543e+03,4.896525334034094345e-05
1.797700000000199452e+03,4.886282135611186842e-05
1.797800000000199589e+03,4.876008549610307035e-05
1.797900000000199725e+03,4.865697064370977262e-05
1.798000000000199634e+03,4.855342458928137774e-05
1.798100000000199543e+03,4.837689930637867276e-05
1.798200000000199680e+03,4.819971941895072613e-05
1.798300000000199816e+03,4.802188347588186166e-05
1.798400000000199725e+03,4.784339002354021385e-05
1.798500000000199634e+03,4.766423760577475992e-05
1.798600000000199771e+03,4.748442476391025115e-05
1.798700000000199907e+03,4.730395003674780916e-05
1.798800000000199816e+03,4.712281196055617102e-05
1.798900000000199725e+03,4.694100906907231266e-05
1.799000000000199861e+03,4.675847272211624129e-05
1.799100000000199998e+03,4.650653308688093812e-05
1.799200000000199907e+03,4.625355463504742909e-05
1.799300000000199816e+03,4.599970142745148593e-05
1.799400000000199952e+03,4.574497157188061382e-05
1.799500000000200089e+03,4.548936317289825306e-05
1.799600000000199998e+03,4.523276252581194578e-05
1.799700000000199907e+03,4.497512001927604782e-05
1.799800000000200043e+03,4.471659635026253052e-05
1.799900000000200180e+03,4.445718962713557262e-05
1.800000000000200089e+03,4.419689795819102784e-05
1.800100000000199998e+03,4.387584867412853414e-05
1.800200000000200134e+03,4.355370540050133800e-05
1.800300000000200271e+03,4.323046573964248131e-05
1.800400000000200180e+03,4.290612728969281630e-05
1.800500000000200089e+03,4.258068764459330092e-05
1.800600000000200225e+03,4.225414439408018091e-05
1.800700000000200362e+03,4.192640963932519851e-05
1.800800000000200271e+03,4.159719170700483922e-05
1.800900000000200180e+03,4.126687018198819408e-05
1.801000000000200316e+03,4.093555419148172059e-05
1.801100000000200453e+03,4.055273068961460240e-05
1.801200000000200362e+03,4.016863637734331048e-05
1.801300000000200271e+03,3.978326849971064634e-05
1.801400000000200407e+03,3.939662429698536435e-05
1.801500000000200544e+03,3.900870100465832967e-05
1.801600000000200453e+03,3.861949585343295012e-05
1.801700000000200362e+03,3.822900606921662457e-05
1.801800000000200498e+03,3.783722887311536932e-05
1.801900000000200635e+03,3.744416148143002345e-05
1.802000000000200544e+03,3.704980110557136929e-05
1.802100000000200453e+03,3.661747987249433978e-05
1.802200000000200589e+03,3.618374052658952767e-05
1.802300000000200725e+03,3.574857999370962554e-05
1.802400000000200635e+03,3.531199519436162650e-05
1.802500000000200544e+03,3.487401948874841600e-05
1.802600000000200680e+03,3.443466745071750750e-05
1.802700000000200816e+03,3.399387955667288114e-05
1.802800000000200725e+03,3.355165269376023617e-05
1.802900000000200635e+03,3.310798374370094735e-05
1.803000000000200771e+03,3.266301634726593678e-05
1.803100000000200907e+03,3.219648484026282166e-05
1.803200000000200816e+03,3.172842798444181666e-05
1.803300000000200725e+03,3.125884245020946455e-05
1.803400000000200862e+03,3.078772490211533278e-05
1.803500000000200998e+03,3.031507199884539303e-05
1.803600000000200907e+03,2.984088039321031188e-05
1.803700000000200816e+03,2.936514673213605888e-05
1.803800000000200953e+03,2.888786765665558528e-05
1.803900000000201089e+03,2.840903980190399262e-05
1.804000000000200998e+03,2.792865979715977975e-05
1.804100000000200907e+03,2.747340137690465337e-05
1.804200000000201044e+03,2.701666370986680735e-05
1.804300000000201180e+03,2.655844357140867083e-05
1.804400000000201089e+03,2.609873773122156377e-05
1.804500000000200998e+03,2.563754295331222569e-05
1.804600000000201135e+03,2.517485599599835356e-05
1.804700000000201271e+03,2.471067361190125967e-05
1.804800000000201180e+03,2.424499254793606302e-05
1.804900000000201089e+03,2.377780954530080322e-05
1.805000000000201226e+03,2.330912134121755402e-05
1.805100000000201362e+03,2.370896640653363905e-05
1.805200000000201271e+03,2.410996168314180052e-05
1.805300000000201180e+03,2.451213688822315707e-05
1.805400000000201317e+03,2.491549451212672389e-05
1.805500000000201453e+03,2.531997160764768275e-05
1.805600000000201362e+03,2.572563673212582470e-05
1.805700000000201271e+03,2.613248972065815992e-05
1.805800000000201408e+03,2.654053307055781200e-05
1.805900000000201544e+03,2.694976928344136382e-05
1.806000000000201453e+03,2.736012945140081705e-05
1.806100000000201362e+03,2.778382312367688265e-05
1.806200000000201499e+03,2.820874830173823283e-05
1.806300000000201635e+03,2.863490755590344581e-05
1.806400000000201544e+03,2.906230346088707880e-05
1.806500000000201453e+03,2.949093859580792154e-05
1.806600000000201590e+03,2.992081554419462059e-05
1.806700000000201726e+03,3.035193689398838981e-05
1.806800000000201635e+03,3.078430523755303587e-05
1.806900000000201544e+03,3.121821494442121462e-05
1.807000000000201680e+03,3.165344123623443597e-05
1.807100000000201817e+03,3.209575371974170670e-05
1.807200000000201726e+03,3.253948650338953666e-05
1.807300000000201635e+03,3.298458459294342456e-05
1.807400000000201771e+03,3.343098390363786782e-05
1.807500000000201908e+03,3.387868719034737420e-05
1.807600000000201817e+03,3.432769721275634499e-05
1.807700000000201726e+03,3.477801673536712524e-05
1.807800000000201862e+03,3.522964852750530952e-05
1.807900000000201999e+03,3.568259536332448535e-05
1.808000000000201908e+03,3.613686002181155254e-05
1.808100000000201817e+03,3.658996830329322442e-05
1.808200000000201953e+03,3.704424894554669216e-05
1.808300000000202090e+03,3.749984180345837591e-05
1.808400000000201999e+03,3.795674963024866361e-05
1.808500000000201908e+03,3.841497518390265940e-05
1.808600000000202044e+03,3.887452122717292797e-05
1.808700000000202181e+03,3.933539052758608791e-05
1.808800000000202090e+03,3.979758585745214934e-05
1.808900000000201999e+03,4.026110999387132411e-05
1.809000000000202135e+03,4.072596571871887406e-05
1.809100000000202272e+03,4.118087719023130896e-05
1.809200000000202181e+03,4.163709353989838286e-05
1.809300000000202090e+03,4.209461750092911348e-05
1.809400000000202226e+03,4.255345181126017536e-05
1.809500000000202363e+03,4.301361024823892093e-05
1.809600000000202272e+03,4.347518458768379464e-05
1.809700000000202181e+03,4.393781806207030393e-05
1.809800000000202317e+03,4.440160945327975095e-05
1.809900000000202454e+03,4.486671841646774781e-05
1.810000000000202363e+03,4.533282490117332105e-05
1.810100000000202272e+03,4.577856799597671705e-05
1.810200000000202408e+03,4.622564990917184746e-05
1.810300000000202544e+03,4.667398605537411728e-05
1.810400000000202454e+03,4.712357901430048416e-05
1.810500000000202363e+03,4.757443137004270213e-05
1.810600000000202499e+03,4.802654571107146199e-05
1.810700000000202635e+03,4.847992463023887810e-05
1.810800000000202544e+03,4.893457072478846312e-05
1.810900000000202454e+03,4.939048659636256831e-05
1.811000000000202590e+03,4.984767485094168178e-05
1.811100000000202726e+03,5.027409261259839003e-05
1.811200000000202635e+03,5.070169136174322626e-05
1.811300000000202544e+03,5.113047351617644410e-05
1.811400000000202681e+03,5.156044149778713528e-05
1.811500000000202817e+03,5.199159773255692269e-05
1.811600000000202726e+03,5.242394465056675698e-05
1.811700000000202635e+03,5.285748468600597641e-05
1.811800000000202772e+03,5.329232666459670997e-05
1.811900000000202908e+03,5.372958661657240904e-05
1.812000000000202817e+03,5.416806875941612324e-05
1.812100000000202726e+03,5.456481812267819986e-05
1.812200000000202863e+03,5.496266427601349515e-05
1.812300000000202999e+03,5.536160949769741680e-05
1.812400000000202908e+03,5.576178401883258653e-05
1.812500000000202817e+03,5.616313635788353228e-05
1.812600000000202954e+03,5.656559748806282818e-05
1.812700000000203090e+03,5.696916971494365994e-05
1.812800000000202999e+03,5.737385534809811004e-05
1.812900000000202908e+03,5.777965670110687485e-05
1.813000000000203045e+03,5.818657609145236234e-05
1.813100000000203181e+03,5.854018397449776436e-05
1.813200000000203090e+03,5.889483906822547219e-05
1.813300000000202999e+03,5.925045088352396810e-05
1.813400000000203136e+03,5.960702139340947811e-05
1.813500000000203272e+03,5.996455257431091725e-05
1.813600000000203181e+03,6.032304640607483615e-05
1.813700000000203090e+03,6.068250487197326802e-05
1.813800000000203227e+03,6.104292995870913606e-05
1.813900000000203363e+03,6.140432365641502023e-05
1.814000000000203272e+03,6.176668795853089986e-05
1.814100000000203181e+03,6.206485116697469208e-05
1.814200000000203318e+03,6.236370235570125342e-05
1.814300000000203454e+03,6.266318886177489893e-05
1.814400000000203363e+03,6.296344960740104656e-05
1.814500000000203272e+03,6.326448616164513053e-05
1.814600000000203408e+03,6.356630009626226027e-05
1.814700000000203545e+03,6.386889298570208573e-05
1.814800000000203454e+03,6.417226640711122337e-05
1.814900000000203363e+03,6.447642194034210585e-05
1.815000000000203499e+03,6.478136116779758885e-05
1.815100000000203636e+03,6.501110928793783523e-05
1.815200000000203545e+03,6.524140514389127588e-05
1.815300000000203454e+03,6.547224980181166789e-05
1.815400000000203590e+03,6.570364432963407184e-05
1.815500000000203727e+03,6.593558979707380828e-05
1.815600000000203636e+03,6.616788971419164909e-05
1.815700000000203545e+03,6.640053410500336287e-05
1.815800000000203681e+03,6.663372976836188036e-05
1.815900000000203818e+03,6.686747777062698414e-05
1.816000000000203727e+03,6.710177917975423977e-05
1.816100000000203636e+03,6.725212023792574842e-05
1.816200000000203772e+03,6.740275487995111279e-05
1.816300000000203909e+03,6.755368361483322047e-05
1.816400000000203818e+03,6.770490695236049063e-05
1.816500000000203727e+03,6.785637862569529925e-05
1.816600000000203863e+03,6.800843940071144402e-05
1.816700000000204000e+03,6.816087087607727792e-05
1.816800000000203909e+03,6.831360048990895838e-05
1.816900000000203818e+03,6.846662876050236797e-05
1.817000000000203954e+03,6.861995620677357999e-05
1.817100000000204091e+03,6.868162956409474651e-05
1.817200000000204000e+03,6.874331686289651916e-05
1.817300000000203909e+03,6.880529350830727454e-05
1.817400000000204045e+03,6.886742945531649943e-05
1.817500000000204182e+03,6.892957982571122459e-05
1.817600000000204091e+03,6.899174452016070946e-05
1.817700000000204000e+03,6.905392343904158728e-05
1.817800000000204136e+03,6.911611648243533084e-05
1.817900000000204273e+03,6.917832355012974320e-05
1.818000000000204182e+03,6.924054454141920700e-05
1.818100000000204091e+03,6.920630442143196556e-05
1.818200000000204227e+03,6.917177768184567057e-05
1.818300000000204363e+03,6.913696357028409269e-05
1.818400000000204273e+03,6.910186133291962177e-05
1.818500000000204182e+03,6.906647021447146438e-05
1.818600000000204318e+03,6.903078945820316373e-05
1.818700000000204454e+03,6.899481830591963161e-05
1.818800000000204363e+03,6.895855599796649790e-05
1.818900000000204273e+03,6.892200177322494706e-05
1.819000000000204409e+03,6.888515486891244176e-05
1.819100000000204545e+03,6.874974534480672291e-05
1.819200000000204454e+03,6.861368381418403060e-05
1.819300000000204363e+03,6.847650926529151734e-05
1.819400000000204500e+03,6.833873437313896866e-05
1.819500000000204636e+03,6.820035771922996072e-05
1.819600000000204545e+03,6.806137788246279961e-05
1.819700000000204454e+03,6.792179343912840719e-05
1.819800000000204591e+03,6.778143520212388448e-05
1.819900000000204727e+03,6.764022403347742102e-05
1.820000000000204636e+03,6.749840567219514637e-05
1.820100000000204545e+03,6.725914013459290911e-05
1.820200000000204682e+03,6.701903230278069285e-05
1.820300000000204818e+03,6.677801684966927335e-05
1.820400000000204727e+03,6.653609171691187145e-05
1.820500000000204636e+03,6.629325484247548838e-05
1.820600000000204773e+03,6.604950416063215079e-05
1.820700000000204909e+03,6.580483760195732516e-05
1.820800000000204818e+03,6.555925309332257228e-05
1.820900000000204727e+03,6.531274855788873034e-05
1.821000000000204864e+03,6.506532191491494629e-05
1.821100000000205000e+03,6.472600569048877366e-05
1.821200000000204909e+03,6.438548008904699561e-05
1.821300000000204818e+03,6.404374240523952159e-05
1.821400000000204955e+03,6.370078992889063982e-05
1.821500000000205091e+03,6.335661994499270180e-05
1.821600000000205000e+03,6.301122973370018631e-05
1.821700000000204909e+03,6.266461657031702779e-05
1.821800000000205046e+03,6.231677772529371610e-05
1.821900000000205182e+03,6.196771046422123856e-05
1.822000000000205091e+03,6.161758437161385957e-05
1.822100000000205000e+03,6.118400617414400280e-05
1.822200000000205137e+03,6.074894371792469703e-05
1.822300000000205273e+03,6.031239373129335866e-05
1.822400000000205182e+03,5.987435293680883015e-05
1.822500000000205091e+03,5.943481805124192031e-05
1.822600000000205227e+03,5.899378578556921084e-05
1.822700000000205364e+03,5.855125284496694410e-05
1.822800000000205273e+03,5.810721592879816179e-05
1.822900000000205182e+03,5.766167173060553566e-05
1.823000000000205318e+03,5.721461693796193055e-05
1.823100000000205455e+03,5.669812149763435959e-05
1.823200000000205364e+03,5.618015094444006699e-05
1.823300000000205273e+03,5.566053263087373832e-05
1.823400000000205409e+03,5.513917160819499551e-05
1.823500000000205546e+03,5.461606404149475016e-05
1.823600000000205455e+03,5.409142239783869900e-05
1.823700000000205364e+03,5.356523728537486087e-05
1.823800000000205500e+03,5.303718633557246749e-05
1.823900000000205637e+03,5.250727771127689815e-05
1.824000000000205546e+03,5.197549648530476891e-05
1.824100000000205455e+03,5.139106862379156179e-05
1.824200000000205591e+03,5.080472151944779560e-05
1.824300000000205728e+03,5.021645099624528119e-05
1.824400000000205637e+03,4.962625287082561982e-05
1.824500000000205546e+03,4.903412295248923920e-05
1.824600000000205682e+03,4.844005704318510031e-05
1.824700000000205819e+03,4.784405093750233553e-05
1.824800000000205728e+03,4.724610042265770573e-05
1.824900000000205637e+03,4.664620127848164121e-05
1.825000000000205773e+03,4.604434927734944228e-05
1.825100000000205910e+03,4.541109147564807014e-05
1.825200000000205819e+03,4.477591853835507482e-05
1.825300000000205728e+03,4.413831574783022885e-05
1.825400000000205864e+03,4.349857010736979661e-05
1.825500000000206001e+03,4.285677304593901369e-05
1.825600000000205910e+03,4.221288011895962014e-05
1.825700000000205819e+03,4.156681919582209982e-05
1.825800000000205955e+03,4.091869826425697935e-05
1.825900000000206091e+03,4.026851292340955093e-05
1.826000000000206001e+03,3.961625876482840033e-05
1.826100000000205910e+03,3.895725649737974579e-05
1.826200000000206046e+03,3.829612706947791952e-05
1.826300000000206182e+03,3.763290834418298698e-05
1.826400000000206091e+03,3.696759588430004683e-05
1.826500000000206001e+03,3.630018524502383033e-05
1.826600000000206137e+03,3.563067197393317189e-05
1.826700000000206273e+03,3.495905161097977404e-05
1.826800000000206182e+03,3.428531968847740603e-05
1.826900000000206091e+03,3.360947173108551209e-05
1.827000000000206228e+03,3.293150325809494000e-05
1.827100000000206364e+03,3.336522048344062419e-05
1.827200000000206273e+03,3.380021708557918970e-05
1.827300000000206182e+03,3.423643830541782108e-05
1.827400000000206319e+03,3.467402545112958722e-05
1.827500000000206455e+03,3.511292031766062685e-05
1.827600000000206364e+03,3.555305269109067717e-05
1.827700000000206273e+03,3.599442509795785318e-05
1.827800000000206410e+03,3.643704006904418955e-05
1.827900000000206546e+03,3.688095839311798568e-05
1.828000000000206455e+03,3.732620006322882942e-05
1.828100000000206364e+03,3.789793569144946545e-05
1.828200000000206501e+03,3.847130766466553187e-05
1.828300000000206637e+03,3.904631935101352756e-05
1.828400000000206546e+03,3.962297412432849090e-05
1.828500000000206455e+03,4.020127536415248369e-05
1.828600000000206592e+03,4.078122645574095399e-05
1.828700000000206728e+03,4.136283079006871966e-05
1.828800000000206637e+03,4.194609176384087127e-05
1.828900000000206546e+03,4.253101277950305177e-05
1.829000000000206683e+03,4.311759724526417726e-05
1.829100000000206819e+03,4.371452073482746617e-05
1.829200000000206728e+03,4.431312925624407548e-05
1.829300000000206637e+03,4.491342623841998162e-05
1.829400000000206774e+03,4.551541511599126438e-05
1.829500000000206910e+03,4.611909932932985992e-05
1.829600000000206819e+03,4.672448232455564968e-05
1.829700000000206728e+03,4.733156755354414461e-05
1.829800000000206865e+03,4.794035847393563317e-05
1.829900000000207001e+03,4.855073866312543815e-05
1.830000000000206910e+03,4.916264846402432730e-05
1.830100000000206819e+03,4.977534580092100289e-05
1.830200000000206956e+03,5.038975538278466513e-05
1.830300000000207092e+03,5.100588067165515258e-05
1.830400000000207001e+03,5.162372513532361687e-05
1.830500000000206910e+03,5.224329224734232114e-05
1.830600000000207046e+03,5.286458548703054221e-05
1.830700000000207183e+03,5.348760833948110286e-05
1.830800000000207092e+03,5.411236429556865921e-05
1.830900000000207001e+03,5.473885685196369373e-05
1.831000000000207137e+03,5.536708951110902866e-05
1.831100000000207274e+03,5.598447943807112373e-05
1.831200000000207183e+03,5.660357377004772943e-05
1.831300000000207092e+03,5.722437592634299901e-05
1.831400000000207228e+03,5.784688933190137647e-05
1.831500000000207365e+03,5.847111741730970396e-05
1.831600000000207274e+03,5.909726988178622391e-05
1.831700000000207183e+03,5.972530610492419919e-05
1.831800000000207319e+03,6.035507507355190182e-05
1.831900000000207456e+03,6.098658027318200510e-05
1.832000000000207365e+03,6.161982519504731102e-05
1.832100000000207274e+03,6.222976708820839985e-05
1.832200000000207410e+03,6.284137943003237315e-05
1.832300000000207547e+03,6.345466556770710067e-05
1.832400000000207456e+03,6.406962885394883970e-05
1.832500000000207365e+03,6.468627264701229103e-05
1.832600000000207501e+03,6.530460031069470540e-05
1.832700000000207638e+03,6.592461521434126381e-05
1.832800000000207547e+03,6.654632073285604154e-05
1.832900000000207456e+03,6.716972024671146780e-05
1.833000000000207592e+03,6.779481714187710723e-05
1.833100000000207729e+03,6.838308562089053064e-05
1.833200000000207638e+03,6.897294529420375643e-05
1.833300000000207547e+03,6.956408552183778056e-05
1.833400000000207683e+03,7.015653719766952370e-05
1.833500000000207820e+03,7.075049531236406620e-05
1.833600000000207729e+03,7.134604575848780997e-05
1.833700000000207638e+03,7.194319168402227781e-05
1.833800000000207774e+03,7.254196265053871890e-05
1.833900000000207910e+03,7.314257021183339703e-05
1.834000000000207820e+03,7.374478701566817510e-05
1.834100000000207729e+03,7.429518325020448624e-05
1.834200000000207865e+03,7.484703036233506586e-05
1.834300000000208001e+03,7.540018662648530559e-05
1.834400000000207910e+03,7.595467196494958332e-05
1.834500000000207820e+03,7.651061276359082878e-05
1.834600000000207956e+03,7.706801186378877495e-05
1.834700000000208092e+03,7.762687211150342105e-05
1.834800000000208001e+03,7.818719635728775845e-05
1.834900000000207910e+03,7.874898745629252753e-05
1.835000000000208047e+03,7.931224826813302350e-05
1.835100000000208183e+03,7.981004432128519096e-05
1.835200000000208092e+03,8.030912361767582168e-05
1.835300000000208001e+03,8.080948865080312142e-05
1.835400000000208138e+03,8.131114191819016612e-05
1.835500000000208274e+03,8.181408592138410230e-05
1.835600000000208183e+03,8.231832316596613525e-05
1.835700000000208092e+03,8.282385616156082609e-05
1.835800000000208229e+03,8.333068742183480425e-05
1.835900000000208365e+03,8.383924860009155696e-05
1.836000000000208274e+03,8.434938463625791789e-05
1.836100000000208183e+03,8.477843384890496959e-05
1.836200000000208320e+03,8.520855076907330795e-05
1.836300000000208456e+03,8.563973744077004065e-05
1.836400000000208365e+03,8.607199591127434330e-05
1.836500000000208274e+03,8.650532823114305667e-05
1.836600000000208411e+03,8.693973645421143202e-05
1.836700000000208547e+03,8.737522263759824048e-05
1.836800000000208456e+03,8.781178884171193940e-05
1.836900000000208365e+03,8.824943713025387075e-05
1.837000000000208502e+03,8.868816957002623538e-05
1.837100000000208638e+03,8.903305296168779635e-05
1.837200000000208547e+03,8.937874674817823694e-05
1.837300000000208456e+03,8.972525244395695922e-05
1.837400000000208593e+03,9.007257156587473578e-05
1.837500000000208729e+03,9.042070563317846667e-05
1.837600000000208638e+03,9.076965616751481148e-05
1.837700000000208547e+03,9.111964471000255357e-05
1.837800000000208684e+03,9.147047857456032827e-05
1.837900000000208820e+03,9.182213537148641643e-05
1.838000000000208729e+03,9.217461663846876377e-05
1.838100000000208638e+03,9.242017413575885827e-05
1.838200000000208775e+03,9.266624010811081304e-05
1.838300000000208911e+03,9.291281544616974324e-05
1.838400000000208820e+03,9.315990104193476993e-05
1.838500000000208729e+03,9.340749778875716335e-05
1.838600000000208865e+03,9.365560658134572327e-05
1.838700000000209002e+03,9.390422831576550507e-05
1.838800000000208911e+03,9.415336388944139760e-05
1.838900000000208820e+03,9.440301420115999344e-05
1.839000000000208956e+03,9.465318015082512838e-05
1.839100000000209093e+03,9.478591074510768781e-05
1.839200000000209002e+03,9.491881122442579757e-05
1.839300000000208911e+03,9.505188178400271687e-05
1.839400000000209047e+03,9.518512261925802685e-05
1.839500000000209184e+03,9.531853392580664120e-05
1.839600000000209093e+03,9.545186921585856936e-05
1.839700000000209002e+03,9.558522599508169847e-05
1.839800000000209138e+03,9.571875271497511464e-05
1.839900000000209275e+03,9.585244956977889545e-05
1.840000000000209184e+03,9.598631675366118166e-05
1.840100000000209093e+03,9.599505235850506915e-05
1.840200000000209229e+03,9.600359001627490067e-05
1.840300000000209366e+03,9.601192917116585729e-05
1.840400000000209275e+03,9.602006926632694628e-05
1.840500000000209184e+03,9.602800974386083849e-05
1.840600000000209320e+03,9.603575004482053446e-05
1.840700000000209457e+03,9.604328960920940504e-05
1.840800000000209366e+03,9.605062787597652934e-05
1.840900000000209275e+03,9.605834409476904313e-05
1.841000000000209411e+03,9.606586742330860593e-05
1.841100000000209548e+03,9.594334287819422040e-05
1.841200000000209457e+03,9.582010949780946129e-05
1.841300000000209366e+03,9.569635501262777489e-05
1.841400000000209502e+03,9.557201440082975735e-05
1.841500000000209639e+03,9.544708631896690356e-05
1.841600000000209548e+03,9.532181153734314914e-05
1.841700000000209457e+03,9.519677450511191492e-05
1.841800000000209593e+03,9.507114308589805450e-05
1.841900000000209729e+03,9.494491590694957171e-05
1.842000000000209639e+03,9.481809159282917265e-05
1.842100000000209548e+03,9.456215567001074313e-05
1.842200000000209684e+03,9.430523183691939869e-05
1.842300000000209820e+03,9.404731789693718399e-05
1.842400000000209729e+03,9.378841164962304353e-05
1.842500000000209639e+03,9.352863545078394147e-05
1.842600000000209775e+03,9.326806999234174501e-05
1.842700000000209911e+03,9.300650374712628480e-05
1.842800000000209820e+03,9.274393448853446298e-05
1.842900000000209729e+03,9.248035998607773991e-05
1.843000000000209866e+03,9.221577800511336046e-05
1.843100000000210002e+03,9.182471898409668592e-05
1.843200000000209911e+03,9.143227796447745944e-05
1.843300000000209820e+03,9.103845194418322699e-05
1.843400000000209957e+03,9.064283036964556543e-05
1.843500000000210093e+03,9.024567391848477922e-05
1.843600000000210002e+03,8.984712834563453071e-05
1.843700000000209911e+03,8.944719065360546466e-05
1.843800000000210048e+03,8.904585783978379845e-05
1.843900000000210184e+03,8.864291213703984521e-05
1.844000000000210093e+03,8.823846654990101209e-05
1.844100000000210002e+03,8.771736551189524662e-05
1.844200000000210139e+03,8.719451274409415083e-05
1.844300000000210275e+03,8.666990450520988692e-05
1.844400000000210184e+03,8.614353704758604064e-05
1.844500000000210093e+03,8.561540661718390610e-05
1.844600000000210230e+03,8.508550945357764759e-05
1.844700000000210366e+03,8.455397820822069894e-05
1.844800000000210275e+03,8.402076027963728631e-05
1.844900000000210184e+03,8.348576142231090805e-05
1.845000000000210321e+03,8.294897783580252898e-05
1.845100000000210457e+03,8.231001603749087776e-05
1.845200000000210366e+03,8.166900048670489454e-05
1.845300000000210275e+03,8.102616049579229487e-05
1.845400000000210412e+03,8.038120635830274822e-05
1.845500000000210548e+03,7.973412941981207209e-05
1.845600000000210457e+03,7.908492513741303769e-05
1.845700000000210366e+03,7.843358896039561649e-05
1.845800000000210503e+03,7.778011633023799488e-05
1.845900000000210639e+03,7.712450268059405166e-05
1.846000000000210548e+03,7.646674343711430200e-05
1.846100000000210457e+03,7.572532358143948617e-05
1.846200000000210593e+03,7.498150941159696322e-05
1.846300000000210730e+03,7.423529584247906456e-05
1.846400000000210639e+03,7.348667778029458375e-05
1.846500000000210548e+03,7.273565012254901694e-05
1.846600000000210684e+03,7.198220775803820673e-05
1.846700000000210821e+03,7.122634556684038685e-05
1.846800000000210730e+03,7.046805842029514860e-05
1.846900000000210639e+03,6.970734118099505188e-05
1.847000000000210775e+03,6.894418870265047936e-05
1.847100000000210912e+03,6.812264489700322668e-05
1.847200000000210821e+03,6.729840966229673916e-05
1.847300000000210730e+03,6.647154448321885482e-05
1.847400000000210866e+03,6.564204377957644644e-05
1.847500000000211003e+03,6.480990196162758784e-05
1.847600000000210912e+03,6.397485910622049726e-05
1.847700000000210821e+03,6.313703503924879409e-05
1.847800000000210957e+03,6.229656335329062668e-05
1.847900000000211094e+03,6.145343846819355249e-05
1.848000000000211003e+03,6.060778406725773188e-05
1.848100000000210912e+03,5.973186646219309250e-05
1.848200000000211048e+03,5.885305926353627179e-05
1.848300000000211185e+03,5.797133424026651107e-05
1.848400000000211094e+03,5.708686029019390901e-05
1.848500000000211003e+03,5.619963167247550426e-05
1.848600000000211139e+03,5.530964263659422314e-05
1.848700000000211276e+03,5.441688742234889137e-05
1.848800000000211185e+03,5.352136025983709691e-05
1.848900000000211094e+03,5.262305536943774110e-05
1.849000000000211230e+03,5.172196696264037201e-05
1.849100000000211367e+03,5.121605961495683657e-05
1.849200000000211276e+03,5.070852391629784037e-05
1.849300000000211185e+03,5.019935641719978860e-05
1.849400000000211321e+03,4.968839342748114789e-05
1.849500000000211458e+03,4.917577818924923495e-05
1.849600000000211367e+03,4.866152443833699610e-05
1.849700000000211276e+03,4.814562871938507385e-05
1.849800000000211412e+03,4.762808757117124685e-05
1.849900000000211548e+03,4.710889752660485971e-05
1.850000000000211458e+03,4.658805511538633711e-05
1.850100000000211367e+03,4.733027849333192727e-05
1.850200000000211503e+03,4.807459228358123708e-05
1.850300000000211639e+03,4.882100071113010801e-05
1.850400000000211548e+03,4.956950800798553072e-05
1.850500000000211458e+03,5.032011841318088490e-05
1.850600000000211594e+03,5.107283617278275618e-05
1.850700000000211730e+03,5.182766553989603866e-05
1.850800000000211639e+03,5.258461077467884267e-05
1.850900000000211548e+03,5.334367614435327583e-05
1.851000000000211685e+03,5.410519105230549779e-05
1.851100000000211821e+03,5.488905508621429944e-05
1.851200000000211730e+03,5.567525456479377607e-05
1.851300000000211639e+03,5.646374082298306175e-05
1.851400000000211776e+03,5.725444893985171533e-05
1.851500000000211912e+03,5.804738343430252621e-05
1.851600000000211821e+03,5.884254883280735666e-05
1.851700000000211730e+03,5.963990118507353521e-05
1.851800000000211867e+03,6.043917075445862959e-05
1.851900000000212003e+03,6.124051207108657303e-05
1.852000000000211912e+03,6.204408832942636483e-05
1.852100000000211821e+03,6.285886145262071763e-05
1.852200000000211958e+03,6.367591746682389720e-05
1.852300000000212094e+03,6.449526100228189214e-05
1.852400000000212003e+03,6.531689669698478124e-05
1.852500000000211912e+03,6.614082919667643712e-05
1.852600000000212049e+03,6.696683579905684494e-05
1.852700000000212185e+03,6.779513116298213822e-05
1.852800000000212094e+03,6.862573137843692691e-05
1.852900000000212003e+03,6.945864109747084411e-05
1.853000000000212140e+03,7.029386497986342365e-05
1.853100000000212276e+03,7.112622488554562017e-05
1.853200000000212185e+03,7.196088469646708141e-05
1.853300000000212094e+03,7.279784902726243664e-05
1.853400000000212231e+03,7.363712250019461257e-05
1.853500000000212367e+03,7.447892825027726269e-05
1.853600000000212276e+03,7.532310514709605084e-05
1.853700000000212185e+03,7.616961114547670937e-05
1.853800000000212322e+03,7.701845092327296439e-05
1.853900000000212458e+03,7.786962916608183263e-05
1.854000000000212367e+03,7.872315056722363144e-05
1.854100000000212276e+03,7.956019321722907205e-05
1.854200000000212412e+03,8.039954765418365389e-05
1.854300000000212549e+03,8.124121854705597140e-05
1.854400000000212458e+03,8.208500762198054539e-05
1.854500000000212367e+03,8.293102745680513597e-05
1.854600000000212503e+03,8.377937173799499925e-05
1.854700000000212640e+03,8.463004514072969026e-05
1.854800000000212549e+03,8.548305234796340160e-05
1.854900000000212458e+03,8.633839805044129427e-05
1.855000000000212594e+03,8.719608694662575837e-05
1.855100000000212731e+03,8.801906282835184059e-05
1.855200000000212640e+03,8.884472384929872945e-05
1.855300000000212549e+03,8.967248497928018299e-05
1.855400000000212685e+03,9.050249463316620811e-05
1.855500000000212822e+03,9.133475730494334079e-05
1.855600000000212731e+03,9.216927749603455130e-05
1.855700000000212640e+03,9.300605971530977450e-05
1.855800000000212776e+03,9.384510847909412266e-05
1.855900000000212913e+03,9.468642831117603058e-05
1.856000000000212822e+03,9.552974267144722135e-05
1.856100000000212731e+03,9.632127649863716590e-05
1.856200000000212867e+03,9.711499013911295791e-05
1.856300000000213004e+03,9.791117316072045441e-05
1.856400000000212913e+03,9.870949054944288333e-05
1.856500000000212822e+03,9.950994654946004067e-05
1.856600000000212958e+03,1.003125454119531613e-04
1.856700000000213095e+03,1.011176052091353037e-04
1.856800000000213004e+03,1.019248687950947806e-04
1.856900000000212913e+03,1.027342938141467279e-04
1.857000000000213049e+03,1.035458845684306416e-04
1.857100000000213186e+03,1.042873760457897487e-04
1.857200000000213095e+03,1.050308280141839401e-04
1.857300000000213004e+03,1.057762443577812950e-04
1.857400000000213140e+03,1.065236289671577717e-04
1.857500000000213277e+03,1.072729857393047830e-04
1.857600000000213186e+03,1.080243185776373957e-04
1.857700000000213095e+03,1.087776313920099566e-04
1.857800000000213231e+03,1.095329280987206730e-04
1.857900000000213367e+03,1.102902126205174680e-04
1.858000000000213277e+03,1.110494192542401168e-04
1.858100000000213186e+03,1.117180058248354362e-04
1.858200000000213322e+03,1.123883041446533868e-04
1.858300000000213458e+03,1.130603175383252290e-04
1.858400000000213367e+03,1.137340493358703422e-04
1.858500000000213277e+03,1.144097523172064786e-04
1.858600000000213413e+03,1.150873430149989234e-04
1.858700000000213549e+03,1.157666669794617215e-04
1.858800000000213458e+03,1.164477275806532423e-04
1.858900000000213367e+03,1.171305281941070487e-04
1.859000000000213504e+03,1.178150722006058822e-04
1.859100000000213640e+03,1.183922555179846064e-04
1.859200000000213549e+03,1.189708710581527661e-04
1.859300000000213458e+03,1.195509215769641068e-04
1.859400000000213595e+03,1.201324098347318332e-04
1.859500000000213731e+03,1.207153385962379604e-04
1.859600000000213640e+03,1.212997106307335982e-04
1.859700000000213549e+03,1.218855287119567323e-04
1.859800000000213686e+03,1.224727956181278197e-04
1.859900000000213822e+03,1.230615141319578660e-04
1.860000000000213731e+03,1.236514163373264434e-04
1.860100000000213640e+03,1.241130573771793109e-04
1.860200000000213777e+03,1.245757603299873985e-04
1.860300000000213913e+03,1.250395271464104733e-04
1.860400000000213822e+03,1.255043597801490287e-04
1.860500000000213731e+03,1.259702601879450165e-04
1.860600000000213868e+03,1.264372303295842586e-04
1.860700000000214004e+03,1.269052721678988059e-04
1.860800000000213913e+03,1.273743876687761535e-04
1.860900000000213822e+03,1.278445788011583193e-04
1.861000000000213959e+03,1.283158475367473204e-04
1.861100000000214095e+03,1.286458770098056919e-04
1.861200000000214004e+03,1.289764724652151917e-04
1.861300000000213913e+03,1.293073789912398944e-04
1.861400000000214050e+03,1.296389541260199805e-04
1.861500000000214186e+03,1.299711990177681057e-04
1.861600000000214095e+03,1.303041148164117268e-04
1.861700000000214004e+03,1.306377026735953246e-04
1.861800000000214141e+03,1.309719637426830599e-04
1.861900000000214277e+03,1.313068991787561988e-04
1.862000000000214186e+03,1.316425101382837320e-04
1.862100000000214095e+03,1.318226954933896856e-04
1.862200000000214231e+03,1.320036892974181921e-04
1.862300000000214368e+03,1.321852121570295160e-04
1.862400000000214277e+03,1.323670135260921811e-04
1.862500000000214186e+03,1.325490427666377595e-04
1.862600000000214322e+03,1.327313001344008396e-04
1.862700000000214459e+03,1.329137858853649695e-04
1.862800000000214368e+03,1.330965002757619525e-04
1.862900000000214277e+03,1.332794435620763467e-04
1.863000000000214413e+03,1.334626160006860786e-04
1.863100000000214550e+03,1.334788574586101627e-04
1.863200000000214459e+03,1.334948288923610052e-04
1.863300000000214368e+03,1.335105464268067843e-04
1.863400000000214504e+03,1.335260093526553370e-04
1.863500000000214641e+03,1.335412169592952976e-04
1.863600000000214550e+03,1.335560787546163876e-04
1.863700000000214459e+03,1.335702187799537449e-04
1.863800000000214595e+03,1.335841011893843324e-04
1.863900000000214732e+03,1.335977252702182062e-04
1.864000000000214641e+03,1.336110903080803280e-04
1.864100000000214550e+03,1.334526067416001813e-04
1.864200000000214686e+03,1.332933658615018872e-04
1.864300000000214823e+03,1.331333659536033183e-04
1.864400000000214732e+03,1.329726053007735341e-04
1.864500000000214641e+03,1.328110821829386629e-04
1.864600000000214777e+03,1.326487948770689184e-04
1.864700000000214914e+03,1.324857416571819334e-04
1.864800000000214823e+03,1.323219207943318642e-04
1.864900000000214732e+03,1.321573305566096067e-04
1.865000000000214868e+03,1.319919692087668768e-04
1.865100000000215005e+03,1.316525108741581687e-04
1.865200000000214914e+03,1.313117917872421933e-04
1.865300000000214823e+03,1.309698092650566996e-04
1.865400000000214959e+03,1.306265606201937202e-04
1.865500000000215095e+03,1.302816831966733830e-04
1.865600000000215005e+03,1.299353550754549279e-04
1.865700000000214914e+03,1.295877555925959693e-04
1.865800000000215050e+03,1.292386376609978415e-04
1.865900000000215186e+03,1.288881430459350586e-04
1.866000000000215095e+03,1.285363708604020437e-04
1.866100000000215005e+03,1.280176891039637693e-04
1.866200000000215141e+03,1.274984664608591470e-04
1.866300000000215277e+03,1.269776807263118677e-04
1.866400000000215186e+03,1.264551134576595895e-04
1.866500000000215095e+03,1.259307609202378251e-04
1.866600000000215232e+03,1.254046193731986651e-04
1.866700000000215368e+03,1.248766850695065230e-04
1.866800000000215277e+03,1.243469542559258293e-04
1.866900000000215186e+03,1.238154702513048213e-04
1.867000000000215323e+03,1.232828894718778281e-04
1.867100000000215459e+03,1.225926216329400098e-04
1.867200000000215368e+03,1.219004792007609899e-04
1.867300000000215277e+03,1.212061202054159518e-04
1.867400000000215414e+03,1.205094887318102382e-04
1.867500000000215550e+03,1.198105800659263832e-04
1.867600000000215459e+03,1.191093894859650873e-04
1.867700000000215368e+03,1.184059122623400801e-04
1.867800000000215505e+03,1.176996788300377941e-04
1.867900000000215641e+03,1.169909008947509871e-04
1.868000000000215550e+03,1.162798307892099040e-04
1.868100000000215459e+03,1.154288455015398953e-04
1.868200000000215596e+03,1.145750733562280675e-04
1.868300000000215732e+03,1.137186110457969260e-04
1.868400000000215641e+03,1.128594530944343520e-04
1.868500000000215550e+03,1.119975940174397207e-04
1.868600000000215687e+03,1.111330283212095892e-04
1.868700000000215823e+03,1.102657505032367485e-04
1.868800000000215732e+03,1.093957550520900299e-04
1.868900000000215641e+03,1.085230364473970660e-04
1.869000000000215778e+03,1.076475891595990854e-04
1.869100000000215914e+03,1.066577010270429937e-04
1.869200000000215823e+03,1.056647434665402814e-04
1.869300000000215732e+03,1.046687102467676978e-04
1.869400000000215869e+03,1.036696171361544755e-04
1.869500000000216005e+03,1.026677795652093536e-04
1.869600000000215914e+03,1.016628404117220561e-04
1.869700000000215823e+03,1.006547933707038252e-04
1.869800000000215960e+03,9.964363212690321146e-05
1.869900000000216096e+03,9.862935035478897030e-05
1.870000000000216005e+03,9.761194171836309126e-05
1.870100000000215914e+03,9.650923133871631119e-05
1.870200000000216050e+03,9.540317291617414442e-05
1.870300000000216187e+03,9.429375973208860057e-05
1.870400000000216096e+03,9.318067613353454913e-05
1.870500000000216005e+03,9.206420883489553478e-05
1.870600000000216141e+03,9.094437455176024180e-05
1.870700000000216278e+03,8.982116655809922810e-05
1.870800000000216187e+03,8.869457811711827931e-05
1.870900000000216096e+03,8.756460248124294530e-05
1.871000000000216232e+03,8.643123289201086533e-05
1.871100000000216369e+03,8.525075842029524679e-05
1.871200000000216278e+03,8.406723372881701488e-05
1.871300000000216187e+03,8.288014554490614355e-05
1.871400000000216323e+03,8.168947516584372092e-05
1.871500000000216460e+03,8.049521537754559923e-05
1.871600000000216369e+03,7.929735895424952648e-05
1.871700000000216278e+03,7.809589865849643042e-05
1.871800000000216414e+03,7.689082724111880398e-05
1.871900000000216551e+03,7.568213744123010727e-05
1.872000000000216460e+03,7.446956630615414615e-05
1.872100000000216369e+03,7.326111829068389088e-05
1.872200000000216505e+03,7.204926434408058847e-05
1.872300000000216642e+03,7.083390195850491813e-05
1.872400000000216551e+03,6.961493827203278336e-05
1.872500000000216460e+03,6.839236612972377991e-05
1.872600000000216596e+03,6.716617836521733098e-05
1.872700000000216733e+03,6.593636780072330891e-05
1.872800000000216642e+03,6.470285662889130730e-05
1.872900000000216551e+03,6.346561034924007826e-05
1.873000000000216687e+03,6.222472631782056355e-05
1.873100000000216824e+03,6.320848484629879255e-05
1.873200000000216733e+03,6.419488820258818166e-05
1.873300000000216642e+03,6.518394145702375187e-05
1.873400000000216778e+03,6.617564968786525598e-05
1.873500000000216914e+03,6.717001798130308756e-05
1.873600000000216824e+03,6.816681396891712745e-05
1.873700000000216733e+03,6.916626777731030285e-05
1.873800000000216869e+03,7.016838981392211814e-05
1.873900000000217005e+03,7.117318516859096836e-05
1.874000000000216914e+03,7.218065893913551867e-05
1.874100000000216824e+03,7.322114126575047653e-05
1.874200000000216960e+03,7.426440644567177546e-05
1.874300000000217096e+03,7.531045980313300959e-05
1.874400000000217005e+03,7.635930667067887393e-05
1.874500000000216914e+03,7.741095238918279612e-05
1.874600000000217051e+03,7.846540230785231684e-05
1.874700000000217187e+03,7.952266178423278962e-05
1.874800000000217096e+03,8.058273618422949860e-05
1.874900000000217005e+03,8.164563088211486842e-05
1.875000000000217142e+03,8.271135126057436668e-05
1.875100000000217278e+03,8.379491996603656838e-05
1.875200000000217187e+03,8.488135261807955420e-05
1.875300000000217096e+03,8.597065464529753023e-05
1.875400000000217233e+03,8.706330752855336638e-05
1.875500000000217369e+03,8.815890991527582207e-05
1.875600000000217278e+03,8.925741145061233969e-05
1.875700000000217187e+03,9.035881764945613527e-05
1.875800000000217324e+03,9.146313403526922696e-05
1.875900000000217460e+03,9.257036614009026844e-05
1.876000000000217369e+03,9.368051950455239755e-05
1.876100000000217278e+03,9.479424946125016027e-05
1.876200000000217415e+03,9.591093818905133074e-05
1.876300000000217551e+03,9.703045718097651857e-05
1.876400000000217460e+03,9.815255354593920684e-05
1.876500000000217369e+03,9.927761368538307409e-05
1.876600000000217506e+03,1.004056432521719717e-04
1.876700000000217642e+03,1.015366479079905760e-04
1.876800000000217551e+03,1.026706333233611392e-04
1.876900000000217460e+03,1.038076051776625169e-04
1.877000000000217597e+03,1.049475691590894298e-04
1.877100000000217733e+03,1.060706255430182558e-04
1.877200000000217642e+03,1.071966133783891316e-04
1.877300000000217551e+03,1.083255382042560140e-04
1.877400000000217688e+03,1.094574055682382194e-04
1.877500000000217824e+03,1.105922210265267261e-04
1.877600000000217733e+03,1.117299901439014400e-04
1.877700000000217642e+03,1.128710785896119883e-04
1.877800000000217779e+03,1.140151813898881343e-04
1.877900000000217915e+03,1.151618096432992266e-04
1.878000000000217824e+03,1.163111592720435028e-04
1.878100000000217733e+03,1.174238743401855430e-04
1.878200000000217869e+03,1.185394577929841964e-04
1.878300000000218006e+03,1.196579150090803145e-04
1.878400000000217915e+03,1.207792513753721137e-04
1.878500000000217824e+03,1.219034722870336070e-04
1.878600000000217960e+03,1.230309189213439310e-04
1.878700000000218097e+03,1.241613702097332502e-04
1.878800000000218006e+03,1.252947303240134469e-04
1.878900000000217915e+03,1.264310047228234875e-04
1.879000000000218051e+03,1.275701988730623595e-04
1.879100000000218188e+03,1.286503721369765176e-04
1.879200000000218097e+03,1.297332986354999412e-04
1.879300000000218006e+03,1.308189835083859722e-04
1.879400000000218142e+03,1.319074319032584471e-04
1.879500000000218279e+03,1.329986489756177143e-04
1.879600000000218188e+03,1.340933040966914638e-04
1.879700000000218097e+03,1.351909065879964449e-04
1.879800000000218233e+03,1.362912670120987107e-04
1.879900000000218370e+03,1.373940664269111107e-04
1.880000000000218279e+03,1.384992105054260142e-04
1.880100000000218188e+03,1.395206965007734167e-04
1.880200000000218324e+03,1.405447244566286808e-04
1.880300000000218461e+03,1.415717051170261589e-04
1.880400000000218370e+03,1.426014286067799086e-04
1.880500000000218279e+03,1.436337167057958383e-04
1.880600000000218415e+03,1.446685741328672295e-04
1.880700000000218552e+03,1.457060056139165350e-04
1.880800000000218461e+03,1.467460158820139461e-04
1.880900000000218370e+03,1.477886096773824338e-04
1.881000000000218506e+03,1.488337917471796348e-04
1.881100000000218643e+03,1.497748378407075449e-04
1.881200000000218552e+03,1.507182043112739159e-04
1.881300000000218461e+03,1.516627855188908722e-04
1.881400000000218597e+03,1.526093221522516273e-04
1.881500000000218733e+03,1.535581736670404746e-04
1.881600000000218643e+03,1.545093442962988759e-04
1.881700000000218552e+03,1.554628382794614810e-04
1.881800000000218688e+03,1.564186598623536065e-04
1.881900000000218824e+03,1.573768132972036234e-04
1.882000000000218733e+03,1.583373028423569983e-04
1.882100000000218643e+03,1.591673105287973265e-04
1.882200000000218779e+03,1.599998311655706658e-04
1.882300000000218915e+03,1.608343338154185026e-04
1.882400000000218824e+03,1.616708220644403260e-04
1.882500000000218733e+03,1.625092995041222126e-04
1.882600000000218870e+03,1.633497697313418138e-04
1.882700000000219006e+03,1.641926360353072563e-04
1.882800000000218915e+03,1.650376913049787688e-04
1.882900000000218824e+03,1.658847561504142685e-04
1.883000000000218961e+03,1.667338342103135568e-04
1.883100000000219097e+03,1.674311564845339659e-04
1.883200000000219006e+03,1.681295538485808646e-04
1.883300000000218915e+03,1.688295505350543180e-04
1.883400000000219052e+03,1.695311494022757074e-04
1.883500000000219188e+03,1.702343533128492295e-04
1.883600000000219097e+03,1.709391651336584540e-04
1.883700000000219006e+03,1.716455877358853514e-04
1.883800000000219143e+03,1.723536239950093174e-04
1.883900000000219279e+03,1.730632767908068474e-04
1.884000000000219188e+03,1.737745490069783540e-04
1.884100000000219097e+03,1.743130883336074062e-04
1.884200000000219234e+03,1.748527849582647551e-04
1.884300000000219370e+03,1.753936295993184329e-04
1.884400000000219279e+03,1.759356242497729151e-04
1.884500000000219188e+03,1.764787709055839842e-04
1.884600000000219325e+03,1.770214338537371682e-04
1.884700000000219461e+03,1.775648816779162593e-04
1.884800000000219370e+03,1.781094750564261614e-04
1.884900000000219279e+03,1.786552159567567392e-04
1.885000000000219416e+03,1.792021063488441425e-04
1.885100000000219552e+03,1.795529136559756965e-04
1.885200000000219461e+03,1.799043212597174681e-04
1.885300000000219370e+03,1.802563300680924631e-04
1.885400000000219507e+03,1.806089409903327081e-04
1.885500000000219643e+03,1.809621549368857561e-04
1.885600000000219552e+03,1.813159728194094547e-04
1.885700000000219461e+03,1.816703955507841710e-04
1.885800000000219597e+03,1.820254240451070992e-04
1.885900000000219734e+03,1.823810592176892519e-04
1.886000000000219643e+03,1.827373019846095282e-04
1.886100000000219552e+03,1.828854898305038573e-04
1.886200000000219688e+03,1.830337072122295951e-04
1.886300000000219825e+03,1.831819539388011137e-04
1.886400000000219734e+03,1.833302298187432407e-04
1.886500000000219643e+03,1.834785346600846729e-04
1.886600000000219779e+03,1.836268682703634514e-04
1.886700000000219916e+03,1.837752304566228959e-04
1.886800000000219825e+03,1.839232276574702483e-04
1.886900000000219734e+03,1.840705936151627398e-04
1.887000000000219870e+03,1.842178922154128807e-04
1.887100000000220007e+03,1.841431949443513808e-04
1.887200000000219916e+03,1.840679375405410221e-04
1.887300000000219825e+03,1.839927209925795867e-04
1.887400000000219961e+03,1.839169159515151883e-04
1.887500000000220098e+03,1.838405210526645583e-04
1.887600000000220007e+03,1.837635349290605560e-04
1.887700000000219916e+03,1.836859562114463143e-04
1.887800000000220052e+03,1.836077835282721494e-04
1.887900000000220189e+03,1.835290155056972959e-04
1.888000000000220098e+03,1.834496507670865925e-04
1.888100000000220007e+03,1.831449893318754494e-04
1.888200000000220143e+03,1.828385062535875267e-04
1.888300000000220280e+03,1.825307311504851832e-04
1.888400000000220189e+03,1.822217204483494318e-04
1.888500000000220098e+03,1.819114715357526509e-04
1.888600000000220234e+03,1.815999817970363099e-04
1.888700000000220371e+03,1.812872486123103997e-04
1.888800000000220280e+03,1.809735182774903589e-04
1.888900000000220189e+03,1.806593970336081451e-04
1.889000000000220325e+03,1.803440206542257322e-04
1.889100000000220462e+03,1.798059166923497720e-04
1.889200000000220371e+03,1.792659165039626329e-04
1.889300000000220280e+03,1.787240161555078450e-04
1.889400000000220416e+03,1.781802117070428791e-04
1.889500000000220552e+03,1.776343488757896945e-04
1.889600000000220462e+03,1.770859840007087713e-04
1.889700000000220371e+03,1.765348337256716178e-04
1.889800000000220507e+03,1.759815659256362902e-04
1.889900000000220643e+03,1.754263855209202384e-04
1.890000000000220552e+03,1.748692885937609177e-04
1.890100000000220462e+03,1.740948452008080137e-04
1.890200000000220598e+03,1.733178883166053405e-04
1.890300000000220734e+03,1.725384128975408044e-04
1.890400000000220643e+03,1.717567184567848015e-04
1.890500000000220552e+03,1.709726482411184467e-04
1.890600000000220689e+03,1.701860401250265245e-04
1.890700000000220825e+03,1.693968890119252355e-04
1.890800000000220734e+03,1.686051897971606837e-04
1.890900000000220643e+03,1.678109373679998514e-04
1.891000000000220780e+03,1.670141266031840695e-04
1.891100000000220916e+03,1.660193666042484749e-04
1.891200000000220825e+03,1.650214666730473239e-04
1.891300000000220734e+03,1.640204205052775085e-04
1.891400000000220871e+03,1.630162217865892965e-04
1.891500000000221007e+03,1.620088641925768993e-04
1.891600000000220916e+03,1.609983413887631034e-04
1.891700000000220825e+03,1.599846470305779384e-04
1.891800000000220962e+03,1.589677747633510337e-04
1.891900000000221098e+03,1.579477182223071189e-04
1.892000000000221007e+03,1.569244710321548400e-04
1.892100000000220916e+03,1.557248654039053448e-04
1.892200000000221053e+03,1.545215969681361043e-04
1.892300000000221189e+03,1.533146584871750953e-04
1.892400000000221098e+03,1.521040427119742494e-04
1.892500000000221007e+03,1.508897423820798264e-04
1.892600000000221144e+03,1.496717502256313039e-04
1.892700000000221280e+03,1.484501968341534449e-04
1.892800000000221189e+03,1.472253187379622534e-04
1.892900000000221098e+03,1.459967181897190022e-04
1.893000000000221235e+03,1.447645124991189065e-04
1.893100000000221371e+03,1.433925966268484020e-04
1.893200000000221280e+03,1.420165092780828031e-04
1.893300000000221189e+03,1.406362421292923917e-04
1.893400000000221326e+03,1.392517868436553481e-04
1.893500000000221462e+03,1.378631350710469625e-04
1.893600000000221371e+03,1.364703427667568990e-04
1.893700000000221280e+03,1.350737498587894949e-04
1.893800000000221416e+03,1.336729253956386344e-04
1.893900000000221553e+03,1.322674550691047262e-04
1.894000000000221462e+03,1.308576944623474482e-04
1.894100000000221371e+03,1.293487998028098598e-04
1.894200000000221507e+03,1.278351449388257508e-04
1.894300000000221644e+03,1.263169203029556567e-04
1.894400000000221553e+03,1.247941167470816861e-04
1.894500000000221462e+03,1.232667251083775523e-04
1.894600000000221598e+03,1.217347362092930833e-04
1.894700000000221735e+03,1.201981408575458185e-04
1.894800000000221644e+03,1.186569298460877516e-04
1.894900000000221553e+03,1.171110939530862750e-04
1.895000000000221689e+03,1.155606239417986976e-04
1.895100000000221826e+03,1.139576044844592260e-04
1.895200000000221735e+03,1.123498187071913335e-04
1.895300000000221644e+03,1.107372571577167725e-04
1.895400000000221780e+03,1.091199103687055469e-04
1.895500000000221917e+03,1.074977688577600691e-04
1.895600000000221826e+03,1.058708231273919451e-04
1.895700000000221735e+03,1.042390636649922532e-04
1.895800000000221871e+03,1.026024809428188321e-04
1.895900000000222008e+03,1.009610654179829317e-04
1.896000000000221917e+03,9.931480753358761134e-05
1.896100000000221826e+03,9.818823480050862845e-05
1.896200000000221962e+03,9.705825978434570571e-05
1.896300000000222099e+03,9.592487568075724772e-05
1.896400000000222008e+03,9.478807567448047707e-05
1.896500000000221917e+03,9.364785293931359919e-05
1.896600000000222053e+03,9.250420063810079971e-05
1.896700000000222190e+03,9.135711192272928996e-05
1.896800000000222099e+03,9.020652233371970338e-05
1.896900000000222008e+03,8.905222636905203021e-05
1.897000000000222144e+03,8.789448158254173056e-05
1.897100000000222281e+03,8.922640703181023683e-05
1.897200000000222190e+03,9.056186334598109343e-05
1.897300000000222099e+03,9.190065722133084912e-05
1.897400000000222235e+03,9.324304488340894850e-05
1.897500000000222371e+03,9.458930424614953980e-05
1.897600000000222281e+03,9.593912631443635890e-05
1.897700000000222190e+03,9.729251783546534742e-05
1.897800000000222326e+03,9.864948556686992576e-05
1.897900000000222462e+03,1.000100362767313879e-04
1.898000000000222371e+03,1.013741767436760459e-04
1.898100000000222281e+03,1.027786086365431938e-04
1.898200000000222417e+03,1.041871098351697107e-04
1.898300000000222553e+03,1.055997215792771273e-04
1.898400000000222462e+03,1.070160784478038966e-04
1.898500000000222371e+03,1.084361875698852998e-04
1.898600000000222508e+03,1.098600560857639037e-04
1.898700000000222644e+03,1.112876911467936529e-04
1.898800000000222553e+03,1.127190999154636415e-04
1.898900000000222462e+03,1.141542895654194719e-04
1.899000000000222599e+03,1.155932672815109999e-04
1.899100000000222735e+03,1.170557069005765912e-04
1.899200000000222644e+03,1.185220358448822530e-04
1.899300000000222553e+03,1.199922615715811800e-04
1.899400000000222690e+03,1.214663915495518067e-04
1.899500000000222826e+03,1.229444332594112246e-04
1.899600000000222735e+03,1.244260458739495409e-04
1.899700000000222644e+03,1.259114848313210944e-04
1.899800000000222781e+03,1.274008475138883130e-04
1.899900000000222917e+03,1.288941414080405534e-04
1.900000000000222826e+03,1.303913740118729510e-04
1.900100000000222735e+03,1.318883967374198348e-04
1.900200000000222872e+03,1.333893325530321832e-04
1.900300000000223008e+03,1.348941888462283818e-04
1.900400000000222917e+03,1.364029730159475580e-04
1.900500000000222826e+03,1.379160155639635283e-04
1.900600000000222963e+03,1.394330446140055286e-04
1.900700000000223099e+03,1.409535687630947309e-04
1.900800000000223008e+03,1.424780483725650955e-04
1.900900000000222917e+03,1.440069610403766091e-04
1.901000000000223054e+03,1.455414269609770796e-04
1.901100000000223190e+03,1.470540205106072695e-04
1.901200000000223099e+03,1.485705802712322914e-04
1.901300000000223008e+03,1.500911138136528213e-04
1.901400000000223145e+03,1.516159146971803485e-04
1.901500000000223281e+03,1.531449620910023748e-04
1.901600000000223190e+03,1.546780168844033793e-04
1.901700000000223099e+03,1.562150867384715970e-04
1.901800000000223235e+03,1.577561793263647372e-04
1.901900000000223372e+03,1.593013023333164613e-04
1.902000000000223281e+03,1.608504634565445783e-04
1.902100000000223190e+03,1.623488541466631594e-04
1.902200000000223326e+03,1.638511080718432094e-04
1.902300000000223463e+03,1.653569960940640777e-04
1.902400000000223372e+03,1.668664071045769352e-04
1.902500000000223281e+03,1.683796925391604265e-04
1.902600000000223417e+03,1.698968596721739702e-04
1.902700000000223554e+03,1.714179157892123015e-04
1.902800000000223463e+03,1.729433812492491311e-04
1.902900000000223372e+03,1.744728577011283883e-04
1.903000000000223508e+03,1.760062558942293717e-04
1.903100000000223645e+03,1.774632060513395293e-04
1.903200000000223554e+03,1.789237006674464204e-04
1.903300000000223463e+03,1.803874567914353310e-04
1.903400000000223599e+03,1.818549351411940108e-04
1.903500000000223736e+03,1.833261426872129967e-04
1.903600000000223645e+03,1.848010864107501455e-04
1.903700000000223554e+03,1.862802409020821760e-04
1.903800000000223690e+03,1.877633445326456563e-04
1.903900000000223827e+03,1.892502158533862912e-04
1.904000000000223736e+03,1.907408619284487871e-04
1.904100000000223645e+03,1.921283028413187143e-04
1.904200000000223781e+03,1.935192681279311144e-04
1.904300000000223918e+03,1.949139495708440294e-04
1.904400000000223827e+03,1.963128120196355601e-04
1.904500000000223736e+03,1.977152307245625567e-04
1.904600000000223872e+03,1.991208034819105940e-04
1.904700000000224009e+03,2.005296441259467712e-04
1.904800000000223918e+03,2.019424307171032178e-04
1.904900000000223827e+03,2.033596681738699817e-04
1.905000000000223963e+03,2.047805032190540470e-04
1.905100000000224099e+03,2.060605234343609751e-04
1.905200000000224009e+03,2.073437098649025603e-04
1.905300000000223918e+03,2.086300683995096481e-04
1.905400000000224054e+03,2.099196049361137957e-04
1.905500000000224190e+03,2.112123253817545904e-04
1.905600000000224099e+03,2.125082356525976202e-04
1.905700000000224009e+03,2.138061707969793486e-04
1.905800000000224145e+03,2.151071444253013613e-04
1.905900000000224281e+03,2.164113095321366963e-04
1.906000000000224190e+03,2.177186720099071851e-04
1.906100000000224099e+03,2.188577464049968192e-04
1.906200000000224236e+03,2.200002231614619466e-04
1.906300000000224372e+03,2.211456922396091518e-04
1.906400000000224281e+03,2.222939080875832726e-04
1.906500000000224190e+03,2.234448757384168392e-04
1.906600000000224327e+03,2.245986002328481050e-04
1.906700000000224463e+03,2.257550866193138361e-04
1.906800000000224372e+03,2.269143399539776638e-04
1.906900000000224281e+03,2.280757545985201721e-04
1.907000000000224418e+03,2.292397447061559322e-04
1.907100000000224554e+03,2.302040191684446842e-04
1.907200000000224463e+03,2.311704973900087349e-04
1.907300000000224372e+03,2.321393421728900599e-04
1.907400000000224509e+03,2.331110632037417852e-04
1.907500000000224645e+03,2.340850066540313358e-04
1.907600000000224554e+03,2.350611802240112837e-04
1.907700000000224463e+03,2.360396543864656230e-04
1.907800000000224600e+03,2.370208899173323748e-04
1.907900000000224736e+03,2.380046802070747954e-04
1.908000000000224645e+03,2.389913104675801142e-04
1.908100000000224554e+03,2.397525988491015780e-04
1.908200000000224691e+03,2.405155164922516474e-04
1.908300000000224827e+03,2.412800662331566755e-04
1.908400000000224736e+03,2.420462509121602910e-04
1.908500000000224645e+03,2.428140733738310959e-04
1.908600000000224782e+03,2.435835364669491942e-04
1.908700000000224918e+03,2.443546430445392870e-04
1.908800000000224827e+03,2.451273959638482301e-04
1.908900000000224736e+03,2.459017980863737103e-04
1.909000000000224873e+03,2.466781878092945499e-04
1.909100000000225009e+03,2.472070964477235530e-04
1.909200000000224918e+03,2.477369722635452010e-04
1.909300000000224827e+03,2.482678168095896242e-04
1.909400000000224964e+03,2.487996316408898887e-04
1.909500000000225100e+03,2.493324183146863882e-04
1.909600000000225009e+03,2.498661783904335652e-04
1.909700000000224918e+03,2.504009134297950872e-04
1.909800000000225054e+03,2.509366249966622233e-04
1.909900000000225191e+03,2.514705113381167085e-04
1.910000000000225100e+03,2.520044950099219498e-04
1.910100000000225009e+03,2.522598339574577903e-04
1.910200000000225145e+03,2.525153606508829954e-04
1.910300000000225282e+03,2.527710751182810577e-04
1.910400000000225191e+03,2.530269773875282787e-04
1.910500000000225100e+03,2.532830674862783190e-04
1.910600000000225236e+03,2.535393454419777024e-04
1.910700000000225373e+03,2.537958112818548655e-04
1.910800000000225282e+03,2.540524650329210789e-04
1.910900000000225191e+03,2.543093067219742969e-04
1.911000000000225327e+03,2.545663363749511832e-04
1.911100000000225464e+03,2.545364743907216148e-04
1.911200000000225373e+03,2.545060076868227959e-04
1.911300000000225282e+03,2.544749347757177451e-04
1.911400000000225418e+03,2.544433547871112326e-04
1.911500000000225555e+03,2.544124885935720439e-04
1.911600000000225464e+03,2.543796502867257244e-04
1.911700000000225373e+03,2.543461525305702807e-04
1.911800000000225509e+03,2.543120410315059658e-04
1.911900000000225646e+03,2.542763319614083431e-04
1.912000000000225555e+03,2.542391944208124738e-04
1.912100000000225464e+03,2.539076042644857725e-04
1.912200000000225600e+03,2.535745763915647484e-04
1.912300000000225737e+03,2.532401077231365713e-04
1.912400000000225646e+03,2.529041951752482808e-04
1.912500000000225555e+03,2.525668356589332400e-04
1.912600000000225691e+03,2.522280260801706411e-04
1.912700000000225828e+03,2.518877633399091410e-04
1.912800000000225737e+03,2.515460443340401353e-04
1.912900000000225646e+03,2.512028659534005777e-04
1.913000000000225782e+03,2.508582250830884686e-04
1.913100000000225918e+03,2.502152422934263458e-04
1.913200000000225828e+03,2.495701908148296598e-04
1.913300000000225737e+03,2.489241824908190910e-04
1.913400000000225873e+03,2.482758781787836023e-04
1.913500000000226009e+03,2.476252731669692031e-04
1.913600000000225918e+03,2.469723627360686461e-04
1.913700000000225828e+03,2.463173931773383635e-04
1.913800000000225964e+03,2.456607238277900532e-04
1.913900000000226100e+03,2.450017302060365949e-04
1.914000000000226009e+03,2.443404075371549103e-04
1.914100000000225918e+03,2.433895360015063598e-04
1.914200000000226055e+03,2.424349124858204952e-04
1.914300000000226191e+03,2.414769200268814106e-04
1.914400000000226100e+03,2.405157891965702469e-04
1.914500000000226009e+03,2.395515136930446282e-04
1.914600000000226146e+03,2.385840872044843203e-04
1.914700000000226282e+03,2.376135034090621741e-04
1.914800000000226191e+03,2.366397559749536120e-04
1.914900000000226100e+03,2.356628385602940192e-04
1.915000000000226237e+03,2.346831353875808012e-04
1.915100000000226373e+03,2.334280994879648925e-04
1.915200000000226282e+03,2.321695074636385536e-04
1.915300000000226191e+03,2.309070162306545192e-04
1.915400000000226328e+03,2.296406181569142773e-04
1.915500000000226464e+03,2.283702812307308253e-04
1.915600000000226373e+03,2.270952453747900328e-04
1.915700000000226282e+03,2.258162887352317357e-04
1.915800000000226419e+03,2.245321755070969175e-04
1.915900000000226555e+03,2.232439828301376180e-04
1.916000000000226464e+03,2.219522270184949369e-04
1.916100000000226373e+03,2.204204889585566207e-04
1.916200000000226510e+03,2.188841106756544866e-04
1.916300000000226646e+03,2.173430831131460813e-04
1.916400000000226555e+03,2.157973972003087164e-04
1.916500000000226464e+03,2.142470438523244515e-04
1.916600000000226601e+03,2.126920139702592240e-04
1.916700000000226737e+03,2.111322984410610594e-04
1.916800000000226646e+03,2.095678881375262991e-04
1.916900000000226555e+03,2.079987739182827407e-04
1.917000000000226692e+03,2.064249466273205039e-04
1.917100000000226828e+03,2.046486205954672238e-04
1.917200000000226737e+03,2.028669975282054695e-04
1.917300000000226646e+03,2.010806994892798589e-04
1.917400000000226783e+03,1.992893504041689059e-04
1.917500000000226919e+03,1.974938132154195928e-04
1.917600000000226828e+03,1.956929001311010538e-04
1.917700000000226737e+03,1.938866005970485689e-04
1.917800000000226873e+03,1.920747637749671858e-04
1.917900000000227010e+03,1.902569897510296990e-04
1.918000000000226919e+03,1.884338103778175882e-04
1.918100000000226828e+03,1.864504874552631983e-04
1.918200000000226964e+03,1.844614427878694073e-04
1.918300000000227101e+03,1.824674924684711809e-04
1.918400000000227010e+03,1.804682358677855156e-04
1.918500000000226919e+03,1.784631965046410524e-04
1.918600000000227055e+03,1.764523633381086070e-04
1.918700000000227192e+03,1.744357253104212267e-04
1.918800000000227101e+03,1.724132713469511788e-04
1.918900000000227010e+03,1.703849903561746864e-04
1.919000000000227146e+03,1.683508712294570667e-04
1.919100000000227283e+03,1.662222597178220865e-04
1.919200000000227192e+03,1.640880136145857280e-04
1.919300000000227101e+03,1.619469554390351234e-04
1.919400000000227237e+03,1.597983000941980032e-04
1.919500000000227374e+03,1.576435233998020504e-04
1.919600000000227283e+03,1.554826137638100391e-04
1.919700000000227192e+03,1.533155595766291248e-04
1.919800000000227328e+03,1.511423492110849595e-04
1.919900000000227465e+03,1.489629710224217184e-04
1.920000000000227374e+03,1.467766866892431389e-04
1.920100000000227283e+03,1.445621579747225936e-04
1.920200000000227419e+03,1.423413842215253756e-04
1.920300000000227556e+03,1.401143536741262206e-04
1.920400000000227465e+03,1.378810545592809654e-04
1.920500000000227374e+03,1.356414750860184698e-04
1.920600000000227510e+03,1.333956034456063294e-04
1.920700000000227647e+03,1.311434278115555102e-04
1.920800000000227556e+03,1.288849363395741618e-04
1.920900000000227465e+03,1.266201171675481016e-04
1.921000000000227601e+03,1.243484528656670139e-04
1.921100000000227737e+03,1.250400628506908880e-04
1.921200000000227647e+03,1.257332788022402163e-04
1.921300000000227556e+03,1.264281035215471998e-04
1.921400000000227692e+03,1.271245398138746421e-04
1.921500000000227828e+03,1.278229014505927034e-04
1.921600000000227737e+03,1.285230242660754662e-04
1.921700000000227647e+03,1.292247720404678189e-04
1.921800000000227783e+03,1.299281476123026371e-04
1.921900000000227919e+03,1.306331538242028949e-04
1.922000000000227828e+03,1.313396809932959987e-04
1.922100000000227737e+03,1.331799265852771539e-04
1.922200000000227874e+03,1.350248084831702229e-04
1.922300000000228010e+03,1.368743349945090114e-04
1.922400000000227919e+03,1.387282402335566979e-04
1.922500000000227828e+03,1.405865815462300616e-04
1.922600000000227965e+03,1.424495793347869076e-04
1.922700000000228101e+03,1.443172419063216689e-04
1.922800000000228010e+03,1.461895775799439883e-04
1.922900000000227919e+03,1.480665946867870122e-04
1.923000000000228056e+03,1.499483015701020693e-04
1.923100000000228192e+03,1.518688848277415838e-04
1.923200000000228101e+03,1.537942261263638749e-04
1.923300000000228010e+03,1.557243338588349074e-04
1.923400000000228147e+03,1.576597736855170091e-04
1.923500000000228283e+03,1.596012682253493940e-04
1.923600000000228192e+03,1.615475988993280018e-04
1.923700000000228101e+03,1.634987743141761579e-04
1.923800000000228238e+03,1.654553085795643877e-04
1.923900000000228374e+03,1.674167955420896266e-04
1.924000000000228283e+03,1.693831670020945273e-04
1.924100000000228192e+03,1.713698199586914314e-04
1.924200000000228329e+03,1.733615024689953894e-04
1.924300000000228465e+03,1.753582236909137981e-04
1.924400000000228374e+03,1.773599927959727449e-04
1.924500000000228283e+03,1.793668189693363338e-04
1.924600000000228420e+03,1.813787114098206442e-04
1.924700000000228556e+03,1.833956793298998028e-04
1.924800000000228465e+03,1.854177319557309201e-04
1.924900000000228374e+03,1.874448785271810598e-04
1.925000000000228511e+03,1.894771282977932491e-04
1.925100000000228647e+03,1.914954425475138210e-04
1.925200000000228556e+03,1.935193551249770206e-04
1.925300000000228465e+03,1.955483225014759965e-04
1.925400000000228601e+03,1.975823537850898129e-04
1.925500000000228738e+03,1.996212774554327390e-04
1.925600000000228647e+03,2.016639368187803029e-04
1.925700000000228556e+03,2.037113750007518882e-04
1.925800000000228692e+03,2.057638768566946773e-04
1.925900000000228829e+03,2.078214514245169499e-04
1.926000000000228738e+03,2.098841077551637311e-04
1.926100000000228647e+03,2.118990051117494960e-04
1.926200000000228783e+03,2.139187972313358322e-04
1.926300000000228920e+03,2.159434926894893473e-04
1.926400000000228829e+03,2.179731000739852263e-04
1.926500000000228738e+03,2.200081106258904452e-04
1.926600000000228874e+03,2.220494448176732157e-04
1.926700000000229011e+03,2.240957512367985731e-04
1.926800000000228920e+03,2.261470386443325002e-04
1.926900000000228829e+03,2.282033158139133884e-04
1.927000000000228965e+03,2.302645915315772369e-04
1.927100000000229102e+03,2.322546768891244930e-04
1.927200000000229011e+03,2.342496719157072770e-04
1.927300000000228920e+03,2.362495854518639705e-04
1.927400000000229056e+03,2.382547196395254059e-04
1.927500000000229193e+03,2.402653456362871466e-04
1.927600000000229102e+03,2.422809308906120895e-04
1.927700000000229011e+03,2.443014843463736543e-04
1.927800000000229147e+03,2.463270149606694914e-04
1.927900000000229284e+03,2.483568451894693340e-04
1.928000000000229193e+03,2.503914695135996929e-04
1.928100000000229102e+03,2.523093849232597562e-04
1.928200000000229238e+03,2.542319501860929466e-04
1.928300000000229375e+03,2.561591735813937231e-04
1.928400000000229284e+03,2.580910634005410625e-04
1.928500000000229193e+03,2.600276279470385742e-04
1.928600000000229329e+03,2.619688755365127118e-04
1.928700000000229466e+03,2.639148144967210126e-04
1.928800000000229375e+03,2.658654531675786609e-04
1.928900000000229284e+03,2.678207999011723655e-04
1.929000000000229420e+03,2.697808502081310120e-04
1.929100000000229556e+03,2.715842541290243634e-04
1.929200000000229466e+03,2.733919214607087871e-04
1.929300000000229375e+03,2.752038596535888882e-04
1.929400000000229511e+03,2.770200761687541388e-04
1.929500000000229647e+03,2.788405784779658669e-04
1.929600000000229556e+03,2.806653740636942825e-04
1.929700000000229466e+03,2.824949936415052263e-04
1.929800000000229602e+03,2.843294024120037247e-04
1.929900000000229738e+03,2.861681398247382696e-04
1.930000000000229647e+03,2.880112134485887372e-04
1.930100000000229556e+03,2.896657067575865224e-04
1.930200000000229693e+03,2.913240704992501868e-04
1.930300000000229829e+03,2.929863114656013740e-04
1.930400000000229738e+03,2.946524364585005910e-04
1.930500000000229647e+03,2.963224522896637427e-04
1.930600000000229784e+03,2.979959496362937638e-04
1.930700000000229920e+03,2.996727109393707011e-04
1.930800000000229829e+03,3.013533718287097216e-04
1.930900000000229738e+03,3.030386561489013743e-04
1.931000000000229875e+03,3.047290243945744164e-04
1.931100000000230011e+03,3.061910126470529839e-04
1.931200000000229920e+03,3.076565279571110366e-04
1.931300000000229829e+03,3.091253963518498789e-04
1.931400000000229966e+03,3.105976237018498996e-04
1.931500000000230102e+03,3.120729221310694634e-04
1.931600000000230011e+03,3.135507807498752377e-04
1.931700000000229920e+03,3.150320056139888493e-04
1.931800000000230057e+03,3.165147125709187733e-04
1.931900000000230193e+03,3.180007127725595394e-04
1.932000000000230102e+03,3.194900783902770362e-04
1.932100000000230011e+03,3.207118775528721116e-04
1.932200000000230148e+03,3.219363349903557560e-04
1.932300000000230284e+03,3.231634552388023391e-04
1.932400000000230193e+03,3.243932428407876492e-04
1.932500000000230102e+03,3.256257023453845560e-04
1.932600000000230239e+03,3.268592991293327223e-04
1.932700000000230375e+03,3.280953306642158253e-04
1.932800000000230284e+03,3.293340342691589910e-04
1.932900000000230193e+03,3.305754144749521880e-04
1.933000000000230330e+03,3.318194758181138211e-04
1.933100000000230466e+03,3.327561771155322797e-04
1.933200000000230375e+03,3.336947306493189274e-04
1.933300000000230284e+03,3.346351394122829980e-04
1.933400000000230420e+03,3.355774064013425264e-04
1.933500000000230557e+03,3.365215346175228850e-04
1.933600000000230466e+03,3.374675270659652400e-04
1.933700000000230375e+03,3.384153867559344664e-04
1.933800000000230511e+03,3.393645867914871304e-04
1.933900000000230648e+03,3.403146031033078356e-04
1.934000000000230557e+03,3.412654393667328761e-04
1.934100000000230466e+03,3.418874463575691529e-04
1.934200000000230602e+03,3.425104563268730699e-04
1.934300000000230739e+03,3.431355312222191542e-04
1.934400000000230648e+03,3.437617610185520942e-04
1.934500000000230557e+03,3.443890024309113874e-04
1.934600000000230693e+03,3.450172569139065785e-04
1.934700000000230830e+03,3.456469084676288867e-04
1.934800000000230739e+03,3.462784104480489148e-04
1.934900000000230648e+03,3.469109342145066679e-04
1.935000000000230784e+03,3.475444812384274494e-04
1.935100000000230921e+03,3.478206375637809991e-04
1.935200000000230830e+03,3.480974496975871766e-04
1.935300000000230739e+03,3.483740201729997542e-04
1.935400000000230875e+03,3.486506535510057307e-04
1.935500000000231012e+03,3.489273495218794450e-04
1.935600000000230921e+03,3.492041077751012750e-04
1.935700000000230830e+03,3.494809279993632209e-04
1.935800000000230966e+03,3.497566677778009953e-04
1.935900000000231103e+03,3.500321343987240416e-04
1.936000000000231012e+03,3.503057485861788586e-04
1.936100000000230921e+03,3.501890646690550952e-04
1.936200000000231057e+03,3.500704295187407385e-04
1.936300000000231194e+03,3.499508417931305581e-04
1.936400000000231103e+03,3.498302994036896424e-04
1.936500000000231012e+03,3.497088696056590272e-04
1.936600000000231148e+03,3.495876387433220138e-04
1.936700000000231285e+03,3.494654459418350834e-04
1.936800000000231194e+03,3.493422890895209209e-04
1.936900000000231103e+03,3.492181660713905155e-04
1.937000000000231239e+03,3.490936773525058715e-04
1.937100000000231375e+03,3.485909140496828073e-04
1.937200000000231285e+03,3.480861362810092649e-04
1.937300000000231194e+03,3.475793399256995545e-04
1.937400000000231330e+03,3.470705208565475581e-04
1.937500000000231466e+03,3.465596749399177303e-04
1.937600000000231375e+03,3.460467980357355032e-04
1.937700000000231285e+03,3.455318859974717280e-04
1.937800000000231421e+03,3.450149346721478796e-04
1.937900000000231557e+03,3.444959399003153476e-04
1.938000000000231466e+03,3.439748975151589103e-04
1.938100000000231375e+03,3.430635277853214199e-04
1.938200000000231512e+03,3.421490690330695507e-04
1.938300000000231648e+03,3.412315151799655819e-04
1.938400000000231557e+03,3.403099077580572641e-04
1.938500000000231466e+03,3.393849577404708354e-04
1.938600000000231603e+03,3.384569009436974129e-04
1.938700000000231739e+03,3.375257312840235484e-04
1.938800000000231648e+03,3.365917179957300534e-04
1.938900000000231557e+03,3.356554805881611426e-04
1.939000000000231694e+03,3.347161053176438052e-04
1.939100000000231830e+03,3.333903509969502322e-04
1.939200000000231739e+03,3.320605309452175492e-04
1.939300000000231648e+03,3.307266375314051000e-04
1.939400000000231785e+03,3.293886631132638548e-04
1.939500000000231921e+03,3.280466000373604796e-04
1.939600000000231830e+03,3.267004406390308234e-04
1.939700000000231739e+03,3.253501772423667460e-04
1.939800000000231876e+03,3.239958021602166050e-04
1.939900000000232012e+03,3.226373076941784802e-04
1.940000000000231921e+03,3.212746861337779686e-04
1.940100000000231830e+03,3.195692075685922675e-04
1.940200000000231967e+03,3.178591687122740575e-04
1.940300000000232103e+03,3.161444628052553015e-04
1.940400000000232012e+03,3.144245639906555526e-04
1.940500000000231921e+03,3.126994623295170595e-04
1.940600000000232058e+03,3.109691478678391452e-04
1.940700000000232194e+03,3.092325546635263682e-04
1.940800000000232103e+03,3.074907133938281677e-04
1.940900000000232012e+03,3.057436417153976474e-04
1.941000000000232149e+03,3.039913296668068574e-04
1.941100000000232285e+03,3.019197777721600385e-04
1.941200000000232194e+03,2.998415548767127377e-04
1.941300000000232103e+03,2.977572779438969583e-04
1.941400000000232239e+03,2.956669356323570028e-04
1.941500000000232376e+03,2.935705165839287874e-04
1.941600000000232285e+03,2.914671464529494920e-04
1.941700000000232194e+03,2.893575326732232534e-04
1.941800000000232330e+03,2.872411363199149203e-04
1.941900000000232467e+03,2.851168768079575372e-04
1.942000000000232376e+03,2.829868129121237822e-04
1.942100000000232285e+03,2.805869778304974946e-04
1.942200000000232421e+03,2.781804327825386980e-04
1.942300000000232558e+03,2.757671655923427394e-04
1.942400000000232467e+03,2.733471640665571171e-04
1.942500000000232376e+03,2.709204159943583872e-04
1.942600000000232512e+03,2.684869091474403457e-04
1.942700000000232649e+03,2.660466312800063306e-04
1.942800000000232558e+03,2.635995701287322510e-04
1.942900000000232467e+03,2.611455750008688666e-04
1.943000000000232603e+03,2.586840063766296036e-04
1.943100000000232740e+03,2.560263804630444427e-04
1.943200000000232649e+03,2.533616690010042955e-04
1.943300000000232558e+03,2.506894493717755877e-04
1.943400000000232694e+03,2.480097076666610461e-04
1.943500000000232831e+03,2.453224299564730603e-04
1.943600000000232740e+03,2.426276022915114573e-04
1.943700000000232649e+03,2.399252107015236563e-04
1.943800000000232785e+03,2.372152411956868884e-04
1.943900000000232922e+03,2.344976797625965954e-04
1.944000000000232831e+03,2.317725123699494630e-04
1.944100000000232740e+03,2.289168241106054834e-04
1.944200000000232876e+03,2.260532575918628101e-04
1.944300000000233013e+03,2.231821556403939567e-04
1.944400000000232922e+03,2.203035555237022427e-04
1.944500000000232831e+03,2.174170137148728743e-04
1.944600000000232967e+03,2.145225157031520878e-04
1.944700000000233103e+03,2.116200469567127524e-04
1.944800000000233013e+03,2.087089411557020051e-04
1.944900000000232922e+03,2.057897766472850892e-04
1.945000000000233058e+03,2.028626182337898423e-04
1.945100000000233194e+03,1.998916509887412399e-04
1.945200000000233103e+03,1.969126235584336081e-04
1.945300000000233013e+03,1.939255214106582316e-04
1.945400000000233149e+03,1.909303299923801993e-04
1.945500000000233285e+03,1.879270347297234153e-04
1.945600000000233194e+03,1.849156210279425457e-04
1.945700000000233103e+03,1.818970454680736795e-04
1.945800000000233240e+03,1.788705855367901426e-04
1.945900000000233376e+03,1.758359206550886504e-04
1.946000000000233285e+03,1.727930359864531537e-04
1.946100000000233194e+03,1.732795531029525772e-04
1.946200000000233331e+03,1.737665413115053342e-04
1.946300000000233467e+03,1.742544860479059592e-04
1.946400000000233376e+03,1.747433888451290190e-04
1.946500000000233285e+03,1.752332512382408041e-04
1.946600000000233422e+03,1.757238150142460852e-04
1.946700000000233558e+03,1.762146379832283977e-04
1.946800000000233467e+03,1.767064196387909997e-04
1.946900000000233376e+03,1.771996722124931703e-04
1.947000000000233513e+03,1.776944836641671985e-04
1.947100000000233649e+03,1.801363034250763086e-04
1.947200000000233558e+03,1.825841623190202706e-04
1.947300000000233467e+03,1.850380709595857002e-04
1.947400000000233604e+03,1.874980399754530688e-04
1.947500000000233740e+03,1.899644151499247583e-04
1.947600000000233649e+03,1.924372135119119275e-04
1.947700000000233558e+03,1.949160655344227256e-04
1.947800000000233695e+03,1.973998634069298126e-04
1.947900000000233831e+03,1.998897611898202648e-04
1.948000000000233740e+03,2.023879464910508712e-04
1.948100000000233649e+03,2.049417930296989717e-04
1.948200000000233786e+03,2.075019434923060832e-04
1.948300000000233922e+03,2.100684089848744182e-04
1.948400000000233831e+03,2.126409216643480556e-04
1.948500000000233740e+03,2.152192956827419634e-04
1.948600000000233877e+03,2.178040001584216601e-04
1.948700000000234013e+03,2.203950461971955846e-04
1.948800000000233922e+03,2.229924449206761568e-04
1.948900000000233831e+03,2.255968462533536605e-04
1.949000000000233968e+03,2.282077878389294763e-04
1.949100000000234104e+03,2.308474042308395640e-04
1.949200000000234013e+03,2.334935422295858389e-04
1.949300000000233922e+03,2.361462133892590202e-04
1.949400000000234058e+03,2.388054292806029554e-04
1.949500000000234195e+03,2.414712014910063537e-04
1.949600000000234104e+03,2.441435416245548275e-04
1.949700000000234013e+03,2.468224613020468029e-04
1.949800000000234149e+03,2.495073785457412431e-04
1.949900000000234286e+03,2.521986057597607389e-04
1.950000000000234195e+03,2.548964287112110154e-04
1.950100000000234104e+03,2.575838216426295070e-04
1.950200000000234240e+03,2.602777596100930356e-04
1.950300000000234377e+03,2.629782540748561268e-04
1.950400000000234286e+03,2.656853165144920127e-04
1.950500000000234195e+03,2.683989584229256459e-04
1.950600000000234331e+03,2.711201089713854832e-04
1.950700000000234468e+03,2.738486433940415330e-04
1.950800000000234377e+03,2.765842574716905812e-04
1.950900000000234286e+03,2.793265395998612553e-04
1.951000000000234422e+03,2.820755015085742645e-04
1.951100000000234559e+03,2.847773681813368192e-04
1.951200000000234468e+03,2.874869205846004579e-04
1.951300000000234377e+03,2.902030765403122822e-04
1.951400000000234513e+03,2.929258477080142766e-04
1.951500000000234650e+03,2.956552457640450478e-04
1.951600000000234559e+03,2.983908421464555923e-04
1.951700000000234468e+03,3.011324750915785075e-04
1.951800000000234604e+03,3.038807509686816330e-04
1.951900000000234741e+03,3.066356814543485512e-04
1.952000000000234650e+03,3.093954197480766979e-04
1.952100000000234559e+03,3.120672115507854266e-04
1.952200000000234695e+03,3.147454533870925816e-04
1.952300000000234832e+03,3.174301565881613844e-04
1.952400000000234741e+03,3.201217409928097343e-04
1.952500000000234650e+03,3.228204443482299529e-04
1.952600000000234786e+03,3.255248596128733915e-04
1.952700000000234922e+03,3.282357861147624958e-04
1.952800000000234832e+03,3.309532352872916446e-04
1.952900000000234741e+03,3.336772185802829938e-04
1.953000000000234877e+03,3.364086022020392201e-04
1.953100000000235013e+03,3.390026849979687522e-04
1.953200000000234922e+03,3.416029493798043585e-04
1.953300000000234832e+03,3.442094061408581380e-04
1.953400000000234968e+03,3.468220660898766751e-04
1.953500000000235104e+03,3.494409400510562727e-04
1.953600000000235013e+03,3.520660388640680510e-04
1.953700000000234922e+03,3.546964283501991087e-04
1.953800000000235059e+03,3.573330227373053541e-04
1.953900000000235195e+03,3.599758599972748452e-04
1.954000000000235104e+03,3.626249509781072724e-04
1.954100000000235013e+03,3.650884861351442502e-04
1.954200000000235150e+03,3.675577880201225892e-04
1.954300000000235286e+03,3.700328665971936467e-04
1.954400000000235195e+03,3.725137318446198882e-04
1.954500000000235104e+03,3.750003937548251941e-04
1.954600000000235241e+03,3.774928623343860238e-04
1.954700000000235377e+03,3.799911476040356982e-04
1.954800000000235286e+03,3.824946331539780188e-04
1.954900000000235195e+03,3.850032380974018477e-04
1.955000000000235332e+03,3.875176725503012409e-04
1.955100000000235468e+03,3.898011149041066326e-04
1.955200000000235377e+03,3.920898114140134328e-04
1.955300000000235286e+03,3.943837711035151281e-04
1.955400000000235423e+03,3.966830030088796546e-04
1.955500000000235559e+03,3.989875161791230519e-04
1.955600000000235468e+03,4.012973196760566256e-04
1.955700000000235377e+03,4.036129017225534754e-04
1.955800000000235514e+03,4.059347276189950509e-04
1.955900000000235650e+03,4.082618871087168207e-04
1.956000000000235559e+03,4.105943893566437884e-04
1.956100000000235468e+03,4.126386156301310769e-04
1.956200000000235605e+03,4.146874003218036561e-04
1.956300000000235741e+03,4.167407511202025731e-04
1.956400000000235650e+03,4.187986757245858345e-04
1.956500000000235559e+03,4.208611818449306823e-04
1.956600000000235696e+03,4.229285888923841707e-04
1.956700000000235832e+03,4.250017598589276159e-04
1.956800000000235741e+03,4.270795497543263940e-04
1.956900000000235650e+03,4.291619663764606853e-04
1.957000000000235787e+03,4.312490175333096335e-04
1.957100000000235923e+03,4.330041098682882038e-04
1.957200000000235832e+03,4.347634244771824731e-04
1.957300000000235741e+03,4.365267350815696845e-04
1.957400000000235877e+03,4.382938369819677554e-04
1.957500000000236014e+03,4.400647364864995466e-04
1.957600000000235923e+03,4.418394399120130359e-04
1.957700000000235832e+03,4.436179535841232769e-04
1.957800000000235968e+03,4.454002838371971112e-04
1.957900000000236105e+03,4.471864370143562592e-04
1.958000000000236014e+03,4.489772272095500375e-04
1.958100000000235923e+03,4.503900195645791260e-04
1.958200000000236059e+03,4.518056659100034645e-04
1.958300000000236196e+03,4.532241708608416523e-04
1.958400000000236105e+03,4.546455390383904701e-04
1.958500000000236014e+03,4.560697750702465093e-04
1.958600000000236150e+03,4.574968835903025946e-04
1.958700000000236287e+03,4.589268692387648055e-04
1.958800000000236196e+03,4.603597366621400627e-04
1.958900000000236105e+03,4.617954905132675152e-04
1.959000000000236241e+03,4.632341354503054622e-04
1.959100000000236378e+03,4.642474319420650578e-04
1.959200000000236287e+03,4.652625049809930345e-04
1.959300000000236196e+03,4.662793572130518346e-04
1.959400000000236332e+03,4.672979912876129029e-04
1.959500000000236469e+03,4.683184098574251909e-04
1.959600000000236378e+03,4.693406155786605306e-04
1.959700000000236287e+03,4.703646111108804036e-04
1.959800000000236423e+03,4.713887228591775655e-04
1.959900000000236560e+03,4.724106441534222647e-04
1.960000000000236469e+03,4.734343386660329962e-04
1.960100000000236378e+03,4.740062611037417785e-04
1.960200000000236514e+03,4.745788056364495019e-04
1.960300000000236651e+03,4.751519728590697161e-04
1.960400000000236560e+03,4.757257633669958389e-04
1.960500000000236469e+03,4.763001777561075528e-04
1.960600000000236605e+03,4.768752166227601796e-04
1.960700000000236741e+03,4.774510960710680861e-04
1.960800000000236651e+03,4.780290429667291736e-04
1.960900000000236560e+03,4.786076199662541494e-04
1.961000000000236696e+03,4.791868276726794058e-04
1.961100000000236832e+03,4.792779616387751870e-04
1.961200000000236741e+03,4.793675447817654007e-04
1.961300000000236651e+03,4.794557930362333036e-04
1.961400000000236787e+03,4.795434264880651595e-04
1.961500000000236923e+03,4.796304435776231872e-04
1.961600000000236832e+03,4.797168427427319758e-04
1.961700000000236741e+03,4.798026224187145351e-04
1.961800000000236878e+03,4.798877810383617203e-04
1.961900000000237014e+03,4.799723170319456227e-04
1.962000000000236923e+03,4.800562288260137194e-04
1.962100000000236832e+03,4.796398421729442495e-04
1.962200000000236969e+03,4.792206221120272943e-04
1.962300000000237105e+03,4.787995023191136262e-04
1.962400000000237014e+03,4.783764790062503837e-04
1.962500000000236923e+03,4.779515483798746096e-04
1.962600000000237060e+03,4.775247066408124376e-04
1.962700000000237196e+03,4.770959499842746475e-04
1.962800000000237105e+03,4.766652745998484794e-04
1.962900000000237014e+03,4.762342994612771946e-04
1.963000000000237151e+03,4.758027592246175780e-04
1.963100000000237287e+03,4.748643943979880900e-04
1.963200000000237196e+03,4.739227987539082780e-04
1.963300000000237105e+03,4.729779661484202410e-04
1.963400000000237242e+03,4.720298904286133329e-04
1.963500000000237378e+03,4.710785654326034538e-04
1.963600000000237287e+03,4.701239849895130470e-04
1.963700000000237196e+03,4.691657711662480042e-04
1.963800000000237333e+03,4.682017234376287165e-04
1.963900000000237469e+03,4.672344136000197582e-04
1.964000000000237378e+03,4.662638355083173892e-04
1.964100000000237287e+03,4.647850983632439851e-04
1.964200000000237424e+03,4.633025243140676572e-04
1.964300000000237560e+03,4.618160384642610032e-04
1.964400000000237469e+03,4.603250230598460060e-04
1.964500000000237378e+03,4.588294698563786926e-04
1.964600000000237515e+03,4.573293705977762337e-04
1.964700000000237651e+03,4.558247170163399835e-04
1.964800000000237560e+03,4.543154247836217463e-04
1.964900000000237469e+03,4.528000715395712520e-04
1.965000000000237605e+03,4.512801497622328096e-04
1.965100000000237742e+03,4.492882953652110206e-04
1.965200000000237651e+03,4.472905927220431404e-04
1.965300000000237560e+03,4.452885212800963008e-04
1.965400000000237696e+03,4.432821497630881364e-04
1.965500000000237833e+03,4.412698698776660396e-04
1.965600000000237742e+03,4.392516708100207439e-04
1.965700000000237651e+03,4.372275417308085885e-04
1.965800000000237787e+03,4.351974717951613840e-04
1.965900000000237924e+03,4.331614501426491706e-04
1.966000000000237833e+03,4.311194658962221992e-04
1.966100000000237742e+03,4.286259256596442824e-04
1.966200000000237878e+03,4.261253828891553488e-04
1.966300000000238015e+03,4.236178251207861969e-04
1.966400000000237924e+03,4.210988248749767673e-04
1.966500000000237833e+03,4.185723689603773633e-04
1.966600000000237969e+03,4.160389189026802146e-04
1.966700000000238106e+03,4.134984624216480557e-04
1.966800000000238015e+03,4.109509872201742484e-04
1.966900000000237924e+03,4.083964809842712896e-04
1.967000000000238060e+03,4.058349313821437094e-04
1.967100000000238197e+03,4.028877603751634343e-04
1.967200000000238106e+03,3.999338584454062797e-04
1.967300000000238015e+03,3.969718311824000116e-04
1.967400000000238151e+03,3.940016641974839026e-04
1.967500000000238288e+03,3.910233430819458279e-04
1.967600000000238197e+03,3.880368534070133745e-04
1.967700000000238106e+03,3.850433732327766681e-04
1.967800000000238242e+03,3.820436547655730740e-04
1.967900000000238379e+03,3.790355744963038332e-04
1.968000000000238288e+03,3.760169547975785245e-04
1.968100000000238197e+03,3.726814319831163566e-04
1.968200000000238333e+03,3.693368010587199019e-04
1.968300000000238470e+03,3.659830458203498023e-04
1.968400000000238379e+03,3.626201500411760110e-04
1.968500000000238288e+03,3.592480974715324188e-04
1.968600000000238424e+03,3.558668718388885563e-04
1.968700000000238560e+03,3.524764568478737175e-04
1.968800000000238470e+03,3.490768361801935846e-04
1.968900000000238379e+03,3.456679934946220965e-04
1.969000000000238515e+03,3.422499124264094745e-04
1.969100000000238651e+03,3.385866920048687047e-04
1.969200000000238560e+03,3.349138216576148818e-04
1.969300000000238470e+03,3.312312847366739367e-04
1.969400000000238606e+03,3.275386100667506913e-04
1.969500000000238742e+03,3.238355771143662434e-04
1.969600000000238651e+03,3.201228532540679279e-04
1.969700000000238560e+03,3.164004218444305279e-04
1.969800000000238697e+03,3.126682662215025206e-04
1.969900000000238833e+03,3.089263696988227195e-04
1.970000000000238742e+03,3.051747155670984295e-04
1.970100000000238651e+03,3.013002129077436324e-04
1.970200000000238788e+03,2.974153126138444087e-04
1.970300000000238924e+03,2.935199962103704420e-04
1.970400000000238833e+03,2.896142451961936396e-04
1.970500000000238742e+03,2.856980410440446562e-04
1.970600000000238879e+03,2.817713652005175012e-04
1.970700000000239015e+03,2.778341990860272014e-04
1.970800000000238924e+03,2.738871932445601670e-04
1.970900000000238833e+03,2.699299125306151145e-04
1.971000000000238970e+03,2.659620581850940168e-04
1.971100000000239106e+03,2.619629949446129953e-04
1.971200000000239015e+03,2.579535122427913173e-04
1.971300000000238924e+03,2.539335920615425567e-04
1.971400000000239061e+03,2.499032163581233076e-04
1.971500000000239197e+03,2.458623670651025549e-04
1.971600000000239106e+03,2.418110260903252461e-04
1.971700000000239015e+03,2.377491753168666183e-04
1.971800000000239152e+03,2.336767966030194054e-04
1.971900000000239288e+03,2.295938717822839986e-04
1.972000000000239197e+03,2.255003826790480967e-04
1.972100000000239106e+03,2.279764699217309636e-04
1.972200000000239243e+03,2.304583973950775737e-04
1.972300000000239379e+03,2.329461749347378808e-04
1.972400000000239288e+03,2.354398123897479954e-04
1.972500000000239197e+03,2.379393196225622494e-04
1.972600000000239334e+03,2.404447065090380717e-04
1.972700000000239470e+03,2.429559829384672132e-04
1.972800000000239379e+03,2.454731588135770481e-04
1.972900000000239288e+03,2.479962440505736432e-04
1.973000000000239424e+03,2.505252485809150525e-04
1.973100000000239561e+03,2.538061033505303659e-04
1.973200000000239470e+03,2.570948949833974260e-04
1.973300000000239379e+03,2.603916371422787231e-04
1.973400000000239515e+03,2.636963435089791324e-04
1.973500000000239652e+03,2.670087331440971373e-04
1.973600000000239561e+03,2.703284734972829584e-04
1.973700000000239470e+03,2.736561963153772000e-04
1.973800000000239606e+03,2.769919152757072535e-04
1.973900000000239743e+03,2.803356440745524182e-04
1.974000000000239652e+03,2.836873964273229579e-04
1.974100000000239561e+03,2.870944003437154264e-04
1.974200000000239697e+03,2.905093446252791532e-04
1.974300000000239834e+03,2.939322423904534702e-04
1.974400000000239743e+03,2.973633023100532712e-04
1.974500000000239652e+03,3.008035776531795620e-04
1.974600000000239788e+03,3.042550256956854000e-04
1.974700000000239925e+03,3.077145200396663879e-04
1.974800000000239834e+03,3.111813411286728365e-04
1.974900000000239743e+03,3.146556018994010905e-04
1.975000000000239879e+03,3.181375700071632350e-04
1.975100000000240016e+03,3.216603624531991072e-04
1.975200000000239925e+03,3.251916708759332135e-04
1.975300000000239834e+03,3.287315100644323893e-04
1.975400000000239970e+03,3.322798948286939929e-04
1.975500000000240107e+03,3.358368399996383702e-04
1.975600000000240016e+03,3.394023604291709255e-04
1.975700000000239925e+03,3.429764709902031550e-04
1.975800000000240061e+03,3.465591865766711865e-04
1.975900000000240198e+03,3.501505221035488440e-04
1.976000000000240107e+03,3.537504925067876376e-04
1.976100000000240016e+03,3.573212846250647988e-04
1.976200000000240152e+03,3.609004494875282971e-04
1.976300000000240289e+03,3.644880011800949188e-04
1.976400000000240198e+03,3.680839538078739970e-04
1.976500000000240107e+03,3.716909888025824436e-04
1.976600000000240243e+03,3.753070250642005692e-04
1.976700000000240379e+03,3.789320465759423318e-04
1.976800000000240289e+03,3.825664303976218216e-04
1.976900000000240198e+03,3.862093735985963291e-04
1.977000000000240334e+03,3.898608907068970304e-04
1.977100000000240470e+03,3.934491286064172163e-04
1.977200000000240379e+03,3.970447624798891656e-04
1.977300000000240289e+03,4.006486127935974715e-04
1.977400000000240425e+03,4.042609610095163042e-04
1.977500000000240561e+03,4.078818216334470633e-04
1.977600000000240470e+03,4.115115467208331403e-04
1.977700000000240379e+03,4.151509077476234688e-04
1.977800000000240516e+03,4.187988498093701828e-04
1.977900000000240652e+03,4.224553875780844470e-04
1.978000000000240561e+03,4.261205357459526936e-04
1.978100000000240470e+03,4.296693421919264150e-04
1.978200000000240607e+03,4.332265489208221966e-04
1.978300000000240743e+03,4.367932909836636955e-04
1.978400000000240652e+03,4.403685707960165274e-04
1.978500000000240561e+03,4.439521479124719375e-04
1.978600000000240698e+03,4.475428286216934963e-04
1.978700000000240834e+03,4.511419777332078824e-04
1.978800000000240743e+03,4.547496098373943478e-04
1.978900000000240652e+03,4.583675430090819241e-04
1.979000000000240789e+03,4.619951158265782386e-04
1.979100000000240925e+03,4.654331742742136725e-04
1.979200000000240834e+03,4.688791840827645561e-04
1.979300000000240743e+03,4.723331587175172300e-04
1.979400000000240880e+03,4.757951116624269659e-04
1.979500000000241016e+03,4.792650564201159612e-04
1.979600000000240925e+03,4.827430065119004982e-04
1.979700000000240834e+03,4.862283418859032758e-04
1.979800000000240971e+03,4.897192246574992060e-04
1.979900000000241107e+03,4.932180889486147699e-04
1.980000000000241016e+03,4.967249678634521812e-04
1.980100000000240925e+03,5.000030001322913710e-04
1.980200000000241062e+03,5.032886017930598933e-04
1.980300000000241198e+03,5.065817857857259640e-04
1.980400000000241107e+03,5.098825650684513620e-04
1.980500000000241016e+03,5.131909526176423866e-04
1.980600000000241153e+03,5.165069614279476891e-04
1.980700000000241289e+03,5.198306045122732351e-04
1.980800000000241198e+03,5.231613808190407585e-04
1.980900000000241107e+03,5.264985177795906057e-04
1.981000000000241243e+03,5.298433052379626206e-04
1.981100000000241380e+03,5.328781976903058330e-04
1.981200000000241289e+03,5.359198870851284878e-04
1.981300000000241198e+03,5.389710574293517069e-04
1.981400000000241334e+03,5.420301171034017226e-04
1.981500000000241471e+03,5.450960497467983827e-04
1.981600000000241380e+03,5.481688669017982041e-04
1.981700000000241289e+03,5.512485801266353742e-04
1.981800000000241425e+03,5.543352009955451699e-04
1.981900000000241562e+03,5.574287410987358764e-04
1.982000000000241471e+03,5.605292120415908148e-04
1.982100000000241380e+03,5.632740038243929520e-04
1.982200000000241516e+03,5.660248903058827689e-04
1.982300000000241653e+03,5.687818817660156463e-04
1.982400000000241562e+03,5.715449884991424595e-04
1.982500000000241471e+03,5.743142208140217210e-04
1.982600000000241607e+03,5.770895890338290134e-04
1.982700000000241744e+03,5.798711034961667472e-04
1.982800000000241653e+03,5.826587745530821582e-04
1.982900000000241562e+03,5.854526125711087244e-04
1.983000000000241698e+03,5.882526279301964920e-04
1.983100000000241835e+03,5.906164197980429782e-04
1.983200000000241744e+03,5.929858461704764355e-04
1.983300000000241653e+03,5.953602889903927787e-04
1.983400000000241789e+03,5.977397564789630391e-04
1.983500000000241926e+03,6.001242568685790897e-04
1.983600000000241835e+03,6.025137984028776069e-04
1.983700000000241744e+03,6.049083893367628376e-04
1.983800000000241880e+03,6.073080379364043232e-04
1.983900000000242017e+03,6.097100615250224511e-04
1.984000000000241926e+03,6.121133496133957007e-04
1.984100000000241835e+03,6.140505205928416125e-04
1.984200000000241971e+03,6.159916070893873110e-04
1.984300000000242107e+03,6.179366154493749763e-04
1.984400000000242017e+03,6.198855520278026250e-04
1.984500000000241926e+03,6.218384231884255915e-04
1.984600000000242062e+03,6.237952353037057871e-04
1.984700000000242198e+03,6.257559947548248193e-04
1.984800000000242107e+03,6.277207079317100123e-04
1.984900000000242017e+03,6.296893812330350577e-04
1.985000000000242153e+03,6.316620210648949026e-04
1.985100000000242289e+03,6.330761608280504162e-04
1.985200000000242198e+03,6.344927834766908147e-04
1.985300000000242107e+03,6.359141060185021475e-04
1.985400000000242244e+03,6.373378466143864250e-04
1.985500000000242380e+03,6.387632994293403546e-04
1.985600000000242289e+03,6.401912561104370269e-04
1.985700000000242198e+03,6.416217203721409417e-04
1.985800000000242335e+03,6.430546959336924011e-04
1.985900000000242471e+03,6.444901865190461434e-04
1.986000000000242380e+03,6.459281958555450386e-04
1.986100000000242289e+03,6.467970266378482392e-04
1.986200000000242426e+03,6.476669380215511421e-04
1.986300000000242562e+03,6.485379312365171806e-04
1.986400000000242471e+03,6.494100075138857855e-04
1.986500000000242380e+03,6.502831680860507012e-04
1.986600000000242517e+03,6.511574141866942464e-04
1.986700000000242653e+03,6.520327470507331037e-04
1.986800000000242562e+03,6.529112878950455280e-04
1.986900000000242471e+03,6.537910464253961088e-04
1.987000000000242608e+03,6.546719014727359846e-04
1.987100000000242744e+03,6.549289790411520111e-04
1.987200000000242653e+03,6.551863999305822337e-04
1.987300000000242562e+03,6.554447007012973673e-04
1.987400000000242699e+03,6.557024866096960915e-04
1.987500000000242835e+03,6.559597560281069930e-04
1.987600000000242744e+03,6.562165073259845468e-04
1.987700000000242653e+03,6.564727388699317760e-04
1.987800000000242790e+03,6.567284490236495118e-04
1.987900000000242926e+03,6.569836361479887595e-04
1.988000000000242835e+03,6.572382985992890510e-04
1.988100000000242744e+03,6.568311115685887590e-04
1.988200000000242881e+03,6.564217408306226732e-04
1.988300000000243017e+03,6.560101818907942582e-04
1.988400000000242926e+03,6.555964302476826851e-04
1.988500000000242835e+03,6.551804813930666837e-04
1.988600000000242972e+03,6.547623308118718502e-04
1.988700000000243108e+03,6.543419739822081607e-04
1.988800000000243017e+03,6.539194063753266031e-04
1.988900000000242926e+03,6.534946234556388012e-04
1.989000000000243062e+03,6.530676206791269237e-04
1.989100000000243199e+03,6.520040028446121060e-04
1.989200000000243108e+03,6.509364101994632263e-04
1.989300000000243017e+03,6.498648348475814709e-04
1.989400000000243153e+03,6.487892688808072524e-04
1.989500000000243290e+03,6.477097043788781431e-04
1.989600000000243199e+03,6.466261334094401507e-04
1.989700000000243108e+03,6.455385480280005552e-04
1.989800000000243244e+03,6.444469402779538217e-04
1.989900000000243381e+03,6.433513021905247877e-04
1.990000000000243290e+03,6.422494361129521849e-04
1.990100000000243199e+03,6.404711316639617302e-04
1.990200000000243335e+03,6.386872291055195822e-04
1.990300000000243472e+03,6.368977180712094652e-04
1.990400000000243381e+03,6.351025881797021195e-04
1.990500000000243290e+03,6.333018290346882975e-04
1.990600000000243426e+03,6.314954302248993638e-04
1.990700000000243563e+03,6.296833813240819248e-04
1.990800000000243472e+03,6.278656718909706152e-04
1.990900000000243381e+03,6.260404352135986832e-04
1.991000000000243517e+03,6.242092354349610501e-04
1.991100000000243654e+03,6.217610749004646000e-04
1.991200000000243563e+03,6.193055037877538173e-04
1.991300000000243472e+03,6.168425082984893863e-04
1.991400000000243608e+03,6.143720746141181259e-04
1.991500000000243745e+03,6.118941888958552089e-04
1.991600000000243654e+03,6.094088372846561893e-04
1.991700000000243563e+03,6.069160059011906565e-04
1.991800000000243699e+03,6.044156808458032038e-04
1.991900000000243836e+03,6.019078481985347872e-04
1.992000000000243745e+03,5.993924940175868448e-04
1.992100000000243654e+03,5.962712117174793743e-04
1.992200000000243790e+03,5.931409780461132037e-04
1.992300000000243926e+03,5.900012380226932890e-04
1.992400000000243836e+03,5.868514251856847249e-04
1.992500000000243745e+03,5.836926297367497473e-04
1.992600000000243881e+03,5.805248354562546472e-04
1.992700000000244017e+03,5.773480261014434780e-04
1.992800000000243926e+03,5.741621854064148534e-04
1.992900000000243836e+03,5.709667571920360764e-04
1.993000000000243972e+03,5.677561649118149879e-04
1.993100000000244108e+03,5.640219264305228446e-04
1.993200000000244017e+03,5.602772210114095614e-04
1.993300000000243926e+03,5.565220298214759590e-04
1.993400000000244063e+03,5.527563340009289698e-04
1.993500000000244199e+03,5.489801146631805538e-04
1.993600000000244108e+03,5.451933528947977168e-04
1.993700000000244017e+03,5.413960297554159910e-04
1.993800000000244154e+03,5.375881262777916936e-04
1.993900000000244290e+03,5.337696234677272254e-04
1.994000000000244199e+03,5.299405023029369948e-04
1.994100000000244108e+03,5.256450818446712714e-04
1.994200000000244245e+03,5.213382667504192674e-04
1.994300000000244381e+03,5.170198748818997459e-04
1.994400000000244290e+03,5.126898860213380954e-04
1.994500000000244199e+03,5.083482799230285964e-04
1.994600000000244336e+03,5.039950363133043889e-04
1.994700000000244472e+03,4.996301348905464717e-04
1.994800000000244381e+03,4.952535553251135540e-04
1.994900000000244290e+03,4.908674641706075236e-04
1.995000000000244427e+03,4.864705289615312836e-04
1.995100000000244563e+03,4.817424415990319828e-04
1.995200000000244472e+03,4.770012837815842325e-04
1.995300000000244381e+03,4.722470317302347796e-04
1.995400000000244518e+03,4.674796616314759261e-04
1.995500000000244654e+03,4.626991496372519263e-04
1.995600000000244563e+03,4.579054718648507827e-04
1.995700000000244472e+03,4.530977816827867115e-04
1.995800000000244609e+03,4.482748688077574243e-04
1.995900000000244745e+03,4.434387792943126120e-04
1.996000000000244654e+03,4.385894893815539151e-04
1.996100000000244563e+03,4.334875825931788643e-04
1.996200000000244700e+03,4.283723883723418251e-04
1.996300000000244836e+03,4.232438839031683908e-04
1.996400000000244745e+03,4.181020463387572156e-04
1.996500000000244654e+03,4.129468528011185952e-04
1.996600000000244790e+03,4.077782803811620519e-04
1.996700000000244927e+03,4.025963061386839213e-04
1.996800000000244836e+03,3.974009071023188334e-04
1.996900000000244745e+03,3.921920602694692402e-04
1.997000000000244881e+03,3.869705818227636230e-04
1.997100000000245018e+03,3.816756691585353255e-04
1.997200000000244927e+03,3.763664754460470017e-04
1.997300000000244836e+03,3.710429749915356164e-04
1.997400000000244972e+03,3.657051420642052578e-04
1.997500000000245109e+03,3.603529508962174336e-04
1.997600000000245018e+03,3.549863756826140385e-04
1.997700000000244927e+03,3.496058630236587332e-04
1.997800000000245063e+03,3.442116160028223476e-04
1.997900000000245200e+03,3.388028701469901873e-04
1.998000000000245109e+03,3.333795993645626682e-04
1.998100000000245018e+03,3.325342827696894975e-04
1.998200000000245154e+03,3.316872122267143356e-04
1.998300000000245291e+03,3.308376281008966013e-04
1.998400000000245200e+03,3.299853304320056837e-04
1.998500000000245109e+03,3.291303141777724632e-04
1.998600000000245245e+03,3.282725742886526609e-04
1.998700000000245382e+03,3.274121057078177859e-04
1.998800000000245291e+03,3.265489033711291679e-04
1.998900000000245200e+03,3.256829622071525949e-04
1.999000000000245336e+03,3.248142771497901349e-04
1.999100000000245473e+03,3.291116437904488350e-04
1.999200000000245382e+03,3.334202006650545760e-04
1.999300000000245291e+03,3.377391530591809300e-04
1.999400000000245427e+03,3.420676216628028223e-04
1.999500000000245564e+03,3.464065256879816468e-04
1.999600000000245473e+03,3.507558831042739103e-04
1.999700000000245382e+03,3.551157119064476150e-04
1.999800000000245518e+03,3.594860301144831797e-04
1.999900000000245655e+03,3.638663884044175852e-04
2.000000000000245564e+03,3.682553968839415138e-04
2.000100000000245473e+03,3.727483824630778127e-04
2.000200000000245609e+03,3.772520243699288307e-04
2.000300000000245745e+03,3.817663406469064789e-04
2.000400000000245655e+03,3.862913414988655139e-04
2.000500000000245564e+03,3.908263525184494237e-04
2.000600000000245700e+03,3.953731387121061703e-04
2.000700000000245836e+03,3.999306798054395352e-04
2.000800000000245745e+03,4.044989939982786406e-04
2.000900000000245655e+03,4.090780995154936670e-04
2.001000000000245791e+03,4.136680146071870529e-04
2.001100000000245927e+03,4.183276544316780329e-04
2.001200000000245836e+03,4.229984647059511875e-04
2.001300000000245745e+03,4.276804646722451243e-04
2.001400000000245882e+03,4.323749732863546320e-04
2.001500000000246018e+03,4.370809232520571721e-04
2.001600000000245927e+03,4.417981530969231877e-04
2.001700000000245836e+03,4.465266822851578828e-04
2.001800000000245973e+03,4.512660475974776889e-04
2.001900000000246109e+03,4.560156654778694694e-04
2.002000000000246018e+03,4.607766086786705979e-04
2.002100000000245927e+03,4.655312557678083934e-04
2.002200000000246064e+03,4.702969391299133598e-04
2.002300000000246200e+03,4.750724600657748047e-04
2.002400000000246109e+03,4.798586140371954379e-04
2.002500000000246018e+03,4.846558266908611800e-04
2.002600000000246155e+03,4.894641163659491047e-04
2.002700000000246291e+03,4.942835014262853509e-04
2.002800000000246200e+03,4.991140002604160840e-04
2.002900000000246109e+03,5.039568691733005640e-04
2.003000000000246246e+03,5.088110822186234748e-04
2.003100000000246382e+03,5.136340289764107980e-04
2.003200000000246291e+03,5.184673067404448879e-04
2.003300000000246200e+03,5.233113278228828172e-04
2.003400000000246337e+03,5.281667840844718811e-04
2.003500000000246473e+03,5.330336950938977273e-04
2.003600000000246382e+03,5.379120804472371786e-04
2.003700000000246291e+03,5.428019597680487640e-04
2.003800000000246428e+03,5.477033527073510346e-04
2.003900000000246564e+03,5.526162789436564991e-04
2.004000000000246473e+03,5.575407581826602411e-04
2.004100000000246382e+03,5.623319487466917847e-04
2.004200000000246519e+03,5.671340977270188143e-04
2.004300000000246655e+03,5.719472232713417948e-04
2.004400000000246564e+03,5.767713435518385728e-04
2.004500000000246473e+03,5.816064767651961441e-04
2.004600000000246609e+03,5.864544979267519468e-04
2.004700000000246746e+03,5.913137528826915151e-04
2.004800000000246655e+03,5.961841087923045205e-04
2.004900000000246564e+03,6.010655840619027026e-04
2.005000000000246700e+03,6.059581971222158768e-04
2.005100000000246837e+03,6.106711962325049852e-04
2.005200000000246746e+03,6.153949918485320273e-04
2.005300000000246655e+03,6.201296020207085376e-04
2.005400000000246791e+03,6.248750448241374537e-04
2.005500000000246928e+03,6.296296241798653853e-04
2.005600000000246837e+03,6.343946006630681511e-04
2.005700000000246746e+03,6.391704314925810261e-04
2.005800000000246882e+03,6.439571347327145831e-04
2.005900000000247019e+03,6.487547284723270326e-04
2.006000000000246928e+03,6.535632308241960372e-04
2.006100000000246837e+03,6.581065152511109736e-04
2.006200000000246973e+03,6.626600065508970062e-04
2.006300000000247110e+03,6.672237215483707400e-04
2.006400000000247019e+03,6.718004185327491060e-04
2.006500000000246928e+03,6.763884255163982563e-04
2.006600000000247064e+03,6.809867581618376338e-04
2.006700000000247201e+03,6.855954335576343447e-04
2.006800000000247110e+03,6.902144688154778418e-04
2.006900000000247019e+03,6.948438810703281340e-04
2.007000000000247155e+03,6.994836874794659173e-04
2.007100000000247292e+03,7.037849393245317270e-04
2.007200000000247201e+03,7.080957574631443477e-04
2.007300000000247110e+03,7.124174658420855209e-04
2.007400000000247246e+03,7.167499262142444389e-04
2.007500000000247383e+03,7.210920299370748464e-04
2.007600000000247292e+03,7.254437929378951266e-04
2.007700000000247201e+03,7.298052311656743132e-04
2.007800000000247337e+03,7.341763605910175614e-04
2.007900000000247474e+03,7.385571972062007339e-04
2.008000000000247383e+03,7.429477570240818627e-04
2.008100000000247292e+03,7.469021511223751649e-04
2.008200000000247428e+03,7.508650344296543058e-04
2.008300000000247564e+03,7.548364205449016855e-04
2.008400000000247474e+03,7.588163230849799329e-04
2.008500000000247383e+03,7.628047556846477345e-04
2.008600000000247519e+03,7.668017319965622202e-04
2.008700000000247655e+03,7.708072656912985871e-04
2.008800000000247564e+03,7.748213704573554119e-04
2.008900000000247474e+03,7.788440600012166678e-04
2.009000000000247610e+03,7.828753480461777495e-04
2.009100000000247746e+03,7.864326148374248910e-04
2.009200000000247655e+03,7.899974830518719047e-04
2.009300000000247564e+03,7.935699650700925702e-04
2.009400000000247701e+03,7.971500732894088804e-04
2.009500000000247837e+03,8.007378201238751032e-04
2.009600000000247746e+03,8.043332180043069471e-04
2.009700000000247655e+03,8.079362793783125690e-04
2.009800000000247792e+03,8.115470167103133910e-04
2.009900000000247928e+03,8.151667660031937986e-04
2.010000000000247837e+03,8.187947681360083262e-04
2.010100000000247746e+03,8.218075973905896066e-04
2.010200000000247883e+03,8.248264076172646692e-04
2.010300000000248019e+03,8.278512079799388258e-04
2.010400000000247928e+03,8.308820076541109786e-04
2.010500000000247837e+03,8.339204819134595891e-04
2.010600000000247974e+03,8.369661785317935926e-04
2.010700000000248110e+03,8.400179228395752420e-04
2.010800000000248019e+03,8.430757241197380089e-04
2.010900000000247928e+03,8.461438020162571644e-04
2.011000000000248065e+03,8.492191530138674341e-04
2.011100000000248201e+03,8.516733937666407699e-04
2.011200000000248110e+03,8.541323304247274697e-04
2.011300000000248019e+03,8.565964700336435676e-04
2.011400000000248156e+03,8.590749151715909972e-04
2.011500000000248292e+03,8.615581358334433500e-04
2.011600000000248201e+03,8.640461394563397467e-04
2.011700000000248110e+03,8.665389334872632132e-04
2.011800000000248247e+03,8.690365253829838684e-04
2.011900000000248383e+03,8.715389226101467445e-04
2.012000000000248292e+03,8.740461326433667357e-04
2.012100000000248201e+03,8.758190298400926480e-04
2.012200000000248338e+03,8.775948615817198012e-04
2.012300000000248474e+03,8.793726533534249740e-04
2.012400000000248383e+03,8.811513483403324298e-04
2.012500000000248292e+03,8.829329780879582911e-04
2.012600000000248428e+03,8.847175467341344534e-04
2.012700000000248565e+03,8.865050584216975981e-04
2.012800000000248474e+03,8.882955172985499076e-04
2.012900000000248383e+03,8.900889275176151550e-04
2.013000000000248519e+03,8.918852932350199549e-04
2.013100000000248656e+03,8.929206656487360646e-04
2.013200000000248565e+03,8.939571189662430181e-04
2.013300000000248474e+03,8.949946541773142914e-04
2.013400000000248610e+03,8.960313222257420065e-04
2.013500000000248747e+03,8.970678324112024487e-04
2.013600000000248656e+03,8.981054203868113614e-04
2.013700000000248565e+03,8.991440871349337585e-04
2.013800000000248701e+03,9.001838336386596600e-04
2.013900000000248838e+03,9.012246608818380274e-04
2.014000000000248747e+03,9.022665698469653885e-04
2.014100000000248656e+03,9.024692146568087485e-04
2.014200000000248792e+03,9.026737875699531507e-04
2.014300000000248929e+03,9.028774025474870521e-04
2.014400000000248838e+03,9.030800571741472594e-04
2.014500000000248747e+03,9.032817490309051449e-04
2.014600000000248883e+03,9.034809232822449453e-04
2.014700000000249020e+03,9.036775881588073305e-04
2.014800000000248929e+03,9.038732816740724374e-04
2.014900000000248838e+03,9.040680014039155629e-04
2.015000000000248974e+03,9.042617449184083781e-04
2.015100000000249111e+03,9.036458320893583657e-04
2.015200000000249020e+03,9.030285465145892814e-04
2.015300000000248929e+03,9.024081588053473957e-04
2.015400000000249065e+03,9.017830349641987138e-04
2.015500000000249202e+03,9.011458528459252888e-04
2.015600000000249111e+03,9.005055651277795456e-04
2.015700000000249020e+03,8.998621656041196895e-04
2.015800000000249156e+03,8.992156480601338521e-04
2.015900000000249292e+03,8.985660062717974825e-04
2.016000000000249202e+03,8.979132340036063888e-04
2.016100000000249111e+03,8.963489349504569432e-04
2.016200000000249247e+03,8.947795202901476144e-04
2.016300000000249383e+03,8.932049809547276936e-04
2.016400000000249292e+03,8.916260506980457686e-04
2.016500000000249202e+03,8.900442812098717862e-04
2.016600000000249338e+03,8.884573488479333364e-04
2.016700000000249474e+03,8.868652444425222407e-04
2.016800000000249383e+03,8.852679588115486232e-04
2.016900000000249292e+03,8.836640901940100721e-04
2.017000000000249429e+03,8.820515046678054994e-04
2.017100000000249565e+03,8.796269257003322493e-04
2.017200000000249474e+03,8.771948771382006996e-04
2.017300000000249383e+03,8.747550039513960233e-04
2.017400000000249520e+03,8.723049895470014843e-04
2.017500000000249656e+03,8.698474815987467575e-04
2.017600000000249565e+03,8.673800004055388360e-04
2.017700000000249474e+03,8.649019937309282251e-04
2.017800000000249611e+03,8.624164844370954368e-04
2.017900000000249747e+03,8.599234590656003796e-04
2.018000000000249656e+03,8.574229041370722221e-04
2.018100000000249565e+03,8.540665347955391298e-04
2.018200000000249702e+03,8.507008432482806876e-04
2.018300000000249838e+03,8.473258136158821419e-04
2.018400000000249747e+03,8.439414299978978190e-04
2.018500000000249656e+03,8.405476764728507999e-04
2.018600000000249793e+03,8.371445370982247888e-04
2.018700000000249929e+03,8.337331948438736961e-04
2.018800000000249838e+03,8.303140732975103876e-04
2.018900000000249747e+03,8.268854942868766964e-04
2.019000000000249884e+03,8.234474416879677136e-04
2.019100000000250020e+03,8.192446691016372741e-04
2.019200000000249929e+03,8.150280389781624710e-04
2.019300000000249838e+03,8.107995415960842379e-04
2.019400000000249975e+03,8.065595627718629519e-04
2.019500000000250111e+03,8.023080828400406574e-04
2.019600000000250020e+03,7.980450821087287181e-04
2.019700000000249929e+03,7.937705408595813628e-04
2.019800000000250066e+03,7.894844393477504739e-04
2.019900000000250202e+03,7.851867578019092230e-04
2.020000000000250111e+03,7.808774764224463323e-04
2.020100000000250020e+03,7.758625908865876986e-04
2.020200000000250157e+03,7.708344850298924156e-04
2.020300000000250293e+03,7.657931365629698809e-04
2.020400000000250202e+03,7.607382403268696854e-04
2.020500000000250111e+03,7.556682381026185976e-04
2.020600000000250247e+03,7.505849545805380911e-04
2.020700000000250384e+03,7.454883674631222019e-04
2.020800000000250293e+03,7.403784544235017355e-04
2.020900000000250202e+03,7.352551931053577473e-04
2.021000000000250338e+03,7.301206821661837933e-04
2.021100000000250475e+03,7.243958702533797407e-04
2.021200000000250384e+03,7.186560766414881035e-04
2.021300000000250293e+03,7.129012759058459643e-04
2.021400000000250429e+03,7.071315983062150673e-04
2.021500000000250566e+03,7.013515048989166353e-04
2.021600000000250475e+03,6.955562484617581727e-04
2.021700000000250384e+03,6.897458031245467559e-04
2.021800000000250520e+03,6.839185643037098191e-04
2.021900000000250657e+03,6.780733855711882155e-04
2.022000000000250566e+03,6.722130143654807656e-04
2.022100000000250475e+03,6.658686857339810071e-04
2.022200000000250611e+03,6.595082658620624559e-04
2.022300000000250748e+03,6.531317281130420184e-04
2.022400000000250657e+03,6.467390458154965950e-04
2.022500000000250566e+03,6.403301922632338066e-04
2.022600000000250702e+03,6.339051407152490603e-04
2.022700000000250839e+03,6.274616484173202186e-04
2.022800000000250748e+03,6.209973626270431707e-04
2.022900000000250657e+03,6.145141582906497174e-04
2.023000000000250793e+03,6.080148496676165753e-04
2.023100000000250930e+03,6.012077792214094892e-04
2.023200000000250839e+03,5.943835914736318770e-04
2.023300000000250748e+03,5.875438126008510238e-04
2.023400000000250884e+03,5.806872731170363436e-04
2.023500000000251021e+03,5.738134842321459747e-04
2.023600000000250930e+03,5.669248247390953855e-04
2.023700000000250839e+03,5.600229872018007470e-04
2.023800000000250975e+03,5.531036520778747625e-04
2.023900000000251111e+03,5.461667900574390146e-04
2.024000000000251021e+03,5.392138485514706009e-04
2.024100000000250930e+03,5.321152417108879554e-04
2.024200000000251066e+03,5.249998162785972930e-04
2.024300000000251202e+03,5.178669837966493614e-04
2.024400000000251111e+03,5.107160665528974507e-04
2.024500000000251021e+03,5.035470341005452181e-04
2.024600000000251157e+03,4.963597207366216794e-04
2.024700000000251293e+03,4.891526954091804033e-04
2.024800000000251202e+03,4.819275126927484399e-04
2.024900000000251111e+03,4.746841421649043171e-04
2.025000000000251248e+03,4.674225533732629550e-04
2.025100000000251384e+03,4.643341046789210250e-04
2.025200000000251293e+03,4.612384176534175921e-04
2.025300000000251202e+03,4.581347036575643059e-04
2.025400000000251339e+03,4.550229493603933804e-04
2.025500000000251475e+03,4.519031414136029682e-04
2.025600000000251384e+03,4.487752664515294587e-04
2.025700000000251293e+03,4.456393110911128380e-04
2.025800000000251430e+03,4.424952619318948998e-04
2.025900000000251566e+03,4.393431055560152883e-04
2.026000000000251475e+03,4.361828285503807222e-04
2.026100000000251384e+03,4.418521202989302249e-04
2.026200000000251521e+03,4.475346276876564374e-04
2.026300000000251657e+03,4.532303726406440862e-04
2.026400000000251566e+03,4.589393771114812616e-04
2.026500000000251475e+03,4.646616630833414916e-04
2.026600000000251612e+03,4.703972525689862358e-04
2.026700000000251748e+03,4.761461676107493269e-04
2.026800000000251657e+03,4.819084302806334649e-04
2.026900000000251566e+03,4.876840626803355329e-04
2.027000000000251703e+03,4.934730869415599862e-04
2.027100000000251839e+03,4.993889158492433641e-04
2.027200000000251748e+03,5.053179593848649816e-04
2.027300000000251657e+03,5.112602384148485536e-04
2.027400000000251794e+03,5.172157738320534628e-04
2.027500000000251930e+03,5.231845865557666281e-04
2.027600000000251839e+03,5.291666975317437047e-04
2.027700000000251748e+03,5.351621277322849779e-04
2.027800000000251885e+03,5.411708981562240875e-04
2.027900000000252021e+03,5.471930298289320394e-04
2.028000000000251930e+03,5.532285438026172042e-04
2.028100000000251839e+03,5.593785275905770443e-04
2.028200000000251976e+03,5.655425691499901993e-04
2.028300000000252112e+03,5.717195916306398165e-04
2.028400000000252021e+03,5.779098292239996182e-04
2.028500000000251930e+03,5.841141510202760897e-04
2.028600000000252066e+03,5.903325799159768374e-04
2.028700000000252203e+03,5.965651388377534326e-04
2.028800000000252112e+03,6.028139080118669795e-04
2.028900000000252021e+03,6.090769004580285154e-04
2.029000000000252157e+03,6.153541349169489548e-04
2.029100000000252294e+03,6.216488023535912634e-04
2.029200000000252203e+03,6.279565059235409519e-04
2.029300000000252112e+03,6.342781354505598948e-04
2.029400000000252248e+03,6.406163668881252344e-04
2.029500000000252385e+03,6.469703703111756793e-04
2.029600000000252294e+03,6.533386176756527568e-04
2.029700000000252203e+03,6.597190289491087524e-04
2.029800000000252339e+03,6.661057293426748569e-04
2.029900000000252476e+03,6.725065484533328947e-04
2.030000000000252385e+03,6.789215085602992063e-04
2.030100000000252294e+03,6.853033385704996065e-04
2.030200000000252430e+03,6.916994076751431476e-04
2.030300000000252567e+03,6.981097386658346960e-04
2.030400000000252476e+03,7.045343543636760309e-04
2.030500000000252385e+03,7.109732776193849980e-04
2.030600000000252521e+03,7.174247170703949589e-04
2.030700000000252658e+03,7.238898313761804853e-04
2.030800000000252567e+03,7.303692775018893329e-04
2.030900000000252476e+03,7.368630782667305893e-04
2.031000000000252612e+03,7.433731173296522594e-04
2.031100000000252749e+03,7.497526620735782670e-04
2.031200000000252658e+03,7.561461908581290723e-04
2.031300000000252567e+03,7.625537257134116891e-04
2.031400000000252703e+03,7.689752886976060527e-04
2.031500000000252840e+03,7.754125200815001730e-04
2.031600000000252749e+03,7.818648941789610798e-04
2.031700000000252658e+03,7.883314070930566098e-04
2.031800000000252794e+03,7.948120811414145434e-04
2.031900000000252930e+03,8.013049777670829812e-04
2.032000000000252840e+03,8.078061566390275922e-04
2.032100000000252749e+03,8.141125145366134852e-04
2.032200000000252885e+03,8.204327073155016957e-04
2.032300000000253021e+03,8.267667569528240352e-04
2.032400000000252930e+03,8.331146854540353620e-04
2.032500000000252840e+03,8.394765148529669246e-04
2.032600000000252976e+03,8.458522672118416481e-04
2.032700000000253112e+03,8.522419646212848685e-04
2.032800000000253021e+03,8.586507614012038863e-04
2.032900000000252930e+03,8.650739199543079931e-04
2.033000000000253067e+03,8.715111713298846850e-04
2.033100000000253203e+03,8.776448396377460647e-04
2.033200000000253112e+03,8.837918543509383929e-04
2.033300000000253021e+03,8.899533067582335831e-04
2.033400000000253158e+03,8.961301520870203598e-04
2.033500000000253294e+03,9.023204499348330644e-04
2.033600000000253203e+03,9.085242216971975643e-04
2.033700000000253112e+03,9.147414887973997480e-04
2.033800000000253249e+03,9.209697928854233308e-04
2.033900000000253385e+03,9.272109246514864895e-04
2.034000000000253294e+03,9.334655731842515488e-04
2.034100000000253203e+03,9.393020053385493047e-04
2.034200000000253340e+03,9.451507652896484540e-04
2.034300000000253476e+03,9.510118720807076483e-04
2.034400000000253385e+03,9.568853447787362522e-04
2.034500000000253294e+03,9.627726372581898789e-04
2.034600000000253431e+03,9.686736008813480155e-04
2.034700000000253567e+03,9.745892137956063163e-04
2.034800000000253476e+03,9.805184786304760661e-04
2.034900000000253385e+03,9.864602788842553004e-04
2.035000000000253522e+03,9.924146340000018600e-04
2.035100000000253658e+03,9.979203681824417964e-04
2.035200000000253567e+03,1.003438032747732854e-03
2.035300000000253476e+03,1.008963214689965983e-03
2.035400000000253613e+03,1.014498364696136100e-03
2.035500000000253749e+03,1.020045432773488943e-03
2.035600000000253658e+03,1.025602583509046444e-03
2.035700000000253567e+03,1.031170004359036659e-03
2.035800000000253704e+03,1.036749362389672961e-03
2.035900000000253840e+03,1.042340676705695275e-03
2.036000000000253749e+03,1.047943966435327346e-03
2.036100000000253658e+03,1.052897335403417184e-03
2.036200000000253794e+03,1.057860866414141046e-03
2.036300000000253931e+03,1.062834443605356139e-03
2.036400000000253840e+03,1.067818082174751054e-03
2.036500000000253749e+03,1.072811797338784094e-03
2.036600000000253885e+03,1.077815604332669173e-03
2.036700000000254022e+03,1.082829518410412251e-03
2.036800000000253931e+03,1.087853554844812193e-03
2.036900000000253840e+03,1.092887728927528215e-03
2.037000000000253976e+03,1.097932055967344505e-03
2.037100000000254113e+03,1.102320152364089610e-03
2.037200000000254022e+03,1.106717103791653991e-03
2.037300000000253931e+03,1.111122923950922260e-03
2.037400000000254067e+03,1.115536596848271849e-03
2.037500000000254204e+03,1.119956356100487932e-03
2.037600000000254113e+03,1.124384994785081974e-03
2.037700000000254022e+03,1.128822526579885844e-03
2.037800000000254158e+03,1.133268965180158011e-03
2.037900000000254295e+03,1.137727071012931699e-03
2.038000000000254204e+03,1.142192831130451778e-03
2.038100000000254113e+03,1.145860289326252040e-03
2.038200000000254249e+03,1.149534753569465741e-03
2.038300000000254386e+03,1.153216234381902218e-03
2.038400000000254295e+03,1.156904742298567714e-03
2.038500000000254204e+03,1.160600287867660178e-03
2.038600000000254340e+03,1.164302881650577937e-03
2.038700000000254477e+03,1.168012534221935092e-03
2.038800000000254386e+03,1.171729256169548074e-03
2.038900000000254295e+03,1.175453058094538426e-03
2.039000000000254431e+03,1.179183950608922405e-03
2.039100000000254568e+03,1.182006294379423601e-03
2.039200000000254477e+03,1.184833492870124858e-03
2.039300000000254386e+03,1.187665552907246321e-03
2.039400000000254522e+03,1.190512075478636703e-03
2.039500000000254659e+03,1.193368780767581220e-03
2.039600000000254568e+03,1.196233377605803502e-03
2.039700000000254477e+03,1.199101115837208258e-03
2.039800000000254613e+03,1.201971547351018271e-03
2.039900000000254749e+03,1.204846947629440498e-03
2.040000000000254659e+03,1.207727323723176973e-03
2.040100000000254568e+03,1.209689165808602862e-03
2.040200000000254704e+03,1.211657505229608899e-03
2.040300000000254840e+03,1.213629190792148496e-03
2.040400000000254749e+03,1.215603735914696148e-03
2.040500000000254659e+03,1.217581144299052223e-03
2.040600000000254795e+03,1.219561419651178690e-03
2.040700000000254931e+03,1.221544565681371725e-03
2.040800000000254840e+03,1.223530586104105587e-03
2.040900000000254749e+03,1.225519484638165754e-03
2.041000000000254886e+03,1.227511265003909365e-03
2.041100000000255022e+03,1.228443828473184439e-03
2.041200000000254931e+03,1.229370678920556088e-03
2.041300000000254840e+03,1.230296116589792372e-03
2.041400000000254977e+03,1.231221867203796195e-03
2.041500000000255113e+03,1.232146304144284563e-03
2.041600000000255022e+03,1.233065819001265447e-03
2.041700000000254931e+03,1.233985634908224029e-03
2.041800000000255068e+03,1.234905751333756395e-03
2.041900000000255204e+03,1.235826167745142845e-03
2.042000000000255113e+03,1.236746883605570595e-03
2.042100000000255022e+03,1.236611324736927109e-03
2.042200000000255159e+03,1.236473510841994443e-03
2.042300000000255295e+03,1.236333437147604840e-03
2.042400000000255204e+03,1.236191098873595925e-03
2.042500000000255113e+03,1.236046491232779690e-03
2.042600000000255250e+03,1.235899609431009502e-03
2.042700000000255386e+03,1.235750448667060405e-03
2.042800000000255295e+03,1.235599004132718892e-03
2.042900000000255204e+03,1.235450549836180191e-03
2.043000000000255341e+03,1.235298097932064710e-03
2.043100000000255477e+03,1.234020281767530050e-03
2.043200000000255386e+03,1.232737533285378122e-03
2.043300000000255295e+03,1.231449843418134507e-03
2.043400000000255432e+03,1.230157203085860363e-03
2.043500000000255568e+03,1.228859603196111663e-03
2.043600000000255477e+03,1.227557034643895172e-03
2.043700000000255386e+03,1.226249488311696419e-03
2.043800000000255523e+03,1.224938483562874273e-03
2.043900000000255659e+03,1.223625141602939113e-03
2.044000000000255568e+03,1.222306785287325228e-03
2.044100000000255477e+03,1.219881710925160238e-03
2.044200000000255613e+03,1.217448897603455637e-03
2.044300000000255750e+03,1.215005004698189658e-03
2.044400000000255659e+03,1.212552527787553449e-03
2.044500000000255568e+03,1.210092287300910344e-03
2.044600000000255704e+03,1.207624269438327359e-03
2.044700000000255841e+03,1.205148460381006608e-03
2.044800000000255750e+03,1.202664846291249092e-03
2.044900000000255659e+03,1.200173413312431714e-03
2.045000000000255795e+03,1.197673562089356623e-03
2.045100000000255932e+03,1.194061298075854965e-03
2.045200000000255841e+03,1.190435857817698923e-03
2.045300000000255750e+03,1.186798634098787126e-03
2.045400000000255886e+03,1.183145773136025933e-03
2.045500000000256023e+03,1.179480186874002278e-03
2.045600000000255932e+03,1.175804582416122186e-03
2.045700000000255841e+03,1.172122099938594560e-03
2.045800000000255977e+03,1.168429111841184876e-03
2.045900000000256114e+03,1.164725600136831858e-03
2.046000000000256023e+03,1.161011546811906506e-03
2.046100000000255932e+03,1.156221898819109013e-03
2.046200000000256068e+03,1.151419398063480495e-03
2.046300000000256205e+03,1.146604023228562155e-03
2.046400000000256114e+03,1.141775752970374241e-03
2.046500000000256023e+03,1.136934565917375496e-03
2.046600000000256159e+03,1.132080440670455140e-03
2.046700000000256296e+03,1.127213355802925924e-03
2.046800000000256205e+03,1.122333289860480985e-03
2.046900000000256114e+03,1.117440221361145486e-03
2.047000000000256250e+03,1.112535696616354011e-03
2.047100000000256387e+03,1.106687057593866170e-03
2.047200000000256296e+03,1.100822575093024849e-03
2.047300000000256205e+03,1.094942221928665556e-03
2.047400000000256341e+03,1.089045970878864573e-03
2.047500000000256478e+03,1.083133794684949152e-03
2.047600000000256387e+03,1.077205666051395160e-03
2.047700000000256296e+03,1.071261557645789356e-03
2.047800000000256432e+03,1.065301442098811171e-03
2.047900000000256568e+03,1.059325292004208207e-03
2.048000000000256478e+03,1.053333079916375214e-03
2.048100000000256387e+03,1.046411650156368542e-03
2.048200000000256296e+03,1.039472587705281195e-03
2.048300000000256659e+03,1.032515863780301968e-03
2.048400000000256568e+03,1.025541449561848508e-03
2.048500000000256478e+03,1.018549316193420508e-03
2.048600000000256841e+03,1.011539434781560248e-03
2.048700000000256750e+03,1.004511941795085961e-03
2.048800000000256659e+03,9.974727806268499520e-04
2.048900000000256568e+03,9.904156953577207545e-04
2.049000000000256478e+03,9.833406566028715483e-04
2.049100000000256841e+03,9.755310342980892929e-04
2.049200000000256750e+03,9.677014570260134528e-04
2.049300000000256659e+03,9.598538232446638318e-04
2.049400000000257023e+03,9.519874747214555639e-04
2.049500000000256932e+03,9.441010176122530519e-04
2.049600000000256841e+03,9.361944184675699511e-04
2.049700000000256750e+03,9.282675674020945825e-04
2.049800000000256659e+03,9.203174389543187801e-04
2.049900000000257023e+03,9.123471224973770267e-04
2.050000000000256932e+03,9.043565846074899531e-04
2.050100000000256841e+03,8.958019308249467409e-04
2.050200000000257205e+03,8.872252440500113775e-04
2.050300000000257114e+03,8.786264870189702640e-04
2.050400000000257023e+03,8.700056224179050605e-04
2.050500000000256932e+03,8.613626128828055523e-04
2.050600000000256841e+03,8.526974209994517967e-04
2.050700000000257205e+03,8.440100093033289048e-04
2.050800000000257114e+03,8.353003402797413166e-04
2.050900000000257023e+03,8.265683763634897084e-04
2.051000000000257387e+03,8.178140799379406394e-04
2.051100000000257296e+03,8.086317770150420201e-04
2.051200000000257205e+03,7.994271718838985141e-04
2.051300000000257114e+03,7.901963543440457044e-04
2.051400000000257023e+03,7.809421459232128221e-04
2.051500000000257387e+03,7.716656458206172997e-04
2.051600000000257296e+03,7.623668187554774774e-04
2.051700000000257205e+03,7.530456294030340699e-04
2.051800000000257569e+03,7.437020423945994978e-04
2.051900000000257478e+03,7.343360223176617543e-04
2.052000000000257387e+03,7.249475337152980680e-04
2.052100000000257296e+03,7.154332445299962061e-04
2.052200000000257205e+03,7.058967277093273866e-04
2.052300000000257569e+03,6.963437400035836760e-04
2.052400000000257478e+03,6.867666105945689423e-04
2.052500000000257387e+03,6.771652988432289976e-04
2.052600000000257751e+03,6.675397640559142202e-04
2.052700000000257660e+03,6.578899654844492682e-04
2.052800000000257569e+03,6.482158623257973026e-04
2.052900000000257478e+03,6.385174137221896577e-04
2.053000000000257387e+03,6.287983233938559307e-04
2.053100000000257751e+03,6.264166672014533479e-04
2.053200000000257660e+03,6.240283181898088069e-04
2.053300000000257569e+03,6.216332647874819959e-04
2.053400000000257933e+03,6.192314954073563403e-04
2.053500000000257842e+03,6.168229984466436656e-04
2.053600000000257751e+03,6.144077622868106877e-04
2.053700000000257660e+03,6.119857752935954935e-04
2.053800000000257569e+03,6.095570258169966983e-04
2.053900000000257933e+03,6.071195486033403128e-04
2.054000000000257842e+03,6.046751820672690778e-04
2.054100000000257751e+03,6.122345904947540255e-04
2.054200000000258115e+03,6.198106812910964989e-04
2.054300000000258024e+03,6.274034804582916515e-04
2.054400000000257933e+03,6.350130140310064186e-04
2.054500000000257842e+03,6.426393080764392215e-04
2.054600000000257751e+03,6.502823886944244852e-04
2.054700000000258115e+03,6.579422820174675489e-04
2.054800000000258024e+03,6.656190142106537021e-04
2.054900000000257933e+03,6.733126114718954907e-04
2.055000000000258296e+03,6.810231000323794083e-04
2.055100000000258206e+03,6.889559664174379301e-04
2.055200000000258115e+03,6.969069325533275945e-04
2.055300000000258024e+03,7.048760279445563963e-04
2.055400000000257933e+03,7.128632821347133733e-04
2.055500000000258296e+03,7.208655757163994707e-04
2.055600000000258206e+03,7.288832985668759149e-04
2.055700000000258115e+03,7.369184001615184309e-04
2.055800000000258478e+03,7.449716324005943276e-04
2.055900000000258387e+03,7.530430245303842409e-04
2.056000000000258296e+03,7.611326058357880883e-04
2.056100000000258206e+03,7.693175960503302342e-04
2.056200000000258115e+03,7.775228682143350617e-04
2.056300000000258478e+03,7.857461608475759625e-04
2.056400000000258387e+03,7.939875021126043290e-04
2.056500000000258296e+03,8.022469202075817405e-04
2.056600000000258660e+03,8.105244433661733857e-04
2.056700000000258569e+03,8.188200998575010086e-04
2.056800000000258478e+03,8.271339179863904318e-04
2.056900000000258387e+03,8.354659260932601004e-04
2.057000000000258296e+03,8.438161525542367666e-04
2.057100000000258660e+03,8.522034452061898928e-04
2.057200000000258569e+03,8.606089983351004717e-04
2.057300000000258478e+03,8.690328402916591135e-04
2.057400000000258842e+03,8.774749994620426909e-04
2.057500000000258751e+03,8.859355042678334572e-04
2.057600000000258660e+03,8.944143831662867365e-04
2.057700000000258569e+03,9.029116646501912776e-04
2.057800000000258478e+03,9.114273772479813615e-04
2.057900000000258842e+03,9.199615495237904684e-04
2.058000000000258751e+03,9.285169363468225587e-04
2.058100000000258660e+03,9.370486508396176639e-04
2.058200000000259024e+03,9.455993011227177818e-04
2.058300000000258933e+03,9.541689174602215398e-04
2.058400000000258842e+03,9.627575301557044505e-04
2.058500000000258751e+03,9.713651695520627866e-04
2.058600000000258660e+03,9.799918660316061722e-04
2.058700000000259024e+03,9.886376500161297900e-04
2.058800000000258933e+03,9.973027034617047270e-04
2.058900000000258842e+03,1.005993109752772573e-03
2.059000000000259206e+03,1.014702805081904059e-03
2.059100000000259115e+03,1.023224509173295419e-03
2.059200000000259024e+03,1.031764555397418279e-03
2.059300000000258933e+03,1.040322381223869738e-03
2.059400000000258842e+03,1.048895613777272055e-03
2.059500000000259206e+03,1.057487215207168893e-03
2.059600000000259115e+03,1.066097213806911637e-03
2.059700000000259024e+03,1.074725637905172160e-03
2.059800000000259388e+03,1.083372515865819227e-03
2.059900000000259297e+03,1.092037876087851266e-03
2.060000000000259206e+03,1.100721747004982428e-03
2.060100000000259115e+03,1.109164503473872342e-03
2.060200000000259024e+03,1.117625445334457590e-03
2.060300000000259388e+03,1.126104600954413353e-03
2.060400000000259297e+03,1.134598006772434943e-03
2.060500000000259206e+03,1.143100234593071290e-03
2.060600000000259570e+03,1.151620561456509441e-03
2.060700000000259479e+03,1.160159015234934641e-03
2.060800000000259388e+03,1.168715623835386202e-03
2.060900000000259297e+03,1.177290415199647991e-03
2.061000000000259206e+03,1.185883417303341828e-03
2.061100000000259570e+03,1.194113876256433634e-03
2.061200000000259479e+03,1.202361856347689256e-03
2.061300000000259388e+03,1.210627384745220202e-03
2.061400000000259752e+03,1.218904534498618580e-03
2.061500000000259661e+03,1.227197450914081431e-03
2.061600000000259570e+03,1.235507892129367614e-03
2.061700000000259479e+03,1.243835885113628000e-03
2.061800000000259388e+03,1.252181456869764890e-03
2.061900000000259752e+03,1.260544634434388432e-03
2.062000000000259661e+03,1.268925444876405637e-03
2.062100000000259570e+03,1.276782676091361025e-03
2.062200000000259934e+03,1.284656074324124018e-03
2.062300000000259843e+03,1.292545663830338767e-03
2.062400000000259752e+03,1.300451468895236868e-03
2.062500000000259661e+03,1.308372559605278920e-03
2.062600000000259570e+03,1.316303879517387093e-03
2.062700000000259934e+03,1.324246548306227955e-03
2.062800000000259843e+03,1.332205387475409765e-03
2.062900000000259752e+03,1.340180421026998482e-03
2.063000000000260115e+03,1.348174656030598278e-03
2.063100000000260025e+03,1.355583532652722975e-03
2.063200000000259934e+03,1.363008169202412469e-03
2.063300000000259843e+03,1.370448076985476176e-03
2.063400000000259752e+03,1.377903676740716184e-03
2.063500000000260115e+03,1.385378918855334528e-03
2.063600000000260025e+03,1.392869552624852268e-03
2.063700000000259934e+03,1.400375601501425201e-03
2.063800000000260297e+03,1.407897088966312800e-03
2.063900000000260206e+03,1.415434038529864982e-03
2.064000000000260115e+03,1.422986473729712141e-03
2.064100000000260025e+03,1.429780850219452637e-03
2.064200000000259934e+03,1.436588882812035641e-03
2.064300000000260297e+03,1.443410592006023853e-03
2.064400000000260206e+03,1.450241279416386196e-03
2.064500000000260115e+03,1.457085418912854599e-03
2.064600000000260479e+03,1.463943250294219480e-03
2.064700000000260388e+03,1.470814794024948198e-03
2.064800000000260297e+03,1.477700070594552316e-03
2.064900000000260206e+03,1.484599100517533608e-03
2.065000000000260115e+03,1.491511904331087931e-03
2.065100000000260479e+03,1.497539786029381979e-03
2.065200000000260388e+03,1.503579348145069744e-03
2.065300000000260297e+03,1.509630607812166786e-03
2.065400000000260661e+03,1.515693582185305421e-03
2.065500000000260570e+03,1.521768288439563415e-03
2.065600000000260479e+03,1.527854743770795751e-03
2.065700000000260388e+03,1.533952965395370301e-03
2.065800000000260297e+03,1.540062970550381627e-03
2.065900000000260661e+03,1.546183832711483120e-03
2.066000000000260570e+03,1.552316225864616272e-03
2.066100000000260479e+03,1.557470449847601695e-03
2.066200000000260843e+03,1.562620262125555878e-03
2.066300000000260752e+03,1.567779645011414553e-03
2.066400000000260661e+03,1.572948612284808586e-03
2.066500000000260570e+03,1.578127177741761545e-03
2.066600000000260479e+03,1.583333843132796355e-03
2.066700000000260843e+03,1.588555764510407847e-03
2.066800000000260752e+03,1.593787484121844764e-03
2.066900000000260661e+03,1.599029016274612159e-03
2.067000000000261025e+03,1.604280375290571868e-03
2.067100000000260934e+03,1.608384617241051268e-03
2.067200000000260843e+03,1.612487569623485871e-03
2.067300000000260752e+03,1.616588818384420310e-03
2.067400000000260661e+03,1.620695591981230433e-03
2.067500000000261025e+03,1.624809370105094637e-03
2.067600000000260934e+03,1.628930162320022012e-03
2.067700000000260843e+03,1.633057978201014155e-03
2.067800000000261207e+03,1.637192827333912954e-03
2.067900000000261116e+03,1.641334719315406870e-03
2.068000000000261025e+03,1.645483663749943348e-03
2.068100000000260934e+03,1.648422560272443755e-03
2.068200000000260843e+03,1.651365797729354486e-03
2.068300000000261207e+03,1.654313381598149267e-03
2.068400000000261116e+03,1.657265317362154348e-03
2.068500000000261025e+03,1.660226539220768837e-03
2.068600000000261389e+03,1.663192855523089840e-03
2.068700000000261298e+03,1.666163559644174121e-03
2.068800000000261207e+03,1.669138657131833021e-03
2.068900000000261116e+03,1.672118386499533982e-03
2.069000000000261025e+03,1.675112874756283553e-03
2.069100000000261389e+03,1.676809991094674887e-03
2.069200000000261298e+03,1.678508601314900430e-03
2.069300000000261207e+03,1.680208706495061113e-03
2.069400000000261571e+03,1.681910307713833800e-03
2.069500000000261480e+03,1.683613406050426609e-03
2.069600000000261389e+03,1.685318200477541354e-03
2.069700000000261298e+03,1.687028993006236188e-03
2.069800000000261207e+03,1.688741295507797165e-03
2.069900000000261571e+03,1.690455109076462485e-03
2.070000000000261480e+03,1.692170434803378417e-03
2.070100000000261389e+03,1.692475852112477943e-03
2.070200000000261753e+03,1.692779620439369744e-03
2.070300000000261662e+03,1.693081736064867620e-03
2.070400000000261571e+03,1.693382195264524388e-03
2.070500000000261480e+03,1.693680994308669613e-03
2.070600000000261389e+03,1.693976927796014527e-03
2.070700000000261753e+03,1.694252775831318067e-03
2.070800000000261662e+03,1.694528859372309692e-03
2.070900000000261571e+03,1.694799500244376610e-03
2.071000000000261934e+03,1.695068453535241576e-03
2.071100000000261844e+03,1.693931323921756037e-03
2.071200000000261753e+03,1.692792094849254140e-03
2.071300000000261662e+03,1.691650916009436760e-03
2.071400000000261571e+03,1.690504821886516752e-03
2.071500000000261934e+03,1.689353803753126113e-03
2.071600000000261844e+03,1.688197852870564975e-03
2.071700000000261753e+03,1.687036960488868826e-03
2.071800000000262116e+03,1.685871117846726329e-03
2.071900000000262025e+03,1.684700316171538733e-03
2.072000000000261934e+03,1.683524546675503955e-03
2.072100000000261844e+03,1.680898859315623764e-03
2.072200000000261753e+03,1.678261255788065327e-03
2.072300000000262116e+03,1.675615397944576253e-03
2.072400000000262025e+03,1.672961271979373638e-03
2.072500000000261934e+03,1.670298864069249493e-03
2.072600000000262298e+03,1.667623682749204634e-03
2.072700000000262207e+03,1.664939030714946474e-03
2.072800000000262116e+03,1.662246073926159067e-03
2.072900000000262025e+03,1.659544798572194909e-03
2.073000000000261934e+03,1.656835190821312909e-03
2.073100000000262298e+03,1.652647417511213896e-03
2.073200000000262207e+03,1.648442523329352255e-03
2.073300000000262116e+03,1.644226045911707096e-03
2.073400000000262480e+03,1.639998123150477379e-03
2.073500000000262389e+03,1.635758736950449843e-03
2.073600000000262298e+03,1.631507869194615944e-03
2.073700000000262207e+03,1.627245501744194623e-03
2.073800000000262116e+03,1.622971616438640980e-03
2.073900000000262480e+03,1.618686195095569947e-03
2.074000000000262389e+03,1.614389219507314814e-03
2.074100000000262298e+03,1.608730305868404879e-03
2.074200000000262662e+03,1.603056587657855593e-03
2.074300000000262571e+03,1.597368041376071024e-03
2.074400000000262480e+03,1.591667518513670320e-03
2.074500000000262389e+03,1.585954607841581201e-03
2.074600000000262298e+03,1.580226758985570469e-03
2.074700000000262662e+03,1.574483948185463307e-03
2.074800000000262571e+03,1.568727186798623023e-03
2.074900000000262480e+03,1.562959147176689722e-03
2.075000000000262844e+03,1.557175873991356770e-03
2.075100000000262753e+03,1.550053612901349702e-03
2.075200000000262662e+03,1.542913243709928463e-03
2.075300000000262571e+03,1.535754737730432367e-03
2.075400000000262480e+03,1.528578066240928813e-03
2.075500000000262844e+03,1.521383200484212632e-03
2.075600000000262753e+03,1.514170111667862686e-03
2.075700000000262662e+03,1.506938770964048012e-03
2.075800000000263026e+03,1.499689149509536709e-03
2.075900000000262935e+03,1.492421218405842525e-03
2.076000000000262844e+03,1.485134948715648943e-03
2.076100000000262753e+03,1.476591643302241526e-03
2.076200000000262662e+03,1.468027523937159720e-03
2.076300000000263026e+03,1.459442558543602676e-03
2.076400000000262935e+03,1.450836715006629044e-03
2.076500000000262844e+03,1.442209961172839739e-03
2.076600000000263208e+03,1.433562264850511301e-03
2.076700000000263117e+03,1.424903937546387247e-03
2.076800000000263026e+03,1.416228025974372671e-03
2.076900000000262935e+03,1.407530905373336784e-03
2.077000000000262844e+03,1.398812542767461763e-03
2.077100000000263208e+03,1.389038316837725318e-03
2.077200000000263117e+03,1.379244079059238279e-03
2.077300000000263026e+03,1.369425744782026269e-03
2.077400000000263390e+03,1.359583275859905377e-03
2.077500000000263299e+03,1.349716634099516104e-03
2.077600000000263208e+03,1.339825781259992897e-03
2.077700000000263117e+03,1.329910679053156273e-03
2.077800000000263026e+03,1.319971289143398972e-03
2.077900000000263390e+03,1.310007573147540898e-03
2.078000000000263299e+03,1.300019422349813674e-03
2.078100000000263208e+03,1.289137902894631768e-03
2.078200000000263572e+03,1.278229975240016214e-03
2.078300000000263481e+03,1.267295597786128420e-03
2.078400000000263390e+03,1.256334728881584222e-03
2.078500000000263299e+03,1.245347326823592008e-03
2.078600000000263208e+03,1.234333349857829340e-03
2.078700000000263572e+03,1.223292756178405005e-03
2.078800000000263481e+03,1.212225503927919943e-03
2.078900000000263390e+03,1.201131551197186448e-03
2.079000000000263753e+03,1.190010856023542875e-03
2.079100000000263663e+03,1.178202993422520833e-03
2.079200000000263572e+03,1.166367260528472895e-03
2.079300000000263481e+03,1.154503614426910258e-03
2.079400000000263390e+03,1.142612012151562190e-03
2.079500000000263753e+03,1.130692410684388388e-03
2.079600000000263663e+03,1.118744766955726650e-03
2.079700000000263572e+03,1.106769037843847916e-03
2.079800000000263935e+03,1.094765180175150555e-03
2.079900000000263844e+03,1.082729010593946883e-03
2.080000000000263753e+03,1.070662024996647116e-03
2.080100000000263663e+03,1.058205697728856242e-03
2.080200000000263572e+03,1.045720057234800432e-03
2.080300000000263935e+03,1.033205731822973246e-03
2.080400000000263844e+03,1.020664773073194772e-03
2.080500000000263753e+03,1.008094279735152537e-03
2.080600000000264117e+03,9.954942060454174697e-04
2.080700000000264026e+03,9.828656676361005682e-04
2.080800000000263935e+03,9.702124326040260883e-04
2.080900000000263844e+03,9.575293190242818589e-04
2.081000000000263753e+03,9.448162803288304764e-04
2.081100000000264117e+03,9.319991442913541256e-04
2.081200000000264026e+03,9.191514160707744008e-04
2.081300000000263935e+03,9.062703803015499443e-04
2.081400000000264299e+03,8.933589415216674004e-04
2.081500000000264208e+03,8.804170522296053897e-04
2.081600000000264117e+03,8.674446648651837257e-04
2.081700000000264026e+03,8.544417318097004580e-04
2.081800000000263935e+03,8.414082053858430764e-04
2.081900000000264299e+03,8.283458392185316611e-04
2.082000000000264208e+03,8.152544798618270973e-04
2.082100000000264117e+03,8.193761181135546592e-04
2.082200000000264481e+03,8.235110673521997418e-04
2.082300000000264390e+03,8.276545572836280316e-04
2.082400000000264299e+03,8.318062349728348476e-04
2.082500000000264208e+03,8.359661123839790204e-04
2.082600000000264117e+03,8.401331518882348059e-04
2.082700000000264481e+03,8.443066049209741689e-04
2.082800000000264390e+03,8.484882655215085327e-04
2.082900000000264299e+03,8.526818959722625184e-04
2.083000000000264663e+03,8.568901320567309104e-04
2.083100000000264572e+03,8.670692892071444951e-04
2.083200000000264481e+03,8.772697956445821938e-04
2.083300000000264390e+03,8.874922500167924588e-04
2.083400000000264299e+03,8.977366857086532684e-04
2.083500000000264663e+03,9.080031361458664992e-04
2.083600000000264572e+03,9.182916347948306404e-04
2.083700000000264481e+03,9.286016617230100816e-04
2.083800000000264845e+03,9.389370997301160239e-04
2.083900000000264754e+03,9.492947471480278490e-04
2.084000000000264663e+03,9.596746378004937213e-04
2.084100000000264572e+03,9.702908435634484321e-04
2.084200000000264481e+03,9.809300711760909289e-04
2.084300000000264845e+03,9.915923561054050539e-04
2.084400000000264754e+03,1.002277733862286680e-03
2.084500000000264663e+03,1.012986240001863877e-03
2.084600000000265027e+03,1.023717910123425568e-03
2.084700000000264936e+03,1.034472779870279071e-03
2.084800000000264845e+03,1.045250884930117420e-03
2.084900000000264754e+03,1.056052261034861727e-03
2.085000000000264663e+03,1.066865306187376409e-03
2.085100000000265027e+03,1.077801216104415588e-03
2.085200000000264936e+03,1.088760307548221947e-03
2.085300000000264845e+03,1.099742615398621509e-03
2.085400000000265209e+03,1.110748174577602535e-03
2.085500000000265118e+03,1.121777020049201899e-03
2.085600000000265027e+03,1.132826695337599320e-03
2.085700000000264936e+03,1.143897248117425533e-03
2.085800000000264845e+03,1.154992723561183926e-03
2.085900000000265209e+03,1.166113857597587001e-03
2.086000000000265118e+03,1.177258431792992241e-03
2.086100000000265027e+03,1.188430418815916061e-03
2.086200000000265391e+03,1.199625845388011284e-03
2.086300000000265300e+03,1.210841259706827919e-03
2.086400000000265209e+03,1.222079509321351417e-03
2.086500000000265118e+03,1.233341227544465469e-03
2.086600000000265027e+03,1.244626449230610589e-03
2.086700000000265391e+03,1.255933988687294887e-03
2.086800000000265300e+03,1.267262030103962845e-03
2.086900000000265209e+03,1.278613603268159878e-03
2.087000000000265572e+03,1.289988742966486669e-03
2.087100000000265482e+03,1.301294430589909797e-03
2.087200000000265391e+03,1.312625910090403636e-03
2.087300000000265300e+03,1.323979762260154604e-03
2.087400000000265209e+03,1.335357433729506427e-03
2.087500000000265572e+03,1.346764651684909456e-03
2.087600000000265482e+03,1.358196518928018494e-03
2.087700000000265391e+03,1.369656250109682659e-03
2.087800000000265754e+03,1.381140053116540131e-03
2.087900000000265663e+03,1.392647964185142646e-03
2.088000000000265572e+03,1.404180019595536229e-03
2.088100000000265482e+03,1.415501314690086271e-03
2.088200000000265391e+03,1.426846352150391373e-03
2.088300000000265754e+03,1.438215167771914049e-03
2.088400000000265663e+03,1.449607797393508970e-03
2.088500000000265572e+03,1.461024133347700940e-03
2.088600000000265936e+03,1.472459526026721711e-03
2.088700000000265845e+03,1.483918763406622942e-03
2.088800000000265754e+03,1.495401881266288178e-03
2.088900000000265663e+03,1.506908915427903348e-03
2.089000000000265572e+03,1.518442282604364878e-03
2.089100000000265936e+03,1.529613409608449569e-03
2.089200000000265845e+03,1.540807509379649512e-03
2.089300000000265754e+03,1.552024615944954267e-03
2.089400000000266118e+03,1.563264763371915783e-03
2.089500000000266027e+03,1.574527985768570115e-03
2.089600000000265936e+03,1.585814317283733852e-03
2.089700000000265845e+03,1.597123792106931684e-03
2.089800000000265754e+03,1.608456444468367571e-03
2.089900000000266118e+03,1.619810476554951273e-03
2.090000000000266027e+03,1.631184069569269982e-03
2.090100000000265936e+03,1.642068008362985001e-03
2.090200000000266300e+03,1.652974110230041654e-03
2.090300000000266209e+03,1.663902407874538270e-03
2.090400000000266118e+03,1.674852934039625053e-03
2.090500000000266027e+03,1.685825721507455298e-03
2.090600000000265936e+03,1.696820803099143319e-03
2.090700000000266300e+03,1.707838211674931423e-03
2.090800000000266209e+03,1.718879173910065582e-03
2.090900000000266118e+03,1.729947178764438057e-03
2.091000000000266482e+03,1.741037683815095010e-03
2.091100000000266391e+03,1.751512819096537332e-03
2.091200000000266300e+03,1.762009401493144648e-03
2.091300000000266209e+03,1.772527463179710385e-03
2.091400000000266118e+03,1.783067036370253539e-03
2.091500000000266482e+03,1.793628153318080256e-03
2.091600000000266391e+03,1.804210846315694493e-03
2.091700000000266300e+03,1.814814679016248490e-03
2.091800000000266664e+03,1.825434461995505998e-03
2.091900000000266573e+03,1.836075846671335202e-03
2.092000000000266482e+03,1.846738865278322195e-03
2.092100000000266391e+03,1.856574536077197114e-03
2.092200000000266300e+03,1.866429778390153510e-03
2.092300000000266664e+03,1.876304620919363748e-03
2.092400000000266573e+03,1.886199092401078621e-03
2.092500000000266482e+03,1.896113221605866305e-03
2.092600000000266846e+03,1.906047037338544272e-03
2.092700000000266755e+03,1.916006687881816658e-03
2.092800000000266664e+03,1.925986488306746141e-03
2.092900000000266573e+03,1.935986128888912998e-03
2.093000000000266482e+03,1.946005638761296461e-03
2.093100000000266846e+03,1.955027773170108906e-03
2.093200000000266755e+03,1.964063219489370089e-03
2.093300000000266664e+03,1.973116052758852861e-03
2.093400000000267028e+03,1.982174542378258367e-03
2.093500000000266937e+03,1.991249524412843502e-03
2.093600000000266846e+03,2.000341852090345863e-03
2.093700000000266755e+03,2.009451550014965636e-03
2.093800000000266664e+03,2.018578642819088362e-03
2.093900000000267028e+03,2.027723155163451037e-03
2.094000000000266937e+03,2.036885111734094197e-03
2.094100000000266846e+03,2.044983357841014416e-03
2.094200000000267210e+03,2.053097049392907988e-03
2.094300000000267119e+03,2.061220463427953023e-03
2.094400000000267028e+03,2.069359301428408057e-03
2.094500000000266937e+03,2.077513605802692748e-03
2.094600000000266846e+03,2.085683398800431982e-03
2.094700000000267210e+03,2.093868702697527368e-03
2.094800000000267119e+03,2.102069750243949244e-03
2.094900000000267028e+03,2.110295281493547535e-03
2.095000000000267391e+03,2.118537811243422463e-03
2.095100000000267300e+03,2.125526022749117238e-03
2.095200000000267210e+03,2.132544440741573552e-03
2.095300000000267119e+03,2.139583875489102678e-03
2.095400000000267028e+03,2.146636446564045668e-03
2.095500000000267391e+03,2.153702173070381337e-03
2.095600000000267300e+03,2.160781074135173768e-03
2.095700000000267210e+03,2.167873168908637793e-03
2.095800000000267573e+03,2.174978476564217063e-03
2.095900000000267482e+03,2.182097016298358526e-03
2.096000000000267391e+03,2.189228807326805328e-03
2.096100000000267300e+03,2.194858439112091792e-03
2.096200000000267210e+03,2.200497643860685297e-03
2.096300000000267573e+03,2.206146434578779621e-03
2.096400000000267482e+03,2.211804824287237365e-03
2.096500000000267391e+03,2.217472826021691865e-03
2.096600000000267755e+03,2.223150452832572347e-03
2.096700000000267664e+03,2.228837717784956044e-03
2.096800000000267573e+03,2.234541142727183849e-03
2.096900000000267482e+03,2.240255279005917352e-03
2.097000000000267391e+03,2.245979130506027370e-03
2.097100000000267755e+03,2.250186254547416938e-03
2.097200000000267664e+03,2.254397491775500962e-03
2.097300000000267573e+03,2.258609810251925414e-03
2.097400000000267937e+03,2.262828512603688377e-03
2.097500000000267846e+03,2.267053607057308712e-03
2.097600000000267755e+03,2.271285101848390022e-03
2.097700000000267664e+03,2.275523005221722576e-03
2.097800000000267573e+03,2.279772727215979063e-03
2.097900000000267937e+03,2.284029871155539987e-03
2.098000000000267846e+03,2.288293472155211467e-03
2.098100000000267755e+03,2.290955733732847385e-03
2.098200000000268119e+03,2.293620832720483400e-03
2.098300000000268028e+03,2.296288771851159437e-03
2.098400000000267937e+03,2.298959553860260765e-03
2.098500000000267846e+03,2.301632893484085399e-03
2.098600000000267755e+03,2.304299392640149231e-03
2.098700000000268119e+03,2.306968719590817007e-03
2.098800000000268028e+03,2.309640877043462985e-03
2.098900000000267937e+03,2.312315867707715692e-03
2.099000000000268301e+03,2.314993365507014410e-03
2.099100000000268210e+03,2.315804969478986973e-03
2.099200000000268119e+03,2.316615235870439667e-03
2.099300000000268028e+03,2.317424161026355664e-03
2.099400000000267937e+03,2.318231741286303632e-03
2.099500000000268301e+03,2.319037972984399135e-03
2.099600000000268210e+03,2.319842852449324581e-03
2.099700000000268119e+03,2.320646376004304508e-03
2.099800000000268483e+03,2.321448539967132900e-03
2.099900000000268392e+03,2.322249340650116810e-03
2.100000000000268301e+03,2.323055906274751076e-03
2.100100000000268210e+03,2.321989038536119172e-03
2.100200000000268119e+03,2.320916706406323752e-03
2.100300000000268483e+03,2.319838900084518919e-03
2.100400000000268392e+03,2.318752986635088612e-03
2.100500000000268301e+03,2.317661962471807054e-03
2.100600000000268665e+03,2.316565436535107571e-03
2.100700000000268574e+03,2.315463398989847914e-03
2.100800000000268483e+03,2.314355839988199801e-03
2.100900000000268392e+03,2.313239334349815116e-03
2.101000000000268301e+03,2.312127614803427544e-03
2.101100000000268665e+03,2.309238785734664314e-03
2.101200000000268574e+03,2.306339969815534435e-03
2.101300000000268483e+03,2.303432531933150961e-03
2.101400000000268847e+03,2.300507106338813435e-03
2.101500000000268756e+03,2.297571657677913420e-03
2.101600000000268665e+03,2.294626168408287446e-03
2.101700000000268574e+03,2.291670620964543666e-03
2.101800000000268483e+03,2.288693869746857065e-03
2.101900000000268847e+03,2.285703649587932530e-03
2.102000000000268756e+03,2.282703355694400225e-03
2.102100000000268665e+03,2.277784943896957268e-03
2.102200000000269029e+03,2.272852579891777944e-03
2.102300000000268938e+03,2.267915375979308572e-03
2.102400000000268847e+03,2.262963788359777847e-03
2.102500000000268756e+03,2.257997793048670005e-03
2.102600000000268665e+03,2.253017366030750802e-03
2.102700000000269029e+03,2.248022483259940873e-03
2.102800000000268938e+03,2.243013120659399437e-03
2.102900000000268847e+03,2.237989254121349088e-03
2.103000000000269210e+03,2.232950859501984381e-03
2.103100000000269119e+03,2.225972943508819357e-03
2.103200000000269029e+03,2.218983957332977975e-03
2.103300000000268938e+03,2.211976957232520725e-03
2.103400000000268847e+03,2.204951618045281319e-03
2.103500000000269210e+03,2.197907910884246314e-03
2.103600000000269119e+03,2.190845806827486624e-03
2.103700000000269029e+03,2.183765276917867815e-03
2.103800000000269392e+03,2.176666292163193656e-03
2.103900000000269301e+03,2.169548823536142802e-03
2.104000000000269210e+03,2.162412841969664837e-03
2.104100000000269119e+03,2.153581799392810525e-03
2.104200000000269029e+03,2.144730999283389616e-03
2.104300000000269392e+03,2.135857303135018943e-03
2.104400000000269301e+03,2.126960674189175195e-03
2.104500000000269210e+03,2.118037282972997162e-03
2.104600000000269574e+03,2.109080521128800425e-03
2.104700000000269483e+03,2.100100837286315077e-03
2.104800000000269392e+03,2.091094986872312541e-03
2.104900000000269301e+03,2.082063538058921952e-03
2.105000000000269210e+03,2.073013996229769104e-03
2.105100000000269574e+03,2.062341883812896220e-03
2.105200000000269483e+03,2.051642604311958336e-03
2.105300000000269392e+03,2.040916113934803690e-03
2.105400000000269756e+03,2.030162368833837456e-03
2.105500000000269665e+03,2.019381325106160523e-03
2.105600000000269574e+03,2.008572938793167038e-03
2.105700000000269483e+03,1.997737165880736094e-03
2.105800000000269392e+03,1.986873962299048717e-03
2.105900000000269756e+03,1.975982937730603930e-03
2.106000000000269665e+03,1.965056233533772796e-03
2.106100000000269574e+03,1.952580740148498681e-03
2.106200000000269938e+03,1.940075115699504971e-03
2.106300000000269847e+03,1.927539313626732689e-03
2.106400000000269756e+03,1.914973287313715290e-03
2.106500000000269665e+03,1.902376990087811543e-03
2.106600000000269574e+03,1.889750375220027945e-03
2.106700000000269938e+03,1.877093395924942605e-03
2.106800000000269847e+03,1.864406005360892161e-03
2.106900000000269756e+03,1.851688156629524009e-03
2.107000000000270120e+03,1.838939802772629993e-03
2.107100000000270029e+03,1.824914488783227397e-03
2.107200000000269938e+03,1.810855981111012848e-03
2.107300000000269847e+03,1.796769529328520396e-03
2.107400000000269756e+03,1.782650425355288525e-03
2.107500000000270120e+03,1.768497879725468855e-03
2.107600000000270029e+03,1.754311841183500611e-03
2.107700000000269938e+03,1.740090424510057441e-03
2.107800000000270302e+03,1.725831467585276207e-03
2.107900000000270211e+03,1.711538959978323258e-03
2.108000000000270120e+03,1.697212850513736722e-03
2.108100000000270029e+03,1.681904462205366119e-03
2.108200000000269938e+03,1.666559780309320813e-03
2.108300000000270302e+03,1.651173217876801807e-03
2.108400000000270211e+03,1.635742097601535936e-03
2.108500000000270120e+03,1.620274774381027291e-03
2.108600000000270484e+03,1.604772187201089018e-03
2.108700000000270393e+03,1.589237615363993340e-03
2.108800000000270302e+03,1.573666569045052222e-03
2.108900000000270211e+03,1.558058992262392013e-03
2.109000000000270120e+03,1.542414828964823416e-03
2.109100000000270484e+03,1.526080667512471050e-03
2.109200000000270393e+03,1.509706485740937689e-03
2.109300000000270302e+03,1.493294325418483004e-03
2.109400000000270666e+03,1.476853249696923921e-03
2.109500000000270575e+03,1.460383240648105386e-03
2.109600000000270484e+03,1.443881914935637610e-03
2.109700000000270393e+03,1.427335751845112922e-03
2.109800000000270302e+03,1.410750724906040254e-03
2.109900000000270666e+03,1.394126773964836320e-03
2.110000000000270575e+03,1.377463838793854247e-03
2.110100000000270484e+03,1.360443729112868413e-03
2.110200000000270848e+03,1.343384506810057664e-03
2.110300000000270757e+03,1.326286112676534424e-03
2.110400000000270666e+03,1.309148487432816544e-03
2.110500000000270575e+03,1.291967558674344185e-03
2.110600000000270484e+03,1.274747070999598898e-03
2.110700000000270848e+03,1.257487290024827129e-03
2.110800000000270757e+03,1.240188156577589143e-03
2.110900000000270666e+03,1.222851093664583310e-03
2.111000000000271029e+03,1.205477099081677696e-03
2.111100000000270938e+03,1.086160904541053681e-03
2.111200000000270848e+03,9.665721749510161999e-04
2.111300000000270757e+03,8.467104855986815753e-04
2.111400000000270666e+03,7.265734697208252758e-04
2.111500000000271029e+03,6.061614314404383062e-04
2.111600000000270938e+03,4.854755922153144087e-04
2.111700000000270848e+03,3.645169506666538013e-04
2.111800000000271211e+03,2.432849353047359200e-04
2.111900000000271120e+03,1.217786363234652045e-04
2.112000000000271029e+03,3.338450458907631685e-13
2.112100000000270938e+03,1.233098475159203396e-04
2.112200000000270848e+03,2.468862872232041854e-04
2.112300000000271211e+03,3.707305402463607728e-04
2.112400000000271120e+03,4.948432755351855070e-04
2.112500000000271029e+03,6.192246123075371717e-04
2.112600000000271393e+03,7.438749455454953625e-04
2.112700000000271302e+03,8.687946706879695613e-04
2.112800000000271211e+03,9.939841836344852789e-04
2.112900000000271120e+03,1.119443880743412143e-03
2.113000000000271029e+03,1.245174158529288371e-03
2.113100000000271393e+03,1.259041303499160071e-03
2.113200000000271302e+03,1.272937154865813993e-03
2.113300000000271211e+03,1.286861754492452711e-03
2.113400000000271575e+03,1.300815144290956224e-03
2.113500000000271484e+03,1.314797366221837939e-03
2.113600000000271393e+03,1.328798170177441324e-03
2.113700000000271302e+03,1.342817796860885492e-03
2.113800000000271211e+03,1.356865835913315631e-03
2.113900000000271575e+03,1.370942446048041162e-03
2.114000000000271484e+03,1.385047668132416941e-03
2.114100000000271393e+03,1.399428404157829252e-03
2.114200000000271757e+03,1.413838974283535953e-03
2.114300000000271666e+03,1.428279422257436662e-03
2.114400000000271575e+03,1.442749791878904795e-03
2.114500000000271484e+03,1.457250126998550777e-03
2.114600000000271393e+03,1.471784633556811901e-03
2.114700000000271757e+03,1.486350050994926595e-03
2.114800000000271666e+03,1.500945663225726348e-03
2.114900000000271575e+03,1.515571514597093298e-03
2.115000000000271939e+03,1.530226216673521338e-03
2.115100000000271848e+03,1.544940621073529700e-03
2.115200000000271757e+03,1.559684270779613342e-03
2.115300000000271666e+03,1.574457206648927597e-03
2.115400000000271575e+03,1.589259469583788288e-03
2.115500000000271939e+03,1.604091100531751957e-03
2.115600000000271848e+03,1.618952140485405101e-03
2.115700000000271757e+03,1.633842630482827555e-03
2.115800000000272121e+03,1.648762611607384977e-03
2.115900000000272030e+03,1.663712124987604818e-03
2.116000000000271939e+03,1.678691211797604796e-03
2.116100000000271848e+03,1.693705741538257658e-03
2.116200000000271757e+03,1.708750710547894160e-03
2.116300000000272121e+03,1.723826162606342371e-03
2.116400000000272030e+03,1.738928733527766784e-03
2.116500000000271939e+03,1.754059384082378836e-03
2.116600000000272303e+03,1.769220548317936579e-03
2.116700000000272212e+03,1.784412269921840282e-03
2.116800000000272121e+03,1.799634592631595099e-03
2.116900000000272030e+03,1.814887560234594664e-03
2.117000000000271939e+03,1.830171675748440939e-03
2.117100000000272303e+03,1.845295782699621313e-03
2.117200000000272212e+03,1.860450311748317737e-03
2.117300000000272121e+03,1.875635306462837375e-03
2.117400000000272485e+03,1.890850810461308000e-03
2.117500000000272394e+03,1.906096867411585620e-03
2.117600000000272303e+03,1.921373521031639799e-03
2.117700000000272212e+03,1.936680815089376938e-03
2.117800000000272121e+03,1.952024614546150850e-03
2.117900000000272485e+03,1.967399945721939446e-03
2.118000000000272394e+03,1.982806151378067351e-03
2.118100000000272303e+03,1.997815754331720792e-03
2.118200000000272667e+03,2.012854473399609562e-03
2.118300000000272576e+03,2.027922348637454988e-03
2.118400000000272485e+03,2.043019420144849118e-03
2.118500000000272394e+03,2.058145728064848367e-03
2.118600000000272303e+03,2.073301312584231119e-03
2.118700000000272667e+03,2.088491535792045325e-03
2.118800000000272576e+03,2.103712863299654189e-03
2.118900000000272485e+03,2.118969341541058950e-03
2.119000000000272848e+03,2.134255735283451146e-03
2.119100000000272757e+03,2.149131390148532276e-03
2.119200000000272667e+03,2.164031091362141664e-03
2.119300000000272576e+03,2.178960603254755362e-03
2.119400000000272485e+03,2.193920137012947240e-03
2.119500000000272848e+03,2.208923483830703156e-03
2.119600000000272757e+03,2.223956963154880093e-03
2.119700000000272667e+03,2.239020618735867215e-03
2.119800000000273030e+03,2.254114494375294379e-03
2.119900000000272939e+03,2.269238633925906804e-03
2.120000000000272848e+03,2.284393081289582718e-03
2.120100000000272757e+03,2.298717224595257791e-03
2.120200000000272667e+03,2.313068414525835687e-03
2.120300000000273030e+03,2.327446687632838632e-03
2.120400000000272939e+03,2.341852080506700868e-03
2.120500000000272848e+03,2.356284629777230088e-03
2.120600000000273212e+03,2.370744372113435701e-03
2.120700000000273121e+03,2.385230685232194673e-03
2.120800000000273030e+03,2.399734492590356247e-03
2.120900000000272939e+03,2.414265476760117136e-03
2.121000000000272848e+03,2.428823674207007590e-03
2.121100000000273212e+03,2.442643873195837236e-03
2.121200000000273121e+03,2.456478249233309125e-03
2.121300000000273030e+03,2.470339567036891181e-03
2.121400000000273394e+03,2.484230971024251489e-03
2.121500000000273303e+03,2.498154644162135785e-03
2.121600000000273212e+03,2.512105466547345182e-03
2.121700000000273121e+03,2.526083476831704044e-03
2.121800000000273030e+03,2.540088713711376265e-03
2.121900000000273394e+03,2.554121215926983234e-03
2.122000000000273303e+03,2.568181022260390689e-03
2.122100000000273212e+03,2.581145116741559963e-03
2.122200000000273576e+03,2.594134021186793749e-03
2.122300000000273485e+03,2.607147770489343531e-03
2.122400000000273394e+03,2.620192297106554123e-03
2.122500000000273303e+03,2.633263266706524757e-03
2.122600000000273212e+03,2.646365778912582786e-03
2.122700000000273576e+03,2.659498429171609866e-03
2.122800000000273485e+03,2.672650219880981851e-03
2.122900000000273394e+03,2.685824334375397013e-03
2.123000000000273758e+03,2.699023642734952114e-03
2.123100000000273667e+03,2.710781032183752406e-03
2.123200000000273576e+03,2.722560487405569201e-03
2.123300000000273485e+03,2.734369055791442162e-03
2.123400000000273394e+03,2.746198769682242462e-03
2.123500000000273758e+03,2.758049656863449314e-03
2.123600000000273667e+03,2.769921745149417705e-03
2.123700000000273576e+03,2.781815062383796461e-03
2.123800000000273940e+03,2.793743408316703807e-03
2.123900000000273849e+03,2.805712669491028724e-03
2.124000000000273758e+03,2.817703528327451627e-03
2.124100000000273667e+03,2.828310605629332387e-03
2.124200000000273576e+03,2.838936954295954128e-03
2.124300000000273940e+03,2.849582600749469077e-03
2.124400000000273849e+03,2.860247571441365370e-03
2.124500000000273758e+03,2.870931892852765423e-03
2.124600000000274122e+03,2.881631537703151051e-03
2.124700000000274031e+03,2.892344983746865470e-03
2.124800000000273940e+03,2.903077789285802950e-03
2.124900000000273849e+03,2.913829980733574371e-03
2.125000000000273758e+03,2.924601584528781911e-03
2.125100000000274122e+03,2.933806066492406807e-03
2.125200000000274031e+03,2.943027059676205787e-03
2.125300000000273940e+03,2.952264587126149364e-03
2.125400000000274304e+03,2.961511040037268644e-03
2.125500000000274213e+03,2.970769619489009410e-03
2.125600000000274122e+03,2.980037702624780023e-03
2.125700000000274031e+03,2.989322293323440176e-03
2.125800000000273940e+03,2.998623414447239722e-03
2.125900000000274304e+03,3.007952110535398911e-03
2.126000000000274213e+03,3.017303351906633433e-03
2.126100000000274122e+03,3.024650807318213404e-03
2.126200000000274486e+03,3.032010122811663096e-03
2.126300000000274395e+03,3.039388879312600236e-03
2.126400000000274304e+03,3.046785231934218997e-03
2.126500000000274213e+03,3.054193554615860801e-03
2.126600000000274122e+03,3.061613862790912421e-03
2.126700000000274486e+03,3.069046171909255247e-03
2.126800000000274395e+03,3.076490497437235801e-03
2.126900000000274304e+03,3.083953006899797962e-03
2.127000000000274667e+03,3.091431725466685810e-03
2.127100000000274576e+03,3.096847814048502880e-03
2.127200000000274486e+03,3.102271553622927645e-03
2.127300000000274395e+03,3.107702953285676039e-03
2.127400000000274304e+03,3.113142022141527059e-03
2.127500000000274667e+03,3.118588769304502309e-03
2.127600000000274576e+03,3.124043203897633111e-03
2.127700000000274486e+03,3.129505335053184723e-03
2.127800000000274849e+03,3.134975171912610364e-03
2.127900000000274758e+03,3.140433353959111787e-03
2.128000000000274667e+03,3.145881209541631120e-03
2.128100000000274576e+03,3.149272163156073556e-03
2.128200000000274486e+03,3.152666428230040119e-03
2.128300000000274849e+03,3.156064007639935217e-03
2.128400000000274758e+03,3.159464904264162963e-03
2.128500000000274667e+03,3.162869120983453301e-03
2.128600000000275031e+03,3.166276660680587916e-03
2.128700000000274940e+03,3.169699752628874802e-03
2.128800000000274849e+03,3.173144779256938195e-03
2.128900000000274758e+03,3.176593204181512968e-03
2.129000000000274667e+03,3.180045030385772725e-03
2.129100000000275031e+03,3.181185292391836006e-03
2.129200000000274940e+03,3.182323927551433153e-03
2.129300000000274849e+03,3.183460931411158205e-03
2.129400000000275213e+03,3.184600795847540751e-03
2.129500000000275122e+03,3.185743474156821006e-03
2.129600000000275031e+03,3.186884514313732732e-03
2.129700000000274940e+03,3.188023911825280544e-03
2.129800000000274849e+03,3.189161662192020220e-03
2.129900000000275213e+03,3.190297760907960696e-03
2.130000000000275122e+03,3.191432203453858484e-03
2.130100000000275031e+03,3.190118825900346410e-03
2.130200000000275395e+03,3.188798619389822918e-03
2.130300000000275304e+03,3.187471572013911812e-03
2.130400000000275213e+03,3.186137671849290087e-03
2.130500000000275122e+03,3.184796042118940001e-03
2.130600000000275031e+03,3.183437806252083224e-03
2.130700000000275395e+03,3.182072691254488311e-03
2.130800000000275304e+03,3.180700685211618629e-03
2.130900000000275213e+03,3.179321776194129080e-03
2.131000000000275577e+03,3.177930485278349440e-03
2.131100000000275486e+03,3.174090421982389641e-03
2.131200000000275395e+03,3.170238215036497425e-03
2.131300000000275304e+03,3.166373844973468469e-03
2.131400000000275213e+03,3.162497292302769887e-03
2.131500000000275577e+03,3.158608537510654724e-03
2.131600000000275486e+03,3.154707561060057005e-03
2.131700000000275395e+03,3.150794343390605178e-03
2.131800000000275759e+03,3.146868864918519332e-03
2.131900000000275668e+03,3.142931106036791176e-03
2.132000000000275577e+03,3.138981047108203078e-03
2.132100000000275486e+03,3.132593375041506888e-03
2.132200000000275395e+03,3.126188063933118579e-03
2.132300000000275759e+03,3.119765086160567434e-03
2.132400000000275668e+03,3.113324414068572177e-03
2.132500000000275577e+03,3.106866019968718747e-03
2.132600000000275941e+03,3.100389876139708796e-03
2.132700000000275850e+03,3.093895954827219612e-03
2.132800000000275759e+03,3.087384228243802639e-03
2.132900000000275668e+03,3.080857724386861472e-03
2.133000000000275577e+03,3.074318929226350743e-03
2.133100000000275941e+03,3.065425465700257965e-03
2.133200000000275850e+03,3.056508471753742722e-03
2.133300000000275759e+03,3.047567910159764120e-03
2.133400000000276123e+03,3.038603743645833678e-03
2.133500000000276032e+03,3.029615934893974127e-03
2.133600000000275941e+03,3.020604446540488697e-03
2.133700000000275850e+03,3.011569241176099889e-03
2.133800000000275759e+03,3.002492542620556829e-03
2.133900000000276123e+03,2.993390743386840219e-03
2.134000000000276032e+03,2.984265231307218439e-03
2.134100000000275941e+03,2.972781206507071287e-03
2.134200000000276304e+03,2.961268469141581892e-03
2.134300000000276214e+03,2.949726974950003279e-03
2.134400000000276123e+03,2.938156679618486849e-03
2.134500000000276032e+03,2.926557538780367746e-03
2.134600000000275941e+03,2.914929508015866918e-03
2.134700000000276304e+03,2.903282197655494053e-03
2.134800000000276214e+03,2.891605832495829868e-03
2.134900000000276123e+03,2.879900365459421314e-03
2.135000000000276486e+03,2.868165751621598505e-03
2.135100000000276395e+03,2.854123185032003684e-03
2.135200000000276304e+03,2.840047781390080302e-03
2.135300000000276214e+03,2.825939492612463810e-03
2.135400000000276123e+03,2.811798270561461591e-03
2.135500000000276486e+03,2.797624067045056430e-03
2.135600000000276395e+03,2.783416833817083449e-03
2.135700000000276304e+03,2.769176522576728781e-03
2.135800000000276668e+03,2.754903084968824030e-03
2.135900000000276577e+03,2.740596472583811151e-03
2.136000000000276486e+03,2.726256636952297148e-03
2.136100000000276395e+03,2.710020572011416148e-03
2.136200000000276304e+03,2.693746413052423329e-03
2.136300000000276668e+03,2.677434103135730662e-03
2.136400000000276577e+03,2.661085108134779876e-03
2.136500000000276486e+03,2.644703739800234946e-03
2.136600000000276850e+03,2.628283957012926293e-03
2.136700000000276759e+03,2.611825702245438360e-03
2.136800000000276668e+03,2.595328917902996278e-03
2.136900000000276577e+03,2.578793546323707424e-03
2.137000000000276486e+03,2.562219529774082804e-03
2.137100000000276850e+03,2.544023980177204450e-03
2.137200000000276759e+03,2.525784404369019274e-03
2.137300000000276668e+03,2.507500733357173345e-03
2.137400000000277032e+03,2.489172898064050208e-03
2.137500000000276941e+03,2.470800829326825956e-03
2.137600000000276850e+03,2.452384457896943613e-03
2.137700000000276759e+03,2.433923714440319134e-03
2.137800000000276668e+03,2.415418529537206958e-03
2.137900000000277032e+03,2.396868833681999652e-03
2.138000000000276941e+03,2.378274557279446647e-03
2.138100000000276850e+03,2.358169606503738094e-03
2.138200000000277214e+03,2.338038533631899268e-03
2.138300000000277123e+03,2.317860902324548993e-03
2.138400000000277032e+03,2.297636642506238787e-03
2.138500000000276941e+03,2.277365684018933453e-03
2.138600000000276850e+03,2.257047956621682783e-03
2.138700000000277214e+03,2.236683389990537420e-03
2.138800000000277123e+03,2.216265151711705513e-03
2.138900000000277032e+03,2.195799459428201660e-03
2.139000000000277396e+03,2.175286853012347622e-03
2.139100000000277305e+03,2.153675745316274703e-03
2.139200000000277214e+03,2.132019618600917640e-03
2.139300000000277123e+03,2.110320386108267051e-03
2.139400000000277032e+03,2.088573350228825794e-03
2.139500000000277396e+03,2.066778442432652598e-03
2.139600000000277305e+03,2.044935594113776733e-03
2.139700000000277214e+03,2.023044736589626851e-03
2.139800000000277578e+03,2.001105801101250858e-03
2.139900000000277487e+03,1.979119928911186790e-03
2.140000000000277396e+03,1.957106580304531114e-03
2.140100000000277305e+03,1.934598045261021757e-03
2.140200000000277214e+03,1.912037355839387364e-03
2.140300000000277578e+03,1.889424432260953602e-03
2.140400000000277487e+03,1.866759194650944621e-03
2.140500000000277396e+03,1.844041563037647794e-03
2.140600000000277760e+03,1.821267466127457707e-03
2.140700000000277669e+03,1.798438878665361900e-03
2.140800000000277578e+03,1.775557808576531775e-03
2.140900000000277487e+03,1.752624176039952950e-03
2.141000000000277396e+03,1.729637900728123179e-03
2.141100000000277760e+03,1.558408518084019537e-03
2.141200000000277669e+03,1.386795279756773865e-03
2.141300000000277578e+03,1.214798948559907060e-03
2.141400000000277942e+03,1.042422688402752000e-03
2.141500000000277851e+03,8.696586073417277322e-04
2.141600000000277760e+03,6.965061092817351933e-04
2.141700000000277669e+03,5.229645973960236026e-04
2.141800000000277578e+03,3.490334741246560435e-04
2.141900000000277942e+03,1.747121411729690027e-04
2.142000000000277851e+03,4.518484236013635877e-13
2.142100000000277760e+03,1.627989061857066007e-04
2.142200000000278123e+03,3.259489234336237877e-04
2.142300000000278033e+03,4.894469868655543796e-04
2.142400000000277942e+03,6.532947954458265130e-04
2.142500000000277851e+03,8.174928577949054859e-04
2.142600000000277760e+03,9.820416831178269655e-04
2.142700000000278123e+03,1.146941781205532617e-03
2.142800000000278033e+03,1.312193662432352154e-03
2.142900000000277942e+03,1.477801948169355905e-03
2.143000000000278305e+03,1.643764858690603898e-03
2.143100000000278214e+03,1.661989867683659299e-03
2.143200000000278123e+03,1.680251816976310398e-03
2.143300000000278033e+03,1.698549225145299258e-03
2.143400000000277942e+03,1.716879484581083524e-03
2.143500000000278305e+03,1.735255520490070749e-03
2.143600000000278214e+03,1.753669703276336924e-03
2.143700000000278123e+03,1.772121173033417221e-03
2.143800000000278487e+03,1.790609982957713786e-03
2.143900000000278396e+03,1.809136186305891538e-03
2.144000000000278305e+03,1.827699836396432702e-03
2.144100000000278214e+03,1.846665312036032585e-03
2.144200000000278123e+03,1.865669473710122699e-03
2.144300000000278487e+03,1.884712377217868245e-03
2.144400000000278396e+03,1.903794078422612040e-03
2.144500000000278305e+03,1.922914633252407936e-03
2.144600000000278669e+03,1.942074097699902219e-03
2.144700000000278578e+03,1.961276298332920512e-03
2.144800000000278487e+03,1.980520380276043664e-03
2.144900000000278396e+03,1.999803669201975602e-03
2.145000000000278305e+03,2.019126221770400648e-03
2.145100000000278669e+03,2.038696594045000254e-03
2.145200000000278578e+03,2.058306986243768275e-03
2.145300000000278487e+03,2.077957456486692264e-03
2.145400000000278851e+03,2.097648062961587900e-03
2.145500000000278760e+03,2.117378863923749868e-03
2.145600000000278669e+03,2.137149917696632307e-03
2.145700000000278578e+03,2.156961282671566484e-03
2.145800000000278487e+03,2.176813017307839288e-03
2.145900000000278851e+03,2.196705180132947372e-03
2.146000000000278760e+03,2.216637829742411966e-03
2.146100000000278669e+03,2.236676642507676779e-03
2.146200000000279033e+03,2.256755924058400590e-03
2.146300000000278942e+03,2.276876594703376982e-03
2.146400000000278851e+03,2.297038715471753402e-03
2.146500000000278760e+03,2.317242347465314073e-03
2.146600000000278669e+03,2.337487551858532468e-03
2.146700000000279033e+03,2.357774389898804630e-03
2.146800000000278942e+03,2.378102922906124780e-03
2.146900000000278851e+03,2.398473212273734972e-03
2.147000000000279215e+03,2.418890434155980193e-03
2.147100000000279124e+03,2.439162644332046413e-03
2.147200000000279033e+03,2.459475808188960663e-03
2.147300000000278942e+03,2.479829984850103180e-03
2.147400000000278851e+03,2.500225233507387054e-03
2.147500000000279215e+03,2.520661613421595199e-03
2.147600000000279124e+03,2.541139183921880314e-03
2.147700000000279033e+03,2.561658004406559396e-03
2.147800000000279397e+03,2.582218134342825332e-03
2.147900000000279306e+03,2.602819633266478024e-03
2.148000000000279215e+03,2.623462560781412642e-03
2.148100000000279124e+03,2.643698528018609620e-03
2.148200000000279033e+03,2.663973751080056691e-03
2.148300000000279397e+03,2.684288284080491721e-03
2.148400000000279306e+03,2.704642181193740724e-03
2.148500000000279215e+03,2.725035496653105578e-03
2.148600000000279579e+03,2.745468284751430808e-03
2.148700000000279488e+03,2.765940599840543707e-03
2.148800000000279397e+03,2.786452496332181977e-03
2.148900000000279306e+03,2.807004028697412164e-03
2.149000000000279215e+03,2.827595251465715026e-03
2.149100000000279579e+03,2.847774210454713951e-03
2.149200000000279488e+03,2.867993293082035742e-03
2.149300000000279397e+03,2.888252556830877855e-03
2.149400000000279761e+03,2.908552059250809566e-03
2.149500000000279670e+03,2.928891857957523475e-03
2.149600000000279579e+03,2.949272010633481253e-03
2.149700000000279488e+03,2.969688943943438013e-03
2.149800000000279397e+03,2.990139974402552733e-03
2.149900000000279761e+03,3.010631394303382204e-03
2.150000000000279670e+03,3.031163261164119323e-03
2.150100000000279579e+03,3.051071679011298828e-03
2.150200000000279942e+03,3.071028796449573346e-03
2.150300000000279852e+03,3.091027138129825817e-03
2.150400000000279761e+03,3.111075987948193778e-03
2.150500000000279670e+03,3.131170243564868321e-03
2.150600000000279579e+03,3.151298591390601280e-03
2.150700000000279942e+03,3.171467934515299642e-03
2.150800000000279852e+03,3.191678334045155128e-03
2.150900000000279761e+03,3.211929851161044510e-03
2.151000000000280124e+03,3.232222547114983399e-03
2.151100000000280033e+03,3.251405062827467801e-03
2.151200000000279942e+03,3.270625065386641508e-03
2.151300000000279852e+03,3.289882608186571900e-03
2.151400000000279761e+03,3.309177744682850926e-03
2.151500000000280124e+03,3.328510528392729113e-03
2.151600000000280033e+03,3.347881012894787702e-03
2.151700000000279942e+03,3.367289251829458201e-03
2.151800000000280306e+03,3.386735298899011537e-03
2.151900000000280215e+03,3.406219207867142162e-03
2.152000000000280124e+03,3.425741032555891519e-03
2.152100000000280033e+03,3.443946867819832735e-03
2.152200000000279942e+03,3.462177925425566349e-03
2.152300000000280306e+03,3.480437503985542823e-03
2.152400000000280215e+03,3.498731422527506189e-03
2.152500000000280124e+03,3.517059728177855584e-03
2.152600000000280488e+03,3.535422468115003228e-03
2.152700000000280397e+03,3.553819689569051761e-03
2.152800000000280306e+03,3.572251439822493341e-03
2.152900000000280215e+03,3.590717766209720885e-03
2.153000000000280124e+03,3.609218716113435886e-03
2.153100000000280488e+03,3.626335960021339396e-03
2.153200000000280397e+03,3.643485721984647541e-03
2.153300000000280306e+03,3.660668047813886699e-03
2.153400000000280670e+03,3.677882983371952817e-03
2.153500000000280579e+03,3.695130574574129190e-03
2.153600000000280488e+03,3.712410867388348835e-03
2.153700000000280397e+03,3.729723907835196233e-03
2.153800000000280306e+03,3.747073309414604685e-03
2.153900000000280670e+03,3.764464593712743383e-03
2.154000000000280579e+03,3.781884063438402215e-03
2.154100000000280488e+03,3.797585841300661104e-03
2.154200000000280852e+03,3.813317015507356779e-03
2.154300000000280761e+03,3.829086852051554954e-03
2.154400000000280670e+03,3.844889848059443189e-03
2.154500000000280579e+03,3.860722472287585801e-03
2.154600000000280488e+03,3.876584766627349035e-03
2.154700000000280852e+03,3.892474749682758514e-03
2.154800000000280761e+03,3.908383420185087762e-03
2.154900000000280670e+03,3.924321778548143201e-03
2.155000000000281034e+03,3.940289866535500070e-03
2.155100000000280943e+03,3.954261506897622548e-03
2.155200000000280852e+03,3.968258556751819675e-03
2.155300000000280761e+03,3.982281051452595498e-03
2.155400000000280670e+03,3.996329026395024041e-03
2.155500000000281034e+03,4.010402517014658233e-03
2.155600000000280943e+03,4.024501558787478735e-03
2.155700000000280852e+03,4.038626187230219197e-03
2.155800000000281216e+03,4.052776437900231822e-03
2.155900000000281125e+03,4.066952346395309552e-03
2.156000000000281034e+03,4.081153948347950207e-03
2.156100000000280943e+03,4.093141348874925270e-03
2.156200000000280852e+03,4.105149729531703921e-03
2.156300000000281216e+03,4.117179119157692718e-03
2.156400000000281125e+03,4.129229546625122656e-03
2.156500000000281034e+03,4.141288907180848584e-03
2.156600000000281398e+03,4.153332452615272549e-03
2.156700000000281307e+03,4.165396838972921546e-03
2.156800000000281216e+03,4.177482094528864494e-03
2.156900000000281125e+03,4.189588247589807329e-03
2.157000000000281034e+03,4.201715326487014471e-03
2.157100000000281398e+03,4.211216289889033182e-03
2.157200000000281307e+03,4.220732130054887475e-03
2.157300000000281216e+03,4.230256054339587464e-03
2.157400000000281580e+03,4.239774866457135180e-03
2.157500000000281489e+03,4.249304850389170295e-03
2.157600000000281398e+03,4.258841432886717980e-03
2.157700000000281307e+03,4.268392812769712837e-03
2.157800000000281216e+03,4.277959008490749351e-03
2.157900000000281580e+03,4.287540038521662697e-03
2.158000000000281489e+03,4.297135921345483084e-03
2.158100000000281398e+03,4.303972612101606039e-03
2.158200000000281761e+03,4.310818346738051580e-03
2.158300000000281671e+03,4.317673135440680543e-03
2.158400000000281580e+03,4.324518487773306406e-03
2.158500000000281489e+03,4.331362347795425331e-03
2.158600000000281398e+03,4.338215199783639585e-03
2.158700000000281761e+03,4.345077053778149609e-03
2.158800000000281671e+03,4.351948991952093830e-03
2.158900000000281580e+03,4.358843493627946944e-03
2.159000000000281943e+03,4.365747074067245943e-03
2.159100000000281852e+03,4.369989698406105856e-03
2.159200000000281761e+03,4.374235947501745221e-03
2.159300000000281671e+03,4.378485823962898447e-03
2.159400000000281580e+03,4.382739330399774459e-03
2.159500000000281943e+03,4.386996469423897968e-03
2.159600000000281852e+03,4.391257243648361008e-03
2.159700000000281761e+03,4.395521655687556657e-03
2.159800000000282125e+03,4.399789708157545928e-03
2.159900000000282034e+03,4.404061403675564243e-03
2.160000000000281943e+03,4.408336744852055580e-03
2.160100000000281852e+03,4.409622210402607857e-03
2.160200000000281761e+03,4.410904875605381817e-03
2.160300000000282125e+03,4.412184733599924281e-03
2.160400000000282034e+03,4.413461777516058948e-03
2.160500000000281943e+03,4.414736000473971390e-03
2.160600000000282307e+03,4.416025760324059427e-03
2.160700000000282216e+03,4.417346442700753606e-03
2.160800000000282125e+03,4.418664314312352286e-03
2.160900000000282034e+03,4.419979368140289182e-03
2.161000000000281943e+03,4.421291597146465892e-03
2.161100000000282307e+03,4.419262142557461685e-03
2.161200000000282216e+03,4.417223186957801306e-03
2.161300000000282125e+03,4.415174714413706153e-03
2.161400000000282489e+03,4.413116708972294848e-03
2.161500000000282398e+03,4.411049154661534667e-03
2.161600000000282307e+03,4.408972035490132252e-03
2.161700000000282216e+03,4.406885335447648100e-03
2.161800000000282125e+03,4.404789038504369064e-03
2.161900000000282489e+03,4.402683128611385548e-03
2.162000000000282398e+03,4.400567589691446041e-03
2.162100000000282307e+03,4.395223613435177840e-03
2.162200000000282671e+03,4.389863348838592486e-03
2.162300000000282580e+03,4.384486770554850768e-03
2.162400000000282489e+03,4.379093853207679556e-03
2.162500000000282398e+03,4.373684571391419501e-03
2.162600000000282307e+03,4.368258899670881060e-03
2.162700000000282671e+03,4.362816812581485869e-03
2.162800000000282580e+03,4.357358284629206900e-03
2.162900000000282489e+03,4.351883290290316925e-03
2.163000000000282853e+03,4.346391804002754794e-03
2.163100000000282762e+03,4.337723166774704216e-03
2.163200000000282671e+03,4.329031102346384517e-03
2.163300000000282580e+03,4.320315574857370826e-03
2.163400000000282489e+03,4.311576548405535517e-03
2.163500000000282853e+03,4.302813987046973619e-03
2.163600000000282762e+03,4.294027854796127718e-03
2.163700000000282671e+03,4.285218115625510395e-03
2.163800000000283035e+03,4.276384733465773622e-03
2.163900000000282944e+03,4.267527672205740849e-03
2.164000000000282853e+03,4.258646895683227719e-03
2.164100000000282762e+03,4.246546584405932849e-03
2.164200000000282671e+03,4.234416043574355457e-03
2.164300000000283035e+03,4.222255228164046095e-03
2.164400000000282944e+03,4.210064093099389650e-03
2.164500000000282853e+03,4.197842593253206349e-03
2.164600000000283217e+03,4.185590683446835034e-03
2.164700000000283126e+03,4.173308318450340455e-03
2.164800000000283035e+03,4.160995452982008472e-03
2.164900000000282944e+03,4.148665219656220461e-03
2.165000000000282853e+03,4.136317296678868570e-03
2.165100000000283217e+03,4.120993160990903646e-03
2.165200000000283126e+03,4.105631074152953953e-03
2.165300000000283035e+03,4.090230978308945393e-03
2.165400000000283399e+03,4.074792815534243259e-03
2.165500000000283308e+03,4.059316527836046885e-03
2.165600000000283217e+03,4.043802057152660195e-03
2.165700000000283126e+03,4.028241173150485382e-03
2.165800000000283035e+03,4.012636709972329171e-03
2.165900000000283399e+03,3.996993992829703767e-03
2.166000000000283308e+03,3.981312963783379365e-03
2.166100000000283217e+03,3.962797059034469695e-03
2.166200000000283580e+03,3.944235990356733182e-03
2.166300000000283489e+03,3.925629688441784407e-03
2.166400000000283399e+03,3.906978083897877548e-03
2.166500000000283308e+03,3.888281107250086358e-03
2.166600000000283217e+03,3.869544861666815959e-03
2.166700000000283580e+03,3.850769849210282803e-03
2.166800000000283489e+03,3.831949130690920618e-03
2.166900000000283399e+03,3.813082635814449024e-03
2.167000000000283762e+03,3.794180705959957021e-03
2.167100000000283671e+03,3.772458959476958622e-03
2.167200000000283580e+03,3.750687389755981340e-03
2.167300000000283489e+03,3.728865924221122854e-03
2.167400000000283399e+03,3.706994490214544653e-03
2.167500000000283762e+03,3.685073014996198808e-03
2.167600000000283671e+03,3.663101425744185336e-03
2.167700000000283580e+03,3.641079649554026642e-03
2.167800000000283944e+03,3.619007613439076051e-03
2.167900000000283853e+03,3.596885244330443217e-03
2.168000000000283762e+03,3.574703083005774384e-03
2.168100000000283671e+03,3.550160039265710162e-03
2.168200000000283580e+03,3.525562941310993875e-03
2.168300000000283944e+03,3.500911713110784612e-03
2.168400000000283853e+03,3.476206278552300497e-03
2.168500000000283762e+03,3.451446561439920971e-03
2.168600000000284126e+03,3.426632485495516821e-03
2.168700000000284035e+03,3.401763974358688273e-03
2.168800000000283944e+03,3.376820680911504259e-03
2.168900000000283853e+03,3.351818227360139294e-03
2.169000000000283762e+03,3.326761485853035015e-03
2.169100000000284126e+03,3.299909159824768179e-03
2.169200000000284035e+03,3.272996592652132469e-03
2.169300000000283944e+03,3.246022750724008015e-03
2.169400000000284308e+03,3.218978614295729245e-03
2.169500000000284217e+03,3.191874155560104221e-03
2.169600000000284126e+03,3.164709287299785016e-03
2.169700000000284035e+03,3.137479110454199048e-03
2.169800000000283944e+03,3.110192685210821581e-03
2.169900000000284308e+03,3.082850557524543286e-03
2.170000000000284217e+03,3.055447592050777525e-03
2.170100000000284126e+03,3.026634434189887438e-03
2.170200000000284490e+03,2.997756982043850611e-03
2.170300000000284399e+03,2.968815141920583874e-03
2.170400000000284308e+03,2.939808820020560921e-03
2.170500000000284217e+03,2.910737922437356146e-03
2.170600000000284126e+03,2.881602355157361454e-03
2.170700000000284490e+03,2.852402024059513905e-03
2.170800000000284399e+03,2.823136834915871644e-03
2.170900000000284308e+03,2.793806693390525793e-03
2.171000000000284672e+03,2.764411505037665806e-03
2.171100000000284581e+03,2.734091728486036810e-03
2.171200000000284490e+03,2.703705507580009965e-03
2.171300000000284399e+03,2.673252746935616750e-03
2.171400000000284308e+03,2.642733351061915623e-03
2.171500000000284672e+03,2.612147224360766504e-03
2.171600000000284581e+03,2.581489185850037362e-03
2.171700000000284490e+03,2.550762294293246711e-03
2.171800000000284854e+03,2.519968555957980642e-03
2.171900000000284763e+03,2.489107875356483431e-03
2.172000000000284672e+03,2.458180156289714591e-03
2.172100000000284581e+03,2.214700821714733151e-03
2.172200000000284490e+03,1.970705774526599219e-03
2.172300000000284854e+03,1.726191772604689176e-03
2.172400000000284763e+03,1.481158066912108230e-03
2.172500000000284672e+03,1.235603907551735851e-03
2.172600000000285036e+03,9.895285437688254755e-04
2.172700000000284945e+03,7.429312239535558471e-04
2.172800000000284854e+03,4.958111956334923433e-04
2.172900000000284763e+03,2.481677054772987419e-04
2.173000000000284672e+03,1.224892908715095584e-32
2.173100000000285036e+03,1.230179474230129256e-32
2.173200000000284945e+03,1.235488363957543822e-32
2.173300000000284854e+03,1.240819670066975334e-32
2.173400000000285218e+03,1.246173485099664214e-32
2.173500000000285127e+03,1.251549901970169388e-32
2.173600000000285036e+03,1.256949013967623974e-32
2.173700000000284945e+03,1.262370914757529882e-32
2.173800000000284854e+03,1.267815698382825476e-32
2.173900000000285218e+03,1.273283459265740657e-32
2.174000000000285127e+03,6.952987217835173232e-13
2.174100000000285036e+03,2.440995077083881978e-04
2.174200000000285399e+03,4.886861644654246807e-04
2.174300000000285308e+03,7.337606242170668924e-04
2.174400000000285218e+03,9.793235408980464473e-04
2.174500000000285127e+03,1.225375569123265344e-03
2.174600000000285036e+03,1.471917364189466448e-03
2.174700000000285399e+03,1.718949582076918997e-03
2.174800000000285308e+03,1.966470820060621950e-03
2.174900000000285218e+03,2.214478134027556607e-03
2.175000000000285581e+03,2.462976167306548791e-03
2.175100000000285490e+03,2.488145464016561486e-03
2.175200000000285399e+03,2.513360161767906435e-03
2.175300000000285308e+03,2.538623324589344386e-03
2.175400000000285218e+03,2.563935017762294065e-03
2.175500000000285581e+03,2.589295306637840258e-03
2.175600000000285490e+03,2.614704256636355209e-03
2.175700000000285399e+03,2.640161933248245420e-03
2.175800000000285763e+03,2.665668402033597329e-03
2.175900000000285672e+03,2.691223728622033767e-03
2.176000000000285581e+03,2.716827978714467760e-03
2.176100000000285490e+03,2.742897847030304186e-03
2.176200000000285399e+03,2.769019209264602776e-03
2.176300000000285763e+03,2.795192137431803513e-03
2.176400000000285672e+03,2.821416703626519664e-03
2.176500000000285581e+03,2.847692980024425086e-03
2.176600000000285945e+03,2.874021038881927666e-03
2.176700000000285854e+03,2.900400952535883963e-03
2.176800000000285763e+03,2.926832793404365082e-03
2.176900000000285672e+03,2.953316633986359605e-03
2.177000000000285581e+03,2.979879466625454804e-03
2.177100000000285945e+03,3.006579278568990033e-03
2.177200000000285854e+03,3.033336595204422833e-03
2.177300000000285763e+03,3.060146343934244933e-03
2.177400000000286127e+03,3.087008597628568187e-03
2.177500000000286036e+03,3.113928329432657117e-03
2.177600000000285945e+03,3.140915584320594280e-03
2.177700000000285854e+03,3.167955901053124117e-03
2.177800000000285763e+03,3.195049353774524151e-03
2.177900000000286127e+03,3.222196016712104445e-03
2.178000000000286036e+03,3.249392039191871789e-03
2.178100000000285945e+03,3.276537024938444911e-03
2.178200000000286309e+03,3.303734989341064812e-03
2.178300000000286218e+03,3.330986005917501054e-03
2.178400000000286127e+03,3.358290148267488451e-03
2.178500000000286036e+03,3.385638429996812304e-03
2.178600000000285945e+03,3.413033579475293049e-03
2.178700000000286309e+03,3.440476223563614273e-03
2.178800000000286218e+03,3.467971950884884535e-03
2.178900000000286127e+03,3.495523534192156168e-03
2.179000000000286491e+03,3.523124266297081048e-03
2.179100000000286400e+03,3.550439933068725868e-03
2.179200000000286309e+03,3.577808318851592728e-03
2.179300000000286218e+03,3.605229496218759384e-03
2.179400000000286127e+03,3.632703537823234446e-03
2.179500000000286491e+03,3.660230516398137353e-03
2.179600000000286400e+03,3.687810504756318906e-03
2.179700000000286309e+03,3.715443575791038677e-03
2.179800000000286673e+03,3.743128543235428075e-03
2.179900000000286582e+03,3.770855269821708853e-03
2.180000000000286491e+03,3.798635110065223287e-03
2.180100000000286400e+03,3.825741918823006085e-03
2.180200000000286309e+03,3.852898901752086630e-03
2.180300000000286673e+03,3.880099120983049234e-03
2.180400000000286582e+03,3.907343419618097835e-03
2.180500000000286491e+03,3.934637905529086120e-03
2.180600000000286855e+03,3.961982644268444327e-03
2.180700000000286764e+03,3.989377701455890449e-03
2.180800000000286673e+03,4.016823142779121954e-03
2.180900000000286582e+03,4.044319033993408995e-03
2.181000000000286491e+03,4.071865440919155386e-03
2.181100000000286855e+03,4.098540705272306177e-03
2.181200000000286764e+03,4.125264372971664852e-03
2.181300000000286673e+03,4.152036506365772671e-03
2.181400000000287037e+03,4.178857167866409372e-03
2.181500000000286946e+03,4.205726419948344237e-03
2.181600000000286855e+03,4.232644325149954520e-03
2.181700000000286764e+03,4.259610946072998200e-03
2.181800000000286673e+03,4.286626345382640001e-03
2.181900000000287037e+03,4.313690585807615323e-03
2.182000000000286946e+03,4.340803730137144170e-03
2.182100000000286855e+03,4.366999803827826231e-03
2.182200000000287218e+03,4.393262954378735104e-03
2.182300000000287127e+03,4.419575553989424886e-03
2.182400000000287037e+03,4.445937669969769399e-03
2.182500000000286946e+03,4.472349369702863404e-03
2.182600000000286855e+03,4.498821529205850218e-03
2.182700000000287218e+03,4.525347936847516107e-03
2.182800000000287127e+03,4.551924311629509251e-03
2.182900000000287037e+03,4.578550721758763674e-03
2.183000000000287400e+03,4.605227235512999659e-03
2.183100000000287309e+03,4.630510921657232312e-03
2.183200000000287218e+03,4.655842244584420739e-03
2.183300000000287127e+03,4.681221269833977378e-03
2.183400000000287037e+03,4.706648063018096725e-03
2.183500000000287400e+03,4.732113382002628779e-03
2.183600000000287309e+03,4.757619793272774116e-03
2.183700000000287218e+03,4.783173995478579715e-03
2.183800000000287582e+03,4.808776054013614611e-03
2.183900000000287491e+03,4.834426034343254110e-03
2.184000000000287400e+03,4.860124002000006452e-03
2.184100000000287309e+03,4.883985569746430999e-03
2.184200000000287218e+03,4.907890606399279571e-03
2.184300000000287582e+03,4.931839169859126258e-03
2.184400000000287491e+03,4.955838905691739224e-03
2.184500000000287400e+03,4.979891555463118388e-03
2.184600000000287764e+03,5.003988070300702772e-03
2.184700000000287673e+03,5.028128508816813967e-03
2.184800000000287582e+03,5.052312929686957402e-03
2.184900000000287491e+03,5.076541391649684425e-03
2.185000000000287400e+03,5.100813953500582358e-03
2.185100000000287764e+03,5.123073773306299761e-03
2.185200000000287673e+03,5.145416773165658111e-03
2.185300000000287582e+03,5.167796312778479007e-03
2.185400000000287946e+03,5.190204855953965170e-03
2.185500000000287855e+03,5.212654210899038409e-03
2.185600000000287764e+03,5.235147678082295933e-03
2.185700000000287673e+03,5.257707810220010360e-03
2.185800000000287582e+03,5.280309164904178378e-03
2.185900000000287946e+03,5.302951798210824887e-03
2.186000000000287855e+03,5.325635766270567402e-03
2.186100000000287764e+03,5.345889661003660163e-03
2.186200000000288128e+03,5.366179614202506130e-03
2.186300000000288037e+03,5.386505674136506799e-03
2.186400000000287946e+03,5.406867889127978805e-03
2.186500000000287855e+03,5.427266307551670797e-03
2.186600000000287764e+03,5.447700977834909163e-03
2.186700000000288128e+03,5.468160299136786209e-03
2.186800000000288037e+03,5.488649014078784971e-03
2.186900000000287946e+03,5.509173985518363986e-03
2.187000000000288310e+03,5.529735261693758709e-03
2.187100000000288219e+03,5.547333520408787889e-03
2.187200000000288128e+03,5.564943289714358553e-03
2.187300000000288037e+03,5.582582084072969068e-03
2.187400000000287946e+03,5.600249939567301417e-03
2.187500000000288310e+03,5.617946892316248199e-03
2.187600000000288219e+03,5.635682524703109451e-03
2.187700000000288128e+03,5.653456935952255215e-03
2.187800000000288492e+03,5.671260674981282689e-03
2.187900000000288401e+03,5.689093778364509232e-03
2.188000000000288310e+03,5.706956282704295745e-03
2.188100000000288219e+03,5.721835334618538375e-03
2.188200000000288128e+03,5.736737974612724292e-03
2.188300000000288492e+03,5.751664231736472975e-03
2.188400000000288401e+03,5.766614135068241082e-03
2.188500000000288310e+03,5.781580446427489299e-03
2.188600000000288674e+03,5.796558094063933991e-03
2.188700000000288583e+03,5.811559371989184243e-03
2.188800000000288492e+03,5.826584309144619729e-03
2.188900000000288401e+03,5.841632934500258674e-03
2.189000000000288310e+03,5.856689283488260636e-03
2.189100000000288674e+03,5.868613900600716353e-03
2.189200000000288583e+03,5.880556271053826410e-03
2.189300000000288492e+03,5.892516416383298053e-03
2.189400000000288856e+03,5.904499198884525721e-03
2.189500000000288765e+03,5.916515000968946940e-03
2.189600000000288674e+03,5.928548726576597129e-03
2.189700000000288583e+03,5.940600397527149093e-03
2.189800000000288492e+03,5.952670035662612803e-03
2.189900000000288856e+03,5.964743976956053163e-03
2.190000000000288765e+03,5.976829343910402235e-03
2.190100000000288674e+03,5.985259256087194571e-03
2.190200000000289037e+03,5.993699512905345701e-03
2.190300000000288946e+03,6.002150125403365143e-03
2.190400000000288856e+03,6.010611104630034576e-03
2.190500000000288765e+03,6.019082461643989780e-03
2.190600000000288674e+03,6.027564207514202882e-03
2.190700000000289037e+03,6.036056353319684854e-03
2.190800000000288946e+03,6.044558910149510668e-03
2.190900000000288856e+03,6.053071889102874803e-03
2.191000000000289219e+03,6.061595301278216268e-03
2.191100000000289128e+03,6.066310997626852761e-03
2.191200000000289037e+03,6.071029384530312462e-03
2.191300000000288946e+03,6.075750462478178571e-03
2.191400000000288856e+03,6.080474231958592733e-03
2.191500000000289219e+03,6.085200693458602851e-03
2.191600000000289128e+03,6.089929847463810934e-03
2.191700000000289037e+03,6.094661694458761679e-03
2.191800000000289401e+03,6.099396234926699606e-03
2.191900000000289310e+03,6.104133469349562989e-03
2.192000000000289219e+03,6.108873398196964025e-03
2.192100000000289128e+03,6.109792626199065865e-03
2.192200000000289037e+03,6.110706480548337705e-03
2.192300000000289401e+03,6.111614950142947415e-03
2.192400000000289310e+03,6.112518023866487724e-03
2.192500000000289219e+03,6.113415690588258102e-03
2.192600000000289583e+03,6.114313946696496062e-03
2.192700000000289492e+03,6.115207898177510773e-03
2.192800000000289401e+03,6.116093299004552418e-03
2.192900000000289310e+03,6.116955479018893437e-03
2.193000000000289219e+03,6.117803688434625929e-03
2.193100000000289583e+03,6.114387312731122889e-03
2.193200000000289492e+03,6.110957008026361888e-03
2.193300000000289401e+03,6.107512751908308023e-03
2.193400000000289765e+03,6.104054521939093758e-03
2.193500000000289674e+03,6.100575655496924543e-03
2.193600000000289583e+03,6.097048020255892327e-03
2.193700000000289492e+03,6.093506386277855458e-03
2.193800000000289401e+03,6.089950731315686185e-03
2.193900000000289765e+03,6.086381033096630554e-03
2.194000000000289674e+03,6.082797269309967586e-03
2.194100000000289583e+03,6.074777379536155063e-03
2.194200000000289947e+03,6.066735469725196422e-03
2.194300000000289856e+03,6.058671508391709655e-03
2.194400000000289765e+03,6.050585464017297493e-03
2.194500000000289674e+03,6.042477305050465881e-03
2.194600000000289583e+03,6.034346999906690760e-03
2.194700000000289947e+03,6.026189876929420076e-03
2.194800000000289856e+03,6.017989331706686922e-03
2.194900000000289765e+03,6.009766616069561404e-03
2.195000000000290129e+03,6.001521698574722487e-03
2.195100000000290038e+03,5.989161030820843931e-03
2.195200000000289947e+03,5.976769499031671720e-03
2.195300000000289856e+03,5.964347059472458260e-03
2.195400000000289765e+03,5.951893668361954957e-03
2.195500000000290129e+03,5.939409281872699321e-03
2.195600000000290038e+03,5.926893856130882252e-03
2.195700000000289947e+03,5.914347347216250030e-03
2.195800000000290311e+03,5.901762948857997883e-03
2.195900000000290220e+03,5.889134136943905730e-03
2.196000000000290129e+03,5.876474193191791144e-03
2.196100000000290038e+03,5.859705193774154483e-03
2.196200000000289947e+03,5.842875347271511872e-03
2.196300000000290311e+03,5.825995227944365251e-03
2.196400000000290220e+03,5.809075507950780745e-03
2.196500000000290129e+03,5.792116132059620982e-03
2.196600000000290493e+03,5.775117044981592854e-03
2.196700000000290402e+03,5.758078191369723695e-03
2.196800000000290311e+03,5.740999515818429738e-03
2.196900000000290220e+03,5.723880962863997501e-03
2.197000000000290129e+03,5.706722476972577764e-03
2.197100000000290493e+03,5.685418266170190298e-03
2.197200000000290402e+03,5.664067104047681121e-03
2.197300000000290311e+03,5.642668927624792073e-03
2.197400000000290675e+03,5.621223673857798399e-03
2.197500000000290584e+03,5.599731279639489669e-03
2.197600000000290493e+03,5.578193171978574998e-03
2.197700000000290402e+03,5.556625209396646656e-03
2.197800000000290311e+03,5.535009771327565643e-03
2.197900000000290675e+03,5.513346793902623895e-03
2.198000000000290584e+03,5.491636213178149872e-03
2.198100000000290493e+03,5.466261198607831606e-03
2.198200000000290856e+03,5.440839031989197147e-03
2.198300000000290765e+03,5.415360550135522345e-03
2.198400000000290675e+03,5.389829961653735436e-03
2.198500000000290584e+03,5.364261659129988813e-03
2.198600000000290493e+03,5.338636588041084478e-03
2.198700000000290856e+03,5.312954669663455705e-03
2.198800000000290765e+03,5.287215825190215261e-03
2.198900000000290675e+03,5.261419975730497085e-03
2.199000000000291038e+03,5.235567042300120003e-03
2.199100000000290947e+03,5.206410027953164814e-03
2.199200000000290856e+03,5.177187052968622305e-03
2.199300000000290765e+03,5.147898022667022483e-03
2.199400000000290675e+03,5.118555871044900597e-03
2.199500000000291038e+03,5.089165745965672574e-03
2.199600000000290947e+03,5.059708912357299519e-03
2.199700000000290856e+03,5.030192313503193194e-03
2.199800000000291220e+03,5.000615321018812148e-03
2.199900000000291129e+03,4.970971167353461194e-03
2.200000000000291038e+03,4.941259755422660986e-03
2.200100000000290947e+03,4.908395299400582744e-03
2.200200000000290856e+03,4.875459097050739363e-03
2.200300000000291220e+03,4.842451055402900370e-03
2.200400000000291129e+03,4.809382395362786847e-03
2.200500000000291038e+03,4.776246578036089097e-03
2.200600000000291402e+03,4.743038396659847097e-03
2.200700000000291311e+03,4.709757750099624954e-03
2.200800000000291220e+03,4.676402528509332295e-03
2.200900000000291129e+03,4.642960831557320193e-03
2.201000000000291038e+03,4.609446591666889644e-03
2.201100000000291402e+03,4.573303151086173871e-03
2.201200000000291311e+03,4.537083053753672435e-03
2.201300000000291220e+03,4.500786195409323814e-03
2.201400000000291584e+03,4.464412471684386929e-03
2.201500000000291493e+03,4.427961778101656247e-03
2.201600000000291402e+03,4.391434010074573603e-03
2.201700000000291311e+03,4.354829062907660149e-03
2.201800000000291220e+03,4.318161514727737911e-03
2.201900000000291584e+03,4.281416377944203405e-03
2.202000000000291493e+03,4.244593497523437009e-03
2.202100000000291402e+03,4.205924814658942509e-03
2.202200000000291766e+03,4.167166620375615388e-03
2.202300000000291675e+03,4.128317053677715322e-03
2.202400000000291584e+03,4.089384149755444751e-03
2.202500000000291493e+03,4.050367792617760518e-03
2.202600000000291402e+03,4.011267866148473908e-03
2.202700000000291766e+03,3.972096015641529351e-03
2.202800000000291675e+03,3.932841912751638448e-03
2.202900000000291584e+03,3.893503624424070157e-03
2.203000000000291948e+03,3.854081033117582114e-03
2.203100000000291857e+03,3.813333476077391832e-03
2.203200000000291766e+03,3.772513029081131074e-03
2.203300000000291675e+03,3.731612994022358819e-03
2.203400000000291584e+03,3.690626698965089169e-03
2.203500000000291948e+03,3.649554025351322770e-03
2.203600000000291857e+03,3.608355298266293764e-03
2.203700000000291766e+03,3.567068651544493332e-03
2.203800000000292130e+03,3.525696233020471880e-03
2.203900000000292039e+03,3.484237926477939777e-03
2.204000000000291948e+03,3.442693614704295853e-03
2.204100000000291857e+03,3.101396398045911090e-03
2.204200000000291766e+03,2.759440960823154702e-03
2.204300000000292130e+03,2.416826458461994020e-03
2.204400000000292039e+03,2.073552045560321348e-03
2.204500000000291948e+03,1.729616875877900166e-03
2.204600000000292312e+03,1.385020102340581583e-03
2.204700000000292221e+03,1.039760877044181020e-03
2.204800000000292130e+03,6.938383512445697862e-04
2.204900000000292039e+03,3.472516753632670736e-04
2.205000000000291948e+03,4.763292563798424668e-32
2.205100000000292312e+03,4.783253911522139008e-32
2.205200000000292221e+03,4.803297078844130627e-32
2.205300000000292130e+03,4.823422393543708535e-32
2.205400000000292493e+03,4.843630184682850983e-32
2.205500000000292403e+03,4.863920782610098451e-32
2.205600000000292312e+03,4.884294518966596744e-32
2.205700000000292221e+03,4.904751726690773827e-32
2.205800000000292130e+03,4.925292740022728732e-32
2.205900000000292493e+03,4.945917894509635869e-32
2.206000000000292403e+03,9.661736231711397985e-13
2.206100000000292312e+03,3.307556214082044751e-04
2.206200000000292675e+03,6.621713584151119611e-04
2.206300000000292584e+03,9.942492908809666668e-04
2.206400000000292493e+03,1.326992863368726266e-03
2.206500000000292403e+03,1.660401501281271851e-03
2.206600000000292312e+03,1.994476102539201757e-03
2.206700000000292675e+03,2.329217566012952833e-03
2.206800000000292584e+03,2.664626791517427790e-03
2.206900000000292493e+03,3.000704679822021898e-03
2.207000000000292857e+03,3.337438611900354034e-03
2.207100000000292766e+03,3.370847846218518167e-03
2.207200000000292675e+03,3.404315851503895377e-03
2.207300000000292584e+03,3.437836063580852492e-03
2.207400000000292493e+03,3.471417546233893266e-03
2.207500000000292857e+03,3.505060377270207642e-03
2.207600000000292766e+03,3.538764634573652538e-03
2.207700000000292675e+03,3.572538420481414546e-03
2.207800000000293039e+03,3.606378183788534232e-03
2.207900000000292948e+03,3.640279840492274040e-03
2.208000000000292857e+03,3.674243469446769432e-03
2.208100000000292766e+03,3.708798988132263642e-03
2.208200000000292675e+03,3.743441724550779313e-03
2.208300000000293039e+03,3.778148914868866698e-03
2.208400000000292948e+03,3.812920643121465829e-03
2.208500000000292857e+03,3.847756993430365233e-03
2.208600000000293221e+03,3.882658050003935223e-03
2.208700000000293130e+03,3.917623897136592731e-03
2.208800000000293039e+03,3.952654619209928014e-03
2.208900000000292948e+03,3.987750300692083187e-03
2.209000000000292857e+03,4.022911026139045464e-03
2.209100000000293221e+03,4.058514482668564016e-03
2.209200000000293130e+03,4.094186729193958346e-03
2.209300000000293039e+03,4.129927339797685899e-03
2.209400000000293403e+03,4.165736407373176603e-03
2.209500000000293312e+03,4.201617677792773668e-03
2.209600000000293221e+03,4.237582179695314338e-03
2.209700000000293130e+03,4.273645492117129560e-03
2.209800000000293039e+03,4.309798230271322944e-03
2.209900000000293403e+03,4.346021037016653023e-03
2.210000000000293312e+03,4.382314009093130763e-03
2.210100000000293221e+03,4.418565670937993697e-03
2.210200000000293585e+03,4.454886215550226888e-03
2.210300000000293494e+03,4.491275735807930512e-03
2.210400000000293403e+03,4.527734324689525539e-03
2.210500000000293312e+03,4.564262075273388571e-03
2.210600000000293221e+03,4.600859080737872663e-03
2.210700000000293585e+03,4.637525434361743602e-03
2.210800000000293494e+03,4.674261229523440919e-03
2.210900000000293403e+03,4.711066559702326018e-03
2.211000000000293767e+03,4.747941518476938780e-03
2.211100000000293676e+03,4.784459452231291064e-03
2.211200000000293585e+03,4.821045055166609493e-03
2.211300000000293494e+03,4.857700731670979398e-03
2.211400000000293403e+03,4.894453552247130836e-03
2.211500000000293767e+03,4.931281025678443779e-03
2.211600000000293676e+03,4.968177092364711202e-03
2.211700000000293585e+03,5.005141842978063499e-03
2.211800000000293949e+03,5.042175368285690441e-03
2.211900000000293858e+03,5.079277759149571428e-03
2.212000000000293767e+03,5.116454118806085943e-03
2.212100000000293676e+03,5.153198766393899191e-03
2.212200000000293585e+03,5.190013306889199214e-03
2.212300000000293949e+03,5.226880268117455909e-03
2.212400000000293858e+03,5.263817233742397461e-03
2.212500000000293767e+03,5.300824299028842473e-03
2.212600000000294131e+03,5.337901559345628773e-03
2.212700000000294040e+03,5.375057313269641056e-03
2.212800000000293949e+03,5.412293862765857333e-03
2.212900000000293858e+03,5.449601151465300469e-03
2.213000000000293767e+03,5.486979275909958410e-03
2.213100000000294131e+03,5.523391799528749521e-03
2.213200000000294040e+03,5.559867775554377251e-03
2.213300000000293949e+03,5.596393183214314233e-03
2.213400000000294312e+03,5.632986880321592948e-03
2.213500000000294222e+03,5.669648958616657630e-03
2.213600000000294131e+03,5.706385691646748137e-03
2.213700000000294040e+03,5.743204545342494270e-03
2.213800000000293949e+03,5.779988100730181801e-03
2.213900000000294312e+03,5.816814504574376217e-03
2.214000000000294222e+03,5.853708364454830032e-03
2.214100000000294131e+03,5.889093058446706434e-03
2.214200000000294494e+03,5.924540027941240308e-03
2.214300000000294403e+03,5.960049350965646552e-03
2.214400000000294312e+03,5.995621105624560770e-03
2.214500000000294222e+03,6.031255370099633355e-03
2.214600000000294131e+03,6.066952222649567641e-03
2.214700000000294494e+03,6.102711741610633393e-03
2.214800000000294403e+03,6.138534005395647648e-03
2.214900000000294312e+03,6.174419092495372907e-03
2.215000000000294676e+03,6.210367081472985967e-03
2.215100000000294585e+03,6.244698129321075465e-03
2.215200000000294494e+03,6.279081812517528678e-03
2.215300000000294403e+03,6.313525901846121606e-03
2.215400000000294312e+03,6.348030473540759722e-03
2.215500000000294676e+03,6.382595603911928733e-03
2.215600000000294585e+03,6.417221369345983348e-03
2.215700000000294494e+03,6.451907846305964325e-03
2.215800000000294858e+03,6.486655111331559448e-03
2.215900000000294767e+03,6.521474258876851574e-03
2.216000000000294676e+03,6.556365873416214983e-03
2.216100000000294585e+03,6.589322334970800984e-03
2.216200000000294494e+03,6.622337328027998703e-03
2.216300000000294858e+03,6.655410928213606296e-03
2.216400000000294767e+03,6.688543211231052533e-03
2.216500000000294676e+03,6.721734252862566865e-03
2.216600000000295040e+03,6.754984128968758751e-03
2.216700000000294949e+03,6.788292915488111125e-03
2.216800000000294858e+03,6.821652187747207635e-03
2.216900000000294767e+03,6.855055471126454344e-03
2.217000000000294676e+03,6.888517663120864894e-03
2.217100000000295040e+03,6.919309578305472309e-03
2.217200000000294949e+03,6.950153853155315205e-03
2.217300000000294858e+03,6.981055249904302880e-03
2.217400000000295222e+03,7.012009642099898896e-03
2.217500000000295131e+03,7.043016634547329645e-03
2.217600000000295040e+03,7.074076292358625478e-03
2.217700000000294949e+03,7.105188680709896565e-03
2.217800000000294858e+03,7.136353864841088294e-03
2.217900000000295222e+03,7.167571910056659557e-03
2.218000000000295131e+03,7.198842881716056505e-03
2.218100000000295040e+03,7.227212164348459540e-03
2.218200000000295404e+03,7.255628742971658232e-03
2.218300000000295313e+03,7.284092675577506955e-03
2.218400000000295222e+03,7.312604020214692226e-03
2.218500000000295131e+03,7.341162834988591325e-03
2.218600000000295040e+03,7.369771825547225853e-03
2.218700000000295404e+03,7.398451135637610851e-03
2.218800000000295313e+03,7.427178286842740958e-03
2.218900000000295222e+03,7.455953337979785191e-03
2.219000000000295586e+03,7.484776347914409364e-03
2.219100000000295495e+03,7.510581148321780753e-03
2.219200000000295404e+03,7.536429471900163782e-03
2.219300000000295313e+03,7.562321374062245909e-03
2.219400000000295222e+03,7.588256910277862456e-03
2.219500000000295586e+03,7.614236136074517027e-03
2.219600000000295495e+03,7.640240043293599140e-03
2.219700000000295404e+03,7.666259957863268658e-03
2.219800000000295768e+03,7.692323407738585993e-03
2.219900000000295677e+03,7.718430447848365246e-03
2.220000000000295586e+03,7.744581133166733231e-03
2.220100000000295495e+03,7.766967978283984692e-03
2.220200000000295404e+03,7.789390755568062312e-03
2.220300000000295768e+03,7.811849509252468370e-03
2.220400000000295677e+03,7.834344283614912835e-03
2.220500000000295586e+03,7.856875122977518069e-03
2.220600000000295950e+03,7.879449480965833308e-03
2.220700000000295859e+03,7.902086432503311816e-03
2.220800000000295768e+03,7.924759775133908418e-03
2.220900000000295677e+03,7.947469553814274362e-03
2.221000000000295586e+03,7.970215813533614718e-03
2.221100000000295950e+03,7.988693083628291627e-03
2.221200000000295859e+03,8.007197875961187886e-03
2.221300000000295768e+03,8.025730222700864711e-03
2.221400000000296131e+03,8.044290156046513332e-03
2.221500000000296041e+03,8.062877708227750295e-03
2.221600000000295950e+03,8.081492911505101448e-03
2.221700000000295859e+03,8.100135798169689691e-03
2.221800000000295768e+03,8.118806400543295693e-03
2.221900000000296131e+03,8.137504750978742998e-03
2.222000000000296041e+03,8.156230881846426167e-03
2.222100000000295950e+03,8.170742659005856764e-03
2.222200000000296313e+03,8.185316511164202752e-03
2.222300000000296222e+03,8.199927051090351651e-03
2.222400000000296131e+03,8.214569458951404349e-03
2.222500000000296041e+03,8.229232189825450017e-03
2.222600000000295950e+03,8.243915267193676136e-03
2.222700000000296313e+03,8.258618065433129957e-03
2.222800000000296222e+03,8.273313555018131302e-03
2.222900000000296131e+03,8.288029361237236881e-03
2.223000000000296495e+03,8.302765507442645340e-03
2.223100000000296404e+03,8.312850815536945367e-03
2.223200000000296313e+03,8.322960299760191402e-03
2.223300000000296222e+03,8.333096400566526035e-03
2.223400000000296131e+03,8.343243698351661408e-03
2.223500000000296495e+03,8.353402204202912615e-03
2.223600000000296404e+03,8.363571929217107973e-03
2.223700000000296313e+03,8.373752884500812801e-03
2.223800000000296677e+03,8.383945081170534122e-03
2.223900000000296586e+03,8.394148530351933091e-03
2.224000000000296495e+03,8.404363243165156178e-03
2.224100000000296404e+03,8.409231296168053274e-03
2.224200000000296313e+03,8.414066680912544657e-03
2.224300000000296677e+03,8.418902700450878532e-03
2.224400000000296586e+03,8.423739351725249153e-03
2.224500000000296495e+03,8.428576631672627523e-03
2.224600000000296859e+03,8.433414537224875884e-03
2.224700000000296768e+03,8.438253065308499654e-03
2.224800000000296677e+03,8.443092212844966610e-03
2.224900000000296586e+03,8.447931976750514341e-03
2.225000000000296495e+03,8.452778136994104630e-03
2.225100000000296859e+03,8.452391552980732456e-03
2.225200000000296768e+03,8.451995338309157071e-03
2.225300000000296677e+03,8.451589476351760791e-03
2.225400000000297041e+03,8.451173950461651416e-03
2.225500000000296950e+03,8.450730360059562074e-03
2.225600000000296859e+03,8.450266511203391798e-03
2.225700000000296768e+03,8.449792952587754577e-03
2.225800000000296677e+03,8.449309667588573297e-03
2.225900000000297041e+03,8.448816639562877970e-03
2.226000000000296950e+03,8.448315747523964248e-03
2.226100000000296859e+03,8.442719706242267363e-03
2.226200000000297223e+03,8.437102884632384850e-03
2.226300000000297132e+03,8.431465249758469949e-03
2.226400000000297041e+03,8.425806768646315961e-03
2.226500000000296950e+03,8.420127408283694520e-03
2.226600000000296859e+03,8.414427135619847314e-03
2.226700000000297223e+03,8.408705917565924975e-03
2.226800000000297132e+03,8.402963720994733807e-03
2.226900000000297041e+03,8.397200512740479045e-03
2.227000000000297405e+03,8.391416259582402948e-03
2.227100000000297314e+03,8.379937013120146092e-03
2.227200000000297223e+03,8.368426030253608636e-03
2.227300000000297132e+03,8.356872488014839909e-03
2.227400000000297041e+03,8.345269322477878379e-03
2.227500000000297405e+03,8.333634360662369248e-03
2.227600000000297314e+03,8.321967556210075820e-03
2.227700000000297223e+03,8.310268862711909718e-03
2.227800000000297587e+03,8.298568457069957494e-03
2.227900000000297496e+03,8.286856501086370744e-03
2.228000000000297405e+03,8.275112371358644622e-03
2.228100000000297314e+03,8.257588795239852869e-03
2.228200000000297223e+03,8.239982474464819726e-03
2.228300000000297587e+03,8.222334181373136541e-03
2.228400000000297496e+03,8.204643858559675790e-03
2.228500000000297405e+03,8.186911448560051791e-03
2.228600000000297769e+03,8.169136893851004083e-03
2.228700000000297678e+03,8.151320136850610798e-03
2.228800000000297587e+03,8.133461119917509766e-03
2.228900000000297496e+03,8.115559785351608019e-03
2.229000000000297405e+03,8.097616075378153561e-03
2.229100000000297769e+03,8.074458823191616938e-03
2.229200000000297678e+03,8.051247526163880786e-03
2.229300000000297587e+03,8.027982108794039229e-03
2.229400000000297950e+03,8.004662495500629305e-03
2.229500000000297860e+03,7.981288610622142704e-03
2.229600000000297769e+03,7.957860378415894734e-03
2.229700000000297678e+03,7.934377723058912493e-03
2.229800000000297587e+03,7.910840568647225374e-03
2.229900000000297950e+03,7.887273535864521359e-03
2.230000000000297860e+03,7.863660619918191180e-03
2.230100000000297769e+03,7.834845347702699969e-03
2.230200000000298132e+03,7.805964525838005388e-03
2.230300000000298041e+03,7.777018062680766085e-03
2.230400000000297950e+03,7.748005866488784886e-03
2.230500000000297860e+03,7.718916640137148295e-03
2.230600000000297769e+03,7.689746413614585198e-03
2.230700000000298132e+03,7.660510379012979570e-03
2.230800000000298041e+03,7.631208444867806223e-03
2.230900000000297950e+03,7.601840519616452629e-03
2.231000000000298314e+03,7.572428791706930021e-03
2.231100000000298223e+03,7.537807456872916770e-03
2.231200000000298132e+03,7.503112299943302116e-03
2.231300000000298041e+03,7.468339795702698229e-03
2.231400000000297950e+03,7.433476706591017960e-03
2.231500000000298314e+03,7.398539689907755040e-03
2.231600000000298223e+03,7.363528647983090189e-03
2.231700000000298132e+03,7.328436081330087434e-03
2.231800000000298496e+03,7.293245651243667783e-03
2.231900000000298405e+03,7.257963068807699210e-03
2.232000000000298314e+03,7.222599876113780168e-03
2.232100000000298223e+03,7.182784445022162567e-03
2.232200000000298132e+03,7.142885854463955179e-03
2.232300000000298496e+03,7.102903994894696829e-03
2.232400000000298405e+03,7.062838756660147835e-03
2.232500000000298314e+03,7.022690029994986365e-03
2.232600000000298678e+03,6.982457705023444212e-03
2.232700000000298587e+03,6.942141671759689305e-03
2.232800000000298496e+03,6.901741820106496034e-03
2.232900000000298405e+03,6.861258039856319921e-03
2.233000000000298314e+03,6.820690220679243021e-03
2.233100000000298678e+03,6.776294224964195256e-03
2.233200000000298587e+03,6.731803834242211515e-03
2.233300000000298496e+03,6.687218920095270788e-03
2.233400000000298860e+03,6.642539353970259609e-03
2.233500000000298769e+03,6.597765007179355427e-03
2.233600000000298678e+03,6.552875102213886332e-03
2.233700000000298587e+03,6.507883233877471973e-03
2.233800000000298496e+03,6.462796583453304586e-03
2.233900000000298860e+03,6.417615022900170253e-03
2.234000000000298769e+03,6.372338424033384754e-03
2.234100000000298678e+03,6.323602667520618857e-03
2.234200000000299042e+03,6.274786896062210621e-03
2.234300000000298951e+03,6.225873189516516019e-03
2.234400000000298860e+03,6.176859398587144882e-03
2.234500000000298769e+03,6.127745391551061085e-03
2.234600000000298678e+03,6.078531036551752809e-03
2.234700000000299042e+03,6.029216201598848295e-03
2.234800000000298951e+03,5.979800415130308126e-03
2.234900000000298860e+03,5.930268264687545143e-03
2.235000000000299224e+03,5.880635504379590553e-03
2.235100000000299133e+03,5.828308833346513250e-03
2.235200000000299042e+03,5.775874120342010948e-03
2.235300000000298951e+03,5.723335711455789648e-03
2.235400000000298860e+03,5.670693474686873230e-03
2.235500000000299224e+03,5.617947277905694856e-03
2.235600000000299133e+03,5.565113612065990777e-03
2.235700000000299042e+03,5.512192612520616652e-03
2.235800000000299406e+03,5.459166607240021826e-03
2.235900000000299315e+03,5.406035461665507046e-03
2.236000000000299224e+03,5.352799041101392354e-03
2.236100000000299133e+03,5.298025612752345868e-03
2.236200000000299042e+03,5.243139956058557802e-03
2.236300000000299406e+03,5.188141921029673816e-03
2.236400000000299315e+03,5.133031357520562339e-03
2.236500000000299224e+03,5.077808115229457547e-03
2.236600000000299588e+03,5.022472043698700955e-03
2.236700000000299497e+03,4.967022992315328622e-03
2.236800000000299406e+03,4.911460810309411021e-03
2.236900000000299315e+03,4.855785346754991523e-03
2.237000000000299224e+03,4.799996449314479670e-03
2.237100000000299588e+03,4.324219054754983339e-03
2.237200000000299497e+03,3.847506687196579258e-03
2.237300000000299406e+03,3.369833928671101854e-03
2.237400000000299769e+03,2.891221373465600701e-03
2.237500000000299679e+03,2.411680075964608549e-03
2.237600000000299588e+03,1.931208824388152808e-03
2.237700000000299497e+03,1.449806405724154241e-03
2.237800000000299406e+03,9.674716057251453016e-04
2.237900000000299769e+03,4.842032089051764138e-04
2.238000000000299679e+03,1.855188052864503319e-31
2.238100000000299588e+03,1.862733250551706396e-31
2.238200000000299951e+03,1.870308453088780300e-31
2.238300000000299860e+03,1.877913777052444404e-31
2.238400000000299769e+03,1.885549339461681671e-31
2.238500000000299679e+03,1.893215257779065072e-31
2.238600000000299588e+03,1.900911649912712173e-31
2.238700000000299951e+03,1.908638634217882841e-31
2.238800000000299860e+03,1.916396329498414255e-31
2.238900000000299769e+03,1.924184855008575222e-31
2.239000000000300133e+03,1.932004330454804225e-31
2.239100000000300042e+03,1.939854875996981535e-31
2.239200000000299951e+03,1.947736612250642393e-31
2.239300000000299860e+03,1.955649660288340204e-31
2.239400000000299769e+03,1.963594141641386782e-31
2.239500000000300133e+03,1.971570178301523609e-31
2.239600000000300042e+03,1.979577892722672153e-31
2.239700000000299951e+03,1.987617407822563308e-31
2.239800000000300315e+03,1.995688846984785482e-31
2.239900000000300224e+03,2.003792334059886591e-31
2.240000000000300133e+03,1.485776781486879522e-12
2.240100000000300042e+03,4.955301154862426331e-04
2.240200000000299951e+03,9.920432489802673542e-04
2.240300000000300315e+03,1.489540724376352005e-03
2.240400000000300224e+03,1.988023865478615645e-03
2.240500000000300133e+03,2.487493997501595121e-03
2.240600000000300497e+03,2.987952447064615245e-03
2.240700000000300406e+03,3.489400542186272582e-03
2.240800000000300315e+03,3.991839612299114687e-03
2.240900000000300224e+03,4.495270988241910175e-03
2.241000000000300133e+03,4.999696000886021813e-03
2.241100000000300497e+03,5.045864420392166989e-03
2.241200000000300406e+03,5.092117220025666260e-03
2.241300000000300315e+03,5.138454507989801030e-03
2.241400000000300679e+03,5.184876392597557483e-03
2.241500000000300588e+03,5.231401235707168300e-03
2.241600000000300497e+03,5.278025045387641119e-03
2.241700000000300406e+03,5.324734347498504168e-03
2.241800000000300315e+03,5.371529252340175552e-03
2.241900000000300679e+03,5.418388808650594080e-03
2.242000000000300588e+03,5.465325657590560174e-03
2.242100000000300497e+03,5.512679975057149968e-03
2.242200000000300861e+03,5.560119434423452592e-03
2.242300000000300770e+03,5.607644142958110797e-03
2.242400000000300679e+03,5.655254208036831001e-03
2.242500000000300588e+03,5.702949737141529800e-03
2.242600000000300497e+03,5.750730837860606320e-03
2.242700000000300861e+03,5.798597617889322126e-03
2.242800000000300770e+03,5.846550185029045742e-03
2.242900000000300679e+03,5.894588647188436607e-03
2.243000000000301043e+03,5.942713112383916051e-03
2.243100000000300952e+03,5.991176074428745252e-03
2.243200000000300861e+03,6.039701516526880046e-03
2.243300000000300770e+03,6.088306561958994889e-03
2.243400000000300679e+03,6.137000934240943381e-03
2.243500000000301043e+03,6.185784749720982072e-03
2.243600000000300952e+03,6.234658124867602062e-03
2.243700000000300861e+03,6.283621176270607137e-03
2.243800000000301225e+03,6.332674020640885644e-03
2.243900000000301134e+03,6.381816774809704468e-03
2.244000000000301043e+03,6.431049555729150512e-03
2.244100000000300952e+03,6.480089860242611161e-03
2.244200000000300861e+03,6.529220065514510993e-03
2.244300000000301225e+03,6.578440288697765849e-03
2.244400000000301134e+03,6.627750647066491495e-03
2.244500000000301043e+03,6.677075425220936784e-03
2.244600000000301407e+03,6.726488545302188038e-03
2.244700000000301316e+03,6.775991011719535370e-03
2.244800000000301225e+03,6.825582939092592928e-03
2.244900000000301134e+03,6.875264442157446795e-03
2.245000000000301043e+03,6.925035635764319186e-03
2.245100000000301407e+03,6.973968489080098997e-03
2.245200000000301316e+03,7.023002315395798431e-03
2.245300000000301225e+03,7.072121930376451884e-03
2.245400000000301588e+03,7.121338419250295565e-03
2.245500000000301497e+03,7.170649301888977652e-03
2.245600000000301407e+03,7.220027012056413548e-03
2.245700000000301316e+03,7.269485722375229955e-03
2.245800000000301225e+03,7.319030680592307145e-03
2.245900000000301588e+03,7.368661992906533342e-03
2.246000000000301497e+03,7.418379765615941424e-03
2.246100000000301407e+03,7.467162525498684776e-03
2.246200000000301770e+03,7.516031177882159797e-03
2.246300000000301679e+03,7.564985830250859147e-03
2.246400000000301588e+03,7.614026590196626247e-03
2.246500000000301497e+03,7.663153565417563269e-03
2.246600000000301407e+03,7.712366863718372878e-03
2.246700000000301770e+03,7.761666593010781504e-03
2.246800000000301679e+03,7.811052861312494169e-03
2.246900000000301588e+03,7.860523175251711916e-03
2.247000000000301952e+03,7.910055745088150070e-03
2.247100000000301861e+03,7.958302995611361147e-03
2.247200000000301770e+03,8.006636362459169584e-03
2.247300000000301679e+03,8.055055955966144987e-03
2.247400000000301588e+03,8.103594251685108940e-03
2.247500000000301952e+03,8.152236663378598786e-03
2.247600000000301861e+03,8.200966231183520749e-03
2.247700000000301770e+03,8.249783067516039750e-03
2.247800000000302134e+03,8.298687284908382381e-03
2.247900000000302043e+03,8.347706651796241856e-03
2.248000000000301952e+03,8.396814890492472136e-03
2.248100000000301861e+03,8.443730419799275189e-03
2.248200000000301770e+03,8.490727465242873737e-03
2.248300000000302134e+03,8.537806128582806076e-03
2.248400000000302043e+03,8.584994309341644619e-03
2.248500000000301952e+03,8.632273298014152621e-03
2.248600000000302316e+03,8.679634610805345846e-03
2.248700000000302225e+03,8.727078350897235839e-03
2.248800000000302134e+03,8.774604621575404079e-03
2.248900000000302043e+03,8.822213526228382674e-03
2.249000000000301952e+03,8.869905168339499435e-03
2.249100000000302316e+03,8.914927979902401850e-03
2.249200000000302225e+03,8.960016839720738591e-03
2.249300000000302134e+03,9.005181621424994051e-03
2.249400000000302498e+03,9.050422416803259248e-03
2.249500000000302407e+03,9.095739317730607704e-03
2.249600000000302316e+03,9.141132416170353117e-03
2.249700000000302225e+03,9.186601804173053637e-03
2.249800000000302134e+03,9.232147573877193605e-03
2.249900000000302498e+03,9.277769817509157538e-03
2.250000000000302407e+03,9.323468627374124559e-03
2.250100000000302316e+03,9.366473539364502873e-03
2.250200000000302680e+03,9.409562725790835205e-03
2.250300000000302589e+03,9.452755198295265809e-03
2.250400000000302498e+03,9.496021882342529224e-03
2.250500000000302407e+03,9.539362871158018134e-03
2.250600000000302316e+03,9.582778258060911311e-03
2.250700000000302680e+03,9.626268136464562197e-03
2.250800000000302589e+03,9.669832599875872667e-03
2.250900000000302498e+03,9.713471741896269676e-03
2.251000000000302862e+03,9.757185656210960387e-03
2.251100000000302771e+03,9.797439306653896521e-03
2.251200000000302680e+03,9.837761170316270190e-03
2.251300000000302589e+03,9.878151332506836246e-03
2.251400000000302498e+03,9.918609878620110801e-03
2.251500000000302862e+03,9.959136894136780618e-03
2.251600000000302771e+03,9.999732464623016168e-03
2.251700000000302680e+03,1.004039667573134592e-02
2.251800000000303044e+03,1.008112961320052972e-02
2.251900000000302953e+03,1.012193136285498979e-02
2.252000000000302862e+03,1.016277119367898357e-02
2.252100000000302771e+03,1.019925685100315019e-02
2.252200000000302680e+03,1.023580093967221480e-02
2.252300000000303044e+03,1.027240352877559562e-02
2.252400000000302953e+03,1.030908362431198592e-02
2.252500000000302862e+03,1.034586676756956564e-02
2.252600000000303226e+03,1.038273254021938007e-02
2.252700000000303135e+03,1.041975391057686079e-02
2.252800000000303044e+03,1.045683542398437652e-02
2.252900000000302953e+03,1.049400432526883219e-02
2.253000000000302862e+03,1.053124249626029123e-02
2.253100000000303226e+03,1.056409601866649568e-02
2.253200000000303135e+03,1.059700231576853925e-02
2.253300000000303044e+03,1.062995447844161320e-02
2.253400000000303407e+03,1.066292998793948871e-02
2.253500000000303316e+03,1.069595823882926906e-02
2.253600000000303226e+03,1.072903929499979467e-02
2.253700000000303135e+03,1.076217322040230219e-02
2.253800000000303044e+03,1.079536007905064141e-02
2.253900000000303407e+03,1.082859993502155796e-02
2.254000000000303316e+03,1.086189285243949719e-02
2.254100000000303226e+03,1.089049881507005678e-02
2.254200000000303589e+03,1.091919542898221913e-02
2.254300000000303498e+03,1.094793749267350229e-02
2.254400000000303407e+03,1.097672506245103707e-02
2.254500000000303316e+03,1.100555819467947082e-02
2.254600000000303226e+03,1.103443694578092396e-02
2.254700000000303589e+03,1.106338022655073590e-02
2.254800000000303498e+03,1.109238842087845005e-02
2.254900000000303407e+03,1.112144260453324686e-02
2.255000000000303771e+03,1.115048134982756997e-02
2.255100000000303680e+03,1.117375048618659585e-02
2.255200000000303589e+03,1.119705326942708502e-02
2.255300000000303498e+03,1.122038973861880055e-02
2.255400000000303407e+03,1.124375993286876041e-02
2.255500000000303771e+03,1.126716389132194351e-02
2.255600000000303680e+03,1.129060165316032004e-02
2.255700000000303589e+03,1.131407325760405182e-02
2.255800000000303953e+03,1.133757874391093552e-02
2.255900000000303862e+03,1.136112196595964741e-02
2.256000000000303771e+03,1.138472597520935083e-02
2.256100000000303680e+03,1.140221378851008494e-02
2.256200000000303589e+03,1.141973125891620165e-02
2.256300000000303953e+03,1.143727075717680328e-02
2.256400000000303862e+03,1.145483230667333242e-02
2.256500000000303771e+03,1.147240653820664515e-02
2.256600000000304135e+03,1.148997289844096506e-02
2.256700000000304044e+03,1.150752150914763350e-02
2.256800000000303953e+03,1.152499952111962246e-02
2.256900000000303862e+03,1.154249918446371460e-02
2.257000000000303771e+03,1.155999382386538148e-02
2.257100000000304135e+03,1.157151071402374130e-02
2.257200000000304044e+03,1.158303800476952715e-02
2.257300000000303953e+03,1.159457570446303237e-02
2.257400000000304317e+03,1.160612382147079534e-02
2.257500000000304226e+03,1.161772862315060308e-02
2.257600000000304135e+03,1.162936874244320691e-02
2.257700000000304044e+03,1.164101944630204118e-02
2.257800000000303953e+03,1.165268074330969537e-02
2.257900000000304317e+03,1.166437441907433072e-02
2.258000000000304226e+03,1.167609693929702770e-02
2.258100000000304135e+03,1.168121685587301603e-02
2.258200000000304499e+03,1.168633445238180871e-02
2.258300000000304408e+03,1.169144972012182981e-02
2.258400000000304317e+03,1.169656265037929618e-02
2.258500000000304226e+03,1.170167323442826597e-02
2.258600000000304135e+03,1.170678146353056233e-02
2.258700000000304499e+03,1.171188732893554442e-02
2.258800000000304408e+03,1.171697413210779151e-02
2.258900000000304317e+03,1.172203508283746476e-02
2.259000000000304681e+03,1.172709360704932841e-02
2.259100000000304590e+03,1.172480312175602259e-02
2.259200000000304499e+03,1.172249670416543495e-02
2.259300000000304408e+03,1.172020850354015854e-02
2.259400000000304317e+03,1.171791028034923667e-02
2.259500000000304681e+03,1.171559603349152726e-02
2.259600000000304590e+03,1.171326573744119366e-02
2.259700000000304499e+03,1.171091936664477723e-02
2.259800000000304863e+03,1.170855689552035943e-02
2.259900000000304772e+03,1.170617829845837544e-02
2.260000000000304681e+03,1.170378354979949125e-02
2.260100000000304590e+03,1.169436981583746142e-02
2.260200000000304499e+03,1.168489729937259580e-02
2.260300000000304863e+03,1.167538377725733933e-02
2.260400000000304772e+03,1.166584034731590371e-02
2.260500000000304681e+03,1.165626696592546828e-02
2.260600000000305045e+03,1.164666358941671143e-02
2.260700000000304954e+03,1.163703017407366654e-02
2.260800000000304863e+03,1.162736667613388508e-02
2.260900000000304772e+03,1.161767305178786590e-02
2.261000000000304681e+03,1.160794925715915096e-02
2.261100000000305045e+03,1.159140533845610943e-02
2.261200000000304954e+03,1.157483234576601148e-02
2.261300000000304863e+03,1.155821400996960048e-02
2.261400000000305226e+03,1.154155026422564422e-02
2.261500000000305135e+03,1.152484104161845442e-02
2.261600000000305045e+03,1.150808627515765604e-02
2.261700000000304954e+03,1.149124605896743867e-02
2.261800000000304863e+03,1.147432991800193501e-02
2.261900000000305226e+03,1.145736823705190491e-02
2.262000000000305135e+03,1.144036094965281483e-02
2.262100000000305045e+03,1.141591770279801361e-02
2.262200000000305408e+03,1.139141545069214528e-02
2.262300000000305317e+03,1.136685411097269720e-02
2.262400000000305226e+03,1.134223360118958787e-02
2.262500000000305135e+03,1.131755383880544107e-02
2.262600000000305045e+03,1.129281474119523884e-02
2.262700000000305408e+03,1.126801622564633371e-02
2.262800000000305317e+03,1.124315820935896035e-02
2.262900000000305226e+03,1.121824060944510461e-02
2.263000000000305590e+03,1.119321360423953908e-02
2.263100000000305499e+03,1.116082203640709342e-02
2.263200000000305408e+03,1.112835880963542433e-02
2.263300000000305317e+03,1.109582382903936959e-02
2.263400000000305226e+03,1.106323744884785132e-02
2.263500000000305590e+03,1.103058826424149590e-02
2.263600000000305499e+03,1.099786686570250645e-02
2.263700000000305408e+03,1.096507315737097095e-02
2.263800000000305772e+03,1.093220704329033247e-02
2.263900000000305681e+03,1.089926842740827385e-02
2.264000000000305590e+03,1.086625721355536679e-02
2.264100000000305499e+03,1.082671775945148046e-02
2.264200000000305408e+03,1.078709041265885765e-02
2.264300000000305772e+03,1.074739862241716991e-02
2.264400000000305681e+03,1.070763172868255744e-02
2.264500000000305590e+03,1.066777630753739520e-02
2.264600000000305954e+03,1.062783223729340566e-02
2.264700000000305863e+03,1.058779939613395393e-02
2.264800000000305772e+03,1.054767766211264779e-02
2.264900000000305681e+03,1.050746691315408536e-02
2.265000000000305590e+03,1.046716702703454592e-02
2.265100000000305954e+03,1.042046201187878801e-02
2.265200000000305863e+03,1.037363005432684337e-02
2.265300000000305772e+03,1.032667843632367570e-02
2.265400000000306136e+03,1.027962448455893921e-02
2.265500000000306045e+03,1.023246805900790944e-02
2.265600000000305954e+03,1.018520901949705390e-02
2.265700000000305863e+03,1.013788008867753596e-02
2.265800000000305772e+03,1.009044981717096071e-02
2.265900000000306136e+03,1.004291618369193388e-02
2.266000000000306045e+03,9.995279046397737358e-03
2.266100000000305954e+03,9.941325558986842045e-03
2.266200000000306318e+03,9.887239837871061518e-03
2.266300000000306227e+03,9.833042919296234793e-03
2.266400000000306136e+03,9.778734658852376166e-03
2.266500000000306045e+03,9.724297212040922817e-03
2.266600000000305954e+03,9.669739920930288737e-03
2.266700000000306318e+03,9.615071148126720299e-03
2.266800000000306227e+03,9.560290749547607075e-03
2.266900000000306136e+03,9.505405266948888099e-03
2.267000000000306500e+03,9.450517669730516129e-03
2.267100000000306409e+03,9.390385225514677470e-03
2.267200000000306318e+03,9.330129336286492950e-03
2.267300000000306227e+03,9.269749840296697546e-03
2.267400000000306136e+03,9.209246575632564977e-03
2.267500000000306500e+03,9.148619380217937191e-03
2.267600000000306409e+03,9.087904179762292672e-03
2.267700000000306318e+03,9.027083601384801315e-03
2.267800000000306682e+03,8.966137857904267483e-03
2.267900000000306591e+03,8.905066784314852324e-03
2.268000000000306500e+03,8.843870215429311746e-03
2.268100000000306409e+03,8.778512594072409789e-03
2.268200000000306318e+03,8.713016769424574912e-03
2.268300000000306682e+03,8.647382552157108562e-03
2.268400000000306591e+03,8.581609752739076391e-03
2.268500000000306500e+03,8.515698181435934350e-03
2.268600000000306864e+03,8.449647648309762879e-03
2.268700000000306773e+03,8.383457963220458664e-03
2.268800000000306682e+03,8.317128935823420513e-03
2.268900000000306591e+03,8.250660375570612742e-03
2.269000000000306500e+03,8.184052091699759585e-03
2.269100000000306864e+03,8.113861300594171072e-03
2.269200000000306773e+03,8.043526152317039685e-03
2.269300000000306682e+03,7.973046453829141927e-03
2.269400000000307045e+03,7.902422011890305673e-03
2.269500000000306954e+03,7.831652633059939250e-03
2.269600000000306864e+03,7.760738123695085089e-03
2.269700000000306773e+03,7.689678289951537744e-03
2.269800000000306682e+03,7.618472937783300064e-03
2.269900000000307045e+03,7.547121872942055831e-03
2.270000000000306954e+03,7.475614301878206677e-03
2.270100000000306864e+03,7.401502270810287297e-03
2.270200000000307227e+03,7.327244691691882708e-03
2.270300000000307136e+03,7.252841379213561916e-03
2.270400000000307045e+03,7.178292147883520713e-03
2.270500000000306954e+03,7.103596812028842820e-03
2.270600000000306864e+03,7.028755185794851972e-03
2.270700000000307227e+03,6.953767083144871651e-03
2.270800000000307136e+03,6.878632317861337053e-03
2.270900000000307045e+03,6.803350703543530401e-03
2.271000000000307409e+03,6.727868896738731577e-03
2.271100000000307318e+03,6.060762362845793262e-03
2.271200000000307227e+03,5.392382455047092273e-03
2.271300000000307136e+03,4.722746709059234826e-03
2.271400000000307045e+03,4.051853543634621919e-03
2.271500000000307409e+03,3.379701375975199470e-03
2.271600000000307318e+03,2.706288621743342410e-03
2.271700000000307227e+03,2.031613695042383278e-03
2.271800000000307591e+03,1.355679693876040218e-03
2.271900000000307500e+03,6.784774672619053046e-04
2.272000000000307409e+03,7.223107766765220805e-31
2.272100000000307318e+03,7.251605584245242300e-31
2.272200000000307227e+03,7.280213298750380978e-31
2.272300000000307591e+03,7.308931324183097864e-31
2.272400000000307500e+03,7.337760075966838221e-31
2.272500000000307409e+03,7.366699971051194465e-31
2.272600000000307773e+03,7.395751427918796173e-31
2.272700000000307682e+03,7.424914866588540950e-31
2.272800000000307591e+03,7.454190708623566941e-31
2.272900000000307500e+03,7.483579377134845416e-31
2.273000000000307409e+03,7.513081296787927138e-31
2.273100000000307773e+03,7.542696893807707659e-31
2.273200000000307682e+03,7.572426595984628939e-31
2.273300000000307591e+03,7.602270832679448142e-31
2.273400000000307955e+03,7.632230034830621602e-31
2.273500000000307864e+03,7.662304634957364907e-31
2.273600000000307773e+03,7.692495067167576367e-31
2.273700000000307682e+03,7.722801767162432401e-31
2.273800000000307591e+03,7.753225172242103075e-31
2.273900000000307955e+03,7.783765721311871407e-31
2.274000000000307864e+03,2.083658849569815364e-12
2.274100000000307773e+03,6.774374588151351080e-04
2.274200000000308137e+03,1.356127741923952336e-03
2.274300000000308046e+03,2.036065526629652310e-03
2.274400000000307955e+03,2.717252398638761619e-03
2.274500000000307864e+03,3.399691019268536677e-03
2.274600000000307773e+03,4.083382930745329750e-03
2.274700000000308137e+03,4.768329676768392165e-03
2.274800000000308046e+03,5.454532802498479778e-03
2.274900000000307955e+03,6.141993854577718591e-03
2.275000000000308319e+03,6.830714379186546628e-03
2.275100000000308228e+03,6.892602168712267524e-03
2.275200000000308137e+03,6.954563155945134821e-03
2.275300000000308046e+03,7.016630606857481196e-03
2.275400000000307955e+03,7.078808969729179570e-03
2.275500000000308319e+03,7.141098383651757302e-03
2.275600000000308228e+03,7.203498987853616635e-03
2.275700000000308137e+03,7.266010921702224790e-03
2.275800000000308501e+03,7.328634324702919603e-03
2.275900000000308410e+03,7.391369336498726517e-03
2.276000000000308319e+03,7.454228304355244375e-03
2.276100000000308228e+03,7.517779919743434666e-03
2.276200000000308137e+03,7.581447604117582187e-03
2.276300000000308501e+03,7.645229816020025770e-03
2.276400000000308410e+03,7.709125649225132687e-03
2.276500000000308319e+03,7.773135246247902738e-03
2.276600000000308683e+03,7.837248160109555606e-03
2.276700000000308592e+03,7.901458569978014532e-03
2.276800000000308501e+03,7.965782730186929395e-03
2.276900000000308410e+03,8.030220782618903083e-03
2.277000000000308319e+03,8.094777843580421711e-03
2.277100000000308683e+03,8.159392261914352740e-03
2.277200000000308592e+03,8.224117411954116191e-03
2.277300000000308501e+03,8.288953426191073698e-03
2.277400000000308864e+03,8.353900437240390636e-03
2.277500000000308773e+03,8.418950928106386580e-03
2.277600000000308683e+03,8.484091216057859999e-03
2.277700000000308592e+03,8.549342451262447254e-03
2.277800000000308501e+03,8.614704765664322680e-03
2.277900000000308864e+03,8.680178291330321177e-03
2.278000000000308773e+03,8.745784148521847101e-03
2.278100000000308683e+03,8.811408157168050884e-03
2.278200000000309046e+03,8.877145774488575183e-03
2.278300000000308955e+03,8.942997138869694662e-03
2.278400000000308864e+03,9.008962388830962786e-03
2.278500000000308773e+03,9.075041663024674063e-03
2.278600000000308683e+03,9.141235100235969857e-03
2.278700000000309046e+03,9.207542839383346667e-03
2.278800000000308955e+03,9.273965019517405386e-03
2.278900000000308864e+03,9.340501779822891343e-03
2.279000000000309228e+03,9.407153259616496399e-03
2.279100000000309137e+03,9.473454011961089313e-03
2.279200000000309046e+03,9.539913272955329038e-03
2.279300000000308955e+03,9.606559793572918074e-03
2.279400000000308864e+03,9.673325794610231759e-03
2.279500000000309228e+03,9.740211429019601450e-03
2.279600000000309137e+03,9.807216849909011769e-03
2.279700000000309046e+03,9.874342210544185747e-03
2.279800000000309410e+03,9.941587664347665415e-03
2.279900000000309319e+03,1.000895336489801384e-02
2.280000000000309228e+03,1.007643946592745761e-02
2.280100000000309137e+03,1.014258485669840108e-02
2.280200000000309046e+03,1.020884571039484302e-02
2.280300000000309410e+03,1.027522217056231653e-02
2.280400000000309319e+03,1.034171438088730445e-02
2.280500000000309228e+03,1.040832027153881095e-02
2.280600000000309592e+03,1.047501623010217361e-02
2.280700000000309501e+03,1.054182801200872176e-02
2.280800000000309410e+03,1.060875576059084648e-02
2.280900000000309319e+03,1.067579961932124157e-02
2.281000000000309228e+03,1.074295973180741832e-02
2.281100000000309592e+03,1.080820515755892899e-02
2.281200000000309501e+03,1.087356124890344333e-02
2.281300000000309410e+03,1.093902813910527065e-02
2.281400000000309774e+03,1.100460596155536722e-02
2.281500000000309683e+03,1.107029484976996755e-02
2.281600000000309592e+03,1.113609493739265745e-02
2.281700000000309501e+03,1.120200635819345626e-02
2.281800000000309410e+03,1.126802924606902338e-02
2.281900000000309774e+03,1.133416373504307281e-02
2.282000000000309683e+03,1.140040995925893814e-02
2.282100000000309592e+03,1.146474897699083922e-02
2.282200000000309956e+03,1.152919984718378532e-02
2.282300000000309865e+03,1.159376271002867352e-02
2.282400000000309774e+03,1.165843770585751893e-02
2.282500000000309683e+03,1.172322279595129808e-02
2.282600000000309592e+03,1.178808204072632169e-02
2.282700000000309956e+03,1.185305339189671528e-02
2.282800000000309865e+03,1.191813698915690500e-02
2.282900000000309774e+03,1.198333297234117044e-02
2.283000000000310138e+03,1.204864148141425277e-02
2.283100000000310047e+03,1.211119521215093219e-02
2.283200000000309956e+03,1.217385752616395415e-02
2.283300000000309865e+03,1.223662856035606476e-02
2.283400000000309774e+03,1.229950845176856419e-02
2.283500000000310138e+03,1.236253656335728132e-02
2.283600000000310047e+03,1.242567741100534390e-02
2.283700000000309956e+03,1.248892796516934411e-02
2.283800000000310320e+03,1.255228836462294641e-02
2.283900000000310229e+03,1.261575874827990627e-02
2.284000000000310138e+03,1.267933925518387010e-02
2.284100000000310047e+03,1.273891000355690563e-02
2.284200000000309956e+03,1.279857975497804626e-02
2.284300000000310320e+03,1.285834862861491394e-02
2.284400000000310229e+03,1.291818147564968190e-02
2.284500000000310138e+03,1.297810425262485058e-02
2.284600000000310501e+03,1.303812609566560449e-02
2.284700000000310411e+03,1.309824712334462828e-02
2.284800000000310320e+03,1.315846745434823273e-02
2.284900000000310229e+03,1.321878720747484554e-02
2.285000000000310138e+03,1.327920650162249701e-02
2.285100000000310501e+03,1.333538318501144293e-02
2.285200000000310411e+03,1.339165134371742526e-02
2.285300000000310320e+03,1.344800644199644658e-02
2.285400000000310683e+03,1.350430335528371960e-02
2.285500000000310592e+03,1.356069078298001787e-02
2.285600000000310501e+03,1.361716883084654849e-02
2.285700000000310411e+03,1.367373760474253214e-02
2.285800000000310320e+03,1.373039721062462200e-02
2.285900000000310683e+03,1.378714775454786476e-02
2.286000000000310592e+03,1.384398934265046975e-02
2.286100000000310501e+03,1.389642193483689794e-02
2.286200000000310865e+03,1.394891433126749410e-02
2.286300000000310774e+03,1.400146990197608139e-02
2.286400000000310683e+03,1.405411083337593584e-02
2.286500000000310592e+03,1.410683722805994300e-02
2.286600000000310501e+03,1.415964918871935943e-02
2.286700000000310865e+03,1.421264171187283827e-02
2.286800000000310774e+03,1.426572342501572499e-02
2.286900000000310683e+03,1.431888630504180200e-02
2.287000000000311047e+03,1.437205337966983992e-02
2.287100000000310956e+03,1.441945887065162156e-02
2.287200000000310865e+03,1.446693854109556282e-02
2.287300000000310774e+03,1.451449247762233094e-02
2.287400000000310683e+03,1.456221778262337639e-02
2.287500000000311047e+03,1.461008799119289589e-02
2.287600000000310956e+03,1.465799139180501420e-02
2.287700000000310865e+03,1.470596230314259387e-02
2.287800000000311229e+03,1.475406694629693809e-02
2.287900000000311138e+03,1.480227965819672260e-02
2.288000000000311047e+03,1.485056860772022806e-02
2.288100000000310956e+03,1.489212264962862936e-02
2.288200000000310865e+03,1.493373819291352565e-02
2.288300000000311229e+03,1.497541530608391576e-02
2.288400000000311138e+03,1.501715405770886157e-02
2.288500000000311047e+03,1.505895451641851152e-02
2.288600000000311411e+03,1.510081675090412315e-02
2.288700000000311320e+03,1.514274082991706738e-02
2.288800000000311229e+03,1.518472682227027179e-02
2.288900000000311138e+03,1.522677479683723009e-02
2.289000000000311047e+03,1.526888482253206496e-02
2.289100000000311411e+03,1.530442834307908610e-02
2.289200000000311320e+03,1.534002274361885923e-02
2.289300000000311229e+03,1.537566808066802120e-02
2.289400000000311593e+03,1.541136441079365461e-02
2.289500000000311502e+03,1.544711179061346307e-02
2.289600000000311411e+03,1.548291027679623427e-02
2.289700000000311320e+03,1.551875992606170131e-02
2.289800000000311229e+03,1.555466079518021995e-02
2.289900000000311593e+03,1.559061294097375920e-02
2.290000000000311502e+03,1.562661642029223794e-02
2.290100000000311411e+03,1.565555448927982360e-02
2.290200000000311775e+03,1.568453158780262757e-02
2.290300000000311684e+03,1.571354775855367952e-02
2.290400000000311593e+03,1.574260304426480794e-02
2.290500000000311502e+03,1.577169748770668525e-02
2.290600000000311411e+03,1.580083113168849820e-02
2.290700000000311775e+03,1.583000401905812482e-02
2.290800000000311684e+03,1.585916766648762591e-02
2.290900000000311593e+03,1.588838639397297664e-02
2.291000000000311957e+03,1.591768903210787414e-02
2.291100000000311866e+03,1.593855827306277576e-02
2.291200000000311775e+03,1.595945285798709007e-02
2.291300000000311684e+03,1.598040777102046131e-02
2.291400000000311593e+03,1.600138611782028764e-02
2.291500000000311957e+03,1.602238792079376320e-02
2.291600000000311866e+03,1.604341320236568613e-02
2.291700000000311775e+03,1.606446198497906222e-02
2.291800000000312139e+03,1.608553429109514307e-02
2.291900000000312048e+03,1.610663014319274264e-02
2.292000000000311957e+03,1.612774956374203941e-02
2.292100000000311866e+03,1.614018424382067732e-02
2.292200000000311775e+03,1.615262685577975588e-02
2.292300000000312139e+03,1.616507740331093665e-02
2.292400000000312048e+03,1.617753589010671733e-02
2.292500000000311957e+03,1.619000231985982460e-02
2.292600000000312320e+03,1.620247669626409190e-02
2.292700000000312230e+03,1.621495902301374817e-02
2.292800000000312139e+03,1.622750577914665315e-02
2.292900000000312048e+03,1.624007195575032786e-02
2.293000000000311957e+03,1.625264619123078028e-02
2.293100000000312320e+03,1.625697580572982651e-02
2.293200000000312230e+03,1.626129805252998772e-02
2.293300000000312139e+03,1.626561291597282063e-02
2.293400000000312502e+03,1.626992038038148694e-02
2.293500000000312411e+03,1.627422043006073946e-02
2.293600000000312320e+03,1.627851304929685966e-02
2.293700000000312230e+03,1.628287059979027784e-02
2.293800000000312139e+03,1.628724784547298104e-02
2.293900000000312502e+03,1.629161766022448748e-02
2.294000000000312411e+03,1.629603255698672606e-02
2.294100000000312320e+03,1.629148824842491933e-02
2.294200000000312684e+03,1.628691927165560813e-02
2.294300000000312593e+03,1.628232558817804473e-02
2.294400000000312502e+03,1.627770715944875171e-02
2.294500000000312411e+03,1.627306394688262173e-02
2.294600000000312320e+03,1.626841691706640280e-02
2.294700000000312684e+03,1.626376762050135011e-02
2.294800000000312593e+03,1.625909339595881312e-02
2.294900000000312502e+03,1.625439420448604108e-02
2.295000000000312866e+03,1.624967000705678302e-02
2.295100000000312775e+03,1.623507605879506016e-02
2.295200000000312684e+03,1.622044014699241393e-02
2.295300000000312593e+03,1.620574861646651918e-02
2.295400000000312502e+03,1.619088457879633985e-02
2.295500000000312866e+03,1.617596818003078779e-02
2.295600000000312775e+03,1.616100987602980127e-02
2.295700000000312684e+03,1.614600960975685201e-02
2.295800000000313048e+03,1.613096732411967160e-02
2.295900000000312957e+03,1.611588296196918638e-02
2.296000000000312866e+03,1.610075646607065855e-02
2.296100000000312775e+03,1.607626828976966432e-02
2.296200000000312684e+03,1.605172034140268239e-02
2.296300000000313048e+03,1.602711254138231706e-02
2.296400000000312957e+03,1.600244481004275271e-02
2.296500000000312866e+03,1.597771706763888300e-02
2.296600000000313230e+03,1.595292923434704635e-02
2.296700000000313139e+03,1.592808123026493924e-02
2.296800000000313048e+03,1.590317297541075231e-02
2.296900000000312957e+03,1.587820438972402728e-02
2.297000000000312866e+03,1.585317539303764470e-02
2.297100000000313230e+03,1.581929038618612102e-02
2.297200000000313139e+03,1.578532491143364372e-02
2.297300000000313048e+03,1.575127885793085880e-02
2.297400000000313412e+03,1.571715211471194987e-02
2.297500000000313321e+03,1.568294457069562345e-02
2.297600000000313230e+03,1.564859495772447442e-02
2.297700000000313139e+03,1.561404757724774162e-02
2.297800000000313048e+03,1.557941985540377099e-02
2.297900000000313412e+03,1.554477271653405095e-02
2.298000000000313321e+03,1.551007851371877938e-02
2.298100000000313230e+03,1.546589984350883740e-02
2.298200000000313594e+03,1.542167102133191678e-02
2.298300000000313503e+03,1.537734410375046074e-02
2.298400000000313412e+03,1.533291895996389750e-02
2.298500000000313321e+03,1.528839545903890214e-02
2.298600000000313230e+03,1.524377346990882925e-02
2.298700000000313594e+03,1.519903185803594264e-02
2.298800000000313503e+03,1.515412008793503608e-02
2.298900000000313412e+03,1.510910998881406613e-02
2.299000000000313776e+03,1.506400143081246604e-02
2.299100000000313685e+03,1.500941022056606101e-02
2.299200000000313594e+03,1.495470734342492850e-02
2.299300000000313503e+03,1.489989265985609129e-02
2.299400000000313412e+03,1.484497431694446062e-02
2.299500000000313776e+03,1.478998644886189186e-02
2.299600000000313685e+03,1.473488597695051319e-02
2.299700000000313594e+03,1.467967275997424104e-02
2.299800000000313958e+03,1.462434665656342503e-02
2.299900000000313867e+03,1.456890752521491396e-02
2.300000000000313776e+03,1.451335522426576950e-02
2.300100000000313685e+03,1.444955987590749134e-02
2.300200000000313594e+03,1.438563397091578537e-02
2.300300000000313958e+03,1.432157734270571303e-02
2.300400000000313867e+03,1.425738982453100129e-02
2.300500000000313776e+03,1.419307124948201125e-02
2.300600000000314139e+03,1.412862145048645462e-02
2.300700000000314049e+03,1.406404026031012229e-02
2.300800000000313958e+03,1.399932751155492927e-02
2.300900000000313867e+03,1.393448303666029557e-02
2.301000000000313776e+03,1.386950666787902138e-02
2.301100000000314139e+03,1.379698326183903187e-02
2.301200000000314049e+03,1.372431072973420707e-02
2.301300000000313958e+03,1.365148887753011263e-02
2.301400000000314321e+03,1.357851751099753250e-02
2.301500000000314230e+03,1.350539643571390010e-02
2.301600000000314139e+03,1.343211888850705769e-02
2.301700000000314049e+03,1.335866210713999511e-02
2.301800000000313958e+03,1.328505542749043415e-02
2.301900000000314321e+03,1.321129865554297560e-02
2.302000000000314230e+03,1.313739159706653510e-02
2.302100000000314139e+03,1.305601685338795594e-02
2.302200000000314503e+03,1.297444984874396301e-02
2.302300000000314412e+03,1.289271539262713123e-02
2.302400000000314321e+03,1.281082342993119551e-02
2.302500000000314230e+03,1.272877376812288353e-02
2.302600000000314139e+03,1.264656621449040952e-02
2.302700000000314503e+03,1.256420057614218710e-02
2.302800000000314412e+03,1.248167666000878084e-02
2.302900000000314321e+03,1.239899427284004395e-02
2.303000000000314685e+03,1.231615322118762360e-02
2.303100000000314594e+03,1.222714381942505320e-02
2.303200000000314503e+03,1.213798418533996483e-02
2.303300000000314412e+03,1.204865908024635619e-02
2.303400000000314321e+03,1.195916830925716420e-02
2.303500000000314685e+03,1.186950839082229030e-02
2.303600000000314594e+03,1.177964518667770286e-02
2.303700000000314503e+03,1.168961635103607684e-02
2.303800000000314867e+03,1.159960487837800522e-02
2.303900000000314776e+03,1.150944390066451113e-02
2.304000000000314685e+03,1.141911352353106035e-02
2.304100000000314594e+03,1.132443249949072021e-02
2.304200000000314503e+03,1.122956813640223206e-02
2.304300000000314867e+03,1.113452020589952678e-02
2.304400000000314776e+03,1.103928847940012850e-02
2.304500000000314685e+03,1.094387272810244671e-02
2.304600000000315049e+03,1.084827272298686390e-02
2.304700000000314958e+03,1.075248823481722918e-02
2.304800000000314867e+03,1.065651903413742350e-02
2.304900000000314776e+03,1.056036489127376923e-02
2.305000000000314685e+03,1.046402557632431299e-02
2.305100000000315049e+03,1.036452647704181121e-02
2.305200000000314958e+03,1.026483364186659385e-02
2.305300000000314867e+03,1.016494682631925196e-02
2.305400000000315231e+03,1.006486578568282705e-02
2.305500000000315140e+03,9.964536166255403074e-03
2.305600000000315049e+03,9.864006428751195821e-03
2.305700000000314958e+03,9.763282963533232231e-03
2.305800000000314867e+03,9.662304987535841327e-03
2.305900000000315231e+03,9.561085279413650620e-03
2.306000000000315140e+03,9.459673426924589471e-03
2.306100000000315049e+03,8.521164811804291667e-03
2.306200000000315413e+03,7.581003848838872676e-03
2.306300000000315322e+03,6.639204444939183700e-03
2.306400000000315231e+03,5.695750366683470338e-03
2.306500000000315140e+03,4.750631640539188481e-03
2.306600000000315049e+03,3.803846316981100272e-03
2.306700000000315413e+03,2.855392444734361317e-03
2.306800000000315322e+03,1.905268070790712160e-03
2.306900000000315231e+03,9.534712403812395506e-04
2.307000000000315595e+03,2.806385883085637637e-30
2.307100000000315504e+03,2.817122215656136605e-30
2.307200000000315413e+03,2.827898680654153045e-30
2.307300000000315322e+03,2.838715424534975739e-30
2.307400000000315231e+03,2.849572594275300864e-30
2.307500000000315595e+03,2.860470337374878166e-30
2.307600000000315504e+03,2.871408801858336152e-30
2.307700000000315413e+03,2.882388136277029001e-30
2.307800000000315777e+03,2.893408489711154626e-30
2.307900000000315686e+03,2.904470011770978359e-30
2.308000000000315595e+03,2.915572852599201145e-30
2.308100000000315504e+03,2.926717162872473995e-30
2.308200000000315413e+03,2.937903093803702421e-30
2.308300000000315777e+03,2.949130797143324421e-30
2.308400000000315686e+03,2.960400425181395962e-30
2.308500000000315595e+03,2.971712130749726206e-30
2.308600000000315958e+03,2.983066067223528944e-30
2.308700000000315868e+03,2.994462388523038991e-30
2.308800000000315777e+03,3.005901249115906654e-30
2.308900000000315686e+03,3.017382804018889802e-30
2.309000000000315595e+03,3.028907208799541031e-30
2.309100000000315958e+03,3.040474619578656078e-30
2.309200000000315868e+03,3.052085193031361231e-30
2.309300000000315777e+03,3.063739086389866181e-30
2.309400000000316140e+03,3.075436457444889842e-30
2.309500000000316049e+03,3.087177464547719209e-30
2.309600000000315958e+03,3.098962266612273819e-30
2.309700000000315868e+03,3.110791023116936552e-30
2.309800000000315777e+03,3.122663894106372511e-30
2.309900000000316140e+03,3.134581040193916840e-30
2.310000000000316049e+03,3.163329450943383027e-12
2.310100000000315958e+03,1.001802566492407225e-03
2.310200000000316322e+03,2.005417465200695030e-03
2.310300000000316231e+03,3.010846892713675300e-03
2.310400000000316140e+03,4.018093044518593164e-03
2.310500000000316049e+03,5.027158118147698543e-03
2.310600000000315958e+03,6.038044313184326786e-03
2.310700000000316322e+03,7.050753831268925971e-03
2.310800000000316231e+03,8.065288876082220976e-03
2.310900000000316140e+03,9.081651653374177291e-03
2.311000000000316504e+03,1.009984436799396534e-02
2.311100000000316413e+03,1.018449642761942546e-02
2.311200000000316322e+03,1.026929423704023812e-02
2.311300000000316231e+03,1.035423797179338239e-02
2.311400000000316140e+03,1.043926601842659098e-02
2.311500000000316504e+03,1.052443767156062242e-02
2.311600000000316413e+03,1.060975474406817762e-02
2.311700000000316322e+03,1.069521740959760402e-02
2.311800000000316686e+03,1.078082584195984989e-02
2.311900000000316595e+03,1.086660578007026846e-02
2.312000000000316504e+03,1.095263070284764086e-02
2.312100000000316413e+03,1.103948186496160090e-02
2.312200000000316322e+03,1.112652974900132756e-02
2.312300000000316686e+03,1.121374753555852248e-02
2.312400000000316595e+03,1.130111981216919137e-02
2.312500000000316504e+03,1.138864677229220988e-02
2.312600000000316868e+03,1.147632860957845113e-02
2.312700000000316777e+03,1.156416551787036416e-02
2.312800000000316686e+03,1.165215769120400181e-02
2.312900000000316595e+03,1.174030532380787931e-02
2.313000000000316504e+03,1.182861868681182003e-02
2.313100000000316868e+03,1.191664539388814954e-02
2.313200000000316777e+03,1.200479142731374071e-02
2.313300000000316686e+03,1.209308814149937829e-02
2.313400000000317050e+03,1.218153571728983718e-02
2.313500000000316959e+03,1.227013433569874683e-02
2.313600000000316868e+03,1.235888417791136847e-02
2.313700000000316777e+03,1.244778542528280664e-02
2.313800000000316686e+03,1.253683825933876034e-02
2.313900000000317050e+03,1.262604286177598269e-02
2.314000000000316959e+03,1.271539530559348888e-02
2.314100000000316868e+03,1.280371411430853562e-02
2.314200000000317232e+03,1.289217733828080213e-02
2.314300000000317141e+03,1.298078514142095470e-02
2.314400000000317050e+03,1.306953768778380993e-02
2.314500000000316959e+03,1.315843514156661044e-02
2.314600000000316868e+03,1.324747766710974821e-02
2.314700000000317232e+03,1.333664062927336288e-02
2.314800000000317141e+03,1.342589221122337390e-02
2.314900000000317050e+03,1.351528828816859519e-02
2.315000000000317414e+03,1.360482902266050773e-02
2.315100000000317323e+03,1.369353317582049437e-02
2.315200000000317232e+03,1.378238468783488969e-02
2.315300000000317141e+03,1.387138373066382734e-02
2.315400000000317050e+03,1.396053047642402400e-02
2.315500000000317414e+03,1.404982509738875694e-02
2.315600000000317323e+03,1.413934401225670073e-02
2.315700000000317232e+03,1.422902160629818842e-02
2.315800000000317596e+03,1.431884866884700069e-02
2.315900000000317505e+03,1.440882537526404737e-02
2.316000000000317414e+03,1.449895190106619339e-02
2.316100000000317323e+03,1.458757561833119547e-02
2.316200000000317232e+03,1.467635040035010323e-02
2.316300000000317596e+03,1.476527643022208791e-02
2.316400000000317505e+03,1.485435389122006025e-02
2.316500000000317414e+03,1.494358296679355880e-02
2.316600000000317777e+03,1.503296384056709845e-02
2.316700000000317686e+03,1.512249669633978881e-02
2.316800000000317596e+03,1.521218171808730660e-02
2.316900000000317505e+03,1.530201908996075416e-02
2.317000000000317414e+03,1.539200899627720005e-02
2.317100000000317777e+03,1.547906462296252082e-02
2.317200000000317686e+03,1.556625904534972987e-02
2.317300000000317596e+03,1.565350822886036816e-02
2.317400000000317959e+03,1.574090078951534410e-02
2.317500000000317868e+03,1.582843689459756745e-02
2.317600000000317777e+03,1.591611671154407812e-02
2.317700000000317686e+03,1.600397232994617974e-02
2.317800000000317596e+03,1.609199593946566628e-02
2.317900000000317959e+03,1.618016437989958436e-02
2.318000000000317868e+03,1.626847782087694622e-02
2.318100000000317777e+03,1.635346055762045350e-02
2.318200000000318141e+03,1.643861848231217490e-02
2.318300000000318050e+03,1.652391625383257609e-02
2.318400000000317959e+03,1.660935403617370965e-02
2.318500000000317868e+03,1.669493199347859419e-02
2.318600000000317777e+03,1.678067626655930025e-02
2.318700000000318141e+03,1.686659360139312197e-02
2.318800000000318050e+03,1.695265220767097625e-02
2.318900000000317959e+03,1.703885225171530501e-02
2.319000000000318323e+03,1.712519389999140468e-02
2.319100000000318232e+03,1.720801632271178397e-02
2.319200000000318141e+03,1.729095194280884720e-02
2.319300000000318050e+03,1.737400171344787719e-02
2.319400000000317959e+03,1.745719152941683366e-02
2.319500000000318323e+03,1.754052156261776130e-02
2.319600000000318232e+03,1.762399198512110826e-02
2.319700000000318141e+03,1.770760296916733256e-02
2.319800000000318505e+03,1.779135468716659674e-02
2.319900000000318414e+03,1.787524731169744252e-02
2.320000000000318323e+03,1.795928101549280897e-02
2.320100000000318232e+03,1.803836614910403827e-02
2.320200000000318141e+03,1.811758329616709393e-02
2.320300000000318505e+03,1.819693261821879807e-02
2.320400000000318414e+03,1.827640233250765744e-02
2.320500000000318323e+03,1.835595279702151306e-02
2.320600000000318687e+03,1.843559205468990256e-02
2.320700000000318596e+03,1.851529482689185171e-02
2.320800000000318505e+03,1.859512906362778897e-02
2.320900000000318414e+03,1.867513532778371232e-02
2.321000000000318323e+03,1.875529819114175878e-02
2.321100000000318687e+03,1.882877542604230112e-02
2.321200000000318596e+03,1.890236715076427237e-02
2.321300000000318505e+03,1.897607349496078719e-02
2.321400000000318869e+03,1.904989458840053787e-02
2.321500000000318778e+03,1.912394281536023213e-02
2.321600000000318687e+03,1.919811016079257110e-02
2.321700000000318596e+03,1.927239352876291070e-02
2.321800000000318505e+03,1.934679305144158812e-02
2.321900000000318869e+03,1.942130886111825827e-02
2.322000000000318778e+03,1.949594109017795465e-02
2.322100000000318687e+03,1.956367168397601941e-02
2.322200000000319051e+03,1.963129091664940831e-02
2.322300000000318960e+03,1.969900442802519774e-02
2.322400000000318869e+03,1.976681941328380446e-02
2.322500000000318778e+03,1.983473598348867856e-02
2.322600000000318687e+03,1.990275424979855851e-02
2.322700000000319051e+03,1.997079342667279836e-02
2.322800000000318960e+03,2.003877005978401543e-02
2.322900000000318869e+03,2.010684705688714491e-02
2.323000000000319233e+03,2.017502452580791431e-02
2.323100000000319142e+03,2.023620953309427165e-02
2.323200000000319051e+03,2.029754152752279855e-02
2.323300000000318960e+03,2.035897863024216728e-02
2.323400000000318869e+03,2.042050693743438158e-02
2.323500000000319233e+03,2.048212654978567165e-02
2.323600000000319142e+03,2.054383756806879568e-02
2.323700000000319051e+03,2.060564009314574951e-02
2.323800000000319415e+03,2.066753422596605966e-02
2.323900000000319324e+03,2.072952006756710597e-02
2.324000000000319233e+03,2.079159771904713280e-02
2.324100000000319142e+03,2.084517254702502459e-02
2.324200000000319051e+03,2.089882339821732757e-02
2.324300000000319415e+03,2.095255035404941860e-02
2.324400000000319324e+03,2.100635349601459242e-02
2.324500000000319233e+03,2.106024071023037542e-02
2.324600000000319596e+03,2.111426982523235268e-02
2.324700000000319505e+03,2.116837575177426406e-02
2.324800000000319415e+03,2.122255857246348534e-02
2.324900000000319324e+03,2.127681836997699638e-02
2.325000000000319233e+03,2.133107489671285176e-02
2.325100000000319596e+03,2.137569842407812531e-02
2.325200000000319505e+03,2.142038038576357661e-02
2.325300000000319415e+03,2.146512084050299779e-02
2.325400000000319778e+03,2.150991984707663340e-02
2.325500000000319687e+03,2.155485065896255506e-02
2.325600000000319596e+03,2.159984214548257841e-02
2.325700000000319505e+03,2.164489267770318762e-02
2.325800000000319415e+03,2.169000231523115357e-02
2.325900000000319778e+03,2.173517111772112556e-02
2.326000000000319687e+03,2.178039914484546091e-02
2.326100000000319596e+03,2.181655135849284652e-02
2.326200000000319960e+03,2.185274856205871377e-02
2.326300000000319869e+03,2.188899080104118183e-02
2.326400000000319778e+03,2.192527812097712012e-02
2.326500000000319687e+03,2.196161056744038234e-02
2.326600000000319596e+03,2.199798818604318737e-02
2.326700000000319960e+03,2.203441102243522409e-02
2.326800000000319869e+03,2.207087912230386653e-02
2.326900000000319778e+03,2.210739253137446875e-02
2.327000000000320142e+03,2.214395129538005921e-02
2.327100000000320051e+03,2.217105214153531137e-02
2.327200000000319960e+03,2.219818231748868151e-02
2.327300000000319869e+03,2.222534185112444785e-02
2.327400000000319778e+03,2.225253077034941226e-02
2.327500000000320142e+03,2.227974910309348661e-02
2.327600000000320051e+03,2.230699687730926598e-02
2.327700000000319960e+03,2.233427412097239648e-02
2.327800000000320324e+03,2.236158086208179727e-02
2.327900000000320233e+03,2.238891712865868217e-02
2.328000000000320142e+03,2.241628294871094926e-02
2.328100000000320051e+03,2.243215540408146497e-02
2.328200000000319960e+03,2.244803628599905537e-02
2.328300000000320324e+03,2.246392559632038460e-02
2.328400000000320233e+03,2.247982333689942450e-02
2.328500000000320142e+03,2.249572950958807910e-02
2.328600000000320506e+03,2.251164411623556363e-02
2.328700000000320415e+03,2.252756715868889717e-02
2.328800000000320324e+03,2.254349863879265628e-02
2.328900000000320233e+03,2.255943855838890566e-02
2.329000000000320142e+03,2.257538691927787541e-02
2.329100000000320506e+03,2.257893803595087401e-02
2.329200000000320415e+03,2.258251867237265342e-02
2.329300000000320324e+03,2.258608639919611194e-02
2.329400000000320688e+03,2.258964119383049737e-02
2.329500000000320597e+03,2.259318303366088243e-02
2.329600000000320506e+03,2.259664145372732372e-02
2.329700000000320415e+03,2.260007863247738558e-02
2.329800000000320324e+03,2.260358546573258340e-02
2.329900000000320688e+03,2.260708944825153000e-02
2.330000000000320597e+03,2.261055430491323848e-02
2.330100000000320506e+03,2.260214256371899724e-02
2.330200000000320870e+03,2.259369668899812583e-02
2.330300000000320779e+03,2.258521663311275837e-02
2.330400000000320688e+03,2.257670234837835105e-02
2.330500000000320597e+03,2.256815378706431355e-02
2.330600000000320506e+03,2.255957090139329782e-02
2.330700000000320870e+03,2.255090117566366931e-02
2.330800000000320779e+03,2.254211392500917246e-02
2.330900000000320688e+03,2.253330814837534862e-02
2.331000000000321052e+03,2.252453058603324371e-02
2.331100000000320961e+03,2.250362703267351147e-02
2.331200000000320870e+03,2.248266721562619530e-02
2.331300000000320779e+03,2.246165106108814410e-02
2.331400000000320688e+03,2.244057849518596437e-02
2.331500000000321052e+03,2.241944944397653017e-02
2.331600000000320961e+03,2.239839447241374903e-02
2.331700000000320870e+03,2.237728665399042055e-02
2.331800000000321234e+03,2.235612186084181760e-02
2.331900000000321143e+03,2.233490001775065639e-02
2.332000000000321052e+03,2.231362104938516139e-02
2.332100000000320961e+03,2.227921328180727800e-02
2.332200000000320870e+03,2.224472859638050234e-02
2.332300000000321234e+03,2.221016689929745588e-02
2.332400000000321143e+03,2.217552809666805541e-02
2.332500000000321052e+03,2.214081209451823282e-02
2.332600000000321415e+03,2.210601879879092735e-02
2.332700000000321324e+03,2.207114811534579071e-02
2.332800000000321234e+03,2.203619994995884360e-02
2.332900000000321143e+03,2.200117420832249995e-02
2.333000000000321052e+03,2.196607079600601531e-02
2.333100000000321415e+03,2.191851968309452281e-02
2.333200000000321324e+03,2.187085206992769176e-02
2.333300000000321234e+03,2.182316506063046446e-02
2.333400000000321597e+03,2.177541598159678932e-02
2.333500000000321506e+03,2.172756750771644846e-02
2.333600000000321415e+03,2.167961951987639607e-02
2.333700000000321324e+03,2.163157189885852455e-02
2.333800000000321234e+03,2.158342452534008776e-02
2.333900000000321597e+03,2.153517727989275737e-02
2.334000000000321506e+03,2.148683004294944798e-02
2.334100000000321415e+03,2.142762026639022377e-02
2.334200000000321779e+03,2.136835360487744639e-02
2.334300000000321688e+03,2.130888812370661245e-02
2.334400000000321597e+03,2.124929428973269807e-02
2.334500000000321506e+03,2.118957193683624479e-02
2.334600000000321415e+03,2.112972089873420625e-02
2.334700000000321779e+03,2.106974100897997249e-02
2.334800000000321688e+03,2.100963210096395625e-02
2.334900000000321597e+03,2.094939400791202139e-02
2.335000000000321961e+03,2.088901783450228603e-02
2.335100000000321870e+03,2.081732806498315727e-02
2.335200000000321779e+03,2.074548410926882469e-02
2.335300000000321688e+03,2.067348576364869475e-02
2.335400000000321597e+03,2.060133282420439915e-02
2.335500000000321961e+03,2.052902508681107505e-02
2.335600000000321870e+03,2.045656234713726096e-02
2.335700000000321779e+03,2.038394440064359922e-02
2.335800000000322143e+03,2.031117104258314127e-02
2.335900000000322052e+03,2.023824206800242664e-02
2.336000000000321961e+03,2.016515727170100497e-02
2.336100000000321870e+03,2.008012773943951279e-02
2.336200000000321779e+03,1.999492784373809243e-02
2.336300000000322143e+03,1.990955737291284430e-02
2.336400000000322052e+03,1.982401611508146852e-02
2.336500000000321961e+03,1.973830385816052399e-02
2.336600000000322325e+03,1.965236512450210110e-02
2.336700000000322234e+03,1.956619314826037528e-02
2.336800000000322143e+03,1.947999149412979122e-02
2.336900000000322052e+03,1.939362279001232217e-02
2.337000000000321961e+03,1.930707238915348872e-02
2.337100000000322325e+03,1.920971801443445079e-02
2.337200000000322234e+03,1.911217744737782678e-02
2.337300000000322143e+03,1.901445046603171540e-02
2.337400000000322507e+03,1.891654275522586942e-02
2.337500000000322416e+03,1.881855501794981247e-02
2.337600000000322325e+03,1.872037900104285557e-02
2.337700000000322234e+03,1.862201447871456375e-02
2.337800000000322143e+03,1.852346122497147696e-02
2.337900000000322507e+03,1.842471901361621145e-02
2.338000000000322416e+03,1.832578761822067220e-02
2.338100000000322325e+03,1.821779611015583028e-02
2.338200000000322689e+03,1.810959581143583436e-02
2.338300000000322598e+03,1.800118646764528596e-02
2.338400000000322507e+03,1.789256782413306893e-02
2.338500000000322416e+03,1.778381608458082241e-02
2.338600000000322325e+03,1.767497515656019785e-02
2.338700000000322689e+03,1.756592168485929251e-02
2.338800000000322598e+03,1.745665540750938882e-02
2.338900000000322507e+03,1.734717606229659731e-02
2.339000000000322871e+03,1.723748338673702918e-02
2.339100000000322780e+03,1.711966526095370922e-02
2.339200000000322689e+03,1.700167847434104484e-02
2.339300000000322598e+03,1.688346474665234145e-02
2.339400000000322507e+03,1.676502380119772317e-02
2.339500000000322871e+03,1.664635536103275734e-02
2.339600000000322780e+03,1.652745914895932186e-02
2.339700000000322689e+03,1.640833488752351313e-02
2.339800000000323053e+03,1.628898229901594441e-02
2.339900000000322962e+03,1.616940110547397322e-02
2.340000000000322871e+03,1.604959102865659293e-02
2.340100000000322780e+03,1.592292657223161670e-02
2.340200000000322689e+03,1.579602690541874813e-02
2.340300000000323053e+03,1.566886963880955233e-02
2.340400000000322962e+03,1.554145825639683016e-02
2.340500000000322871e+03,1.541379293579733106e-02
2.340600000000323234e+03,1.528585716211169204e-02
2.340700000000323143e+03,1.515768636052587139e-02
2.340800000000323053e+03,1.502931478697479284e-02
2.340900000000322962e+03,1.490076177046976806e-02
2.341000000000322871e+03,1.477201167987548559e-02
2.341100000000323234e+03,1.463903784653211755e-02
2.341200000000323143e+03,1.450580817380312491e-02
2.341300000000323053e+03,1.437232234447413659e-02
2.341400000000323416e+03,1.423858004103032739e-02
2.341500000000323325e+03,1.410458094565802435e-02
2.341600000000323234e+03,1.397032474024045498e-02
2.341700000000323143e+03,1.383573121926255992e-02
2.341800000000323053e+03,1.370087890372480473e-02
2.341900000000323416e+03,1.356577015108486467e-02
2.342000000000323325e+03,1.343040464227162646e-02
2.342100000000323234e+03,1.209896561065173029e-02
2.342200000000323598e+03,1.076495744227069090e-02
2.342300000000323507e+03,9.428376783382323018e-03
2.342400000000323416e+03,8.089220276770876447e-03
2.342500000000323325e+03,6.747484561772957787e-03
2.342600000000323234e+03,5.403166274268068371e-03
2.342700000000323598e+03,4.056262046670085913e-03
2.342800000000323507e+03,2.706768507948568644e-03
2.342900000000323416e+03,1.354682283589268019e-03
2.343000000000323780e+03,1.086268131679221156e-29
2.343100000000323689e+03,1.090296174978287120e-29
2.343200000000323598e+03,1.094338807145039900e-29
2.343300000000323507e+03,1.098396079743570981e-29
2.343400000000323416e+03,1.102468044515555041e-29
2.343500000000323780e+03,1.106554753381034115e-29
2.343600000000323689e+03,1.110656258438915198e-29
2.343700000000323598e+03,1.114772611967537769e-29
2.343800000000323962e+03,1.118903866425413116e-29
2.343900000000323871e+03,1.123050074451694193e-29
2.344000000000323780e+03,1.127211288866851047e-29
2.344100000000323689e+03,1.131387562673210594e-29
2.344200000000323598e+03,1.135578949055715986e-29
2.344300000000323962e+03,1.139785501382403751e-29
2.344400000000323871e+03,1.144007273204994163e-29
2.344500000000323780e+03,1.148244318259594970e-29
2.344600000000324144e+03,1.152496690467345015e-29
2.344700000000324053e+03,1.156764443934925985e-29
2.344800000000323962e+03,1.161047632955232518e-29
2.344900000000323871e+03,1.165346312008074248e-29
2.345000000000323780e+03,1.169660535760661358e-29
2.345100000000324144e+03,1.173990359068341521e-29
2.345200000000324053e+03,1.178335836975151453e-29
2.345300000000323962e+03,1.182697024714500186e-29
2.345400000000324326e+03,1.187073977709895078e-29
2.345500000000324235e+03,1.191466751575307977e-29
2.345600000000324144e+03,1.195875402116071065e-29
2.345700000000324053e+03,1.200299985329469753e-29
2.345800000000323962e+03,1.204740557405253733e-29
2.345900000000324326e+03,1.209197174726448467e-29
2.346000000000324235e+03,4.370840501051815755e-12
2.346100000000324144e+03,1.349247980614904198e-03
2.346200000000324508e+03,2.700898462773083496e-03
2.346300000000324417e+03,4.054954301758473614e-03
2.346400000000324326e+03,5.411418351094195688e-03
2.346500000000324235e+03,6.770293466890796134e-03
2.346600000000324144e+03,8.131582507853960320e-03
2.346700000000324508e+03,9.495261997274209026e-03
2.346800000000324417e+03,1.086131917189623111e-02
2.346900000000324326e+03,1.222978261118745462e-02
2.347000000000324690e+03,1.360065514101523911e-02
2.347100000000324599e+03,1.371316695715464780e-02
2.347200000000324508e+03,1.382586573841036205e-02
2.347300000000324417e+03,1.393875170068127438e-02
2.347400000000324326e+03,1.405182506005999907e-02
2.347500000000324690e+03,1.416509024610903937e-02
2.347600000000324599e+03,1.427862384633264703e-02
2.347700000000324508e+03,1.439234682954801565e-02
2.347800000000324872e+03,1.450625941567620925e-02
2.347900000000324781e+03,1.462036182483508057e-02
2.348000000000324690e+03,1.473465427734595851e-02
2.348100000000324599e+03,1.484992000071793522e-02
2.348200000000324508e+03,1.496537707670747390e-02
2.348300000000324872e+03,1.508106529311400469e-02
2.348400000000324781e+03,1.519690246536510927e-02
2.348500000000324690e+03,1.531289829885977734e-02
2.348600000000325053e+03,1.542908582841614681e-02
2.348700000000324962e+03,1.554544028680438297e-02
2.348800000000324872e+03,1.566183817129884401e-02
2.348900000000324781e+03,1.577842584691369412e-02
2.349000000000324690e+03,1.589520352891610200e-02
2.349100000000325053e+03,1.601286243585281488e-02
2.349200000000324962e+03,1.613071949064421792e-02
2.349300000000324872e+03,1.624877492807448587e-02
2.349400000000325235e+03,1.636702898314702434e-02
2.349500000000325144e+03,1.648548189108285655e-02
2.349600000000325053e+03,1.660413388732378398e-02
2.349700000000324962e+03,1.672298520753096734e-02
2.349800000000324872e+03,1.684203608758502377e-02
2.349900000000325235e+03,1.696128676358709883e-02
2.350000000000325144e+03,1.708073747185524446e-02
2.350100000000325053e+03,1.720000778235829253e-02
2.350200000000325417e+03,1.731951080824108494e-02
2.350300000000325326e+03,1.743921588033099310e-02
2.350400000000325235e+03,1.755912324056842916e-02
2.350500000000325144e+03,1.767923313112317735e-02
2.350600000000325053e+03,1.779954579439446335e-02
2.350700000000325417e+03,1.792006147301219987e-02
2.350800000000325326e+03,1.804077613402754743e-02
2.350900000000325235e+03,1.816165144408520699e-02
2.351000000000325599e+03,1.828270684916684374e-02
2.351100000000325508e+03,1.840151278057566495e-02
2.351200000000325417e+03,1.852050506971780405e-02
2.351300000000325326e+03,1.863968391987852469e-02
2.351400000000325235e+03,1.875904953451328766e-02
2.351500000000325599e+03,1.887854936062058342e-02
2.351600000000325508e+03,1.899822178934918934e-02
2.351700000000325417e+03,1.911808074507767921e-02
2.351800000000325781e+03,1.923812642991282185e-02
2.351900000000325690e+03,1.935835904612695155e-02
2.352000000000325599e+03,1.947877879615386026e-02
2.352100000000325508e+03,1.959656976459348693e-02
2.352200000000325417e+03,1.971453643717834339e-02
2.352300000000325781e+03,1.983267899380733099e-02
2.352400000000325690e+03,1.995099761451611664e-02
2.352500000000325599e+03,2.006949247947971068e-02
2.352600000000325963e+03,2.018809811987087519e-02
2.352700000000325872e+03,2.030682537919160924e-02
2.352800000000325781e+03,2.042572803105970405e-02
2.352900000000325690e+03,2.054480625335742758e-02
2.353000000000325599e+03,2.066406022409564280e-02
2.353100000000325963e+03,2.078149699066761391e-02
2.353200000000325872e+03,2.089911677765286455e-02
2.353300000000325781e+03,2.101691978536706848e-02
2.353400000000326145e+03,2.113492276221139166e-02
2.353500000000326054e+03,2.125321871114132719e-02
2.353600000000325963e+03,2.137169987308888686e-02
2.353700000000325872e+03,2.149036645213511787e-02
2.353800000000325781e+03,2.160921865253506366e-02
2.353900000000326145e+03,2.172825667871926617e-02
2.354000000000326054e+03,2.184748073528176154e-02
2.354100000000325963e+03,2.196413326684406100e-02
2.354200000000326327e+03,2.208097784031799043e-02
2.354300000000326236e+03,2.219801468264919267e-02
2.354400000000326145e+03,2.231546162126079799e-02
2.354500000000326054e+03,2.243311702390220902e-02
2.354600000000325963e+03,2.255096779672671053e-02
2.354700000000326327e+03,2.266901417326104562e-02
2.354800000000326236e+03,2.278725638725176070e-02
2.354900000000326145e+03,2.290589754314287588e-02
2.355000000000326509e+03,2.302478763362149350e-02
2.355100000000326418e+03,2.313849963868703716e-02
2.355200000000326327e+03,2.325245712784053051e-02
2.355300000000326236e+03,2.336660142681351582e-02
2.355400000000326145e+03,2.348093275622643514e-02
2.355500000000326509e+03,2.359545133690665181e-02
2.355600000000326418e+03,2.371021689934695031e-02
2.355700000000326327e+03,2.382501536611442150e-02
2.355800000000326690e+03,2.393998739781388885e-02
2.355900000000326600e+03,2.405514654511028277e-02
2.356000000000326509e+03,2.417049302773499608e-02
2.356100000000326418e+03,2.427918139561056898e-02
2.356200000000326327e+03,2.438803833962501291e-02
2.356300000000326690e+03,2.449706404686364733e-02
2.356400000000326600e+03,2.460625870457269770e-02
2.356500000000326509e+03,2.471562250016139800e-02
2.356600000000326872e+03,2.482515562120212946e-02
2.356700000000326781e+03,2.493485825542708298e-02
2.356800000000326690e+03,2.504479940055808276e-02
2.356900000000326600e+03,2.515489092162711410e-02
2.357000000000326509e+03,2.526488481211690978e-02
2.357100000000326872e+03,2.536809225798841022e-02
2.357200000000326781e+03,2.547145615148917186e-02
2.357300000000326690e+03,2.557497666300055997e-02
2.357400000000327054e+03,2.567865396304890024e-02
2.357500000000326963e+03,2.578248822230339021e-02
2.357600000000326872e+03,2.588647961157941602e-02
2.357700000000326781e+03,2.599062830183690442e-02
2.357800000000326690e+03,2.609493446418024651e-02
2.357900000000327054e+03,2.619955914424930421e-02
2.358000000000326963e+03,2.630438515888527951e-02
2.358100000000326872e+03,2.640149560899999331e-02
2.358200000000327236e+03,2.649875289911311771e-02
2.358300000000327145e+03,2.659615719035707954e-02
2.358400000000327054e+03,2.669370864400325699e-02
2.358500000000326963e+03,2.679130758584401251e-02
2.358600000000326872e+03,2.688899477212348954e-02
2.358700000000327236e+03,2.698682847020128159e-02
2.358800000000327145e+03,2.708480883952108301e-02
2.358900000000327054e+03,2.718293603966348906e-02
2.359000000000327418e+03,2.728121023031486111e-02
2.359100000000327327e+03,2.737045876368358541e-02
2.359200000000327236e+03,2.745983809131000153e-02
2.359300000000327145e+03,2.754938320835287682e-02
2.359400000000327054e+03,2.763918772241719113e-02
2.359500000000327418e+03,2.772912250581525614e-02
2.359600000000327327e+03,2.781916018949855476e-02
2.359700000000327236e+03,2.790933020987252863e-02
2.359800000000327600e+03,2.799963270973706772e-02
2.359900000000327509e+03,2.809006783201093219e-02
2.360000000000327418e+03,2.818063571970517295e-02
2.360100000000327327e+03,2.826203342450719566e-02
2.360200000000327236e+03,2.834355112720656975e-02
2.360300000000327600e+03,2.842518896038076157e-02
2.360400000000327509e+03,2.850694705672333559e-02
2.360500000000327418e+03,2.858882554904430134e-02
2.360600000000327782e+03,2.867082457027151157e-02
2.360700000000327691e+03,2.875294425344771324e-02
2.360800000000327600e+03,2.883518473173332999e-02
2.360900000000327509e+03,2.891754613840584812e-02
2.361000000000327418e+03,2.900002860682673184e-02
2.361100000000327782e+03,2.907269199203165247e-02
2.361200000000327691e+03,2.914546268313950722e-02
2.361300000000327600e+03,2.921834080306820111e-02
2.361400000000327964e+03,2.929137501753233119e-02
2.361500000000327873e+03,2.936454413441780958e-02
2.361600000000327782e+03,2.943782141961531068e-02
2.361700000000327691e+03,2.951120699728328189e-02
2.361800000000327600e+03,2.958470099169601894e-02
2.361900000000327964e+03,2.965830352724518545e-02
2.362000000000327873e+03,2.973201472839561224e-02
2.362100000000327782e+03,2.979301155050674554e-02
2.362200000000328146e+03,2.985409168149418327e-02
2.362300000000328055e+03,2.991525521138738153e-02
2.362400000000327964e+03,2.997650223029570127e-02
2.362500000000327873e+03,3.003783282840832500e-02
2.362600000000327782e+03,3.009924709599329576e-02
2.362700000000328146e+03,3.016064795709415616e-02
2.362800000000328055e+03,3.022205168625260660e-02
2.362900000000327964e+03,3.028353865156784008e-02
2.363000000000328328e+03,3.034510894222485627e-02
2.363100000000328237e+03,3.039186555428360220e-02
2.363200000000328146e+03,3.043867635220940879e-02
2.363300000000328055e+03,3.048554138646796322e-02
2.363400000000327964e+03,3.053246070756249556e-02
2.363500000000328328e+03,3.057945780865859581e-02
2.363600000000328237e+03,3.062666611815877474e-02
2.363700000000328146e+03,3.067392939032562854e-02
2.363800000000328509e+03,3.072118787635546786e-02
2.363900000000328419e+03,3.076845164402353117e-02
2.364000000000328328e+03,3.081577017307801647e-02
2.364100000000328237e+03,3.084966777304065655e-02
2.364200000000328146e+03,3.088359797367272799e-02
2.364300000000328509e+03,3.091756080189612607e-02
2.364400000000328419e+03,3.095142643890414283e-02
2.364500000000328328e+03,3.098527228633786088e-02
2.364600000000328691e+03,3.101915047538198605e-02
2.364700000000328600e+03,3.105306103255913927e-02
2.364800000000328509e+03,3.108700398441029827e-02
2.364900000000328419e+03,3.112086087990650202e-02
2.365000000000328328e+03,3.115462843304843063e-02
2.365100000000328691e+03,3.117629313425740803e-02
2.365200000000328600e+03,3.119811813477731816e-02
2.365300000000328509e+03,3.122009985694087358e-02
2.365400000000328873e+03,3.124209311036068443e-02
2.365500000000328782e+03,3.126409789731544875e-02
2.365600000000328691e+03,3.128611422008026333e-02
2.365700000000328600e+03,3.130814208092686651e-02
2.365800000000328509e+03,3.133018148212229903e-02
2.365900000000328873e+03,3.135223242593107584e-02
2.366000000000328782e+03,3.137429491456458081e-02
2.366100000000328691e+03,3.138181205068339003e-02
2.366200000000329055e+03,3.138931329744813065e-02
2.366300000000328964e+03,3.139679862200415311e-02
2.366400000000328873e+03,3.140426799145679820e-02
2.366500000000328782e+03,3.141172137287274319e-02
2.366600000000328691e+03,3.141915873327920383e-02
2.366700000000329055e+03,3.142658003966404545e-02
2.366800000000328964e+03,3.143398525897588697e-02
2.366900000000328873e+03,3.144137435812361520e-02
2.367000000000329237e+03,3.144874730391892387e-02
2.367100000000329146e+03,3.143845138641384457e-02
2.367200000000329055e+03,3.142841675965923898e-02
2.367300000000328964e+03,3.141833759592637526e-02
2.367400000000328873e+03,3.140821047945708405e-02
2.367500000000329237e+03,3.139792993817646510e-02
2.367600000000329146e+03,3.138760472323817718e-02
2.367700000000329055e+03,3.137723477205942024e-02
2.367800000000329419e+03,3.136682002199669972e-02
2.367900000000329328e+03,3.135641252326798467e-02
2.368000000000329237e+03,3.134601995816296144e-02
2.368100000000329146e+03,3.131832280953580211e-02
2.368200000000329055e+03,3.129055465062972191e-02
2.368300000000329419e+03,3.126271539387283360e-02
2.368400000000329328e+03,3.123466700431494839e-02
2.368500000000329237e+03,3.120628535396964207e-02
2.368600000000329601e+03,3.117771805633801074e-02
2.368700000000329510e+03,3.114901259891246846e-02
2.368800000000329419e+03,3.112023676799926392e-02
2.368900000000329328e+03,3.109139047927015134e-02
2.369000000000329237e+03,3.106247364827340041e-02
2.369100000000329601e+03,3.101826758590305738e-02
2.369200000000329510e+03,3.097396150457551803e-02
2.369300000000329419e+03,3.092955528197737641e-02
2.369400000000329783e+03,3.088508726360457077e-02
2.369500000000329692e+03,3.084066115243625297e-02
2.369600000000329601e+03,3.079613398977322156e-02
2.369700000000329510e+03,3.075150565117577492e-02
2.369800000000329419e+03,3.070677601209094443e-02
2.369900000000329783e+03,3.066194494785444077e-02
2.370000000000329692e+03,3.061701233363994454e-02
2.370100000000329601e+03,3.055690030839475560e-02
2.370200000000329965e+03,3.049665480889663174e-02
2.370300000000329874e+03,3.043627566498716824e-02
2.370400000000329783e+03,3.037576270634422676e-02
2.370500000000329692e+03,3.031511576248259801e-02
2.370600000000329601e+03,3.025433466275360278e-02
2.370700000000329965e+03,3.019341923634475192e-02
2.370800000000329874e+03,3.013236931228137697e-02
2.370900000000329783e+03,3.007118471942332380e-02
2.371000000000330147e+03,3.000986528641469767e-02
2.371100000000330056e+03,2.993234239580470565e-02
2.371200000000329965e+03,2.985465686998415788e-02
2.371300000000329874e+03,2.977680850697140766e-02
2.371400000000329783e+03,2.969879710459740613e-02
2.371500000000330147e+03,2.962062246050445671e-02
2.371600000000330056e+03,2.954238465471655667e-02
2.371700000000329965e+03,2.946398816208397817e-02
2.371800000000330328e+03,2.938542727152411438e-02
2.371900000000330238e+03,2.930671640866968491e-02
2.372000000000330147e+03,2.922790086039584595e-02
2.372100000000330056e+03,2.913305434116122625e-02
2.372200000000329965e+03,2.903801773671846331e-02
2.372300000000330328e+03,2.894289703820248499e-02
2.372400000000330238e+03,2.884771104770532738e-02
2.372500000000330147e+03,2.875233271501829307e-02
2.372600000000330510e+03,2.865676180373091797e-02
2.372700000000330419e+03,2.856099807721491912e-02
2.372800000000330328e+03,2.846504129862079124e-02
2.372900000000330238e+03,2.836886539577914215e-02
2.373000000000330147e+03,2.827242056909263015e-02
2.373100000000330510e+03,2.816084079179251992e-02
2.373200000000330419e+03,2.804904434262318197e-02
2.373300000000330328e+03,2.793679571233965986e-02
2.373400000000330692e+03,2.782426191346011601e-02
2.373500000000330601e+03,2.771151316808483783e-02
2.373600000000330510e+03,2.759854922326361593e-02
2.373700000000330419e+03,2.748536982582401242e-02
2.373800000000330328e+03,2.737197472236927581e-02
2.373900000000330692e+03,2.725836365927895161e-02
2.374000000000330601e+03,2.714453638266328683e-02
2.374100000000330510e+03,2.701639175282659691e-02
2.374200000000330874e+03,2.688801093835078981e-02
2.374300000000330783e+03,2.675933991721897443e-02
2.374400000000330692e+03,2.663039068616519442e-02
2.374500000000330601e+03,2.650109511609829646e-02
2.374600000000330510e+03,2.637151978834960386e-02
2.374700000000330874e+03,2.624170938560506719e-02
2.374800000000330783e+03,2.611166364311212629e-02
2.374900000000330692e+03,2.598138229589423698e-02
2.375000000000331056e+03,2.585086507871257530e-02
2.375100000000330965e+03,2.570791946033009617e-02
2.375200000000330874e+03,2.556471458745509032e-02
2.375300000000330783e+03,2.542129394273652185e-02
2.375400000000330692e+03,2.527773487665306573e-02
2.375500000000331056e+03,2.513428116127630271e-02
2.375600000000330965e+03,2.499056083566199293e-02
2.375700000000330874e+03,2.484657358888801848e-02
2.375800000000331238e+03,2.470231910976045456e-02
2.375900000000331147e+03,2.455779708681508217e-02
2.376000000000331056e+03,2.441300720828102136e-02
2.376100000000330965e+03,2.425815240751986318e-02
2.376200000000330874e+03,2.410299723110998632e-02
2.376300000000331238e+03,2.394754130819760213e-02
2.376400000000331147e+03,2.379178426758121051e-02
2.376500000000331056e+03,2.363572573770775231e-02
2.376600000000331420e+03,2.347942748500682006e-02
2.376700000000331329e+03,2.332284821518575135e-02
2.376800000000331238e+03,2.316596522811585970e-02
2.376900000000331147e+03,2.300877814722716158e-02
2.377000000000331056e+03,2.285128659556226460e-02
2.377100000000331420e+03,2.268473499359419110e-02
2.377200000000331329e+03,2.251785930288394480e-02
2.377300000000331238e+03,2.235065911659902746e-02
2.377400000000331602e+03,2.218313402751131633e-02
2.377500000000331511e+03,2.201528362800012767e-02
2.377600000000331420e+03,2.184710751004636728e-02
2.377700000000331329e+03,2.167860526523652034e-02
2.377800000000331238e+03,2.150977648476002854e-02
2.377900000000331602e+03,2.134062075940961964e-02
2.378000000000331511e+03,2.117113767955662931e-02
2.378100000000331420e+03,2.099325014911608903e-02
2.378200000000331784e+03,2.081504331880374911e-02
2.378300000000331693e+03,2.063651682294137882e-02
2.378400000000331602e+03,2.045770549893149992e-02
2.378500000000331511e+03,2.027861121822233451e-02
2.378600000000331420e+03,2.009919489152120833e-02
2.378700000000331784e+03,1.991938328733278141e-02
2.378800000000331693e+03,1.973920732132695977e-02
2.378900000000331602e+03,1.955871031891572714e-02
2.379000000000331966e+03,1.937775923999078206e-02
2.379100000000331875e+03,1.745402607213567686e-02
2.379200000000331784e+03,1.552718106547126137e-02
2.379300000000331693e+03,1.359722093433202682e-02
2.379400000000331602e+03,1.166414239047509557e-02
2.379500000000331966e+03,9.727954073117160358e-03
2.379600000000331875e+03,7.788671839895724633e-03
2.379700000000331784e+03,5.846238665065544432e-03
2.379800000000332147e+03,3.900651200201442001e-03
2.379900000000332057e+03,1.951906094257976855e-03
2.380000000000331966e+03,4.182340318947187988e-29
2.380100000000331875e+03,4.197367010496867901e-29
2.380200000000331784e+03,4.212446414419676378e-29
2.380300000000332147e+03,4.227578711093025776e-29
2.380400000000332057e+03,4.242764081495702411e-29
2.380500000000331966e+03,4.258002707209996536e-29
2.380600000000332329e+03,4.273294770423896213e-29
2.380700000000332238e+03,4.288640453932469554e-29
2.380800000000332147e+03,4.304039941140176302e-29
2.380900000000332057e+03,4.319493416063220890e-29
2.381000000000331966e+03,4.335001063330568108e-29
2.381100000000332329e+03,4.350563068187139177e-29
2.381200000000332238e+03,4.366179616494531460e-29
2.381300000000332147e+03,4.381850894734064326e-29
2.381400000000332511e+03,4.397577090008364295e-29
2.381500000000332420e+03,4.413358390043173274e-29
2.381600000000332329e+03,4.429194983189891637e-29
2.381700000000332238e+03,4.445087058427278836e-29
2.381800000000332147e+03,4.461034805363238100e-29
2.381900000000332511e+03,4.477038414237625752e-29
2.382000000000332420e+03,4.493098075923279207e-29
2.382100000000332329e+03,4.509213981928890191e-29
2.382200000000332693e+03,4.525386324401054003e-29
2.382300000000332602e+03,4.541615296125486399e-29
2.382400000000332511e+03,4.557901090530265078e-29
2.382500000000332420e+03,4.574243901686656446e-29
2.382600000000332329e+03,4.590643924312530303e-29
2.382700000000332693e+03,4.607101353773570002e-29
2.382800000000332602e+03,4.623616386085424846e-29
2.382900000000332511e+03,4.640189217915952161e-29
2.383000000000332875e+03,4.656820046587717217e-29
2.383100000000332784e+03,4.673509070079456182e-29
2.383200000000332693e+03,4.690256487028670205e-29
2.383300000000332602e+03,4.707062496733352938e-29
2.383400000000332511e+03,4.723927299154662529e-29
2.383500000000332875e+03,4.740851094918620562e-29
2.383600000000332784e+03,4.757834085318495379e-29
2.383700000000332693e+03,4.774876472316657965e-29
2.383800000000333057e+03,4.791978458547409763e-29
2.383900000000332966e+03,4.809140247318279162e-29
2.384000000000332875e+03,6.476174196397731690e-12
2.384100000000332784e+03,1.947193168594411709e-03
2.384200000000332693e+03,3.897721172468969920e-03
2.384300000000333057e+03,5.851587807054387837e-03
2.384400000000332966e+03,7.808796864554850246e-03
2.384500000000332875e+03,9.769352140479903995e-03
2.384600000000333239e+03,1.173320910021309615e-02
2.384700000000333148e+03,1.370038056762157286e-02
2.384800000000333057e+03,1.567088678160291973e-02
2.384900000000332966e+03,1.764473149881191916e-02
2.385000000000332875e+03,1.962191847305068751e-02
2.385100000000333239e+03,1.977641420157020755e-02
2.385200000000333148e+03,1.993117930707795707e-02
2.385300000000333057e+03,2.008614279749962317e-02
2.385400000000333421e+03,2.024141019298406063e-02
2.385500000000333330e+03,2.039701341579695446e-02
2.385600000000333239e+03,2.055268405533547046e-02
2.385700000000333148e+03,2.070862367015999586e-02
2.385800000000333057e+03,2.086483258961214365e-02
2.385900000000333421e+03,2.102131114335527642e-02
2.386000000000333330e+03,2.117799556124853877e-02
2.386100000000333239e+03,2.133533912639987498e-02
2.386200000000333603e+03,2.149294117198233267e-02
2.386300000000333512e+03,2.165080903642167473e-02
2.386400000000333421e+03,2.180894303611189550e-02
2.386500000000333330e+03,2.196734348774398438e-02
2.386600000000333239e+03,2.212601070830675504e-02
2.386700000000333603e+03,2.228494501508783421e-02
2.386800000000333512e+03,2.244414672567143082e-02
2.386900000000333421e+03,2.260361615794209689e-02
2.387000000000333785e+03,2.276335363007698023e-02
2.387100000000333694e+03,2.292128235478766568e-02
2.387200000000333603e+03,2.307945175399877050e-02
2.387300000000333512e+03,2.323786207953009580e-02
2.387400000000333421e+03,2.339651358340033571e-02
2.387500000000333785e+03,2.355540651782841652e-02
2.387600000000333694e+03,2.371454113523153301e-02
2.387700000000333603e+03,2.387391768822769503e-02
2.387800000000333966e+03,2.403353642963574482e-02
2.387900000000333876e+03,2.419339761247184251e-02
2.388000000000333785e+03,2.435350148995014952e-02
2.388100000000333694e+03,2.451259571761560396e-02
2.388200000000333603e+03,2.467192872532255124e-02
2.388300000000333966e+03,2.483150075854373071e-02
2.388400000000333876e+03,2.499131206293946778e-02
2.388500000000333785e+03,2.515136288436145562e-02
2.388600000000334148e+03,2.531165346885094064e-02
2.388700000000334057e+03,2.547218406263684898e-02
2.388800000000333966e+03,2.563295491214013025e-02
2.388900000000333876e+03,2.579396626397076342e-02
2.389000000000333785e+03,2.595521836492828069e-02
2.389100000000334148e+03,2.611662851991724751e-02
2.389200000000334057e+03,2.627830071894737829e-02
2.389300000000333966e+03,2.644023526302223884e-02
2.389400000000334330e+03,2.660252177716332378e-02
2.389500000000334239e+03,2.676504913804910596e-02
2.389600000000334148e+03,2.692780304377657627e-02
2.389700000000334057e+03,2.709082088196613017e-02
2.389800000000333966e+03,2.725410295623526338e-02
2.389900000000334330e+03,2.741764957047661960e-02
2.390000000000334239e+03,2.758146102884913298e-02
2.390100000000334148e+03,2.774300598204754859e-02
2.390200000000334512e+03,2.790481741883101691e-02
2.390300000000334421e+03,2.806689565308800177e-02
2.390400000000334330e+03,2.822924099900241818e-02
2.390500000000334239e+03,2.839172374084281830e-02
2.390600000000334148e+03,2.855443830758244358e-02
2.390700000000334512e+03,2.871741905044365370e-02
2.390800000000334421e+03,2.888072198665212267e-02
2.390900000000334330e+03,2.904435170358217466e-02
2.391000000000334694e+03,2.920824982555208366e-02
2.391100000000334603e+03,2.936626910132311696e-02
2.391200000000334512e+03,2.952452854921261416e-02
2.391300000000334421e+03,2.968309276490966112e-02
2.391400000000334330e+03,2.984200626097631079e-02
2.391500000000334694e+03,3.000116251688632676e-02
2.391600000000334603e+03,3.016055045683796801e-02
2.391700000000334512e+03,3.032008296571958236e-02
2.391800000000334876e+03,3.047985784696085124e-02
2.391900000000334785e+03,3.063987535876882759e-02
2.392000000000334694e+03,3.080013575954200500e-02
2.392100000000334603e+03,3.095415313523008916e-02
2.392200000000334512e+03,3.110839421010882025e-02
2.392300000000334876e+03,3.126285920909462057e-02
2.392400000000334785e+03,3.141754835727073036e-02
2.392500000000334694e+03,3.157246187989185687e-02
2.392600000000335058e+03,3.172771217381533532e-02
2.392700000000334967e+03,3.188344142361229649e-02
2.392800000000334876e+03,3.203940219619400703e-02
2.392900000000334785e+03,3.219559181413373522e-02
2.393000000000334694e+03,3.235201051078994555e-02
2.393100000000335058e+03,3.250370526094384371e-02
2.393200000000334967e+03,3.265563457693040211e-02
2.393300000000334876e+03,3.280779871741751341e-02
2.393400000000335240e+03,3.296019794129561448e-02
2.393500000000335149e+03,3.311283250767495245e-02
2.393600000000335058e+03,3.326570267589121915e-02
2.393700000000334967e+03,3.341880870550202609e-02
2.393800000000334876e+03,3.357217493498786814e-02
2.393900000000335240e+03,3.372594824186902346e-02
2.394000000000335149e+03,3.387995993654216442e-02
2.394100000000335058e+03,3.402773190221319161e-02
2.394200000000335422e+03,3.417574115834434711e-02
2.394300000000335331e+03,3.432398798258699812e-02
2.394400000000335240e+03,3.447238306595640234e-02
2.394500000000335149e+03,3.462064281859104919e-02
2.394600000000335058e+03,3.476878671067851895e-02
2.394700000000335422e+03,3.491701984415869486e-02
2.394800000000335331e+03,3.506542459747775259e-02
2.394900000000335240e+03,3.521405992290743692e-02
2.395000000000335604e+03,3.536292608002983978e-02
2.395100000000335513e+03,3.550143554201250218e-02
2.395200000000335422e+03,3.564014935045082405e-02
2.395300000000335331e+03,3.577906772179159645e-02
2.395400000000335240e+03,3.591819087265932242e-02
2.395500000000335604e+03,3.605757945158935551e-02
2.395600000000335513e+03,3.619732180735583948e-02
2.395700000000335422e+03,3.633727406621336392e-02
2.395800000000335785e+03,3.647756330725965973e-02
2.395900000000335694e+03,3.661806105771888559e-02
2.396000000000335604e+03,3.675876754112945149e-02
2.396100000000335513e+03,3.688753441122910592e-02
2.396200000000335422e+03,3.701648108654820302e-02
2.396300000000335785e+03,3.714560774644049684e-02
2.396400000000335694e+03,3.727472681618428790e-02
2.396500000000335604e+03,3.740403987562501698e-02
2.396600000000335967e+03,3.753377308827445663e-02
2.396700000000335876e+03,3.766356518205269538e-02
2.396800000000335785e+03,3.779352296786875343e-02
2.396900000000335694e+03,3.792366129950809628e-02
2.397000000000335604e+03,3.805398035590929623e-02
2.397100000000335967e+03,3.817360586446715692e-02
2.397200000000335876e+03,3.829350030191656928e-02
2.397300000000335785e+03,3.841368383573059986e-02
2.397400000000336149e+03,3.853403718716642834e-02
2.397500000000336058e+03,3.865456053068302977e-02
2.397600000000335967e+03,3.877525404087901056e-02
2.397700000000335876e+03,3.889611789249054069e-02
2.397800000000335785e+03,3.901731807366291827e-02
2.397900000000336149e+03,3.913894433501250575e-02
2.398000000000336058e+03,3.926074400095327932e-02
2.398100000000335967e+03,3.937136798860039338e-02
2.398200000000336331e+03,3.948215368380988965e-02
2.398300000000336240e+03,3.959310126485154901e-02
2.398400000000336149e+03,3.970421091015394199e-02
2.398500000000336058e+03,3.981557475960748743e-02
2.398600000000335967e+03,3.992715482978217989e-02
2.398700000000336331e+03,4.003889834892063182e-02
2.398800000000336240e+03,4.015080549814654953e-02
2.398900000000336149e+03,4.026287645874723070e-02
2.399000000000336513e+03,4.037511141212057203e-02
2.399100000000336422e+03,4.047248222776474863e-02
2.399200000000336331e+03,4.056998876847461161e-02
2.399300000000336240e+03,4.066763117867393945e-02
2.399400000000336149e+03,4.076540960290807314e-02
2.399500000000336513e+03,4.086332418584628229e-02
2.399600000000336422e+03,4.096137507227898267e-02
2.399700000000336331e+03,4.105956240712031052e-02
2.399800000000336695e+03,4.115788633540792829e-02
2.399900000000336604e+03,4.125592751379772438e-02
2.400000000000336513e+03,4.135408029938632268e-02
2.400100000000336422e+03,4.143507202832794750e-02
2.400200000000336331e+03,4.151616538035640680e-02
2.400300000000336695e+03,4.159736045371312946e-02
2.400400000000336604e+03,4.167865734671338807e-02
2.400500000000336513e+03,4.176005615774804752e-02
2.400600000000336877e+03,4.184136712616984277e-02
2.400700000000336786e+03,4.192272880901803250e-02
2.400800000000336695e+03,4.200419180595704044e-02
2.400900000000336604e+03,4.208575621413841034e-02
2.401000000000336513e+03,4.216742213073170625e-02
2.401100000000336877e+03,4.223265539652443917e-02
2.401200000000336786e+03,4.229796373888303207e-02
2.401300000000336695e+03,4.236334722680670101e-02
2.401400000000337059e+03,4.242880592934619027e-02
2.401500000000336968e+03,4.249433991560054580e-02
2.401600000000336877e+03,4.255994925472096624e-02
2.401700000000336786e+03,4.262563401590721557e-02
2.401800000000336695e+03,4.269139426841055823e-02
2.401900000000337059e+03,4.275723008153216320e-02
2.402000000000336968e+03,4.282314152456999368e-02
2.402100000000336877e+03,4.287324156976584505e-02
2.402200000000337241e+03,4.292339284968948315e-02
2.402300000000337150e+03,4.297359540983552995e-02
2.402400000000337059e+03,4.302384929573227490e-02
2.402500000000336968e+03,4.307415455294408974e-02
2.402600000000336877e+03,4.312451122706815326e-02
2.402700000000337241e+03,4.317491936373746980e-02
2.402800000000337150e+03,4.322537900861764953e-02
2.402900000000337059e+03,4.327589020741053755e-02
2.403000000000337423e+03,4.332645300578747555e-02
2.403100000000337332e+03,4.335806538054784443e-02
2.403200000000337241e+03,4.338969651233823277e-02
2.403300000000337150e+03,4.342134640876300911e-02
2.403400000000337059e+03,4.345301507742604236e-02
2.403500000000337423e+03,4.348470252593239493e-02
2.403600000000337332e+03,4.351613102792577237e-02
2.403700000000337241e+03,4.354752914073710401e-02
2.403800000000337604e+03,4.357894561424289354e-02
2.403900000000337513e+03,4.361038045569824023e-02
2.404000000000337423e+03,4.364183367228472582e-02
2.404100000000337332e+03,4.365153728924766469e-02
2.404200000000337241e+03,4.366122480708822806e-02
2.404300000000337604e+03,4.367089619729527805e-02
2.404400000000337513e+03,4.368055143132995588e-02
2.404500000000337423e+03,4.369019048062532801e-02
2.404600000000337786e+03,4.369981331658827350e-02
2.404700000000337695e+03,4.370941991059646564e-02
2.404800000000337604e+03,4.371901023400146663e-02
2.404900000000337513e+03,4.372858425812637534e-02
2.405000000000337423e+03,4.373814195419853390e-02
2.405100000000337786e+03,4.372742870685862593e-02
2.405200000000337695e+03,4.371666615706798487e-02
2.405300000000337604e+03,4.370585424123540202e-02
2.405400000000337968e+03,4.369499289571551065e-02
2.405500000000337877e+03,4.368408205680898021e-02
2.405600000000337786e+03,4.367319387045657392e-02
2.405700000000337695e+03,4.366243397802153925e-02
2.405800000000337604e+03,4.365162424169121563e-02
2.405900000000337968e+03,4.364076459671857589e-02
2.406000000000337877e+03,4.362985497823907571e-02
2.406100000000337786e+03,4.360024107147820321e-02
2.406200000000338150e+03,4.357054044516014968e-02
2.406300000000338059e+03,4.354075298526830645e-02
2.406400000000337968e+03,4.351087857767582667e-02
2.406500000000337877e+03,4.348070004750287376e-02
2.406600000000337786e+03,4.345040274894335780e-02
2.406700000000338150e+03,4.342001852781410265e-02
2.406800000000338059e+03,4.338954727100746006e-02
2.406900000000337968e+03,4.335898886531034530e-02
2.407000000000338332e+03,4.332834319733080281e-02
2.407100000000338241e+03,4.327626598183936801e-02
2.407200000000338150e+03,4.322403342945672911e-02
2.407300000000338059e+03,4.317179013021113509e-02
2.407400000000337968e+03,4.311955581266251059e-02
2.407500000000338332e+03,4.306703018582410530e-02
2.407600000000338241e+03,4.301438072943812585e-02
2.407700000000338150e+03,4.296160729007643397e-02
2.407800000000338514e+03,4.290870971417100332e-02
2.407900000000338423e+03,4.285568784801601500e-02
2.408000000000338332e+03,4.280261272915341503e-02
2.408100000000338241e+03,4.272631644545502039e-02
2.408200000000338150e+03,4.264986594130375230e-02
2.408300000000338514e+03,4.257326104219062712e-02
2.408400000000338423e+03,4.249650157346541307e-02
2.408500000000338332e+03,4.241958736033338978e-02
2.408600000000338696e+03,4.234251822785765895e-02
2.408700000000338605e+03,4.226529400095846434e-02
2.408800000000338514e+03,4.218791450441292112e-02
2.408900000000338423e+03,4.211037956285459266e-02
2.409000000000338332e+03,4.203268900070455949e-02
2.409100000000338696e+03,4.193422815434762196e-02
2.409200000000338605e+03,4.183557606786327682e-02
2.409300000000338514e+03,4.173656408106932170e-02
2.409400000000338878e+03,4.163720266176368368e-02
2.409500000000338787e+03,4.153765097148383323e-02
2.409600000000338696e+03,4.143790879907250507e-02
2.409700000000338605e+03,4.133797593320305552e-02
2.409800000000338514e+03,4.123785216238070456e-02
2.409900000000338878e+03,4.113753727494064844e-02
2.410000000000338787e+03,4.103703105898856562e-02
2.410100000000338696e+03,4.091818530175862084e-02
2.410200000000339060e+03,4.079910100388868532e-02
2.410300000000338969e+03,4.067977787616450236e-02
2.410400000000338878e+03,4.056021562910509803e-02
2.410500000000338787e+03,4.044041397296417595e-02
2.410600000000338696e+03,4.032042801913039709e-02
2.410700000000339060e+03,4.020006570449959071e-02
2.410800000000338969e+03,4.007941495668644605e-02
2.410900000000338878e+03,3.995852442489614825e-02
2.411000000000339242e+03,3.983739382023637754e-02
2.411100000000339151e+03,3.969582973429933853e-02
2.411200000000339060e+03,3.955475653272746278e-02
2.411300000000338969e+03,3.941340687336507970e-02
2.411400000000338878e+03,3.927178042493527366e-02
2.411500000000339242e+03,3.912995970604178642e-02
2.411600000000339151e+03,3.898800102086798225e-02
2.411700000000339060e+03,3.884576289127432414e-02
2.411800000000339423e+03,3.870324498038222455e-02
2.411900000000339332e+03,3.856044695100835362e-02
2.412000000000339242e+03,3.841736846559148932e-02
2.412100000000339151e+03,3.825306743777377727e-02
2.412200000000339060e+03,3.808847369990196047e-02
2.412300000000339423e+03,3.792358693436725936e-02
2.412400000000339332e+03,3.775820129573135425e-02
2.412500000000339242e+03,3.759251395304333276e-02
2.412600000000339605e+03,3.742653456783062021e-02
2.412700000000339514e+03,3.726026282589384175e-02
2.412800000000339423e+03,3.709369841278547381e-02
2.412900000000339332e+03,3.692684101381249473e-02
2.413000000000339242e+03,3.675969031398113734e-02
2.413100000000339605e+03,3.657597707062190673e-02
2.413200000000339514e+03,3.639193364048357721e-02
2.413300000000339423e+03,3.620755965681429767e-02
2.413400000000339787e+03,3.602285475256376823e-02
2.413500000000339696e+03,3.583781848490647653e-02
2.413600000000339605e+03,3.565231903293977073e-02
2.413700000000339514e+03,3.546648891416480376e-02
2.413800000000339423e+03,3.528032776424266936e-02
2.413900000000339787e+03,3.509383521853963461e-02
2.414000000000339696e+03,3.490701091208636003e-02
2.414100000000339605e+03,3.470683895026627913e-02
2.414200000000339969e+03,3.450623150903257136e-02
2.414300000000339878e+03,3.430523989356329406e-02
2.414400000000339787e+03,3.410386363510093527e-02
2.414500000000339696e+03,3.390221137160329828e-02
2.414600000000339605e+03,3.370018826840875947e-02
2.414700000000339969e+03,3.349777763666220848e-02
2.414800000000339878e+03,3.329497900117690812e-02
2.414900000000339787e+03,3.309179188631462820e-02
2.415000000000340151e+03,3.288821581593862758e-02
2.415100000000340060e+03,3.267002186814173953e-02
2.415200000000339969e+03,3.245143084181936061e-02
2.415300000000339878e+03,3.223244227774468840e-02
2.415400000000339787e+03,3.201305571628893648e-02
2.415500000000340151e+03,3.179327069742068912e-02
2.415600000000340060e+03,3.157308676070875314e-02
2.415700000000339969e+03,3.135255457751968261e-02
2.415800000000340333e+03,3.113174821416828109e-02
2.415900000000340242e+03,3.091053900376924263e-02
2.416000000000340151e+03,3.068892647793889511e-02
2.416100000000340060e+03,3.045413519420505505e-02
2.416200000000339969e+03,3.021883758308616802e-02
2.416300000000340333e+03,2.998294963759139467e-02
2.416400000000340242e+03,2.974667634771216429e-02
2.416500000000340151e+03,2.951001732122784244e-02
2.416600000000340515e+03,2.927282739403110762e-02
2.416700000000340424e+03,2.903523181530448180e-02
2.416800000000340333e+03,2.879725205778863387e-02
2.416900000000340242e+03,2.855888773397176339e-02
2.417000000000340151e+03,2.832013844732067173e-02
2.417100000000340515e+03,2.550902941627539514e-02
2.417200000000340424e+03,2.269328829480766335e-02
2.417300000000340333e+03,1.987291005613361916e-02
2.417400000000340697e+03,1.704793354769307961e-02
2.417500000000340606e+03,1.421833948822700568e-02
2.417600000000340515e+03,1.138406810496944525e-02
2.417700000000340424e+03,8.545119388874892682e-03
2.417800000000340333e+03,5.701461902646440781e-03
2.417900000000340697e+03,2.853090489962155449e-03
2.418000000000340606e+03,1.599436788873619811e-28
2.418100000000340515e+03,1.605002837691634584e-28
2.418200000000340879e+03,1.610587790884512479e-28
2.418300000000340788e+03,1.616191711058213413e-28
2.418400000000340697e+03,1.621814661020428677e-28
2.418500000000340606e+03,1.627456703781764980e-28
2.418600000000340515e+03,1.633117902555783457e-28
2.418700000000340879e+03,1.638798320760056365e-28
2.418800000000340788e+03,1.644498022016616841e-28
2.418900000000340697e+03,1.650217070152673229e-28
2.419000000000341061e+03,1.655955529201245155e-28
2.419100000000340970e+03,1.661713463401687730e-28
2.419200000000340879e+03,1.667490937200662586e-28
2.419300000000340788e+03,1.673288015252326890e-28
2.419400000000340697e+03,1.679104762419373442e-28
2.419500000000341061e+03,1.684941243773533347e-28
2.419600000000340970e+03,1.690797524596192138e-28
2.419700000000340879e+03,1.696673670379061056e-28
2.419800000000341242e+03,1.702569746825018053e-28
2.419900000000341151e+03,1.708485819848415851e-28
2.420000000000341061e+03,1.714421955576076980e-28
2.420100000000340970e+03,1.720378220347846221e-28
2.420200000000340879e+03,1.726354680717175793e-28
2.420300000000341242e+03,1.732351403451926219e-28
2.420400000000341151e+03,1.738368455534906223e-28
2.420500000000341061e+03,1.744405904164583911e-28
2.420600000000341424e+03,1.750463816756016567e-28
2.420700000000341333e+03,1.756542260941004902e-28
2.420800000000341242e+03,1.762641304569295484e-28
2.420900000000341151e+03,1.768761015708886558e-28
2.421000000000341061e+03,1.774901462647021506e-28
2.421100000000341424e+03,1.781062713890632109e-28
2.421200000000341333e+03,1.787244838166999738e-28
2.421300000000341242e+03,1.793447904424868764e-28
2.421400000000341606e+03,1.799671981834548128e-28
2.421500000000341515e+03,1.805917139788964669e-28
2.421600000000341424e+03,1.812183447904249649e-28
2.421700000000341333e+03,1.818470976020681550e-28
2.421800000000341242e+03,1.824779794202938304e-28
2.421900000000341606e+03,1.831109972741143225e-28
2.422000000000341515e+03,1.837461582151384723e-28
2.422100000000341424e+03,1.843834693176609095e-28
2.422200000000341788e+03,1.850229376787189570e-28
2.422300000000341697e+03,1.856645704181656774e-28
2.422400000000341606e+03,1.863083746787443773e-28
2.422500000000341515e+03,1.869543576261541658e-28
2.422600000000341424e+03,1.876025264491333819e-28
2.422700000000341788e+03,1.882528883595275972e-28
2.422800000000341697e+03,1.889054505923424163e-28
2.422900000000341606e+03,1.895602204058484737e-28
2.423000000000341970e+03,9.406619164506188524e-12
2.423100000000341879e+03,2.752871303341725487e-03
2.423200000000341788e+03,5.510058797450715674e-03
2.423300000000341697e+03,8.271566914931119743e-03
2.423400000000341606e+03,1.103740008233981655e-02
2.423500000000341970e+03,1.380756272960752956e-02
2.423600000000341879e+03,1.658209492035129379e-02
2.423700000000341788e+03,1.936100773803915362e-02
2.423800000000342152e+03,2.214428404330613664e-02
2.423900000000342061e+03,2.493192833035931533e-02
2.424000000000341970e+03,2.772394367730935880e-02
2.424100000000341879e+03,2.792803784521660435e-02
2.424200000000341788e+03,2.813242147460355211e-02
2.424300000000342152e+03,2.833709483959575420e-02
2.424400000000342061e+03,2.854223044619400018e-02
2.424500000000341970e+03,2.874774030458943433e-02
2.424600000000342334e+03,2.895348501944932859e-02
2.424700000000342243e+03,2.915924930728120215e-02
2.424800000000342152e+03,2.936529042934824321e-02
2.424900000000342061e+03,2.957162168690154191e-02
2.425000000000341970e+03,2.977824335268033917e-02
2.425100000000342334e+03,2.998944437228452664e-02
2.425200000000342243e+03,3.020098684198632352e-02
2.425300000000342152e+03,3.041287115008311365e-02
2.425400000000342516e+03,3.062513409000669831e-02
2.425500000000342425e+03,3.083781814656112383e-02
2.425600000000342334e+03,3.105084680702333011e-02
2.425700000000342243e+03,3.126422046521803999e-02
2.425800000000342152e+03,3.147793951532414786e-02
2.425900000000342516e+03,3.169200435187747439e-02
2.426000000000342425e+03,3.190641536976569076e-02
2.426100000000342334e+03,3.212101296706611903e-02
2.426200000000342698e+03,3.233595851437141844e-02
2.426300000000342607e+03,3.255125241064236313e-02
2.426400000000342516e+03,3.276685206719468640e-02
2.426500000000342425e+03,3.298249640688125095e-02
2.426600000000342334e+03,3.319848576790184608e-02
2.426700000000342698e+03,3.341465669191165389e-02
2.426800000000342607e+03,3.363114616145503749e-02
2.426900000000342516e+03,3.384797937463844553e-02
2.427000000000342880e+03,3.406515671663450096e-02
2.427100000000342789e+03,3.427718397323725047e-02
2.427200000000342698e+03,3.448950345106485682e-02
2.427300000000342607e+03,3.470211542053522336e-02
2.427400000000342516e+03,3.491502015224673405e-02
2.427500000000342880e+03,3.512830739438640298e-02
2.427600000000342789e+03,3.534199863611454245e-02
2.427700000000342698e+03,3.555598584416385516e-02
2.427800000000343061e+03,3.577026929439306585e-02
2.427900000000342970e+03,3.598484926284312851e-02
2.428000000000342880e+03,3.619972602573917619e-02
2.428100000000342789e+03,3.641327396542996808e-02
2.428200000000342698e+03,3.662698234816218895e-02
2.428300000000343061e+03,3.684095224337269325e-02
2.428400000000342970e+03,3.705502376389573777e-02
2.428500000000342880e+03,3.726939696982325273e-02
2.428600000000343243e+03,3.748412337237073955e-02
2.428700000000343152e+03,3.769924139388188683e-02
2.428800000000343061e+03,3.791466357590590058e-02
2.428900000000342970e+03,3.813039021354527880e-02
2.429000000000342880e+03,3.834642160211627904e-02
2.429100000000343243e+03,3.856259026722463901e-02
2.429200000000343152e+03,3.877923711120877248e-02
2.429300000000343061e+03,3.899631317839577505e-02
2.429400000000343425e+03,3.921373553942295725e-02
2.429500000000343334e+03,3.943146967157762361e-02
2.429600000000343243e+03,3.964943803752198070e-02
2.429700000000343152e+03,3.986775224098444009e-02
2.429800000000343061e+03,4.008641267344560666e-02
2.429900000000343425e+03,4.030541972673828965e-02
2.430000000000343334e+03,4.052467222022235194e-02
2.430100000000343243e+03,4.073655873396821170e-02
2.430200000000343607e+03,4.094875889672439789e-02
2.430300000000343516e+03,4.116127303448559316e-02
2.430400000000343425e+03,4.137410147351029688e-02
2.430500000000343334e+03,4.158724454031792472e-02
2.430600000000343243e+03,4.180070256168934989e-02
2.430700000000343607e+03,4.201447586466828393e-02
2.430800000000343516e+03,4.222856477655786978e-02
2.430900000000343425e+03,4.244296962492517811e-02
2.431000000000343789e+03,4.265769073756663088e-02
2.431100000000343698e+03,4.286268925572023214e-02
2.431200000000343607e+03,4.306796308082953828e-02
2.431300000000343516e+03,4.327351246417681513e-02
2.431400000000343425e+03,4.347933765721027216e-02
2.431500000000343789e+03,4.368543891154551273e-02
2.431600000000343698e+03,4.389181647896081562e-02
2.431700000000343607e+03,4.409854150322860267e-02
2.431800000000343971e+03,4.430558142104259328e-02
2.431900000000343880e+03,4.451289940643252813e-02
2.432000000000343789e+03,4.472049571361037118e-02
2.432100000000343698e+03,4.492298340187717703e-02
2.432200000000343607e+03,4.512576544628754682e-02
2.432300000000343971e+03,4.532884214912033527e-02
2.432400000000343880e+03,4.553221381289027092e-02
2.432500000000343789e+03,4.573588074035438850e-02
2.432600000000344153e+03,4.593959719709831552e-02
2.432700000000344062e+03,4.614359431980814830e-02
2.432800000000343971e+03,4.634788532670389150e-02
2.432900000000343880e+03,4.655247051673178788e-02
2.433000000000343789e+03,4.675735018904155632e-02
2.433100000000344153e+03,4.695422987425871414e-02
2.433200000000344062e+03,4.715127632476863451e-02
2.433300000000343971e+03,4.734855661886631234e-02
2.433400000000344335e+03,4.754609816317260929e-02
2.433500000000344244e+03,4.774405784962386379e-02
2.433600000000344153e+03,4.794231136158483980e-02
2.433700000000344062e+03,4.814085901276324991e-02
2.433800000000343971e+03,4.833970111712812545e-02
2.433900000000344335e+03,4.853883798891382023e-02
2.434000000000344244e+03,4.873826994256114098e-02
2.434100000000344153e+03,4.892308216348483646e-02
2.434200000000344517e+03,4.910829539678452510e-02
2.434300000000344426e+03,4.929376146297189537e-02
2.434400000000344335e+03,4.947948060429181727e-02
2.434500000000344244e+03,4.966545306316170333e-02
2.434600000000344153e+03,4.985167908217195271e-02
2.434700000000344517e+03,5.003815890408736672e-02
2.434800000000344426e+03,5.022489277184352674e-02
2.434900000000344335e+03,5.041188092855201919e-02
2.435000000000344698e+03,5.059912361745395187e-02
2.435100000000344608e+03,5.077365703738679487e-02
2.435200000000344517e+03,5.094868007061757742e-02
2.435300000000344426e+03,5.112418934983132407e-02
2.435400000000344335e+03,5.129993958603899784e-02
2.435500000000344698e+03,5.147593101631662421e-02
2.435600000000344608e+03,5.165216387791654595e-02
2.435700000000344517e+03,5.182863840827197505e-02
2.435800000000344880e+03,5.200535484499591715e-02
2.435900000000344789e+03,5.218233167793583094e-02
2.436000000000344698e+03,5.235963224616699274e-02
2.436100000000344608e+03,5.252488974521074550e-02
2.436200000000344517e+03,5.269038372914520985e-02
2.436300000000344880e+03,5.285611444620447880e-02
2.436400000000344789e+03,5.302223411522486579e-02
2.436500000000344698e+03,5.318863799052417352e-02
2.436600000000345062e+03,5.335528062303660640e-02
2.436700000000344971e+03,5.352216226479978439e-02
2.436800000000344880e+03,5.368928316806110407e-02
2.436900000000344789e+03,5.385664358527836315e-02
2.437000000000344698e+03,5.402424376905110015e-02
2.437100000000345062e+03,5.417300733472734525e-02
2.437200000000344971e+03,5.432196972499439558e-02
2.437300000000344880e+03,5.447126107296040853e-02
2.437400000000345244e+03,5.462082599880371120e-02
2.437500000000345153e+03,5.477059147827523927e-02
2.437600000000345062e+03,5.492041899046905262e-02
2.437700000000344971e+03,5.507027594901316159e-02
2.437800000000344880e+03,5.522033239549456463e-02
2.437900000000345244e+03,5.537058852549144733e-02
2.438000000000345153e+03,5.552104453466367301e-02
2.438100000000345062e+03,5.565286632845675707e-02
2.438200000000345426e+03,5.578475002193110377e-02
2.438300000000345335e+03,5.591669903453495849e-02
2.438400000000345244e+03,5.604880533920746088e-02
2.438500000000345153e+03,5.618077331544098219e-02
2.438600000000345062e+03,5.631290755207073867e-02
2.438700000000345426e+03,5.644531637534306451e-02
2.438800000000345335e+03,5.657830267801775004e-02
2.438900000000345244e+03,5.671145802075235748e-02
2.439000000000345608e+03,5.684478256181866446e-02
2.439100000000345517e+03,5.696229421002745735e-02
2.439200000000345426e+03,5.707996011123259161e-02
2.439300000000345335e+03,5.719797823428868916e-02
2.439400000000345244e+03,5.731627568350439877e-02
2.439500000000345608e+03,5.743472915566737169e-02
2.439600000000345517e+03,5.755333881149410358e-02
2.439700000000345426e+03,5.767210481183547566e-02
2.439800000000345790e+03,5.779102731767829515e-02
2.439900000000345699e+03,5.791010649014007028e-02
2.440000000000345608e+03,5.802939696931786601e-02
2.440100000000345517e+03,5.812524954563912799e-02
2.440200000000345426e+03,5.822121532427467633e-02
2.440300000000345790e+03,5.831729441148250648e-02
2.440400000000345699e+03,5.841348691359814910e-02
2.440500000000345608e+03,5.850949246726615260e-02
2.440600000000345972e+03,5.860547310962247597e-02
2.440700000000345881e+03,5.870156598104596390e-02
2.440800000000345790e+03,5.879777118535142039e-02
2.440900000000345699e+03,5.889408882643254461e-02
2.441000000000345608e+03,5.899051900816521671e-02
2.441100000000345972e+03,5.906067587741942182e-02
2.441200000000345881e+03,5.913089966115946811e-02
2.441300000000345790e+03,5.920119041052882697e-02
2.441400000000346154e+03,5.927167177028523637e-02
2.441500000000346063e+03,5.934231887612001488e-02
2.441600000000345972e+03,5.941303364903231798e-02
2.441700000000345881e+03,5.948381614110063997e-02
2.441800000000345790e+03,5.955478825669485721e-02
2.441900000000346154e+03,5.962604092693698371e-02
2.442000000000346063e+03,5.969736219744337102e-02
2.442100000000345972e+03,5.975088669814913878e-02
2.442200000000346336e+03,5.980436385827620632e-02
2.442300000000346245e+03,5.985753764877450173e-02
2.442400000000346154e+03,5.991075403090665580e-02
2.442500000000346063e+03,5.996401303472935485e-02
2.442600000000345972e+03,6.001731469031666710e-02
2.442700000000346336e+03,6.007033980663622347e-02
2.442800000000346245e+03,6.012324441270851250e-02
2.442900000000346154e+03,6.017593395932362837e-02
2.443000000000346517e+03,6.022866508679052683e-02
2.443100000000346427e+03,6.025723440968260014e-02
2.443200000000346336e+03,6.028580420279754798e-02
2.443300000000346245e+03,6.031437444806985598e-02
2.443400000000346154e+03,6.034294512741151389e-02
2.443500000000346517e+03,6.037151622270842122e-02
2.443600000000346427e+03,6.040008771582208724e-02
2.443700000000346336e+03,6.042865958858990166e-02
2.443800000000346699e+03,6.045723182282466274e-02
2.443900000000346608e+03,6.048580440031411237e-02
2.444000000000346517e+03,6.051437730270421006e-02
2.444100000000346427e+03,6.050913300479712764e-02
2.444200000000346336e+03,6.050384503726944502e-02
2.444300000000346699e+03,6.049847462116360319e-02
2.444400000000346608e+03,6.049276018542708994e-02
2.444500000000346517e+03,6.048700203176032159e-02
2.444600000000346881e+03,6.048133721563382637e-02
2.444700000000346790e+03,6.047571821463953307e-02
2.444800000000346699e+03,6.047005529797635365e-02
2.444900000000346608e+03,6.046434841391121195e-02
2.445000000000346517e+03,6.045859751059047549e-02
2.445100000000346881e+03,6.042919480337669708e-02
2.445200000000346790e+03,6.039994235536839950e-02
2.445300000000346699e+03,6.037070619923442377e-02
2.445400000000347063e+03,6.034138380048593292e-02
2.445500000000346972e+03,6.031186755931120663e-02
2.445600000000346881e+03,6.028214635045569397e-02
2.445700000000346790e+03,6.025231332417374519e-02
2.445800000000346699e+03,6.022198032579571120e-02
2.445900000000347063e+03,6.019156127162549746e-02
2.446000000000346972e+03,6.016085058862523371e-02
2.446100000000346881e+03,6.010887443552592746e-02
2.446200000000347245e+03,6.005675920649012484e-02
2.446300000000347154e+03,6.000450472068680902e-02
2.446400000000347063e+03,5.995211079711341290e-02
2.446500000000346972e+03,5.989957725459332805e-02
2.446600000000346881e+03,5.984690391177907576e-02
2.446700000000347245e+03,5.979409058714933028e-02
2.446800000000347154e+03,5.974113709901118785e-02
2.446900000000347063e+03,5.968795472492078452e-02
2.447000000000347427e+03,5.963458340826442716e-02
2.447100000000347336e+03,5.954745876373770952e-02
2.447200000000347245e+03,5.946016351680480372e-02
2.447300000000347154e+03,5.937269748610967540e-02
2.447400000000347063e+03,5.928506049015959400e-02
2.447500000000347427e+03,5.919725234732416824e-02
2.447600000000347336e+03,5.910927287583776779e-02
2.447700000000347245e+03,5.902126955146472231e-02
2.447800000000347609e+03,5.893313229976461509e-02
2.447900000000347518e+03,5.884474571588018538e-02
2.448000000000347427e+03,5.875618670063073590e-02
2.448100000000347336e+03,5.863810850308810024e-02
2.448200000000347245e+03,5.851982345474478209e-02
2.448300000000347609e+03,5.840133135115115059e-02
2.448400000000347518e+03,5.828263198771663905e-02
2.448500000000347427e+03,5.816371537712521078e-02
2.448600000000347791e+03,5.804427615587820499e-02
2.448700000000347700e+03,5.792463044112614728e-02
2.448800000000347609e+03,5.780477803091755434e-02
2.448900000000347518e+03,5.768471872316534299e-02
2.449000000000347427e+03,5.756445231556782394e-02
2.449100000000347791e+03,5.742251121534327346e-02
2.449200000000347700e+03,5.728029526901996099e-02
2.449300000000347609e+03,5.713793008234808318e-02
2.449400000000347973e+03,5.699530141767072955e-02
2.449500000000347882e+03,5.685239626256301249e-02
2.449600000000347791e+03,5.670921430132353641e-02
2.449700000000347700e+03,5.656575521798433426e-02
2.449800000000347609e+03,5.642201869631218586e-02
2.449900000000347973e+03,5.627800441980606444e-02
2.450000000000347882e+03,5.613383635992952314e-02
2.450100000000347791e+03,5.596099047636855089e-02
2.450200000000348155e+03,5.578787089527460774e-02
2.450300000000348064e+03,5.561444118320316155e-02
2.450400000000347973e+03,5.544070100612624730e-02
2.450500000000347882e+03,5.526665002975170854e-02
2.450600000000347791e+03,5.509228791952234389e-02
2.450700000000348155e+03,5.491761434061390862e-02
2.450800000000348064e+03,5.474262895794015232e-02
2.450900000000347973e+03,5.456733143614580367e-02
2.451000000000348336e+03,5.439214543410383212e-02
2.451100000000348246e+03,5.418983560630247914e-02
2.451200000000348155e+03,5.398718194835790130e-02
2.451300000000348064e+03,5.378418410897114338e-02
2.451400000000347973e+03,5.358081457355565874e-02
2.451500000000348336e+03,5.337692680196160638e-02
2.451600000000348246e+03,5.317269531947736716e-02
2.451700000000348155e+03,5.296811977776704622e-02
2.451800000000348518e+03,5.276319982824213134e-02
2.451900000000348427e+03,5.255815425670134350e-02
2.452000000000348336e+03,5.235303275533105538e-02
2.452100000000348246e+03,5.212733219356269210e-02
2.452200000000348155e+03,5.190121475721282823e-02
2.452300000000348518e+03,5.167467996863373686e-02
2.452400000000348427e+03,5.144772734976919143e-02
2.452500000000348336e+03,5.122035642214914364e-02
2.452600000000348700e+03,5.099256670689150672e-02
2.452700000000348609e+03,5.076435772470520164e-02
2.452800000000348518e+03,5.053610031135811337e-02
2.452900000000348427e+03,5.030753646456855716e-02
2.453000000000348336e+03,5.007854739601681066e-02
2.453100000000348700e+03,4.982474526762398215e-02
2.453200000000348609e+03,4.957050863064728363e-02
2.453300000000348518e+03,4.931583702464196334e-02
2.453400000000348882e+03,4.906072998880506297e-02
2.453500000000348791e+03,4.880518706197840145e-02
2.453600000000348700e+03,4.854920778264146947e-02
2.453700000000348609e+03,4.829273504936983791e-02
2.453800000000348518e+03,4.803570119219280343e-02
2.453900000000348882e+03,4.777823151093286286e-02
2.454000000000348791e+03,4.752032554787354035e-02
2.454100000000348700e+03,4.724120555829722234e-02
2.454200000000349064e+03,4.696163353479033964e-02
2.454300000000348973e+03,4.668160903039414444e-02
2.454400000000348882e+03,4.640110257429126001e-02
2.454500000000348791e+03,4.611991492066445930e-02
2.454600000000348700e+03,4.583827664009726410e-02
2.454700000000349064e+03,4.555618729085912644e-02
2.454800000000348973e+03,4.527364643091985608e-02
2.454900000000348882e+03,4.499065361794007956e-02
2.455000000000349246e+03,4.470720840923777389e-02
2.455100000000349155e+03,4.441185327845104114e-02
2.455200000000349064e+03,4.411595370926203047e-02
2.455300000000348973e+03,4.381950905873042285e-02
2.455400000000348882e+03,4.352251868333262275e-02
2.455500000000349246e+03,4.322498193896201490e-02
2.455600000000349155e+03,4.292689818093266968e-02
2.455700000000349064e+03,4.262826676397233477e-02
2.455800000000349428e+03,4.232908704222373281e-02
2.455900000000349337e+03,4.202935836925082019e-02
2.456000000000349246e+03,4.172908009797325624e-02
2.456100000000349155e+03,4.141253717614952479e-02
2.456200000000349064e+03,4.109545723849138826e-02
2.456300000000349428e+03,4.077783970660275870e-02
2.456400000000349337e+03,4.045968400162476553e-02
2.456500000000349246e+03,4.014098954423038490e-02
2.456600000000349610e+03,3.982175575462578582e-02
2.456700000000349519e+03,3.950198205255522205e-02
2.456800000000349428e+03,3.918166785729240709e-02
2.456900000000349337e+03,3.886075995900120650e-02
2.457000000000349246e+03,3.853921810832567491e-02
2.457100000000349610e+03,3.470946432488367789e-02
2.457200000000349519e+03,3.087416266442664578e-02
2.457300000000349428e+03,2.703354536388210064e-02
2.457400000000349792e+03,2.318760782783093818e-02
2.457500000000349701e+03,1.933634545822909487e-02
2.457600000000349610e+03,1.547975365430261964e-02
2.457700000000349519e+03,1.161782781261611573e-02
2.457800000000349428e+03,7.750589205921573632e-03
2.457900000000349792e+03,3.878004709738418210e-03
2.458000000000349701e+03,6.274833843361262907e-28
2.458100000000349610e+03,6.295960036530448228e-28
2.458200000000349974e+03,6.317155619669372406e-28
2.458300000000349883e+03,6.338420814912473367e-28
2.458400000000349792e+03,6.359755845087289642e-28
2.458500000000349701e+03,6.381160933715402040e-28
2.458600000000349610e+03,6.402636305015273015e-28
2.458700000000349974e+03,6.424182183903531826e-28
2.458800000000349883e+03,6.445798795997903585e-28
2.458900000000349792e+03,6.467486367619157175e-28
2.459000000000350155e+03,6.489245125793051374e-28
2.459100000000350065e+03,6.511075298252292635e-28
2.459200000000349974e+03,6.532977113438949358e-28
2.459300000000349883e+03,6.554950800506957634e-28
2.459400000000349792e+03,6.576996589323378601e-28
2.459500000000350155e+03,6.599114710471542738e-28
2.459600000000350065e+03,6.621305395252235469e-28
2.459700000000349974e+03,6.643568875686774196e-28
2.459800000000350337e+03,6.665905384518643221e-28
2.459900000000350246e+03,6.688315155215657794e-28
2.460000000000350155e+03,6.710798421972573002e-28
2.460100000000350065e+03,6.733355419713054102e-28
2.460200000000349974e+03,6.755986384091627129e-28
2.460300000000350337e+03,6.778691551496537994e-28
2.460400000000350246e+03,6.801471159050950653e-28
2.460500000000350155e+03,6.824325444616185556e-28
2.460600000000350519e+03,6.847254646793581477e-28
2.460700000000350428e+03,6.870259004926577951e-28
2.460800000000350337e+03,6.893338759103180662e-28
2.460900000000350246e+03,6.916494150158011601e-28
2.461000000000350155e+03,6.939725419674767278e-28
2.461100000000350519e+03,6.963032809988261705e-28
2.461200000000350428e+03,6.986416564187047831e-28
2.461300000000350337e+03,7.009876926115127800e-28
2.461400000000350701e+03,7.033414140375217415e-28
2.461500000000350610e+03,7.057028452329461811e-28
2.461600000000350519e+03,7.080720108103501683e-28
2.461700000000350428e+03,7.104489354587693879e-28
2.461800000000350337e+03,7.128336439439653909e-28
2.461900000000350701e+03,7.152261611086614617e-28
2.462000000000350610e+03,7.176265118727705023e-28
2.462100000000350519e+03,7.200347212336356525e-28
2.462200000000350883e+03,7.224508142662843620e-28
2.462300000000350792e+03,7.248748161235740355e-28
2.462400000000350701e+03,7.273067520365965937e-28
2.462500000000350610e+03,7.297466473146743471e-28
2.462600000000350519e+03,7.321945273458787240e-28
2.462700000000350883e+03,7.346504175970337674e-28
2.462800000000350792e+03,7.371143436140376492e-28
2.462900000000350701e+03,7.395863310221694762e-28
2.463000000000351065e+03,7.420664055261913491e-28
2.463100000000350974e+03,7.445545929107248528e-28
2.463200000000350883e+03,7.470509190403749975e-28
2.463300000000350792e+03,7.495554098601009698e-28
2.463400000000350701e+03,7.520680913952966670e-28
2.463500000000351065e+03,7.545889897521978593e-28
2.463600000000350974e+03,7.571181311179907056e-28
2.463700000000350883e+03,7.596555417611403530e-28
2.463800000000351247e+03,7.622012480316242919e-28
2.463900000000351156e+03,7.647552763611591646e-28
2.464000000000351065e+03,7.673176532634256905e-28
2.464100000000350974e+03,7.698884053343671317e-28
2.464200000000350883e+03,7.724675592523981645e-28
2.464300000000351247e+03,7.750551417787248692e-28
2.464400000000351156e+03,7.776511797574353097e-28
2.464500000000351065e+03,7.802557001159446308e-28
2.464600000000351429e+03,7.828687298651346052e-28
2.464700000000351338e+03,7.854902960995546133e-28
2.464800000000351247e+03,7.881204259978470099e-28
2.464900000000351156e+03,7.907591468228347450e-28
2.465000000000351065e+03,7.934064859218761501e-28
2.465100000000351429e+03,7.960624707270432278e-28
2.465200000000351338e+03,7.987271287554290858e-28
2.465300000000351247e+03,8.014004876093962695e-28
2.465400000000351611e+03,8.040825749768526268e-28
2.465500000000351520e+03,8.067734186314007207e-28
2.465600000000351429e+03,8.094730464328085755e-28
2.465700000000351338e+03,8.121814863269961347e-28
2.465800000000351247e+03,8.148987663465680685e-28
2.465900000000351611e+03,8.176249146108844438e-28
2.466000000000351520e+03,8.203599593263617908e-28
2.466100000000351429e+03,8.231039287867966791e-28
2.466200000000351793e+03,8.258568513735831099e-28
2.466300000000351702e+03,8.286187555559733145e-28
2.466400000000351611e+03,8.313896698913337094e-28
2.466500000000351520e+03,8.341696230254779800e-28
2.466600000000351429e+03,8.369586436928181065e-28
2.466700000000351793e+03,8.397567607167781618e-28
2.466800000000351702e+03,8.425640030098857884e-28
2.466900000000351611e+03,8.453803995741920945e-28
2.467000000000351974e+03,8.482059795014901223e-28
2.467100000000351884e+03,8.510407719735453332e-28
2.467200000000351793e+03,8.538848062623951497e-28
2.467300000000351702e+03,8.567381117306597967e-28
2.467400000000351611e+03,8.596007178317539542e-28
2.467500000000351974e+03,8.624726541102316778e-28
2.467600000000351884e+03,8.653539502019148252e-28
2.467700000000351793e+03,8.682446358343900802e-28
2.467800000000352156e+03,8.711447408270459017e-28
2.467900000000352065e+03,8.740542950915422842e-28
2.468000000000351974e+03,8.769733286319633980e-28
2.468100000000351884e+03,8.799018715452105810e-28
2.468200000000351793e+03,8.828399540211191058e-28
2.468300000000352156e+03,8.857876063429078509e-28
2.468400000000352065e+03,8.887448588873412683e-28
2.468500000000351974e+03,8.917117421250691030e-28
2.468600000000352338e+03,8.946882866208965189e-28
2.468700000000352247e+03,8.976745230340156602e-28
2.468800000000352156e+03,9.006704821184427668e-28
2.468900000000352065e+03,9.036761947230508193e-28
2.469000000000351974e+03,9.066916917921429724e-28
2.469100000000352338e+03,9.097170043655126428e-28
2.469200000000352247e+03,9.127521635788173082e-28
2.469300000000352156e+03,9.157972006638825331e-28
2.469400000000352520e+03,9.188521469490002550e-28
2.469500000000352429e+03,9.219170338590932627e-28
2.469600000000352338e+03,9.249918929161937459e-28
2.469700000000352247e+03,9.280767557396371897e-28
2.469800000000352156e+03,9.311716540463237112e-28
2.469900000000352520e+03,9.342766196510532950e-28
2.470000000000352429e+03,9.373916844667916141e-28
2.470100000000352338e+03,9.405168805050440081e-28
2.470200000000352702e+03,9.436522398760694671e-28
2.470300000000352611e+03,9.467977947891846578e-28
2.470400000000352520e+03,9.499535775530648995e-28
2.470500000000352429e+03,9.531196205761141970e-28
2.470600000000352338e+03,9.562959563666182397e-28
2.470700000000352702e+03,9.594826175332651016e-28
2.470800000000352611e+03,9.626796367851477528e-28
2.470900000000352520e+03,9.658870469323396455e-28
2.471000000000352884e+03,9.691048808860518385e-28
2.471100000000352793e+03,9.723331716589759458e-28
2.471200000000352702e+03,9.755719523655513920e-28
2.471300000000352611e+03,9.788212562224274596e-28
2.471400000000352520e+03,9.820811165484614956e-28
2.471500000000352884e+03,9.853515667653497422e-28
2.471600000000352793e+03,9.886326403977051818e-28
2.471700000000352702e+03,9.919243710735439781e-28
2.471800000000353066e+03,9.952267925244562329e-28
2.471900000000352975e+03,9.985399385859288450e-28
2.472000000000352884e+03,1.001863843197772761e-27
2.472100000000352793e+03,1.005198540404307721e-27
2.472200000000352702e+03,1.008544064354755971e-27
2.472300000000353066e+03,1.011900449303505566e-27
2.472400000000352975e+03,1.015267729610449919e-27
2.472500000000352884e+03,1.018645939741276573e-27
2.472600000000353248e+03,1.022035114267884588e-27
2.472700000000353157e+03,1.025435287868529115e-27
2.472800000000353066e+03,1.028846495328256709e-27
2.472900000000352975e+03,1.032268771539279676e-27
2.473000000000352884e+03,1.035702151501155969e-27
2.473100000000353248e+03,1.039146670321182185e-27
2.473200000000353157e+03,1.042602363214682700e-27
2.473300000000353066e+03,1.046069265505413244e-27
2.473400000000353430e+03,1.049547412625833000e-27
2.473500000000353339e+03,1.053036840117381188e-27
2.473600000000353248e+03,1.056537583630880096e-27
2.473700000000353157e+03,1.060049678926828170e-27
2.473800000000353066e+03,1.063573161875737219e-27
2.473900000000353430e+03,1.067108068458462451e-27
2.474000000000353339e+03,1.070654434766486945e-27
2.474100000000353248e+03,1.074212297002360921e-27
2.474200000000353612e+03,1.077781691479910881e-27
2.474300000000353521e+03,1.081362654624676904e-27
2.474400000000353430e+03,1.084955222974098287e-27
2.474500000000353339e+03,1.088559433178071558e-27
2.474600000000353248e+03,1.092175321999094682e-27
2.474700000000353612e+03,1.095802926312704719e-27
2.474800000000353521e+03,1.099442283107682296e-27
2.474900000000353430e+03,1.103093429486648543e-27
2.475000000000353793e+03,1.106756402666126253e-27
2.475100000000353702e+03,1.110431239977041035e-27
2.475200000000353612e+03,1.114117978865010268e-27
2.475300000000353521e+03,1.117816656890719236e-27
2.475400000000353430e+03,1.121527311730220669e-27
2.475500000000353793e+03,1.125249981175351050e-27
2.475600000000353702e+03,1.128984703133944600e-27
2.475700000000353612e+03,1.132731515630341424e-27
2.475800000000353975e+03,1.136490456805589114e-27
2.475900000000353884e+03,1.140261564917891172e-27
2.476000000000353793e+03,1.144044878342951924e-27
2.476100000000353702e+03,1.147840435574269427e-27
2.476200000000353612e+03,1.151648275223541199e-27
2.476300000000353975e+03,1.155468436020953532e-27
2.476400000000353884e+03,1.159300956815592781e-27
2.476500000000353793e+03,1.163145876575744726e-27
2.476600000000354157e+03,1.167003234389420652e-27
2.476700000000354066e+03,1.170873069464425691e-27
2.476800000000353975e+03,1.174755421128961486e-27
2.476900000000353884e+03,1.178650328831853274e-27
2.477000000000353793e+03,1.182557832142991666e-27
2.477100000000354157e+03,1.186477970753644021e-27
2.477200000000354066e+03,1.190410784476802240e-27
2.477300000000353975e+03,1.194356313247575401e-27
2.477400000000354339e+03,1.198314597123609293e-27
2.477500000000354248e+03,1.202285676285291612e-27
2.477600000000354157e+03,1.206269591036281811e-27
2.477700000000354066e+03,1.210266381803852250e-27
2.477800000000353975e+03,1.214276089139123171e-27
2.477900000000354339e+03,1.218298753717607248e-27
2.478000000000354248e+03,1.222334416339451020e-27
2.478100000000354157e+03,1.226383117929884378e-27
2.478200000000354521e+03,1.230444899539552394e-27
2.478300000000354430e+03,1.234519802344964814e-27
2.478400000000354339e+03,1.238607867648671836e-27
2.478500000000354248e+03,1.242709136879924894e-27
2.478600000000354157e+03,1.246823651594772260e-27
2.478700000000354521e+03,1.250951453476751042e-27
2.478800000000354430e+03,1.255092584336847542e-27
2.478900000000354339e+03,1.259247086114297406e-27
2.479000000000354703e+03,1.263415000876758897e-27
2.479100000000354612e+03,1.267596370820636289e-27
2.479200000000354521e+03,1.271791238271614556e-27
2.479300000000354430e+03,1.275999645685013268e-27
2.479400000000354339e+03,1.280221635646026037e-27
2.479500000000354703e+03,1.284457250870365702e-27
2.479600000000354612e+03,1.288706534204352219e-27
2.479700000000354521e+03,1.292969528625589046e-27
2.479800000000354885e+03,1.297246277243116686e-27
2.479900000000354794e+03,1.301536823297967284e-27
2.480000000000354703e+03,1.305841210163507758e-27
2.480100000000354612e+03,1.310159481345772697e-27
2.480200000000354521e+03,1.314491680483916728e-27
2.480300000000354885e+03,1.318837851350662928e-27
2.480400000000354794e+03,1.323198037852578513e-27
2.480500000000354703e+03,1.327572284030537060e-27
2.480600000000355067e+03,1.331960634060163699e-27
2.480700000000354976e+03,1.336363132252115641e-27
2.480800000000354885e+03,1.340779823052622244e-27
2.480900000000354794e+03,1.345210751043809493e-27
2.481000000000354703e+03,1.349655960944101959e-27
2.481100000000355067e+03,1.354115497608635158e-27
2.481200000000354976e+03,1.358589406029672221e-27
2.481300000000354885e+03,1.363077731337014463e-27
2.481400000000355249e+03,1.367580518798416618e-27
2.481500000000355158e+03,1.372097813819984131e-27
2.481600000000355067e+03,1.376629661946519337e-27
2.481700000000354976e+03,1.381176108862100994e-27
2.481800000000354885e+03,1.385737200390286607e-27
2.481900000000355249e+03,1.390312982494798143e-27
2.482000000000355158e+03,1.394903501279547507e-27
2.482100000000355067e+03,1.399508802989506102e-27
2.482200000000355431e+03,1.404128934010769046e-27
2.482300000000355340e+03,1.408763940871129685e-27
2.482400000000355249e+03,1.413413870240424147e-27
2.482500000000355158e+03,1.418078768931166844e-27
2.482600000000355067e+03,1.422758683898586343e-27
2.482700000000355431e+03,1.427453662241532600e-27
2.482800000000355340e+03,1.432163751202356784e-27
2.482900000000355249e+03,1.436888998167854204e-27
2.483000000000355612e+03,1.441629450669384131e-27
2.483100000000355521e+03,1.446385156383350493e-27
2.483200000000355431e+03,1.451156163131667514e-27
2.483300000000355340e+03,1.455942518882231624e-27
2.483400000000355249e+03,1.460744271749271761e-27
2.483500000000355612e+03,1.465561469993808732e-27
2.483600000000355521e+03,1.470394162024146492e-27
2.483700000000355431e+03,1.475242396396169175e-27
2.483800000000355794e+03,1.480106221814048162e-27
2.483900000000355703e+03,1.484985687130261082e-27
2.484000000000355612e+03,1.489880841346494934e-27
2.484100000000355521e+03,1.494791733613730199e-27
2.484200000000355431e+03,1.499718413232961001e-27
2.484300000000355794e+03,1.504660929655338601e-27
2.484400000000355703e+03,1.509619332482916298e-27
2.484500000000355612e+03,1.514593671468840821e-27
2.484600000000355976e+03,1.519583996518099026e-27
2.484700000000355885e+03,1.524590357687584978e-27
2.484800000000355794e+03,1.529612805186864772e-27
2.484900000000355703e+03,1.534651389378510151e-27
2.485000000000355612e+03,1.539706160778542800e-27
2.485100000000355976e+03,1.544777170056936206e-27
2.485200000000355885e+03,1.549864468037965609e-27
2.485300000000355794e+03,1.554968105700873805e-27
2.485400000000356158e+03,1.560088134180059660e-27
2.485500000000356067e+03,1.565224604765743918e-27
2.485600000000355976e+03,1.570377568904332061e-27
2.485700000000355885e+03,1.575547078198970876e-27
2.485800000000355794e+03,1.580733184409880113e-27
2.485900000000356158e+03,1.585935939454928599e-27
2.486000000000356067e+03,1.591155395410006430e-27
2.486100000000355976e+03,1.596391604509615261e-27
2.486200000000356340e+03,1.601644619147186863e-27
2.486300000000356249e+03,1.606914491875755747e-27
2.486400000000356158e+03,1.612201275408090275e-27
2.486500000000356067e+03,1.617505022617664115e-27
2.486600000000355976e+03,1.622825786538610497e-27
2.486700000000356340e+03,1.628163620366654382e-27
2.486800000000356249e+03,1.633518577459128783e-27
2.486900000000356158e+03,1.638890711335936347e-27
2.487000000000356522e+03,1.644280075679601016e-27
2.487100000000356431e+03,1.649686724336102432e-27
2.487200000000356340e+03,1.655110711315071094e-27
2.487300000000356249e+03,1.660552090790454519e-27
2.487400000000356158e+03,1.666010917101000458e-27
2.487500000000356522e+03,1.671487244750584778e-27
2.487600000000356431e+03,1.676981128408860044e-27
2.487700000000356340e+03,1.682492622911631838e-27
2.487800000000356704e+03,1.688021783261623569e-27
2.487900000000356613e+03,1.693568664628419798e-27
2.488000000000356522e+03,1.699133322349579743e-27
2.488100000000356431e+03,1.704715811930720143e-27
2.488200000000356340e+03,1.710316189046098918e-27
2.488300000000356704e+03,1.715934509539308958e-27
2.488400000000356613e+03,1.721570829423513091e-27
2.488500000000356522e+03,1.727225204882017339e-27
2.488600000000356886e+03,1.732897692268942823e-27
2.488700000000356795e+03,1.738588348109482973e-27
2.488800000000356704e+03,1.744297229100592656e-27
2.488900000000356613e+03,1.750024392111403584e-27
2.489000000000356522e+03,1.755769894183797932e-27
2.489100000000356886e+03,1.761533792532785720e-27
2.489200000000356795e+03,1.767316144547188918e-27
2.489300000000356704e+03,1.773117007790064751e-27
2.489400000000357068e+03,1.778936439999181016e-27
2.489500000000356977e+03,1.784774499087666826e-27
2.489600000000356886e+03,1.790631243144355199e-27
2.489700000000356795e+03,1.796506730434446353e-27
2.489800000000356704e+03,1.802401019399851012e-27
2.489900000000357068e+03,1.808314168660098721e-27
2.490000000000356977e+03,1.814246237012323491e-27
2.490100000000356886e+03,1.820197283432168167e-27
2.490200000000357250e+03,1.826167367074243244e-27
2.490300000000357159e+03,1.832156547272486322e-27
2.490400000000357068e+03,1.838164883540886739e-27
2.490500000000356977e+03,1.844192435574078919e-27
2.490600000000356886e+03,1.850239263247553304e-27
2.490700000000357250e+03,1.856305426618464222e-27
2.490800000000357159e+03,1.862390985926087986e-27
2.490900000000357068e+03,1.868496001592263418e-27
2.491000000000357431e+03,1.874620534222134067e-27
2.491100000000357340e+03,1.880764644604553575e-27
2.491200000000357250e+03,1.886928393712634182e-27
2.491300000000357159e+03,1.893111842704232446e-27
2.491400000000357068e+03,1.899315052922654512e-27
2.491500000000357431e+03,1.905538085897119239e-27
2.491600000000357340e+03,1.911781003343231721e-27
2.491700000000357250e+03,1.918043867163582734e-27
2.491800000000357613e+03,1.924326739448512473e-27
2.491900000000357522e+03,1.930629682476208489e-27
2.492000000000357431e+03,1.936952758713583865e-27
2.492100000000357340e+03,1.943296030816935849e-27
2.492200000000357250e+03,1.949659561632129882e-27
2.492300000000357613e+03,1.956043414195535893e-27
2.492400000000357522e+03,1.962447651734231337e-27
2.492500000000357431e+03,1.968872337666819109e-27
2.492600000000357795e+03,1.975317535604087969e-27
2.492700000000357704e+03,1.981783309349113703e-27
2.492800000000357613e+03,1.988269722898360792e-27
2.492900000000357522e+03,1.994776840441932090e-27
2.493000000000357431e+03,2.001304726364093647e-27
2.493100000000357795e+03,2.007853445244226789e-27
2.493200000000357704e+03,2.014423061856879771e-27
2.493300000000357613e+03,2.021013641172840748e-27
2.493400000000357977e+03,2.027625248359325034e-27
2.493500000000357886e+03,2.034257948780748168e-27
2.493600000000357795e+03,2.040911807999248231e-27
2.493700000000357704e+03,2.047586891775412635e-27
2.493800000000357613e+03,2.054283266068545382e-27
2.493900000000357977e+03,2.061000997037656086e-27
2.494000000000357886e+03,2.067740151041550734e-27
2.494100000000357795e+03,2.074500794639973890e-27
2.494200000000358159e+03,2.081282994593850840e-27
2.494300000000358068e+03,2.088086817865818154e-27
2.494400000000357977e+03,2.094912331621142046e-27
2.494500000000357886e+03,2.101759603227954415e-27
2.494600000000357795e+03,2.108628700258157212e-27
2.494700000000358159e+03,2.115519690487850409e-27
2.494800000000358068e+03,2.122432641897927133e-27
2.494900000000357977e+03,2.129367622674723691e-27
2.495000000000358341e+03,2.136324701210647350e-27
2.495100000000358250e+03,2.143303946104640899e-27
2.495200000000358159e+03,2.150305426163031047e-27
2.495300000000358068e+03,2.157329210399971460e-27
2.495400000000357977e+03,2.164375368038043279e-27
2.495500000000358341e+03,2.171443968508944244e-27
2.495600000000358250e+03,2.178535081453954329e-27
2.495700000000358159e+03,2.185648776724769078e-27
2.495800000000358523e+03,2.192785124384102990e-27
2.495900000000358432e+03,2.199944194705961444e-27
2.496000000000358341e+03,2.207126058176767831e-27
2.496100000000358250e+03,2.214330785495563727e-27
2.496200000000358159e+03,2.221558447574844027e-27
2.496300000000358523e+03,2.228809115541245704e-27
2.496400000000358432e+03,2.236082860735961792e-27
2.496500000000358341e+03,2.243379754715496875e-27
2.496600000000358705e+03,2.250699869252290202e-27
2.496700000000358614e+03,2.258043276335389032e-27
2.496800000000358523e+03,2.265410048170892025e-27
2.496900000000358432e+03,2.272800257183025440e-27
2.497000000000358341e+03,2.280213976014186542e-27
2.497100000000358705e+03,2.287651277526118448e-27
2.497200000000358614e+03,2.295112234800046090e-27
2.497300000000358523e+03,2.302596921137829180e-27
2.497400000000358887e+03,2.310105410062355380e-27
2.497500000000358796e+03,2.317637775318084138e-27
2.497600000000358705e+03,2.325194090871937068e-27
2.497700000000358614e+03,2.332774430913738468e-27
2.497800000000358523e+03,2.340378869857043995e-27
2.497900000000358887e+03,2.348007482339720731e-27
2.498000000000358796e+03,2.355660343224450490e-27
2.498100000000358705e+03,2.363337527599709156e-27
2.498200000000359069e+03,2.371039110780168099e-27
2.498300000000358978e+03,2.378765168307458286e-27
2.498400000000358887e+03,2.386515775950829260e-27
2.498500000000358796e+03,2.394291009707850830e-27
2.498600000000358705e+03,2.402090945804856460e-27
2.498700000000359069e+03,2.409915660698097672e-27
2.498800000000358978e+03,2.417765231073865652e-27
2.498900000000358887e+03,2.425639733849424318e-27
2.499000000000359250e+03,2.433539246173880604e-27
2.499100000000359159e+03,2.441463845428376738e-27
2.499200000000359069e+03,2.449413609227294865e-27
2.499300000000358978e+03,2.457388615418539375e-27
2.499400000000358887e+03,2.465388942084417944e-27
2.499500000000359250e+03,2.473414667542410299e-27
2.499600000000359159e+03,2.481465870345525517e-27
2.499700000000359069e+03,2.489542629283250872e-27
2.499800000000359432e+03,2.497645023382376558e-27
2.499900000000359341e+03,2.505773131907204476e-27
2.500000000000359250e+03,2.513927034360683974e-27
2.500100000000359159e+03,2.522106810485131832e-27
2.500200000000359069e+03,2.530312540262564441e-27
2.500300000000359432e+03,2.538544303915616876e-27
2.500400000000359341e+03,2.546802181908241712e-27
2.500500000000359250e+03,2.555086254946456256e-27
2.500600000000359614e+03,2.563396603979011591e-27
2.500700000000359523e+03,2.571733310198063041e-27
2.500800000000359432e+03,2.580096455039820554e-27
2.500900000000359341e+03,2.588486120185495757e-27
2.501000000000359250e+03,2.596902387561753599e-27
2.501100000000359614e+03,2.605345339341692050e-27
2.501200000000359523e+03,2.613815057945184332e-27
2.501300000000359432e+03,2.622311626040065245e-27
2.501400000000359796e+03,2.630835126542563441e-27
2.501500000000359705e+03,2.639385642617981940e-27
2.501600000000359614e+03,2.647963257681527877e-27
2.501700000000359523e+03,2.656568055399327356e-27
2.501800000000359432e+03,2.665200119688542757e-27
2.501900000000359796e+03,2.673859534718588477e-27
2.502000000000359705e+03,2.682546384911697730e-27
2.502100000000359614e+03,2.691260754943663330e-27
2.502200000000359978e+03,2.700002729744713353e-27
2.502300000000359887e+03,2.708772394499929064e-27
2.502400000000359796e+03,2.717569834650399675e-27
2.502500000000359705e+03,2.726395135893553096e-27
2.502600000000359614e+03,2.735248384184354820e-27
2.502700000000359978e+03,2.744129665735690331e-27
2.502800000000359887e+03,2.753039067019253325e-27
2.502900000000359796e+03,2.761976674766285057e-27
2.503000000000360160e+03,2.770942575968423104e-27
2.503100000000360069e+03,2.779936857878287533e-27
2.503200000000359978e+03,2.788959608010305625e-27
2.503300000000359887e+03,2.798010914141676507e-27
2.503400000000359796e+03,2.807090864312946563e-27
2.503500000000360160e+03,2.816199546828532100e-27
2.503600000000360069e+03,2.825337050258125943e-27
2.503700000000359978e+03,2.834503463436680573e-27
2.503800000000360342e+03,2.843698875466122868e-27
2.503900000000360251e+03,2.852923375715157159e-27
2.504000000000360160e+03,2.862177053820623031e-27
2.504100000000360069e+03,2.871459999688323997e-27
2.504200000000359978e+03,2.880772303493374031e-27
2.504300000000360342e+03,2.890114055681500487e-27
2.504400000000360251e+03,2.899485346969349018e-27
2.504500000000360160e+03,2.908886268345717262e-27
2.504600000000360524e+03,2.918316911071906034e-27
2.504700000000360433e+03,2.927777366682871580e-27
2.504800000000360342e+03,2.937267726987913266e-27
2.504900000000360251e+03,2.946788084071370952e-27
2.505000000000360160e+03,2.956338530293612225e-27
2.505100000000360524e+03,2.965919158291658028e-27
2.505200000000360433e+03,2.975530060979944967e-27
2.505300000000360342e+03,2.985171331551479709e-27
2.505400000000360706e+03,2.994843063478256193e-27
2.505500000000360615e+03,3.004545350512332898e-27
2.505600000000360524e+03,3.014278286686394263e-27
2.505700000000360433e+03,3.024041966314893248e-27
2.505800000000360342e+03,3.033836483994513740e-27
2.505900000000360706e+03,3.043661934605470243e-27
2.506000000000360615e+03,3.053518413311679705e-27
2.506100000000360524e+03,3.063406015562127938e-27
2.506200000000360887e+03,3.073324837091613620e-27
2.506300000000360797e+03,3.083274973921200306e-27
2.506400000000360706e+03,3.093256522359564538e-27
2.506500000000360615e+03,3.103269579003516372e-27
2.506600000000360524e+03,3.113314240739030367e-27
2.506700000000360887e+03,3.123390604741818488e-27
2.506800000000360797e+03,3.133498768478383340e-27
2.506900000000360706e+03,3.143638829706745681e-27
2.507000000000361069e+03,3.153810886477580881e-27
2.507100000000360978e+03,3.164015037134520261e-27
2.507200000000360887e+03,3.174251380315691851e-27
2.507300000000360797e+03,3.184520014953876071e-27
2.507400000000360706e+03,3.194821040277937085e-27
2.507500000000361069e+03,3.205154555813325733e-27
2.507600000000360978e+03,3.215520661383118428e-27
2.507700000000360887e+03,3.225919457108671839e-27
2.507800000000361251e+03,3.236351043410962398e-27
2.507900000000361160e+03,3.246815521010790778e-27
2.508000000000361069e+03,3.257312990930118171e-27
2.508100000000360978e+03,3.267843554493094414e-27
2.508200000000360887e+03,3.278407313326190366e-27
2.508300000000361251e+03,3.289004369359921251e-27
2.508400000000361160e+03,3.299634824829109256e-27
2.508500000000361069e+03,3.310298782274205816e-27
2.508600000000361433e+03,3.320996344541868456e-27
2.508700000000361342e+03,3.331727614786030534e-27
2.508800000000361251e+03,3.342492696468710535e-27
2.508900000000361160e+03,3.353291693360936172e-27
2.509000000000361069e+03,3.364124709543469023e-27
2.509100000000361433e+03,3.374991849408346360e-27
2.509200000000361342e+03,3.385893217658669502e-27
2.509300000000361251e+03,3.396828919310628499e-27
2.509400000000361615e+03,3.407799059693761851e-27
2.509500000000361524e+03,3.418803744451939440e-27
2.509600000000361433e+03,3.429843079544479619e-27
2.509700000000361342e+03,3.440917171246914747e-27
2.509800000000361251e+03,3.452026126151971249e-27
2.509900000000361615e+03,3.463170051170465009e-27
2.510000000000361524e+03,3.474349053532146544e-27
2.510100000000361433e+03,3.485563240786570575e-27
2.510200000000361797e+03,3.496812720804744753e-27
2.510300000000361706e+03,3.508097601778672644e-27
2.510400000000361615e+03,3.519417992223569971e-27
2.510500000000361524e+03,3.530774000978243436e-27
2.510600000000361433e+03,3.542165737206009796e-27
2.510700000000361797e+03,3.553593310395843802e-27
2.510800000000361706e+03,3.565056830363016031e-27
2.510900000000361615e+03,3.576556407250351312e-27
2.511000000000361979e+03,3.588092151529209507e-27
2.511100000000361888e+03,3.599664173999852132e-27
2.511200000000361797e+03,3.611272585793136292e-27
2.511300000000361706e+03,3.622917498371230713e-27
2.511400000000361615e+03,3.634599023528212667e-27
2.511500000000361979e+03,3.646317273391708104e-27
2.511600000000361888e+03,3.658072360422957654e-27
2.511700000000361797e+03,3.669864397418732977e-27
2.511800000000362161e+03,3.681693497511728497e-27
2.511900000000362070e+03,3.693559774171652670e-27
2.512000000000361979e+03,3.705463341206131268e-27
2.512100000000361888e+03,3.717404312762115047e-27
2.512200000000361797e+03,3.729382803325922077e-27
2.512300000000362161e+03,3.741398927725619725e-27
2.512400000000362070e+03,3.753452801130573371e-27
2.512500000000361979e+03,3.765544539053347688e-27
2.512600000000362343e+03,3.777674257350510203e-27
2.512700000000362252e+03,3.789842072223251905e-27
2.512800000000362161e+03,3.802048100218857327e-27
2.512900000000362070e+03,3.814292458231757075e-27
2.513000000000361979e+03,3.826575263503961165e-27
2.513100000000362343e+03,3.838896633626582213e-27
2.513200000000362252e+03,3.851256686540532083e-27
2.513300000000362161e+03,3.863655540537847768e-27
2.513400000000362525e+03,3.876093314262446881e-27
2.513500000000362434e+03,3.888570126711193802e-27
2.513600000000362343e+03,3.901086097235085652e-27
2.513700000000362252e+03,3.913641345539950388e-27
2.513800000000362161e+03,3.926235991687851593e-27
2.513900000000362525e+03,3.938870156097889171e-27
2.514000000000362434e+03,3.951543959547205232e-27
2.514100000000362343e+03,3.964257523172157147e-27
2.514200000000362706e+03,3.977010968469311953e-27
2.514300000000362616e+03,3.989804417296312335e-27
2.514400000000362525e+03,4.002637991873265636e-27
2.514500000000362434e+03,4.015511814783563203e-27
2.514600000000362343e+03,4.028426008974866183e-27
2.514700000000362706e+03,4.041380697760340281e-27
2.514800000000362616e+03,4.054376004819642273e-27
2.514900000000362525e+03,4.067412054199764461e-27
2.515000000000362888e+03,4.080488970316695608e-27
2.515100000000362797e+03,4.093606877955678504e-27
2.515200000000362706e+03,4.106765902272958429e-27
2.515300000000362616e+03,4.119966168796281074e-27
2.515400000000362525e+03,4.133207803426669701e-27
2.515500000000362888e+03,4.146490932438836251e-27
2.515600000000362797e+03,4.159815682482480671e-27
2.515700000000362706e+03,4.173182180583666295e-27
2.515800000000363070e+03,4.186590554145260369e-27
2.515900000000362979e+03,4.200040930948913534e-27
2.516000000000362888e+03,4.213533439155011758e-27
2.516100000000362797e+03,4.227068207305146565e-27
2.516200000000362706e+03,4.240645364321909125e-27
2.516300000000363070e+03,4.254265039510931437e-27
2.516400000000362979e+03,4.267927362561287400e-27
2.516500000000362888e+03,4.281632463547061901e-27
2.516600000000363252e+03,4.295380472928474366e-27
2.516700000000363161e+03,4.309171521552744745e-27
2.516800000000363070e+03,4.323005740655160375e-27
2.516900000000362979e+03,4.336883261860532441e-27
2.517000000000362888e+03,4.350804217184116477e-27
2.517100000000363252e+03,4.364768739032932504e-27
2.517200000000363161e+03,4.378776960206144570e-27
2.517300000000363070e+03,4.392829013897204534e-27
2.517400000000363434e+03,4.406925033694810596e-27
2.517500000000363343e+03,4.421065153582956807e-27
2.517600000000363252e+03,4.435249507943637192e-27
2.517700000000363161e+03,4.449478231556854358e-27
2.517800000000363070e+03,4.463751459602560954e-27
2.517900000000363434e+03,4.478069327660928723e-27
2.518000000000363343e+03,4.492431971714267718e-27
2.518100000000363252e+03,4.506839528147862149e-27
2.518200000000363616e+03,4.521292133751313478e-27
2.518300000000363525e+03,4.535789925719162459e-27
2.518400000000363434e+03,4.550333041652899477e-27
2.518500000000363343e+03,4.564921619561359868e-27
2.518600000000363252e+03,4.579555797862619466e-27
2.518700000000363616e+03,4.594235715384364808e-27
2.518800000000363525e+03,4.608961511365704738e-27
2.518900000000363434e+03,4.623733325458034952e-27
2.519000000000363798e+03,4.638551297726686009e-27
2.519100000000363707e+03,4.653415568651186650e-27
2.519200000000363616e+03,4.668326279127383178e-27
2.519300000000363525e+03,4.683283570468379348e-27
2.519400000000363434e+03,4.698287584405316243e-27
2.519500000000363798e+03,4.713338463089334542e-27
2.519600000000363707e+03,4.728436349091771828e-27
2.519700000000363616e+03,4.743581385406366632e-27
2.519800000000363980e+03,4.758773715450079219e-27
2.519900000000363889e+03,4.774013483064027158e-27
2.520000000000363798e+03,4.789300832515080250e-27
2.520100000000363707e+03,4.804635908497157701e-27
2.520200000000363616e+03,4.820018856131705956e-27
2.520300000000363980e+03,4.835449820970305246e-27
2.520400000000363889e+03,4.850928948994442156e-27
2.520500000000363798e+03,4.866456386617541480e-27
2.520600000000364162e+03,4.882032280686230398e-27
2.520700000000364071e+03,4.897656778481072441e-27
2.520800000000363980e+03,4.913330027718670381e-27
2.520900000000363889e+03,4.929052176551930256e-27
2.521000000000363798e+03,4.944823373571961220e-27
2.521100000000364162e+03,4.960643767809174698e-27
2.521200000000364071e+03,4.976513508734549274e-27
2.521300000000363980e+03,4.992432746260632275e-27
2.521400000000364344e+03,5.008401630743565890e-27
2.521500000000364253e+03,5.024420312983370571e-27
2.521600000000364162e+03,5.040488944225867116e-27
2.521700000000364071e+03,5.056607676163824620e-27
2.521800000000363980e+03,5.072776660938068950e-27
2.521900000000364344e+03,5.088996051139162338e-27
2.522000000000364253e+03,5.105265999808232046e-27
2.522100000000364162e+03,5.121586660438365841e-27
2.522200000000364525e+03,5.137958186976604390e-27
2.522300000000364435e+03,5.154380733823608360e-27
2.522400000000364344e+03,5.170854455837029064e-27
2.522500000000364253e+03,5.187379508331251612e-27
2.522600000000364162e+03,5.203956047079555915e-27
2.522700000000364525e+03,5.220584228314728678e-27
2.522800000000364435e+03,5.237264208731083786e-27
2.522900000000364344e+03,5.253996145485448816e-27
2.523000000000364707e+03,5.270780196198537547e-27
2.523100000000364616e+03,5.287616518956079250e-27
2.523200000000364525e+03,5.304505272310522668e-27
2.523300000000364435e+03,5.321446615282206198e-27
2.523400000000364344e+03,5.338440707360577584e-27
2.523500000000364707e+03,5.355487708505726423e-27
2.523600000000364616e+03,5.372587779149636136e-27
2.523700000000364525e+03,5.389741080197631101e-27
2.523800000000364889e+03,5.406947773029472931e-27
2.523900000000364798e+03,5.424208019500998457e-27
2.524000000000364707e+03,5.441521981945433396e-27
2.524100000000364616e+03,5.458889823174796436e-27
2.524200000000364525e+03,5.476311706480854178e-27
2.524300000000364889e+03,5.493787795637391913e-27
2.524400000000364798e+03,5.511318254900384383e-27
2.524500000000364707e+03,5.528903249010653980e-27
2.524600000000365071e+03,5.546542943194205091e-27
2.524700000000364980e+03,5.564237503164083047e-27
2.524800000000364889e+03,5.581987095122050122e-27
2.524900000000364798e+03,5.599791885759316626e-27
2.525000000000364707e+03,5.617652042258466587e-27
2.525100000000365071e+03,5.635567732294643715e-27
2.525200000000364980e+03,5.653539124037027945e-27
2.525300000000364889e+03,5.671566386150024278e-27
2.525400000000365253e+03,5.689649687795549343e-27
2.525500000000365162e+03,5.707789198632698488e-27
2.525600000000365071e+03,5.725985088821330956e-27
2.525700000000364980e+03,5.744237529021734830e-27
2.525800000000364889e+03,5.762546690397273036e-27
2.525900000000365253e+03,5.780912744614775089e-27
2.526000000000365162e+03,5.799335863847011620e-27
2.526100000000365071e+03,5.817816220773035177e-27
2.526200000000365435e+03,5.836353988581142638e-27
2.526300000000365344e+03,5.854949340968391633e-27
2.526400000000365253e+03,5.873602452143939635e-27
2.526500000000365162e+03,5.892313496829198923e-27
2.526600000000365071e+03,5.911082650259688365e-27
2.526700000000365435e+03,5.929910088186936132e-27
2.526800000000365344e+03,5.948795986879296175e-27
2.526900000000365253e+03,5.967740523123990844e-27
2.527000000000365617e+03,5.986743874228035703e-27
2.527100000000365526e+03,6.005806218020198207e-27
2.527200000000365435e+03,6.024927732852000003e-27
2.527300000000365344e+03,6.044108597600228054e-27
2.527400000000365253e+03,6.063348991666982711e-27
2.527500000000365617e+03,6.082649094982379684e-27
2.527600000000365526e+03,6.102009088005121145e-27
2.527700000000365435e+03,6.121429151725020487e-27
2.527800000000365799e+03,6.140909467663840321e-27
2.527900000000365708e+03,6.160450217876729563e-27
2.528000000000365617e+03,6.180051584954098161e-27
2.528100000000365526e+03,6.199713752023031944e-27
2.528200000000365435e+03,6.219436902748858126e-27
2.528300000000365799e+03,6.239221221336741665e-27
2.528400000000365708e+03,6.259066892532737787e-27
2.528500000000365617e+03,6.278974101626071367e-27
2.528600000000365981e+03,6.298943034450398237e-27
2.528700000000365890e+03,6.318973877384778782e-27
2.528800000000365799e+03,6.339066817356414354e-27
2.528900000000365708e+03,6.359222041841136578e-27
2.529000000000365617e+03,6.379439738865498769e-27
2.529100000000365981e+03,6.399720097008379460e-27
2.529200000000365890e+03,6.420063305402065060e-27
2.529300000000365799e+03,6.440469553734318301e-27
2.529400000000366163e+03,6.460939032250381404e-27
2.529500000000366072e+03,6.481471931753057152e-27
2.529600000000365981e+03,6.502068443605914519e-27
2.529700000000365890e+03,6.522728759733892780e-27
2.529800000000365799e+03,6.543453072625631117e-27
2.529900000000366163e+03,6.564241575334346077e-27
2.530000000000366072e+03,6.585094461479801734e-27
2.530100000000365981e+03,6.606011925249846496e-27
2.530200000000366344e+03,6.626994161402391874e-27
2.530300000000366254e+03,6.648041365266470025e-27
2.530400000000366163e+03,6.669153732744278526e-27
2.530500000000366072e+03,6.690331460312296749e-27
2.530600000000365981e+03,6.711574745023861562e-27
2.530700000000366344e+03,6.732883784509927840e-27
2.530800000000366254e+03,6.754258776980649756e-27
2.530900000000366163e+03,6.775699921228091367e-27
2.531000000000366526e+03,6.797207416626964164e-27
2.531100000000366435e+03,6.818781463136346120e-27
2.531200000000366344e+03,6.840422261301453826e-27
2.531300000000366254e+03,6.862130012255606913e-27
2.531400000000366163e+03,6.883904917721607015e-27
2.531500000000366526e+03,6.905747180013700757e-27
2.531600000000366435e+03,6.927657002038315871e-27
2.531700000000366344e+03,6.949634587297461981e-27
2.531800000000366708e+03,6.971680139888914271e-27
2.531900000000366617e+03,6.993793864508045895e-27
2.532000000000366526e+03,7.015975966450690658e-27
2.532100000000366435e+03,7.038226651613751426e-27
2.532200000000366344e+03,7.060546126497134414e-27
2.532300000000366708e+03,7.082934598205775302e-27
2.532400000000366617e+03,7.105392274451092826e-27
2.532500000000366526e+03,7.127919363552412220e-27
2.532600000000366890e+03,7.150516074439820731e-27
2.532700000000366799e+03,7.173182616654437383e-27
2.532800000000366708e+03,7.195919200351321585e-27
2.532900000000366617e+03,7.218726036300186282e-27
2.533000000000366526e+03,7.241603335888554808e-27
2.533100000000366890e+03,7.264551311122100959e-27
2.533200000000366799e+03,7.287570174627135732e-27
2.533300000000366708e+03,7.310660139652043683e-27
2.533400000000367072e+03,7.333821420069680697e-27
2.533500000000366981e+03,7.357054230378123025e-27
2.533600000000366890e+03,7.380358785703456780e-27
2.533700000000366799e+03,7.403735301800849835e-27
2.533800000000366708e+03,7.427183995057083038e-27
2.533900000000367072e+03,7.450705082491391078e-27
2.534000000000366981e+03,7.474298781757673715e-27
2.534100000000366890e+03,7.497965311146833278e-27
2.534200000000367254e+03,7.521704889588046013e-27
2.534300000000367163e+03,7.545517736650184100e-27
2.534400000000367072e+03,7.569404072544546322e-27
2.534500000000366981e+03,7.593364118126387701e-27
2.534600000000366890e+03,7.617398094896005739e-27
2.534700000000367254e+03,7.641506225001727943e-27
2.534800000000367163e+03,7.665688731240808654e-27
2.534900000000367072e+03,7.689945837061895692e-27
2.535000000000367436e+03,7.714277766566805365e-27
2.535100000000367345e+03,7.738684744511683326e-27
2.535200000000367254e+03,7.763166996309567356e-27
2.535300000000367163e+03,7.787724748032503888e-27
2.535400000000367072e+03,7.812358226412413267e-27
2.535500000000367436e+03,7.837067658844433138e-27
2.535600000000367345e+03,7.861853273386406176e-27
2.535700000000367254e+03,7.886715298763523514e-27
2.535800000000367618e+03,7.911653964368758101e-27
2.535900000000367527e+03,7.936669500264666963e-27
2.536000000000367436e+03,7.961762137185522080e-27
2.536100000000367345e+03,7.986932106539517308e-27
2.536200000000367254e+03,8.012179640410369755e-27
2.536300000000367618e+03,8.037504971559582673e-27
2.536400000000367527e+03,8.062908333427415462e-27
2.536500000000367436e+03,8.088389960136024738e-27
2.536600000000367800e+03,8.113950086490853341e-27
2.536700000000367709e+03,8.139588947982056655e-27
2.536800000000367618e+03,8.165306780787679545e-27
2.536900000000367527e+03,8.191103821774347989e-27
2.537000000000367436e+03,8.216980308500131767e-27
2.537100000000367800e+03,8.242936479215850245e-27
2.537200000000367709e+03,8.268972572867450050e-27
2.537300000000367618e+03,8.295088829097539017e-27
2.537400000000367982e+03,8.321285488248393795e-27
2.537500000000367891e+03,8.347562791362436247e-27
2.537600000000367800e+03,8.373920980185384554e-27
2.537700000000367709e+03,8.400360297167653708e-27
2.537800000000367618e+03,8.426880985466835068e-27
2.537900000000367982e+03,8.453483288949200169e-27
2.538000000000367891e+03,8.480167452191987997e-27
2.538100000000367800e+03,8.506933720485266095e-27
2.538200000000368163e+03,8.533782339834417295e-27
2.538300000000368073e+03,8.560713556961126949e-27
2.538400000000367982e+03,8.587727619306112167e-27
2.538500000000367891e+03,8.614824775032323142e-27
2.538600000000367800e+03,8.642005273024307482e-27
2.538700000000368163e+03,8.669269362892559473e-27
2.538800000000368073e+03,8.696617294974089754e-27
2.538900000000367982e+03,8.724049320335882058e-27
2.539000000000368345e+03,8.751565690775764215e-27
2.539100000000368254e+03,8.779166658824952286e-27
2.539200000000368163e+03,8.806852477750161337e-27
2.539300000000368073e+03,8.834623401555631566e-27
2.539400000000367982e+03,8.862479684985019539e-27
2.539500000000368345e+03,8.890421583524434499e-27
2.539600000000368254e+03,8.918449353402355142e-27
2.539700000000368163e+03,8.946563251594516985e-27
2.539800000000368527e+03,8.974763535824012816e-27
2.539900000000368436e+03,9.003050464563924349e-27
2.540000000000368345e+03,9.031424297039988326e-27
2.540100000000368254e+03,9.059885293232248122e-27
2.540200000000368163e+03,9.088433713877015293e-27
2.540300000000368527e+03,9.117069820469176941e-27
2.540400000000368436e+03,9.145793875264775720e-27
2.540500000000368345e+03,9.174606141282388803e-27
2.540600000000368709e+03,9.203506882306293335e-27
2.540700000000368618e+03,9.232496362886819428e-27
2.540800000000368527e+03,9.261574848345280576e-27
2.540900000000368436e+03,9.290742604773342291e-27
2.541000000000368345e+03,9.319999899036870578e-27
2.541100000000368709e+03,9.349346998778118774e-27
2.541200000000368618e+03,9.378784172416759258e-27
2.541300000000368527e+03,9.408311689152975725e-27
2.541400000000368891e+03,9.437929818969948487e-27
2.541500000000368800e+03,9.467638832635239176e-27
2.541600000000368709e+03,9.497439001703350661e-27
2.541700000000368618e+03,9.527330598518505072e-27
2.541800000000368527e+03,9.557313896215499017e-27
2.541900000000368891e+03,9.587389168723494665e-27
2.542000000000368800e+03,9.617556690767047158e-27
2.542100000000368709e+03,9.647816737869458042e-27
2.542200000000369073e+03,9.678169586353931815e-27
2.542300000000368982e+03,9.708615513346649553e-27
2.542400000000368891e+03,9.739154796778353070e-27
2.542500000000368800e+03,9.769787715387150201e-27
2.542600000000368709e+03,9.800514548720969974e-27
2.542700000000369073e+03,9.831335577138948746e-27
2.542800000000368982e+03,9.862251081814498087e-27
2.542900000000368891e+03,9.893261344737666671e-27
2.543000000000369255e+03,9.924366648716522114e-27
2.543100000000369164e+03,9.955567277380804305e-27
2.543200000000369073e+03,9.986863515182477855e-27
2.543300000000368982e+03,1.001825564740050611e-26
2.543400000000368891e+03,1.004974396014074064e-26
2.543500000000369255e+03,1.008132874033957893e-26
2.543600000000369164e+03,1.011301027576620853e-26
2.543700000000369073e+03,1.014478885502411238e-26
2.543800000000369437e+03,1.017666476755522428e-26
2.543900000000369346e+03,1.020863830363976684e-26
2.544000000000369255e+03,1.024070975440102826e-26
2.544100000000369164e+03,1.027287941180602536e-26
2.544200000000369073e+03,1.030514756866887270e-26
2.544300000000369437e+03,1.033751451865331104e-26
2.544400000000369346e+03,1.036998055627369445e-26
2.544500000000369255e+03,1.040254597689849164e-26
2.544600000000369619e+03,1.043521107675331359e-26
2.544700000000369528e+03,1.046797615292171859e-26
2.544800000000369437e+03,1.050084150334860727e-26
2.544900000000369346e+03,1.053380742684286859e-26
2.545000000000369255e+03,1.056687422307915632e-26
2.545100000000369619e+03,1.060004219260082774e-26
2.545200000000369528e+03,1.063331163682160388e-26
2.545300000000369437e+03,1.066668285802863166e-26
2.545400000000369801e+03,1.070015615938612140e-26
2.545500000000369710e+03,1.073373184493500680e-26
2.545600000000369619e+03,1.076741021959779350e-26
2.545700000000369528e+03,1.080119158918024233e-26
2.545800000000369437e+03,1.083507626037351013e-26
2.545900000000369801e+03,1.086906454075729523e-26
2.546000000000369710e+03,1.090315673880177018e-26
2.546100000000369619e+03,1.093735316387069135e-26
2.546200000000369982e+03,1.097165412622300311e-26
2.546300000000369891e+03,1.100605993701673367e-26
2.546400000000369801e+03,1.104057090830952319e-26
2.546500000000369710e+03,1.107518735306375502e-26
2.546600000000369619e+03,1.110990958514651986e-26
2.546700000000369982e+03,1.114473791933409992e-26
2.546800000000369891e+03,1.117967267131291166e-26
2.546900000000369801e+03,1.121471415768353075e-26
2.547000000000370164e+03,1.124986269596268666e-26
2.547100000000370073e+03,1.128511860458551547e-26
2.547200000000369982e+03,1.132048220290800644e-26
2.547300000000369891e+03,1.135595381121094374e-26
2.547400000000369801e+03,1.139153375070070143e-26
2.547500000000370164e+03,1.142722234351346071e-26
2.547600000000370073e+03,1.146301991271636789e-26
2.547700000000369982e+03,1.149892678231088928e-26
2.547800000000370346e+03,1.153494327723588047e-26
2.547900000000370255e+03,1.157106972336914042e-26
2.548000000000370164e+03,1.160730644753102168e-26
2.548100000000370073e+03,1.164365377748671194e-26
2.548200000000369982e+03,1.168011204194858450e-26
2.548300000000370346e+03,1.171668157057938229e-26
2.548400000000370255e+03,1.175336269399415797e-26
2.548500000000370164e+03,1.179015574376384830e-26
2.548600000000370528e+03,1.182706105241803354e-26
2.548700000000370437e+03,1.186407895344591028e-26
2.548800000000370346e+03,1.190120978130138980e-26
2.548900000000370255e+03,1.193845387140352995e-26
2.549000000000370164e+03,1.197581156014119010e-26
2.549100000000370528e+03,1.201328318487465541e-26
2.549200000000370437e+03,1.205086908393862301e-26
2.549300000000370346e+03,1.208856959664468147e-26
2.549400000000370710e+03,1.212638506328461838e-26
2.549500000000370619e+03,1.216431582513243926e-26
2.549600000000370528e+03,1.220236222444753302e-26
2.549700000000370437e+03,1.224052460447835544e-26
2.549800000000370346e+03,1.227880330946313370e-26
2.549900000000370710e+03,1.231719868463433046e-26
