wavelength_um,emissivity
0.8,0.442283825495007
0.800332066413283,0.441607250475855
0.800664132826565,0.441128308437637
0.800996199239848,0.440532220330352
0.801328265653131,0.439629749861258
0.801660332066413,0.438755029504221
0.801992398479696,0.438379184488457
0.802324464892979,0.438809070734651
0.802656531306261,0.43964514590229
0.802988597719544,0.440299892005649
0.803320664132827,0.440349126431082
0.803652730546109,0.440085712114425
0.803984796959392,0.440001078820644
0.804316863372674,0.440429883211699
0.804648929785957,0.440986554159843
0.80498099619924,0.441080033773963
0.805313062612522,0.440292067056384
0.805645129025805,0.439024575720753
0.805977195439088,0.437925080080587
0.806309261852371,0.437534008215663
0.806641328265653,0.437850060353265
0.806973394678936,0.438704104487333
0.807305461092218,0.439920970221536
0.807637527505501,0.441298399266129
0.807969593918784,0.442626537478146
0.808301660332066,0.443683303831171
0.808633726745349,0.444176366377532
0.808965793158632,0.443789851662101
0.809297859571914,0.442362285708691
0.809629925985197,0.440588068447801
0.80996199239848,0.439458386441616
0.810294058811762,0.439743311414278
0.810626125225045,0.440934082302677
0.810958191638328,0.442074151227512
0.81129025805161,0.442376357393507
0.811622324464893,0.442023981599291
0.811954390878176,0.441551193360804
0.812286457291458,0.441418269461139
0.812618523704741,0.441630400456028
0.812950590118024,0.442021696683592
0.813282656531306,0.442436698413075
0.813614722944589,0.442787085067245
0.813946789357872,0.443010588142389
0.814278855771154,0.443080448248605
0.814610922184437,0.443200661476535
0.81494298859772,0.443667467312579
0.815275055011002,0.444688386902677
0.815607121424285,0.445875649703084
0.815939187837567,0.446597868814868
0.81627125425085,0.446321989733874
0.816603320664133,0.445195356539528
0.816935387077415,0.443655909113632
0.817267453490698,0.442147505381094
0.817599519903981,0.441137636585516
0.817931586317263,0.441104550976737
0.818263652730546,0.442409637100816
0.818595719143829,0.444547189091234
0.818927785557111,0.446621941591583
0.819259851970394,0.447834109741267
0.819591918383677,0.448086082607893
0.819923984796959,0.447606464197943
0.820256051210242,0.446638431943864
0.820588117623525,0.445543177171556
0.820920184036807,0.444740901256142
0.82125225045009,0.44459453253467
0.821584316863373,0.444968732222488
0.821916383276655,0.445477956411312
0.822248449689938,0.445784983115881
0.822580516103221,0.445987425289259
0.822912582516503,0.446407395604032
0.823244648929786,0.447289595267205
0.823576715343069,0.448163636959944
0.823908781756351,0.448179840892557
0.824240848169634,0.446636074334027
0.824572914582917,0.444269324474325
0.824904980996199,0.442621114626778
0.825237047409482,0.443063472353529
0.825569113822765,0.445111450706134
0.825901180236047,0.44722831120673
0.82623324664933,0.448015095501034
0.826565313062612,0.447481815264406
0.826897379475895,0.446458100717593
0.827229445889178,0.445733152002449
0.82756151230246,0.445540888698551
0.827893578715743,0.445777686638851
0.828225645129026,0.446322671647709
0.828557711542308,0.446922791415594
0.828889777955591,0.447243321509879
0.829221844368874,0.446988975681485
0.829553910782156,0.446330512017391
0.829885977195439,0.445738976193626
0.830218043608722,0.445646433749817
0.830550110022004,0.445941354776903
0.830882176435287,0.446151806244182
0.83121424284857,0.445841599925888
0.831546309261852,0.445101095136571
0.831878375675135,0.444381090453499
0.832210442088418,0.444105527011868
0.8325425085017,0.444236616408452
0.832874574914983,0.444410784612193
0.833206641328266,0.444288141441158
0.833538707741548,0.44394530151995
0.833870774154831,0.443761456546718
0.834202840568114,0.444087759852931
0.834534906981396,0.444772182898358
0.834866973394679,0.445287234609343
0.835199039807962,0.445132404912717
0.835531106221244,0.444330573515541
0.835863172634527,0.44330832273617
0.83619523904781,0.442480733002398
0.836527305461092,0.441896049649391
0.836859371874375,0.441309579609151
0.837191438287658,0.440490910658443
0.83752350470094,0.43958953775233
0.837855571114223,0.439067609265746
0.838187637527505,0.439362884763658
0.838519703940788,0.440318919787169
0.838851770354071,0.441279347442404
0.839183836767354,0.441606654500976
0.839515903180636,0.441243117016977
0.839847969593919,0.440633654789014
0.840180036007201,0.440220885826186
0.840512102420484,0.440073810847132
0.840844168833767,0.439925885929331
0.841176235247049,0.439512744875272
0.841508301660332,0.438855805477888
0.841840368073615,0.438240920025883
0.842172434486897,0.437951508597051
0.84250450090018,0.437995334630545
0.842836567313463,0.438117542333198
0.843168633726745,0.438061705580747
0.843500700140028,0.437767074870261
0.843832766553311,0.437364600984647
0.844164832966593,0.436990148557195
0.844496899379876,0.436702902932893
0.844828965793159,0.436484457432104
0.845161032206441,0.436312840953374
0.845493098619724,0.436163819590203
0.845825165033007,0.436010814463248
0.846157231446289,0.435827424353997
0.846489297859572,0.435595220634394
0.846821364272854,0.435304321079906
0.847153430686137,0.4349474035906
0.84748549709942,0.434577041246999
0.847817563512703,0.43431207508308
0.848149629925985,0.434269032923845
0.848481696339268,0.434392531468132
0.84881376275255,0.434431655527799
0.849145829165833,0.434131854365173
0.849477895579116,0.433455781968578
0.849809961992398,0.432621120810004
0.850142028405681,0.431857106936401
0.850474094818964,0.431272533784938
0.850806161232247,0.430829911965315
0.851138227645529,0.430482785815044
0.851470294058812,0.430182974063129
0.851802360472094,0.429880213730755
0.852134426885377,0.429525356299145
0.85246649329866,0.429118828807729
0.852798559711942,0.42872478163071
0.853130626125225,0.428410560937634
0.853462692538508,0.428199152183905
0.85379475895179,0.428054771036378
0.854126825365073,0.427936815059783
0.854458891778356,0.427772574483069
0.854790958191638,0.427445558284903
0.855123024604921,0.426838864937208
0.855455091018204,0.4259736242427
0.855787157431486,0.425065611351929
0.856119223844769,0.424343579112959
0.856451290258052,0.423913244340705
0.856783356671334,0.423701174829739
0.857115423084617,0.423619908563419
0.8574474894979,0.423596507940569
0.857779555911182,0.423579864270181
0.858111622324465,0.423520564896672
0.858443688737747,0.423364395956778
0.85877575515103,0.423049719150069
0.859107821564313,0.422516053091261
0.859439887977596,0.421826881544528
0.859771954390878,0.42124301313996
0.860104020804161,0.421039603016569
0.860436087217443,0.421226445229839
0.860768153630726,0.421379032790681
0.861100220044009,0.42103696979294
0.861432286457291,0.420052921308426
0.861764352870574,0.418808738628472
0.862096419283857,0.417736448373314
0.862428485697139,0.417055866928063
0.862760552110422,0.416614302423228
0.863092618523705,0.416221997150667
0.863424684936987,0.415773763438528
0.86375675135027,0.415316786146792
0.864088817763553,0.414913863561895
0.864420884176835,0.414588180169121
0.864752950590118,0.414289369865364
0.865085017003401,0.413959251166037
0.865417083416683,0.413566415243655
0.865749149829966,0.413130730439143
0.866081216243249,0.412677751972711
0.866413282656531,0.412216701142933
0.866745349069814,0.411724502606842
0.867077415483097,0.411174315747664
0.867409481896379,0.410549500845101
0.867741548309662,0.409854279368141
0.868073614722945,0.409095605143669
0.868405681136227,0.408311776523238
0.86873774754951,0.407607082025558
0.869069813962793,0.407093940317855
0.869401880376075,0.406791917777117
0.869733946789358,0.406518733391416
0.87006601320264,0.406066016970605
0.870398079615923,0.405356896896397
0.870730146029206,0.404609844992918
0.871062212442488,0.404083532823801
0.871394278855771,0.403874477526742
0.871726345269054,0.403702942059478
0.872058411682336,0.40323647507208
0.872390478095619,0.402329974142569
0.872722544508902,0.401287302716897
0.873054610922184,0.400478804967196
0.873386677335467,0.400106571557395
0.87371874374875,0.399954547510747
0.874050810162032,0.39974310714568
0.874382876575315,0.399292385395911
0.874714942988598,0.398677309541785
0.87504700940188,0.398012928058197
0.875379075815163,0.397381219838559
0.875711142228446,0.396776432755461
0.876043208641728,0.396178455402213
0.876375275055011,0.395553269875794
0.876707341468294,0.394829025319439
0.877039407881576,0.393927331915963
0.877371474294859,0.39283618665737
0.877703540708142,0.391731562882702
0.878035607121424,0.390823036094147
0.878367673534707,0.390216261483319
0.87869973994799,0.389712287883131
0.879031806361272,0.389056518506849
0.879363872774555,0.388079229309542
0.879695939187838,0.386867790809012
0.88002800560112,0.385558193675663
0.880360072014403,0.384271011072886
0.880692138427686,0.383077276419281
0.881024204840968,0.382038616367032
0.881356271254251,0.381194997666983
0.881688337667533,0.380515986060007
0.882020404080816,0.379956806438173
0.882352470494099,0.379468774097637
0.882684536907381,0.378990616278197
0.883016603320664,0.378458340153595
0.883348669733947,0.377831231190496
0.883680736147229,0.377149205397139
0.884012802560512,0.376469666930479
0.884344868973795,0.375862413765057
0.884676935387077,0.375441018512914
0.88500900180036,0.375328887546349
0.885341068213643,0.375578403567016
0.885673134626925,0.37598040028044
0.886005201040208,0.376265715949012
0.886337267453491,0.37627491903341
0.886669333866773,0.376266212496786
0.887001400280056,0.376597330870519
0.887333466693339,0.377476035759749
0.887665533106621,0.378519964779501
0.887997599519904,0.379202859338062
0.888329665933187,0.379157782752259
0.888661732346469,0.378663177278678
0.888993798759752,0.378162346118959
0.889325865173035,0.378005423548228
0.889657931586317,0.378145379210758
0.8899899979996,0.378429905452559
0.890322064412883,0.378727589658426
0.890654130826165,0.37899842917503
0.890986197239448,0.379227430761247
0.89131826365273,0.379392667686108
0.891650330066013,0.379440749822242
0.891982396479296,0.379309353065076
0.892314462892579,0.378966098520761
0.892646529305861,0.378519531211401
0.892978595719144,0.37811968603831
0.893310662132426,0.377875041466468
0.893642728545709,0.377691134355708
0.893974794958992,0.37741184322073
0.894306861372274,0.37692678271772
0.894638927785557,0.376356429271853
0.89497099419884,0.375894007537428
0.895303060612122,0.375697090796294
0.895635127025405,0.37573575137227
0.895967193438688,0.375919086896828
0.89629925985197,0.376144520405526
0.896631326265253,0.376246989336969
0.896963392678536,0.37604048455602
0.897295459091818,0.375394595901487
0.897627525505101,0.374490901795568
0.897959591918384,0.373619914077873
0.898291658331666,0.373028391759603
0.898623724744949,0.372704141661712
0.898955791158232,0.372541697292305
0.899287857571514,0.37244889561952
0.899619923984797,0.372415108224488
0.89995199039808,0.372459932168238
0.900284056811362,0.372579082008031
0.900616123224645,0.372619917342399
0.900948189637928,0.372372976223473
0.90128025605121,0.371680263870077
0.901612322464493,0.370717456073999
0.901944388877776,0.369793135293196
0.902276455291058,0.369176175366493
0.902608521704341,0.368861517010525
0.902940588117623,0.368731566393942
0.903272654530906,0.36866943223624
0.903604720944189,0.36856693295066
0.903936787357472,0.368319543746067
0.904268853770754,0.367845016925033
0.904600920184037,0.367221584683822
0.904932986597319,0.366597762402755
0.905265053010602,0.366098761887988
0.905597119423885,0.365671826623698
0.905929185837167,0.365183757841002
0.90626125225045,0.364523124445685
0.906593318663733,0.363751380791242
0.906925385077015,0.363010769556621
0.907257451490298,0.362428750297246
0.907589517903581,0.362007630557801
0.907921584316863,0.361689402453154
0.908253650730146,0.361413369341565
0.908585717143429,0.361100618134792
0.908917783556711,0.360663137552766
0.909249849969994,0.360030272947861
0.909581916383277,0.359283311192644
0.909913982796559,0.35858164164197
0.910246049209842,0.358069990025735
0.910578115623125,0.35775206452168
0.910910182036407,0.357556892685343
0.91124224844969,0.35741088138047
0.911574314862973,0.357223400160556
0.911906381276255,0.356894496363542
0.912238447689538,0.356339049130786
0.912570514102821,0.355618197147858
0.912902580516103,0.354875561804352
0.913234646929386,0.354242056734783
0.913566713342669,0.353707244019501
0.913898779755951,0.353178487781655
0.914230846169234,0.352573624520651
0.914562912582516,0.351933113893969
0.914894978995799,0.351370971198706
0.915227045409082,0.350985662984143
0.915559111822364,0.350692178082056
0.915891178235647,0.350292165316259
0.91622324464893,0.349612015972942
0.916555311062212,0.348782634093017
0.916887377475495,0.348129309510697
0.917219443888778,0.347944331835344
0.91755151030206,0.348081854853731
0.917883576715343,0.348108737810032
0.918215643128626,0.347624286841028
0.918547709541908,0.346691682335591
0.918879775955191,0.345688241720837
0.919211842368474,0.34497532266343
0.919543908781756,0.344615051149484
0.919875975195039,0.344460272222379
0.920208041608322,0.344364372647274
0.920540108021604,0.344249387164292
0.920872174434887,0.344086671288516
0.92120424084817,0.343849320102194
0.921536307261452,0.343520039176104
0.921868373674735,0.34308863094653
0.922200440088018,0.342548988617375
0.9225325065013,0.341953560714326
0.922864572914583,0.341399614710291
0.923196639327866,0.34097755577871
0.923528705741148,0.340651285475415
0.923860772154431,0.340285082033734
0.924192838567714,0.339750629066598
0.924524904980996,0.339085945631189
0.924856971394279,0.338464142248839
0.925189037807562,0.33805171422117
0.925521104220844,0.337830382673284
0.925853170634127,0.337627358890207
0.926185237047409,0.337272656848637
0.926517303460692,0.336733198615051
0.926849369873975,0.336093785433936
0.927181436287257,0.335441354261911
0.92751350270054,0.334828007730702
0.927845569113823,0.334274901279374
0.928177635527105,0.333801375217109
0.928509701940388,0.333411525236009
0.928841768353671,0.333095493972144
0.929173834766953,0.332841424284335
0.929505901180236,0.332607324910305
0.929837967593519,0.332322833884561
0.930170034006801,0.331921204257042
0.930502100420084,0.331440024398159
0.930834166833367,0.331018210764038
0.931166233246649,0.330790170752364
0.931498299659932,0.330686491826505
0.931830366073215,0.33043406979526
0.932162432486497,0.329764241929338
0.93249449889978,0.328737197992988
0.932826565313063,0.327752687148436
0.933158631726345,0.327212384917949
0.933490698139628,0.327133247876025
0.933822764552911,0.327123371680819
0.934154830966193,0.326783964774832
0.934486897379476,0.32606871528751
0.934818963792758,0.325316829246257
0.935151030206041,0.324878693723119
0.935483096619324,0.324839148349703
0.935815163032606,0.324983435139637
0.936147229445889,0.325083917067607
0.936479295859172,0.325009564967231
0.936811362272455,0.32474121990267
0.937143428685737,0.324267284497029
0.93747549509902,0.32362204692369
0.937807561512302,0.322894808278751
0.938139627925585,0.322177937785701
0.938471694338868,0.321550944962604
0.93880376075215,0.321077368582798
0.939135827165433,0.320817777697704
0.939467893578716,0.320757496736797
0.939799959991998,0.320786342297361
0.940132026405281,0.32078873467301
0.940464092818564,0.320680440350218
0.940796159231846,0.320418165444585
0.941128225645129,0.319963039766489
0.941460292058412,0.319350415258995
0.941792358471694,0.318715932290347
0.942124424884977,0.318200441811433
0.94245649129826,0.317846011193379
0.942788557711542,0.317557131188801
0.943120624124825,0.317229952597493
0.943452690538108,0.316855833804126
0.94378475695139,0.316562636943854
0.944116823364673,0.316485664354942
0.944448889777955,0.316591143520717
0.944780956191238,0.316595821283883
0.945113022604521,0.316201076486479
0.945445089017804,0.315378026875691
0.945777155431086,0.314509077865132
0.946109221844369,0.314007430174067
0.946441288257652,0.313985523632969
0.946773354670934,0.31408274817954
0.947105421084217,0.313901191259457
0.947437487497499,0.313321148324705
0.947769553910782,0.312673232628547
0.948101620324065,0.312326192314561
0.948433686737348,0.312382918433174
0.94876575315063,0.312502049560547
0.949097819563913,0.312303320364173
0.949429885977195,0.31166598328115
0.949761952390478,0.310916123351732
0.950094018803761,0.310422166128957
0.950426085217043,0.310322011350254
0.950758151630326,0.310343287560542
0.951090218043609,0.310172977184202
0.951422284456891,0.309658266503184
0.951754350870174,0.308939749438707
0.952086417283457,0.308189198327387
0.952418483696739,0.307531306355813
0.952750550110022,0.30700125605149
0.953082616523305,0.306624087910457
0.953414682936587,0.306400425068972
0.95374674934987,0.306283287303814
0.954078815763153,0.306220027160699
0.954410882176435,0.306141784231424
0.954742948589718,0.305947123235399
0.955075015003001,0.305531110777122
0.955407081416283,0.304867410849832
0.955739147829566,0.30409329794181
0.956071214242849,0.30336655518661
0.956403280656131,0.302807260602262
0.956735347069414,0.302453965413305
0.957067413482697,0.302334221280589
0.957399479895979,0.302396400470997
0.957731546309262,0.302413900761827
0.958063612722544,0.302137323390176
0.958395679135827,0.301474308980048
0.95872774554911,0.300691957930285
0.959059811962392,0.300107536753173
0.959391878375675,0.299890363275957
0.959723944788958,0.299859070067785
0.96005601120224,0.299781774628345
0.960388077615523,0.299507420373681
0.960720144028806,0.299082067097425
0.961052210442088,0.298581252289656
0.961384276855371,0.298069928247028
0.961716343268654,0.297586219414778
0.962048409681936,0.297164111793099
0.962380476095219,0.296823305887934
0.962712542508502,0.296546209597118
0.963044608921784,0.296309157310165
0.963376675335067,0.296058639697396
0.96370874174835,0.295660886993556
0.964040808161632,0.294968688443204
0.964372874574915,0.293952454020875
0.964704940988197,0.292911090190002
0.96503700740148,0.292201151338214
0.965369073814763,0.29203491129945
0.965701140228046,0.292207474612323
0.966033206641328,0.292439251631296
0.966365273054611,0.292509129373297
0.966697339467894,0.292369403585652
0.967029405881176,0.292004329718586
0.967361472294459,0.291442239094707
0.967693538707741,0.290847408769422
0.968025605121024,0.290410460511668
0.968357671534307,0.29023550949801
0.968689737947589,0.290150812428994
0.969021804360872,0.289929833377791
0.969353870774155,0.289435330404806
0.969685937187438,0.28882416933649
0.97001800360072,0.288313929225066
0.970350070014003,0.288055716126532
0.970682136427285,0.287973253613082
0.971014202840568,0.287941816681757
0.971346269253851,0.287846309913
0.971678335667133,0.287605653855775
0.972010402080416,0.287146147535495
0.972342468493699,0.286446769236079
0.972674534906981,0.285679137078706
0.973006601320264,0.285059206601466
0.973338667733547,0.28472456724914
0.973670734146829,0.284515742570651
0.974002800560112,0.284203032917739
0.974334866973395,0.283648571548903
0.974666933386677,0.283073660576302
0.97499899979996,0.282787680264633
0.975331066213243,0.28298469258474
0.975663132626525,0.283392199586166
0.975995199039808,0.283620288865446
0.976327265453091,0.283390890766685
0.976659331866373,0.282891816325373
0.976991398279656,0.282432731377402
0.977323464692939,0.282235336372714
0.977655531106221,0.282139093681542
0.977987597519504,0.281880002691267
0.978319663932786,0.281274825684932
0.978651730346069,0.280502768668075
0.978983796759352,0.279844959872114
0.979315863172635,0.279509017812134
0.979647929585917,0.279359183965528
0.9799799959992,0.279160079161654
0.980312062412482,0.278735768001005
0.980644128825765,0.278196152760187
0.980976195239048,0.277736980248846
0.98130826165233,0.277513491559306
0.981640328065613,0.277478323413517
0.981972394478896,0.277521246743473
0.982304460892178,0.277533875120975
0.982636527305461,0.27741752147886
0.982968593718744,0.277076533065105
0.983300660132026,0.276458954281572
0.983632726545309,0.275746380654653
0.983964792958592,0.275198295000393
0.984296859371874,0.275008979584005
0.984628925785157,0.275010594187216
0.98496099219844,0.274911096798187
0.985293058611722,0.274486099483933
0.985625125025005,0.273898489517075
0.985957191438288,0.2734487459263
0.98628925785157,0.273365446700322
0.986621324264853,0.273448569475911
0.986953390678136,0.273341112017271
0.987285457091418,0.272765002805325
0.987617523504701,0.27192782191208
0.987949589917984,0.271221698846032
0.988281656331266,0.270972883617728
0.988613722744549,0.27108154925768
0.988945789157832,0.271280935220016
0.989277855571114,0.271328458094456
0.989609921984397,0.271142698431009
0.98994198839768,0.270707196726272
0.990274054810962,0.270036782629264
0.990606121224245,0.269359711723441
0.990938187637527,0.268993903127081
0.99127025405081,0.269186089775445
0.991602320464093,0.269675334644159
0.991934386877376,0.269982265725826
0.992266453290658,0.269705620474933
0.992598519703941,0.269019789833969
0.992930586117224,0.268355846358005
0.993262652530506,0.26807743466778
0.993594718943789,0.268019607835669
0.993926785357071,0.267774046871583
0.994258851770354,0.267003584500325
0.994590918183637,0.26594601007673
0.994922984596919,0.265113359894744
0.995255051010202,0.264950591113067
0.995587117423485,0.265327585498006
0.995919183836767,0.265832137327412
0.99625125025005,0.266077671753586
0.996583316663333,0.265908596052329
0.996915383076615,0.265285586911828
0.997247449489898,0.2642115054726
0.997579515903181,0.263059720434925
0.997911582316463,0.262398661282283
0.998243648729746,0.262707882670209
0.998575715143029,0.263624626816209
0.998907781556311,0.264333899369037
0.999239847969594,0.26411411848515
0.999571914382877,0.263161132212116
0.999903980796159,0.262180810858101
1.00023604720944,0.261818016277547
1.00056811362272,0.262037093520268
1.00090018003601,0.2624115786318
1.00123224644929,0.262542956644874
1.00156431286257,0.262367333107936
1.00189637927586,0.262018292654993
1.00222844568914,0.261626853200602
1.00256051210242,0.261268541689417
1.0028925785157,0.26098505954289
1.00322464492899,0.260811750102488
1.00355671134227,0.260717671721245
1.00388877775555,0.260630195538096
1.00422084416883,0.260480347119628
1.00455291058212,0.260249740675191
1.0048849769954,0.259952775267692
1.00521704340868,0.259607340698407
1.00554910982196,0.259267147924245
1.00588117623525,0.259009896380963
1.00621324264853,0.258903996293966
1.00654530906181,0.258893338530296
1.0068773754751,0.258836034363283
1.00720944188838,0.258600876036469
1.00754150830166,0.258221476896508
1.00787357471494,0.257848586763742
1.00820564112823,0.257625802044849
1.00853770754151,0.257560365641217
1.00886977395479,0.257559636315228
1.00920184036807,0.257536100195211
1.00953390678136,0.257510210029098
1.00986597319464,0.257583839410183
1.01019803960792,0.257844392824198
1.0105301060212,0.258129929427082
1.01086217243449,0.258084968381656
1.01119423884777,0.257381185238579
1.01152630526105,0.256205789073125
1.01185837167433,0.255160612132861
1.01219043808762,0.25482598908355
1.0125225045009,0.255196747932746
1.01285457091418,0.255783587756335
1.01318663732747,0.256103335393063
1.01351870374075,0.25602394942392
1.01385077015403,0.255711354946396
1.01418283656731,0.255336551374125
1.0145149029806,0.254990451213035
1.01484696939388,0.254693727024747
1.01517903580716,0.254464010034707
1.01551110222044,0.254305895129847
1.01584316863373,0.254212191839587
1.01617523504701,0.254174869241143
1.01650730146029,0.2541777148606
1.01683936787357,0.254196909665824
1.01717143428686,0.254206279449147
1.01750350070014,0.25413557602321
1.01783556711342,0.25387226859461
1.01816763352671,0.253312203067067
1.01849969993999,0.252581621082274
1.01883176635327,0.252034985762684
1.01916383276655,0.252020153790027
1.01949589917984,0.252483596531725
1.01982796559312,0.252963530704825
1.0201600320064,0.252995951477327
1.02049209841968,0.252504896792947
1.02082416483297,0.251820950896359
1.02115623124625,0.251286473855122
1.02148829765953,0.251032717052135
1.02182036407281,0.250962240079411
1.0221524304861,0.250967388094009
1.02248449689938,0.250977480722783
1.02281656331266,0.250963024636781
1.02314862972595,0.25089720718467
1.02348069613923,0.250768963186907
1.02381276255251,0.250585285867826
1.02414482896579,0.250355679790719
1.02447689537908,0.25013791788477
1.02480896179236,0.250046847555021
1.02514102820564,0.250195404296949
1.02547309461892,0.25052057239625
1.02580516103221,0.250745351119666
1.02613722744549,0.250587684304431
1.02646929385877,0.250042940260879
1.02680136027205,0.249454858164754
1.02713342668534,0.249182763387194
1.02746549309862,0.249312951079515
1.0277975595119,0.249578185286732
1.02812962592519,0.249692003630655
1.02846169233847,0.249538120404007
1.02879375875175,0.24922677705575
1.02912582516503,0.248882659758157
1.02945789157832,0.248572600833921
1.0297899579916,0.248283857054989
1.03012202440488,0.247998714377774
1.03045409081816,0.24773866626225
1.03078615723145,0.247580757065837
1.03111822364473,0.24760403439105
1.03145029005801,0.247773199418409
1.03178235647129,0.247886191461462
1.03211442288458,0.247731389689156
1.03244648929786,0.247295335573852
1.03277855571114,0.246862920963595
1.03311062212442,0.246740023991292
1.03344268853771,0.246990418944761
1.03377475495099,0.247302212478985
1.03410682136427,0.247334969817222
1.03443888777756,0.246980529273774
1.03477095419084,0.2465020196014
1.03510302060412,0.24619368269578
1.0354350870174,0.246169734708301
1.03576715343069,0.246246992283628
1.03609921984397,0.246215901401316
1.03643128625725,0.245979923968776
1.03676335267053,0.245634705700146
1.03709541908382,0.245293983311364
1.0374274854971,0.245012972676723
1.03775955191038,0.24474404562339
1.03809161832366,0.244429726003339
1.03842368473695,0.244071202070866
1.03875575115023,0.243775958050448
1.03908781756351,0.243662160808975
1.0394198839768,0.243783525085595
1.03975195039008,0.244073360711269
1.04008401680336,0.24445140099821
1.04041608321664,0.244791927800739
1.04074814962993,0.244881695299719
1.04108021604321,0.244498934422061
1.04141228245649,0.243618539501589
1.04174434886977,0.242607482411426
1.04207641528306,0.241878992689232
1.04240848169634,0.241662876970521
1.04274054810962,0.241810505184022
1.0430726145229,0.242126758338144
1.04340468093619,0.242464484449544
1.04373674734947,0.242778130974108
1.04406881376275,0.243034919306936
1.04440088017604,0.243164438277511
1.04473294658932,0.243013935439676
1.0450650130026,0.242420380926237
1.04539707941588,0.241409811871413
1.04572914582917,0.240436852306172
1.04606121224245,0.240015239001816
1.04639327865573,0.240363060990469
1.04672534506901,0.24100748406019
1.0470574114823,0.241378787892037
1.04738947789558,0.241145659378943
1.04772154430886,0.240549074212522
1.04805361072214,0.239914280009221
1.04838567713543,0.239468959115693
1.04871774354871,0.239196785667675
1.04904980996199,0.239044016457282
1.04938187637527,0.238977505763839
1.04971394278856,0.239017231071327
1.05004600920184,0.239191476683234
1.05037807561512,0.239480648060776
1.05071014202841,0.23973812122543
1.05104220844169,0.23979666751581
1.05137427485497,0.239581694867148
1.05170634126825,0.239272949632881
1.05203840768154,0.239093491553239
1.05237047409482,0.239166024373341
1.0527025405081,0.23932798955378
1.05303460692138,0.239366666539395
1.05336667333467,0.239144431186571
1.05369873974795,0.238743929201537
1.05403080616123,0.238288057848697
1.05436287257451,0.237884645871991
1.0546949389878,0.23759542751116
1.05502700540108,0.237473407452179
1.05535907181436,0.23751003717169
1.05569113822765,0.237503619942597
1.05602320464093,0.237214673284159
1.05635527105421,0.236550299308402
1.05668733746749,0.235894589454017
1.05701940388078,0.235729099065815
1.05735147029406,0.236318600459763
1.05768353670734,0.237199163208167
1.05801560312062,0.237755226283904
1.05834766953391,0.23756403062658
1.05867973594719,0.236868780912735
1.05901180236047,0.236057275861818
1.05934386877375,0.235440860371986
1.05967593518704,0.235053398440602
1.06000800160032,0.23486617619288
1.0603400680136,0.234848148075731
1.06067213442689,0.234960006662221
1.06100420084017,0.235160504608515
1.06133626725345,0.235388849636577
1.06166833366673,0.235509028951417
1.06200040008002,0.235366948584484
1.0623324664933,0.23488987701028
1.06266453290658,0.234329998066735
1.06299659931986,0.234020921109322
1.06332866573315,0.234176615672333
1.06366073214643,0.23451623613414
1.06399279855971,0.234631592564139
1.06432486497299,0.234234152375754
1.06465693138628,0.233545487990303
1.06498899779956,0.232923713544667
1.06532106421284,0.232646802320916
1.06565313062613,0.232635667274053
1.06598519703941,0.232712390268734
1.06631726345269,0.232725060671733
1.06664932986597,0.232640848104911
1.06698139627926,0.232460918886045
1.06731346269254,0.232201571620877
1.06764552910582,0.231950845176988
1.0679775955191,0.23181805862948
1.06830966193239,0.231873937418615
1.06864172834567,0.231999899775591
1.06897379475895,0.232019509954117
1.06930586117223,0.231804651332418
1.06963792758552,0.23147234564919
1.0699699939988,0.231217297078784
1.07030206041208,0.231186116487625
1.07063412682537,0.23127183466235
1.07096619323865,0.231284503563959
1.07129825965193,0.231072614448698
1.07163032606521,0.230693926045605
1.0719623924785,0.230277072709473
1.07229445889178,0.229935140797181
1.07262652530506,0.22969253493346
1.07295859171834,0.229542587827167
1.07329065813163,0.229479769741008
1.07362272454491,0.229505514443014
1.07395479095819,0.229623761338832
1.07428685737147,0.229829204120514
1.07461892378476,0.23006076878425
1.07495099019804,0.230236585531337
1.07528305661132,0.230283425679941
1.0756151230246,0.230182115618051
1.07594718943789,0.229934316331957
1.07627925585117,0.229545149679361
1.07661132226445,0.229042228858938
1.07694338867774,0.228462176430329
1.07727545509102,0.227853951463511
1.0776075215043,0.227349142372609
1.07793958791758,0.227113589538161
1.07827165433087,0.227274610624661
1.07860372074415,0.227689749440278
1.07893578715743,0.228101794510652
1.07926785357071,0.228284033466707
1.079599919984,0.228231334713936
1.07993198639728,0.228035896079623
1.08026405281056,0.227784892196356
1.08059611922384,0.227524824872081
1.08092818563713,0.227283729552226
1.08126025205041,0.227085034035938
1.08159231846369,0.22691683050591
1.08192438487698,0.226750618874417
1.08225645129026,0.226563380419702
1.08258851770354,0.226377318212157
1.08292058411682,0.226236555058308
1.08325265053011,0.226176050808426
1.08358471694339,0.226152475360382
1.08391678335667,0.226083361266553
1.08424884976995,0.225899916433066
1.08458091618324,0.225655316976278
1.08491298259652,0.225465714411232
1.0852450490098,0.225429506397889
1.08557711542308,0.225478827787248
1.08590918183637,0.22545732284538
1.08624124824965,0.22523037077038
1.08657331466293,0.224876006829403
1.08690538107622,0.224589181435442
1.0872374474895,0.22454265750719
1.08756951390278,0.224678298800519
1.08790158031606,0.224807160134663
1.08823364672935,0.224759250872059
1.08856571314263,0.224572409276254
1.08889777955591,0.224405915932532
1.08922984596919,0.224403225318069
1.08956191238248,0.224522879366977
1.08989397879576,0.22461200560722
1.09022604520904,0.224532051364947
1.09055811162232,0.224319253138527
1.09089017803561,0.224118493264333
1.09122224444889,0.224061083535864
1.09155431086217,0.224102294059584
1.09188637727546,0.224084582380386
1.09221844368874,0.223862855462903
1.09255051010202,0.223463809443345
1.0928825765153,0.223027724474487
1.09321464292859,0.222690341691917
1.09354670934187,0.222503156782792
1.09387877575515,0.222460184776768
1.09421084216843,0.222546175530223
1.09454290858172,0.222639879368869
1.094874974995,0.222545684971418
1.09520704140828,0.222089842125209
1.09553910782156,0.221419538792756
1.09587117423485,0.220914800754969
1.09620324064813,0.220932562573134
1.09653530706141,0.221417786185595
1.09686737347469,0.222008210100103
1.09719943988798,0.222353225892573
1.09753150630126,0.222378182630755
1.09786357271454,0.222220095557143
1.09819563912783,0.22201675823258
1.09852770554111,0.221834422036269
1.09885977195439,0.221682653107651
1.09919183836767,0.221569113869005
1.09952390478096,0.221495700504201
1.09985597119424,0.221459599290948
1.10018803760752,0.221453805972085
1.1005201040208,0.221401830149605
1.10085217043409,0.221168711402938
1.10118423684737,0.220632706527474
1.10151630326065,0.219945647594685
1.10184836967393,0.21949713935169
1.10218043608722,0.219658900863392
1.1025125025005,0.220306059733405
1.10284456891378,0.220870859295905
1.10317663532707,0.220798929040175
1.10350870174035,0.220093398574998
1.10384076815363,0.219270426989875
1.10417283456691,0.218848200003312
1.1045049009802,0.218964405793037
1.10483696739348,0.219395040418097
1.10516903380676,0.219904153867297
1.10550110022004,0.220308246555332
1.10583316663333,0.220474961710561
1.10616523304661,0.2202826207856
1.10649729945989,0.219809052440773
1.10682936587317,0.219333164258889
1.10716143228646,0.219132486479032
1.10749349869974,0.219223952798447
1.10782556511302,0.219354060842474
1.10815763152631,0.219266286998472
1.10848969793959,0.218950126762116
1.10882176435287,0.218657980544272
1.10915383076615,0.21864546005592
1.10948589717944,0.218897497564186
1.10981796359272,0.219101119977784
1.110150030006,0.218938193228195
1.11048209641928,0.218381609653796
1.11081416283257,0.217734523820815
1.11114622924585,0.217311189195646
1.11147829565913,0.217200605675653
1.11181036207241,0.217227972299336
1.1121424284857,0.217208194665437
1.11247449489898,0.217112757543328
1.11280656131226,0.217101700574545
1.11313862772555,0.217340491415149
1.11347069413883,0.21779171042164
1.11380276055211,0.218166523998704
1.11413482696539,0.218167094344513
1.11446689337868,0.21773326956177
1.11479895979196,0.217108758271425
1.11513102620524,0.216555252433081
1.11546309261852,0.216247293093125
1.11579515903181,0.216244060345203
1.11612722544509,0.216592937409272
1.11645929185837,0.217181404617696
1.11679135827165,0.217680370580546
1.11712342468494,0.217751494451455
1.11745549109822,0.217320813607024
1.1177875575115,0.216684292730719
1.11811962392479,0.216162833989333
1.11845169033807,0.215924658449627
1.11878375675135,0.215916942647731
1.11911582316463,0.216069235980397
1.11944788957792,0.216297538713715
1.1197799559912,0.216497812608637
1.12011202240448,0.216565503168519
1.12044408881776,0.216457307303496
1.12077615523105,0.216223795554947
1.12110822164433,0.215923022921728
1.12144028805761,0.215583331640201
1.12177235447089,0.215186035231068
1.12210442088418,0.214710045920644
1.12243648729746,0.214257893183451
1.12276855371074,0.214133904661331
1.12310062012402,0.21465610733235
1.12343268653731,0.215779246448452
1.12376475295059,0.216849372436782
1.12409681936387,0.217161912113372
1.12442888577716,0.216474749280523
1.12476095219044,0.215346254059645
1.12509301860372,0.214412719193289
1.125425085017,0.214018846518547
1.12575715143029,0.213984512997393
1.12608921784357,0.214075285153791
1.12642128425685,0.21412120861758
1.12675335067013,0.214071453344645
1.12708541708342,0.213888550765433
1.1274174834967,0.21359515318599
1.12774954990998,0.213328516077968
1.12808161632326,0.213238310549147
1.12841368273655,0.213404631897898
1.12874574914983,0.213770751743831
1.12907781556311,0.21426366617627
1.1294098819764,0.214766801620343
1.12974194838968,0.215075321469925
1.13007401480296,0.214974901993573
1.13040608121624,0.214422935431239
1.13073814762953,0.213736718836264
1.13107021404281,0.213278389616032
1.13140228045609,0.21322679775156
1.13173434686937,0.21336353241508
1.13206641328266,0.213418914089632
1.13239847969594,0.213250955812636
1.13273054610922,0.213002456643249
1.1330626125225,0.212854481128921
1.13339467893579,0.212899708828844
1.13372674534907,0.213026963658441
1.13405881176235,0.213096613736788
1.13439087817564,0.21300937278802
1.13472294458892,0.212761864329308
1.1350550110022,0.212364808688321
1.13538707741548,0.211894209690999
1.13571914382877,0.211586812372665
1.13605121024205,0.211703325749206
1.13638327665533,0.212308969617825
1.13671534306861,0.212973175420228
1.1370474094819,0.213189199119409
1.13737947589518,0.212705706334892
1.13771154230846,0.211940794339403
1.13804360872174,0.211421487444686
1.13837567513503,0.211444712890331
1.13870774154831,0.211680824334298
1.13903980796159,0.211695207628642
1.13937187437488,0.211250427422123
1.13970394078816,0.210661838685262
1.14003600720144,0.210341349966387
1.14036807361472,0.210525254474288
1.14070014002801,0.210939452329014
1.14103220644129,0.211218168043655
1.14136427285457,0.211122639329411
1.14169633926785,0.21079386122402
1.14202840568114,0.210443689159996
1.14236047209442,0.21024636269314
1.1426925385077,0.210258955170328
1.14302460492098,0.210515773052642
1.14335667133427,0.210982507289912
1.14368873774755,0.211405386320968
1.14402080416083,0.211487102815712
1.14435287057411,0.211063251648722
1.1446849369874,0.210410199732047
1.14501700340068,0.209896067037246
1.14534906981396,0.209796556286397
1.14568113622725,0.210068165578661
1.14601320264053,0.210598701048383
1.14634526905381,0.211240946671046
1.14667733546709,0.211723722158574
1.14700940188038,0.211748681731007
1.14734146829366,0.211155732437973
1.14767353470694,0.210293394311377
1.14800560112022,0.209627862237069
1.14833766753351,0.209490944706757
1.14866973394679,0.209699739031916
1.14900180036007,0.209948795685078
1.14933386677335,0.209999960061862
1.14966593318664,0.20987933459837
1.14999799959992,0.209677959950452
1.1503300660132,0.209483127039051
1.15066213242649,0.209366798846568
1.15099419883977,0.209397041178211
1.15132626525305,0.209597791461171
1.15165833166633,0.209807138602903
1.15199039807962,0.209814319423199
1.1523224644929,0.209478821457343
1.15265453090618,0.208966663967324
1.15298659731946,0.20852770211943
1.15331866373275,0.208369386633573
1.15365073014603,0.208506184408861
1.15398279655931,0.208897920574835
1.15431486297259,0.209462502520309
1.15464692938588,0.209922686714096
1.15497899579916,0.209944632984237
1.15531106221244,0.209312344833208
1.15564312862573,0.208380686379608
1.15597519503901,0.207678009303034
1.15630726145229,0.207612123755797
1.15663932786557,0.207981173665173
1.15697139427886,0.208392657434605
1.15730346069214,0.208521281743353
1.15763552710542,0.208388689145438
1.1579675935187,0.208128469181809
1.15829965993199,0.207870834101505
1.15863172634527,0.207727485979367
1.15896379275855,0.207803940247822
1.15929585917183,0.208159692115482
1.15962792558512,0.20859891477093
1.1599599919984,0.208837863081511
1.16029205841168,0.208658668128023
1.16062412482496,0.208222162461189
1.16095619123825,0.20782464216494
1.16128825765153,0.207702695843302
1.16162032406481,0.207733700815122
1.1619523904781,0.20766228473096
1.16228445689138,0.207282707090845
1.16261652330466,0.206697683374209
1.16294858971794,0.206127918100744
1.16328065613123,0.205768306715899
1.16361272254451,0.20564459358862
1.16394478895779,0.205715629281845
1.16427685537107,0.205928768732066
1.16460892178436,0.20615677477578
1.16494098819764,0.206242108849134
1.16527305461092,0.206068284009339
1.1656051210242,0.205801835045132
1.16593718743749,0.205728589251627
1.16626925385077,0.206074349972688
1.16660132026405,0.206633146844662
1.16693338667734,0.207011753224575
1.16726545309062,0.20687522641217
1.1675975195039,0.206322515184868
1.16792958591718,0.205647410902645
1.16826165233047,0.205121742037375
1.16859371874375,0.204838041801016
1.16892578515703,0.204805495445368
1.16925785157031,0.205023636363043
1.1695899179836,0.205419758010717
1.16992198439688,0.205886661948549
1.17025405081016,0.206317868955159
1.17058611722344,0.20661368461446
1.17091818363673,0.206677760149685
1.17125025005001,0.206435316644248
1.17158231646329,0.205997413206915
1.17191438287658,0.205570035393785
1.17224644928986,0.205337129449538
1.17257851570314,0.20527669351664
1.17291058211642,0.205258247933881
1.17324264852971,0.205169276075379
1.17357471494299,0.205073379654218
1.17390678135627,0.205129786616961
1.17423884776955,0.2054687665657
1.17457091418284,0.205932290155997
1.17490298059612,0.206201242964697
1.1752350470094,0.205996876945956
1.17556711342268,0.205461298485302
1.17589917983597,0.204980008122134
1.17623124624925,0.20490412571754
1.17656331266253,0.205188925536252
1.17689537907582,0.205553722750022
1.1772274454891,0.20573570207566
1.17755951190238,0.205698412074038
1.17789157831566,0.205544306768551
1.17822364472895,0.205373344064305
1.17855571114223,0.205234382987392
1.17888777755551,0.205143901156896
1.17921984396879,0.205115429762994
1.17955191038208,0.205133733457326
1.17988397679536,0.205164786731785
1.18021604320864,0.205170632594009
1.18054810962192,0.20506880809122
1.18088017603521,0.204746824576669
1.18121224244849,0.20411457651366
1.18154430886177,0.203379721763694
1.18187637527505,0.20295736746859
1.18220844168834,0.203227735075817
1.18254050810162,0.204039965449936
1.1828725745149,0.204863825421648
1.18320464092819,0.205194578505908
1.18353670734147,0.20498412242548
1.18386877375475,0.204520397196207
1.18420084016803,0.204088749271343
1.18453290658132,0.203820083771459
1.1848649729946,0.203727704924933
1.18519703940788,0.203817249049622
1.18552910582116,0.204022749684759
1.18586117223445,0.20422222072249
1.18619323864773,0.204297730983315
1.18652530506101,0.204219570539158
1.18685737147429,0.204029192221783
1.18718943788758,0.203769464455266
1.18752150430086,0.203473089006889
1.18785357071414,0.203164319174981
1.18818563712743,0.202867741497599
1.18851770354071,0.202618006555961
1.18884976995399,0.202458396835065
1.18918183636727,0.202430170129361
1.18951390278056,0.202531634346798
1.18984596919384,0.202723157128189
1.19017803560712,0.202962710021723
1.1905101020204,0.20318699075618
1.19084216843369,0.203313364446178
1.19117423484697,0.203263189451438
1.19150630126025,0.20305390495785
1.19183836767353,0.202793066569302
1.19217043408682,0.202589248527533
1.1925025005001,0.202496342259132
1.19283456691338,0.202515344845156
1.19316663332667,0.202641649834714
1.19349869973995,0.202792787098209
1.19383076615323,0.202808848745235
1.19416283256651,0.202536238006563
1.1944948989798,0.202054087897678
1.19482696539308,0.201680549440311
1.19515903180636,0.201731745409243
1.19549109821964,0.202186760454665
1.19582316463293,0.202668721977674
1.19615523104621,0.202796551619246
1.19648729745949,0.202522158320055
1.19681936387277,0.202159685219782
1.19715143028606,0.202031670224536
1.19748349669934,0.20217179276274
1.19781556311262,0.202289550046776
1.19814762952591,0.202089752084778
1.19847969593919,0.201654014564497
1.19881176235247,0.201499859317031
1.19914382876575,0.202152483511634
1.19947589517904,0.203598518027618
1.19980796159232,0.205185319921093
1.2001400280056,0.206238315006817
1.20047209441888,0.206510441488929
1.20080416083217,0.206276008510121
1.20113622724545,0.205838632135656
1.20146829365873,0.205430068376387
1.20180036007201,0.205191264478309
1.2021324264853,0.205253921788358
1.20246449289858,0.205613887754928
1.20279655931186,0.206090090792476
1.20312862572515,0.206491922440022
1.20346069213843,0.20671847583829
1.20379275855171,0.206789015596326
1.20412482496499,0.206730731903032
1.20445689137828,0.206550870610753
1.20478895779156,0.206229087203782
1.20512102420484,0.205744766323614
1.20545309061812,0.20516551157966
1.20578515703141,0.204685082811488
1.20611722344469,0.20450428867103
1.20644928985797,0.2046719674733
1.20678135627125,0.205013253084681
1.20711342268454,0.205336836091612
1.20744548909782,0.205529849612432
1.2077775555111,0.205598134996158
1.20810962192438,0.205557599035928
1.20844168833767,0.205436495964959
1.20877375475095,0.205282424876429
1.20910582116423,0.205144769260892
1.20943788757752,0.205078449821089
1.2097699539908,0.205147281746095
1.21010202040408,0.205414488585513
1.21043408681736,0.205844744151986
1.21076615323065,0.20623915761506
1.21109821964393,0.206385555447333
1.21143028605721,0.206225676434282
1.21176235247049,0.205964967846578
1.21209441888378,0.205833383831215
1.21242648529706,0.205926603273222
1.21275855171034,0.206102650655272
1.21309061812362,0.206196343228803
1.21342268453691,0.2061455003162
1.21375475095019,0.206075750398199
1.21408681736347,0.206131357788246
1.21441888377676,0.206309837262096
1.21475095019004,0.206332579431825
1.21508301660332,0.205892760361942
1.2154150830166,0.204968354944422
1.21574714942989,0.204091907507384
1.21607921584317,0.203858299119814
1.21641128225645,0.204479257825633
1.21674334866973,0.205397718815894
1.21707541508302,0.205968257751843
1.2174074814963,0.205881747172284
1.21773954790958,0.205522192350694
1.21807161432286,0.205358082485185
1.21840368073615,0.205597139336527
1.21873574714943,0.205889643415331
1.21906781356271,0.205815751151238
1.219399879976,0.205224559067284
1.21973194638928,0.204558442811253
1.22006401280256,0.204338579689805
1.22039607921584,0.20479298604043
1.22072814562913,0.205481297492643
1.22106021204241,0.205872218565915
1.22139227845569,0.205679265056639
1.22172434486897,0.205189937141341
1.22205641128226,0.204773882275094
1.22238847769554,0.204654103722873
1.22272054410882,0.204696328579727
1.2230526105221,0.20471319128783
1.22338467693539,0.204596178548155
1.22371674334867,0.204434652666882
1.22404880976195,0.204348453400674
1.22438087617524,0.204406741874401
1.22471294258852,0.204547171638576
1.2250450090018,0.204686390583376
1.22537707541508,0.204753582394588
1.22570914182837,0.204711444575798
1.22604120824165,0.204528282031566
1.22637327465493,0.204233190331501
1.22670534106821,0.204023857549987
1.2270374074815,0.204126876741522
1.22736947389478,0.204616115588351
1.22770154030806,0.205128587903776
1.22803360672134,0.205224354913715
1.22836567313463,0.204690662886044
1.22869773954791,0.203987208257489
1.22902980596119,0.203698340171189
1.22936187237448,0.204155037058499
1.22969393878776,0.20491077460182
1.23002600520104,0.205371645928796
1.23035807161432,0.205172607586346
1.23069013802761,0.204670603378217
1.23102220444089,0.204365407697076
1.23135427085417,0.204571662796908
1.23168633726745,0.204995959569602
1.23201840368074,0.205220847536485
1.23235047009402,0.204964347920074
1.2326825365073,0.20440251542261
1.23301460292058,0.20380849521875
1.23334666933387,0.20339088813529
1.23367873574715,0.203130540719301
1.23401080216043,0.202958258533652
1.23434286857371,0.20281826741392
1.234674934987,0.202703726947586
1.23500700140028,0.202618895946719
1.23533906781356,0.202577945132207
1.23567113422685,0.202632263683237
1.23600320064013,0.202841947621779
1.23633526705341,0.203231806349532
1.23666733346669,0.203689826670198
1.23699939987998,0.204070936420887
1.23733146629326,0.204263417050238
1.23766353270654,0.204289010942851
1.23799559911982,0.204202927909687
1.23832766553311,0.204050710383516
1.23865973194639,0.203837779312184
1.23899179835967,0.20355910858969
1.23932386477295,0.203230714849007
1.23965593118624,0.20295935946437
1.23998799759952,0.202876321323376
1.2403200640128,0.203066586091999
1.24065213042609,0.203408718391228
1.24098419683937,0.203723883800971
1.24131626325265,0.203861433143143
1.24164832966593,0.203800048045132
1.24198039607922,0.203555596392561
1.2423124624925,0.203165136941849
1.24264452890578,0.202767321383477
1.24297659531906,0.202531277850822
1.24330866173235,0.202576311217424
1.24364072814563,0.202774777899072
1.24397279455891,0.202922876510994
1.24430486097219,0.202868216464595
1.24463692738548,0.202721271343275
1.24496899379876,0.202676441659886
1.24530106021204,0.202864787683188
1.24563312662533,0.203081326653345
1.24596519303861,0.203010301635971
1.24629725945189,0.202433767857314
1.24662932586517,0.201671750377723
1.24696139227846,0.201228793842629
1.24729345869174,0.201495970114857
1.24762552510502,0.202214524829381
1.2479575915183,0.202896780911924
1.24828965793159,0.2031355284959
1.24862172434487,0.20299352899483
1.24895379075815,0.202704637816157
1.24928585717143,0.202479644784886
1.24961792358472,0.20238680267485
1.249949989998,0.20244055774095
1.25028205641128,0.202637533910729
1.25061412282456,0.202862620499883
1.25094618923785,0.20295725824577
1.25127825565113,0.202803936853293
1.25161032206441,0.202554520987859
1.2519423884777,0.202469460906533
1.25227445489098,0.202747148991309
1.25260652130426,0.203162064593911
1.25293858771754,0.203312722014856
1.25327065413083,0.202879019945035
1.25360272054411,0.202117046160531
1.25393478695739,0.201531173780559
1.25426685337067,0.201540805822385
1.25459891978396,0.201931144435963
1.25493098619724,0.202206054205846
1.25526305261052,0.201955427039392
1.2555951190238,0.20142804503774
1.25592718543709,0.20117502337148
1.25625925185037,0.201657557309419
1.25659131826365,0.202614077533704
1.25692338467694,0.203442154523385
1.25725545109022,0.203614596693133
1.2575875175035,0.203223222907839
1.25791958391678,0.202661619427171
1.25825165033007,0.202289116867778
1.25858371674335,0.202153949583848
1.25891578315663,0.202147287434653
1.25924784956991,0.202165321247547
1.2595799159832,0.202159705662237
1.25991198239648,0.202110940944438
1.26024404880976,0.202002006830155
1.26057611522304,0.201836372277041
1.26090818163633,0.201628503030815
1.26124024804961,0.201397192114214
1.26157231446289,0.201201398302332
1.26190438087618,0.201122345674729
1.26223644728946,0.201227470439897
1.26256851370274,0.201445339802013
1.26290058011602,0.201625285682453
1.26323264652931,0.201636116558721
1.26356471294259,0.201556023728728
1.26389677935587,0.201586524200451
1.26422884576915,0.201898610665705
1.26456091218244,0.202319251120109
1.26489297859572,0.202466808934909
1.265225045009,0.202004579182583
1.26555711142228,0.201129354551863
1.26588917783557,0.200373018706121
1.26622124424885,0.200224053730828
1.26655331066213,0.200591914823859
1.26688537707542,0.201011796342046
1.2672174434887,0.201045622627644
1.26754950990198,0.200650472462474
1.26788157631526,0.200046310117512
1.26821364272855,0.199453425083212
1.26854570914183,0.199033379304962
1.26887777555511,0.198907319053928
1.26920984196839,0.199178423232997
1.26954190838168,0.199724061959055
1.26987397479496,0.200262159706399
1.27020604120824,0.200525797484309
1.27053810762152,0.200497943691207
1.27087017403481,0.200343552179081
1.27120224044809,0.200219685528919
1.27153430686137,0.20010992396792
1.27186637327466,0.199867367533535
1.27219843968794,0.1993604117947
1.27253050610122,0.198738638796927
1.2728625725145,0.198370029895098
1.27319463892779,0.198601216105157
1.27352670534107,0.199345298227257
1.27385877175435,0.200169702624274
1.27419083816763,0.200652772574559
1.27452290458092,0.200697828545932
1.2748549709942,0.200474791404057
1.27518703740748,0.200154466034738
1.27551910382076,0.199787800826712
1.27585117023405,0.199324059019001
1.27618323664733,0.198718003519668
1.27651530306061,0.198085183704473
1.27684736947389,0.197681982266301
1.27717943588718,0.197754242733772
1.27751150230046,0.198250014427652
1.27784356871374,0.198849486831537
1.27817563512703,0.199234387929119
1.27850770154031,0.19930061131445
1.27883976795359,0.199142193563758
1.27917183436687,0.198861373619884
1.27950390078016,0.198577876209592
1.27983596719344,0.198428207959372
1.28016803360672,0.198541169686866
1.28050010002,0.198857357416739
1.28083216643329,0.199132250654807
1.28116423284657,0.19912311768236
1.28149629925985,0.198809510100964
1.28182836567313,0.198396409212498
1.28216043208642,0.198094639070603
1.2824924984997,0.19800524623856
1.28282456491298,0.198114325410233
1.28315663132627,0.198401080457549
1.28348869773955,0.198807909618004
1.28382076415283,0.199237695656352
1.28415283056611,0.199591707045249
1.2844848969794,0.199777352770069
1.28481696339268,0.199708741416412
1.28514902980596,0.199305646919826
1.28548109621924,0.198649668387514
1.28581316263253,0.198007852930519
1.28614522904581,0.19765150720657
1.28647729545909,0.197650506442257
1.28680936187237,0.19783703072254
1.28714142828566,0.198031679290527
1.28747349469894,0.198125696609451
1.28780556111222,0.198095977553271
1.28813762752551,0.197925499670811
1.28846969393879,0.197631643860521
1.28880176035207,0.197274873269432
1.28913382676535,0.196918647548519
1.28946589317864,0.196635066004677
1.28979795959192,0.196507330269418
1.2901300260052,0.196616429939846
1.29046209241848,0.196923384727648
1.29079415883177,0.197230030146727
1.29112622524505,0.197330927557558
1.29145829165833,0.197176336413626
1.29179035807161,0.196929536475115
1.2921224244849,0.196767312957778
1.29245449089818,0.196774147923211
1.29278655731146,0.196904138007485
1.29311862372474,0.197100713259898
1.29345069013803,0.197266422218182
1.29378275655131,0.197244376127462
1.29411482296459,0.196876896990533
1.29444688937788,0.196224150348537
1.29477895579116,0.195673624635949
1.29511102220444,0.195634494113533
1.29544308861772,0.196167445429226
1.29577515503101,0.196794513396235
1.29610722144429,0.196998097393608
1.29643928785757,0.196633343523133
1.29677135427085,0.196148880801311
1.29710342068414,0.196042000228185
1.29743548709742,0.196467432798241
1.2977675535107,0.197016491519527
1.29809961992398,0.19723208886418
1.29843168633727,0.196925344715519
1.29876375275055,0.196361298513483
1.29909581916383,0.195847972414521
1.29942788557712,0.19558927842678
1.2997599519904,0.195606368960065
1.30009201840368,0.195900779998067
1.30042408481696,0.196379051534748
1.30075615123025,0.196776836083804
1.30108821764353,0.196813863717324
1.30142028405681,0.1963854847273
1.30175235047009,0.195713744709861
1.30208441688338,0.195056113461465
1.30241648329666,0.194613990055419
1.30274854970994,0.194480353031219
1.30308061612322,0.194734796627435
1.30341268253651,0.1953363090224
1.30374474894979,0.19600562334495
1.30407681536307,0.196436956720526
1.30440888177636,0.196468248307419
1.30474094818964,0.196230397622108
1.30507301460292,0.195889794072473
1.3054050810162,0.195578134270607
1.30573714742949,0.195353769275677
1.30606921384277,0.195265563345953
1.30640128025605,0.195325403272739
1.30673334666933,0.195464604789372
1.30706541308262,0.195604005480191
1.3073974794959,0.195691012057501
1.30772954590918,0.195732752274402
1.30806161232246,0.195744423866525
1.30839367873575,0.195720477054258
1.30872574514903,0.195607152387055
1.30905781156231,0.195344087713935
1.3093898779756,0.194950910869922
1.30972194438888,0.194639506744088
1.31005401080216,0.194649766428411
1.31038607721544,0.195063103326193
1.31071814362873,0.195568178104785
1.31105021004201,0.19579462367784
1.31138227645529,0.195527324537366
1.31171434286857,0.194948113688602
1.31204640928186,0.194301520663884
1.31237847569514,0.193783653239348
1.31271054210842,0.193461542459892
1.3130426085217,0.193380996563794
1.31337467493499,0.193556048759098
1.31370674134827,0.193913964209369
1.31403880776155,0.194367290759959
1.31437087417483,0.194811714110803
1.31470294058812,0.195095129546905
1.3150350070014,0.195057192439857
1.31536707341468,0.194626156406551
1.31569913982797,0.193989726293089
1.31603120624125,0.193383058066535
1.31636327265453,0.192997407799289
1.31669533906781,0.192890102989723
1.3170274054811,0.193093043387146
1.31735947189438,0.193566278407813
1.31769153830766,0.194045855072097
1.31802360472094,0.194224570398944
1.31835567113423,0.19392521551993
1.31868773754751,0.193390651929433
1.31901980396079,0.19294881479864
1.31935187037407,0.192826578845631
1.31968393678736,0.19291114934136
1.32001600320064,0.193018649413066
1.32034806961392,0.19301775790033
1.32068013602721,0.192959040605568
1.32101220244049,0.192932401732737
1.32134426885377,0.19298016105854
1.32167633526705,0.192974119050679
1.32200840168034,0.192747883323679
1.32234046809362,0.192221972348255
1.3226725345069,0.191639782730769
1.32300460092018,0.191320004575173
1.32333666733347,0.191476065413656
1.32366873374675,0.191916294918899
1.32400080016003,0.192351982413039
1.32433286657331,0.192557504772306
1.3246649329866,0.192556473539002
1.32499699939988,0.192434231205077
1.32532906581316,0.192275112177847
1.32566113222645,0.192159440157071
1.32599319863973,0.192166527362713
1.32632526505301,0.192329485622241
1.32665733146629,0.192484998207467
1.32698939787958,0.192417607156963
1.32732146429286,0.191992121433656
1.32765353070614,0.191427048254223
1.32798559711942,0.191038609745381
1.32831766353271,0.191065182630856
1.32864972994599,0.191388694583845
1.32898179635927,0.19178956002625
1.32931386277255,0.192080960727076
1.32964592918584,0.192229820234232
1.32997799559912,0.192248269155679
1.3303100620124,0.192157073861874
1.33064212842569,0.19201933134026
1.33097419483897,0.191911061938838
1.33130626125225,0.191893515414543
1.33163832766553,0.191953144623516
1.33197039407882,0.192052816964171
1.3323024604921,0.192153080984104
1.33263452690538,0.192202384859428
1.33296659331866,0.19214523198717
1.33329865973195,0.191943313004178
1.33363072614523,0.191651589016736
1.33396279255851,0.191356518935849
1.33429485897179,0.191133130942059
1.33462692538508,0.190991776566784
1.33495899179836,0.190920232879161
1.33529105821164,0.190908266349348
1.33562312462493,0.190957426846637
1.33595519103821,0.191073504703209
1.33628725745149,0.191254069692789
1.33661932386477,0.191447231984834
1.33695139027806,0.191582712292285
1.33728345669134,0.191606580804165
1.33761552310462,0.191566939478807
1.3379475895179,0.191551166315366
1.33827965593119,0.191625557520874
1.33861172234447,0.191719541108074
1.33894378875775,0.191708123235223
1.33927585517103,0.191498333562415
1.33960792158432,0.191212869505251
1.3399399879976,0.191063200611973
1.34027205441088,0.191217871582342
1.34060412082416,0.191544595339125
1.34093618723745,0.191783513856544
1.34126825365073,0.191712026355131
1.34160032006401,0.191378086948306
1.3419323864773,0.190948265660138
1.34226445289058,0.190579582905031
1.34259651930386,0.190352809574712
1.34292858571714,0.190314135657457
1.34326065213043,0.190494362794369
1.34359271854371,0.19080666761894
1.34392478495699,0.191109333327199
1.34425685137027,0.191271244189257
1.34458891778356,0.191248189997384
1.34492098419684,0.19103781133304
1.34525305061012,0.190655220094855
1.3455851170234,0.190260095058291
1.34591718343669,0.19008434390759
1.34624924984997,0.190324135910248
1.34658131626325,0.190859856015893
1.34691338267654,0.191409796317317
1.34724544908982,0.191718705418251
1.3475775155031,0.191778359627241
1.34790958191638,0.191711330274562
1.34824164832967,0.19163039359768
1.34857371474295,0.191545633922774
1.34890578115623,0.191410922894442
1.34923784756951,0.191192056924411
1.3495699139828,0.190977011737285
1.34990198039608,0.190922819310942
1.35023404680936,0.191168989053258
1.35056611322264,0.191669202620182
1.35089817963593,0.192269040816898
1.35123024604921,0.192812180323218
1.35156231246249,0.193134132392324
1.35189437887578,0.193065435559722
1.35222644528906,0.192475009016551
1.35255851170234,0.191658039737577
1.35289057811562,0.19117480890902
1.35322264452891,0.191529336500262
1.35355471094219,0.19252670053609
1.35388677735547,0.193526497051436
1.35421884376875,0.193931918075488
1.35455091018204,0.193732723805865
1.35488297659532,0.193303947708051
1.3552150430086,0.193004233367297
1.35554710942188,0.192901656917789
1.35587917583517,0.192866796804106
1.35621124224845,0.192778241906075
1.35654330866173,0.192668449392058
1.35687537507502,0.192677579848054
1.3572074414883,0.192927642481834
1.35753950790158,0.193264146692904
1.35787157431486,0.193333440988921
1.35820364072815,0.192809260075824
1.35853570714143,0.191816857384067
1.35886777355471,0.190818058340937
1.35919983996799,0.190260785516016
1.35953190638128,0.19024811995792
1.35986397279456,0.19061798599215
1.36019603920784,0.191197914964284
1.36052810562112,0.191763103957299
1.36086017203441,0.192047713248202
1.36119223844769,0.191808649898458
1.36152430486097,0.191189267769621
1.36185637127425,0.190647886313777
1.36218843768754,0.190626227786633
1.36252050410082,0.191114457408975
1.3628525705141,0.191724041990832
1.36318463692739,0.192069072387016
1.36351670334067,0.192010782309489
1.36384876975395,0.191623358599852
1.36418083616723,0.19099148671433
1.36451290258052,0.190269462872124
1.3648449689938,0.189673892806507
1.36517703540708,0.189415703401018
1.36550910182036,0.189542907852565
1.36584116823365,0.189953810940479
1.36617323464693,0.190537887326269
1.36650530106021,0.19111839571067
1.36683736747349,0.191456260641458
1.36716943388678,0.1913248863525
1.36750150030006,0.190821150686196
1.36783356671334,0.190357244252264
1.36816563312663,0.19034167426015
1.36849769953991,0.190783500650593
1.36882976595319,0.191291035493417
1.36916183236647,0.191470990106437
1.36949389877976,0.19130698410474
1.36982596519304,0.19117189025892
1.37015803160632,0.191439760801794
1.3704900980196,0.192049380098091
1.37082216443289,0.192476622744436
1.37115423084617,0.192196772107227
1.37148629725945,0.191266846710522
1.37181836367273,0.190383154370141
1.37215043008602,0.190255141891026
1.3724824964993,0.190976095375481
1.37281456291258,0.191942161057898
1.37314662932587,0.192526195889552
1.37347869573915,0.192496569732813
1.37381076215243,0.192080698211639
1.37414282856571,0.191530569082234
1.374474894979,0.191061854191228
1.37480696139228,0.190846570113186
1.37513902780556,0.191046725939507
1.37547109421884,0.191565095430195
1.37580316063213,0.191984345160802
1.37613522704541,0.191879105743583
1.37646729345869,0.191245892073628
1.37679935987197,0.190619329190143
1.37713142628526,0.190558027713084
1.37746349269854,0.191147299711601
1.37779555911182,0.191850578874437
1.37812762552511,0.192098350115799
1.37845969193839,0.191678703775388
1.37879175835167,0.190862843166407
1.37912382476495,0.189954769178436
1.37945589117824,0.189179254385774
1.37978795759152,0.188649941022552
1.3801200240048,0.188470489485457
1.38045209041808,0.188656815475628
1.38078415683137,0.189098624999709
1.38111622324465,0.189675773381801
1.38144828965793,0.19026630366558
1.38178035607121,0.190745581172404
1.3821124224845,0.190990863445987
1.38244448889778,0.190992158661369
1.38277655531106,0.190911694074764
1.38310862172434,0.190924293763068
1.38344068813763,0.191083439475259
1.38377275455091,0.191251380315846
1.38410482096419,0.191274904175273
1.38443688737748,0.191089694270033
1.38476895379076,0.190775847046543
1.38510102020404,0.19042621592834
1.38543308661732,0.190095256982349
1.38576515303061,0.189772964163061
1.38609721944389,0.189443493087516
1.38642928585717,0.189118290853403
1.38676135227045,0.188856030380187
1.38709341868374,0.188719760500667
1.38742548509702,0.188740081884438
1.3877575515103,0.188889696440878
1.38808961792358,0.189135301641546
1.38842168433687,0.189444216456251
1.38875375075015,0.189784925386156
1.38908581716343,0.190125803676716
1.38941788357672,0.190405981800405
1.38974994999,0.190509080658012
1.39008201640328,0.190313679335789
1.39041408281656,0.189845328434239
1.39074614922985,0.189417844348745
1.39107821564313,0.189377164521554
1.39141028205641,0.189826885922466
1.39174234846969,0.190380831838799
1.39207441488298,0.190595960981296
1.39240648129626,0.190284130761816
1.39273854770954,0.189788236822497
1.39307061412282,0.189516944866995
1.39340268053611,0.189686823657221
1.39373474694939,0.190099890721806
1.39406681336267,0.19050467153851
1.39439887977596,0.190706939694802
1.39473094618924,0.190639202450776
1.39506301260252,0.190251406148555
1.3953950790158,0.189621791005092
1.39572714542909,0.18912398832761
1.39605921184237,0.189172451322477
1.39639127825565,0.189893901189218
1.39672334466893,0.19073330195888
1.39705541108222,0.191039074436053
1.3973874774955,0.190491818228419
1.39771954390878,0.189584273371778
1.39805161032206,0.188931590827611
1.39838367673535,0.188877576274389
1.39871574314863,0.189076052206305
1.39904780956191,0.189073673585664
1.39937987597519,0.188642964692186
1.39971194238848,0.188147224522634
1.40004400880176,0.188045342849399
1.40037607521504,0.188588144477192
1.40070814162833,0.189463515288814
1.40104020804161,0.190265902523266
1.40137227445489,0.190684652051073
1.40170434086817,0.190671777270309
1.40203640728146,0.190224441909041
1.40236847369474,0.189415449495138
1.40270054010802,0.188537467225152
1.4030326065213,0.187923325108914
1.40336467293459,0.187786457742914
1.40369673934787,0.187981755510557
1.40402880576115,0.188297272234787
1.40436087217443,0.188565541379508
1.40469293858772,0.188756293002689
1.405025005001,0.188865645928284
1.40535707141428,0.188890435132748
1.40568913782757,0.18882981306456
1.40602120424085,0.188683382944639
1.40635327065413,0.18846692290119
1.40668533706741,0.188249741671053
1.4070174034807,0.188112237059188
1.40734946989398,0.188113596059543
1.40768153630726,0.188240356820967
1.40801360272054,0.188463514743934
1.40834566913383,0.188734058512723
1.40867773554711,0.188932258085657
1.40900980196039,0.188922811822054
1.40934186837367,0.188645209450986
1.40967393478696,0.188312955961683
1.41000600120024,0.188202468498236
1.41033806761352,0.188472195696506
1.41067013402681,0.188833315412913
1.41100220044009,0.188891389317917
1.41133426685337,0.18839313065483
1.41166633326665,0.187638507694751
1.41199839967994,0.187063748041645
1.41233046609322,0.186984909932872
1.4126625325065,0.187227291440102
1.41299459891978,0.187491578611955
1.41332666533307,0.187548180355172
1.41365873174635,0.187459633554866
1.41399079815963,0.187365112764235
1.41432286457291,0.187373530782814
1.4146549309862,0.187462136441858
1.41498699739948,0.187572406586387
1.41531906381276,0.187655674093592
1.41565113022605,0.187707560268244
1.41598319663933,0.187736130951447
1.41631526305261,0.187749767310953
1.41664732946589,0.187758326064932
1.41697939587918,0.187772092954054
1.41731146229246,0.187792269282202
1.41764352870574,0.187776268112151
1.41797559511902,0.187668319679677
1.41830766153231,0.187432360514799
1.41863972794559,0.187130816458362
1.41897179435887,0.186856839985619
1.41930386077215,0.186693744834583
1.41963592718544,0.186673578879228
1.41996799359872,0.186811835274376
1.420300060012,0.187093314266776
1.42063212642529,0.187339016421712
1.42096419283857,0.187315531904015
1.42129625925185,0.186864175007791
1.42162832566513,0.186240860784764
1.42196039207842,0.185844826438604
1.4222924584917,0.185987601595045
1.42262452490498,0.186473993805388
1.42295659131826,0.18692857674375
1.42328865773155,0.18704628151709
1.42362072414483,0.186938809946798
1.42395279055811,0.186871115766534
1.42428485697139,0.187048133503899
1.42461692338468,0.187303540572632
1.42494898979796,0.187329962739362
1.42528105621124,0.18689426648508
1.42561312262452,0.186238859239835
1.42594518903781,0.185793651087554
1.42627725545109,0.18590146590641
1.42660932186437,0.186322396164363
1.42694138827766,0.186580101003311
1.42727345469094,0.18629062410877
1.42760552110422,0.185705865372233
1.4279375875175,0.185344964335169
1.42826965393079,0.185636605359409
1.42860172034407,0.186355837006383
1.42893378675735,0.186994983931746
1.42926585317063,0.187114913480939
1.42959791958392,0.186783773276023
1.4299299859972,0.186296398326075
1.43026205241048,0.185921125733726
1.43059411882376,0.185713595757083
1.43092618523705,0.185631018257539
1.43125825165033,0.185635136615162
1.43159031806361,0.185728373716933
1.4319223844769,0.185932543394926
1.43225445089018,0.186258784167989
1.43258651730346,0.186629532189814
1.43291858371674,0.186923664200951
1.43325065013003,0.187030881147721
1.43358271654331,0.186935290754695
1.43391478295659,0.186668890744209
1.43424684936987,0.186274121195344
1.43457891578316,0.185883495507624
1.43491098219644,0.185676917126746
1.43524304860972,0.185803447732343
1.435575115023,0.186122263690675
1.43590718143629,0.186335873610653
1.43623924784957,0.186181250315835
1.43657131426285,0.185739871999332
1.43690338067614,0.185285629280264
1.43723544708942,0.185072401298712
1.4375675135027,0.185129627667844
1.43789957991598,0.185357333477636
1.43823164632927,0.185655603097044
1.43856371274255,0.18594168413867
1.43889577915583,0.186143048169293
1.43922784556911,0.186196721006852
1.4395599119824,0.186141435519666
1.43989197839568,0.186078197117789
1.44022404480896,0.18609797354078
1.44055611122224,0.186168108499169
1.44088817763553,0.186177890769065
1.44122024404881,0.186027748131439
1.44155231046209,0.185763657514169
1.44188437687538,0.18552643337302
1.44221644328866,0.185452681729685
1.44254850970194,0.185606268763521
1.44288057611522,0.186002119974373
1.44321264252851,0.186638067458957
1.44354470894179,0.187306564698138
1.44387677535507,0.187658491429127
1.44420884176835,0.187372529928523
1.44454090818164,0.186533284197488
1.44487297459492,0.185515261612481
1.4452050410082,0.1846886140177
1.44553710742148,0.184262769611191
1.44586917383477,0.184328327397377
1.44620124024805,0.184951472488243
1.44653330666133,0.185889229473102
1.44686537307461,0.186665480910707
1.4471974394879,0.186829916132319
1.44752950590118,0.186398614130183
1.44786157231446,0.185751455287155
1.44819363872775,0.185261699676296
1.44852570514103,0.185035007637209
1.44885777155431,0.184961213563545
1.44918983796759,0.184929966205702
1.44952190438088,0.18493248722089
1.44985397079416,0.185044239262886
1.45018603720744,0.185337892730269
1.45051810362072,0.185792921152442
1.45085017003401,0.186309275558791
1.45118223644729,0.186781076298498
1.45151430286057,0.187039481354625
1.45184636927385,0.186860136726724
1.45217843568714,0.18603856441239
1.45251050210042,0.184801650322249
1.4528425685137,0.183769465265723
1.45317463492699,0.183549535672406
1.45350670134027,0.184163608666446
1.45383876775355,0.185085253552712
1.45417083416683,0.185784177720082
1.45450290058012,0.186080431415094
1.4548349669934,0.18613027816336
1.45516703340668,0.186098548810565
1.45549909981996,0.186040633552756
1.45583116623325,0.185903373344151
1.45616323264653,0.185632682488197
1.45649529905981,0.18526448891981
1.45682736547309,0.184926859439185
1.45715943188638,0.184748466595453
1.45749149829966,0.184764597860263
1.45782356471294,0.184912077381997
1.45815563112623,0.185121829480157
1.45848769753951,0.185293105412405
1.45881976395279,0.185290807243038
1.45915183036607,0.184985760296671
1.45948389677936,0.18446708222006
1.45981596319264,0.184068388083536
1.46014802960592,0.184125660649435
1.4604800960192,0.184646497564343
1.46081216243249,0.185260316390207
1.46114422884577,0.18558565808526
1.46147629525905,0.185545012590264
1.46180836167233,0.185421120387261
1.46214042808562,0.185509584315555
1.4624724944989,0.185830356940011
1.46280456091218,0.186066335506118
1.46313662732547,0.185887960816892
1.46346869373875,0.185252432897235
1.46380076015203,0.184478694376895
1.46413282656531,0.183905367522234
1.4644648929786,0.183713531822546
1.46479695939188,0.183878768410054
1.46512902580516,0.184360463703852
1.46546109221844,0.185027836240758
1.46579315863173,0.185629868836591
1.46612522504501,0.185912674007049
1.46645729145829,0.185849720912566
1.46678935787157,0.18572786691087
1.46712142428486,0.185851315273742
1.46745349069814,0.186255845802308
1.46778555711142,0.186595679609647
1.46811762352471,0.186502099401264
1.46844968993799,0.185910068588514
1.46878175635127,0.185200008178472
1.46911382276455,0.184784552381478
1.46944588917784,0.184852587600734
1.46977795559112,0.185253829152962
1.4701100220044,0.185809496478382
1.47044208841768,0.186329900946308
1.47077415483097,0.186608357359984
1.47110622124425,0.186439824315723
1.47143828765753,0.185821019259163
1.47177035407081,0.185073348561581
1.4721024204841,0.184545957025992
1.47243448689738,0.184427354430513
1.47276655331066,0.184638853935691
1.47309861972394,0.185076001334897
1.47343068613723,0.185601848771886
1.47376275255051,0.186024159940049
1.47409481896379,0.186147119307113
1.47442688537708,0.185915204594476
1.47475895179036,0.185520086535991
1.47509101820364,0.185177885169343
1.47542308461692,0.185021339074043
1.47575515103021,0.18503119471398
1.47608721744349,0.185171598912841
1.47641928385677,0.185360985883156
1.47675135027005,0.185432136602522
1.47708341668334,0.185209659244797
1.47741548309662,0.184667514409019
1.4777475495099,0.184069186524178
1.47807961592318,0.183710562647022
1.47841168233647,0.183727450977479
1.47874374874975,0.183935166917208
1.47907581516303,0.184111645087514
1.47940788157632,0.184145731220462
1.4797399479896,0.184154743406764
1.48007201440288,0.184283685842256
1.48040408081616,0.184592619623205
1.48073614722945,0.18496092591829
1.48106821364273,0.185245291105286
1.48140028005601,0.185366541435382
1.48173234646929,0.185386174605953
1.48206441288258,0.185384227807859
1.48239647929586,0.185412298194477
1.48272854570914,0.185457463868224
1.48306061212242,0.185497800366805
1.48339267853571,0.185483454142852
1.48372474494899,0.185299096186041
1.48405681136227,0.184820386537388
1.48438887777556,0.184074332301433
1.48472094418884,0.183455282503704
1.48505301060212,0.183412093940894
1.4853850770154,0.184123619223891
1.48571714342869,0.185093716487695
1.48604920984197,0.185724229814078
1.48638127625525,0.185653235131975
1.48671334266853,0.185126071838295
1.48704540908182,0.184484615591727
1.4873774754951,0.184006787989812
1.48770954190838,0.183798668665877
1.48804160832166,0.183937709743076
1.48837367473495,0.184415100007809
1.48870574114823,0.184984569083418
1.48903780756151,0.185359749077033
1.4893698739748,0.185367933574893
1.48970194038808,0.185159790882737
1.49003400680136,0.184943212925007
1.49036607321464,0.184869596593149
1.49069813962793,0.184923346888816
1.49103020604121,0.185058176012497
1.49136227245449,0.185218339855901
1.49169433886777,0.185319278249242
1.49202640528106,0.185270997648625
1.49235847169434,0.185048254915453
1.49269053810762,0.184830268502273
1.4930226045209,0.184836578892102
1.49335467093419,0.185182781791836
1.49368673734747,0.185645255401434
1.49401880376075,0.185931595062755
1.49435087017403,0.185850008275341
1.49468293658732,0.185547569393541
1.4950150030006,0.185242833812563
1.49534706941388,0.185086495000596
1.49567913582717,0.184991552484254
1.49601120224045,0.184819054281075
1.49634326865373,0.184509060717282
1.49667533506701,0.184287607450852
1.4970074014803,0.184445479621529
1.49733946789358,0.185113949546083
1.49767153430686,0.185828573280563
1.49800360072014,0.18598666863017
1.49833566713343,0.185231046155497
1.49866773354671,0.184154430301542
1.49899979995999,0.183581308369332
1.49933186637327,0.184088691046446
1.49966393278656,0.185255887815725
1.49999599919984,0.186413196890327
1.50032806561312,0.187028401226448
1.50066013202641,0.187131079244724
1.50099219843969,0.186895595514771
1.50132426485297,0.186491744407562
1.50165633126625,0.186070933086885
1.50198839767954,0.185779797771288
1.50232046409282,0.185706479432495
1.5026525305061,0.185678709432328
1.50298459691938,0.185451875209862
1.50331666333267,0.184873912056949
1.50364872974595,0.184219210958347
1.50398079615923,0.183885301104284
1.50431286257251,0.184163076222176
1.5046449289858,0.184834020123172
1.50497699539908,0.185528496980389
1.50530906181236,0.185935494153317
1.50564112822564,0.186029725645351
1.50597319463893,0.185873449087528
1.50630526105221,0.185542220189001
1.50663732746549,0.185180074700544
1.50696939387878,0.184952980317332
1.50730146029206,0.184988469669392
1.50763352670534,0.18521046254146
1.50796559311862,0.185475908332825
1.50829765953191,0.185657347983081
1.50862972594519,0.185712364378272
1.50896179235847,0.185627420806261
1.50929385877175,0.185399566101992
1.50962592518504,0.1850859104528
1.50995799159832,0.184764738754883
1.5102900580116,0.184502398904943
1.51062212442488,0.184294663516039
1.51095419083817,0.18411161480142
1.51128625725145,0.183942104506293
1.51161832366473,0.183889421778097
1.51195039007802,0.184099845415987
1.5122824564913,0.184669118153491
1.51261452290458,0.185375401337018
1.51294658931786,0.185874123392431
1.51327865573115,0.185885883433209
1.51361072214443,0.185555117972793
1.51394278855771,0.185196288962829
1.51427485497099,0.185082485859725
1.51460692138428,0.185201958166576
1.51493898779756,0.185424765078736
1.51527105421084,0.185626121136358
1.51560312062412,0.1857199171202
1.51593518703741,0.185636580297794
1.51626725345069,0.185330189475228
1.51659931986397,0.18492698171582
1.51693138627726,0.184629513397978
1.51726345269054,0.184606488634705
1.51759551910382,0.184767125309574
1.5179275855171,0.184902153149696
1.51825965193039,0.184837032204971
1.51859171834367,0.184673553205103
1.51892378475695,0.184643819950016
1.51925585117023,0.184938305383228
1.51958791758352,0.185402576327973
1.5199199839968,0.185714673918209
1.52025205041008,0.185601662268226
1.52058411682336,0.185211645092635
1.52091618323665,0.184904353052686
1.52124824964993,0.184990065792767
1.52158031606321,0.185328498897614
1.5219123824765,0.185545959927439
1.52224444888978,0.185318278266864
1.52257651530306,0.184788809920403
1.52290858171634,0.184351263262388
1.52324064812963,0.184355634953576
1.52357271454291,0.184710515730238
1.52390478095619,0.185080927124445
1.52423684736947,0.185161034868903
1.52456891378276,0.184954507926037
1.52490098019604,0.184641046038395
1.52523304660932,0.184395934593451
1.5255651130226,0.184327348566497
1.52589717943589,0.184503966211955
1.52622924584917,0.184971825123486
1.52656131226245,0.185542156140544
1.52689337867574,0.185884479209636
1.52722544508902,0.185708541417648
1.5275575115023,0.185190129673649
1.52788957791558,0.184796372795242
1.52822164432887,0.184948603932111
1.52855371074215,0.185479990619785
1.52888577715543,0.185845400682902
1.52921784356871,0.185548327006079
1.529549909982,0.18474914108094
1.52988197639528,0.184044882060417
1.53021404280856,0.183991966407024
1.53054610922184,0.184520855396116
1.53087817563513,0.185133513936421
1.53121024204841,0.185357294739388
1.53154230846169,0.185154021410037
1.53187437487498,0.184791528693503
1.53220644128826,0.184530316860384
1.53253850770154,0.18444016972303
1.53287057411482,0.18445204413465
1.53320264052811,0.184495782496999
1.53353470694139,0.184530727666309
1.53386677335467,0.184538331284334
1.53419883976795,0.184502375776828
1.53453090618124,0.184433654087618
1.53486297259452,0.184363822523461
1.5351950390078,0.184324943396785
1.53552710542108,0.184346864168924
1.53585917183437,0.184457658855363
1.53619123824765,0.184680447174287
1.53652330466093,0.184957865802413
1.53685537107421,0.185166631598428
1.5371874374875,0.185191270453745
1.53751950390078,0.185083707931382
1.53785157031406,0.18503733973192
1.53818363672735,0.185234924292027
1.53851570314063,0.185585189238664
1.53884776955391,0.18575848925586
1.53917983596719,0.185438072921274
1.53951190238048,0.184702242053976
1.53984396879376,0.183984325550516
1.54017603520704,0.183712250881777
1.54050810162032,0.183935653140143
1.54084016803361,0.184353933917324
1.54117223444689,0.184663594070301
1.54150430086017,0.184774270165472
1.54183636727345,0.184798307968353
1.54216843368674,0.184852350899786
1.54250050010002,0.184970532056367
1.5428325665133,0.18510603159465
1.54316463292659,0.185209923436143
1.54349669933987,0.185263261183845
1.54382876575315,0.185277392783732
1.54416083216643,0.185263881133515
1.54449289857972,0.185206444404644
1.544824964993,0.185059786456096
1.54515703140628,0.18478048145912
1.54548909781956,0.184410596139827
1.54582116423285,0.184084084260153
1.54615323064613,0.183935826160979
1.54648529705941,0.183997189661387
1.54681736347269,0.184184973613504
1.54714942988598,0.184411479767066
1.54748149629926,0.184631439074129
1.54781356271254,0.18484789417433
1.54814562912583,0.185064383743235
1.54847769553911,0.185217868904994
1.54880976195239,0.185167169981766
1.54914182836567,0.184773555349086
1.54947389477896,0.18413144114136
1.54980596119224,0.183617918460632
1.55013802760552,0.183617077823365
1.5504700940188,0.184140504194888
1.55080216043209,0.184735507912058
1.55113422684537,0.184930495460425
1.55146629325865,0.184616148326384
1.55179835967193,0.184148049941587
1.55213042608522,0.183906996487186
1.5524624924985,0.184043510317781
1.55279455891178,0.184402728659602
1.55312662532506,0.184809373128618
1.55345869173835,0.185113212339398
1.55379075815163,0.18519806393053
1.55412282456491,0.18495386805311
1.5544548909782,0.184445301901522
1.55478695739148,0.183983242597107
1.55511902380476,0.183891362993702
1.55545109021804,0.184185030004064
1.55578315663133,0.184432557331421
1.55611522304461,0.184175527668011
1.55644728945789,0.1833958873855
1.55677935587117,0.182734660976284
1.55711142228446,0.182877792555264
1.55744348869774,0.183908797529546
1.55777555511102,0.184983895680616
1.5581076215243,0.185193347661923
1.55843968793759,0.184313828215894
1.55877175435087,0.183211489156819
1.55910382076415,0.182842885568338
1.55943588717744,0.183546460578276
1.55976795359072,0.184645604816659
1.560100020004,0.185376734052084
1.56043208641728,0.185401204307885
1.56076415283057,0.185095207333494
1.56109621924385,0.184900719000007
1.56142828565713,0.185004327188645
1.56176035207041,0.185147139972641
1.5620924184837,0.185028035154979
1.56242448489698,0.184571564662066
1.56275655131026,0.184108193305819
1.56308861772354,0.184008552790034
1.56342068413683,0.184369621390164
1.56375275055011,0.184780713117486
1.56408481696339,0.184779023321329
1.56441688337668,0.184196341144483
1.56474894978996,0.183428099404654
1.56508101620324,0.182932418097497
1.56541308261652,0.182949860387861
1.56574514902981,0.183289888318265
1.56607721544309,0.183711916594407
1.56640928185637,0.184061211903032
1.56674134826965,0.184357648973784
1.56707341468294,0.184642042935053
1.56740548109622,0.184912111216331
1.5677375475095,0.185075009823937
1.56806961392278,0.185026965344517
1.56840168033607,0.184755690600211
1.56873374674935,0.184447729949262
1.56906581316263,0.184315291250737
1.56939787957592,0.184444793601985
1.5697299459892,0.184640377418582
1.57006201240248,0.184668339201894
1.57039407881576,0.184418684334103
1.57072614522905,0.184067834207105
1.57105821164233,0.183832436958029
1.57139027805561,0.183820874562747
1.57172234446889,0.183882173317916
1.57205441088218,0.183827721333513
1.57238647729546,0.183588704484914
1.57271854370874,0.183392427381047
1.57305061012202,0.183510845798173
1.57338267653531,0.184039769862277
1.57371474294859,0.184625720877472
1.57404680936187,0.184845556031352
1.57437887577516,0.184480587375939
1.57471094218844,0.183850751618602
1.57504300860172,0.183364003277393
1.575375075015,0.183289586838626
1.57570714142829,0.183516858697041
1.57603920784157,0.183870900601118
1.57637127425485,0.184206225347545
1.57670334066813,0.18446015100751
1.57703540708142,0.184584522480487
1.5773674734947,0.18456226887743
1.57769953990798,0.184466907945805
1.57803160632126,0.184388350336844
1.57836367273455,0.184376862469195
1.57869573914783,0.184363180349121
1.57902780556111,0.184255627220956
1.57935987197439,0.184010770605257
1.57969193838768,0.183735653425856
1.58002400480096,0.183566625091328
1.58035607121424,0.183567662698822
1.58068813762753,0.183569210139487
1.58102020404081,0.183354742327035
1.58135227045409,0.182835503861798
1.58168433686737,0.18234948630735
1.58201640328066,0.182324032984481
1.58234846969394,0.18299780951422
1.58268053610722,0.18395868201619
1.5830126025205,0.184655393636508
1.58334466893379,0.18470738294733
1.58367673534707,0.184339289755492
1.58400880176035,0.183910571195745
1.58434086817363,0.183699665516143
1.58467293458692,0.183684515765472
1.5850050010002,0.183773556120334
1.58533706741348,0.183873856814259
1.58566913382677,0.183887380311614
1.58600120024005,0.183714855198115
1.58633326665333,0.183312012763584
1.58666533306661,0.182852615147221
1.5869973994799,0.182564608511042
1.58732946589318,0.182613265112958
1.58766153230646,0.182906378585939
1.58799359871974,0.183285816459703
1.58832566513303,0.183606046270887
1.58865773154631,0.183774499744724
1.58898979795959,0.18371261144548
1.58932186437287,0.183397129575784
1.58965393078616,0.183047878807192
1.58998599719944,0.18295155771476
1.59031806361272,0.183295305314751
1.59065013002601,0.183813997969259
1.59098219643929,0.184114649390791
1.59131426285257,0.183910505852424
1.59164632926585,0.183412371830514
1.59197839567914,0.182977291164895
1.59231046209242,0.182891671020114
1.5926425285057,0.183096097041833
1.59297459491898,0.183426011566784
1.59330666133227,0.183725772978616
1.59363872774555,0.183884476285317
1.59397079415883,0.183805249318314
1.59430286057211,0.183430799160387
1.5946349269854,0.18291070970638
1.59496699339868,0.182462024007277
1.59529905981196,0.182269156727779
1.59563112622525,0.182338622207176
1.59596319263853,0.182617010612097
1.59629525905181,0.183036322727662
1.59662732546509,0.183447730927002
1.59695939187838,0.183674509394324
1.59729145829166,0.183588500279708
1.59762352470494,0.183342393884597
1.59795559111822,0.183189826447032
1.59828765753151,0.183326204970443
1.59861972394479,0.183596158988144
1.59895179035807,0.183714230548945
1.59928385677135,0.183454417499162
1.59961592318464,0.182961025900965
1.59994798959792,0.182520664913338
1.6002800560112,0.182377062691575
1.60061212242448,0.182493512548734
1.60094418883777,0.182721991857106
1.60127625525105,0.182922528991099
1.60160832166433,0.183010619499987
1.60194038807762,0.182924448491968
1.6022724544909,0.182627095030766
1.60260452090418,0.182253976115386
1.60293658731746,0.182013609459501
1.60326865373075,0.182074671543275
1.60360072014403,0.182316866059309
1.60393278655731,0.182493686981076
1.60426485297059,0.182397466842142
1.60459691938388,0.182112850757542
1.60492898579716,0.181856451475985
1.60526105221044,0.181822106263493
1.60559311862372,0.182021486875603
1.60592518503701,0.182381306427191
1.60625725145029,0.182821137932315
1.60658931786357,0.183207186219158
1.60692138427686,0.183380109522902
1.60725345069014,0.183212817768296
1.60758551710342,0.182847918198857
1.6079175835167,0.182562089440736
1.60824964992999,0.182594186423871
1.60858171634327,0.182845511764609
1.60891378275655,0.18304446182206
1.60924584916983,0.182949009635826
1.60957791558312,0.182594312502393
1.6099099819964,0.182162089614173
1.61024204840968,0.181826835114211
1.61057411482296,0.181681459866628
1.61090618123625,0.181774261179667
1.61123824764953,0.182137147642175
1.61157031406281,0.182648346728245
1.6119023804761,0.183099859183441
1.61223444688938,0.183301115900495
1.61256651330266,0.183244679772833
1.61289857971594,0.183029251090404
1.61323064612923,0.182750390374421
1.61356271254251,0.182457182371009
1.61389477895579,0.182170890804334
1.61422684536907,0.181915838537904
1.61455891178236,0.181753798179738
1.61489097819564,0.181769667299668
1.61522304460892,0.182032474483143
1.6155551110222,0.182426808164901
1.61588717743549,0.182720061606323
1.61621924384877,0.182695700145019
1.61655131026205,0.182348484792103
1.61688337667534,0.181811777241358
1.61721544308862,0.181224350901528
1.6175475095019,0.180761193975679
1.61787957591518,0.180621880499381
1.61821164232847,0.180981628143945
1.61854370874175,0.181694901382234
1.61887577515503,0.182392973043672
1.61920784156831,0.182726782454816
1.6195399079816,0.182665133473846
1.61987197439488,0.182404915841262
1.62020404080816,0.182136741012674
1.62053610722144,0.181892005743746
1.62086817363473,0.181584016624298
1.62120024004801,0.181137052590864
1.62153230646129,0.180680159376278
1.62186437287457,0.180499074783304
1.62219643928786,0.180859113675427
1.62252850570114,0.181647142953106
1.62286057211442,0.182452773307235
1.62319263852771,0.182879038041704
1.62352470494099,0.182861920948042
1.62385677135427,0.182606803167842
1.62418883776755,0.182318006655959
1.62452090418084,0.182051122498203
1.62485297059412,0.181737329013961
1.6251850370074,0.181312814594161
1.62551710342068,0.180872554693801
1.62584916983397,0.180648515755841
1.62618123624725,0.180862346906813
1.62651330266053,0.181456784625597
1.62684536907381,0.182127367808805
1.6271774354871,0.182570156093903
1.62750950190038,0.182649790464292
1.62784156831366,0.182384534971642
1.62817363472695,0.18180547624984
1.62850570114023,0.181097763792896
1.62883776755351,0.180592244535677
1.62916983396679,0.180609499946143
1.62950190038008,0.181112316902078
1.62983396679336,0.18171631881568
1.63016603320664,0.182036966556655
1.63049809961992,0.182001953473435
1.63083016603321,0.181850701248686
1.63116223244649,0.181828189541301
1.63149429885977,0.181985160976616
1.63182636527305,0.182172193504353
1.63215843168634,0.182234898166503
1.63249049809962,0.182125293009404
1.6328225645129,0.181908288127565
1.63315463092619,0.181653354817908
1.63348669733947,0.18140557006013
1.63381876375275,0.18118330971556
1.63415083016603,0.181005089711046
1.63448289657932,0.180932283658111
1.6348149629926,0.181074544679576
1.63514702940588,0.181537491962625
1.63547909581916,0.182228314318477
1.63581116223245,0.182824365630826
1.63614322864573,0.182998848524911
1.63647529505901,0.182690963929189
1.63680736147229,0.182157870061635
1.63713942788558,0.181672497249337
1.63747149429886,0.18139868171325
1.63780356071214,0.181365345562226
1.63813562712543,0.181590364415309
1.63846769353871,0.181995578673205
1.63879975995199,0.182381061567706
1.63913182636527,0.182542992707095
1.63946389277856,0.182426023924919
1.63979595919184,0.182169034482568
1.64012802560512,0.181922352765088
1.6404600920184,0.18176335560146
1.64079215843169,0.181670853408561
1.64112422484497,0.181616678855119
1.64145629125825,0.181573385958832
1.64178835767153,0.181514542103008
1.64212042408482,0.181414521431452
1.6424524904981,0.181283842316383
1.64278455691138,0.181184864928232
1.64311662332467,0.181182687941142
1.64344868973795,0.181274586950199
1.64378075615123,0.181357610503033
1.64411282256451,0.181322440188344
1.6444448889778,0.181156372052241
1.64477695539108,0.180993938730438
1.64510902180436,0.180980210799447
1.64544108821764,0.181142325980154
1.64577315463093,0.181322152725287
1.64610522104421,0.181347118080918
1.64643728745749,0.181160855398384
1.64676935387077,0.18089519645552
1.64710142028406,0.180697915211344
1.64743348669734,0.180619466774845
1.64776555311062,0.180547580984729
1.6480976195239,0.180356002647127
1.64842968593719,0.180041983343525
1.64876175235047,0.179815744865401
1.64909381876375,0.179906422538612
1.64942588517704,0.180338455923845
1.64975795159032,0.180772783588731
1.6500900180036,0.180836147286987
1.65042208441688,0.180432693296471
1.65075415083017,0.179975047723153
1.65108621724345,0.179927949612743
1.65141828365673,0.18044843760273
1.65175035007001,0.181111374414794
1.6520824164833,0.181429842548696
1.65241448289658,0.181195147828214
1.65274654930986,0.180740564667919
1.65307861572314,0.180460773836069
1.65341068213643,0.180543819354973
1.65374274854971,0.180760784603219
1.65407481496299,0.180833866912963
1.65440688137628,0.180660665034375
1.65473894778956,0.180503328759715
1.65507101420284,0.180668334525303
1.65540308061612,0.181245242486741
1.65573514702941,0.181858494357032
1.65606721344269,0.182074265580259
1.65639927985597,0.181713365342068
1.65673134626925,0.181160241531043
1.65706341268254,0.180874466756612
1.65739547909582,0.181069253775331
1.6577275455091,0.181393034193315
1.65805961192238,0.181416603396105
1.65839167833567,0.180935711966089
1.65872374474895,0.180277656101265
1.65905581116223,0.179846561303176
1.65938787757552,0.179874383256212
1.6597199439888,0.180171338889147
1.66005201040208,0.180484639091772
1.66038407681536,0.180637677234331
1.66071614322865,0.180645570625828
1.66104820964193,0.18055317866082
1.66138027605521,0.180426053812384
1.66171234246849,0.180383758023098
1.66204440888178,0.180554358105561
1.66237647529506,0.180954719329179
1.66270854170834,0.181302513684235
1.66304060812162,0.181266083597143
1.66337267453491,0.180707700056547
1.66370474094819,0.18002998321635
1.66403680736147,0.179729441937466
1.66436887377475,0.180094018965402
1.66470094018804,0.180809820131654
1.66503300660132,0.181455813958549
1.6653650730146,0.181732340634228
1.66569713942789,0.181698793209027
1.66602920584117,0.181480803330259
1.66636127225445,0.181201367234092
1.66669333866773,0.180975582385558
1.66702540508102,0.180917069208946
1.6673574714943,0.181072947906586
1.66768953790758,0.18127862235906
1.66802160432086,0.181327568875858
1.66835367073415,0.181111327942693
1.66868573714743,0.180844333193109
1.66901780356071,0.180807541357178
1.669349869974,0.181140956934638
1.66968193638728,0.181504286503905
1.67001400280056,0.181455400799484
1.67034606921384,0.180742082579343
1.67067813562713,0.179782095456733
1.67101020204041,0.179141983174053
1.67134226845369,0.179214042099584
1.67167433486697,0.179750772600131
1.67200640128026,0.180358756510424
1.67233846769354,0.180716362708917
1.67267053410682,0.180771017719022
1.6730026005201,0.180533384866205
1.67333466693339,0.180054982070946
1.67366673334667,0.179547744706577
1.67399879975995,0.179263110108646
1.67433086617323,0.179379796245211
1.67466293258652,0.179781613729952
1.6749949989998,0.18027784802557
1.67532706541308,0.180696690399963
1.67565913182637,0.180944704767983
1.67599119823965,0.180948919361603
1.67632326465293,0.180684625820975
1.67665533106621,0.180336557536112
1.6769873974795,0.180146333471123
1.67731946389278,0.180293909589949
1.67765153030606,0.180682171972983
1.67798359671934,0.18113644006235
1.67831566313263,0.1815000133301
1.67864772954591,0.181698846258997
1.67897979595919,0.181682796651691
1.67931186237247,0.181445009945396
1.67964392878576,0.181186939518182
1.67997599519904,0.181172663400209
1.68030806161232,0.181574621638665
1.68064012802561,0.182109705884999
1.68097219443889,0.182354004135439
1.68130426085217,0.181989724722256
1.68163632726545,0.18124397947781
1.68196839367874,0.180519141943226
1.68230046009202,0.180144853529754
1.6826325265053,0.18005846385214
1.68296459291858,0.180066816910436
1.68329665933187,0.180012331768795
1.68362872574515,0.179934661297595
1.68396079215843,0.179941150960994
1.68429285857171,0.180115915285501
1.684624924985,0.180409941278979
1.68495699139828,0.180727034680842
1.68528905781156,0.180978551287108
1.68562112422485,0.181120432725605
1.68595319063813,0.181124944332683
1.68628525705141,0.180984840380819
1.68661732346469,0.180818641078528
1.68694938987798,0.180792600717513
1.68728145629126,0.181033451007958
1.68761352270454,0.181416065112314
1.68794558911782,0.18171684165693
1.68827765553111,0.181747582761571
1.68860972194439,0.181553585468409
1.68894178835767,0.181274585903387
1.68927385477095,0.181037214607044
1.68960592118424,0.180876322074938
1.68993798759752,0.180788355163406
1.6902700540108,0.180763233334595
1.69060212042408,0.180745641632716
1.69093418683737,0.180660729352021
1.69126625325065,0.180456838503571
1.69159831966393,0.180253480892801
1.69193038607722,0.180246591555405
1.6922624524905,0.18058969085815
1.69259451890378,0.181110478404643
1.69292658531706,0.18148698974234
1.69325865173035,0.181441174134334
1.69359071814363,0.181045896350312
1.69392278455691,0.18054080662131
1.69425485097019,0.180143150291102
1.69458691738348,0.179875748010732
1.69491898379676,0.179665856617046
1.69525105021004,0.179458218395203
1.69558311662332,0.179352938687371
1.69591518303661,0.179528827895287
1.69624724944989,0.18012684228735
1.69657931586317,0.180948776399755
1.69691138227646,0.181619891020675
1.69724344868974,0.181804151515714
1.69757551510302,0.181529344516886
1.6979075815163,0.18101910484729
1.69823964792959,0.180492450691607
1.69857171434287,0.180105174182287
1.69890378075615,0.179977871317835
1.69923584716943,0.18020554889932
1.69956791358272,0.180632615595572
1.699899979996,0.180959946442803
1.70023204640928,0.180917273332785
1.70056411282256,0.180548239297425
1.70089617923585,0.180082268289593
1.70122824564913,0.179740896870087
1.70156031206241,0.179631867304685
1.7018923784757,0.179793278864764
1.70222444488898,0.180244409096141
1.70255651130226,0.180806014893013
1.70288857771554,0.18117431439461
1.70322064412883,0.181074944093604
1.70355271054211,0.180597343033178
1.70388477695539,0.180067176378161
1.70421684336867,0.179795438046538
1.70454890978196,0.179859691679578
1.70488097619524,0.180180989528882
1.70521304260852,0.18066810394411
1.7055451090218,0.181111351843525
1.70587717543509,0.181219597428597
1.70620924184837,0.180732726732764
1.70654130826165,0.179825621333005
1.70687337467493,0.178983346115034
1.70720544108822,0.178668241435874
1.7075375075015,0.178918108283953
1.70786957391478,0.179458967883732
1.70820164032807,0.180020469247255
1.70853370674135,0.180488027737379
1.70886577315463,0.180864509298505
1.70919783956791,0.181154549261447
1.7095299059812,0.181346092705949
1.70986197239448,0.181414097664448
1.71019403880776,0.181337749741194
1.71052610522104,0.181169432454551
1.71085817163433,0.18102029101058
1.71119023804761,0.180994239108868
1.71152230446089,0.181046045887176
1.71185437087417,0.181007192300346
1.71218643728746,0.18071958081102
1.71251850370074,0.180272990157333
1.71285057011402,0.179968632393965
1.71318263652731,0.18009647736007
1.71351470294059,0.180610931864083
1.71384676935387,0.181172099476686
1.71417883576715,0.181446257254837
1.71451090218044,0.181402337066981
1.71484296859372,0.181282595105631
1.715175035007,0.181326249124018
1.71550710142028,0.181510585895164
1.71583916783357,0.18156889425762
1.71617123424685,0.181240480806381
1.71650330066013,0.180592036529674
1.71683536707341,0.180005044426985
1.7171674334867,0.179858876114455
1.71749949989998,0.180184311872081
1.71783156631326,0.180667074523159
1.71816363272655,0.180987302881164
1.71849569913983,0.181035466100443
1.71882776555311,0.180915988813534
1.71915983196639,0.180742149568723
1.71949189837968,0.180609451260874
1.71982396479296,0.180594731247121
1.72015603120624,0.180767986897287
1.72048809761952,0.181041252012217
1.72082016403281,0.181155847763067
1.72115223044609,0.180856266493904
1.72148429685937,0.180215002373056
1.72181636327265,0.179670739490331
1.72214842968594,0.179667959390492
1.72248049609922,0.180229469216308
1.7228125625125,0.180893836126209
1.72314462892579,0.181185647342587
1.72347669533907,0.181009534981031
1.72380876175235,0.180719196230279
1.72414082816563,0.180685992067018
1.72447289457892,0.180994535807526
1.7248049609922,0.181379672693224
1.72513702740548,0.181559552856812
1.72546909381876,0.181406607751479
1.72580116023205,0.180986806626515
1.72613322664533,0.180380804779365
1.72646529305861,0.179765175112018
1.72679735947189,0.179440997772961
1.72712942588518,0.179709827648199
1.72746149229846,0.180543491075648
1.72779355871174,0.181474604984471
1.72812562512503,0.182013088995737
1.72845769153831,0.18196509874548
1.72878975795159,0.181542869396447
1.72912182436487,0.180986719868279
1.72945389077816,0.180475446504177
1.72978595719144,0.180100460935676
1.73011802360472,0.179945593284609
1.730450090018,0.180043176717047
1.73078215643129,0.180350226010055
1.73111422284457,0.180816575427206
1.73144628925785,0.181328594137898
1.73177835567113,0.181677228554337
1.73211042208442,0.18164916429603
1.7324424884977,0.181239497936239
1.73277455491098,0.180767260528112
1.73310662132426,0.180576553210723
1.73343868773755,0.180796643670271
1.73377075415083,0.181212286331388
1.73410282056411,0.181578770661046
1.7344348869774,0.181749985538443
1.73476695339068,0.1817422675228
1.73509901980396,0.181587347695417
1.73543108621724,0.181337854023346
1.73576315263053,0.181082104843179
1.73609521904381,0.180911706923074
1.73642728545709,0.180896172882327
1.73675935187037,0.181066093665835
1.73709141828366,0.181446891896201
1.73742348469694,0.181955768289697
1.73775555111022,0.182314162863086
1.7380876175235,0.182225516137892
1.73841968393679,0.18164582237572
1.73875175035007,0.181003760548227
1.73908381676335,0.180778059436997
1.73941588317664,0.181145608774292
1.73974794958992,0.181700223479609
1.7400800160032,0.181971739649219
1.74041208241648,0.181752848866961
1.74074414882977,0.181358704391385
1.74107621524305,0.18116526582955
1.74140828165633,0.181357050754142
1.74174034806961,0.181724623691413
1.7420724144829,0.182010853020994
1.74240448089618,0.18206228022352
1.74273654730946,0.181944900701542
1.74306861372274,0.181752623785316
1.74340068013603,0.181571531984336
1.74373274654931,0.181470552705015
1.74406481296259,0.18151605905279
1.74439687937588,0.18170937331617
1.74472894578916,0.181904792225893
1.74506101220244,0.181936873681916
1.74539307861572,0.181740942878433
1.74572514502901,0.181487650959483
1.74605721144229,0.18138098490751
1.74638927785557,0.181526253200562
1.74672134426885,0.181790517875771
1.74705341068214,0.182005893324687
1.74738547709542,0.182076141688179
1.7477175435087,0.182083331480395
1.74804960992198,0.182136705439853
1.74838167633527,0.182293346754873
1.74871374274855,0.182476058829954
1.74904580916183,0.182586419739003
1.74937787557512,0.182554106631489
1.7497099419884,0.182383473927093
1.75004200840168,0.18209117268659
1.75037407481496,0.181725929124517
1.75070614122825,0.181424826329977
1.75103820764153,0.181340023554686
1.75137027405481,0.181531256932294
1.75170234046809,0.181795427904508
1.75203440688138,0.181883267113736
1.75236647329466,0.181661388523561
1.75269853970794,0.181336912049712
1.75303060612122,0.181179336410599
1.75336267253451,0.181358631201077
1.75369473894779,0.18174171815262
1.75402680536107,0.18213822812112
1.75435887177435,0.182393171617291
1.75469093818764,0.182462237142534
1.75502300460092,0.182322743081143
1.7553550710142,0.181992317493083
1.75568713742749,0.181620025318115
1.75601920384077,0.181381768921255
1.75635127025405,0.181404158381491
1.75668333666733,0.181647489778212
1.75701540308062,0.18203704784463
1.7573474694939,0.182484311170328
1.75767953590718,0.182852743624447
1.75801160232046,0.182995497740781
1.75834366873375,0.182815599548407
1.75867573514703,0.182395616042328
1.75900780156031,0.181858540028148
1.75933986797359,0.181331712236886
1.75967193438688,0.180958348744905
1.76000400080016,0.180885451605372
1.76033606721344,0.181190975997107
1.76066813362673,0.181686743699507
1.76100020004001,0.182120643253182
1.76133226645329,0.182296911522835
1.76166433286657,0.182243517761052
1.76199639927986,0.182044133034512
1.76232846569314,0.181770848839875
1.76266053210642,0.181448029356169
1.7629925985197,0.181087716085885
1.76332466493299,0.180720696981691
1.76365673134627,0.180457945386486
1.76398879775955,0.180431934000653
1.76432086417283,0.18072352117163
1.76465293058612,0.181185312151947
1.7649849969994,0.18160696837238
1.76531706341268,0.18182813501465
1.76564912982597,0.181916307310415
1.76598119623925,0.182004088188782
1.76631326265253,0.18218715188199
1.76664532906581,0.182386241087377
1.7669773954791,0.182470363183603
1.76730946189238,0.182341463182448
1.76764152830566,0.182063063580736
1.76797359471894,0.181748219449061
1.76830566113223,0.181498208275492
1.76863772754551,0.181353969973929
1.76896979395879,0.181337297431639
1.76930186037207,0.181461606872978
1.76963392678536,0.181696417068754
1.76996599319864,0.181996866818426
1.77029805961192,0.182306271344099
1.77063012602521,0.182503486682083
1.77096219243849,0.182445559761765
1.77129425885177,0.182035439346026
1.77162632526505,0.181435770532916
1.77195839167834,0.180900531782566
1.77229045809162,0.180649125625305
1.7726225245049,0.180695972123391
1.77295459091818,0.180981016216143
1.77328665733147,0.181436301493346
1.77361872374475,0.181947336914929
1.77395079015803,0.182382371447496
1.77428285657131,0.182620920970039
1.7746149229846,0.182612318853272
1.77494698939788,0.182332779311112
1.77527905581116,0.181796996710222
1.77561112222445,0.181270750576887
1.77594318863773,0.181120683272222
1.77627525505101,0.181628537658964
1.77660732146429,0.182501537089129
1.77693938787758,0.183210470778834
1.77727145429086,0.183304663289207
1.77760352070414,0.182879912518983
1.77793558711742,0.182264883434231
1.77826765353071,0.181759628292773
1.77859971994399,0.181448098971585
1.77893178635727,0.181318817508793
1.77926385277055,0.181357968919945
1.77959591918384,0.181537898586373
1.77992798559712,0.181824648840058
1.7802600520104,0.182184555936054
1.78059211842368,0.182586541188495
1.78092418483697,0.183000763390939
1.78125625125025,0.183382610416979
1.78158831766353,0.183567512086778
1.78192038407682,0.183332715445955
1.7822524504901,0.182509957977388
1.78258451690338,0.181396079154069
1.78291658331666,0.180522127186559
1.78324864972995,0.180351730388961
1.78358071614323,0.180732089233229
1.78391278255651,0.181191639233356
1.78424484896979,0.181310552348009
1.78457691538308,0.18115902472468
1.78490898179636,0.181068294199157
1.78524104820964,0.181330321798756
1.78557311462292,0.181842723081279
1.78590518103621,0.182286520412701
1.78623724744949,0.182373002076551
1.78656931386277,0.182128677739917
1.78690138027606,0.181758746553873
1.78723344668934,0.181457970013527
1.78756551310262,0.181292331381003
1.7878975795159,0.181252355003764
1.78822964592919,0.181322234909641
1.78856171234247,0.181429390391588
1.78889377875575,0.181467008329813
1.78922584516903,0.181344157736592
1.78955791158232,0.181150962348848
1.7898899779956,0.181090306011395
1.79022204440888,0.181340937042309
1.79055411082216,0.181783167050745
1.79088617723545,0.182106077587818
1.79121824364873,0.182029513204388
1.79155031006201,0.181677817543194
1.7918823764753,0.181443106287513
1.79221444288858,0.18168261664554
1.79254650930186,0.182252840511354
1.79287857571514,0.18266917509367
1.79321064212843,0.182486178146786
1.79354270854171,0.181850288008944
1.79387477495499,0.181324527697936
1.79420684136827,0.1814370737068
1.79453890778156,0.182109540840853
1.79487097419484,0.182824144974348
1.79520304060812,0.183084877424141
1.7955351070214,0.182834339318761
1.79586717343469,0.182342159008392
1.79619923984797,0.181877268460495
1.79653130626125,0.181578870014744
1.79686337267453,0.181486104153769
1.79719543908782,0.181626416612085
1.7975275055011,0.181885578693934
1.79785957191438,0.18203711827314
1.79819163832767,0.181865552866109
1.79852370474095,0.181384860164821
1.79885577115423,0.180796716247388
1.79918783756751,0.180304612408641
1.7995199039808,0.180043703231482
1.79985197039408,0.180091344828583
1.80018403680736,0.180511204089546
1.80051610322064,0.181155927753505
1.80084816963393,0.181695525685216
1.80118023604721,0.181811529322895
1.80151230246049,0.181509121372727
1.80184436887377,0.181082780298315
1.80217643528706,0.180826294968682
1.80250850170034,0.180811461809178
1.80284056811362,0.180905236720329
1.80317263452691,0.180971794970153
1.80350470094019,0.18097801590156
1.80383676735347,0.180988267351117
1.80416883376675,0.181067265413655
1.80450090018004,0.181202313008075
1.80483296659332,0.181305011200933
1.8051650330066,0.181286867853276
1.80549709941988,0.181130384905242
1.80582916583317,0.180889610586437
1.80616123224645,0.180622007492766
1.80649329865973,0.180391028868157
1.80682536507301,0.180266349637419
1.8071574314863,0.180314769598617
1.80748949789958,0.180520402006473
1.80782156431286,0.180778929864613
1.80815363072615,0.180984551517646
1.80848569713943,0.181108198484819
1.80881776355271,0.181205313045447
1.80914982996599,0.181331903476391
1.80948189637928,0.181433862784838
1.80981396279256,0.1813320449475
1.81014602920584,0.180849267174789
1.81047809561912,0.180083541138804
1.81081016203241,0.179455766061425
1.81114222844569,0.179393805677321
1.81147429485897,0.179923548500649
1.81180636127225,0.180586058073528
1.81213842768554,0.180903386321703
1.81247049409882,0.180720783886091
1.8128025605121,0.180284350494482
1.81313462692538,0.179862295345806
1.81346669333867,0.179609730875805
1.81379875975195,0.179536602315988
1.81413082616523,0.179641739613655
1.81446289257852,0.179861769013966
1.8147949589918,0.180051333717781
1.81512702540508,0.180062644855466
1.81545909181836,0.179881900873525
1.81579115823165,0.179677559125287
1.81612322464493,0.179627816883887
1.81645529105821,0.179753477394458
1.81678735747149,0.179854635395675
1.81711942388478,0.179719157488828
1.81745149029806,0.179346523433048
1.81778355671134,0.179042250424412
1.81811562312463,0.179131358630221
1.81844768953791,0.179687636089227
1.81877975595119,0.180410728811433
1.81911182236447,0.18097258877517
1.81944388877776,0.181177067265319
1.81977595519104,0.18102971526375
1.82010802160432,0.180554536981163
1.8204400880176,0.17987752994268
1.82077215443089,0.179286797180759
1.82110422084417,0.179082076579111
1.82143628725745,0.179339856475355
1.82176835367073,0.179771752869882
1.82210042008402,0.180058432597589
1.8224324864973,0.180068728061443
1.82276455291058,0.179987857795847
1.82309661932386,0.180029655198745
1.82342868573715,0.180261574819649
1.82376075215043,0.180496859017702
1.82409281856371,0.180524747468879
1.824424884977,0.180252558413416
1.82475695139028,0.17979908651535
1.82508901780356,0.179305109934828
1.82542108421684,0.178902466051709
1.82575315063013,0.178706256894029
1.82608521704341,0.178828843478227
1.82641728345669,0.179278955402812
1.82674934986997,0.17986797810241
1.82708141628326,0.180385966756429
1.82741348269654,0.180695178840881
1.82774554910982,0.180799376689307
1.8280776155231,0.180718740948325
1.82840968193639,0.180474736022068
1.82874174834967,0.180091552187771
1.82907381476295,0.179593977976608
1.82940588117624,0.179052901083504
1.82973794758952,0.178636000010413
1.8300700140028,0.178522721211819
1.83040208041608,0.178780428067266
1.83073414682937,0.179233837829403
1.83106621324265,0.179676342436722
1.83139827965593,0.179952815272932
1.83173034606921,0.180022683261532
1.8320624124825,0.179861102609383
1.83239447889578,0.179516017739304
1.83272654530906,0.17920368264401
1.83305861172234,0.179163627757089
1.83339067813563,0.179463674043786
1.83372274454891,0.179762357385684
1.83405481096219,0.179659493101667
1.83438687737548,0.178995780312486
1.83471894378876,0.178205564097595
1.83505101020204,0.177813354289425
1.83538307661532,0.17810169303382
1.83571514302861,0.178735737881574
1.83604720944189,0.179284496476283
1.83637927585517,0.179458897199172
1.83671134226845,0.179341276826866
1.83704340868174,0.179074044073836
1.83737547509502,0.178776511637565
1.8377075415083,0.178505265025727
1.83803960792158,0.178306336417131
1.83837167433487,0.178201399944884
1.83870374074815,0.178143636968073
1.83903580716143,0.178074297872625
1.83936787357471,0.177961512228992
1.839699939988,0.177851508611822
1.84003200640128,0.177804622619434
1.84036407281456,0.177868546852132
1.84069613922785,0.178052972093779
1.84102820564113,0.178360440384667
1.84136027205441,0.178765485006055
1.84169233846769,0.179155809736065
1.84202440488098,0.17940246373653
1.84235647129426,0.179426396349705
1.84268853770754,0.179308558767441
1.84302060412082,0.179161938004322
1.84335267053411,0.179068215698282
1.84368473694739,0.179004941378801
1.84401680336067,0.17892804796326
1.84434886977395,0.178797014261944
1.84468093618724,0.178583531457942
1.84501300260052,0.178261887770474
1.8453450690138,0.177846318178768
1.84567713542709,0.177493387833577
1.84600920184037,0.177391463966933
1.84634126825365,0.177659285985686
1.84667333466693,0.178159186665118
1.84700540108022,0.178694644923338
1.8473374674935,0.179098733635589
1.84766953390678,0.179316314359543
1.84800160032006,0.179318787080844
1.84833366673335,0.179100080190226
1.84866573314663,0.178743255878643
1.84899779955991,0.178353401861795
1.84932986597319,0.178026703099781
1.84966193238648,0.177822634667918
1.84999399879976,0.177791297120744
1.85032606521304,0.177943215386203
1.85065813162633,0.178121973981148
1.85099019803961,0.178127180431487
1.85132226445289,0.177825295209488
1.85165433086617,0.177374991906165
1.85198639727946,0.177014975014394
1.85231846369274,0.176934691816233
1.85265053010602,0.177099603578233
1.8529825965193,0.177411760505054
1.85331466293259,0.177778740481463
1.85364672934587,0.178134030372924
1.85397879575915,0.178418740268857
1.85431086217243,0.178589866084908
1.85464292858572,0.178681165126402
1.854974994999,0.178749586260355
1.85530706141228,0.178836131439799
1.85563912782557,0.178901850856902
1.85597119423885,0.178882782496446
1.85630326065213,0.178728657946889
1.85663532706541,0.178460429109036
1.8569673934787,0.178122110448399
1.85729945989198,0.177766071065669
1.85763152630526,0.177489462767348
1.85796359271854,0.177404487985974
1.85829565913183,0.177586865136017
1.85862772554511,0.177909082454724
1.85895979195839,0.178173399668501
1.85929185837167,0.178212519623888
1.85962392478496,0.178034301487168
1.85995599119824,0.177709211166359
1.86028805761152,0.177313514708792
1.86062012402481,0.176957746571354
1.86095219043809,0.176765213898553
1.86128425685137,0.176823456493672
1.86161632326465,0.17699809589605
1.86194838967794,0.177069966212809
1.86228045609122,0.176872811608611
1.8626125225045,0.176580771298574
1.86294458891778,0.176502644901971
1.86327665533107,0.176881947907203
1.86360872174435,0.177525353211808
1.86394078815763,0.178061679575913
1.86427285457091,0.178173682640845
1.8646049209842,0.177915754257822
1.86493698739748,0.177498780452712
1.86526905381076,0.177115929031525
1.86560112022404,0.1768289371563
1.86593318663733,0.176642241516698
1.86626525305061,0.176561801456196
1.86659731946389,0.176606759382517
1.86692938587718,0.176802159227149
1.86726145229046,0.177147921210436
1.86759351870374,0.177450842498164
1.86792558511702,0.177428234233818
1.86825765153031,0.176856658807439
1.86858971794359,0.175991050724434
1.86892178435687,0.175316564908558
1.86925385077015,0.175256955683004
1.86958591718344,0.175706602713672
1.86991798359672,0.176297757133891
1.87025005001,0.176697433636834
1.87058211642328,0.176884627622442
1.87091418283657,0.17699735153533
1.87124624924985,0.177156664619072
1.87157831566313,0.17732124189796
1.87191038207642,0.177364249414069
1.8722424484897,0.177183037813045
1.87257451490298,0.176907136495652
1.87290658131626,0.176792455420854
1.87323864772955,0.177060960242407
1.87357071414283,0.177593241805155
1.87390278055611,0.178078714653125
1.87423484696939,0.17822889381109
1.87456691338268,0.177994748273513
1.87489897979596,0.177465491217367
1.87523104620924,0.176745504444744
1.87556311262252,0.176081723016878
1.87589517903581,0.175806587375701
1.87622724544909,0.176208405899205
1.87655931186237,0.177080283192106
1.87689137827566,0.177911400010461
1.87722344468894,0.178228543083875
1.87755551110222,0.178023064343568
1.8778875775155,0.177580474531992
1.87821964392879,0.177182374111071
1.87855171034207,0.177007533771779
1.87888377675535,0.17716727211414
1.87921584316863,0.177745438976206
1.87954790958192,0.178504017624999
1.8798799759952,0.178988728827913
1.88021204240848,0.178781654452431
1.88054410882176,0.177978153756694
1.88087617523505,0.177030769981976
1.88120824164833,0.176377033094532
1.88154030806161,0.176141092732402
1.8818723744749,0.176221702703233
1.88220444088818,0.176511937004649
1.88253650730146,0.176897794795295
1.88286857371474,0.177260180915198
1.88320064012803,0.177485630406903
1.88353270654131,0.177543433650084
1.88386477295459,0.177465791852634
1.88419683936787,0.17728549235221
1.88452890578116,0.177020688059805
1.88486097219444,0.176678052402683
1.88519303860772,0.176273087968492
1.885525105021,0.175968849158549
1.88585717143429,0.176047812572507
1.88618923784757,0.176765705351104
1.88652130426085,0.177872876525142
1.88685337067414,0.178700352070686
1.88718543708742,0.178606477484804
1.8875175035007,0.177633019455932
1.88784956991398,0.176408605061349
1.88818163632727,0.175560416958422
1.88851370274055,0.175301060700334
1.88884576915383,0.175474690838084
1.88917783556711,0.175910672994571
1.8895099019804,0.176406923020069
1.88984196839368,0.176732983510969
1.89017403480696,0.176671380017389
1.89050610122024,0.176289378936127
1.89083816763353,0.175921801201737
1.89117023404681,0.175902125759034
1.89150230046009,0.176302991487532
1.89183436687337,0.176944486159248
1.89216643328666,0.177637154335782
1.89249849969994,0.178206444418173
1.89283056611322,0.17849258172455
1.89316263252651,0.178345845010478
1.89349469893979,0.17784365508793
1.89382676535307,0.177297050925985
1.89415883176635,0.177018939536585
1.89449089817964,0.177086527081148
1.89482296459292,0.177327206072791
1.8951550310062,0.177559975742103
1.89548709741948,0.177701308247074
1.89581916383277,0.177773847777772
1.89615123024605,0.177803443735503
1.89648329665933,0.177754628403553
1.89681536307261,0.177523031192523
1.8971474294859,0.177005550597534
1.89747949589918,0.176252976812822
1.89781156231246,0.175494698056325
1.89814362872575,0.174966508835039
1.89847569513903,0.174772398155504
1.89880776155231,0.174858623947059
1.89913982796559,0.175161546759199
1.89947189437888,0.17560131680021
1.89980396079216,0.176078308623279
1.90013602720544,0.176491832953301
1.90046809361872,0.17674193486877
1.90080016003201,0.17672946308104
1.90113222644529,0.176360329681612
1.90146429285857,0.17574259611664
1.90179635927185,0.17524878921091
1.90212842568514,0.175261778687474
1.90246049209842,0.175828392118213
1.9027925585117,0.17654350694533
1.90312462492499,0.176976237259401
1.90345669133827,0.176937563103665
1.90378875775155,0.176572833418882
1.90412082416483,0.176051597200522
1.90445289057812,0.175530865012973
1.9047849569914,0.175149738197977
1.90511702340468,0.175044435745702
1.90544908981796,0.175265654841869
1.90578115623125,0.175738018844264
1.90611322264453,0.176375372763599
1.90644528905781,0.177056434847504
1.90677735547109,0.177606715631232
1.90710942188438,0.17784912940351
1.90744148829766,0.177704814644321
1.90777355471094,0.177248465485917
1.90810562112422,0.176568695156662
1.90843768753751,0.175798303975287
1.90876975395079,0.175141696669469
1.90910182036407,0.17480803464844
1.90943388677736,0.174849998825749
1.90976595319064,0.175059378578605
1.91009801960392,0.175204919643413
1.9104300860172,0.175186979444723
1.91076215243049,0.175131758040327
1.91109421884377,0.175186385701556
1.91142628525705,0.175381168847631
1.91175835167033,0.175539537614766
1.91209041808362,0.175465475815505
1.9124224844969,0.17512757966544
1.91275455091018,0.174795394747925
1.91308661732346,0.174768965731944
1.91341868373675,0.175149229214216
1.91375075015003,0.175661699479104
1.91408281656331,0.175992097294515
1.9144148829766,0.176003026818087
1.91474694938988,0.175900537920467
1.91507901580316,0.175929136565054
1.91541108221644,0.17618778247319
1.91574314862973,0.176483256942099
1.91607521504301,0.176588270815321
1.91640728145629,0.176385130775165
1.91673934786957,0.175983038048939
1.91707141428286,0.175519226148069
1.91740348069614,0.175098877313492
1.91773554710942,0.174758369701951
1.9180676135227,0.174525264264576
1.91839967993599,0.174435650808894
1.91873174634927,0.174544429586224
1.91906381276255,0.174908445364247
1.91939587917584,0.17547280779553
1.91972794558912,0.175928343705866
1.9200600120024,0.175931811344948
1.92039207841568,0.175361889225179
1.92072414482897,0.174620248521744
1.92105621124225,0.174183938240174
1.92138827765553,0.174311840898897
1.92172034406881,0.174730334890147
1.9220524104821,0.175086829030695
1.92238447689538,0.175180040923484
1.92271654330866,0.175188197560048
1.92304860972194,0.175347833277175
1.92338067613523,0.175750428479858
1.92371274254851,0.176111017723501
1.92404480896179,0.176084944037377
1.92437687537508,0.17552379811733
1.92470894178836,0.174806255334754
1.92504100820164,0.174399040264296
1.92537307461492,0.174585216607456
1.92570514102821,0.17513647973538
1.92603720744149,0.175736706894832
1.92636927385477,0.176150659510359
1.92670134026805,0.176373919840177
1.92703340668134,0.176443056930063
1.92736547309462,0.176381755343139
1.9276975395079,0.176175660022489
1.92802960592118,0.175803373176945
1.92836167233447,0.175296181697711
1.92869373874775,0.174847309830233
1.92902580516103,0.174681151135815
1.92935787157431,0.174918819239117
1.9296899379876,0.175353528322893
1.93002200440088,0.175713828107359
1.93035407081416,0.175810736078853
1.93068613722745,0.1757249857465
1.93101820364073,0.17559247710885
1.93135027005401,0.175523444560291
1.93168233646729,0.17554090895491
1.93201440288058,0.175649378886812
1.93234646929386,0.175831719001285
1.93267853570714,0.175994841216191
1.93301060212042,0.176029034501167
1.93334266853371,0.175849894162566
1.93367473494699,0.175464954975746
1.93400680136027,0.174902580273216
1.93433886777355,0.174229789153574
1.93467093418684,0.173659312549472
1.93500300060012,0.173438483771596
1.9353350670134,0.173722448525035
1.93566713342669,0.174307135149211
1.93599919983997,0.174901293546524
1.93633126625325,0.175275664690961
1.93666333266653,0.175448980838014
1.93699539907982,0.17550224958397
1.9373274654931,0.175505348504862
1.93765953190638,0.175482020166543
1.93799159831966,0.175443986349273
1.93832366473295,0.175393424645748
1.93865573114623,0.175291319082203
1.93898779755951,0.175087524548671
1.93931986397279,0.174762585382429
1.93965193038608,0.174434344995089
1.93998399679936,0.174259097390292
1.94031606321264,0.174359120949256
1.94064812962593,0.174699064627063
1.94098019603921,0.175198009543974
1.94131226245249,0.175742100699647
1.94164432886577,0.176059910218877
1.94197639527906,0.175833061289369
1.94230846169234,0.174880411325862
1.94264052810562,0.173703593139098
1.9429725945189,0.173017271690982
1.94330466093219,0.173365564216787
1.94363672734547,0.174410127246074
1.94396879375875,0.17553096933931
1.94430086017203,0.176213192816029
1.94463292658532,0.176491668359746
1.9449649929986,0.176582290127392
1.94529705941188,0.17665837722535
1.94562912582517,0.176659823609654
1.94596119223845,0.176446706778821
1.94629325865173,0.175929071398571
1.94662532506501,0.175302774700437
1.9469573914783,0.174865164275597
1.94728945789158,0.174848085946252
1.94762152430486,0.17509400404401
1.94795359071814,0.175303076141719
1.94828565713143,0.175233144195274
1.94861772354471,0.17499496152652
1.94894978995799,0.174832632149432
1.94928185637127,0.174941954811235
1.94961392278456,0.175210504942462
1.94994598919784,0.175405630625505
1.95027805561112,0.175336222093109
1.95061012202441,0.17508483336573
1.95094218843769,0.174844424274115
1.95127425485097,0.174780408396898
1.95160632126425,0.17486782467724
1.95193838767754,0.175002350987672
1.95227045409082,0.175099262675628
1.9526025205041,0.175213834253637
1.95293458691738,0.175461542591556
1.95326665333067,0.175914207321748
1.95359871974395,0.176323223683919
1.95393078615723,0.176297942121124
1.95426285257051,0.175536721980955
1.9545949189838,0.174420354738635
1.95492698539708,0.17364450324722
1.95525905181036,0.173800579106738
1.95559111822364,0.174632962348251
1.95592318463693,0.175485028308444
1.95625525105021,0.175776641786428
1.95658731746349,0.175561677283126
1.95691938387678,0.175203475384393
1.95725145029006,0.175030477978079
1.95758351670334,0.17505526980249
1.95791558311662,0.175130855623166
1.95824764952991,0.17512257446698
1.95857971594319,0.175015458263439
1.95891178235647,0.174856874151808
1.95924384876975,0.174693648127725
1.95957591518304,0.174562623548678
1.95990798159632,0.174495280019761
1.9602400480096,0.174514707180179
1.96057211442288,0.174564457546654
1.96090418083617,0.174543991230324
1.96123624724945,0.174368051074936
1.96156831366273,0.17410775936462
1.96190038007602,0.173923775362214
1.9622324464893,0.173958914629729
1.96256451290258,0.174160035590753
1.96289657931586,0.174358416557337
1.96322864572915,0.174402202955938
1.96356071214243,0.174335961217001
1.96389277855571,0.174323741557604
1.96422484496899,0.174511675724104
1.96455691138228,0.174826369868027
1.96488897779556,0.175056836838565
1.96522104420884,0.175013723700642
1.96555311062212,0.174783263066434
1.96588517703541,0.174630023182149
1.96621724344869,0.174793360544664
1.96654930986197,0.175168193929406
1.96688137627526,0.175419928865069
1.96721344268854,0.175244419499585
1.96754550910182,0.174774131145834
1.9678775755151,0.174442025394367
1.96820964192839,0.174647378234613
1.96854170834167,0.175259508275232
1.96887377475495,0.175772559733984
1.96920584116823,0.175711897872984
1.96953790758152,0.175135421607417
1.9698699739948,0.174490101100207
1.97020204040808,0.174206655999301
1.97053410682136,0.17434198542661
1.97086617323465,0.174671056873198
1.97119823964793,0.174966708003749
1.97153030606121,0.175073403126551
1.9718623724745,0.174891042973131
1.97219443888778,0.174337032840308
1.97252650530106,0.173586556249386
1.97285857171434,0.17302161197129
1.97319063812763,0.173007074607184
1.97352270454091,0.173516943979144
1.97385477095419,0.174203080083824
1.97418683736747,0.17472207546639
1.97451890378076,0.174971799241616
1.97485097019404,0.17505447692794
1.97518303660732,0.175073263473763
1.9755151030206,0.175031997603869
1.97584716943389,0.174847638145694
1.97617923584717,0.174442073846573
1.97651130226045,0.17388977383576
1.97684336867374,0.173403039144795
1.97717543508702,0.173190908443374
1.9775075015003,0.173290623147224
1.97783956791358,0.17357965221259
1.97817163432687,0.173931415850319
1.97850370074015,0.174262440132075
1.97883576715343,0.174530473930144
1.97916783356671,0.174696220524358
1.97949989998,0.174748967063419
1.97983196639328,0.174706155899502
1.98016403280656,0.174586895974632
1.98049609921984,0.174421996884526
1.98082816563313,0.174254173760601
1.98116023204641,0.174125742010175
1.98149229845969,0.174055196871541
1.98182436487297,0.174036084062656
1.98215643128626,0.174061400633404
1.98248849769954,0.174140920766344
1.98282056411282,0.17430250451991
1.98315263052611,0.174571265854409
1.98348469693939,0.174870965827986
1.98381676335267,0.175012880719171
1.98414882976595,0.174809364528265
1.98448089617924,0.174277898774563
1.98481296259252,0.173671063937793
1.9851450290058,0.173249800203384
1.98547709541908,0.173119083715816
1.98580916183237,0.173199458027384
1.98614122824565,0.173400117758733
1.98647329465893,0.173609244023152
1.98680536107221,0.173689541336997
1.9871374274855,0.173506682536541
1.98746949389878,0.173087661441427
1.98780156031206,0.172661759088421
1.98813362672535,0.17246630581222
1.98846569313863,0.17254636980945
1.98879775955191,0.172698619131699
1.98912982596519,0.17270763308187
1.98946189237848,0.172535010949891
1.98979395879176,0.172377830252797
1.99012602520504,0.172445581649041
1.99045809161832,0.172772870621454
1.99079015803161,0.173154585913521
1.99112222444489,0.173371042172132
1.99145429085817,0.173324443253327
1.99178635727145,0.173088988360905
1.99211842368474,0.172751818537831
1.99245049009802,0.172398963505638
1.9927825565113,0.172114850861893
1.99311462292459,0.17198283656025
1.99344668933787,0.172030674044989
1.99377875575115,0.172202559148982
1.99411082216443,0.172435942298489
1.99444288857772,0.172677301681666
1.994774954991,0.172887085497963
1.99510702140428,0.173027715146097
1.99543908781756,0.173110518057153
1.99577115423085,0.173224866866043
1.99610322064413,0.173465867585927
1.99643528705741,0.173842280642011
1.99676735347069,0.174220876174049
1.99709941988398,0.174456156720463
1.99743148629726,0.174466212424851
1.99776355271054,0.17427688529617
1.99809561912383,0.17392478458621
1.99842768553711,0.173479436121625
1.99875975195039,0.173068151264325
1.99909181836367,0.172823186298918
1.99942388477696,0.172778077629589
1.99975595119024,0.172787848983795
2.00008801760352,0.172689817431296
2.0004200840168,0.172433770720972
2.00075215043009,0.172179200936369
2.00108421684337,0.172107753882528
2.00141628325665,0.17229925816264
2.00174834966993,0.172637646860908
2.00208041608322,0.172984911886538
2.0024124824965,0.173233795903712
2.00274454890978,0.17333785901804
2.00307661532307,0.173258005964981
2.00340868173635,0.172985619048948
2.00374074814963,0.172574597354199
2.00407281456291,0.172086889856064
2.0044048809762,0.171646467975654
2.00473694738948,0.171508465110738
2.00506901380276,0.17194318944574
2.00540108021604,0.172944023308263
2.00573314662933,0.173901806855043
2.00606521304261,0.174131518959392
2.00639727945589,0.173374587021406
2.00672934586917,0.172332766906327
2.00706141228246,0.171839397737656
2.00739347869574,0.172292731758403
2.00772554510902,0.173075094330893
2.0080576115223,0.173426777133067
2.00838967793559,0.172965092412868
2.00872174434887,0.172211618674805
2.00905381076215,0.171821074351563
2.00938587717543,0.172140057020477
2.00971794358872,0.172747757806118
2.010050010002,0.173107260107472
2.01038207641528,0.172917345861891
2.01071414282857,0.172480092409011
2.01104620924185,0.172192922762878
2.01137827565513,0.172298342522816
2.01171034206841,0.172627055742855
2.0120424084817,0.172942408290055
2.01237447489498,0.17307731688162
2.01270654130826,0.1730548878297
2.01303860772154,0.172930451020608
2.01337067413483,0.172752858061301
2.01370274054811,0.172552656523249
2.01403480696139,0.172357184771125
2.01436687337468,0.172190447061933
2.01469893978796,0.172066640853327
2.01503100620124,0.17199818314833
2.01536307261452,0.172007680441625
2.01569513902781,0.172148604557268
2.01602720544109,0.172480161398532
2.01635927185437,0.172986179244985
2.01669133826765,0.173414773094147
2.01702340468094,0.173468379734061
2.01735547109422,0.17299918930362
2.0176875375075,0.172344876626806
2.01801960392078,0.171941879760026
2.01835167033407,0.17206564857469
2.01868373674735,0.172450033743621
2.01901580316063,0.172715642855058
2.01934786957391,0.172599136413961
2.0196799359872,0.172238723411909
2.02001200240048,0.171859663084865
2.02034406881376,0.171643375594361
2.02067613522705,0.17161319295156
2.02100820164033,0.171756898013438
2.02134026805361,0.172048507843914
2.02167233446689,0.172411149880723
2.02200440088018,0.17275621330011
2.02233646729346,0.172997155165897
2.02266853370674,0.173055069871653
2.02300060012002,0.172852827126282
2.02333266653331,0.172381901110347
2.02366473294659,0.171907385346386
2.02399679935987,0.171762803601652
2.02432886577316,0.172164185068065
2.02466093218644,0.172843363904624
2.02499299859972,0.173408052784284
2.025325065013,0.173551479136321
2.02565713142629,0.173328534618043
2.02598919783957,0.172890172326475
2.02632126425285,0.172382154007012
2.02665333066613,0.171927393024466
2.02698539707942,0.171642622569523
2.0273174634927,0.171616273502221
2.02764952990598,0.171807220424507
2.02798159631926,0.172137330529879
2.02831366273255,0.172505085988989
2.02864572914583,0.172698547471829
2.02897779555911,0.17247323919125
2.02930986197239,0.171696239766735
2.02964192838568,0.170782179563561
2.02997399479896,0.17031411191072
2.03030606121224,0.170711778251707
2.03063812762552,0.171563920671944
2.03097019403881,0.172197745366232
2.03130226045209,0.17210045069201
2.03163432686537,0.171592126655737
2.03196639327866,0.171265054589815
2.03229845969194,0.171573274735789
2.03263052610522,0.172216619855814
2.0329625925185,0.172640732652965
2.03329465893179,0.172407433301899
2.03362672534507,0.171728942003131
2.03395879175835,0.171044857936523
2.03429085817163,0.170735155943696
2.03462292458492,0.170826720026172
2.0349549909982,0.171218558488209
2.03528705741148,0.171792406874865
2.03561912382476,0.172327864122356
2.03595119023805,0.172566739216899
2.03628325665133,0.172317133104996
2.03661532306461,0.171801221047776
2.0369473894779,0.171401196403652
2.03727945589118,0.171435152717491
2.03761152230446,0.171800872310822
2.03794358871774,0.172228621517459
2.03827565513103,0.172483435644985
2.03860772154431,0.172565035521684
2.03893978795759,0.172569622034324
2.03927185437087,0.172577186622703
2.03960392078416,0.172553010011228
2.03993598719744,0.172413583592381
2.04026805361072,0.172100866372425
2.040600120024,0.17174240320807
2.04093218643729,0.171547428658207
2.04126425285057,0.171683682918301
2.04159631926385,0.172004622085458
2.04192838567714,0.172221312043764
2.04226045209042,0.172089132344999
2.0425925185037,0.171712083918337
2.04292458491698,0.171357521307471
2.04325665133027,0.171260384843241
2.04358871774355,0.171384468085559
2.04392078415683,0.171562407502193
2.04425285057011,0.171643949057027
2.0445849169834,0.17162894159204
2.04491698339668,0.171592090343932
2.04524904980996,0.171603636028467
2.04558111622325,0.171690159776317
2.04591318263653,0.171855750626248
2.04624524904981,0.172094445660223
2.04657731546309,0.172311210547738
2.04690938187638,0.172363754592102
2.04724144828966,0.172131253437926
2.04757351470294,0.171698841018228
2.04790558111622,0.171264706060045
2.04823764752951,0.171012605432553
2.04856971394279,0.170971550706701
2.04890178035607,0.171082905818573
2.04923384676935,0.17128296059268
2.04956591318264,0.171467035679425
2.04989797959592,0.171506605938299
2.0502300460092,0.171294682819416
2.05056211242248,0.170955565511584
2.05089417883577,0.170752876240205
2.05122624524905,0.170921855952419
2.05155831166233,0.171362115393717
2.05189037807562,0.171765256571098
2.0522224444889,0.171846663021699
2.05255451090218,0.171626822019149
2.05288657731546,0.171321263214789
2.05321864372875,0.171135848867537
2.05355071014203,0.171121119156901
2.05388277655531,0.17122506954256
2.05421484296859,0.171396535639536
2.05454690938188,0.171617843077236
2.05487897579516,0.1718940800961
2.05521104220844,0.172226158585143
2.05554310862172,0.172555001231313
2.05587517503501,0.17277956046508
2.05620724144829,0.17280221545676
2.05653930786157,0.17258302647211
2.05687137427485,0.172123631470673
2.05720344068814,0.171442300001961
2.05753550710142,0.17078291625981
2.0578675735147,0.170557918045704
2.05819963992799,0.171140904028016
2.05853170634127,0.172266365964817
2.05886377275455,0.173180116821604
2.05919583916783,0.17316502389562
2.05952790558112,0.172245625999073
2.0598599719944,0.171032734604267
2.06019203840768,0.170133306309066
2.06052410482096,0.16980444839484
2.06085617123425,0.170016630194211
2.06118823764753,0.170721130599889
2.06152030406081,0.171695270136615
2.06185237047409,0.172571206595249
2.06218443688738,0.17299413397213
2.06251650330066,0.172907422312075
2.06284856971394,0.172511798098627
2.06318063612723,0.172012976936334
2.06351270254051,0.17155240888048
2.06384476895379,0.171214219382309
2.06417683536707,0.171077471666093
2.06450890178036,0.171159443909501
2.06484096819364,0.171420594384137
2.06517303460692,0.171816231865088
2.0655051010202,0.1722393220372
2.06583716743349,0.172523965979651
2.06616923384677,0.172510271041979
2.06650130026005,0.17221865037982
2.06683336667333,0.171845383115756
2.06716543308662,0.1715869784631
2.0674974994999,0.171471991783131
2.06782956591318,0.171360045004486
2.06816163232647,0.171112081893396
2.06849369873975,0.170804477427452
2.06882576515303,0.170736830074086
2.06915783156631,0.171204450050443
2.0694898979796,0.172124581394101
2.06982196439288,0.17301222556953
2.07015403080616,0.173377441655791
2.07048609721944,0.173098315775099
2.07081816363273,0.172456430480953
2.07115023004601,0.17175137737182
2.07148229645929,0.171203080234363
2.07181436287257,0.170940939297849
2.07214642928586,0.171082910469427
2.07247849569914,0.171545549430467
2.07281056211242,0.172010806556677
2.07314262852571,0.172155587561127
2.07347469493899,0.171913685762507
2.07380676135227,0.171527462366928
2.07413882776555,0.171253533535564
2.07447089417884,0.171201061082361
2.07480296059212,0.17129625279631
2.0751350270054,0.171454093086281
2.07546709341868,0.171596878851121
2.07579915983197,0.171656249157146
2.07613122624525,0.17156736503985
2.07646329265853,0.171381935162426
2.07679535907181,0.171305088830734
2.0771274254851,0.171546183152396
2.07745949189838,0.172046576083207
2.07779155831166,0.172384710517811
2.07812362472495,0.172122065377087
2.07845569113823,0.171212338840861
2.07878775755151,0.170158139121472
2.07911982396479,0.16949791828468
2.07945189037808,0.169451323685085
2.07978395679136,0.169776929297544
2.08011602320464,0.170199221803457
2.08044808961792,0.1705478914039
2.08078015603121,0.170808637410682
2.08111222244449,0.170979387714187
2.08144428885777,0.171034652145241
2.08177635527105,0.17091308817809
2.08210842168434,0.170552518506365
2.08244048809762,0.170034534657256
2.0827725545109,0.169668098009755
2.08310462092418,0.169778405550383
2.08343668733747,0.170407837247529
2.08376875375075,0.171138834921344
2.08410082016403,0.171516525610202
2.08443288657732,0.171395793411715
2.0847649529906,0.171150502312514
2.08509701940388,0.171200533325256
2.08542908581716,0.171657665667054
2.08576115223045,0.172100376870929
2.08609321864373,0.17205836212642
2.08642528505701,0.171406770064175
2.08675735147029,0.170637870217122
2.08708941788358,0.170305367475954
2.08742148429686,0.170612907326576
2.08775355071014,0.171118022725894
2.08808561712342,0.171311860124175
2.08841768353671,0.170994761078209
2.08874974994999,0.17055413574631
2.08908181636327,0.170441326540496
2.08941388277656,0.170837004689077
2.08974594918984,0.171390511632624
2.09007801560312,0.171691036483042
2.0904100820164,0.171493224533739
2.09074214842969,0.170885695923778
2.09107421484297,0.16999778533949
2.09140628125625,0.16905142286844
2.09173834766953,0.168462504377649
2.09207041408282,0.168669783815072
2.0924024804961,0.169752760715243
2.09273454690938,0.171017882567812
2.09306661332266,0.171675384694086
2.09339867973595,0.171350832907712
2.09373074614923,0.170591056768015
2.09406281256251,0.170066646888139
2.0943948789758,0.170150176499196
2.09472694538908,0.170526263289262
2.09505901180236,0.170783838867135
2.09539107821564,0.17069513947735
2.09572314462893,0.170467141800946
2.09605521104221,0.170369674605118
2.09638727745549,0.170549367350864
2.09671934386877,0.170850273587359
2.09705141028206,0.171071156781309
2.09738347669534,0.171084485773007
2.09771554310862,0.170949267250585
2.0980476095219,0.170753559544593
2.09837967593519,0.170566150628053
2.09871174234847,0.170405286868147
2.09904380876175,0.170281050537125
2.09937587517504,0.170210738884005
2.09970794158832,0.170231181405749
2.1000400080016,0.170382391187657
2.10037207441488,0.170646448855198
2.10070414082817,0.170843434584975
2.10103620724145,0.17076549324287
2.10136827365473,0.170307526146625
2.10170034006801,0.169662050370597
2.1020324064813,0.169075400493312
2.10236447289458,0.168743298114447
2.10269653930786,0.168708825782858
2.10302860572114,0.168986412976933
2.10336067213443,0.169548583954276
2.10369273854771,0.170238840400089
2.10402480496099,0.170876109239304
2.10435687137427,0.171310110608609
2.10468893778756,0.171488130347113
2.10502100420084,0.171376805036599
2.10535307061412,0.170968996277599
2.10568513702741,0.170344890057046
2.10601720344069,0.16960279630862
2.10634926985397,0.168867876295309
2.10668133626725,0.168357000702679
2.10701340268054,0.168306868825257
2.10734546909382,0.168823958512706
2.1076775355071,0.16955384735149
2.10800960192038,0.170040757727851
2.10834166833367,0.169976201224545
2.10867373474695,0.169589455980711
2.10900580116023,0.169233091382247
2.10933786757351,0.169166218725231
2.1096699339868,0.169291981949973
2.11000200040008,0.16942900915678
2.11033406681336,0.169449293514217
2.11066613322665,0.169434271975953
2.11099819963993,0.169516792310141
2.11133026605321,0.169784733382332
2.11166233246649,0.170143282246323
2.11199439887978,0.170451316512456
2.11232646529306,0.170591729015744
2.11265853170634,0.17054793002471
2.11299059811962,0.170329685935733
2.11332266453291,0.169965120917389
2.11365473094619,0.169562606649948
2.11398679735947,0.169252486196488
2.11431886377275,0.169143779562202
2.11465093018604,0.169248856141755
2.11498299659932,0.169552772723556
2.1153150630126,0.170018678762478
2.11564712942589,0.170507951274473
2.11597919583917,0.17085252086694
2.11631126225245,0.170919322611792
2.11664332866573,0.170743536024724
2.11697539507902,0.170410968924419
2.1173074614923,0.170015927871787
2.11763952790558,0.169695234985551
2.11797159431886,0.169599071754747
2.11830366073215,0.169817045714391
2.11863572714543,0.170125270074087
2.11896779355871,0.17019894697911
2.11929985997199,0.169814433913758
2.11963192638528,0.169290240251362
2.11996399279856,0.169126285713308
2.12029605921184,0.169677979709542
2.12062812562512,0.170496970276386
2.12096019203841,0.170858865602189
2.12129225845169,0.170221615523092
2.12162432486497,0.169088673776009
2.12195639127826,0.168338136228992
2.12228845769154,0.168665373027636
2.12262052410482,0.169663481276908
2.1229525905181,0.170520028123585
2.12328465693139,0.170570298883946
2.12361672334467,0.170053227516527
2.12394878975795,0.169551820708419
2.12428085617123,0.169550719990138
2.12461292258452,0.169896894697797
2.1249449889978,0.170186207948349
2.12527705541108,0.170085090498964
2.12560912182437,0.169729673900078
2.12594118823765,0.169447249890542
2.12627325465093,0.169505040627455
2.12660532106421,0.169752016634353
2.1269373874775,0.169861463002303
2.12726945389078,0.169568727705786
2.12760152030406,0.169055007753725
2.12793358671734,0.168695360333959
2.12826565313063,0.16879755234849
2.12859771954391,0.169163371063795
2.12892978595719,0.169367991118111
2.12926185237047,0.169058101432458
2.12959391878376,0.168435185648234
2.12992598519704,0.167957946000152
2.13025805161032,0.168022860676491
2.1305901180236,0.168515075389931
2.13092218443689,0.169075451072686
2.13125425085017,0.169382226933951
2.13158631726345,0.169431194670549
2.13191838367674,0.169374482562053
2.13225045009002,0.169347976910564
2.1325825165033,0.169339103454006
2.13291458291658,0.169259718257983
2.13324664932987,0.169043334832227
2.13357871574315,0.168822165036107
2.13391078215643,0.168832893979923
2.13424284856971,0.16926612022657
2.134574914983,0.169877298720754
2.13490698139628,0.170186730136482
2.13523904780956,0.169779657314374
2.13557111422284,0.168885804060022
2.13590318063613,0.168096045452853
2.13623524704941,0.167948133069135
2.13656731346269,0.168394640102562
2.13689937987598,0.169050247461964
2.13723144628926,0.169550653635367
2.13756351270254,0.169788961271768
2.13789557911582,0.169811005405829
2.13822764552911,0.169669107513708
2.13855971194239,0.169465476464059
2.13889177835567,0.169332996999639
2.13922384476895,0.169384910043719
2.13955591118224,0.169506575211876
2.13988797759552,0.169439269766434
2.1402200440088,0.168958611224204
2.14055211042208,0.168273185176766
2.14088417683537,0.167874673863498
2.14121624324865,0.168209679780086
2.14154830966193,0.169104049199816
2.14188037607522,0.169967056620412
2.1422124424885,0.17024385815522
2.14254450890178,0.169921952216258
2.14287657531506,0.169364031556336
2.14320864172835,0.168922284797236
2.14354070814163,0.168703663136238
2.14387277455491,0.168639581903882
2.14420484096819,0.168658002850392
2.14453690738148,0.168692928638135
2.14486897379476,0.168682830597035
2.14520104020804,0.168572401359016
2.14553310662132,0.168395991155743
2.14586517303461,0.168256030537592
2.14619723944789,0.168250600776911
2.14652930586117,0.168384508191585
2.14686137227446,0.168589595120715
2.14719343868774,0.168797068413947
2.14752550510102,0.168958816825308
2.1478575715143,0.16904338478563
2.14818963792759,0.169021046795264
2.14852170434087,0.168883239459159
2.14885377075415,0.168638964897362
2.14918583716743,0.168302980702143
2.14951790358072,0.167982582134003
2.149849969994,0.167864372457778
2.15018203640728,0.16812369983116
2.15051410282056,0.168679714980849
2.15084616923385,0.169226000309697
2.15117823564713,0.169461396839919
2.15151030206041,0.169328593760619
2.15184236847369,0.168991502273519
2.15217443488698,0.16862086442505
2.15250650130026,0.168362506222817
2.15283856771354,0.168338871429899
2.15317063412683,0.168660425056118
2.15350270054011,0.169200439160967
2.15383476695339,0.169603870440547
2.15416683336667,0.169522310798822
2.15449889977996,0.168960488743236
2.15483096619324,0.168274180085905
2.15516303260652,0.167822746824597
2.1554950990198,0.167675353929091
2.15582716543309,0.167603441895617
2.15615923184637,0.16737547438801
2.15649129825965,0.167030191227793
2.15682336467293,0.166891703200288
2.15715543108622,0.167284682796943
2.1574874974995,0.168180599313295
2.15781956391278,0.169167760789597
2.15815163032607,0.169824375818997
2.15848369673935,0.169958406375898
2.15881576315263,0.16963394197566
2.15914782956591,0.168932241192047
2.1594798959792,0.168057954896871
2.15981196239248,0.16735885471056
2.16014402880576,0.167180634836134
2.16047609521904,0.167524913249851
2.16080816163233,0.167984029653858
2.16114022804561,0.168136984603384
2.16147229445889,0.167908871171692
2.16180436087217,0.167648486648203
2.16213642728546,0.167722188207135
2.16246849369874,0.168185442970227
2.16280056011202,0.168701306723549
2.16313262652531,0.168914616690753
2.16346469293859,0.168721538036886
2.16379675935187,0.168344821241334
2.16412882576515,0.168026809055362
2.16446089217844,0.167909808057525
2.16479295859172,0.168001693876664
2.165125025005,0.168298212743035
2.16545709141828,0.168678034714369
2.16578915783157,0.168858288487463
2.16612122424485,0.168550654611267
2.16645329065813,0.167770504882237
2.16678535707141,0.166966624485591
2.1671174234847,0.16661519036398
2.16744948989798,0.166839427959887
2.16778155631126,0.167243374533938
2.16811362272455,0.167394888023243
2.16844568913783,0.167144954750016
2.16877775555111,0.166772787388883
2.16910982196439,0.166591167857433
2.16944188837768,0.166771524420119
2.16977395479096,0.167264235756703
2.17010602120424,0.167998636989147
2.17043808761752,0.168790732912821
2.17077015403081,0.169274632416917
2.17110222044409,0.169073540442926
2.17143428685737,0.168186646837968
2.17176635327065,0.16723833978891
2.17209841968394,0.16690801200565
2.17243048609722,0.167434139187885
2.1727625525105,0.168299044084616
2.17309461892378,0.168914753405458
2.17342668533707,0.168958863719077
2.17375875175035,0.168575788358896
2.17409081816363,0.167957071791302
2.17442288457692,0.167274417254007
2.1747549509902,0.16666343403156
2.17508701740348,0.166255817786758
2.17541908381676,0.166151005639379
2.17575115023005,0.166387493964179
2.17608321664333,0.166995664472756
2.17641528305661,0.167870809327672
2.17674734946989,0.168647257925649
2.17707941588318,0.168932102999738
2.17741148229646,0.16858284825231
2.17774354870974,0.16795744010742
2.17807561512302,0.167472624731795
2.17840768153631,0.167360676079852
2.17873974794959,0.167471638294724
2.17907181436287,0.167608536673032
2.17940388077616,0.167639529471312
2.17973594718944,0.167571549112076
2.18006801360272,0.167429476339432
2.180400080016,0.167268787461962
2.18073214642929,0.167212345790044
2.18106421284257,0.167391499448997
2.18139627925585,0.167823628277943
2.18172834566913,0.168267388250614
2.18206041208242,0.168446497722851
2.1823924784957,0.168220785413754
2.18272454490898,0.167769214563272
2.18305661132226,0.167316421297819
2.18338867773555,0.167026510986794
2.18372074414883,0.16691621871762
2.18405281056211,0.166980243968348
2.1843848769754,0.167194311681989
2.18471694338868,0.167486763454565
2.18504900980196,0.167778725261908
2.18538107621524,0.168008667264246
2.18571314262853,0.168159812856898
2.18604520904181,0.168222530729364
2.18637727545509,0.168193533190328
2.18670934186837,0.168086526154452
2.18704140828166,0.16791801400014
2.18737347469494,0.167700848321946
2.18770554110822,0.167437785753403
2.1880376075215,0.167129900875968
2.18836967393479,0.166827428311074
2.18870174034807,0.166721207529772
2.18903380676135,0.167026899557043
2.18936587317464,0.167796905398663
2.18969793958792,0.168602357001434
2.1900300060012,0.16892707803386
2.19036207241448,0.168480992669769
2.19069413882777,0.167663627698787
2.19102620524105,0.167006429704082
2.19135827165433,0.166879541191617
2.19169033806761,0.167139975679481
2.1920224044809,0.167543333993881
2.19235447089418,0.167873627010853
2.19268653730746,0.168007432425703
2.19301860372074,0.167840178662396
2.19335067013403,0.16734928728788
2.19368273654731,0.166790221526959
2.19401480296059,0.166477609354328
2.19434686937388,0.166620678084663
2.19467893578716,0.1670586657778
2.19501100220044,0.167549951977504
2.19534306861372,0.167888242895908
2.19567513502701,0.16799426780426
2.19600720144029,0.16781738900032
2.19633926785357,0.16736458309243
2.19667133426685,0.166859451340366
2.19700340068014,0.166576684849078
2.19733546709342,0.166688183636269
2.1976675335067,0.166966260067831
2.19799959991998,0.167086468405645
2.19833166633327,0.16683382188945
2.19866373274655,0.166432285758726
2.19899579915983,0.166216210878969
2.19932786557311,0.166416457204371
2.1996599319864,0.166832996353414
2.19999199839968,0.167154096786714
2.20032406481296,0.167149827730105
2.20065613122625,0.166940762888976
2.20098819763953,0.166741649026983
2.20132026405281,0.166713304548214
2.20165233046609,0.166776077160036
2.20198439687938,0.166783426641929
2.20231646329266,0.16664452420142
2.20264852970594,0.166525185928541
2.20298059611922,0.166665131488007
2.20331266253251,0.167215702997423
2.20364472894579,0.167907544718452
2.20397679535907,0.168346686178394
2.20430886177235,0.168216851748642
2.20464092818564,0.167582744520927
2.20497299459892,0.166626164993381
2.2053050610122,0.165566674440266
2.20563712742549,0.164816432562137
2.20596919383877,0.164849573208285
2.20630126025205,0.165964831869991
2.20663332666533,0.167536657199143
2.20696539307862,0.168638141052523
2.2072974594919,0.168557856389665
2.20762952590518,0.167749529951119
2.20796159231846,0.167064069162141
2.20829365873175,0.167185564748793
2.20862572514503,0.16784104805581
2.20895779155831,0.168420530297509
2.20928985797159,0.168413988582309
2.20962192438488,0.167895719222408
2.20995399079816,0.167152541473226
2.21028605721144,0.166453167442338
2.21061812362473,0.165952297044282
2.21095019003801,0.165761680113716
2.21128225645129,0.165953991855394
2.21161432286457,0.166356326004173
2.21194638927786,0.166700441756643
2.21227845569114,0.166761813853708
2.21261052210442,0.166601521515529
2.2129425885177,0.166395369386743
2.21327465493099,0.166303689919163
2.21360672134427,0.166379343095047
2.21393878775755,0.166630493938701
2.21427085417083,0.167040734902743
2.21460292058412,0.16742250055225
2.2149349869974,0.167515047169045
2.21526705341068,0.167113349214864
2.21559911982397,0.166420672044324
2.21593118623725,0.165821636288025
2.21626325265053,0.165645384207219
2.21659531906381,0.165790308304836
2.2169273854771,0.1659575881772
2.21725945189038,0.165890339602281
2.21759151830366,0.165668233449819
2.21792358471694,0.16552990816163
2.21825565113023,0.165684285581304
2.21858771754351,0.166089692362517
2.21891978395679,0.16658235361562
2.21925185037007,0.167004865391004
2.21958391678336,0.167259215751049
2.21991598319664,0.167277201927744
2.22024804960992,0.167008905636135
2.22058011602321,0.166563970957571
2.22091218243649,0.166135062030098
2.22124424884977,0.16589561667687
2.22157631526305,0.165834847741955
2.22190838167633,0.165843155405395
2.22224044808962,0.165826175039498
2.2225725145029,0.165843448122956
2.22290458091618,0.166039559318331
2.22323664732947,0.166528894337529
2.22356871374275,0.167119881428538
2.22390078015603,0.16744702741673
2.22423284656931,0.167188695974245
2.2245649129826,0.166491721983621
2.22489697939588,0.165778810085385
2.22522904580916,0.165440726668307
2.22556111222244,0.165480190468985
2.22589317863573,0.165664150509748
2.22622524504901,0.165776106407392
2.22655731146229,0.165821017992371
2.22688937787558,0.165942276515039
2.22722144428886,0.166265389730548
2.22755351070214,0.166684215359703
2.22788557711542,0.166943489125112
2.22821764352871,0.1668073883754
2.22854970994199,0.16630343769939
2.22888177635527,0.165634274275388
2.22921384276855,0.165001124611117
2.22954590918184,0.164544162456815
2.22987797559512,0.164361603629656
2.2302100420084,0.164535990204017
2.23054210842168,0.164954855841984
2.23087417483497,0.165368181288363
2.23120624124825,0.165539269897727
2.23153830766153,0.165451074426897
2.23187037407481,0.165246329207551
2.2322024404881,0.165068389576509
2.23253450690138,0.165017224145349
2.23286657331466,0.165160180950112
2.23319863972795,0.165552512763631
2.23353070614123,0.166080566014449
2.23386277255451,0.1665003509275
2.23419483896779,0.166580724463154
2.23452690538108,0.166342040569109
2.23485897179436,0.16600503627077
2.23519103820764,0.165783910001269
2.23552310462092,0.165690418326794
2.23585517103421,0.165569882318343
2.23618723744749,0.165272949788338
2.23651930386077,0.164829260791439
2.23685137027406,0.164420145845726
2.23718343668734,0.164222735628908
2.23751550310062,0.164246766919359
2.2378475695139,0.164355851744183
2.23817963592719,0.164414511781958
2.23851170234047,0.164398298602379
2.23884376875375,0.164382510174145
2.23917583516703,0.164442197152635
2.23950790158032,0.164576116239126
2.2398399679936,0.164712402325171
2.24017203440688,0.164779067183323
2.24050410082016,0.16475727016503
2.24083616723345,0.164678848693254
2.24116823364673,0.16457877489519
2.24150030006001,0.164516923377438
2.24183236647329,0.164577644634787
2.24216443288658,0.16483973543008
2.24249649929986,0.165227957012623
2.24282856571314,0.165511301560292
2.24316063212643,0.165461752912647
2.24349269853971,0.165093320608109
2.24382476495299,0.164672614045818
2.24415683136627,0.164472638417481
2.24448889777956,0.164615884678318
2.24482096419284,0.165062717766158
2.24515303060612,0.165760198753124
2.2454850970194,0.166512378064144
2.24581716343269,0.166965444556381
2.24614922984597,0.16677144956195
2.24648129625925,0.165986981982333
2.24681336267253,0.165130969958951
2.24714542908582,0.164736403610194
2.2474774954991,0.164949515860775
2.24780956191238,0.165460701626501
2.24814162832567,0.165939088528808
2.24847369473895,0.166211508149784
2.24880576115223,0.166295429091498
2.24913782756551,0.166220229025768
2.2494698939788,0.166035274140206
2.24980196039208,0.16581496016374
2.25013402680536,0.16563451707636
2.25046609321864,0.165539441688341
2.25079815963193,0.165536921527452
2.25113022604521,0.165630548640094
2.25146229245849,0.165781030476807
2.25179435887177,0.165892247025169
2.25212642528506,0.165867111776084
2.25245849169834,0.165736194249668
2.25279055811162,0.165704578172453
2.2531226245249,0.165984815362017
2.25345469093819,0.166549581279027
2.25378675735147,0.167034112276195
2.25411882376475,0.167054176480198
2.25445089017804,0.166500635391506
2.25478295659132,0.165663690376496
2.2551150230046,0.164864214837314
2.25544708941788,0.164358783832032
2.25577915583117,0.164306861287505
2.25611122224445,0.164854953359524
2.25644328865773,0.165875797525095
2.25677535507101,0.166821253043402
2.2571074214843,0.167114950331257
2.25743948789758,0.166585212652175
2.25777155431086,0.16570338854359
2.25810362072415,0.164995306172524
2.25843568713743,0.164734887668918
2.25876775355071,0.164780901099092
2.25909981996399,0.164953987810815
2.25943188637728,0.165128394017956
2.25976395279056,0.165269133373532
2.26009601920384,0.165350220683018
2.26042808561712,0.165364278713773
2.26076015203041,0.16533640104925
2.26109221844369,0.165294986370029
2.26142428485697,0.165272359926706
2.26175635127025,0.165307914614834
2.26208841768354,0.165440931006434
2.26242048409682,0.165623541203842
2.2627525505101,0.165646082571318
2.26308461692338,0.165283329673964
2.26341668333667,0.16454900334956
2.26374874974995,0.163915757572485
2.26408081616323,0.163906045516499
2.26441288257652,0.164661424859091
2.2647449489898,0.165570376823295
2.26507701540308,0.165937086170074
2.26540908181636,0.165460027077988
2.26574114822965,0.164640708953883
2.26607321464293,0.16407775525685
2.26640528105621,0.16409953953441
2.26673734746949,0.164462739559142
2.26706941388278,0.164852024467686
2.26740148029606,0.165042862842223
2.26773354670934,0.165007691307505
2.26806561312262,0.164744990715626
2.26839767953591,0.164314300849031
2.26872974594919,0.163912639826972
2.26906181236247,0.163755544791483
2.26939387877575,0.163941957048423
2.26972594518904,0.164300114781646
2.27005801160232,0.164620290721842
2.2703900780156,0.164758369635977
2.27072214442889,0.164727014231571
2.27105421084217,0.164561869195852
2.27138627725545,0.164319832315597
2.27171834366873,0.164110519001389
2.27205041008202,0.164051486741837
2.2723824764953,0.164200896136825
2.27271454290858,0.164464960239017
2.27304660932186,0.164726050862446
2.27337867573515,0.164897837431024
2.27371074214843,0.164976506238211
2.27404280856171,0.164971720258162
2.274374874975,0.164911029318619
2.27470694138828,0.164870889310901
2.27503900780156,0.164935975563576
2.27537107421484,0.165137964381226
2.27570314062813,0.16535894818056
2.27603520704141,0.16545493628657
2.27636727345469,0.165342670579641
2.27669933986797,0.165116075088642
2.27703140628126,0.164901247304643
2.27736347269454,0.164787488232928
2.27769553910782,0.164752799727647
2.2780276055211,0.164754237945613
2.27835967193439,0.164746898256425
2.27869173834767,0.16467977294105
2.27902380476095,0.164500664962774
2.27935587117423,0.164207152839239
2.27968793758752,0.163957742055641
2.2800200040008,0.163943464591014
2.28035207041408,0.164260464850485
2.28068413682737,0.164687965914967
2.28101620324065,0.164939361922574
2.28134826965393,0.164830737917929
2.28168033606721,0.164532372762459
2.2820124024805,0.164291088422544
2.28234446889378,0.164285947314167
2.28267653530706,0.164453063579445
2.28300860172034,0.164674225080506
2.28334066813363,0.164847795251169
2.28367273454691,0.164933329622249
2.28400480096019,0.164904522848498
2.28433686737347,0.164751016282886
2.28466893378676,0.164523616006309
2.28500100020004,0.16428779807286
2.28533306661332,0.164108782179144
2.28566513302661,0.164050626099057
2.28599719943989,0.164177077829978
2.28632926585317,0.16449928952154
2.28666133226645,0.164812983184228
2.28699339867974,0.164858841233556
2.28732546509302,0.164472419981659
2.2876575315063,0.163892100950304
2.28798959791958,0.16346356264836
2.28832166433287,0.163428189950404
2.28865373074615,0.163567155064701
2.28898579715943,0.163535224158626
2.28931786357271,0.16309128397364
2.289649929986,0.162467956189607
2.28998199639928,0.162032961425852
2.29031406281256,0.162061956331355
2.29064612922585,0.162394902143408
2.29097819563913,0.162743649415822
2.29131026205241,0.162876203005048
2.29164232846569,0.162833167618764
2.29197439487898,0.162737977092977
2.29230646129226,0.162710026129652
2.29263852770554,0.1628481942943
2.29297059411882,0.163244816724386
2.29330266053211,0.163927527979885
2.29363472694539,0.164587264397941
2.29396679335867,0.164806061552233
2.29429885977195,0.164291498812183
2.29463092618524,0.163429736566121
2.29496299259852,0.162836320554163
2.2952950590118,0.162997798559794
2.29562712542509,0.163671185883051
2.29595919183837,0.164359796533729
2.29629125825165,0.164643425598295
2.29662332466493,0.164542197064337
2.29695539107822,0.164234261948096
2.2972874574915,0.163881162948437
2.29761952390478,0.163543553193522
2.29795159031806,0.163244568632797
2.29828365673135,0.163019267728592
2.29861572314463,0.162977248430964
2.29894778955791,0.163256699121939
2.29927985597119,0.163939214576539
2.29961192238448,0.16474253442083
2.29994398879776,0.165240726227503
2.30027605521104,0.165082409951351
2.30060812162432,0.16441336436903
2.30094018803761,0.163583389846397
2.30127225445089,0.162919683059481
2.30160432086417,0.162584220347975
2.30193638727746,0.162668671391289
2.30226845369074,0.163221520628064
2.30260052010402,0.163984870308782
2.3029325865173,0.16456740136122
2.30326465293059,0.164635120862067
2.30359671934387,0.164281087174823
2.30392878575715,0.163791223647015
2.30426085217043,0.163428161099626
2.30459291858372,0.163264943494982
2.304924984997,0.163285974027435
2.30525705141028,0.163466513679986
2.30558911782357,0.163712993873349
2.30592118423685,0.163898762502912
2.30625325065013,0.163913743979596
2.30658531706341,0.16378741141336
2.3069173834767,0.163618617204023
2.30724944988998,0.163498740658199
2.30758151630326,0.163449737212083
2.30791358271654,0.16345791254584
2.30824564912983,0.163504229605229
2.30857771554311,0.163524227074827
2.30890978195639,0.163429390061795
2.30924184836967,0.163146497131488
2.30957391478296,0.162747953426588
2.30990598119624,0.162385864727149
2.31023804760952,0.162202024737384
2.3105701140228,0.162228400355533
2.31090218043609,0.162434949928139
2.31123424684937,0.162784249080544
2.31156631326265,0.16317180884143
2.31189837967594,0.163454279142226
2.31223044608922,0.163500164198174
2.3125625125025,0.16330682658383
2.31289457891578,0.162948822997514
2.31322664532907,0.16250396406347
2.31355871174235,0.162074394537827
2.31389077815563,0.161777395252072
2.31422284456891,0.161723210404304
2.3145549109822,0.161938019871659
2.31488697739548,0.162394300613046
2.31521904380876,0.163054121777043
2.31555111022204,0.163767075111386
2.31588317663533,0.164309168882921
2.31621524304861,0.1644731473029
2.31654730946189,0.164271758214776
2.31687937587518,0.163866670200834
2.31721144228846,0.163421157992567
2.31754350870174,0.163082312403401
2.31787557511502,0.162985919126544
2.31820764152831,0.16324943912342
2.31853970794159,0.163745614195083
2.31887177435487,0.164171281216539
2.31920384076815,0.164240295726025
2.31953590718144,0.163957478711555
2.31986797359472,0.163543485367109
2.320200040008,0.163215640148309
2.32053210642128,0.163063825997202
2.32086417283457,0.163080275321564
2.32119623924785,0.163254025557179
2.32152830566113,0.163563980559503
2.32186037207441,0.163981073988323
2.3221924384877,0.164469969498288
2.32252450490098,0.164896942450139
2.32285657131426,0.16504849245866
2.32318863772755,0.164726117035601
2.32352070414083,0.164026110117707
2.32385277055411,0.16329200934062
2.32418483696739,0.162859500633563
2.32451690338068,0.162775603433772
2.32484896979396,0.162837828609143
2.32518103620724,0.162843445076521
2.32551310262052,0.162740270803948
2.32584516903381,0.162609916044354
2.32617723544709,0.162533437022532
2.32650930186037,0.162488605366941
2.32684136827365,0.162358581342116
2.32717343468694,0.162032978185776
2.32750550110022,0.161609041118159
2.3278375675135,0.161380208182845
2.32816963392679,0.161632927082944
2.32850170034007,0.162329686203923
2.32883376675335,0.163118442682276
2.32916583316663,0.163644793396392
2.32949789957992,0.163783047978362
2.3298299659932,0.163635897178161
2.33016203240648,0.163317590493912
2.33049409881976,0.16298600635315
2.33082616523305,0.162844189086214
2.33115823164633,0.163084979159293
2.33149029805961,0.163584037573716
2.33182236447289,0.163880287431811
2.33215443088618,0.163514801534246
2.33248649729946,0.162522624676159
2.33281856371274,0.161480915476914
2.33315063012603,0.16098073232058
2.33348269653931,0.161169339344141
2.33381476295259,0.161691695730475
2.33414682936587,0.162171827347687
2.33447889577916,0.162414494252261
2.33481096219244,0.162434149555009
2.33514302860572,0.162257634001566
2.335475095019,0.161935256358377
2.33580716143229,0.161545547856145
2.33613922784557,0.161169183416676
2.33647129425885,0.160900981163842
2.33680336067213,0.160853172682721
2.33713542708542,0.161134373180363
2.3374674934987,0.161681418123999
2.33779955991198,0.162212942194316
2.33813162632527,0.162438607886728
2.33846369273855,0.162256311276
2.33879575915183,0.161810424270802
2.33912782556511,0.161261667695436
2.3394598919784,0.160755844957802
2.33979195839168,0.160418532343531
2.34012402480496,0.160370984343792
2.34045609121824,0.160598995282586
2.34078815763153,0.160899712625706
2.34112022404481,0.16105950416466
2.34145229045809,0.161015376570554
2.34178435687137,0.160920477510438
2.34211642328466,0.160941719623105
2.34244848969794,0.161088020635081
2.34278055611122,0.161134447753842
2.34311262252451,0.160841800718118
2.34344468893779,0.160236105984666
2.34377675535107,0.159748765050752
2.34410882176435,0.159839704765241
2.34444088817764,0.160581540372874
2.34477295459092,0.161437883024651
2.3451050210042,0.161825404817142
2.34543708741748,0.16152367603277
2.34576915383077,0.160899680561766
2.34610122024405,0.160371616959973
2.34643328665733,0.160148852205247
2.34676535307061,0.160090322277993
2.3470974194839,0.160022694949111
2.34742948589718,0.159875193915177
2.34776155231046,0.159754101863784
2.34809361872374,0.159782324516238
2.34842568513703,0.159995780852185
2.34875775155031,0.160275576756575
2.34908981796359,0.160487393194114
2.34942188437688,0.160542554306856
2.34975395079016,0.160436034608456
2.35008601720344,0.160172260096086
2.35041808361672,0.159815366297322
2.35075015003001,0.159542788742853
2.35108221644329,0.159543673375219
2.35141428285657,0.159877016915427
2.35174634926985,0.160347422154881
2.35207841568314,0.160730831246133
2.35241048209642,0.160885490899277
2.3527425485097,0.160835209319971
2.35307461492298,0.160623812747759
2.35340668133627,0.16032690130092
2.35373874774955,0.160086395119061
2.35407081416283,0.160052015929888
2.35440288057612,0.160269921244819
2.3547349469894,0.1605636178764
2.35506701340268,0.160728302116613
2.35539907981596,0.160647681922014
2.35573114622925,0.160401688012746
2.35606321264253,0.160096640893078
2.35639527905581,0.159838637982193
2.35672734546909,0.159733172089984
2.35705941188238,0.159885253603913
2.35739147829566,0.160291600710258
2.35772354470894,0.160692895459786
2.35805561112222,0.160793570934256
2.35838767753551,0.160466515517463
2.35871974394879,0.159996433439992
2.35905181036207,0.15972980609785
2.35938387677536,0.159876996919422
2.35971594318864,0.160303628928197
2.36004800960192,0.160821729788603
2.3603800760152,0.161253513125132
2.36071214242849,0.161447400191205
2.36104420884177,0.161256186203903
2.36137627525505,0.160647495200147
2.36170834166833,0.159899573672421
2.36204040808162,0.159342979324958
2.3623724744949,0.159192739436563
2.36270454090818,0.159340070480904
2.36303660732146,0.159620035388229
2.36336867373475,0.159915334858019
2.36370074014803,0.160245972888968
2.36403280656131,0.160656476490745
2.36436487297459,0.161149697985057
2.36469693938788,0.161604456319644
2.36502900580116,0.161876753733986
2.36536107221444,0.161869612580353
2.36569313862773,0.16163071414929
2.36602520504101,0.161235469616256
2.36635727145429,0.160783805060926
2.36668933786757,0.160453935899406
2.36702140428086,0.160439766773379
2.36735347069414,0.160835010971056
2.36768553710742,0.161403060353884
2.3680176035207,0.161839646923225
2.36834966993399,0.161928526381785
2.36868173634727,0.161752575807176
2.36901380276055,0.161458318321861
2.36934586917383,0.161176641028298
2.36967793558712,0.160983095720861
2.3700100020004,0.160941032626698
2.37034206841368,0.161069537836442
2.37067413482697,0.161226003718942
2.37100620124025,0.161230955344953
2.37133826765353,0.160978757848802
2.37167033406681,0.160643069694994
2.3720024004801,0.160463742392685
2.37233446689338,0.160593869219287
2.37266653330666,0.160846461558869
2.37299859971994,0.160951440376043
2.37333066613323,0.160738001520015
2.37366273254651,0.160437169480122
2.37399479895979,0.160381899841402
2.37432686537307,0.160800950275118
2.37465893178636,0.161485999891294
2.37499099819964,0.162114592942288
2.37532306461292,0.162428519859608
2.37565513102621,0.162445928251535
2.37598719743949,0.162259662234788
2.37631926385277,0.161966663976099
2.37665133026605,0.161682680698994
2.37698339667934,0.161528821358628
2.37731546309262,0.161583615803818
2.3776475295059,0.161727458857772
2.37797959591918,0.161783253072023
2.37831166233247,0.161626667508711
2.37864372874575,0.161387160742428
2.37897579515903,0.161270522974281
2.37930786157231,0.161430383913859
2.3796399279856,0.161760130507182
2.37997199439888,0.162072364529458
2.38030406081216,0.162199954589684
2.38063612722545,0.162079603088658
2.38096819363873,0.16168124305255
2.38130026005201,0.16102588180078
2.38163232646529,0.160408319494631
2.38196439287858,0.160214941208972
2.38229645929186,0.160729763918099
2.38262852570514,0.161669814045696
2.38296059211842,0.162557974638784
2.38329265853171,0.163015398133548
2.38362472494499,0.163220449455558
2.38395679135827,0.163548978290774
2.38428885777155,0.164263459245453
2.38462092418484,0.164954799701859
2.38495299059812,0.164968255134661
2.3852850570114,0.163810351725484
2.38561712342469,0.16198295546603
2.38594918983797,0.160369032427278
2.38628125625125,0.159726783030375
2.38661332266453,0.159989278382538
2.38694538907782,0.16076398410424
2.3872774554911,0.161682612825537
2.38760952190438,0.162543390271088
2.38794158831766,0.163212198907556
2.38827365473095,0.163571776665184
2.38860572114423,0.16361733382736
2.38893778755751,0.163390976107874
2.38926985397079,0.162947501105146
2.38960192038408,0.162431815722076
2.38993398679736,0.162028031784986
2.39026605321064,0.1618929705763
2.39059811962392,0.161979797051107
2.39093018603721,0.162150615813827
2.39126225245049,0.162278035941353
2.39159431886377,0.162317987291245
2.39192638527706,0.162264802585546
2.39225845169034,0.162126525161588
2.39259051810362,0.162018426703693
2.3929225845169,0.162106871925599
2.39325465093019,0.162519883501042
2.39358671734347,0.163068035132235
2.39391878375675,0.163406301006068
2.39425085017003,0.163237139593665
2.39458291658332,0.162675343364992
2.3949149829966,0.162045022204131
2.39524704940988,0.161641666073564
2.39557911582316,0.161487686558832
2.39591118223645,0.161462252965352
2.39624324864973,0.16145878218125
2.39657531506301,0.161514555063436
2.3969073814763,0.161744534870095
2.39723944788958,0.162242191702131
2.39757151430286,0.162888580631413
2.39790358071614,0.163446756042143
2.39823564712943,0.163701055502156
2.39856771354271,0.163657191567499
2.39889977995599,0.163447908056901
2.39923184636927,0.163191951517599
2.39956391278256,0.162847170375785
2.39989597919584,0.162275879057384
2.40022804560912,0.16138232512772
2.4005601120224,0.1605414766814
2.40089217843569,0.160417304460835
2.40122424484897,0.161581471440151
2.40155631126225,0.163522174924548
2.40188837767554,0.16504939452321
2.40222044408882,0.165076766957958
2.4025525105021,0.163799273410805
2.40288457691538,0.162244322861075
2.40321664332867,0.161389496621357
2.40354870974195,0.161385592806691
2.40388077615523,0.161826714040424
2.40421284256851,0.162312847885256
2.4045449089818,0.16265441977198
2.40487697539508,0.162807069418047
2.40520904180836,0.162735644618929
2.40554110822164,0.162489932417314
2.40587317463493,0.16218025480272
2.40620524104821,0.161912151373284
2.40653730746149,0.161705345865275
2.40686937387478,0.16151650741428
2.40720144028806,0.161308642522601
2.40753350670134,0.161158761708574
2.40786557311462,0.161230162556642
2.40819763952791,0.161666464704268
2.40852970594119,0.162280180533886
2.40886177235447,0.162626307870225
2.40919383876775,0.162287692369791
2.40952590518104,0.161394536736965
2.40985797159432,0.160517604110494
2.4101900380076,0.160212588759274
2.41052210442088,0.160552016244205
2.41085417083417,0.161207580677775
2.41118623724745,0.161845865605851
2.41151830366073,0.162252271818543
2.41185037007402,0.162313239551307
2.4121824364873,0.161933809582232
2.41251450290058,0.161305765743009
2.41284656931386,0.160873613149976
2.41317863572715,0.161064043306915
2.41351070214043,0.161782001721344
2.41384276855371,0.162460418663766
2.41417483496699,0.162542917522987
2.41450690138028,0.1620175265192
2.41483896779356,0.161380051469985
2.41517103420684,0.161127961754118
2.41550310062012,0.161362368870835
2.41583516703341,0.16180271250586
2.41616723344669,0.162160889024331
2.41649929985997,0.162324085699488
2.41683136627326,0.162352843280696
2.41716343268654,0.162314014912707
2.41749549909982,0.162249785012181
2.4178275655131,0.162177176285816
2.41815963192639,0.162110566078919
2.41849169833967,0.162026149477504
2.41882376475295,0.161859954586806
2.41915583116623,0.161550561687777
2.41948789757952,0.161156762263606
2.4198199639928,0.160867776104196
2.42015203040608,0.160873403200956
2.42048409681936,0.16119104904911
2.42081616323265,0.161645664368558
2.42114822964593,0.162054498301457
2.42148029605921,0.162302830864242
2.42181236247249,0.16235398758763
2.42214442888578,0.162178489478095
2.42247649529906,0.161841283155244
2.42280856171234,0.161519400386104
2.42314062812563,0.161391567457189
2.42347269453891,0.161467834324901
2.42380476095219,0.161552149020197
2.42413682736547,0.161441529723863
2.42446889377876,0.161135046556909
2.42480096019204,0.160886189436317
2.42513302660532,0.160958987295301
2.4254650930186,0.161391377515103
2.42579715943189,0.161928150466228
2.42612922584517,0.162298428403193
2.42646129225845,0.162378265194764
2.42679335867173,0.162239658336538
2.42712542508502,0.161967937021748
2.4274574914983,0.161638063106727
2.42778955791158,0.161310760741741
2.42812162432487,0.161046429780783
2.42845369073815,0.160937021206074
2.42878575715143,0.16111921055243
2.42911782356471,0.161728438157089
2.429449889978,0.162672030251097
2.42978195639128,0.163524502805138
2.43011402280456,0.163840353136056
2.43044608921784,0.163474640122749
2.43077815563113,0.162735162269215
2.43111022204441,0.161965053872617
2.43144228845769,0.161359458471796
2.43177435487097,0.160882387520717
2.43210642128426,0.160479119444599
2.43243848769754,0.16018657169797
2.43277055411082,0.160188832868105
2.43310262052411,0.160679999878928
2.43343468693739,0.161630723781093
2.43376675335067,0.162643130727726
2.43409881976395,0.163288597797915
2.43443088617724,0.163350048987203
2.43476295259052,0.162969723724476
2.4350950190038,0.162324767958892
2.43542708541708,0.161604984794366
2.43575915183037,0.161022660680909
2.43609121824365,0.160791156561289
2.43642328465693,0.160976860246303
2.43675535107021,0.16137913514839
2.4370874174835,0.161769961928785
2.43741948389678,0.162001543479469
2.43775155031006,0.162075934370057
2.43808361672334,0.162011740566933
2.43841568313663,0.161845441928366
2.43874774954991,0.161648143064814
2.43907981596319,0.161494865643745
2.43941188237648,0.161450808160193
2.43974394878976,0.161561503447279
2.44007601520304,0.161869486379847
2.44040808161632,0.162326279808706
2.44074014802961,0.162696383550809
2.44107221444289,0.162722617113532
2.44140428085617,0.162338527154911
2.44173634726945,0.161883038778081
2.44206841368274,0.161746117883182
2.44240048009602,0.162081076844895
2.4427325465093,0.162521685847042
2.44306461292258,0.162634249136909
2.44339667933587,0.162233126922062
2.44372874574915,0.161694234849933
2.44406081216243,0.161470443791649
2.44439287857572,0.161785115503146
2.444724944989,0.162323843355671
2.44505701140228,0.16269624046614
2.44538907781556,0.162657960364323
2.44572114422885,0.162316468658144
2.44605321064213,0.161831265247286
2.44638527705541,0.161379609617912
2.44671734346869,0.161182992928741
2.44704940988198,0.161469217534775
2.44738147629526,0.162249428985539
2.44771354270854,0.162977290472611
2.44804560912182,0.16301958489761
2.44837767553511,0.162110606952008
2.44870974194839,0.160964736718338
2.44904180836167,0.160459568543357
2.44937387477496,0.161065995716964
2.44970594118824,0.162130346009854
2.45003800760152,0.162808728776125
2.4503700740148,0.162578737103919
2.45070214042809,0.161828651157361
2.45103420684137,0.161107917171612
2.45136627325465,0.160812978247398
2.45169833966793,0.160886724950245
2.45203040608122,0.161188609611114
2.4523624724945,0.161583281764079
2.45269453890778,0.161951500517654
2.45302660532106,0.162177199525176
2.45335867173435,0.162166984547745
2.45369073814763,0.161898629667188
2.45402280456091,0.161363759310568
2.4543548709742,0.160608809488935
2.45468693738748,0.159859496236135
2.45501900380076,0.159378492713545
2.45535107021404,0.159347083571916
2.45568313662733,0.15967096453327
2.45601520304061,0.160197653596944
2.45634726945389,0.160778101782443
2.45667933586717,0.161275155307814
2.45701140228046,0.161554405651718
2.45734346869374,0.161549136257414
2.45767553510702,0.161436659905515
2.4580076015203,0.161449333973656
2.45833966793359,0.161721713261081
2.45867173434687,0.162023143683433
2.45900380076015,0.162037943404313
2.45933586717343,0.161586465557174
2.45966793358672,0.161014940522359
2.46,0.160797227450538
