# wavelength (nm),transmission (I/F) 
9.200000000000000000e+02,0.000000000000000000e+00
9.201000000000000227e+02,0.000000000000000000e+00
9.202000000000000455e+02,0.000000000000000000e+00
9.203000000000000682e+02,0.000000000000000000e+00
9.204000000000000909e+02,0.000000000000000000e+00
9.205000000000001137e+02,0.000000000000000000e+00
9.206000000000001364e+02,0.000000000000000000e+00
9.207000000000001592e+02,0.000000000000000000e+00
9.208000000000001819e+02,0.000000000000000000e+00
9.209000000000002046e+02,0.000000000000000000e+00
9.210000000000002274e+02,0.000000000000000000e+00
9.211000000000002501e+02,0.000000000000000000e+00
9.212000000000002728e+02,0.000000000000000000e+00
9.213000000000002956e+02,0.000000000000000000e+00
9.214000000000003183e+02,0.000000000000000000e+00
9.215000000000003411e+02,0.000000000000000000e+00
9.216000000000003638e+02,0.000000000000000000e+00
9.217000000000003865e+02,0.000000000000000000e+00
9.218000000000004093e+02,0.000000000000000000e+00
9.219000000000004320e+02,0.000000000000000000e+00
9.220000000000004547e+02,0.000000000000000000e+00
9.221000000000004775e+02,0.000000000000000000e+00
9.222000000000005002e+02,0.000000000000000000e+00
9.223000000000005230e+02,0.000000000000000000e+00
9.224000000000005457e+02,0.000000000000000000e+00
9.225000000000005684e+02,0.000000000000000000e+00
9.226000000000005912e+02,0.000000000000000000e+00
9.227000000000006139e+02,0.000000000000000000e+00
9.228000000000006366e+02,0.000000000000000000e+00
9.229000000000006594e+02,0.000000000000000000e+00
9.230000000000006821e+02,0.000000000000000000e+00
9.231000000000007049e+02,0.000000000000000000e+00
9.232000000000007276e+02,0.000000000000000000e+00
9.233000000000007503e+02,0.000000000000000000e+00
9.234000000000007731e+02,0.000000000000000000e+00
9.235000000000007958e+02,0.000000000000000000e+00
9.236000000000008185e+02,0.000000000000000000e+00
9.237000000000008413e+02,0.000000000000000000e+00
9.238000000000008640e+02,0.000000000000000000e+00
9.239000000000008868e+02,0.000000000000000000e+00
9.240000000000009095e+02,0.000000000000000000e+00
9.241000000000009322e+02,0.000000000000000000e+00
9.242000000000009550e+02,0.000000000000000000e+00
9.243000000000009777e+02,0.000000000000000000e+00
9.244000000000010004e+02,0.000000000000000000e+00
9.245000000000010232e+02,0.000000000000000000e+00
9.246000000000010459e+02,0.000000000000000000e+00
9.247000000000010687e+02,0.000000000000000000e+00
9.248000000000010914e+02,0.000000000000000000e+00
9.249000000000011141e+02,0.000000000000000000e+00
9.250000000000011369e+02,0.000000000000000000e+00
9.251000000000011596e+02,0.000000000000000000e+00
9.252000000000011823e+02,0.000000000000000000e+00
9.253000000000012051e+02,0.000000000000000000e+00
9.254000000000012278e+02,0.000000000000000000e+00
9.255000000000012506e+02,0.000000000000000000e+00
9.256000000000012733e+02,0.000000000000000000e+00
9.257000000000012960e+02,0.000000000000000000e+00
9.258000000000013188e+02,0.000000000000000000e+00
9.259000000000013415e+02,0.000000000000000000e+00
9.260000000000013642e+02,0.000000000000000000e+00
9.261000000000013870e+02,0.000000000000000000e+00
9.262000000000014097e+02,0.000000000000000000e+00
9.263000000000014325e+02,0.000000000000000000e+00
9.264000000000014552e+02,0.000000000000000000e+00
9.265000000000014779e+02,0.000000000000000000e+00
9.266000000000015007e+02,0.000000000000000000e+00
9.267000000000015234e+02,0.000000000000000000e+00
9.268000000000015461e+02,0.000000000000000000e+00
9.269000000000015689e+02,0.000000000000000000e+00
9.270000000000015916e+02,0.000000000000000000e+00
9.271000000000016144e+02,0.000000000000000000e+00
9.272000000000016371e+02,0.000000000000000000e+00
9.273000000000016598e+02,0.000000000000000000e+00
9.274000000000016826e+02,0.000000000000000000e+00
9.275000000000017053e+02,0.000000000000000000e+00
9.276000000000017280e+02,0.000000000000000000e+00
9.277000000000017508e+02,0.000000000000000000e+00
9.278000000000017735e+02,0.000000000000000000e+00
9.279000000000017963e+02,0.000000000000000000e+00
9.280000000000018190e+02,0.000000000000000000e+00
9.281000000000018417e+02,0.000000000000000000e+00
9.282000000000018645e+02,0.000000000000000000e+00
9.283000000000018872e+02,0.000000000000000000e+00
9.284000000000019099e+02,0.000000000000000000e+00
9.285000000000019327e+02,0.000000000000000000e+00
9.286000000000019554e+02,0.000000000000000000e+00
9.287000000000019782e+02,0.000000000000000000e+00
9.288000000000020009e+02,0.000000000000000000e+00
9.289000000000020236e+02,0.000000000000000000e+00
9.290000000000020464e+02,0.000000000000000000e+00
9.291000000000020691e+02,0.000000000000000000e+00
9.292000000000020918e+02,0.000000000000000000e+00
9.293000000000021146e+02,0.000000000000000000e+00
9.294000000000021373e+02,0.000000000000000000e+00
9.295000000000021600e+02,0.000000000000000000e+00
9.296000000000021828e+02,0.000000000000000000e+00
9.297000000000022055e+02,0.000000000000000000e+00
9.298000000000022283e+02,0.000000000000000000e+00
9.299000000000022510e+02,0.000000000000000000e+00
9.300000000000022737e+02,0.000000000000000000e+00
9.301000000000022965e+02,0.000000000000000000e+00
9.302000000000023192e+02,0.000000000000000000e+00
9.303000000000023419e+02,0.000000000000000000e+00
9.304000000000023647e+02,0.000000000000000000e+00
9.305000000000023874e+02,0.000000000000000000e+00
9.306000000000024102e+02,0.000000000000000000e+00
9.307000000000024329e+02,0.000000000000000000e+00
9.308000000000024556e+02,0.000000000000000000e+00
9.309000000000024784e+02,0.000000000000000000e+00
9.310000000000025011e+02,0.000000000000000000e+00
9.311000000000025238e+02,0.000000000000000000e+00
9.312000000000025466e+02,0.000000000000000000e+00
9.313000000000025693e+02,0.000000000000000000e+00
9.314000000000025921e+02,0.000000000000000000e+00
9.315000000000026148e+02,0.000000000000000000e+00
9.316000000000026375e+02,0.000000000000000000e+00
9.317000000000026603e+02,0.000000000000000000e+00
9.318000000000026830e+02,0.000000000000000000e+00
9.319000000000027057e+02,0.000000000000000000e+00
9.320000000000027285e+02,0.000000000000000000e+00
9.321000000000027512e+02,0.000000000000000000e+00
9.322000000000027740e+02,0.000000000000000000e+00
9.323000000000027967e+02,0.000000000000000000e+00
9.324000000000028194e+02,0.000000000000000000e+00
9.325000000000028422e+02,0.000000000000000000e+00
9.326000000000028649e+02,0.000000000000000000e+00
9.327000000000028876e+02,0.000000000000000000e+00
9.328000000000029104e+02,0.000000000000000000e+00
9.329000000000029331e+02,0.000000000000000000e+00
9.330000000000029559e+02,0.000000000000000000e+00
9.331000000000029786e+02,0.000000000000000000e+00
9.332000000000030013e+02,0.000000000000000000e+00
9.333000000000030241e+02,0.000000000000000000e+00
9.334000000000030468e+02,0.000000000000000000e+00
9.335000000000030695e+02,0.000000000000000000e+00
9.336000000000030923e+02,0.000000000000000000e+00
9.337000000000031150e+02,0.000000000000000000e+00
9.338000000000031378e+02,0.000000000000000000e+00
9.339000000000031605e+02,0.000000000000000000e+00
9.340000000000031832e+02,0.000000000000000000e+00
9.341000000000032060e+02,0.000000000000000000e+00
9.342000000000032287e+02,0.000000000000000000e+00
9.343000000000032514e+02,0.000000000000000000e+00
9.344000000000032742e+02,0.000000000000000000e+00
9.345000000000032969e+02,0.000000000000000000e+00
9.346000000000033197e+02,0.000000000000000000e+00
9.347000000000033424e+02,0.000000000000000000e+00
9.348000000000033651e+02,0.000000000000000000e+00
9.349000000000033879e+02,0.000000000000000000e+00
9.350000000000034106e+02,0.000000000000000000e+00
9.351000000000034333e+02,0.000000000000000000e+00
9.352000000000034561e+02,0.000000000000000000e+00
9.353000000000034788e+02,0.000000000000000000e+00
9.354000000000035016e+02,0.000000000000000000e+00
9.355000000000035243e+02,0.000000000000000000e+00
9.356000000000035470e+02,0.000000000000000000e+00
9.357000000000035698e+02,0.000000000000000000e+00
9.358000000000035925e+02,0.000000000000000000e+00
9.359000000000036152e+02,0.000000000000000000e+00
9.360000000000036380e+02,0.000000000000000000e+00
9.361000000000036607e+02,0.000000000000000000e+00
9.362000000000036835e+02,0.000000000000000000e+00
9.363000000000037062e+02,0.000000000000000000e+00
9.364000000000037289e+02,0.000000000000000000e+00
9.365000000000037517e+02,0.000000000000000000e+00
9.366000000000037744e+02,0.000000000000000000e+00
9.367000000000037971e+02,0.000000000000000000e+00
9.368000000000038199e+02,0.000000000000000000e+00
9.369000000000038426e+02,0.000000000000000000e+00
9.370000000000038654e+02,0.000000000000000000e+00
9.371000000000038881e+02,0.000000000000000000e+00
9.372000000000039108e+02,0.000000000000000000e+00
9.373000000000039336e+02,0.000000000000000000e+00
9.374000000000039563e+02,0.000000000000000000e+00
9.375000000000039790e+02,0.000000000000000000e+00
9.376000000000040018e+02,0.000000000000000000e+00
9.377000000000040245e+02,0.000000000000000000e+00
9.378000000000040473e+02,0.000000000000000000e+00
9.379000000000040700e+02,0.000000000000000000e+00
9.380000000000040927e+02,0.000000000000000000e+00
9.381000000000041155e+02,0.000000000000000000e+00
9.382000000000041382e+02,0.000000000000000000e+00
9.383000000000041609e+02,0.000000000000000000e+00
9.384000000000041837e+02,0.000000000000000000e+00
9.385000000000042064e+02,0.000000000000000000e+00
9.386000000000042292e+02,0.000000000000000000e+00
9.387000000000042519e+02,0.000000000000000000e+00
9.388000000000042746e+02,0.000000000000000000e+00
9.389000000000042974e+02,0.000000000000000000e+00
9.390000000000043201e+02,0.000000000000000000e+00
9.391000000000043428e+02,0.000000000000000000e+00
9.392000000000043656e+02,0.000000000000000000e+00
9.393000000000043883e+02,0.000000000000000000e+00
9.394000000000044110e+02,0.000000000000000000e+00
9.395000000000044338e+02,0.000000000000000000e+00
9.396000000000044565e+02,0.000000000000000000e+00
9.397000000000044793e+02,0.000000000000000000e+00
9.398000000000045020e+02,0.000000000000000000e+00
9.399000000000045247e+02,0.000000000000000000e+00
9.400000000000045475e+02,0.000000000000000000e+00
9.401000000000045702e+02,0.000000000000000000e+00
9.402000000000045929e+02,0.000000000000000000e+00
9.403000000000046157e+02,0.000000000000000000e+00
9.404000000000046384e+02,0.000000000000000000e+00
9.405000000000046612e+02,0.000000000000000000e+00
9.406000000000046839e+02,0.000000000000000000e+00
9.407000000000047066e+02,0.000000000000000000e+00
9.408000000000047294e+02,0.000000000000000000e+00
9.409000000000047521e+02,0.000000000000000000e+00
9.410000000000047748e+02,0.000000000000000000e+00
9.411000000000047976e+02,0.000000000000000000e+00
9.412000000000048203e+02,0.000000000000000000e+00
9.413000000000048431e+02,0.000000000000000000e+00
9.414000000000048658e+02,0.000000000000000000e+00
9.415000000000048885e+02,0.000000000000000000e+00
9.416000000000049113e+02,0.000000000000000000e+00
9.417000000000049340e+02,0.000000000000000000e+00
9.418000000000049567e+02,0.000000000000000000e+00
9.419000000000049795e+02,0.000000000000000000e+00
9.420000000000050022e+02,0.000000000000000000e+00
9.421000000000050250e+02,0.000000000000000000e+00
9.422000000000050477e+02,0.000000000000000000e+00
9.423000000000050704e+02,0.000000000000000000e+00
9.424000000000050932e+02,0.000000000000000000e+00
9.425000000000051159e+02,0.000000000000000000e+00
9.426000000000051386e+02,0.000000000000000000e+00
9.427000000000051614e+02,0.000000000000000000e+00
9.428000000000051841e+02,0.000000000000000000e+00
9.429000000000052069e+02,0.000000000000000000e+00
9.430000000000052296e+02,0.000000000000000000e+00
9.431000000000052523e+02,0.000000000000000000e+00
9.432000000000052751e+02,0.000000000000000000e+00
9.433000000000052978e+02,0.000000000000000000e+00
9.434000000000053205e+02,0.000000000000000000e+00
9.435000000000053433e+02,0.000000000000000000e+00
9.436000000000053660e+02,0.000000000000000000e+00
9.437000000000053888e+02,0.000000000000000000e+00
9.438000000000054115e+02,0.000000000000000000e+00
9.439000000000054342e+02,0.000000000000000000e+00
9.440000000000054570e+02,0.000000000000000000e+00
9.441000000000054797e+02,0.000000000000000000e+00
9.442000000000055024e+02,0.000000000000000000e+00
9.443000000000055252e+02,0.000000000000000000e+00
9.444000000000055479e+02,0.000000000000000000e+00
9.445000000000055707e+02,0.000000000000000000e+00
9.446000000000055934e+02,0.000000000000000000e+00
9.447000000000056161e+02,0.000000000000000000e+00
9.448000000000056389e+02,0.000000000000000000e+00
9.449000000000056616e+02,0.000000000000000000e+00
9.450000000000056843e+02,0.000000000000000000e+00
9.451000000000057071e+02,0.000000000000000000e+00
9.452000000000057298e+02,0.000000000000000000e+00
9.453000000000057526e+02,0.000000000000000000e+00
9.454000000000057753e+02,0.000000000000000000e+00
9.455000000000057980e+02,0.000000000000000000e+00
9.456000000000058208e+02,0.000000000000000000e+00
9.457000000000058435e+02,0.000000000000000000e+00
9.458000000000058662e+02,0.000000000000000000e+00
9.459000000000058890e+02,0.000000000000000000e+00
9.460000000000059117e+02,0.000000000000000000e+00
9.461000000000059345e+02,0.000000000000000000e+00
9.462000000000059572e+02,0.000000000000000000e+00
9.463000000000059799e+02,0.000000000000000000e+00
9.464000000000060027e+02,0.000000000000000000e+00
9.465000000000060254e+02,0.000000000000000000e+00
9.466000000000060481e+02,0.000000000000000000e+00
9.467000000000060709e+02,0.000000000000000000e+00
9.468000000000060936e+02,0.000000000000000000e+00
9.469000000000061164e+02,0.000000000000000000e+00
9.470000000000061391e+02,0.000000000000000000e+00
9.471000000000061618e+02,0.000000000000000000e+00
9.472000000000061846e+02,0.000000000000000000e+00
9.473000000000062073e+02,0.000000000000000000e+00
9.474000000000062300e+02,0.000000000000000000e+00
9.475000000000062528e+02,0.000000000000000000e+00
9.476000000000062755e+02,0.000000000000000000e+00
9.477000000000062983e+02,0.000000000000000000e+00
9.478000000000063210e+02,0.000000000000000000e+00
9.479000000000063437e+02,0.000000000000000000e+00
9.480000000000063665e+02,0.000000000000000000e+00
9.481000000000063892e+02,0.000000000000000000e+00
9.482000000000064119e+02,0.000000000000000000e+00
9.483000000000064347e+02,0.000000000000000000e+00
9.484000000000064574e+02,0.000000000000000000e+00
9.485000000000064801e+02,0.000000000000000000e+00
9.486000000000065029e+02,0.000000000000000000e+00
9.487000000000065256e+02,0.000000000000000000e+00
9.488000000000065484e+02,0.000000000000000000e+00
9.489000000000065711e+02,0.000000000000000000e+00
9.490000000000065938e+02,0.000000000000000000e+00
9.491000000000066166e+02,0.000000000000000000e+00
9.492000000000066393e+02,0.000000000000000000e+00
9.493000000000066620e+02,0.000000000000000000e+00
9.494000000000066848e+02,0.000000000000000000e+00
9.495000000000067075e+02,0.000000000000000000e+00
9.496000000000067303e+02,0.000000000000000000e+00
9.497000000000067530e+02,0.000000000000000000e+00
9.498000000000067757e+02,0.000000000000000000e+00
9.499000000000067985e+02,0.000000000000000000e+00
9.500000000000068212e+02,0.000000000000000000e+00
9.501000000000068439e+02,0.000000000000000000e+00
9.502000000000068667e+02,0.000000000000000000e+00
9.503000000000068894e+02,0.000000000000000000e+00
9.504000000000069122e+02,0.000000000000000000e+00
9.505000000000069349e+02,0.000000000000000000e+00
9.506000000000069576e+02,0.000000000000000000e+00
9.507000000000069804e+02,0.000000000000000000e+00
9.508000000000070031e+02,0.000000000000000000e+00
9.509000000000070258e+02,0.000000000000000000e+00
9.510000000000070486e+02,0.000000000000000000e+00
9.511000000000070713e+02,0.000000000000000000e+00
9.512000000000070941e+02,0.000000000000000000e+00
9.513000000000071168e+02,0.000000000000000000e+00
9.514000000000071395e+02,0.000000000000000000e+00
9.515000000000071623e+02,0.000000000000000000e+00
9.516000000000071850e+02,0.000000000000000000e+00
9.517000000000072077e+02,0.000000000000000000e+00
9.518000000000072305e+02,0.000000000000000000e+00
9.519000000000072532e+02,0.000000000000000000e+00
9.520000000000072760e+02,0.000000000000000000e+00
9.521000000000072987e+02,0.000000000000000000e+00
9.522000000000073214e+02,0.000000000000000000e+00
9.523000000000073442e+02,0.000000000000000000e+00
9.524000000000073669e+02,0.000000000000000000e+00
9.525000000000073896e+02,0.000000000000000000e+00
9.526000000000074124e+02,0.000000000000000000e+00
9.527000000000074351e+02,0.000000000000000000e+00
9.528000000000074579e+02,0.000000000000000000e+00
9.529000000000074806e+02,0.000000000000000000e+00
9.530000000000075033e+02,0.000000000000000000e+00
9.531000000000075261e+02,0.000000000000000000e+00
9.532000000000075488e+02,0.000000000000000000e+00
9.533000000000075715e+02,0.000000000000000000e+00
9.534000000000075943e+02,0.000000000000000000e+00
9.535000000000076170e+02,0.000000000000000000e+00
9.536000000000076398e+02,0.000000000000000000e+00
9.537000000000076625e+02,0.000000000000000000e+00
9.538000000000076852e+02,0.000000000000000000e+00
9.539000000000077080e+02,0.000000000000000000e+00
9.540000000000077307e+02,0.000000000000000000e+00
9.541000000000077534e+02,0.000000000000000000e+00
9.542000000000077762e+02,0.000000000000000000e+00
9.543000000000077989e+02,0.000000000000000000e+00
9.544000000000078217e+02,0.000000000000000000e+00
9.545000000000078444e+02,0.000000000000000000e+00
9.546000000000078671e+02,0.000000000000000000e+00
9.547000000000078899e+02,0.000000000000000000e+00
9.548000000000079126e+02,0.000000000000000000e+00
9.549000000000079353e+02,0.000000000000000000e+00
9.550000000000079581e+02,2.530006444062165591e-19
9.551000000000079808e+02,3.165031559516545708e-09
9.552000000000080036e+02,6.302658446743630380e-09
9.553000000000080263e+02,9.404994751703450746e-09
9.554000000000080490e+02,1.246372267221457069e-08
9.555000000000080718e+02,1.547724432662158413e-08
9.556000000000080945e+02,1.843891793292068576e-08
9.557000000000081172e+02,2.134511568511247187e-08
9.558000000000081400e+02,2.419297381943959331e-08
9.559000000000081627e+02,2.697813514035645149e-08
9.560000000000081855e+02,2.969537082096228002e-08
9.561000000000082082e+02,3.063125555639181255e-08
9.562000000000082309e+02,3.154858390756550457e-08
9.563000000000082537e+02,3.244593172680782969e-08
9.564000000000082764e+02,3.332185734333093793e-08
9.565000000000082991e+02,3.417490142782407772e-08
9.566000000000083219e+02,3.500365247193851682e-08
9.567000000000083446e+02,3.580728852057243043e-08
9.568000000000083674e+02,3.658359238085176242e-08
9.569000000000083901e+02,3.733319008665632295e-08
9.570000000000084128e+02,3.805491358935898768e-08
9.571000000000084356e+02,3.896607340264286180e-08
9.572000000000084583e+02,3.985763769405293927e-08
9.573000000000084810e+02,4.072829841253045118e-08
9.574000000000085038e+02,4.157687392274205395e-08
9.575000000000085265e+02,4.240214440405442692e-08
9.576000000000085493e+02,4.320284654607614273e-08
9.577000000000085720e+02,4.397795240630886336e-08
9.578000000000085947e+02,4.472650542117469069e-08
9.579000000000086175e+02,4.544663959109348910e-08
9.580000000000086402e+02,4.613789653264756912e-08
9.581000000000086629e+02,4.706592707735586552e-08
9.582000000000086857e+02,4.797660273260948880e-08
9.583000000000087084e+02,4.886768170129366815e-08
9.584000000000087311e+02,4.973903760905939950e-08
9.585000000000087539e+02,5.067482460950794730e-08
9.586000000000087766e+02,5.148865843688136531e-08
9.587000000000087994e+02,5.227862767148534051e-08
9.588000000000088221e+02,5.304352079337309992e-08
9.589000000000088448e+02,5.379932986815865687e-08
9.590000000000088676e+02,5.453454402740218936e-08
9.591000000000088903e+02,5.532035060565529916e-08
9.592000000000089130e+02,5.609738181213753407e-08
9.593000000000089358e+02,5.685704580711047322e-08
9.594000000000089585e+02,5.759760575222281617e-08
9.595000000000089813e+02,5.831814996477952434e-08
9.596000000000090040e+02,5.901775608667985383e-08
9.597000000000090267e+02,5.969549100471391093e-08
9.598000000000090495e+02,6.035041077040208770e-08
9.599000000000090722e+02,6.098156051937447933e-08
9.600000000000090949e+02,6.158797439029872033e-08
9.601000000000091177e+02,6.228737489504446937e-08
9.602000000000091404e+02,6.297057693589964619e-08
9.603000000000091632e+02,6.363857332079425148e-08
9.604000000000091859e+02,6.428784930337000623e-08
9.605000000000092086e+02,6.491832181311212234e-08
9.606000000000092314e+02,6.552794550014827414e-08
9.607000000000092541e+02,6.611377382701807757e-08
9.608000000000092768e+02,6.667845611842994607e-08
9.609000000000092996e+02,6.739851379068380298e-08
9.610000000000093223e+02,6.791572850836951133e-08
9.611000000000093451e+02,6.836084502178508460e-08
9.612000000000093678e+02,6.879034272647062427e-08
9.613000000000093905e+02,6.920379366313511203e-08
9.614000000000094133e+02,6.960076557901137761e-08
9.615000000000094360e+02,6.997815496369972752e-08
9.616000000000094587e+02,7.033769514813929578e-08
9.617000000000094815e+02,7.067940366819631342e-08
9.618000000000095042e+02,7.100283328204299951e-08
9.619000000000095270e+02,7.130710022690176645e-08
9.620000000000095497e+02,7.159139210213085354e-08
9.621000000000095724e+02,7.182331913768163192e-08
9.622000000000095952e+02,7.203985333363521157e-08
9.623000000000096179e+02,7.224078697336811922e-08
9.624000000000096406e+02,7.242591078700231335e-08
9.625000000000096634e+02,7.259476720621045992e-08
9.626000000000096861e+02,7.274413099596023997e-08
9.627000000000097089e+02,7.287703707849593280e-08
9.628000000000097316e+02,7.299327230538304293e-08
9.629000000000097543e+02,7.309262197089949163e-08
9.630000000000097771e+02,7.317460636157775044e-08
9.631000000000097998e+02,7.309602017297786693e-08
9.632000000000098225e+02,7.300291829111479716e-08
9.633000000000098453e+02,7.289566392395095190e-08
9.634000000000098680e+02,7.278676305236858201e-08
9.635000000000098908e+02,7.269216321254905692e-08
9.636000000000099135e+02,7.254376787742858507e-08
9.637000000000099362e+02,7.237402252369996762e-08
9.638000000000099590e+02,7.218903981781565212e-08
9.639000000000099817e+02,7.200058423158262975e-08
9.640000000000100044e+02,7.180174083761382822e-08
9.641000000000100272e+02,7.149671360409041105e-08
9.642000000000100499e+02,7.117729081741400089e-08
9.643000000000100727e+02,7.084360521106319874e-08
9.644000000000100954e+02,7.049579211501898569e-08
9.645000000000101181e+02,7.013398947727523051e-08
9.646000000000101409e+02,6.975833788547463751e-08
9.647000000000101636e+02,6.936779882945474842e-08
9.648000000000101863e+02,6.895900767768588953e-08
9.649000000000102091e+02,6.853286000995266759e-08
9.650000000000102318e+02,6.809358353878310953e-08
9.651000000000102546e+02,6.746894364867295704e-08
9.652000000000102773e+02,6.683155797601985923e-08
9.653000000000103000e+02,6.618167634700047289e-08
9.654000000000103228e+02,6.551955174759418384e-08
9.655000000000103455e+02,6.484544034359062069e-08
9.656000000000103682e+02,6.415960150068559093e-08
9.657000000000103910e+02,6.346229780466508200e-08
9.658000000000104137e+02,6.275379508167788310e-08
9.659000000000104365e+02,6.203266255830271072e-08
9.660000000000104592e+02,6.129527701443224324e-08
9.661000000000104819e+02,6.046772350463313664e-08
9.662000000000105047e+02,5.962809547939732511e-08
9.663000000000105274e+02,5.893555463400579808e-08
9.664000000000105501e+02,5.807038549692489187e-08
9.665000000000105729e+02,5.719401622707956162e-08
9.666000000000105956e+02,5.630677732989669560e-08
9.667000000000106184e+02,5.540893655099125570e-08
9.668000000000106411e+02,5.450080643734476674e-08
9.669000000000106638e+02,5.358270321091318784e-08
9.670000000000106866e+02,5.265494679140384006e-08
9.671000000000107093e+02,5.168529524754710002e-08
9.672000000000107320e+02,5.070315926887706504e-08
9.673000000000107548e+02,4.971036127778345486e-08
9.674000000000107775e+02,4.870722648475301162e-08
9.675000000000108002e+02,4.769405070999713091e-08
9.676000000000108230e+02,4.667113322121682960e-08
9.677000000000108457e+02,4.563877675487534302e-08
9.678000000000108685e+02,4.459728753756394210e-08
9.679000000000108912e+02,4.354644799304627194e-08
9.680000000000109139e+02,4.248669217328853116e-08
9.681000000000109367e+02,4.167032576866827431e-08
9.682000000000109594e+02,4.084207291819682315e-08
9.683000000000109821e+02,4.000430077192724563e-08
9.684000000000110049e+02,3.915915319993017536e-08
9.685000000000110276e+02,3.830685691535417538e-08
9.686000000000110504e+02,3.744762867169359288e-08
9.687000000000110731e+02,3.658167825970841415e-08
9.688000000000110958e+02,3.576530470575014188e-08
9.689000000000111186e+02,3.488549520306412521e-08
9.690000000000111413e+02,3.399957950921149324e-08
9.691000000000111640e+02,3.509285972829769515e-08
9.692000000000111868e+02,3.618924251918560086e-08
9.693000000000112095e+02,3.728575763278620618e-08
9.694000000000112323e+02,3.838031875103361355e-08
9.695000000000112550e+02,3.947691181514151306e-08
9.696000000000112777e+02,4.057531395602183617e-08
9.697000000000113005e+02,4.167530035386925965e-08
9.698000000000113232e+02,4.277664422872840179e-08
9.699000000000113459e+02,4.387911683102952625e-08
9.700000000000113687e+02,4.498248743209626072e-08
9.701000000000113914e+02,4.610348745422347503e-08
9.702000000000114142e+02,4.722603992562373263e-08
9.703000000000114369e+02,4.834992523538292415e-08
9.704000000000114596e+02,4.947363211398627456e-08
9.705000000000114824e+02,5.058652856594823681e-08
9.706000000000115051e+02,5.169970528328463205e-08
9.707000000000115278e+02,5.281298238529303196e-08
9.708000000000115506e+02,5.392617892441873735e-08
9.709000000000115733e+02,5.503911288322217517e-08
9.710000000000115961e+02,5.615160117134328464e-08
9.711000000000116188e+02,5.724728203949409594e-08
9.712000000000116415e+02,5.833729586583040790e-08
9.713000000000116643e+02,5.942729674348573214e-08
9.714000000000116870e+02,6.051798099561632349e-08
9.715000000000117097e+02,6.160940521192207751e-08
9.716000000000117325e+02,6.269772680407476674e-08
9.717000000000117552e+02,6.378559750990302809e-08
9.718000000000117780e+02,6.487363299732572631e-08
9.719000000000118007e+02,6.596169219978452587e-08
9.720000000000118234e+02,6.704963337915489682e-08
9.721000000000118462e+02,6.802150663901383805e-08
9.722000000000118689e+02,6.899454701716463424e-08
9.723000000000118916e+02,6.996862686793348783e-08
9.724000000000119144e+02,7.094366255232402745e-08
9.725000000000119371e+02,7.191956990683159039e-08
9.726000000000119599e+02,7.289626424184696255e-08
9.727000000000119826e+02,7.386980782566340489e-08
9.728000000000120053e+02,7.484064059825680903e-08
9.729000000000120281e+02,7.581181578665942466e-08
9.730000000000120508e+02,7.678324642314174003e-08
9.731000000000120735e+02,7.756759581391201026e-08
9.732000000000120963e+02,7.835270093663592777e-08
9.733000000000121190e+02,7.913851257498267504e-08
9.734000000000121418e+02,7.992498127181716740e-08
9.735000000000121645e+02,8.071205732873385411e-08
9.736000000000121872e+02,8.149969080559081045e-08
9.737000000000122100e+02,8.228783152004232116e-08
9.738000000000122327e+02,8.307484060213631626e-08
9.739000000000122554e+02,8.385780857425429866e-08
9.740000000000122782e+02,8.463997027033079598e-08
9.741000000000123009e+02,8.510575715969011554e-08
9.742000000000123237e+02,8.557223291626555715e-08
9.743000000000123464e+02,8.603859854625437128e-08
9.744000000000123691e+02,8.650478024177638505e-08
9.745000000000123919e+02,8.697076005246892119e-08
9.746000000000124146e+02,8.743651995924017559e-08
9.747000000000124373e+02,8.790204187419695480e-08
9.748000000000124601e+02,8.836730764057286350e-08
9.749000000000124828e+02,8.883229903265794786e-08
9.750000000000125056e+02,8.928857781326944686e-08
9.751000000000125283e+02,8.946243029124356579e-08
9.752000000000125510e+02,8.963553929580071816e-08
9.753000000000125738e+02,8.980790201880399355e-08
9.754000000000125965e+02,8.997951564945653341e-08
9.755000000000126192e+02,9.015037737431029253e-08
9.756000000000126420e+02,9.032048437727358293e-08
9.757000000000126647e+02,9.048983383961798247e-08
9.758000000000126875e+02,9.065849015921469952e-08
9.759000000000127102e+02,9.082640314097626101e-08
9.760000000000127329e+02,9.099355042854241927e-08
9.761000000000127557e+02,9.080129263675472254e-08
9.762000000000127784e+02,9.060559627110770569e-08
9.763000000000128011e+02,9.040837818686120486e-08
9.764000000000128239e+02,9.020963952215887260e-08
9.765000000000128466e+02,9.000938143449555706e-08
9.766000000000128694e+02,8.980760510076124182e-08
9.767000000000128921e+02,8.960431171728368872e-08
9.768000000000129148e+02,8.939950249987311881e-08
9.769000000000129376e+02,8.919317868386533169e-08
9.770000000000129603e+02,8.898521066543398674e-08
9.771000000000129830e+02,8.846636052877380547e-08
9.772000000000130058e+02,8.794442018163125822e-08
9.773000000000130285e+02,8.741938798871196390e-08
9.774000000000130512e+02,8.689126232930985747e-08
9.775000000000130740e+02,8.636004159733924494e-08
9.776000000000130967e+02,8.582565582353802305e-08
9.777000000000131195e+02,8.528799571507360253e-08
9.778000000000131422e+02,8.474723891354497946e-08
9.779000000000131649e+02,8.420338389831980224e-08
9.780000000000131877e+02,8.365642916352762417e-08
9.781000000000132104e+02,8.285027392342914013e-08
9.782000000000132331e+02,8.203915337560979568e-08
9.783000000000132559e+02,8.122326210754218448e-08
9.784000000000132786e+02,8.040230888370002398e-08
9.785000000000133014e+02,7.957634249792541347e-08
9.786000000000133241e+02,7.874534764239313179e-08
9.787000000000133468e+02,7.790930898349496307e-08
9.788000000000133696e+02,7.706821116184274081e-08
9.789000000000133923e+02,7.622203879226939333e-08
9.790000000000134150e+02,7.537077646380457846e-08
9.791000000000134378e+02,7.431472645622821048e-08
9.792000000000134605e+02,7.325207146093339228e-08
9.793000000000134833e+02,7.218279190612411115e-08
9.794000000000135060e+02,7.110686819579621890e-08
9.795000000000135287e+02,7.002295000559078309e-08
9.796000000000135515e+02,6.893226955470121203e-08
9.797000000000135742e+02,6.783493097605161195e-08
9.798000000000135969e+02,6.673091502709461181e-08
9.799000000000136197e+02,6.562020244331968654e-08
9.800000000000136424e+02,6.447925258606488096e-08
9.801000000000136652e+02,6.326244562921404465e-08
9.802000000000136879e+02,6.203792622561345809e-08
9.803000000000137106e+02,6.080567435011724781e-08
9.804000000000137334e+02,5.956566996166114426e-08
9.805000000000137561e+02,5.831789300332825264e-08
9.806000000000137788e+02,5.706474438643661332e-08
9.807000000000138016e+02,5.580535365861007683e-08
9.808000000000138243e+02,5.453682276287270330e-08
9.809000000000138471e+02,5.326021887633865782e-08
9.810000000000138698e+02,5.197561246042249033e-08
9.811000000000138925e+02,5.143954502621023010e-08
9.812000000000139153e+02,5.089918316526295734e-08
9.813000000000139380e+02,5.035450490637194358e-08
9.814000000000139607e+02,4.980548171462142118e-08
9.815000000000139835e+02,4.925214020146731742e-08
9.816000000000140062e+02,4.869254547830658993e-08
9.817000000000140290e+02,4.812770738200918756e-08
9.818000000000140517e+02,4.755688663874952117e-08
9.819000000000140744e+02,4.698143646064739600e-08
9.820000000000140972e+02,4.640103833528929545e-08
9.821000000000141199e+02,4.784979058086515291e-08
9.822000000000141426e+02,4.930804076315266421e-08
9.823000000000141654e+02,5.077579979007918275e-08
9.824000000000141881e+02,5.225010856918404759e-08
9.825000000000142109e+02,5.373323424877335553e-08
9.826000000000142336e+02,5.522569940635165635e-08
9.827000000000142563e+02,5.672751286552239280e-08
9.828000000000142791e+02,5.823878860903034897e-08
9.829000000000143018e+02,5.976367789621971171e-08
9.830000000000143245e+02,6.129816658086561924e-08
9.831000000000143473e+02,6.289939699031605473e-08
9.832000000000143700e+02,6.453609148230154174e-08
9.833000000000143928e+02,6.619163133886947968e-08
9.834000000000144155e+02,6.786068791177489559e-08
9.835000000000144382e+02,6.954329156174498421e-08
9.836000000000144610e+02,7.123947266121320030e-08
9.837000000000144837e+02,7.294926159421813089e-08
9.838000000000145064e+02,7.467268875630420706e-08
9.839000000000145292e+02,7.640978455442133061e-08
9.840000000000145519e+02,7.816340877078690018e-08
9.841000000000145747e+02,7.990629791198113708e-08
9.842000000000145974e+02,8.166454668035552897e-08
9.843000000000146201e+02,8.343818696939505765e-08
9.844000000000146429e+02,8.522725068102771759e-08
9.845000000000146656e+02,8.703176972552944971e-08
9.846000000000146883e+02,8.885177602143022659e-08
9.847000000000147111e+02,9.068730149542003183e-08
9.848000000000147338e+02,9.253837808225284090e-08
9.849000000000147566e+02,9.440503772465290492e-08
9.850000000000147793e+02,9.628728574676953361e-08
9.851000000000148020e+02,9.807701644230084917e-08
9.852000000000148248e+02,9.988521801208473230e-08
9.853000000000148475e+02,1.017094077310744363e-07
9.854000000000148702e+02,1.035496153878791014e-07
9.855000000000148930e+02,1.054058707628093537e-07
9.856000000000149157e+02,1.072782036277461473e-07
9.857000000000149385e+02,1.091666437460100832e-07
9.858000000000149612e+02,1.110712208722308206e-07
9.859000000000149839e+02,1.129919647522155749e-07
9.860000000000150067e+02,1.149289051227938857e-07
9.861000000000150294e+02,1.167238592373714658e-07
9.862000000000150521e+02,1.185353127540381554e-07
9.863000000000150749e+02,1.203670647403197155e-07
9.864000000000150976e+02,1.222145070802889804e-07
9.865000000000151203e+02,1.240776784021851707e-07
9.866000000000151431e+02,1.259566173661102263e-07
9.867000000000151658e+02,1.278513626639596010e-07
9.868000000000151886e+02,1.297619530193515620e-07
9.869000000000152113e+02,1.316885269572993621e-07
9.870000000000152340e+02,1.336310530404853899e-07
9.871000000000152568e+02,1.353389021005387679e-07
9.872000000000152795e+02,1.370580723951483131e-07
9.873000000000153022e+02,1.387886701897390399e-07
9.874000000000153250e+02,1.405183138958915664e-07
9.875000000000153477e+02,1.422577854440660653e-07
9.876000000000153705e+02,1.440084161368057224e-07
9.877000000000153932e+02,1.457702293411644344e-07
9.878000000000154159e+02,1.475432484323608072e-07
9.879000000000154387e+02,1.493274967937084880e-07
9.880000000000154614e+02,1.510779772791482515e-07
9.881000000000154841e+02,1.525012282098728507e-07
9.882000000000155069e+02,1.539256702326242768e-07
9.883000000000155296e+02,1.553513017953253239e-07
9.884000000000155524e+02,1.567781213421749649e-07
9.885000000000155751e+02,1.582037140258103378e-07
9.886000000000155978e+02,1.596289749137972401e-07
9.887000000000156206e+02,1.610552115644513538e-07
9.888000000000156433e+02,1.624822272986162394e-07
9.889000000000156660e+02,1.639103434710684170e-07
9.890000000000156888e+02,1.653395583744987381e-07
9.891000000000157115e+02,1.665007575219671215e-07
9.892000000000157343e+02,1.676507472819612595e-07
9.893000000000157570e+02,1.687895040726075505e-07
9.894000000000157797e+02,1.699170043256270333e-07
9.895000000000158025e+02,1.710332244864434899e-07
9.896000000000158252e+02,1.721390971030688863e-07
9.897000000000158479e+02,1.732372991851187635e-07
9.898000000000158707e+02,1.743242093974081490e-07
9.899000000000158934e+02,1.753998033582795270e-07
9.900000000000159162e+02,1.764640566972719924e-07
9.901000000000159389e+02,1.772439324954008911e-07
9.902000000000159616e+02,1.779942139631044700e-07
9.903000000000159844e+02,1.787148397692648084e-07
9.904000000000160071e+02,1.794057485963734759e-07
9.905000000000160298e+02,1.800668791407630634e-07
9.906000000000160526e+02,1.806981701128336848e-07
9.907000000000160753e+02,1.813001178562343354e-07
9.908000000000160981e+02,1.818804841679460600e-07
9.909000000000161208e+02,1.824308833219963191e-07
9.910000000000161435e+02,1.829512496798844532e-07
9.911000000000161663e+02,1.832171201997400344e-07
9.912000000000161890e+02,1.834579019291709619e-07
9.913000000000162117e+02,1.836858012382666232e-07
9.914000000000162345e+02,1.838602908504310050e-07
9.915000000000162572e+02,1.839812239993293386e-07
9.916000000000162800e+02,1.840484537754022927e-07
9.917000000000163027e+02,1.840618331259901956e-07
9.918000000000163254e+02,1.840212148554588994e-07
9.919000000000163482e+02,1.839335322105473577e-07
9.920000000000163709e+02,1.837935170799155000e-07
9.921000000000163936e+02,1.836712300130191789e-07
9.922000000000164164e+02,1.834678263456540449e-07
9.923000000000164391e+02,1.831830385220265233e-07
9.924000000000164619e+02,1.828165907916389878e-07
9.925000000000164846e+02,1.823679408606657337e-07
9.926000000000165073e+02,1.818365613964236066e-07
9.927000000000165301e+02,1.812220464915014170e-07
9.928000000000165528e+02,1.805254034112398325e-07
9.929000000000165755e+02,1.797474447845786908e-07
9.930000000000165983e+02,1.788850872403548910e-07
9.931000000000166210e+02,1.779728427813552674e-07
9.932000000000166438e+02,1.769520218252793730e-07
9.933000000000166665e+02,1.758222124549867378e-07
9.934000000000166892e+02,1.745830019659859126e-07
9.935000000000167120e+02,1.732339768657801623e-07
9.936000000000167347e+02,1.717771167520803297e-07
9.937000000000167574e+02,1.702148821198292097e-07
9.938000000000167802e+02,1.685414356915281966e-07
9.939000000000168029e+02,1.667563456664547032e-07
9.940000000000168257e+02,1.648591793719211506e-07
9.941000000000168484e+02,1.640401723117769133e-07
9.942000000000168711e+02,1.631199339600109323e-07
9.943000000000168939e+02,1.620979262248728707e-07
9.944000000000169166e+02,1.609775371944307372e-07
9.945000000000169393e+02,1.597647730123567536e-07
9.946000000000169621e+02,1.584483753477852968e-07
9.947000000000169848e+02,1.570277715385760906e-07
9.948000000000170076e+02,1.555023871289517261e-07
9.949000000000170303e+02,1.538716458658450716e-07
9.950000000000170530e+02,1.521349696966407375e-07
9.951000000000170758e+02,1.586037631737294445e-07
9.952000000000170985e+02,1.651868950987584284e-07
9.953000000000171212e+02,1.718498764496479633e-07
9.954000000000171440e+02,1.786371852306468030e-07
9.955000000000171667e+02,1.855482408464992755e-07
9.956000000000171894e+02,1.925843315327186699e-07
9.957000000000172122e+02,1.997459362485921264e-07
9.958000000000172349e+02,2.070334771818324651e-07
9.959000000000172577e+02,2.144473771330320885e-07
9.960000000000172804e+02,2.219880595155344980e-07
9.961000000000173031e+02,2.295046619788598915e-07
9.962000000000173259e+02,2.371424823911384225e-07
9.963000000000173486e+02,2.449023740649103168e-07
9.964000000000173713e+02,2.527890314715949715e-07
9.965000000000173941e+02,2.608013323881023111e-07
9.966000000000174168e+02,2.689377954486663311e-07
9.967000000000174396e+02,2.771989944059766688e-07
9.968000000000174623e+02,2.855865025890400738e-07
9.969000000000174850e+02,2.941055911591682097e-07
9.970000000000175078e+02,3.027515395277156134e-07
9.971000000000175305e+02,3.104412114509617884e-07
9.972000000000175532e+02,3.182235984246409385e-07
9.973000000000175760e+02,3.260991489669387938e-07
9.974000000000175987e+02,3.340671077147722604e-07
9.975000000000176215e+02,3.421456781901019554e-07
9.976000000000176442e+02,3.503517534046763600e-07
9.977000000000176669e+02,3.586550809969332714e-07
9.978000000000176897e+02,3.670561564055158437e-07
9.979000000000177124e+02,3.755554766584696586e-07
9.980000000000177351e+02,3.841535403763328067e-07
9.981000000000177579e+02,3.908519727604446229e-07
9.982000000000177806e+02,3.975998916589853217e-07
9.983000000000178034e+02,4.043974714532458801e-07
9.984000000000178261e+02,4.112456071318537865e-07
9.985000000000178488e+02,4.181525372097843988e-07
9.986000000000178716e+02,4.251120876312601712e-07
9.987000000000178943e+02,4.321416671019298429e-07
9.988000000000179170e+02,4.392228134028921461e-07
9.989000000000179398e+02,4.463557141062877042e-07
9.990000000000179625e+02,4.535405571422768974e-07
9.991000000000179853e+02,4.588656927503336762e-07
9.992000000000180080e+02,4.642230120378053347e-07
9.993000000000180307e+02,4.696113326205002808e-07
9.994000000000180535e+02,4.750266436440846318e-07
9.995000000000180762e+02,4.804690397890314349e-07
9.996000000000180989e+02,4.859386159884050499e-07
9.997000000000181217e+02,4.914354674283723874e-07
9.998000000000181444e+02,4.969592445954252331e-07
9.999000000000181672e+02,5.025094867047591056e-07
1.000000000000018190e+03,5.080872591176796657e-07
1.000100000000018213e+03,5.108810054596195312e-07
1.000200000000018235e+03,5.136751256339234041e-07
1.000300000000018258e+03,5.164695826021845586e-07
1.000400000000018281e+03,5.192643391814074274e-07
1.000500000000018304e+03,5.220593580437499975e-07
1.000600000000018326e+03,5.248546017162651477e-07
1.000700000000018349e+03,5.276500325806388092e-07
1.000800000000018372e+03,5.304456128729376560e-07
1.000900000000018395e+03,5.332413046833433483e-07
1.001000000000018417e+03,5.360338103407275459e-07
1.001100000000018440e+03,5.357785171937975560e-07
1.001200000000018463e+03,5.355121540769394310e-07
1.001300000000018485e+03,5.352346617746968919e-07
1.001400000000018508e+03,5.349459808908529112e-07
1.001500000000018531e+03,5.346460518480839116e-07
1.001600000000018554e+03,5.343348148876238119e-07
1.001700000000018576e+03,5.339784780109313363e-07
1.001800000000018599e+03,5.336079250980533963e-07
1.001900000000018622e+03,5.332259202723803194e-07
1.002000000000018645e+03,5.328358383047771606e-07
1.002100000000018667e+03,5.292448219551154212e-07
1.002200000000018690e+03,5.256487327120763042e-07
1.002300000000018713e+03,5.220476300547206826e-07
1.002400000000018736e+03,5.184415737879530517e-07
1.002500000000018758e+03,5.150283333494451511e-07
1.002600000000018781e+03,5.116333295986578883e-07
1.002700000000018804e+03,5.082305595927753170e-07
1.002800000000018827e+03,5.048200751580319932e-07
1.002900000000018849e+03,5.014019285450571078e-07
1.003000000000018872e+03,4.979761724300384159e-07
1.003100000000018895e+03,4.916557188294868465e-07
1.003200000000018917e+03,4.853405884677567852e-07
1.003300000000018940e+03,4.790522333688535650e-07
1.003400000000018963e+03,4.727834001591772116e-07
1.003500000000018986e+03,4.665324226060447487e-07
1.003600000000019008e+03,4.602993231644681144e-07
1.003700000000019031e+03,4.540850516549256687e-07
1.003800000000019054e+03,4.478899429912716175e-07
1.003900000000019077e+03,4.417143338033604555e-07
1.004000000000019099e+03,4.355585624422731600e-07
1.004100000000019122e+03,4.275069103293497122e-07
1.004200000000019145e+03,4.195033163664146765e-07
1.004300000000019168e+03,4.115575008905090287e-07
1.004400000000019190e+03,4.036666453666414605e-07
1.004500000000019213e+03,3.958274703041272846e-07
1.004600000000019236e+03,3.880404642474377675e-07
1.004700000000019259e+03,3.803065278212255972e-07
1.004800000000019281e+03,3.726265040665129374e-07
1.004900000000019304e+03,3.649942124228735431e-07
1.005000000000019327e+03,3.574151200668152954e-07
1.005100000000019349e+03,3.488878413887308415e-07
1.005200000000019372e+03,3.404390050526024271e-07
1.005300000000019395e+03,3.320694880895046254e-07
1.005400000000019418e+03,3.237869113808426701e-07
1.005500000000019440e+03,3.155942073298128153e-07
1.005600000000019463e+03,3.074826732363409920e-07
1.005700000000019486e+03,2.994031714159675134e-07
1.005800000000019509e+03,2.913912851344220310e-07
1.005900000000019531e+03,2.834668859014114164e-07
1.006000000000019554e+03,2.756308337962446314e-07
1.006100000000019577e+03,2.676013049960547950e-07
1.006200000000019600e+03,2.596683378124260376e-07
1.006300000000019622e+03,2.518328160320171540e-07
1.006400000000019645e+03,2.440956267138197422e-07
1.006500000000019668e+03,2.364622204967598831e-07
1.006600000000019691e+03,2.289351694420282819e-07
1.006700000000019713e+03,2.215084247551253231e-07
1.006800000000019736e+03,2.141829010738413854e-07
1.006900000000019759e+03,2.069595165220314475e-07
1.007000000000019782e+03,1.998391927175593575e-07
1.007100000000019804e+03,1.930631089360326919e-07
1.007200000000019827e+03,1.863792167847932775e-07
1.007300000000019850e+03,1.798072447619287164e-07
1.007400000000019872e+03,1.733375322159423511e-07
1.007500000000019895e+03,1.669606097172756720e-07
1.007600000000019918e+03,1.606774081400411494e-07
1.007700000000019941e+03,1.544888625607315530e-07
1.007800000000019963e+03,1.483959122706797007e-07
1.007900000000019986e+03,1.423995007885458953e-07
1.008000000000020009e+03,1.365005758737405109e-07
1.008100000000020032e+03,1.351922618559237270e-07
1.008200000000020054e+03,1.338694970939612280e-07
1.008300000000020077e+03,1.325309869468476137e-07
1.008400000000020100e+03,1.311766458873135395e-07
1.008500000000020123e+03,1.298063880876915168e-07
1.008600000000020145e+03,1.284201274191611281e-07
1.008700000000020168e+03,1.270177774509916992e-07
1.008800000000020191e+03,1.256010622703076960e-07
1.008900000000020214e+03,1.241694349970699490e-07
1.009000000000020236e+03,1.227213828468874034e-07
1.009100000000020259e+03,1.243068269984550487e-07
1.009200000000020282e+03,1.258167935306742258e-07
1.009300000000020304e+03,1.272507240847928788e-07
1.009400000000020327e+03,1.286079966895320888e-07
1.009500000000020350e+03,1.298879867874614711e-07
1.009600000000020373e+03,1.310900672277879874e-07
1.009700000000020395e+03,1.322136082591282130e-07
1.009800000000020418e+03,1.332579775222677937e-07
1.009900000000020441e+03,1.342245258879906927e-07
1.010000000000020464e+03,1.351153824059996323e-07
1.010100000000020486e+03,1.362615423356536260e-07
1.010200000000020509e+03,1.373429440231790795e-07
1.010300000000020532e+03,1.383590710734982345e-07
1.010400000000020555e+03,1.393094048976992586e-07
1.010500000000020577e+03,1.401918172060310634e-07
1.010600000000020600e+03,1.410057461253941394e-07
1.010700000000020623e+03,1.417522786412144366e-07
1.010800000000020646e+03,1.424308920102660049e-07
1.010900000000020668e+03,1.430410613131709767e-07
1.011000000000020691e+03,1.435822594482095037e-07
1.011100000000020714e+03,1.443368032637474291e-07
1.011200000000020736e+03,1.450398775126056893e-07
1.011300000000020759e+03,1.456925533951394930e-07
1.011400000000020782e+03,1.462946435669863346e-07
1.011500000000020805e+03,1.468438513976864984e-07
1.011600000000020827e+03,1.473396812403960522e-07
1.011700000000020850e+03,1.477813814656610452e-07
1.011800000000020873e+03,1.481673022000783568e-07
1.011900000000020896e+03,1.484983346992498694e-07
1.012000000000020918e+03,1.487739744983031476e-07
1.012100000000020941e+03,1.489857282281061588e-07
1.012200000000020964e+03,1.491574801875741865e-07
1.012300000000020987e+03,1.492887067884179760e-07
1.012400000000021009e+03,1.493800954964368837e-07
1.012500000000021032e+03,1.494313561135039014e-07
1.012600000000021055e+03,1.494421972426110900e-07
1.012700000000021078e+03,1.494123262843640807e-07
1.012800000000021100e+03,1.493414494334655385e-07
1.012900000000021123e+03,1.492411170067766676e-07
1.013000000000021146e+03,1.491182610482318752e-07
1.013100000000021168e+03,1.489604074966633264e-07
1.013200000000021191e+03,1.487755012972251033e-07
1.013300000000021214e+03,1.485650005093288328e-07
1.013400000000021237e+03,1.483289897696375260e-07
1.013500000000021259e+03,1.480652231185995525e-07
1.013600000000021282e+03,1.477734661821922396e-07
1.013700000000021305e+03,1.474534833638930787e-07
1.013800000000021328e+03,1.471050378398222828e-07
1.013900000000021350e+03,1.467278915538694613e-07
1.014000000000021373e+03,1.463218052127725180e-07
1.014100000000021396e+03,1.457515657193568164e-07
1.014200000000021419e+03,1.451649751369156019e-07
1.014300000000021441e+03,1.445620545637602266e-07
1.014400000000021464e+03,1.439427144532377236e-07
1.014500000000021487e+03,1.433055615535250414e-07
1.014600000000021510e+03,1.426492061676209400e-07
1.014700000000021532e+03,1.419758287897199568e-07
1.014800000000021555e+03,1.412853050707510529e-07
1.014900000000021578e+03,1.405775100496215980e-07
1.015000000000021600e+03,1.398523181507962592e-07
1.015100000000021623e+03,1.388983979860587826e-07
1.015200000000021646e+03,1.379371702254977804e-07
1.015300000000021669e+03,1.369686019269658805e-07
1.015400000000021691e+03,1.359926600313278342e-07
1.015500000000021714e+03,1.350093113621099777e-07
1.015600000000021737e+03,1.340185226251464897e-07
1.015700000000021760e+03,1.330202604082266020e-07
1.015800000000021782e+03,1.320144911807392164e-07
1.015900000000021805e+03,1.310011812933184481e-07
1.016000000000021828e+03,1.299802969774282878e-07
1.016100000000021851e+03,1.286878552555619078e-07
1.016200000000021873e+03,1.273960365196574226e-07
1.016300000000021896e+03,1.261048688750155550e-07
1.016400000000021919e+03,1.248143805785401761e-07
1.016500000000021942e+03,1.235246000392693417e-07
1.016600000000021964e+03,1.222355558189133697e-07
1.016700000000021987e+03,1.209453929626424042e-07
1.016800000000022010e+03,1.196548978464429809e-07
1.016900000000022033e+03,1.183658085540426702e-07
1.017000000000022055e+03,1.170798122403613944e-07
1.017100000000022078e+03,1.155932864986737335e-07
1.017200000000022101e+03,1.141122089585713275e-07
1.017300000000022123e+03,1.126366456301883048e-07
1.017400000000022146e+03,1.111666628464558897e-07
1.017500000000022169e+03,1.097023272642179587e-07
1.017600000000022192e+03,1.082437058653489775e-07
1.017700000000022214e+03,1.067908659578754866e-07
1.017800000000022237e+03,1.053438751771008680e-07
1.017900000000022260e+03,1.039028014867325742e-07
1.018000000000022283e+03,1.024677131799762033e-07
1.018100000000022305e+03,1.008751274684645077e-07
1.018200000000022328e+03,9.929063990206604061e-08
1.018300000000022351e+03,9.771434097060451916e-08
1.018400000000022374e+03,9.614632162425434119e-08
1.018500000000022396e+03,9.458691866680156017e-08
1.018600000000022419e+03,9.303787390531702454e-08
1.018700000000022442e+03,9.149731328914705712e-08
1.018800000000022465e+03,8.996533022378171521e-08
1.018900000000022487e+03,8.844189822651600518e-08
1.019000000000022510e+03,8.692519205917085053e-08
1.019100000000022533e+03,8.526317473104268715e-08
1.019200000000022555e+03,8.361182057635831808e-08
1.019300000000022578e+03,8.197135766516259679e-08
1.019400000000022601e+03,8.034344439608994659e-08
1.019500000000022624e+03,7.872638574750026949e-08
1.019600000000022646e+03,7.712055995186162029e-08
1.019700000000022669e+03,7.552580669881218225e-08
1.019800000000022692e+03,7.394216582477532118e-08
1.019900000000022715e+03,7.236972875401778258e-08
1.020000000000022737e+03,7.080858728453960204e-08
1.020100000000022760e+03,6.920715411998939860e-08
1.020200000000022783e+03,6.761728458320504129e-08
1.020300000000022806e+03,6.603879515178361646e-08
1.020400000000022828e+03,6.447103108803435967e-08
1.020500000000022851e+03,6.291386403157493956e-08
1.020600000000022874e+03,6.136738286722836227e-08
1.020700000000022897e+03,5.983167684971123099e-08
1.020800000000022919e+03,5.830683560475446323e-08
1.020900000000022942e+03,5.679294913022510651e-08
1.021000000000022965e+03,5.529137779448612645e-08
1.021100000000022987e+03,5.381627255031322051e-08
1.021200000000023010e+03,5.235062926984856458e-08
1.021300000000023033e+03,5.089452488634118598e-08
1.021400000000023056e+03,4.944803664270120948e-08
1.021500000000023078e+03,4.801124209240874348e-08
1.021600000000023101e+03,4.658421910042435437e-08
1.021700000000023124e+03,4.516704584410270411e-08
1.021800000000023147e+03,4.376173281910476781e-08
1.021900000000023169e+03,4.236638498087026774e-08
1.022000000000023192e+03,4.098099585591507690e-08
1.022100000000023215e+03,4.112977446177377461e-08
1.022200000000023238e+03,4.127553183551427644e-08
1.022300000000023260e+03,4.141868821907431348e-08
1.022400000000023283e+03,4.156041182913304822e-08
1.022500000000023306e+03,4.169807886632970009e-08
1.022600000000023329e+03,4.183238035150555304e-08
1.022700000000023351e+03,4.196356241661696388e-08
1.022800000000023374e+03,4.209160401900637061e-08
1.022900000000023397e+03,4.221648403356483303e-08
1.023000000000023419e+03,4.233818125266167601e-08
1.023100000000023442e+03,4.318533191165592526e-08
1.023200000000023465e+03,4.402536211502537528e-08
1.023300000000023488e+03,4.485821936375274458e-08
1.023400000000023510e+03,4.568385095643348518e-08
1.023500000000023533e+03,4.650220398870420083e-08
1.023600000000023556e+03,4.731322535266994025e-08
1.023700000000023579e+03,4.811686173632984919e-08
1.023800000000023601e+03,4.891305962300179026e-08
1.023900000000023624e+03,4.970176529074574510e-08
1.024000000000023647e+03,5.048292481178988335e-08
1.024100000000023556e+03,5.127479440866990651e-08
1.024200000000023692e+03,5.205943042186022106e-08
1.024300000000023829e+03,5.283757835508227062e-08
1.024400000000023738e+03,5.360938234738418931e-08
1.024500000000023647e+03,5.437498650103408117e-08
1.024600000000023783e+03,5.513623193815522544e-08
1.024700000000023920e+03,5.589155133479535185e-08
1.024800000000023829e+03,5.664043198088138279e-08
1.024900000000023738e+03,5.738283042175748775e-08
1.025000000000023874e+03,5.811870305128668073e-08
1.025100000000024011e+03,5.882934797969505390e-08
1.025200000000023920e+03,5.953536369182188551e-08
1.025300000000023829e+03,6.023671412182366014e-08
1.025400000000023965e+03,6.093336306700446220e-08
1.025500000000024102e+03,6.162527418745234738e-08
1.025600000000024011e+03,6.231241100568225870e-08
1.025700000000023920e+03,6.299415246821797265e-08
1.025800000000024056e+03,6.366891937897120603e-08
1.025900000000024193e+03,6.433839752543977707e-08
1.026000000000024102e+03,6.500289066340024206e-08
1.026100000000024011e+03,6.557444715434956863e-08
1.026200000000024147e+03,6.614251639038709929e-08
1.026300000000024284e+03,6.670707369773494956e-08
1.026400000000024193e+03,6.726809431808583344e-08
1.026500000000024102e+03,6.782555340841131633e-08
1.026600000000024238e+03,6.837828353667243831e-08
1.026700000000024374e+03,6.892695075014510642e-08
1.026800000000024284e+03,6.947211635761934741e-08
1.026900000000024193e+03,7.001517917086851150e-08
1.027000000000024329e+03,7.055455730162008780e-08
1.027100000000024465e+03,7.095437057359331472e-08
1.027200000000024374e+03,7.135090798130611380e-08
1.027300000000024284e+03,7.174490252226982156e-08
1.027400000000024420e+03,7.213528743652413285e-08
1.027500000000024556e+03,7.252234113337891522e-08
1.027600000000024465e+03,7.290706766720244989e-08
1.027700000000024374e+03,7.328940337176655377e-08
1.027800000000024511e+03,7.366932338691861834e-08
1.027900000000024647e+03,7.404681282697367930e-08
1.028000000000024556e+03,7.442185676174403187e-08
1.028100000000024465e+03,7.462586772631296785e-08
1.028200000000024602e+03,7.482637426304819067e-08
1.028300000000024738e+03,7.502438212855362793e-08
1.028400000000024647e+03,7.522108608240569469e-08
1.028500000000024556e+03,7.541647845161512932e-08
1.028600000000024693e+03,7.561055154107547529e-08
1.028700000000024829e+03,7.580329763352303235e-08
1.028800000000024738e+03,7.599470898949880624e-08
1.028900000000024647e+03,7.618477784731113338e-08
1.029000000000024784e+03,7.637349642294267927e-08
1.029100000000024920e+03,7.635166883130766918e-08
1.029200000000024829e+03,7.632931912906827377e-08
1.029300000000024738e+03,7.630644560526050301e-08
1.029400000000024875e+03,7.628307268066068659e-08
1.029500000000025011e+03,7.625921926182568775e-08
1.029600000000024920e+03,7.623483682226765740e-08
1.029700000000024829e+03,7.620992363663207158e-08
1.029800000000024966e+03,7.618447797633469616e-08
1.029900000000025102e+03,7.615867569697176929e-08
1.030000000000025011e+03,7.613254949365097639e-08
1.030100000000024920e+03,7.590328894218600865e-08
1.030200000000025057e+03,7.567390167340878694e-08
1.030300000000025193e+03,7.544438938091958909e-08
1.030400000000025102e+03,7.521475376483369983e-08
1.030500000000025011e+03,7.498499653179254125e-08
1.030600000000025148e+03,7.475511939497598129e-08
1.030700000000025284e+03,7.452512407411551568e-08
1.030800000000025193e+03,7.429501229550481617e-08
1.030900000000025102e+03,7.406478579201014635e-08
1.031000000000025238e+03,7.383444630302365575e-08
1.031100000000025375e+03,7.336714333265366156e-08
1.031200000000025284e+03,7.290012291826405406e-08
1.031300000000025193e+03,7.243338837903214497e-08
1.031400000000025329e+03,7.196520430996503175e-08
1.031500000000025466e+03,7.149728419259932377e-08
1.031600000000025375e+03,7.102968317034508505e-08
1.031700000000025284e+03,7.056240456195047276e-08
1.031800000000025420e+03,7.009545169160862332e-08
1.031900000000025557e+03,6.962882788895487307e-08
1.032000000000025466e+03,6.916253648902498895e-08
1.032100000000025375e+03,6.855042818562098962e-08
1.032200000000025511e+03,6.793713488437785351e-08
1.032300000000025648e+03,6.732254459728561391e-08
1.032400000000025557e+03,6.670751666188406064e-08
1.032500000000025466e+03,6.609091823612186867e-08
1.032600000000025602e+03,6.547340614157893373e-08
1.032700000000025739e+03,6.485578973759672468e-08
1.032800000000025648e+03,6.423783565107610303e-08
1.032900000000025557e+03,6.361948349394821666e-08
1.033000000000025693e+03,6.300073644937624858e-08
1.033100000000025830e+03,6.220546032707968929e-08
1.033200000000025739e+03,6.141001177428830738e-08
1.033300000000025648e+03,6.061439345258480361e-08
1.033400000000025784e+03,5.981860802795786622e-08
1.033500000000025921e+03,5.902265817080237602e-08
1.033600000000025830e+03,5.822654655591278901e-08
1.033700000000025739e+03,5.743027586247568507e-08
1.033800000000025875e+03,5.663335478903895251e-08
1.033900000000026012e+03,5.583549731059031867e-08
1.034000000000025921e+03,5.503752545060300938e-08
1.034100000000025830e+03,5.418082526788058290e-08
1.034200000000025966e+03,5.332237748551669499e-08
1.034300000000026102e+03,5.246218101964861500e-08
1.034400000000026012e+03,5.160023478956582552e-08
1.034500000000025921e+03,5.073653771771634211e-08
1.034600000000026057e+03,4.986952550415401683e-08
1.034700000000026193e+03,4.899768527858217671e-08
1.034800000000026102e+03,4.812321530480622144e-08
1.034900000000026012e+03,4.724719424400971950e-08
1.035000000000026148e+03,4.636962163093547242e-08
1.035100000000026284e+03,4.544690218911542331e-08
1.035200000000026193e+03,4.452251345982206068e-08
1.035300000000026102e+03,4.359645441059684672e-08
1.035400000000026239e+03,4.266872401069246200e-08
1.035500000000026375e+03,4.173932123108207638e-08
1.035600000000026284e+03,4.080824504446087773e-08
1.035700000000026193e+03,3.987549442524633662e-08
1.035800000000026330e+03,3.894106834958799345e-08
1.035900000000026466e+03,3.800576968835361861e-08
1.036000000000026375e+03,3.706889229198470227e-08
1.036100000000026284e+03,3.685416932591647819e-08
1.036200000000026421e+03,3.663887821067866243e-08
1.036300000000026557e+03,3.642340959492203038e-08
1.036400000000026466e+03,3.620713747305796351e-08
1.036500000000026375e+03,3.599006019781453853e-08
1.036600000000026512e+03,3.577217611985570548e-08
1.036700000000026648e+03,3.555348358778185026e-08
1.036800000000026557e+03,3.533398094812787554e-08
1.036900000000026466e+03,3.511365105893241381e-08
1.037000000000026603e+03,3.489228202214609621e-08
1.037100000000026739e+03,3.580653967607382539e-08
1.037200000000026648e+03,3.672424630899568437e-08
1.037300000000026557e+03,3.764540967285579408e-08
1.037400000000026694e+03,3.857003753036889492e-08
1.037500000000026830e+03,3.949813765502056520e-08
1.037600000000026739e+03,4.042971783107489732e-08
1.037700000000026648e+03,4.136478585358309384e-08
1.037800000000026785e+03,4.230334952838297119e-08
1.037900000000026921e+03,4.324541667209872142e-08
1.038000000000026830e+03,4.419099511215326699e-08
1.038100000000026739e+03,4.515590808264822201e-08
1.038200000000026876e+03,4.612480388257751806e-08
1.038300000000027012e+03,4.709769114081937311e-08
1.038400000000026921e+03,4.807457849648819974e-08
1.038500000000026830e+03,4.905547459893973373e-08
1.038600000000026967e+03,5.004038810776648121e-08
1.038700000000027103e+03,5.102932769279382760e-08
1.038800000000027012e+03,5.202230203408447796e-08
1.038900000000026921e+03,5.301931982194310900e-08
1.039000000000027057e+03,5.402038975690605912e-08
1.039100000000027194e+03,5.500351341494168878e-08
1.039200000000027103e+03,5.599128198250583691e-08
1.039300000000027012e+03,5.698509996212657200e-08
1.039400000000027148e+03,5.798376794129090609e-08
1.039500000000027285e+03,5.898836687977355933e-08
1.039600000000027194e+03,5.999773904681930791e-08
1.039700000000027103e+03,6.101189613796572958e-08
1.039800000000027239e+03,6.203084986464214306e-08
1.039900000000027376e+03,6.305461195416782797e-08
1.040000000000027285e+03,6.408319414973700985e-08
1.040100000000027194e+03,6.503391461911940085e-08
1.040200000000027330e+03,6.598935998845805619e-08
1.040300000000027467e+03,6.694954109799210667e-08
1.040400000000027376e+03,6.791446880113332917e-08
1.040500000000027285e+03,6.888415396447138772e-08
1.040600000000027421e+03,6.985867724875342981e-08
1.040700000000027558e+03,7.083870906886832459e-08
1.040800000000027467e+03,7.182355322564073781e-08
1.040900000000027376e+03,7.281322080146253059e-08
1.041000000000027512e+03,7.380777760875355956e-08
1.041100000000027649e+03,7.470412661793384058e-08
1.041200000000027558e+03,7.560556246106956836e-08
1.041300000000027467e+03,7.651210040212610835e-08
1.041400000000027603e+03,7.742375573397739875e-08
1.041500000000027740e+03,7.834141818357915209e-08
1.041600000000027649e+03,7.926533764310945446e-08
1.041700000000027558e+03,8.019446679266765255e-08
1.041800000000027694e+03,8.112882142912480839e-08
1.041900000000027831e+03,8.207405896609499153e-08
1.042000000000027740e+03,8.302472113026323592e-08
1.042100000000027649e+03,8.379853254132395124e-08
1.042200000000027785e+03,8.457658186319132397e-08
1.042300000000027921e+03,8.535888167471547152e-08
1.042400000000027831e+03,8.614544457860232075e-08
1.042500000000027740e+03,8.693628320144068658e-08
1.042600000000027876e+03,8.773104317611873366e-08
1.042700000000028012e+03,8.852826438130816191e-08
1.042800000000027921e+03,8.932975937504017500e-08
1.042900000000027831e+03,9.013554055856050428e-08
1.043000000000027967e+03,9.094562035579770872e-08
1.043100000000028103e+03,9.150481162207308036e-08
1.043200000000028012e+03,9.206616230514294827e-08
1.043300000000027921e+03,9.262967665053340571e-08
1.043400000000028058e+03,9.319535890726172461e-08
1.043500000000028194e+03,9.376123155791491920e-08
1.043600000000028103e+03,9.432907463998744385e-08
1.043700000000028012e+03,9.489907196017503016e-08
1.043800000000028149e+03,9.547122763013541541e-08
1.043900000000028285e+03,9.604554576459472694e-08
1.044000000000028194e+03,9.662203048127817109e-08
1.044100000000028103e+03,9.696582312420429508e-08
1.044200000000028240e+03,9.730965609766238137e-08
1.044300000000028376e+03,9.765350575230643358e-08
1.044400000000028285e+03,9.799742825838969491e-08
1.044500000000028194e+03,9.834142245863832665e-08
1.044600000000028331e+03,9.868548719316179354e-08
1.044700000000028467e+03,9.902962129945030944e-08
1.044800000000028376e+03,9.937382361237551235e-08
1.044900000000028285e+03,9.971809296419079525e-08
1.045000000000028422e+03,1.000624281844669051e-07
1.045100000000028558e+03,1.001892678904486934e-07
1.045200000000028467e+03,1.003134621238052089e-07
1.045300000000028376e+03,1.004349299424436711e-07
1.045400000000028513e+03,1.005536584165129589e-07
1.045500000000028649e+03,1.006696345846601077e-07
1.045600000000028558e+03,1.007828454539959915e-07
1.045700000000028467e+03,1.008932780000581854e-07
1.045800000000028604e+03,1.010009191667757345e-07
1.045900000000028740e+03,1.011057558664321758e-07
1.046000000000028649e+03,1.012077749795450078e-07
1.046100000000028558e+03,1.010069657272145695e-07
1.046200000000028695e+03,1.007998930093219532e-07
1.046300000000028831e+03,1.005865492734536462e-07
1.046400000000028740e+03,1.003669157623732324e-07
1.046500000000028649e+03,1.001409736976290056e-07
1.046600000000028786e+03,9.990870427958990223e-08
1.046700000000028922e+03,9.967008868748086490e-08
1.046800000000028831e+03,9.942510807941721350e-08
1.046900000000028740e+03,9.917374359243790443e-08
1.047000000000028876e+03,9.891597634248329599e-08
1.047100000000029013e+03,9.844495799652328603e-08
1.047200000000028922e+03,9.796376615838655958e-08
1.047300000000028831e+03,9.747236614042612985e-08
1.047400000000028967e+03,9.697072320252711587e-08
1.047500000000029104e+03,9.645880255215098669e-08
1.047600000000029013e+03,9.593656934437264555e-08
1.047700000000028922e+03,9.540398868192039926e-08
1.047800000000029058e+03,9.486123643524467777e-08
1.047900000000029195e+03,9.430826513462624693e-08
1.048000000000029104e+03,9.374483644874516204e-08
1.048100000000029013e+03,9.300079647894060670e-08
1.048200000000029149e+03,9.224271297286613866e-08
1.048300000000029286e+03,9.147053884985844131e-08
1.048400000000029195e+03,9.068422696433141232e-08
1.048500000000029104e+03,8.988373010586875484e-08
1.048600000000029240e+03,8.906900099932814937e-08
1.048700000000029377e+03,8.823999230494415502e-08
1.048800000000029286e+03,8.739665661842610797e-08
1.048900000000029195e+03,8.653894647105590087e-08
1.049000000000029331e+03,8.566681432976659804e-08
1.049100000000029468e+03,8.468686355192549242e-08
1.049200000000029377e+03,8.369007460226972166e-08
1.049300000000029286e+03,8.267568987208802508e-08
1.049400000000029422e+03,8.164463910370016744e-08
1.049500000000029559e+03,8.059688133996893761e-08
1.049600000000029468e+03,7.953129953689662327e-08
1.049700000000029377e+03,7.844783390242749096e-08
1.049800000000029513e+03,7.734642456532494233e-08
1.049900000000029650e+03,7.622701157534127806e-08
1.050000000000029559e+03,7.508953490338314723e-08
1.050100000000029468e+03,7.394385327272275793e-08
1.050200000000029604e+03,7.277767619661426136e-08
1.050300000000029740e+03,7.159093161760062367e-08
1.050400000000029650e+03,7.038354738318861429e-08
1.050500000000029559e+03,6.915615988682878691e-08
1.050600000000029695e+03,6.791064682467960690e-08
1.050700000000029831e+03,6.664415051844250236e-08
1.050800000000029740e+03,6.535659530877522748e-08
1.050900000000029650e+03,6.404790542801522940e-08
1.051000000000029786e+03,6.271800500110074359e-08
1.051100000000029922e+03,6.365032454545090459e-08
1.051200000000029831e+03,6.459065612542289026e-08
1.051300000000029740e+03,6.553902752087861696e-08
1.051400000000029877e+03,6.649546655373853528e-08
1.051500000000030013e+03,6.746000108788607418e-08
1.051600000000029922e+03,6.843265902907833194e-08
1.051700000000029831e+03,6.941666525517425509e-08
1.051800000000029968e+03,7.040920268855125333e-08
1.051900000000030104e+03,7.141004705708852572e-08
1.052000000000030013e+03,7.241922766162342825e-08
1.052100000000029922e+03,7.455564319552641017e-08
1.052200000000030059e+03,7.671641984558067759e-08
1.052300000000030195e+03,7.890343176768553807e-08
1.052400000000030104e+03,8.111697161358240681e-08
1.052500000000030013e+03,8.335532476508244840e-08
1.052600000000030150e+03,8.561857653004820883e-08
1.052700000000030286e+03,8.790681231981794947e-08
1.052800000000030195e+03,9.022301301511059875e-08
1.052900000000030104e+03,9.256615197887869612e-08
1.053000000000030241e+03,9.493476751223828912e-08
1.053100000000030377e+03,9.737531192054867049e-08
1.053200000000030286e+03,9.984369576963903992e-08
1.053300000000030195e+03,1.023400216693381523e-07
1.053400000000030332e+03,1.048643923761342953e-07
1.053500000000030468e+03,1.074169107926598305e-07
1.053600000000030377e+03,1.099976799671923698e-07
1.053700000000030286e+03,1.126071228634469929e-07
1.053800000000030423e+03,1.152452593711838504e-07
1.053900000000030559e+03,1.179131112755539103e-07
1.054000000000030468e+03,1.206113345690157842e-07
1.054100000000030377e+03,1.232828900947799205e-07
1.054200000000030514e+03,1.259835272237281125e-07
1.054300000000030650e+03,1.287133467145376254e-07
1.054400000000030559e+03,1.314724494342821980e-07
1.054500000000030468e+03,1.342611339158995512e-07
1.054600000000030604e+03,1.370795659680909929e-07
1.054700000000030741e+03,1.399288186488443735e-07
1.054800000000030650e+03,1.428098846666573828e-07
1.054900000000030559e+03,1.457208938628981331e-07
1.055000000000030695e+03,1.486619501082156210e-07
1.055100000000030832e+03,1.514540489736554157e-07
1.055200000000030741e+03,1.542740200252623494e-07
1.055300000000030650e+03,1.571219488197022304e-07
1.055400000000030786e+03,1.599979209539495243e-07
1.055500000000030923e+03,1.629032914242459904e-07
1.055600000000030832e+03,1.658394573560546110e-07
1.055700000000030741e+03,1.688040604098325372e-07
1.055800000000030877e+03,1.717971882950283320e-07
1.055900000000031014e+03,1.748189287649357103e-07
1.056000000000030923e+03,1.778693696157700079e-07
1.056100000000030832e+03,1.806992050940091939e-07
1.056200000000030968e+03,1.835549507913644949e-07
1.056300000000031105e+03,1.864405509210437783e-07
1.056400000000031014e+03,1.893615390025712682e-07
1.056500000000030923e+03,1.923090990192408499e-07
1.056600000000031059e+03,1.952833215964441944e-07
1.056700000000031196e+03,1.982842974407939301e-07
1.056800000000031105e+03,2.013121173393027347e-07
1.056900000000031014e+03,2.043668721585540114e-07
1.057000000000031150e+03,2.074486528436795192e-07
1.057100000000031287e+03,2.100379414633262964e-07
1.057200000000031196e+03,2.126450754036988574e-07
1.057300000000031105e+03,2.152700899980713360e-07
1.057400000000031241e+03,2.179130205138192851e-07
1.057500000000031378e+03,2.205739021517258509e-07
1.057600000000031287e+03,2.232527700453022670e-07
1.057700000000031196e+03,2.259496592601124515e-07
1.057800000000031332e+03,2.286646047930659463e-07
1.057900000000031469e+03,2.314000087030961323e-07
1.058000000000031378e+03,2.341619953160734522e-07
1.058100000000031287e+03,2.365136606980304355e-07
1.058200000000031423e+03,2.388772224599488564e-07
1.058300000000031559e+03,2.412527098880566054e-07
1.058400000000031469e+03,2.436401522579333896e-07
1.058500000000031378e+03,2.460395788340510053e-07
1.058600000000031514e+03,2.484510188692890737e-07
1.058700000000031650e+03,2.508745016044443965e-07
1.058800000000031559e+03,2.533100562677657769e-07
1.058900000000031469e+03,2.557577120744810038e-07
1.059000000000031605e+03,2.582174982260902678e-07
1.059100000000031741e+03,2.600153948155532746e-07
1.059200000000031650e+03,2.618138989686600939e-07
1.059300000000031559e+03,2.636129977791812491e-07
1.059400000000031696e+03,2.654126782986277842e-07
1.059500000000031832e+03,2.672131668094226382e-07
1.059600000000031741e+03,2.689913419227314042e-07
1.059700000000031650e+03,2.707692695415842147e-07
1.059800000000031787e+03,2.725474218532805072e-07
1.059900000000031923e+03,2.743257856617217311e-07
1.060000000000031832e+03,2.761043477328248845e-07
1.060100000000031741e+03,2.770799166579486739e-07
1.060200000000031878e+03,2.780429369344179249e-07
1.060300000000032014e+03,2.789933642306577777e-07
1.060400000000031923e+03,2.799311542225461509e-07
1.060500000000031832e+03,2.808562625940423985e-07
1.060600000000031969e+03,2.817686450378087146e-07
1.060700000000032105e+03,2.826586967562866010e-07
1.060800000000032014e+03,2.835314245899582648e-07
1.060900000000031923e+03,2.843912091503807065e-07
1.061000000000032060e+03,2.852380081037639237e-07
1.061100000000032196e+03,2.853096635202452012e-07
1.061200000000032105e+03,2.853504212567840096e-07
1.061300000000032014e+03,2.853663299661522939e-07
1.061400000000032151e+03,2.853573182356101760e-07
1.061500000000032287e+03,2.853233147180251914e-07
1.061600000000032196e+03,2.852642481331343678e-07
1.061700000000032105e+03,2.851800472688148278e-07
1.061800000000032242e+03,2.850677993349382753e-07
1.061900000000032378e+03,2.849258755513869129e-07
1.062000000000032287e+03,2.847522535506047931e-07
1.062100000000032196e+03,2.838633560504996806e-07
1.062200000000032333e+03,2.829387213102033544e-07
1.062300000000032469e+03,2.819782379355378829e-07
1.062400000000032378e+03,2.809817945859126097e-07
1.062500000000032287e+03,2.799492799762602581e-07
1.062600000000032423e+03,2.788805828789895019e-07
1.062700000000032560e+03,2.777755921259547928e-07
1.062800000000032469e+03,2.766278975935459011e-07
1.062900000000032378e+03,2.754428460588967261e-07
1.063000000000032514e+03,2.742152765586917016e-07
1.063100000000032651e+03,2.722490620740380429e-07
1.063200000000032560e+03,2.702400902504091695e-07
1.063300000000032469e+03,2.681882660817713741e-07
1.063400000000032605e+03,2.660934947746287739e-07
1.063500000000032742e+03,2.639556817502908714e-07
1.063600000000032651e+03,2.617632785890401735e-07
1.063700000000032560e+03,2.595272654066272987e-07
1.063800000000032696e+03,2.572481395334198750e-07
1.063900000000032833e+03,2.549258132349255135e-07
1.064000000000032742e+03,2.525601990188347440e-07
1.064100000000032651e+03,2.497749866541683895e-07
1.064200000000032787e+03,2.469439547490955133e-07
1.064300000000032924e+03,2.440649910532361556e-07
1.064400000000032833e+03,2.411379574735855982e-07
1.064500000000032742e+03,2.381627160353374357e-07
1.064600000000032878e+03,2.351391288847185944e-07
1.064700000000033015e+03,2.320670582918393601e-07
1.064800000000032924e+03,2.289463666535328183e-07
1.064900000000032833e+03,2.257769164962086132e-07
1.065000000000032969e+03,2.225585704786672420e-07
1.065100000000033106e+03,2.190462046741998849e-07
1.065200000000033015e+03,2.154792020987749587e-07
1.065300000000032924e+03,2.118651887170325725e-07
1.065400000000033060e+03,2.082053282409661059e-07
1.065500000000033197e+03,2.044995220604531894e-07
1.065600000000033106e+03,2.007476718115341303e-07
1.065700000000033015e+03,1.969496793790559792e-07
1.065800000000033151e+03,1.931054468993602448e-07
1.065900000000033288e+03,1.892148767629889526e-07
1.066000000000033197e+03,1.852778716190496703e-07
1.066100000000033106e+03,1.864048766950636766e-07
1.066200000000033242e+03,1.875355882315796617e-07
1.066300000000033378e+03,1.886713218118714803e-07
1.066400000000033288e+03,1.898141899997658839e-07
1.066500000000033197e+03,1.909610347449214076e-07
1.066600000000033333e+03,1.921116544064824910e-07
1.066700000000033469e+03,1.932660514097301170e-07
1.066800000000033378e+03,1.944242281425233529e-07
1.066900000000033288e+03,1.955861869550697513e-07
1.067000000000033424e+03,1.967519301609950739e-07
1.067100000000033560e+03,2.018615380799086147e-07
1.067200000000033469e+03,2.070052146957744640e-07
1.067300000000033378e+03,2.121830149704656185e-07
1.067400000000033515e+03,2.173949936225121704e-07
1.067500000000033651e+03,2.226412051249979399e-07
1.067600000000033560e+03,2.279217037034974727e-07
1.067700000000033469e+03,2.332365433340055746e-07
1.067800000000033606e+03,2.385857777408049586e-07
1.067900000000033742e+03,2.439694603943332572e-07
1.068000000000033651e+03,2.493876445090147768e-07
1.068100000000033560e+03,2.546469252113397328e-07
1.068200000000033697e+03,2.599332597552752863e-07
1.068300000000033833e+03,2.652466673168137240e-07
1.068400000000033742e+03,2.705916457913515172e-07
1.068500000000033651e+03,2.759656867341546071e-07
1.068600000000033788e+03,2.813671051384213479e-07
1.068700000000033924e+03,2.867959209877078320e-07
1.068800000000033833e+03,2.922521539958889436e-07
1.068900000000033742e+03,2.977358236056073879e-07
1.069000000000033879e+03,3.032469489865417210e-07
1.069100000000034015e+03,3.084097041856538776e-07
1.069200000000033924e+03,3.135943492191045975e-07
1.069300000000033833e+03,3.188008954089100654e-07
1.069400000000033970e+03,3.240293538456579540e-07
1.069500000000034106e+03,3.292797353871877990e-07
1.069600000000034015e+03,3.345520506573140442e-07
1.069700000000033924e+03,3.398463100445454866e-07
1.069800000000034061e+03,3.451625237007536878e-07
1.069900000000034197e+03,3.505007015398359848e-07
1.070000000000034106e+03,3.558608532361705557e-07
1.070100000000034015e+03,3.605101009167438471e-07
1.070200000000034152e+03,3.651730590333798340e-07
1.070300000000034288e+03,3.698497194358480354e-07
1.070400000000034197e+03,3.745400737900176947e-07
1.070500000000034106e+03,3.792441135771252541e-07
1.070600000000034242e+03,3.839618300929964614e-07
1.070700000000034379e+03,3.886932144472640818e-07
1.070800000000034288e+03,3.934327927892635133e-07
1.070900000000034197e+03,3.981822700563178029e-07
1.071000000000034333e+03,4.029451681551863753e-07
1.071100000000034470e+03,4.068964785471608438e-07
1.071200000000034379e+03,4.108575238970647240e-07
1.071300000000034288e+03,4.148282981292450877e-07
1.071400000000034424e+03,4.188087950319930159e-07
1.071500000000034561e+03,4.227990082569097008e-07
1.071600000000034470e+03,4.268044811474652987e-07
1.071700000000034379e+03,4.308240586110381256e-07
1.071800000000034515e+03,4.348535175153156336e-07
1.071900000000034652e+03,4.388928516311678184e-07
1.072000000000034561e+03,4.429228131632129638e-07
1.072100000000034470e+03,4.458116962704864235e-07
1.072200000000034606e+03,4.487052575189520457e-07
1.072300000000034743e+03,4.516034877534102273e-07
1.072400000000034652e+03,4.545118845278633788e-07
1.072500000000034561e+03,4.574299697224800153e-07
1.072600000000034697e+03,4.603528298044282038e-07
1.072700000000034834e+03,4.632804555964388448e-07
1.072800000000034743e+03,4.662128378342538255e-07
1.072900000000034652e+03,4.691499671663005477e-07
1.073000000000034788e+03,4.720918341528635295e-07
1.073100000000034925e+03,4.736557415014522165e-07
1.073200000000034834e+03,4.752205425287900135e-07
1.073300000000034743e+03,4.767862293563521629e-07
1.073400000000034879e+03,4.783527940682707654e-07
1.073500000000035016e+03,4.799202287112226014e-07
1.073600000000034925e+03,4.814885252943341572e-07
1.073700000000034834e+03,4.830576757890811458e-07
1.073800000000034970e+03,4.846335324685641939e-07
1.073900000000035106e+03,4.862126446704465028e-07
1.074000000000035016e+03,4.877875960429247879e-07
1.074100000000034925e+03,4.878058028340258998e-07
1.074200000000035061e+03,4.878231950838559237e-07
1.074300000000035197e+03,4.878397711065902780e-07
1.074400000000035106e+03,4.878555292144858515e-07
1.074500000000035016e+03,4.878704677178832269e-07
1.074600000000035152e+03,4.878845849252022338e-07
1.074700000000035288e+03,4.878978791429444896e-07
1.074800000000035197e+03,4.879057362583262787e-07
1.074900000000035106e+03,4.879061725406686114e-07
1.075000000000035243e+03,4.879057805951733361e-07
1.075100000000035379e+03,4.865867586941482222e-07
1.075200000000035288e+03,4.852668507216860061e-07
1.075300000000035197e+03,4.839460618326351283e-07
1.075400000000035334e+03,4.826243971983622306e-07
1.075500000000035470e+03,4.813018620067836021e-07
1.075600000000035379e+03,4.799743493986772085e-07
1.075700000000035288e+03,4.786391060155271093e-07
1.075800000000035425e+03,4.773030687858014427e-07
1.075900000000035561e+03,4.759662430209222133e-07
1.076000000000035470e+03,4.746286340480555973e-07
1.076100000000035379e+03,4.720910334073329323e-07
1.076200000000035516e+03,4.695517490563673535e-07
1.076300000000035652e+03,4.670107933244587388e-07
1.076400000000035561e+03,4.644681785838587890e-07
1.076500000000035470e+03,4.619152732087842528e-07
1.076600000000035607e+03,4.593580939650089894e-07
1.076700000000035743e+03,4.567995379557995237e-07
1.076800000000035652e+03,4.542395876458742231e-07
1.076900000000035561e+03,4.516805904014706427e-07
1.077000000000035698e+03,4.491216443526702893e-07
1.077100000000035834e+03,4.453475591568604833e-07
1.077200000000035743e+03,4.415728056565804083e-07
1.077300000000035652e+03,4.377974040234625172e-07
1.077400000000035789e+03,4.340213744799777568e-07
1.077500000000035925e+03,4.302447372994868134e-07
1.077600000000035834e+03,4.264725440312078141e-07
1.077700000000035743e+03,4.227051341433082688e-07
1.077800000000035880e+03,4.189369913436171345e-07
1.077900000000036016e+03,4.151681360705011919e-07
1.078000000000035925e+03,4.113985888149205033e-07
1.078100000000035834e+03,4.064773348733009623e-07
1.078200000000035971e+03,4.015606027285256964e-07
1.078300000000036107e+03,3.966484158099652130e-07
1.078400000000036016e+03,3.917407975581356501e-07
1.078500000000035925e+03,3.868377714245898257e-07
1.078600000000036061e+03,3.819393608718545053e-07
1.078700000000036198e+03,3.770455893733698913e-07
1.078800000000036107e+03,3.721546109250221834e-07
1.078900000000036016e+03,3.672617745927156434e-07
1.079000000000036152e+03,3.623738719948619495e-07
1.079100000000036289e+03,3.569913765445055325e-07
1.079200000000036198e+03,3.516101331613072233e-07
1.079300000000036107e+03,3.462301725160645500e-07
1.079400000000036243e+03,3.408515253344043306e-07
1.079500000000036380e+03,3.354742223967653615e-07
1.079600000000036289e+03,3.300982945383307077e-07
1.079700000000036198e+03,3.247237726489600464e-07
1.079800000000036334e+03,3.193506876731690205e-07
1.079900000000036471e+03,3.139861748205937262e-07
1.080000000000036380e+03,3.086235443996528141e-07
1.080100000000036289e+03,3.029743977585058095e-07
1.080200000000036425e+03,2.973253757023495366e-07
1.080300000000036562e+03,2.916765116075155066e-07
1.080400000000036471e+03,2.860278389231616944e-07
1.080500000000036380e+03,2.803793911712297098e-07
1.080600000000036516e+03,2.747312019464521570e-07
1.080700000000036653e+03,2.690833049163606807e-07
1.080800000000036562e+03,2.634357338212389559e-07
1.080900000000036471e+03,2.577885224740773720e-07
1.081000000000036607e+03,2.521417047606396833e-07
1.081100000000036744e+03,2.466578742996302061e-07
1.081200000000036653e+03,2.411780454102357334e-07
1.081300000000036562e+03,2.357107747083203300e-07
1.081400000000036698e+03,2.302459208380655519e-07
1.081500000000036835e+03,2.247835135421706918e-07
1.081600000000036744e+03,2.193235826079454354e-07
1.081700000000036653e+03,2.138661578672433696e-07
1.081800000000036789e+03,2.084112691964397740e-07
1.081900000000036925e+03,2.029589465164102597e-07
1.082000000000036835e+03,1.975098036397783844e-07
1.082100000000036744e+03,2.022322587362476189e-07
1.082200000000036880e+03,2.069585744981120816e-07
1.082300000000037016e+03,2.116855940159750845e-07
1.082400000000036925e+03,2.164132898921612048e-07
1.082500000000036835e+03,2.211416346508561776e-07
1.082600000000036971e+03,2.258706007380135101e-07
1.082700000000037107e+03,2.306001605212585816e-07
1.082800000000037016e+03,2.353302862898358632e-07
1.082900000000036925e+03,2.400609502545589692e-07
1.083000000000037062e+03,2.447921245477602580e-07
1.083100000000037198e+03,2.496501919468178424e-07
1.083200000000037107e+03,2.545082250363463299e-07
1.083300000000037016e+03,2.593607606602241371e-07
1.083400000000037153e+03,2.642134503219216771e-07
1.083500000000037289e+03,2.690662670589139716e-07
1.083600000000037198e+03,2.739191838354025046e-07
1.083700000000037107e+03,2.787721735422607473e-07
1.083800000000037244e+03,2.836252089969297081e-07
1.083900000000037380e+03,2.884782629433166596e-07
1.084000000000037289e+03,2.933313080517067824e-07
1.084100000000037198e+03,2.981013827859708050e-07
1.084200000000037335e+03,3.028715085266214822e-07
1.084300000000037471e+03,3.076416590611828342e-07
1.084400000000037380e+03,3.124056809567880113e-07
1.084500000000037289e+03,3.171678979424363015e-07
1.084600000000037426e+03,3.219298262548707073e-07
1.084700000000037562e+03,3.266914394283456744e-07
1.084800000000037471e+03,3.314527109288201759e-07
1.084900000000037380e+03,3.362136141539090082e-07
1.085000000000037517e+03,3.409741224327232311e-07
1.085100000000037653e+03,3.455512834736564459e-07
1.085200000000037562e+03,3.501317336423710589e-07
1.085300000000037471e+03,3.547168173891849945e-07
1.085400000000037608e+03,3.593050146954789782e-07
1.085500000000037744e+03,3.639055507327088956e-07
1.085600000000037653e+03,3.685181692952370883e-07
1.085700000000037562e+03,3.731342849865618085e-07
1.085800000000037699e+03,3.777538749484958230e-07
1.085900000000037835e+03,3.823769162175569679e-07
1.086000000000037744e+03,3.870033857245154629e-07
1.086100000000037653e+03,3.910369694976533528e-07
1.086200000000037790e+03,3.950727048109440150e-07
1.086300000000037926e+03,3.991105696506335133e-07
1.086400000000037835e+03,4.031505419185651549e-07
1.086500000000037744e+03,4.071925994320481997e-07
1.086600000000037880e+03,4.112391062626769952e-07
1.086700000000038017e+03,4.152955120979328295e-07
1.086800000000037926e+03,4.193541348988452319e-07
1.086900000000037835e+03,4.234149522755599559e-07
1.087000000000037971e+03,4.274779417504449952e-07
1.087100000000038108e+03,4.309146779912386759e-07
1.087200000000038017e+03,4.343554804720164104e-07
1.087300000000037926e+03,4.378003929570800057e-07
1.087400000000038062e+03,4.412493673926306255e-07
1.087500000000038199e+03,4.447023624304744756e-07
1.087600000000038108e+03,4.481593622255920577e-07
1.087700000000038017e+03,4.516203508390149491e-07
1.087800000000038153e+03,4.550746154991741149e-07
1.087900000000038290e+03,4.585321721820340586e-07
1.088000000000038199e+03,4.619934994695681296e-07
1.088100000000038108e+03,4.644884241471069113e-07
1.088200000000038244e+03,4.669859041876146142e-07
1.088300000000038381e+03,4.694859264940069747e-07
1.088400000000038290e+03,4.719884779018300637e-07
1.088500000000038199e+03,4.744853130603600448e-07
1.088600000000038335e+03,4.769820934068520490e-07
1.088700000000038472e+03,4.794815019843857402e-07
1.088800000000038381e+03,4.819832761538420454e-07
1.088900000000038290e+03,4.844874022571875965e-07
1.089000000000038426e+03,4.869938665689046399e-07
1.089100000000038563e+03,4.885040717021580309e-07
1.089200000000038472e+03,4.900157738895572924e-07
1.089300000000038381e+03,4.915127819555975456e-07
1.089400000000038517e+03,4.930047667591517020e-07
1.089500000000038654e+03,4.944980870740537975e-07
1.089600000000038563e+03,4.959927348526163777e-07
1.089700000000038472e+03,4.974887020052108339e-07
1.089800000000038608e+03,4.989859804001497719e-07
1.089900000000038744e+03,5.004845618635783796e-07
1.090000000000038654e+03,5.019844381789180326e-07
1.090100000000038563e+03,5.023259614310022184e-07
1.090200000000038699e+03,5.026699737249476487e-07
1.090300000000038835e+03,5.030127654715774675e-07
1.090400000000038744e+03,5.033543331113912504e-07
1.090500000000038654e+03,5.036951322643326857e-07
1.090600000000038790e+03,5.040347230824241683e-07
1.090700000000038926e+03,5.043730797489403461e-07
1.090800000000038835e+03,5.047101986936657220e-07
1.090900000000038744e+03,5.050460763446197942e-07
1.091000000000038881e+03,5.053807091276173396e-07
1.091100000000039017e+03,5.045706419339298657e-07
1.091200000000038926e+03,5.037664698393247025e-07
1.091300000000038835e+03,5.029571932239690973e-07
1.091400000000038972e+03,5.021428104601581636e-07
1.091500000000039108e+03,5.013233199688048002e-07
1.091600000000039017e+03,5.004987202196441440e-07
1.091700000000038926e+03,4.996690097314423632e-07
1.091800000000039063e+03,4.988341870722040748e-07
1.091900000000039199e+03,4.979942508593934204e-07
1.092000000000039108e+03,4.971491997596797440e-07
1.092100000000039017e+03,4.951436714140192765e-07
1.092200000000039154e+03,4.931282004347945100e-07
1.092300000000039290e+03,4.911128483731487873e-07
1.092400000000039199e+03,4.890900126700266571e-07
1.092500000000039108e+03,4.870639165421284422e-07
1.092600000000039245e+03,4.850325802896826587e-07
1.092700000000039381e+03,4.829910910241596555e-07
1.092800000000039290e+03,4.809394467074261078e-07
1.092900000000039199e+03,4.788776454088441600e-07
1.093000000000039336e+03,4.768056853053656050e-07
1.093100000000039472e+03,4.737363846269581350e-07
1.093200000000039381e+03,4.706507206180327331e-07
1.093300000000039290e+03,4.675430578348956415e-07
1.093400000000039427e+03,4.644203288284697943e-07
1.093500000000039563e+03,4.612863190776393687e-07
1.093600000000039472e+03,4.581358987271941908e-07
1.093700000000039381e+03,4.549690590164280235e-07
1.093800000000039518e+03,4.517857913535441697e-07
1.093900000000039654e+03,4.485860873165300868e-07
1.094000000000039563e+03,4.453699386536112371e-07
1.094100000000039472e+03,4.411390692571405706e-07
1.094200000000039608e+03,4.368837402939227020e-07
1.094300000000039745e+03,4.326092176076854436e-07
1.094400000000039654e+03,4.283155066384442714e-07
1.094500000000039563e+03,4.239969219780569132e-07
1.094600000000039699e+03,4.196443196137144542e-07
1.094700000000039836e+03,4.152729768106311054e-07
1.094800000000039745e+03,4.108829026040307116e-07
1.094900000000039654e+03,4.064741062464799484e-07
1.095000000000039790e+03,4.020465972084955394e-07
1.095100000000039927e+03,3.971996609937339920e-07
1.095200000000039836e+03,3.923248625927107919e-07
1.095300000000039745e+03,3.874221727231837620e-07
1.095400000000039881e+03,3.824915623514625381e-07
1.095500000000040018e+03,3.775330026939875970e-07
1.095600000000039927e+03,3.725464652188759859e-07
1.095700000000039836e+03,3.675264163502991891e-07
1.095800000000039972e+03,3.624833494231199293e-07
1.095900000000040109e+03,3.574122375374622944e-07
1.096000000000040018e+03,3.523130532849785375e-07
1.096100000000039927e+03,3.466456622096217392e-07
1.096200000000040063e+03,3.409549280411692704e-07
1.096300000000040200e+03,3.352408735382468414e-07
1.096400000000040109e+03,3.295035217292586737e-07
1.096500000000040018e+03,3.237428959130802674e-07
1.096600000000040154e+03,3.179590196598090839e-07
1.096700000000040291e+03,3.121519168115098822e-07
1.096800000000040200e+03,3.063109051417526530e-07
1.096900000000040109e+03,3.004428968405135256e-07
1.097000000000040245e+03,2.945523135002978662e-07
1.097100000000040382e+03,2.888218677051754272e-07
1.097200000000040291e+03,2.830631549915609625e-07
1.097300000000040200e+03,2.772740606489846313e-07
1.097400000000040336e+03,2.714526071258907939e-07
1.097500000000040473e+03,2.656031379085907955e-07
1.097600000000040382e+03,2.597256497030543958e-07
1.097700000000040291e+03,2.538201395058899583e-07
1.097800000000040427e+03,2.478866046055998584e-07
1.097900000000040563e+03,2.419276076357073834e-07
1.098000000000040473e+03,2.359437451447217860e-07
1.098100000000040382e+03,2.419363814933605430e-07
1.098200000000040518e+03,2.479488479221426871e-07
1.098300000000040654e+03,2.539850872653033506e-07
1.098400000000040563e+03,2.600452055512574853e-07
1.098500000000040473e+03,2.661292003269903703e-07
1.098600000000040609e+03,2.722370688826337020e-07
1.098700000000040745e+03,2.783688082503917150e-07
1.098800000000040654e+03,2.845244152035172784e-07
1.098900000000040563e+03,2.907021903302417141e-07
1.099000000000040700e+03,2.968986666480154590e-07
1.099100000000040836e+03,3.032141082742741909e-07
1.099200000000040745e+03,3.095510881226498333e-07
1.099300000000040654e+03,3.159095866608178971e-07
1.099400000000040791e+03,3.222895841024334239e-07
1.099500000000040927e+03,3.286910604063543628e-07
1.099600000000040836e+03,3.351139952759302212e-07
1.099700000000040745e+03,3.415582153157366457e-07
1.099800000000040882e+03,3.480236698871077010e-07
1.099900000000041018e+03,3.545105081848180951e-07
1.100000000000040927e+03,3.610187088214833213e-07
1.100100000000040836e+03,3.675781920201000581e-07
1.100200000000040973e+03,3.741547765222497167e-07
1.100300000000041109e+03,3.807549835026295511e-07
1.100400000000041018e+03,3.873799691257512644e-07
1.100500000000040927e+03,3.940329384338709274e-07
1.100600000000041064e+03,4.007259576712680130e-07
1.100700000000041200e+03,4.074443814454712610e-07
1.100800000000041109e+03,4.141882156012679938e-07
1.100900000000041018e+03,4.209574657327723267e-07
1.101000000000041155e+03,4.277521371820416989e-07
1.101100000000041291e+03,4.341328915403069005e-07
1.101200000000041200e+03,4.405351629475461905e-07
1.101300000000041109e+03,4.469474156273666075e-07
1.101400000000041246e+03,4.533807558808380717e-07
1.101500000000041382e+03,4.598352681528970775e-07
1.101600000000041291e+03,4.663109473755462900e-07
1.101700000000041200e+03,4.728073808356954991e-07
1.101800000000041337e+03,4.793172493405530969e-07
1.101900000000041473e+03,4.858480467800601486e-07
1.102000000000041382e+03,4.923997661017088974e-07
1.102100000000041291e+03,4.980790337419634964e-07
1.102200000000041427e+03,5.037727406984241439e-07
1.102300000000041564e+03,5.094798080247490041e-07
1.102400000000041473e+03,5.151959045955907129e-07
1.102500000000041382e+03,5.209160630822457288e-07
1.102600000000041518e+03,5.266488531095062617e-07
1.102700000000041655e+03,5.323942511051391093e-07
1.102800000000041564e+03,5.381522333330903449e-07
1.102900000000041473e+03,5.439220123991017107e-07
1.103000000000041609e+03,5.496924531472398946e-07
1.103100000000041746e+03,5.548108531845765792e-07
1.103200000000041655e+03,5.599442009396606177e-07
1.103300000000041564e+03,5.650925010915565386e-07
1.103400000000041700e+03,5.702560165110257499e-07
1.103500000000041837e+03,5.754347872526501410e-07
1.103600000000041746e+03,5.806285335446695589e-07
1.103700000000041655e+03,5.858378655265932840e-07
1.103800000000041791e+03,5.910887435286413892e-07
1.103900000000041928e+03,5.963550919653132183e-07
1.104000000000041837e+03,6.016369166940245607e-07
1.104100000000041746e+03,6.053310910640693290e-07
1.104200000000041882e+03,6.090316037517379154e-07
1.104300000000042019e+03,6.127384460509781424e-07
1.104400000000041928e+03,6.164516091742465930e-07
1.104500000000041837e+03,6.201710842522590531e-07
1.104600000000041973e+03,6.238827583211909739e-07
1.104700000000042110e+03,6.276118673451611508e-07
1.104800000000042019e+03,6.313510824692015195e-07
1.104900000000041928e+03,6.350965847035334550e-07
1.105000000000042064e+03,6.388483647984588116e-07
1.105100000000042201e+03,6.409075670539826820e-07
1.105200000000042110e+03,6.429682392124514381e-07
1.105300000000042019e+03,6.450297714757078539e-07
1.105400000000042155e+03,6.471067953113992716e-07
1.105500000000042292e+03,6.491861674264324614e-07
1.105600000000042201e+03,6.512670701145234009e-07
1.105700000000042110e+03,6.533494957433892862e-07
1.105800000000042246e+03,6.554258844296714235e-07
1.105900000000042382e+03,6.574952027315976202e-07
1.106000000000042292e+03,6.595659188710495459e-07
1.106100000000042201e+03,6.601806500476099766e-07
1.106200000000042337e+03,6.608088976350900258e-07
1.106300000000042473e+03,6.614383352529803335e-07
1.106400000000042382e+03,6.620675455081340991e-07
1.106500000000042292e+03,6.626965253221135197e-07
1.106600000000042428e+03,6.633252716067110084e-07
1.106700000000042564e+03,6.639537812639184898e-07
1.106800000000042473e+03,6.645820511859085527e-07
1.106900000000042382e+03,6.652131757563031606e-07
1.107000000000042519e+03,6.658439926397250883e-07
1.107100000000042655e+03,6.645215537676510239e-07
1.107200000000042564e+03,6.631970772672962225e-07
1.107300000000042473e+03,6.618708982613981380e-07
1.107400000000042610e+03,6.605430208427495618e-07
1.107500000000042746e+03,6.592134491218812143e-07
1.107600000000042655e+03,6.578821872270741322e-07
1.107700000000042564e+03,6.565492393043856092e-07
1.107800000000042701e+03,6.552146095176687837e-07
1.107900000000042837e+03,6.538783020486142491e-07
1.108000000000042746e+03,6.525403210959631602e-07
1.108100000000042655e+03,6.493411155876672612e-07
1.108200000000042792e+03,6.461402984697084723e-07
1.108300000000042928e+03,6.429393298544208347e-07
1.108400000000042837e+03,6.397382272767492323e-07
1.108500000000042746e+03,6.365370083046447765e-07
1.108600000000042883e+03,6.333356905390207596e-07
1.108700000000043019e+03,6.301342916137185622e-07
1.108800000000042928e+03,6.269325770321908458e-07
1.108900000000042837e+03,6.237307224405118846e-07
1.109000000000042974e+03,6.205282606039687430e-07
1.109100000000043110e+03,6.154683934281441178e-07
1.109200000000043019e+03,6.104151019609638014e-07
1.109300000000042928e+03,6.053684192817638781e-07
1.109400000000043065e+03,6.003283784754404622e-07
1.109500000000043201e+03,5.952950126322052236e-07
1.109600000000043110e+03,5.902683548473013134e-07
1.109700000000043019e+03,5.852484382207124087e-07
1.109800000000043156e+03,5.802352958569190844e-07
1.109900000000043292e+03,5.752289608646563504e-07
1.110000000000043201e+03,5.702294663560936171e-07
1.110100000000043110e+03,5.640288459541042062e-07
1.110200000000043246e+03,5.578275931678796173e-07
1.110300000000043383e+03,5.516314955709077706e-07
1.110400000000043292e+03,5.454443247255806593e-07
1.110500000000043201e+03,5.392661452787567193e-07
1.110600000000043337e+03,5.330969924450648030e-07
1.110700000000043474e+03,5.269364940605776983e-07
1.110800000000043383e+03,5.207851930288313336e-07
1.110900000000043292e+03,5.146431542532590007e-07
1.111000000000043428e+03,5.085025569233329751e-07
1.111100000000043565e+03,5.012191626616469904e-07
1.111200000000043474e+03,4.939537725744008586e-07
1.111300000000043383e+03,4.867064713046232287e-07
1.111400000000043519e+03,4.794789604919201434e-07
1.111500000000043656e+03,4.722912127863128132e-07
1.111600000000043565e+03,4.651211041803647140e-07
1.111700000000043474e+03,4.579687221045431757e-07
1.111800000000043610e+03,4.508473388186082907e-07
1.111900000000043747e+03,4.437508474404513507e-07
1.112000000000043656e+03,4.366716944201918785e-07
1.112100000000043565e+03,4.289230144505216110e-07
1.112200000000043701e+03,4.211981858612500447e-07
1.112300000000043838e+03,4.134973207300195373e-07
1.112400000000043747e+03,4.058205311982517513e-07
1.112500000000043656e+03,3.981679294701247555e-07
1.112600000000043792e+03,3.905399618408408908e-07
1.112700000000043929e+03,3.829386052607174114e-07
1.112800000000043838e+03,3.753616728548486504e-07
1.112900000000043747e+03,3.678092775657509150e-07
1.113000000000043883e+03,3.602815323965182442e-07
1.113100000000044020e+03,3.524379082857252628e-07
1.113200000000043929e+03,3.446272894316696379e-07
1.113300000000043838e+03,3.368497820199943240e-07
1.113400000000043974e+03,3.291054921923676600e-07
1.113500000000044110e+03,3.213945260453785740e-07
1.113600000000044020e+03,3.137169896293530129e-07
1.113700000000043929e+03,3.060729889471619560e-07
1.113800000000044065e+03,2.984626299531082544e-07
1.113900000000044201e+03,2.908860185517927717e-07
1.114000000000044110e+03,2.833432605996816597e-07
1.114100000000044020e+03,2.820833892433051389e-07
1.114200000000044156e+03,2.808242415065478060e-07
1.114300000000044292e+03,2.795658282148256755e-07
1.114400000000044201e+03,2.783082816807291652e-07
1.114500000000044110e+03,2.770517933655276998e-07
1.114600000000044247e+03,2.757960682268303397e-07
1.114700000000044383e+03,2.745411171627055504e-07
1.114800000000044292e+03,2.732869510884079901e-07
1.114900000000044201e+03,2.720335809363125999e-07
1.115000000000044338e+03,2.707780193782975210e-07
1.115100000000044474e+03,2.755174397335389984e-07
1.115200000000044383e+03,2.802214782524140897e-07
1.115300000000044292e+03,2.848900239844544967e-07
1.115400000000044429e+03,2.895229660071705842e-07
1.115500000000044565e+03,2.941201934272002741e-07
1.115600000000044474e+03,2.986815953815129442e-07
1.115700000000044383e+03,3.032070610386039562e-07
1.115800000000044520e+03,3.076933453072977120e-07
1.115900000000044656e+03,3.121393950599182804e-07
1.116000000000044565e+03,3.165538731825807371e-07
1.116100000000044474e+03,3.209123124261221079e-07
1.116200000000044611e+03,3.252316777664633353e-07
1.116300000000044747e+03,3.295118709306272089e-07
1.116400000000044656e+03,3.337534280158348856e-07
1.116500000000044565e+03,3.379556363840470563e-07
1.116600000000044702e+03,3.421183941980169204e-07
1.116700000000044838e+03,3.462416033637319355e-07
1.116800000000044747e+03,3.503251658908519981e-07
1.116900000000044656e+03,3.543689838939008481e-07
1.117000000000044793e+03,3.583729595934258160e-07
1.117100000000044929e+03,3.623258758026376290e-07
1.117200000000044838e+03,3.662431948248719928e-07
1.117300000000044747e+03,3.701247743672161405e-07
1.117400000000044884e+03,3.739736189402533715e-07
1.117500000000045020e+03,3.777919968160332729e-07
1.117600000000044929e+03,3.815743807860675405e-07
1.117700000000044838e+03,3.853206256430032006e-07
1.117800000000044975e+03,3.890305860649255965e-07
1.117900000000045111e+03,3.927041166164504266e-07
1.118000000000045020e+03,3.963410717496837498e-07
1.118100000000044929e+03,3.995674133907817833e-07
1.118200000000045065e+03,4.027597652498714198e-07
1.118300000000045202e+03,4.059180005023460934e-07
1.118400000000045111e+03,4.090419922465066402e-07
1.118500000000045020e+03,4.121316135045613270e-07
1.118600000000045156e+03,4.151867372235889805e-07
1.118700000000045293e+03,4.182072362765158277e-07
1.118800000000045202e+03,4.211929834631239952e-07
1.118900000000045111e+03,4.241438515110604835e-07
1.119000000000045247e+03,4.270568763556995853e-07
1.119100000000045384e+03,4.293798033207240732e-07
1.119200000000045293e+03,4.316723088641325916e-07
1.119300000000045202e+03,4.339342909133305531e-07
1.119400000000045338e+03,4.361656473603180810e-07
1.119500000000045475e+03,4.383662760624999320e-07
1.119600000000045384e+03,4.405360748435269178e-07
1.119700000000045293e+03,4.426740490990096312e-07
1.119800000000045429e+03,4.447783999592902293e-07
1.119900000000045566e+03,4.468438974723792611e-07
1.120000000000045475e+03,4.488780542258566388e-07
1.120100000000045384e+03,4.502966264108716402e-07
1.120200000000045520e+03,4.516910189457503263e-07
1.120300000000045657e+03,4.530611398746563965e-07
1.120400000000045566e+03,4.544068971564276334e-07
1.120500000000045475e+03,4.557374210863517714e-07
1.120600000000045611e+03,4.570453939459443696e-07
1.120700000000045748e+03,4.583287883412856675e-07
1.120800000000045657e+03,4.595875100766269100e-07
1.120900000000045566e+03,4.608214648647513776e-07
1.121000000000045702e+03,4.620305583272135139e-07
1.121100000000045839e+03,4.624967722360149400e-07
1.121200000000045748e+03,4.629455588550524234e-07
1.121300000000045657e+03,4.633768477473159488e-07
1.121400000000045793e+03,4.637905683805283289e-07
1.121500000000045929e+03,4.641866501274691415e-07
1.121600000000045839e+03,4.645649608374605403e-07
1.121700000000045748e+03,4.649251149495619237e-07
1.121800000000045884e+03,4.652674170854992778e-07
1.121900000000046020e+03,4.655917962922211578e-07
1.122000000000045929e+03,4.658981815232689254e-07
1.122100000000045839e+03,4.653076022024010230e-07
1.122200000000045975e+03,4.647064308916349001e-07
1.122300000000046111e+03,4.640946334890737994e-07
1.122400000000046020e+03,4.634721758595168982e-07
1.122500000000045929e+03,4.628390238346507916e-07
1.122600000000046066e+03,4.621951432132376392e-07
1.122700000000046202e+03,4.615404997613102476e-07
1.122800000000046111e+03,4.608750592123580469e-07
1.122900000000046020e+03,4.601987872675184144e-07
1.123000000000046157e+03,4.595126672786926892e-07
1.123100000000046293e+03,4.577654284803585657e-07
1.123200000000046202e+03,4.560156155348715061e-07
1.123300000000046111e+03,4.542632314337215929e-07
1.123400000000046248e+03,4.525082791852939869e-07
1.123500000000046384e+03,4.507507618149073606e-07
1.123600000000046293e+03,4.489906823648238515e-07
1.123700000000046202e+03,4.472280438942708729e-07
1.123800000000046339e+03,4.454628494794702308e-07
1.123900000000046475e+03,4.436951022136698344e-07
1.124000000000046384e+03,4.419248052069035095e-07
1.124100000000046293e+03,4.395907852119324837e-07
1.124200000000046430e+03,4.372576137783814126e-07
1.124300000000046566e+03,4.349253308515011961e-07
1.124400000000046475e+03,4.325939968185099873e-07
1.124500000000046384e+03,4.302636076534314418e-07
1.124600000000046521e+03,4.279341958364414007e-07
1.124700000000046657e+03,4.256057939581225853e-07
1.124800000000046566e+03,4.232784347195486119e-07
1.124900000000046475e+03,4.209521509323737778e-07
1.125000000000046612e+03,4.186197526231711649e-07
1.125100000000046748e+03,4.153771140640685309e-07
1.125200000000046657e+03,4.121418412850241428e-07
1.125300000000046566e+03,4.089139918588045332e-07
1.125400000000046703e+03,4.056936234845118342e-07
1.125500000000046839e+03,4.024807939875347023e-07
1.125600000000046748e+03,3.992757554252585220e-07
1.125700000000046657e+03,3.960785546478395238e-07
1.125800000000046794e+03,3.928890608875759653e-07
1.125900000000046930e+03,3.897073324966010407e-07
1.126000000000046839e+03,3.865334279528736297e-07
1.126100000000046748e+03,3.826469289163985684e-07
1.126200000000046884e+03,3.787774244517677029e-07
1.126300000000047021e+03,3.749195495528155534e-07
1.126400000000046930e+03,3.710733809959142134e-07
1.126500000000046839e+03,3.672389957117232510e-07
1.126600000000046975e+03,3.634164707850993416e-07
1.126700000000047112e+03,3.596058834549983291e-07
1.126800000000047021e+03,3.558073111143472187e-07
1.126900000000046930e+03,3.520208313099103982e-07
1.127000000000047066e+03,3.482465217419313432e-07
1.127100000000047203e+03,3.439402651301357629e-07
1.127200000000047112e+03,3.396476743902681875e-07
1.127300000000047021e+03,3.353688414341860671e-07
1.127400000000047157e+03,3.311038620319967495e-07
1.127500000000047294e+03,3.268531335078860652e-07
1.127600000000047203e+03,3.226164316042806998e-07
1.127700000000047112e+03,3.183938490732207245e-07
1.127800000000047248e+03,3.141854788668751084e-07
1.127900000000047385e+03,3.099914141375003729e-07
1.128000000000047294e+03,3.058117482371394184e-07
1.128100000000047203e+03,3.011849221599905625e-07
1.128200000000047339e+03,2.965751213823813336e-07
1.128300000000047476e+03,2.919824305384677103e-07
1.128400000000047385e+03,2.874130092215333812e-07
1.128500000000047294e+03,2.828616151514562292e-07
1.128600000000047430e+03,2.783273637431271456e-07
1.128700000000047567e+03,2.738051465303130967e-07
1.128800000000047476e+03,2.692993421469142695e-07
1.128900000000047385e+03,2.648111455904053879e-07
1.129000000000047521e+03,2.603406424334323311e-07
1.129100000000047658e+03,2.556774223244085260e-07
1.129200000000047567e+03,2.510312806075560102e-07
1.129300000000047476e+03,2.464023005044888146e-07
1.129400000000047612e+03,2.417905653531629043e-07
1.129500000000047748e+03,2.371961586076790050e-07
1.129600000000047658e+03,2.326191638380467837e-07
1.129700000000047567e+03,2.280596647299451121e-07
1.129800000000047703e+03,2.235177450845201816e-07
1.129900000000047839e+03,2.189934888181893357e-07
1.130000000000047748e+03,2.144869799624195441e-07
1.130100000000047658e+03,2.100561925485572177e-07
1.130200000000047794e+03,2.056382763252975772e-07
1.130300000000047930e+03,2.012333736800847279e-07
1.130400000000047839e+03,1.968415217191682346e-07
1.130500000000047748e+03,1.924628106810518318e-07
1.130600000000047885e+03,1.880973316786408152e-07
1.130700000000048021e+03,1.837451760401089540e-07
1.130800000000047930e+03,1.794064353089468517e-07
1.130900000000047839e+03,1.750812012440077118e-07
1.131000000000047976e+03,1.707695658213450024e-07
1.131100000000048112e+03,1.701218993770812776e-07
1.131200000000048021e+03,1.694743889004290612e-07
1.131300000000047930e+03,1.688270394731917162e-07
1.131400000000048067e+03,1.681798561891800656e-07
1.131500000000048203e+03,1.675328441542161771e-07
1.131600000000048112e+03,1.668860084861319339e-07
1.131700000000048021e+03,1.662395422334991022e-07
1.131800000000048158e+03,1.656011686400632812e-07
1.131900000000048294e+03,1.649629235241564863e-07
1.132000000000048203e+03,1.643247155730679582e-07
1.132100000000048112e+03,1.673716600530659878e-07
1.132200000000048249e+03,1.704081450939383589e-07
1.132300000000048385e+03,1.734341092067524456e-07
1.132400000000048294e+03,1.764494907725925664e-07
1.132500000000048203e+03,1.794542280425538433e-07
1.132600000000048340e+03,1.824482591377072881e-07
1.132700000000048476e+03,1.854315220490679326e-07
1.132800000000048385e+03,1.884039546375907791e-07
1.132900000000048294e+03,1.913654946341666444e-07
1.133000000000048431e+03,1.943159830329522772e-07
1.133100000000048567e+03,1.973352157992983779e-07
1.133200000000048476e+03,2.003448960212523527e-07
1.133300000000048385e+03,2.033449711351163923e-07
1.133400000000048522e+03,2.063353884781928530e-07
1.133500000000048658e+03,2.093160952887866920e-07
1.133600000000048567e+03,2.122870387062340014e-07
1.133700000000048476e+03,2.152481657709339580e-07
1.133800000000048612e+03,2.181994234243520251e-07
1.133900000000048749e+03,2.211407585090261209e-07
1.134000000000048658e+03,2.240721177685938555e-07
1.134100000000048567e+03,2.269876624823776523e-07
1.134200000000048703e+03,2.298957416289292123e-07
1.134300000000048840e+03,2.327963100401093941e-07
1.134400000000048749e+03,2.356893224545791211e-07
1.134500000000048658e+03,2.385747335177916789e-07
1.134600000000048794e+03,2.414524977819573515e-07
1.134700000000048931e+03,2.443225697060089579e-07
1.134800000000048840e+03,2.471849036555946785e-07
1.134900000000048749e+03,2.500394539030724968e-07
1.135000000000048885e+03,2.528861746274031552e-07
1.135100000000049022e+03,2.555801831507978497e-07
1.135200000000048931e+03,2.582735564523279597e-07
1.135300000000048840e+03,2.609611599056061732e-07
1.135400000000048976e+03,2.636431450028004203e-07
1.135500000000049113e+03,2.663194746710450867e-07
1.135600000000049022e+03,2.689901117580835897e-07
1.135700000000048931e+03,2.716550190322491606e-07
1.135800000000049067e+03,2.743141591824243988e-07
1.135900000000049204e+03,2.769735913750799809e-07
1.136000000000049113e+03,2.796339904037057937e-07
1.136100000000049022e+03,2.819378822817323054e-07
1.136200000000049158e+03,2.842368518987972167e-07
1.136300000000049295e+03,2.865308756873850871e-07
1.136400000000049204e+03,2.888199300482437399e-07
1.136500000000049113e+03,2.911039913504283078e-07
1.136600000000049249e+03,2.933830359313237852e-07
1.136700000000049386e+03,2.956570400966671036e-07
1.136800000000049295e+03,2.979259801205922898e-07
1.136900000000049204e+03,3.001898322456733990e-07
1.137000000000049340e+03,3.024485726828389653e-07
1.137100000000049477e+03,3.044798393548787824e-07
1.137200000000049386e+03,3.065100392766867985e-07
1.137300000000049295e+03,3.085391528048534359e-07
1.137400000000049431e+03,3.105671602343734629e-07
1.137500000000049567e+03,3.125940417985464153e-07
1.137600000000049477e+03,3.146197776688924746e-07
1.137700000000049386e+03,3.166443479550660715e-07
1.137800000000049522e+03,3.186677327047576824e-07
1.137900000000049658e+03,3.206899119035873152e-07
1.138000000000049567e+03,3.227108654747588140e-07
1.138100000000049477e+03,3.241949382913635701e-07
1.138200000000049613e+03,3.256784472883443287e-07
1.138300000000049749e+03,3.271613817780596958e-07
1.138400000000049658e+03,3.286437310438007006e-07
1.138500000000049567e+03,3.301254843397639024e-07
1.138600000000049704e+03,3.316066308910104683e-07
1.138700000000049840e+03,3.330871598934275270e-07
1.138800000000049749e+03,3.345670605137019641e-07
1.138900000000049658e+03,3.360463218892943757e-07
1.139000000000049795e+03,3.375249331281549417e-07
1.139100000000049931e+03,3.385162519968830771e-07
1.139200000000049840e+03,3.395132903319484771e-07
1.139300000000049749e+03,3.405108094527158099e-07
1.139400000000049886e+03,3.415088048935591383e-07
1.139500000000050022e+03,3.425072721710157056e-07
1.139600000000049931e+03,3.435056971883940952e-07
1.139700000000049840e+03,3.444967034436388520e-07
1.139800000000049977e+03,3.454881202346069125e-07
1.139900000000050113e+03,3.464799429811521087e-07
1.140000000000050022e+03,3.474721670851746684e-07
1.140100000000049931e+03,3.476787822837531547e-07
1.140200000000050068e+03,3.478851500061563507e-07
1.140300000000050204e+03,3.480907392129261591e-07
1.140400000000050113e+03,3.482955549538420889e-07
1.140500000000050022e+03,3.485001191283102834e-07
1.140600000000050159e+03,3.487044307835308557e-07
1.140700000000050295e+03,3.489065055175605233e-07
1.140800000000050204e+03,3.490956591034480265e-07
1.140900000000050113e+03,3.492826761181991408e-07
1.141000000000050250e+03,3.494694191583915368e-07
1.141100000000050386e+03,3.490558159300403658e-07
1.141200000000050295e+03,3.486412433916443572e-07
1.141300000000050204e+03,3.482257013769645601e-07
1.141400000000050341e+03,3.478091897227084806e-07
1.141500000000050477e+03,3.473850404527026842e-07
1.141600000000050386e+03,3.469347340416666266e-07
1.141700000000050295e+03,3.464835370051336902e-07
1.141800000000050431e+03,3.460314494499445874e-07
1.141900000000050568e+03,3.455700575237835604e-07
1.142000000000050477e+03,3.450994051905477894e-07
1.142100000000050386e+03,3.439701851481499387e-07
1.142200000000050522e+03,3.428440640558992411e-07
1.142300000000050659e+03,3.417144168593636679e-07
1.142400000000050568e+03,3.405761001659690491e-07
1.142500000000050477e+03,3.394356440067969119e-07
1.142600000000050613e+03,3.382930473321365300e-07
1.142700000000050750e+03,3.371483090953120963e-07
1.142800000000050659e+03,3.360014282526875402e-07
1.142900000000050568e+03,3.348524037636663159e-07
1.143000000000050704e+03,3.337012345903835061e-07
1.143100000000050841e+03,3.319069228142946643e-07
1.143200000000050750e+03,3.301022260305068439e-07
1.143300000000050659e+03,3.282937950706926143e-07
1.143400000000050795e+03,3.264816265923835739e-07
1.143500000000050932e+03,3.246657172545216839e-07
1.143600000000050841e+03,3.228460637174572035e-07
1.143700000000050750e+03,3.210226626429548311e-07
1.143800000000050886e+03,3.191955106942079452e-07
1.143900000000051023e+03,3.173646045358602032e-07
1.144000000000050932e+03,3.155299408337518556e-07
1.144100000000050841e+03,3.131897436951450454e-07
1.144200000000050977e+03,3.108357331633054400e-07
1.144300000000051114e+03,3.084747989625289564e-07
1.144400000000051023e+03,3.061073916485988480e-07
1.144500000000050932e+03,3.037335019995397752e-07
1.144600000000051068e+03,3.013531207890552597e-07
1.144700000000051205e+03,2.989662387865542074e-07
1.144800000000051114e+03,2.965728467571569964e-07
1.144900000000051023e+03,2.941729354616974356e-07
1.145000000000051159e+03,2.917664956564954955e-07
1.145100000000051296e+03,2.888530360114463771e-07
1.145200000000051205e+03,2.859320077085054150e-07
1.145300000000051114e+03,2.830079405643329842e-07
1.145400000000051250e+03,2.800780832522574612e-07
1.145500000000051386e+03,2.771405900967761892e-07
1.145600000000051296e+03,2.742015592580341854e-07
1.145700000000051205e+03,2.712546456768112593e-07
1.145800000000051341e+03,2.682998395372475199e-07
1.145900000000051477e+03,2.653371310226545192e-07
1.146000000000051386e+03,2.623665103153990496e-07
1.146100000000051296e+03,2.591405524560619349e-07
1.146200000000051432e+03,2.559034712726624996e-07
1.146300000000051568e+03,2.526552489032770015e-07
1.146400000000051477e+03,2.493968761344966492e-07
1.146500000000051386e+03,2.461199941558686878e-07
1.146600000000051523e+03,2.428320862348317397e-07
1.146700000000051659e+03,2.395331353072230503e-07
1.146800000000051568e+03,2.362231243010733978e-07
1.146900000000051477e+03,2.329020361366226043e-07
1.147000000000051614e+03,2.295698537263338027e-07
1.147100000000051750e+03,2.261743289737229203e-07
1.147200000000051659e+03,2.227635923454849640e-07
1.147300000000051568e+03,2.193376104856013051e-07
1.147400000000051705e+03,2.158963499989587472e-07
1.147500000000051841e+03,2.124397774513717081e-07
1.147600000000051750e+03,2.089678593695737232e-07
1.147700000000051659e+03,2.054805622412079162e-07
1.147800000000051796e+03,2.019778525148508746e-07
1.147900000000051932e+03,1.984596966000334024e-07
1.148000000000051841e+03,1.949300981497449403e-07
1.148100000000051750e+03,1.757737703173860601e-07
1.148200000000051887e+03,1.565428150138082168e-07
1.148300000000052023e+03,1.372372457008469342e-07
1.148400000000051932e+03,1.178569544353747625e-07
1.148500000000051841e+03,9.840183326573330669e-08
1.148600000000051978e+03,7.887177423207608944e-08
1.148700000000052114e+03,5.926548983992177678e-08
1.148800000000052023e+03,3.958858441137236811e-08
1.148900000000051932e+03,1.983377831212152911e-08
1.149000000000052069e+03,9.876083895547963963e-18
1.149100000000052205e+03,1.901696885750372424e-08
1.149200000000052114e+03,3.813312580710000731e-08
1.149300000000052023e+03,5.734871746336583214e-08
1.149400000000052160e+03,7.666399079011353186e-08
1.149500000000052296e+03,9.607919311034395637e-08
1.149600000000052205e+03,1.155967608518323044e-07
1.149700000000052114e+03,1.352160460973127758e-07
1.149800000000052250e+03,1.549389408846287984e-07
1.149900000000052387e+03,1.747661556082631982e-07
1.150000000000052296e+03,1.946964347420676429e-07
1.150100000000052205e+03,1.987300911599693646e-07
1.150200000000052341e+03,2.027832651008160635e-07
1.150300000000052478e+03,2.068559978777857211e-07
1.150400000000052387e+03,2.109445248422162756e-07
1.150500000000052296e+03,2.150514798883323695e-07
1.150600000000052432e+03,2.191779279720824384e-07
1.150700000000052569e+03,2.233239092309277133e-07
1.150800000000052478e+03,2.274894638396020778e-07
1.150900000000052387e+03,2.316746320101031212e-07
1.151000000000052523e+03,2.358794539916665159e-07
1.151100000000052660e+03,2.401518371406222755e-07
1.151200000000052569e+03,2.444373976515967884e-07
1.151300000000052478e+03,2.487413643154891876e-07
1.151400000000052614e+03,2.530665840421206972e-07
1.151500000000052751e+03,2.574092814074629353e-07
1.151600000000052660e+03,2.617726347067809341e-07
1.151700000000052569e+03,2.661572171768683263e-07
1.151800000000052705e+03,2.705630694525312937e-07
1.151900000000052842e+03,2.749902321989573957e-07
1.152000000000052751e+03,2.794523807769870103e-07
1.152100000000052660e+03,2.839842079403163617e-07
1.152200000000052796e+03,2.885429343383422456e-07
1.152300000000052933e+03,2.931286382471851923e-07
1.152400000000052842e+03,2.977413980822124953e-07
1.152500000000052751e+03,3.023812923981654790e-07
1.152600000000052887e+03,3.070483998892562186e-07
1.152700000000053024e+03,3.117427993892502849e-07
1.152800000000052933e+03,3.164597049089965848e-07
1.152900000000052842e+03,3.212014697326750019e-07
1.153000000000052978e+03,3.259705444791205483e-07
1.153100000000053114e+03,3.303982270682870761e-07
1.153200000000053024e+03,3.348547947702027546e-07
1.153300000000052933e+03,3.393372651877523155e-07
1.153400000000053069e+03,3.438432497862632241e-07
1.153500000000053205e+03,3.483727938530372021e-07
1.153600000000053114e+03,3.529157196404268892e-07
1.153700000000053024e+03,3.574759554258287014e-07
1.153800000000053160e+03,3.620594644389022600e-07
1.153900000000053296e+03,3.666662888616967502e-07
1.154000000000053205e+03,3.712964708982760608e-07
1.154100000000053114e+03,3.756695089534087879e-07
1.154200000000053251e+03,3.800667191910448378e-07
1.154300000000053387e+03,3.844920530880150412e-07
1.154400000000053296e+03,3.889419857238811212e-07
1.154500000000053205e+03,3.934126574150683559e-07
1.154600000000053342e+03,3.979077308079399070e-07
1.154700000000053478e+03,4.024272604141224525e-07
1.154800000000053387e+03,4.069713007973787127e-07
1.154900000000053296e+03,4.115399065735700222e-07
1.155000000000053433e+03,4.161331324103613509e-07
1.155100000000053569e+03,4.203446367435560137e-07
1.155200000000053478e+03,4.245746684278018137e-07
1.155300000000053387e+03,4.288241758981412231e-07
1.155400000000053524e+03,4.330959555054699004e-07
1.155500000000053660e+03,4.373809078886270007e-07
1.155600000000053569e+03,4.416896013123490258e-07
1.155700000000053478e+03,4.460220975318273207e-07
1.155800000000053615e+03,4.503784583911209624e-07
1.155900000000053751e+03,4.547587458231531073e-07
1.156000000000053660e+03,4.591630218493271264e-07
1.156100000000053569e+03,4.628025294650254328e-07
1.156200000000053706e+03,4.664590136352278877e-07
1.156300000000053842e+03,4.701325062333609385e-07
1.156400000000053751e+03,4.738230391518747045e-07
1.156500000000053660e+03,4.775306443021982428e-07
1.156600000000053797e+03,4.813054426929258866e-07
1.156700000000053933e+03,4.851066392401206767e-07
1.156800000000053842e+03,4.889312710527948517e-07
1.156900000000053751e+03,4.927800488906976130e-07
1.157000000000053888e+03,4.966471689414812907e-07
1.157100000000054024e+03,4.998358074457661675e-07
1.157200000000053933e+03,5.030372818171953846e-07
1.157300000000053842e+03,5.062516214811640281e-07
1.157400000000053979e+03,5.094788559012106658e-07
1.157500000000054115e+03,5.127190145789942660e-07
1.157600000000054024e+03,5.159773128489534708e-07
1.157700000000053933e+03,5.192626410250897020e-07
1.157800000000054069e+03,5.225666098112329751e-07
1.157900000000054206e+03,5.258839329141372969e-07
1.158000000000054115e+03,5.292146418763878393e-07
1.158100000000054024e+03,5.315819249690722803e-07
1.158200000000054160e+03,5.339528627330926089e-07
1.158300000000054297e+03,5.363274573672441828e-07
1.158400000000054206e+03,5.387205198414115329e-07
1.158500000000054115e+03,5.411398066591101892e-07
1.158600000000054251e+03,5.435630871251602414e-07
1.158700000000054388e+03,5.459903641956107491e-07
1.158800000000054297e+03,5.484216408230904526e-07
1.158900000000054206e+03,5.508575102581734364e-07
1.159000000000054342e+03,5.532978549256377194e-07
1.159100000000054479e+03,5.548045361951335294e-07
1.159200000000054388e+03,5.562908626579713459e-07
1.159300000000054297e+03,5.577459440487914062e-07
1.159400000000054433e+03,5.591942257969455531e-07
1.159500000000054570e+03,5.606356827194968139e-07
1.159600000000054479e+03,5.620702895996043458e-07
1.159700000000054388e+03,5.634980211865528701e-07
1.159800000000054524e+03,5.649188521957586019e-07
1.159900000000054661e+03,5.663325480154585576e-07
1.160000000000054570e+03,5.677257245269825166e-07
1.160100000000054479e+03,5.681446767808412124e-07
1.160200000000054615e+03,5.685448641783978934e-07
1.160300000000054752e+03,5.689262303987571007e-07
1.160400000000054661e+03,5.692887190558038503e-07
1.160500000000054570e+03,5.696322736982690662e-07
1.160600000000054706e+03,5.699568378098003077e-07
1.160700000000054843e+03,5.702623548090213792e-07
1.160800000000054752e+03,5.705561857265003441e-07
1.160900000000054661e+03,5.708496692532067056e-07
1.161000000000054797e+03,5.711239584785555157e-07
1.161100000000054933e+03,5.705454265656572989e-07
1.161200000000054843e+03,5.699308558771213045e-07
1.161300000000054752e+03,5.692838082697162767e-07
1.161400000000054888e+03,5.686041732893448066e-07
1.161500000000055024e+03,5.678918402952891743e-07
1.161600000000054933e+03,5.671498818418305087e-07
1.161700000000054843e+03,5.663848243980217307e-07
1.161800000000054979e+03,5.655866980557410781e-07
1.161900000000055115e+03,5.647553891446755951e-07
1.162000000000055024e+03,5.638907837969937715e-07
1.162100000000054933e+03,5.620921843324418044e-07
1.162200000000055070e+03,5.602285913891979862e-07
1.162300000000055206e+03,5.582963666732837947e-07
1.162400000000055115e+03,5.563229331453419002e-07
1.162500000000055024e+03,5.543230797981071616e-07
1.162600000000055161e+03,5.522763031929327200e-07
1.162700000000055297e+03,5.501824641060118496e-07
1.162800000000055206e+03,5.480414231357989720e-07
1.162900000000055115e+03,5.458530407031253818e-07
1.163000000000055252e+03,5.436171770509783836e-07
1.163100000000055388e+03,5.407073242284592480e-07
1.163200000000055297e+03,5.377346347568773144e-07
1.163300000000055206e+03,5.346907656998196810e-07
1.163400000000055343e+03,5.315854567241557751e-07
1.163500000000055479e+03,5.284189436094127764e-07
1.163600000000055388e+03,5.251899106181752304e-07
1.163700000000055297e+03,5.218987751308601695e-07
1.163800000000055434e+03,5.185458828334753234e-07
1.163900000000055570e+03,5.151310423880022903e-07
1.164000000000055479e+03,5.116525520281203807e-07
1.164100000000055388e+03,5.075379277092409641e-07
1.164200000000055525e+03,5.033518813373862045e-07
1.164300000000055661e+03,4.990942384754354362e-07
1.164400000000055570e+03,4.947648245335137542e-07
1.164500000000055479e+03,4.903634647692358536e-07
1.164600000000055616e+03,4.858899842879899978e-07
1.164700000000055752e+03,4.813442080432160566e-07
1.164800000000055661e+03,4.767259608366573931e-07
1.164900000000055570e+03,4.720350673186008910e-07
1.165000000000055707e+03,4.672713519881137542e-07
1.165100000000055843e+03,4.623385234393027178e-07
1.165200000000055752e+03,4.573227157686167249e-07
1.165300000000055661e+03,4.522236852653294532e-07
1.165400000000055797e+03,4.470411878747922048e-07
1.165500000000055934e+03,4.417749791984868983e-07
1.165600000000055843e+03,4.364237845220862815e-07
1.165700000000055752e+03,4.309696616927870183e-07
1.165800000000055888e+03,4.254316006124140843e-07
1.165900000000056025e+03,4.198093670914938836e-07
1.166000000000055934e+03,4.141027266212211346e-07
1.166100000000055843e+03,3.748103063952260008e-07
1.166200000000055979e+03,3.350502089828309495e-07
1.166300000000056116e+03,2.948213272943106883e-07
1.166400000000056025e+03,2.541224783266982694e-07
1.166500000000055934e+03,2.129478314611889566e-07
1.166600000000056070e+03,1.713029836030159900e-07
1.166700000000056207e+03,1.291816402985665037e-07
1.166800000000056116e+03,8.658438515161113853e-08
1.166900000000056025e+03,4.352414182641952875e-08
1.167000000000056161e+03,2.277498716637621254e-17
1.167100000000056298e+03,4.079177441747223148e-08
1.167200000000056207e+03,8.206234664756169924e-08
1.167300000000056116e+03,1.238075038732281721e-07
1.167400000000056252e+03,1.660301300832746481e-07
1.167500000000056389e+03,2.087315789213543945e-07
1.167600000000056298e+03,2.519131086689756453e-07
1.167700000000056207e+03,2.955759790615319962e-07
1.167800000000056343e+03,3.397210148336044042e-07
1.167900000000056480e+03,3.843409803066405057e-07
1.168000000000056389e+03,4.294438868648034609e-07
1.168100000000056298e+03,4.396412801016148592e-07
1.168200000000056434e+03,4.499320070236016540e-07
1.168300000000056571e+03,4.603175822349961609e-07
1.168400000000056480e+03,4.707982539268053152e-07
1.168500000000056389e+03,4.813742705956423628e-07
1.168600000000056525e+03,4.920458810435757185e-07
1.168700000000056662e+03,5.028133343779686115e-07
1.168800000000056571e+03,5.136768800114189994e-07
1.168900000000056480e+03,5.246367676616989520e-07
1.169000000000056616e+03,5.356932473515609989e-07
1.169100000000056752e+03,5.467995427324076105e-07
1.169200000000056662e+03,5.579995616001064214e-07
1.169300000000056571e+03,5.692934750149165052e-07
1.169400000000056707e+03,5.806814540948086783e-07
1.169500000000056843e+03,5.921636700150327720e-07
1.169600000000056752e+03,6.037402940077968186e-07
1.169700000000056662e+03,6.153993758623948700e-07
1.169800000000056798e+03,6.271507087750304102e-07
1.169900000000056934e+03,6.389964172260571758e-07
1.170000000000056843e+03,6.509366660979202977e-07
1.170100000000056752e+03,6.629719455769674254e-07
1.170200000000056889e+03,6.751101726866860668e-07
1.170300000000057025e+03,6.873498078045251401e-07
1.170400000000056934e+03,6.996910968369195253e-07
1.170500000000056843e+03,7.121342859353533813e-07
1.170600000000056980e+03,7.246796214960588134e-07
1.170700000000057116e+03,7.373273501597130595e-07
1.170800000000057025e+03,7.500777188112456838e-07
1.170900000000056934e+03,7.629309745796513828e-07
1.171000000000057071e+03,7.758873648373693219e-07
1.171100000000057207e+03,7.883978719334825577e-07
1.171200000000057116e+03,8.010108440525547829e-07
1.171300000000057025e+03,8.137380767715258776e-07
1.171400000000057162e+03,8.265647419725829801e-07
1.171500000000057298e+03,8.394910797173509374e-07
1.171600000000057207e+03,8.525173303369446929e-07
1.171700000000057116e+03,8.656437344319041712e-07
1.171800000000057253e+03,8.788705328720141775e-07
1.171900000000057389e+03,8.921979667961156151e-07
1.172000000000057298e+03,9.056262776115779958e-07
1.172100000000057207e+03,9.183417179577336794e-07
1.172200000000057344e+03,9.311525057341249950e-07
1.172300000000057480e+03,9.440588998827057142e-07
1.172400000000057389e+03,9.571260663002746803e-07
1.172500000000057298e+03,9.702959593235057107e-07
1.172600000000057435e+03,9.835641709807229498e-07
1.172700000000057571e+03,9.969309830192985734e-07
1.172800000000057480e+03,1.010395687640615273e-06
1.172900000000057389e+03,1.023992108039783678e-06
1.173000000000057526e+03,1.037702921399901978e-06
1.173100000000057662e+03,1.049945169088699755e-06
1.173200000000057571e+03,1.062276040951048688e-06
1.173300000000057480e+03,1.074701019995687070e-06
1.173400000000057616e+03,1.087208972922594939e-06
1.173500000000057753e+03,1.099782740005171459e-06
1.173600000000057662e+03,1.112430115557389405e-06
1.173700000000057571e+03,1.125194909322800549e-06
1.173800000000057707e+03,1.138061201951296910e-06
1.173900000000057844e+03,1.151012132837714565e-06
1.174000000000057753e+03,1.164047929520500160e-06
1.174100000000057662e+03,1.174986264735941944e-06
1.174200000000057798e+03,1.185984620559215876e-06
1.174300000000057935e+03,1.197043123013672995e-06
1.174400000000057844e+03,1.208161898247634095e-06
1.174500000000057753e+03,1.219393752069177095e-06
1.174600000000057889e+03,1.230718732128299132e-06
1.174700000000058026e+03,1.242105928042619994e-06
1.174800000000057935e+03,1.253555479137377436e-06
1.174900000000057844e+03,1.265067524898686819e-06
1.175000000000057980e+03,1.276642204972493962e-06
1.175100000000058117e+03,1.286568833598623397e-06
1.175200000000058026e+03,1.296545794049203603e-06
1.175300000000057935e+03,1.306590894774511379e-06
1.175400000000058071e+03,1.316699350922562031e-06
1.175500000000058208e+03,1.326858846816957091e-06
1.175600000000058117e+03,1.337067423859649679e-06
1.175700000000058026e+03,1.347327538462855170e-06
1.175800000000058162e+03,1.357639349442828871e-06
1.175900000000058299e+03,1.368003015958424449e-06
1.176000000000058208e+03,1.378418697509510186e-06
1.176100000000058117e+03,1.385244844562380674e-06
1.176200000000058253e+03,1.392087686808474516e-06
1.176300000000058390e+03,1.398947248656895583e-06
1.176400000000058299e+03,1.405823554532122032e-06
1.176500000000058208e+03,1.412716628874016039e-06
1.176600000000058344e+03,1.419626496137767270e-06
1.176700000000058481e+03,1.426553180793837181e-06
1.176800000000058390e+03,1.433496707327972783e-06
1.176900000000058299e+03,1.440542066938170871e-06
1.177000000000058435e+03,1.447625108375534322e-06
1.177100000000058571e+03,1.452149838983762684e-06
1.177200000000058481e+03,1.456672684421426819e-06
1.177300000000058390e+03,1.461193614472659000e-06
1.177400000000058526e+03,1.465712598835613846e-06
1.177500000000058662e+03,1.470229607122313312e-06
1.177600000000058571e+03,1.474744608858520907e-06
1.177700000000058481e+03,1.479257573483612306e-06
1.177800000000058617e+03,1.483768470350420984e-06
1.177900000000058753e+03,1.488277268725064993e-06
1.178000000000058662e+03,1.492783937784700631e-06
1.178100000000058571e+03,1.493662791758047910e-06
1.178200000000058708e+03,1.494508755049546918e-06
1.178300000000058844e+03,1.495329121785879893e-06
1.178400000000058753e+03,1.496124193667775731e-06
1.178500000000058662e+03,1.496878890643845934e-06
1.178600000000058799e+03,1.497588543806016344e-06
1.178700000000058935e+03,1.498272491580682767e-06
1.178800000000058844e+03,1.498930648330812910e-06
1.178900000000058753e+03,1.499562928271905195e-06
1.179000000000058890e+03,1.500169245469975787e-06
1.179100000000059026e+03,1.497532717490867504e-06
1.179200000000058935e+03,1.494826166298655679e-06
1.179300000000058844e+03,1.492076741946463486e-06
1.179400000000058981e+03,1.489289724647056378e-06
1.179500000000059117e+03,1.486479314615996459e-06
1.179600000000059026e+03,1.483625527075313330e-06
1.179700000000058935e+03,1.480728223677952318e-06
1.179800000000059072e+03,1.477787265811073148e-06
1.179900000000059208e+03,1.474802514595733371e-06
1.180000000000059117e+03,1.471773830884666594e-06
1.180100000000059026e+03,1.465506937784693074e-06
1.180200000000059163e+03,1.459163696378177935e-06
1.180300000000059299e+03,1.452731508978355483e-06
1.180400000000059208e+03,1.446243596192055595e-06
1.180500000000059117e+03,1.439700879087914258e-06
1.180600000000059254e+03,1.433103201148247236e-06
1.180700000000059390e+03,1.426450405584860161e-06
1.180800000000059299e+03,1.419742335338756090e-06
1.180900000000059208e+03,1.412978833079847724e-06
1.181000000000059345e+03,1.406159741205234971e-06
1.181100000000059481e+03,1.396783026851551613e-06
1.181200000000059390e+03,1.387342305432092342e-06
1.181300000000059299e+03,1.377837375062026861e-06
1.181400000000059435e+03,1.368268033417089261e-06
1.181500000000059572e+03,1.358634077732907172e-06
1.181600000000059481e+03,1.348935304804261879e-06
1.181700000000059390e+03,1.339162922176775982e-06
1.181800000000059526e+03,1.329303490135431971e-06
1.181900000000059663e+03,1.319379084065192062e-06
1.182000000000059572e+03,1.309389503472626224e-06
1.182100000000059481e+03,1.296432582444192143e-06
1.182200000000059617e+03,1.283423645239728510e-06
1.182300000000059754e+03,1.270362593659833039e-06
1.182400000000059663e+03,1.257249329405570294e-06
1.182500000000059572e+03,1.244104388260641685e-06
1.182600000000059708e+03,1.230970839732441820e-06
1.182700000000059845e+03,1.217782959307596551e-06
1.182800000000059754e+03,1.204540637348827854e-06
1.182900000000059663e+03,1.191243764091408686e-06
1.183000000000059799e+03,1.177892229642633793e-06
1.183100000000059936e+03,1.163544042637917718e-06
1.183200000000059845e+03,1.149132759796060698e-06
1.183300000000059754e+03,1.134674009900331827e-06
1.183400000000059890e+03,1.120212823527753109e-06
1.183500000000060027e+03,1.105686003854724433e-06
1.183600000000059936e+03,1.091096761522690082e-06
1.183700000000059845e+03,1.076464146934506407e-06
1.183800000000059981e+03,1.061764614723356298e-06
1.183900000000060118e+03,1.046997969053007993e-06
1.184000000000060027e+03,1.032164013631678895e-06
1.184100000000059936e+03,1.016338871360977055e-06
1.184200000000060072e+03,1.000478878522631639e-06
1.184300000000060209e+03,9.845641412810928694e-07
1.184400000000060118e+03,9.685945352233144193e-07
1.184500000000060027e+03,9.525699357138901560e-07
1.184600000000060163e+03,9.364902178948161237e-07
1.184700000000060299e+03,9.203552566852390801e-07
1.184800000000060209e+03,9.041649267810712026e-07
1.184900000000060118e+03,8.879191026545928297e-07
1.185000000000060254e+03,8.716176585123033607e-07
1.185100000000060390e+03,7.856139922837026548e-07
1.185200000000060299e+03,6.993543161873955691e-07
1.185300000000060209e+03,6.128381269245467375e-07
1.185400000000060345e+03,5.260649204525474099e-07
1.185500000000060481e+03,4.390341919846303695e-07
1.185600000000060390e+03,3.517454359887028279e-07
1.185700000000060299e+03,2.641981461861662427e-07
1.185800000000060436e+03,1.763918155515316593e-07
1.185900000000060572e+03,8.832715161278181594e-08
1.186000000000060481e+03,5.619483503389796856e-17
1.186100000000060390e+03,9.301716211353486398e-08
1.186200000000060527e+03,1.862436138783726723e-07
1.186300000000060663e+03,2.796795835413773989e-07
1.186400000000060572e+03,3.733252991843740476e-07
1.186500000000060481e+03,4.671809887796145931e-07
1.186600000000060618e+03,5.612469359825745495e-07
1.186700000000060754e+03,6.555238926479438544e-07
1.186800000000060663e+03,7.500116870872214797e-07
1.186900000000060572e+03,8.447105474256202625e-07
1.187000000000060709e+03,9.396076098947337564e-07
1.187100000000060845e+03,9.561753407642926116e-07
1.187200000000060754e+03,9.727824071294053022e-07
1.187300000000060663e+03,9.894286264573991466e-07
1.187400000000060800e+03,1.006091464067606512e-06
1.187500000000060936e+03,1.022792982349091851e-06
1.187600000000060845e+03,1.039533214121523556e-06
1.187700000000060754e+03,1.056312192092002731e-06
1.187800000000060891e+03,1.073129948854329022e-06
1.187900000000061027e+03,1.089986516888261796e-06
1.188000000000060936e+03,1.106881928558629692e-06
1.188100000000060845e+03,1.123307614094114246e-06
1.188200000000060982e+03,1.139683894083678692e-06
1.188300000000061118e+03,1.156082156448590871e-06
1.188400000000061027e+03,1.172504608476267552e-06
1.188500000000060936e+03,1.188951917827567000e-06
1.188600000000061073e+03,1.205423844806427906e-06
1.188700000000061209e+03,1.221919926894137054e-06
1.188800000000061118e+03,1.238440141683243986e-06
1.188900000000061027e+03,1.254984466541370553e-06
1.189000000000061164e+03,1.271579970446886118e-06
1.189100000000061300e+03,1.287360108270880160e-06
1.189200000000061209e+03,1.303158264579004915e-06
1.189300000000061118e+03,1.318997613017359426e-06
1.189400000000061254e+03,1.334864268099557394e-06
1.189500000000061391e+03,1.350749570176372241e-06
1.189600000000061300e+03,1.366653473460407376e-06
1.189700000000061209e+03,1.382575931867951637e-06
1.189800000000061345e+03,1.398402682673088395e-06
1.189900000000061482e+03,1.414231592735285568e-06
1.190000000000061391e+03,1.430076015056889699e-06
1.190100000000061300e+03,1.444832129772718613e-06
1.190200000000061436e+03,1.459603152394908326e-06
1.190300000000061573e+03,1.474388870002406513e-06
1.190400000000061482e+03,1.489187955999877187e-06
1.190500000000061391e+03,1.504001257105423972e-06
1.190600000000061527e+03,1.518710506278593114e-06
1.190700000000061664e+03,1.533411743837025188e-06
1.190800000000061573e+03,1.548124789020920314e-06
1.190900000000061482e+03,1.562849577893769945e-06
1.191000000000061618e+03,1.577586046200787609e-06
1.191100000000061755e+03,1.590337699743410645e-06
1.191200000000061664e+03,1.603094306835505298e-06
1.191300000000061573e+03,1.615855799727936858e-06
1.191400000000061709e+03,1.628652498275444974e-06
1.191500000000061846e+03,1.641448075903785084e-06
1.191600000000061755e+03,1.654181956311074711e-06
1.191700000000061664e+03,1.666919799326952400e-06
1.191800000000061800e+03,1.679661535564171486e-06
1.191900000000061937e+03,1.692407095365414139e-06
1.192000000000061846e+03,1.705156408801515776e-06
1.192100000000061755e+03,1.715959872245787448e-06
1.192200000000061891e+03,1.726737391049022801e-06
1.192300000000062028e+03,1.737510767503763186e-06
1.192400000000061937e+03,1.748289274433754038e-06
1.192500000000061846e+03,1.759072850954480562e-06
1.192600000000061982e+03,1.769861435908958849e-06
1.192700000000062118e+03,1.780654967866965927e-06
1.192800000000062028e+03,1.791453385124311734e-06
1.192900000000061937e+03,1.802256625702166787e-06
1.193000000000062073e+03,1.813095269504423519e-06
1.193100000000062209e+03,1.821097947280112828e-06
1.193200000000062118e+03,1.829102002494401111e-06
1.193300000000062028e+03,1.837107384675666169e-06
1.193400000000062164e+03,1.845114043150960261e-06
1.193500000000062300e+03,1.853121927045450638e-06
1.193600000000062209e+03,1.861130985281941180e-06
1.193700000000062118e+03,1.869141166580398478e-06
1.193800000000062255e+03,1.877124895312771136e-06
1.193900000000062391e+03,1.885091419343839327e-06
1.194000000000062300e+03,1.893058942358653085e-06
1.194100000000062209e+03,1.897923849069730800e-06
1.194200000000062346e+03,1.902787306289248333e-06
1.194300000000062482e+03,1.907649278062376341e-06
1.194400000000062391e+03,1.912509728311074157e-06
1.194500000000062300e+03,1.917368620833859196e-06
1.194600000000062437e+03,1.922255023332077368e-06
1.194700000000062573e+03,1.927154816090788321e-06
1.194800000000062482e+03,1.932053165685007336e-06
1.194900000000062391e+03,1.936934775618042332e-06
1.195000000000062528e+03,1.941783081431342761e-06
1.195100000000062664e+03,1.943122141686762279e-06
1.195200000000062573e+03,1.944457752325996122e-06
1.195300000000062482e+03,1.945789896972741797e-06
1.195400000000062619e+03,1.947146324340393181e-06
1.195500000000062755e+03,1.948516048082792644e-06
1.195600000000062664e+03,1.949882318196693099e-06
1.195700000000062573e+03,1.951245117905017144e-06
1.195800000000062710e+03,1.952604430388702920e-06
1.195900000000062846e+03,1.953960238786603735e-06
1.196000000000062755e+03,1.955310390017491166e-06
1.196100000000062664e+03,1.953798343834213802e-06
1.196200000000062801e+03,1.952254689769787980e-06
1.196300000000062937e+03,1.950687087906422319e-06
1.196400000000062846e+03,1.949114063283586190e-06
1.196500000000062755e+03,1.947535615375016329e-06
1.196600000000062892e+03,1.945951743688450222e-06
1.196700000000063028e+03,1.944362447765774758e-06
1.196800000000062937e+03,1.942767727183140155e-06
1.196900000000062846e+03,1.941167581551095488e-06
1.197000000000062983e+03,1.939537773412586715e-06
1.197100000000063119e+03,1.933849269161379170e-06
1.197200000000063028e+03,1.928155984169107182e-06
1.197300000000062937e+03,1.922457943820367318e-06
1.197400000000063073e+03,1.916755173600957520e-06
1.197500000000063210e+03,1.911047699098079130e-06
1.197600000000063119e+03,1.905335546000523443e-06
1.197700000000063028e+03,1.899618740098847469e-06
1.197800000000063164e+03,1.893919306127766375e-06
1.197900000000063301e+03,1.888236377974652979e-06
1.198000000000063210e+03,1.882548614860133722e-06
1.198100000000063119e+03,1.873955570604125025e-06
1.198200000000063255e+03,1.865353467757720140e-06
1.198300000000063392e+03,1.856807726239802464e-06
1.198400000000063301e+03,1.848321652036381687e-06
1.198500000000063210e+03,1.839825398144209225e-06
1.198600000000063346e+03,1.831294271655665775e-06
1.198700000000063483e+03,1.822727126312561372e-06
1.198800000000063392e+03,1.814150392919222146e-06
1.198900000000063301e+03,1.805564111455608500e-06
1.199000000000063437e+03,1.796968322111992768e-06
1.199100000000063574e+03,1.784682212755258510e-06
1.199200000000063483e+03,1.772393666355740565e-06
1.199300000000063392e+03,1.760102749396868828e-06
1.199400000000063528e+03,1.747835394998025762e-06
1.199500000000063665e+03,1.735621490109298145e-06
1.199600000000063574e+03,1.723403233406742325e-06
1.199700000000063483e+03,1.711181119949736787e-06
1.199800000000063619e+03,1.698955839808458810e-06
1.199900000000063756e+03,1.686727460246612122e-06
1.200000000000063665e+03,1.674496048729473539e-06
1.200100000000063574e+03,1.660599655276946898e-06
1.200200000000063710e+03,1.646685208941649457e-06
1.200300000000063847e+03,1.632752770086956662e-06
1.200400000000063756e+03,1.618802399453368016e-06
1.200500000000063665e+03,1.604834158159602289e-06
1.200600000000063801e+03,1.590883709432630307e-06
1.200700000000063937e+03,1.576917795017485470e-06
1.200800000000063847e+03,1.562933515884880099e-06
1.200900000000063756e+03,1.548930933399213811e-06
1.201000000000063892e+03,1.534897693078264900e-06
1.201100000000064028e+03,1.518996219827430837e-06
1.201200000000063937e+03,1.503071748523199189e-06
1.201300000000063847e+03,1.487124342233242929e-06
1.201400000000063983e+03,1.471154243197391844e-06
1.201500000000064119e+03,1.455162546162559320e-06
1.201600000000064028e+03,1.439148075385741475e-06
1.201700000000063937e+03,1.423155256885931760e-06
1.201800000000064074e+03,1.407183372675447876e-06
1.201900000000064210e+03,1.391230479184655553e-06
1.202000000000064119e+03,1.375252047574528893e-06
1.202100000000064028e+03,1.357866106821720458e-06
1.202200000000064165e+03,1.340453920347859750e-06
1.202300000000064301e+03,1.323015549042515388e-06
1.202400000000064210e+03,1.305551054243430439e-06
1.202500000000064119e+03,1.288060497737913462e-06
1.202600000000064256e+03,1.270576087202211255e-06
1.202700000000064392e+03,1.253147796925196585e-06
1.202800000000064301e+03,1.235690424338775141e-06
1.202900000000064210e+03,1.218204025666166563e-06
1.203000000000064347e+03,1.200688657610092460e-06
1.203100000000064483e+03,1.182948452802632047e-06
1.203200000000064392e+03,1.165166146851388489e-06
1.203300000000064301e+03,1.147341064996676667e-06
1.203400000000064438e+03,1.129522702189071015e-06
1.203500000000064574e+03,1.111815736193793518e-06
1.203600000000064483e+03,1.094060211662501965e-06
1.203700000000064392e+03,1.076256122874578292e-06
1.203800000000064529e+03,1.058403464614170005e-06
1.203900000000064665e+03,1.040502232172991104e-06
1.204000000000064574e+03,1.022552421299605773e-06
1.204100000000064483e+03,9.217650223238739225e-07
1.204200000000064620e+03,8.206560426624880065e-07
1.204300000000064756e+03,7.192336468529853718e-07
1.204400000000064665e+03,6.174806213526313804e-07
1.204500000000064574e+03,5.153966198644484612e-07
1.204600000000064711e+03,4.129812981889705422e-07
1.204700000000064847e+03,3.102343142405231296e-07
1.204800000000064756e+03,2.071553280626418482e-07
1.204900000000064665e+03,1.037440018435549334e-07
1.205000000000064801e+03,6.424844624763588736e-17
1.205100000000064938e+03,9.931598021426698394e-08
1.205200000000064847e+03,1.989709919340382219e-07
1.205300000000064756e+03,2.989655242988136351e-07
1.205400000000064892e+03,3.993000651661544657e-07
1.205500000000065029e+03,4.999751011634763772e-07
1.205600000000064938e+03,6.009911176764597939e-07
1.205700000000064847e+03,7.023485988374003123e-07
1.205800000000064983e+03,8.040368200751006914e-07
1.205900000000065120e+03,9.059739057717051256e-07
1.206000000000065029e+03,1.008230569500758859e-06
1.206100000000064938e+03,1.026359556039250307e-06
1.206200000000065074e+03,1.044537103957651355e-06
1.206300000000065211e+03,1.062763261619640645e-06
1.206400000000065120e+03,1.081038077216831392e-06
1.206500000000065029e+03,1.099361598767712380e-06
1.206600000000065165e+03,1.117733874116428875e-06
1.206700000000065302e+03,1.136154950931536636e-06
1.206800000000065211e+03,1.154624876704946086e-06
1.206900000000065120e+03,1.173143698750840235e-06
1.207000000000065256e+03,1.191712188097371855e-06
1.207100000000065393e+03,1.210692982874410814e-06
1.207200000000065302e+03,1.229732929533949213e-06
1.207300000000065211e+03,1.248832129079615578e-06
1.207400000000065347e+03,1.267990682514513488e-06
1.207500000000065484e+03,1.287208690840387665e-06
1.207600000000065393e+03,1.306486255056977910e-06
1.207700000000065302e+03,1.325823476161378735e-06
1.207800000000065438e+03,1.345220455147199961e-06
1.207900000000065575e+03,1.364677293003740434e-06
1.208000000000065484e+03,1.384194090715318870e-06
1.208100000000065393e+03,1.403772815760002823e-06
1.208200000000065529e+03,1.423423554873053480e-06
1.208300000000065666e+03,1.443178950275275212e-06
1.208400000000065575e+03,1.463007397541757671e-06
1.208500000000065484e+03,1.482805695252694944e-06
1.208600000000065620e+03,1.502670451203555242e-06
1.208700000000065756e+03,1.522605897308448682e-06
1.208800000000065666e+03,1.542612402176454061e-06
1.208900000000065575e+03,1.562691216857394268e-06
1.209000000000065711e+03,1.582841253385717996e-06
1.209100000000065847e+03,1.602132768463750482e-06
1.209200000000065756e+03,1.621492025874493580e-06
1.209300000000065666e+03,1.640921520808214870e-06
1.209400000000065802e+03,1.660421430450051727e-06
1.209500000000065938e+03,1.679991424437942743e-06
1.209600000000065847e+03,1.699656536676587149e-06
1.209700000000065756e+03,1.719406389632686594e-06
1.209800000000065893e+03,1.739228229940188173e-06
1.209900000000066029e+03,1.759010596720220380e-06
1.210000000000065938e+03,1.778854333142786745e-06
1.210100000000065847e+03,1.797187070291657187e-06
1.210200000000065984e+03,1.815584466451370739e-06
1.210300000000066120e+03,1.834046685618646587e-06
1.210400000000066029e+03,1.852573892121891014e-06
1.210500000000065938e+03,1.871166250621829910e-06
1.210600000000066075e+03,1.889823926111965757e-06
1.210700000000066211e+03,1.908272184860969507e-06
1.210800000000066120e+03,1.926796797498103280e-06
1.210900000000066029e+03,1.945382124426880884e-06
1.211000000000066166e+03,1.964028305851703312e-06
1.211100000000066302e+03,1.981168867698435010e-06
1.211200000000066211e+03,1.998373615284096867e-06
1.211300000000066120e+03,2.015642729545044646e-06
1.211400000000066257e+03,2.032976391842704048e-06
1.211500000000066393e+03,2.050335001411009079e-06
1.211600000000066302e+03,2.067750878236463467e-06
1.211700000000066211e+03,2.085231047287045097e-06
1.211800000000066348e+03,2.102794075863964934e-06
1.211900000000066484e+03,2.120557145620725170e-06
1.212000000000066393e+03,2.138387603565157918e-06
1.212100000000066302e+03,2.153563219135283125e-06
1.212200000000066439e+03,2.168795307711793458e-06
1.212300000000066575e+03,2.184164977248608504e-06
1.212400000000066484e+03,2.199611277385145684e-06
1.212500000000066393e+03,2.215115951444667020e-06
1.212600000000066530e+03,2.230679169240620266e-06
1.212700000000066666e+03,2.246301100997945589e-06
1.212800000000066575e+03,2.261981917354009852e-06
1.212900000000066484e+03,2.277721789359525220e-06
1.213000000000066620e+03,2.293567406412435671e-06
1.213100000000066757e+03,2.306834092723994726e-06
1.213200000000066666e+03,2.320200582205946351e-06
1.213300000000066575e+03,2.333619996595823403e-06
1.213400000000066711e+03,2.347092504981409072e-06
1.213500000000066848e+03,2.360618276908712316e-06
1.213600000000066757e+03,2.374197482383088480e-06
1.213700000000066666e+03,2.387830291870393810e-06
1.213800000000066802e+03,2.401516876298007390e-06
1.213900000000066939e+03,2.415216887579362629e-06
1.214000000000066848e+03,2.428955962895288920e-06
1.214100000000066757e+03,2.439414957050346195e-06
1.214200000000066893e+03,2.449911251841509747e-06
1.214300000000067030e+03,2.460444960137289026e-06
1.214400000000066939e+03,2.471016195099630261e-06
1.214500000000066848e+03,2.481625070184641937e-06
1.214600000000066984e+03,2.492271699143193234e-06
1.214700000000067121e+03,2.502956196021542939e-06
1.214800000000067030e+03,2.513678675162017926e-06
1.214900000000066939e+03,2.524439251203769553e-06
1.215000000000067075e+03,2.535238039081440010e-06
1.215100000000067212e+03,2.543206284730196174e-06
1.215200000000067121e+03,2.551213486235151836e-06
1.215300000000067030e+03,2.559287021833891267e-06
1.215400000000067166e+03,2.567382797292744684e-06
1.215500000000067303e+03,2.575500866283895075e-06
1.215600000000067212e+03,2.583641282592675899e-06
1.215700000000067121e+03,2.591804100117804446e-06
1.215800000000067257e+03,2.599989372871552515e-06
1.215900000000067394e+03,2.608197154979939532e-06
1.216000000000067303e+03,2.616427500679488845e-06
1.216100000000067212e+03,2.619535944357455124e-06
1.216200000000067348e+03,2.622635625861072144e-06
1.216300000000067485e+03,2.625729990367136119e-06
1.216400000000067394e+03,2.629004515332727369e-06
1.216500000000067303e+03,2.632269870085089069e-06
1.216600000000067439e+03,2.635525878422946492e-06
1.216700000000067575e+03,2.638757619524462199e-06
1.216800000000067485e+03,2.641950100206970498e-06
1.216900000000067394e+03,2.645132917601363074e-06
1.217000000000067530e+03,2.648306002029145641e-06
1.217100000000067666e+03,2.648542943733878405e-06
1.217200000000067575e+03,2.648715652863426602e-06
1.217300000000067485e+03,2.648849127656461508e-06
1.217400000000067621e+03,2.648943137353173192e-06
1.217500000000067757e+03,2.649043270560497807e-06
1.217600000000067666e+03,2.649121362297339863e-06
1.217700000000067575e+03,2.649159278207012167e-06
1.217800000000067712e+03,2.649156781085233335e-06
1.217900000000067848e+03,2.649146443791840481e-06
1.218000000000067757e+03,2.649122784473639471e-06
1.218100000000067666e+03,2.645101459373677254e-06
1.218200000000067803e+03,2.641003263856369238e-06
1.218300000000067939e+03,2.636828672569438368e-06
1.218400000000067848e+03,2.632577281006478601e-06
1.218500000000067757e+03,2.628248683199887262e-06
1.218600000000067894e+03,2.623842471716766254e-06
1.218700000000068030e+03,2.619418989972352767e-06
1.218800000000067939e+03,2.614974711205942732e-06
1.218900000000067848e+03,2.610448388208449946e-06
1.219000000000067985e+03,2.605842388896228753e-06
1.219100000000068121e+03,2.598567671325345491e-06
1.219200000000068030e+03,2.591170726150258742e-06
1.219300000000067939e+03,2.583650820943811796e-06
1.219400000000068076e+03,2.576007220166505419e-06
1.219500000000068212e+03,2.568239185155843880e-06
1.219600000000068121e+03,2.560345974115561110e-06
1.219700000000068030e+03,2.552317134591060656e-06
1.219800000000068167e+03,2.544110317286891297e-06
1.219900000000068303e+03,2.535776490793493674e-06
1.220000000000068212e+03,2.527314909758443158e-06
1.220100000000068121e+03,2.514938570817296790e-06
1.220200000000068258e+03,2.502403053216994090e-06
1.220300000000068394e+03,2.489707542047176878e-06
1.220400000000068303e+03,2.476851219510453529e-06
1.220500000000068212e+03,2.463833264914384761e-06
1.220600000000068349e+03,2.450652854663502898e-06
1.220700000000068485e+03,2.437309162251361192e-06
1.220800000000068394e+03,2.423801358252422636e-06
1.220900000000068303e+03,2.410027144612935492e-06
1.221000000000068439e+03,2.396074345729693711e-06
1.221100000000068576e+03,2.380668378048976915e-06
1.221200000000068485e+03,2.365083132771643023e-06
1.221300000000068394e+03,2.349284002332898231e-06
1.221400000000068530e+03,2.333269734031423515e-06
1.221500000000068667e+03,2.317039069914540373e-06
1.221600000000068576e+03,2.300590746760322756e-06
1.221700000000068485e+03,2.283923496059617099e-06
1.221800000000068621e+03,2.267036043998185178e-06
1.221900000000068758e+03,2.249927111438782158e-06
1.222000000000068667e+03,2.232499513151087007e-06
1.222100000000068576e+03,2.213217246586176794e-06
1.222200000000068712e+03,2.193686223292243263e-06
1.222300000000068849e+03,2.173905076043974398e-06
1.222400000000068758e+03,2.153872432307631974e-06
1.222500000000068667e+03,2.133586914224464113e-06
1.222600000000068803e+03,2.113047138594214821e-06
1.222700000000068940e+03,2.092251716858618706e-06
1.222800000000068849e+03,2.071199255084663605e-06
1.222900000000068758e+03,2.049888353947803241e-06
1.223000000000068894e+03,2.028317608715217308e-06
1.223100000000069031e+03,2.006322779172862806e-06
1.223200000000068940e+03,1.984008538705923432e-06
1.223300000000068849e+03,1.961406418369876168e-06
1.223400000000068985e+03,1.938514808531129981e-06
1.223500000000069122e+03,1.915332093189729406e-06
1.223600000000069031e+03,1.891856649959076581e-06
1.223700000000068940e+03,1.868086850045541682e-06
1.223800000000069076e+03,1.844021058228253983e-06
1.223900000000069213e+03,1.819657632838849513e-06
1.224000000000069122e+03,1.794994925640348524e-06
1.224100000000069031e+03,1.623760789274063207e-06
1.224200000000069167e+03,1.450721801810356134e-06
1.224300000000069303e+03,1.276021042755382535e-06
1.224400000000069213e+03,1.099482257921564783e-06
1.224500000000069122e+03,9.210444072354643524e-07
1.224600000000069258e+03,7.406969854291034272e-07
1.224700000000069394e+03,5.584294449813053510e-07
1.224800000000069303e+03,3.742311959791515354e-07
1.224900000000069213e+03,1.880916059790169966e-07
1.225000000000069349e+03,0.000000000000000000e+00
1.225100000000069485e+03,0.000000000000000000e+00
1.225200000000069394e+03,0.000000000000000000e+00
1.225300000000069303e+03,0.000000000000000000e+00
1.225400000000069440e+03,0.000000000000000000e+00
1.225500000000069576e+03,0.000000000000000000e+00
1.225600000000069485e+03,0.000000000000000000e+00
1.225700000000069394e+03,0.000000000000000000e+00
1.225800000000069531e+03,0.000000000000000000e+00
1.225900000000069667e+03,0.000000000000000000e+00
1.226000000000069576e+03,1.589155777369567660e-16
1.226100000000069485e+03,2.297158158455106778e-07
1.226200000000069622e+03,4.620641924485302127e-07
1.226300000000069758e+03,6.970603980735257262e-07
1.226400000000069667e+03,9.347197651056262156e-07
1.226500000000069576e+03,1.175016695547119834e-06
1.226600000000069713e+03,1.417937306584369961e-06
1.226700000000069849e+03,1.663527245114148363e-06
1.226800000000069758e+03,1.911766340672165044e-06
1.226900000000069667e+03,2.162697921152929296e-06
1.227000000000069804e+03,2.416336935192604171e-06
1.227100000000069940e+03,2.463074210534437150e-06
1.227200000000069849e+03,2.510228895460002855e-06
1.227300000000069758e+03,2.557803040584713524e-06
1.227400000000069895e+03,2.605798703785374197e-06
1.227500000000070031e+03,2.654217950220432312e-06
1.227600000000069940e+03,2.703050196715281390e-06
1.227700000000069849e+03,2.752256956257420961e-06
1.227800000000069986e+03,2.801891176062193377e-06
1.227900000000070122e+03,2.851954920273445024e-06
1.228000000000070031e+03,2.902450260229494409e-06
1.228100000000069940e+03,2.954019637089345867e-06
1.228200000000070077e+03,3.006063350131476178e-06
1.228300000000070213e+03,3.058581022052183805e-06
1.228400000000070122e+03,3.111510149980917150e-06
1.228500000000070031e+03,3.164918810047448051e-06
1.228600000000070168e+03,3.218809531988298086e-06
1.228700000000070304e+03,3.273184855446952255e-06
1.228800000000070213e+03,3.328047330005781108e-06
1.228900000000070122e+03,3.383399515218082307e-06
1.229000000000070258e+03,3.439243980637812331e-06
1.229100000000070395e+03,3.492840181823982854e-06
1.229200000000070304e+03,3.546882197101535516e-06
1.229300000000070213e+03,3.601371989569894225e-06
1.229400000000070349e+03,3.656311528340567317e-06
1.229500000000070486e+03,3.711702788550920736e-06
1.229600000000070395e+03,3.767547751378622912e-06
1.229700000000070304e+03,3.823848404055985873e-06
1.229800000000070440e+03,3.880606739883899786e-06
1.229900000000070577e+03,3.938003622323978285e-06
1.230000000000070486e+03,3.995971441313103611e-06
1.230100000000070395e+03,4.053273357181780502e-06
1.230200000000070531e+03,4.111066591973183206e-06
1.230300000000070668e+03,4.169353621442993627e-06
1.230400000000070577e+03,4.228136930519028056e-06
1.230500000000070486e+03,4.287419013328858913e-06
1.230600000000070622e+03,4.347202373226990108e-06
1.230700000000070759e+03,4.407489522822059500e-06
1.230800000000070668e+03,4.468282984004655463e-06
1.230900000000070577e+03,4.529585287975257960e-06
1.231000000000070713e+03,4.591437797295430257e-06
1.231100000000070850e+03,4.649123517478414117e-06
1.231200000000070759e+03,4.707263451966124401e-06
1.231300000000070668e+03,4.765859671477503289e-06
1.231400000000070804e+03,4.824914253499000761e-06
1.231500000000070941e+03,4.884429282301560147e-06
1.231600000000070850e+03,4.944307009578476649e-06
1.231700000000070759e+03,5.004634119356649265e-06
1.231800000000070895e+03,5.065425192037694381e-06
1.231900000000071032e+03,5.126682307286562955e-06
1.232000000000070941e+03,5.188407551446202689e-06
1.232100000000070850e+03,5.247027336548094657e-06
1.232200000000070986e+03,5.306796444151800981e-06
1.232300000000071122e+03,5.367032731111554098e-06
1.232400000000071032e+03,5.427948258207520197e-06
1.232500000000070941e+03,5.489378231676840132e-06
1.232600000000071077e+03,5.551288212623354118e-06
1.232700000000071213e+03,5.613680682079225689e-06
1.232800000000071122e+03,5.676558130910338862e-06
1.232900000000071032e+03,5.739918337779854565e-06
1.233000000000071168e+03,5.803759072930771471e-06
1.233100000000071304e+03,5.861529022804755148e-06
1.233200000000071213e+03,5.919709029848657429e-06
1.233300000000071122e+03,5.978188385402500213e-06
1.233400000000071259e+03,6.037050268968905520e-06
1.233500000000071395e+03,6.096325543196719579e-06
1.233600000000071304e+03,6.156016234465872602e-06
1.233700000000071213e+03,6.216124376932302898e-06
1.233800000000071350e+03,6.276652012552536921e-06
1.233900000000071486e+03,6.337601191108310822e-06
1.234000000000071395e+03,6.399086300697923094e-06
1.234100000000071304e+03,6.452763578213420209e-06
1.234200000000071441e+03,6.506759199498987128e-06
1.234300000000071577e+03,6.561074585349461425e-06
1.234400000000071486e+03,6.615146732648624052e-06
1.234500000000071395e+03,6.668995148958013523e-06
1.234600000000071532e+03,6.723149684664565400e-06
1.234700000000071668e+03,6.777611629455383401e-06
1.234800000000071577e+03,6.832610119347870069e-06
1.234900000000071486e+03,6.888005891406823399e-06
1.235000000000071623e+03,6.943718012596738752e-06
1.235100000000071759e+03,6.989761128195476568e-06
1.235200000000071668e+03,7.035989074821212018e-06
1.235300000000071577e+03,7.082402439375965107e-06
1.235400000000071714e+03,7.129001810349198920e-06
1.235500000000071850e+03,7.175708247350479070e-06
1.235600000000071759e+03,7.222681069855494112e-06
1.235700000000071668e+03,7.269993151558494662e-06
1.235800000000071805e+03,7.317495586337112027e-06
1.235900000000071941e+03,7.365188982554301183e-06
1.236000000000071850e+03,7.413073950224838082e-06
1.236100000000071759e+03,7.449019654719460994e-06
1.236200000000071896e+03,7.485000480593778100e-06
1.236300000000072032e+03,7.521016217436631434e-06
1.236400000000071941e+03,7.557291950729637850e-06
1.236500000000071850e+03,7.593723030870819888e-06
1.236600000000071987e+03,7.630191635770057620e-06
1.236700000000072123e+03,7.666870541984450484e-06
1.236800000000072032e+03,7.703596607180480171e-06
1.236900000000071941e+03,7.740361270844227517e-06
1.237000000000072077e+03,7.777164320170765237e-06
1.237100000000072214e+03,7.803709211467669746e-06
1.237200000000072123e+03,7.830259809286616065e-06
1.237300000000072032e+03,7.856774262828731018e-06
1.237400000000072168e+03,7.883183683788462702e-06
1.237500000000072305e+03,7.909486997771087536e-06
1.237600000000072214e+03,7.935683125463944277e-06
1.237700000000072123e+03,7.961770982620287870e-06
1.237800000000072259e+03,7.988258126433973270e-06
1.237900000000072396e+03,8.014885514799078903e-06
1.238000000000072305e+03,8.041300525041680466e-06
1.238100000000072214e+03,8.057213494661352894e-06
1.238200000000072350e+03,8.072864125456155639e-06
1.238300000000072487e+03,8.088250197325132533e-06
1.238400000000072396e+03,8.103370911141898595e-06
1.238500000000072305e+03,8.118228918965502067e-06
1.238600000000072441e+03,8.132813235495628756e-06
1.238700000000072578e+03,8.147122890120781942e-06
1.238800000000072487e+03,8.161156736419374134e-06
1.238900000000072396e+03,8.174988370099957967e-06
1.239000000000072532e+03,8.188657173295996107e-06
1.239100000000072669e+03,8.190868714987165671e-06
1.239200000000072578e+03,8.192638670975665923e-06
1.239300000000072487e+03,8.193963586236817354e-06
1.239400000000072623e+03,8.194839988741279700e-06
1.239500000000072760e+03,8.195264389389537334e-06
1.239600000000072669e+03,8.195046915196859275e-06
1.239700000000072578e+03,8.194185321331104170e-06
1.239800000000072714e+03,8.192861319466193299e-06
1.239900000000072851e+03,8.191071414978997377e-06
1.240000000000072760e+03,8.188724959653715104e-06
1.240100000000072669e+03,8.171319916734605255e-06
1.240200000000072805e+03,8.153311436076444635e-06
1.240300000000072941e+03,8.134701163879538155e-06
1.240400000000072851e+03,8.115482436314602307e-06
1.240500000000072760e+03,8.095649092725669044e-06
1.240600000000072896e+03,8.075197388805707528e-06
1.240700000000073032e+03,8.054123565555287200e-06
1.240800000000072941e+03,8.032423849237788370e-06
1.240900000000072851e+03,8.010094451334589093e-06
1.241000000000072987e+03,7.987131568493240305e-06
1.241100000000073123e+03,7.953698835373648130e-06
1.241200000000073032e+03,7.919676752173445360e-06
1.241300000000072941e+03,7.884934489367223249e-06
1.241400000000073078e+03,7.849436136855490970e-06
1.241500000000073214e+03,7.813177160314531446e-06
1.241600000000073123e+03,7.776153007370370743e-06
1.241700000000073032e+03,7.738359107542270803e-06
1.241800000000073169e+03,7.699790872186256069e-06
1.241900000000073305e+03,7.660443694438596053e-06
1.242000000000073214e+03,7.620312949153810150e-06
1.242100000000073123e+03,7.572478448525797910e-06
1.242200000000073260e+03,7.523771657847618102e-06
1.242300000000073396e+03,7.473798639072303746e-06
1.242400000000073305e+03,7.422634930789884651e-06
1.242500000000073214e+03,7.370592635734438408e-06
1.242600000000073351e+03,7.317666566085935195e-06
1.242700000000073487e+03,7.263851513163832061e-06
1.242800000000073396e+03,7.209198888021588048e-06
1.242900000000073305e+03,7.153751556317936402e-06
1.243000000000073442e+03,7.097396908394776030e-06
1.243100000000073578e+03,7.034303255242188940e-06
1.243200000000073487e+03,6.970279743273698253e-06
1.243300000000073396e+03,6.905321139637988927e-06
1.243400000000073533e+03,6.839465931625613971e-06
1.243500000000073669e+03,6.772780251225745523e-06
1.243600000000073578e+03,6.706263753661342759e-06
1.243700000000073487e+03,6.641255297776972515e-06
1.243800000000073624e+03,6.575207062091336148e-06
1.243900000000073760e+03,6.508112016796963098e-06
1.244000000000073669e+03,6.439963098151446035e-06
1.244100000000073578e+03,5.827764365340335865e-06
1.244200000000073715e+03,5.208613593640976151e-06
1.244300000000073851e+03,4.582468332943707851e-06
1.244400000000073760e+03,3.949261872549283293e-06
1.244500000000073669e+03,3.308928779259889708e-06
1.244600000000073805e+03,2.661626058816080602e-06
1.244700000000073942e+03,2.007149436806092869e-06
1.244800000000073851e+03,1.345423289479865505e-06
1.244900000000073760e+03,6.763883807867564782e-07
1.245000000000073896e+03,0.000000000000000000e+00
1.245100000000074033e+03,0.000000000000000000e+00
1.245200000000073942e+03,0.000000000000000000e+00
1.245300000000073851e+03,0.000000000000000000e+00
1.245400000000073987e+03,0.000000000000000000e+00
1.245500000000074124e+03,0.000000000000000000e+00
1.245600000000074033e+03,0.000000000000000000e+00
1.245700000000073942e+03,0.000000000000000000e+00
1.245800000000074078e+03,0.000000000000000000e+00
1.245900000000074215e+03,0.000000000000000000e+00
1.246000000000074124e+03,5.052321127822278491e-16
1.246100000000074033e+03,6.851353157584659165e-07
1.246200000000074169e+03,1.377359548949647966e-06
1.246300000000074306e+03,2.076717159833684603e-06
1.246400000000074215e+03,2.783252821727215009e-06
1.246500000000074124e+03,3.497011422364527691e-06
1.246600000000074260e+03,4.218038064749987649e-06
1.246700000000074397e+03,4.946378068013254628e-06
1.246800000000074306e+03,5.681568621537247952e-06
1.246900000000074215e+03,6.420343201567327079e-06
1.247000000000074351e+03,7.165576304017222792e-06
1.247100000000074488e+03,7.296178002793089815e-06
1.247200000000074397e+03,7.427621608889284933e-06
1.247300000000074306e+03,7.559910376445134214e-06
1.247400000000074442e+03,7.693047568591847803e-06
1.247500000000074579e+03,7.827036457470949669e-06
1.247600000000074488e+03,7.961880324254016862e-06
1.247700000000074397e+03,8.097582459162387425e-06
1.247800000000074533e+03,8.234146161485747688e-06
1.247900000000074670e+03,8.371515634083484395e-06
1.248000000000074579e+03,8.509412508264183072e-06
1.248100000000074488e+03,8.645632751643379731e-06
1.248200000000074624e+03,8.782660156222508449e-06
1.248300000000074760e+03,8.920497719474244704e-06
1.248400000000074670e+03,9.059148446929610177e-06
1.248500000000074579e+03,9.198615352195228499e-06
1.248600000000074715e+03,9.338901456969112260e-06
1.248700000000074851e+03,9.480009791056699030e-06
1.248800000000074760e+03,9.621943392387959733e-06
1.248900000000074670e+03,9.764705307034684896e-06
1.249000000000074806e+03,9.908298589222966528e-06
1.249100000000074942e+03,1.004776823205184660e-05
1.249200000000074851e+03,1.018799332975028099e-05
1.249300000000074760e+03,1.032900695989146328e-05
1.249400000000074897e+03,1.047081210384515099e-05
1.249500000000075033e+03,1.061341175160636194e-05
1.249600000000074942e+03,1.075680890181623998e-05
1.249700000000074851e+03,1.090100656178305643e-05
1.249800000000074988e+03,1.104600774750191534e-05
1.249900000000075124e+03,1.119181548367448607e-05
1.250000000000075033e+03,1.133843280372156813e-05
1.250100000000074942e+03,1.147453528512294936e-05
1.250200000000075079e+03,1.161147091494478803e-05
1.250300000000075215e+03,1.174919820145318023e-05
1.250400000000075124e+03,1.188760933832519554e-05
1.250500000000075033e+03,1.202670664023721659e-05
1.250600000000075170e+03,1.216649244520180721e-05
1.250700000000075306e+03,1.230696909733479326e-05
1.250800000000075215e+03,1.244813894686862373e-05
1.250900000000075124e+03,1.259000435016592492e-05
1.251000000000075261e+03,1.273256766972146053e-05
1.251100000000075397e+03,1.286234346561158837e-05
1.251200000000075306e+03,1.299270589508647701e-05
1.251300000000075215e+03,1.312413191525376185e-05
1.251400000000075352e+03,1.325722758469000405e-05
1.251500000000075488e+03,1.339094631557663246e-05
1.251600000000075397e+03,1.352529020019238314e-05
1.251700000000075306e+03,1.366026133632648359e-05
1.251800000000075443e+03,1.379586182728975392e-05
1.251900000000075579e+03,1.393209378192577586e-05
1.252000000000075488e+03,1.406895931461093004e-05
1.252100000000075397e+03,1.419039021651440458e-05
1.252200000000075534e+03,1.431235120042507795e-05
1.252300000000075670e+03,1.443484399196657838e-05
1.252400000000075579e+03,1.455788029156871207e-05
1.252500000000075488e+03,1.468178477176396327e-05
1.252600000000075624e+03,1.480623198406463347e-05
1.252700000000075761e+03,1.493122370829434596e-05
1.252800000000075670e+03,1.505676811287011199e-05
1.252900000000075579e+03,1.518286605659620070e-05
1.253000000000075715e+03,1.530951407711343703e-05
1.253100000000075852e+03,1.541950974256205666e-05
1.253200000000075761e+03,1.552997359298180467e-05
1.253300000000075670e+03,1.564090718696498319e-05
1.253400000000075806e+03,1.575231208747474021e-05
1.253500000000075943e+03,1.586418986185536610e-05
1.253600000000075852e+03,1.598016962508348287e-05
1.253700000000075761e+03,1.609790058644954312e-05
1.253800000000075897e+03,1.621617772098915187e-05
1.253900000000076034e+03,1.633500304478305900e-05
1.254000000000075943e+03,1.645437858020789510e-05
1.254100000000075852e+03,1.654594002300856887e-05
1.254200000000075988e+03,1.663784647029798236e-05
1.254300000000076125e+03,1.673009895507838850e-05
1.254400000000076034e+03,1.682269851293755408e-05
1.254500000000075943e+03,1.691564618205456026e-05
1.254600000000076079e+03,1.700894300320503379e-05
1.254700000000076216e+03,1.710277644804674698e-05
1.254800000000076125e+03,1.719717554783257218e-05
1.254900000000076034e+03,1.729193115426335919e-05
1.255000000000076170e+03,1.738704434044536574e-05
1.255100000000076307e+03,1.746264729474490717e-05
1.255200000000076216e+03,1.753851707435042577e-05
1.255300000000076125e+03,1.761465931680163569e-05
1.255400000000076261e+03,1.769107486245469278e-05
1.255500000000076398e+03,1.776776455393351418e-05
1.255600000000076307e+03,1.784472923613554155e-05
1.255700000000076216e+03,1.792196975623754835e-05
1.255800000000076352e+03,1.799940830585172968e-05
1.255900000000076489e+03,1.807678348123241058e-05
1.256000000000076398e+03,1.815443362908533614e-05
1.256100000000076307e+03,1.819256666403038083e-05
1.256200000000076443e+03,1.823076578984393143e-05
1.256300000000076579e+03,1.826903109616332749e-05
1.256400000000076489e+03,1.830736267270575331e-05
1.256500000000076398e+03,1.834576060926839712e-05
1.256600000000076534e+03,1.838422499572837997e-05
1.256700000000076670e+03,1.842275592204237284e-05
1.256800000000076579e+03,1.846135347824692533e-05
1.256900000000076489e+03,1.850001397556042017e-05
1.257000000000076625e+03,1.853716950668519658e-05
1.257100000000076761e+03,1.855649952746284061e-05
1.257200000000076670e+03,1.857560841652203880e-05
1.257300000000076579e+03,1.859469028729506229e-05
1.257400000000076716e+03,1.861374494116024047e-05
1.257500000000076852e+03,1.863277217892110959e-05
1.257600000000076761e+03,1.865177180080544031e-05
1.257700000000076670e+03,1.867074360646440764e-05
1.257800000000076807e+03,1.868968739497130007e-05
1.257900000000076943e+03,1.870861160442226632e-05
1.258000000000076852e+03,1.872750765032187703e-05
1.258100000000076761e+03,1.870870979737416408e-05
1.258200000000076898e+03,1.868848373330973375e-05
1.258300000000077034e+03,1.866811700552959528e-05
1.258400000000076943e+03,1.864760929968230869e-05
1.258500000000076852e+03,1.862696030114247307e-05
1.258600000000076989e+03,1.860616969501181751e-05
1.258700000000077125e+03,1.858523716611971613e-05
1.258800000000077034e+03,1.856416239902407240e-05
1.258900000000076943e+03,1.854294507801172229e-05
1.259000000000077080e+03,1.852158488707751597e-05
1.259100000000077216e+03,1.847161576156846011e-05
1.259200000000077125e+03,1.841994029615068979e-05
1.259300000000077034e+03,1.836527906818208078e-05
1.259400000000077171e+03,1.831041134928916396e-05
1.259500000000077307e+03,1.825533688564218249e-05
1.259600000000077216e+03,1.820005542379573939e-05
1.259700000000077125e+03,1.814456671069136908e-05
1.259800000000077262e+03,1.808887049366060030e-05
1.259900000000077398e+03,1.803296652042788342e-05
1.260000000000077307e+03,1.797685453909171857e-05
1.260100000000077216e+03,1.789268125931298091e-05
1.260200000000077353e+03,1.780825239074693283e-05
1.260300000000077489e+03,1.772249882842644861e-05
1.260400000000077398e+03,1.762171913568296843e-05
1.260500000000077307e+03,1.752084764657399978e-05
1.260600000000077443e+03,1.741988474424508432e-05
1.260700000000077580e+03,1.731883081275237157e-05
1.260800000000077489e+03,1.721768623706216149e-05
1.260900000000077398e+03,1.711645140305042000e-05
1.261000000000077534e+03,1.701512669748338530e-05
1.261100000000077671e+03,1.688816812327892798e-05
1.261200000000077580e+03,1.676115396963484349e-05
1.261300000000077489e+03,1.663408486991493934e-05
1.261400000000077625e+03,1.650696145864833368e-05
1.261500000000077762e+03,1.637531718256933109e-05
1.261600000000077671e+03,1.624248688548726469e-05
1.261700000000077580e+03,1.610969099710663844e-05
1.261800000000077716e+03,1.597693024468614274e-05
1.261900000000077853e+03,1.584420535579614226e-05
1.262000000000077762e+03,1.571151705829760173e-05
1.262100000000077671e+03,1.555636338343114876e-05
1.262200000000077807e+03,1.540134176580784753e-05
1.262300000000077944e+03,1.524645311437666498e-05
1.262400000000077853e+03,1.509169833783613086e-05
1.262500000000077762e+03,1.493707834462919460e-05
1.262600000000077898e+03,1.478120416619089762e-05
1.262700000000078035e+03,1.462415423840728977e-05
1.262800000000077944e+03,1.446729746151273653e-05
1.262900000000077853e+03,1.431063471608787880e-05
1.263000000000077989e+03,1.415416688171534767e-05
1.263100000000078126e+03,1.398213738594628055e-05
1.263200000000078035e+03,1.381038467658977787e-05
1.263300000000077944e+03,1.363890976011639315e-05
1.263400000000078080e+03,1.346771364148548166e-05
1.263500000000078217e+03,1.329679732413978112e-05
1.263600000000078126e+03,1.312616180999836603e-05
1.263700000000078035e+03,1.295471504856743011e-05
1.263800000000078171e+03,1.277988729120038511e-05
1.263900000000078307e+03,1.260546717195539417e-05
1.264000000000078217e+03,1.243145548048063844e-05
1.264100000000078126e+03,1.224768160061667622e-05
1.264200000000078262e+03,1.206440584794215029e-05
1.264300000000078398e+03,1.188162897663820201e-05
1.264400000000078307e+03,1.169935173679056169e-05
1.264500000000078217e+03,1.151757487438322627e-05
1.264600000000078353e+03,1.133629913129401585e-05
1.264700000000078489e+03,1.115552524528984891e-05
1.264800000000078398e+03,1.097525395002062674e-05
1.264900000000078307e+03,1.079788275753737677e-05
1.265000000000078444e+03,1.062107401129758777e-05
1.265100000000078580e+03,9.547387210164448310e-06
1.265200000000078489e+03,8.476251111889980755e-06
1.265300000000078398e+03,7.407674178077947743e-06
1.265400000000078535e+03,6.341665655545998519e-06
1.265500000000078671e+03,5.278234749762526460e-06
1.265600000000078580e+03,4.217387300286055461e-06
1.265700000000078489e+03,3.159131714754278621e-06
1.265800000000078626e+03,2.103476386230199791e-06
1.265900000000078762e+03,1.050429693135571608e-06
1.266000000000078671e+03,0.000000000000000000e+00
1.266100000000078580e+03,0.000000000000000000e+00
1.266200000000078717e+03,0.000000000000000000e+00
1.266300000000078853e+03,0.000000000000000000e+00
1.266400000000078762e+03,0.000000000000000000e+00
1.266500000000078671e+03,0.000000000000000000e+00
1.266600000000078808e+03,0.000000000000000000e+00
1.266700000000078944e+03,0.000000000000000000e+00
1.266800000000078853e+03,0.000000000000000000e+00
1.266900000000078762e+03,0.000000000000000000e+00
1.267000000000078899e+03,0.000000000000000000e+00
1.267100000000079035e+03,0.000000000000000000e+00
1.267200000000078944e+03,0.000000000000000000e+00
1.267300000000078853e+03,0.000000000000000000e+00
1.267400000000078990e+03,0.000000000000000000e+00
1.267500000000079126e+03,0.000000000000000000e+00
1.267600000000079035e+03,0.000000000000000000e+00
1.267700000000078944e+03,0.000000000000000000e+00
1.267800000000079081e+03,0.000000000000000000e+00
1.267900000000079217e+03,0.000000000000000000e+00
1.268000000000079126e+03,8.266871249361877139e-16
1.268100000000079035e+03,1.044673923333062129e-06
1.268200000000079172e+03,2.089182344690263405e-06
1.268300000000079308e+03,3.134042757706941711e-06
1.268400000000079217e+03,4.179063034073495238e-06
1.268500000000079126e+03,5.224202137429744195e-06
1.268600000000079262e+03,6.269212788911522074e-06
1.268700000000079399e+03,7.314245585980934322e-06
1.268800000000079308e+03,8.359285569946593424e-06
1.268900000000079217e+03,9.404317715869436859e-06
1.269000000000079353e+03,1.044932693167009160e-05
1.269100000000079490e+03,1.058130938016820672e-05
1.269200000000079399e+03,1.071321041353437843e-05
1.269300000000079308e+03,1.084497440402891965e-05
1.269400000000079444e+03,1.097790741248244599e-05
1.269500000000079581e+03,1.111121487363818223e-05
1.269600000000079490e+03,1.124464622631099626e-05
1.269700000000079399e+03,1.137802990828826884e-05
1.269800000000079535e+03,1.151136381779260087e-05
1.269900000000079672e+03,1.164464584384237917e-05
1.270000000000079581e+03,1.177787386622668401e-05
1.270100000000079490e+03,1.190904396857547510e-05
1.270200000000079626e+03,1.203321075493427997e-05
1.270300000000079763e+03,1.215719503600176737e-05
1.270400000000079672e+03,1.228099500824344100e-05
1.270500000000079581e+03,1.241038444327017832e-05
1.270600000000079717e+03,1.254459030026743297e-05
1.270700000000079854e+03,1.267882430307507022e-05
1.270800000000079763e+03,1.281308434490781195e-05
1.270900000000079672e+03,1.294736830742688452e-05
1.271000000000079808e+03,1.307819524940158469e-05
1.271100000000079945e+03,1.320796492131513577e-05
1.271200000000079854e+03,1.333778852056564975e-05
1.271300000000079763e+03,1.346766412362883749e-05
1.271400000000079899e+03,1.359758979590463752e-05
1.271500000000080036e+03,1.372756359167875231e-05
1.271600000000079945e+03,1.385654368040239769e-05
1.271700000000079854e+03,1.398262329062510371e-05
1.271800000000079990e+03,1.410987730025739683e-05
1.271900000000080126e+03,1.423717430636850380e-05
1.272000000000080036e+03,1.436446050824148122e-05
1.272100000000079945e+03,1.448283427453219343e-05
1.272200000000080081e+03,1.460121197376256447e-05
1.272300000000080217e+03,1.471959193642020631e-05
1.272400000000080126e+03,1.483797248475826791e-05
1.272500000000080036e+03,1.495635193277114915e-05
1.272600000000080172e+03,1.507472858616858158e-05
1.272700000000080308e+03,1.519310074235048508e-05
1.272800000000080217e+03,1.530932970892672084e-05
1.272900000000080126e+03,1.542548275654171449e-05
1.273000000000080263e+03,1.554159344788175372e-05
1.273100000000080399e+03,1.564237479681412232e-05
1.273200000000080308e+03,1.574308992995589900e-05
1.273300000000080217e+03,1.584373750135181175e-05
1.273400000000080354e+03,1.594431616038556615e-05
1.273500000000080490e+03,1.604482455176995201e-05
1.273600000000080399e+03,1.614526131553809863e-05
1.273700000000080308e+03,1.624562508703440478e-05
1.273800000000080445e+03,1.634591449690485875e-05
1.273900000000080581e+03,1.644585491802191666e-05
1.274000000000080490e+03,1.654559900719256694e-05
1.274100000000080399e+03,1.663620300734724165e-05
1.274200000000080536e+03,1.672681282120659082e-05
1.274300000000080672e+03,1.681742738975079248e-05
1.274400000000080581e+03,1.690804564914455765e-05
1.274500000000080490e+03,1.699866653072412668e-05
1.274600000000080627e+03,1.708928896098361509e-05
1.274700000000080763e+03,1.717991186156115274e-05
1.274800000000080672e+03,1.727053414922591064e-05
1.274900000000080581e+03,1.736115473586514137e-05
1.275000000000080718e+03,1.744915941102299524e-05
1.275100000000080854e+03,1.751731967687923861e-05
1.275200000000080763e+03,1.758544965929149627e-05
1.275300000000080672e+03,1.765354863638230184e-05
1.275400000000080809e+03,1.772161588386353992e-05
1.275500000000080945e+03,1.778965067503156724e-05
1.275600000000080854e+03,1.785765228076270980e-05
1.275700000000080763e+03,1.792561996950854658e-05
1.275800000000080900e+03,1.799355300729108147e-05
1.275900000000081036e+03,1.806145065769742728e-05
1.276000000000080945e+03,1.812931218186345463e-05
1.276100000000080854e+03,1.818113581904776154e-05
1.276200000000080991e+03,1.822447106561974958e-05
1.276300000000081127e+03,1.826775729885900463e-05
1.276400000000081036e+03,1.831099408157127345e-05
1.276500000000080945e+03,1.835418097568504095e-05
1.276600000000081081e+03,1.839731754225125234e-05
1.276700000000081218e+03,1.844040334144265923e-05
1.276800000000081127e+03,1.848343793255382645e-05
1.276900000000081036e+03,1.852642087400106080e-05
1.277000000000081172e+03,1.856935172329762359e-05
1.277100000000081309e+03,1.858233976827090422e-05
1.277200000000081218e+03,1.859527577824372747e-05
1.277300000000081127e+03,1.860018573122457070e-05
1.277400000000081263e+03,1.860404427138531472e-05
1.277500000000081400e+03,1.860796674639202870e-05
1.277600000000081309e+03,1.861182352018549092e-05
1.277700000000081218e+03,1.861561452854234872e-05
1.277800000000081354e+03,1.861933970750696607e-05
1.277900000000081491e+03,1.862299899339161328e-05
1.278000000000081400e+03,1.862659232276190824e-05
1.278100000000081309e+03,1.861124016400325621e-05
1.278200000000081445e+03,1.859909966162063362e-05
1.278300000000081582e+03,1.858867398794441313e-05
1.278400000000081491e+03,1.857641523249159242e-05
1.278500000000081400e+03,1.856283188092280596e-05
1.278600000000081536e+03,1.854922294523119331e-05
1.278700000000081673e+03,1.853558682391834739e-05
1.278800000000081582e+03,1.852191818890339619e-05
1.278900000000081491e+03,1.850794745398598483e-05
1.279000000000081627e+03,1.849289281048199687e-05
1.279100000000081764e+03,1.845886864049278868e-05
1.279200000000081673e+03,1.842482110364427377e-05
1.279300000000081582e+03,1.839075036435558624e-05
1.279400000000081718e+03,1.835665658718409933e-05
1.279500000000081855e+03,1.832135177947259285e-05
1.279600000000081764e+03,1.828328256248137220e-05
1.279700000000081673e+03,1.824520268006019674e-05
1.279800000000081809e+03,1.820711232460100963e-05
1.279900000000081945e+03,1.816901168852671141e-05
1.280000000000081855e+03,1.813090096426784624e-05
1.280100000000081764e+03,1.806561445407094113e-05
1.280200000000081900e+03,1.800037474836389885e-05
1.280300000000082036e+03,1.793516760707801740e-05
1.280400000000081945e+03,1.786999301208370514e-05
1.280500000000081855e+03,1.780485124361751989e-05
1.280600000000081991e+03,1.773975171102087410e-05
1.280700000000082127e+03,1.767510102141103351e-05
1.280800000000082036e+03,1.761048130577605629e-05
1.280900000000081945e+03,1.754589284132166392e-05
1.281000000000082082e+03,1.748133590492484440e-05
1.281100000000082218e+03,1.739936688091800408e-05
1.281200000000082127e+03,1.731739890255500059e-05
1.281300000000082036e+03,1.723543233467128119e-05
1.281400000000082173e+03,1.715346754204849641e-05
1.281500000000082309e+03,1.707150488941345308e-05
1.281600000000082218e+03,1.698954474143547839e-05
1.281700000000082127e+03,1.690758746272456994e-05
1.281800000000082264e+03,1.683105583312539716e-05
1.281900000000082400e+03,1.675636805865373172e-05
1.282000000000082309e+03,1.668162225661011861e-05
1.282100000000082218e+03,1.658880706049179165e-05
1.282200000000082355e+03,1.649588748570445033e-05
1.282300000000082491e+03,1.640286375449829818e-05
1.282400000000082400e+03,1.630973608953832399e-05
1.282500000000082309e+03,1.621650471390367841e-05
1.282600000000082446e+03,1.612316985108752822e-05
1.282700000000082582e+03,1.602973172499712752e-05
1.282800000000082491e+03,1.593618668921317562e-05
1.282900000000082400e+03,1.584429778745292269e-05
1.283000000000082537e+03,1.575434705350272209e-05
1.283100000000082673e+03,1.564475697713527605e-05
1.283200000000082582e+03,1.553500775265290621e-05
1.283300000000082491e+03,1.542509951609569722e-05
1.283400000000082628e+03,1.531503240392605416e-05
1.283500000000082764e+03,1.520480655302924301e-05
1.283600000000082673e+03,1.509442210071282648e-05
1.283700000000082582e+03,1.498387918470611176e-05
1.283800000000082719e+03,1.487317794316052999e-05
1.283900000000082855e+03,1.476231851465016144e-05
1.284000000000082764e+03,1.465149396990800478e-05
1.284100000000082673e+03,1.453014360657296783e-05
1.284200000000082809e+03,1.440852836718344899e-05
1.284300000000082946e+03,1.428664818879554397e-05
1.284400000000082855e+03,1.416450300904666716e-05
1.284500000000082764e+03,1.404209276615581256e-05
1.284600000000082900e+03,1.391941739892499374e-05
1.284700000000083037e+03,1.379647684674057704e-05
1.284800000000082946e+03,1.367326926572789164e-05
1.284900000000082855e+03,1.354979606830213410e-05
1.285000000000082991e+03,1.342605754619778392e-05
1.285100000000083128e+03,1.329856736757587645e-05
1.285200000000083037e+03,1.317179092803141047e-05
1.285300000000082946e+03,1.304467588852141274e-05
1.285400000000083082e+03,1.291700469587790639e-05
1.285500000000083219e+03,1.278866612216345765e-05
1.285600000000083128e+03,1.265986271647681981e-05
1.285700000000083037e+03,1.253059368409192203e-05
1.285800000000083173e+03,1.240085822984474863e-05
1.285900000000083310e+03,1.227065555813519581e-05
1.286000000000083219e+03,1.213998487292286695e-05
1.286100000000083128e+03,1.200285843024678567e-05
1.286200000000083264e+03,1.186522127863359231e-05
1.286300000000083401e+03,1.172778444334927168e-05
1.286400000000083310e+03,1.159024714825165173e-05
1.286500000000083219e+03,1.145216730067633695e-05
1.286600000000083355e+03,1.131354386565460099e-05
1.286700000000083492e+03,1.117437580738384412e-05
1.286800000000083401e+03,1.103466208922782688e-05
1.286900000000083310e+03,1.089440167371680573e-05
1.287000000000083446e+03,1.075359352178697699e-05
1.287100000000083583e+03,9.697166680357870923e-06
1.287200000000083492e+03,8.636554232752900932e-06
1.287300000000083401e+03,7.571748082070733603e-06
1.287400000000083537e+03,6.502848322474795399e-06
1.287500000000083674e+03,5.429878735427411063e-06
1.287600000000083583e+03,4.352585511270581401e-06
1.287700000000083492e+03,3.270959843669821606e-06
1.287800000000083628e+03,2.184992918435222234e-06
1.287900000000083764e+03,1.094675913532167775e-06
1.288000000000083674e+03,0.000000000000000000e+00
1.288100000000083583e+03,0.000000000000000000e+00
1.288200000000083719e+03,0.000000000000000000e+00
1.288300000000083855e+03,0.000000000000000000e+00
1.288400000000083764e+03,0.000000000000000000e+00
1.288500000000083674e+03,0.000000000000000000e+00
1.288600000000083810e+03,0.000000000000000000e+00
1.288700000000083946e+03,0.000000000000000000e+00
1.288800000000083855e+03,0.000000000000000000e+00
1.288900000000083764e+03,0.000000000000000000e+00
1.289000000000083901e+03,0.000000000000000000e+00
1.289100000000084037e+03,0.000000000000000000e+00
1.289200000000083946e+03,0.000000000000000000e+00
1.289300000000083855e+03,0.000000000000000000e+00
1.289400000000083992e+03,0.000000000000000000e+00
1.289500000000084128e+03,0.000000000000000000e+00
1.289600000000084037e+03,0.000000000000000000e+00
1.289700000000083946e+03,0.000000000000000000e+00
1.289800000000084083e+03,0.000000000000000000e+00
1.289900000000084219e+03,0.000000000000000000e+00
1.290000000000084128e+03,9.765889791764092422e-16
1.290100000000084037e+03,1.164582368528507720e-06
1.290200000000084174e+03,2.336680690478306004e-06
1.290300000000084310e+03,3.516322186549688297e-06
1.290400000000084219e+03,4.703534144295706113e-06
1.290500000000084128e+03,5.898343919229488856e-06
1.290600000000084265e+03,7.100778934944395869e-06
1.290700000000084401e+03,8.310866683234089278e-06
1.290800000000084310e+03,9.528868453097209061e-06
1.290900000000084219e+03,1.075490359663253123e-05
1.291000000000084356e+03,1.198879597729940879e-05
1.291100000000084492e+03,1.218197090103794941e-05
1.291200000000084401e+03,1.237634637696195507e-05
1.291300000000084310e+03,1.257192707987375974e-05
1.291400000000084447e+03,1.276871769785299475e-05
1.291500000000084583e+03,1.296672293228523882e-05
1.291600000000084492e+03,1.316594749789259765e-05
1.291700000000084401e+03,1.336639612276448001e-05
1.291800000000084538e+03,1.356807354838650529e-05
1.291900000000084674e+03,1.377135435689746698e-05
1.292000000000084583e+03,1.397722874181120489e-05
1.292100000000084492e+03,1.418343639000115079e-05
1.292200000000084628e+03,1.439096701758574705e-05
1.292300000000084765e+03,1.459982592278505742e-05
1.292400000000084674e+03,1.481001841930433267e-05
1.292500000000084583e+03,1.502154983637078531e-05
1.292600000000084719e+03,1.523442551876862630e-05
1.292700000000084856e+03,1.544898060511519020e-05
1.292800000000084765e+03,1.566491566927448835e-05
1.292900000000084674e+03,1.588222086526191608e-05
1.293000000000084810e+03,1.610090169259196938e-05
1.293100000000084947e+03,1.631919833856157530e-05
1.293200000000084856e+03,1.653897470835718502e-05
1.293300000000084765e+03,1.676021236327897550e-05
1.293400000000084901e+03,1.698291746185568474e-05
1.293500000000085038e+03,1.720709618177337791e-05
1.293600000000084947e+03,1.743275471992430432e-05
1.293700000000084856e+03,1.765989929245550348e-05
1.293800000000084992e+03,1.788853613481589000e-05
1.293900000000085129e+03,1.811867150180307079e-05
1.294000000000085038e+03,1.835031166761016565e-05
1.294100000000084947e+03,1.858075092457400575e-05
1.294200000000085083e+03,1.881310939945786390e-05
1.294300000000085220e+03,1.901849503026827574e-05
1.294400000000085129e+03,1.922079242024597994e-05
1.294500000000085038e+03,1.942395876763531527e-05
1.294600000000085174e+03,1.962799455408705581e-05
1.294700000000085311e+03,1.983290025402667281e-05
1.294800000000085220e+03,2.003867633463379580e-05
1.294900000000085129e+03,2.024532325582157550e-05
1.295000000000085265e+03,2.045285822226641616e-05
1.295100000000085402e+03,2.063923215679327756e-05
1.295200000000085311e+03,2.082564601785323713e-05
1.295300000000085220e+03,2.101249455886502980e-05
1.295400000000085356e+03,2.119964371128972775e-05
1.295500000000085493e+03,2.138741139209859318e-05
1.295600000000085402e+03,2.157579659084592151e-05
1.295700000000085311e+03,2.176479828934659022e-05
1.295800000000085447e+03,2.195441546167390057e-05
1.295900000000085583e+03,2.214384628420518720e-05
1.296000000000085493e+03,2.233367445535620649e-05
1.296100000000085402e+03,2.251377870204816520e-05
1.296200000000085538e+03,2.269450990099560936e-05
1.296300000000085674e+03,2.287586731498123815e-05
1.296400000000085583e+03,2.305768519592896315e-05
1.296500000000085493e+03,2.323857722428047221e-05
1.296600000000085629e+03,2.342006631382062131e-05
1.296700000000085765e+03,2.360255989390489214e-05
1.296800000000085674e+03,2.378578415775017409e-05
1.296900000000085583e+03,2.396961181562375781e-05
1.297000000000085720e+03,2.415404199870363407e-05
1.297100000000085856e+03,2.431044973440837109e-05
1.297200000000085765e+03,2.446724571868186000e-05
1.297300000000085674e+03,2.462442857915345240e-05
1.297400000000085811e+03,2.478199693840662640e-05
1.297500000000085947e+03,2.493977130997445684e-05
1.297600000000085856e+03,2.509818644121482529e-05
1.297700000000085765e+03,2.525709778229549737e-05
1.297800000000085902e+03,2.541639152571988731e-05
1.297900000000086038e+03,2.557606627782800030e-05
1.298000000000085947e+03,2.573612063991199950e-05
1.298100000000085856e+03,2.588019806912778304e-05
1.298200000000085993e+03,2.602461206134851028e-05
1.298300000000086129e+03,2.616977280652628144e-05
1.298400000000086038e+03,2.631546359799043209e-05
1.298500000000085947e+03,2.646149546549579951e-05
1.298600000000086084e+03,2.660786744333289028e-05
1.298700000000086220e+03,2.675493145573259088e-05
1.298800000000086129e+03,2.690264422223088365e-05
1.298900000000086038e+03,2.705070143689319853e-05
1.299000000000086175e+03,2.719910213947612866e-05
1.299100000000086311e+03,2.731724486884877580e-05
1.299200000000086220e+03,2.743552476653585972e-05
1.299300000000086129e+03,2.755394094381621251e-05
1.299400000000086266e+03,2.767249250953229456e-05
1.299500000000086402e+03,2.779117857009503960e-05
1.299600000000086311e+03,2.790999822949021423e-05
1.299700000000086220e+03,2.802895058928457075e-05
1.299800000000086357e+03,2.814838920225455388e-05
1.299900000000086493e+03,2.826899587898050201e-05
1.300000000000086402e+03,2.838974430907914502e-05
1.300100000000086311e+03,2.847901018464066023e-05
1.300200000000086447e+03,2.856820011474771125e-05
1.300300000000086584e+03,2.865731352836642644e-05
1.300400000000086493e+03,2.874634985450815218e-05
1.300500000000086402e+03,2.883530852223425042e-05
1.300600000000086538e+03,2.892418896065976811e-05
1.300700000000086675e+03,2.901299059895694381e-05
1.300800000000086584e+03,2.910171286635995793e-05
1.300900000000086493e+03,2.919035519216920177e-05
1.301000000000086629e+03,2.927961926634267502e-05
1.301100000000086766e+03,2.934939035151939806e-05
1.301200000000086675e+03,2.941890515824207943e-05
1.301300000000086584e+03,2.948816322730115125e-05
1.301400000000086720e+03,2.955716410171972962e-05
1.301500000000086857e+03,2.965390281497817758e-05
1.301600000000086766e+03,2.977544378848569843e-05
1.301700000000086675e+03,2.989710329706341313e-05
1.301800000000086811e+03,3.001888085444127035e-05
1.301900000000086948e+03,3.014077597204343245e-05
1.302000000000086857e+03,3.026278815895489560e-05
1.302100000000086766e+03,3.034999474614259816e-05
1.302200000000086902e+03,3.043621711654151993e-05
1.302300000000087039e+03,3.052529754268479604e-05
1.302400000000086948e+03,3.061736564116236892e-05
1.302500000000086857e+03,3.070915817866822297e-05
1.302600000000086993e+03,3.080067278616623180e-05
1.302700000000087130e+03,3.089190708663863011e-05
1.302800000000087039e+03,3.098285869506915436e-05
1.302900000000086948e+03,3.107352521842575655e-05
1.303000000000087084e+03,3.116390425560868442e-05
1.303100000000087221e+03,3.121610763851514678e-05
1.303200000000087130e+03,3.126947895097150219e-05
1.303300000000087039e+03,3.132254946626830450e-05
1.303400000000087175e+03,3.137486625372025960e-05
1.303500000000087311e+03,3.142642497174695472e-05
1.303600000000087221e+03,3.147722126608057549e-05
1.303700000000087130e+03,3.152725076974137588e-05
1.303800000000087266e+03,3.157650910301251795e-05
1.303900000000087402e+03,3.162499187341493866e-05
1.304000000000087311e+03,3.167269467566526927e-05
1.304100000000087221e+03,3.169914444384685999e-05
1.304200000000087357e+03,3.172436195218885269e-05
1.304300000000087493e+03,3.174833926590854045e-05
1.304400000000087402e+03,3.177106842054236874e-05
1.304500000000087311e+03,3.179254142186411879e-05
1.304600000000087448e+03,3.181275024580064475e-05
1.304700000000087584e+03,3.183252688894386815e-05
1.304800000000087493e+03,3.185241943077902777e-05
1.304900000000087402e+03,3.187102577185778590e-05
1.305000000000087539e+03,3.188831989426007179e-05
1.305100000000087675e+03,3.187805183966856658e-05
1.305200000000087584e+03,3.186597939467200537e-05
1.305300000000087493e+03,3.185209048864346017e-05
1.305400000000087630e+03,3.183637300110033489e-05
1.305500000000087766e+03,3.181873236655180200e-05
1.305600000000087675e+03,3.179967509640804128e-05
1.305700000000087584e+03,3.177875204189686191e-05
1.305800000000087721e+03,3.175595081904204091e-05
1.305900000000087857e+03,3.173125899269150845e-05
1.306000000000087766e+03,3.170466407632951657e-05
1.306100000000087675e+03,3.164775073222159064e-05
1.306200000000087812e+03,3.158843511105327649e-05
1.306300000000087948e+03,3.152692239419602649e-05
1.306400000000087857e+03,3.146349160281883712e-05
1.306500000000087766e+03,3.139760888169765637e-05
1.306600000000087903e+03,3.132925845370435872e-05
1.306700000000088039e+03,3.125842447734696690e-05
1.306800000000087948e+03,3.118519802828735853e-05
1.306900000000087857e+03,3.110987363416949292e-05
1.307000000000087994e+03,3.103201513945104368e-05
1.307100000000088130e+03,3.093151680384003760e-05
1.307200000000088039e+03,3.082800810340335511e-05
1.307300000000087948e+03,3.072146910930484735e-05
1.307400000000088085e+03,3.061187980749252769e-05
1.307500000000088221e+03,3.049922009841773971e-05
1.307600000000088130e+03,3.038346979675228199e-05
1.307700000000088039e+03,3.026559130888833066e-05
1.307800000000088176e+03,3.014692570888292662e-05
1.307900000000088312e+03,3.002492514835183000e-05
1.308000000000088221e+03,2.989918130545108339e-05
1.308100000000088130e+03,2.975618640722876851e-05
1.308200000000088266e+03,2.960957770008391409e-05
1.308300000000088403e+03,2.945933006023227204e-05
1.308400000000088312e+03,2.930541824806936517e-05
1.308500000000088221e+03,2.914781690775125668e-05
1.308600000000088357e+03,2.898650056677592278e-05
1.308700000000088494e+03,2.882144363556329034e-05
1.308800000000088403e+03,2.865262992529223562e-05
1.308900000000088312e+03,2.848071341339205700e-05
1.309000000000088448e+03,2.830497011623507077e-05
1.309100000000088585e+03,2.564249642387191874e-05
1.309200000000088494e+03,2.294332417312449829e-05
1.309300000000088403e+03,2.020721530027395869e-05
1.309400000000088539e+03,1.743393064918462244e-05
1.309500000000088676e+03,1.462313115662291455e-05
1.309600000000088585e+03,1.177424251073255571e-05
1.309700000000088494e+03,8.887723891423552895e-06
1.309800000000088630e+03,5.963337013792589533e-06
1.309900000000088767e+03,3.000842524380109655e-06
1.310000000000088676e+03,0.000000000000000000e+00
1.310100000000088585e+03,0.000000000000000000e+00
1.310200000000088721e+03,0.000000000000000000e+00
1.310300000000088858e+03,0.000000000000000000e+00
1.310400000000088767e+03,0.000000000000000000e+00
1.310500000000088676e+03,0.000000000000000000e+00
1.310600000000088812e+03,0.000000000000000000e+00
1.310700000000088949e+03,0.000000000000000000e+00
1.310800000000088858e+03,0.000000000000000000e+00
1.310900000000088767e+03,0.000000000000000000e+00
1.311000000000088903e+03,0.000000000000000000e+00
1.311100000000089040e+03,0.000000000000000000e+00
1.311200000000088949e+03,0.000000000000000000e+00
1.311300000000088858e+03,0.000000000000000000e+00
1.311400000000088994e+03,0.000000000000000000e+00
1.311500000000089130e+03,0.000000000000000000e+00
1.311600000000089040e+03,0.000000000000000000e+00
1.311700000000088949e+03,0.000000000000000000e+00
1.311800000000089085e+03,0.000000000000000000e+00
1.311900000000089221e+03,0.000000000000000000e+00
1.312000000000089130e+03,0.000000000000000000e+00
1.312100000000089040e+03,0.000000000000000000e+00
1.312200000000089176e+03,0.000000000000000000e+00
1.312300000000089312e+03,0.000000000000000000e+00
1.312400000000089221e+03,0.000000000000000000e+00
1.312500000000089130e+03,0.000000000000000000e+00
1.312600000000089267e+03,0.000000000000000000e+00
1.312700000000089403e+03,0.000000000000000000e+00
1.312800000000089312e+03,0.000000000000000000e+00
1.312900000000089221e+03,0.000000000000000000e+00
1.313000000000089358e+03,2.974292974137145436e-15
1.313100000000089494e+03,3.345911455102449230e-06
1.313200000000089403e+03,6.726712363603584206e-06
1.313300000000089312e+03,1.014255926395355859e-05
1.313400000000089449e+03,1.359360914896393144e-05
1.313500000000089585e+03,1.708001946975537313e-05
1.313600000000089494e+03,2.060194813676435678e-05
1.313700000000089403e+03,2.415955352075199654e-05
1.313800000000089540e+03,2.775299445378313296e-05
1.313900000000089676e+03,3.138243023020580294e-05
1.314000000000089585e+03,3.504802060489016334e-05
1.314100000000089494e+03,3.563687278762090539e-05
1.314200000000089631e+03,3.623031159090474735e-05
1.314300000000089767e+03,3.682838361941787568e-05
1.314400000000089676e+03,3.743108696627350541e-05
1.314500000000089585e+03,3.803786399759725756e-05
1.314600000000089722e+03,3.864891749717615455e-05
1.314700000000089858e+03,3.926462093288250608e-05
1.314800000000089767e+03,3.988499256922730274e-05
1.314900000000089676e+03,4.051005071720738092e-05
1.315000000000089813e+03,4.113981373437838955e-05
1.315100000000089949e+03,4.176928512283141118e-05
1.315200000000089858e+03,4.240442226767554741e-05
1.315300000000089767e+03,4.304453277242881128e-05
1.315400000000089904e+03,4.368951541074903429e-05
1.315500000000090040e+03,4.433939117016981332e-05
1.315600000000089949e+03,4.499491059333939584e-05
1.315700000000089858e+03,4.565687830201112170e-05
1.315800000000089995e+03,4.632386738440924214e-05
1.315900000000090131e+03,4.699589979981331247e-05
1.316000000000090040e+03,4.767392690080856407e-05
1.316100000000089949e+03,4.832090512998955258e-05
1.316200000000090085e+03,4.897241737528199821e-05
1.316300000000090222e+03,4.962848181819023768e-05
1.316400000000090131e+03,5.028911668910363030e-05
1.316500000000090040e+03,5.095434026738717689e-05
1.316600000000090176e+03,5.162417088146662965e-05
1.316700000000090313e+03,5.229875803942072351e-05
1.316800000000090222e+03,5.298340236704056924e-05
1.316900000000090131e+03,5.367361248284957309e-05
1.317000000000090267e+03,5.436866762009421623e-05
1.317100000000090404e+03,5.501497293504175522e-05
1.317200000000090313e+03,5.566539032046708562e-05
1.317300000000090222e+03,5.631993506609154652e-05
1.317400000000090358e+03,5.697862249891437665e-05
1.317500000000090495e+03,5.764146798326399718e-05
1.317600000000090404e+03,5.831054918814292185e-05
1.317700000000090313e+03,5.898452953990749806e-05
1.317800000000090449e+03,5.966277719261187476e-05
1.317900000000090586e+03,6.034417290361754750e-05
1.318000000000090495e+03,6.102950151038565035e-05
1.318100000000090404e+03,6.167197705532560239e-05
1.318200000000090540e+03,6.231837436103758031e-05
1.318300000000090677e+03,6.296870866568262499e-05
1.318400000000090586e+03,6.362512997329703270e-05
1.318500000000090495e+03,6.428640049968319581e-05
1.318600000000090631e+03,6.495171552766829321e-05
1.318700000000090768e+03,6.562109100723304098e-05
1.318800000000090677e+03,6.629454293158807408e-05
1.318900000000090586e+03,6.697208733724855300e-05
1.319000000000090722e+03,6.765293087326281266e-05
1.319100000000090859e+03,6.822277390010315240e-05
1.319200000000090768e+03,6.879527526211394581e-05
1.319300000000090677e+03,6.937044117613660630e-05
1.319400000000090813e+03,6.994827785620375893e-05
1.319500000000090949e+03,7.052879151344323429e-05
1.319600000000090859e+03,7.111198835598683289e-05
1.319700000000090768e+03,7.169787458887862878e-05
1.319800000000090904e+03,7.228645641397770305e-05
1.319900000000091040e+03,7.287774002985984733e-05
1.320000000000090949e+03,7.347063250127187060e-05
1.320100000000090859e+03,7.390421945200140045e-05
1.320200000000090995e+03,7.433873440872860647e-05
1.320300000000091131e+03,7.477417261971326830e-05
1.320400000000091040e+03,7.521052928066814176e-05
1.320500000000090949e+03,7.564779953448777278e-05
1.320600000000091086e+03,7.608597847097100944e-05
1.320700000000091222e+03,7.652506112654379857e-05
1.320800000000091131e+03,7.696396077566899940e-05
1.320900000000091040e+03,7.740303011931698386e-05
1.321000000000091177e+03,7.784296769682987169e-05
1.321100000000091313e+03,7.805458161420316440e-05
1.321200000000091222e+03,7.826502492312108607e-05
1.321300000000091131e+03,7.847250484468721709e-05
1.321400000000091268e+03,7.867863921806313252e-05
1.321500000000091404e+03,7.888354535542631491e-05
1.321600000000091313e+03,7.908720720101964437e-05
1.321700000000091222e+03,7.928968730220197403e-05
1.321800000000091359e+03,7.949092984628441493e-05
1.321900000000091495e+03,7.969087994611798273e-05
1.322000000000091404e+03,7.988952115458906823e-05
1.322100000000091313e+03,7.982697000984340834e-05
1.322200000000091450e+03,7.976155607483304184e-05
1.322300000000091586e+03,7.969325737729860250e-05
1.322400000000091495e+03,7.962331059273243441e-05
1.322500000000091404e+03,7.955111018108043013e-05
1.322600000000091541e+03,7.947595442427278956e-05
1.322700000000091677e+03,7.939782067828775032e-05
1.322800000000091586e+03,7.931668618205725768e-05
1.322900000000091495e+03,7.923252805698803179e-05
1.323000000000091632e+03,7.914532330624317530e-05
1.323100000000091768e+03,7.879447040485214717e-05
1.323200000000091677e+03,7.844053125831219116e-05
1.323300000000091586e+03,7.808349148484085343e-05
1.323400000000091723e+03,7.772333665151815981e-05
1.323500000000091859e+03,7.736074714210708489e-05
1.323600000000091768e+03,7.699618725638224075e-05
1.323700000000091677e+03,7.662845049325007021e-05
1.323800000000091813e+03,7.625752198526782001e-05
1.323900000000091950e+03,7.588338681172184549e-05
1.324000000000091859e+03,7.550524130124702598e-05
1.324100000000091768e+03,7.500052368575527628e-05
1.324200000000091904e+03,7.449369173174642009e-05
1.324300000000092041e+03,7.398474128039289176e-05
1.324400000000091950e+03,7.347366817192056297e-05
1.324500000000091859e+03,7.296046824563426206e-05
1.324600000000091995e+03,7.244545102243560102e-05
1.324700000000092132e+03,7.193147736966388518e-05
1.324800000000092041e+03,7.141326832734081755e-05
1.324900000000091950e+03,7.088999208562829404e-05
1.325000000000092086e+03,7.036458996281160102e-05
1.325100000000092223e+03,6.980674951650345684e-05
1.325200000000092132e+03,6.924828389527290257e-05
1.325300000000092041e+03,6.868919885427334502e-05
1.325400000000092177e+03,6.812950018418680498e-05
1.325500000000092314e+03,6.756832538643379462e-05
1.325600000000092223e+03,6.700513610678663463e-05
1.325700000000092132e+03,6.643945730861972943e-05
1.325800000000092268e+03,6.587067401698876526e-05
1.325900000000092405e+03,6.530081724414040444e-05
1.326000000000092314e+03,6.473050978078329965e-05
1.326100000000092223e+03,6.414703110494244132e-05
1.326200000000092359e+03,6.356443132537617578e-05
1.326300000000092496e+03,6.298272147858159089e-05
1.326400000000092405e+03,6.240142880811733834e-05
1.326500000000092314e+03,6.182010323087601042e-05
1.326600000000092450e+03,6.123972781321815502e-05
1.326700000000092587e+03,6.066031366598570072e-05
1.326800000000092496e+03,6.008187193445144896e-05
1.326900000000092405e+03,5.950288868623583409e-05
1.327000000000092541e+03,5.892358264912742288e-05
1.327100000000092678e+03,5.831421453027091226e-05
1.327200000000092587e+03,5.770669810367663163e-05
1.327300000000092496e+03,5.710104803049948695e-05
1.327400000000092632e+03,5.649727900451697720e-05
1.327500000000092768e+03,5.589540575210978721e-05
1.327600000000092678e+03,5.529544303223529246e-05
1.327700000000092587e+03,5.469740563640202607e-05
1.327800000000092723e+03,5.410130838864766957e-05
1.327900000000092859e+03,5.350716614551782961e-05
1.328000000000092768e+03,5.291531203428075580e-05
1.328100000000092678e+03,5.221682786399012510e-05
1.328200000000092814e+03,5.152204406867006494e-05
1.328300000000092950e+03,5.083097592865319110e-05
1.328400000000092859e+03,5.014363871809261427e-05
1.328500000000092768e+03,4.946004770474106085e-05
1.328600000000092905e+03,4.878021814973481187e-05
1.328700000000093041e+03,4.810416530737657114e-05
1.328800000000092950e+03,4.743262567278296130e-05
1.328900000000092859e+03,4.676741404771562289e-05
1.329000000000092996e+03,4.610593256685756487e-05
1.329100000000093132e+03,4.532909926961646552e-05
1.329200000000093041e+03,4.455793408492315271e-05
1.329300000000092950e+03,4.379246289101150838e-05
1.329400000000093087e+03,4.303270388544488213e-05
1.329500000000093223e+03,4.227867521767946185e-05
1.329600000000093132e+03,4.153091492369121525e-05
1.329700000000093041e+03,4.079122773517556913e-05
1.329800000000093178e+03,4.005722262345914983e-05
1.329900000000093314e+03,3.932891875299151212e-05
1.330000000000093223e+03,3.860633524223408829e-05
1.330100000000093132e+03,3.778397857939630867e-05
1.330200000000093269e+03,3.696946376725377130e-05
1.330300000000093405e+03,3.616160840988771153e-05
1.330400000000093314e+03,3.536161873864104084e-05
1.330500000000093223e+03,3.457234868333045280e-05
1.330600000000093360e+03,3.379097583016786447e-05
1.330700000000093496e+03,3.301747665646296307e-05
1.330800000000093405e+03,3.225187254727618520e-05
1.330900000000093314e+03,3.149417486070048419e-05
1.331000000000093451e+03,3.074439543725665205e-05
1.331100000000093587e+03,2.994577882607123349e-05
1.331200000000093496e+03,2.915705756646020690e-05
1.331300000000093405e+03,2.837979463585945370e-05
1.331400000000093542e+03,2.761186864171131871e-05
1.331500000000093678e+03,2.685319768352891786e-05
1.331600000000093587e+03,2.610420389403878460e-05
1.331700000000093496e+03,2.536516546764009352e-05
1.331800000000093632e+03,2.463597832226434292e-05
1.331900000000093769e+03,2.391648851580598616e-05
1.332000000000093678e+03,2.320674536541768657e-05
1.332100000000093587e+03,2.250629334174421360e-05
1.332200000000093723e+03,2.181600680995964898e-05
1.332300000000093860e+03,2.113589355767192304e-05
1.332400000000093769e+03,2.046596105351228582e-05
1.332500000000093678e+03,1.980633797150951254e-05
1.332600000000093814e+03,1.915771029595454361e-05
1.332700000000093951e+03,1.851922203298276569e-05
1.332800000000093860e+03,1.789088083671547648e-05
1.332900000000093769e+03,1.727269403142787856e-05
1.333000000000093905e+03,1.666466860775195946e-05
1.333100000000094042e+03,1.469202379098455405e-05
1.333200000000093951e+03,1.278750666090925174e-05
1.333300000000093860e+03,1.095108949033629818e-05
1.333400000000093996e+03,9.182741535359750755e-06
1.333500000000094133e+03,7.482429013349007889e-06
1.333600000000094042e+03,5.850115080821800442e-06
1.333700000000093951e+03,4.286022777924666120e-06
1.333800000000094087e+03,2.789693470266325346e-06
1.333900000000094224e+03,1.361030726787044001e-06
1.334000000000094133e+03,0.000000000000000000e+00
1.334100000000094042e+03,0.000000000000000000e+00
1.334200000000094178e+03,0.000000000000000000e+00
1.334300000000094315e+03,0.000000000000000000e+00
1.334400000000094224e+03,0.000000000000000000e+00
1.334500000000094133e+03,0.000000000000000000e+00
1.334600000000094269e+03,0.000000000000000000e+00
1.334700000000094406e+03,0.000000000000000000e+00
1.334800000000094315e+03,0.000000000000000000e+00
1.334900000000094224e+03,0.000000000000000000e+00
1.335000000000094360e+03,0.000000000000000000e+00
1.335100000000094496e+03,0.000000000000000000e+00
1.335200000000094406e+03,0.000000000000000000e+00
1.335300000000094315e+03,0.000000000000000000e+00
1.335400000000094451e+03,0.000000000000000000e+00
1.335500000000094587e+03,0.000000000000000000e+00
1.335600000000094496e+03,0.000000000000000000e+00
1.335700000000094406e+03,0.000000000000000000e+00
1.335800000000094542e+03,0.000000000000000000e+00
1.335900000000094678e+03,0.000000000000000000e+00
1.336000000000094587e+03,0.000000000000000000e+00
1.336100000000094496e+03,0.000000000000000000e+00
1.336200000000094633e+03,0.000000000000000000e+00
1.336300000000094769e+03,0.000000000000000000e+00
1.336400000000094678e+03,0.000000000000000000e+00
1.336500000000094587e+03,0.000000000000000000e+00
1.336600000000094724e+03,0.000000000000000000e+00
1.336700000000094860e+03,0.000000000000000000e+00
1.336800000000094769e+03,0.000000000000000000e+00
1.336900000000094678e+03,0.000000000000000000e+00
1.337000000000094815e+03,0.000000000000000000e+00
1.337100000000094951e+03,0.000000000000000000e+00
1.337200000000094860e+03,0.000000000000000000e+00
1.337300000000094769e+03,0.000000000000000000e+00
1.337400000000094906e+03,0.000000000000000000e+00
1.337500000000095042e+03,0.000000000000000000e+00
1.337600000000094951e+03,0.000000000000000000e+00
1.337700000000094860e+03,0.000000000000000000e+00
1.337800000000094997e+03,0.000000000000000000e+00
1.337900000000095133e+03,0.000000000000000000e+00
1.338000000000095042e+03,0.000000000000000000e+00
1.338100000000094951e+03,0.000000000000000000e+00
1.338200000000095088e+03,0.000000000000000000e+00
1.338300000000095224e+03,0.000000000000000000e+00
1.338400000000095133e+03,0.000000000000000000e+00
1.338500000000095042e+03,0.000000000000000000e+00
1.338600000000095179e+03,0.000000000000000000e+00
1.338700000000095315e+03,0.000000000000000000e+00
1.338800000000095224e+03,0.000000000000000000e+00
1.338900000000095133e+03,0.000000000000000000e+00
1.339000000000095270e+03,0.000000000000000000e+00
1.339100000000095406e+03,0.000000000000000000e+00
1.339200000000095315e+03,0.000000000000000000e+00
1.339300000000095224e+03,0.000000000000000000e+00
1.339400000000095361e+03,0.000000000000000000e+00
1.339500000000095497e+03,0.000000000000000000e+00
1.339600000000095406e+03,0.000000000000000000e+00
1.339700000000095315e+03,0.000000000000000000e+00
1.339800000000095451e+03,0.000000000000000000e+00
1.339900000000095588e+03,0.000000000000000000e+00
1.340000000000095497e+03,0.000000000000000000e+00
1.340100000000095406e+03,0.000000000000000000e+00
1.340200000000095542e+03,0.000000000000000000e+00
1.340300000000095679e+03,0.000000000000000000e+00
1.340400000000095588e+03,0.000000000000000000e+00
1.340500000000095497e+03,0.000000000000000000e+00
1.340600000000095633e+03,0.000000000000000000e+00
1.340700000000095770e+03,0.000000000000000000e+00
1.340800000000095679e+03,0.000000000000000000e+00
1.340900000000095588e+03,0.000000000000000000e+00
1.341000000000095724e+03,0.000000000000000000e+00
1.341100000000095861e+03,0.000000000000000000e+00
1.341200000000095770e+03,0.000000000000000000e+00
1.341300000000095679e+03,0.000000000000000000e+00
1.341400000000095815e+03,0.000000000000000000e+00
1.341500000000095952e+03,0.000000000000000000e+00
1.341600000000095861e+03,0.000000000000000000e+00
1.341700000000095770e+03,0.000000000000000000e+00
1.341800000000095906e+03,0.000000000000000000e+00
1.341900000000096043e+03,0.000000000000000000e+00
1.342000000000095952e+03,0.000000000000000000e+00
1.342100000000095861e+03,0.000000000000000000e+00
1.342200000000095997e+03,0.000000000000000000e+00
1.342300000000096134e+03,0.000000000000000000e+00
1.342400000000096043e+03,0.000000000000000000e+00
1.342500000000095952e+03,0.000000000000000000e+00
1.342600000000096088e+03,0.000000000000000000e+00
1.342700000000096225e+03,0.000000000000000000e+00
1.342800000000096134e+03,0.000000000000000000e+00
1.342900000000096043e+03,0.000000000000000000e+00
1.343000000000096179e+03,0.000000000000000000e+00
1.343100000000096315e+03,0.000000000000000000e+00
1.343200000000096225e+03,0.000000000000000000e+00
1.343300000000096134e+03,0.000000000000000000e+00
1.343400000000096270e+03,0.000000000000000000e+00
1.343500000000096406e+03,0.000000000000000000e+00
1.343600000000096315e+03,0.000000000000000000e+00
1.343700000000096225e+03,0.000000000000000000e+00
1.343800000000096361e+03,0.000000000000000000e+00
1.343900000000096497e+03,0.000000000000000000e+00
1.344000000000096406e+03,0.000000000000000000e+00
1.344100000000096315e+03,0.000000000000000000e+00
1.344200000000096452e+03,0.000000000000000000e+00
1.344300000000096588e+03,0.000000000000000000e+00
1.344400000000096497e+03,0.000000000000000000e+00
1.344500000000096406e+03,0.000000000000000000e+00
1.344600000000096543e+03,0.000000000000000000e+00
1.344700000000096679e+03,0.000000000000000000e+00
1.344800000000096588e+03,0.000000000000000000e+00
1.344900000000096497e+03,0.000000000000000000e+00
1.345000000000096634e+03,0.000000000000000000e+00
1.345100000000096770e+03,0.000000000000000000e+00
1.345200000000096679e+03,0.000000000000000000e+00
1.345300000000096588e+03,0.000000000000000000e+00
1.345400000000096725e+03,0.000000000000000000e+00
1.345500000000096861e+03,0.000000000000000000e+00
1.345600000000096770e+03,0.000000000000000000e+00
1.345700000000096679e+03,0.000000000000000000e+00
1.345800000000096816e+03,0.000000000000000000e+00
1.345900000000096952e+03,0.000000000000000000e+00
1.346000000000096861e+03,0.000000000000000000e+00
1.346100000000096770e+03,0.000000000000000000e+00
1.346200000000096907e+03,0.000000000000000000e+00
1.346300000000097043e+03,0.000000000000000000e+00
1.346400000000096952e+03,0.000000000000000000e+00
1.346500000000096861e+03,0.000000000000000000e+00
1.346600000000096998e+03,0.000000000000000000e+00
1.346700000000097134e+03,0.000000000000000000e+00
1.346800000000097043e+03,0.000000000000000000e+00
1.346900000000096952e+03,0.000000000000000000e+00
1.347000000000097089e+03,0.000000000000000000e+00
1.347100000000097225e+03,0.000000000000000000e+00
1.347200000000097134e+03,0.000000000000000000e+00
1.347300000000097043e+03,0.000000000000000000e+00
1.347400000000097180e+03,0.000000000000000000e+00
1.347500000000097316e+03,0.000000000000000000e+00
1.347600000000097225e+03,0.000000000000000000e+00
1.347700000000097134e+03,0.000000000000000000e+00
1.347800000000097270e+03,0.000000000000000000e+00
1.347900000000097407e+03,0.000000000000000000e+00
1.348000000000097316e+03,0.000000000000000000e+00
1.348100000000097225e+03,0.000000000000000000e+00
1.348200000000097361e+03,0.000000000000000000e+00
1.348300000000097498e+03,0.000000000000000000e+00
1.348400000000097407e+03,0.000000000000000000e+00
1.348500000000097316e+03,0.000000000000000000e+00
1.348600000000097452e+03,0.000000000000000000e+00
1.348700000000097589e+03,0.000000000000000000e+00
1.348800000000097498e+03,0.000000000000000000e+00
1.348900000000097407e+03,0.000000000000000000e+00
1.349000000000097543e+03,0.000000000000000000e+00
1.349100000000097680e+03,0.000000000000000000e+00
1.349200000000097589e+03,0.000000000000000000e+00
1.349300000000097498e+03,0.000000000000000000e+00
1.349400000000097634e+03,0.000000000000000000e+00
1.349500000000097771e+03,0.000000000000000000e+00
1.349600000000097680e+03,0.000000000000000000e+00
1.349700000000097589e+03,0.000000000000000000e+00
1.349800000000097725e+03,0.000000000000000000e+00
1.349900000000097862e+03,0.000000000000000000e+00
1.350000000000097771e+03,0.000000000000000000e+00
1.350100000000097680e+03,0.000000000000000000e+00
1.350200000000097816e+03,0.000000000000000000e+00
1.350300000000097953e+03,0.000000000000000000e+00
1.350400000000097862e+03,0.000000000000000000e+00
1.350500000000097771e+03,0.000000000000000000e+00
1.350600000000097907e+03,0.000000000000000000e+00
1.350700000000098044e+03,0.000000000000000000e+00
1.350800000000097953e+03,0.000000000000000000e+00
1.350900000000097862e+03,0.000000000000000000e+00
1.351000000000097998e+03,0.000000000000000000e+00
1.351100000000098134e+03,0.000000000000000000e+00
1.351200000000098044e+03,0.000000000000000000e+00
1.351300000000097953e+03,0.000000000000000000e+00
1.351400000000098089e+03,0.000000000000000000e+00
1.351500000000098225e+03,0.000000000000000000e+00
1.351600000000098134e+03,0.000000000000000000e+00
1.351700000000098044e+03,0.000000000000000000e+00
1.351800000000098180e+03,0.000000000000000000e+00
1.351900000000098316e+03,0.000000000000000000e+00
1.352000000000098225e+03,0.000000000000000000e+00
1.352100000000098134e+03,0.000000000000000000e+00
1.352200000000098271e+03,0.000000000000000000e+00
1.352300000000098407e+03,0.000000000000000000e+00
1.352400000000098316e+03,0.000000000000000000e+00
1.352500000000098225e+03,0.000000000000000000e+00
1.352600000000098362e+03,0.000000000000000000e+00
1.352700000000098498e+03,0.000000000000000000e+00
1.352800000000098407e+03,0.000000000000000000e+00
1.352900000000098316e+03,0.000000000000000000e+00
1.353000000000098453e+03,0.000000000000000000e+00
1.353100000000098589e+03,0.000000000000000000e+00
1.353200000000098498e+03,0.000000000000000000e+00
1.353300000000098407e+03,0.000000000000000000e+00
1.353400000000098544e+03,0.000000000000000000e+00
1.353500000000098680e+03,0.000000000000000000e+00
1.353600000000098589e+03,0.000000000000000000e+00
1.353700000000098498e+03,0.000000000000000000e+00
1.353800000000098635e+03,0.000000000000000000e+00
1.353900000000098771e+03,0.000000000000000000e+00
1.354000000000098680e+03,0.000000000000000000e+00
1.354100000000098589e+03,0.000000000000000000e+00
1.354200000000098726e+03,0.000000000000000000e+00
1.354300000000098862e+03,0.000000000000000000e+00
1.354400000000098771e+03,0.000000000000000000e+00
1.354500000000098680e+03,0.000000000000000000e+00
1.354600000000098817e+03,0.000000000000000000e+00
1.354700000000098953e+03,0.000000000000000000e+00
1.354800000000098862e+03,0.000000000000000000e+00
1.354900000000098771e+03,0.000000000000000000e+00
1.355000000000098908e+03,0.000000000000000000e+00
1.355100000000099044e+03,0.000000000000000000e+00
1.355200000000098953e+03,0.000000000000000000e+00
1.355300000000098862e+03,0.000000000000000000e+00
1.355400000000098998e+03,0.000000000000000000e+00
1.355500000000099135e+03,0.000000000000000000e+00
1.355600000000099044e+03,0.000000000000000000e+00
1.355700000000098953e+03,0.000000000000000000e+00
1.355800000000099089e+03,0.000000000000000000e+00
1.355900000000099226e+03,0.000000000000000000e+00
1.356000000000099135e+03,0.000000000000000000e+00
1.356100000000099044e+03,0.000000000000000000e+00
1.356200000000099180e+03,0.000000000000000000e+00
1.356300000000099317e+03,0.000000000000000000e+00
1.356400000000099226e+03,0.000000000000000000e+00
1.356500000000099135e+03,0.000000000000000000e+00
1.356600000000099271e+03,0.000000000000000000e+00
1.356700000000099408e+03,0.000000000000000000e+00
1.356800000000099317e+03,0.000000000000000000e+00
1.356900000000099226e+03,0.000000000000000000e+00
1.357000000000099362e+03,0.000000000000000000e+00
1.357100000000099499e+03,0.000000000000000000e+00
1.357200000000099408e+03,0.000000000000000000e+00
1.357300000000099317e+03,0.000000000000000000e+00
1.357400000000099453e+03,0.000000000000000000e+00
1.357500000000099590e+03,0.000000000000000000e+00
1.357600000000099499e+03,0.000000000000000000e+00
1.357700000000099408e+03,0.000000000000000000e+00
1.357800000000099544e+03,0.000000000000000000e+00
1.357900000000099681e+03,0.000000000000000000e+00
1.358000000000099590e+03,0.000000000000000000e+00
1.358100000000099499e+03,0.000000000000000000e+00
1.358200000000099635e+03,0.000000000000000000e+00
1.358300000000099772e+03,0.000000000000000000e+00
1.358400000000099681e+03,0.000000000000000000e+00
1.358500000000099590e+03,0.000000000000000000e+00
1.358600000000099726e+03,0.000000000000000000e+00
1.358700000000099863e+03,0.000000000000000000e+00
1.358800000000099772e+03,0.000000000000000000e+00
1.358900000000099681e+03,0.000000000000000000e+00
1.359000000000099817e+03,0.000000000000000000e+00
1.359100000000099953e+03,0.000000000000000000e+00
1.359200000000099863e+03,0.000000000000000000e+00
1.359300000000099772e+03,0.000000000000000000e+00
1.359400000000099908e+03,0.000000000000000000e+00
1.359500000000100044e+03,0.000000000000000000e+00
1.359600000000099953e+03,0.000000000000000000e+00
1.359700000000099863e+03,0.000000000000000000e+00
1.359800000000099999e+03,0.000000000000000000e+00
1.359900000000100135e+03,0.000000000000000000e+00
1.360000000000100044e+03,0.000000000000000000e+00
1.360100000000099953e+03,0.000000000000000000e+00
1.360200000000100090e+03,0.000000000000000000e+00
1.360300000000100226e+03,0.000000000000000000e+00
1.360400000000100135e+03,0.000000000000000000e+00
1.360500000000100044e+03,0.000000000000000000e+00
1.360600000000100181e+03,0.000000000000000000e+00
1.360700000000100317e+03,0.000000000000000000e+00
1.360800000000100226e+03,0.000000000000000000e+00
1.360900000000100135e+03,0.000000000000000000e+00
1.361000000000100272e+03,0.000000000000000000e+00
1.361100000000100408e+03,0.000000000000000000e+00
1.361200000000100317e+03,0.000000000000000000e+00
1.361300000000100226e+03,0.000000000000000000e+00
1.361400000000100363e+03,0.000000000000000000e+00
1.361500000000100499e+03,0.000000000000000000e+00
1.361600000000100408e+03,0.000000000000000000e+00
1.361700000000100317e+03,0.000000000000000000e+00
1.361800000000100454e+03,0.000000000000000000e+00
1.361900000000100590e+03,0.000000000000000000e+00
1.362000000000100499e+03,0.000000000000000000e+00
1.362100000000100408e+03,0.000000000000000000e+00
1.362200000000100545e+03,0.000000000000000000e+00
1.362300000000100681e+03,0.000000000000000000e+00
1.362400000000100590e+03,0.000000000000000000e+00
1.362500000000100499e+03,0.000000000000000000e+00
1.362600000000100636e+03,0.000000000000000000e+00
1.362700000000100772e+03,0.000000000000000000e+00
1.362800000000100681e+03,0.000000000000000000e+00
1.362900000000100590e+03,0.000000000000000000e+00
1.363000000000100727e+03,0.000000000000000000e+00
1.363100000000100863e+03,0.000000000000000000e+00
1.363200000000100772e+03,0.000000000000000000e+00
1.363300000000100681e+03,0.000000000000000000e+00
1.363400000000100817e+03,0.000000000000000000e+00
1.363500000000100954e+03,0.000000000000000000e+00
1.363600000000100863e+03,0.000000000000000000e+00
1.363700000000100772e+03,0.000000000000000000e+00
1.363800000000100908e+03,0.000000000000000000e+00
1.363900000000101045e+03,0.000000000000000000e+00
1.364000000000100954e+03,0.000000000000000000e+00
1.364100000000100863e+03,0.000000000000000000e+00
1.364200000000100999e+03,0.000000000000000000e+00
1.364300000000101136e+03,0.000000000000000000e+00
1.364400000000101045e+03,0.000000000000000000e+00
1.364500000000100954e+03,0.000000000000000000e+00
1.364600000000101090e+03,0.000000000000000000e+00
1.364700000000101227e+03,0.000000000000000000e+00
1.364800000000101136e+03,0.000000000000000000e+00
1.364900000000101045e+03,0.000000000000000000e+00
1.365000000000101181e+03,0.000000000000000000e+00
1.365100000000101318e+03,0.000000000000000000e+00
1.365200000000101227e+03,0.000000000000000000e+00
1.365300000000101136e+03,0.000000000000000000e+00
1.365400000000101272e+03,0.000000000000000000e+00
1.365500000000101409e+03,0.000000000000000000e+00
1.365600000000101318e+03,0.000000000000000000e+00
1.365700000000101227e+03,0.000000000000000000e+00
1.365800000000101363e+03,0.000000000000000000e+00
1.365900000000101500e+03,0.000000000000000000e+00
1.366000000000101409e+03,0.000000000000000000e+00
1.366100000000101318e+03,0.000000000000000000e+00
1.366200000000101454e+03,0.000000000000000000e+00
1.366300000000101591e+03,0.000000000000000000e+00
1.366400000000101500e+03,0.000000000000000000e+00
1.366500000000101409e+03,0.000000000000000000e+00
1.366600000000101545e+03,0.000000000000000000e+00
1.366700000000101682e+03,0.000000000000000000e+00
1.366800000000101591e+03,0.000000000000000000e+00
1.366900000000101500e+03,0.000000000000000000e+00
1.367000000000101636e+03,0.000000000000000000e+00
1.367100000000101772e+03,0.000000000000000000e+00
1.367200000000101682e+03,0.000000000000000000e+00
1.367300000000101591e+03,0.000000000000000000e+00
1.367400000000101727e+03,0.000000000000000000e+00
1.367500000000101863e+03,0.000000000000000000e+00
1.367600000000101772e+03,0.000000000000000000e+00
1.367700000000101682e+03,0.000000000000000000e+00
1.367800000000101818e+03,0.000000000000000000e+00
1.367900000000101954e+03,0.000000000000000000e+00
1.368000000000101863e+03,0.000000000000000000e+00
1.368100000000101772e+03,0.000000000000000000e+00
1.368200000000101909e+03,0.000000000000000000e+00
1.368300000000102045e+03,0.000000000000000000e+00
1.368400000000101954e+03,0.000000000000000000e+00
1.368500000000101863e+03,0.000000000000000000e+00
1.368600000000102000e+03,0.000000000000000000e+00
1.368700000000102136e+03,0.000000000000000000e+00
1.368800000000102045e+03,0.000000000000000000e+00
1.368900000000101954e+03,0.000000000000000000e+00
1.369000000000102091e+03,0.000000000000000000e+00
1.369100000000102227e+03,0.000000000000000000e+00
1.369200000000102136e+03,0.000000000000000000e+00
1.369300000000102045e+03,0.000000000000000000e+00
1.369400000000102182e+03,0.000000000000000000e+00
1.369500000000102318e+03,0.000000000000000000e+00
1.369600000000102227e+03,0.000000000000000000e+00
1.369700000000102136e+03,0.000000000000000000e+00
1.369800000000102273e+03,0.000000000000000000e+00
1.369900000000102409e+03,0.000000000000000000e+00
1.370000000000102318e+03,0.000000000000000000e+00
1.370100000000102227e+03,0.000000000000000000e+00
1.370200000000102364e+03,0.000000000000000000e+00
1.370300000000102500e+03,0.000000000000000000e+00
1.370400000000102409e+03,0.000000000000000000e+00
1.370500000000102318e+03,0.000000000000000000e+00
1.370600000000102455e+03,0.000000000000000000e+00
1.370700000000102591e+03,0.000000000000000000e+00
1.370800000000102500e+03,0.000000000000000000e+00
1.370900000000102409e+03,0.000000000000000000e+00
1.371000000000102546e+03,0.000000000000000000e+00
1.371100000000102682e+03,0.000000000000000000e+00
1.371200000000102591e+03,0.000000000000000000e+00
1.371300000000102500e+03,0.000000000000000000e+00
1.371400000000102636e+03,0.000000000000000000e+00
1.371500000000102773e+03,0.000000000000000000e+00
1.371600000000102682e+03,0.000000000000000000e+00
1.371700000000102591e+03,0.000000000000000000e+00
1.371800000000102727e+03,0.000000000000000000e+00
1.371900000000102864e+03,0.000000000000000000e+00
1.372000000000102773e+03,0.000000000000000000e+00
1.372100000000102682e+03,0.000000000000000000e+00
1.372200000000102818e+03,0.000000000000000000e+00
1.372300000000102955e+03,0.000000000000000000e+00
1.372400000000102864e+03,0.000000000000000000e+00
1.372500000000102773e+03,0.000000000000000000e+00
1.372600000000102909e+03,0.000000000000000000e+00
1.372700000000103046e+03,0.000000000000000000e+00
1.372800000000102955e+03,0.000000000000000000e+00
1.372900000000102864e+03,0.000000000000000000e+00
1.373000000000103000e+03,0.000000000000000000e+00
1.373100000000103137e+03,0.000000000000000000e+00
1.373200000000103046e+03,0.000000000000000000e+00
1.373300000000102955e+03,0.000000000000000000e+00
1.373400000000103091e+03,0.000000000000000000e+00
1.373500000000103228e+03,0.000000000000000000e+00
1.373600000000103137e+03,0.000000000000000000e+00
1.373700000000103046e+03,0.000000000000000000e+00
1.373800000000103182e+03,0.000000000000000000e+00
1.373900000000103319e+03,0.000000000000000000e+00
1.374000000000103228e+03,0.000000000000000000e+00
1.374100000000103137e+03,0.000000000000000000e+00
1.374200000000103273e+03,0.000000000000000000e+00
1.374300000000103410e+03,0.000000000000000000e+00
1.374400000000103319e+03,0.000000000000000000e+00
1.374500000000103228e+03,0.000000000000000000e+00
1.374600000000103364e+03,0.000000000000000000e+00
1.374700000000103500e+03,0.000000000000000000e+00
1.374800000000103410e+03,0.000000000000000000e+00
1.374900000000103319e+03,0.000000000000000000e+00
1.375000000000103455e+03,0.000000000000000000e+00
1.375100000000103591e+03,0.000000000000000000e+00
1.375200000000103500e+03,0.000000000000000000e+00
1.375300000000103410e+03,0.000000000000000000e+00
1.375400000000103546e+03,0.000000000000000000e+00
1.375500000000103682e+03,0.000000000000000000e+00
1.375600000000103591e+03,0.000000000000000000e+00
1.375700000000103500e+03,0.000000000000000000e+00
1.375800000000103637e+03,0.000000000000000000e+00
1.375900000000103773e+03,0.000000000000000000e+00
1.376000000000103682e+03,0.000000000000000000e+00
1.376100000000103591e+03,0.000000000000000000e+00
1.376200000000103728e+03,0.000000000000000000e+00
1.376300000000103864e+03,0.000000000000000000e+00
1.376400000000103773e+03,0.000000000000000000e+00
1.376500000000103682e+03,0.000000000000000000e+00
1.376600000000103819e+03,0.000000000000000000e+00
1.376700000000103955e+03,0.000000000000000000e+00
1.376800000000103864e+03,0.000000000000000000e+00
1.376900000000103773e+03,0.000000000000000000e+00
1.377000000000103910e+03,0.000000000000000000e+00
1.377100000000104046e+03,0.000000000000000000e+00
1.377200000000103955e+03,0.000000000000000000e+00
1.377300000000103864e+03,0.000000000000000000e+00
1.377400000000104001e+03,0.000000000000000000e+00
1.377500000000104137e+03,0.000000000000000000e+00
1.377600000000104046e+03,0.000000000000000000e+00
1.377700000000103955e+03,0.000000000000000000e+00
1.377800000000104092e+03,0.000000000000000000e+00
1.377900000000104228e+03,0.000000000000000000e+00
1.378000000000104137e+03,0.000000000000000000e+00
1.378100000000104046e+03,0.000000000000000000e+00
1.378200000000104183e+03,0.000000000000000000e+00
1.378300000000104319e+03,0.000000000000000000e+00
1.378400000000104228e+03,0.000000000000000000e+00
1.378500000000104137e+03,0.000000000000000000e+00
1.378600000000104274e+03,0.000000000000000000e+00
1.378700000000104410e+03,0.000000000000000000e+00
1.378800000000104319e+03,0.000000000000000000e+00
1.378900000000104228e+03,0.000000000000000000e+00
1.379000000000104365e+03,0.000000000000000000e+00
1.379100000000104501e+03,0.000000000000000000e+00
1.379200000000104410e+03,0.000000000000000000e+00
1.379300000000104319e+03,0.000000000000000000e+00
1.379400000000104455e+03,0.000000000000000000e+00
1.379500000000104592e+03,0.000000000000000000e+00
1.379600000000104501e+03,0.000000000000000000e+00
1.379700000000104410e+03,0.000000000000000000e+00
1.379800000000104546e+03,0.000000000000000000e+00
1.379900000000104683e+03,0.000000000000000000e+00
1.380000000000104592e+03,0.000000000000000000e+00
1.380100000000104501e+03,0.000000000000000000e+00
1.380200000000104637e+03,0.000000000000000000e+00
1.380300000000104774e+03,0.000000000000000000e+00
1.380400000000104683e+03,0.000000000000000000e+00
1.380500000000104592e+03,0.000000000000000000e+00
1.380600000000104728e+03,0.000000000000000000e+00
1.380700000000104865e+03,0.000000000000000000e+00
1.380800000000104774e+03,0.000000000000000000e+00
1.380900000000104683e+03,0.000000000000000000e+00
1.381000000000104819e+03,0.000000000000000000e+00
1.381100000000104956e+03,0.000000000000000000e+00
1.381200000000104865e+03,0.000000000000000000e+00
1.381300000000104774e+03,0.000000000000000000e+00
1.381400000000104910e+03,0.000000000000000000e+00
1.381500000000105047e+03,0.000000000000000000e+00
1.381600000000104956e+03,0.000000000000000000e+00
1.381700000000104865e+03,0.000000000000000000e+00
1.381800000000105001e+03,0.000000000000000000e+00
1.381900000000105138e+03,0.000000000000000000e+00
1.382000000000105047e+03,0.000000000000000000e+00
1.382100000000104956e+03,0.000000000000000000e+00
1.382200000000105092e+03,0.000000000000000000e+00
1.382300000000105229e+03,0.000000000000000000e+00
1.382400000000105138e+03,0.000000000000000000e+00
1.382500000000105047e+03,0.000000000000000000e+00
1.382600000000105183e+03,0.000000000000000000e+00
1.382700000000105319e+03,0.000000000000000000e+00
1.382800000000105229e+03,0.000000000000000000e+00
1.382900000000105138e+03,0.000000000000000000e+00
1.383000000000105274e+03,0.000000000000000000e+00
1.383100000000105410e+03,0.000000000000000000e+00
1.383200000000105319e+03,0.000000000000000000e+00
1.383300000000105229e+03,0.000000000000000000e+00
1.383400000000105365e+03,0.000000000000000000e+00
1.383500000000105501e+03,0.000000000000000000e+00
1.383600000000105410e+03,0.000000000000000000e+00
1.383700000000105319e+03,0.000000000000000000e+00
1.383800000000105456e+03,0.000000000000000000e+00
1.383900000000105592e+03,0.000000000000000000e+00
1.384000000000105501e+03,0.000000000000000000e+00
1.384100000000105410e+03,0.000000000000000000e+00
1.384200000000105547e+03,0.000000000000000000e+00
1.384300000000105683e+03,0.000000000000000000e+00
1.384400000000105592e+03,0.000000000000000000e+00
1.384500000000105501e+03,0.000000000000000000e+00
1.384600000000105638e+03,0.000000000000000000e+00
1.384700000000105774e+03,0.000000000000000000e+00
1.384800000000105683e+03,0.000000000000000000e+00
1.384900000000105592e+03,0.000000000000000000e+00
1.385000000000105729e+03,0.000000000000000000e+00
1.385100000000105865e+03,0.000000000000000000e+00
1.385200000000105774e+03,0.000000000000000000e+00
1.385300000000105683e+03,0.000000000000000000e+00
1.385400000000105820e+03,0.000000000000000000e+00
1.385500000000105956e+03,0.000000000000000000e+00
1.385600000000105865e+03,0.000000000000000000e+00
1.385700000000105774e+03,0.000000000000000000e+00
1.385800000000105911e+03,0.000000000000000000e+00
1.385900000000106047e+03,0.000000000000000000e+00
1.386000000000105956e+03,0.000000000000000000e+00
1.386100000000105865e+03,0.000000000000000000e+00
1.386200000000106002e+03,0.000000000000000000e+00
1.386300000000106138e+03,0.000000000000000000e+00
1.386400000000106047e+03,0.000000000000000000e+00
1.386500000000105956e+03,0.000000000000000000e+00
1.386600000000106093e+03,0.000000000000000000e+00
1.386700000000106229e+03,0.000000000000000000e+00
1.386800000000106138e+03,0.000000000000000000e+00
1.386900000000106047e+03,0.000000000000000000e+00
1.387000000000106184e+03,0.000000000000000000e+00
1.387100000000106320e+03,0.000000000000000000e+00
1.387200000000106229e+03,0.000000000000000000e+00
1.387300000000106138e+03,0.000000000000000000e+00
1.387400000000106274e+03,0.000000000000000000e+00
1.387500000000106411e+03,0.000000000000000000e+00
1.387600000000106320e+03,0.000000000000000000e+00
1.387700000000106229e+03,0.000000000000000000e+00
1.387800000000106365e+03,0.000000000000000000e+00
1.387900000000106502e+03,0.000000000000000000e+00
1.388000000000106411e+03,0.000000000000000000e+00
1.388100000000106320e+03,0.000000000000000000e+00
1.388200000000106456e+03,0.000000000000000000e+00
1.388300000000106593e+03,0.000000000000000000e+00
1.388400000000106502e+03,0.000000000000000000e+00
1.388500000000106411e+03,0.000000000000000000e+00
1.388600000000106547e+03,0.000000000000000000e+00
1.388700000000106684e+03,0.000000000000000000e+00
1.388800000000106593e+03,0.000000000000000000e+00
1.388900000000106502e+03,0.000000000000000000e+00
1.389000000000106638e+03,0.000000000000000000e+00
1.389100000000106775e+03,0.000000000000000000e+00
1.389200000000106684e+03,0.000000000000000000e+00
1.389300000000106593e+03,0.000000000000000000e+00
1.389400000000106729e+03,0.000000000000000000e+00
1.389500000000106866e+03,0.000000000000000000e+00
1.389600000000106775e+03,0.000000000000000000e+00
1.389700000000106684e+03,0.000000000000000000e+00
1.389800000000106820e+03,0.000000000000000000e+00
1.389900000000106957e+03,0.000000000000000000e+00
1.390000000000106866e+03,0.000000000000000000e+00
1.390100000000106775e+03,0.000000000000000000e+00
1.390200000000106911e+03,0.000000000000000000e+00
1.390300000000107048e+03,0.000000000000000000e+00
1.390400000000106957e+03,0.000000000000000000e+00
1.390500000000106866e+03,0.000000000000000000e+00
1.390600000000107002e+03,0.000000000000000000e+00
1.390700000000107138e+03,0.000000000000000000e+00
1.390800000000107048e+03,0.000000000000000000e+00
1.390900000000106957e+03,0.000000000000000000e+00
1.391000000000107093e+03,0.000000000000000000e+00
1.391100000000107229e+03,0.000000000000000000e+00
1.391200000000107138e+03,0.000000000000000000e+00
1.391300000000107048e+03,0.000000000000000000e+00
1.391400000000107184e+03,0.000000000000000000e+00
1.391500000000107320e+03,0.000000000000000000e+00
1.391600000000107229e+03,0.000000000000000000e+00
1.391700000000107138e+03,0.000000000000000000e+00
1.391800000000107275e+03,0.000000000000000000e+00
1.391900000000107411e+03,0.000000000000000000e+00
1.392000000000107320e+03,0.000000000000000000e+00
1.392100000000107229e+03,0.000000000000000000e+00
1.392200000000107366e+03,0.000000000000000000e+00
1.392300000000107502e+03,0.000000000000000000e+00
1.392400000000107411e+03,0.000000000000000000e+00
1.392500000000107320e+03,0.000000000000000000e+00
1.392600000000107457e+03,0.000000000000000000e+00
1.392700000000107593e+03,0.000000000000000000e+00
1.392800000000107502e+03,0.000000000000000000e+00
1.392900000000107411e+03,0.000000000000000000e+00
1.393000000000107548e+03,0.000000000000000000e+00
1.393100000000107684e+03,0.000000000000000000e+00
1.393200000000107593e+03,0.000000000000000000e+00
1.393300000000107502e+03,0.000000000000000000e+00
1.393400000000107639e+03,0.000000000000000000e+00
1.393500000000107775e+03,0.000000000000000000e+00
1.393600000000107684e+03,0.000000000000000000e+00
1.393700000000107593e+03,0.000000000000000000e+00
1.393800000000107730e+03,0.000000000000000000e+00
1.393900000000107866e+03,0.000000000000000000e+00
1.394000000000107775e+03,0.000000000000000000e+00
1.394100000000107684e+03,0.000000000000000000e+00
1.394200000000107821e+03,0.000000000000000000e+00
1.394300000000107957e+03,0.000000000000000000e+00
1.394400000000107866e+03,0.000000000000000000e+00
1.394500000000107775e+03,0.000000000000000000e+00
1.394600000000107912e+03,0.000000000000000000e+00
1.394700000000108048e+03,0.000000000000000000e+00
1.394800000000107957e+03,0.000000000000000000e+00
1.394900000000107866e+03,0.000000000000000000e+00
1.395000000000108002e+03,0.000000000000000000e+00
1.395100000000108139e+03,0.000000000000000000e+00
1.395200000000108048e+03,0.000000000000000000e+00
1.395300000000107957e+03,0.000000000000000000e+00
1.395400000000108093e+03,0.000000000000000000e+00
1.395500000000108230e+03,0.000000000000000000e+00
1.395600000000108139e+03,0.000000000000000000e+00
1.395700000000108048e+03,0.000000000000000000e+00
1.395800000000108184e+03,0.000000000000000000e+00
1.395900000000108321e+03,0.000000000000000000e+00
1.396000000000108230e+03,0.000000000000000000e+00
1.396100000000108139e+03,0.000000000000000000e+00
1.396200000000108275e+03,0.000000000000000000e+00
1.396300000000108412e+03,0.000000000000000000e+00
1.396400000000108321e+03,0.000000000000000000e+00
1.396500000000108230e+03,0.000000000000000000e+00
1.396600000000108366e+03,0.000000000000000000e+00
1.396700000000108503e+03,0.000000000000000000e+00
1.396800000000108412e+03,0.000000000000000000e+00
1.396900000000108321e+03,0.000000000000000000e+00
1.397000000000108457e+03,0.000000000000000000e+00
1.397100000000108594e+03,0.000000000000000000e+00
1.397200000000108503e+03,0.000000000000000000e+00
1.397300000000108412e+03,0.000000000000000000e+00
1.397400000000108548e+03,0.000000000000000000e+00
1.397500000000108685e+03,0.000000000000000000e+00
1.397600000000108594e+03,0.000000000000000000e+00
1.397700000000108503e+03,0.000000000000000000e+00
1.397800000000108639e+03,0.000000000000000000e+00
1.397900000000108776e+03,0.000000000000000000e+00
1.398000000000108685e+03,0.000000000000000000e+00
1.398100000000108594e+03,0.000000000000000000e+00
1.398200000000108730e+03,0.000000000000000000e+00
1.398300000000108867e+03,0.000000000000000000e+00
1.398400000000108776e+03,0.000000000000000000e+00
1.398500000000108685e+03,0.000000000000000000e+00
1.398600000000108821e+03,0.000000000000000000e+00
1.398700000000108957e+03,0.000000000000000000e+00
1.398800000000108867e+03,0.000000000000000000e+00
1.398900000000108776e+03,0.000000000000000000e+00
1.399000000000108912e+03,0.000000000000000000e+00
1.399100000000109048e+03,0.000000000000000000e+00
1.399200000000108957e+03,0.000000000000000000e+00
1.399300000000108867e+03,0.000000000000000000e+00
1.399400000000109003e+03,0.000000000000000000e+00
1.399500000000109139e+03,0.000000000000000000e+00
1.399600000000109048e+03,0.000000000000000000e+00
1.399700000000108957e+03,0.000000000000000000e+00
1.399800000000109094e+03,0.000000000000000000e+00
1.399900000000109230e+03,0.000000000000000000e+00
1.400000000000109139e+03,0.000000000000000000e+00
1.400100000000109048e+03,0.000000000000000000e+00
1.400200000000109185e+03,0.000000000000000000e+00
1.400300000000109321e+03,0.000000000000000000e+00
1.400400000000109230e+03,0.000000000000000000e+00
1.400500000000109139e+03,0.000000000000000000e+00
1.400600000000109276e+03,0.000000000000000000e+00
1.400700000000109412e+03,0.000000000000000000e+00
1.400800000000109321e+03,0.000000000000000000e+00
1.400900000000109230e+03,0.000000000000000000e+00
1.401000000000109367e+03,0.000000000000000000e+00
1.401100000000109503e+03,0.000000000000000000e+00
1.401200000000109412e+03,0.000000000000000000e+00
1.401300000000109321e+03,0.000000000000000000e+00
1.401400000000109458e+03,0.000000000000000000e+00
1.401500000000109594e+03,0.000000000000000000e+00
1.401600000000109503e+03,0.000000000000000000e+00
1.401700000000109412e+03,0.000000000000000000e+00
1.401800000000109549e+03,0.000000000000000000e+00
1.401900000000109685e+03,0.000000000000000000e+00
1.402000000000109594e+03,0.000000000000000000e+00
1.402100000000109503e+03,0.000000000000000000e+00
1.402200000000109640e+03,0.000000000000000000e+00
1.402300000000109776e+03,0.000000000000000000e+00
1.402400000000109685e+03,0.000000000000000000e+00
1.402500000000109594e+03,0.000000000000000000e+00
1.402600000000109731e+03,0.000000000000000000e+00
1.402700000000109867e+03,0.000000000000000000e+00
1.402800000000109776e+03,0.000000000000000000e+00
1.402900000000109685e+03,0.000000000000000000e+00
1.403000000000109821e+03,0.000000000000000000e+00
1.403100000000109958e+03,0.000000000000000000e+00
1.403200000000109867e+03,0.000000000000000000e+00
1.403300000000109776e+03,0.000000000000000000e+00
1.403400000000109912e+03,0.000000000000000000e+00
1.403500000000110049e+03,0.000000000000000000e+00
1.403600000000109958e+03,0.000000000000000000e+00
1.403700000000109867e+03,0.000000000000000000e+00
1.403800000000110003e+03,0.000000000000000000e+00
1.403900000000110140e+03,0.000000000000000000e+00
1.404000000000110049e+03,0.000000000000000000e+00
1.404100000000109958e+03,0.000000000000000000e+00
1.404200000000110094e+03,0.000000000000000000e+00
1.404300000000110231e+03,0.000000000000000000e+00
1.404400000000110140e+03,0.000000000000000000e+00
1.404500000000110049e+03,0.000000000000000000e+00
1.404600000000110185e+03,0.000000000000000000e+00
1.404700000000110322e+03,0.000000000000000000e+00
1.404800000000110231e+03,0.000000000000000000e+00
1.404900000000110140e+03,0.000000000000000000e+00
1.405000000000110276e+03,0.000000000000000000e+00
1.405100000000110413e+03,0.000000000000000000e+00
1.405200000000110322e+03,0.000000000000000000e+00
1.405300000000110231e+03,0.000000000000000000e+00
1.405400000000110367e+03,0.000000000000000000e+00
1.405500000000110504e+03,0.000000000000000000e+00
1.405600000000110413e+03,0.000000000000000000e+00
1.405700000000110322e+03,0.000000000000000000e+00
1.405800000000110458e+03,0.000000000000000000e+00
1.405900000000110595e+03,0.000000000000000000e+00
1.406000000000110504e+03,0.000000000000000000e+00
1.406100000000110413e+03,0.000000000000000000e+00
1.406200000000110549e+03,0.000000000000000000e+00
1.406300000000110686e+03,0.000000000000000000e+00
1.406400000000110595e+03,0.000000000000000000e+00
1.406500000000110504e+03,0.000000000000000000e+00
1.406600000000110640e+03,0.000000000000000000e+00
1.406700000000110776e+03,0.000000000000000000e+00
1.406800000000110686e+03,0.000000000000000000e+00
1.406900000000110595e+03,0.000000000000000000e+00
1.407000000000110731e+03,0.000000000000000000e+00
1.407100000000110867e+03,0.000000000000000000e+00
1.407200000000110776e+03,0.000000000000000000e+00
1.407300000000110686e+03,0.000000000000000000e+00
1.407400000000110822e+03,0.000000000000000000e+00
1.407500000000110958e+03,0.000000000000000000e+00
1.407600000000110867e+03,0.000000000000000000e+00
1.407700000000110776e+03,0.000000000000000000e+00
1.407800000000110913e+03,0.000000000000000000e+00
1.407900000000111049e+03,0.000000000000000000e+00
1.408000000000110958e+03,0.000000000000000000e+00
1.408100000000110867e+03,0.000000000000000000e+00
1.408200000000111004e+03,0.000000000000000000e+00
1.408300000000111140e+03,0.000000000000000000e+00
1.408400000000111049e+03,0.000000000000000000e+00
1.408500000000110958e+03,0.000000000000000000e+00
1.408600000000111095e+03,0.000000000000000000e+00
1.408700000000111231e+03,0.000000000000000000e+00
1.408800000000111140e+03,0.000000000000000000e+00
1.408900000000111049e+03,0.000000000000000000e+00
1.409000000000111186e+03,0.000000000000000000e+00
1.409100000000111322e+03,0.000000000000000000e+00
1.409200000000111231e+03,0.000000000000000000e+00
1.409300000000111140e+03,0.000000000000000000e+00
1.409400000000111277e+03,0.000000000000000000e+00
1.409500000000111413e+03,0.000000000000000000e+00
1.409600000000111322e+03,0.000000000000000000e+00
1.409700000000111231e+03,0.000000000000000000e+00
1.409800000000111368e+03,0.000000000000000000e+00
1.409900000000111504e+03,0.000000000000000000e+00
1.410000000000111413e+03,0.000000000000000000e+00
1.410100000000111322e+03,0.000000000000000000e+00
1.410200000000111459e+03,0.000000000000000000e+00
1.410300000000111595e+03,0.000000000000000000e+00
1.410400000000111504e+03,0.000000000000000000e+00
1.410500000000111413e+03,0.000000000000000000e+00
1.410600000000111550e+03,0.000000000000000000e+00
1.410700000000111686e+03,0.000000000000000000e+00
1.410800000000111595e+03,0.000000000000000000e+00
1.410900000000111504e+03,0.000000000000000000e+00
1.411000000000111640e+03,0.000000000000000000e+00
1.411100000000111777e+03,0.000000000000000000e+00
1.411200000000111686e+03,0.000000000000000000e+00
1.411300000000111595e+03,0.000000000000000000e+00
1.411400000000111731e+03,0.000000000000000000e+00
1.411500000000111868e+03,0.000000000000000000e+00
1.411600000000111777e+03,0.000000000000000000e+00
1.411700000000111686e+03,0.000000000000000000e+00
1.411800000000111822e+03,0.000000000000000000e+00
1.411900000000111959e+03,0.000000000000000000e+00
1.412000000000111868e+03,0.000000000000000000e+00
1.412100000000111777e+03,0.000000000000000000e+00
1.412200000000111913e+03,0.000000000000000000e+00
1.412300000000112050e+03,0.000000000000000000e+00
1.412400000000111959e+03,0.000000000000000000e+00
1.412500000000111868e+03,0.000000000000000000e+00
1.412600000000112004e+03,0.000000000000000000e+00
1.412700000000112141e+03,0.000000000000000000e+00
1.412800000000112050e+03,0.000000000000000000e+00
1.412900000000111959e+03,0.000000000000000000e+00
1.413000000000112095e+03,0.000000000000000000e+00
1.413100000000112232e+03,0.000000000000000000e+00
1.413200000000112141e+03,0.000000000000000000e+00
1.413300000000112050e+03,0.000000000000000000e+00
1.413400000000112186e+03,0.000000000000000000e+00
1.413500000000112323e+03,0.000000000000000000e+00
1.413600000000112232e+03,0.000000000000000000e+00
1.413700000000112141e+03,0.000000000000000000e+00
1.413800000000112277e+03,0.000000000000000000e+00
1.413900000000112414e+03,0.000000000000000000e+00
1.414000000000112323e+03,0.000000000000000000e+00
1.414100000000112232e+03,0.000000000000000000e+00
1.414200000000112368e+03,0.000000000000000000e+00
1.414300000000112504e+03,0.000000000000000000e+00
1.414400000000112414e+03,0.000000000000000000e+00
1.414500000000112323e+03,0.000000000000000000e+00
1.414600000000112459e+03,0.000000000000000000e+00
1.414700000000112595e+03,0.000000000000000000e+00
1.414800000000112504e+03,0.000000000000000000e+00
1.414900000000112414e+03,0.000000000000000000e+00
1.415000000000112550e+03,0.000000000000000000e+00
1.415100000000112686e+03,0.000000000000000000e+00
1.415200000000112595e+03,0.000000000000000000e+00
1.415300000000112504e+03,0.000000000000000000e+00
1.415400000000112641e+03,0.000000000000000000e+00
1.415500000000112777e+03,0.000000000000000000e+00
1.415600000000112686e+03,0.000000000000000000e+00
1.415700000000112595e+03,0.000000000000000000e+00
1.415800000000112732e+03,0.000000000000000000e+00
1.415900000000112868e+03,0.000000000000000000e+00
1.416000000000112777e+03,0.000000000000000000e+00
1.416100000000112686e+03,0.000000000000000000e+00
1.416200000000112823e+03,0.000000000000000000e+00
1.416300000000112959e+03,0.000000000000000000e+00
1.416400000000112868e+03,0.000000000000000000e+00
1.416500000000112777e+03,0.000000000000000000e+00
1.416600000000112914e+03,0.000000000000000000e+00
1.416700000000113050e+03,0.000000000000000000e+00
1.416800000000112959e+03,0.000000000000000000e+00
1.416900000000112868e+03,0.000000000000000000e+00
1.417000000000113005e+03,0.000000000000000000e+00
1.417100000000113141e+03,0.000000000000000000e+00
1.417200000000113050e+03,0.000000000000000000e+00
1.417300000000112959e+03,0.000000000000000000e+00
1.417400000000113096e+03,0.000000000000000000e+00
1.417500000000113232e+03,0.000000000000000000e+00
1.417600000000113141e+03,0.000000000000000000e+00
1.417700000000113050e+03,0.000000000000000000e+00
1.417800000000113187e+03,0.000000000000000000e+00
1.417900000000113323e+03,0.000000000000000000e+00
1.418000000000113232e+03,0.000000000000000000e+00
1.418100000000113141e+03,0.000000000000000000e+00
1.418200000000113278e+03,0.000000000000000000e+00
1.418300000000113414e+03,0.000000000000000000e+00
1.418400000000113323e+03,0.000000000000000000e+00
1.418500000000113232e+03,0.000000000000000000e+00
1.418600000000113369e+03,0.000000000000000000e+00
1.418700000000113505e+03,0.000000000000000000e+00
1.418800000000113414e+03,0.000000000000000000e+00
1.418900000000113323e+03,0.000000000000000000e+00
1.419000000000113459e+03,0.000000000000000000e+00
1.419100000000113596e+03,0.000000000000000000e+00
1.419200000000113505e+03,0.000000000000000000e+00
1.419300000000113414e+03,0.000000000000000000e+00
1.419400000000113550e+03,0.000000000000000000e+00
1.419500000000113687e+03,0.000000000000000000e+00
1.419600000000113596e+03,0.000000000000000000e+00
1.419700000000113505e+03,0.000000000000000000e+00
1.419800000000113641e+03,0.000000000000000000e+00
1.419900000000113778e+03,0.000000000000000000e+00
1.420000000000113687e+03,0.000000000000000000e+00
1.420100000000113596e+03,0.000000000000000000e+00
1.420200000000113732e+03,0.000000000000000000e+00
1.420300000000113869e+03,0.000000000000000000e+00
1.420400000000113778e+03,0.000000000000000000e+00
1.420500000000113687e+03,0.000000000000000000e+00
1.420600000000113823e+03,0.000000000000000000e+00
1.420700000000113960e+03,0.000000000000000000e+00
1.420800000000113869e+03,0.000000000000000000e+00
1.420900000000113778e+03,0.000000000000000000e+00
1.421000000000113914e+03,0.000000000000000000e+00
1.421100000000114051e+03,0.000000000000000000e+00
1.421200000000113960e+03,0.000000000000000000e+00
1.421300000000113869e+03,0.000000000000000000e+00
1.421400000000114005e+03,0.000000000000000000e+00
1.421500000000114142e+03,0.000000000000000000e+00
1.421600000000114051e+03,0.000000000000000000e+00
1.421700000000113960e+03,0.000000000000000000e+00
1.421800000000114096e+03,0.000000000000000000e+00
1.421900000000114233e+03,0.000000000000000000e+00
1.422000000000114142e+03,0.000000000000000000e+00
1.422100000000114051e+03,0.000000000000000000e+00
1.422200000000114187e+03,0.000000000000000000e+00
1.422300000000114323e+03,0.000000000000000000e+00
1.422400000000114233e+03,0.000000000000000000e+00
1.422500000000114142e+03,0.000000000000000000e+00
1.422600000000114278e+03,0.000000000000000000e+00
1.422700000000114414e+03,0.000000000000000000e+00
1.422800000000114323e+03,0.000000000000000000e+00
1.422900000000114233e+03,0.000000000000000000e+00
1.423000000000114369e+03,0.000000000000000000e+00
1.423100000000114505e+03,0.000000000000000000e+00
1.423200000000114414e+03,0.000000000000000000e+00
1.423300000000114323e+03,0.000000000000000000e+00
1.423400000000114460e+03,0.000000000000000000e+00
1.423500000000114596e+03,0.000000000000000000e+00
1.423600000000114505e+03,0.000000000000000000e+00
1.423700000000114414e+03,0.000000000000000000e+00
1.423800000000114551e+03,0.000000000000000000e+00
1.423900000000114687e+03,0.000000000000000000e+00
1.424000000000114596e+03,0.000000000000000000e+00
1.424100000000114505e+03,0.000000000000000000e+00
1.424200000000114642e+03,0.000000000000000000e+00
1.424300000000114778e+03,0.000000000000000000e+00
1.424400000000114687e+03,0.000000000000000000e+00
1.424500000000114596e+03,0.000000000000000000e+00
1.424600000000114733e+03,0.000000000000000000e+00
1.424700000000114869e+03,0.000000000000000000e+00
1.424800000000114778e+03,0.000000000000000000e+00
1.424900000000114687e+03,0.000000000000000000e+00
1.425000000000114824e+03,0.000000000000000000e+00
1.425100000000114960e+03,0.000000000000000000e+00
1.425200000000114869e+03,0.000000000000000000e+00
1.425300000000114778e+03,0.000000000000000000e+00
1.425400000000114915e+03,0.000000000000000000e+00
1.425500000000115051e+03,0.000000000000000000e+00
1.425600000000114960e+03,0.000000000000000000e+00
1.425700000000114869e+03,0.000000000000000000e+00
1.425800000000115006e+03,0.000000000000000000e+00
1.425900000000115142e+03,0.000000000000000000e+00
1.426000000000115051e+03,0.000000000000000000e+00
1.426100000000114960e+03,0.000000000000000000e+00
1.426200000000115097e+03,0.000000000000000000e+00
1.426300000000115233e+03,0.000000000000000000e+00
1.426400000000115142e+03,0.000000000000000000e+00
1.426500000000115051e+03,0.000000000000000000e+00
1.426600000000115188e+03,0.000000000000000000e+00
1.426700000000115324e+03,0.000000000000000000e+00
1.426800000000115233e+03,0.000000000000000000e+00
1.426900000000115142e+03,0.000000000000000000e+00
1.427000000000115278e+03,0.000000000000000000e+00
1.427100000000115415e+03,0.000000000000000000e+00
1.427200000000115324e+03,0.000000000000000000e+00
1.427300000000115233e+03,0.000000000000000000e+00
1.427400000000115369e+03,0.000000000000000000e+00
1.427500000000115506e+03,0.000000000000000000e+00
1.427600000000115415e+03,0.000000000000000000e+00
1.427700000000115324e+03,0.000000000000000000e+00
1.427800000000115460e+03,0.000000000000000000e+00
1.427900000000115597e+03,0.000000000000000000e+00
1.428000000000115506e+03,0.000000000000000000e+00
1.428100000000115415e+03,0.000000000000000000e+00
1.428200000000115551e+03,0.000000000000000000e+00
1.428300000000115688e+03,0.000000000000000000e+00
1.428400000000115597e+03,0.000000000000000000e+00
1.428500000000115506e+03,0.000000000000000000e+00
1.428600000000115642e+03,0.000000000000000000e+00
1.428700000000115779e+03,0.000000000000000000e+00
1.428800000000115688e+03,0.000000000000000000e+00
1.428900000000115597e+03,0.000000000000000000e+00
1.429000000000115733e+03,0.000000000000000000e+00
1.429100000000115870e+03,0.000000000000000000e+00
1.429200000000115779e+03,0.000000000000000000e+00
1.429300000000115688e+03,0.000000000000000000e+00
1.429400000000115824e+03,0.000000000000000000e+00
1.429500000000115961e+03,0.000000000000000000e+00
1.429600000000115870e+03,0.000000000000000000e+00
1.429700000000115779e+03,0.000000000000000000e+00
1.429800000000115915e+03,0.000000000000000000e+00
1.429900000000116052e+03,0.000000000000000000e+00
1.430000000000115961e+03,0.000000000000000000e+00
1.430100000000115870e+03,0.000000000000000000e+00
1.430200000000116006e+03,0.000000000000000000e+00
1.430300000000116142e+03,0.000000000000000000e+00
1.430400000000116052e+03,0.000000000000000000e+00
1.430500000000115961e+03,0.000000000000000000e+00
1.430600000000116097e+03,0.000000000000000000e+00
1.430700000000116233e+03,0.000000000000000000e+00
1.430800000000116142e+03,0.000000000000000000e+00
1.430900000000116052e+03,0.000000000000000000e+00
1.431000000000116188e+03,0.000000000000000000e+00
1.431100000000116324e+03,0.000000000000000000e+00
1.431200000000116233e+03,0.000000000000000000e+00
1.431300000000116142e+03,0.000000000000000000e+00
1.431400000000116279e+03,0.000000000000000000e+00
1.431500000000116415e+03,0.000000000000000000e+00
1.431600000000116324e+03,0.000000000000000000e+00
1.431700000000116233e+03,0.000000000000000000e+00
1.431800000000116370e+03,0.000000000000000000e+00
1.431900000000116506e+03,0.000000000000000000e+00
1.432000000000116415e+03,0.000000000000000000e+00
1.432100000000116324e+03,0.000000000000000000e+00
1.432200000000116461e+03,0.000000000000000000e+00
1.432300000000116597e+03,0.000000000000000000e+00
1.432400000000116506e+03,0.000000000000000000e+00
1.432500000000116415e+03,0.000000000000000000e+00
1.432600000000116552e+03,0.000000000000000000e+00
1.432700000000116688e+03,0.000000000000000000e+00
1.432800000000116597e+03,0.000000000000000000e+00
1.432900000000116506e+03,0.000000000000000000e+00
1.433000000000116643e+03,0.000000000000000000e+00
1.433100000000116779e+03,0.000000000000000000e+00
1.433200000000116688e+03,0.000000000000000000e+00
1.433300000000116597e+03,0.000000000000000000e+00
1.433400000000116734e+03,0.000000000000000000e+00
1.433500000000116870e+03,0.000000000000000000e+00
1.433600000000116779e+03,0.000000000000000000e+00
1.433700000000116688e+03,0.000000000000000000e+00
1.433800000000116825e+03,0.000000000000000000e+00
1.433900000000116961e+03,0.000000000000000000e+00
1.434000000000116870e+03,0.000000000000000000e+00
1.434100000000116779e+03,0.000000000000000000e+00
1.434200000000116916e+03,0.000000000000000000e+00
1.434300000000117052e+03,0.000000000000000000e+00
1.434400000000116961e+03,0.000000000000000000e+00
1.434500000000116870e+03,0.000000000000000000e+00
1.434600000000117006e+03,0.000000000000000000e+00
1.434700000000117143e+03,0.000000000000000000e+00
1.434800000000117052e+03,0.000000000000000000e+00
1.434900000000116961e+03,0.000000000000000000e+00
1.435000000000117097e+03,0.000000000000000000e+00
1.435100000000117234e+03,0.000000000000000000e+00
1.435200000000117143e+03,0.000000000000000000e+00
1.435300000000117052e+03,0.000000000000000000e+00
1.435400000000117188e+03,0.000000000000000000e+00
1.435500000000117325e+03,0.000000000000000000e+00
1.435600000000117234e+03,0.000000000000000000e+00
1.435700000000117143e+03,0.000000000000000000e+00
1.435800000000117279e+03,0.000000000000000000e+00
1.435900000000117416e+03,0.000000000000000000e+00
1.436000000000117325e+03,0.000000000000000000e+00
1.436100000000117234e+03,0.000000000000000000e+00
1.436200000000117370e+03,0.000000000000000000e+00
1.436300000000117507e+03,0.000000000000000000e+00
1.436400000000117416e+03,0.000000000000000000e+00
1.436500000000117325e+03,0.000000000000000000e+00
1.436600000000117461e+03,0.000000000000000000e+00
1.436700000000117598e+03,0.000000000000000000e+00
1.436800000000117507e+03,0.000000000000000000e+00
1.436900000000117416e+03,0.000000000000000000e+00
1.437000000000117552e+03,0.000000000000000000e+00
1.437100000000117689e+03,0.000000000000000000e+00
1.437200000000117598e+03,0.000000000000000000e+00
1.437300000000117507e+03,0.000000000000000000e+00
1.437400000000117643e+03,0.000000000000000000e+00
1.437500000000117780e+03,0.000000000000000000e+00
1.437600000000117689e+03,0.000000000000000000e+00
1.437700000000117598e+03,0.000000000000000000e+00
1.437800000000117734e+03,0.000000000000000000e+00
1.437900000000117871e+03,0.000000000000000000e+00
1.438000000000117780e+03,0.000000000000000000e+00
1.438100000000117689e+03,0.000000000000000000e+00
1.438200000000117825e+03,0.000000000000000000e+00
1.438300000000117961e+03,0.000000000000000000e+00
1.438400000000117871e+03,0.000000000000000000e+00
1.438500000000117780e+03,0.000000000000000000e+00
1.438600000000117916e+03,0.000000000000000000e+00
1.438700000000118052e+03,0.000000000000000000e+00
1.438800000000117961e+03,0.000000000000000000e+00
1.438900000000117871e+03,0.000000000000000000e+00
1.439000000000118007e+03,0.000000000000000000e+00
1.439100000000118143e+03,0.000000000000000000e+00
1.439200000000118052e+03,0.000000000000000000e+00
1.439300000000117961e+03,0.000000000000000000e+00
1.439400000000118098e+03,0.000000000000000000e+00
1.439500000000118234e+03,0.000000000000000000e+00
1.439600000000118143e+03,0.000000000000000000e+00
1.439700000000118052e+03,0.000000000000000000e+00
1.439800000000118189e+03,0.000000000000000000e+00
1.439900000000118325e+03,0.000000000000000000e+00
1.440000000000118234e+03,0.000000000000000000e+00
1.440100000000118143e+03,0.000000000000000000e+00
1.440200000000118280e+03,0.000000000000000000e+00
1.440300000000118416e+03,0.000000000000000000e+00
1.440400000000118325e+03,0.000000000000000000e+00
1.440500000000118234e+03,0.000000000000000000e+00
1.440600000000118371e+03,0.000000000000000000e+00
1.440700000000118507e+03,0.000000000000000000e+00
1.440800000000118416e+03,0.000000000000000000e+00
1.440900000000118325e+03,0.000000000000000000e+00
1.441000000000118462e+03,0.000000000000000000e+00
1.441100000000118598e+03,0.000000000000000000e+00
1.441200000000118507e+03,0.000000000000000000e+00
1.441300000000118416e+03,0.000000000000000000e+00
1.441400000000118553e+03,0.000000000000000000e+00
1.441500000000118689e+03,0.000000000000000000e+00
1.441600000000118598e+03,0.000000000000000000e+00
1.441700000000118507e+03,0.000000000000000000e+00
1.441800000000118644e+03,0.000000000000000000e+00
1.441900000000118780e+03,0.000000000000000000e+00
1.442000000000118689e+03,0.000000000000000000e+00
1.442100000000118598e+03,0.000000000000000000e+00
1.442200000000118735e+03,0.000000000000000000e+00
1.442300000000118871e+03,0.000000000000000000e+00
1.442400000000118780e+03,0.000000000000000000e+00
1.442500000000118689e+03,0.000000000000000000e+00
1.442600000000118825e+03,0.000000000000000000e+00
1.442700000000118962e+03,0.000000000000000000e+00
1.442800000000118871e+03,0.000000000000000000e+00
1.442900000000118780e+03,0.000000000000000000e+00
1.443000000000118916e+03,0.000000000000000000e+00
1.443100000000119053e+03,0.000000000000000000e+00
1.443200000000118962e+03,0.000000000000000000e+00
1.443300000000118871e+03,0.000000000000000000e+00
1.443400000000119007e+03,0.000000000000000000e+00
1.443500000000119144e+03,0.000000000000000000e+00
1.443600000000119053e+03,0.000000000000000000e+00
1.443700000000118962e+03,0.000000000000000000e+00
1.443800000000119098e+03,0.000000000000000000e+00
1.443900000000119235e+03,0.000000000000000000e+00
1.444000000000119144e+03,0.000000000000000000e+00
1.444100000000119053e+03,0.000000000000000000e+00
1.444200000000119189e+03,0.000000000000000000e+00
1.444300000000119326e+03,0.000000000000000000e+00
1.444400000000119235e+03,0.000000000000000000e+00
1.444500000000119144e+03,0.000000000000000000e+00
1.444600000000119280e+03,0.000000000000000000e+00
1.444700000000119417e+03,0.000000000000000000e+00
1.444800000000119326e+03,0.000000000000000000e+00
1.444900000000119235e+03,0.000000000000000000e+00
1.445000000000119371e+03,0.000000000000000000e+00
1.445100000000119508e+03,0.000000000000000000e+00
1.445200000000119417e+03,0.000000000000000000e+00
1.445300000000119326e+03,0.000000000000000000e+00
1.445400000000119462e+03,0.000000000000000000e+00
1.445500000000119599e+03,0.000000000000000000e+00
1.445600000000119508e+03,0.000000000000000000e+00
1.445700000000119417e+03,0.000000000000000000e+00
1.445800000000119553e+03,0.000000000000000000e+00
1.445900000000119690e+03,0.000000000000000000e+00
1.446000000000119599e+03,0.000000000000000000e+00
1.446100000000119508e+03,0.000000000000000000e+00
1.446200000000119644e+03,0.000000000000000000e+00
1.446300000000119780e+03,0.000000000000000000e+00
1.446400000000119690e+03,0.000000000000000000e+00
1.446500000000119599e+03,0.000000000000000000e+00
1.446600000000119735e+03,0.000000000000000000e+00
1.446700000000119871e+03,0.000000000000000000e+00
1.446800000000119780e+03,0.000000000000000000e+00
1.446900000000119690e+03,0.000000000000000000e+00
1.447000000000119826e+03,0.000000000000000000e+00
1.447100000000119962e+03,0.000000000000000000e+00
1.447200000000119871e+03,0.000000000000000000e+00
1.447300000000119780e+03,0.000000000000000000e+00
1.447400000000119917e+03,0.000000000000000000e+00
1.447500000000120053e+03,0.000000000000000000e+00
1.447600000000119962e+03,0.000000000000000000e+00
1.447700000000119871e+03,0.000000000000000000e+00
1.447800000000120008e+03,0.000000000000000000e+00
1.447900000000120144e+03,0.000000000000000000e+00
1.448000000000120053e+03,0.000000000000000000e+00
1.448100000000119962e+03,0.000000000000000000e+00
1.448200000000120099e+03,0.000000000000000000e+00
1.448300000000120235e+03,0.000000000000000000e+00
1.448400000000120144e+03,0.000000000000000000e+00
1.448500000000120053e+03,0.000000000000000000e+00
1.448600000000120190e+03,0.000000000000000000e+00
1.448700000000120326e+03,0.000000000000000000e+00
1.448800000000120235e+03,0.000000000000000000e+00
1.448900000000120144e+03,0.000000000000000000e+00
1.449000000000120281e+03,0.000000000000000000e+00
1.449100000000120417e+03,0.000000000000000000e+00
1.449200000000120326e+03,0.000000000000000000e+00
1.449300000000120235e+03,0.000000000000000000e+00
1.449400000000120372e+03,0.000000000000000000e+00
1.449500000000120508e+03,0.000000000000000000e+00
1.449600000000120417e+03,0.000000000000000000e+00
1.449700000000120326e+03,0.000000000000000000e+00
1.449800000000120463e+03,0.000000000000000000e+00
1.449900000000120599e+03,0.000000000000000000e+00
1.450000000000120508e+03,0.000000000000000000e+00
1.450100000000120417e+03,0.000000000000000000e+00
1.450200000000120554e+03,0.000000000000000000e+00
1.450300000000120690e+03,0.000000000000000000e+00
1.450400000000120599e+03,0.000000000000000000e+00
1.450500000000120508e+03,0.000000000000000000e+00
1.450600000000120644e+03,0.000000000000000000e+00
1.450700000000120781e+03,0.000000000000000000e+00
1.450800000000120690e+03,0.000000000000000000e+00
1.450900000000120599e+03,0.000000000000000000e+00
1.451000000000120735e+03,0.000000000000000000e+00
1.451100000000120872e+03,0.000000000000000000e+00
1.451200000000120781e+03,0.000000000000000000e+00
1.451300000000120690e+03,0.000000000000000000e+00
1.451400000000120826e+03,0.000000000000000000e+00
1.451500000000120963e+03,0.000000000000000000e+00
1.451600000000120872e+03,0.000000000000000000e+00
1.451700000000120781e+03,0.000000000000000000e+00
1.451800000000120917e+03,0.000000000000000000e+00
1.451900000000121054e+03,0.000000000000000000e+00
1.452000000000120963e+03,0.000000000000000000e+00
1.452100000000120872e+03,0.000000000000000000e+00
1.452200000000121008e+03,0.000000000000000000e+00
1.452300000000121145e+03,0.000000000000000000e+00
1.452400000000121054e+03,0.000000000000000000e+00
1.452500000000120963e+03,0.000000000000000000e+00
1.452600000000121099e+03,0.000000000000000000e+00
1.452700000000121236e+03,0.000000000000000000e+00
1.452800000000121145e+03,0.000000000000000000e+00
1.452900000000121054e+03,0.000000000000000000e+00
1.453000000000121190e+03,0.000000000000000000e+00
1.453100000000121327e+03,0.000000000000000000e+00
1.453200000000121236e+03,0.000000000000000000e+00
1.453300000000121145e+03,0.000000000000000000e+00
1.453400000000121281e+03,0.000000000000000000e+00
1.453500000000121418e+03,0.000000000000000000e+00
1.453600000000121327e+03,0.000000000000000000e+00
1.453700000000121236e+03,0.000000000000000000e+00
1.453800000000121372e+03,0.000000000000000000e+00
1.453900000000121508e+03,0.000000000000000000e+00
1.454000000000121418e+03,0.000000000000000000e+00
1.454100000000121327e+03,0.000000000000000000e+00
1.454200000000121463e+03,0.000000000000000000e+00
1.454300000000121599e+03,0.000000000000000000e+00
1.454400000000121508e+03,0.000000000000000000e+00
1.454500000000121418e+03,0.000000000000000000e+00
1.454600000000121554e+03,0.000000000000000000e+00
1.454700000000121690e+03,0.000000000000000000e+00
1.454800000000121599e+03,0.000000000000000000e+00
1.454900000000121508e+03,0.000000000000000000e+00
1.455000000000121645e+03,0.000000000000000000e+00
1.455100000000121781e+03,0.000000000000000000e+00
1.455200000000121690e+03,0.000000000000000000e+00
1.455300000000121599e+03,0.000000000000000000e+00
1.455400000000121736e+03,0.000000000000000000e+00
1.455500000000121872e+03,0.000000000000000000e+00
1.455600000000121781e+03,0.000000000000000000e+00
1.455700000000121690e+03,0.000000000000000000e+00
1.455800000000121827e+03,0.000000000000000000e+00
1.455900000000121963e+03,0.000000000000000000e+00
1.456000000000121872e+03,0.000000000000000000e+00
1.456100000000121781e+03,0.000000000000000000e+00
1.456200000000121918e+03,0.000000000000000000e+00
1.456300000000122054e+03,0.000000000000000000e+00
1.456400000000121963e+03,0.000000000000000000e+00
1.456500000000121872e+03,0.000000000000000000e+00
1.456600000000122009e+03,0.000000000000000000e+00
1.456700000000122145e+03,0.000000000000000000e+00
1.456800000000122054e+03,0.000000000000000000e+00
1.456900000000121963e+03,0.000000000000000000e+00
1.457000000000122100e+03,0.000000000000000000e+00
1.457100000000122236e+03,0.000000000000000000e+00
1.457200000000122145e+03,0.000000000000000000e+00
1.457300000000122054e+03,0.000000000000000000e+00
1.457400000000122191e+03,0.000000000000000000e+00
1.457500000000122327e+03,0.000000000000000000e+00
1.457600000000122236e+03,0.000000000000000000e+00
1.457700000000122145e+03,0.000000000000000000e+00
1.457800000000122282e+03,0.000000000000000000e+00
1.457900000000122418e+03,0.000000000000000000e+00
1.458000000000122327e+03,0.000000000000000000e+00
1.458100000000122236e+03,0.000000000000000000e+00
1.458200000000122373e+03,0.000000000000000000e+00
1.458300000000122509e+03,0.000000000000000000e+00
1.458400000000122418e+03,0.000000000000000000e+00
1.458500000000122327e+03,0.000000000000000000e+00
1.458600000000122463e+03,0.000000000000000000e+00
1.458700000000122600e+03,0.000000000000000000e+00
1.458800000000122509e+03,0.000000000000000000e+00
1.458900000000122418e+03,0.000000000000000000e+00
1.459000000000122554e+03,0.000000000000000000e+00
1.459100000000122691e+03,0.000000000000000000e+00
1.459200000000122600e+03,0.000000000000000000e+00
1.459300000000122509e+03,0.000000000000000000e+00
1.459400000000122645e+03,0.000000000000000000e+00
1.459500000000122782e+03,0.000000000000000000e+00
1.459600000000122691e+03,0.000000000000000000e+00
1.459700000000122600e+03,0.000000000000000000e+00
1.459800000000122736e+03,0.000000000000000000e+00
1.459900000000122873e+03,0.000000000000000000e+00
1.460000000000122782e+03,0.000000000000000000e+00
1.460100000000122691e+03,0.000000000000000000e+00
1.460200000000122827e+03,0.000000000000000000e+00
1.460300000000122964e+03,0.000000000000000000e+00
1.460400000000122873e+03,0.000000000000000000e+00
1.460500000000122782e+03,0.000000000000000000e+00
1.460600000000122918e+03,0.000000000000000000e+00
1.460700000000123055e+03,0.000000000000000000e+00
1.460800000000122964e+03,0.000000000000000000e+00
1.460900000000122873e+03,0.000000000000000000e+00
1.461000000000123009e+03,0.000000000000000000e+00
1.461100000000123146e+03,0.000000000000000000e+00
1.461200000000123055e+03,0.000000000000000000e+00
1.461300000000122964e+03,0.000000000000000000e+00
1.461400000000123100e+03,0.000000000000000000e+00
1.461500000000123237e+03,0.000000000000000000e+00
1.461600000000123146e+03,0.000000000000000000e+00
1.461700000000123055e+03,0.000000000000000000e+00
1.461800000000123191e+03,0.000000000000000000e+00
1.461900000000123327e+03,0.000000000000000000e+00
1.462000000000123237e+03,0.000000000000000000e+00
1.462100000000123146e+03,0.000000000000000000e+00
1.462200000000123282e+03,0.000000000000000000e+00
1.462300000000123418e+03,0.000000000000000000e+00
1.462400000000123327e+03,0.000000000000000000e+00
1.462500000000123237e+03,0.000000000000000000e+00
1.462600000000123373e+03,0.000000000000000000e+00
1.462700000000123509e+03,0.000000000000000000e+00
1.462800000000123418e+03,0.000000000000000000e+00
1.462900000000123327e+03,0.000000000000000000e+00
1.463000000000123464e+03,0.000000000000000000e+00
1.463100000000123600e+03,0.000000000000000000e+00
1.463200000000123509e+03,0.000000000000000000e+00
1.463300000000123418e+03,0.000000000000000000e+00
1.463400000000123555e+03,0.000000000000000000e+00
1.463500000000123691e+03,0.000000000000000000e+00
1.463600000000123600e+03,0.000000000000000000e+00
1.463700000000123509e+03,0.000000000000000000e+00
1.463800000000123646e+03,0.000000000000000000e+00
1.463900000000123782e+03,0.000000000000000000e+00
1.464000000000123691e+03,0.000000000000000000e+00
1.464100000000123600e+03,0.000000000000000000e+00
1.464200000000123737e+03,0.000000000000000000e+00
1.464300000000123873e+03,0.000000000000000000e+00
1.464400000000123782e+03,0.000000000000000000e+00
1.464500000000123691e+03,0.000000000000000000e+00
1.464600000000123828e+03,0.000000000000000000e+00
1.464700000000123964e+03,0.000000000000000000e+00
1.464800000000123873e+03,0.000000000000000000e+00
1.464900000000123782e+03,0.000000000000000000e+00
1.465000000000123919e+03,0.000000000000000000e+00
1.465100000000124055e+03,0.000000000000000000e+00
1.465200000000123964e+03,0.000000000000000000e+00
1.465300000000123873e+03,0.000000000000000000e+00
1.465400000000124010e+03,0.000000000000000000e+00
1.465500000000124146e+03,0.000000000000000000e+00
1.465600000000124055e+03,0.000000000000000000e+00
1.465700000000123964e+03,0.000000000000000000e+00
1.465800000000124101e+03,0.000000000000000000e+00
1.465900000000124237e+03,0.000000000000000000e+00
1.466000000000124146e+03,0.000000000000000000e+00
1.466100000000124055e+03,0.000000000000000000e+00
1.466200000000124192e+03,0.000000000000000000e+00
1.466300000000124328e+03,0.000000000000000000e+00
1.466400000000124237e+03,0.000000000000000000e+00
1.466500000000124146e+03,0.000000000000000000e+00
1.466600000000124282e+03,0.000000000000000000e+00
1.466700000000124419e+03,0.000000000000000000e+00
1.466800000000124328e+03,0.000000000000000000e+00
1.466900000000124237e+03,0.000000000000000000e+00
1.467000000000124373e+03,0.000000000000000000e+00
1.467100000000124510e+03,0.000000000000000000e+00
1.467200000000124419e+03,0.000000000000000000e+00
1.467300000000124328e+03,0.000000000000000000e+00
1.467400000000124464e+03,0.000000000000000000e+00
1.467500000000124601e+03,0.000000000000000000e+00
1.467600000000124510e+03,0.000000000000000000e+00
1.467700000000124419e+03,0.000000000000000000e+00
1.467800000000124555e+03,0.000000000000000000e+00
1.467900000000124692e+03,0.000000000000000000e+00
1.468000000000124601e+03,0.000000000000000000e+00
1.468100000000124510e+03,0.000000000000000000e+00
1.468200000000124646e+03,0.000000000000000000e+00
1.468300000000124783e+03,0.000000000000000000e+00
1.468400000000124692e+03,0.000000000000000000e+00
1.468500000000124601e+03,0.000000000000000000e+00
1.468600000000124737e+03,0.000000000000000000e+00
1.468700000000124874e+03,0.000000000000000000e+00
1.468800000000124783e+03,0.000000000000000000e+00
1.468900000000124692e+03,0.000000000000000000e+00
1.469000000000124828e+03,0.000000000000000000e+00
1.469100000000124965e+03,0.000000000000000000e+00
1.469200000000124874e+03,0.000000000000000000e+00
1.469300000000124783e+03,0.000000000000000000e+00
1.469400000000124919e+03,0.000000000000000000e+00
1.469500000000125056e+03,0.000000000000000000e+00
1.469600000000124965e+03,0.000000000000000000e+00
1.469700000000124874e+03,0.000000000000000000e+00
1.469800000000125010e+03,0.000000000000000000e+00
1.469900000000125146e+03,0.000000000000000000e+00
1.470000000000125056e+03,0.000000000000000000e+00
1.470100000000124965e+03,0.000000000000000000e+00
1.470200000000125101e+03,0.000000000000000000e+00
1.470300000000125237e+03,0.000000000000000000e+00
1.470400000000125146e+03,0.000000000000000000e+00
1.470500000000125056e+03,0.000000000000000000e+00
1.470600000000125192e+03,0.000000000000000000e+00
1.470700000000125328e+03,0.000000000000000000e+00
1.470800000000125237e+03,0.000000000000000000e+00
1.470900000000125146e+03,0.000000000000000000e+00
1.471000000000125283e+03,0.000000000000000000e+00
1.471100000000125419e+03,0.000000000000000000e+00
1.471200000000125328e+03,0.000000000000000000e+00
1.471300000000125237e+03,0.000000000000000000e+00
1.471400000000125374e+03,0.000000000000000000e+00
1.471500000000125510e+03,0.000000000000000000e+00
1.471600000000125419e+03,0.000000000000000000e+00
1.471700000000125328e+03,0.000000000000000000e+00
1.471800000000125465e+03,0.000000000000000000e+00
1.471900000000125601e+03,0.000000000000000000e+00
1.472000000000125510e+03,0.000000000000000000e+00
1.472100000000125419e+03,0.000000000000000000e+00
1.472200000000125556e+03,0.000000000000000000e+00
1.472300000000125692e+03,0.000000000000000000e+00
1.472400000000125601e+03,0.000000000000000000e+00
1.472500000000125510e+03,0.000000000000000000e+00
1.472600000000125647e+03,0.000000000000000000e+00
1.472700000000125783e+03,0.000000000000000000e+00
1.472800000000125692e+03,0.000000000000000000e+00
1.472900000000125601e+03,0.000000000000000000e+00
1.473000000000125738e+03,0.000000000000000000e+00
1.473100000000125874e+03,0.000000000000000000e+00
1.473200000000125783e+03,0.000000000000000000e+00
1.473300000000125692e+03,0.000000000000000000e+00
1.473400000000125829e+03,0.000000000000000000e+00
1.473500000000125965e+03,0.000000000000000000e+00
1.473600000000125874e+03,0.000000000000000000e+00
1.473700000000125783e+03,0.000000000000000000e+00
1.473800000000125920e+03,0.000000000000000000e+00
1.473900000000126056e+03,0.000000000000000000e+00
1.474000000000125965e+03,0.000000000000000000e+00
1.474100000000125874e+03,0.000000000000000000e+00
1.474200000000126010e+03,0.000000000000000000e+00
1.474300000000126147e+03,0.000000000000000000e+00
1.474400000000126056e+03,0.000000000000000000e+00
1.474500000000125965e+03,0.000000000000000000e+00
1.474600000000126101e+03,0.000000000000000000e+00
1.474700000000126238e+03,0.000000000000000000e+00
1.474800000000126147e+03,0.000000000000000000e+00
1.474900000000126056e+03,0.000000000000000000e+00
1.475000000000126192e+03,0.000000000000000000e+00
1.475100000000126329e+03,0.000000000000000000e+00
1.475200000000126238e+03,0.000000000000000000e+00
1.475300000000126147e+03,0.000000000000000000e+00
1.475400000000126283e+03,0.000000000000000000e+00
1.475500000000126420e+03,0.000000000000000000e+00
1.475600000000126329e+03,0.000000000000000000e+00
1.475700000000126238e+03,0.000000000000000000e+00
1.475800000000126374e+03,0.000000000000000000e+00
1.475900000000126511e+03,0.000000000000000000e+00
1.476000000000126420e+03,0.000000000000000000e+00
1.476100000000126329e+03,0.000000000000000000e+00
1.476200000000126465e+03,0.000000000000000000e+00
1.476300000000126602e+03,0.000000000000000000e+00
1.476400000000126511e+03,0.000000000000000000e+00
1.476500000000126420e+03,0.000000000000000000e+00
1.476600000000126556e+03,0.000000000000000000e+00
1.476700000000126693e+03,0.000000000000000000e+00
1.476800000000126602e+03,0.000000000000000000e+00
1.476900000000126511e+03,0.000000000000000000e+00
1.477000000000126647e+03,0.000000000000000000e+00
1.477100000000126784e+03,0.000000000000000000e+00
1.477200000000126693e+03,0.000000000000000000e+00
1.477300000000126602e+03,0.000000000000000000e+00
1.477400000000126738e+03,0.000000000000000000e+00
1.477500000000126875e+03,0.000000000000000000e+00
1.477600000000126784e+03,0.000000000000000000e+00
1.477700000000126693e+03,0.000000000000000000e+00
1.477800000000126829e+03,0.000000000000000000e+00
1.477900000000126965e+03,0.000000000000000000e+00
1.478000000000126875e+03,0.000000000000000000e+00
1.478100000000126784e+03,0.000000000000000000e+00
1.478200000000126920e+03,0.000000000000000000e+00
1.478300000000127056e+03,0.000000000000000000e+00
1.478400000000126965e+03,0.000000000000000000e+00
1.478500000000126875e+03,0.000000000000000000e+00
1.478600000000127011e+03,0.000000000000000000e+00
1.478700000000127147e+03,0.000000000000000000e+00
1.478800000000127056e+03,0.000000000000000000e+00
1.478900000000126965e+03,0.000000000000000000e+00
1.479000000000127102e+03,0.000000000000000000e+00
1.479100000000127238e+03,0.000000000000000000e+00
1.479200000000127147e+03,0.000000000000000000e+00
1.479300000000127056e+03,0.000000000000000000e+00
1.479400000000127193e+03,0.000000000000000000e+00
1.479500000000127329e+03,0.000000000000000000e+00
1.479600000000127238e+03,0.000000000000000000e+00
1.479700000000127147e+03,0.000000000000000000e+00
1.479800000000127284e+03,0.000000000000000000e+00
1.479900000000127420e+03,0.000000000000000000e+00
1.480000000000127329e+03,0.000000000000000000e+00
1.480100000000127238e+03,0.000000000000000000e+00
1.480200000000127375e+03,0.000000000000000000e+00
1.480300000000127511e+03,0.000000000000000000e+00
1.480400000000127420e+03,0.000000000000000000e+00
1.480500000000127329e+03,0.000000000000000000e+00
1.480600000000127466e+03,0.000000000000000000e+00
1.480700000000127602e+03,0.000000000000000000e+00
1.480800000000127511e+03,0.000000000000000000e+00
1.480900000000127420e+03,0.000000000000000000e+00
1.481000000000127557e+03,0.000000000000000000e+00
1.481100000000127693e+03,0.000000000000000000e+00
1.481200000000127602e+03,0.000000000000000000e+00
1.481300000000127511e+03,0.000000000000000000e+00
1.481400000000127648e+03,0.000000000000000000e+00
1.481500000000127784e+03,0.000000000000000000e+00
1.481600000000127693e+03,0.000000000000000000e+00
1.481700000000127602e+03,0.000000000000000000e+00
1.481800000000127739e+03,0.000000000000000000e+00
1.481900000000127875e+03,0.000000000000000000e+00
1.482000000000127784e+03,0.000000000000000000e+00
1.482100000000127693e+03,0.000000000000000000e+00
1.482200000000127829e+03,0.000000000000000000e+00
1.482300000000127966e+03,0.000000000000000000e+00
1.482400000000127875e+03,0.000000000000000000e+00
1.482500000000127784e+03,0.000000000000000000e+00
1.482600000000127920e+03,0.000000000000000000e+00
1.482700000000128057e+03,0.000000000000000000e+00
1.482800000000127966e+03,0.000000000000000000e+00
1.482900000000127875e+03,0.000000000000000000e+00
1.483000000000128011e+03,0.000000000000000000e+00
1.483100000000128148e+03,0.000000000000000000e+00
1.483200000000128057e+03,0.000000000000000000e+00
1.483300000000127966e+03,0.000000000000000000e+00
1.483400000000128102e+03,0.000000000000000000e+00
1.483500000000128239e+03,0.000000000000000000e+00
1.483600000000128148e+03,0.000000000000000000e+00
1.483700000000128057e+03,0.000000000000000000e+00
1.483800000000128193e+03,0.000000000000000000e+00
1.483900000000128330e+03,0.000000000000000000e+00
1.484000000000128239e+03,0.000000000000000000e+00
1.484100000000128148e+03,0.000000000000000000e+00
1.484200000000128284e+03,0.000000000000000000e+00
1.484300000000128421e+03,0.000000000000000000e+00
1.484400000000128330e+03,0.000000000000000000e+00
1.484500000000128239e+03,0.000000000000000000e+00
1.484600000000128375e+03,0.000000000000000000e+00
1.484700000000128512e+03,0.000000000000000000e+00
1.484800000000128421e+03,0.000000000000000000e+00
1.484900000000128330e+03,0.000000000000000000e+00
1.485000000000128466e+03,0.000000000000000000e+00
1.485100000000128603e+03,0.000000000000000000e+00
1.485200000000128512e+03,0.000000000000000000e+00
1.485300000000128421e+03,0.000000000000000000e+00
1.485400000000128557e+03,0.000000000000000000e+00
1.485500000000128694e+03,0.000000000000000000e+00
1.485600000000128603e+03,0.000000000000000000e+00
1.485700000000128512e+03,0.000000000000000000e+00
1.485800000000128648e+03,0.000000000000000000e+00
1.485900000000128784e+03,0.000000000000000000e+00
1.486000000000128694e+03,0.000000000000000000e+00
1.486100000000128603e+03,0.000000000000000000e+00
1.486200000000128739e+03,0.000000000000000000e+00
1.486300000000128875e+03,0.000000000000000000e+00
1.486400000000128784e+03,0.000000000000000000e+00
1.486500000000128694e+03,0.000000000000000000e+00
1.486600000000128830e+03,0.000000000000000000e+00
1.486700000000128966e+03,0.000000000000000000e+00
1.486800000000128875e+03,0.000000000000000000e+00
1.486900000000128784e+03,0.000000000000000000e+00
1.487000000000128921e+03,0.000000000000000000e+00
1.487100000000129057e+03,0.000000000000000000e+00
1.487200000000128966e+03,0.000000000000000000e+00
1.487300000000128875e+03,0.000000000000000000e+00
1.487400000000129012e+03,0.000000000000000000e+00
1.487500000000129148e+03,0.000000000000000000e+00
1.487600000000129057e+03,0.000000000000000000e+00
1.487700000000128966e+03,0.000000000000000000e+00
1.487800000000129103e+03,0.000000000000000000e+00
1.487900000000129239e+03,0.000000000000000000e+00
1.488000000000129148e+03,0.000000000000000000e+00
1.488100000000129057e+03,0.000000000000000000e+00
1.488200000000129194e+03,0.000000000000000000e+00
1.488300000000129330e+03,0.000000000000000000e+00
1.488400000000129239e+03,0.000000000000000000e+00
1.488500000000129148e+03,0.000000000000000000e+00
1.488600000000129285e+03,0.000000000000000000e+00
1.488700000000129421e+03,0.000000000000000000e+00
1.488800000000129330e+03,0.000000000000000000e+00
1.488900000000129239e+03,0.000000000000000000e+00
1.489000000000129376e+03,0.000000000000000000e+00
1.489100000000129512e+03,0.000000000000000000e+00
1.489200000000129421e+03,0.000000000000000000e+00
1.489300000000129330e+03,0.000000000000000000e+00
1.489400000000129467e+03,0.000000000000000000e+00
1.489500000000129603e+03,0.000000000000000000e+00
1.489600000000129512e+03,0.000000000000000000e+00
1.489700000000129421e+03,0.000000000000000000e+00
1.489800000000129558e+03,0.000000000000000000e+00
1.489900000000129694e+03,0.000000000000000000e+00
1.490000000000129603e+03,0.000000000000000000e+00
1.490100000000129512e+03,0.000000000000000000e+00
1.490200000000129648e+03,0.000000000000000000e+00
1.490300000000129785e+03,0.000000000000000000e+00
1.490400000000129694e+03,0.000000000000000000e+00
1.490500000000129603e+03,0.000000000000000000e+00
1.490600000000129739e+03,0.000000000000000000e+00
1.490700000000129876e+03,0.000000000000000000e+00
1.490800000000129785e+03,0.000000000000000000e+00
1.490900000000129694e+03,0.000000000000000000e+00
1.491000000000129830e+03,0.000000000000000000e+00
1.491100000000129967e+03,0.000000000000000000e+00
1.491200000000129876e+03,0.000000000000000000e+00
1.491300000000129785e+03,0.000000000000000000e+00
1.491400000000129921e+03,0.000000000000000000e+00
1.491500000000130058e+03,0.000000000000000000e+00
1.491600000000129967e+03,0.000000000000000000e+00
1.491700000000129876e+03,0.000000000000000000e+00
1.491800000000130012e+03,0.000000000000000000e+00
1.491900000000130149e+03,0.000000000000000000e+00
1.492000000000130058e+03,0.000000000000000000e+00
1.492100000000129967e+03,0.000000000000000000e+00
1.492200000000130103e+03,0.000000000000000000e+00
1.492300000000130240e+03,0.000000000000000000e+00
1.492400000000130149e+03,0.000000000000000000e+00
1.492500000000130058e+03,0.000000000000000000e+00
1.492600000000130194e+03,0.000000000000000000e+00
1.492700000000130331e+03,0.000000000000000000e+00
1.492800000000130240e+03,0.000000000000000000e+00
1.492900000000130149e+03,0.000000000000000000e+00
1.493000000000130285e+03,9.829304632712990667e-13
1.493100000000130422e+03,7.648096901420462423e-04
1.493200000000130331e+03,1.550454150995919265e-03
1.493300000000130240e+03,2.357093799166077273e-03
1.493400000000130376e+03,3.184889327656888376e-03
1.493500000000130512e+03,4.034001707093425211e-03
1.493600000000130422e+03,4.904626457697896548e-03
1.493700000000130331e+03,5.796994015749033780e-03
1.493800000000130467e+03,6.711197921494932786e-03
1.493900000000130603e+03,7.647233664688482882e-03
1.494000000000130512e+03,8.605394587523840927e-03
1.494100000000130422e+03,9.045109899363253103e-03
1.494200000000130558e+03,9.493163159982715218e-03
1.494300000000130694e+03,9.949615161784549494e-03
1.494400000000130603e+03,1.041446318870145951e-02
1.494500000000130512e+03,1.088764637052708727e-02
1.494600000000130649e+03,1.136938970158839386e-02
1.494700000000130785e+03,1.185975397108225173e-02
1.494800000000130694e+03,1.235880010839019404e-02
1.494900000000130603e+03,1.286658918327948653e-02
1.495000000000130740e+03,1.338318240613989470e-02
1.495100000000130876e+03,1.393889696687433677e-02
1.495200000000130785e+03,1.450257634652796918e-02
1.495300000000130694e+03,1.507388803981290701e-02
1.495400000000130831e+03,1.565336739353984791e-02
1.495500000000130967e+03,1.624106518338455998e-02
1.495600000000130876e+03,1.683703228854222661e-02
1.495700000000130785e+03,1.744131969185734946e-02
1.495800000000130922e+03,1.805397847994872143e-02
1.495900000000131058e+03,1.867505984333405269e-02
1.496000000000130967e+03,1.930453083874235018e-02
1.496100000000130876e+03,1.995084861041464264e-02
1.496200000000131013e+03,2.060362453057805118e-02
1.496300000000131149e+03,2.126312809473409476e-02
1.496400000000131058e+03,2.192939274537500025e-02
1.496500000000130967e+03,2.260245198652409068e-02
1.496600000000131104e+03,2.328233938380088255e-02
1.496700000000131240e+03,2.396908856448652647e-02
1.496800000000131149e+03,2.466195846317846552e-02
1.496900000000131058e+03,2.535734847064193345e-02
1.497000000000131195e+03,2.605941418379578017e-02
1.497100000000131331e+03,2.676058222552576971e-02
1.497200000000131240e+03,2.746609514317089468e-02
1.497300000000131149e+03,2.817474293638244989e-02
1.497400000000131286e+03,2.888806502797567483e-02
1.497500000000131422e+03,2.960606873972132513e-02
1.497600000000131331e+03,3.032883365835862405e-02
1.497700000000131240e+03,3.105691671019498307e-02
1.497800000000131377e+03,3.178973713602921414e-02
1.497900000000131513e+03,3.252730644744112470e-02
1.498000000000131422e+03,3.326963615752724646e-02
1.498100000000131331e+03,3.401690222915822875e-02
1.498200000000131467e+03,3.476829957734628440e-02
1.498300000000131604e+03,3.552384015848904231e-02
1.498400000000131513e+03,3.628307154034040444e-02
1.498500000000131422e+03,3.705025097130153905e-02
1.498600000000131558e+03,3.782174371371960220e-02
1.498700000000131695e+03,3.859755806131544287e-02
1.498800000000131604e+03,3.937770231779484653e-02
1.498900000000131513e+03,4.016218479686116394e-02
1.499000000000131649e+03,4.095101382215517172e-02
1.499100000000131786e+03,4.169424975627596119e-02
1.499200000000131695e+03,4.244040379462094004e-02
1.499300000000131604e+03,4.319128163214782518e-02
1.499400000000131740e+03,4.394506651230564026e-02
1.499500000000131877e+03,4.470175627760834824e-02
1.499600000000131786e+03,4.546134876856556400e-02
1.499700000000131695e+03,4.622384182368882016e-02
1.499800000000131831e+03,4.698923327948950623e-02
1.499900000000131968e+03,4.775752097047743228e-02
1.500000000000131877e+03,4.852870272912897937e-02
1.500100000000131786e+03,4.927449241480353487e-02
1.500200000000131922e+03,5.002345861230492879e-02
1.500300000000132059e+03,5.077560147769322185e-02
1.500400000000131968e+03,5.153092116234593567e-02
1.500500000000131877e+03,5.228941781295656094e-02
1.500600000000132013e+03,5.305154150224192233e-02
1.500700000000132150e+03,5.381766740268040944e-02
1.500800000000132059e+03,5.458700695230307015e-02
1.500900000000131968e+03,5.535715211420379200e-02
1.501000000000132104e+03,5.613034638096213447e-02
1.501100000000132241e+03,5.684569588516271560e-02
1.501200000000132150e+03,5.756431481213655776e-02
1.501300000000132059e+03,5.828620610731748142e-02
1.501400000000132195e+03,5.901137271534397100e-02
1.501500000000132331e+03,5.973981758005125764e-02
1.501600000000132241e+03,6.047154364447158981e-02
1.501700000000132150e+03,6.120910939311065974e-02
1.501800000000132286e+03,6.195024011801756464e-02
1.501900000000132422e+03,6.269472806565239142e-02
1.502000000000132331e+03,6.344257662118972518e-02
1.502100000000132241e+03,6.407784416571658814e-02
1.502200000000132377e+03,6.471590249160751041e-02
1.502300000000132513e+03,6.535675474898422488e-02
1.502400000000132422e+03,6.600040408925034185e-02
1.502500000000132331e+03,6.664951916284289624e-02
1.502600000000132468e+03,6.730184176630907289e-02
1.502700000000132604e+03,6.795702987057274103e-02
1.502800000000132513e+03,6.861508700950448569e-02
1.502900000000132422e+03,6.927601022655519025e-02
1.503000000000132559e+03,6.993974928026155946e-02
1.503100000000132695e+03,7.047067924446526188e-02
1.503200000000132604e+03,7.100390628995059683e-02
1.503300000000132513e+03,7.153806723300454307e-02
1.503400000000132650e+03,7.207426212627683626e-02
1.503500000000132786e+03,7.261274291865238428e-02
1.503600000000132695e+03,7.315351382876306152e-02
1.503700000000132604e+03,7.369657908035279203e-02
1.503800000000132741e+03,7.424194290227928428e-02
1.503900000000132877e+03,7.478960952851644584e-02
1.504000000000132786e+03,7.533958319788001956e-02
1.504100000000132695e+03,7.567761153851798595e-02
1.504200000000132832e+03,7.601616728315772897e-02
1.504300000000132968e+03,7.635557979513901694e-02
1.504400000000132877e+03,7.669584997890925571e-02
1.504500000000132786e+03,7.703697873931407425e-02
1.504600000000132923e+03,7.737896698159393849e-02
1.504700000000133059e+03,7.772181561138380435e-02
1.504800000000132968e+03,7.806548077870756330e-02
1.504900000000132877e+03,7.840997792603462968e-02
1.505000000000133014e+03,7.875533752062711945e-02
1.505100000000133150e+03,7.890103466641219809e-02
1.505200000000133059e+03,7.904633869217025932e-02
1.505300000000132968e+03,7.919124854878302477e-02
1.505400000000133105e+03,7.933576318591076260e-02
1.505500000000133241e+03,7.947988155199139926e-02
1.505600000000133150e+03,7.962360259423968689e-02
1.505700000000133059e+03,7.976035118402771684e-02
1.505800000000133195e+03,7.989424090130606282e-02
1.505900000000133332e+03,8.002769681265578527e-02
1.506000000000133241e+03,8.016069048388757556e-02
1.506100000000133150e+03,8.007460132226791594e-02
1.506200000000133286e+03,7.998657034668357757e-02
1.506300000000133423e+03,7.989659325234246823e-02
1.506400000000133332e+03,7.980466572930354496e-02
1.506500000000133241e+03,7.970953896775703762e-02
1.506600000000133377e+03,7.961190114450035493e-02
1.506700000000133514e+03,7.951230440703127567e-02
1.506800000000133423e+03,7.941074455805026411e-02
1.506900000000133332e+03,7.930721739547508253e-02
1.507000000000133468e+03,7.920171871210532344e-02
1.507100000000133605e+03,7.884414226101557621e-02
1.507200000000133514e+03,7.848322409337143979e-02
1.507300000000133423e+03,7.811665593852397393e-02
1.507400000000133559e+03,7.774548311113274601e-02
1.507500000000133696e+03,7.737097725545867555e-02
1.507600000000133605e+03,7.699314445496124870e-02
1.507700000000133514e+03,7.661198016858718207e-02
1.507800000000133650e+03,7.622747985295710849e-02
1.507900000000133787e+03,7.583963896236765867e-02
1.508000000000133696e+03,7.544845294851082462e-02
1.508100000000133605e+03,7.484590765531672074e-02
1.508200000000133741e+03,7.423937747796960362e-02
1.508300000000133878e+03,7.362819776975938757e-02
1.508400000000133787e+03,7.301236149355708194e-02
1.508500000000133696e+03,7.239190350951596464e-02
1.508600000000133832e+03,7.176680104681512629e-02
1.508700000000133969e+03,7.113701967052685204e-02
1.508800000000133878e+03,7.050255230999276368e-02
1.508900000000133787e+03,6.986248343730409871e-02
1.509000000000133923e+03,6.921706740359495624e-02
1.509100000000134060e+03,6.839886637670092306e-02
1.509200000000133969e+03,6.757502359211112197e-02
1.509300000000133878e+03,6.674553038559141727e-02
1.509400000000134014e+03,6.591037808572770829e-02
1.509500000000134150e+03,6.506955801392645677e-02
1.509600000000134060e+03,6.422323905985796721e-02
1.509700000000133969e+03,6.337254861155446062e-02
1.509800000000134105e+03,6.251612388126030762e-02
1.509900000000134241e+03,6.165395575741706991e-02
1.510000000000134150e+03,6.078603512027751232e-02
1.510100000000134060e+03,5.979835283425584402e-02
1.510200000000134196e+03,5.880460593900971311e-02
1.510300000000134332e+03,5.780479226565467255e-02
1.510400000000134241e+03,5.679894553847872340e-02
1.510500000000134150e+03,5.578826436023624769e-02
1.510600000000134287e+03,5.477267976882005396e-02
1.510700000000134423e+03,5.375089488033060747e-02
1.510800000000134332e+03,5.272082067503375963e-02
1.510900000000134241e+03,5.168421254372597418e-02
1.511000000000134378e+03,5.064147519090354127e-02
1.511100000000134514e+03,4.955450775343749753e-02
1.511200000000134423e+03,4.846178928749064752e-02
1.511300000000134332e+03,4.736380668730549859e-02
1.511400000000134469e+03,4.626060426388031027e-02
1.511500000000134605e+03,4.515158461084774894e-02
1.511600000000134514e+03,4.403674199932453709e-02
1.511700000000134423e+03,4.291607069808751201e-02
1.511800000000134560e+03,4.178956497357774053e-02
1.511900000000134696e+03,4.065615222089145886e-02
1.512000000000134605e+03,3.951612751058138084e-02
1.512100000000134514e+03,4.040782894492798982e-02
1.512200000000134651e+03,4.130383701906629318e-02
1.512300000000134787e+03,4.220311843170163751e-02
1.512400000000134696e+03,4.310567372332133051e-02
1.512500000000134605e+03,4.401150343304426060e-02
1.512600000000134742e+03,4.492060809861671972e-02
1.512700000000134878e+03,4.583298825640864937e-02
1.512800000000134787e+03,4.674864444141745706e-02
1.512900000000134696e+03,4.766798937756101112e-02
1.513000000000134833e+03,4.859067207454551701e-02
1.513100000000134969e+03,4.964723249702401170e-02
1.513200000000134878e+03,5.070792039025098785e-02
1.513300000000134787e+03,5.177273950942842123e-02
1.513400000000134924e+03,5.284169361078487615e-02
1.513500000000135060e+03,5.391478645157005145e-02
1.513600000000134969e+03,5.499202179005895780e-02
1.513700000000134878e+03,5.607340338555727444e-02
1.513800000000135014e+03,5.715893499839499320e-02
1.513900000000135151e+03,5.824862038992172780e-02
1.514000000000135060e+03,5.934245678010649505e-02
1.514100000000134969e+03,6.041594856558733795e-02
1.514200000000135105e+03,6.149435472659946222e-02
1.514300000000135242e+03,6.257628857124777899e-02
1.514400000000135151e+03,6.366174598351129199e-02
1.514500000000135060e+03,6.475072847201643333e-02
1.514600000000135196e+03,6.584323754421493591e-02
1.514700000000135333e+03,6.693927470637792143e-02
1.514800000000135242e+03,6.803884146359950869e-02
1.514900000000135151e+03,6.914193931980164298e-02
1.515000000000135287e+03,7.024856977765323029e-02
1.515100000000135424e+03,7.130342076713112875e-02
1.515200000000135333e+03,7.236156060897663833e-02
1.515300000000135242e+03,7.342299150677333852e-02
1.515400000000135378e+03,7.448771566406317546e-02
1.515500000000135515e+03,7.555573528434195163e-02
1.515600000000135424e+03,7.662705257106249002e-02
1.515700000000135333e+03,7.770166972763989377e-02
1.515800000000135469e+03,7.877958895744580081e-02
1.515900000000135606e+03,7.986081246380309639e-02
1.516000000000135515e+03,8.094534244984136206e-02
1.516100000000135424e+03,8.192312100861103008e-02
1.516200000000135560e+03,8.290518566461591021e-02
1.516300000000135697e+03,8.389012815672822199e-02
1.516400000000135606e+03,8.487788439941132412e-02
1.516500000000135515e+03,8.586853258863805238e-02
1.516600000000135651e+03,8.686206449821072539e-02
1.516700000000135788e+03,8.785848251997054048e-02
1.516800000000135697e+03,8.885778904598272410e-02
1.516900000000135606e+03,8.985998646854030658e-02
1.517000000000135742e+03,9.086507717992001187e-02
1.517100000000135879e+03,9.169735213923449479e-02
1.517200000000135788e+03,9.253171957793288049e-02
1.517300000000135697e+03,9.336818097937235605e-02
1.517400000000135833e+03,9.420673782710217714e-02
1.517500000000135969e+03,9.504704352963731784e-02
1.517600000000135879e+03,9.588752853950328892e-02
1.517700000000135788e+03,9.672974347651823457e-02
1.517800000000135924e+03,9.757214439498493319e-02
1.517900000000136060e+03,9.841656980556698353e-02
1.518000000000135969e+03,9.926302090520253141e-02
1.518100000000135879e+03,9.988951420851893692e-02
1.518200000000136015e+03,1.005173331373481471e-01
1.518300000000136151e+03,1.011464784960880020e-01
1.518400000000136060e+03,1.017769510891087387e-01
1.518500000000135969e+03,1.024084916280502133e-01
1.518600000000136106e+03,1.030392941749074115e-01
1.518700000000136242e+03,1.036735401703307857e-01
1.518800000000136151e+03,1.043094229360107539e-01
1.518900000000136060e+03,1.049466385345065589e-01
1.519000000000136197e+03,1.055851877786972842e-01
1.519100000000136333e+03,1.059473308534402136e-01
1.519200000000136242e+03,1.063100353585855057e-01
1.519300000000136151e+03,1.066731234982444959e-01
1.519400000000136288e+03,1.070345356982949220e-01
1.519500000000136424e+03,1.073964936477378312e-01
1.519600000000136333e+03,1.077590616790770062e-01
1.519700000000136242e+03,1.081222149940006400e-01
1.519800000000136379e+03,1.084859152953774608e-01
1.519900000000136515e+03,1.088501627656857373e-01
1.520000000000136424e+03,1.092149575869278966e-01
1.520100000000136333e+03,1.093008612042132566e-01
1.520200000000136470e+03,1.093819932656348165e-01
1.520300000000136606e+03,1.094631080469618684e-01
1.520400000000136515e+03,1.095442055022427114e-01
1.520500000000136424e+03,1.096252855855042591e-01
1.520600000000136561e+03,1.097063482507506516e-01
1.520700000000136697e+03,1.097873934519640327e-01
1.520800000000136606e+03,1.098684211431042307e-01
1.520900000000136515e+03,1.099494312781089389e-01
1.521000000000136652e+03,1.100304238104286431e-01
1.521100000000136788e+03,1.097703666664455180e-01
1.521200000000136697e+03,1.095097897130576786e-01
1.521300000000136606e+03,1.092486927689233084e-01
1.521400000000136743e+03,1.089870756527565737e-01
1.521500000000136879e+03,1.087249381833295947e-01
1.521600000000136788e+03,1.084622801794708907e-01
1.521700000000136697e+03,1.081991014600638124e-01
1.521800000000136833e+03,1.079354018440489282e-01
1.521900000000136970e+03,1.076711811504235672e-01
1.522000000000136879e+03,1.074066110942812347e-01
1.522100000000136788e+03,1.068650177813168095e-01
1.522200000000136924e+03,1.063221252668366673e-01
1.522300000000137061e+03,1.057779320576030385e-01
1.522400000000136970e+03,1.052324366592657101e-01
1.522500000000136879e+03,1.046856375763606933e-01
1.522600000000137015e+03,1.041332109135399142e-01
1.522700000000137152e+03,1.035791474091258824e-01
1.522800000000137061e+03,1.030238255638698530e-01
1.522900000000136970e+03,1.024672440541270629e-01
1.523000000000137106e+03,1.019094015549601578e-01
1.523100000000137243e+03,1.010269564101788226e-01
1.523200000000137152e+03,1.001469486573499657e-01
1.523300000000137061e+03,9.926690289755618624e-02
1.523400000000137197e+03,9.838368421463543345e-02
1.523500000000137334e+03,9.749902181173755733e-02
1.523600000000137243e+03,9.661318179231954961e-02
1.523700000000137152e+03,9.572616369145933723e-02
1.523800000000137288e+03,9.483796704429672819e-02
1.523900000000137425e+03,9.394859138603744997e-02
1.524000000000137334e+03,9.305803625164811577e-02
1.524100000000137243e+03,9.194616506721223215e-02
1.524200000000137379e+03,9.083247257033208455e-02
1.524300000000137516e+03,8.971695721711651916e-02
1.524400000000137425e+03,8.859961746287629836e-02
1.524500000000137334e+03,8.748045176212009000e-02
1.524600000000137470e+03,8.635945856855783975e-02
1.524700000000137607e+03,8.523663633510647486e-02
1.524800000000137516e+03,8.411198351388442240e-02
1.524900000000137425e+03,8.298549855620607207e-02
1.525000000000137561e+03,8.185717991234285618e-02
1.525100000000137697e+03,8.054947503887814608e-02
1.525200000000137607e+03,7.924001313857814699e-02
1.525300000000137516e+03,7.792886081960577471e-02
1.525400000000137652e+03,7.661601305659926364e-02
1.525500000000137788e+03,7.530141058094926010e-02
1.525600000000137697e+03,7.398511678583558071e-02
1.525700000000137607e+03,7.266713060355675657e-02
1.525800000000137743e+03,7.134868431670658706e-02
1.525900000000137879e+03,7.002886921790543728e-02
1.526000000000137788e+03,6.870729883740349375e-02
1.526100000000137697e+03,6.728901545515698912e-02
1.526200000000137834e+03,6.586960986864501266e-02
1.526300000000137970e+03,6.444908186550610263e-02
1.526400000000137879e+03,6.302743123351726984e-02
1.526500000000137788e+03,6.160465776058797471e-02
1.526600000000137925e+03,6.017977320878935971e-02
1.526700000000138061e+03,5.875344934517785778e-02
1.526800000000137970e+03,5.732606642634040239e-02
1.526900000000137879e+03,5.589762431982014251e-02
1.527000000000138016e+03,5.446808987043446487e-02
1.527100000000138152e+03,5.420971122612633364e-02
1.527200000000138061e+03,5.395096080657676291e-02
1.527300000000137970e+03,5.369183830880353697e-02
1.527400000000138107e+03,5.343317429744127295e-02
1.527500000000138243e+03,5.317450437262548346e-02
1.527600000000138152e+03,5.291544978123156190e-02
1.527700000000138061e+03,5.265758497223926859e-02
1.527800000000138198e+03,5.240023076772095528e-02
1.527900000000138334e+03,5.214203144111229787e-02
1.528000000000138243e+03,5.188302475989915730e-02
1.528100000000138152e+03,5.298555032381656316e-02
1.528200000000138289e+03,5.408880694874396849e-02
1.528300000000138425e+03,5.519279478192488236e-02
1.528400000000138334e+03,5.629751397055361012e-02
1.528500000000138243e+03,5.740296466178037432e-02
1.528600000000138380e+03,5.850914700270555546e-02
1.528700000000138516e+03,5.961606114037554249e-02
1.528800000000138425e+03,6.072421257639300241e-02
1.528900000000138334e+03,6.183406205339513767e-02
1.529000000000138471e+03,6.294556552580088393e-02
1.529100000000138607e+03,6.409684616588293138e-02
1.529200000000138516e+03,6.524968125974586752e-02
1.529300000000138425e+03,6.640407216450518180e-02
1.529400000000138562e+03,6.756002023816327917e-02
1.529500000000138698e+03,6.871752683960548336e-02
1.529600000000138607e+03,6.987659332860540751e-02
1.529700000000138516e+03,7.103722106583057472e-02
1.529800000000138652e+03,7.220127996077450871e-02
1.529900000000138789e+03,7.336813341483697237e-02
1.530000000000138698e+03,7.453337839721473068e-02
1.530100000000138607e+03,7.564067046249887960e-02
1.530200000000138743e+03,7.674856347845755711e-02
1.530300000000138880e+03,7.785705751744168013e-02
1.530400000000138789e+03,7.896615265175670195e-02
1.530500000000138698e+03,8.007584895366683109e-02
1.530600000000138834e+03,8.118614649539099282e-02
1.530700000000138971e+03,8.229714605125637572e-02
1.530800000000138880e+03,8.340880671924419398e-02
1.530900000000138789e+03,8.452107308612943903e-02
1.531000000000138925e+03,8.563394522729933511e-02
1.531100000000139062e+03,8.667868629532471392e-02
1.531200000000138971e+03,8.772427340766193737e-02
1.531300000000138880e+03,8.877070694343869306e-02
1.531400000000139016e+03,8.981698175076911761e-02
1.531500000000139153e+03,9.086304321326406364e-02
1.531600000000139062e+03,9.190990482803962358e-02
1.531700000000138971e+03,9.295756691819292983e-02
1.531800000000139107e+03,9.400602980689153065e-02
1.531900000000139244e+03,9.505529381736851913e-02
1.532000000000139153e+03,9.610535927273192169e-02
1.532100000000139062e+03,9.701558851016287011e-02
1.532200000000139198e+03,9.792643250982785430e-02
1.532300000000139335e+03,9.883789147759351745e-02
1.532400000000139244e+03,9.974996561936334827e-02
1.532500000000139153e+03,1.006626551410811504e-01
1.532600000000139289e+03,1.015759602487271429e-01
1.532700000000139426e+03,1.024898811483133804e-01
1.532800000000139335e+03,1.034044180458889156e-01
1.532900000000139244e+03,1.043195711475425336e-01
1.533000000000139380e+03,1.052343460082250381e-01
1.533100000000139516e+03,1.059550316519639462e-01
1.533200000000139426e+03,1.066761397362581271e-01
1.533300000000139335e+03,1.073976703693348411e-01
1.533400000000139471e+03,1.081196236594335752e-01
1.533500000000139607e+03,1.088419997148018653e-01
1.533600000000139516e+03,1.095647986436999177e-01
1.533700000000139426e+03,1.102880205544023023e-01
1.533800000000139562e+03,1.110107130437218564e-01
1.533900000000139698e+03,1.117322481969686282e-01
1.534000000000139607e+03,1.124541738467551705e-01
1.534100000000139516e+03,1.129306953043571343e-01
1.534200000000139653e+03,1.134074340912028800e-01
1.534300000000139789e+03,1.138843902214751597e-01
1.534400000000139698e+03,1.143615637093407938e-01
1.534500000000139607e+03,1.148492713266151127e-01
1.534600000000139744e+03,1.153378236845480354e-01
1.534700000000139880e+03,1.158266843197852253e-01
1.534800000000139789e+03,1.163158533144893897e-01
1.534900000000139698e+03,1.168053307508205990e-01
1.535000000000139835e+03,1.172951167105373282e-01
1.535100000000139971e+03,1.175013116988755102e-01
1.535200000000139880e+03,1.177076225748088928e-01
1.535300000000139789e+03,1.179140493687462626e-01
1.535400000000139926e+03,1.181197844452449852e-01
1.535500000000140062e+03,1.183237648546198728e-01
1.535600000000139971e+03,1.185297277766942659e-01
1.535700000000139880e+03,1.187366937967598707e-01
1.535800000000140017e+03,1.189436852652682591e-01
1.535900000000140153e+03,1.191507924164638133e-01
1.536000000000140062e+03,1.193580152783069032e-01
1.536100000000139971e+03,1.192499778011678474e-01
1.536200000000140108e+03,1.191418638411127634e-01
1.536300000000140244e+03,1.190336733832801641e-01
1.536400000000140153e+03,1.189254064128107136e-01
1.536500000000140062e+03,1.188170629148469215e-01
1.536600000000140199e+03,1.187086428745343925e-01
1.536700000000140335e+03,1.186034199899633074e-01
1.536800000000140244e+03,1.185032357036222977e-01
1.536900000000140153e+03,1.184029590426746575e-01
1.537000000000140290e+03,1.183031926512893572e-01
1.537100000000140426e+03,1.178905376379441733e-01
1.537200000000140335e+03,1.174774974026169261e-01
1.537300000000140244e+03,1.170640717628714661e-01
1.537400000000140381e+03,1.166502605362243900e-01
1.537500000000140517e+03,1.162360635401480935e-01
1.537600000000140426e+03,1.158214805920687179e-01
1.537700000000140335e+03,1.154065115093635963e-01
1.537800000000140471e+03,1.149908593013196922e-01
1.537900000000140608e+03,1.145724159365877071e-01
1.538000000000140517e+03,1.141536059438360839e-01
1.538100000000140426e+03,1.134175474888114710e-01
1.538200000000140562e+03,1.126809291345787778e-01
1.538300000000140699e+03,1.119437506859917442e-01
1.538400000000140608e+03,1.112060119478809755e-01
1.538500000000140517e+03,1.104677127250512092e-01
1.538600000000140653e+03,1.097292202954243956e-01
1.538700000000140790e+03,1.089922648230105678e-01
1.538800000000140699e+03,1.082547149163530370e-01
1.538900000000140608e+03,1.075165703390137950e-01
1.539000000000140744e+03,1.067778308541697668e-01
1.539100000000140881e+03,1.057971527759282715e-01
1.539200000000140790e+03,1.048149300828520036e-01
1.539300000000140699e+03,1.038311612208498574e-01
1.539400000000140835e+03,1.028458446346256633e-01
1.539500000000140972e+03,1.018589787676826564e-01
1.539600000000140881e+03,1.008705620623171068e-01
1.539700000000140790e+03,9.988059295961436435e-02
1.539800000000140926e+03,9.888906989945149550e-02
1.539900000000141063e+03,9.789599132050146035e-02
1.540000000000140972e+03,9.690135565986285338e-02
1.540100000000140881e+03,9.564493249197064673e-02
1.540200000000141017e+03,9.438693844030947300e-02
1.540300000000141154e+03,9.313381720408811515e-02
1.540400000000141063e+03,9.187952985564437625e-02
1.540500000000140972e+03,9.062407578845034506e-02
1.540600000000141108e+03,8.936745439577406525e-02
1.540700000000141245e+03,8.810966507068458686e-02
1.540800000000141154e+03,8.685070720604630423e-02
1.540900000000141063e+03,8.559058019451347421e-02
1.541000000000141199e+03,8.432952904779378311e-02
1.541100000000141335e+03,8.293038265135391218e-02
1.541200000000141245e+03,8.152738476378584842e-02
1.541300000000141154e+03,8.011714733110270048e-02
1.541400000000141290e+03,7.870538239471344677e-02
1.541500000000141426e+03,7.729208893017955329e-02
1.541600000000141335e+03,7.587726591253973751e-02
1.541700000000141245e+03,7.446091231630382057e-02
1.541800000000141381e+03,7.304302711545801463e-02
1.541900000000141517e+03,7.162360928347219491e-02
1.542000000000141426e+03,7.020265779321348265e-02
1.542100000000141335e+03,6.872435168825867524e-02
1.542200000000141472e+03,6.724428976483858011e-02
1.542300000000141608e+03,6.576247073432596457e-02
1.542400000000141517e+03,6.427440878327750351e-02
1.542500000000141426e+03,6.278474230392325217e-02
1.542600000000141563e+03,6.129352534488049370e-02
1.542700000000141699e+03,5.980075695829541876e-02
1.542800000000141608e+03,5.830643619590870214e-02
1.542900000000141517e+03,5.681056210904810583e-02
1.543000000000141654e+03,5.531313375104724567e-02
1.543100000000141790e+03,5.551742863904971653e-02
1.543200000000141699e+03,5.572192465334583483e-02
1.543300000000141608e+03,5.592662192281408484e-02
1.543400000000141745e+03,5.613152057639465148e-02
1.543500000000141881e+03,5.633451422951177984e-02
1.543600000000141790e+03,5.653719863021082481e-02
1.543700000000141699e+03,5.674006602188389620e-02
1.543800000000141836e+03,5.694311650787976797e-02
1.543900000000141972e+03,5.714635019158842422e-02
1.544000000000141881e+03,5.734976717781075511e-02
1.544100000000141790e+03,5.851910701760248273e-02
1.544200000000141927e+03,5.968962273404817415e-02
1.544300000000142063e+03,6.086010665651825358e-02
1.544400000000141972e+03,6.203156924671163891e-02
1.544500000000141881e+03,6.320416495888128705e-02
1.544600000000142018e+03,6.437788739897490342e-02
1.544700000000142154e+03,6.555273723214050108e-02
1.544800000000142063e+03,6.672871512382015646e-02
1.544900000000141972e+03,6.790582173975563685e-02
1.545000000000142109e+03,6.908405774601154847e-02
1.545100000000142245e+03,7.028361724754349227e-02
1.545200000000142154e+03,7.148457277317145364e-02
1.545300000000142063e+03,7.268692536591599140e-02
1.545400000000142199e+03,7.389059289439647848e-02
1.545500000000142336e+03,7.509561389601188131e-02
1.545600000000142245e+03,7.630203099911334053e-02
1.545700000000142154e+03,7.750957665369238858e-02
1.545800000000142290e+03,7.871693187267300718e-02
1.545900000000142427e+03,7.992562931034657980e-02
1.546000000000142336e+03,8.113566990780095300e-02
1.546100000000142245e+03,8.230156792047885195e-02
1.546200000000142381e+03,8.346848022117199506e-02
1.546300000000142518e+03,8.463640728867038998e-02
1.546400000000142427e+03,8.580534960189722948e-02
1.546500000000142336e+03,8.697530763991477565e-02
1.546600000000142472e+03,8.814628188191914182e-02
1.546700000000142609e+03,8.931827280723439455e-02
1.546800000000142518e+03,9.049128089531854879e-02
1.546900000000142427e+03,9.166156487001862752e-02
1.547000000000142563e+03,9.283218914070888450e-02
1.547100000000142700e+03,9.390736570634640457e-02
1.547200000000142609e+03,9.498319471475737130e-02
1.547300000000142518e+03,9.605964560404063601e-02
1.547400000000142654e+03,9.713659435978599932e-02
1.547500000000142791e+03,9.821097982231563606e-02
1.547600000000142700e+03,9.928470275150759472e-02
1.547700000000142609e+03,1.003589775027288189e-01
1.547800000000142745e+03,1.014338041377049748e-01
1.547900000000142882e+03,1.025091827181279919e-01
1.548000000000142791e+03,1.035865443761112004e-01
1.548100000000142700e+03,1.045253684905414621e-01
1.548200000000142836e+03,1.054647872311939849e-01
1.548300000000142973e+03,1.064048007750843100e-01
1.548400000000142882e+03,1.073454092992555675e-01
1.548500000000142791e+03,1.082866129807823347e-01
1.548600000000142927e+03,1.092284119967665973e-01
1.548700000000143064e+03,1.101708065243336282e-01
1.548800000000142973e+03,1.111137967406356786e-01
1.548900000000142882e+03,1.120573828228566549e-01
1.549000000000143018e+03,1.130015649479537004e-01
1.549100000000143154e+03,1.137684052938337936e-01
1.549200000000143064e+03,1.145359935022785824e-01
1.549300000000142973e+03,1.153043300253437098e-01
1.549400000000143109e+03,1.160725216284270722e-01
1.549500000000143245e+03,1.168396167953795195e-01
1.549600000000143154e+03,1.176074256658088124e-01
1.549700000000143064e+03,1.183759486416896128e-01
1.549800000000143200e+03,1.191451861251525551e-01
1.549900000000143336e+03,1.199151385184791807e-01
1.550000000000143245e+03,1.206858062236857015e-01
1.550100000000143154e+03,1.211621322102308107e-01
1.550200000000143291e+03,1.216385569533979111e-01
1.550300000000143427e+03,1.221150804086220398e-01
1.550400000000143336e+03,1.225917025313290332e-01
1.550500000000143245e+03,1.230684232769387598e-01
1.550600000000143382e+03,1.235452426008624982e-01
1.550700000000143518e+03,1.240237555119037272e-01
1.550800000000143427e+03,1.245035913809650757e-01
1.550900000000143336e+03,1.249835472591194485e-01
1.551000000000143473e+03,1.254636438510401686e-01
1.551100000000143609e+03,1.256827994761845202e-01
1.551200000000143518e+03,1.259020945047397144e-01
1.551300000000143427e+03,1.261215289897091307e-01
1.551400000000143564e+03,1.263477645957630513e-01
1.551500000000143700e+03,1.265764402300388336e-01
1.551600000000143609e+03,1.268052874290206133e-01
1.551700000000143518e+03,1.270343062798996170e-01
1.551800000000143655e+03,1.272634968699010716e-01
1.551900000000143791e+03,1.274928592862838994e-01
1.552000000000143700e+03,1.277223936158349005e-01
1.552100000000143609e+03,1.275998179460970106e-01
1.552200000000143746e+03,1.274771901831329990e-01
1.552300000000143882e+03,1.273530948656309281e-01
1.552400000000143791e+03,1.272274899717553420e-01
1.552500000000143700e+03,1.271060208058872043e-01
1.552600000000143837e+03,1.269892981771309215e-01
1.552700000000143973e+03,1.268724077522643268e-01
1.552800000000143882e+03,1.267553546447953150e-01
1.552900000000143791e+03,1.266382381343819363e-01
1.553000000000143928e+03,1.265210582143174167e-01
1.553100000000144064e+03,1.260723082834519782e-01
1.553200000000143973e+03,1.256171542506876460e-01
1.553300000000143882e+03,1.251618072897924538e-01
1.553400000000144018e+03,1.247062834968644257e-01
1.553500000000144155e+03,1.242506056889413485e-01
1.553600000000144064e+03,1.237958532180294668e-01
1.553700000000143973e+03,1.233456762461765388e-01
1.553800000000144109e+03,1.228953022199721912e-01
1.553900000000144246e+03,1.224470263140889775e-01
1.554000000000144155e+03,1.220017629777653406e-01
1.554100000000144064e+03,1.212613175611965688e-01
1.554200000000144200e+03,1.205201525868670187e-01
1.554300000000144337e+03,1.197782676544766195e-01
1.554400000000144246e+03,1.190356623635789729e-01
1.554500000000144155e+03,1.182923363135768152e-01
1.554600000000144291e+03,1.175482891037274435e-01
1.554700000000144428e+03,1.168035203331436872e-01
1.554800000000144337e+03,1.160580296007923534e-01
1.554900000000144246e+03,1.153118165054895783e-01
1.555000000000144382e+03,1.145648806454463708e-01
1.555100000000144519e+03,1.134995268354642428e-01
1.555200000000144428e+03,1.124336889403851902e-01
1.555300000000144337e+03,1.113673669411617273e-01
1.555400000000144473e+03,1.103005608187899028e-01
1.555500000000144610e+03,1.092307704049702149e-01
1.555600000000144519e+03,1.081556877496059471e-01
1.555700000000144428e+03,1.070802659812796348e-01
1.555800000000144564e+03,1.060045051730939963e-01
1.555900000000144701e+03,1.049268630071295144e-01
1.556000000000144610e+03,1.038479953574520387e-01
1.556100000000144519e+03,1.025522492797874136e-01
1.556200000000144655e+03,1.012556475239256015e-01
1.556300000000144792e+03,9.995886556522716460e-02
1.556400000000144701e+03,9.866277334407107247e-02
1.556500000000144610e+03,9.736576638295718622e-02
1.556600000000144746e+03,9.606784445484864432e-02
1.556700000000144883e+03,9.476900733280552158e-02
1.556800000000144792e+03,9.346925478998020786e-02
1.556900000000144701e+03,9.216858659961003897e-02
1.557000000000144837e+03,9.086553099558335178e-02
1.557100000000144973e+03,8.934988752894949815e-02
1.557200000000144883e+03,8.783782483783891815e-02
1.557300000000144792e+03,8.632630483164048518e-02
1.557400000000144928e+03,8.481532772673991416e-02
1.557500000000145064e+03,8.330489373931854180e-02
1.557600000000144973e+03,8.179500308534701225e-02
1.557700000000144883e+03,8.028565598057774144e-02
1.557800000000145019e+03,7.877685264055267478e-02
1.557900000000145155e+03,7.726820569718576004e-02
1.558000000000145064e+03,7.575878524854251506e-02
1.558100000000144973e+03,7.422481257691065926e-02
1.558200000000145110e+03,7.268310353287422976e-02
1.558300000000145246e+03,7.114033452818793735e-02
1.558400000000145155e+03,6.959650536221229089e-02
1.558500000000145064e+03,6.805161583444443996e-02
1.558600000000145201e+03,6.650566574452548840e-02
1.558700000000145337e+03,6.495838569029858955e-02
1.558800000000145246e+03,6.340888647874304285e-02
1.558900000000145155e+03,6.185839614478548520e-02
1.559000000000145292e+03,6.030691456413817680e-02
1.559100000000145428e+03,6.007073596573027363e-02
1.559200000000145337e+03,5.983467256785521965e-02
1.559300000000145246e+03,5.959872437273635443e-02
1.559400000000145383e+03,5.936289138256321124e-02
1.559500000000145519e+03,5.912717359949271750e-02
1.559600000000145428e+03,5.889157102564777230e-02
1.559700000000145337e+03,5.865608366311669125e-02
1.559800000000145474e+03,5.842071151395396983e-02
1.559900000000145610e+03,5.818545458018149763e-02
1.560000000000145519e+03,5.795031286581580482e-02
1.560100000000145428e+03,5.910910705021839295e-02
1.560200000000145565e+03,6.026802375987841409e-02
1.560300000000145701e+03,6.142798778687495048e-02
1.560400000000145610e+03,6.259646243001015797e-02
1.560500000000145519e+03,6.376615095671331335e-02
1.560600000000145656e+03,6.493633491609600294e-02
1.560700000000145792e+03,6.610701435728909281e-02
1.560800000000145701e+03,6.727818932939336194e-02
1.560900000000145610e+03,6.844985988148559464e-02
1.561000000000145747e+03,6.962202606263606652e-02
1.561100000000145883e+03,7.081076897753810218e-02
1.561200000000145792e+03,7.199682541757024268e-02
1.561300000000145701e+03,7.318313184824561113e-02
1.561400000000145837e+03,7.436968820413601688e-02
1.561500000000145974e+03,7.555768325406943264e-02
1.561600000000145883e+03,7.675041113697815554e-02
1.561700000000145792e+03,7.794463597713342795e-02
1.561800000000145928e+03,7.913931869212138814e-02
1.561900000000146065e+03,8.033445930665551737e-02
1.562000000000145974e+03,8.153005784540148793e-02
1.562100000000145883e+03,8.271458059558714493e-02
1.562200000000146019e+03,8.389993035735204829e-02
1.562300000000146156e+03,8.508610745229429340e-02
1.562400000000146065e+03,8.627311220207839471e-02
1.562500000000145974e+03,8.746094492844064261e-02
1.562600000000146110e+03,8.864960595318360781e-02
1.562700000000146247e+03,8.983710270766442907e-02
1.562800000000146156e+03,9.102525243248288378e-02
1.562900000000146065e+03,9.221417543581821030e-02
1.563000000000146201e+03,9.340387198497239474e-02
1.563100000000146338e+03,9.449933657414780197e-02
1.563200000000146247e+03,9.559506764727349060e-02
1.563300000000146156e+03,9.669106516998794698e-02
1.563400000000146292e+03,9.778732910791940180e-02
1.563500000000146429e+03,9.888385942667948791e-02
1.563600000000146338e+03,9.997850446390260659e-02
1.563700000000146247e+03,1.010732584302149323e-01
1.563800000000146383e+03,1.021666369356995091e-01
1.563900000000146520e+03,1.032593769665625105e-01
1.564000000000146429e+03,1.043522131253257629e-01
1.564100000000146338e+03,1.053555562001557561e-01
1.564200000000146474e+03,1.063597906428869894e-01
1.564300000000146611e+03,1.073649019733885490e-01
1.564400000000146520e+03,1.083686530114013891e-01
1.564500000000146429e+03,1.093730256370830933e-01
1.564600000000146565e+03,1.103782310319047499e-01
1.564700000000146701e+03,1.113842696155860762e-01
1.564800000000146611e+03,1.123911418079925201e-01
1.564900000000146520e+03,1.133988480291405615e-01
1.565000000000146656e+03,1.144073886988794114e-01
1.565100000000146792e+03,1.152029456812924818e-01
1.565200000000146701e+03,1.160010414686643287e-01
1.565300000000146611e+03,1.167997446813489604e-01
1.565400000000146747e+03,1.175987286620409494e-01
1.565500000000146883e+03,1.183979934310561560e-01
1.565600000000146792e+03,1.191975390087058190e-01
1.565700000000146701e+03,1.199973654153010522e-01
1.565800000000146838e+03,1.207974726711475710e-01
1.565900000000146974e+03,1.215978607965434305e-01
1.566000000000146883e+03,1.223985298114385195e-01
1.566100000000146792e+03,1.229654233023832199e-01
1.566200000000146929e+03,1.235325024672581928e-01
1.566300000000147065e+03,1.240997673057300937e-01
1.566400000000146974e+03,1.246672178174567103e-01
1.566500000000146883e+03,1.252348540020884471e-01
1.566600000000147020e+03,1.258026758592667715e-01
1.566700000000147156e+03,1.263706833886212022e-01
1.566800000000147065e+03,1.269411655643721271e-01
1.566900000000146974e+03,1.275124380257005863e-01
1.567000000000147111e+03,1.280839219187198674e-01
1.567100000000147247e+03,1.283887456820818895e-01
1.567200000000147156e+03,1.286887415046393535e-01
1.567300000000147065e+03,1.289877749483626102e-01
1.567400000000147202e+03,1.292869265408077561e-01
1.567500000000147338e+03,1.295861962959116986e-01
1.567600000000147247e+03,1.298788984797741852e-01
1.567700000000147156e+03,1.301694720883327105e-01
1.567800000000147293e+03,1.304600860122119288e-01
1.567900000000147429e+03,1.307507774609399931e-01
1.568000000000147338e+03,1.310415464273866626e-01
1.568100000000147247e+03,1.310455768762302797e-01
1.568200000000147384e+03,1.310495936531030914e-01
1.568300000000147520e+03,1.310569340476107902e-01
1.568400000000147429e+03,1.310628244178992652e-01
1.568500000000147338e+03,1.310670427786742587e-01
1.568600000000147475e+03,1.310712472887707869e-01
1.568700000000147611e+03,1.310754379425871086e-01
1.568800000000147520e+03,1.310796147345215379e-01
1.568900000000147429e+03,1.310837776589708070e-01
1.569000000000147566e+03,1.310879267098303269e-01
1.569100000000147702e+03,1.307521251162157283e-01
1.569200000000147611e+03,1.304161925951070056e-01
1.569300000000147520e+03,1.300801291491697487e-01
1.569400000000147656e+03,1.297447306098186981e-01
1.569500000000147793e+03,1.294114494944223759e-01
1.569600000000147702e+03,1.290780216688705295e-01
1.569700000000147611e+03,1.287444471262446100e-01
1.569800000000147747e+03,1.284107258596343670e-01
1.569900000000147884e+03,1.280768578621393761e-01
1.570000000000147793e+03,1.277428431264172881e-01
1.570100000000147702e+03,1.271037063259814470e-01
1.570200000000147838e+03,1.264641074139691845e-01
1.570300000000147975e+03,1.258240462274049232e-01
1.570400000000147884e+03,1.251835226032894932e-01
1.570500000000147793e+03,1.245425363785969547e-01
1.570600000000147929e+03,1.239010873902779281e-01
1.570700000000148066e+03,1.232591754752621893e-01
1.570800000000147975e+03,1.226168004704560194e-01
1.570900000000147884e+03,1.219737881499812077e-01
1.571000000000148020e+03,1.213292439034564796e-01
1.571100000000148157e+03,1.203723822734648480e-01
1.571200000000148066e+03,1.194150326025488901e-01
1.571300000000147975e+03,1.184571948276061104e-01
1.571400000000148111e+03,1.174988688855544416e-01
1.571500000000148248e+03,1.165400547133355058e-01
1.571600000000148157e+03,1.155792716287783878e-01
1.571700000000148066e+03,1.146112341318497457e-01
1.571800000000148202e+03,1.136404393686171743e-01
1.571900000000148339e+03,1.126693360607453759e-01
1.572000000000148248e+03,1.116979242624684121e-01
1.572100000000148157e+03,1.104734057753763987e-01
1.572200000000148293e+03,1.092483725965520264e-01
1.572300000000148430e+03,1.080228247350795562e-01
1.572400000000148339e+03,1.067942117991856205e-01
1.572500000000148248e+03,1.055628828424300947e-01
1.572600000000148384e+03,1.043311501735758595e-01
1.572700000000148520e+03,1.030990138793455024e-01
1.572800000000148430e+03,1.018654678209855169e-01
1.572900000000148339e+03,1.006301678115553988e-01
1.573000000000148475e+03,9.939452246986298090e-02
1.573100000000148611e+03,9.794162629077661497e-02
1.573200000000148520e+03,9.649005196459628508e-02
1.573300000000148430e+03,9.503980011553182783e-02
1.573400000000148566e+03,9.358973671839450337e-02
1.573500000000148702e+03,9.213986199281984368e-02
1.573600000000148611e+03,9.069017615833384338e-02
1.573700000000148520e+03,8.924067943434851879e-02
1.573800000000148657e+03,8.779137204016716767e-02
1.573900000000148793e+03,8.634282063997419931e-02
1.574000000000148702e+03,8.489788102313489127e-02
1.574100000000148611e+03,8.336656963587535385e-02
1.574200000000148748e+03,8.183431350332837084e-02
1.574300000000148884e+03,8.030111242202936372e-02
1.574400000000148793e+03,7.876696618856440790e-02
1.574500000000148702e+03,7.723187459956480649e-02
1.574600000000148839e+03,7.569583745171337696e-02
1.574700000000148975e+03,7.415885454175114022e-02
1.574800000000148884e+03,7.262160323538735529e-02
1.574900000000148793e+03,7.108432534909213396e-02
1.575000000000148930e+03,6.954603142997570209e-02
1.575100000000149066e+03,6.800339195150444105e-02
1.575200000000148975e+03,6.646053882423229309e-02
1.575300000000148884e+03,6.491745301054989425e-02
1.575400000000149021e+03,6.337413463449766138e-02
1.575500000000149157e+03,6.183058382013148502e-02
1.575600000000149066e+03,6.028782051024325628e-02
1.575700000000148975e+03,5.874644341014813309e-02
1.575800000000149112e+03,5.720469443282863442e-02
1.575900000000149248e+03,5.566257364861576518e-02
1.576000000000149157e+03,5.412008113186558139e-02
1.576100000000149066e+03,5.526239800989054402e-02
1.576200000000149203e+03,5.640483506491932031e-02
1.576300000000149339e+03,5.754739221583507480e-02
1.576400000000149248e+03,5.868962425495048013e-02
1.576500000000149157e+03,5.983105564107795565e-02
1.576600000000149294e+03,6.097255499291887731e-02
1.576700000000149430e+03,6.211412221885530965e-02
1.576800000000149339e+03,6.325575722727583283e-02
1.576900000000149248e+03,6.439745992658199580e-02
1.577000000000149385e+03,6.553923022525114106e-02
1.577100000000149521e+03,6.672753276401799383e-02
1.577200000000149430e+03,6.791611531114906397e-02
1.577300000000149339e+03,6.910497784038453772e-02
1.577400000000149475e+03,7.029412032545265254e-02
1.577500000000149612e+03,7.148354274006464559e-02
1.577600000000149521e+03,7.267324505791929179e-02
1.577700000000149430e+03,7.386322725270930145e-02
1.577800000000149566e+03,7.505348929811513081e-02
1.577900000000149703e+03,7.624403116780013867e-02
1.578000000000149612e+03,7.743485283541098885e-02
1.578100000000149521e+03,7.862288058718651385e-02
1.578200000000149657e+03,7.981108340715944993e-02
1.578300000000149794e+03,8.099946124713650053e-02
1.578400000000149703e+03,8.218801405892108003e-02
1.578500000000149612e+03,8.337674179431849020e-02
1.578600000000149748e+03,8.456564440513050784e-02
1.578700000000149885e+03,8.575472184315038882e-02
1.578800000000149794e+03,8.694483700473408516e-02
1.578900000000149703e+03,8.813827667400586652e-02
1.579000000000149839e+03,8.933199940233062242e-02
1.579100000000149976e+03,9.048415913110678666e-02
1.579200000000149885e+03,9.163669512464771294e-02
1.579300000000149794e+03,9.278960741269876022e-02
1.579400000000149930e+03,9.394289602499923675e-02
1.579500000000150067e+03,9.509656099127725137e-02
1.579600000000149976e+03,9.624765043123871544e-02
1.579700000000149885e+03,9.739965478512054020e-02
1.579800000000150021e+03,9.855197914897120826e-02
1.579900000000150158e+03,9.970462352364393988e-02
1.580000000000150067e+03,1.008575879098218137e-01
1.580100000000149976e+03,1.019038376090743020e-01
1.580200000000150112e+03,1.029501480077586045e-01
1.580300000000150249e+03,1.039965190628149710e-01
1.580400000000150158e+03,1.050429686502561966e-01
1.580500000000150067e+03,1.060894827023330378e-01
1.580600000000150203e+03,1.071360801420748743e-01
1.580700000000150339e+03,1.081828194079528654e-01
1.580800000000150249e+03,1.092296215374995855e-01
1.580900000000150158e+03,1.102764864878908041e-01
1.581000000000150294e+03,1.113234142160969137e-01
1.581100000000150430e+03,1.122319516412921825e-01
1.581200000000150339e+03,1.131406926328896168e-01
1.581300000000150249e+03,1.140496371670818854e-01
1.581400000000150385e+03,1.149587852200491533e-01
1.581500000000150521e+03,1.158681367679541829e-01
1.581600000000150430e+03,1.167776917869478570e-01
1.581700000000150339e+03,1.176874502531722738e-01
1.581800000000150476e+03,1.185974121427567224e-01
1.581900000000150612e+03,1.195075774318143380e-01
1.582000000000150521e+03,1.204179460960673881e-01
1.582100000000150430e+03,1.210773857840902190e-01
1.582200000000150567e+03,1.217363790796815309e-01
1.582300000000150703e+03,1.223949261086937357e-01
1.582400000000150612e+03,1.230530269969977303e-01
1.582500000000150521e+03,1.237106818704842431e-01
1.582600000000150658e+03,1.243678908550616413e-01
1.582700000000150794e+03,1.250246540766523640e-01
1.582800000000150703e+03,1.256809716611964611e-01
1.582900000000150612e+03,1.263368437346544249e-01
1.583000000000150749e+03,1.269922704227045840e-01
1.583100000000150885e+03,1.274494567785347254e-01
1.583200000000150794e+03,1.279066667603598884e-01
1.583300000000150703e+03,1.283639003360245445e-01
1.583400000000150840e+03,1.288211574733726938e-01
1.583500000000150976e+03,1.292784381402421745e-01
1.583600000000150885e+03,1.297357423044696312e-01
1.583700000000150794e+03,1.301959881526646157e-01
1.583800000000150931e+03,1.306563161817188012e-01
1.583900000000151067e+03,1.311166884737478278e-01
1.584000000000150976e+03,1.315771049986773078e-01
1.584100000000150885e+03,1.317428122516327016e-01
1.584200000000151022e+03,1.319061100961871902e-01
1.584300000000151158e+03,1.320693785223329142e-01
1.584400000000151067e+03,1.322326175193198894e-01
1.584500000000150976e+03,1.323958270764038214e-01
1.584600000000151113e+03,1.325590071828434136e-01
1.584700000000151249e+03,1.327221578279007275e-01
1.584800000000151158e+03,1.328852790008411000e-01
1.584900000000151067e+03,1.330483706909349195e-01
1.585000000000151203e+03,1.332114328869892506e-01
1.585100000000151340e+03,1.330659675834768296e-01
1.585200000000151249e+03,1.329205258152260372e-01
1.585300000000151158e+03,1.327750241800388642e-01
1.585400000000151294e+03,1.326293337207095635e-01
1.585500000000151431e+03,1.324836674730353603e-01
1.585600000000151340e+03,1.323380254459584626e-01
1.585700000000151249e+03,1.321924076484171928e-01
1.585800000000151385e+03,1.320468140893455433e-01
1.585900000000151522e+03,1.319012447776754804e-01
1.586000000000151431e+03,1.317556997218833625e-01
1.586100000000151340e+03,1.313068101599531579e-01
1.586200000000151476e+03,1.308571586564825917e-01
1.586300000000151613e+03,1.304075148297436093e-01
1.586400000000151522e+03,1.299578787329292717e-01
1.586500000000151431e+03,1.295082504192303918e-01
1.586600000000151567e+03,1.290586299418388927e-01
1.586700000000151704e+03,1.286090173539485015e-01
1.586800000000151613e+03,1.281594127087530566e-01
1.586900000000151522e+03,1.277146466803298352e-01
1.587000000000151658e+03,1.272708214500011537e-01
1.587100000000151795e+03,1.264891569724754250e-01
1.587200000000151704e+03,1.257077960742576939e-01
1.587300000000151613e+03,1.249267387466796303e-01
1.587400000000151749e+03,1.241459849810398336e-01
1.587500000000151886e+03,1.233723123724835974e-01
1.587600000000151795e+03,1.226008079601090539e-01
1.587700000000151704e+03,1.218294976839811722e-01
1.587800000000151840e+03,1.210583815790981510e-01
1.587900000000151977e+03,1.202874596804371088e-01
1.588000000000151886e+03,1.195167320225295621e-01
1.588100000000151795e+03,1.184681876596524325e-01
1.588200000000151931e+03,1.174198419610361782e-01
1.588300000000152068e+03,1.163716949897716790e-01
1.588400000000151977e+03,1.153237468089258061e-01
1.588500000000151886e+03,1.142759974815375223e-01
1.588600000000152022e+03,1.132310955776935218e-01
1.588700000000152158e+03,1.121890187211626450e-01
1.588800000000152068e+03,1.111470423141544955e-01
1.588900000000151977e+03,1.101051664385128415e-01
1.589000000000152113e+03,1.090633911757381697e-01
1.589100000000152249e+03,1.078022097768613352e-01
1.589200000000152158e+03,1.065407663951009470e-01
1.589300000000152068e+03,1.052790610990467085e-01
1.589400000000152204e+03,1.040170939573317882e-01
1.589500000000152340e+03,1.027548650386410078e-01
1.589600000000152249e+03,1.014914908938539112e-01
1.589700000000152158e+03,1.002280883051377691e-01
1.589800000000152295e+03,9.896811082169935936e-02
1.589900000000152431e+03,9.770779484968224182e-02
1.590000000000152340e+03,9.644714043255457614e-02
1.590100000000152249e+03,9.499427236632941585e-02
1.590200000000152386e+03,9.354162024732999570e-02
1.590300000000152522e+03,9.208918417202852091e-02
1.590400000000152431e+03,9.063696423687209180e-02
1.590500000000152340e+03,8.918496053827619507e-02
1.590600000000152477e+03,8.773317317263137904e-02
1.590700000000152613e+03,8.628160223630962355e-02
1.590800000000152522e+03,8.483024782565788680e-02
1.590900000000152431e+03,8.338463006636344377e-02
1.591000000000152568e+03,8.193941671089439993e-02
1.591100000000152704e+03,8.042568381765211050e-02
1.591200000000152613e+03,7.891103245142007394e-02
1.591300000000152522e+03,7.739546232795264935e-02
1.591400000000152659e+03,7.587897316298837513e-02
1.591500000000152795e+03,7.436156467225740752e-02
1.591600000000152704e+03,7.284323657147465103e-02
1.591700000000152613e+03,7.132397246422686465e-02
1.591800000000152750e+03,6.980373809768852800e-02
1.591900000000152886e+03,6.828258616826532457e-02
1.592000000000152795e+03,6.676154728686663209e-02
1.592100000000152704e+03,6.567491207358014393e-02
1.592200000000152841e+03,6.458799581513054167e-02
1.592300000000152977e+03,6.350079852929177426e-02
1.592400000000152886e+03,6.241332023385939148e-02
1.592500000000152795e+03,6.132556094664579766e-02
1.592600000000152932e+03,6.023752068548490768e-02
1.592700000000153068e+03,5.914919946823754549e-02
1.592800000000152977e+03,5.806059731278587210e-02
1.592900000000152886e+03,5.697171423702909049e-02
1.593000000000153022e+03,5.588255026228694522e-02
1.593100000000153159e+03,5.701474595931609046e-02
1.593200000000153068e+03,5.814732806514330554e-02
1.593300000000152977e+03,5.928100218225220569e-02
1.593400000000153113e+03,6.041574266042670088e-02
1.593500000000153250e+03,6.155092117560734266e-02
1.593600000000153159e+03,6.268649358246827785e-02
1.593700000000153068e+03,6.382232338313574560e-02
1.593800000000153204e+03,6.495817864160263744e-02
1.593900000000153341e+03,6.609445003880466685e-02
1.594000000000153250e+03,6.723113762611912514e-02
1.594100000000153159e+03,6.841828580489751899e-02
1.594200000000153295e+03,6.960543905015412203e-02
1.594300000000153432e+03,7.079201893792025357e-02
1.594400000000153341e+03,7.197948804023489300e-02
1.594500000000153250e+03,7.316784677945002702e-02
1.594600000000153386e+03,7.435709557806204073e-02
1.594700000000153523e+03,7.554723485870530608e-02
1.594800000000153432e+03,7.673826504415899585e-02
1.594900000000153341e+03,7.793018655735090006e-02
1.595000000000153477e+03,7.912299982132671439e-02
1.595100000000153614e+03,8.029890825891178308e-02
1.595200000000153523e+03,8.147530408863665197e-02
1.595300000000153432e+03,8.265218741540993064e-02
1.595400000000153568e+03,8.382795164158658718e-02
1.595500000000153705e+03,8.500378460730663444e-02
1.595600000000153614e+03,8.618005003437161082e-02
1.595700000000153523e+03,8.735755805337272473e-02
1.595800000000153659e+03,8.853670997618572069e-02
1.595900000000153796e+03,8.971634811016754307e-02
1.596000000000153705e+03,9.089647256423193100e-02
1.596100000000153614e+03,9.202056903187449954e-02
1.596200000000153750e+03,9.314492541063265629e-02
1.596300000000153887e+03,9.426954168750514840e-02
1.596400000000153796e+03,9.539441784947649827e-02
1.596500000000153705e+03,9.651996274372599827e-02
1.596600000000153841e+03,9.764749740034522896e-02
1.596700000000153977e+03,9.877534114494536388e-02
1.596800000000153887e+03,9.990349398282805105e-02
1.596900000000153796e+03,1.010319559192845162e-01
1.597000000000153932e+03,1.021607269594762141e-01
1.597100000000154068e+03,1.032154515294350650e-01
1.597200000000153977e+03,1.042708731952179807e-01
1.597300000000153887e+03,1.053270792273849066e-01
1.597400000000154023e+03,1.063840051678724558e-01
1.597500000000154159e+03,1.074415441989151898e-01
1.597600000000154068e+03,1.084997934202443504e-01
1.597700000000153977e+03,1.095587531499079698e-01
1.597800000000154114e+03,1.106184237060655745e-01
1.597900000000154250e+03,1.116788054069827452e-01
1.598000000000154159e+03,1.127398985707950690e-01
1.598100000000154068e+03,1.136440340320565012e-01
1.598200000000154205e+03,1.145485768110104247e-01
1.598300000000154341e+03,1.154535270048609868e-01
1.598400000000154250e+03,1.163588847108224245e-01
1.598500000000154159e+03,1.172646500261239344e-01
1.598600000000154296e+03,1.181708230480045946e-01
1.598700000000154432e+03,1.190774038737098806e-01
1.598800000000154341e+03,1.199816456313212154e-01
1.598900000000154250e+03,1.208854784858134218e-01
1.599000000000154387e+03,1.217876047280217616e-01
1.599100000000154523e+03,1.225250204673131865e-01
1.599200000000154432e+03,1.232631022886915423e-01
1.599300000000154341e+03,1.240017632649815099e-01
1.599400000000154478e+03,1.247410037003208183e-01
1.599500000000154614e+03,1.254808238989671976e-01
1.599600000000154523e+03,1.262212241653012101e-01
1.599700000000154432e+03,1.269615841610704510e-01
1.599800000000154569e+03,1.277002442105723556e-01
1.599900000000154705e+03,1.284373591989256824e-01
1.600000000000154614e+03,1.291740614071493765e-01
1.600100000000154523e+03,1.296465336328285756e-01
1.600200000000154660e+03,1.301191378004399879e-01
1.600300000000154796e+03,1.305918739827577890e-01
1.600400000000154705e+03,1.310647421908344157e-01
1.600500000000154614e+03,1.315377424357233593e-01
1.600600000000154751e+03,1.320108747284762518e-01
1.600700000000154887e+03,1.324841390801416718e-01
1.600800000000154796e+03,1.329575355017665328e-01
1.600900000000154705e+03,1.334310640043984419e-01
1.601000000000154841e+03,1.339021290197517922e-01
1.601100000000154978e+03,1.341002848396076474e-01
1.601200000000154887e+03,1.342984854422586694e-01
1.601300000000154796e+03,1.344967308286762753e-01
1.601400000000154932e+03,1.346950209998307724e-01
1.601500000000155069e+03,1.348933559566915519e-01
1.601600000000154978e+03,1.350917357002260621e-01
1.601700000000154887e+03,1.352901602314029172e-01
1.601800000000155023e+03,1.354886295511893435e-01
1.601900000000155160e+03,1.356871436605511516e-01
1.602000000000155069e+03,1.358857025600200552e-01
1.602100000000154978e+03,1.358043365545865966e-01
1.602200000000155114e+03,1.357201427840768193e-01
1.602300000000155251e+03,1.356358998138851302e-01
1.602400000000155160e+03,1.355516076312653362e-01
1.602500000000155069e+03,1.354672662234691349e-01
1.602600000000155205e+03,1.353828755777478354e-01
1.602700000000155342e+03,1.352984356813502209e-01
1.602800000000155251e+03,1.352139465215247693e-01
1.602900000000155160e+03,1.351294080855180713e-01
1.603000000000155296e+03,1.350448203600575769e-01
1.603100000000155433e+03,1.346272226529047489e-01
1.603200000000155342e+03,1.342095709090301292e-01
1.603300000000155251e+03,1.337918651411350857e-01
1.603400000000155387e+03,1.333741053619215966e-01
1.603500000000155524e+03,1.329562915840954984e-01
1.603600000000155433e+03,1.325384238203630716e-01
1.603700000000155342e+03,1.321203671683162939e-01
1.603800000000155478e+03,1.316964169137880003e-01
1.603900000000155615e+03,1.312724509114657212e-01
1.604000000000155524e+03,1.308484691783596554e-01
1.604100000000155433e+03,1.301364996053007428e-01
1.604200000000155569e+03,1.294243223700441980e-01
1.604300000000155705e+03,1.287119374588688026e-01
1.604400000000155615e+03,1.279993448580578341e-01
1.604500000000155524e+03,1.272865445538956530e-01
1.604600000000155660e+03,1.265735365326712825e-01
1.604700000000155796e+03,1.258603207806817947e-01
1.604800000000155705e+03,1.251468972842282035e-01
1.604900000000155615e+03,1.244332660296130072e-01
1.605000000000155751e+03,1.237194270026711895e-01
1.605100000000155887e+03,1.227021670449695151e-01
1.605200000000155796e+03,1.216832428234926322e-01
1.605300000000155705e+03,1.206644103841181676e-01
1.605400000000155842e+03,1.196456697601395308e-01
1.605500000000155978e+03,1.186278326047282283e-01
1.605600000000155887e+03,1.176120390141727062e-01
1.605700000000155796e+03,1.165962894888844942e-01
1.605800000000155933e+03,1.155805840652268934e-01
1.605900000000156069e+03,1.145649227795596248e-01
1.606000000000155978e+03,1.135493056678510138e-01
1.606100000000155887e+03,1.122882179684064757e-01
1.606200000000156024e+03,1.110296014798193565e-01
1.606300000000156160e+03,1.097713524992141448e-01
1.606400000000156069e+03,1.085132335072349491e-01
1.606500000000155978e+03,1.072552445445043301e-01
1.606600000000156115e+03,1.059974110008811837e-01
1.606700000000156251e+03,1.047421492301764956e-01
1.606800000000156160e+03,1.034868776746291630e-01
1.606900000000156069e+03,1.022316132272422240e-01
1.607000000000156206e+03,1.009784123983861748e-01
1.607100000000156342e+03,9.956507936465691655e-02
1.607200000000156251e+03,9.815120214549109823e-02
1.607300000000156160e+03,9.673678063622712098e-02
1.607400000000156297e+03,9.532181473219587808e-02
1.607500000000156433e+03,9.390630432872727751e-02
1.607600000000156342e+03,9.249024932114391362e-02
1.607700000000156251e+03,9.107364960475414217e-02
1.607800000000156388e+03,8.965188097517207133e-02
1.607900000000156524e+03,8.822802928139998613e-02
1.608000000000156433e+03,8.680383331973605399e-02
1.608100000000156342e+03,8.525831270607676926e-02
1.608200000000156479e+03,8.371309287375419683e-02
1.608300000000156615e+03,8.216930408142593401e-02
1.608400000000156524e+03,8.062563105779611827e-02
1.608500000000156433e+03,7.908207384498930348e-02
1.608600000000156570e+03,7.753863248511788653e-02
1.608700000000156706e+03,7.599530702028912954e-02
1.608800000000156615e+03,7.445209749259810994e-02
1.608900000000156524e+03,7.290823169879348531e-02
1.609000000000156660e+03,7.136358890209497374e-02
1.609100000000156797e+03,6.980973314816726893e-02
1.609200000000156706e+03,6.825553373043756478e-02
1.609300000000156615e+03,6.670099066373345875e-02
1.609400000000156751e+03,6.514610396289817473e-02
1.609500000000156888e+03,6.359087364279805699e-02
1.609600000000156797e+03,6.203529971831477086e-02
1.609700000000156706e+03,6.047938220433912021e-02
1.609800000000156842e+03,5.892312111577704264e-02
1.609900000000156979e+03,5.736651646755764472e-02
1.610000000000156888e+03,5.580956827868620990e-02
1.610100000000156797e+03,5.684052951593687730e-02
1.610200000000156933e+03,5.787145882973020183e-02
1.610300000000157070e+03,5.890235619123306704e-02
1.610400000000156979e+03,5.993322157161597163e-02
1.610500000000156888e+03,6.096405494205764386e-02
1.610600000000157024e+03,6.199485627374027447e-02
1.610700000000157161e+03,6.302562553784493704e-02
1.610800000000157070e+03,6.405636270555653544e-02
1.610900000000156979e+03,6.508706774806752304e-02
1.611000000000157115e+03,6.611774063674535906e-02
1.611100000000157252e+03,6.725674061439725071e-02
1.611200000000157161e+03,6.839667858914712240e-02
1.611300000000157070e+03,6.953635109426993532e-02
1.611400000000157206e+03,7.067558199059346957e-02
1.611500000000157343e+03,7.181437134499631114e-02
1.611600000000157252e+03,7.295271922436925849e-02
1.611700000000157161e+03,7.409062569561974954e-02
1.611800000000157297e+03,7.522809082566678240e-02
1.611900000000157434e+03,7.636511468143618309e-02
1.612000000000157343e+03,7.750169732989523053e-02
1.612100000000157252e+03,7.865706351167625621e-02
1.612200000000157388e+03,7.981238210215134410e-02
1.612300000000157524e+03,8.096881525679089364e-02
1.612400000000157434e+03,8.212599218338174911e-02
1.612500000000157343e+03,8.328317602959384169e-02
1.612600000000157479e+03,8.443922147005480938e-02
1.612700000000157615e+03,8.559446218546297447e-02
1.612800000000157524e+03,8.674965729279006388e-02
1.612900000000157434e+03,8.790480676024058082e-02
1.613000000000157570e+03,8.905991055597803352e-02
1.613100000000157706e+03,9.018649895488013712e-02
1.613200000000157615e+03,9.131318676294046532e-02
1.613300000000157524e+03,9.243997393892268433e-02
1.613400000000157661e+03,9.356877220656986682e-02
1.613500000000157797e+03,9.470016256511061548e-02
1.613600000000157706e+03,9.583175671375825100e-02
1.613700000000157615e+03,9.696355463358068139e-02
1.613800000000157752e+03,9.809555630563381035e-02
1.613900000000157888e+03,9.922773601913241481e-02
1.614000000000157797e+03,1.003600491985503079e-01
1.614100000000157706e+03,1.014039336284434656e-01
1.614200000000157843e+03,1.024502254398162865e-01
1.614300000000157979e+03,1.034988024253292727e-01
1.614400000000157888e+03,1.045474611109707685e-01
1.614500000000157797e+03,1.055963208884590498e-01
1.614600000000157934e+03,1.066476600289012061e-01
1.614700000000158070e+03,1.076991303215915768e-01
1.614800000000157979e+03,1.087507317347130020e-01
1.614900000000157888e+03,1.098024642364420489e-01
1.615000000000158025e+03,1.108543277947211803e-01
1.615100000000158161e+03,1.117644389757131151e-01
1.615200000000158070e+03,1.126743819937714164e-01
1.615300000000157979e+03,1.135841568184657452e-01
1.615400000000158116e+03,1.144937634193800152e-01
1.615500000000158252e+03,1.154032017661078269e-01
1.615600000000158161e+03,1.163124718282566444e-01
1.615700000000158070e+03,1.172215735754519178e-01
1.615800000000158207e+03,1.181304197752550827e-01
1.615900000000158343e+03,1.190390706829125983e-01
1.616000000000158252e+03,1.199475514527980208e-01
1.616100000000158161e+03,1.207160060506512755e-01
1.616200000000158298e+03,1.214847043145550198e-01
1.616300000000158434e+03,1.222536462533492935e-01
1.616400000000158343e+03,1.230228318758551931e-01
1.616500000000158252e+03,1.237922611908766762e-01
1.616600000000158389e+03,1.245630779973869728e-01
1.616700000000158525e+03,1.253358423478507511e-01
1.616800000000158434e+03,1.261103350590952743e-01
1.616900000000158343e+03,1.268866588356951375e-01
1.617000000000158479e+03,1.276632357511605642e-01
1.617100000000158616e+03,1.282232681319818712e-01
1.617200000000158525e+03,1.287834945893908956e-01
1.617300000000158434e+03,1.293439151409224996e-01
1.617400000000158570e+03,1.299045298040989449e-01
1.617500000000158707e+03,1.304653385964278378e-01
1.617600000000158616e+03,1.310263415354047944e-01
1.617700000000158525e+03,1.315875386385150780e-01
1.617800000000158661e+03,1.321489299232324333e-01
1.617900000000158798e+03,1.327124594564325077e-01
1.618000000000158707e+03,1.332836791459097170e-01
1.618100000000158616e+03,1.335592417039904167e-01
1.618200000000158752e+03,1.338367378041593336e-01
1.618300000000158889e+03,1.341182701065571359e-01
1.618400000000158798e+03,1.343997719287353954e-01
1.618500000000158707e+03,1.346812432384523750e-01
1.618600000000158843e+03,1.349626840034698072e-01
1.618700000000158980e+03,1.352440941915523387e-01
1.618800000000158889e+03,1.355254737704677248e-01
1.618900000000158798e+03,1.358068227079893275e-01
1.619000000000158934e+03,1.360872491453856137e-01
1.619100000000159071e+03,1.361280564092966772e-01
1.619200000000158980e+03,1.361691079623006673e-01
1.619300000000158889e+03,1.362101685059052825e-01
1.619400000000159025e+03,1.362512380409506840e-01
1.619500000000159162e+03,1.362924179280040060e-01
1.619600000000159071e+03,1.363336354088336699e-01
1.619700000000158980e+03,1.363748619620259728e-01
1.619800000000159116e+03,1.364168721380456806e-01
1.619900000000159253e+03,1.364612061580875724e-01
1.620000000000159162e+03,1.365055509339378470e-01
1.620100000000159071e+03,1.362660399773536202e-01
1.620200000000159207e+03,1.360263458869841180e-01
1.620300000000159343e+03,1.357864685836135121e-01
1.620400000000159253e+03,1.355464079880054629e-01
1.620500000000159162e+03,1.353061640209003713e-01
1.620600000000159298e+03,1.350650879409270588e-01
1.620700000000159434e+03,1.348214272145240589e-01
1.620800000000159343e+03,1.345775940989919761e-01
1.620900000000159253e+03,1.343335885256801143e-01
1.621000000000159389e+03,1.340894104254477803e-01
1.621100000000159525e+03,1.335485530856080072e-01
1.621200000000159434e+03,1.330073166950800079e-01
1.621300000000159343e+03,1.324634163175117674e-01
1.621400000000159480e+03,1.319141785540189349e-01
1.621500000000159616e+03,1.313597101714057136e-01
1.621600000000159525e+03,1.308049642311190364e-01
1.621700000000159434e+03,1.302499406544789240e-01
1.621800000000159571e+03,1.296946393627925465e-01
1.621900000000159707e+03,1.291390602773590246e-01
1.622000000000159616e+03,1.285832033189388823e-01
1.622100000000159525e+03,1.276975968985060161e-01
1.622200000000159662e+03,1.268121698518914764e-01
1.622300000000159798e+03,1.259269222330083593e-01
1.622400000000159707e+03,1.250413491015548439e-01
1.622500000000159616e+03,1.241506155168652370e-01
1.622600000000159753e+03,1.232601453271644776e-01
1.622700000000159889e+03,1.223699385510453180e-01
1.622800000000159798e+03,1.214799952070779177e-01
1.622900000000159707e+03,1.205903153138059292e-01
1.623000000000159844e+03,1.197008988894007198e-01
1.623100000000159980e+03,1.185928903591787070e-01
1.623200000000159889e+03,1.174845584977714658e-01
1.623300000000159798e+03,1.163759032597651982e-01
1.623400000000159935e+03,1.152669245997448022e-01
1.623500000000160071e+03,1.141576224723002408e-01
1.623600000000159980e+03,1.130458524311391683e-01
1.623700000000159889e+03,1.119332880222530108e-01
1.623800000000160026e+03,1.108203073642552161e-01
1.623900000000160162e+03,1.097047214030053008e-01
1.624000000000160071e+03,1.085889146687827878e-01
1.624100000000159980e+03,1.072777460319288695e-01
1.624200000000160117e+03,1.059660485862751605e-01
1.624300000000160253e+03,1.046538222124001188e-01
1.624400000000160162e+03,1.033410667908688796e-01
1.624500000000160071e+03,1.020277822022264275e-01
1.624600000000160207e+03,1.007139243977416554e-01
1.624700000000160344e+03,9.939856372518492134e-02
1.624800000000160253e+03,9.808379755548385370e-02
1.624900000000160162e+03,9.676849929439310105e-02
1.625000000000160298e+03,9.545266881936759207e-02
1.625100000000160435e+03,9.399480710180277421e-02
1.625200000000160344e+03,9.253631400740168489e-02
1.625300000000160253e+03,9.107718937627588829e-02
1.625400000000160389e+03,8.961743304851253755e-02
1.625500000000160526e+03,8.815313587906786763e-02
1.625600000000160435e+03,8.668826081162747665e-02
1.625700000000160344e+03,8.522288593668489454e-02
1.625800000000160480e+03,8.375749399945807416e-02
1.625900000000160617e+03,8.229304875016113519e-02
1.626000000000160526e+03,8.082803435093889599e-02
1.626100000000160435e+03,7.927256024137123436e-02
1.626200000000160571e+03,7.771733338350396425e-02
1.626300000000160708e+03,7.616234981956267192e-02
1.626400000000160617e+03,7.460765561977610039e-02
1.626500000000160526e+03,7.305325084837467620e-02
1.626600000000160662e+03,7.149913556956323524e-02
1.626700000000160799e+03,6.994530984752761471e-02
1.626800000000160708e+03,6.839177374642756158e-02
1.626900000000160617e+03,6.683852733038979366e-02
1.627000000000160753e+03,6.528557066519410923e-02
1.627100000000160890e+03,6.477723824464270974e-02
1.627200000000160799e+03,6.426873562770214765e-02
1.627300000000160708e+03,6.376006279018986422e-02
1.627400000000160844e+03,6.325121970792332848e-02
1.627500000000160981e+03,6.274220635672238255e-02
1.627600000000160890e+03,6.223302271240688938e-02
1.627700000000160799e+03,6.172366875079434573e-02
1.627800000000160935e+03,6.121414444770235941e-02
1.627900000000161072e+03,6.070563703444453035e-02
1.628000000000160981e+03,6.019712314221146304e-02
1.628100000000160890e+03,6.133887496997372096e-02
1.628200000000161026e+03,6.248145045725567170e-02
1.628300000000161162e+03,6.362484996143134841e-02
1.628400000000161072e+03,6.476907383997522472e-02
1.628500000000160981e+03,6.591412245046777973e-02
1.628600000000161117e+03,6.705999615059002328e-02
1.628700000000161253e+03,6.821051874639182111e-02
1.628800000000161162e+03,6.936281288142244483e-02
1.628900000000161072e+03,7.051608924613710083e-02
1.629000000000161208e+03,7.167034837743117837e-02
1.629100000000161344e+03,7.282611381147142959e-02
1.629200000000161253e+03,7.398131925764557526e-02
1.629300000000161162e+03,7.513559158937051230e-02
1.629400000000161299e+03,7.628995264982489644e-02
1.629500000000161435e+03,7.744440235613184176e-02
1.629600000000161344e+03,7.859894062540503934e-02
1.629700000000161253e+03,7.975356737475433611e-02
1.629800000000161390e+03,8.090828252128029474e-02
1.629900000000161526e+03,8.206308598206893401e-02
1.630000000000161435e+03,8.321797767420671676e-02
1.630100000000161344e+03,8.437899730708869894e-02
1.630200000000161481e+03,8.554048760662025241e-02
1.630300000000161617e+03,8.670098046367209765e-02
1.630400000000161526e+03,8.786140681574715339e-02
1.630500000000161435e+03,8.902225165520775974e-02
1.630600000000161572e+03,9.018351504617892755e-02
1.630700000000161708e+03,9.134519705277933943e-02
1.630800000000161617e+03,9.250729773912699794e-02
1.630900000000161526e+03,9.366981716934358326e-02
1.631000000000161663e+03,9.483275540746334553e-02
1.631100000000161799e+03,9.593752944925768023e-02
1.631200000000161708e+03,9.704055969295247164e-02
1.631300000000161617e+03,9.814370682063598694e-02
1.631400000000161754e+03,9.924697078966225605e-02
1.631500000000161890e+03,1.003483602938892022e-01
1.631600000000161799e+03,1.014494484759826953e-01
1.631700000000161708e+03,1.025506015036517504e-01
1.631800000000161845e+03,1.036518193284480527e-01
1.631900000000161981e+03,1.047531019019204146e-01
1.632000000000161890e+03,1.058544491754947470e-01
1.632100000000161799e+03,1.068787606673741036e-01
1.632200000000161936e+03,1.079033872947407074e-01
1.632300000000162072e+03,1.089283290760221790e-01
1.632400000000161981e+03,1.099535860296395468e-01
1.632500000000161890e+03,1.109791581740113553e-01
1.632600000000162026e+03,1.120050455275487106e-01
1.632700000000162163e+03,1.130328664747207307e-01
1.632800000000162072e+03,1.140619771479701033e-01
1.632900000000161981e+03,1.150914495893156642e-01
1.633000000000162117e+03,1.161212838404101361e-01
1.633100000000162254e+03,1.170214991699654039e-01
1.633200000000162163e+03,1.179231129224173336e-01
1.633300000000162072e+03,1.188251360304926063e-01
1.633400000000162208e+03,1.197275685796612282e-01
1.633500000000162345e+03,1.206320326087133438e-01
1.633600000000162254e+03,1.215380435257166492e-01
1.633700000000162163e+03,1.224445050392484469e-01
1.633800000000162299e+03,1.233514172635100242e-01
1.633900000000162436e+03,1.242587803127115781e-01
1.634000000000162345e+03,1.251665943007591597e-01
1.634100000000162254e+03,1.258792936582530109e-01
1.634200000000162390e+03,1.265921638055547138e-01
1.634300000000162527e+03,1.273052047366919626e-01
1.634400000000162436e+03,1.280184164456866225e-01
1.634500000000162345e+03,1.287317989265571172e-01
1.634600000000162481e+03,1.294453521733165136e-01
1.634700000000162618e+03,1.301590761799675533e-01
1.634800000000162527e+03,1.308729639921107080e-01
1.634900000000162436e+03,1.315839328077622605e-01
1.635000000000162572e+03,1.322950387972955388e-01
1.635100000000162709e+03,1.327591885370912883e-01
1.635200000000162618e+03,1.332217718770914161e-01
1.635300000000162527e+03,1.336842308948427427e-01
1.635400000000162663e+03,1.341465655750137542e-01
1.635500000000162800e+03,1.346087759022852048e-01
1.635600000000162709e+03,1.350708618613535861e-01
1.635700000000162618e+03,1.355328234369316820e-01
1.635800000000162754e+03,1.359946606137475145e-01
1.635900000000162891e+03,1.364519408442104731e-01
1.636000000000162800e+03,1.369018428496124873e-01
1.636100000000162709e+03,1.371418994284187010e-01
1.636200000000162845e+03,1.373809436127571282e-01
1.636300000000162981e+03,1.376186832423390571e-01
1.636400000000162891e+03,1.378564549238313897e-01
1.636500000000162800e+03,1.380942586453612342e-01
1.636600000000162936e+03,1.383320943950526183e-01
1.636700000000163072e+03,1.385713420038063026e-01
1.636800000000162981e+03,1.388123820008441978e-01
1.636900000000162891e+03,1.390534649374512710e-01
1.637000000000163027e+03,1.392945908044244396e-01
1.637100000000163163e+03,1.392478708038044355e-01
1.637200000000163072e+03,1.392029767433329013e-01
1.637300000000162981e+03,1.391580777721798945e-01
1.637400000000163118e+03,1.391131738923024608e-01
1.637500000000163254e+03,1.390682651056589503e-01
1.637600000000163163e+03,1.390233514142073523e-01
1.637700000000163072e+03,1.389784328199059893e-01
1.637800000000163209e+03,1.389335093247135444e-01
1.637900000000163345e+03,1.388885809305881736e-01
1.638000000000163254e+03,1.388437547119593940e-01
1.638100000000163163e+03,1.384861744658134053e-01
1.638200000000163300e+03,1.381286862614960476e-01
1.638300000000163436e+03,1.377746855984815222e-01
1.638400000000163345e+03,1.374266940498480583e-01
1.638500000000163254e+03,1.370787467809983229e-01
1.638600000000163391e+03,1.367308438043704222e-01
1.638700000000163527e+03,1.363829851323994924e-01
1.638800000000163436e+03,1.360351707775167007e-01
1.638900000000163345e+03,1.356874007521482739e-01
1.639000000000163482e+03,1.353396750682784033e-01
1.639100000000163618e+03,1.347247146667078788e-01
1.639200000000163527e+03,1.341096345299892523e-01
1.639300000000163436e+03,1.334944346582556951e-01
1.639400000000163573e+03,1.328791150516448194e-01
1.639500000000163709e+03,1.322636757103012317e-01
1.639600000000163618e+03,1.316481166343739517e-01
1.639700000000163527e+03,1.310324378240139698e-01
1.639800000000163664e+03,1.304166780719555330e-01
1.639900000000163800e+03,1.298000435480073100e-01
1.640000000000163709e+03,1.291812114112348975e-01
1.640100000000163618e+03,1.282825768353461071e-01
1.640200000000163755e+03,1.273838927648524577e-01
1.640300000000163891e+03,1.264851592137400116e-01
1.640400000000163800e+03,1.255863761959962466e-01
1.640500000000163709e+03,1.246875437256073360e-01
1.640600000000163845e+03,1.237886618165605218e-01
1.640700000000163982e+03,1.228897304828497211e-01
1.640800000000163891e+03,1.219907497384707662e-01
1.640900000000163800e+03,1.210917195974174493e-01
1.641000000000163936e+03,1.201926400732818701e-01
1.641100000000164073e+03,1.190471163463113352e-01
1.641200000000163982e+03,1.179016057111367810e-01
1.641300000000163891e+03,1.167561081859150862e-01
1.641400000000164027e+03,1.156106237888033794e-01
1.641500000000164164e+03,1.144651525379642015e-01
1.641600000000164073e+03,1.133205493202137232e-01
1.641700000000163982e+03,1.121777373115398352e-01
1.641800000000164118e+03,1.110348846393924144e-01
1.641900000000164255e+03,1.098919913203305482e-01
1.642000000000164164e+03,1.087490573705963831e-01
1.642100000000164073e+03,1.074116064950835503e-01
1.642200000000164209e+03,1.060740997984902234e-01
1.642300000000164346e+03,1.047365373057712185e-01
1.642400000000164255e+03,1.033989190418855980e-01
1.642500000000164164e+03,1.020612450317899128e-01
1.642600000000164300e+03,1.007235153004446826e-01
1.642700000000164437e+03,9.938582359146777567e-02
1.642800000000164346e+03,9.805029007258860008e-02
1.642900000000164255e+03,9.671463793322003510e-02
1.643000000000164391e+03,9.537886719269371427e-02
1.643100000000164528e+03,9.390218118129263492e-02
1.643200000000164437e+03,9.242559086199821083e-02
1.643300000000164346e+03,9.094909626185587737e-02
1.643400000000164482e+03,8.947269740790937675e-02
1.643500000000164619e+03,8.799639432720789134e-02
1.643600000000164528e+03,8.652018704679802219e-02
1.643700000000164437e+03,8.504407559371854330e-02
1.643800000000164573e+03,8.356805999500588333e-02
1.643900000000164709e+03,8.209049874170855354e-02
1.644000000000164619e+03,8.061098392672130797e-02
1.644100000000164528e+03,7.907492310931774071e-02
1.644200000000164664e+03,7.753895020372383873e-02
1.644300000000164800e+03,7.600306524814111342e-02
1.644400000000164709e+03,7.446726828076902227e-02
1.644500000000164619e+03,7.293155933979816874e-02
1.644600000000164755e+03,7.139593846341744932e-02
1.644700000000164891e+03,6.986049202613200948e-02
1.644800000000164800e+03,6.832659025282669663e-02
1.644900000000164709e+03,6.679270727865967150e-02
1.645000000000164846e+03,6.525736985033317450e-02
1.645100000000164982e+03,6.481760043355218326e-02
1.645200000000164891e+03,6.437796995527979294e-02
1.645300000000164800e+03,6.393847839648768294e-02
1.645400000000164937e+03,6.349912573814665839e-02
1.645500000000165073e+03,6.305991196122870401e-02
1.645600000000164982e+03,6.262083704670552697e-02
1.645700000000164891e+03,6.218190097554563561e-02
1.645800000000165028e+03,6.174310372871718439e-02
1.645900000000165164e+03,6.130444528718950042e-02
1.646000000000165073e+03,6.086592563447202481e-02
1.646100000000164982e+03,6.196670117859438831e-02
1.646200000000165119e+03,6.306746220308610817e-02
1.646300000000165255e+03,6.416820867703180997e-02
1.646400000000165164e+03,6.526894056951590417e-02
1.646500000000165073e+03,6.636965784962776949e-02
1.646600000000165210e+03,6.747036048645624340e-02
1.646700000000165346e+03,6.857104844908532004e-02
1.646800000000165255e+03,6.967172170659850783e-02
1.646900000000165164e+03,7.077238022808418627e-02
1.647000000000165301e+03,7.187302398266816328e-02
1.647100000000165437e+03,7.299639665275882427e-02
1.647200000000165346e+03,7.411964357951364435e-02
1.647300000000165255e+03,7.523949390726913933e-02
1.647400000000165392e+03,7.635880691848956348e-02
1.647500000000165528e+03,7.747788727738146031e-02
1.647600000000165437e+03,7.859673498085635590e-02
1.647700000000165346e+03,7.971535002583840512e-02
1.647800000000165483e+03,8.083373240925989522e-02
1.647900000000165619e+03,8.195188212805555594e-02
1.648000000000165528e+03,8.306810257923383234e-02
1.648100000000165437e+03,8.417565440006845312e-02
1.648200000000165574e+03,8.528287707368703563e-02
1.648300000000165710e+03,8.638977060613560466e-02
1.648400000000165619e+03,8.749765131872647150e-02
1.648500000000165528e+03,8.860599111474252998e-02
1.648600000000165664e+03,8.971405406942732641e-02
1.648700000000165801e+03,9.082184017178179802e-02
1.648800000000165710e+03,9.192755827554664749e-02
1.648900000000165619e+03,9.303266551378741589e-02
1.649000000000165755e+03,9.413744581564546798e-02
1.649100000000165892e+03,9.517937871690890228e-02
1.649200000000165801e+03,9.622058481546388875e-02
1.649300000000165710e+03,9.726106441646251155e-02
1.649400000000165846e+03,9.830081782497207543e-02
1.649500000000165983e+03,9.934068389850507497e-02
1.649600000000165892e+03,1.003794920414570052e-01
1.649700000000165801e+03,1.014171796243364398e-01
1.649800000000165937e+03,1.024541442159209170e-01
1.649900000000166074e+03,1.034903861190032692e-01
1.650000000000165983e+03,1.045259056361974720e-01
1.650100000000165892e+03,1.055039665462917248e-01
1.650200000000166028e+03,1.064818519962588556e-01
1.650300000000166165e+03,1.074595619627022047e-01
1.650400000000166074e+03,1.084351722505193377e-01
1.650500000000165983e+03,1.094100391350111279e-01
1.650600000000166119e+03,1.103846861904281274e-01
1.650700000000166256e+03,1.113591134033299207e-01
1.650800000000166165e+03,1.123333207602892486e-01
1.650900000000166074e+03,1.133073082478975174e-01
1.651000000000166210e+03,1.142810758524938214e-01
1.651100000000166347e+03,1.150944888062058191e-01
1.651200000000166256e+03,1.159013157282477585e-01
1.651300000000166165e+03,1.167053306185899531e-01
1.651400000000166301e+03,1.175085181895366426e-01
1.651500000000166438e+03,1.183108789857107157e-01
1.651600000000166347e+03,1.191124135514632920e-01
1.651700000000166256e+03,1.199131224308783855e-01
1.651800000000166392e+03,1.207130061677683525e-01
1.651900000000166528e+03,1.215120653056709354e-01
1.652000000000166438e+03,1.223103003876408607e-01
1.652100000000166347e+03,1.229803798351774141e-01
1.652200000000166483e+03,1.236501847383382202e-01
1.652300000000166619e+03,1.243197151306784376e-01
1.652400000000166528e+03,1.249889710457635916e-01
1.652500000000166438e+03,1.256579525171737099e-01
1.652600000000166574e+03,1.263266595785011437e-01
1.652700000000166710e+03,1.269950922633457935e-01
1.652800000000166619e+03,1.276632506053196892e-01
1.652900000000166528e+03,1.283326998236241634e-01
1.653000000000166665e+03,1.290033598280196925e-01
1.653100000000166801e+03,1.294567547578393263e-01
1.653200000000166710e+03,1.299098576832669605e-01
1.653300000000166619e+03,1.303626687174021526e-01
1.653400000000166756e+03,1.308151879733139289e-01
1.653500000000166892e+03,1.312674155640375928e-01
1.653600000000166801e+03,1.317193516025793598e-01
1.653700000000166710e+03,1.321709962019162188e-01
1.653800000000166847e+03,1.326223494749948495e-01
1.653900000000166983e+03,1.330734115347292079e-01
1.654000000000166892e+03,1.335256743922897393e-01
1.654100000000166801e+03,1.337636554960635882e-01
1.654200000000166938e+03,1.340015512038783829e-01
1.654300000000167074e+03,1.342393615270334739e-01
1.654400000000166983e+03,1.344788894765486797e-01
1.654500000000166892e+03,1.347195853908483010e-01
1.654600000000167029e+03,1.349601639790786178e-01
1.654700000000167165e+03,1.352005825746203926e-01
1.654800000000167074e+03,1.354409265128231343e-01
1.654900000000166983e+03,1.356811958014222663e-01
1.655000000000167120e+03,1.359213904476788137e-01
1.655100000000167256e+03,1.358763095632275486e-01
1.655200000000167165e+03,1.358342650118173067e-01
1.655300000000167074e+03,1.357923691393943255e-01
1.655400000000167211e+03,1.357504827914704504e-01
1.655500000000167347e+03,1.357086059668929090e-01
1.655600000000167256e+03,1.356667386645087348e-01
1.655700000000167165e+03,1.356248808831642949e-01
1.655800000000167302e+03,1.355830326217064286e-01
1.655900000000167438e+03,1.355411938789815307e-01
1.656000000000167347e+03,1.354993646534611573e-01
1.656100000000167256e+03,1.352334299767430914e-01
1.656200000000167392e+03,1.349675016604720279e-01
1.656300000000167529e+03,1.347015797204660359e-01
1.656400000000167438e+03,1.344356944314082092e-01
1.656500000000167347e+03,1.341697127237588549e-01
1.656600000000167483e+03,1.339037170779458497e-01
1.656700000000167620e+03,1.336377282412140877e-01
1.656800000000167529e+03,1.333731861065088065e-01
1.656900000000167438e+03,1.331102279536298394e-01
1.657000000000167574e+03,1.328472649073923484e-01
1.657100000000167711e+03,1.322887757886289373e-01
1.657200000000167620e+03,1.317304806999962108e-01
1.657300000000167529e+03,1.311723796083674176e-01
1.657400000000167665e+03,1.306156915606755120e-01
1.657500000000167802e+03,1.300610389363732466e-01
1.657600000000167711e+03,1.295078390481522179e-01
1.657700000000167620e+03,1.289564425293271976e-01
1.657800000000167756e+03,1.284051886540147069e-01
1.657900000000167893e+03,1.278540774114343970e-01
1.658000000000167802e+03,1.273031087904270553e-01
1.658100000000167711e+03,1.265277693670914527e-01
1.658200000000167847e+03,1.257521963743090387e-01
1.658300000000167984e+03,1.249763898054578881e-01
1.658400000000167893e+03,1.242037217623776502e-01
1.658500000000167802e+03,1.234354958291779131e-01
1.658600000000167938e+03,1.226643790981139098e-01
1.658700000000168075e+03,1.218929602229236187e-01
1.658800000000167984e+03,1.211212391531265031e-01
1.658900000000167893e+03,1.203492158382397231e-01
1.659000000000168029e+03,1.195768902273355444e-01
1.659100000000168166e+03,1.185384520237090372e-01
1.659200000000168075e+03,1.175011052103347858e-01
1.659300000000167984e+03,1.164655639189966368e-01
1.659400000000168120e+03,1.154301064447300768e-01
1.659500000000168257e+03,1.143947327970783467e-01
1.659600000000168166e+03,1.133594429855833002e-01
1.659700000000168075e+03,1.123242370197808510e-01
1.659800000000168211e+03,1.112891149092056775e-01
1.659900000000168347e+03,1.102540766633952479e-01
1.660000000000168257e+03,1.092191222915658566e-01
1.660100000000168166e+03,1.079936575443868063e-01
1.660200000000168302e+03,1.067682464160558536e-01
1.660300000000168438e+03,1.055428168027703478e-01
1.660400000000168347e+03,1.043173526701624831e-01
1.660500000000168257e+03,1.030918540428760188e-01
1.660600000000168393e+03,1.018663209455591689e-01
1.660700000000168529e+03,1.006407534028703754e-01
1.660800000000168438e+03,9.941834417484055053e-02
1.660900000000168347e+03,9.820381330452643276e-02
1.661000000000168484e+03,9.698897065845961396e-02
1.661100000000168620e+03,9.563207474736915015e-02
1.661200000000168529e+03,9.427476674000694057e-02
1.661300000000168438e+03,9.291704658895079405e-02
1.661400000000168575e+03,9.155891424678865020e-02
1.661500000000168711e+03,9.020036966612533791e-02
1.661600000000168620e+03,8.884141279957606663e-02
1.661700000000168529e+03,8.748204359976020916e-02
1.661800000000168666e+03,8.612226201930782421e-02
1.661900000000168802e+03,8.476261639947148263e-02
1.662000000000168711e+03,8.340399310083804196e-02
1.662100000000168620e+03,8.195491813281204074e-02
1.662200000000168757e+03,8.050567665499838710e-02
1.662300000000168893e+03,7.905626872530314986e-02
1.662400000000168802e+03,7.760741899789025400e-02
1.662500000000168711e+03,7.616112001659625097e-02
1.662600000000168848e+03,7.471452303837639031e-02
1.662700000000168984e+03,7.326762810755524380e-02
1.662800000000168893e+03,7.182043526848916337e-02
1.662900000000168802e+03,7.037294456555989730e-02
1.663000000000168939e+03,6.892515604343088520e-02
1.663100000000169075e+03,6.762276422622469363e-02
1.663200000000168984e+03,6.631957174724022186e-02
1.663300000000168893e+03,6.501653882796637474e-02
1.663400000000169030e+03,6.371225425527325681e-02
1.663500000000169166e+03,6.240687253106070448e-02
1.663600000000169075e+03,6.110039310328917173e-02
1.663700000000168984e+03,5.979281541974414832e-02
1.663800000000169121e+03,5.848413892804242564e-02
1.663900000000169257e+03,5.717436307563808495e-02
1.664000000000169166e+03,5.586348731379509741e-02
1.664100000000169075e+03,5.690412954681630525e-02
1.664200000000169211e+03,5.794389330836616919e-02
1.664300000000169348e+03,5.898332056690061553e-02
1.664400000000169257e+03,6.002279433739099446e-02
1.664500000000169166e+03,6.106231452678511501e-02
1.664600000000169302e+03,6.210188104201982279e-02
1.664700000000169439e+03,6.314149379001653128e-02
1.664800000000169348e+03,6.418128357950123042e-02
1.664900000000169257e+03,6.522246804754480709e-02
1.665000000000169393e+03,6.626374541641447125e-02
1.665100000000169530e+03,6.735340781972758151e-02
1.665200000000169439e+03,6.844356399518990164e-02
1.665300000000169348e+03,6.953421405200539696e-02
1.665400000000169484e+03,7.062535809938295939e-02
1.665500000000169621e+03,7.171699624653087024e-02
1.665600000000169530e+03,7.280910691492166464e-02
1.665700000000169439e+03,7.390170513576629907e-02
1.665800000000169575e+03,7.499479695167285409e-02
1.665900000000169712e+03,7.608838247129875998e-02
1.666000000000169621e+03,7.718246180333071527e-02
1.666100000000169530e+03,7.829176070079336969e-02
1.666200000000169666e+03,7.940176886871644357e-02
1.666300000000169803e+03,8.051248657312143342e-02
1.666400000000169712e+03,8.162389032344948003e-02
1.666500000000169621e+03,8.273415547345877585e-02
1.666600000000169757e+03,8.384508088262677961e-02
1.666700000000169894e+03,8.495666678030225349e-02
1.666800000000169803e+03,8.606891339587852130e-02
1.666900000000169712e+03,8.718182095879793703e-02
1.667000000000169848e+03,8.829538969848235719e-02
1.667100000000169985e+03,8.937174031596543944e-02
1.667200000000169894e+03,9.044843729956053568e-02
1.667300000000169803e+03,9.152346391999081898e-02
1.667400000000169939e+03,9.259873588456417337e-02
1.667500000000170076e+03,9.367430583041276571e-02
1.667600000000169985e+03,9.475017377002180330e-02
1.667700000000169894e+03,9.582633971586769495e-02
1.667800000000170030e+03,9.690280368041342962e-02
1.667900000000170166e+03,9.797956567610380252e-02
1.668000000000170076e+03,9.905662571528280058e-02
1.668100000000169985e+03,1.000700610928300510e-01
1.668200000000170121e+03,1.010828430324477722e-01
1.668300000000170257e+03,1.020958356768171399e-01
1.668400000000170166e+03,1.031090390356019654e-01
1.668500000000170076e+03,1.041224531184637841e-01
1.668600000000170212e+03,1.051360779350579977e-01
1.668700000000170348e+03,1.061484325765975900e-01
1.668800000000170257e+03,1.071599426824382528e-01
1.668900000000170166e+03,1.081738097243758051e-01
1.669000000000170303e+03,1.091881348812423769e-01
1.669100000000170439e+03,1.100892065144869342e-01
1.669200000000170348e+03,1.109902255309875296e-01
1.669300000000170257e+03,1.118911919052990728e-01
1.669400000000170394e+03,1.127921056119782356e-01
1.669500000000170530e+03,1.136929666255792337e-01
1.669600000000170439e+03,1.145937749206579342e-01
1.669700000000170348e+03,1.154945304717764354e-01
1.669800000000170485e+03,1.163952332534985284e-01
1.669900000000170621e+03,1.172958832403857565e-01
1.670000000000170530e+03,1.181964804068376812e-01
1.670100000000170439e+03,1.190014605241240114e-01
1.670200000000170576e+03,1.198069380473743284e-01
1.670300000000170712e+03,1.206129131392106868e-01
1.670400000000170621e+03,1.214193859622783450e-01
1.670500000000170530e+03,1.222331520092355545e-01
1.670600000000170667e+03,1.230490081781056427e-01
1.670700000000170803e+03,1.238654722914387801e-01
1.670800000000170712e+03,1.246825446158213169e-01
1.670900000000170621e+03,1.255002254179114207e-01
1.671000000000170758e+03,1.263185149640463356e-01
1.671100000000170894e+03,1.269087595255836975e-01
1.671200000000170803e+03,1.274989475938375916e-01
1.671300000000170712e+03,1.280890791457891253e-01
1.671400000000170849e+03,1.286791541584227927e-01
1.671500000000170985e+03,1.292691726087235315e-01
1.671600000000170894e+03,1.298591344736790276e-01
1.671700000000170803e+03,1.304490397302838778e-01
1.671800000000170940e+03,1.310388883555348716e-01
1.671900000000171076e+03,1.316286803264298810e-01
1.672000000000170985e+03,1.322184156196480609e-01
1.672100000000170894e+03,1.326131640945982793e-01
1.672200000000171030e+03,1.330056188692607111e-01
1.672300000000171167e+03,1.333980927060473554e-01
1.672400000000171076e+03,1.337905855987095161e-01
1.672500000000170985e+03,1.341830975409988580e-01
1.672600000000171121e+03,1.345756285266677399e-01
1.672700000000171258e+03,1.349681785494653008e-01
1.672800000000171167e+03,1.353607476031402634e-01
1.672900000000171076e+03,1.357533356814427661e-01
1.673000000000171212e+03,1.361459427777554909e-01
1.673100000000171349e+03,1.363245627430029749e-01
1.673200000000171258e+03,1.365032380096369569e-01
1.673300000000171167e+03,1.366819685849046950e-01
1.673400000000171303e+03,1.368607544760525041e-01
1.673500000000171440e+03,1.370395956903258938e-01
1.673600000000171349e+03,1.372184922349690417e-01
1.673700000000171258e+03,1.373953794668666961e-01
1.673800000000171394e+03,1.375712781947434071e-01
1.673900000000171531e+03,1.377472244231747189e-01
1.674000000000171440e+03,1.379232181560354209e-01
1.674100000000171349e+03,1.378050652289672939e-01
1.674200000000171485e+03,1.376869419925876026e-01
1.674300000000171622e+03,1.375694677260738685e-01
1.674400000000171531e+03,1.374546395414541489e-01
1.674500000000171440e+03,1.373378918296432327e-01
1.674600000000171576e+03,1.372200164466833017e-01
1.674700000000171713e+03,1.371021707052148542e-01
1.674800000000171622e+03,1.369843546021750902e-01
1.674900000000171531e+03,1.368665681344995166e-01
1.675000000000171667e+03,1.367488112986779691e-01
1.675100000000171804e+03,1.363716804168450536e-01
1.675200000000171713e+03,1.359946350205288035e-01
1.675300000000171622e+03,1.356212773576304376e-01
1.675400000000171758e+03,1.352504977535268771e-01
1.675500000000171894e+03,1.348797695995430090e-01
1.675600000000171804e+03,1.345090929003495139e-01
1.675700000000171713e+03,1.341384676606139637e-01
1.675800000000171849e+03,1.337678938850015153e-01
1.675900000000171985e+03,1.333973715781778258e-01
1.676000000000171894e+03,1.330269007443980467e-01
1.676100000000171804e+03,1.324171821199639498e-01
1.676200000000171940e+03,1.318059596636526609e-01
1.676300000000172076e+03,1.311946363562824236e-01
1.676400000000171985e+03,1.305832122013442786e-01
1.676500000000171894e+03,1.299716872023317926e-01
1.676600000000172031e+03,1.293600613627408913e-01
1.676700000000172167e+03,1.287483346860751887e-01
1.676800000000172076e+03,1.281364620168251311e-01
1.676900000000171985e+03,1.275229415256813048e-01
1.677000000000172122e+03,1.269079362515282694e-01
1.677100000000172258e+03,1.260195553758502174e-01
1.677200000000172167e+03,1.251314431302051888e-01
1.677300000000172076e+03,1.242435994763833734e-01
1.677400000000172213e+03,1.233560243761755021e-01
1.677500000000172349e+03,1.224687177913761638e-01
1.677600000000172258e+03,1.215816796837808356e-01
1.677700000000172167e+03,1.206897624986940087e-01
1.677800000000172304e+03,1.197924894227057335e-01
1.677900000000172440e+03,1.188956455852556576e-01
1.678000000000172349e+03,1.179992308534159318e-01
1.678100000000172258e+03,1.168887201254533159e-01
1.678200000000172395e+03,1.157786761553148830e-01
1.678300000000172531e+03,1.146690988194437183e-01
1.678400000000172440e+03,1.135599879943066381e-01
1.678500000000172349e+03,1.124502422882707603e-01
1.678600000000172486e+03,1.113395629456802732e-01
1.678700000000172622e+03,1.102293080274694970e-01
1.678800000000172531e+03,1.091197374022453981e-01
1.678900000000172440e+03,1.080130470081501898e-01
1.679000000000172577e+03,1.069068221983332789e-01
1.679100000000172713e+03,1.056381448288201963e-01
1.679200000000172622e+03,1.043696707069291657e-01
1.679300000000172531e+03,1.031004797153710906e-01
1.679400000000172668e+03,1.018301254968168590e-01
1.679500000000172804e+03,1.005600316824399321e-01
1.679600000000172713e+03,9.929019826331372811e-02
1.679700000000172622e+03,9.802062523050109055e-02
1.679800000000172759e+03,9.675131257505988069e-02
1.679900000000172895e+03,9.548226028804850107e-02
1.680000000000172804e+03,9.421171626093370610e-02
1.680100000000172713e+03,9.279941328181089133e-02
1.680200000000172849e+03,9.138933140938035327e-02
1.680300000000172986e+03,8.998010289047539412e-02
1.680400000000172895e+03,8.857172739052431021e-02
1.680500000000172804e+03,8.716420457504724106e-02
1.680600000000172940e+03,8.575753410966069357e-02
1.680700000000173077e+03,8.435171566008514699e-02
1.680800000000172986e+03,8.294674889213808633e-02
1.680900000000172895e+03,8.154380542683707656e-02
1.681000000000173031e+03,8.014413927111913027e-02
1.681100000000173168e+03,7.871224404485116510e-02
1.681200000000173077e+03,7.728005697758220938e-02
1.681300000000172986e+03,7.584757812909206920e-02
1.681400000000173122e+03,7.441480755918476742e-02
1.681500000000173259e+03,7.298174532769531597e-02
1.681600000000173168e+03,7.154839149448298519e-02
1.681700000000173077e+03,7.011518892447947404e-02
1.681800000000173213e+03,6.868279356986563278e-02
1.681900000000173350e+03,6.725004207797266598e-02
1.682000000000173259e+03,6.581693448723285877e-02
1.682100000000173168e+03,6.503695433952288996e-02
1.682200000000173304e+03,6.425738496310987036e-02
1.682300000000173441e+03,6.347902425071212662e-02
1.682400000000173350e+03,6.270074350187460066e-02
1.682500000000173259e+03,6.192148473268795777e-02
1.682600000000173395e+03,6.113913506918292745e-02
1.682700000000173532e+03,6.035691702921381491e-02
1.682800000000173441e+03,5.957483061147689218e-02
1.682900000000173350e+03,5.879287581466283164e-02
1.683000000000173486e+03,5.801105264057613425e-02
1.683100000000173623e+03,5.902524554221968978e-02
1.683200000000173532e+03,6.003915418979195034e-02
1.683300000000173441e+03,6.105249935832007119e-02
1.683400000000173577e+03,6.206582046987740853e-02
1.683500000000173713e+03,6.307893313743181962e-02
1.683600000000173623e+03,6.409176357613577402e-02
1.683700000000173532e+03,6.510431181569642511e-02
1.683800000000173668e+03,6.611657788582242512e-02
1.683900000000173804e+03,6.712856181621978946e-02
1.684000000000173713e+03,6.814026363663470975e-02
1.684100000000173623e+03,6.917503995596174793e-02
1.684200000000173759e+03,7.021465259654348368e-02
1.684300000000173895e+03,7.125395546446820771e-02
1.684400000000173804e+03,7.229294563353348690e-02
1.684500000000173713e+03,7.333161414908506703e-02
1.684600000000173850e+03,7.436997259930526460e-02
1.684700000000173986e+03,7.540802102743057733e-02
1.684800000000173895e+03,7.644575947669662863e-02
1.684900000000173804e+03,7.748340744184770146e-02
1.685000000000173941e+03,7.852230242426784523e-02
1.685100000000174077e+03,7.956705831649787952e-02
1.685200000000173986e+03,8.061164841368978484e-02
1.685300000000173895e+03,8.165607271453026450e-02
1.685400000000174032e+03,8.270033121770872797e-02
1.685500000000174168e+03,8.374442392191153162e-02
1.685600000000174077e+03,8.478835082582776572e-02
1.685700000000173986e+03,8.583211192815361212e-02
1.685800000000174123e+03,8.687570722758714004e-02
1.685900000000174259e+03,8.791913672282439252e-02
1.686000000000174168e+03,8.896240041252925779e-02
1.686100000000174077e+03,8.998595767191605588e-02
1.686200000000174214e+03,9.100954469268127123e-02
1.686300000000174350e+03,9.203317125928897613e-02
1.686400000000174259e+03,9.305683735866597528e-02
1.686500000000174168e+03,9.408054297774166852e-02
1.686600000000174305e+03,9.510428810344283279e-02
1.686700000000174441e+03,9.612831659671207396e-02
1.686800000000174350e+03,9.715443121971423235e-02
1.686900000000174259e+03,9.818063353414811789e-02
1.687000000000174396e+03,9.920692352958666860e-02
1.687100000000174532e+03,1.001572621086196241e-01
1.687200000000174441e+03,1.011074120745770050e-01
1.687300000000174350e+03,1.020572845084498081e-01
1.687400000000174487e+03,1.029977526762565626e-01
1.687500000000174623e+03,1.039378614134033041e-01
1.687600000000174532e+03,1.048776107940359581e-01
1.687700000000174441e+03,1.058170008922982575e-01
1.687800000000174578e+03,1.067560317823276206e-01
1.687900000000174714e+03,1.076947035382496420e-01
1.688000000000174623e+03,1.086330162340482519e-01
1.688100000000174532e+03,1.094935066249472094e-01
1.688200000000174668e+03,1.103515483715455381e-01
1.688300000000174805e+03,1.112094512384670664e-01
1.688400000000174714e+03,1.120672867723064015e-01
1.688500000000174623e+03,1.129250549553157956e-01
1.688600000000174759e+03,1.137827594237452167e-01
1.688700000000174896e+03,1.146403996721576668e-01
1.688800000000174805e+03,1.154979726181312311e-01
1.688900000000174714e+03,1.163554782439148449e-01
1.689000000000174850e+03,1.172178550077566800e-01
1.689100000000174987e+03,1.179512944489454623e-01
1.689200000000174896e+03,1.186847669149991291e-01
1.689300000000174805e+03,1.194182723954254899e-01
1.689400000000174941e+03,1.201518108797302031e-01
1.689500000000175078e+03,1.208853823574141673e-01
1.689600000000174987e+03,1.216189868179768374e-01
1.689700000000174896e+03,1.223526242509190426e-01
1.689800000000175032e+03,1.230912665180875637e-01
1.689900000000175169e+03,1.238305950337015710e-01
1.690000000000175078e+03,1.245700231467139901e-01
1.690100000000174987e+03,1.251401597425761403e-01
1.690200000000175123e+03,1.257125022319878771e-01
1.690300000000175260e+03,1.262849007473178797e-01
1.690400000000175169e+03,1.268573552832384377e-01
1.690500000000175078e+03,1.274298658344227286e-01
1.690600000000175214e+03,1.280024323955417098e-01
1.690700000000175351e+03,1.285750549612618143e-01
1.690800000000175260e+03,1.291477335262472548e-01
1.690900000000175169e+03,1.297204680851626601e-01
1.691000000000175305e+03,1.302932586323414799e-01
1.691100000000175442e+03,1.306783089918965024e-01
1.691200000000175351e+03,1.310634377983409260e-01
1.691300000000175260e+03,1.314486450565758024e-01
1.691400000000175396e+03,1.318290654745069845e-01
1.691500000000175532e+03,1.322084410638791341e-01
1.691600000000175442e+03,1.325878604646738013e-01
1.691700000000175351e+03,1.329673236727196006e-01
1.691800000000175487e+03,1.333468306838432593e-01
1.691900000000175623e+03,1.337263814938681739e-01
1.692000000000175532e+03,1.341059760981794247e-01
1.692100000000175442e+03,1.342371646778510452e-01
1.692200000000175578e+03,1.343730337727780111e-01
1.692300000000175714e+03,1.345102162486973840e-01
1.692400000000175623e+03,1.346473661656414911e-01
1.692500000000175532e+03,1.347844835224742688e-01
1.692600000000175669e+03,1.349215683180610692e-01
1.692700000000175805e+03,1.350586569270300630e-01
1.692800000000175714e+03,1.351957361044824057e-01
1.692900000000175623e+03,1.353327828381025166e-01
1.693000000000175760e+03,1.354743248668257294e-01
1.693100000000175896e+03,1.354216954123853567e-01
1.693200000000175805e+03,1.353690289126075474e-01
1.693300000000175714e+03,1.353163253556559642e-01
1.693400000000175851e+03,1.352635847296920490e-01
1.693500000000175987e+03,1.352080987865182937e-01
1.693600000000175896e+03,1.351489280128245762e-01
1.693700000000175805e+03,1.350897256051500073e-01
1.693800000000175942e+03,1.350326300591065398e-01
1.693900000000176078e+03,1.349764128449940370e-01
1.694000000000175987e+03,1.349201612488862556e-01
1.694100000000175896e+03,1.346134820571052437e-01
1.694200000000176033e+03,1.343066675741452776e-01
1.694300000000176169e+03,1.339997177657664962e-01
1.694400000000176078e+03,1.336926325977234598e-01
1.694500000000175987e+03,1.333854120357647888e-01
1.694600000000176124e+03,1.330835742769390373e-01
1.694700000000176260e+03,1.327819450680155777e-01
1.694800000000176169e+03,1.324801528077289015e-01
1.694900000000176078e+03,1.321781974460744802e-01
1.695000000000176215e+03,1.318760789325840732e-01
1.695100000000176351e+03,1.313156248797774928e-01
1.695200000000176260e+03,1.307549725784194761e-01
1.695300000000176169e+03,1.301941219984117659e-01
1.695400000000176306e+03,1.296330731096570765e-01
1.695500000000176442e+03,1.290718258820622855e-01
1.695600000000176351e+03,1.285103802855345478e-01
1.695700000000176260e+03,1.279487362899801861e-01
1.695800000000176396e+03,1.273868938653056060e-01
1.695900000000176533e+03,1.268248529814217374e-01
1.696000000000176442e+03,1.262626136077635575e-01
1.696100000000176351e+03,1.254304067645546361e-01
1.696200000000176487e+03,1.245967163990800569e-01
1.696300000000176624e+03,1.237620518698454991e-01
1.696400000000176533e+03,1.229275876642419163e-01
1.696500000000176442e+03,1.220933238275428018e-01
1.696600000000176578e+03,1.212592604049988754e-01
1.696700000000176715e+03,1.204253974418408035e-01
1.696800000000176624e+03,1.195917349832768956e-01
1.696900000000176533e+03,1.187566396175294969e-01
1.697000000000176669e+03,1.179191620664385987e-01
1.697100000000176806e+03,1.169135593509948862e-01
1.697200000000176715e+03,1.159076419397053470e-01
1.697300000000176624e+03,1.149013192147156637e-01
1.697400000000176760e+03,1.138945801528098850e-01
1.697500000000176897e+03,1.128874246752331889e-01
1.697600000000176806e+03,1.118798527032325713e-01
1.697700000000176715e+03,1.108718641580535846e-01
1.697800000000176851e+03,1.098634589609431417e-01
1.697900000000176988e+03,1.088546370331559543e-01
1.698000000000176897e+03,1.078477158303280392e-01
1.698100000000176806e+03,1.066723678695999100e-01
1.698200000000176942e+03,1.054963385739677018e-01
1.698300000000177079e+03,1.043196277020188995e-01
1.698400000000176988e+03,1.031422350122832704e-01
1.698500000000176897e+03,1.019641602632286731e-01
1.698600000000177033e+03,1.007843360495339763e-01
1.698700000000177170e+03,9.960266246680204993e-02
1.698800000000177079e+03,9.842035729006180789e-02
1.698900000000176988e+03,9.723741833382434918e-02
1.699000000000177124e+03,9.605381272850672947e-02
1.699100000000177261e+03,9.472107768392937222e-02
1.699200000000177170e+03,9.338823110107540015e-02
1.699300000000177079e+03,9.205527303474350664e-02
1.699400000000177215e+03,9.072044054570453653e-02
1.699500000000177351e+03,8.938325420497424123e-02
1.699600000000177261e+03,8.804607710688433508e-02
1.699700000000177170e+03,8.670890930772721938e-02
1.699800000000177306e+03,8.537175086379211741e-02
1.699900000000177442e+03,8.403460183137172190e-02
1.700000000000177351e+03,8.269746226666725708e-02
1.700100000000177261e+03,8.130976141480875108e-02
1.700200000000177397e+03,7.991999618303047281e-02
1.700300000000177533e+03,7.852747722625846860e-02
1.700400000000177442e+03,7.713443301815650632e-02
1.700500000000177351e+03,7.574085454336870749e-02
1.700600000000177488e+03,7.434670199951806668e-02
1.700700000000177624e+03,7.295202612167130118e-02
1.700800000000177533e+03,7.155682682807266992e-02
1.700900000000177442e+03,7.016110403696636244e-02
1.701000000000177579e+03,6.876430917682065103e-02
1.701100000000177715e+03,6.749691527310951178e-02
1.701200000000177624e+03,6.622941140109979419e-02
1.701300000000177533e+03,6.496179759444012380e-02
1.701400000000177670e+03,6.369407388678302584e-02
1.701500000000177806e+03,6.242624031179110772e-02
1.701600000000177715e+03,6.115829690313111938e-02
1.701700000000177624e+03,5.989024369446822177e-02
1.701800000000177761e+03,5.862166408968601944e-02
1.701900000000177897e+03,5.735210682566487667e-02
1.702000000000177806e+03,5.608249706317498112e-02
1.702100000000177715e+03,5.706629983018991770e-02
1.702200000000177852e+03,5.804984960758043794e-02
1.702300000000177988e+03,5.903314639364465322e-02
1.702400000000177897e+03,6.001619018669674538e-02
1.702500000000177806e+03,6.099924377192889047e-02
1.702600000000177943e+03,6.198285584079148147e-02
1.702700000000178079e+03,6.296524574098938398e-02
1.702800000000177988e+03,6.394742103573536340e-02
1.702900000000177897e+03,6.492934690224629046e-02
1.703000000000178034e+03,6.591102333139559066e-02
1.703100000000178170e+03,6.694713643927031888e-02
1.703200000000178079e+03,6.798362722784032086e-02
1.703300000000177988e+03,6.902049574418911426e-02
1.703400000000178125e+03,7.005736590715792855e-02
1.703500000000178261e+03,7.109338023696624986e-02
1.703600000000178170e+03,7.212972551680563171e-02
1.703700000000178079e+03,7.316795408078627383e-02
1.703800000000178215e+03,7.420672949977280553e-02
1.703900000000178352e+03,7.524599337609312599e-02
1.704000000000178261e+03,7.628564007409696646e-02
1.704100000000178170e+03,7.731680795713204157e-02
1.704200000000178306e+03,7.834823087462132463e-02
1.704300000000178443e+03,7.938100008031215293e-02
1.704400000000178352e+03,8.041371841396102726e-02
1.704500000000178261e+03,8.144638583823871070e-02
1.704600000000178397e+03,8.247900231582026842e-02
1.704700000000178534e+03,8.351156780937991908e-02
1.704800000000178443e+03,8.454408228159625283e-02
1.704900000000178352e+03,8.557654569515622811e-02
1.705000000000178488e+03,8.660895801271131789e-02
1.705100000000178625e+03,8.761878243136388134e-02
1.705200000000178534e+03,8.862845829705034983e-02
1.705300000000178443e+03,8.963798558240373970e-02
1.705400000000178579e+03,9.064736426006762826e-02
1.705500000000178716e+03,9.165659430269172681e-02
1.705600000000178625e+03,9.266567568293616886e-02
1.705700000000178534e+03,9.367460837347646452e-02
1.705800000000178670e+03,9.468313110329615312e-02
1.705900000000178807e+03,9.568960264506513880e-02
1.706000000000178716e+03,9.669587976996162071e-02
1.706100000000178625e+03,9.768874172160385561e-02
1.706200000000178761e+03,9.868213558732343016e-02
1.706300000000178898e+03,9.967606147249781501e-02
1.706400000000178807e+03,1.006705993065117322e-01
1.706500000000178716e+03,1.016657840306709609e-01
1.706600000000178852e+03,1.026616987499079647e-01
1.706700000000178989e+03,1.036602992739072970e-01
1.706800000000178898e+03,1.046594813920689315e-01
1.706900000000178807e+03,1.056592452551696065e-01
1.707000000000178943e+03,1.066595910137597553e-01
1.707100000000179080e+03,1.075360916876572509e-01
1.707200000000178989e+03,1.084124126899810719e-01
1.707300000000178898e+03,1.092885540123090110e-01
1.707400000000179034e+03,1.101646276916992961e-01
1.707500000000179170e+03,1.110429194152947607e-01
1.707600000000179080e+03,1.119210711914710304e-01
1.707700000000178989e+03,1.127990830041530890e-01
1.707800000000179125e+03,1.136769548372734834e-01
1.707900000000179261e+03,1.145546866747689796e-01
1.708000000000179170e+03,1.154322785003617235e-01
1.708100000000179080e+03,1.161859303185242970e-01
1.708200000000179216e+03,1.169329217426225559e-01
1.708300000000179352e+03,1.176804222458030097e-01
1.708400000000179261e+03,1.184276083821413500e-01
1.708500000000179170e+03,1.191744802186090052e-01
1.708600000000179307e+03,1.199210378221732681e-01
1.708700000000179443e+03,1.206672812597923000e-01
1.708800000000179352e+03,1.214132105984192939e-01
1.708900000000179261e+03,1.221588259050056663e-01
1.709000000000179398e+03,1.229041272462592510e-01
1.709100000000179534e+03,1.235189220185639036e-01
1.709200000000179443e+03,1.241337123887312627e-01
1.709300000000179352e+03,1.247484090431165843e-01
1.709400000000179489e+03,1.253630119824578060e-01
1.709500000000179625e+03,1.259775212074908390e-01
1.709600000000179534e+03,1.265919367189530242e-01
1.709700000000179443e+03,1.272062585175854910e-01
1.709800000000179580e+03,1.278204866041304788e-01
1.709900000000179716e+03,1.284373083770702362e-01
1.710000000000179625e+03,1.290542602104567116e-01
1.710100000000179534e+03,1.295065812744544687e-01
1.710200000000179671e+03,1.299589358394379890e-01
1.710300000000179807e+03,1.304113239014451364e-01
1.710400000000179716e+03,1.308637454565132197e-01
1.710500000000179625e+03,1.313162005006800470e-01
1.710600000000179762e+03,1.317686890299833713e-01
1.710700000000179898e+03,1.322238727789237789e-01
1.710800000000179807e+03,1.326794360983399590e-01
1.710900000000179716e+03,1.331350533960346527e-01
1.711000000000179853e+03,1.335907246704021445e-01
1.711100000000179989e+03,1.338397227660067523e-01
1.711200000000179898e+03,1.340887326110825617e-01
1.711300000000179807e+03,1.343377542033601657e-01
1.711400000000179944e+03,1.345867875405701575e-01
1.711500000000180080e+03,1.348358326204418534e-01
1.711600000000179989e+03,1.350848894407036815e-01
1.711700000000179898e+03,1.353339579990852637e-01
1.711800000000180034e+03,1.355830382933155553e-01
1.711900000000180171e+03,1.358321303211223186e-01
1.712000000000180080e+03,1.360812340798566167e-01
1.712100000000179989e+03,1.361214659122662596e-01
1.712200000000180125e+03,1.361617043811735317e-01
1.712300000000180262e+03,1.362019494868860481e-01
1.712400000000180171e+03,1.362422012297112572e-01
1.712500000000180080e+03,1.362824596099570518e-01
1.712600000000180216e+03,1.363227246279301585e-01
1.712700000000180353e+03,1.363608839360234415e-01
1.712800000000180262e+03,1.363979624588572415e-01
1.712900000000180171e+03,1.364350458306557434e-01
1.713000000000180307e+03,1.364721340508501524e-01
1.713100000000180444e+03,1.362379984080244744e-01
1.713200000000180353e+03,1.360046261471527795e-01
1.713300000000180262e+03,1.357713231246683305e-01
1.713400000000180398e+03,1.355380893331920300e-01
1.713500000000180535e+03,1.353049247653452525e-01
1.713600000000180444e+03,1.350718294137476239e-01
1.713700000000180353e+03,1.348388032710169382e-01
1.713800000000180489e+03,1.346057914871400252e-01
1.713900000000180626e+03,1.343705402668818882e-01
1.714000000000180535e+03,1.341345674223614892e-01
1.714100000000180444e+03,1.336813403840546866e-01
1.714200000000180580e+03,1.332281326475510119e-01
1.714300000000180717e+03,1.327749442191991924e-01
1.714400000000180626e+03,1.323217751053479829e-01
1.714500000000180535e+03,1.318686253123441954e-01
1.714600000000180671e+03,1.314154948465342809e-01
1.714700000000180808e+03,1.309623837142668556e-01
1.714800000000180717e+03,1.305092919218905356e-01
1.714900000000180626e+03,1.300562194757512724e-01
1.715000000000180762e+03,1.296031663817673873e-01
1.715100000000180898e+03,1.289129801187350599e-01
1.715200000000180808e+03,1.282228681868454179e-01
1.715300000000180717e+03,1.275328305907748316e-01
1.715400000000180853e+03,1.268428673351989777e-01
1.715500000000180989e+03,1.261548570877147057e-01
1.715600000000180898e+03,1.254678667391793123e-01
1.715700000000180808e+03,1.247809195808187582e-01
1.715800000000180944e+03,1.240940156223435537e-01
1.715900000000181080e+03,1.234071548734661516e-01
1.716000000000180989e+03,1.227203373435545863e-01
1.716100000000180898e+03,1.218433499034606293e-01
1.716200000000181035e+03,1.209660404933843997e-01
1.716300000000181171e+03,1.200900925319808021e-01
1.716400000000181080e+03,1.192148196189718179e-01
1.716500000000180989e+03,1.183391849060004275e-01
1.716600000000181126e+03,1.174631883366928503e-01
1.716700000000181262e+03,1.165868298546880455e-01
1.716800000000181171e+03,1.157101094036352279e-01
1.716900000000181080e+03,1.148330269271884280e-01
1.717000000000181217e+03,1.139555823686023289e-01
1.717100000000181353e+03,1.128524088474569392e-01
1.717200000000181262e+03,1.117495190604441829e-01
1.717300000000181171e+03,1.106468996046189451e-01
1.717400000000181308e+03,1.095445488225665759e-01
1.717500000000181444e+03,1.084424667073060344e-01
1.717600000000181353e+03,1.073406532518474260e-01
1.717700000000181262e+03,1.062391084491871862e-01
1.717800000000181399e+03,1.051378322923124248e-01
1.717900000000181535e+03,1.040368247742071012e-01
1.718000000000181444e+03,1.029360858875959378e-01
1.718100000000181353e+03,1.016977910108759486e-01
1.718200000000181490e+03,1.004595189127175797e-01
1.718300000000181626e+03,9.922126962536907679e-02
1.718400000000181535e+03,9.798305453583369684e-02
1.718500000000181444e+03,9.674490499731913662e-02
1.718600000000181581e+03,9.550677697996738658e-02
1.718700000000181717e+03,9.426974493122262932e-02
1.718800000000181626e+03,9.303374624245468183e-02
1.718900000000181535e+03,9.179771320741253460e-02
1.719000000000181672e+03,9.056164586218709567e-02
1.719100000000181808e+03,8.922477173261407490e-02
1.719200000000181717e+03,8.788785258468310990e-02
1.719300000000181626e+03,8.655088846272014635e-02
1.719400000000181763e+03,8.521387941105815211e-02
1.719500000000181899e+03,8.387682547404322342e-02
1.719600000000181808e+03,8.253972669602781254e-02
1.719700000000181717e+03,8.120258312136523215e-02
1.719800000000181853e+03,7.986539479441580325e-02
1.719900000000181990e+03,7.852816175955239231e-02
1.720000000000181899e+03,7.719088406106550115e-02
1.720100000000181808e+03,7.580444923359748455e-02
1.720200000000181944e+03,7.441812254490344503e-02
1.720300000000182081e+03,7.303119924580320221e-02
1.720400000000181990e+03,7.164348565184074091e-02
1.720500000000181899e+03,7.025594296614112721e-02
1.720600000000182035e+03,6.886857120830135182e-02
1.720700000000182172e+03,6.748137039792004299e-02
1.720800000000182081e+03,6.609434055459084689e-02
1.720900000000181990e+03,6.470748169789636295e-02
1.721000000000182126e+03,6.332079384917155274e-02
1.721100000000182263e+03,6.289889116434900507e-02
1.721200000000182172e+03,6.247685014738149634e-02
1.721300000000182081e+03,6.205467078973977979e-02
1.721400000000182217e+03,6.163235308290264391e-02
1.721500000000182354e+03,6.120989701835822389e-02
1.721600000000182263e+03,6.078730258760280114e-02
1.721700000000182172e+03,6.036456978213802088e-02
1.721800000000182308e+03,5.994169859347354273e-02
1.721900000000182445e+03,5.951868901312865057e-02
1.722000000000182354e+03,5.909554103515905765e-02
1.722100000000182263e+03,6.005881785129724842e-02
1.722200000000182399e+03,6.102169738134319288e-02
1.722300000000182536e+03,6.198417968955865359e-02
1.722400000000182445e+03,6.294626484021163815e-02
1.722500000000182354e+03,6.390795289758084696e-02
1.722600000000182490e+03,6.486924392595178057e-02
1.722700000000182627e+03,6.583013798961151464e-02
1.722800000000182536e+03,6.679063515285366126e-02
1.722900000000182445e+03,6.775073547998254619e-02
1.723000000000182581e+03,6.871043903538699704e-02
1.723100000000182717e+03,6.971257958449762759e-02
1.723200000000182627e+03,7.071480534090533732e-02
1.723300000000182536e+03,7.171712385086621844e-02
1.723400000000182672e+03,7.271953509513472136e-02
1.723500000000182808e+03,7.372158469879029619e-02
1.723600000000182717e+03,7.472249022391076745e-02
1.723700000000182627e+03,7.572344330877740781e-02
1.723800000000182763e+03,7.672444393192347223e-02
1.723900000000182899e+03,7.772549207187384734e-02
1.724000000000182808e+03,7.872658770713025778e-02
1.724100000000182717e+03,7.971687269112341656e-02
1.724200000000182854e+03,8.070688952164067897e-02
1.724300000000182990e+03,8.169663822381417750e-02
1.724400000000182899e+03,8.268611882277925040e-02
1.724500000000182808e+03,8.367533134367967362e-02
1.724600000000182945e+03,8.466427581166226235e-02
1.724700000000183081e+03,8.565295225187299910e-02
1.724800000000182990e+03,8.664136068946134972e-02
1.724900000000182899e+03,8.762950114958467651e-02
1.725000000000183036e+03,8.861737365739565109e-02
1.725100000000183172e+03,8.960070082220322751e-02
1.725200000000183081e+03,9.058421604456474985e-02
1.725300000000182990e+03,9.156791932655551636e-02
1.725400000000183127e+03,9.255181067024537134e-02
1.725500000000183263e+03,9.353589007769334829e-02
1.725600000000183172e+03,9.452015755095320715e-02
1.725700000000183081e+03,9.550461309207718130e-02
1.725800000000183218e+03,9.648925670311177261e-02
1.725900000000183354e+03,9.747374220005144974e-02
1.726000000000183263e+03,9.845653909095766765e-02
1.726100000000183172e+03,9.938941894305519664e-02
1.726200000000183309e+03,1.003224971086740941e-01
1.726300000000183445e+03,1.012557735920246726e-01
1.726400000000183354e+03,1.021892483973113191e-01
1.726500000000183263e+03,1.031229215287371853e-01
1.726600000000183400e+03,1.040567929904990946e-01
1.726700000000183536e+03,1.049905812390374560e-01
1.726800000000183445e+03,1.059225549621850837e-01
1.726900000000183354e+03,1.068546919520294153e-01
1.727000000000183491e+03,1.077869869993562241e-01
1.727100000000183627e+03,1.085909011725166295e-01
1.727200000000183536e+03,1.093942770761997668e-01
1.727300000000183445e+03,1.101971571744105871e-01
1.727400000000183582e+03,1.110020608647153545e-01
1.727500000000183718e+03,1.118060593341747844e-01
1.727600000000183627e+03,1.126048837011661280e-01
1.727700000000183536e+03,1.134031360406015654e-01
1.727800000000183672e+03,1.142008018970294553e-01
1.727900000000183809e+03,1.149978863164296677e-01
1.728000000000183718e+03,1.157943990374303012e-01
1.728100000000183627e+03,1.165222234250387345e-01
1.728200000000183763e+03,1.172501114061527266e-01
1.728300000000183900e+03,1.179779518015879186e-01
1.728400000000183809e+03,1.187032902457620664e-01
1.728500000000183718e+03,1.194307209621177507e-01
1.728600000000183854e+03,1.201590028248882280e-01
1.728700000000183991e+03,1.208874132465003748e-01
1.728800000000183900e+03,1.216158897547534173e-01
1.728900000000183809e+03,1.223444323401208095e-01
1.729000000000183945e+03,1.230730409928264268e-01
1.729100000000184082e+03,1.236667333955767945e-01
1.729200000000183991e+03,1.242605585315404854e-01
1.729300000000183900e+03,1.248545164033729726e-01
1.729400000000184036e+03,1.254486070137266485e-01
1.729500000000184173e+03,1.260428303652467164e-01
1.729600000000184082e+03,1.266371864605743969e-01
1.729700000000183991e+03,1.272316753023493563e-01
1.729800000000184127e+03,1.278262968932077359e-01
1.729900000000184264e+03,1.284210512357785716e-01
1.730000000000184173e+03,1.290103251744659230e-01
1.730100000000184082e+03,1.294008739705658495e-01
1.730200000000184218e+03,1.297913033880777889e-01
1.730300000000184355e+03,1.301816134437314421e-01
1.730400000000184264e+03,1.305718041542566765e-01
1.730500000000184173e+03,1.309618755363844700e-01
1.730600000000184309e+03,1.313518276068464941e-01
1.730700000000184446e+03,1.317416603823716725e-01
1.730800000000184355e+03,1.321313738796898452e-01
1.730900000000184264e+03,1.325209681155323227e-01
1.731000000000184400e+03,1.329104431062616554e-01
1.731100000000184536e+03,1.330999476567883699e-01
1.731200000000184446e+03,1.332893723380028372e-01
1.731300000000184355e+03,1.334787171663501804e-01
1.731400000000184491e+03,1.336679821582750782e-01
1.731500000000184627e+03,1.338571673302194065e-01
1.731600000000184536e+03,1.340462726986245967e-01
1.731700000000184446e+03,1.342352982799314975e-01
1.731800000000184582e+03,1.344242440905800140e-01
1.731900000000184718e+03,1.346131101470078029e-01
1.732000000000184627e+03,1.348018964653307505e-01
1.732100000000184536e+03,1.348167050424414481e-01
1.732200000000184673e+03,1.348315134767627543e-01
1.732300000000184809e+03,1.348463217679324866e-01
1.732400000000184718e+03,1.348611299155881016e-01
1.732500000000184627e+03,1.348759379193669727e-01
1.732600000000184764e+03,1.348907457789067232e-01
1.732700000000184900e+03,1.349055534938447820e-01
1.732800000000184809e+03,1.349203610638184669e-01
1.732900000000184718e+03,1.349351684884651514e-01
1.733000000000184855e+03,1.349499757669511690e-01
1.733100000000184991e+03,1.347098899949376594e-01
1.733200000000184900e+03,1.344698593404063114e-01
1.733300000000184809e+03,1.342298849881055911e-01
1.733400000000184946e+03,1.339899795390442350e-01
1.733500000000185082e+03,1.337501429847813839e-01
1.733600000000184991e+03,1.335103753168758178e-01
1.733700000000184900e+03,1.332706765268843740e-01
1.733800000000185037e+03,1.330310466063631680e-01
1.733900000000185173e+03,1.327914855468692035e-01
1.734000000000185082e+03,1.325543036944953901e-01
1.734100000000184991e+03,1.321019098262498082e-01
1.734200000000185128e+03,1.316475114675681179e-01
1.734300000000185264e+03,1.311931757968672063e-01
1.734400000000185173e+03,1.307389028139208653e-01
1.734500000000185082e+03,1.302846925185000282e-01
1.734600000000185219e+03,1.298305449103755171e-01
1.734700000000185355e+03,1.293764599893185985e-01
1.734800000000185264e+03,1.289288435436363456e-01
1.734900000000185173e+03,1.284835691887494524e-01
1.735000000000185310e+03,1.280382969064752519e-01
1.735100000000185446e+03,1.273874481319515473e-01
1.735200000000185355e+03,1.267364526267919511e-01
1.735300000000185264e+03,1.260853103760576910e-01
1.735400000000185400e+03,1.254340213648110491e-01
1.735500000000185537e+03,1.247825855781164867e-01
1.735600000000185446e+03,1.241329582033445372e-01
1.735700000000185355e+03,1.234840595149920700e-01
1.735800000000185491e+03,1.228349840940360510e-01
1.735900000000185628e+03,1.221857319140386838e-01
1.736000000000185537e+03,1.215363029481504875e-01
1.736100000000185446e+03,1.206661987794685753e-01
1.736200000000185582e+03,1.197960864353706661e-01
1.736300000000185719e+03,1.189259659236221595e-01
1.736400000000185628e+03,1.180558372519883714e-01
1.736500000000185537e+03,1.171857004282307047e-01
1.736600000000185673e+03,1.163155554601108393e-01
1.736700000000185810e+03,1.154454023553943831e-01
1.736800000000185719e+03,1.145752411218475403e-01
1.736900000000185628e+03,1.137050717672319217e-01
1.737000000000185764e+03,1.128348942989612080e-01
1.737100000000185901e+03,1.117769288674954203e-01
1.737200000000185810e+03,1.107222066154842921e-01
1.737300000000185719e+03,1.096694760804256819e-01
1.737400000000185855e+03,1.086168047633644940e-01
1.737500000000185992e+03,1.075641926858855874e-01
1.737600000000185901e+03,1.065116398695735156e-01
1.737700000000185810e+03,1.054591463360060738e-01
1.737800000000185946e+03,1.044067121067608628e-01
1.737900000000186083e+03,1.033543372034184671e-01
1.738000000000185992e+03,1.023020216473549127e-01
1.738100000000185901e+03,1.011400230833250646e-01
1.738200000000186037e+03,9.997730300548593463e-02
1.738300000000186174e+03,9.881386113124630832e-02
1.738400000000186083e+03,9.764969717793231530e-02
1.738500000000185992e+03,9.648481086278297425e-02
1.738600000000186128e+03,9.531872589619090619e-02
1.738700000000186265e+03,9.415019449606018553e-02
1.738800000000186174e+03,9.298099462868686382e-02
1.738900000000186083e+03,9.181112605925642600e-02
1.739000000000186219e+03,9.064058855265390291e-02
1.739100000000186355e+03,8.933993488719263465e-02
1.739200000000186265e+03,8.803942321920439629e-02
1.739300000000186174e+03,8.673905357141235839e-02
1.739400000000186310e+03,8.543882596653633310e-02
1.739500000000186446e+03,8.413874042729838076e-02
1.739600000000186355e+03,8.283973539483095727e-02
1.739700000000186265e+03,8.154176077649084864e-02
1.739800000000186401e+03,8.024386956422159545e-02
1.739900000000186537e+03,7.894606179168839333e-02
1.740000000000186446e+03,7.764833749249834549e-02
1.740100000000186355e+03,7.632035626376099113e-02
1.740200000000186492e+03,7.499185855012295565e-02
1.740300000000186628e+03,7.366284422266587695e-02
1.740400000000186537e+03,7.233331315244870274e-02
1.740500000000186446e+03,7.100326521049951656e-02
1.740600000000186583e+03,6.967270026782308723e-02
1.740700000000186719e+03,6.834161819540603144e-02
1.740800000000186628e+03,6.701001886421127651e-02
1.740900000000186537e+03,6.567790214517162106e-02
1.741000000000186674e+03,6.434526791041358940e-02
1.741100000000186810e+03,6.366456187453600757e-02
1.741200000000186719e+03,6.298385367777349642e-02
1.741300000000186628e+03,6.230314333101363844e-02
1.741400000000186765e+03,6.162243084514431452e-02
1.741500000000186901e+03,6.094171623105702762e-02
1.741600000000186810e+03,6.026099949964375257e-02
1.741700000000186719e+03,5.958028066179336946e-02
1.741800000000186856e+03,5.889955972839553550e-02
1.741900000000186992e+03,5.821973465531931485e-02
1.742000000000186901e+03,5.753996332532861080e-02
1.742100000000186810e+03,5.848694829145151958e-02
1.742200000000186947e+03,5.943414891179026743e-02
1.742300000000187083e+03,6.038156521744807159e-02
1.742400000000186992e+03,6.132919723953136892e-02
1.742500000000186901e+03,6.227704500915353519e-02
1.742600000000187038e+03,6.322510855743131153e-02
1.742700000000187174e+03,6.417338791547992638e-02
1.742800000000187083e+03,6.512239350230160373e-02
1.742900000000186992e+03,6.607260313300579446e-02
1.743000000000187129e+03,6.702307147784601626e-02
1.743100000000187265e+03,6.800123927588030970e-02
1.743200000000187174e+03,6.897969106441466380e-02
1.743300000000187083e+03,6.995842689652821689e-02
1.743400000000187219e+03,7.093741480622953177e-02
1.743500000000187356e+03,7.191664995783611514e-02
1.743600000000187265e+03,7.289616744664473291e-02
1.743700000000187174e+03,7.387596732495710361e-02
1.743800000000187310e+03,7.485604964508206505e-02
1.743900000000187447e+03,7.583641445933093916e-02
1.744000000000187356e+03,7.681706182001989125e-02
1.744100000000187265e+03,7.779692157977811939e-02
1.744200000000187401e+03,7.877688881915131947e-02
1.744300000000187538e+03,7.975696353693161045e-02
1.744400000000187447e+03,8.073665375764853269e-02
1.744500000000187356e+03,8.171509393361073292e-02
1.744600000000187492e+03,8.269359746098559061e-02
1.744700000000187629e+03,8.367216433526789010e-02
1.744800000000187538e+03,8.465079455195162472e-02
1.744900000000187447e+03,8.562948810653385479e-02
1.745000000000187583e+03,8.660824499449557012e-02
1.745100000000187720e+03,8.757888680696855610e-02
1.745200000000187629e+03,8.854981778973428086e-02
1.745300000000187538e+03,8.952095472114893204e-02
1.745400000000187674e+03,9.049237713461009969e-02
1.745500000000187811e+03,9.146408703477794389e-02
1.745600000000187720e+03,9.243608447664002081e-02
1.745700000000187629e+03,9.340836951519576603e-02
1.745800000000187765e+03,9.438094220545219237e-02
1.745900000000187902e+03,9.535380260241985151e-02
1.746000000000187811e+03,9.632695076100382392e-02
1.746100000000187720e+03,9.724024851068606423e-02
1.746200000000187856e+03,9.815353182748215444e-02
1.746300000000187993e+03,9.906680070144864569e-02
1.746400000000187902e+03,9.998006815587191787e-02
1.746500000000187811e+03,1.008933251469755349e-01
1.746600000000187947e+03,1.018065679716898542e-01
1.746700000000188084e+03,1.027197966200663753e-01
1.746800000000187993e+03,1.036326503593661963e-01
1.746900000000187902e+03,1.045434897299686167e-01
1.747000000000188038e+03,1.054542738134117003e-01
1.747100000000188174e+03,1.062981480832484449e-01
1.747200000000188084e+03,1.071420587331425867e-01
1.747300000000187993e+03,1.079860057603267420e-01
1.747400000000188129e+03,1.088299891620340409e-01
1.747500000000188265e+03,1.096740089354933390e-01
1.747600000000188174e+03,1.105180650779324369e-01
1.747700000000188084e+03,1.113596267559220088e-01
1.747800000000188220e+03,1.122011094619395632e-01
1.747900000000188356e+03,1.130425890830991376e-01
1.748000000000188265e+03,1.138840656157218967e-01
1.748100000000188174e+03,1.146193156651568873e-01
1.748200000000188311e+03,1.153544942851187916e-01
1.748300000000188447e+03,1.160896014751419403e-01
1.748400000000188356e+03,1.168246372347615386e-01
1.748500000000188265e+03,1.175596015635164276e-01
1.748600000000188402e+03,1.182944944609464893e-01
1.748700000000188538e+03,1.190293159265881917e-01
1.748800000000188447e+03,1.197621301765386809e-01
1.748900000000188356e+03,1.204939756993113342e-01
1.749000000000188493e+03,1.212258288741287909e-01
1.749100000000188629e+03,1.218414307068566710e-01
1.749200000000188538e+03,1.224569642430688721e-01
1.749300000000188447e+03,1.230698669686640379e-01
1.749400000000188584e+03,1.236827802499804313e-01
1.749500000000188720e+03,1.242957040820123621e-01
1.749600000000188629e+03,1.249086384597536542e-01
1.749700000000188538e+03,1.255215833782009627e-01
1.749800000000188675e+03,1.261345388323499850e-01
1.749900000000188811e+03,1.267475048171945451e-01
1.750000000000188720e+03,1.273604813274482606e-01
1.750100000000188629e+03,1.278255669046047538e-01
1.750200000000188766e+03,1.282907104487402139e-01
1.750300000000188902e+03,1.287559119581753453e-01
1.750400000000188811e+03,1.292211714312300752e-01
1.750500000000188720e+03,1.296864888662248583e-01
1.750600000000188857e+03,1.301518642614794830e-01
1.750700000000188993e+03,1.306172976153103515e-01
1.750800000000188902e+03,1.310828053567129059e-01
1.750900000000188811e+03,1.315483776248374259e-01
1.751000000000188948e+03,1.320140080085543122e-01
1.751100000000189084e+03,1.322794896392015251e-01
1.751200000000188993e+03,1.325433597502760075e-01
1.751300000000188902e+03,1.328065006088133826e-01
1.751400000000189038e+03,1.330695750935819432e-01
1.751500000000189175e+03,1.333325832138493039e-01
1.751600000000189084e+03,1.335955249788823296e-01
1.751700000000188993e+03,1.338584003979481074e-01
1.751800000000189129e+03,1.341212094803131416e-01
1.751900000000189266e+03,1.343839522352424376e-01
1.752000000000189175e+03,1.346466286716674621e-01
1.752100000000189084e+03,1.347336202743341371e-01
1.752200000000189220e+03,1.348179362330450826e-01
1.752300000000189357e+03,1.349017792257407866e-01
1.752400000000189266e+03,1.349856244257289783e-01
1.752500000000189175e+03,1.350694718318354026e-01
1.752600000000189311e+03,1.351533214428853602e-01
1.752700000000189448e+03,1.352371732577041241e-01
1.752800000000189357e+03,1.353210272751164400e-01
1.752900000000189266e+03,1.354048834939478585e-01
1.753000000000189402e+03,1.354887419125745396e-01
1.753100000000189539e+03,1.353354888036109871e-01
1.753200000000189448e+03,1.351822864730324592e-01
1.753300000000189357e+03,1.350309348864987269e-01
1.753400000000189493e+03,1.348809914616317385e-01
1.753500000000189630e+03,1.347310917611720948e-01
1.753600000000189539e+03,1.345812357774548440e-01
1.753700000000189448e+03,1.344314235028150339e-01
1.753800000000189584e+03,1.342816549295882678e-01
1.753900000000189721e+03,1.341319300501120637e-01
1.754000000000189630e+03,1.339822488563356118e-01
1.754100000000189539e+03,1.336275074330911805e-01
1.754200000000189675e+03,1.332728211243283389e-01
1.754300000000189812e+03,1.329181899259535560e-01
1.754400000000189721e+03,1.325636163790738786e-01
1.754500000000189630e+03,1.322091054386456410e-01
1.754600000000189766e+03,1.318546495424452458e-01
1.754700000000189902e+03,1.315002486863911524e-01
1.754800000000189812e+03,1.311459028664027360e-01
1.754900000000189721e+03,1.307916120783969294e-01
1.755000000000189857e+03,1.304373763179209333e-01
1.755100000000189993e+03,1.298879442305923282e-01
1.755200000000189902e+03,1.293384387432523208e-01
1.755300000000189812e+03,1.287888598595631484e-01
1.755400000000189948e+03,1.282392075831892964e-01
1.755500000000190084e+03,1.276894819177993579e-01
1.755600000000189993e+03,1.271396828670634249e-01
1.755700000000189902e+03,1.265898104346508679e-01
1.755800000000190039e+03,1.260398646242326393e-01
1.755900000000190175e+03,1.254898454394838270e-01
1.756000000000190084e+03,1.249397528836523469e-01
1.756100000000189993e+03,1.241639259609130519e-01
1.756200000000190130e+03,1.233882659735766191e-01
1.756300000000190266e+03,1.226127729027226831e-01
1.756400000000190175e+03,1.218374467294317948e-01
1.756500000000190084e+03,1.210641736640370031e-01
1.756600000000190221e+03,1.202918801402979576e-01
1.756700000000190357e+03,1.195197185345518165e-01
1.756800000000190266e+03,1.187476888391608698e-01
1.756900000000190175e+03,1.179757910464828558e-01
1.757000000000190312e+03,1.172040251485155365e-01
1.757100000000190448e+03,1.162436077280223495e-01
1.757200000000190357e+03,1.152834290431237890e-01
1.757300000000190266e+03,1.143201259068257064e-01
1.757400000000190403e+03,1.133553439252157763e-01
1.757500000000190539e+03,1.123908873784994072e-01
1.757600000000190448e+03,1.114267562007498630e-01
1.757700000000190357e+03,1.104629503260455003e-01
1.757800000000190494e+03,1.094994696884730168e-01
1.757900000000190630e+03,1.085363142221328348e-01
1.758000000000190539e+03,1.075734838608906063e-01
1.758100000000190448e+03,1.064830716788476850e-01
1.758200000000190585e+03,1.053924723700346150e-01
1.758300000000190721e+03,1.043023278668085557e-01
1.758400000000190630e+03,1.032122279883304766e-01
1.758500000000190539e+03,1.021219223781246882e-01
1.758600000000190676e+03,1.010314110312684061e-01
1.758700000000190812e+03,9.994069394284707530e-02
1.758800000000190721e+03,9.884977110794943012e-02
1.758900000000190630e+03,9.775864252166173440e-02
1.759000000000190767e+03,9.666730817884572335e-02
1.759100000000190903e+03,9.545636580767226376e-02
1.759200000000190812e+03,9.424522480967741089e-02
1.759300000000190721e+03,9.303388518103113125e-02
1.759400000000190857e+03,9.182234691790544523e-02
1.759500000000190994e+03,9.061061001648014479e-02
1.759600000000190903e+03,8.939867447293750602e-02
1.759700000000190812e+03,8.818654028345625229e-02
1.759800000000190948e+03,8.697420744421743843e-02
1.759900000000191085e+03,8.576167595140991862e-02
1.760000000000190994e+03,8.454898735518344421e-02
1.760100000000190903e+03,8.324220505332956266e-02
1.760200000000191039e+03,8.193608155687842620e-02
1.760300000000191176e+03,8.063039327135133882e-02
1.760400000000191085e+03,7.932514011876493076e-02
1.760500000000190994e+03,7.802094904715960177e-02
1.760600000000191130e+03,7.671783931183089045e-02
1.760700000000191267e+03,7.541512084551607598e-02
1.760800000000191176e+03,7.411279359154418489e-02
1.760900000000191085e+03,7.281085749324080203e-02
1.761000000000191221e+03,7.150931249391319355e-02
1.761100000000191358e+03,7.019692441346402079e-02
1.761200000000191267e+03,6.888449498210862110e-02
1.761300000000191176e+03,6.757202420074873150e-02
1.761400000000191312e+03,6.625951207028650536e-02
1.761500000000191449e+03,6.494695859163003571e-02
1.761600000000191358e+03,6.363436376568767927e-02
1.761700000000191267e+03,6.232172759336169349e-02
1.761800000000191403e+03,6.100905007555469661e-02
1.761900000000191540e+03,5.969633121317505231e-02
1.762000000000191449e+03,5.838357101012956601e-02
1.762100000000191358e+03,5.863676035198765041e-02
1.762200000000191494e+03,5.889001707601302510e-02
1.762300000000191631e+03,5.914334119221702907e-02
1.762400000000191540e+03,5.939673271061161192e-02
1.762500000000191449e+03,5.965019164121108941e-02
1.762600000000191585e+03,5.990371799403037406e-02
1.762700000000191721e+03,6.015731177908417021e-02
1.762800000000191631e+03,6.041097300638807732e-02
1.762900000000191540e+03,6.066470168595958223e-02
1.763000000000191676e+03,6.091849782911450822e-02
1.763100000000191812e+03,6.184924792462120208e-02
1.763200000000191721e+03,6.278019060307316046e-02
1.763300000000191631e+03,6.371132588788586126e-02
1.763400000000191767e+03,6.464265380247669057e-02
1.763500000000191903e+03,6.557417437026083484e-02
1.763600000000191812e+03,6.650588761465528465e-02
1.763700000000191721e+03,6.743779355908280371e-02
1.763800000000191858e+03,6.836989222696833457e-02
1.763900000000191994e+03,6.930218364173415524e-02
1.764000000000191903e+03,7.023466782681257736e-02
1.764100000000191812e+03,7.117131989263486558e-02
1.764200000000191949e+03,7.210778158791963932e-02
1.764300000000192085e+03,7.304405292056702359e-02
1.764400000000191994e+03,7.398016521878054974e-02
1.764500000000191903e+03,7.491609960209578978e-02
1.764600000000192040e+03,7.585184472966170766e-02
1.764700000000192176e+03,7.678740060906401321e-02
1.764800000000192085e+03,7.772276724789048408e-02
1.764900000000191994e+03,7.865794465373537880e-02
1.765000000000192131e+03,7.959293283420651455e-02
1.765100000000192267e+03,8.053395807644056492e-02
1.765200000000192176e+03,8.147498836150654511e-02
1.765300000000192085e+03,8.241602368547802648e-02
1.765400000000192222e+03,8.335706404442840001e-02
1.765500000000192358e+03,8.429810943442689330e-02
1.765600000000192267e+03,8.523911856551649735e-02
1.765700000000192176e+03,8.618009148946079168e-02
1.765800000000192313e+03,8.712106764063444475e-02
1.765900000000192449e+03,8.806204701509577626e-02
1.766000000000192358e+03,8.900302960885038417e-02
1.766100000000192267e+03,8.991664961137234291e-02
1.766200000000192404e+03,9.083022859587637499e-02
1.766300000000192540e+03,9.174376655762522814e-02
1.766400000000192449e+03,9.265726349188246891e-02
1.766500000000192358e+03,9.357071939391624349e-02
1.766600000000192495e+03,9.448413425899492013e-02
1.766700000000192631e+03,9.539750808238341151e-02
1.766800000000192540e+03,9.631084085934706052e-02
1.766900000000192449e+03,9.722413258515576195e-02
1.767000000000192586e+03,9.813738325501311643e-02
1.767100000000192722e+03,9.901606518023033099e-02
1.767200000000192631e+03,9.989497591221109529e-02
1.767300000000192540e+03,1.007741154845537696e-01
1.767400000000192676e+03,1.016534839308599475e-01
1.767500000000192813e+03,1.025330812847295714e-01
1.767600000000192722e+03,1.034129075797650954e-01
1.767700000000192631e+03,1.042929628495760236e-01
1.767800000000192767e+03,1.051732471277743025e-01
1.767900000000192904e+03,1.060537604479710044e-01
1.768000000000192813e+03,1.069345028436269190e-01
1.768100000000192722e+03,1.077364105417775858e-01
1.768200000000192858e+03,1.085384748905853097e-01
1.768300000000192995e+03,1.093406959069200962e-01
1.768400000000192904e+03,1.101430736076526862e-01
1.768500000000192813e+03,1.109456080096586361e-01
1.768600000000192949e+03,1.117482991298143213e-01
1.768700000000193086e+03,1.125511469849938134e-01
1.768800000000192995e+03,1.133541515920718501e-01
1.768900000000192904e+03,1.141573129679283316e-01
1.769000000000193040e+03,1.149606287914338720e-01
1.769100000000193177e+03,1.156473312547249138e-01
1.769200000000193086e+03,1.163339930937944827e-01
1.769300000000192995e+03,1.170210043466221317e-01
1.769400000000193131e+03,1.177128923272532240e-01
1.769500000000193268e+03,1.184048017064047303e-01
1.769600000000193177e+03,1.190967324737463029e-01
1.769700000000193086e+03,1.197886846189504806e-01
1.769800000000193222e+03,1.204801345395158652e-01
1.769900000000193359e+03,1.211701001709345332e-01
1.770000000000193268e+03,1.218600640564272836e-01
1.770100000000193177e+03,1.224308581417833525e-01
1.770200000000193313e+03,1.230054505354566396e-01
1.770300000000193450e+03,1.235819930022621776e-01
1.770400000000193359e+03,1.241586617240015983e-01
1.770500000000193268e+03,1.247354567134402598e-01
1.770600000000193404e+03,1.253123779833425488e-01
1.770700000000193540e+03,1.258894255464708400e-01
1.770800000000193450e+03,1.264665994155873552e-01
1.770900000000193359e+03,1.270438996034571610e-01
1.771000000000193495e+03,1.276184603908732118e-01
1.771100000000193631e+03,1.280734137118005322e-01
1.771200000000193540e+03,1.285286548004096474e-01
1.771300000000193450e+03,1.289846918050412961e-01
1.771400000000193586e+03,1.294465771818389954e-01
1.771500000000193722e+03,1.299087935405509042e-01
1.771600000000193631e+03,1.303713410442927101e-01
1.771700000000193540e+03,1.308342198562444936e-01
1.771800000000193677e+03,1.312917625141137301e-01
1.771900000000193813e+03,1.317493490187416627e-01
1.772000000000193722e+03,1.322072258725348615e-01
1.772100000000193631e+03,1.324656283597477335e-01
1.772200000000193768e+03,1.327240963063762991e-01
1.772300000000193904e+03,1.329826297215346564e-01
1.772400000000193813e+03,1.332412286143375701e-01
1.772500000000193722e+03,1.335049203764050174e-01
1.772600000000193859e+03,1.337616143401718916e-01
1.772700000000193995e+03,1.340176373243309738e-01
1.772800000000193904e+03,1.342737145520371267e-01
1.772900000000193813e+03,1.345299368125245920e-01
1.773000000000193950e+03,1.347863573251192604e-01
1.773100000000194086e+03,1.348334884281129076e-01
1.773200000000193995e+03,1.348806137490643486e-01
1.773300000000193904e+03,1.349277332853698330e-01
1.773400000000194041e+03,1.349748470344254714e-01
1.773500000000194177e+03,1.350219549936279295e-01
1.773600000000194086e+03,1.350707126420656046e-01
1.773700000000193995e+03,1.351209734410123153e-01
1.773800000000194132e+03,1.351712304499278483e-01
1.773900000000194268e+03,1.352214836656134844e-01
1.774000000000194177e+03,1.352717330845295274e-01
1.774100000000194086e+03,1.351457699895525499e-01
1.774200000000194223e+03,1.350197570052365792e-01
1.774300000000194359e+03,1.348936941228155717e-01
1.774400000000194268e+03,1.347675813335230122e-01
1.774500000000194177e+03,1.346414186285910253e-01
1.774600000000194314e+03,1.345152059992522908e-01
1.774700000000194450e+03,1.343889434367390445e-01
1.774800000000194359e+03,1.342626309322839662e-01
1.774900000000194268e+03,1.341362684771185143e-01
1.775000000000194404e+03,1.340147119315230340e-01
1.775100000000194541e+03,1.337024653270201258e-01
1.775200000000194450e+03,1.333899941971902203e-01
1.775300000000194359e+03,1.330772984434065442e-01
1.775400000000194495e+03,1.327643779670114044e-01
1.775500000000194632e+03,1.324512326693160214e-01
1.775600000000194541e+03,1.321378624516002243e-01
1.775700000000194450e+03,1.318242672151105632e-01
1.775800000000194586e+03,1.315104468610618360e-01
1.775900000000194723e+03,1.311934466707616875e-01
1.776000000000194632e+03,1.308761216831018093e-01
1.776100000000194541e+03,1.303021722539922933e-01
1.776200000000194677e+03,1.297283118938573898e-01
1.776300000000194814e+03,1.291545406424531584e-01
1.776400000000194723e+03,1.285808585395288584e-01
1.776500000000194632e+03,1.280072656248224527e-01
1.776600000000194768e+03,1.274274999958763255e-01
1.776700000000194905e+03,1.268455356532642853e-01
1.776800000000194814e+03,1.262637384050284417e-01
1.776900000000194723e+03,1.256821082692600455e-01
1.777000000000194859e+03,1.250946566578899355e-01
1.777100000000194996e+03,1.243586726828509181e-01
1.777200000000194905e+03,1.236224285725813499e-01
1.777300000000194814e+03,1.228859242868853702e-01
1.777400000000194950e+03,1.221472647580220949e-01
1.777500000000195087e+03,1.214075139593629726e-01
1.777600000000194996e+03,1.206675359931370373e-01
1.777700000000194905e+03,1.199273308390072373e-01
1.777800000000195041e+03,1.191868984766421141e-01
1.777900000000195178e+03,1.184462388857217691e-01
1.778000000000195087e+03,1.177053520455779712e-01
1.778100000000194996e+03,1.167823823680335382e-01
1.778200000000195132e+03,1.158592138382244646e-01
1.778300000000195269e+03,1.149358464535430724e-01
1.778400000000195178e+03,1.140122802113888723e-01
1.778500000000195087e+03,1.130885151091649693e-01
1.778600000000195223e+03,1.121645511442824067e-01
1.778700000000195359e+03,1.112403883141635103e-01
1.778800000000195269e+03,1.103160266162384884e-01
1.778900000000195178e+03,1.093914660479414214e-01
1.779000000000195314e+03,1.084711915217159983e-01
1.779100000000195450e+03,1.073838722127527651e-01
1.779200000000195359e+03,1.062971802712423253e-01
1.779300000000195269e+03,1.052148170946318323e-01
1.779400000000195405e+03,1.041323742802118396e-01
1.779500000000195541e+03,1.030498518456170326e-01
1.779600000000195450e+03,1.019672498084843865e-01
1.779700000000195359e+03,1.008845681864477400e-01
1.779800000000195496e+03,9.980696223966223357e-02
1.779900000000195632e+03,9.873297566508332235e-02
1.780000000000195541e+03,9.765871486680134661e-02
1.780100000000195450e+03,9.646112107934258495e-02
1.780200000000195587e+03,9.526343416953808596e-02
1.780300000000195723e+03,9.406565417392595552e-02
1.780400000000195632e+03,9.286960711752635655e-02
1.780500000000195541e+03,9.167375931327738370e-02
1.780600000000195678e+03,9.047885191821182505e-02
1.780700000000195814e+03,8.928470573123095666e-02
1.780800000000195723e+03,8.809035654546892857e-02
1.780900000000195632e+03,8.689580438607044655e-02
1.781000000000195769e+03,8.570104927807491169e-02
1.781100000000195905e+03,8.444439758325388012e-02
1.781200000000195814e+03,8.318720574732284267e-02
1.781300000000195723e+03,8.192947362300249947e-02
1.781400000000195860e+03,8.067120106298437954e-02
1.781500000000195996e+03,7.941238791993600332e-02
1.781600000000195905e+03,7.815303404649555363e-02
1.781700000000195814e+03,7.689313929526611635e-02
1.781800000000195951e+03,7.563270351882102338e-02
1.781900000000196087e+03,7.437172656971025031e-02
1.782000000000195996e+03,7.311020830045641961e-02
1.782100000000195905e+03,7.184884763400062324e-02
1.782200000000196042e+03,7.058456801070861486e-02
1.782300000000196178e+03,6.931717519020398621e-02
1.782400000000196087e+03,6.804842925549797750e-02
1.782500000000195996e+03,6.677832930736528338e-02
1.782600000000196133e+03,6.550601537158443066e-02
1.782700000000196269e+03,6.423022251344372158e-02
1.782800000000196178e+03,6.295319225288552312e-02
1.782900000000196087e+03,6.167492385958440321e-02
1.783000000000196223e+03,6.039541660554416380e-02
1.783100000000196360e+03,6.045906046514337717e-02
1.783200000000196269e+03,6.052272703510160751e-02
1.783300000000196178e+03,6.058639625034692444e-02
1.783400000000196314e+03,6.065006810980583252e-02
1.783500000000196451e+03,6.071374261240457954e-02
1.783600000000196360e+03,6.077741975706920513e-02
1.783700000000196269e+03,6.084109794093613827e-02
1.783800000000196405e+03,6.090245857860746015e-02
1.783900000000196542e+03,6.096467023119756662e-02
1.784000000000196451e+03,6.102688154310081242e-02
1.784100000000196360e+03,6.194616979628439490e-02
1.784200000000196496e+03,6.286564972173691590e-02
1.784300000000196633e+03,6.378532134614955940e-02
1.784400000000196542e+03,6.470518469621659718e-02
1.784500000000196451e+03,6.562523979863935097e-02
1.784600000000196587e+03,6.654548668012190415e-02
1.784700000000196724e+03,6.746592536736721601e-02
1.784800000000196633e+03,6.838657738826221799e-02
1.784900000000196542e+03,6.930509764272470286e-02
1.785000000000196678e+03,7.022283174743348955e-02
1.785100000000196815e+03,7.114766626351870515e-02
1.785200000000196724e+03,7.207226839500872895e-02
1.785300000000196633e+03,7.299663816009402395e-02
1.785400000000196769e+03,7.392127924622765578e-02
1.785500000000196906e+03,7.484687783439784858e-02
1.785600000000196815e+03,7.577228572776810445e-02
1.785700000000196724e+03,7.669750292789079271e-02
1.785800000000196860e+03,7.762252943632297342e-02
1.785900000000196997e+03,7.854736525462227559e-02
1.786000000000196906e+03,7.947119439270541874e-02
1.786100000000196815e+03,8.041449639555593720e-02
1.786200000000196951e+03,8.135753631438662203e-02
1.786300000000197088e+03,8.229942062623719912e-02
1.786400000000196997e+03,8.324148394856216437e-02
1.786500000000196906e+03,8.418372629364016813e-02
1.786600000000197042e+03,8.512614767374906966e-02
1.786700000000197178e+03,8.606874810116070529e-02
1.786800000000197088e+03,8.701152758814553745e-02
1.786900000000196997e+03,8.795448614697758127e-02
1.787000000000197133e+03,8.889717286218930259e-02
1.787100000000197269e+03,8.981469663599550568e-02
1.787200000000197178e+03,9.073406186180107968e-02
1.787300000000197088e+03,9.165352465220985567e-02
1.787400000000197224e+03,9.257308500890865099e-02
1.787500000000197360e+03,9.349274293357948129e-02
1.787600000000197269e+03,9.441249842790340463e-02
1.787700000000197178e+03,9.533235149356517057e-02
1.787800000000197315e+03,9.625189761914426656e-02
1.787900000000197451e+03,9.716975224468361871e-02
1.788000000000197360e+03,9.808766304263041858e-02
1.788100000000197269e+03,9.895542628916081940e-02
1.788200000000197406e+03,9.982312083716884943e-02
1.788300000000197542e+03,1.006928136494520537e-01
1.788400000000197451e+03,1.015627596199320387e-01
1.788500000000197360e+03,1.024312742510859880e-01
1.788600000000197497e+03,1.032994246295632357e-01
1.788700000000197633e+03,1.041675177995913526e-01
1.788800000000197542e+03,1.050355537588713722e-01
1.788900000000197451e+03,1.059035325051084359e-01
1.789000000000197588e+03,1.067714540358866981e-01
1.789100000000197724e+03,1.075776585811002301e-01
1.789200000000197633e+03,1.083838971191313366e-01
1.789300000000197542e+03,1.091901696446340442e-01
1.789400000000197679e+03,1.099964761522617684e-01
1.789500000000197815e+03,1.108028166366633871e-01
1.789600000000197724e+03,1.116091812652263288e-01
1.789700000000197633e+03,1.124153755664461241e-01
1.789800000000197770e+03,1.132216007579223138e-01
1.789900000000197906e+03,1.140278568341207416e-01
1.790000000000197815e+03,1.148341437892832634e-01
1.790100000000197724e+03,1.155274256420685819e-01
1.790200000000197861e+03,1.162204792040400919e-01
1.790300000000197997e+03,1.169133045158643053e-01
1.790400000000197906e+03,1.176059016182036537e-01
1.790500000000197815e+03,1.182973904820548428e-01
1.790600000000197952e+03,1.189867483032531620e-01
1.790700000000198088e+03,1.196758457766697731e-01
1.790800000000197997e+03,1.203646829596765611e-01
1.790900000000197906e+03,1.210532599096409284e-01
1.791000000000198042e+03,1.217416648969731341e-01
1.791100000000198179e+03,1.223404850925295384e-01
1.791200000000198088e+03,1.229393478543875928e-01
1.791300000000197997e+03,1.235382531756680780e-01
1.791400000000198133e+03,1.241372010494899286e-01
1.791500000000198270e+03,1.247361262568069673e-01
1.791600000000198179e+03,1.253364907904312431e-01
1.791700000000198088e+03,1.259346186231893872e-01
1.791800000000198224e+03,1.265327798629662659e-01
1.791900000000198361e+03,1.271309745012784986e-01
1.792000000000198270e+03,1.277292025293063071e-01
1.792100000000198179e+03,1.281583159805403660e-01
1.792200000000198315e+03,1.285872465159840217e-01
1.792300000000198452e+03,1.290159941778426245e-01
1.792400000000198361e+03,1.294445590083158071e-01
1.792500000000198270e+03,1.298729410496008152e-01
1.792600000000198406e+03,1.303011403438886495e-01
1.792700000000198543e+03,1.307291569333640380e-01
1.792800000000198452e+03,1.311569908602059076e-01
1.792900000000198361e+03,1.315846421665901045e-01
1.793000000000198497e+03,1.320121108944552757e-01
1.793100000000198634e+03,1.323226235349697355e-01
1.793200000000198543e+03,1.326332052575504017e-01
1.793300000000198452e+03,1.329438363084136931e-01
1.793400000000198588e+03,1.332541755513471926e-01
1.793500000000198725e+03,1.335618244060202686e-01
1.793600000000198634e+03,1.338692756688516228e-01
1.793700000000198543e+03,1.341767803335074671e-01
1.793800000000198679e+03,1.344843383953778504e-01
1.793900000000198816e+03,1.347904459084263706e-01
1.794000000000198725e+03,1.350949519396432152e-01
1.794100000000198634e+03,1.351723219972377210e-01
1.794200000000198770e+03,1.352496312495399811e-01
1.794300000000198906e+03,1.353268797194173700e-01
1.794400000000198816e+03,1.354040674297328772e-01
1.794500000000198725e+03,1.354811944033444127e-01
1.794600000000198861e+03,1.355583329137674264e-01
1.794700000000198997e+03,1.356354281835817355e-01
1.794800000000198906e+03,1.357124628872971028e-01
1.794900000000198816e+03,1.357894370476312451e-01
1.795000000000198952e+03,1.358663506870071980e-01
1.795100000000199088e+03,1.357972365484485799e-01
1.795200000000198997e+03,1.357285487020591652e-01
1.795300000000198906e+03,1.356602013851589406e-01
1.795400000000199043e+03,1.355918493253149282e-01
1.795500000000199179e+03,1.355234925241533828e-01
1.795600000000199088e+03,1.354551309833003092e-01
1.795700000000198997e+03,1.353867647043815459e-01
1.795800000000199134e+03,1.353183936890231254e-01
1.795900000000199270e+03,1.352500179388519685e-01
1.796000000000199179e+03,1.351816374550971755e-01
1.796100000000199088e+03,1.349136594136682854e-01
1.796200000000199225e+03,1.346485645061086811e-01
1.796300000000199361e+03,1.343837161949716086e-01
1.796400000000199270e+03,1.341188530982649063e-01
1.796500000000199179e+03,1.338539752203788957e-01
1.796600000000199316e+03,1.335890825657056191e-01
1.796700000000199452e+03,1.333264642966019431e-01
1.796800000000199361e+03,1.330645355397274410e-01
1.796900000000199270e+03,1.328025801252283866e-01
1.797000000000199407e+03,1.325405980558023999e-01
1.797100000000199543e+03,1.320629918292309246e-01
1.797200000000199452e+03,1.315854671752605121e-01
1.797300000000199361e+03,1.311099753587652850e-01
1.797400000000199498e+03,1.306356599994181467e-01
1.797500000000199634e+03,1.301635255928977331e-01
1.797600000000199543e+03,1.296922430777871782e-01
1.797700000000199452e+03,1.292209985989497545e-01
1.797800000000199589e+03,1.287497921617981045e-01
1.797900000000199725e+03,1.282786237717466193e-01
1.798000000000199634e+03,1.278074934338860880e-01
1.798100000000199543e+03,1.271749651886682209e-01
1.798200000000199680e+03,1.265421853129279905e-01
1.798300000000199816e+03,1.259072112314104375e-01
1.798400000000199725e+03,1.252711158246101464e-01
1.798500000000199634e+03,1.246347973212516974e-01
1.798600000000199771e+03,1.239982556904774963e-01
1.798700000000199907e+03,1.233614909014349864e-01
1.798800000000199816e+03,1.227245029232737900e-01
1.798900000000199725e+03,1.220872917251427242e-01
1.799000000000199861e+03,1.214498572758045819e-01
1.799100000000199998e+03,1.206163996465930560e-01
1.799200000000199907e+03,1.197819484114811817e-01
1.799300000000199816e+03,1.189474711942289098e-01
1.799400000000199952e+03,1.181129680023353251e-01
1.799500000000200089e+03,1.172784388433038560e-01
1.799600000000199998e+03,1.164438837246385416e-01
1.799700000000199907e+03,1.156093026538395352e-01
1.799800000000200043e+03,1.147746956384086692e-01
1.799900000000200180e+03,1.139353835599653947e-01
1.800000000000200089e+03,1.130931161515396216e-01
1.800100000000199998e+03,1.120661705710419564e-01
1.800200000000200134e+03,1.110398334404819054e-01
1.800300000000200271e+03,1.100141045346985647e-01
1.800400000000200180e+03,1.089889836285891228e-01
1.800500000000200089e+03,1.079644704971038094e-01
1.800600000000200225e+03,1.069405649152507104e-01
1.800700000000200362e+03,1.059199829041964913e-01
1.800800000000200271e+03,1.049019923293811885e-01
1.800900000000200180e+03,1.038845168813858078e-01
1.801000000000200316e+03,1.028675564069286008e-01
1.801100000000200453e+03,1.017558484646275269e-01
1.801200000000200362e+03,1.006440210449288802e-01
1.801300000000200271e+03,9.953207339961897548e-02
1.801400000000200407e+03,9.842000348486354411e-02
1.801500000000200544e+03,9.730781131079511981e-02
1.801600000000200453e+03,9.619549688754835959e-02
1.801700000000200362e+03,9.508306022525517265e-02
1.801800000000200498e+03,9.397050133404967476e-02
1.801900000000200635e+03,9.285782022407317038e-02
1.802000000000200544e+03,9.174501690526534747e-02
1.802100000000200453e+03,9.053049628436761476e-02
1.802200000000200589e+03,8.931611687490828566e-02
1.802300000000200725e+03,8.810187866887936314e-02
1.802400000000200635e+03,8.688778165827260036e-02
1.802500000000200544e+03,8.567382583507406058e-02
1.802600000000200680e+03,8.446001119126998746e-02
1.802700000000200816e+03,8.324633771885173172e-02
1.802800000000200725e+03,8.203280540981093549e-02
1.802900000000200635e+03,8.081897112773403502e-02
1.803000000000200771e+03,7.960390227383054573e-02
1.803100000000200907e+03,7.833888536914584977e-02
1.803200000000200816e+03,7.707314331271009067e-02
1.803300000000200725e+03,7.580765658307027366e-02
1.803400000000200862e+03,7.454242514941594733e-02
1.803500000000200998e+03,7.327744898094501469e-02
1.803600000000200907e+03,7.201272804685733553e-02
1.803700000000200816e+03,7.074826231634907814e-02
1.803800000000200953e+03,6.948405175861878391e-02
1.803900000000201089e+03,6.821945863128608956e-02
1.804000000000200998e+03,6.695426117413819100e-02
1.804100000000200907e+03,6.575128367262630946e-02
1.804200000000201044e+03,6.454866682116323917e-02
1.804300000000201180e+03,6.334641054943625227e-02
1.804400000000201089e+03,6.214451478714275862e-02
1.804500000000200998e+03,6.094297946398467142e-02
1.804600000000201135e+03,5.974180450967420813e-02
1.804700000000201271e+03,5.854049343541616740e-02
1.804800000000201180e+03,5.733875667987968494e-02
1.804900000000201089e+03,5.613743414374326723e-02
1.805000000000201226e+03,5.493652573897863517e-02
1.805100000000201362e+03,5.578904068159862284e-02
1.805200000000201271e+03,5.664055584458459192e-02
1.805300000000201180e+03,5.749150037185844775e-02
1.805400000000201317e+03,5.834229893870679362e-02
1.805500000000201453e+03,5.919295154766347766e-02
1.805600000000201362e+03,6.004345820126499172e-02
1.805700000000201271e+03,6.089381890205475961e-02
1.805800000000201408e+03,6.174403365257894599e-02
1.805900000000201544e+03,6.259410245538275797e-02
1.806000000000201453e+03,6.344402531306946036e-02
1.806100000000201362e+03,6.432121429617437824e-02
1.806200000000201499e+03,6.519822427225822892e-02
1.806300000000201635e+03,6.607550084291174963e-02
1.806400000000201544e+03,6.695366868617806666e-02
1.806500000000201453e+03,6.783169720620724208e-02
1.806600000000201590e+03,6.870958640755461810e-02
1.806700000000201726e+03,6.958733629477290017e-02
1.806800000000201635e+03,7.046494687241691701e-02
1.806900000000201544e+03,7.134241814504693746e-02
1.807000000000201680e+03,7.221975011723130722e-02
1.807100000000201817e+03,7.310178099015766928e-02
1.807200000000201726e+03,7.398794948831242946e-02
1.807300000000201635e+03,7.487389103634170540e-02
1.807400000000201771e+03,7.575920166843878867e-02
1.807500000000201908e+03,7.664109722981791994e-02
1.807600000000201817e+03,7.752268301171172382e-02
1.807700000000201726e+03,7.840395907648238516e-02
1.807800000000201862e+03,7.928492548648467808e-02
1.807900000000201999e+03,8.016518113766514519e-02
1.808000000000201908e+03,8.104369602425437469e-02
1.808100000000201817e+03,8.192089698348496707e-02
1.808200000000201953e+03,8.279791565966442002e-02
1.808300000000202090e+03,8.367468073635571379e-02
1.808400000000201999e+03,8.455119225101054292e-02
1.808500000000201908e+03,8.542745024108336360e-02
1.808600000000202044e+03,8.630513924291445538e-02
1.808700000000202181e+03,8.718258835440549637e-02
1.808800000000202090e+03,8.805819569298033167e-02
1.808900000000201999e+03,8.893355125348779977e-02
1.809000000000202135e+03,8.980865507568126793e-02
1.809100000000202272e+03,9.066434284411384326e-02
1.809200000000202181e+03,9.151989834148227532e-02
1.809300000000202090e+03,9.237532157009478717e-02
1.809400000000202226e+03,9.323061253226150313e-02
1.809500000000202363e+03,9.408515699687261535e-02
1.809600000000202272e+03,9.493589423799374261e-02
1.809700000000202181e+03,9.578642207690436783e-02
1.809800000000202317e+03,9.663674053382823037e-02
1.809900000000202454e+03,9.748684962898654383e-02
1.810000000000202363e+03,9.833691171435053613e-02
1.810100000000202272e+03,9.916090920388775931e-02
1.810200000000202408e+03,9.998505031528576170e-02
1.810300000000202544e+03,1.008095763822242086e-01
1.810400000000202454e+03,1.016363000486179280e-01
1.810500000000202363e+03,1.024632046079384240e-01
1.810600000000202499e+03,1.032902900349095543e-01
1.810700000000202635e+03,1.041175563042377461e-01
1.810800000000202544e+03,1.049450033906166452e-01
1.810900000000202454e+03,1.057726312687304604e-01
1.811000000000202590e+03,1.066004399130257851e-01
1.811100000000202726e+03,1.073170896958712262e-01
1.811200000000202635e+03,1.080333185762449161e-01
1.811300000000202544e+03,1.087491266956345654e-01
1.811400000000202681e+03,1.094645141954994905e-01
1.811500000000202817e+03,1.101794812172693233e-01
1.811600000000202726e+03,1.108940279023458292e-01
1.811700000000202635e+03,1.116081543921063485e-01
1.811800000000202772e+03,1.123218089135805675e-01
1.811900000000202908e+03,1.130345972007177346e-01
1.812000000000202817e+03,1.137519462519119839e-01
1.812100000000202726e+03,1.144120071556448959e-01
1.812200000000202863e+03,1.150721295382826082e-01
1.812300000000202999e+03,1.157323133850805125e-01
1.812400000000202908e+03,1.163925586812909890e-01
1.812500000000202817e+03,1.170528654121671119e-01
1.812600000000202954e+03,1.177132335629590548e-01
1.812700000000203090e+03,1.183736631189109823e-01
1.812800000000202999e+03,1.190341540652652408e-01
1.812900000000202908e+03,1.196947063872640521e-01
1.813000000000203045e+03,1.203553200699075537e-01
1.813100000000203181e+03,1.209000061443293444e-01
1.813200000000203090e+03,1.214455321225399870e-01
1.813300000000202999e+03,1.219910862985798955e-01
1.813400000000203136e+03,1.225366686634318802e-01
1.813500000000203272e+03,1.230822792080756428e-01
1.813600000000203181e+03,1.236305743426773518e-01
1.813700000000203090e+03,1.241790563810972192e-01
1.813800000000203227e+03,1.247275912976585355e-01
1.813900000000203363e+03,1.252761790863606839e-01
1.814000000000203272e+03,1.258248621676768819e-01
1.814100000000203181e+03,1.262253117327308549e-01
1.814200000000203318e+03,1.266257047586318574e-01
1.814300000000203454e+03,1.270260412437888842e-01
1.814400000000203363e+03,1.274263211866122347e-01
1.814500000000203272e+03,1.278265445855160942e-01
1.814600000000203408e+03,1.282267114389162577e-01
1.814700000000203545e+03,1.286268217452283258e-01
1.814800000000203454e+03,1.290268755028694814e-01
1.814900000000203363e+03,1.294268727102604322e-01
1.815000000000203499e+03,1.298268133655475776e-01
1.815100000000203636e+03,1.300909483190479110e-01
1.815200000000203545e+03,1.303602567782077004e-01
1.815300000000203454e+03,1.306308165756958906e-01
1.815400000000203590e+03,1.309040330870099578e-01
1.815500000000203727e+03,1.311773122908770073e-01
1.815600000000203636e+03,1.314506541938597339e-01
1.815700000000203545e+03,1.317240588025223313e-01
1.815800000000203681e+03,1.319975261234285491e-01
1.815900000000203818e+03,1.322710561631408044e-01
1.816000000000203727e+03,1.325471502083576947e-01
1.816100000000203636e+03,1.326473859622597229e-01
1.816200000000203772e+03,1.327476347034353132e-01
1.816300000000203909e+03,1.328478964314559196e-01
1.816400000000203818e+03,1.329478196394168477e-01
1.816500000000203727e+03,1.330406707227398122e-01
1.816600000000203863e+03,1.331330067923165994e-01
1.816700000000204000e+03,1.332253440559070801e-01
1.816800000000203909e+03,1.333248805051138464e-01
1.816900000000203818e+03,1.334262579038973662e-01
1.817000000000203954e+03,1.335276489936934874e-01
1.817100000000204091e+03,1.334663000065175187e-01
1.817200000000204000e+03,1.334049197979623735e-01
1.817300000000203909e+03,1.333435083620036488e-01
1.817400000000204045e+03,1.332820656926163305e-01
1.817500000000204182e+03,1.332205917837760711e-01
1.817600000000204091e+03,1.331701713933187980e-01
1.817700000000204000e+03,1.331273766678765236e-01
1.817800000000204136e+03,1.330845362710348090e-01
1.817900000000204273e+03,1.330416501800089635e-01
1.818000000000204182e+03,1.329987183715419796e-01
1.818100000000204091e+03,1.327285291889936658e-01
1.818200000000204227e+03,1.324583271662858608e-01
1.818300000000204363e+03,1.321881123238295985e-01
1.818400000000204273e+03,1.319050285458336080e-01
1.818500000000204182e+03,1.316170044232175262e-01
1.818600000000204318e+03,1.313290438722706788e-01
1.818700000000204454e+03,1.310401912400981084e-01
1.818800000000204363e+03,1.307492916930328708e-01
1.818900000000204273e+03,1.304584693816916441e-01
1.819000000000204409e+03,1.301677243053905586e-01
1.819100000000204545e+03,1.297207734260406309e-01
1.819200000000204454e+03,1.292678084426420737e-01
1.819300000000204363e+03,1.288122580720207078e-01
1.819400000000204500e+03,1.283566920554377044e-01
1.819500000000204636e+03,1.279009292401583342e-01
1.819600000000204545e+03,1.274432025464335982e-01
1.819700000000204454e+03,1.269854754721154999e-01
1.819800000000204591e+03,1.265276575989994212e-01
1.819900000000204727e+03,1.260669719520781107e-01
1.820000000000204636e+03,1.256063075167918319e-01
1.820100000000204545e+03,1.249872474643624887e-01
1.820200000000204682e+03,1.243680043696679116e-01
1.820300000000204818e+03,1.237485782252882027e-01
1.820400000000204727e+03,1.231289690238095563e-01
1.820500000000204636e+03,1.225091767578225105e-01
1.820600000000204773e+03,1.218892014199229323e-01
1.820700000000204909e+03,1.212690430027170835e-01
1.820800000000204818e+03,1.206487014988171652e-01
1.820900000000204727e+03,1.200281769008387234e-01
1.821000000000204864e+03,1.194032656522584085e-01
1.821100000000205000e+03,1.185721701643792786e-01
1.821200000000204909e+03,1.177414312912388739e-01
1.821300000000204818e+03,1.169110489363309746e-01
1.821400000000204955e+03,1.160810230031675411e-01
1.821500000000205091e+03,1.152513533952816277e-01
1.821600000000205000e+03,1.144264235736593416e-01
1.821700000000204909e+03,1.136051249406520580e-01
1.821800000000205046e+03,1.127840708520314733e-01
1.821900000000205182e+03,1.119632612685829975e-01
1.822000000000205091e+03,1.111426961508185512e-01
1.822100000000205000e+03,1.101866542803073695e-01
1.822200000000205137e+03,1.092293410345057808e-01
1.822300000000205273e+03,1.082721393160694517e-01
1.822400000000205182e+03,1.073150491248023308e-01
1.822500000000205091e+03,1.063580704605029126e-01
1.822600000000205227e+03,1.054012033229677486e-01
1.822700000000205364e+03,1.044444477119969988e-01
1.822800000000205273e+03,1.034878036273889912e-01
1.822900000000205182e+03,1.025312710689366691e-01
1.823000000000205318e+03,1.015748500361680212e-01
1.823100000000205455e+03,1.004905319432882471e-01
1.823200000000205364e+03,9.940649661638860379e-02
1.823300000000205273e+03,9.832274401499552230e-02
1.823400000000205409e+03,9.723927409863815374e-02
1.823500000000205546e+03,9.615608682685242159e-02
1.823600000000205455e+03,9.507318215917680282e-02
1.823700000000205364e+03,9.399056005514706824e-02
1.823800000000205500e+03,9.290826858375052233e-02
1.823900000000205637e+03,9.182630662485440076e-02
1.824000000000205546e+03,9.074462485376032228e-02
1.824100000000205455e+03,8.959289071327698750e-02
1.824200000000205591e+03,8.844100807985000312e-02
1.824300000000205728e+03,8.728897697012649726e-02
1.824400000000205637e+03,8.613679740075796953e-02
1.824500000000205546e+03,8.498446938839517018e-02
1.824600000000205682e+03,8.383199294969304050e-02
1.824700000000205819e+03,8.267936810131654157e-02
1.824800000000205728e+03,8.152659485993481170e-02
1.824900000000205637e+03,8.037367324221611486e-02
1.825000000000205773e+03,7.922060326471998259e-02
1.825100000000205910e+03,7.801241490967235348e-02
1.825200000000205819e+03,7.680421333091673464e-02
1.825300000000205728e+03,7.559599854602153113e-02
1.825400000000205864e+03,7.438777057255489822e-02
1.825500000000206001e+03,7.318061037107317923e-02
1.825600000000205910e+03,7.197402877737567317e-02
1.825700000000205819e+03,7.076737738914760933e-02
1.825800000000205955e+03,6.956065621770936291e-02
1.825900000000206091e+03,6.835386527438803983e-02
1.826000000000206001e+03,6.714700457045916226e-02
1.826100000000205910e+03,6.591489621650557795e-02
1.826200000000206046e+03,6.468336713995528897e-02
1.826300000000206182e+03,6.345241718413732745e-02
1.826400000000206091e+03,6.222204619240660067e-02
1.826500000000206001e+03,6.099225400813746562e-02
1.826600000000206137e+03,5.976401920352956976e-02
1.826700000000206273e+03,5.853811622026652145e-02
1.826800000000206182e+03,5.731267809252210688e-02
1.826900000000206091e+03,5.608770283539261242e-02
1.827000000000206228e+03,5.486319036695391782e-02
1.827100000000206364e+03,5.549875334420876355e-02
1.827200000000206273e+03,5.613422898904945474e-02
1.827300000000206182e+03,5.676961730594749095e-02
1.827400000000206319e+03,5.740491829937495460e-02
1.827500000000206455e+03,5.804013197380134687e-02
1.827600000000206364e+03,5.867525833369636318e-02
1.827700000000206273e+03,5.931029738353321701e-02
1.827800000000206410e+03,5.994524912778537162e-02
1.827900000000206546e+03,6.058011357092384086e-02
1.828000000000206455e+03,6.121453539903159990e-02
1.828100000000206364e+03,6.206357306606572616e-02
1.828200000000206501e+03,6.291275181842093112e-02
1.828300000000206637e+03,6.376207165716700487e-02
1.828400000000206546e+03,6.461153258337108685e-02
1.828500000000206455e+03,6.546113459810246060e-02
1.828600000000206592e+03,6.631087770242839741e-02
1.828700000000206728e+03,6.716076189741031210e-02
1.828800000000206637e+03,6.801112275663979967e-02
1.828900000000206546e+03,6.886412194411439813e-02
1.829000000000206683e+03,6.971767952461409290e-02
1.829100000000206819e+03,7.058723430568245027e-02
1.829200000000206728e+03,7.145703745686204922e-02
1.829300000000206637e+03,7.232708900991918766e-02
1.829400000000206774e+03,7.319738899662024678e-02
1.829500000000206910e+03,7.406793744872774976e-02
1.829600000000206819e+03,7.493842989466753535e-02
1.829700000000206728e+03,7.580776111150833163e-02
1.829800000000206865e+03,7.667730159086640074e-02
1.829900000000207001e+03,7.754705134856318405e-02
1.830000000000206910e+03,7.841701040036933024e-02
1.830100000000206819e+03,7.926358211907660878e-02
1.830200000000206956e+03,8.010988878655030121e-02
1.830300000000207092e+03,8.095593044353703582e-02
1.830400000000207001e+03,8.180144595099207716e-02
1.830500000000206910e+03,8.264508986228924492e-02
1.830600000000207046e+03,8.348843073584109875e-02
1.830700000000207183e+03,8.433146863032062179e-02
1.830800000000207092e+03,8.517420360439574567e-02
1.830900000000207001e+03,8.601663571673331954e-02
1.831000000000207137e+03,8.685876502597147941e-02
1.831100000000207274e+03,8.768797557404119092e-02
1.831200000000207183e+03,8.851281373506555972e-02
1.831300000000207092e+03,8.934283055496629322e-02
1.831400000000207228e+03,9.017269971667432604e-02
1.831500000000207365e+03,9.100242123092783242e-02
1.831600000000207274e+03,9.183199510846577762e-02
1.831700000000207183e+03,9.266142136003188701e-02
1.831800000000207319e+03,9.349069999637024675e-02
1.831900000000207456e+03,9.431983102822259768e-02
1.832000000000207365e+03,9.514867636943610818e-02
1.832100000000207274e+03,9.595091264513834484e-02
1.832200000000207410e+03,9.675320482563025404e-02
1.832300000000207547e+03,9.755124266704946756e-02
1.832400000000207456e+03,9.834902619117477651e-02
1.832500000000207365e+03,9.914679075711879674e-02
1.832600000000207501e+03,9.994453634245807627e-02
1.832700000000207638e+03,1.007422629247673590e-01
1.832800000000207547e+03,1.015399704816234150e-01
1.832900000000207456e+03,1.023376589906076356e-01
1.833000000000207592e+03,1.031353284291461198e-01
1.833100000000207729e+03,1.038570228827555841e-01
1.833200000000207638e+03,1.045784571894290693e-01
1.833300000000207547e+03,1.052996314003948747e-01
1.833400000000207683e+03,1.060188845491795706e-01
1.833500000000207820e+03,1.067370188714886481e-01
1.833600000000207729e+03,1.074548592766643995e-01
1.833700000000207638e+03,1.081699959129775040e-01
1.833800000000207774e+03,1.088847752367520794e-01
1.833900000000207910e+03,1.095992285272686384e-01
1.834000000000207820e+03,1.103133558721601515e-01
1.834100000000207729e+03,1.109820586862812347e-01
1.834200000000207865e+03,1.116508673288348075e-01
1.834300000000208001e+03,1.123197817595291970e-01
1.834400000000207910e+03,1.129888019380640152e-01
1.834500000000207820e+03,1.136516603141187465e-01
1.834600000000207956e+03,1.143158017842348662e-01
1.834700000000208092e+03,1.149799898294178030e-01
1.834800000000208001e+03,1.156442243974769440e-01
1.834900000000207910e+03,1.163085054362240772e-01
1.835000000000208047e+03,1.169728328931659983e-01
1.835100000000208183e+03,1.174921066645916168e-01
1.835200000000208092e+03,1.180115555795339527e-01
1.835300000000208001e+03,1.185306268229353033e-01
1.835400000000208138e+03,1.190493205623248396e-01
1.835500000000208274e+03,1.195676369651789694e-01
1.835600000000208183e+03,1.200852767275967514e-01
1.835700000000208092e+03,1.206000011532499805e-01
1.835800000000208229e+03,1.211143242836372341e-01
1.835900000000208365e+03,1.216281031175637101e-01
1.836000000000208274e+03,1.221413911338479069e-01
1.836100000000208183e+03,1.225666241562338304e-01
1.836200000000208320e+03,1.229928196688529762e-01
1.836300000000208456e+03,1.234189134643057795e-01
1.836400000000208365e+03,1.238449055477463673e-01
1.836500000000208274e+03,1.242707959243348759e-01
1.836600000000208411e+03,1.246965845992342586e-01
1.836700000000208547e+03,1.251222715776085515e-01
1.836800000000208456e+03,1.255454175986205068e-01
1.836900000000208365e+03,1.259679286403539988e-01
1.837000000000208502e+03,1.263903177967397040e-01
1.837100000000208638e+03,1.266873353948051451e-01
1.837200000000208547e+03,1.269843162572555362e-01
1.837300000000208456e+03,1.272812603740210158e-01
1.837400000000208593e+03,1.275781677350350807e-01
1.837500000000208729e+03,1.278750383302327820e-01
1.837600000000208638e+03,1.281718721495511693e-01
1.837700000000208547e+03,1.284709734836264328e-01
1.837800000000208684e+03,1.287706471910219919e-01
1.837900000000208820e+03,1.290553827680968602e-01
1.838000000000208729e+03,1.293275663256549801e-01
1.838100000000208638e+03,1.294404286211223998e-01
1.838200000000208775e+03,1.295532012675597033e-01
1.838300000000208911e+03,1.296658842893546881e-01
1.838400000000208820e+03,1.297784777108975940e-01
1.838500000000208729e+03,1.298976314595121084e-01
1.838600000000208865e+03,1.300188599843534742e-01
1.838700000000209002e+03,1.301400145970321165e-01
1.838800000000208911e+03,1.302610953047927400e-01
1.838900000000208820e+03,1.303821021148874326e-01
1.839000000000208956e+03,1.305062971608732802e-01
1.839100000000209093e+03,1.304781074317560297e-01
1.839200000000209002e+03,1.304499193957137093e-01
1.839300000000208911e+03,1.304090639489420833e-01
1.839400000000209047e+03,1.303632193405069029e-01
1.839500000000209184e+03,1.303173864553616168e-01
1.839600000000209093e+03,1.302716426932496174e-01
1.839700000000209002e+03,1.302259571646295078e-01
1.839800000000209138e+03,1.301802832674527899e-01
1.839900000000209275e+03,1.301346210001731729e-01
1.840000000000209184e+03,1.300889703608549275e-01
1.840100000000209093e+03,1.298530672656861007e-01
1.840200000000209229e+03,1.296244952046415044e-01
1.840300000000209366e+03,1.293962153366465251e-01
1.840400000000209275e+03,1.291680876108282916e-01
1.840500000000209184e+03,1.289401119561005837e-01
1.840600000000209320e+03,1.287122883014025776e-01
1.840700000000209457e+03,1.284846165756987901e-01
1.840800000000209366e+03,1.282570967079796898e-01
1.840900000000209275e+03,1.280278778955052932e-01
1.841000000000209411e+03,1.277977774558312907e-01
1.841100000000209548e+03,1.273882396727911426e-01
1.841200000000209457e+03,1.269790515774152362e-01
1.841300000000209366e+03,1.265786350544521877e-01
1.841400000000209502e+03,1.261820373241324122e-01
1.841500000000209639e+03,1.257857138100750560e-01
1.841600000000209548e+03,1.253896643822879076e-01
1.841700000000209457e+03,1.249972859854485280e-01
1.841800000000209593e+03,1.246074059387134031e-01
1.841900000000209729e+03,1.242177645410098563e-01
1.842000000000209639e+03,1.238283616929767156e-01
1.842100000000209548e+03,1.232902029894057672e-01
1.842200000000209684e+03,1.227522173572171138e-01
1.842300000000209820e+03,1.222144047671233497e-01
1.842400000000209729e+03,1.216792033129754230e-01
1.842500000000209639e+03,1.211443674254882447e-01
1.842600000000209775e+03,1.206073205830913014e-01
1.842700000000209911e+03,1.200704597344394303e-01
1.842800000000209820e+03,1.195337691133036978e-01
1.842900000000209729e+03,1.189972486934799123e-01
1.843000000000209866e+03,1.184608984484283173e-01
1.843100000000210002e+03,1.177649461142063897e-01
1.843200000000209911e+03,1.170692078915186590e-01
1.843300000000209820e+03,1.163667876086821040e-01
1.843400000000209957e+03,1.156584395167658680e-01
1.843500000000210093e+03,1.149465565684407720e-01
1.843600000000210002e+03,1.142119863799540141e-01
1.843700000000209911e+03,1.134781244990959170e-01
1.843800000000210048e+03,1.127449705005330732e-01
1.843900000000210184e+03,1.120125239591045346e-01
1.844000000000210093e+03,1.112807844495251469e-01
1.844100000000210002e+03,1.104089633852200075e-01
1.844200000000210139e+03,1.095366428073350634e-01
1.844300000000210275e+03,1.086651177000088481e-01
1.844400000000210184e+03,1.077952845315616193e-01
1.844500000000210093e+03,1.069271312897246140e-01
1.844600000000210230e+03,1.060597431932938234e-01
1.844700000000210366e+03,1.051931198633817427e-01
1.844800000000210275e+03,1.043272704767990167e-01
1.844900000000210184e+03,1.034622061144151867e-01
1.845000000000210321e+03,1.025979048701660956e-01
1.845100000000210457e+03,1.016128110257854683e-01
1.845200000000210366e+03,1.006285294555129411e-01
1.845300000000210275e+03,9.964505981180148131e-02
1.845400000000210412e+03,9.866240174714979716e-02
1.845500000000210548e+03,9.768055491410587710e-02
1.845600000000210457e+03,9.669951896526308988e-02
1.845700000000210366e+03,9.572017935114193743e-02
1.845800000000210503e+03,9.474421056927070928e-02
1.845900000000210639e+03,9.376990645255232903e-02
1.846000000000210548e+03,9.279632218608181715e-02
1.846100000000210457e+03,9.170145339438359744e-02
1.846200000000210593e+03,9.060793229195165943e-02
1.846300000000210730e+03,8.951575778059707444e-02
1.846400000000210639e+03,8.842492876280012848e-02
1.846500000000210548e+03,8.734350000252705248e-02
1.846600000000210684e+03,8.627677762516738902e-02
1.846700000000210821e+03,8.521086231712625414e-02
1.846800000000210730e+03,8.414575371991625530e-02
1.846900000000210639e+03,8.309099365058911224e-02
1.847000000000210775e+03,8.205848578316604636e-02
1.847100000000210912e+03,8.096577159771178867e-02
1.847200000000210821e+03,7.987288537212476613e-02
1.847300000000210730e+03,7.878929371308193708e-02
1.847400000000210866e+03,7.772412355858589195e-02
1.847500000000211003e+03,7.665799453593068191e-02
1.847600000000210912e+03,7.559090618201132206e-02
1.847700000000210821e+03,7.452285803360313154e-02
1.847800000000210957e+03,7.345384962736721535e-02
1.847900000000211094e+03,7.238388049985446104e-02
1.848000000000211003e+03,7.131306452190364076e-02
1.848100000000210912e+03,7.022762559827736006e-02
1.848200000000211048e+03,6.914061615572683617e-02
1.848300000000211185e+03,6.805203473153287330e-02
1.848400000000211094e+03,6.696187986193949393e-02
1.848500000000211003e+03,6.587015008214842926e-02
1.848600000000211139e+03,6.477684392632326871e-02
1.848700000000211276e+03,6.368195992759417834e-02
1.848800000000211185e+03,6.258549661805222486e-02
1.848900000000211094e+03,6.148674557792620232e-02
1.849000000000211230e+03,6.038439906014370778e-02
1.849100000000211367e+03,5.974149563700434373e-02
1.849200000000211276e+03,5.909154941125913801e-02
1.849300000000211185e+03,5.843878708927621041e-02
1.849400000000211321e+03,5.778539542864712802e-02
1.849500000000211458e+03,5.713137405938741725e-02
1.849600000000211367e+03,5.647672261135786020e-02
1.849700000000211276e+03,5.582144071426110160e-02
1.849800000000211412e+03,5.516552799764500720e-02
1.849900000000211548e+03,5.450898409090530056e-02
1.850000000000211458e+03,5.385180862635765425e-02
1.850100000000211367e+03,5.464881493844710170e-02
1.850200000000211503e+03,5.544639680624471878e-02
1.850300000000211639e+03,5.624270978602381038e-02
1.850400000000211548e+03,5.703736736389864587e-02
1.850500000000211458e+03,5.783110155352370885e-02
1.850600000000211594e+03,5.861872018760974634e-02
1.850700000000211730e+03,5.940658872932735174e-02
1.850800000000211639e+03,6.019470720343631648e-02
1.850900000000211548e+03,6.098307563469480830e-02
1.851000000000211685e+03,6.177169404792776791e-02
1.851100000000211821e+03,6.259473644438387496e-02
1.851200000000211730e+03,6.341833240828578799e-02
1.851300000000211639e+03,6.424107807972900819e-02
1.851400000000211776e+03,6.505575928346145342e-02
1.851500000000211912e+03,6.587201921038275676e-02
1.851600000000211821e+03,6.668861355706592886e-02
1.851700000000211730e+03,6.750554240333535294e-02
1.851800000000211867e+03,6.832280582902636179e-02
1.851900000000212003e+03,6.914040391398178220e-02
1.852000000000211912e+03,6.995833673804770225e-02
1.852100000000211821e+03,7.077273787089269352e-02
1.852200000000211958e+03,7.158716844812693103e-02
1.852300000000212094e+03,7.240162846045912481e-02
1.852400000000212003e+03,7.321611789859726327e-02
1.852500000000211912e+03,7.403063675325224913e-02
1.852600000000212049e+03,7.484678171489120291e-02
1.852700000000212185e+03,7.566316761736201213e-02
1.852800000000212094e+03,7.647962150112472268e-02
1.852900000000212003e+03,7.729593010363117189e-02
1.853000000000212140e+03,7.810899021767046813e-02
1.853100000000212276e+03,7.891145203965055366e-02
1.853200000000212185e+03,7.971380008730433175e-02
1.853300000000212094e+03,8.051603435216873883e-02
1.853400000000212231e+03,8.131815482578413912e-02
1.853500000000212367e+03,8.212016149969071643e-02
1.853600000000212276e+03,8.292205436543241548e-02
1.853700000000212185e+03,8.373749712416327096e-02
1.853800000000212322e+03,8.456703121112318922e-02
1.853900000000212458e+03,8.539698438736079145e-02
1.854000000000212367e+03,8.622735672692508069e-02
1.854100000000212276e+03,8.704406116548145389e-02
1.854200000000212412e+03,8.786131287202739171e-02
1.854300000000212549e+03,8.867920810420121258e-02
1.854400000000212458e+03,8.949771679389968704e-02
1.854500000000212367e+03,9.031677631292625574e-02
1.854600000000212503e+03,9.111006946742510049e-02
1.854700000000212640e+03,9.190301234350981008e-02
1.854800000000212549e+03,9.269528447718836106e-02
1.854900000000212458e+03,9.348616257170797028e-02
1.855000000000212594e+03,9.427707920340133718e-02
1.855100000000212731e+03,9.503109587981253825e-02
1.855200000000212640e+03,9.578518836053047381e-02
1.855300000000212549e+03,9.653935654692510915e-02
1.855400000000212685e+03,9.730399175963108660e-02
1.855500000000212822e+03,9.806947173057757594e-02
1.855600000000212731e+03,9.883520031470925671e-02
1.855700000000212640e+03,9.960117750141751769e-02
1.855800000000212776e+03,1.003674032800693089e-01
1.855900000000212913e+03,1.011337334846286184e-01
1.856000000000212822e+03,1.018980487861612938e-01
1.856100000000212731e+03,1.026164220275962435e-01
1.856200000000212867e+03,1.033351350688627018e-01
1.856300000000213004e+03,1.040541184094259941e-01
1.856400000000212913e+03,1.047734550969808137e-01
1.856500000000212822e+03,1.054931451989143260e-01
1.856600000000212958e+03,1.062131887826001375e-01
1.856700000000213095e+03,1.069335859153947438e-01
1.856800000000213004e+03,1.076543366646407207e-01
1.856900000000212913e+03,1.083754410976703886e-01
1.857000000000213049e+03,1.090968992816366417e-01
1.857100000000213186e+03,1.097086741827328210e-01
1.857200000000213095e+03,1.103112154937325451e-01
1.857300000000213004e+03,1.109135843786125675e-01
1.857400000000213140e+03,1.115157808398052480e-01
1.857500000000213277e+03,1.121178048797500104e-01
1.857600000000213186e+03,1.127196565008962564e-01
1.857700000000213095e+03,1.133213357057057252e-01
1.857800000000213231e+03,1.139356691001073979e-01
1.857900000000213367e+03,1.145526168957012036e-01
1.858000000000213277e+03,1.151695582964706449e-01
1.858100000000213186e+03,1.156705810184919109e-01
1.858200000000213322e+03,1.161714092088160233e-01
1.858300000000213458e+03,1.166720429033347856e-01
1.858400000000213367e+03,1.171724821379395154e-01
1.858500000000213277e+03,1.176727269485228905e-01
1.858600000000213413e+03,1.181875775177578108e-01
1.858700000000213549e+03,1.187062878655630316e-01
1.858800000000213458e+03,1.192249641061637194e-01
1.858900000000213367e+03,1.197436062083106351e-01
1.859000000000213504e+03,1.202622141405596951e-01
1.859100000000213640e+03,1.206877594354120731e-01
1.859200000000213549e+03,1.211134071411757579e-01
1.859300000000213458e+03,1.215397871955125747e-01
1.859400000000213595e+03,1.219685233474825103e-01
1.859500000000213731e+03,1.223973823407888961e-01
1.859600000000213640e+03,1.228263641809390350e-01
1.859700000000213549e+03,1.232554688734359555e-01
1.859800000000213686e+03,1.236846964237760249e-01
1.859900000000213822e+03,1.241140468374473255e-01
1.860000000000213731e+03,1.245435201196718467e-01
1.860100000000213640e+03,1.248513849165643064e-01
1.860200000000213777e+03,1.251613826376898331e-01
1.860300000000213913e+03,1.254723154435716526e-01
1.860400000000213822e+03,1.257833759006785623e-01
1.860500000000213731e+03,1.261113567145949743e-01
1.860600000000213868e+03,1.264406430974660822e-01
1.860700000000214004e+03,1.267701486751296458e-01
1.860800000000213913e+03,1.270998735463231555e-01
1.860900000000213822e+03,1.274298178098190737e-01
1.861000000000213959e+03,1.277463420880896317e-01
1.861100000000214095e+03,1.278953450120424717e-01
1.861200000000214004e+03,1.280443629045084630e-01
1.861300000000213913e+03,1.281933957647525268e-01
1.861400000000214050e+03,1.283424435920394180e-01
1.861500000000214186e+03,1.284915063856326978e-01
1.861600000000214095e+03,1.286586279756112561e-01
1.861700000000214004e+03,1.288351668876585032e-01
1.861800000000214141e+03,1.290080774247787943e-01
1.861900000000214277e+03,1.291789395712611421e-01
1.862000000000214186e+03,1.293498679890527914e-01
1.862100000000214095e+03,1.293814202106064182e-01
1.862200000000214231e+03,1.294131782843727096e-01
1.862300000000214368e+03,1.294449401578546266e-01
1.862400000000214277e+03,1.294767058302852270e-01
1.862500000000214186e+03,1.295084753008972633e-01
1.862600000000214322e+03,1.295332486916718484e-01
1.862700000000214459e+03,1.295544750936621359e-01
1.862800000000214368e+03,1.295776015852820873e-01
1.862900000000214277e+03,1.296007271716094478e-01
1.863000000000214413e+03,1.296237294832352505e-01
1.863100000000214550e+03,1.294500321809363974e-01
1.863200000000214459e+03,1.292763356925168694e-01
1.863300000000214368e+03,1.291026400404036434e-01
1.863400000000214504e+03,1.289322050590877289e-01
1.863500000000214641e+03,1.287643258299077664e-01
1.863600000000214550e+03,1.285964522244902875e-01
1.863700000000214459e+03,1.284286668440032531e-01
1.863800000000214595e+03,1.282605700979443930e-01
1.863900000000214732e+03,1.280897351357026814e-01
1.864000000000214641e+03,1.279188942362229076e-01
1.864100000000214550e+03,1.276189088788290682e-01
1.864200000000214686e+03,1.273217386914723137e-01
1.864300000000214823e+03,1.270271227547430937e-01
1.864400000000214732e+03,1.267322975332201285e-01
1.864500000000214641e+03,1.264372629465976283e-01
1.864600000000214777e+03,1.261420189145526227e-01
1.864700000000214914e+03,1.258465653567456821e-01
1.864800000000214823e+03,1.255509021928194469e-01
1.864900000000214732e+03,1.252550293423977390e-01
1.865000000000214868e+03,1.249657574498888174e-01
1.865100000000215005e+03,1.245222094897430465e-01
1.865200000000214914e+03,1.240782358651843775e-01
1.865300000000214823e+03,1.236338363259007755e-01
1.865400000000214959e+03,1.231890106214733327e-01
1.865500000000215095e+03,1.227438369918076727e-01
1.865600000000215005e+03,1.222982755801340776e-01
1.865700000000214914e+03,1.218522863927203603e-01
1.865800000000215050e+03,1.214168243347044929e-01
1.865900000000215186e+03,1.209945377820407508e-01
1.866000000000215095e+03,1.205716425804659320e-01
1.866100000000215005e+03,1.199719103362122674e-01
1.866200000000215141e+03,1.193676656133527275e-01
1.866300000000215277e+03,1.187628472800662249e-01
1.866400000000215186e+03,1.181574550246571459e-01
1.866500000000215095e+03,1.175514885353197980e-01
1.866600000000215232e+03,1.169460171570823187e-01
1.866700000000215368e+03,1.163415218562489084e-01
1.866800000000215277e+03,1.157364234730690611e-01
1.866900000000215186e+03,1.151307216639003289e-01
1.867000000000215323e+03,1.145244160846586451e-01
1.867100000000215459e+03,1.137700379162184111e-01
1.867200000000215368e+03,1.130135968500932259e-01
1.867300000000215277e+03,1.122525548794806038e-01
1.867400000000215414e+03,1.114908891629445148e-01
1.867500000000215550e+03,1.107285994303039839e-01
1.867600000000215459e+03,1.099656854113207488e-01
1.867700000000215368e+03,1.092021468356958458e-01
1.867800000000215505e+03,1.084379834330727460e-01
1.867900000000215641e+03,1.076731949330417271e-01
1.868000000000215550e+03,1.069077810649347871e-01
1.868100000000215459e+03,1.060485764417759269e-01
1.868200000000215596e+03,1.051888809708088068e-01
1.868300000000215732e+03,1.043294830318107769e-01
1.868400000000215641e+03,1.034497577135679580e-01
1.868500000000215550e+03,1.025685953452425275e-01
1.868600000000215687e+03,1.016864492745697401e-01
1.868700000000215823e+03,1.008033188805251557e-01
1.868800000000215732e+03,9.991920354185272746e-02
1.868900000000215641e+03,9.903410263706127759e-02
1.869000000000215778e+03,9.814865511833337219e-02
1.869100000000215914e+03,9.712246821772829719e-02
1.869200000000215823e+03,9.609595065611652165e-02
1.869300000000215732e+03,9.506910252898127800e-02
1.869400000000215869e+03,9.404192393185906163e-02
1.869500000000216005e+03,9.300984199844793132e-02
1.869600000000215914e+03,9.197556075706361800e-02
1.869700000000215823e+03,9.094109448777004667e-02
1.869800000000215960e+03,8.990593609392742713e-02
1.869900000000216096e+03,8.886910715720623688e-02
1.870000000000216005e+03,8.783214075453517344e-02
1.870100000000215914e+03,8.672669263310647803e-02
1.870200000000216050e+03,8.562098232545183041e-02
1.870300000000216187e+03,8.451500994975558179e-02
1.870400000000216096e+03,8.340877562423656966e-02
1.870500000000216005e+03,8.230227946714363529e-02
1.870600000000216141e+03,8.118653034231333721e-02
1.870700000000216278e+03,8.004510338278614245e-02
1.870800000000216187e+03,7.890438652109162121e-02
1.870900000000216096e+03,7.776437949975689712e-02
1.871000000000216232e+03,7.662508206128686161e-02
1.871100000000216369e+03,7.544968015497037495e-02
1.871200000000216278e+03,7.427493426328954373e-02
1.871300000000216187e+03,7.310084418512380333e-02
1.871400000000216323e+03,7.192684830236761861e-02
1.871500000000216460e+03,7.075089783157546830e-02
1.871600000000216369e+03,6.957570803866044984e-02
1.871700000000216278e+03,6.839974523133124373e-02
1.871800000000216414e+03,6.721501451670293392e-02
1.871900000000216551e+03,6.603142995868656329e-02
1.872000000000216460e+03,6.484899091511404923e-02
1.872100000000216369e+03,6.368123414104356894e-02
1.872200000000216505e+03,6.251344313964876664e-02
1.872300000000216642e+03,6.134063792909354162e-02
1.872400000000216551e+03,6.016900887418867583e-02
1.872500000000216460e+03,5.899855530814613475e-02
1.872600000000216596e+03,5.782927656439019320e-02
1.872700000000216733e+03,5.666117197656270893e-02
1.872800000000216642e+03,5.549424087851801551e-02
1.872900000000216551e+03,5.433177355730351571e-02
1.873000000000216687e+03,5.316984376025611636e-02
1.873100000000216824e+03,5.388727226565905720e-02
1.873200000000216733e+03,5.460340521320408008e-02
1.873300000000216642e+03,5.531824410879041670e-02
1.873400000000216778e+03,5.603179045698313682e-02
1.873500000000216914e+03,5.674404576101084452e-02
1.873600000000216824e+03,5.745501152277000118e-02
1.873700000000216733e+03,5.816468924282903324e-02
1.873800000000216869e+03,5.887292701354783497e-02
1.873900000000217005e+03,5.957734864141118331e-02
1.874000000000216914e+03,6.028214164935203484e-02
1.874100000000216824e+03,6.102884501295210984e-02
1.874200000000216960e+03,6.177464061844021442e-02
1.874300000000217096e+03,6.251952906906568797e-02
1.874400000000217005e+03,6.326351096786955730e-02
1.874500000000216914e+03,6.400658691768738862e-02
1.874600000000217051e+03,6.474858862123028524e-02
1.874700000000217187e+03,6.548099686268332720e-02
1.874800000000217096e+03,6.621229912378061300e-02
1.874900000000217005e+03,6.694249631860262062e-02
1.875000000000217142e+03,6.767158936084835541e-02
1.875100000000217278e+03,6.841715740207196528e-02
1.875200000000217187e+03,6.916286154128352404e-02
1.875300000000217096e+03,6.990757414911562273e-02
1.875400000000217233e+03,7.065129587585138038e-02
1.875500000000217369e+03,7.139560776918178753e-02
1.875600000000217278e+03,7.213899493988502887e-02
1.875700000000217187e+03,7.288142722952029029e-02
1.875800000000217324e+03,7.362290524009269810e-02
1.875900000000217460e+03,7.436342957348686389e-02
1.876000000000217369e+03,7.510300083139624661e-02
1.876100000000217278e+03,7.580711281729657358e-02
1.876200000000217415e+03,7.650975814381634488e-02
1.876300000000217551e+03,7.722803725914594020e-02
1.876400000000217460e+03,7.794555365376172607e-02
1.876500000000217369e+03,7.866180837234634793e-02
1.876600000000217506e+03,7.937680281886530520e-02
1.876700000000217642e+03,8.009053839610122405e-02
1.876800000000217551e+03,8.080301650565767380e-02
1.876900000000217460e+03,8.151423854796349677e-02
1.877000000000217597e+03,8.222420592230030023e-02
1.877100000000217733e+03,8.295235033825514026e-02
1.877200000000217642e+03,8.368040657825535911e-02
1.877300000000217551e+03,8.440783660778941599e-02
1.877400000000217688e+03,8.515241256266789516e-02
1.877500000000217824e+03,8.590315589437651222e-02
1.877600000000217733e+03,8.665369333246347727e-02
1.877700000000217642e+03,8.740402480402073571e-02
1.877800000000217779e+03,8.815415023617025059e-02
1.877900000000217915e+03,8.892845226061088515e-02
1.878000000000217824e+03,8.970681000737948385e-02
1.878100000000217733e+03,9.045002176500044344e-02
1.878200000000217869e+03,9.119342162666263518e-02
1.878300000000218006e+03,9.193700960440832903e-02
1.878400000000217915e+03,9.268078571027607571e-02
1.878500000000217824e+03,9.343680046132024630e-02
1.878600000000217960e+03,9.420780314279832146e-02
1.878700000000218097e+03,9.498475186535174086e-02
1.878800000000218006e+03,9.576353110331377316e-02
1.878900000000217915e+03,9.654302994290052398e-02
1.879000000000218051e+03,9.732324875065948011e-02
1.879100000000218188e+03,9.803508118747865374e-02
1.879200000000218097e+03,9.874726171703647470e-02
1.879300000000218006e+03,9.945979030635740403e-02
1.879400000000218142e+03,1.001726669223863692e-01
1.879500000000218279e+03,1.008894906646391892e-01
1.879600000000218188e+03,1.016089464038763129e-01
1.879700000000218097e+03,1.023348564647285353e-01
1.879800000000218233e+03,1.030612798675530489e-01
1.879900000000218370e+03,1.037882166788780258e-01
1.880000000000218279e+03,1.045156669650975229e-01
1.880100000000218188e+03,1.052310336345884806e-01
1.880200000000218324e+03,1.059475380088268220e-01
1.880300000000218461e+03,1.066669204686035433e-01
1.880400000000218370e+03,1.073880441503020367e-01
1.880500000000218279e+03,1.081103402717573936e-01
1.880600000000218415e+03,1.088338101099349808e-01
1.880700000000218552e+03,1.095584549428313126e-01
1.880800000000218461e+03,1.102842760494776309e-01
1.880900000000218370e+03,1.110112747099431946e-01
1.881000000000218506e+03,1.117394522051005229e-01
1.881100000000218643e+03,1.123658696134774287e-01
1.881200000000218552e+03,1.129945644827849288e-01
1.881300000000218461e+03,1.136240739044083181e-01
1.881400000000218597e+03,1.142543985490101222e-01
1.881500000000218733e+03,1.148855390876315635e-01
1.881600000000218643e+03,1.155174961916953930e-01
1.881700000000218552e+03,1.161502705330100804e-01
1.881800000000218688e+03,1.167838627837657628e-01
1.881900000000218824e+03,1.174273781453609028e-01
1.882000000000218733e+03,1.180757912412010030e-01
1.882100000000218643e+03,1.186055406816124702e-01
1.882200000000218779e+03,1.191358098539923027e-01
1.882300000000218915e+03,1.196666900858100596e-01
1.882400000000218824e+03,1.201981817843658651e-01
1.882500000000218733e+03,1.207302853570943330e-01
1.882600000000218870e+03,1.212630012115618466e-01
1.882700000000219006e+03,1.218067918024229035e-01
1.882800000000218915e+03,1.223573663066484934e-01
1.882900000000218824e+03,1.229086973234569391e-01
1.883000000000218961e+03,1.234569224510403684e-01
1.883100000000219097e+03,1.238997511661571876e-01
1.883200000000219006e+03,1.243432005881979080e-01
1.883300000000218915e+03,1.247872713073858719e-01
1.883400000000219052e+03,1.252319639143475993e-01
1.883500000000219188e+03,1.256688416561065613e-01
1.883600000000219097e+03,1.261005199557821421e-01
1.883700000000219006e+03,1.265327264788425332e-01
1.883800000000219143e+03,1.269654616601564590e-01
1.883900000000219279e+03,1.273987259348468570e-01
1.884000000000219188e+03,1.278325197380409672e-01
1.884100000000219097e+03,1.281517069252838537e-01
1.884200000000219234e+03,1.284684581309346041e-01
1.884300000000219370e+03,1.287856178119993200e-01
1.884400000000219279e+03,1.291031863564456594e-01
1.884500000000219188e+03,1.294211641525319367e-01
1.884600000000219325e+03,1.297395515888039585e-01
1.884700000000219461e+03,1.300583490540955789e-01
1.884800000000219370e+03,1.303775569375291987e-01
1.884900000000219279e+03,1.306971756285175978e-01
1.885000000000219416e+03,1.310172055164269544e-01
1.885100000000219552e+03,1.311843152365642362e-01
1.885200000000219461e+03,1.313515852577834542e-01
1.885300000000219370e+03,1.315166347286115534e-01
1.885400000000219507e+03,1.316811357808536642e-01
1.885500000000219643e+03,1.318457903531835285e-01
1.885600000000219552e+03,1.320105985576200125e-01
1.885700000000219461e+03,1.321755605062457373e-01
1.885800000000219597e+03,1.323406763112068563e-01
1.885900000000219734e+03,1.325030878334872431e-01
1.886000000000219643e+03,1.326625359179806618e-01
1.886100000000219552e+03,1.326230160721548479e-01
1.886200000000219688e+03,1.325834506103412691e-01
1.886300000000219825e+03,1.325438395285885584e-01
1.886400000000219734e+03,1.325011303264335139e-01
1.886500000000219643e+03,1.324552253415342828e-01
1.886600000000219779e+03,1.324092799010353483e-01
1.886700000000219916e+03,1.323619824010967005e-01
1.886800000000219825e+03,1.323129805549384530e-01
1.886900000000219734e+03,1.322639409523601872e-01
1.887000000000219870e+03,1.322148635958280971e-01
1.887100000000220007e+03,1.320944488413470230e-01
1.887200000000219916e+03,1.319737112117603528e-01
1.887300000000219825e+03,1.318526502898897390e-01
1.887400000000219961e+03,1.317312656581654529e-01
1.887500000000220098e+03,1.316036951054970761e-01
1.887600000000220007e+03,1.314539836073561063e-01
1.887700000000219916e+03,1.313040073083200920e-01
1.887800000000220052e+03,1.311537659671323242e-01
1.887900000000220189e+03,1.310032593423833269e-01
1.888000000000220098e+03,1.308524871920700994e-01
1.888100000000220007e+03,1.305013741547307593e-01
1.888200000000220143e+03,1.301499822572292353e-01
1.888300000000220280e+03,1.297961926819501399e-01
1.888400000000220189e+03,1.294384339840284615e-01
1.888500000000220098e+03,1.290804289139942107e-01
1.888600000000220234e+03,1.287221773741965836e-01
1.888700000000220371e+03,1.283552904269527339e-01
1.888800000000220280e+03,1.279875862228668504e-01
1.888900000000220189e+03,1.276196863557291228e-01
1.889000000000220325e+03,1.272515907734126095e-01
1.889100000000220462e+03,1.267048349646136551e-01
1.889200000000220371e+03,1.261560681765837577e-01
1.889300000000220280e+03,1.256072195272296133e-01
1.889400000000220416e+03,1.250582890450008533e-01
1.889500000000220552e+03,1.245093007268922025e-01
1.889600000000220462e+03,1.239603245092020661e-01
1.889700000000220371e+03,1.234112654989694413e-01
1.889800000000220507e+03,1.228677367794697717e-01
1.889900000000220643e+03,1.223215749175745326e-01
1.890000000000220552e+03,1.217616517848130048e-01
1.890100000000220462e+03,1.210834213733597425e-01
1.890200000000220598e+03,1.204048577186140473e-01
1.890300000000220734e+03,1.197259607162943218e-01
1.890400000000220643e+03,1.190467302620946966e-01
1.890500000000220552e+03,1.183671662516821571e-01
1.890600000000220689e+03,1.176872685806998886e-01
1.890700000000220825e+03,1.170076870654378487e-01
1.890800000000220734e+03,1.163297276916136908e-01
1.890900000000220643e+03,1.156504012588837060e-01
1.891000000000220780e+03,1.149690291139419535e-01
1.891100000000220916e+03,1.141188657244741333e-01
1.891200000000220825e+03,1.132687829545836189e-01
1.891300000000220734e+03,1.124187808344168232e-01
1.891400000000220871e+03,1.115688593941172452e-01
1.891500000000221007e+03,1.107184996092814983e-01
1.891600000000220916e+03,1.098662792760983081e-01
1.891700000000220825e+03,1.090141779750583434e-01
1.891800000000220962e+03,1.081621957274239015e-01
1.891900000000221098e+03,1.073103325544566139e-01
1.892000000000221007e+03,1.064583637627733309e-01
1.892100000000220916e+03,1.054900340113144458e-01
1.892200000000221053e+03,1.045218465763795151e-01
1.892300000000221189e+03,1.035538014684148772e-01
1.892400000000221098e+03,1.025858986978622628e-01
1.892500000000221007e+03,1.016181382751555062e-01
1.892600000000221144e+03,1.006505202107246671e-01
1.892700000000221280e+03,9.968304451500049901e-02
1.892800000000221189e+03,9.871571119841021646e-02
1.892900000000221098e+03,9.774852027137208299e-02
1.893000000000221235e+03,9.678147174416615317e-02
1.893100000000221371e+03,9.575307834162422038e-02
1.893200000000221280e+03,9.472417178942998950e-02
1.893300000000221189e+03,9.369475193428561388e-02
1.893400000000221326e+03,9.266481862286260474e-02
1.893500000000221462e+03,9.163437170180631364e-02
1.893600000000221371e+03,9.060341101773175532e-02
1.893700000000221280e+03,8.957193641721834798e-02
1.893800000000221416e+03,8.853994774681520075e-02
1.893900000000221553e+03,8.750726188904724145e-02
1.894000000000221462e+03,8.647230785729598246e-02
1.894100000000221371e+03,8.535638200062672931e-02
1.894200000000221507e+03,8.424039617282165493e-02
1.894300000000221644e+03,8.312332281063447570e-02
1.894400000000221553e+03,8.200531805069237457e-02
1.894500000000221462e+03,8.088730544326608318e-02
1.894600000000221598e+03,7.976928499978237774e-02
1.894700000000221735e+03,7.865106394299961612e-02
1.894800000000221644e+03,7.752955392113072830e-02
1.894900000000221553e+03,7.640813651997745148e-02
1.895000000000221689e+03,7.528681174519664954e-02
1.895100000000221826e+03,7.413561302457019608e-02
1.895200000000221735e+03,7.298448655151489051e-02
1.895300000000221644e+03,7.183343233563678487e-02
1.895400000000221780e+03,7.068203819140403410e-02
1.895500000000221917e+03,6.952953377446834116e-02
1.895600000000221826e+03,6.837866321394850400e-02
1.895700000000221735e+03,6.722786715604504859e-02
1.895800000000221871e+03,6.607714561144982512e-02
1.895900000000222008e+03,6.492649859085801445e-02
1.896000000000221917e+03,6.377592610572269116e-02
1.896100000000221826e+03,6.296775029340283270e-02
1.896200000000221962e+03,6.215946186614478702e-02
1.896300000000222099e+03,6.135106082397465133e-02
1.896400000000222008e+03,6.054254716691995913e-02
1.896500000000221917e+03,5.973392089500618313e-02
1.896600000000222053e+03,5.892117437968304172e-02
1.896700000000222190e+03,5.810829879672739506e-02
1.896800000000222099e+03,5.729542422924075590e-02
1.896900000000222008e+03,5.648255069831772945e-02
1.897000000000222144e+03,5.566967822858141096e-02
1.897100000000222281e+03,5.644496959185182211e-02
1.897200000000222190e+03,5.722054342873686417e-02
1.897300000000222099e+03,5.799639975029751565e-02
1.897400000000222235e+03,5.877253856757571476e-02
1.897500000000222371e+03,5.954895989159023767e-02
1.897600000000222281e+03,6.032566373334075777e-02
1.897700000000222190e+03,6.110068018112208010e-02
1.897800000000222326e+03,6.187502702837439916e-02
1.897900000000222462e+03,6.264958347526772275e-02
1.898000000000222371e+03,6.342306912034902100e-02
1.898100000000222281e+03,6.420375755765567183e-02
1.898200000000222417e+03,6.498424370492167368e-02
1.898300000000222553e+03,6.576452757408619842e-02
1.898400000000222462e+03,6.654460917709251189e-02
1.898500000000222371e+03,6.732448852589202615e-02
1.898600000000222508e+03,6.810416563244035826e-02
1.898700000000222644e+03,6.888364050869377753e-02
1.898800000000222553e+03,6.965756953869801926e-02
1.898900000000222462e+03,7.042510191443696055e-02
1.899000000000222599e+03,7.119217857539120176e-02
1.899100000000222735e+03,7.195794368349404946e-02
1.899200000000222644e+03,7.272298739505561604e-02
1.899300000000222553e+03,7.348731010819482823e-02
1.899400000000222690e+03,7.425091222088962828e-02
1.899500000000222826e+03,7.501379413097419846e-02
1.899600000000222735e+03,7.577455737086588594e-02
1.899700000000222644e+03,7.653426950927311179e-02
1.899800000000222781e+03,7.729322850362051189e-02
1.899900000000222917e+03,7.805096615466293464e-02
1.900000000000222826e+03,7.880471938780177210e-02
1.900100000000222735e+03,7.956755225631245709e-02
1.900200000000222872e+03,8.032978393371681403e-02
1.900300000000223008e+03,8.109141465896504974e-02
1.900400000000222917e+03,8.185244467096784715e-02
1.900500000000222826e+03,8.261287420859986241e-02
1.900600000000222963e+03,8.337272093503299286e-02
1.900700000000223099e+03,8.413203044800481034e-02
1.900800000000223008e+03,8.489074164644726250e-02
1.900900000000222917e+03,8.564885476736454339e-02
1.901000000000223054e+03,8.640637004772235008e-02
1.901100000000223190e+03,8.716519240213736752e-02
1.901200000000223099e+03,8.792553404264077943e-02
1.901300000000223008e+03,8.868618931275570882e-02
1.901400000000223145e+03,8.944660236994576852e-02
1.901500000000223281e+03,9.020677315783662276e-02
1.901600000000223190e+03,9.096670162009212746e-02
1.901700000000223099e+03,9.172638770041741108e-02
1.901800000000223235e+03,9.248583134255554394e-02
1.901900000000223372e+03,9.324503249028409657e-02
1.902000000000223281e+03,9.400697522470155554e-02
1.902100000000223190e+03,9.470399747752838993e-02
1.902200000000223326e+03,9.540031956402347801e-02
1.902300000000223463e+03,9.609594188108487589e-02
1.902400000000223372e+03,9.679086482547652470e-02
1.902500000000223281e+03,9.748508879383119274e-02
1.902600000000223417e+03,9.817861418264739459e-02
1.902700000000223554e+03,9.887144138828604656e-02
1.902800000000223463e+03,9.956357080697419981e-02
1.902900000000223372e+03,1.002550028348075800e-01
1.903000000000223508e+03,1.009457378677090789e-01
1.903100000000223645e+03,1.016187122260222286e-01
1.903200000000223554e+03,1.022914152946929750e-01
1.903300000000223463e+03,1.029631512968607748e-01
1.903400000000223599e+03,1.036328675052410470e-01
1.903500000000223736e+03,1.043022802739588251e-01
1.903600000000223645e+03,1.049713896068615038e-01
1.903700000000223554e+03,1.056401955078290489e-01
1.903800000000223690e+03,1.063086979807714300e-01
1.903900000000223827e+03,1.069768970296252203e-01
1.904000000000223736e+03,1.076447926582387304e-01
1.904100000000223645e+03,1.082597857692081528e-01
1.904200000000223781e+03,1.088746080154409379e-01
1.904300000000223918e+03,1.094892358467433879e-01
1.904400000000223827e+03,1.101035937127324421e-01
1.904500000000223736e+03,1.107151870383213249e-01
1.904600000000223872e+03,1.113265785413362352e-01
1.904700000000224009e+03,1.119377681584891038e-01
1.904800000000223918e+03,1.125487558265251264e-01
1.904900000000223827e+03,1.131595414822256923e-01
1.905000000000223963e+03,1.137701250621583476e-01
1.905100000000224099e+03,1.142696058960818578e-01
1.905200000000224009e+03,1.147700382811391029e-01
1.905300000000223918e+03,1.152711666042506300e-01
1.905400000000224054e+03,1.157718451408865923e-01
1.905500000000224190e+03,1.162720740876310166e-01
1.905600000000224099e+03,1.167758583700625880e-01
1.905700000000224009e+03,1.172807434992077930e-01
1.905800000000224145e+03,1.177852283035386027e-01
1.905900000000224281e+03,1.182893129366128226e-01
1.906000000000224190e+03,1.187929975517374032e-01
1.906100000000224099e+03,1.191926572414124669e-01
1.906200000000224236e+03,1.195918330462278911e-01
1.906300000000224372e+03,1.199905764833972405e-01
1.906400000000224281e+03,1.203889185772025611e-01
1.906500000000224190e+03,1.207868595428977371e-01
1.906600000000224327e+03,1.211843995956743136e-01
1.906700000000224463e+03,1.215879484996879173e-01
1.906800000000224372e+03,1.219978225897612456e-01
1.906900000000224281e+03,1.224059463688020322e-01
1.907000000000224418e+03,1.228137496585613303e-01
1.907100000000224554e+03,1.231533892834411753e-01
1.907200000000224463e+03,1.234929942145694404e-01
1.907300000000224372e+03,1.238325644304374834e-01
1.907400000000224509e+03,1.241720999095386885e-01
1.907500000000224645e+03,1.245116006303670919e-01
1.907600000000224554e+03,1.248449449253229981e-01
1.907700000000224463e+03,1.251703688488787214e-01
1.907800000000224600e+03,1.255010970562294714e-01
1.907900000000224736e+03,1.258590556175054609e-01
1.908000000000224645e+03,1.262170840725732879e-01
1.908100000000224554e+03,1.264697394541237641e-01
1.908200000000224691e+03,1.267224969206743324e-01
1.908300000000224827e+03,1.269753564868174034e-01
1.908400000000224736e+03,1.272283181671407526e-01
1.908500000000224645e+03,1.274813819762305456e-01
1.908600000000224782e+03,1.277345479286682572e-01
1.908700000000224918e+03,1.279878160390311437e-01
1.908800000000224827e+03,1.282411863218926029e-01
1.908900000000224736e+03,1.284946587918229799e-01
1.909000000000224873e+03,1.287671050616763513e-01
1.909100000000225009e+03,1.288749384566016398e-01
1.909200000000224918e+03,1.289817488157400938e-01
1.909300000000224827e+03,1.290867227422363428e-01
1.909400000000224964e+03,1.291917113434635500e-01
1.909500000000225100e+03,1.292967146142631474e-01
1.909600000000225009e+03,1.294017325494752901e-01
1.909700000000224918e+03,1.295067651439392176e-01
1.909800000000225054e+03,1.296118123924926147e-01
1.909900000000225191e+03,1.297170554907371709e-01
1.910000000000225100e+03,1.298223972647254698e-01
1.910100000000225009e+03,1.297852379302957548e-01
1.910200000000225145e+03,1.297456492640739478e-01
1.910300000000225282e+03,1.297060534100742124e-01
1.910400000000225191e+03,1.296664503698269078e-01
1.910500000000225100e+03,1.296268401448642249e-01
1.910600000000225236e+03,1.295872227367170226e-01
1.910700000000225373e+03,1.295475981469183802e-01
1.910800000000225282e+03,1.295112592996846557e-01
1.910900000000225191e+03,1.294832543871630159e-01
1.911000000000225327e+03,1.294552369134352732e-01
1.911100000000225464e+03,1.292735872665714547e-01
1.911200000000225373e+03,1.290889309306484101e-01
1.911300000000225282e+03,1.288980830541072431e-01
1.911400000000225418e+03,1.287072264434897528e-01
1.911500000000225555e+03,1.285163611016496010e-01
1.911600000000225464e+03,1.283276007015910769e-01
1.911700000000225373e+03,1.281453516590734254e-01
1.911800000000225509e+03,1.279630688055984622e-01
1.911900000000225646e+03,1.277807521394219992e-01
1.912000000000225555e+03,1.275984016585098302e-01
1.912100000000225464e+03,1.272877654537976910e-01
1.912200000000225600e+03,1.269769668795523443e-01
1.912300000000225737e+03,1.266654730026536002e-01
1.912400000000225646e+03,1.263424215648624171e-01
1.912500000000225555e+03,1.260192678724891546e-01
1.912600000000225691e+03,1.256960119064781667e-01
1.912700000000225828e+03,1.253726536477715592e-01
1.912800000000225737e+03,1.250491930773101890e-01
1.912900000000225646e+03,1.247256301760305830e-01
1.913000000000225782e+03,1.244019649244699072e-01
1.913100000000225918e+03,1.239023106375594929e-01
1.913200000000225828e+03,1.234022752656384059e-01
1.913300000000225737e+03,1.229000268251917577e-01
1.913400000000225873e+03,1.223978833353385476e-01
1.913500000000226009e+03,1.219002427025068919e-01
1.913600000000225918e+03,1.214040220646097068e-01
1.913700000000225828e+03,1.209078591654562246e-01
1.913800000000225964e+03,1.204117540136517700e-01
1.913900000000226100e+03,1.199157066178023617e-01
1.914000000000226009e+03,1.194193719467490228e-01
1.914100000000225918e+03,1.187982430266868172e-01
1.914200000000226055e+03,1.181770310389460843e-01
1.914300000000226191e+03,1.175557359822350656e-01
1.914400000000226100e+03,1.169343578552630852e-01
1.914500000000226009e+03,1.163128966567365113e-01
1.914600000000226146e+03,1.156979588487433291e-01
1.914700000000226282e+03,1.150898749455152026e-01
1.914800000000226191e+03,1.144815618681417485e-01
1.914900000000226100e+03,1.138730195754942415e-01
1.915000000000226237e+03,1.132642480261230877e-01
1.915100000000226373e+03,1.125144586930277441e-01
1.915200000000226282e+03,1.117645450862029405e-01
1.915300000000226191e+03,1.110145072242852277e-01
1.915400000000226328e+03,1.102643451259177620e-01
1.915500000000226464e+03,1.095140588097529427e-01
1.915600000000226373e+03,1.087636482944498856e-01
1.915700000000226282e+03,1.080146697017340535e-01
1.915800000000226419e+03,1.072715892069236593e-01
1.915900000000226555e+03,1.065282778524146851e-01
1.916000000000226464e+03,1.057847356403877476e-01
1.916100000000226373e+03,1.049485439785100699e-01
1.916200000000226510e+03,1.041117397372243875e-01
1.916300000000226646e+03,1.032743226515128038e-01
1.916400000000226555e+03,1.024363220585922385e-01
1.916500000000226464e+03,1.015999610172436118e-01
1.916600000000226601e+03,1.007629486894992682e-01
1.916700000000226737e+03,9.992528476696402318e-02
1.916800000000226646e+03,9.908696894114059350e-02
1.916900000000226555e+03,9.824372610326180533e-02
1.917000000000226692e+03,9.739955253066939767e-02
1.917100000000226828e+03,9.646219684066942301e-02
1.917200000000226737e+03,9.552418255733026442e-02
1.917300000000226646e+03,9.458544229492209243e-02
1.917400000000226783e+03,9.364602153856192712e-02
1.917500000000226919e+03,9.270594311623264749e-02
1.917600000000226828e+03,9.176520674235362496e-02
1.917700000000226737e+03,9.082381213125118036e-02
1.917800000000226873e+03,8.988175899716369099e-02
1.917900000000227010e+03,8.893904705424511559e-02
1.918000000000226919e+03,8.798235399247454624e-02
1.918100000000226828e+03,8.692652339954458351e-02
1.918200000000226964e+03,8.587049753723337286e-02
1.918300000000227101e+03,8.481478486812281392e-02
1.918400000000227010e+03,8.375938534654846224e-02
1.918500000000226919e+03,8.270429892684001694e-02
1.918600000000227055e+03,8.164952556332667755e-02
1.918700000000227192e+03,8.059506521034143223e-02
1.918800000000227101e+03,7.954091782221651974e-02
1.918900000000227010e+03,7.849499858852822254e-02
1.919000000000227146e+03,7.744916564653470115e-02
1.919100000000227283e+03,7.634609953207723010e-02
1.919200000000227192e+03,7.523230631833087434e-02
1.919300000000227101e+03,7.411941165040365764e-02
1.919400000000227237e+03,7.300741510284718128e-02
1.919500000000227374e+03,7.189631625033825191e-02
1.919600000000227283e+03,7.078611466767338600e-02
1.919700000000227192e+03,6.967412142259755969e-02
1.919800000000227328e+03,6.856267426086889993e-02
1.919900000000227465e+03,6.745222357553908032e-02
1.920000000000227374e+03,6.634283408449249964e-02
1.920100000000227283e+03,6.525020003610357278e-02
1.920200000000227419e+03,6.415794186244005992e-02
1.920300000000227556e+03,6.306853139412058051e-02
1.920400000000227465e+03,6.197914558470754565e-02
1.920500000000227374e+03,6.088978456215344420e-02
1.920600000000227510e+03,5.980044845440498497e-02
1.920700000000227647e+03,5.871113738940809956e-02
1.920800000000227556e+03,5.762185149510316851e-02
1.920900000000227465e+03,5.653259089941944926e-02
1.921000000000227601e+03,5.544339536874332008e-02
1.921100000000227737e+03,5.565926512023865874e-02
1.921200000000227647e+03,5.587498627091096182e-02
1.921300000000227556e+03,5.609154389238352190e-02
1.921400000000227692e+03,5.631889576510779039e-02
1.921500000000227828e+03,5.654883567885701789e-02
1.921600000000227737e+03,5.677874328679824445e-02
1.921700000000227647e+03,5.700861858618020556e-02
1.921800000000227783e+03,5.723846157425332287e-02
1.921900000000227919e+03,5.746827224826874664e-02
1.922000000000227828e+03,5.769805060661593182e-02
1.922100000000227737e+03,5.842860500930342066e-02
1.922200000000227874e+03,5.915983618168780406e-02
1.922300000000228010e+03,5.989107696349908749e-02
1.922400000000227919e+03,6.062232734188782030e-02
1.922500000000227828e+03,6.135811952400151842e-02
1.922600000000227965e+03,6.209823441260377275e-02
1.922700000000228101e+03,6.283856680061628008e-02
1.922800000000228010e+03,6.357911670860692810e-02
1.922900000000227919e+03,6.431886633344585658e-02
1.923000000000228056e+03,6.505837761937741104e-02
1.923100000000228192e+03,6.580943751727802438e-02
1.923200000000228101e+03,6.656058957356397743e-02
1.923300000000228010e+03,6.731183376388095996e-02
1.923400000000228147e+03,6.806317006386895796e-02
1.923500000000228283e+03,6.881459844915913115e-02
1.923600000000228192e+03,6.956572282535665452e-02
1.923700000000228101e+03,7.031462100971355711e-02
1.923800000000228238e+03,7.106301952509672115e-02
1.923900000000228374e+03,7.181144109494090599e-02
1.924000000000228283e+03,7.255988569191990090e-02
1.924100000000228192e+03,7.333554672097085392e-02
1.924200000000228329e+03,7.411169781363642628e-02
1.924300000000228465e+03,7.488833915836268229e-02
1.924400000000228374e+03,7.566547094364395321e-02
1.924500000000228283e+03,7.644417041534271040e-02
1.924600000000228420e+03,7.722402988538926150e-02
1.924700000000228556e+03,7.800441538771921146e-02
1.924800000000228465e+03,7.877997221725065169e-02
1.924900000000228374e+03,7.955573100390822550e-02
1.925000000000228511e+03,8.033190658040147147e-02
1.925100000000228647e+03,8.107108794235441673e-02
1.925200000000228556e+03,8.181092493698532975e-02
1.925300000000228465e+03,8.255665511150792057e-02
1.925400000000228601e+03,8.330621179623722006e-02
1.925500000000228738e+03,8.405581206608965517e-02
1.925600000000228647e+03,8.480545588569037008e-02
1.925700000000228556e+03,8.555514321966299629e-02
1.925800000000228692e+03,8.630487403262616930e-02
1.925900000000228829e+03,8.705045769556613022e-02
1.926000000000228738e+03,8.779403096191400191e-02
1.926100000000228647e+03,8.851287664735012217e-02
1.926200000000228783e+03,8.922527821983258778e-02
1.926300000000228920e+03,8.993745000358298325e-02
1.926400000000228829e+03,9.064939204031277620e-02
1.926500000000228738e+03,9.136105915780437514e-02
1.926600000000228874e+03,9.207236629773715708e-02
1.926700000000229011e+03,9.278344110994549143e-02
1.926800000000228920e+03,9.349428363744578807e-02
1.926900000000228829e+03,9.420597580789630276e-02
1.927000000000228965e+03,9.492028624105443291e-02
1.927100000000229102e+03,9.562096523206803367e-02
1.927200000000229011e+03,9.632177666005199701e-02
1.927300000000228920e+03,9.702272053688924813e-02
1.927400000000229056e+03,9.772379687446247631e-02
1.927500000000229193e+03,9.842500568465127608e-02
1.927600000000229102e+03,9.912634697933501993e-02
1.927700000000229011e+03,9.982888070117737489e-02
1.927800000000229147e+03,1.005327526735734361e-01
1.927900000000229284e+03,1.012367887283235762e-01
1.928000000000229193e+03,1.019409888868536285e-01
1.928100000000229102e+03,1.026048507954114425e-01
1.928200000000229238e+03,1.032711132073730609e-01
1.928300000000229375e+03,1.039376570489760343e-01
1.928400000000229284e+03,1.046044767154460098e-01
1.928500000000229193e+03,1.052726091674020814e-01
1.928600000000229329e+03,1.059423877075758580e-01
1.928700000000229466e+03,1.066124827621073717e-01
1.928800000000229375e+03,1.072828944270573237e-01
1.928900000000229284e+03,1.079536227985111452e-01
1.929000000000229420e+03,1.086246679723583825e-01
1.929100000000229556e+03,1.092011400371133006e-01
1.929200000000229466e+03,1.097775577238445655e-01
1.929300000000229375e+03,1.103765199913812195e-01
1.929400000000229511e+03,1.109839564573123910e-01
1.929500000000229647e+03,1.115916665745278064e-01
1.929600000000229556e+03,1.121996503779136567e-01
1.929700000000229466e+03,1.128079079023416309e-01
1.929800000000229602e+03,1.134164391826657098e-01
1.929900000000229738e+03,1.140252442537198624e-01
1.930000000000229647e+03,1.146343231501807391e-01
1.930100000000229556e+03,1.151847188228430907e-01
1.930200000000229693e+03,1.157388742833861395e-01
1.930300000000229829e+03,1.162934793771322334e-01
1.930400000000229738e+03,1.168469951956832287e-01
1.930500000000229647e+03,1.173997325301702199e-01
1.930600000000229784e+03,1.179528955890481179e-01
1.930700000000229920e+03,1.185064835737874855e-01
1.930800000000229829e+03,1.190604966936031073e-01
1.930900000000229738e+03,1.196174987729826389e-01
1.931000000000229875e+03,1.201804650980874967e-01
1.931100000000230011e+03,1.206525515584337543e-01
1.931200000000229920e+03,1.211250612239906793e-01
1.931300000000229829e+03,1.215979943470124197e-01
1.931400000000229966e+03,1.220713511798645207e-01
1.931500000000230102e+03,1.225386938942823883e-01
1.931600000000230011e+03,1.229897289016846779e-01
1.931700000000229920e+03,1.234410163158489032e-01
1.931800000000230057e+03,1.238925562230962368e-01
1.931900000000230193e+03,1.243443487097649347e-01
1.932000000000230102e+03,1.247963938619562757e-01
1.932100000000230011e+03,1.251366143768004868e-01
1.932200000000230148e+03,1.254769929543673446e-01
1.932300000000230284e+03,1.258175296329949178e-01
1.932400000000230193e+03,1.261582244510243700e-01
1.932500000000230102e+03,1.264949746458450819e-01
1.932600000000230239e+03,1.268189185177905354e-01
1.932700000000230375e+03,1.271399461733354885e-01
1.932800000000230284e+03,1.274610259506137322e-01
1.932900000000230193e+03,1.277821612162772513e-01
1.933000000000230330e+03,1.281033519722720726e-01
1.933100000000230466e+03,1.283291411687471906e-01
1.933200000000230375e+03,1.285550403243160000e-01
1.933300000000230284e+03,1.287787109821980081e-01
1.933400000000230420e+03,1.289932626317439046e-01
1.933500000000230557e+03,1.292078851747862356e-01
1.933600000000230466e+03,1.294225786246931686e-01
1.933700000000230375e+03,1.296373429948372569e-01
1.933800000000230511e+03,1.298521782985902484e-01
1.933900000000230648e+03,1.300671181643817953e-01
1.934000000000230557e+03,1.302822193673190410e-01
1.934100000000230466e+03,1.303794990866090076e-01
1.934200000000230602e+03,1.304768187390381307e-01
1.934300000000230739e+03,1.305741783360852282e-01
1.934400000000230648e+03,1.306715778892316993e-01
1.934500000000230557e+03,1.307690174099618297e-01
1.934600000000230693e+03,1.308664969097621811e-01
1.934700000000230830e+03,1.309640164001212026e-01
1.934800000000230739e+03,1.310615758925296748e-01
1.934900000000230648e+03,1.311578238072390878e-01
1.935000000000230784e+03,1.312523759723857875e-01
1.935100000000230921e+03,1.311628250320720501e-01
1.935200000000230830e+03,1.310732935006131972e-01
1.935300000000230739e+03,1.309837813772330994e-01
1.935400000000230875e+03,1.308942886611556555e-01
1.935500000000231012e+03,1.308048153516046808e-01
1.935600000000230921e+03,1.307153614478030745e-01
1.935700000000230830e+03,1.306259269489736252e-01
1.935800000000230966e+03,1.305366080380306049e-01
1.935900000000231103e+03,1.304473363733011648e-01
1.936000000000231012e+03,1.303566316810662040e-01
1.936100000000230921e+03,1.301288965128648278e-01
1.936200000000231057e+03,1.299012097424068202e-01
1.936300000000231194e+03,1.296735713654841027e-01
1.936400000000231103e+03,1.294459813778872370e-01
1.936500000000231012e+03,1.292184397754062575e-01
1.936600000000231148e+03,1.289909465538300881e-01
1.936700000000231285e+03,1.287635017089483747e-01
1.936800000000231194e+03,1.285361052365506240e-01
1.936900000000231103e+03,1.283087571324244003e-01
1.937000000000231239e+03,1.280814573920608934e-01
1.937100000000231375e+03,1.277261975194555199e-01
1.937200000000231285e+03,1.273656804469147641e-01
1.937300000000231194e+03,1.270044625647382408e-01
1.937400000000231330e+03,1.266432792596230150e-01
1.937500000000231466e+03,1.262821305359969337e-01
1.937600000000231375e+03,1.259211463945245912e-01
1.937700000000231285e+03,1.255602244881325047e-01
1.937800000000231421e+03,1.251993362677323307e-01
1.937900000000231557e+03,1.248384817378791617e-01
1.938000000000231466e+03,1.244776609028120373e-01
1.938100000000231375e+03,1.239802082418212104e-01
1.938200000000231512e+03,1.234827742224203911e-01
1.938300000000231648e+03,1.229853588540537196e-01
1.938400000000231557e+03,1.224879621461656409e-01
1.938500000000231466e+03,1.219905841081979914e-01
1.938600000000231603e+03,1.214932247495919132e-01
1.938700000000231739e+03,1.209958840797912688e-01
1.938800000000231648e+03,1.204985621082388936e-01
1.938900000000231557e+03,1.200012588443754857e-01
1.939000000000231694e+03,1.194989797853870522e-01
1.939100000000231830e+03,1.188668963372395554e-01
1.939200000000231739e+03,1.182348546607345091e-01
1.939300000000231648e+03,1.176028547729705276e-01
1.939400000000231785e+03,1.169708966910440601e-01
1.939500000000231921e+03,1.163389804320519583e-01
1.939600000000231830e+03,1.157071060130894641e-01
1.939700000000231739e+03,1.150752734512453246e-01
1.939800000000231876e+03,1.144434827636068436e-01
1.939900000000232012e+03,1.138117339672617967e-01
1.940000000000231921e+03,1.131800270789607293e-01
1.940100000000231830e+03,1.124041627516141617e-01
1.940200000000231967e+03,1.116286398642370309e-01
1.940300000000232103e+03,1.108534583288323244e-01
1.940400000000232012e+03,1.100786180574162276e-01
1.940500000000231921e+03,1.093044964745841924e-01
1.940600000000232058e+03,1.085405609908292601e-01
1.940700000000232194e+03,1.077768221321560027e-01
1.940800000000232103e+03,1.070132798763522575e-01
1.940900000000232012e+03,1.062499342012022119e-01
1.941000000000232149e+03,1.054867850842513693e-01
1.941100000000232285e+03,1.046215953675993932e-01
1.941200000000232194e+03,1.037565374466169338e-01
1.941300000000232103e+03,1.028916113167424873e-01
1.941400000000232239e+03,1.020324213567072730e-01
1.941500000000232376e+03,1.011745156657643530e-01
1.941600000000232285e+03,1.003166259635374091e-01
1.941700000000232194e+03,9.945875225905483064e-02
1.941800000000232330e+03,9.860099834384895845e-02
1.941900000000232467e+03,9.774352519148035712e-02
1.942000000000232376e+03,9.688606079768667667e-02
1.942100000000232285e+03,9.597639617948726387e-02
1.942200000000232421e+03,9.506603427600726630e-02
1.942300000000232558e+03,9.415497480534208707e-02
1.942400000000232467e+03,9.324321748552610867e-02
1.942500000000232376e+03,9.233076203452789121e-02
1.942600000000232512e+03,9.141760817025486319e-02
1.942700000000232649e+03,9.050375561055690188e-02
1.942800000000232558e+03,8.958920407322258639e-02
1.942900000000232467e+03,8.867395327597511756e-02
1.943000000000232603e+03,8.775800293619277770e-02
1.943100000000232740e+03,8.672023956182164928e-02
1.943200000000232649e+03,8.568299209110118164e-02
1.943300000000232558e+03,8.464626043790626775e-02
1.943400000000232694e+03,8.361004451609642396e-02
1.943500000000232831e+03,8.257434423951982849e-02
1.943600000000232740e+03,8.153915952200903317e-02
1.943700000000232649e+03,8.050449027737602292e-02
1.943800000000232785e+03,7.947158503443658983e-02
1.943900000000232922e+03,7.843968834935678702e-02
1.944000000000232831e+03,7.740826057283296813e-02
1.944100000000232740e+03,7.635237875090446213e-02
1.944200000000232876e+03,7.529656581485173750e-02
1.944300000000233013e+03,7.424082178379667885e-02
1.944400000000232922e+03,7.318514667685976915e-02
1.944500000000232831e+03,7.212954051315463577e-02
1.944600000000232967e+03,7.107505840467964742e-02
1.944700000000233103e+03,7.002114372507434181e-02
1.944800000000233013e+03,6.896725071816654784e-02
1.944900000000232922e+03,6.791337940876404633e-02
1.945000000000233058e+03,6.685952982166630532e-02
1.945100000000233194e+03,6.580334494535310108e-02
1.945200000000233103e+03,6.474702587238430340e-02
1.945300000000233013e+03,6.369043929215439936e-02
1.945400000000233149e+03,6.263270970033925356e-02
1.945500000000233285e+03,6.157422306250847494e-02
1.945600000000233194e+03,6.051551626063493561e-02
1.945700000000233103e+03,5.945658926655904286e-02
1.945800000000233240e+03,5.839744205211884476e-02
1.945900000000233376e+03,5.733807458915436001e-02
1.946000000000233285e+03,5.627848685221279595e-02
1.946100000000233194e+03,5.638032425965176786e-02
1.946200000000233331e+03,5.648485921310936880e-02
1.946300000000233467e+03,5.659088152110425957e-02
1.946400000000233376e+03,5.669697624461512986e-02
1.946500000000233285e+03,5.680314341891817137e-02
1.946600000000233422e+03,5.690938307930326623e-02
1.946700000000233558e+03,5.701569526107325148e-02
1.946800000000233467e+03,5.712207999954466153e-02
1.946900000000233376e+03,5.722860759887796189e-02
1.947000000000233513e+03,5.733469967924052085e-02
1.947100000000233649e+03,5.805334640668635693e-02
1.947200000000233558e+03,5.877215182094897711e-02
1.947300000000233467e+03,5.949161300516771222e-02
1.947400000000233604e+03,6.021215985307016433e-02
1.947500000000233740e+03,6.093289923394222540e-02
1.947600000000233649e+03,6.165383116748256176e-02
1.947700000000233558e+03,6.237495567339147035e-02
1.947800000000233695e+03,6.309699097657571476e-02
1.947900000000233831e+03,6.381993877918161473e-02
1.948000000000233740e+03,6.454311159913184159e-02
1.948100000000233649e+03,6.528853933481351679e-02
1.948200000000233786e+03,6.603433579214799953e-02
1.948300000000233922e+03,6.678050108986195721e-02
1.948400000000233831e+03,6.752703534671077035e-02
1.948500000000233740e+03,6.827393868148225187e-02
1.948600000000233877e+03,6.902121121299284456e-02
1.948700000000234013e+03,6.976885306008437371e-02
1.948800000000233922e+03,7.051686434162784956e-02
1.948900000000233831e+03,7.126524517652607638e-02
1.949000000000233968e+03,7.201399568370910054e-02
1.949100000000234104e+03,7.276223964875973282e-02
1.949200000000234013e+03,7.351070872358700381e-02
1.949300000000233922e+03,7.425940293719637819e-02
1.949400000000234058e+03,7.500832231859251575e-02
1.949500000000234195e+03,7.575746689677474721e-02
1.949600000000234104e+03,7.650683670074168163e-02
1.949700000000234013e+03,7.725643175949374608e-02
1.949800000000234149e+03,7.800625210203028514e-02
1.949900000000234286e+03,7.875629775734574456e-02
1.950000000000234195e+03,7.950656875444472860e-02
1.950100000000234104e+03,8.026201222007035840e-02
1.950200000000234240e+03,8.101786227333983292e-02
1.950300000000234377e+03,8.177411906096936078e-02
1.950400000000234286e+03,8.253078272971650642e-02
1.950500000000234195e+03,8.328785342638313216e-02
1.950600000000234331e+03,8.404526753083060853e-02
1.950700000000234468e+03,8.479794728529468917e-02
1.950800000000234377e+03,8.554605069282500418e-02
1.950900000000234286e+03,8.629438343448814219e-02
1.951000000000234422e+03,8.704156600127130328e-02
1.951100000000234559e+03,8.775940143198136811e-02
1.951200000000234468e+03,8.847722651978343067e-02
1.951300000000234377e+03,8.919504125854686716e-02
1.951400000000234513e+03,8.991284564214135910e-02
1.951500000000234650e+03,9.063063966443409003e-02
1.951600000000234559e+03,9.134842331929277082e-02
1.951700000000234468e+03,9.206619660058877608e-02
1.951800000000234604e+03,9.278279477739910519e-02
1.951900000000234741e+03,9.349624396466091336e-02
1.952000000000234650e+03,9.420961693406904036e-02
1.952100000000234559e+03,9.489274556807322791e-02
1.952200000000234695e+03,9.557579315348115057e-02
1.952300000000234832e+03,9.625875968638614166e-02
1.952400000000234741e+03,9.694161744797741287e-02
1.952500000000234650e+03,9.762432881424065734e-02
1.952600000000234786e+03,9.830756707558760410e-02
1.952700000000234922e+03,9.899233657095965477e-02
1.952800000000234832e+03,9.967705442105086189e-02
1.952900000000234741e+03,1.003617206194196837e-01
1.953000000000234877e+03,1.010463351595157072e-01
1.953100000000235013e+03,1.016838976727182375e-01
1.953200000000234922e+03,1.023197726822171055e-01
1.953300000000234832e+03,1.029553982591465550e-01
1.953400000000234968e+03,1.035914516899903715e-01
1.953500000000235104e+03,1.042291665084525698e-01
1.953600000000235013e+03,1.048667786893135168e-01
1.953700000000234922e+03,1.055042947477106974e-01
1.953800000000235059e+03,1.061417146867616595e-01
1.953900000000235195e+03,1.067790385095816058e-01
1.954000000000235104e+03,1.074162662192521267e-01
1.954100000000235013e+03,1.080386047815078271e-01
1.954200000000235150e+03,1.086618030811304647e-01
1.954300000000235286e+03,1.092873425970223022e-01
1.954400000000235195e+03,1.099132845182057977e-01
1.954500000000235104e+03,1.105396289819394473e-01
1.954600000000235241e+03,1.111663761255054644e-01
1.954700000000235377e+03,1.117935260862050750e-01
1.954800000000235286e+03,1.124210790013631805e-01
1.954900000000235195e+03,1.130490350083295931e-01
1.955000000000235332e+03,1.136773942441695745e-01
1.955100000000235468e+03,1.141751447788230123e-01
1.955200000000235377e+03,1.146726898363468472e-01
1.955300000000235286e+03,1.151700294447796646e-01
1.955400000000235423e+03,1.156671636321637137e-01
1.955500000000235559e+03,1.161640924265436997e-01
1.955600000000235468e+03,1.166608900206965865e-01
1.955700000000235377e+03,1.171574861923007915e-01
1.955800000000235514e+03,1.176538777136588720e-01
1.955900000000235650e+03,1.181500646124213488e-01
1.956000000000235559e+03,1.186460469161144116e-01
1.956100000000235468e+03,1.190873931353870069e-01
1.956200000000235605e+03,1.195287779634391506e-01
1.956300000000235741e+03,1.199695677444276992e-01
1.956400000000235650e+03,1.204053611449601852e-01
1.956500000000235559e+03,1.208411516919020989e-01
1.956600000000235696e+03,1.212769393810404633e-01
1.956700000000235832e+03,1.217127242081598587e-01
1.956800000000235741e+03,1.221485061690451845e-01
1.956900000000235650e+03,1.225842852594828947e-01
1.957000000000235787e+03,1.230200614750220633e-01
1.957100000000235923e+03,1.233548420481756364e-01
1.957200000000235832e+03,1.236895920797095039e-01
1.957300000000235741e+03,1.240243115697712284e-01
1.957400000000235877e+03,1.243590005185089969e-01
1.957500000000236014e+03,1.246936589260694422e-01
1.957600000000235923e+03,1.250282867925995300e-01
1.957700000000235832e+03,1.253628841182475584e-01
1.957800000000235968e+03,1.256974509031621445e-01
1.957900000000236105e+03,1.260319871474903652e-01
1.958000000000236014e+03,1.263664928511410990e-01
1.958100000000235923e+03,1.265999428197114585e-01
1.958200000000236059e+03,1.268334312239289274e-01
1.958300000000236196e+03,1.270725816820435505e-01
1.958400000000236105e+03,1.273117551085923282e-01
1.958500000000236014e+03,1.275509515029450147e-01
1.958600000000236150e+03,1.277918303442221459e-01
1.958700000000236287e+03,1.280340900014816374e-01
1.958800000000236196e+03,1.282763840806852018e-01
1.958900000000236105e+03,1.285187125839020172e-01
1.959000000000236241e+03,1.287610755129113271e-01
1.959100000000236378e+03,1.288811964981148583e-01
1.959200000000236287e+03,1.290013252189149140e-01
1.959300000000236196e+03,1.291214616746677035e-01
1.959400000000236332e+03,1.292416058647286592e-01
1.959500000000236469e+03,1.293617577884529912e-01
1.959600000000236378e+03,1.294819174451954658e-01
1.959700000000236287e+03,1.296029127094983913e-01
1.959800000000236423e+03,1.297262201539431392e-01
1.959900000000236560e+03,1.298470071150799321e-01
1.960000000000236469e+03,1.299675970201390474e-01
1.960100000000236378e+03,1.299632746137428518e-01
1.960200000000236514e+03,1.299589514862041495e-01
1.960300000000236651e+03,1.299546276375058151e-01
1.960400000000236560e+03,1.299503030676314730e-01
1.960500000000236469e+03,1.299459777765644142e-01
1.960600000000236605e+03,1.299416517642878743e-01
1.960700000000236741e+03,1.299347316242610573e-01
1.960800000000236651e+03,1.299274927043156114e-01
1.960900000000236560e+03,1.299202533440857732e-01
1.961000000000236696e+03,1.299130135432964295e-01
1.961100000000236832e+03,1.297811728956177746e-01
1.961200000000236741e+03,1.296493137302655030e-01
1.961300000000236651e+03,1.295174360466293806e-01
1.961400000000236787e+03,1.293855398440989790e-01
1.961500000000236923e+03,1.292560931726542406e-01
1.961600000000236832e+03,1.291270509617150897e-01
1.961700000000236741e+03,1.289979843589407482e-01
1.961800000000236878e+03,1.288688933623437782e-01
1.961900000000237014e+03,1.287397779699376577e-01
1.962000000000236923e+03,1.286106381793772901e-01
1.962100000000236832e+03,1.283301611087942773e-01
1.962200000000236969e+03,1.280497095790068540e-01
1.962300000000237105e+03,1.277692835905077651e-01
1.962400000000237014e+03,1.274888831437900327e-01
1.962500000000236923e+03,1.272085082393448474e-01
1.962600000000237060e+03,1.269281588776629832e-01
1.962700000000237196e+03,1.266478350592361579e-01
1.962800000000237105e+03,1.263675367845564501e-01
1.962900000000237014e+03,1.260872640541135792e-01
1.963000000000237151e+03,1.258070168681071077e-01
1.963100000000237287e+03,1.254052858923707658e-01
1.963200000000237196e+03,1.250024677350302649e-01
1.963300000000237105e+03,1.245996158144579841e-01
1.963400000000237242e+03,1.241967301312991157e-01
1.963500000000237378e+03,1.237938106862004339e-01
1.963600000000237287e+03,1.233908574798097124e-01
1.963700000000237196e+03,1.229878705127726846e-01
1.963800000000237333e+03,1.225848497857354585e-01
1.963900000000237469e+03,1.221838108698129477e-01
1.964000000000237378e+03,1.217834442119734573e-01
1.964100000000237287e+03,1.212374301668421861e-01
1.964200000000237424e+03,1.206914847424445658e-01
1.964300000000237560e+03,1.201456079439406077e-01
1.964400000000237469e+03,1.195997997764878806e-01
1.964500000000237378e+03,1.190540663104511926e-01
1.964600000000237515e+03,1.185084672239738873e-01
1.964700000000237651e+03,1.179629361226324502e-01
1.964800000000237560e+03,1.174174953929230797e-01
1.964900000000237469e+03,1.168721816231474975e-01
1.965000000000237605e+03,1.163269350938378188e-01
1.965100000000237742e+03,1.156795121354014660e-01
1.965200000000237651e+03,1.150319427618618773e-01
1.965300000000237560e+03,1.143842269570561343e-01
1.965400000000237696e+03,1.137363647048209581e-01
1.965500000000237833e+03,1.130866865706029595e-01
1.965600000000237742e+03,1.124360229535744382e-01
1.965700000000237651e+03,1.117852420284733694e-01
1.965800000000237787e+03,1.111343437863643036e-01
1.965900000000237924e+03,1.104833282183155380e-01
1.966000000000237833e+03,1.098321953150925012e-01
1.966100000000237742e+03,1.090536826623920985e-01
1.966200000000237878e+03,1.082752585274218970e-01
1.966300000000238015e+03,1.074984167489440867e-01
1.966400000000237924e+03,1.067225485607760788e-01
1.966500000000237833e+03,1.059511485817822979e-01
1.966600000000237969e+03,1.051827909742053674e-01
1.966700000000238106e+03,1.044143779544318001e-01
1.966800000000238015e+03,1.036459095363789495e-01
1.966900000000237924e+03,1.028773857339620457e-01
1.967000000000238060e+03,1.021088065609184609e-01
1.967100000000238197e+03,1.012628811979094656e-01
1.967200000000238106e+03,1.004156319395086844e-01
1.967300000000238015e+03,9.956801430594387770e-02
1.967400000000238151e+03,9.872002820086255015e-02
1.967500000000238288e+03,9.787167352789936936e-02
1.967600000000238197e+03,9.702295019067237736e-02
1.967700000000238106e+03,9.617385809277941011e-02
1.967800000000238242e+03,9.532439713780162249e-02
1.967900000000238379e+03,9.447341797555877663e-02
1.968000000000238288e+03,9.362113356524824626e-02
1.968100000000238197e+03,9.266644031175083618e-02
1.968200000000238333e+03,9.171188515359807170e-02
1.968300000000238470e+03,9.075746810788090646e-02
1.968400000000238379e+03,8.980318919168567282e-02
1.968500000000238288e+03,8.884904842209040421e-02
1.968600000000238424e+03,8.789504581616855439e-02
1.968700000000238560e+03,8.694019892966634022e-02
1.968800000000238470e+03,8.598455872226931640e-02
1.968900000000238379e+03,8.502909947554042336e-02
1.969000000000238515e+03,8.407382119526997377e-02
1.969100000000238651e+03,8.308891122178339861e-02
1.969200000000238560e+03,8.210357179291696839e-02
1.969300000000238470e+03,8.111780281280868421e-02
1.969400000000238606e+03,8.013160418558870624e-02
1.969500000000238742e+03,7.914497581538333659e-02
1.969600000000238651e+03,7.815791760631118912e-02
1.969700000000238560e+03,7.717042946247819335e-02
1.969800000000238697e+03,7.618251128798243788e-02
1.969900000000238833e+03,7.519151135536784880e-02
1.970000000000238742e+03,7.419927159541361839e-02
1.970100000000238651e+03,7.316038864194356062e-02
1.970200000000238788e+03,7.212161126550213630e-02
1.970300000000238924e+03,7.108225899373042667e-02
1.970400000000238833e+03,7.004213479713332358e-02
1.970500000000238742e+03,6.900216268435270528e-02
1.970600000000238879e+03,6.796234264520291390e-02
1.970700000000239015e+03,6.692267466950303778e-02
1.970800000000238924e+03,6.588315874707156850e-02
1.970900000000238833e+03,6.484379486772279266e-02
1.971000000000238970e+03,6.380458302127066383e-02
1.971100000000239106e+03,6.276512383415376595e-02
1.971200000000239015e+03,6.172488096847643380e-02
1.971300000000238924e+03,6.068472704435855236e-02
1.971400000000239061e+03,5.964466206210825711e-02
1.971500000000239197e+03,5.860468602203751376e-02
1.971600000000239106e+03,5.756479892445820479e-02
1.971700000000239015e+03,5.652500076967638398e-02
1.971800000000239152e+03,5.548529155799781371e-02
1.971900000000239288e+03,5.444567128973227393e-02
1.972000000000239197e+03,5.340613996893859433e-02
1.972100000000239106e+03,5.393432579838192131e-02
1.972200000000239243e+03,5.446269676520414105e-02
1.972300000000239379e+03,5.499125289020657253e-02
1.972400000000239288e+03,5.551999419418696818e-02
1.972500000000239197e+03,5.604892069794142895e-02
1.972600000000239334e+03,5.657803242226246837e-02
1.972700000000239470e+03,5.710732938793632030e-02
1.972800000000239379e+03,5.763681161574546463e-02
1.972900000000239288e+03,5.816647912647098656e-02
1.973000000000239424e+03,5.869633194125271902e-02
1.973100000000239561e+03,5.937752898712280597e-02
1.973200000000239470e+03,6.005845612462942101e-02
1.973300000000239379e+03,6.074041232316365613e-02
1.973400000000239515e+03,6.142226173644339121e-02
1.973500000000239652e+03,6.210349337458886260e-02
1.973600000000239561e+03,6.278345728539634629e-02
1.973700000000239470e+03,6.346315380769122771e-02
1.973800000000239606e+03,6.414259122977949978e-02
1.973900000000239743e+03,6.482176083329069249e-02
1.974000000000239652e+03,6.550066266676378424e-02
1.974100000000239561e+03,6.619746281395059995e-02
1.974200000000239697e+03,6.689409091779073557e-02
1.974300000000239834e+03,6.759054699846578362e-02
1.974400000000239743e+03,6.828683107615779457e-02
1.974500000000239652e+03,6.898294317105151119e-02
1.974600000000239788e+03,6.967888330333203706e-02
1.974700000000239925e+03,7.037465149318113122e-02
1.974800000000239834e+03,7.107024776078063599e-02
1.974900000000239743e+03,7.176567212631555781e-02
1.975000000000239879e+03,7.246092461000910867e-02
1.975100000000240016e+03,7.317271613381723383e-02
1.975200000000239925e+03,7.388724261811173422e-02
1.975300000000239834e+03,7.460189435927666590e-02
1.975400000000239970e+03,7.531667136915265459e-02
1.975500000000240107e+03,7.603157365957741165e-02
1.975600000000240016e+03,7.674660124238907866e-02
1.975700000000239925e+03,7.746175412942972460e-02
1.975800000000240061e+03,7.817703233254193196e-02
1.975900000000240198e+03,7.889243586356539661e-02
1.976000000000240107e+03,7.960796473434465781e-02
1.976100000000240016e+03,8.032540001629219495e-02
1.976200000000240152e+03,8.104309708847295957e-02
1.976300000000240289e+03,8.176105599742240770e-02
1.976400000000240198e+03,8.247927678967785503e-02
1.976500000000240107e+03,8.319762688228544978e-02
1.976600000000240243e+03,8.391581600718564515e-02
1.976700000000240379e+03,8.462867284623934450e-02
1.976800000000240289e+03,8.534168763197483298e-02
1.976900000000240198e+03,8.605486036163503827e-02
1.977000000000240334e+03,8.676819103237388975e-02
1.977100000000240470e+03,8.744681804716498974e-02
1.977200000000240379e+03,8.812531921991254014e-02
1.977300000000240289e+03,8.880369455870525119e-02
1.977400000000240425e+03,8.948194407163351238e-02
1.977500000000240561e+03,9.016023015903787408e-02
1.977600000000240470e+03,9.084026464956225511e-02
1.977700000000240379e+03,9.152020377732077161e-02
1.977800000000240516e+03,9.219833884277567337e-02
1.977900000000240652e+03,9.287588530549034660e-02
1.978000000000240561e+03,9.355330429951100313e-02
1.978100000000240470e+03,9.419665428898242598e-02
1.978200000000240607e+03,9.483980941655791030e-02
1.978300000000240743e+03,9.548276971061382679e-02
1.978400000000240652e+03,9.612553519952529713e-02
1.978500000000240561e+03,9.676810591167042674e-02
1.978600000000240698e+03,9.741048187542661330e-02
1.978700000000240834e+03,9.805266311916785438e-02
1.978800000000240743e+03,9.869464967126739818e-02
1.978900000000240652e+03,9.933407152293979858e-02
1.979000000000240789e+03,9.997093851208296855e-02
1.979100000000240925e+03,1.005762234359578594e-01
1.979200000000240834e+03,1.011813806109138902e-01
1.979300000000240743e+03,1.017864100424765994e-01
1.979400000000240880e+03,1.023913117361731073e-01
1.979500000000241016e+03,1.029960856975301320e-01
1.979600000000240925e+03,1.036007319320757653e-01
1.979700000000240834e+03,1.042052504453430395e-01
1.979800000000240971e+03,1.048096349096371838e-01
1.979900000000241107e+03,1.054138859794036126e-01
1.980000000000241016e+03,1.060185734898999588e-01
1.980100000000240925e+03,1.065818483520620946e-01
1.980200000000241062e+03,1.071451355235144565e-01
1.980300000000241198e+03,1.077084349916116457e-01
1.980400000000241107e+03,1.082717467437074171e-01
1.980500000000241016e+03,1.088350707671566359e-01
1.980600000000241153e+03,1.093984070493135008e-01
1.980700000000241289e+03,1.099617555775277977e-01
1.980800000000241198e+03,1.105251163391491875e-01
1.980900000000241107e+03,1.110884893215281777e-01
1.981000000000241243e+03,1.116518745118357109e-01
1.981100000000241380e+03,1.121411282791505981e-01
1.981200000000241289e+03,1.126328283959228960e-01
1.981300000000241198e+03,1.131246300018464435e-01
1.981400000000241334e+03,1.136163882894222071e-01
1.981500000000241471e+03,1.141081032549427082e-01
1.981600000000241380e+03,1.145997748947007039e-01
1.981700000000241289e+03,1.150914032049918240e-01
1.981800000000241425e+03,1.155829881821127669e-01
1.981900000000241562e+03,1.160745298223585936e-01
1.982000000000241471e+03,1.165660281218349054e-01
1.982100000000241380e+03,1.169786925227495195e-01
1.982200000000241516e+03,1.173913093666277829e-01
1.982300000000241653e+03,1.178057282732653532e-01
1.982400000000241562e+03,1.182210478865411557e-01
1.982500000000241471e+03,1.186363396301746559e-01
1.982600000000241607e+03,1.190516034992375183e-01
1.982700000000241744e+03,1.194668394887997837e-01
1.982800000000241653e+03,1.198820475939332830e-01
1.982900000000241562e+03,1.202972278097119013e-01
1.983000000000241698e+03,1.207123801309792355e-01
1.983100000000241835e+03,1.210317895746695765e-01
1.983200000000241744e+03,1.213489367202434666e-01
1.983300000000241653e+03,1.216655761349221543e-01
1.983400000000241789e+03,1.219821599237025517e-01
1.983500000000241926e+03,1.222986708651251364e-01
1.983600000000241835e+03,1.226151089672569139e-01
1.983700000000241744e+03,1.229314742381666797e-01
1.983800000000241880e+03,1.232477666859222859e-01
1.983900000000242017e+03,1.235640861668156065e-01
1.984000000000241926e+03,1.238824932336115570e-01
1.984100000000241835e+03,1.241374095189379662e-01
1.984200000000241971e+03,1.243924177747303406e-01
1.984300000000242107e+03,1.246475180160650231e-01
1.984400000000242017e+03,1.249027102580187870e-01
1.984500000000241926e+03,1.251576860114822221e-01
1.984600000000242062e+03,1.254100989487263729e-01
1.984700000000242198e+03,1.256625917678920179e-01
1.984800000000242107e+03,1.259151644769560263e-01
1.984900000000242017e+03,1.261678170838939350e-01
1.985000000000242153e+03,1.264205495963545978e-01
1.985100000000242289e+03,1.265394069877577854e-01
1.985200000000242198e+03,1.266582561787378824e-01
1.985300000000242107e+03,1.267770971682733727e-01
1.985400000000242244e+03,1.268959299553418518e-01
1.985500000000242380e+03,1.270147545389212207e-01
1.985600000000242289e+03,1.271355494945517750e-01
1.985700000000242198e+03,1.272572109992523848e-01
1.985800000000242335e+03,1.273788696640668350e-01
1.985900000000242471e+03,1.275005254875405947e-01
1.986000000000242380e+03,1.276221784679242854e-01
1.986100000000242289e+03,1.276220810082478452e-01
1.986200000000242426e+03,1.276219825643749861e-01
1.986300000000242562e+03,1.276218831363298278e-01
1.986400000000242471e+03,1.276217827241360736e-01
1.986500000000242380e+03,1.276216813278175932e-01
1.986600000000242517e+03,1.276215789473979512e-01
1.986700000000242653e+03,1.276214755829009062e-01
1.986800000000242562e+03,1.276230116295235251e-01
1.986900000000242471e+03,1.276259235104600653e-01
1.987000000000242608e+03,1.276288346398906370e-01
1.987100000000242744e+03,1.275330075331049529e-01
1.987200000000242653e+03,1.274371486402584019e-01
1.987300000000242562e+03,1.273412579572457681e-01
1.987400000000242699e+03,1.272453354799614189e-01
1.987500000000242835e+03,1.271493812043006377e-01
1.987600000000242744e+03,1.270533951261587635e-01
1.987700000000242653e+03,1.269573772414306079e-01
1.987800000000242790e+03,1.268613275460117873e-01
1.987900000000242926e+03,1.267660355778368053e-01
1.988000000000242835e+03,1.266729170509612867e-01
1.988100000000242744e+03,1.264338158467686324e-01
1.988200000000242881e+03,1.261947141218497104e-01
1.988300000000243017e+03,1.259556118777672151e-01
1.988400000000242926e+03,1.257165091160831194e-01
1.988500000000242835e+03,1.254774058383590074e-01
1.988600000000242972e+03,1.252383020461563246e-01
1.988700000000243108e+03,1.249991977410368771e-01
1.988800000000243017e+03,1.247600929245636509e-01
1.988900000000242926e+03,1.245209875982978137e-01
1.989000000000243062e+03,1.242818817635264889e-01
1.989100000000243199e+03,1.239300339446136184e-01
1.989200000000243108e+03,1.235781135624451077e-01
1.989300000000243017e+03,1.232261213284418372e-01
1.989400000000243153e+03,1.228740575910573923e-01
1.989500000000243290e+03,1.225219223446250977e-01
1.989600000000243199e+03,1.221697155834780141e-01
1.989700000000243108e+03,1.218174373019477313e-01
1.989800000000243244e+03,1.214650874943666026e-01
1.989900000000243381e+03,1.211126661550685352e-01
1.990000000000243290e+03,1.207601732780360926e-01
1.990100000000243199e+03,1.202633163645705494e-01
1.990200000000243335e+03,1.197685366450886441e-01
1.990300000000243472e+03,1.192746653297290238e-01
1.990400000000243381e+03,1.187820887897206995e-01
1.990500000000243290e+03,1.182909876152994505e-01
1.990600000000243426e+03,1.177999271671937159e-01
1.990700000000243563e+03,1.173089074524827635e-01
1.990800000000243472e+03,1.168179284782449312e-01
1.990900000000243381e+03,1.163269902515552123e-01
1.991000000000243517e+03,1.158360927792642381e-01
1.991100000000243654e+03,1.152532972450835969e-01
1.991200000000243563e+03,1.146692083877831475e-01
1.991300000000243472e+03,1.140834567279866013e-01
1.991400000000243608e+03,1.134975279674398652e-01
1.991500000000243745e+03,1.129114220773913824e-01
1.991600000000243654e+03,1.123251390290873342e-01
1.991700000000243563e+03,1.117386787937682535e-01
1.991800000000243699e+03,1.111520413426723281e-01
1.991900000000243836e+03,1.105652266470380229e-01
1.992000000000243745e+03,1.099772843193023014e-01
1.992100000000243654e+03,1.092802710999062343e-01
1.992200000000243790e+03,1.085830749498546133e-01
1.992300000000243926e+03,1.078856958446829661e-01
1.992400000000243836e+03,1.071877733194366994e-01
1.992500000000243745e+03,1.064875111285752823e-01
1.992600000000243881e+03,1.057870989342621637e-01
1.992700000000244017e+03,1.050865367250204824e-01
1.992800000000243926e+03,1.043850340146363631e-01
1.992900000000243836e+03,1.036819272495351080e-01
1.993000000000243972e+03,1.029787008886819399e-01
1.993100000000244108e+03,1.021704619987566787e-01
1.993200000000244017e+03,1.013622426032147056e-01
1.993300000000243926e+03,1.005540427177674251e-01
1.993400000000244063e+03,9.974586235812304968e-02
1.993500000000244199e+03,9.893770153999170702e-02
1.993600000000244108e+03,9.812888185830266619e-02
1.993700000000244017e+03,9.731858605609361446e-02
1.993800000000244154e+03,9.650834604037925035e-02
1.993900000000244290e+03,9.569816182554330419e-02
1.994000000000244199e+03,9.488803342575097277e-02
1.994100000000244108e+03,9.399030737024913207e-02
1.994200000000244245e+03,9.309280635351223354e-02
1.994300000000244381e+03,9.219553034493746524e-02
1.994400000000244290e+03,9.129792695179786421e-02
1.994500000000244199e+03,9.039908130800496100e-02
1.994600000000244336e+03,8.950050071676986241e-02
1.994700000000244472e+03,8.860218513328255163e-02
1.994800000000244381e+03,8.770413451273674499e-02
1.994900000000244290e+03,8.680634881032626982e-02
1.995000000000244427e+03,8.590882798111845742e-02
1.995100000000244563e+03,8.495847888360449907e-02
1.995200000000244472e+03,8.400825831439910629e-02
1.995300000000244381e+03,8.305816628198527118e-02
1.995400000000244518e+03,8.210820279483939388e-02
1.995500000000244654e+03,8.115836786143655612e-02
1.995600000000244563e+03,8.020866149024559466e-02
1.995700000000244472e+03,7.925908368972484075e-02
1.995800000000244609e+03,7.830851785029899204e-02
1.995900000000244745e+03,7.735554827390722643e-02
1.996000000000244654e+03,7.640279716702202961e-02
1.996100000000244563e+03,7.540307895927500503e-02
1.996200000000244700e+03,7.440383483647824980e-02
1.996300000000244836e+03,7.340506466168925104e-02
1.996400000000244745e+03,7.240676829799068404e-02
1.996500000000244654e+03,7.140894560848591588e-02
1.996600000000244790e+03,7.041159645630355735e-02
1.996700000000244927e+03,6.941472070460194543e-02
1.996800000000244836e+03,6.841808155404473235e-02
1.996900000000244745e+03,6.742054460505528257e-02
1.997000000000244881e+03,6.641890787120931228e-02
1.997100000000245018e+03,6.541838515407250032e-02
1.997200000000244927e+03,6.441809681939864030e-02
1.997300000000244836e+03,6.341804287617815172e-02
1.997400000000244972e+03,6.241822333338741674e-02
1.997500000000245109e+03,6.141863819999291568e-02
1.997600000000245018e+03,6.041928748494684864e-02
1.997700000000244927e+03,5.942017119718275703e-02
1.997800000000245063e+03,5.842128934561981179e-02
1.997900000000245200e+03,5.742264193916748333e-02
1.998000000000245109e+03,5.642422898863457686e-02
1.998100000000245018e+03,5.620667956365284212e-02
1.998200000000245154e+03,5.598915795349277552e-02
1.998300000000245291e+03,5.577166416823507722e-02
1.998400000000245200e+03,5.555458273330082797e-02
1.998500000000245109e+03,5.534210661849458396e-02
1.998600000000245245e+03,5.512961994856446085e-02
1.998700000000245382e+03,5.491712273417066054e-02
1.998800000000245291e+03,5.470461498597476574e-02
1.998900000000245200e+03,5.449209671463870613e-02
1.999000000000245336e+03,5.427956793292856852e-02
1.999100000000245473e+03,5.492416304496931800e-02
1.999200000000245382e+03,5.556988750664697274e-02
1.999300000000245291e+03,5.621699576106883867e-02
1.999400000000245427e+03,5.686408205795644155e-02
1.999500000000245564e+03,5.751114638133965340e-02
1.999600000000245473e+03,5.815818871524909561e-02
1.999700000000245382e+03,5.880520904371939334e-02
1.999800000000245518e+03,5.945220735078612234e-02
1.999900000000245655e+03,6.009918362048269347e-02
2.000000000000245564e+03,6.074613783688261048e-02
2.000100000000245473e+03,6.140906567929613896e-02
2.000200000000245609e+03,6.207196957511589702e-02
2.000300000000245745e+03,6.273458177210249065e-02
2.000400000000245655e+03,6.339593103748254743e-02
2.000500000000245564e+03,6.405720188516753066e-02
2.000600000000245700e+03,6.471837829452452284e-02
2.000700000000245836e+03,6.537949788443928045e-02
2.000800000000245745e+03,6.604056063966178003e-02
2.000900000000245655e+03,6.670300446216037571e-02
2.001000000000245791e+03,6.736547821928925983e-02
2.001100000000245927e+03,6.802667734564797619e-02
2.001200000000245836e+03,6.868766522005839703e-02
2.001300000000245745e+03,6.934844186755857731e-02
2.001400000000245882e+03,7.000900731319013859e-02
2.001500000000246018e+03,7.066785272544864882e-02
2.001600000000245927e+03,7.132628870993495962e-02
2.001700000000245836e+03,7.198448210944574654e-02
2.001800000000245973e+03,7.264243296033545683e-02
2.001900000000246109e+03,7.330014129895792707e-02
2.002000000000246018e+03,7.395760716167142090e-02
2.002100000000245927e+03,7.461531660186583592e-02
2.002200000000246064e+03,7.527279789669609478e-02
2.002300000000246200e+03,7.593005108355764532e-02
2.002400000000246109e+03,7.658707619984449211e-02
2.002500000000246018e+03,7.724387328295172217e-02
2.002600000000246155e+03,7.790158807132691043e-02
2.002700000000246291e+03,7.855980465719042405e-02
2.002800000000246200e+03,7.921782472373678496e-02
2.002900000000246109e+03,7.987564829808337097e-02
2.003000000000246246e+03,8.053327540736422707e-02
2.003100000000246382e+03,8.119792109081969134e-02
2.003200000000246291e+03,8.186264791471530022e-02
2.003300000000246200e+03,8.252902044393670145e-02
2.003400000000246337e+03,8.319578713395311964e-02
2.003500000000246473e+03,8.386266471742227779e-02
2.003600000000246382e+03,8.452965916069964114e-02
2.003700000000246291e+03,8.519613217924455750e-02
2.003800000000246428e+03,8.586135750351749085e-02
2.003900000000246564e+03,8.652666271493716921e-02
2.004000000000246473e+03,8.719204778606631789e-02
2.004100000000246382e+03,8.783036645178329826e-02
2.004200000000246519e+03,8.846903781659810895e-02
2.004300000000246655e+03,8.910768478692875083e-02
2.004400000000246564e+03,8.974630733907096314e-02
2.004500000000246473e+03,9.038490544932291371e-02
2.004600000000246609e+03,9.102347909398221526e-02
2.004700000000246746e+03,9.166202824934303883e-02
2.004800000000246655e+03,9.230068161457059828e-02
2.004900000000246564e+03,9.294299314263775036e-02
2.005000000000246700e+03,9.358581832029491676e-02
2.005100000000246837e+03,9.416887063354412168e-02
2.005200000000246746e+03,9.475158238115885534e-02
2.005300000000246655e+03,9.533395363848261306e-02
2.005400000000246791e+03,9.591598448086956219e-02
2.005500000000246928e+03,9.649767498368282126e-02
2.005600000000246837e+03,9.707902522229620856e-02
2.005700000000246746e+03,9.765364683944810498e-02
2.005800000000246882e+03,9.822547522666981445e-02
2.005900000000247019e+03,9.879686195198719711e-02
2.006000000000246928e+03,9.937152264503318344e-02
2.006100000000246837e+03,9.995796903354996210e-02
2.006200000000246973e+03,1.005446429342990167e-01
2.006300000000247110e+03,1.011315443635050770e-01
2.006400000000247019e+03,1.017186733373807855e-01
2.006500000000246928e+03,1.023044451687482176e-01
2.006600000000247064e+03,1.028897147507022714e-01
2.006700000000247201e+03,1.034751856160565781e-01
2.006800000000247110e+03,1.040608577662650996e-01
2.006900000000247019e+03,1.046467312027724861e-01
2.007000000000247155e+03,1.052328059267636784e-01
2.007100000000247292e+03,1.057255925443127964e-01
2.007200000000247201e+03,1.062245106653031124e-01
2.007300000000247110e+03,1.067232753734657369e-01
2.007400000000247246e+03,1.072218866827854000e-01
2.007500000000247383e+03,1.077203446072465959e-01
2.007600000000247292e+03,1.082186491608365803e-01
2.007700000000247201e+03,1.087168003575467307e-01
2.007800000000247337e+03,1.092147982113712695e-01
2.007900000000247474e+03,1.097126427363045442e-01
2.008000000000247383e+03,1.102103339462793541e-01
2.008100000000247292e+03,1.106822637536039600e-01
2.008200000000247428e+03,1.111549439165233216e-01
2.008300000000247564e+03,1.116298813797637346e-01
2.008400000000247474e+03,1.121050159339544994e-01
2.008500000000247383e+03,1.125803476224735977e-01
2.008600000000247519e+03,1.130558764887031054e-01
2.008700000000247655e+03,1.135316025760272074e-01
2.008800000000247564e+03,1.140075259278344466e-01
2.008900000000247474e+03,1.144851232763358095e-01
2.009000000000247610e+03,1.149640238097906497e-01
2.009100000000247746e+03,1.153321688532121803e-01
2.009200000000247655e+03,1.157002525719877939e-01
2.009300000000247564e+03,1.160682749632286626e-01
2.009400000000247701e+03,1.164336394674330283e-01
2.009500000000247837e+03,1.167987523937217553e-01
2.009600000000247746e+03,1.171637866171385822e-01
2.009700000000247655e+03,1.175287421404182103e-01
2.009800000000247792e+03,1.178936189662958406e-01
2.009900000000247928e+03,1.182584170975066323e-01
2.010000000000247837e+03,1.186231365366466617e-01
2.010100000000247746e+03,1.189313388924586740e-01
2.010200000000247883e+03,1.192396185738722747e-01
2.010300000000248019e+03,1.195479755902872782e-01
2.010400000000247928e+03,1.198564099511031239e-01
2.010500000000247837e+03,1.201649216657208613e-01
2.010600000000247974e+03,1.204735107435417063e-01
2.010700000000248110e+03,1.207821771939652372e-01
2.010800000000248019e+03,1.210909210263912128e-01
2.010900000000247928e+03,1.213997422502208906e-01
2.011000000000248065e+03,1.217086408745769038e-01
2.011100000000248201e+03,1.219051626796244653e-01
2.011200000000248110e+03,1.221016742750079126e-01
2.011300000000248019e+03,1.222994358783139751e-01
2.011400000000248156e+03,1.224986742636535036e-01
2.011500000000248292e+03,1.226979112804279098e-01
2.011600000000248201e+03,1.228982482849371449e-01
2.011700000000248110e+03,1.231004122987377492e-01
2.011800000000248247e+03,1.233025844139297583e-01
2.011900000000248383e+03,1.235047646277825650e-01
2.012000000000248292e+03,1.237069529373246157e-01
2.012100000000248201e+03,1.238109792052680541e-01
2.012200000000248338e+03,1.239134079555945511e-01
2.012300000000248474e+03,1.240158436628632371e-01
2.012400000000248383e+03,1.241182863262660085e-01
2.012500000000248292e+03,1.242207359449948173e-01
2.012600000000248428e+03,1.243231925182418651e-01
2.012700000000248565e+03,1.244256560451984100e-01
2.012800000000248474e+03,1.245281265250560432e-01
2.012900000000248383e+03,1.246306039570056201e-01
2.013000000000248519e+03,1.247330883400069867e-01
2.013100000000248656e+03,1.247422120459433237e-01
2.013200000000248565e+03,1.247513368620151025e-01
2.013300000000248474e+03,1.247604609399593500e-01
2.013400000000248610e+03,1.247695842793925675e-01
2.013500000000248747e+03,1.247787068799312282e-01
2.013600000000248656e+03,1.247878287411911952e-01
2.013700000000248565e+03,1.247969498627886226e-01
2.013800000000248701e+03,1.248060702443396786e-01
2.013900000000248838e+03,1.248176119651929483e-01
2.014000000000248747e+03,1.248296989752958469e-01
2.014100000000248656e+03,1.247156997768848474e-01
2.014200000000248792e+03,1.246016817983492536e-01
2.014300000000248929e+03,1.244876450393176265e-01
2.014400000000248838e+03,1.243735894994187491e-01
2.014500000000248747e+03,1.242586645986895888e-01
2.014600000000248883e+03,1.241417903318124127e-01
2.014700000000249020e+03,1.240249024388189319e-01
2.014800000000248929e+03,1.239080009204871491e-01
2.014900000000248838e+03,1.237910857775953305e-01
2.015000000000248974e+03,1.236788826722532708e-01
2.015100000000249111e+03,1.234491729402865529e-01
2.015200000000249020e+03,1.232194251927782175e-01
2.015300000000248929e+03,1.229896394313430563e-01
2.015400000000249065e+03,1.227598156575963190e-01
2.015500000000249202e+03,1.225299538731557947e-01
2.015600000000249111e+03,1.223000540796392727e-01
2.015700000000249020e+03,1.220701162786655414e-01
2.015800000000249156e+03,1.218401404718535280e-01
2.015900000000249292e+03,1.216101266608241166e-01
2.016000000000249202e+03,1.213800748468730900e-01
2.016100000000249111e+03,1.210189296309136103e-01
2.016200000000249247e+03,1.206578152862081144e-01
2.016300000000249383e+03,1.202967318273485409e-01
2.016400000000249292e+03,1.199356792689237478e-01
2.016500000000249202e+03,1.195746576255183463e-01
2.016600000000249338e+03,1.192136669117141584e-01
2.016700000000249474e+03,1.188527071420920345e-01
2.016800000000249383e+03,1.184917783312296885e-01
2.016900000000249292e+03,1.181308804937007267e-01
2.017000000000249429e+03,1.177700136438996348e-01
2.017100000000249565e+03,1.173383561654858798e-01
2.017200000000249474e+03,1.169064096870437858e-01
2.017300000000249383e+03,1.164687802177283710e-01
2.017400000000249520e+03,1.160307655152825745e-01
2.017500000000249656e+03,1.155925032819758586e-01
2.017600000000249565e+03,1.151539934373027735e-01
2.017700000000249474e+03,1.147156244865673302e-01
2.017800000000249611e+03,1.142791791751255892e-01
2.017900000000249747e+03,1.138424663945313969e-01
2.018000000000249656e+03,1.134054860463002273e-01
2.018100000000249565e+03,1.128241807459505197e-01
2.018200000000249702e+03,1.122429049303934057e-01
2.018300000000249838e+03,1.116616586150059598e-01
2.018400000000249747e+03,1.110786096925797939e-01
2.018500000000249656e+03,1.104948093302808021e-01
2.018600000000249793e+03,1.099110663075266864e-01
2.018700000000249929e+03,1.093273806342869997e-01
2.018800000000249838e+03,1.087437523205294215e-01
2.018900000000249747e+03,1.081601813762172321e-01
2.019000000000249884e+03,1.075766678111257646e-01
2.019100000000250020e+03,1.069184591314984029e-01
2.019200000000249929e+03,1.062599983079474952e-01
2.019300000000249838e+03,1.056012852817725389e-01
2.019400000000249975e+03,1.049423199942639551e-01
2.019500000000250111e+03,1.042831023867058782e-01
2.019600000000250020e+03,1.036236324003732279e-01
2.019700000000249929e+03,1.029639099765288640e-01
2.019800000000250066e+03,1.023039350564262651e-01
2.019900000000250202e+03,1.016437075813130531e-01
2.020000000000250111e+03,1.009832274921667744e-01
2.020100000000250020e+03,1.002183845591604616e-01
2.020200000000250157e+03,9.945348579511735509e-02
2.020300000000250293e+03,9.868853120664210221e-02
2.020400000000250202e+03,9.792352080034033568e-02
2.020500000000250111e+03,9.715845458281668900e-02
2.020600000000250247e+03,9.639425999866847727e-02
2.020700000000250384e+03,9.563590378716019247e-02
2.020800000000250293e+03,9.487738249362835663e-02
2.020900000000250202e+03,9.411869611263996849e-02
2.021000000000250338e+03,9.336401645592169729e-02
2.021100000000250475e+03,9.252425510134638931e-02
2.021200000000250384e+03,9.168441932793922056e-02
2.021300000000250293e+03,9.084450916414833765e-02
2.021400000000250429e+03,9.000455386905659161e-02
2.021500000000250566e+03,8.916454913204271970e-02
2.021600000000250475e+03,8.832446906475185933e-02
2.021700000000250384e+03,8.748431369552117642e-02
2.021800000000250520e+03,8.664594371221609470e-02
2.021900000000250657e+03,8.580754274731693110e-02
2.022000000000250566e+03,8.496902886738232075e-02
2.022100000000250475e+03,8.408131493812022461e-02
2.022200000000250611e+03,8.319330203606323249e-02
2.022300000000250748e+03,8.230499011276343202e-02
2.022400000000250657e+03,8.141637911977171738e-02
2.022500000000250566e+03,8.052746900863383406e-02
2.022600000000250702e+03,7.963661871619091837e-02
2.022700000000250839e+03,7.874542558739362763e-02
2.022800000000250748e+03,7.785405908611532644e-02
2.022900000000250657e+03,7.696242988140954144e-02
2.023000000000250793e+03,7.607053793980265988e-02
2.023100000000250930e+03,7.515139014260936723e-02
2.023200000000250839e+03,7.423170115477703557e-02
2.023300000000250748e+03,7.331147078081759472e-02
2.023400000000250884e+03,7.238784099540551686e-02
2.023500000000251021e+03,7.146336135585083793e-02
2.023600000000250930e+03,7.053842256354160567e-02
2.023700000000250839e+03,6.961302448826219014e-02
2.023800000000250975e+03,6.868716699977617246e-02
2.023900000000251111e+03,6.776084996783052206e-02
2.024000000000251021e+03,6.683360897872756001e-02
2.024100000000250930e+03,6.586884681181050250e-02
2.024200000000251066e+03,6.490424278372836087e-02
2.024300000000251202e+03,6.393979692955535643e-02
2.024400000000251111e+03,6.297550928435505235e-02
2.024500000000251021e+03,6.201137988317646094e-02
2.024600000000251157e+03,6.104740876105802655e-02
2.024700000000251293e+03,6.008359595303202488e-02
2.024800000000251202e+03,5.911994149412044125e-02
2.024900000000251111e+03,5.815644541933030764e-02
2.025000000000251248e+03,5.719310776498266052e-02
2.025100000000251384e+03,5.675684128989752497e-02
2.025200000000251293e+03,5.631517602885256074e-02
2.025300000000251202e+03,5.587345845957781415e-02
2.025400000000251339e+03,5.543168858305637381e-02
2.025500000000251475e+03,5.498986640027453410e-02
2.025600000000251384e+03,5.454799191221944982e-02
2.025700000000251293e+03,5.410606511987774841e-02
2.025800000000251430e+03,5.366408602423696633e-02
2.025900000000251566e+03,5.322205462628782496e-02
2.026000000000251475e+03,5.277997092972263465e-02
2.026100000000251384e+03,5.341091989999925682e-02
2.026200000000251521e+03,5.404211552410299879e-02
2.026300000000251657e+03,5.467166130158387233e-02
2.026400000000251566e+03,5.530071008566211227e-02
2.026500000000251475e+03,5.592994597117479511e-02
2.026600000000251612e+03,5.656028985655978114e-02
2.026700000000251748e+03,5.719119161406366336e-02
2.026800000000251657e+03,5.782230879296746534e-02
2.026900000000251566e+03,5.845364143176926680e-02
2.027000000000251703e+03,5.908518956897219898e-02
2.027100000000251839e+03,5.971761791398761537e-02
2.027200000000251748e+03,6.034993114622184268e-02
2.027300000000251657e+03,6.098212927135604478e-02
2.027400000000251794e+03,6.161289258291790388e-02
2.027500000000251930e+03,6.224189956577948213e-02
2.027600000000251839e+03,6.287073167052074918e-02
2.027700000000251748e+03,6.349938892059354967e-02
2.027800000000251885e+03,6.412787133944929108e-02
2.027900000000252021e+03,6.475617895053602247e-02
2.028000000000251930e+03,6.538431177733815269e-02
2.028100000000251839e+03,6.602691613108629953e-02
2.028200000000251976e+03,6.666944194904875221e-02
2.028300000000252112e+03,6.731188923216065156e-02
2.028400000000252021e+03,6.795425798135774909e-02
2.028500000000251930e+03,6.859626874070937075e-02
2.028600000000252066e+03,6.923683805444079409e-02
2.028700000000252203e+03,6.987729837036557590e-02
2.028800000000252112e+03,7.051764969355883705e-02
2.028900000000252021e+03,7.115789202909983402e-02
2.029000000000252157e+03,7.179704280105325687e-02
2.029100000000252294e+03,7.245438329315309622e-02
2.029200000000252203e+03,7.311173130774650808e-02
2.029300000000252112e+03,7.376921994300376928e-02
2.029400000000252248e+03,7.442687524047661429e-02
2.029500000000252385e+03,7.508469717892038431e-02
2.029600000000252294e+03,7.574268573707787500e-02
2.029700000000252203e+03,7.639761290247522318e-02
2.029800000000252339e+03,7.705225551484194690e-02
2.029900000000252476e+03,7.770698952200942589e-02
2.030000000000252385e+03,7.836182038442668363e-02
2.030100000000252294e+03,7.897561303665856514e-02
2.030200000000252430e+03,7.958895718041983369e-02
2.030300000000252567e+03,8.020185300837100184e-02
2.030400000000252476e+03,8.081430071311881957e-02
2.030500000000252385e+03,8.142630048721859193e-02
2.030600000000252521e+03,8.203883343586326760e-02
2.030700000000252658e+03,8.265179667758297544e-02
2.030800000000252567e+03,8.325951324074691573e-02
2.030900000000252476e+03,8.386364837342649703e-02
2.031000000000252612e+03,8.446724763250669510e-02
2.031100000000252749e+03,8.508217734347377215e-02
2.031200000000252658e+03,8.569697234684001130e-02
2.031300000000252567e+03,8.631163261788708796e-02
2.031400000000252703e+03,8.692615813190668339e-02
2.031500000000252840e+03,8.754054886419827819e-02
2.031600000000252749e+03,8.815480479007159476e-02
2.031700000000252658e+03,8.876892588484955326e-02
2.031800000000252794e+03,8.938291212386509366e-02
2.031900000000252930e+03,8.999676348245905233e-02
2.032000000000252840e+03,9.061047993585424898e-02
2.032100000000252749e+03,9.117328990558716539e-02
2.032200000000252885e+03,9.173658463076583836e-02
2.032300000000253021e+03,9.230056104287683028e-02
2.032400000000252930e+03,9.286410961938730557e-02
2.032500000000252840e+03,9.342723054502295732e-02
2.032600000000252976e+03,9.398992400446123940e-02
2.032700000000253112e+03,9.455219018232900730e-02
2.032800000000253021e+03,9.511402926320453033e-02
2.032900000000252930e+03,9.567544143162047543e-02
2.033000000000253067e+03,9.623575796088215673e-02
2.033100000000253203e+03,9.680181351769670539e-02
2.033200000000253112e+03,9.736792254666251645e-02
2.033300000000253021e+03,9.793408500647918236e-02
2.033400000000253158e+03,9.850030085583844075e-02
2.033500000000253294e+03,9.906657005342096867e-02
2.033600000000253203e+03,9.963289255790019894e-02
2.033700000000253112e+03,1.001992683279436525e-01
2.033800000000253249e+03,1.007648411360716340e-01
2.033900000000253385e+03,1.013290206054372616e-01
2.034000000000253294e+03,1.018915539048312890e-01
2.034100000000253203e+03,1.023813602897246378e-01
2.034200000000253340e+03,1.028746693697559361e-01
2.034300000000253476e+03,1.033688785401465360e-01
2.034400000000253385e+03,1.038628709395179456e-01
2.034500000000253294e+03,1.043566466236275914e-01
2.034600000000253431e+03,1.048502056482232686e-01
2.034700000000253567e+03,1.053435480690415871e-01
2.034800000000253476e+03,1.058366739418098446e-01
2.034900000000253385e+03,1.063295833222482473e-01
2.035000000000253522e+03,1.068222762659123137e-01
2.035100000000253658e+03,1.072533451716422004e-01
2.035200000000253567e+03,1.076841675109113938e-01
2.035300000000253476e+03,1.081172631556266139e-01
2.035400000000253613e+03,1.085520298968648129e-01
2.035500000000253749e+03,1.089848830053348483e-01
2.035600000000253658e+03,1.094175119500351012e-01
2.035700000000253567e+03,1.098499167981019514e-01
2.035800000000253704e+03,1.102820976166591638e-01
2.035900000000253840e+03,1.107140544728166531e-01
2.036000000000253749e+03,1.111457874335721741e-01
2.036100000000253658e+03,1.115383330021633285e-01
2.036200000000253794e+03,1.119315336234049107e-01
2.036300000000253931e+03,1.123265770275623382e-01
2.036400000000253840e+03,1.127227460058843750e-01
2.036500000000253749e+03,1.131231755107418163e-01
2.036600000000253885e+03,1.135236436520926512e-01
2.036700000000254022e+03,1.139241504219976608e-01
2.036800000000253931e+03,1.143246958125171964e-01
2.036900000000253840e+03,1.147252798157118170e-01
2.037000000000253976e+03,1.151264827517741590e-01
2.037100000000254113e+03,1.154333340807838226e-01
2.037200000000254022e+03,1.157402180749510928e-01
2.037300000000253931e+03,1.160470260324642233e-01
2.037400000000254067e+03,1.163537579613114076e-01
2.037500000000254204e+03,1.166604138694791043e-01
2.037600000000254113e+03,1.169747527917433666e-01
2.037700000000254022e+03,1.172896470741281449e-01
2.037800000000254158e+03,1.176050009266022545e-01
2.037900000000254295e+03,1.179224740438509916e-01
2.038000000000254204e+03,1.182399296586614384e-01
2.038100000000254113e+03,1.184832690505099040e-01
2.038200000000254249e+03,1.187266309521059493e-01
2.038300000000254386e+03,1.189700153633180824e-01
2.038400000000254295e+03,1.192134222840145752e-01
2.038500000000254204e+03,1.194568517140648239e-01
2.038600000000254340e+03,1.197003036533376835e-01
2.038700000000254477e+03,1.199456301984158507e-01
2.038800000000254386e+03,1.201919896765801382e-01
2.038900000000254295e+03,1.204383832485695915e-01
2.039000000000254431e+03,1.206848109156430093e-01
2.039100000000254568e+03,1.208466952674312339e-01
2.039200000000254477e+03,1.210086172090704820e-01
2.039300000000254386e+03,1.211705767460802552e-01
2.039400000000254522e+03,1.213320608569233711e-01
2.039500000000254659e+03,1.214911438493178342e-01
2.039600000000254568e+03,1.216502747166352538e-01
2.039700000000254477e+03,1.218094911938669284e-01
2.039800000000254613e+03,1.219708776204131845e-01
2.039900000000254749e+03,1.221359658433088385e-01
2.040000000000254659e+03,1.223010992978614403e-01
2.040100000000254568e+03,1.223819554275636656e-01
2.040200000000254704e+03,1.224628438080605092e-01
2.040300000000254840e+03,1.225437644490266348e-01
2.040400000000254749e+03,1.226247173601384410e-01
2.040500000000254659e+03,1.227057025510759763e-01
2.040600000000254795e+03,1.227867200315204549e-01
2.040700000000254931e+03,1.228677698111559219e-01
2.040800000000254840e+03,1.229488518996677687e-01
2.040900000000254749e+03,1.230302252992977463e-01
2.041000000000254886e+03,1.231142988596563015e-01
2.041100000000255022e+03,1.230666272158622704e-01
2.041200000000254931e+03,1.230189497566275963e-01
2.041300000000254840e+03,1.229712664828946783e-01
2.041400000000254977e+03,1.229235773956067201e-01
2.041500000000255113e+03,1.228758824957065648e-01
2.041600000000255022e+03,1.228281817841376522e-01
2.041700000000254931e+03,1.227804752618434775e-01
2.041800000000255068e+03,1.227327629297675915e-01
2.041900000000255204e+03,1.226823162055878241e-01
2.042000000000255113e+03,1.226318482239421026e-01
2.042100000000255022e+03,1.225035876049688777e-01
2.042200000000255159e+03,1.223752502070421938e-01
2.042300000000255295e+03,1.222468360038271029e-01
2.042400000000255204e+03,1.221183449689825645e-01
2.042500000000255113e+03,1.219897770761603079e-01
2.042600000000255250e+03,1.218611322990064832e-01
2.042700000000255386e+03,1.217298083365623701e-01
2.042800000000255295e+03,1.215982904470772619e-01
2.042900000000255204e+03,1.214667014059779837e-01
2.043000000000255341e+03,1.213350411915930516e-01
2.043100000000255477e+03,1.210726376609179006e-01
2.043200000000255386e+03,1.208056583018658203e-01
2.043300000000255295e+03,1.205346131793072900e-01
2.043400000000255432e+03,1.202635751155597399e-01
2.043500000000255568e+03,1.199950057529975966e-01
2.043600000000255477e+03,1.197266564727340055e-01
2.043700000000255386e+03,1.194583022018099461e-01
2.043800000000255523e+03,1.191899429418723927e-01
2.043900000000255659e+03,1.189215786945697351e-01
2.044000000000255568e+03,1.186532094612895438e-01
2.044100000000255477e+03,1.182830083008919592e-01
2.044200000000255613e+03,1.179127607841361086e-01
2.044300000000255750e+03,1.175427032726001769e-01
2.044400000000255659e+03,1.171666377895115158e-01
2.044500000000255568e+03,1.167905624601019848e-01
2.044600000000255704e+03,1.164144772860978838e-01
2.044700000000255841e+03,1.160383822692272887e-01
2.044800000000255750e+03,1.156622774112183033e-01
2.044900000000255659e+03,1.152861627137975187e-01
2.045000000000255795e+03,1.149100381784188135e-01
2.045100000000255932e+03,1.144271278649739154e-01
2.045200000000255841e+03,1.139442181193865561e-01
2.045300000000255750e+03,1.134613089463891306e-01
2.045400000000255886e+03,1.129784003507141449e-01
2.045500000000256023e+03,1.124903236920047761e-01
2.045600000000255932e+03,1.120021180283721773e-01
2.045700000000255841e+03,1.115139589147735172e-01
2.045800000000255977e+03,1.110258463547696556e-01
2.045900000000256114e+03,1.105377803519222157e-01
2.046000000000256023e+03,1.100497609095240636e-01
2.046100000000255932e+03,1.094570339380686735e-01
2.046200000000256068e+03,1.088644287352103363e-01
2.046300000000256205e+03,1.082719452898951856e-01
2.046400000000256114e+03,1.076795835910685090e-01
2.046500000000256023e+03,1.070873436276728458e-01
2.046600000000256159e+03,1.064952253886506661e-01
2.046700000000256296e+03,1.059032288629462859e-01
2.046800000000256205e+03,1.053113540395039377e-01
2.046900000000256114e+03,1.047196009072646899e-01
2.047000000000256250e+03,1.041279747921215193e-01
2.047100000000256387e+03,1.034704449164788181e-01
2.047200000000256296e+03,1.028127271848508217e-01
2.047300000000256205e+03,1.021548215802597637e-01
2.047400000000256341e+03,1.014967280857311666e-01
2.047500000000256478e+03,1.008417122348402722e-01
2.047600000000256387e+03,1.001877058855323993e-01
2.047700000000256296e+03,9.953249087645182902e-02
2.047800000000256432e+03,9.887564743537850809e-02
2.047900000000256568e+03,9.821858810678871232e-02
2.048000000000256478e+03,9.756131286599395436e-02
2.048100000000256387e+03,9.680567095662435950e-02
2.048200000000256296e+03,9.605006102140932478e-02
2.048300000000256659e+03,9.529302265879449618e-02
2.048400000000256568e+03,9.453537295814888608e-02
2.048500000000256478e+03,9.377778920103542470e-02
2.048600000000256841e+03,9.302027139396580602e-02
2.048700000000256750e+03,9.226281411991256454e-02
2.048800000000256659e+03,9.150566939437469738e-02
2.048900000000256568e+03,9.075047138898265087e-02
2.049000000000256478e+03,8.999530408233533119e-02
2.049100000000256841e+03,8.916948779387338930e-02
2.049200000000256750e+03,8.834377571707745236e-02
2.049300000000256659e+03,8.751816785193881898e-02
2.049400000000257023e+03,8.669266419844799676e-02
2.049500000000256932e+03,8.586726475660499958e-02
2.049600000000256841e+03,8.504196952639775375e-02
2.049700000000256750e+03,8.421677850781612851e-02
2.049800000000256659e+03,8.339169170084914651e-02
2.049900000000257023e+03,8.256783163544335891e-02
2.050000000000256932e+03,8.174641512794955656e-02
2.050100000000256841e+03,8.088681017100239623e-02
2.050200000000257205e+03,8.002696710930476409e-02
2.050300000000257114e+03,7.916688591253172314e-02
2.050400000000257023e+03,7.830656655034688718e-02
2.050500000000256932e+03,7.744600899241908809e-02
2.050600000000256841e+03,7.658521320841729652e-02
2.050700000000257205e+03,7.572417916800713855e-02
2.050800000000257114e+03,7.486290684086706337e-02
2.050900000000257023e+03,7.400139619666386281e-02
2.051000000000257387e+03,7.313964720493107419e-02
2.051100000000257296e+03,7.222480784617381355e-02
2.051200000000257205e+03,7.130949691769894461e-02
2.051300000000257114e+03,7.039446977827645835e-02
2.051400000000257023e+03,6.947972639007975182e-02
2.051500000000257387e+03,6.856608022291581228e-02
2.051600000000257296e+03,6.765340623745541571e-02
2.051700000000257205e+03,6.674097497441587590e-02
2.051800000000257569e+03,6.582878641681358389e-02
2.051900000000257478e+03,6.491684054767080103e-02
2.052000000000257387e+03,6.400513734999845050e-02
2.052100000000257296e+03,6.309643715939072806e-02
2.052200000000257205e+03,6.218712442401921198e-02
2.052300000000257569e+03,6.127726594428780510e-02
2.052400000000257478e+03,6.036792590204008435e-02
2.052500000000257387e+03,5.945839792272519797e-02
2.052600000000257751e+03,5.854868200686956514e-02
2.052700000000257660e+03,5.763877815501924906e-02
2.052800000000257569e+03,5.672868636771569162e-02
2.052900000000257478e+03,5.581840664551165204e-02
2.053000000000257387e+03,5.490793899060834177e-02
2.053100000000257751e+03,5.463474983023047793e-02
2.053200000000257660e+03,5.436155711463269008e-02
2.053300000000257569e+03,5.408836738422557328e-02
2.053400000000257933e+03,5.381644821097508052e-02
2.053500000000257842e+03,5.354451260096065868e-02
2.053600000000257751e+03,5.327256055922133249e-02
2.053700000000257660e+03,5.300059209079793776e-02
2.053800000000257569e+03,5.272860720073169888e-02
2.053900000000257933e+03,5.245611971683148550e-02
2.054000000000257842e+03,5.218293857197792845e-02
2.054100000000257751e+03,5.276818640887109835e-02
2.054200000000258115e+03,5.335330503936213525e-02
2.054300000000258024e+03,5.393829447008185313e-02
2.054400000000257933e+03,5.452315470767193223e-02
2.054500000000257842e+03,5.510978719087573224e-02
2.054600000000257751e+03,5.569706077819249618e-02
2.054700000000258115e+03,5.628284201546802923e-02
2.054800000000258024e+03,5.686614312362146817e-02
2.054900000000257933e+03,5.744929263472723507e-02
2.055000000000258296e+03,5.803229057067010865e-02
2.055100000000258206e+03,5.863208938838593287e-02
2.055200000000258115e+03,5.923177884777437729e-02
2.055300000000258024e+03,5.983135895338977800e-02
2.055400000000257933e+03,6.043082970978784496e-02
2.055500000000258296e+03,6.103019112152860415e-02
2.055600000000258206e+03,6.163009523860118327e-02
2.055700000000258115e+03,6.223072571258750352e-02
2.055800000000258478e+03,6.283127542280718403e-02
2.055900000000258387e+03,6.343174436736968846e-02
2.056000000000258296e+03,6.403213254444373170e-02
2.056100000000258206e+03,6.465170189981672699e-02
2.056200000000258115e+03,6.527139087747323154e-02
2.056300000000258478e+03,6.589075937004021388e-02
2.056400000000258387e+03,6.650919787401729510e-02
2.056500000000258296e+03,6.712772836521643804e-02
2.056600000000258660e+03,6.774635084350708047e-02
2.056700000000258569e+03,6.836506530874858489e-02
2.056800000000258478e+03,6.898387176080743310e-02
2.056900000000258387e+03,6.960277019954562439e-02
2.057000000000258296e+03,7.022176062483766190e-02
2.057100000000258660e+03,7.084625558100801634e-02
2.057200000000258569e+03,7.147090535658827404e-02
2.057300000000258478e+03,7.209570996564713952e-02
2.057400000000258842e+03,7.272066942225249853e-02
2.057500000000258751e+03,7.334578374046243909e-02
2.057600000000258660e+03,7.397105293434241835e-02
2.057700000000258569e+03,7.459647701795388275e-02
2.057800000000258478e+03,7.522205600535730730e-02
2.057900000000258842e+03,7.584741403159253603e-02
2.058000000000258751e+03,7.647159162292825607e-02
2.058100000000258660e+03,7.705718368020318676e-02
2.058200000000259024e+03,7.764238445780353992e-02
2.058300000000258933e+03,7.822719408337031055e-02
2.058400000000258842e+03,7.881161268453551472e-02
2.058500000000258751e+03,7.939564038891225306e-02
2.058600000000258660e+03,7.997934527467637222e-02
2.058700000000259024e+03,8.056201039475487102e-02
2.058800000000258933e+03,8.114131580182422365e-02
2.058900000000258842e+03,8.172017995570934890e-02
2.059000000000259206e+03,8.229742071768363088e-02
2.059100000000259115e+03,8.290893446116529009e-02
2.059200000000259024e+03,8.352069023778535550e-02
2.059300000000258933e+03,8.413268804871802675e-02
2.059400000000258842e+03,8.474492913888212464e-02
2.059500000000259206e+03,8.535713794733000570e-02
2.059600000000259115e+03,8.596794201640170496e-02
2.059700000000259024e+03,8.657896071654237746e-02
2.059800000000259388e+03,8.719019403140058910e-02
2.059900000000259297e+03,8.780164194459594285e-02
2.060000000000259206e+03,8.841330443961957497e-02
2.060100000000259115e+03,8.897976871003715482e-02
2.060200000000259024e+03,8.954469824402679079e-02
2.060300000000259388e+03,9.010994501278295210e-02
2.060400000000259297e+03,9.067870987434913099e-02
2.060500000000259206e+03,9.124741547192717628e-02
2.060600000000259570e+03,9.181606180414889073e-02
2.060700000000259479e+03,9.238464886963911049e-02
2.060800000000259388e+03,9.295317666703103998e-02
2.060900000000259297e+03,9.352164519495580197e-02
2.061000000000259206e+03,9.409005445187744454e-02
2.061100000000259570e+03,9.459350953868404799e-02
2.061200000000259479e+03,9.509851634588246949e-02
2.061300000000259388e+03,9.560311418672645667e-02
2.061400000000259752e+03,9.610730324736277419e-02
2.061500000000259661e+03,9.661108371387770732e-02
2.061600000000259570e+03,9.711445577230973236e-02
2.061700000000259479e+03,9.761741960864160628e-02
2.061800000000259388e+03,9.811997540880146307e-02
2.061900000000259752e+03,9.862271004954253906e-02
2.062000000000259661e+03,9.912611003690859068e-02
2.062100000000259570e+03,9.962429382552284718e-02
2.062200000000259934e+03,1.001224609895500356e-01
2.062300000000259843e+03,1.006206115213509750e-01
2.062400000000259752e+03,1.011205818289883929e-01
2.062500000000259661e+03,1.016211283427061463e-01
2.062600000000259570e+03,1.021216820435076333e-01
2.062700000000259934e+03,1.026222429242738821e-01
2.062800000000259843e+03,1.031228109778789120e-01
2.062900000000259752e+03,1.036233861972028769e-01
2.063000000000260115e+03,1.041239685750320609e-01
2.063100000000260025e+03,1.045886514996695743e-01
2.063200000000259934e+03,1.050534564511199781e-01
2.063300000000259843e+03,1.055183834413880445e-01
2.063400000000259752e+03,1.059834324824776713e-01
2.063500000000260115e+03,1.064473809432374546e-01
2.063600000000260025e+03,1.069101223196576578e-01
2.063700000000259934e+03,1.073729636111294544e-01
2.063800000000260297e+03,1.078359048209296123e-01
2.063900000000260206e+03,1.082989459523263087e-01
2.064000000000260115e+03,1.087620870083684244e-01
2.064100000000260025e+03,1.091393498678513985e-01
2.064200000000259934e+03,1.095165019042016880e-01
2.064300000000260297e+03,1.098935431369780641e-01
2.064400000000260206e+03,1.102682224669163241e-01
2.064500000000260115e+03,1.106425609010517064e-01
2.064600000000260479e+03,1.110162377465501449e-01
2.064700000000260388e+03,1.113876656427176121e-01
2.064800000000260297e+03,1.117589481485626451e-01
2.064900000000260206e+03,1.121300852997388076e-01
2.065000000000260115e+03,1.125005461174438393e-01
2.065100000000260479e+03,1.127947728386570619e-01
2.065200000000260388e+03,1.130888277101406297e-01
2.065300000000260297e+03,1.133827107956889846e-01
2.065400000000260661e+03,1.136764221590781110e-01
2.065500000000260570e+03,1.139699618640625245e-01
2.065600000000260479e+03,1.142633299743823355e-01
2.065700000000260388e+03,1.145565265537582950e-01
2.065800000000260297e+03,1.148470294871174885e-01
2.065900000000260661e+03,1.151370406313677458e-01
2.066000000000260570e+03,1.154268386225167503e-01
2.066100000000260479e+03,1.156736327493175093e-01
2.066200000000260843e+03,1.159204135883739190e-01
2.066300000000260752e+03,1.161671811334284710e-01
2.066400000000260661e+03,1.164139353782281672e-01
2.066500000000260570e+03,1.166606763165192878e-01
2.066600000000260479e+03,1.169074039420484740e-01
2.066700000000260843e+03,1.171541182485645871e-01
2.066800000000260752e+03,1.174008192298136022e-01
2.066900000000260661e+03,1.176439100368709550e-01
2.067000000000261025e+03,1.178849561034456817e-01
2.067100000000260934e+03,1.180318713081091320e-01
2.067200000000260843e+03,1.181787818407358109e-01
2.067300000000260752e+03,1.183255966905627649e-01
2.067400000000260661e+03,1.184723560117842273e-01
2.067500000000261025e+03,1.186190598139349323e-01
2.067600000000260934e+03,1.187636923664686511e-01
2.067700000000260843e+03,1.189076230220136032e-01
2.067800000000261207e+03,1.190514915932765622e-01
2.067900000000261116e+03,1.191952980933644879e-01
2.068000000000261025e+03,1.193390425351479739e-01
2.068100000000260934e+03,1.193918296892398229e-01
2.068200000000260843e+03,1.194445873093814836e-01
2.068300000000261207e+03,1.194973154034778690e-01
2.068400000000261116e+03,1.195480877437993111e-01
2.068500000000261025e+03,1.195980803422394545e-01
2.068600000000261389e+03,1.196480410037855519e-01
2.068700000000261298e+03,1.196979697382078850e-01
2.068800000000261207e+03,1.197478665552754312e-01
2.068900000000261116e+03,1.197977314647557384e-01
2.069000000000261025e+03,1.198475644760763348e-01
2.069100000000261389e+03,1.197682248042600539e-01
2.069200000000261298e+03,1.196933826329224237e-01
2.069300000000261207e+03,1.196194330190598204e-01
2.069400000000261571e+03,1.195455228782580925e-01
2.069500000000261480e+03,1.194716521926057484e-01
2.069600000000261389e+03,1.193978209441978605e-01
2.069700000000261298e+03,1.193240291151360793e-01
2.069800000000261207e+03,1.192502766875288694e-01
2.069900000000261571e+03,1.191765636434914677e-01
2.070000000000261480e+03,1.191011758268555459e-01
2.070100000000261389e+03,1.189750927342441145e-01
2.070200000000261753e+03,1.188490354040348806e-01
2.070300000000261662e+03,1.187230038381405645e-01
2.070400000000261571e+03,1.185969980384704858e-01
2.070500000000261480e+03,1.184710180069319524e-01
2.070600000000261389e+03,1.183450637454303150e-01
2.070700000000261753e+03,1.182191352558684405e-01
2.070800000000261662e+03,1.180964831414715449e-01
2.070900000000261571e+03,1.179759967869140058e-01
2.071000000000261934e+03,1.178555251838292323e-01
2.071100000000261844e+03,1.176360487335416788e-01
2.071200000000261753e+03,1.174166013404150388e-01
2.071300000000261662e+03,1.171971830098239853e-01
2.071400000000261571e+03,1.169792466821062277e-01
2.071500000000261934e+03,1.167626727157240196e-01
2.071600000000261844e+03,1.165475942120346858e-01
2.071700000000261753e+03,1.163336596974077486e-01
2.071800000000262116e+03,1.161197344832477218e-01
2.071900000000262025e+03,1.159058185761646931e-01
2.072000000000261934e+03,1.156919274962748406e-01
2.072100000000261844e+03,1.153498086981730592e-01
2.072200000000261753e+03,1.150078677899055296e-01
2.072300000000262116e+03,1.146661047106562470e-01
2.072400000000262025e+03,1.143231696446626450e-01
2.072500000000261934e+03,1.139785613282846138e-01
2.072600000000262298e+03,1.136320855384389678e-01
2.072700000000262207e+03,1.132858188877454292e-01
2.072800000000262116e+03,1.129397612908917686e-01
2.072900000000262025e+03,1.125939126625946085e-01
2.073000000000261934e+03,1.122482729173970295e-01
2.073100000000262298e+03,1.118268346393752749e-01
2.073200000000262207e+03,1.114071277764423079e-01
2.073300000000262116e+03,1.109892085865238076e-01
2.073400000000262480e+03,1.105713702021148409e-01
2.073500000000262389e+03,1.101536126246592945e-01
2.073600000000262298e+03,1.097359358555922842e-01
2.073700000000262207e+03,1.093183398963477049e-01
2.073800000000262116e+03,1.089008247483568420e-01
2.073900000000262480e+03,1.084833904130454857e-01
2.074000000000262389e+03,1.080660368915859620e-01
2.074100000000262298e+03,1.075511761339136146e-01
2.074200000000262662e+03,1.070364672142680301e-01
2.074300000000262571e+03,1.065219101098991705e-01
2.074400000000262480e+03,1.060075047980506557e-01
2.074500000000262389e+03,1.054932512559699775e-01
2.074600000000262298e+03,1.049791494609048081e-01
2.074700000000262662e+03,1.044651993901017373e-01
2.074800000000262571e+03,1.039514010208153205e-01
2.074900000000262480e+03,1.034377543302937436e-01
2.075000000000262844e+03,1.029242592955580266e-01
2.075100000000262753e+03,1.023239886203100024e-01
2.075200000000262662e+03,1.017238884262352816e-01
2.075300000000262571e+03,1.011239586902306087e-01
2.075400000000262480e+03,1.005241993891931168e-01
2.075500000000262844e+03,9.992461050001777423e-02
2.075600000000262753e+03,9.932491545035919411e-02
2.075700000000262662e+03,9.872493201674092944e-02
2.075800000000263026e+03,9.812512786552486654e-02
2.075900000000262935e+03,9.752643341040416469e-02
2.076000000000262844e+03,9.692929972316702281e-02
2.076100000000262753e+03,9.625145715154262427e-02
2.076200000000262662e+03,9.557381086705271644e-02
2.076300000000263026e+03,9.489636083892132035e-02
2.076400000000262935e+03,9.421910703638479434e-02
2.076500000000262844e+03,9.354204942867182238e-02
2.076600000000263208e+03,9.286518798501378069e-02
2.076700000000263117e+03,9.218852267465324490e-02
2.076800000000263026e+03,9.151205346682596276e-02
2.076900000000262935e+03,9.083578033077285840e-02
2.077000000000262844e+03,9.016021440306401513e-02
2.077100000000263208e+03,8.941007521008004222e-02
2.077200000000263117e+03,8.866084123928964777e-02
2.077300000000263026e+03,8.791330158033185127e-02
2.077400000000263390e+03,8.716604605230030001e-02
2.077500000000263299e+03,8.641907458777210727e-02
2.077600000000263208e+03,8.567238711932566309e-02
2.077700000000263117e+03,8.492598357955380428e-02
2.077800000000263026e+03,8.417986390106060868e-02
2.077900000000263390e+03,8.343402801645806444e-02
2.078000000000263299e+03,8.268895224967794111e-02
2.078100000000263208e+03,8.192692069983473213e-02
2.078200000000263572e+03,8.116445794917587220e-02
2.078300000000263481e+03,8.040156390442135259e-02
2.078400000000263390e+03,7.963823847228787556e-02
2.078500000000263299e+03,7.887448155950306516e-02
2.078600000000263208e+03,7.811029307280208112e-02
2.078700000000263572e+03,7.734567291892385787e-02
2.078800000000263481e+03,7.658137100329888425e-02
2.078900000000263390e+03,7.581927562338232340e-02
2.079000000000263753e+03,7.505667972907546781e-02
2.079100000000263663e+03,7.422256673740439126e-02
2.079200000000263572e+03,7.338860588432609411e-02
2.079300000000263481e+03,7.255285918888677854e-02
2.079400000000263390e+03,7.171579053333995701e-02
2.079500000000263753e+03,7.087895381336471734e-02
2.079600000000263663e+03,7.004206659596309836e-02
2.079700000000263572e+03,6.920414746476272194e-02
2.079800000000263935e+03,6.836649771482296301e-02
2.079900000000263844e+03,6.752911729780129713e-02
2.080000000000263753e+03,6.669200616527778958e-02
2.080100000000263663e+03,6.582870471102002241e-02
2.080200000000263572e+03,6.496576102817241960e-02
2.080300000000263935e+03,6.410317502878433438e-02
2.080400000000263844e+03,6.323972504005276329e-02
2.080500000000263753e+03,6.237079082963183779e-02
2.080600000000264117e+03,6.150241028045856650e-02
2.080700000000264026e+03,6.063458315407566773e-02
2.080800000000263935e+03,5.976730921209427727e-02
2.080900000000263844e+03,5.890058821621038665e-02
2.081000000000263753e+03,5.803441992821396084e-02
2.081100000000264117e+03,5.717370191351815734e-02
2.081200000000264026e+03,5.631350010796842831e-02
2.081300000000263935e+03,5.545577498500446623e-02
2.081400000000264299e+03,5.459822963178786320e-02
2.081500000000264208e+03,5.374086403867236322e-02
2.081600000000264117e+03,5.288115092568369119e-02
2.081700000000264026e+03,5.202169231405210509e-02
2.081800000000263935e+03,5.116249543710025410e-02
2.081900000000264299e+03,5.030353621648786522e-02
2.082000000000264208e+03,4.944481612869893600e-02
2.082100000000264117e+03,4.963587405695783772e-02
2.082200000000264481e+03,4.982690499063906903e-02
2.082300000000264390e+03,5.001790892277777067e-02
2.082400000000264299e+03,5.020888584641355901e-02
2.082500000000264208e+03,5.039983575458681364e-02
2.082600000000264117e+03,5.059075864034024567e-02
2.082700000000264481e+03,5.078252737503081982e-02
2.082800000000264390e+03,5.097462182103289913e-02
2.082900000000264299e+03,5.116669853316055394e-02
2.083000000000264663e+03,5.135875750520169092e-02
2.083100000000264572e+03,5.188986861556271757e-02
2.083200000000264481e+03,5.242056163584690037e-02
2.083300000000264390e+03,5.295083676878682005e-02
2.083400000000264299e+03,5.348069421704577248e-02
2.083500000000264663e+03,5.401013418322035686e-02
2.083600000000264572e+03,5.453915686983046296e-02
2.083700000000264481e+03,5.506776217673478580e-02
2.083800000000264845e+03,5.559648030847167549e-02
2.083900000000264754e+03,5.612555057040118089e-02
2.084000000000264663e+03,5.665422881012870809e-02
2.084100000000264572e+03,5.721025978425543085e-02
2.084200000000264481e+03,5.776619396628956266e-02
2.084300000000264845e+03,5.832203135582186143e-02
2.084400000000264754e+03,5.887777195243733969e-02
2.084500000000264663e+03,5.943215342416052760e-02
2.084600000000265027e+03,5.998634541728602165e-02
2.084700000000264936e+03,6.054041576432322991e-02
2.084800000000264845e+03,6.109436447193177661e-02
2.084900000000264754e+03,6.164842270836340399e-02
2.085000000000264663e+03,6.220362320656687427e-02
2.085100000000265027e+03,6.275323904221118132e-02
2.085200000000264936e+03,6.330254801403252529e-02
2.085300000000264845e+03,6.385024914120557282e-02
2.085400000000265209e+03,6.439749142792375314e-02
2.085500000000265118e+03,6.494442838332487034e-02
2.085600000000265027e+03,6.549110351744973080e-02
2.085700000000264936e+03,6.603748025056434268e-02
2.085800000000264845e+03,6.658352837747291697e-02
2.085900000000265209e+03,6.712924802706224381e-02
2.086000000000265118e+03,6.767463932823455930e-02
2.086100000000265027e+03,6.824595039708773736e-02
2.086200000000265391e+03,6.881775700343334412e-02
2.086300000000265300e+03,6.938966258145252974e-02
2.086400000000265209e+03,6.996166710995711802e-02
2.086500000000265118e+03,7.053377056775066156e-02
2.086600000000265027e+03,7.110597293363103699e-02
2.086700000000265391e+03,7.167827418639324821e-02
2.086800000000265300e+03,7.225067430481868502e-02
2.086900000000265209e+03,7.282317326769084664e-02
2.087000000000265572e+03,7.339577105371423993e-02
2.087100000000265482e+03,7.394059111214867919e-02
2.087200000000265391e+03,7.448411836940012354e-02
2.087300000000265300e+03,7.502667400176214751e-02
2.087400000000265209e+03,7.556897535086766482e-02
2.087500000000265572e+03,7.611095178851338960e-02
2.087600000000265482e+03,7.665267388409749416e-02
2.087700000000265391e+03,7.719826142173842609e-02
2.087800000000265754e+03,7.774472774652094187e-02
2.087900000000265663e+03,7.829101294794364729e-02
2.088000000000265572e+03,7.883711705235042777e-02
2.088100000000265482e+03,7.938932903607757996e-02
2.088200000000265391e+03,7.994163346475226251e-02
2.088300000000265754e+03,8.049342062339910620e-02
2.088400000000265663e+03,8.104395856884748228e-02
2.088500000000265572e+03,8.159180075411788524e-02
2.088600000000265936e+03,8.213877250137215091e-02
2.088700000000265845e+03,8.268576088480360242e-02
2.088800000000265754e+03,8.323276588513153773e-02
2.088900000000265663e+03,8.377978748307098045e-02
2.089000000000265572e+03,8.432682565921491291e-02
2.089100000000265936e+03,8.482821098692173989e-02
2.089200000000265845e+03,8.532930673790943554e-02
2.089300000000265754e+03,8.583011301095570811e-02
2.089400000000266118e+03,8.633070246480463450e-02
2.089500000000266027e+03,8.683301760703374117e-02
2.089600000000265936e+03,8.733506780263015912e-02
2.089700000000265845e+03,8.783685313293129737e-02
2.089800000000265754e+03,8.833837367925942430e-02
2.089900000000266118e+03,8.883962952292401294e-02
2.090000000000266027e+03,8.934062074521828545e-02
2.090100000000265936e+03,8.984375702399799435e-02
2.090200000000266300e+03,9.034697779962760911e-02
2.090300000000266209e+03,9.085028305970428708e-02
2.090400000000266118e+03,9.135367279182744771e-02
2.090500000000266027e+03,9.185714698358914132e-02
2.090600000000265936e+03,9.236238154286227631e-02
2.090700000000266300e+03,9.286826680465486150e-02
2.090800000000266209e+03,9.337426089594440259e-02
2.090900000000266118e+03,9.388036381332889868e-02
2.091000000000266482e+03,9.438657555331717020e-02
2.091100000000266391e+03,9.486115963189560574e-02
2.091200000000266300e+03,9.533588955866563464e-02
2.091300000000266209e+03,9.581076534204695239e-02
2.091400000000266118e+03,9.628578699045292622e-02
2.091500000000266482e+03,9.676095451229377309e-02
2.091600000000266391e+03,9.723626791596708119e-02
2.091700000000266300e+03,9.771395664897851441e-02
2.091800000000266664e+03,9.819429596333748012e-02
2.091900000000266573e+03,9.867482734025834201e-02
2.092000000000266482e+03,9.915555081444434038e-02
2.092100000000266391e+03,9.953003203665605758e-02
2.092200000000266300e+03,9.990417779826041289e-02
2.092300000000266664e+03,1.002779882551772944e-01
2.092400000000266573e+03,1.006514635632809462e-01
2.092500000000266482e+03,1.010258769974717169e-01
2.092600000000266846e+03,1.014009580637042357e-01
2.092700000000266755e+03,1.017757211619932656e-01
2.092800000000266664e+03,1.021506431343816024e-01
2.092900000000266573e+03,1.025272384780103740e-01
2.093000000000266482e+03,1.029035343150045967e-01
2.093100000000266846e+03,1.032850875121954781e-01
2.093200000000266755e+03,1.036667765238032529e-01
2.093300000000266664e+03,1.040473801456598402e-01
2.093400000000267028e+03,1.044269977998745769e-01
2.093500000000266937e+03,1.048067342923616474e-01
2.093600000000266846e+03,1.051865896375476506e-01
2.093700000000266755e+03,1.055665638498561598e-01
2.093800000000266664e+03,1.059465992468163476e-01
2.093900000000267028e+03,1.063267419280090609e-01
2.094000000000266937e+03,1.067070030253259999e-01
2.094100000000266846e+03,1.070072321934162074e-01
2.094200000000267210e+03,1.073099148912794731e-01
2.094300000000267119e+03,1.076125923571526755e-01
2.094400000000267028e+03,1.079152645856065740e-01
2.094500000000266937e+03,1.082179315712104017e-01
2.094600000000266846e+03,1.085205933085334890e-01
2.094700000000267210e+03,1.088232497921464842e-01
2.094800000000267119e+03,1.091258986180336094e-01
2.094900000000267028e+03,1.094295356791975538e-01
2.095000000000267391e+03,1.097345318004454701e-01
2.095100000000267300e+03,1.099846187451572893e-01
2.095200000000267210e+03,1.102347645975197549e-01
2.095300000000267119e+03,1.104849693648780468e-01
2.095400000000267028e+03,1.107352330545768593e-01
2.095500000000267391e+03,1.109855556739624272e-01
2.095600000000267300e+03,1.112359372303780986e-01
2.095700000000267210e+03,1.114863777311699278e-01
2.095800000000267573e+03,1.117368771836846908e-01
2.095900000000267482e+03,1.119874355952655970e-01
2.096000000000267391e+03,1.122380529730111348e-01
2.096100000000267300e+03,1.123958082228983524e-01
2.096200000000267210e+03,1.125516348541041045e-01
2.096300000000267573e+03,1.127039223825745395e-01
2.096400000000267482e+03,1.128561466841569993e-01
2.096500000000267391e+03,1.130064682562291339e-01
2.096600000000267755e+03,1.131535604186077043e-01
2.096700000000267664e+03,1.133006072956464771e-01
2.096800000000267573e+03,1.134476088949041145e-01
2.096900000000267482e+03,1.135945652239377379e-01
2.097000000000267391e+03,1.137414762901363119e-01
2.097100000000267755e+03,1.138257574631634378e-01
2.097200000000267664e+03,1.139100386042405932e-01
2.097300000000267573e+03,1.139934747066099624e-01
2.097400000000267937e+03,1.140752018952362473e-01
2.097500000000267846e+03,1.141569253529054473e-01
2.097600000000267755e+03,1.142386450789297375e-01
2.097700000000267664e+03,1.143203610726209046e-01
2.097800000000267573e+03,1.144020733332901940e-01
2.097900000000267937e+03,1.144837818602502666e-01
2.098000000000267846e+03,1.145654866525981086e-01
2.098100000000267755e+03,1.145674127751765414e-01
2.098200000000268119e+03,1.145693383371468727e-01
2.098300000000268028e+03,1.145712633384815271e-01
2.098400000000267937e+03,1.145731877791517500e-01
2.098500000000267846e+03,1.145751148071300213e-01
2.098600000000267755e+03,1.145771470491506461e-01
2.098700000000268119e+03,1.145791787342335943e-01
2.098800000000268028e+03,1.145812098623491676e-01
2.098900000000267937e+03,1.145838918975366633e-01
2.099000000000268301e+03,1.145884866166808902e-01
2.099100000000268210e+03,1.144935053031041483e-01
2.099200000000268119e+03,1.143985352132560057e-01
2.099300000000268028e+03,1.143035763468022992e-01
2.099400000000267937e+03,1.142086287034087266e-01
2.099500000000268301e+03,1.141136922827406114e-01
2.099600000000268210e+03,1.140187670844644563e-01
2.099700000000268119e+03,1.139238531082456402e-01
2.099800000000268483e+03,1.138289503537492087e-01
2.099900000000268392e+03,1.137340588206417619e-01
2.100000000000268301e+03,1.136391785083439437e-01
2.100100000000268210e+03,1.134532507651360433e-01
2.100200000000268119e+03,1.132673488262791600e-01
2.100300000000268483e+03,1.130814726918780017e-01
2.100400000000268392e+03,1.128956794361850452e-01
2.100500000000268301e+03,1.127099619646624584e-01
2.100600000000268665e+03,1.125242699447148303e-01
2.100700000000268574e+03,1.123398570151310644e-01
2.100800000000268483e+03,1.121596131360019788e-01
2.100900000000268392e+03,1.119793771833169777e-01
2.101000000000268301e+03,1.117991491590800274e-01
2.101100000000268665e+03,1.115611268261892802e-01
2.101200000000268574e+03,1.113229655204317353e-01
2.101300000000268483e+03,1.110846651982675126e-01
2.101400000000268847e+03,1.108462258161490993e-01
2.101500000000268756e+03,1.106076473305247498e-01
2.101600000000268665e+03,1.103689296978321577e-01
2.101700000000268574e+03,1.101300728745024937e-01
2.101800000000268483e+03,1.098910768169591989e-01
2.101900000000268847e+03,1.096519414816175542e-01
2.102000000000268756e+03,1.094126668245804374e-01
2.102100000000268665e+03,1.090583978710298746e-01
2.102200000000269029e+03,1.087019039905154083e-01
2.102300000000268938e+03,1.083452936574383213e-01
2.102400000000268847e+03,1.079886669539283639e-01
2.102500000000268756e+03,1.076320238823023634e-01
2.102600000000268665e+03,1.072753644448773414e-01
2.102700000000269029e+03,1.069186886503805112e-01
2.102800000000268938e+03,1.065619967871504897e-01
2.102900000000268847e+03,1.062054337532511300e-01
2.103000000000269210e+03,1.058510772529145522e-01
2.103100000000269119e+03,1.053791822886161744e-01
2.103200000000269029e+03,1.049075079170869174e-01
2.103300000000268938e+03,1.044360540849883223e-01
2.103400000000268847e+03,1.039648207389877177e-01
2.103500000000269210e+03,1.034938078257552352e-01
2.103600000000269119e+03,1.030230152919730663e-01
2.103700000000269029e+03,1.025524947325401198e-01
2.103800000000269392e+03,1.020844266927524169e-01
2.103900000000269301e+03,1.016165578337812903e-01
2.104000000000269210e+03,1.011488881169312626e-01
2.104100000000269119e+03,1.006167708779835274e-01
2.104200000000269029e+03,1.000832038402421215e-01
2.104300000000269392e+03,9.954971451588021103e-02
2.104400000000269301e+03,9.901630290284270386e-02
2.104500000000269210e+03,9.848296899906616719e-02
2.104600000000269574e+03,9.794755667618093575e-02
2.104700000000269483e+03,9.741221058939918132e-02
2.104800000000269392e+03,9.687696615324507821e-02
2.104900000000269301e+03,9.634182335883377524e-02
2.105000000000269210e+03,9.580678219715731136e-02
2.105100000000269574e+03,9.522600493034770464e-02
2.105200000000269483e+03,9.464496947438798269e-02
2.105300000000269392e+03,9.406367577719336459e-02
2.105400000000269756e+03,9.347868167182105115e-02
2.105500000000269665e+03,9.289428854196998819e-02
2.105600000000269574e+03,9.230966971735066195e-02
2.105700000000269483e+03,9.172482516648369777e-02
2.105800000000269392e+03,9.113975485789309328e-02
2.105900000000269756e+03,9.055446224333606187e-02
2.106000000000269665e+03,8.996902583118362995e-02
2.106100000000269574e+03,8.931189527743797762e-02
2.106200000000269938e+03,8.865098016932834724e-02
2.106300000000269847e+03,8.798956370989449716e-02
2.106400000000269756e+03,8.732801855273121527e-02
2.106500000000269665e+03,8.666634470519479772e-02
2.106600000000269574e+03,8.600454217464698070e-02
2.106700000000269938e+03,8.534261096845222050e-02
2.106800000000269847e+03,8.468055109398921199e-02
2.106900000000269756e+03,8.401836255863355529e-02
2.107000000000270120e+03,8.335442600817576098e-02
2.107100000000270029e+03,8.260076023402643242e-02
2.107200000000269938e+03,8.184758129802774396e-02
2.107300000000269847e+03,8.109488900494142560e-02
2.107400000000269756e+03,8.034268315958242868e-02
2.107500000000270120e+03,7.959201736739801580e-02
2.107600000000270029e+03,7.884267214141019164e-02
2.107700000000269938e+03,7.809377669260578192e-02
2.107800000000270302e+03,7.734676703876824932e-02
2.107900000000270211e+03,7.660047135362926807e-02
2.108000000000270120e+03,7.585459162913356368e-02
2.108100000000270029e+03,7.509142577028141141e-02
2.108200000000269938e+03,7.432816887176199594e-02
2.108300000000270302e+03,7.356482094328210819e-02
2.108400000000270211e+03,7.280141861098375633e-02
2.108500000000270120e+03,7.203792780457769773e-02
2.108600000000270484e+03,7.127354569838934006e-02
2.108700000000270393e+03,7.050999886301043129e-02
2.108800000000270302e+03,6.974635753429868357e-02
2.108900000000270211e+03,6.898262172447973406e-02
2.109000000000270120e+03,6.821879144568912534e-02
2.109100000000270484e+03,6.741987536680277282e-02
2.109200000000270393e+03,6.662100813060022053e-02
2.109300000000270302e+03,6.582218975187568988e-02
2.109400000000270666e+03,6.502342024542223653e-02
2.109500000000270575e+03,6.422469962604220040e-02
2.109600000000270484e+03,6.342603069677714422e-02
2.109700000000270393e+03,6.262746739754943004e-02
2.109800000000270302e+03,6.182895151146913792e-02
2.109900000000270666e+03,6.103048305345994129e-02
2.110000000000270575e+03,6.023206203840266587e-02
2.110100000000270484e+03,5.941441095178241760e-02
2.110200000000270848e+03,5.859136557096446263e-02
2.110300000000270757e+03,5.776648172093058059e-02
2.110400000000270666e+03,5.694204414692047994e-02
2.110500000000270575e+03,5.611805271651405802e-02
2.110600000000270484e+03,5.529450729731169578e-02
2.110700000000270848e+03,5.447140775693071202e-02
2.110800000000270757e+03,5.364875396301996974e-02
2.110900000000270666e+03,5.282384116196808810e-02
2.111000000000271029e+03,5.199915210709211283e-02
2.111100000000270938e+03,4.678216540268318596e-02
2.111200000000270848e+03,4.156897696771392342e-02
2.111300000000270757e+03,3.635958507454313537e-02
2.111400000000270666e+03,3.115398799607835625e-02
2.111500000000271029e+03,2.595219755352975305e-02
2.111600000000270938e+03,2.075413927872522823e-02
2.111700000000270848e+03,1.555967925793450002e-02
2.111800000000271211e+03,1.036946670549705740e-02
2.111900000000271120e+03,5.182991953662183585e-03
2.112000000000271029e+03,1.418792225260371989e-11
2.112100000000270938e+03,5.233533032727355830e-03
2.112200000000270848e+03,1.046447790989219959e-02
2.112300000000271211e+03,1.569283541552494651e-02
2.112400000000271120e+03,2.091860631924539332e-02
2.112500000000271029e+03,2.614179139059320464e-02
2.112600000000271393e+03,3.136363908323989286e-02
2.112700000000271302e+03,3.658430140691500826e-02
2.112800000000271211e+03,4.180307600490354436e-02
2.112900000000271120e+03,4.701996328578315204e-02
2.113000000000271029e+03,5.223496364535050451e-02
2.113100000000271393e+03,5.275389288528310044e-02
2.113200000000271302e+03,5.327053558969297581e-02
2.113300000000271211e+03,5.378703450327283059e-02
2.113400000000271575e+03,5.430475304482174775e-02
2.113500000000271484e+03,5.482343759601620431e-02
2.113600000000271393e+03,5.534202491120924355e-02
2.113700000000271302e+03,5.586051498213175093e-02
2.113800000000271211e+03,5.637890780052090545e-02
2.113900000000271575e+03,5.689720335812239321e-02
2.114000000000271484e+03,5.741540164668745838e-02
2.114100000000271393e+03,5.793590020488764009e-02
2.114200000000271757e+03,5.845686675128946436e-02
2.114300000000271666e+03,5.897826429883579191e-02
2.114400000000271575e+03,5.949947002315914696e-02
2.114500000000271484e+03,6.002048396246387196e-02
2.114600000000271393e+03,6.054130615495097872e-02
2.114700000000271757e+03,6.106193663882061168e-02
2.114800000000271666e+03,6.158237545226215998e-02
2.114900000000271575e+03,6.210262263346920386e-02
2.115000000000271939e+03,6.262132259325479955e-02
2.115100000000271848e+03,6.313102406067525041e-02
2.115200000000271757e+03,6.364030017967250985e-02
2.115300000000271666e+03,6.414915118388393733e-02
2.115400000000271575e+03,6.465849331026571334e-02
2.115500000000271939e+03,6.516807296055728005e-02
2.115600000000271848e+03,6.567725281584535502e-02
2.115700000000271757e+03,6.618603308225370907e-02
2.115800000000272121e+03,6.669374970478096631e-02
2.115900000000272030e+03,6.720021792347767586e-02
2.116000000000271939e+03,6.770626434322921106e-02
2.116100000000271848e+03,6.822541651234048654e-02
2.116200000000271757e+03,6.874437832819214889e-02
2.116300000000272121e+03,6.926314982743282667e-02
2.116400000000272030e+03,6.978173104670117033e-02
2.116500000000271939e+03,7.030064311304078106e-02
2.116600000000272303e+03,7.081797883876839173e-02
2.116700000000272212e+03,7.133130069884824342e-02
2.116800000000272121e+03,7.184436422121857901e-02
2.116900000000272030e+03,7.235716947625937812e-02
2.117000000000271939e+03,7.286971253032857587e-02
2.117100000000272303e+03,7.337969094517077240e-02
2.117200000000272212e+03,7.388948977504285198e-02
2.117300000000272121e+03,7.439910903762494976e-02
2.117400000000272485e+03,7.491224946079255709e-02
2.117500000000272394e+03,7.543170068957030794e-02
2.117600000000272303e+03,7.595111178358023019e-02
2.117700000000272212e+03,7.647048273168945143e-02
2.117800000000272121e+03,7.698981352276640377e-02
2.117900000000272485e+03,7.750910414568411289e-02
2.118000000000272394e+03,7.802835458921696110e-02
2.118100000000272303e+03,7.851321563757564237e-02
2.118200000000272667e+03,7.899778106780198927e-02
2.118300000000272576e+03,7.948205099748402447e-02
2.118400000000272485e+03,7.996602554418089093e-02
2.118500000000272394e+03,8.044970482541281831e-02
2.118600000000272303e+03,8.093308895866434260e-02
2.118700000000272667e+03,8.141617806138592983e-02
2.118800000000272576e+03,8.189897225098542732e-02
2.118900000000272485e+03,8.238147164484120599e-02
2.119000000000272848e+03,8.286259884815078136e-02
2.119100000000272757e+03,8.334148674519828437e-02
2.119200000000272667e+03,8.382029059253685854e-02
2.119300000000272576e+03,8.429901038181007722e-02
2.119400000000272485e+03,8.477764610466624606e-02
2.119500000000272848e+03,8.525619775276153944e-02
2.119600000000272757e+03,8.573466531775074395e-02
2.119700000000272667e+03,8.621304879130028964e-02
2.119800000000273030e+03,8.668988233883007100e-02
2.119900000000272939e+03,8.716221271115330571e-02
2.120000000000272848e+03,8.763439441041168121e-02
2.120100000000272757e+03,8.804813955975861195e-02
2.120200000000272667e+03,8.846144644967567083e-02
2.120300000000273030e+03,8.887431374666891759e-02
2.120400000000272939e+03,8.928674175170157878e-02
2.120500000000272848e+03,8.969873076558332325e-02
2.120600000000273212e+03,9.010942123461360143e-02
2.120700000000273121e+03,9.051646430788748421e-02
2.120800000000273030e+03,9.092311303902204933e-02
2.120900000000272939e+03,9.132928757228689354e-02
2.121000000000272848e+03,9.173540043414611656e-02
2.121100000000273212e+03,9.216044511160884078e-02
2.121200000000273121e+03,9.258552065536615472e-02
2.121300000000273030e+03,9.301062700743291389e-02
2.121400000000273394e+03,9.343576410982130931e-02
2.121500000000273303e+03,9.386093190453571877e-02
2.121600000000273212e+03,9.428613033358401729e-02
2.121700000000273121e+03,9.471135933896926429e-02
2.121800000000273030e+03,9.513662688750174068e-02
2.121900000000273394e+03,9.556197180537388813e-02
2.122000000000273303e+03,9.598734761377153424e-02
2.122100000000273212e+03,9.631451981953501051e-02
2.122200000000273576e+03,9.664370756236174975e-02
2.122300000000273485e+03,9.697462863474137773e-02
2.122400000000273394e+03,9.730518941954434398e-02
2.122500000000273303e+03,9.763539015317736214e-02
2.122600000000273212e+03,9.796517832099778389e-02
2.122700000000273576e+03,9.829456604908023976e-02
2.122800000000273485e+03,9.862359380925739272e-02
2.122900000000273394e+03,9.895226183851468793e-02
2.123000000000273758e+03,9.928057037368787086e-02
2.123100000000273667e+03,9.959519926961607483e-02
2.123200000000273576e+03,9.990972578210570443e-02
2.123300000000273485e+03,1.002256636664662914e-01
2.123400000000273394e+03,1.005424179162139053e-01
2.123500000000273758e+03,1.008590850470233585e-01
2.123600000000273667e+03,1.011756650563790799e-01
2.123700000000273576e+03,1.014921579417754072e-01
2.123800000000273940e+03,1.018090946862373475e-01
2.123900000000273849e+03,1.021346185971430398e-01
2.124000000000273758e+03,1.024601140384938380e-01
2.124100000000273667e+03,1.027130638653960953e-01
2.124200000000273576e+03,1.029658994388037846e-01
2.124300000000273940e+03,1.032186207901973907e-01
2.124400000000273849e+03,1.034720903702589234e-01
2.124500000000273758e+03,1.037270900796629369e-01
2.124600000000274122e+03,1.039818522768981152e-01
2.124700000000274031e+03,1.042296013608863814e-01
2.124800000000273940e+03,1.044772140508632430e-01
2.124900000000273849e+03,1.047246903901941639e-01
2.125000000000273758e+03,1.049720304221331141e-01
2.125100000000274122e+03,1.051819119986120155e-01
2.125200000000274031e+03,1.053917771416651022e-01
2.125300000000273940e+03,1.056016258431826116e-01
2.125400000000274304e+03,1.058110994713808567e-01
2.125500000000274213e+03,1.060228284947120764e-01
2.125600000000274122e+03,1.062345950994292576e-01
2.125700000000274031e+03,1.064463532595052719e-01
2.125800000000273940e+03,1.066581029675734010e-01
2.125900000000274304e+03,1.068698442162682033e-01
2.126000000000274213e+03,1.070815769979908405e-01
2.126100000000274122e+03,1.072090516443139768e-01
2.126200000000274486e+03,1.073364751990262267e-01
2.126300000000274395e+03,1.074752059834549883e-01
2.126400000000274304e+03,1.076145729944664592e-01
2.126500000000274213e+03,1.077539193920517696e-01
2.126600000000274122e+03,1.078932451769581552e-01
2.126700000000274486e+03,1.080345965547001991e-01
2.126800000000274395e+03,1.081764952560340942e-01
2.126900000000274304e+03,1.083183800708037436e-01
2.127000000000274667e+03,1.084602509981122537e-01
2.127100000000274576e+03,1.085512317110313985e-01
2.127200000000274486e+03,1.086427077392411872e-01
2.127300000000274395e+03,1.087342071776036673e-01
2.127400000000274304e+03,1.088257300282118867e-01
2.127500000000274667e+03,1.089172762931582689e-01
2.127600000000274576e+03,1.090088459745334748e-01
2.127700000000274486e+03,1.091004390744291230e-01
2.127800000000274849e+03,1.091933845652872798e-01
2.127900000000274758e+03,1.092919269411587041e-01
2.128000000000274667e+03,1.093911708018400764e-01
2.128100000000274576e+03,1.093952176381381564e-01
2.128200000000274486e+03,1.093992637658691286e-01
2.128300000000274849e+03,1.094033091849312134e-01
2.128400000000274758e+03,1.094073538952227281e-01
2.128500000000274667e+03,1.094113978966419209e-01
2.128600000000275031e+03,1.094154411890874423e-01
2.128700000000274940e+03,1.094174450985444108e-01
2.128800000000274849e+03,1.094190199083479448e-01
2.128900000000274758e+03,1.094205939749904877e-01
2.129000000000274667e+03,1.094221672982907539e-01
2.129100000000275031e+03,1.093760340470992798e-01
2.129200000000274940e+03,1.093298605702079790e-01
2.129300000000274849e+03,1.092836468505989783e-01
2.129400000000275213e+03,1.092373928712491865e-01
2.129500000000275122e+03,1.092027343321595872e-01
2.129600000000275031e+03,1.091711596070640000e-01
2.129700000000274940e+03,1.091395329070603826e-01
2.129800000000274849e+03,1.091078541975668281e-01
2.129900000000275213e+03,1.090761234439852206e-01
2.130000000000275122e+03,1.090443406113587588e-01
2.130100000000275031e+03,1.088876969613392642e-01
2.130200000000275395e+03,1.087310364140685465e-01
2.130300000000275304e+03,1.085761918613806915e-01
2.130400000000275213e+03,1.084219376129698931e-01
2.130500000000275122e+03,1.082676591778687358e-01
2.130600000000275031e+03,1.081133565657223933e-01
2.130700000000275395e+03,1.079590297861783149e-01
2.130800000000275304e+03,1.078046788488879332e-01
2.130900000000275213e+03,1.076503037635039989e-01
2.131000000000275577e+03,1.074959045394845991e-01
2.131100000000275486e+03,1.072717824550384474e-01
2.131200000000275395e+03,1.070482679047164570e-01
2.131300000000275304e+03,1.068246602702161291e-01
2.131400000000275213e+03,1.066009143503128670e-01
2.131500000000275577e+03,1.063770167654128074e-01
2.131600000000275486e+03,1.061530265002825352e-01
2.131700000000275395e+03,1.059289435439470101e-01
2.131800000000275759e+03,1.057047678854347306e-01
2.131900000000275668e+03,1.054852857587137704e-01
2.132000000000275577e+03,1.052680171808637044e-01
2.132100000000275486e+03,1.049809523768480829e-01
2.132200000000275395e+03,1.046936522530115959e-01
2.132300000000275759e+03,1.044061167039342652e-01
2.132400000000275668e+03,1.041183456241708688e-01
2.132500000000275577e+03,1.038303389082438632e-01
2.132600000000275941e+03,1.035420964506467978e-01
2.132700000000275850e+03,1.032536181458475755e-01
2.132800000000275759e+03,1.029649038882819723e-01
2.132900000000275668e+03,1.026759535723580224e-01
2.133000000000275577e+03,1.023867670922477408e-01
2.133100000000275941e+03,1.020222702604510201e-01
2.133200000000275850e+03,1.016574403342876964e-01
2.133300000000275759e+03,1.012922771365988295e-01
2.133400000000276123e+03,1.009270302224770099e-01
2.133500000000276032e+03,1.005582461421011681e-01
2.133600000000275941e+03,1.001855024146458967e-01
2.133700000000275850e+03,9.981247469673523720e-02
2.133800000000275759e+03,9.943916285661556775e-02
2.133900000000276123e+03,9.906556676248862159e-02
2.134000000000276032e+03,9.869168628223932982e-02
2.134100000000275941e+03,9.821676251140332159e-02
2.134200000000276304e+03,9.774172579006391859e-02
2.134300000000276214e+03,9.726536094064940074e-02
2.134400000000276123e+03,9.678793069578843500e-02
2.134500000000276032e+03,9.631040923236741658e-02
2.134600000000275941e+03,9.584039234336241830e-02
2.134700000000276304e+03,9.537184143378051038e-02
2.134800000000276214e+03,9.490310725819979532e-02
2.134900000000276123e+03,9.443418981168051618e-02
2.135000000000276486e+03,9.396508908920626901e-02
2.135100000000276395e+03,9.345886434188045711e-02
2.135200000000276304e+03,9.295003481470613671e-02
2.135300000000276214e+03,9.244063504838949397e-02
2.135400000000276123e+03,9.193066465486593453e-02
2.135500000000276486e+03,9.142012324588338901e-02
2.135600000000276395e+03,9.090901043301251316e-02
2.135700000000276304e+03,9.039968534496281571e-02
2.135800000000276668e+03,8.989174339670062686e-02
2.135900000000276577e+03,8.938221806762411403e-02
2.136000000000276486e+03,8.887104210320019571e-02
2.136100000000276395e+03,8.826328877736253076e-02
2.136200000000276304e+03,8.765531215261536391e-02
2.136300000000276668e+03,8.704711223021201205e-02
2.136400000000276577e+03,8.643868901143805794e-02
2.136500000000276486e+03,8.583004249759450255e-02
2.136600000000276850e+03,8.522117269000620277e-02
2.136700000000276759e+03,8.460706255777578066e-02
2.136800000000276668e+03,8.398806288334380310e-02
2.136900000000276577e+03,8.337342394552392510e-02
2.137000000000276486e+03,8.275863744349784556e-02
2.137100000000276850e+03,8.209833557549021943e-02
2.137200000000276759e+03,8.143772200966731267e-02
2.137300000000276668e+03,8.077679671347451351e-02
2.137400000000277032e+03,8.011555965437609783e-02
2.137500000000276941e+03,7.945401079986394444e-02
2.137600000000276850e+03,7.879215011744009067e-02
2.137700000000276759e+03,7.812997757462820936e-02
2.137800000000276668e+03,7.746749313897080547e-02
2.137900000000277032e+03,7.680469677802638506e-02
2.138000000000276941e+03,7.614158845927342101e-02
2.138100000000276850e+03,7.543925255403434449e-02
2.138200000000277214e+03,7.473649251454737852e-02
2.138300000000277123e+03,7.403391178677284912e-02
2.138400000000277032e+03,7.333194277278130835e-02
2.138500000000276941e+03,7.262951774125889215e-02
2.138600000000276850e+03,7.192663655069592155e-02
2.138700000000277214e+03,7.122329905956588381e-02
2.138800000000277123e+03,7.051950512633825552e-02
2.138900000000277032e+03,6.981525460945921246e-02
2.139000000000277396e+03,6.911054736725888437e-02
2.139100000000277305e+03,6.836891426570144981e-02
2.139200000000277214e+03,6.762795147800196305e-02
2.139300000000277123e+03,6.688661188274679092e-02
2.139400000000277032e+03,6.614489541979609588e-02
2.139500000000277396e+03,6.540280202902155893e-02
2.139600000000277305e+03,6.466089293384592873e-02
2.139700000000277214e+03,6.391910652036851548e-02
2.139800000000277578e+03,6.317691817969904589e-02
2.139900000000277487e+03,6.243392696941470199e-02
2.140000000000277396e+03,6.168955523430183496e-02
2.140100000000277305e+03,6.094223624480083618e-02
2.140200000000277214e+03,6.019478980935758644e-02
2.140300000000277578e+03,5.944741849152992974e-02
2.140400000000277487e+03,5.869927553484579480e-02
2.140500000000277396e+03,5.795036046647036865e-02
2.140600000000277760e+03,5.720067308372716458e-02
2.140700000000277669e+03,5.645022292308776724e-02
2.140800000000277578e+03,5.569899895016013763e-02
2.140900000000277487e+03,5.494700069090929784e-02
2.141000000000277396e+03,5.419422765817751009e-02
2.141100000000277760e+03,4.877961333091326845e-02
2.141200000000277669e+03,4.336392802806529612e-02
2.141300000000277578e+03,3.794781063088181056e-02
2.141400000000277942e+03,3.253378879148764030e-02
2.141500000000277851e+03,2.711740094625906400e-02
2.141600000000277760e+03,2.169864790444853142e-02
2.141700000000277669e+03,1.627753047613348172e-02
2.141800000000277578e+03,1.085404947219169476e-02
2.141900000000277942e+03,5.428205704276302390e-03
2.142000000000277851e+03,1.402602088663222751e-11
2.142100000000277760e+03,5.050836496235809776e-03
2.142200000000278123e+03,1.010726115848090655e-02
2.142300000000278033e+03,1.516933548563657863e-02
2.142400000000277942e+03,2.023742037967883947e-02
2.142500000000277851e+03,2.531237217489594460e-02
2.142600000000277760e+03,3.039377464713478860e-02
2.142700000000278123e+03,3.548149698975068544e-02
2.142800000000278033e+03,4.057554371687150524e-02
2.142900000000277942e+03,4.567591934471162268e-02
2.143000000000278305e+03,5.078262837877056679e-02
2.143100000000278214e+03,5.131790660264120424e-02
2.143200000000278123e+03,5.185474199732690442e-02
2.143300000000278033e+03,5.239214579411993061e-02
2.143400000000277942e+03,5.293011831797702488e-02
2.143500000000278305e+03,5.346865989395170604e-02
2.143600000000278214e+03,5.400702388327711240e-02
2.143700000000278123e+03,5.454540146563586350e-02
2.143800000000278487e+03,5.508433302261805248e-02
2.143900000000278396e+03,5.562392622170347911e-02
2.144000000000278305e+03,5.616520964374677877e-02
2.144100000000278214e+03,5.671596308180409940e-02
2.144200000000278123e+03,5.726726548662351007e-02
2.144300000000278487e+03,5.781911715259936690e-02
2.144400000000278396e+03,5.837151837419830153e-02
2.144500000000278305e+03,5.892446944597434788e-02
2.144600000000278669e+03,5.947797066256147597e-02
2.144700000000278578e+03,6.003073794657003137e-02
2.144800000000278487e+03,6.058100138234121662e-02
2.144900000000278396e+03,6.113173813135257262e-02
2.145000000000278305e+03,6.168294841304298309e-02
2.145100000000278669e+03,6.224677862585575872e-02
2.145200000000278578e+03,6.281119849643482245e-02
2.145300000000278487e+03,6.337620840172950021e-02
2.145400000000278851e+03,6.394180871885242479e-02
2.145500000000278760e+03,6.450799982507142427e-02
2.145600000000278669e+03,6.507478209782542600e-02
2.145700000000278578e+03,6.564215591471413147e-02
2.145800000000278487e+03,6.621006127429747423e-02
2.145900000000278851e+03,6.677544364676805955e-02
2.146000000000278760e+03,6.734136553755026844e-02
2.146100000000278669e+03,6.789990610563179096e-02
2.146200000000279033e+03,6.845884215845424170e-02
2.146300000000278942e+03,6.901817383218758484e-02
2.146400000000278851e+03,6.957637649570135030e-02
2.146500000000278760e+03,7.013491520336301299e-02
2.146600000000278669e+03,7.069382489535835923e-02
2.146700000000279033e+03,7.125310568351246598e-02
2.146800000000278942e+03,7.181275767964508117e-02
2.146900000000278851e+03,7.237278099558620836e-02
2.147000000000279215e+03,7.293061682450453775e-02
2.147100000000279124e+03,7.348104449805158145e-02
2.147200000000279033e+03,7.403175045560618506e-02
2.147300000000278942e+03,7.458273474747460774e-02
2.147400000000278851e+03,7.513399742395415748e-02
2.147500000000279215e+03,7.568553853533667441e-02
2.147600000000279124e+03,7.623735813189773391e-02
2.147700000000279033e+03,7.678945626391198154e-02
2.147800000000279397e+03,7.734183298164568066e-02
2.147900000000279306e+03,7.789448833534910743e-02
2.148000000000279215e+03,7.844742237526894368e-02
2.148100000000279124e+03,7.899889816516059149e-02
2.148200000000279033e+03,7.954974633399979067e-02
2.148300000000279397e+03,8.010097453289982683e-02
2.148400000000279306e+03,8.065258291226019838e-02
2.148500000000279215e+03,8.120457162252153749e-02
2.148600000000279579e+03,8.175694081415850467e-02
2.148700000000279488e+03,8.230969063767193394e-02
2.148800000000279397e+03,8.286762226239155482e-02
2.148900000000279306e+03,8.342677449658240929e-02
2.149000000000279215e+03,8.398638240439457170e-02
2.149100000000279579e+03,8.453338856534400869e-02
2.149200000000279488e+03,8.508124106509783180e-02
2.149300000000279397e+03,8.563125249960781837e-02
2.149400000000279761e+03,8.618175329528243722e-02
2.149500000000279670e+03,8.673272944034160492e-02
2.149600000000279579e+03,8.728260898354857356e-02
2.149700000000279488e+03,8.783263370977734130e-02
2.149800000000279397e+03,8.838314755923501465e-02
2.149900000000279761e+03,8.893415080859265465e-02
2.150000000000279670e+03,8.948564373450484943e-02
2.150100000000279579e+03,8.999494383823643251e-02
2.150200000000279942e+03,9.050448743669364804e-02
2.150300000000279852e+03,9.101428404979963749e-02
2.150400000000279761e+03,9.152634641128640225e-02
2.150500000000279670e+03,9.203889691861291689e-02
2.150600000000279579e+03,9.255171571705606004e-02
2.150700000000279942e+03,9.306480283632785622e-02
2.150800000000279852e+03,9.357815830610184682e-02
2.150900000000279761e+03,9.409178215602607975e-02
2.151000000000280124e+03,9.460567441569182889e-02
2.151100000000280033e+03,9.511121668675376339e-02
2.151200000000279942e+03,9.561563693509486650e-02
2.151300000000279852e+03,9.611996918029350190e-02
2.151400000000279761e+03,9.662475473197953968e-02
2.151500000000280124e+03,9.712148760072758513e-02
2.151600000000280033e+03,9.761329494380523164e-02
2.151700000000279942e+03,9.810541720291768297e-02
2.151800000000280306e+03,9.859785450894699432e-02
2.151900000000280215e+03,9.909060699280707041e-02
2.152000000000280124e+03,9.958645386535451560e-02
2.152100000000280033e+03,1.000418233922585748e-01
2.152200000000279942e+03,1.004975326333169272e-01
2.152300000000280306e+03,1.009535608611729918e-01
2.152400000000280215e+03,1.014098713572665067e-01
2.152500000000280124e+03,1.018664642310107837e-01
2.152600000000280488e+03,1.023266000913665291e-01
2.152700000000280397e+03,1.027934823963534000e-01
2.152800000000280306e+03,1.032622790463714330e-01
2.152900000000280215e+03,1.037322272352950020e-01
2.153000000000280124e+03,1.042025651330216185e-01
2.153100000000280488e+03,1.046103207168497945e-01
2.153200000000280397e+03,1.050182760390029058e-01
2.153300000000280306e+03,1.054264311265368237e-01
2.153400000000280670e+03,1.058347860064908774e-01
2.153500000000280579e+03,1.062433407058818169e-01
2.153600000000280488e+03,1.066535991778129605e-01
2.153700000000280397e+03,1.070650985989392290e-01
2.153800000000280306e+03,1.074792082488180839e-01
2.153900000000280670e+03,1.078935549590362558e-01
2.154000000000280579e+03,1.083081387783888933e-01
2.154100000000280488e+03,1.087105279642315431e-01
2.154200000000280852e+03,1.091133934286957208e-01
2.154300000000280761e+03,1.095167355664661973e-01
2.154400000000280670e+03,1.099220092742422411e-01
2.154500000000280579e+03,1.103287785842494845e-01
2.154600000000280488e+03,1.107360436426011174e-01
2.154700000000280852e+03,1.111438048746870438e-01
2.154800000000280761e+03,1.115520627061751119e-01
2.154900000000280670e+03,1.119690140139596030e-01
2.155000000000281034e+03,1.123888871294379671e-01
2.155100000000280943e+03,1.127375524980802068e-01
2.155200000000280852e+03,1.130894123712652827e-01
2.155300000000280761e+03,1.134439544781169623e-01
2.155400000000280670e+03,1.137989262733650336e-01
2.155500000000281034e+03,1.141543281171317620e-01
2.155600000000280943e+03,1.145101603697603193e-01
2.155700000000280852e+03,1.148664233918237215e-01
2.155800000000281216e+03,1.152231175441208594e-01
2.155900000000281125e+03,1.155802431876711001e-01
2.156000000000281034e+03,1.159338244272600932e-01
2.156100000000280943e+03,1.162192546272252797e-01
2.156200000000280852e+03,1.165049879001806149e-01
2.156300000000281216e+03,1.167910244659335767e-01
2.156400000000281125e+03,1.170773645444037475e-01
2.156500000000281034e+03,1.173639998135968671e-01
2.156600000000281398e+03,1.176509310296477429e-01
2.156700000000281307e+03,1.179381663381757206e-01
2.156800000000281216e+03,1.182282190160484775e-01
2.156900000000281125e+03,1.185213627283857873e-01
2.157000000000281034e+03,1.188148366249541787e-01
2.157100000000281398e+03,1.189923183296811016e-01
2.157200000000281307e+03,1.191786563620428341e-01
2.157300000000281216e+03,1.193650962853549796e-01
2.157400000000281580e+03,1.195516380879245444e-01
2.157500000000281489e+03,1.197382817580126269e-01
2.157600000000281398e+03,1.199250272838387477e-01
2.157700000000281307e+03,1.201118746535780463e-01
2.157800000000281216e+03,1.202988238553617667e-01
2.157900000000281580e+03,1.204858748772778820e-01
2.158000000000281489e+03,1.206730277072692453e-01
2.158100000000281398e+03,1.208251860968656416e-01
2.158200000000281761e+03,1.209774852289930286e-01
2.158300000000281671e+03,1.211405544415763008e-01
2.158400000000281580e+03,1.213045195909992213e-01
2.158500000000281489e+03,1.214686512192994228e-01
2.158600000000281398e+03,1.216329494519425153e-01
2.158700000000281761e+03,1.217974144144608750e-01
2.158800000000281671e+03,1.219620462324518401e-01
2.158900000000281580e+03,1.221268148828518751e-01
2.159000000000281943e+03,1.222917070668754491e-01
2.159100000000281852e+03,1.224069182377268417e-01
2.159200000000281761e+03,1.225202494402189701e-01
2.159300000000281671e+03,1.226301655371686561e-01
2.159400000000281580e+03,1.227401603145878289e-01
2.159500000000281943e+03,1.228502338137342914e-01
2.159600000000281852e+03,1.229603860758768652e-01
2.159700000000281761e+03,1.230706171422976669e-01
2.159800000000282125e+03,1.231809270542909840e-01
2.159900000000282034e+03,1.232913158531620673e-01
2.160000000000281943e+03,1.234000144124698245e-01
2.160100000000281852e+03,1.233759286114548270e-01
2.160200000000281761e+03,1.233517552368102455e-01
2.160300000000282125e+03,1.233274942288496157e-01
2.160400000000282034e+03,1.233031455278776195e-01
2.160500000000281943e+03,1.232776299024760241e-01
2.160600000000282307e+03,1.232502300038714332e-01
2.160700000000282216e+03,1.232227445898369245e-01
2.160800000000282125e+03,1.231936197058382115e-01
2.160900000000282034e+03,1.231604733694700998e-01
2.161000000000281943e+03,1.231272443158289848e-01
2.161100000000282307e+03,1.230247835093723902e-01
2.161200000000282216e+03,1.229221161719250138e-01
2.161300000000282125e+03,1.228192305573374693e-01
2.161400000000282489e+03,1.227141023732739589e-01
2.161500000000282398e+03,1.226087706120009002e-01
2.161600000000282307e+03,1.225037757967789576e-01
2.161700000000282216e+03,1.224037360318098733e-01
2.161800000000282125e+03,1.223034803086923139e-01
2.161900000000282489e+03,1.222030084453661347e-01
2.162000000000282398e+03,1.221023202593459617e-01
2.162100000000282307e+03,1.218790143523513919e-01
2.162200000000282671e+03,1.216554809251522012e-01
2.162300000000282580e+03,1.214317199427859539e-01
2.162400000000282489e+03,1.212066197514058558e-01
2.162500000000282398e+03,1.209770140227943852e-01
2.162600000000282307e+03,1.207472009608405311e-01
2.162700000000282671e+03,1.205171805594376089e-01
2.162800000000282580e+03,1.202755737735650421e-01
2.162900000000282489e+03,1.200312218763303351e-01
2.163000000000282853e+03,1.197867230876642347e-01
2.163100000000282762e+03,1.194823128818845448e-01
2.163200000000282671e+03,1.191775567556331572e-01
2.163300000000282580e+03,1.188724545386402320e-01
2.163400000000282489e+03,1.185670060606126563e-01
2.163500000000282853e+03,1.182612111512332947e-01
2.163600000000282762e+03,1.179550696401662491e-01
2.163700000000282671e+03,1.176485813570476574e-01
2.163800000000283035e+03,1.173417461314919669e-01
2.163900000000282944e+03,1.170403620227463554e-01
2.164000000000282853e+03,1.167433073488860357e-01
2.164100000000282762e+03,1.163512440412555055e-01
2.164200000000282671e+03,1.159587258493327000e-01
2.164300000000283035e+03,1.155657525711817901e-01
2.164400000000282944e+03,1.151723240048758146e-01
2.164500000000282853e+03,1.147784399484863688e-01
2.164600000000283217e+03,1.143841002000885315e-01
2.164700000000283126e+03,1.139893045577669711e-01
2.164800000000283035e+03,1.135940528196045241e-01
2.164900000000282944e+03,1.131983447836895779e-01
2.165000000000282853e+03,1.128008554297130067e-01
2.165100000000283217e+03,1.123116805498732135e-01
2.165200000000283126e+03,1.118220467917288713e-01
2.165300000000283035e+03,1.113319540213511538e-01
2.165400000000283399e+03,1.108414021048537840e-01
2.165500000000283308e+03,1.103503909084003060e-01
2.165600000000283217e+03,1.098589202981893748e-01
2.165700000000283126e+03,1.093669901404649147e-01
2.165800000000283035e+03,1.088746003015139824e-01
2.165900000000283399e+03,1.083817506476632830e-01
2.166000000000283308e+03,1.078884410451579345e-01
2.166100000000283217e+03,1.073480017289328431e-01
2.166200000000283580e+03,1.068283170204959165e-01
2.166300000000283489e+03,1.063081425198097313e-01
2.166400000000283399e+03,1.057868857025875270e-01
2.166500000000283308e+03,1.052645454008954706e-01
2.166600000000283217e+03,1.047411204460707984e-01
2.166700000000283580e+03,1.042166096687212884e-01
2.166800000000283489e+03,1.036910118987330459e-01
2.166900000000283399e+03,1.031643259652571809e-01
2.167000000000283762e+03,1.026364886731895576e-01
2.167100000000283671e+03,1.019992504656158372e-01
2.167200000000283580e+03,1.013612519722540684e-01
2.167300000000283489e+03,1.007214657379692097e-01
2.167400000000283399e+03,1.000795773549930656e-01
2.167500000000283762e+03,9.943696069557045325e-02
2.167600000000283671e+03,9.879361553195294132e-02
2.167700000000283580e+03,9.814954163651906649e-02
2.167800000000283944e+03,9.750473878178368692e-02
2.167900000000283853e+03,9.685920674040683631e-02
2.168000000000283762e+03,9.621294528505502930e-02
2.168100000000283671e+03,9.552522096834772936e-02
2.168200000000283580e+03,9.483654945183581098e-02
2.168300000000283944e+03,9.414679704794448600e-02
2.168400000000283853e+03,9.345596349095493249e-02
2.168500000000283762e+03,9.276404795943886394e-02
2.168600000000284126e+03,9.207104963169343570e-02
2.168700000000284035e+03,9.137696768574961326e-02
2.168800000000283944e+03,9.068178934331201646e-02
2.168900000000283853e+03,8.998185399300083487e-02
2.169000000000283762e+03,8.928048032038000958e-02
2.169100000000284126e+03,8.850887135983766252e-02
2.169200000000284035e+03,8.773649981718491253e-02
2.169300000000283944e+03,8.696336557704968662e-02
2.169400000000284308e+03,8.618946852427697425e-02
2.169500000000284217e+03,8.541558632403897788e-02
2.169600000000284126e+03,8.464596966318625737e-02
2.169700000000284035e+03,8.387531187631287743e-02
2.169800000000283944e+03,8.310374225099044498e-02
2.169900000000284308e+03,8.233130387545797846e-02
2.170000000000284217e+03,8.155799655513254476e-02
2.170100000000284126e+03,8.074848127311540225e-02
2.170200000000284490e+03,7.993803220200652870e-02
2.170300000000284399e+03,7.912664910693706366e-02
2.170400000000284308e+03,7.831433175331253826e-02
2.170500000000284217e+03,7.750249635665651393e-02
2.170600000000284126e+03,7.669000431397146600e-02
2.170700000000284490e+03,7.588491735725634568e-02
2.170800000000284399e+03,7.508021104401362000e-02
2.170900000000284308e+03,7.427431601984368914e-02
2.171000000000284672e+03,7.346723172133406976e-02
2.171100000000284581e+03,7.267121380637225903e-02
2.171200000000284490e+03,7.187320084679327259e-02
2.171300000000284399e+03,7.107319001252070112e-02
2.171400000000284308e+03,7.027117847083866331e-02
2.171500000000284672e+03,6.946716338638596333e-02
2.171600000000284581e+03,6.866114192116976045e-02
2.171700000000284490e+03,6.785311123454160209e-02
2.171800000000284854e+03,6.704306848320722156e-02
2.171900000000284763e+03,6.623101082123535044e-02
2.172000000000284672e+03,6.541693538385150164e-02
2.172100000000284581e+03,5.891295733737575424e-02
2.172200000000284490e+03,5.240059707684645990e-02
2.172300000000284854e+03,4.587986050049042835e-02
2.172400000000284763e+03,3.935074666805152277e-02
2.172500000000284672e+03,3.281325305194302683e-02
2.172600000000285036e+03,2.626737712785471093e-02
2.172700000000284945e+03,1.971311637484348539e-02
2.172800000000284854e+03,1.315046827515590003e-02
2.172900000000284763e+03,6.580506603138174676e-03
2.173000000000284672e+03,0.000000000000000000e+00
2.173100000000285036e+03,0.000000000000000000e+00
2.173200000000284945e+03,0.000000000000000000e+00
2.173300000000284854e+03,0.000000000000000000e+00
2.173400000000285218e+03,0.000000000000000000e+00
2.173500000000285127e+03,0.000000000000000000e+00
2.173600000000285036e+03,0.000000000000000000e+00
2.173700000000284945e+03,0.000000000000000000e+00
2.173800000000284854e+03,0.000000000000000000e+00
2.173900000000285218e+03,0.000000000000000000e+00
2.174000000000285127e+03,1.845626555514994039e-11
2.174100000000285036e+03,6.481269654375213310e-03
2.174200000000285399e+03,1.297908078995904831e-02
2.174300000000285308e+03,1.949345935606848837e-02
2.174400000000285218e+03,2.602443131234648960e-02
2.174500000000285127e+03,3.257111333163337230e-02
2.174600000000285036e+03,3.913342455146640031e-02
2.174700000000285399e+03,4.571182117592551691e-02
2.174800000000285308e+03,5.230632720562330973e-02
2.174900000000285218e+03,5.891696666616064865e-02
2.175000000000285581e+03,6.554376359100851090e-02
2.175100000000285490e+03,6.621022050079472532e-02
2.175200000000285399e+03,6.687568592081342966e-02
2.175300000000285308e+03,6.753973357705302105e-02
2.175400000000285218e+03,6.820365210116291488e-02
2.175500000000285581e+03,6.886866748535755423e-02
2.175600000000285490e+03,6.953478070062252270e-02
2.175700000000285399e+03,7.020199271836451149e-02
2.175800000000285763e+03,7.087030451040213230e-02
2.175900000000285672e+03,7.153971704895671635e-02
2.176000000000285581e+03,7.221023130665601975e-02
2.176100000000285490e+03,7.287564378626183725e-02
2.176200000000285399e+03,7.354116383582999517e-02
2.176300000000285763e+03,7.419850318718825000e-02
2.176400000000285672e+03,7.484543831071738262e-02
2.176500000000285581e+03,7.549286007548905442e-02
2.176600000000285945e+03,7.614076851719109307e-02
2.176700000000285854e+03,7.678916367135388277e-02
2.176800000000285763e+03,7.743804557336837757e-02
2.176900000000285672e+03,7.808741425847448570e-02
2.177000000000285581e+03,7.873726976187161997e-02
2.177100000000285945e+03,7.942562402113641229e-02
2.177200000000285854e+03,8.011503727658886298e-02
2.177300000000285763e+03,8.080552978296390298e-02
2.177400000000286127e+03,8.149554705685016498e-02
2.177500000000286036e+03,8.217898036735410416e-02
2.177600000000285945e+03,8.286334489049669572e-02
2.177700000000285854e+03,8.354864145252313690e-02
2.177800000000285763e+03,8.423487088021618108e-02
2.177900000000286127e+03,8.492203400089963494e-02
2.178000000000286036e+03,8.561013164237164796e-02
2.178100000000285945e+03,8.628003561961873624e-02
2.178200000000286309e+03,8.695061041739414465e-02
2.178300000000286218e+03,8.762185641552178161e-02
2.178400000000286127e+03,8.829377399395665904e-02
2.178500000000286036e+03,8.896636353277215248e-02
2.178600000000285945e+03,8.962534726546717012e-02
2.178700000000286309e+03,9.028301772750003951e-02
2.178800000000286218e+03,9.094112660847730734e-02
2.178900000000286127e+03,9.159967407468681821e-02
2.179000000000286491e+03,9.225866029242417443e-02
2.179100000000286400e+03,9.290851559926140146e-02
2.179200000000286309e+03,9.355879562111146797e-02
2.179300000000286218e+03,9.420950051407472881e-02
2.179400000000286127e+03,9.486063043428204222e-02
2.179500000000286491e+03,9.551218553789739274e-02
2.179600000000286400e+03,9.616416598110676117e-02
2.179700000000286309e+03,9.680997518332175311e-02
2.179800000000286673e+03,9.745187193213177002e-02
2.179900000000286582e+03,9.809405125849307572e-02
2.180000000000286491e+03,9.873744459928195105e-02
2.180100000000286400e+03,9.935675010368948123e-02
2.180200000000286309e+03,9.996195188155543310e-02
2.180300000000286673e+03,1.005671545829345120e-01
2.180400000000286582e+03,1.011723581803817551e-01
2.180500000000286491e+03,1.017775626464606231e-01
2.180600000000286855e+03,1.023827679537355761e-01
2.180700000000286764e+03,1.029879740747636774e-01
2.180800000000286673e+03,1.035886075389933214e-01
2.180900000000286582e+03,1.041820349181947492e-01
2.181000000000286491e+03,1.047800896935650039e-01
2.181100000000286855e+03,1.053399258370651542e-01
2.181200000000286764e+03,1.058995195080651985e-01
2.181300000000286673e+03,1.064588707675576534e-01
2.181400000000287037e+03,1.070179796765249325e-01
2.181500000000286946e+03,1.075768462959327959e-01
2.181600000000286855e+03,1.081354706867447557e-01
2.181700000000286764e+03,1.086958798981695062e-01
2.181800000000286673e+03,1.092613138763491309e-01
2.181900000000287037e+03,1.098264603534919309e-01
2.182000000000286946e+03,1.103890936583462323e-01
2.182100000000286855e+03,1.109555646243648719e-01
2.182200000000287218e+03,1.115221881977444679e-01
2.182300000000287127e+03,1.120889643975039457e-01
2.182400000000287037e+03,1.126558932426694748e-01
2.182500000000286946e+03,1.132241881466501815e-01
2.182600000000286855e+03,1.137964852145936928e-01
2.182700000000287218e+03,1.143689854908665621e-01
2.182800000000287127e+03,1.149416890159659366e-01
2.182900000000287037e+03,1.155145958303998577e-01
2.183000000000287400e+03,1.160877059745550888e-01
2.183100000000287309e+03,1.166155388004797289e-01
2.183200000000287218e+03,1.171428839308785858e-01
2.183300000000287127e+03,1.176708705712107284e-01
2.183400000000287037e+03,1.182010677977570062e-01
2.183500000000287400e+03,1.187314009398410669e-01
2.183600000000287309e+03,1.192618837268671766e-01
2.183700000000287218e+03,1.197925020345167041e-01
2.183800000000287582e+03,1.203232558805005237e-01
2.183900000000287491e+03,1.208541452825230983e-01
2.184000000000287400e+03,1.213851702581095759e-01
2.184100000000287309e+03,1.218504665667530795e-01
2.184200000000287218e+03,1.223071758645506435e-01
2.184300000000287582e+03,1.227595707863153585e-01
2.184400000000287491e+03,1.232118288926018213e-01
2.184500000000287400e+03,1.236639502012128328e-01
2.184600000000287764e+03,1.241159347299518184e-01
2.184700000000287673e+03,1.245677824966169162e-01
2.184800000000287582e+03,1.250194935190127310e-01
2.184900000000287491e+03,1.254710678149426606e-01
2.185000000000287400e+03,1.259225054020697843e-01
2.185100000000287764e+03,1.263245343135172560e-01
2.185200000000287673e+03,1.267264617496715873e-01
2.185300000000287582e+03,1.271288789825762711e-01
2.185400000000287946e+03,1.275334554134559817e-01
2.185500000000287855e+03,1.279379485635896707e-01
2.185600000000287764e+03,1.283423584385609550e-01
2.185700000000287673e+03,1.287466850439523969e-01
2.185800000000287582e+03,1.291509283853470857e-01
2.185900000000287946e+03,1.295550884683314696e-01
2.186000000000287855e+03,1.299591520525403276e-01
2.186100000000287764e+03,1.303158460104021643e-01
2.186200000000288128e+03,1.306716226464678110e-01
2.186300000000288037e+03,1.310261162835155424e-01
2.186400000000287946e+03,1.313805923977313383e-01
2.186500000000287855e+03,1.317461206917369954e-01
2.186600000000287764e+03,1.321153366082223335e-01
2.186700000000288128e+03,1.324846158351573877e-01
2.186800000000288037e+03,1.328539583768792720e-01
2.186900000000287946e+03,1.332233642377296523e-01
2.187000000000288310e+03,1.335928334218740854e-01
2.187100000000288219e+03,1.339012994956259028e-01
2.187200000000288128e+03,1.342098420475556775e-01
2.187300000000288037e+03,1.345184610862407426e-01
2.187400000000287946e+03,1.348271566202598193e-01
2.187500000000288310e+03,1.351359286581897967e-01
2.187600000000288219e+03,1.354643793628612369e-01
2.187700000000288128e+03,1.358036956034983644e-01
2.187800000000288492e+03,1.361432306120868296e-01
2.187900000000288401e+03,1.364829844764672284e-01
2.188000000000288310e+03,1.368229572842716568e-01
2.188100000000288219e+03,1.370815101316665563e-01
2.188200000000288128e+03,1.373313189635038678e-01
2.188300000000288492e+03,1.375809655942644150e-01
2.188400000000288401e+03,1.378307141779483158e-01
2.188500000000288310e+03,1.380805647325974161e-01
2.188600000000288674e+03,1.383305172762521740e-01
2.188700000000288583e+03,1.385851166242825228e-01
2.188800000000288492e+03,1.388476806302088584e-01
2.188900000000288401e+03,1.391103900903985224e-01
2.189000000000288310e+03,1.393674762390036126e-01
2.189100000000288674e+03,1.395105707588397137e-01
2.189200000000288583e+03,1.396536636728036018e-01
2.189300000000288492e+03,1.397975589368295468e-01
2.189400000000288856e+03,1.399429846506646535e-01
2.189500000000288765e+03,1.400884134816538784e-01
2.189600000000288674e+03,1.402338454057556194e-01
2.189700000000288583e+03,1.403792803989279969e-01
2.189800000000288492e+03,1.405249906460825926e-01
2.189900000000288856e+03,1.406735688137951690e-01
2.190000000000288765e+03,1.408221558115008709e-01
2.190100000000288674e+03,1.409527786335695865e-01
2.190200000000289037e+03,1.410834921720881818e-01
2.190300000000288946e+03,1.412142964735551010e-01
2.190400000000288856e+03,1.413451915844858298e-01
2.190500000000288765e+03,1.414761775514116193e-01
2.190600000000288674e+03,1.416099432492675669e-01
2.190700000000289037e+03,1.417442603053607753e-01
2.190800000000288946e+03,1.418786743268936335e-01
2.190900000000288856e+03,1.420131853669235333e-01
2.191000000000289219e+03,1.421477934781585073e-01
2.191100000000289128e+03,1.421543826345164907e-01
2.191200000000289037e+03,1.421609575340394005e-01
2.191300000000288946e+03,1.421675181722808767e-01
2.191400000000288856e+03,1.421792204568450013e-01
2.191500000000289219e+03,1.421920662881643593e-01
2.191600000000289128e+03,1.422048987035461065e-01
2.191700000000289037e+03,1.422177176966954726e-01
2.191800000000289401e+03,1.422305232613173265e-01
2.191900000000289310e+03,1.422433153911157599e-01
2.192000000000289219e+03,1.422560940795231377e-01
2.192100000000289128e+03,1.421747958229966080e-01
2.192200000000289037e+03,1.420934241473723325e-01
2.192300000000289401e+03,1.420119790304569252e-01
2.192400000000289310e+03,1.419304604500589151e-01
2.192500000000289219e+03,1.418488683839844444e-01
2.192600000000289583e+03,1.417672028100407655e-01
2.192700000000289492e+03,1.416854637060354916e-01
2.192800000000289401e+03,1.416036510497752365e-01
2.192900000000289310e+03,1.415218557821659728e-01
2.193000000000289219e+03,1.414400303250914759e-01
2.193100000000289583e+03,1.412896979414318965e-01
2.193200000000289492e+03,1.411383955796517153e-01
2.193300000000289401e+03,1.409845346556238832e-01
2.193400000000289765e+03,1.408304819020707033e-01
2.193500000000289674e+03,1.406762371980291582e-01
2.193600000000289583e+03,1.405218004224852990e-01
2.193700000000289492e+03,1.403671714543771043e-01
2.193800000000289401e+03,1.402123501725937860e-01
2.193900000000289765e+03,1.400573364559752065e-01
2.194000000000289674e+03,1.399021301829194153e-01
2.194100000000289583e+03,1.396104187950725217e-01
2.194200000000289947e+03,1.393185754025513257e-01
2.194300000000289856e+03,1.390266000056679663e-01
2.194400000000289765e+03,1.387315210541967270e-01
2.194500000000289674e+03,1.384362176761871899e-01
2.194600000000289583e+03,1.381407959902348492e-01
2.194700000000289947e+03,1.378452794756361843e-01
2.194800000000289856e+03,1.375497518609941905e-01
2.194900000000289765e+03,1.372541053890278251e-01
2.195000000000290129e+03,1.369583400634784287e-01
2.195100000000290038e+03,1.365776536141972142e-01
2.195200000000289947e+03,1.361967512035208439e-01
2.195300000000289856e+03,1.358156327869255997e-01
2.195400000000289765e+03,1.354324232789291260e-01
2.195500000000290129e+03,1.350437796113054534e-01
2.195600000000290038e+03,1.346530833112380976e-01
2.195700000000289947e+03,1.342622233994629488e-01
2.195800000000290311e+03,1.338711998590025043e-01
2.195900000000290220e+03,1.334800126728899472e-01
2.196000000000290129e+03,1.330886618239544572e-01
2.196100000000290038e+03,1.326261836141240935e-01
2.196200000000289947e+03,1.321633084017930504e-01
2.196300000000290311e+03,1.317000698051087881e-01
2.196400000000290220e+03,1.312364676690241649e-01
2.196500000000290129e+03,1.307725018384484628e-01
2.196600000000290493e+03,1.303046678563012095e-01
2.196700000000290402e+03,1.298313571495182950e-01
2.196800000000290311e+03,1.293577224830919081e-01
2.196900000000290220e+03,1.288837874537590855e-01
2.197000000000290129e+03,1.284095519575950417e-01
2.197100000000290493e+03,1.278202704376970866e-01
2.197200000000290402e+03,1.272308629263328994e-01
2.197300000000290311e+03,1.266413294328650185e-01
2.197400000000290675e+03,1.260516699666610618e-01
2.197500000000290584e+03,1.254618845371030245e-01
2.197600000000290493e+03,1.248719731535697236e-01
2.197700000000290402e+03,1.242788518278607618e-01
2.197800000000290311e+03,1.236640826187075243e-01
2.197900000000290675e+03,1.230494289813377634e-01
2.198000000000290584e+03,1.224348909044473827e-01
2.198100000000290493e+03,1.217543204419609948e-01
2.198200000000290856e+03,1.210736856415368656e-01
2.198300000000290765e+03,1.203929865148211931e-01
2.198400000000290675e+03,1.197122020295952327e-01
2.198500000000290584e+03,1.190312612837273049e-01
2.198600000000290493e+03,1.183500122558171219e-01
2.198700000000290856e+03,1.176669848931838486e-01
2.198800000000290765e+03,1.169839173208910843e-01
2.198900000000290675e+03,1.163008095530682212e-01
2.199000000000291038e+03,1.156176616035580057e-01
2.199100000000290947e+03,1.148354827213063645e-01
2.199200000000290856e+03,1.140535757760687829e-01
2.199300000000290765e+03,1.132719407162141034e-01
2.199400000000290675e+03,1.124905774901160532e-01
2.199500000000291038e+03,1.117094860461497197e-01
2.199600000000290947e+03,1.109286663327053030e-01
2.199700000000290856e+03,1.101481182981671469e-01
2.199800000000291220e+03,1.093678418909244388e-01
2.199900000000291129e+03,1.085878370593816172e-01
2.200000000000291038e+03,1.078094487807445961e-01
2.200100000000290947e+03,1.069868337219534726e-01
2.200200000000290856e+03,1.061641835702757802e-01
2.200300000000291220e+03,1.053414989104223126e-01
2.200400000000291129e+03,1.045187797509747468e-01
2.200500000000291038e+03,1.036960261005044764e-01
2.200600000000291402e+03,1.028732379675839775e-01
2.200700000000291311e+03,1.020504153607981329e-01
2.200800000000291220e+03,1.012275582887217501e-01
2.200900000000291129e+03,1.004046667599342024e-01
2.201000000000291038e+03,9.958095905489039446e-02
2.201100000000291402e+03,9.869586331554199010e-02
2.201200000000291311e+03,9.781088199214389711e-02
2.201300000000291220e+03,9.692601508129711219e-02
2.201400000000291584e+03,9.604126257960217405e-02
2.201500000000291493e+03,9.515662448367091797e-02
2.201600000000291402e+03,9.427210079010293897e-02
2.201700000000291311e+03,9.338761231612358049e-02
2.201800000000291220e+03,9.250177572445229812e-02
2.201900000000291584e+03,9.161608302401760828e-02
2.202000000000291493e+03,9.073053420523390089e-02
2.202100000000291402e+03,8.980932903920323118e-02
2.202200000000291766e+03,8.888819343098604275e-02
2.202300000000291675e+03,8.796712738224814199e-02
2.202400000000291584e+03,8.704613089464327547e-02
2.202500000000291493e+03,8.612520396982893678e-02
2.202600000000291402e+03,8.520486960503950713e-02
2.202700000000291766e+03,8.428594705322596525e-02
2.202800000000291675e+03,8.336705324886582724e-02
2.202900000000291584e+03,8.244818819643141838e-02
2.203000000000291948e+03,8.152935190026858181e-02
2.203100000000291857e+03,8.056749590769160529e-02
2.203200000000291766e+03,7.960609725146147730e-02
2.203300000000291675e+03,7.864515581065424643e-02
2.203400000000291584e+03,7.768467146436376647e-02
2.203500000000291948e+03,7.672464409169740818e-02
2.203600000000291857e+03,7.576507357179383673e-02
2.203700000000291766e+03,7.480595978379615818e-02
2.203800000000292130e+03,7.384730260686557524e-02
2.203900000000292039e+03,7.288910192019440459e-02
2.204000000000291948e+03,7.193135758479998754e-02
2.204100000000291857e+03,6.474593088285948705e-02
2.204200000000291766e+03,5.755904544873794576e-02
2.204300000000292130e+03,5.037127825398511616e-02
2.204400000000292039e+03,4.318147863996371627e-02
2.204500000000291948e+03,3.598964660345282951e-02
2.204600000000292312e+03,2.879578214133191386e-02
2.204700000000292221e+03,2.159988525067926823e-02
2.204800000000292130e+03,1.440195592857549008e-02
2.204900000000292039e+03,7.201994172234548429e-03
2.205000000000291948e+03,0.000000000000000000e+00
2.205100000000292312e+03,0.000000000000000000e+00
2.205200000000292221e+03,0.000000000000000000e+00
2.205300000000292130e+03,0.000000000000000000e+00
2.205400000000292493e+03,0.000000000000000000e+00
2.205500000000292403e+03,0.000000000000000000e+00
2.205600000000292312e+03,0.000000000000000000e+00
2.205700000000292221e+03,0.000000000000000000e+00
2.205800000000292130e+03,0.000000000000000000e+00
2.205900000000292493e+03,0.000000000000000000e+00
2.206000000000292403e+03,1.984994450208050939e-11
2.206100000000292312e+03,6.785354049725928621e-03
2.206200000000292675e+03,1.356428305068560318e-02
2.206300000000292584e+03,2.033679014866822399e-02
2.206400000000292493e+03,2.710287846898274886e-02
2.206500000000292403e+03,3.386255113618456131e-02
2.206600000000292312e+03,4.061581127410626713e-02
2.206700000000292675e+03,4.736266200588841457e-02
2.206800000000292584e+03,5.410310645385659617e-02
2.206900000000292493e+03,6.083714773970571449e-02
2.207000000000292857e+03,6.756478896653954347e-02
2.207100000000292766e+03,6.818793184819658959e-02
2.207200000000292675e+03,6.881130760127290857e-02
2.207300000000292584e+03,6.943491626371646464e-02
2.207400000000292493e+03,7.005875787347512484e-02
2.207500000000292857e+03,7.068283246849860202e-02
2.207600000000292766e+03,7.130714008672810189e-02
2.207700000000292675e+03,7.193168076611274053e-02
2.207800000000293039e+03,7.255645454460106503e-02
2.207900000000292948e+03,7.318146146013297659e-02
2.208000000000292857e+03,7.380781271924916065e-02
2.208100000000292766e+03,7.441973878499934247e-02
2.208200000000292675e+03,7.503151227339793783e-02
2.208300000000293039e+03,7.564313318793906837e-02
2.208400000000292948e+03,7.625460153211413572e-02
2.208500000000292857e+03,7.686591730942730905e-02
2.208600000000293221e+03,7.747708052338811435e-02
2.208700000000293130e+03,7.808809117750221962e-02
2.208800000000293039e+03,7.869894927528886530e-02
2.208900000000292948e+03,7.930965482026937352e-02
2.209000000000292857e+03,7.992020781606459789e-02
2.209100000000293221e+03,8.056318745920276747e-02
2.209200000000293130e+03,8.120645109362907565e-02
2.209300000000293039e+03,8.184999878942393614e-02
2.209400000000293403e+03,8.249383061667642236e-02
2.209500000000293312e+03,8.313793066162666889e-02
2.209600000000293221e+03,8.378225122000286518e-02
2.209700000000293130e+03,8.442685489492005035e-02
2.209800000000293039e+03,8.507174175569127972e-02
2.209900000000293403e+03,8.571691187164127979e-02
2.210000000000293312e+03,8.636236531208092704e-02
2.210100000000293221e+03,8.700342867505508893e-02
2.210200000000293585e+03,8.764285629205022243e-02
2.210300000000293494e+03,8.828247853479066765e-02
2.210400000000293403e+03,8.892229542974303125e-02
2.210500000000293312e+03,8.956230700337031170e-02
2.210600000000293221e+03,9.020251328213553521e-02
2.210700000000293585e+03,9.084291429250444805e-02
2.210800000000293494e+03,9.148351006093367876e-02
2.210900000000293403e+03,9.212430061388839075e-02
2.211000000000293767e+03,9.276528597773985030e-02
2.211100000000293676e+03,9.337439574366199202e-02
2.211200000000293585e+03,9.398335754996893499e-02
2.211300000000293494e+03,9.459217141188787370e-02
2.211400000000293403e+03,9.520077354553699300e-02
2.211500000000293767e+03,9.580738897238720575e-02
2.211600000000293676e+03,9.641351602378064878e-02
2.211700000000293585e+03,9.701946712061688960e-02
2.211800000000293949e+03,9.762524228966143469e-02
2.211900000000293858e+03,9.823084155767014547e-02
2.212000000000293767e+03,9.883626495140235280e-02
2.212100000000293676e+03,9.944080205421171326e-02
2.212200000000293585e+03,1.000453103553646389e-01
2.212300000000293949e+03,1.006497898510952949e-01
2.212400000000293858e+03,1.012542405376294086e-01
2.212500000000293767e+03,1.018586624112015060e-01
2.212600000000294131e+03,1.024630554680460159e-01
2.212700000000294040e+03,1.030674197043894569e-01
2.212800000000293949e+03,1.036717551164665213e-01
2.212900000000293858e+03,1.042760617005099727e-01
2.213000000000293767e+03,1.048803394526674898e-01
2.213100000000294131e+03,1.054556757188947064e-01
2.213200000000294040e+03,1.060308958425296849e-01
2.213300000000293949e+03,1.066060593301092346e-01
2.213400000000294312e+03,1.071810868399754590e-01
2.213500000000294222e+03,1.077559783916521574e-01
2.213600000000294131e+03,1.083307340046696932e-01
2.213700000000294040e+03,1.089053536985533366e-01
2.213800000000293949e+03,1.094798374928265677e-01
2.213900000000294312e+03,1.100541854070137132e-01
2.214000000000294222e+03,1.106283974605477699e-01
2.214100000000294131e+03,1.111748649885584000e-01
2.214200000000294494e+03,1.117225888056320449e-01
2.214300000000294403e+03,1.122705424635213889e-01
2.214400000000294312e+03,1.128183640924124986e-01
2.214500000000294222e+03,1.133660537075681790e-01
2.214600000000294131e+03,1.139136113242508741e-01
2.214700000000294494e+03,1.144610369577254427e-01
2.214800000000294403e+03,1.150083306232485558e-01
2.214900000000294312e+03,1.155554923360843644e-01
2.215000000000294676e+03,1.161025221115017519e-01
2.215100000000294585e+03,1.166514321362032425e-01
2.215200000000294494e+03,1.172005642553798910e-01
2.215300000000294403e+03,1.177498866047522325e-01
2.215400000000294312e+03,1.182993992082023160e-01
2.215500000000294676e+03,1.188491020896126904e-01
2.215600000000294585e+03,1.193989952728549825e-01
2.215700000000294494e+03,1.199490787818059540e-01
2.215800000000294858e+03,1.204993526403393966e-01
2.215900000000294767e+03,1.210498168723184026e-01
2.216000000000294676e+03,1.216004715013886545e-01
2.216100000000294585e+03,1.220755614334548961e-01
2.216200000000294494e+03,1.225505365416205972e-01
2.216300000000294858e+03,1.230253968409395771e-01
2.216400000000294767e+03,1.235001423464577308e-01
2.216500000000294676e+03,1.239747730732264908e-01
2.216600000000295040e+03,1.244492890362962484e-01
2.216700000000294949e+03,1.249236902507095126e-01
2.216800000000294858e+03,1.253979767315144822e-01
2.216900000000294767e+03,1.258721484937560808e-01
2.217000000000294676e+03,1.263462055523712213e-01
2.217100000000295040e+03,1.267839348828465884e-01
2.217200000000294949e+03,1.272216314616406718e-01
2.217300000000294858e+03,1.276578397365405182e-01
2.217400000000295222e+03,1.280933293658807759e-01
2.217500000000295131e+03,1.285287716890441689e-01
2.217600000000295040e+03,1.289641667043288920e-01
2.217700000000294949e+03,1.293995144100319183e-01
2.217800000000294858e+03,1.298348148044503603e-01
2.217900000000295222e+03,1.302700678858844108e-01
2.218000000000295131e+03,1.307052736523976189e-01
2.218100000000295040e+03,1.310621481741703065e-01
2.218200000000295404e+03,1.314188402104777553e-01
2.218300000000295313e+03,1.317753498174949744e-01
2.218400000000295222e+03,1.321316770513895622e-01
2.218500000000295131e+03,1.324878219683154612e-01
2.218600000000295040e+03,1.328437846244142628e-01
2.218700000000295404e+03,1.331980732969245684e-01
2.218800000000295313e+03,1.335507047087264865e-01
2.218900000000295222e+03,1.339031383042816881e-01
2.219000000000295586e+03,1.342553741520040311e-01
2.219100000000295495e+03,1.345584959325536734e-01
2.219200000000295404e+03,1.348615012891808407e-01
2.219300000000295313e+03,1.351643902495616167e-01
2.219400000000295222e+03,1.354671628413672557e-01
2.219500000000295586e+03,1.357698190922650427e-01
2.219600000000295495e+03,1.360723590299141028e-01
2.219700000000295404e+03,1.363747826819719788e-01
2.219800000000295768e+03,1.366770900760918839e-01
2.219900000000295677e+03,1.369792812399179827e-01
2.220000000000295586e+03,1.372813562010062605e-01
2.220100000000295495e+03,1.375538286358410078e-01
2.220200000000295404e+03,1.378263375492299325e-01
2.220300000000295768e+03,1.380988902362891568e-01
2.220400000000295677e+03,1.383714866963824119e-01
2.220500000000295586e+03,1.386441269288759270e-01
2.220600000000295950e+03,1.389167819366878831e-01
2.220700000000295859e+03,1.391893773859534389e-01
2.220800000000295768e+03,1.394620160874707193e-01
2.220900000000295677e+03,1.397346980404780836e-01
2.221000000000295586e+03,1.400074232439525446e-01
2.221100000000295950e+03,1.401919426424709236e-01
2.221200000000295859e+03,1.403764502424686700e-01
2.221300000000295768e+03,1.405609460438191627e-01
2.221400000000296131e+03,1.407454300463963914e-01
2.221500000000296041e+03,1.409299022500716814e-01
2.221600000000295950e+03,1.411143626547193830e-01
2.221700000000295859e+03,1.412988112602125146e-01
2.221800000000295768e+03,1.414832480664245662e-01
2.221900000000296131e+03,1.416676730732295553e-01
2.222000000000296041e+03,1.418520862802526150e-01
2.222100000000295950e+03,1.419533422376773324e-01
2.222200000000296313e+03,1.420545829445495623e-01
2.222300000000296222e+03,1.421558084018976487e-01
2.222400000000296131e+03,1.422570186107508516e-01
2.222500000000296041e+03,1.423582135721385422e-01
2.222600000000295950e+03,1.424593932870895918e-01
2.222700000000296313e+03,1.425605577566337601e-01
2.222800000000296222e+03,1.426617069817991690e-01
2.222900000000296131e+03,1.427628409636153839e-01
2.223000000000296495e+03,1.428639597028183439e-01
2.223100000000296404e+03,1.428659907355877556e-01
2.223200000000296313e+03,1.428679698561220179e-01
2.223300000000296222e+03,1.428699417595068188e-01
2.223400000000296131e+03,1.428719064477188272e-01
2.223500000000296495e+03,1.428738639227347396e-01
2.223600000000296404e+03,1.428758141865310027e-01
2.223700000000296313e+03,1.428777572410833141e-01
2.223800000000296677e+03,1.428796930883673710e-01
2.223900000000296586e+03,1.428816217303589264e-01
2.224000000000296495e+03,1.428835431689201574e-01
2.224100000000296404e+03,1.428471942917362014e-01
2.224200000000296313e+03,1.428105179217722120e-01
2.224300000000296677e+03,1.427738259127271647e-01
2.224400000000296586e+03,1.427371182638118852e-01
2.224500000000296495e+03,1.427003949742370326e-01
2.224600000000296859e+03,1.426636560432137102e-01
2.224700000000296768e+03,1.426269014699541038e-01
2.224800000000296677e+03,1.425901312536703158e-01
2.224900000000296586e+03,1.425533453935751427e-01
2.225000000000296495e+03,1.425165438885204472e-01
2.225100000000296859e+03,1.423579351219739775e-01
2.225200000000296768e+03,1.421993540697125136e-01
2.225300000000296677e+03,1.420408007285412777e-01
2.225400000000297041e+03,1.418822750952663247e-01
2.225500000000296950e+03,1.417237771666959023e-01
2.225600000000296859e+03,1.415653069396363428e-01
2.225700000000296768e+03,1.414068644108947559e-01
2.225800000000296677e+03,1.412484495772790005e-01
2.225900000000297041e+03,1.410905558701510687e-01
2.226000000000296950e+03,1.409353242004193207e-01
2.226100000000296859e+03,1.406899742538548492e-01
2.226200000000297223e+03,1.404446571391572141e-01
2.226300000000297132e+03,1.401993728540502082e-01
2.226400000000297041e+03,1.399541213962543496e-01
2.226500000000296950e+03,1.397089027634912939e-01
2.226600000000296859e+03,1.394637169534829468e-01
2.226700000000297223e+03,1.392185639639497430e-01
2.226800000000297132e+03,1.389734437926158639e-01
2.226900000000297041e+03,1.387283564372020217e-01
2.227000000000297405e+03,1.384833018951275307e-01
2.227100000000297314e+03,1.381369087528284134e-01
2.227200000000297223e+03,1.377906134854935960e-01
2.227300000000297132e+03,1.374444160770039169e-01
2.227400000000297041e+03,1.370983165112422408e-01
2.227500000000297405e+03,1.367523147720911547e-01
2.227600000000297314e+03,1.364064108434397404e-01
2.227700000000297223e+03,1.360606047091738324e-01
2.227800000000297587e+03,1.357148963531808195e-01
2.227900000000297496e+03,1.353692857593543353e-01
2.228000000000297405e+03,1.350237729114386886e-01
2.228100000000297314e+03,1.346290312512755383e-01
2.228200000000297223e+03,1.342341646565861635e-01
2.228300000000297587e+03,1.338391731145320562e-01
2.228400000000297496e+03,1.334440566122814253e-01
2.228500000000297405e+03,1.330488151369991212e-01
2.228600000000297769e+03,1.326534486758514653e-01
2.228700000000297678e+03,1.322579572160113015e-01
2.228800000000297587e+03,1.318623407446484208e-01
2.228900000000297496e+03,1.314665992489352786e-01
2.229000000000297405e+03,1.310707327157605018e-01
2.229100000000297769e+03,1.305786789768630662e-01
2.229200000000297678e+03,1.300865408699648784e-01
2.229300000000297587e+03,1.295943183938849941e-01
2.229400000000297950e+03,1.291020115474436347e-01
2.229500000000297860e+03,1.286096203294689322e-01
2.229600000000297769e+03,1.281171447387837725e-01
2.229700000000297678e+03,1.276245847742144002e-01
2.229800000000297587e+03,1.271319404345883919e-01
2.229900000000297950e+03,1.266391233744798561e-01
2.230000000000297860e+03,1.261461907500623092e-01
2.230100000000297769e+03,1.255330579586264594e-01
2.230200000000298132e+03,1.249201776253283797e-01
2.230300000000298041e+03,1.243075496839814442e-01
2.230400000000297950e+03,1.236951740684032464e-01
2.230500000000297860e+03,1.230830507124267142e-01
2.230600000000297769e+03,1.224711795498977379e-01
2.230700000000298132e+03,1.218595605146712557e-01
2.230800000000298041e+03,1.212481935406237582e-01
2.230900000000297950e+03,1.206370785616358021e-01
2.231000000000298314e+03,1.200262155114286133e-01
2.231100000000298223e+03,1.193578801807941570e-01
2.231200000000298132e+03,1.186896042760243880e-01
2.231300000000298041e+03,1.180213893091471428e-01
2.231400000000297950e+03,1.173532352803720175e-01
2.231500000000298314e+03,1.166851421899048474e-01
2.231600000000298223e+03,1.160171100379600029e-01
2.231700000000298132e+03,1.153491648029132954e-01
2.231800000000298496e+03,1.146813633587995540e-01
2.231900000000298405e+03,1.140136215846968559e-01
2.232000000000298314e+03,1.133459394807539433e-01
2.232100000000298223e+03,1.126023600639762118e-01
2.232200000000298132e+03,1.118589296690508245e-01
2.232300000000298496e+03,1.111156482777879151e-01
2.232400000000298405e+03,1.103725158720094274e-01
2.232500000000298314e+03,1.096295324335284233e-01
2.232600000000298678e+03,1.088866979441599075e-01
2.232700000000298587e+03,1.081440123857304036e-01
2.232800000000298496e+03,1.074014670760024687e-01
2.232900000000298405e+03,1.066590419265600470e-01
2.233000000000298314e+03,1.059167661746930611e-01
2.233100000000298678e+03,1.050987697913011443e-01
2.233200000000298587e+03,1.042811610382026466e-01
2.233300000000298496e+03,1.034639397996864607e-01
2.233400000000298860e+03,1.026471059600664315e-01
2.233500000000298769e+03,1.018306594036921947e-01
2.233600000000298678e+03,1.010146710388191427e-01
2.233700000000298587e+03,1.001990933466940376e-01
2.233800000000298496e+03,9.938390104178695950e-02
2.233900000000298860e+03,9.856909400963732859e-02
2.234000000000298769e+03,9.775467213574139114e-02
2.234100000000298678e+03,9.691404130029949993e-02
2.234200000000299042e+03,9.607341788984717634e-02
2.234300000000298951e+03,9.523280191526310723e-02
2.234400000000298860e+03,9.439219338741447474e-02
2.234500000000298769e+03,9.355159231717184720e-02
2.234600000000298678e+03,9.271099871540557091e-02
2.234700000000299042e+03,9.187041259298195373e-02
2.234800000000298951e+03,9.103131530841242214e-02
2.234900000000298860e+03,9.019273247596656939e-02
2.235000000000299224e+03,8.935411986797589523e-02
2.235100000000299133e+03,8.847504694037036654e-02
2.235200000000299042e+03,8.759599725897784794e-02
2.235300000000298951e+03,8.671697083108827198e-02
2.235400000000298860e+03,8.583796766399139078e-02
2.235500000000299224e+03,8.495898776497295968e-02
2.235600000000299133e+03,8.408003114133053013e-02
2.235700000000299042e+03,8.320109780034946889e-02
2.235800000000299406e+03,8.232218774931489291e-02
2.235900000000299315e+03,8.144297099402210416e-02
2.236000000000299224e+03,8.056276739290957334e-02
2.236100000000299133e+03,7.966786827808822191e-02
2.236200000000299042e+03,7.877280984986806400e-02
2.236300000000299406e+03,7.787759210964383116e-02
2.236400000000299315e+03,7.698221505882597848e-02
2.236500000000299224e+03,7.608667869881609314e-02
2.236600000000299588e+03,7.519098303101988401e-02
2.236700000000299497e+03,7.429512805685851984e-02
2.236800000000299406e+03,7.339911377774442636e-02
2.236900000000299315e+03,7.250294019509782861e-02
2.237000000000299224e+03,7.160660729158539739e-02
2.237100000000299588e+03,6.444202464477885584e-02
2.237200000000299497e+03,5.727831364494975069e-02
2.237300000000299406e+03,5.011550976185136924e-02
2.237400000000299769e+03,4.295357767463808124e-02
2.237500000000299679e+03,3.579250350106616407e-02
2.237600000000299588e+03,2.863228720228217644e-02
2.237700000000299497e+03,2.147292873946478331e-02
2.237800000000299406e+03,1.431442807379171289e-02
2.237900000000299769e+03,7.156785166407607021e-03
2.238000000000299679e+03,0.000000000000000000e+00
2.238100000000299588e+03,0.000000000000000000e+00
2.238200000000299951e+03,0.000000000000000000e+00
2.238300000000299860e+03,0.000000000000000000e+00
2.238400000000299769e+03,0.000000000000000000e+00
2.238500000000299679e+03,0.000000000000000000e+00
2.238600000000299588e+03,0.000000000000000000e+00
2.238700000000299951e+03,0.000000000000000000e+00
2.238800000000299860e+03,0.000000000000000000e+00
2.238900000000299769e+03,0.000000000000000000e+00
2.239000000000300133e+03,0.000000000000000000e+00
2.239100000000300042e+03,0.000000000000000000e+00
2.239200000000299951e+03,0.000000000000000000e+00
2.239300000000299860e+03,0.000000000000000000e+00
2.239400000000299769e+03,0.000000000000000000e+00
2.239500000000300133e+03,0.000000000000000000e+00
2.239600000000300042e+03,0.000000000000000000e+00
2.239700000000299951e+03,0.000000000000000000e+00
2.239800000000300315e+03,0.000000000000000000e+00
2.239900000000300224e+03,0.000000000000000000e+00
2.240000000000300133e+03,2.148930394459183054e-11
2.240100000000300042e+03,7.159838087458994874e-03
2.240200000000299951e+03,1.431951009592453972e-02
2.240300000000300315e+03,2.147901599899769073e-02
2.240400000000300224e+03,2.863835574869242825e-02
2.240500000000300133e+03,3.579752929712021886e-02
2.240600000000300497e+03,4.295653659639249444e-02
2.240700000000300406e+03,5.011537759852281032e-02
2.240800000000300315e+03,5.727405225562224450e-02
2.240900000000300224e+03,6.443256051976926913e-02
2.241000000000300133e+03,7.159090232332590564e-02
2.241100000000300497e+03,7.217994157990709203e-02
2.241200000000300406e+03,7.276894737688203996e-02
2.241300000000300315e+03,7.335791971159036362e-02
2.241400000000300679e+03,7.394685858137181600e-02
2.241500000000300588e+03,7.453576398355847565e-02
2.241600000000300497e+03,7.512463591549049802e-02
2.241700000000300406e+03,7.571347437450572093e-02
2.241800000000300315e+03,7.630227935794202387e-02
2.241900000000300679e+03,7.689105086314046433e-02
2.242000000000300588e+03,7.747912564726557039e-02
2.242100000000300497e+03,7.806426111316500105e-02
2.242200000000300861e+03,7.865040955616735274e-02
2.242300000000300770e+03,7.923640225883031574e-02
2.242400000000300679e+03,7.982223924247550118e-02
2.242500000000300588e+03,8.040792052842055115e-02
2.242600000000300497e+03,8.099344613798203918e-02
2.242700000000300861e+03,8.157881609247789878e-02
2.242800000000300770e+03,8.216403041321712619e-02
2.242900000000300679e+03,8.274908912151494877e-02
2.243000000000301043e+03,8.333399223874463080e-02
2.243100000000300952e+03,8.393839245965127593e-02
2.243200000000300861e+03,8.454290683246848404e-02
2.243300000000300770e+03,8.514749818565255091e-02
2.243400000000300679e+03,8.575212674130168466e-02
2.243500000000301043e+03,8.635686687147059448e-02
2.243600000000300952e+03,8.696171954999667997e-02
2.243700000000300861e+03,8.756668478063128758e-02
2.243800000000301225e+03,8.817176256712407068e-02
2.243900000000301134e+03,8.877695291321463511e-02
2.244000000000301043e+03,8.938225582258242652e-02
2.244100000000300952e+03,8.996550963713279003e-02
2.244200000000300861e+03,9.054863784168491747e-02
2.244300000000301225e+03,9.113164044388087637e-02
2.244400000000301134e+03,9.171451745135636435e-02
2.244500000000301043e+03,9.229726887175687677e-02
2.244600000000301407e+03,9.287989471272974085e-02
2.244700000000301316e+03,9.346239498191673267e-02
2.244800000000301225e+03,9.404476968696887096e-02
2.244900000000301134e+03,9.462701883553696625e-02
2.245000000000301043e+03,9.520914243522170251e-02
2.245100000000301407e+03,9.577394296907644489e-02
2.245200000000301316e+03,9.633853099412716114e-02
2.245300000000301225e+03,9.690290654394737024e-02
2.245400000000301588e+03,9.746706965211156259e-02
2.245500000000301497e+03,9.803102035218787258e-02
2.245600000000301407e+03,9.859475867775326086e-02
2.245700000000301316e+03,9.915828466238311989e-02
2.245800000000301225e+03,9.972159833965374420e-02
2.245900000000301588e+03,1.002846997431456749e-01
2.246000000000301497e+03,1.008475889065139353e-01
2.246100000000301407e+03,1.014376507155638762e-01
2.246200000000301770e+03,1.020279833701906586e-01
2.246300000000301679e+03,1.026185869247491361e-01
2.246400000000301588e+03,1.032094614336026145e-01
2.246500000000301497e+03,1.038006069511109852e-01
2.246600000000301407e+03,1.043920235316340567e-01
2.246700000000301770e+03,1.049837112295346486e-01
2.246800000000301679e+03,1.055753085992392065e-01
2.246900000000301588e+03,1.061651813302442598e-01
2.247000000000301952e+03,1.067552990863140233e-01
2.247100000000301861e+03,1.072848380517593542e-01
2.247200000000301770e+03,1.078142099914845276e-01
2.247300000000301679e+03,1.083434149341212099e-01
2.247400000000301588e+03,1.088724529082972792e-01
2.247500000000301952e+03,1.094013239426415846e-01
2.247600000000301861e+03,1.099300280657728029e-01
2.247700000000301770e+03,1.104585653063143158e-01
2.247800000000302134e+03,1.109869356928870759e-01
2.247900000000302043e+03,1.115151392541022246e-01
2.248000000000301952e+03,1.120431760185084252e-01
2.248100000000301861e+03,1.125487419543918510e-01
2.248200000000301770e+03,1.130541943478314548e-01
2.248300000000302134e+03,1.135595332127398716e-01
2.248400000000302043e+03,1.140646758675253336e-01
2.248500000000301952e+03,1.145696784899583320e-01
2.248600000000302316e+03,1.150745666662593147e-01
2.248700000000302225e+03,1.155793404106575523e-01
2.248800000000302134e+03,1.160839997373882132e-01
2.248900000000302043e+03,1.165885446606833714e-01
2.249000000000301952e+03,1.170929751947178132e-01
2.249100000000302316e+03,1.175786981022257233e-01
2.249200000000302225e+03,1.180644356779220472e-01
2.249300000000302134e+03,1.185501879169730266e-01
2.249400000000302498e+03,1.190359548145435847e-01
2.249500000000302407e+03,1.195217363657921084e-01
2.249600000000302316e+03,1.200075325658835901e-01
2.249700000000302225e+03,1.204933434099799139e-01
2.249800000000302134e+03,1.209791688932430886e-01
2.249900000000302498e+03,1.214650090108364278e-01
2.250000000000302407e+03,1.219508637577589177e-01
2.250100000000302316e+03,1.223844925119918908e-01
2.250200000000302680e+03,1.228180155371963456e-01
2.250300000000302589e+03,1.232513776794091909e-01
2.250400000000302498e+03,1.236846643105386362e-01
2.250500000000302407e+03,1.241178754367991549e-01
2.250600000000302316e+03,1.245510110644061780e-01
2.250700000000302680e+03,1.249840711995758996e-01
2.250800000000302589e+03,1.254170558485193099e-01
2.250900000000302498e+03,1.258499650174522422e-01
2.251000000000302862e+03,1.262827987124323648e-01
2.251100000000302771e+03,1.266631220621989018e-01
2.251200000000302680e+03,1.270433385452406361e-01
2.251300000000302589e+03,1.274234481800392838e-01
2.251400000000302498e+03,1.278034509850745348e-01
2.251500000000302862e+03,1.281833469788252744e-01
2.251600000000302771e+03,1.285631361797632266e-01
2.251700000000302680e+03,1.289428186063629467e-01
2.251800000000303044e+03,1.293223942770959367e-01
2.251900000000302953e+03,1.297037825530768240e-01
2.252000000000302862e+03,1.300860256885383037e-01
2.252100000000302771e+03,1.304240069079448949e-01
2.252200000000302680e+03,1.307619512172590315e-01
2.252300000000303044e+03,1.310998586171433777e-01
2.252400000000302953e+03,1.314377291082562682e-01
2.252500000000302862e+03,1.317755626912600064e-01
2.252600000000303226e+03,1.321133593668178119e-01
2.252700000000303135e+03,1.324511191355885187e-01
2.252800000000303044e+03,1.327888419982351242e-01
2.252900000000302953e+03,1.331265279554191827e-01
2.253000000000302862e+03,1.334641770075620515e-01
2.253100000000303226e+03,1.337221619605955536e-01
2.253200000000303135e+03,1.339800241291672078e-01
2.253300000000303044e+03,1.342377675369823276e-01
2.253400000000303407e+03,1.344953922146693848e-01
2.253500000000303316e+03,1.347528981928486080e-01
2.253600000000303226e+03,1.350102855021386716e-01
2.253700000000303135e+03,1.352675541731514774e-01
2.253800000000303044e+03,1.355247042364950416e-01
2.253900000000303407e+03,1.357817357227728283e-01
2.254000000000303316e+03,1.360386486625440039e-01
2.254100000000303226e+03,1.362861971627059576e-01
2.254200000000303589e+03,1.365344131162235797e-01
2.254300000000303498e+03,1.367827139610312548e-01
2.254400000000303407e+03,1.370310997053725277e-01
2.254500000000303316e+03,1.372795703574866966e-01
2.254600000000303226e+03,1.375281259256110611e-01
2.254700000000303589e+03,1.377767664179807561e-01
2.254800000000303498e+03,1.380254918428259758e-01
2.254900000000303407e+03,1.382743022083763318e-01
2.255000000000303771e+03,1.385231975225763301e-01
2.255100000000303680e+03,1.386787580008256859e-01
2.255200000000303589e+03,1.388343206084116099e-01
2.255300000000303498e+03,1.389898853435264925e-01
2.255400000000303407e+03,1.391454522043619468e-01
2.255500000000303771e+03,1.393010211891104744e-01
2.255600000000303680e+03,1.394565922959625504e-01
2.255700000000303589e+03,1.396121655231102876e-01
2.255800000000303953e+03,1.397677408687459932e-01
2.255900000000303862e+03,1.399233183310594208e-01
2.256000000000303771e+03,1.400788979078690100e-01
2.256100000000303680e+03,1.401114339456991931e-01
2.256200000000303589e+03,1.401439261686639737e-01
2.256300000000303953e+03,1.401763745959225538e-01
2.256400000000303862e+03,1.402087792466288618e-01
2.256500000000303771e+03,1.402411401399336066e-01
2.256600000000304135e+03,1.402734572949827230e-01
2.256700000000304044e+03,1.403057307309182322e-01
2.256800000000303953e+03,1.403379604668773817e-01
2.256900000000303862e+03,1.403701465219931999e-01
2.257000000000303771e+03,1.404022889153898335e-01
2.257100000000304135e+03,1.404327730611755476e-01
2.257200000000304044e+03,1.404632608472205224e-01
2.257300000000303953e+03,1.404937522734112376e-01
2.257400000000304317e+03,1.405242473396340619e-01
2.257500000000304226e+03,1.405547460457751419e-01
2.257600000000304135e+03,1.405852483917204854e-01
2.257700000000304044e+03,1.406174645607339013e-01
2.257800000000303953e+03,1.406503216137365009e-01
2.257900000000304317e+03,1.406831833442226676e-01
2.258000000000304226e+03,1.407160497519436837e-01
2.258100000000304135e+03,1.406407511101242236e-01
2.258200000000304499e+03,1.405654503940199085e-01
2.258300000000304408e+03,1.404901476041665043e-01
2.258400000000304317e+03,1.404148427410986666e-01
2.258500000000304226e+03,1.403395358053516617e-01
2.258600000000304135e+03,1.402642267974607559e-01
2.258700000000304499e+03,1.401889157179612988e-01
2.258800000000304408e+03,1.401135886723821611e-01
2.258900000000304317e+03,1.400380788738453119e-01
2.259000000000304681e+03,1.399625672146714017e-01
2.259100000000304590e+03,1.397924725051212791e-01
2.259200000000304499e+03,1.396224019026142960e-01
2.259300000000304408e+03,1.394523554060146942e-01
2.259400000000304317e+03,1.392823330141873261e-01
2.259500000000304681e+03,1.391123347259956566e-01
2.259600000000304590e+03,1.389423605403058426e-01
2.259700000000304499e+03,1.387724104559816540e-01
2.259800000000304863e+03,1.386024844718858895e-01
2.259900000000304772e+03,1.384325825868844839e-01
2.260000000000304681e+03,1.382627047996211611e-01
2.260100000000304590e+03,1.380206117681979927e-01
2.260200000000304499e+03,1.377785132694288595e-01
2.260300000000304863e+03,1.375364093052452996e-01
2.260400000000304772e+03,1.372942998775824597e-01
2.260500000000304681e+03,1.370521849883724330e-01
2.260600000000305045e+03,1.368100646395475906e-01
2.260700000000304954e+03,1.365679388330433286e-01
2.260800000000304863e+03,1.363258075707927675e-01
2.260900000000304772e+03,1.360836708547297491e-01
2.261000000000304681e+03,1.358415286865271299e-01
2.261100000000305045e+03,1.355135866487378327e-01
2.261200000000304954e+03,1.351856446650988308e-01
2.261300000000304863e+03,1.348577027383769944e-01
2.261400000000305226e+03,1.345297608713393323e-01
2.261500000000305135e+03,1.342018190667579325e-01
2.261600000000305045e+03,1.338738773273998039e-01
2.261700000000304954e+03,1.335459356560344812e-01
2.261800000000304863e+03,1.332179940554310826e-01
2.261900000000305226e+03,1.328900525283574219e-01
2.262000000000305135e+03,1.325616817183524754e-01
2.262100000000305045e+03,1.321420937542563678e-01
2.262200000000305408e+03,1.317225593256775018e-01
2.262300000000305317e+03,1.313030784313364008e-01
2.262400000000305226e+03,1.308836510699473155e-01
2.262500000000305135e+03,1.304642772402266060e-01
2.262600000000305045e+03,1.300449569408902717e-01
2.262700000000305408e+03,1.296256901706517584e-01
2.262800000000305317e+03,1.292064769282310344e-01
2.262900000000305226e+03,1.287873172123411292e-01
2.263000000000305590e+03,1.283682110215254024e-01
2.263100000000305499e+03,1.278935332730373187e-01
2.263200000000305408e+03,1.274187268146282914e-01
2.263300000000305317e+03,1.269437916433001634e-01
2.263400000000305226e+03,1.264687277560595513e-01
2.263500000000305590e+03,1.259935351499156808e-01
2.263600000000305499e+03,1.255182138218889909e-01
2.263700000000305408e+03,1.250427637689985605e-01
2.263800000000305772e+03,1.245671849882675625e-01
2.263900000000305681e+03,1.240914774767311046e-01
2.264000000000305590e+03,1.236156412310369657e-01
2.264100000000305499e+03,1.230137272237128154e-01
2.264200000000305408e+03,1.224121222448312091e-01
2.264300000000305772e+03,1.218108262132590047e-01
2.264400000000305681e+03,1.212098390478798804e-01
2.264500000000305590e+03,1.206091606675780276e-01
2.264600000000305954e+03,1.200087909912456591e-01
2.264700000000305863e+03,1.194087299377910999e-01
2.264800000000305772e+03,1.188089774261237574e-01
2.264900000000305681e+03,1.182095333751631422e-01
2.265000000000305590e+03,1.176103977037863124e-01
2.265100000000305954e+03,1.169944438545093557e-01
2.265200000000305863e+03,1.163782373668961895e-01
2.265300000000305772e+03,1.157624639710828907e-01
2.265400000000306136e+03,1.151483043424133962e-01
2.265500000000306045e+03,1.145338645939467104e-01
2.265600000000305954e+03,1.139191446657038115e-01
2.265700000000305863e+03,1.133041444977052614e-01
2.265800000000305772e+03,1.126888640299693461e-01
2.265900000000306136e+03,1.120733032025083287e-01
2.266000000000306045e+03,1.114574619550349754e-01
2.266100000000305954e+03,1.107417017680271398e-01
2.266200000000306318e+03,1.100260684100323183e-01
2.266300000000306227e+03,1.093105008415624496e-01
2.266400000000306136e+03,1.085950568045675052e-01
2.266500000000306045e+03,1.078797404255743275e-01
2.266600000000305954e+03,1.071645516965315376e-01
2.266700000000306318e+03,1.064494906093841758e-01
2.266800000000306227e+03,1.057345571560863312e-01
2.266900000000306136e+03,1.050197513285819617e-01
2.267000000000306500e+03,1.043050731186628000e-01
2.267100000000306409e+03,1.035411011001786258e-01
2.267200000000306318e+03,1.027771593313822479e-01
2.267300000000306227e+03,1.020132478168448570e-01
2.267400000000306136e+03,1.012493665611375326e-01
2.267500000000306500e+03,1.004855155688282597e-01
2.267600000000306409e+03,9.972169484449558419e-02
2.267700000000306318e+03,9.895627592320467569e-02
2.267800000000306682e+03,9.819035953927353344e-02
2.267900000000306591e+03,9.742448525389030278e-02
2.268000000000306500e+03,9.665859922800834614e-02
2.268100000000306409e+03,9.586087488748412655e-02
2.268200000000306318e+03,9.506296437467286198e-02
2.268300000000306682e+03,9.426486767786829146e-02
2.268400000000306591e+03,9.346658478537858694e-02
2.268500000000306500e+03,9.266811568550428757e-02
2.268600000000306864e+03,9.186946036654985992e-02
2.268700000000306773e+03,9.107061881683374549e-02
2.268800000000306682e+03,9.027159102466733587e-02
2.268900000000306591e+03,8.947237697836901704e-02
2.269000000000306500e+03,8.867297666608879581e-02
2.269100000000306864e+03,8.781752878027508646e-02
2.269200000000306773e+03,8.696227179977619737e-02
2.269300000000306682e+03,8.610720570866660373e-02
2.269400000000307045e+03,8.525233049101937910e-02
2.269500000000306954e+03,8.439764613091860213e-02
2.269600000000306864e+03,8.354315261243494550e-02
2.269700000000306773e+03,8.268884991964148279e-02
2.269800000000306682e+03,8.183473803661005241e-02
2.269900000000307045e+03,8.098081694740738579e-02
2.270000000000306954e+03,8.012708663605555559e-02
2.270100000000306864e+03,7.925512213387406191e-02
2.270200000000307227e+03,7.838249850416180442e-02
2.270300000000307136e+03,7.750997040403927174e-02
2.270400000000307045e+03,7.663753783306344325e-02
2.270500000000306954e+03,7.576520079079479553e-02
2.270600000000306864e+03,7.489295927679355536e-02
2.270700000000307227e+03,7.402081329061564741e-02
2.270800000000307136e+03,7.314876283182862593e-02
2.270900000000307045e+03,7.227680789998762456e-02
2.271000000000307409e+03,7.140494847538007839e-02
2.271100000000307318e+03,6.426530585276150898e-02
2.271200000000307227e+03,5.712547361074662294e-02
2.271300000000307136e+03,4.998545183766774092e-02
2.271400000000307045e+03,4.284524062186614163e-02
2.271500000000307409e+03,3.570484005165945607e-02
2.271600000000307318e+03,2.856425021547163989e-02
2.271700000000307227e+03,2.142347120163829235e-02
2.271800000000307591e+03,1.428219946906810443e-02
2.271900000000307500e+03,7.141035742779936087e-03
2.272000000000307409e+03,0.000000000000000000e+00
2.272100000000307318e+03,0.000000000000000000e+00
2.272200000000307227e+03,0.000000000000000000e+00
2.272300000000307591e+03,0.000000000000000000e+00
2.272400000000307500e+03,0.000000000000000000e+00
2.272500000000307409e+03,0.000000000000000000e+00
2.272600000000307773e+03,0.000000000000000000e+00
2.272700000000307682e+03,0.000000000000000000e+00
2.272800000000307591e+03,0.000000000000000000e+00
2.272900000000307500e+03,0.000000000000000000e+00
2.273000000000307409e+03,0.000000000000000000e+00
2.273100000000307773e+03,0.000000000000000000e+00
2.273200000000307682e+03,0.000000000000000000e+00
2.273300000000307591e+03,0.000000000000000000e+00
2.273400000000307955e+03,0.000000000000000000e+00
2.273500000000307864e+03,0.000000000000000000e+00
2.273600000000307773e+03,0.000000000000000000e+00
2.273700000000307682e+03,0.000000000000000000e+00
2.273800000000307591e+03,0.000000000000000000e+00
2.273900000000307955e+03,0.000000000000000000e+00
2.274000000000307864e+03,2.145006435245089180e-11
2.274100000000307773e+03,6.966465322659844833e-03
2.274200000000308137e+03,1.393109322522986457e-02
2.274300000000308046e+03,2.089389997267284554e-02
2.274400000000307955e+03,2.785488573655432384e-02
2.274500000000307864e+03,3.481404820272950701e-02
2.274600000000307773e+03,4.177138765848122798e-02
2.274700000000308137e+03,4.872690439109206989e-02
2.274800000000308046e+03,5.568059868771781801e-02
2.274900000000307955e+03,6.263247083557725581e-02
2.275000000000308319e+03,6.958252110212596875e-02
2.275100000000308228e+03,7.013186742026086828e-02
2.275200000000308137e+03,7.068099021102416946e-02
2.275300000000308046e+03,7.122988953398519396e-02
2.275400000000307955e+03,7.177856544870110655e-02
2.275500000000308319e+03,7.232701801471898284e-02
2.275600000000308228e+03,7.287524729156642789e-02
2.275700000000308137e+03,7.342325333876603688e-02
2.275800000000308501e+03,7.397103621582788724e-02
2.275900000000308410e+03,7.451859598224225278e-02
2.276000000000308319e+03,7.506580440549605326e-02
2.276100000000308228e+03,7.562839219964039017e-02
2.276200000000308137e+03,7.619094632124767674e-02
2.276300000000308501e+03,7.675304863024898228e-02
2.276400000000308410e+03,7.731414489999643980e-02
2.276500000000308319e+03,7.787513929046088745e-02
2.276600000000308683e+03,7.843982774272828529e-02
2.276700000000308592e+03,7.900590682409099064e-02
2.276800000000308501e+03,7.957195911463749161e-02
2.276900000000308410e+03,8.013798460769364085e-02
2.277000000000308319e+03,8.070398329658151626e-02
2.277100000000308683e+03,8.126841265863936348e-02
2.277200000000308592e+03,8.183276639404013508e-02
2.277300000000308501e+03,8.239704450478338438e-02
2.277400000000308864e+03,8.296124790299004570e-02
2.277500000000308773e+03,8.352538204601202276e-02
2.277600000000308683e+03,8.408944066854853738e-02
2.277700000000308592e+03,8.465342377257784046e-02
2.277800000000308501e+03,8.521774994060171693e-02
2.277900000000308864e+03,8.578348089226303652e-02
2.278000000000308773e+03,8.634916130980016535e-02
2.278100000000308683e+03,8.691069950723336046e-02
2.278200000000309046e+03,8.747216427483163470e-02
2.278300000000308955e+03,8.803355561148935859e-02
2.278400000000308864e+03,8.859487351610989547e-02
2.278500000000308773e+03,8.915611798759448536e-02
2.278600000000308683e+03,8.971728902484524260e-02
2.278700000000309046e+03,9.027838662676736237e-02
2.278800000000308955e+03,9.083941079225939241e-02
2.278900000000308864e+03,9.140036152022824878e-02
2.279000000000309228e+03,9.196248574162896317e-02
2.279100000000309137e+03,9.252197522630686843e-02
2.279200000000309046e+03,9.308146493537589050e-02
2.279300000000308955e+03,9.364095485746809500e-02
2.279400000000308864e+03,9.420044498121529775e-02
2.279500000000309228e+03,9.475993529525120196e-02
2.279600000000309137e+03,9.531942578820097600e-02
2.279700000000309046e+03,9.587891644869726837e-02
2.279800000000309410e+03,9.643840726537193653e-02
2.279900000000309319e+03,9.699789822684878882e-02
2.280000000000309228e+03,9.755738932167097588e-02
2.280100000000309137e+03,9.808852933976050514e-02
2.280200000000309046e+03,9.861948992285551885e-02
2.280300000000309410e+03,9.915027110106489072e-02
2.280400000000309319e+03,9.968087290448866822e-02
2.280500000000309228e+03,1.002112953632326164e-01
2.280600000000309592e+03,1.007427316601072764e-01
2.280700000000309501e+03,1.012750488982574470e-01
2.280800000000309410e+03,1.018072103615521723e-01
2.280900000000309319e+03,1.023392160676372259e-01
2.281000000000309228e+03,1.028710660341690536e-01
2.281100000000309592e+03,1.034059178621751784e-01
2.281200000000309501e+03,1.039408291757798475e-01
2.281300000000309410e+03,1.044757999687413175e-01
2.281400000000309774e+03,1.050108302348156802e-01
2.281500000000309683e+03,1.055459199677487026e-01
2.281600000000309592e+03,1.060810691612922435e-01
2.281700000000309501e+03,1.066162778091922086e-01
2.281800000000309410e+03,1.071515459051926716e-01
2.281900000000309774e+03,1.076868734430376368e-01
2.282000000000309683e+03,1.082222604163488727e-01
2.282100000000309592e+03,1.087214398586798525e-01
2.282200000000309956e+03,1.092205506683702337e-01
2.282300000000309865e+03,1.097193479988693154e-01
2.282400000000309774e+03,1.102158842228260494e-01
2.282500000000309683e+03,1.107123297892545211e-01
2.282600000000309592e+03,1.112086847011455326e-01
2.282700000000309956e+03,1.117049489614947294e-01
2.282800000000309865e+03,1.122011225732912898e-01
2.282900000000309774e+03,1.126972055395327466e-01
2.283000000000310138e+03,1.131879513387472336e-01
2.283100000000310047e+03,1.136448082800771558e-01
2.283200000000309956e+03,1.141014926470218793e-01
2.283300000000309865e+03,1.145580044806899095e-01
2.283400000000309774e+03,1.150143438221840342e-01
2.283500000000310138e+03,1.154621320302339910e-01
2.283600000000310047e+03,1.159078436171529780e-01
2.283700000000309956e+03,1.163533026983230995e-01
2.283800000000310320e+03,1.167945776943490610e-01
2.283900000000310229e+03,1.172291155117144573e-01
2.284000000000310138e+03,1.176633225111360648e-01
2.284100000000310047e+03,1.180775623175757127e-01
2.284200000000309956e+03,1.184915946908279977e-01
2.284300000000310320e+03,1.189054196868508523e-01
2.284400000000310229e+03,1.193190373615896221e-01
2.284500000000310138e+03,1.197324477709882512e-01
2.284600000000310501e+03,1.201391453676691062e-01
2.284700000000310411e+03,1.205360874621932421e-01
2.284800000000310320e+03,1.209327130826979430e-01
2.284900000000310229e+03,1.213290223718553329e-01
2.285000000000310138e+03,1.217250154721518374e-01
2.285100000000310501e+03,1.220734205758746554e-01
2.285200000000310411e+03,1.224214941535646251e-01
2.285300000000310320e+03,1.227692363962954031e-01
2.285400000000310683e+03,1.231158213298272214e-01
2.285500000000310592e+03,1.234601578265735050e-01
2.285600000000310501e+03,1.238041477990101252e-01
2.285700000000310411e+03,1.241470771778116766e-01
2.285800000000310320e+03,1.244876178977458170e-01
2.285900000000310683e+03,1.248277973011013148e-01
2.286000000000310592e+03,1.251676156179521993e-01
2.286100000000310501e+03,1.254519763314032865e-01
2.286200000000310865e+03,1.257322880272444821e-01
2.286300000000310774e+03,1.260018843991539961e-01
2.286400000000310683e+03,1.262709267464305063e-01
2.286500000000310592e+03,1.265395387815018979e-01
2.286600000000310501e+03,1.268077209060718691e-01
2.286700000000310865e+03,1.270754735215652020e-01
2.286800000000310774e+03,1.273427970291228783e-01
2.286900000000310683e+03,1.275847783183924888e-01
2.287000000000311047e+03,1.278237908384598220e-01
2.287100000000310956e+03,1.280366792525671760e-01
2.287200000000310865e+03,1.282491896936620579e-01
2.287300000000310774e+03,1.284613224868965120e-01
2.287400000000310683e+03,1.286730779572724248e-01
2.287500000000311047e+03,1.288844564296423578e-01
2.287600000000310956e+03,1.290954582287059671e-01
2.287700000000310865e+03,1.293060836790153323e-01
2.287800000000311229e+03,1.295109558386829673e-01
2.287900000000311138e+03,1.296919385676251757e-01
2.288000000000311047e+03,1.298603639194062243e-01
2.288100000000310956e+03,1.299434134272225705e-01
2.288200000000310865e+03,1.300260209703583414e-01
2.288300000000311229e+03,1.301081873834169511e-01
2.288400000000311138e+03,1.301899134999329466e-01
2.288500000000311047e+03,1.302712001523749219e-01
2.288600000000311411e+03,1.303516181957665443e-01
2.288700000000311320e+03,1.304291186454024365e-01
2.288800000000311229e+03,1.305061773431213934e-01
2.288900000000311138e+03,1.305827951433470857e-01
2.289000000000311047e+03,1.306589728992809119e-01
2.289100000000311411e+03,1.306972928411794244e-01
2.289200000000311320e+03,1.307319550596838520e-01
2.289300000000311229e+03,1.307663323552548662e-01
2.289400000000311593e+03,1.307978694502906214e-01
2.289500000000311502e+03,1.308082896867724387e-01
2.289600000000311411e+03,1.308184068076361228e-01
2.289700000000311320e+03,1.308282214395523335e-01
2.289800000000311229e+03,1.308377342084671158e-01
2.289900000000311593e+03,1.308469457396023994e-01
2.290000000000311502e+03,1.308558566571329795e-01
2.290100000000311411e+03,1.307610010681337642e-01
2.290200000000311775e+03,1.306626433090432859e-01
2.290300000000311684e+03,1.305473159480283474e-01
2.290400000000311593e+03,1.304319272207195013e-01
2.290500000000311502e+03,1.303164776411312453e-01
2.290600000000311411e+03,1.302009677220307138e-01
2.290700000000311775e+03,1.300853979749400369e-01
2.290800000000311684e+03,1.299697689101396991e-01
2.290900000000311593e+03,1.298540403906084939e-01
2.291000000000311957e+03,1.297380773911721574e-01
2.291100000000311866e+03,1.295660292538370340e-01
2.291200000000311775e+03,1.293941326015623505e-01
2.291300000000311684e+03,1.292223874256063498e-01
2.291400000000311593e+03,1.290483196427767154e-01
2.291500000000311957e+03,1.288740010684656934e-01
2.291600000000311866e+03,1.286998401377701662e-01
2.291700000000311775e+03,1.285258368354785241e-01
2.291800000000312139e+03,1.283519911461203367e-01
2.291900000000312048e+03,1.281725738959763050e-01
2.292000000000311957e+03,1.279932897804285652e-01
2.292100000000311866e+03,1.277397740028741457e-01
2.292200000000311775e+03,1.274866992346243011e-01
2.292300000000312139e+03,1.272340648114747286e-01
2.292400000000312048e+03,1.269818700700766634e-01
2.292500000000311957e+03,1.267186271597977587e-01
2.292600000000312320e+03,1.264474951685349291e-01
2.292700000000312230e+03,1.261741543606146876e-01
2.292800000000312139e+03,1.259011032600238500e-01
2.292900000000312048e+03,1.256285492991798536e-01
2.293000000000311957e+03,1.253565117267802509e-01
2.293100000000312320e+03,1.250036198196893544e-01
2.293200000000312230e+03,1.246515943338956933e-01
2.293300000000312139e+03,1.243004334304487063e-01
2.293400000000312502e+03,1.239501352737315126e-01
2.293500000000312411e+03,1.236058173973817037e-01
2.293600000000312320e+03,1.232644490792199621e-01
2.293700000000312230e+03,1.229277839141847684e-01
2.293800000000312139e+03,1.225919193208709623e-01
2.293900000000312502e+03,1.222568536542584378e-01
2.294000000000312411e+03,1.219225852721609465e-01
2.294100000000312320e+03,1.215701612241965740e-01
2.294200000000312684e+03,1.212185079788592190e-01
2.294300000000312593e+03,1.208628183601151429e-01
2.294400000000312502e+03,1.205072551102281120e-01
2.294500000000312411e+03,1.201524875920696039e-01
2.294600000000312320e+03,1.197985144523520951e-01
2.294700000000312684e+03,1.194450045994812776e-01
2.294800000000312593e+03,1.190738088879635115e-01
2.294900000000312502e+03,1.187035049657279850e-01
2.295000000000312866e+03,1.183340911897572123e-01
2.295100000000312775e+03,1.178616067228527159e-01
2.295200000000312684e+03,1.173931207728679676e-01
2.295300000000312593e+03,1.169259569346358663e-01
2.295400000000312502e+03,1.164601884123592501e-01
2.295500000000312866e+03,1.159958182857223213e-01
2.295600000000312775e+03,1.155328431707488002e-01
2.295700000000312684e+03,1.150712596901752455e-01
2.295800000000313048e+03,1.146110644734456563e-01
2.295900000000312957e+03,1.141345807125199591e-01
2.296000000000312866e+03,1.136540022513277126e-01
2.296100000000312775e+03,1.131372666591485832e-01
2.296200000000312684e+03,1.126221277957709238e-01
2.296300000000313048e+03,1.121085819305457920e-01
2.296400000000312957e+03,1.115966253395041519e-01
2.296500000000312866e+03,1.110862136288382623e-01
2.296600000000313230e+03,1.105773665492080782e-01
2.296700000000313139e+03,1.100873088954496259e-01
2.296800000000313048e+03,1.096040307569073474e-01
2.296900000000312957e+03,1.091221324694039707e-01
2.297000000000312866e+03,1.086483881017098335e-01
2.297100000000313230e+03,1.081299634027371726e-01
2.297200000000313139e+03,1.076129221937470043e-01
2.297300000000313048e+03,1.070972618752882577e-01
2.297400000000313412e+03,1.065829798514092014e-01
2.297500000000313321e+03,1.060718257371325024e-01
2.297600000000313230e+03,1.055626952238732652e-01
2.297700000000313139e+03,1.050549129780526669e-01
2.297800000000313048e+03,1.045484764971660874e-01
2.297900000000313412e+03,1.040433832820227833e-01
2.298000000000313321e+03,1.035396308365256340e-01
2.298100000000313230e+03,1.029654926990024311e-01
2.298200000000313594e+03,1.023930095153191694e-01
2.298300000000313503e+03,1.018253675974262890e-01
2.298400000000313412e+03,1.012607992242657989e-01
2.298500000000313321e+03,1.006978257367512064e-01
2.298600000000313230e+03,1.001364439548135810e-01
2.298700000000313594e+03,9.957665070309053290e-02
2.298800000000313503e+03,9.901844281093062639e-02
2.298900000000313412e+03,9.846181711237332601e-02
2.299000000000313776e+03,9.790677044590383182e-02
2.299100000000313685e+03,9.728185332943529995e-02
2.299200000000313594e+03,9.666280012458866588e-02
2.299300000000313503e+03,9.603971604537415996e-02
2.299400000000313412e+03,9.541791263309405691e-02
2.299500000000313776e+03,9.479807578677530711e-02
2.299600000000313685e+03,9.418020104890906241e-02
2.299700000000313594e+03,9.356428396976460005e-02
2.299800000000313958e+03,9.295032010738599193e-02
2.299900000000313867e+03,9.233830502759052261e-02
2.300000000000313776e+03,9.172823430390530941e-02
2.300100000000313685e+03,9.110862727380963921e-02
2.300200000000313594e+03,9.049057904648369344e-02
2.300300000000313958e+03,8.987408722825941665e-02
2.300400000000313867e+03,8.926548477803365744e-02
2.300500000000313776e+03,8.866227772942651686e-02
2.300600000000314139e+03,8.806048766004266615e-02
2.300700000000314049e+03,8.746354049191830404e-02
2.300800000000313958e+03,8.687053828447713344e-02
2.300900000000313867e+03,8.627886673049516009e-02
2.301000000000313776e+03,8.568852406446388070e-02
2.301100000000314139e+03,8.503989009479920314e-02
2.301200000000314049e+03,8.439288832899569104e-02
2.301300000000313958e+03,8.374751614612625794e-02
2.301400000000314321e+03,8.310377092809113908e-02
2.301500000000314230e+03,8.246832209933717406e-02
2.301600000000314139e+03,8.184094912042901016e-02
2.301700000000314049e+03,8.121499526259273738e-02
2.301800000000313958e+03,8.059045857076164998e-02
2.301900000000314321e+03,7.996733709155681713e-02
2.302000000000314230e+03,7.934562887308782564e-02
2.302100000000314139e+03,7.865873648597530854e-02
2.302200000000314503e+03,7.797378902916372867e-02
2.302300000000314412e+03,7.729602817749765820e-02
2.302400000000314321e+03,7.662548338353250554e-02
2.302500000000314230e+03,7.595668763880138175e-02
2.302600000000314139e+03,7.529041119026101681e-02
2.302700000000314503e+03,7.463896931298358295e-02
2.302800000000314412e+03,7.398903216023348939e-02
2.302900000000314321e+03,7.334059743858913072e-02
2.303000000000314685e+03,7.269366285716775955e-02
2.303100000000314594e+03,7.204188819538986932e-02
2.303200000000314503e+03,7.139567802632629245e-02
2.303300000000314412e+03,7.075046295129494567e-02
2.303400000000314321e+03,7.010624222907727021e-02
2.303500000000314685e+03,6.946301511859524769e-02
2.303600000000314594e+03,6.882078087892348761e-02
2.303700000000314503e+03,6.817953876927164425e-02
2.303800000000314867e+03,6.754172770478535093e-02
2.303900000000314776e+03,6.690492640324620377e-02
2.304000000000314685e+03,6.626817777127769205e-02
2.304100000000314594e+03,6.560428716059248100e-02
2.304200000000314503e+03,6.494143795020440590e-02
2.304300000000314867e+03,6.428030286696703732e-02
2.304400000000314776e+03,6.362059006004301687e-02
2.304500000000314685e+03,6.296189412344425917e-02
2.304600000000315049e+03,6.230421426905460164e-02
2.304700000000314958e+03,6.164968289835533188e-02
2.304800000000314867e+03,6.099962036077127142e-02
2.304900000000314776e+03,6.035673183125685182e-02
2.305000000000314685e+03,5.972095544229821112e-02
2.305100000000315049e+03,5.906123217534577780e-02
2.305200000000314958e+03,5.840227607674016580e-02
2.305300000000314867e+03,5.774411997471465274e-02
2.305400000000315231e+03,5.708676338259333766e-02
2.305500000000315140e+03,5.643064379278710241e-02
2.305600000000315049e+03,5.577616180882472019e-02
2.305700000000314958e+03,5.512244771089747086e-02
2.305800000000314867e+03,5.446950106978787343e-02
2.305900000000315231e+03,5.381732145632020514e-02
2.306000000000315140e+03,5.316777704010249017e-02
2.306100000000315049e+03,4.783159688600721604e-02
2.306200000000315413e+03,4.249973216718291869e-02
2.306300000000315322e+03,3.717320330414404517e-02
2.306400000000315231e+03,3.185274660862382617e-02
2.306500000000315140e+03,2.653562328484963470e-02
2.306600000000315049e+03,2.122183312609309327e-02
2.306700000000315413e+03,1.591137592493444691e-02
2.306800000000315322e+03,1.060425147335932947e-02
2.306900000000315231e+03,5.300459562613819668e-03
2.307000000000315595e+03,0.000000000000000000e+00
2.307100000000315504e+03,0.000000000000000000e+00
2.307200000000315413e+03,0.000000000000000000e+00
2.307300000000315322e+03,0.000000000000000000e+00
2.307400000000315231e+03,0.000000000000000000e+00
2.307500000000315595e+03,0.000000000000000000e+00
2.307600000000315504e+03,0.000000000000000000e+00
2.307700000000315413e+03,0.000000000000000000e+00
2.307800000000315777e+03,0.000000000000000000e+00
2.307900000000315686e+03,0.000000000000000000e+00
2.308000000000315595e+03,0.000000000000000000e+00
2.308100000000315504e+03,0.000000000000000000e+00
2.308200000000315413e+03,0.000000000000000000e+00
2.308300000000315777e+03,0.000000000000000000e+00
2.308400000000315686e+03,0.000000000000000000e+00
2.308500000000315595e+03,0.000000000000000000e+00
2.308600000000315958e+03,0.000000000000000000e+00
2.308700000000315868e+03,0.000000000000000000e+00
2.308800000000315777e+03,0.000000000000000000e+00
2.308900000000315686e+03,0.000000000000000000e+00
2.309000000000315595e+03,0.000000000000000000e+00
2.309100000000315958e+03,0.000000000000000000e+00
2.309200000000315868e+03,0.000000000000000000e+00
2.309300000000315777e+03,0.000000000000000000e+00
2.309400000000316140e+03,0.000000000000000000e+00
2.309500000000316049e+03,0.000000000000000000e+00
2.309600000000315958e+03,0.000000000000000000e+00
2.309700000000315868e+03,0.000000000000000000e+00
2.309800000000315777e+03,0.000000000000000000e+00
2.309900000000316140e+03,0.000000000000000000e+00
2.310000000000316049e+03,1.711690591488183757e-11
2.310100000000315958e+03,5.416853577050263595e-03
2.310200000000316322e+03,1.083562274539219029e-02
2.310300000000316231e+03,1.625634640366620601e-02
2.310400000000316140e+03,2.167945404335582665e-02
2.310500000000316049e+03,2.710507964444387047e-02
2.310600000000315958e+03,3.253717495090846512e-02
2.310700000000316322e+03,3.797296518211096955e-02
2.310800000000316231e+03,4.341245110788931327e-02
2.310900000000316140e+03,4.885563349787483411e-02
2.311000000000316504e+03,5.430251310549667060e-02
2.311100000000316413e+03,5.472134081402312694e-02
2.311200000000316322e+03,5.514624564602267631e-02
2.311300000000316231e+03,5.557144240347112324e-02
2.311400000000316140e+03,5.599693110731288753e-02
2.311500000000316504e+03,5.642271177843524027e-02
2.311600000000316413e+03,5.684878443766039346e-02
2.311700000000316322e+03,5.727733949896984117e-02
2.311800000000316686e+03,5.770672767818665200e-02
2.311900000000316595e+03,5.813629460975976160e-02
2.312000000000316504e+03,5.856100282120461908e-02
2.312100000000316413e+03,5.899854314186202264e-02
2.312200000000316322e+03,5.943649241080563306e-02
2.312300000000316686e+03,5.987485082560595195e-02
2.312400000000316595e+03,6.031361858386331126e-02
2.312500000000316504e+03,6.075279588321953056e-02
2.312600000000316868e+03,6.119238292135216473e-02
2.312700000000316777e+03,6.163237989596790506e-02
2.312800000000316686e+03,6.207371843838501574e-02
2.312900000000316595e+03,6.251752955606017237e-02
2.313000000000316504e+03,6.296179363067871959e-02
2.313100000000316868e+03,6.340800578398750331e-02
2.313200000000316777e+03,6.385473793233976958e-02
2.313300000000316686e+03,6.430195234623217737e-02
2.313400000000317050e+03,6.474964932869498035e-02
2.313500000000316959e+03,6.519782918285928208e-02
2.313600000000316868e+03,6.564791409425223268e-02
2.313700000000316777e+03,6.609857408770766773e-02
2.313800000000316686e+03,6.654973791934436222e-02
2.313900000000317050e+03,6.700259722429134646e-02
2.314000000000316959e+03,6.745953475672085420e-02
2.314100000000316868e+03,6.789765107135269095e-02
2.314200000000317232e+03,6.833612640678916883e-02
2.314300000000317141e+03,6.877496087551711323e-02
2.314400000000317050e+03,6.921559121563937433e-02
2.314500000000316959e+03,6.965673617288950514e-02
2.314600000000316868e+03,7.009825987023482474e-02
2.314700000000317232e+03,7.054011237923066280e-02
2.314800000000317141e+03,7.098234352271820535e-02
2.314900000000317050e+03,7.142495342826486737e-02
2.315000000000317414e+03,7.186794222335902982e-02
2.315100000000317323e+03,7.230082320273761853e-02
2.315200000000317232e+03,7.273129099477416981e-02
2.315300000000317141e+03,7.316164094627285175e-02
2.315400000000317050e+03,7.359228477743097463e-02
2.315500000000317414e+03,7.402322250957886485e-02
2.315600000000317323e+03,7.445445416395543581e-02
2.315700000000317232e+03,7.488597976171995629e-02
2.315800000000317596e+03,7.531779932394591648e-02
2.315900000000317505e+03,7.574991287161547682e-02
2.316000000000317414e+03,7.617943220424598649e-02
2.316100000000317323e+03,7.662624450361850414e-02
2.316200000000317232e+03,7.707362634708148086e-02
2.316300000000317596e+03,7.752157820094329743e-02
2.316400000000317505e+03,7.797010053176724187e-02
2.316500000000317414e+03,7.841919380638348591e-02
2.316600000000317777e+03,7.886885849188317310e-02
2.316700000000317686e+03,7.931909505561232643e-02
2.316800000000317596e+03,7.975981821477476363e-02
2.316900000000317505e+03,8.019842758468662125e-02
2.317000000000317414e+03,8.063747152451129774e-02
2.317100000000317777e+03,8.106329048519715641e-02
2.317200000000317686e+03,8.148952040684294407e-02
2.317300000000317596e+03,8.191617871603160128e-02
2.317400000000317959e+03,8.234326568783646716e-02
2.317500000000317868e+03,8.277078159744399866e-02
2.317600000000317777e+03,8.318014724354128031e-02
2.317700000000317686e+03,8.358382366959415943e-02
2.317800000000317596e+03,8.398768604321046882e-02
2.317900000000317959e+03,8.439173438839364660e-02
2.318000000000317868e+03,8.479596872900863058e-02
2.318100000000317777e+03,8.516233531625867770e-02
2.318200000000318141e+03,8.552870409774916693e-02
2.318300000000318050e+03,8.589507503018226076e-02
2.318400000000317959e+03,8.625133573761353811e-02
2.318500000000317868e+03,8.660190999103214993e-02
2.318600000000317777e+03,8.695235486621129273e-02
2.318700000000318141e+03,8.730267034239602708e-02
2.318800000000318050e+03,8.765285639885772584e-02
2.318900000000317959e+03,8.800291301490345552e-02
2.319000000000318323e+03,8.835284016987315914e-02
2.319100000000318232e+03,8.870321947836537491e-02
2.319200000000318141e+03,8.905365088675865071e-02
2.319300000000318050e+03,8.940413435152745614e-02
2.319400000000317959e+03,8.975466982913232750e-02
2.319500000000318323e+03,9.010525727602178292e-02
2.319600000000318232e+03,9.045049796159741751e-02
2.319700000000318141e+03,9.079479756930659839e-02
2.319800000000318505e+03,9.113910119419300904e-02
2.319900000000318414e+03,9.148340879741721776e-02
2.320000000000318323e+03,9.182504255499135404e-02
2.320100000000318232e+03,9.213479756014970878e-02
2.320200000000318141e+03,9.244449806400510672e-02
2.320300000000318505e+03,9.275414403174823963e-02
2.320400000000318414e+03,9.306373542857429570e-02
2.320500000000318323e+03,9.337327221969124458e-02
2.320600000000318687e+03,9.368275437031610420e-02
2.320700000000318596e+03,9.398967621480830426e-02
2.320800000000318505e+03,9.428816614343119018e-02
2.320900000000318414e+03,9.458228594085454910e-02
2.321000000000318323e+03,9.487625245132871865e-02
2.321100000000318687e+03,9.512367328887993967e-02
2.321200000000318596e+03,9.537086643516616558e-02
2.321300000000318505e+03,9.561783197928266920e-02
2.321400000000318869e+03,9.586457001032458458e-02
2.321500000000318778e+03,9.611108061738286856e-02
2.321600000000318687e+03,9.634497873516831290e-02
2.321700000000318596e+03,9.656906029843335959e-02
2.321800000000318505e+03,9.679083395821415359e-02
2.321900000000318869e+03,9.700742969245527980e-02
2.322000000000318778e+03,9.722365444006433877e-02
2.322100000000318687e+03,9.740658643166470732e-02
2.322200000000319051e+03,9.758919887769852697e-02
2.322300000000318960e+03,9.777149203864914095e-02
2.322400000000318869e+03,9.795229096936224067e-02
2.322500000000318778e+03,9.813171076529685066e-02
2.322600000000318687e+03,9.831080292415084187e-02
2.322700000000319051e+03,9.848956772228950607e-02
2.322800000000318960e+03,9.866800543595270756e-02
2.322900000000318869e+03,9.884604992876218355e-02
2.323000000000319233e+03,9.901689562104686038e-02
2.323100000000319142e+03,9.918080420058379698e-02
2.323200000000319051e+03,9.934451186326059835e-02
2.323300000000318960e+03,9.950801866639134852e-02
2.323400000000318869e+03,9.967132466734189566e-02
2.323500000000319233e+03,9.983442992353080969e-02
2.323600000000319142e+03,9.999733449242563521e-02
2.323700000000319051e+03,1.001600384315483733e-01
2.323800000000319415e+03,1.003225417984723311e-01
2.323900000000319324e+03,1.004848446508201931e-01
2.324000000000319233e+03,1.006469470460591431e-01
2.324100000000319142e+03,1.007379662107004969e-01
2.324200000000319051e+03,1.008268498780410111e-01
2.324300000000319415e+03,1.009155076407177859e-01
2.324400000000319324e+03,1.010039397395666450e-01
2.324500000000319233e+03,1.010921464152647470e-01
2.324600000000319596e+03,1.011801279083300587e-01
2.324700000000319505e+03,1.012678844591190785e-01
2.324800000000319415e+03,1.013640021784014550e-01
2.324900000000319324e+03,1.014722042275939401e-01
2.325000000000319233e+03,1.015802296954222278e-01
2.325100000000319596e+03,1.016474521886121668e-01
2.325200000000319505e+03,1.017102873611568370e-01
2.325300000000319415e+03,1.017677559335384424e-01
2.325400000000319778e+03,1.018250926790703198e-01
2.325500000000319687e+03,1.018822977235435967e-01
2.325600000000319596e+03,1.019402416851502152e-01
2.325700000000319505e+03,1.019995198042008555e-01
2.325800000000319415e+03,1.020586699133570890e-01
2.325900000000319778e+03,1.021176921305941843e-01
2.326000000000319687e+03,1.021765865736611184e-01
2.326100000000319596e+03,1.021875675451924259e-01
2.326200000000319960e+03,1.021984807947387136e-01
2.326300000000319869e+03,1.022089234293860754e-01
2.326400000000319778e+03,1.022172583295744980e-01
2.326500000000319687e+03,1.022254686171149285e-01
2.326600000000319596e+03,1.022336107315282849e-01
2.326700000000319960e+03,1.022416847490829200e-01
2.326800000000319869e+03,1.022496907459935073e-01
2.326900000000319778e+03,1.022576287984208049e-01
2.327000000000320142e+03,1.022654989823413296e-01
2.327100000000320051e+03,1.022327676731757395e-01
2.327200000000319960e+03,1.022007235755653803e-01
2.327300000000319869e+03,1.021703237512422147e-01
2.327400000000319778e+03,1.021399166713331391e-01
2.327500000000320142e+03,1.021010139494335917e-01
2.327600000000320051e+03,1.020610417029198663e-01
2.327700000000319960e+03,1.020210673478145341e-01
2.327800000000320324e+03,1.019810909022102891e-01
2.327900000000320233e+03,1.019411123841857114e-01
2.328000000000320142e+03,1.019011318115406323e-01
2.328100000000320051e+03,1.017792640232151186e-01
2.328200000000319960e+03,1.016575275425872088e-01
2.328300000000320324e+03,1.015359222433212388e-01
2.328400000000320233e+03,1.014144479991906239e-01
2.328500000000320142e+03,1.012931046840739313e-01
2.328600000000320506e+03,1.011733328645027519e-01
2.328700000000320415e+03,1.010546163806388814e-01
2.328800000000320324e+03,1.009375475630699265e-01
2.328900000000320233e+03,1.008260353175240015e-01
2.329000000000320142e+03,1.007146340060751377e-01
2.329100000000320506e+03,1.005735571723337524e-01
2.329200000000320415e+03,1.004326204838211639e-01
2.329300000000320324e+03,1.002918238309262189e-01
2.329400000000320688e+03,1.001511671041072776e-01
2.329500000000320597e+03,1.000106501938931719e-01
2.329600000000320506e+03,9.987027299087988808e-02
2.329700000000320415e+03,9.973156764875612534e-02
2.329800000000320324e+03,9.959605312901666230e-02
2.329900000000320688e+03,9.946065566494229071e-02
2.330000000000320597e+03,9.932538556762200710e-02
2.330100000000320506e+03,9.914050359669074330e-02
2.330200000000320870e+03,9.895580536776200919e-02
2.330300000000320779e+03,9.877129074875247439e-02
2.330400000000320688e+03,9.858728085403070662e-02
2.330500000000320597e+03,9.840539914334646421e-02
2.330600000000320506e+03,9.822369269339331632e-02
2.330700000000320870e+03,9.804216138227606070e-02
2.330800000000320779e+03,9.786091386117226620e-02
2.330900000000320688e+03,9.768202408520562652e-02
2.331000000000321052e+03,9.750330094678663628e-02
2.331100000000320961e+03,9.725277476505757301e-02
2.331200000000320870e+03,9.700348934967323311e-02
2.331300000000320779e+03,9.676252345587200987e-02
2.331400000000320688e+03,9.652183375378366181e-02
2.331500000000321052e+03,9.628142000283981816e-02
2.331600000000320961e+03,9.604128196265032669e-02
2.331700000000320870e+03,9.580141939299596787e-02
2.331800000000321234e+03,9.556183205383179946e-02
2.331900000000321143e+03,9.532251970529036222e-02
2.332000000000321052e+03,9.508376415140101789e-02
2.332100000000320961e+03,9.483736738380339759e-02
2.332200000000320870e+03,9.459105870783290904e-02
2.332300000000321234e+03,9.434483814216733377e-02
2.332400000000321143e+03,9.409870570545686430e-02
2.332500000000321052e+03,9.385266141631717907e-02
2.332600000000321415e+03,9.360670529333330048e-02
2.332700000000321324e+03,9.336083735506221781e-02
2.332800000000321234e+03,9.311511288469959124e-02
2.332900000000321143e+03,9.287156410592713185e-02
2.333000000000321052e+03,9.262809249596992700e-02
2.333100000000321415e+03,9.229449503295417134e-02
2.333200000000321324e+03,9.196014781105532609e-02
2.333300000000321234e+03,9.162616744276147474e-02
2.333400000000321597e+03,9.129255363449838290e-02
2.333500000000321506e+03,9.095930196561524683e-02
2.333600000000321415e+03,9.062640774142015354e-02
2.333700000000321324e+03,9.029387929065994800e-02
2.333800000000321234e+03,8.996171632038001131e-02
2.333900000000321597e+03,8.962991853781658580e-02
2.334000000000321506e+03,8.929848565027816154e-02
2.334100000000321415e+03,8.892836989758243216e-02
2.334200000000321779e+03,8.855761435667719450e-02
2.334300000000321688e+03,8.818352792740724588e-02
2.334400000000321597e+03,8.780981200176665724e-02
2.334500000000321506e+03,8.743263616846196074e-02
2.334600000000321415e+03,8.705565591420863503e-02
2.334700000000321779e+03,8.667907955474030146e-02
2.334800000000321688e+03,8.630290678806644411e-02
2.334900000000321597e+03,8.592713731236932551e-02
2.335000000000321961e+03,8.555177082590727233e-02
2.335100000000321870e+03,8.514527775329168435e-02
2.335200000000321779e+03,8.473908483947630021e-02
2.335300000000321688e+03,8.433319196256529315e-02
2.335400000000321597e+03,8.392028133021829650e-02
2.335500000000321961e+03,8.350715934450168854e-02
2.335600000000321870e+03,8.309441240977531729e-02
2.335700000000321779e+03,8.268197198918415813e-02
2.335800000000322143e+03,8.226990586649703119e-02
2.335900000000322052e+03,8.185821490346216478e-02
2.336000000000321961e+03,8.144689890514822395e-02
2.336100000000321870e+03,8.098983771957928013e-02
2.336200000000321779e+03,8.053369259838726035e-02
2.336300000000322143e+03,8.007797906486678607e-02
2.336400000000322052e+03,7.962269687010711805e-02
2.336500000000321961e+03,7.916664079910194773e-02
2.336600000000322325e+03,7.871037197011164499e-02
2.336700000000322234e+03,7.825455472470176088e-02
2.336800000000322143e+03,7.779918879081809679e-02
2.336900000000322052e+03,7.734427389651316043e-02
2.337000000000321961e+03,7.688980976975473558e-02
2.337100000000322325e+03,7.637706186398603159e-02
2.337200000000322234e+03,7.586504703390274662e-02
2.337300000000322143e+03,7.535376455469468271e-02
2.337400000000322507e+03,7.484321370211401148e-02
2.337500000000322416e+03,7.433339375248218528e-02
2.337600000000322325e+03,7.382557758171548468e-02
2.337700000000322234e+03,7.332066988079417869e-02
2.337800000000322143e+03,7.281644396905687100e-02
2.337900000000322507e+03,7.231289920823164019e-02
2.338000000000322416e+03,7.181003496046099721e-02
2.338100000000322325e+03,7.128800976182227134e-02
2.338200000000322689e+03,7.076647938459983134e-02
2.338300000000322598e+03,7.024544354488705677e-02
2.338400000000322507e+03,6.972490195887214026e-02
2.338500000000322416e+03,6.920485434284699700e-02
2.338600000000322325e+03,6.868530041320500268e-02
2.338700000000322689e+03,6.816623988643885634e-02
2.338800000000322598e+03,6.764767247914993398e-02
2.338900000000322507e+03,6.712959790803367521e-02
2.339000000000322871e+03,6.661201588979272226e-02
2.339100000000322780e+03,6.606572391607098971e-02
2.339200000000322689e+03,6.551994068049962761e-02
2.339300000000322598e+03,6.497358746479592329e-02
2.339400000000322507e+03,6.442733841263877104e-02
2.339500000000322871e+03,6.388162234234617820e-02
2.339600000000322780e+03,6.333643894438700794e-02
2.339700000000322689e+03,6.279178790932850307e-02
2.339800000000323053e+03,6.224766892784359962e-02
2.339900000000322962e+03,6.170525676556549294e-02
2.340000000000322871e+03,6.116363807284379978e-02
2.340100000000322780e+03,6.058547734072890212e-02
2.340200000000322689e+03,6.000719930858292722e-02
2.340300000000323053e+03,5.942971406378962790e-02
2.340400000000322962e+03,5.885302085471934286e-02
2.340500000000322871e+03,5.827711893030150525e-02
2.340600000000323234e+03,5.770200754003251831e-02
2.340700000000323143e+03,5.712768593398338118e-02
2.340800000000323053e+03,5.655415336278340338e-02
2.340900000000322962e+03,5.598223909074541427e-02
2.341000000000322871e+03,5.541155792908480232e-02
2.341100000000323234e+03,5.483222753466086841e-02
2.341200000000323143e+03,5.425352260631827878e-02
2.341300000000323053e+03,5.367544270551843910e-02
2.341400000000323416e+03,5.309798739394919892e-02
2.341500000000323325e+03,5.252115623353238727e-02
2.341600000000323234e+03,5.194494878640846386e-02
2.341700000000323143e+03,5.137079673136262653e-02
2.341800000000323053e+03,5.079817475721686015e-02
2.341900000000323416e+03,5.022612229609758894e-02
2.342000000000323325e+03,4.965463897102280477e-02
2.342100000000323234e+03,4.466685140800916165e-02
2.342200000000323598e+03,3.968474422185767903e-02
2.342300000000323507e+03,3.470742467450173285e-02
2.342400000000323416e+03,2.973488988616473927e-02
2.342500000000323325e+03,2.476713697832106514e-02
2.342600000000323234e+03,1.980416307367309503e-02
2.342700000000323598e+03,1.484596529612827731e-02
2.342800000000323507e+03,9.892540770889022769e-03
2.342900000000323416e+03,4.943886624316952069e-03
2.343000000000323780e+03,0.000000000000000000e+00
2.343100000000323689e+03,0.000000000000000000e+00
2.343200000000323598e+03,0.000000000000000000e+00
2.343300000000323507e+03,0.000000000000000000e+00
2.343400000000323416e+03,0.000000000000000000e+00
2.343500000000323780e+03,0.000000000000000000e+00
2.343600000000323689e+03,0.000000000000000000e+00
2.343700000000323598e+03,0.000000000000000000e+00
2.343800000000323962e+03,0.000000000000000000e+00
2.343900000000323871e+03,0.000000000000000000e+00
2.344000000000323780e+03,0.000000000000000000e+00
2.344100000000323689e+03,0.000000000000000000e+00
2.344200000000323598e+03,0.000000000000000000e+00
2.344300000000323962e+03,0.000000000000000000e+00
2.344400000000323871e+03,0.000000000000000000e+00
2.344500000000323780e+03,0.000000000000000000e+00
2.344600000000324144e+03,0.000000000000000000e+00
2.344700000000324053e+03,0.000000000000000000e+00
2.344800000000323962e+03,0.000000000000000000e+00
2.344900000000323871e+03,0.000000000000000000e+00
2.345000000000323780e+03,0.000000000000000000e+00
2.345100000000324144e+03,0.000000000000000000e+00
2.345200000000324053e+03,0.000000000000000000e+00
2.345300000000323962e+03,0.000000000000000000e+00
2.345400000000324326e+03,0.000000000000000000e+00
2.345500000000324235e+03,0.000000000000000000e+00
2.345600000000324144e+03,0.000000000000000000e+00
2.345700000000324053e+03,0.000000000000000000e+00
2.345800000000323962e+03,0.000000000000000000e+00
2.345900000000324326e+03,0.000000000000000000e+00
2.346000000000324235e+03,1.530231344907670248e-11
2.346100000000324144e+03,4.717437524964400615e-03
2.346200000000324508e+03,9.430721129360790725e-03
2.346300000000324417e+03,1.413985294097902350e-02
2.346400000000324326e+03,1.884483507171614766e-02
2.346500000000324235e+03,2.354566963279297598e-02
2.346600000000324144e+03,2.824244132543539051e-02
2.346700000000324508e+03,3.293578414772388441e-02
2.346800000000324417e+03,3.762520879929730222e-02
2.346900000000324326e+03,4.231071711464775426e-02
2.347000000000324690e+03,4.699231091364930446e-02
2.347100000000324599e+03,4.732012442884265396e-02
2.347200000000324508e+03,4.764766350624147911e-02
2.347300000000324417e+03,4.797566785037815640e-02
2.347400000000324326e+03,4.830491215939710509e-02
2.347500000000324690e+03,4.863391338534611696e-02
2.347600000000324599e+03,4.896267162686214480e-02
2.347700000000324508e+03,4.929118698256357983e-02
2.347800000000324872e+03,4.962045417929537156e-02
2.347900000000324781e+03,4.994967886202088259e-02
2.348000000000324690e+03,5.027867660250014137e-02
2.348100000000324599e+03,5.060654993190608075e-02
2.348200000000324508e+03,5.093414640352870310e-02
2.348300000000324872e+03,5.126146615262438394e-02
2.348400000000324781e+03,5.158845440773542068e-02
2.348500000000324690e+03,5.191515138303600535e-02
2.348600000000325053e+03,5.224157116868904938e-02
2.348700000000324962e+03,5.256771390088167684e-02
2.348800000000324872e+03,5.289357971576271605e-02
2.348900000000324781e+03,5.322019580871987371e-02
2.349000000000324690e+03,5.354800033625221195e-02
2.349100000000325053e+03,5.388248961412789306e-02
2.349200000000324962e+03,5.421680995667873398e-02
2.349300000000324872e+03,5.455096139612356648e-02
2.349400000000325235e+03,5.488494396468527464e-02
2.349500000000325144e+03,5.521875769458620825e-02
2.349600000000325053e+03,5.555240261805764745e-02
2.349700000000324962e+03,5.588615958197184347e-02
2.349800000000324872e+03,5.622078006971262254e-02
2.349900000000325235e+03,5.655524763510833691e-02
2.350000000000325144e+03,5.688994397639862699e-02
2.350100000000325053e+03,5.722498788841828138e-02
2.350200000000325417e+03,5.755990971071726220e-02
2.350300000000325326e+03,5.789470945020433468e-02
2.350400000000325235e+03,5.822938711379951199e-02
2.350500000000325144e+03,5.856418442431684385e-02
2.350600000000325053e+03,5.889999407431839584e-02
2.350700000000325417e+03,5.923569751159607488e-02
2.350800000000325326e+03,5.957129473861180746e-02
2.350900000000325235e+03,5.990678575783763699e-02
2.351000000000325599e+03,6.024217057168353151e-02
2.351100000000325508e+03,6.055656265210108274e-02
2.351200000000325417e+03,6.087211962116542696e-02
2.351300000000325326e+03,6.118760855245822250e-02
2.351400000000325235e+03,6.150407179486437614e-02
2.351500000000325599e+03,6.182028464435888188e-02
2.351600000000325508e+03,6.213624722233581504e-02
2.351700000000325417e+03,6.245195965015223200e-02
2.351800000000325781e+03,6.276742204912355572e-02
2.351900000000325690e+03,6.308263454051937780e-02
2.352000000000325599e+03,6.339759724557758602e-02
2.352100000000325508e+03,6.371451573639677624e-02
2.352200000000325417e+03,6.403532074916018502e-02
2.352300000000325781e+03,6.435711621301479224e-02
2.352400000000325690e+03,6.467923756416776859e-02
2.352500000000325599e+03,6.500126046686670322e-02
2.352600000000325963e+03,6.532318493053156094e-02
2.352700000000325872e+03,6.564501096458048857e-02
2.352800000000325781e+03,6.596673857843811384e-02
2.352900000000325690e+03,6.628884100529440493e-02
2.353000000000325599e+03,6.661815824275357789e-02
2.353100000000325963e+03,6.694506850768232320e-02
2.353200000000325872e+03,6.727202876408940047e-02
2.353300000000325781e+03,6.759903900942468291e-02
2.353400000000326145e+03,6.792681159480561115e-02
2.353500000000326054e+03,6.825554807490946674e-02
2.353600000000325963e+03,6.858435004266516533e-02
2.353700000000325872e+03,6.891328999772168562e-02
2.353800000000325781e+03,6.924545975720033941e-02
2.353900000000326145e+03,6.957772586216640076e-02
2.354000000000326054e+03,6.991061629639350183e-02
2.354100000000325963e+03,7.022125950150602536e-02
2.354200000000326327e+03,7.053191201019087808e-02
2.354300000000326236e+03,7.084257381249572938e-02
2.354400000000326145e+03,7.115324489847156542e-02
2.354500000000326054e+03,7.146447134362322873e-02
2.354600000000325963e+03,7.178022557103114210e-02
2.354700000000326327e+03,7.209605998579708686e-02
2.354800000000326236e+03,7.241194773241187155e-02
2.354900000000326145e+03,7.272788880320361915e-02
2.355000000000326509e+03,7.304388319048429890e-02
2.355100000000326418e+03,7.335641733021679156e-02
2.355200000000326327e+03,7.366910388200582915e-02
2.355300000000326236e+03,7.398194288808175589e-02
2.355400000000326145e+03,7.429821610596405723e-02
2.355500000000326509e+03,7.461486003269615641e-02
2.355600000000326418e+03,7.493168577013767373e-02
2.355700000000326327e+03,7.525354794969012218e-02
2.355800000000326690e+03,7.557628666366966730e-02
2.355900000000326600e+03,7.589925359311243402e-02
2.356000000000326509e+03,7.622244883794047909e-02
2.356100000000326418e+03,7.652129701968136966e-02
2.356200000000326327e+03,7.682844742062100440e-02
2.356300000000326690e+03,7.713666880545679005e-02
2.356400000000326600e+03,7.744512802227940251e-02
2.356500000000326509e+03,7.775382518194619286e-02
2.356600000000326872e+03,7.806276039534511269e-02
2.356700000000326781e+03,7.837193377338910749e-02
2.356800000000326690e+03,7.868358697030000681e-02
2.356900000000326600e+03,7.899699540285334831e-02
2.357000000000326509e+03,7.931380937461220137e-02
2.357100000000326872e+03,7.959330634574758589e-02
2.357200000000326781e+03,7.987295883999760704e-02
2.357300000000326690e+03,8.015276687998898475e-02
2.357400000000327054e+03,8.043273048832988437e-02
2.357500000000326963e+03,8.071284968760661371e-02
2.357600000000326872e+03,8.099312450039124200e-02
2.357700000000326781e+03,8.127355494923584056e-02
2.357800000000326690e+03,8.155571891874409396e-02
2.357900000000327054e+03,8.183899499756874807e-02
2.358000000000326963e+03,8.212376823848664686e-02
2.358100000000326872e+03,8.240369484807986977e-02
2.358200000000327236e+03,8.268391660874412075e-02
2.358300000000327145e+03,8.296443372092417168e-02
2.358400000000327054e+03,8.324524638515728991e-02
2.358500000000326963e+03,8.352635480206713203e-02
2.358600000000326872e+03,8.380775917236621408e-02
2.358700000000327236e+03,8.408945969685674426e-02
2.358800000000327145e+03,8.437145657642525221e-02
2.358900000000327054e+03,8.465375001205062422e-02
2.359000000000327418e+03,8.493618133269049963e-02
2.359100000000327327e+03,8.516961468974962313e-02
2.359200000000327236e+03,8.540319053059934606e-02
2.359300000000327145e+03,8.563690888820579827e-02
2.359400000000327054e+03,8.586926542534122075e-02
2.359500000000327418e+03,8.610125230510451422e-02
2.359600000000327327e+03,8.633325188590534882e-02
2.359700000000327236e+03,8.656538295473725775e-02
2.359800000000327600e+03,8.679764553737404076e-02
2.359900000000327509e+03,8.703003965957527288e-02
2.360000000000327418e+03,8.726256534702635237e-02
2.360100000000327327e+03,8.747492700670564392e-02
2.360200000000327236e+03,8.768284517174627923e-02
2.360300000000327600e+03,8.788931865754208428e-02
2.360400000000327509e+03,8.809592723409574722e-02
2.360500000000327418e+03,8.830267094974396380e-02
2.360600000000327782e+03,8.850954985282868948e-02
2.360700000000327691e+03,8.871656399169400298e-02
2.360800000000327600e+03,8.892371341469247625e-02
2.360900000000327509e+03,8.913099817018085846e-02
2.361000000000327418e+03,8.933701569791777097e-02
2.361100000000327782e+03,8.953519456923016151e-02
2.361200000000327691e+03,8.973358560023038388e-02
2.361300000000327600e+03,8.993117050555911318e-02
2.361400000000327964e+03,9.012785275147318365e-02
2.361500000000327873e+03,9.032473854033054583e-02
2.361600000000327782e+03,9.052182802435346232e-02
2.361700000000327691e+03,9.071912135585043224e-02
2.361800000000327600e+03,9.091796369531035538e-02
2.361900000000327964e+03,9.111778506992475324e-02
2.362000000000327873e+03,9.131781965286620006e-02
2.362100000000327782e+03,9.145073687249212491e-02
2.362200000000328146e+03,9.158372373255774246e-02
2.362300000000328055e+03,9.171678025162695314e-02
2.362400000000327964e+03,9.184904444917670052e-02
2.362500000000327873e+03,9.197789133456139854e-02
2.362600000000327782e+03,9.210423768062322991e-02
2.362700000000328146e+03,9.222891361964705159e-02
2.362800000000328055e+03,9.235363619403150204e-02
2.362900000000327964e+03,9.247840541031880635e-02
2.363000000000328328e+03,9.260322127487749522e-02
2.363100000000328237e+03,9.267555938944996297e-02
2.363200000000328146e+03,9.274790469587324004e-02
2.363300000000328055e+03,9.282025718891408206e-02
2.363400000000327964e+03,9.288658614093757426e-02
2.363500000000328328e+03,9.294816266810453087e-02
2.363600000000328237e+03,9.300973190993751250e-02
2.363700000000328146e+03,9.307129386346611744e-02
2.363800000000328509e+03,9.313284852572048522e-02
2.363900000000328419e+03,9.319439589373097743e-02
2.364000000000328328e+03,9.325593596438765120e-02
2.364100000000328237e+03,9.327453624762226114e-02
2.364200000000328146e+03,9.329087711041549047e-02
2.364300000000328509e+03,9.330513851244154333e-02
2.364400000000328419e+03,9.331939429809778253e-02
2.364500000000328328e+03,9.333364446724413954e-02
2.364600000000328691e+03,9.334788901974105935e-02
2.364700000000328600e+03,9.336072159708357077e-02
2.364800000000328509e+03,9.337274987334175103e-02
2.364900000000328419e+03,9.338477206899464811e-02
2.365000000000328328e+03,9.339469802253487496e-02
2.365100000000328691e+03,9.338507248929646398e-02
2.365200000000328600e+03,9.337544287755938921e-02
2.365300000000328509e+03,9.336580918708053956e-02
2.365400000000328873e+03,9.335617141761727578e-02
2.365500000000328782e+03,9.334652956892726394e-02
2.365600000000328691e+03,9.333688364076779542e-02
2.365700000000328600e+03,9.332723363289673058e-02
2.365800000000328509e+03,9.332151817762335266e-02
2.365900000000328873e+03,9.332287308347600452e-02
2.366000000000328782e+03,9.332422180086924479e-02
2.366100000000328691e+03,9.328729467232926842e-02
2.366200000000329055e+03,9.325031993273685815e-02
2.366300000000328964e+03,9.321331255487293188e-02
2.366400000000328873e+03,9.317578046229539612e-02
2.366500000000328782e+03,9.313559871328012940e-02
2.366600000000328691e+03,9.309538687305279892e-02
2.366700000000329055e+03,9.305514493334413051e-02
2.366800000000328964e+03,9.301487288588414226e-02
2.366900000000328873e+03,9.297457072240317144e-02
2.367000000000329237e+03,9.293423843438360088e-02
2.367100000000329146e+03,9.281899582201798282e-02
2.367200000000329055e+03,9.270376078709609280e-02
2.367300000000328964e+03,9.258853333891962911e-02
2.367400000000328873e+03,9.247409990884880582e-02
2.367500000000329237e+03,9.236102944648695579e-02
2.367600000000329146e+03,9.224796128629451919e-02
2.367700000000329055e+03,9.213489543797236114e-02
2.367800000000329419e+03,9.202183191121976469e-02
2.367900000000329328e+03,9.190877071573683166e-02
2.368000000000329237e+03,9.179571186112643610e-02
2.368100000000329146e+03,9.165401544238646614e-02
2.368200000000329055e+03,9.151226435600659515e-02
2.368300000000329419e+03,9.137045859703187001e-02
2.368400000000329328e+03,9.122859816051168136e-02
2.368500000000329237e+03,9.108668304149569739e-02
2.368600000000329601e+03,9.094471323503640348e-02
2.368700000000329510e+03,9.080268873619008752e-02
2.368800000000329419e+03,9.066060954001371741e-02
2.368900000000329328e+03,9.051847564156779991e-02
2.369000000000329237e+03,9.037628703576415512e-02
2.369100000000329601e+03,9.018842145826745649e-02
2.369200000000329510e+03,9.000157341141482026e-02
2.369300000000329419e+03,8.981566544056844570e-02
2.369400000000329783e+03,8.962967087237461161e-02
2.369500000000329692e+03,8.944358969366750234e-02
2.369600000000329601e+03,8.925742189128181570e-02
2.369700000000329510e+03,8.907116745205585773e-02
2.369800000000329419e+03,8.888896321797033762e-02
2.369900000000329783e+03,8.871898769149813568e-02
2.370000000000329692e+03,8.854885803477081929e-02
2.370100000000329601e+03,8.832819397908207859e-02
2.370200000000329965e+03,8.810735707450995102e-02
2.370300000000329874e+03,8.788683593500662417e-02
2.370400000000329783e+03,8.766771437325952820e-02
2.370500000000329692e+03,8.744840905361657424e-02
2.370600000000329601e+03,8.723020734983208402e-02
2.370700000000329965e+03,8.701658204763033921e-02
2.370800000000329874e+03,8.680274161342484140e-02
2.370900000000329783e+03,8.658868593574900463e-02
2.371000000000330147e+03,8.637441490300616642e-02
2.371100000000330056e+03,8.612889825239315733e-02
2.371200000000329965e+03,8.588303765435786885e-02
2.371300000000329874e+03,8.563683282776748951e-02
2.371400000000329783e+03,8.539028349132830875e-02
2.371500000000330147e+03,8.514338936358446797e-02
2.371600000000330056e+03,8.489615016292290095e-02
2.371700000000329965e+03,8.464856560756599257e-02
2.371800000000330328e+03,8.440063541557481230e-02
2.371900000000330238e+03,8.415235930485297222e-02
2.372000000000330147e+03,8.390373699293403320e-02
2.372100000000330056e+03,8.359270566112818324e-02
2.372200000000329965e+03,8.328166216343940720e-02
2.372300000000330328e+03,8.297193315965474547e-02
2.372400000000330238e+03,8.266183186715199416e-02
2.372500000000330147e+03,8.235144411483903693e-02
2.372600000000330510e+03,8.204597672429034261e-02
2.372700000000330419e+03,8.174267212781850811e-02
2.372800000000330328e+03,8.143900606980886137e-02
2.372900000000330238e+03,8.113494534189424900e-02
2.373000000000330147e+03,8.083053851894829445e-02
2.373100000000330510e+03,8.048861069236812327e-02
2.373200000000330419e+03,8.014623987387335668e-02
2.373300000000330328e+03,7.980343849307847126e-02
2.373400000000330692e+03,7.946020625287482375e-02
2.373500000000330601e+03,7.911654285603883507e-02
2.373600000000330510e+03,7.877244800522248402e-02
2.373700000000330419e+03,7.842937578826141010e-02
2.373800000000330328e+03,7.808807253632409073e-02
2.373900000000330692e+03,7.774630379375403744e-02
2.374000000000330601e+03,7.740406921176951061e-02
2.374100000000330510e+03,7.700277811980393849e-02
2.374200000000330874e+03,7.660116963077323593e-02
2.374300000000330783e+03,7.619924369494854299e-02
2.374400000000330692e+03,7.579700026267195689e-02
2.374500000000330601e+03,7.539443928436447007e-02
2.374600000000330510e+03,7.499162753045415797e-02
2.374700000000330874e+03,7.459187553254160996e-02
2.374800000000330783e+03,7.419276748138335653e-02
2.374900000000330692e+03,7.380093787771485614e-02
2.375000000000331056e+03,7.340865709834173969e-02
2.375100000000330965e+03,7.299942860254104993e-02
2.375200000000330874e+03,7.258949717389433232e-02
2.375300000000330783e+03,7.217886213866051004e-02
2.375400000000330692e+03,7.176752282269514838e-02
2.375500000000331056e+03,7.135870722910610253e-02
2.375600000000330965e+03,7.094921115278021717e-02
2.375700000000330874e+03,7.053896994411698596e-02
2.375800000000331238e+03,7.012798284113667957e-02
2.375900000000331147e+03,6.971624908137132037e-02
2.376000000000331056e+03,6.929836045453631466e-02
2.376100000000330965e+03,6.885643028602164706e-02
2.376200000000330874e+03,6.841367536315730302e-02
2.376300000000331238e+03,6.796861911948311186e-02
2.376400000000331147e+03,6.752266593710222475e-02
2.376500000000331056e+03,6.707590620329785536e-02
2.376600000000331420e+03,6.662833904630197090e-02
2.376700000000331329e+03,6.617996359369313075e-02
2.376800000000331238e+03,6.573077897238328859e-02
2.376900000000331147e+03,6.528078430862618853e-02
2.377000000000331056e+03,6.482997872789736382e-02
2.377100000000331420e+03,6.433822215541430689e-02
2.377200000000331329e+03,6.384474542239183814e-02
2.377300000000331238e+03,6.335065419293302302e-02
2.377400000000331602e+03,6.285594804821044435e-02
2.377500000000331511e+03,6.236062656924659664e-02
2.377600000000331420e+03,6.186468933690023042e-02
2.377700000000331329e+03,6.136813593187549765e-02
2.377800000000331238e+03,6.087096593471995332e-02
2.377900000000331602e+03,6.036957522821616989e-02
2.378000000000331511e+03,5.986706952120504632e-02
2.378100000000331420e+03,5.934350546071696930e-02
2.378200000000331784e+03,5.881939471302950057e-02
2.378300000000331693e+03,5.829473698655161795e-02
2.378400000000331602e+03,5.776953198962276465e-02
2.378500000000331511e+03,5.724377943052294526e-02
2.378600000000331420e+03,5.671747901746992254e-02
2.378700000000331784e+03,5.619276553902081972e-02
2.378800000000331693e+03,5.566790766266222629e-02
2.378900000000331602e+03,5.514245217958088641e-02
2.379000000000331966e+03,5.461639871468631363e-02
2.379100000000331875e+03,4.917391941647265841e-02
2.379200000000331784e+03,4.372718508301176588e-02
2.379300000000331693e+03,3.827619463702122693e-02
2.379400000000331602e+03,3.282094700173864010e-02
2.379500000000331966e+03,2.736243147007213702e-02
2.379600000000331875e+03,2.189947444652955849e-02
2.379700000000331784e+03,1.643175433222716919e-02
2.379800000000332147e+03,1.095926958061084477e-02
2.379900000000332057e+03,5.482018645670968041e-03
2.380000000000331966e+03,0.000000000000000000e+00
2.380100000000331875e+03,0.000000000000000000e+00
2.380200000000331784e+03,0.000000000000000000e+00
2.380300000000332147e+03,0.000000000000000000e+00
2.380400000000332057e+03,0.000000000000000000e+00
2.380500000000331966e+03,0.000000000000000000e+00
2.380600000000332329e+03,0.000000000000000000e+00
2.380700000000332238e+03,0.000000000000000000e+00
2.380800000000332147e+03,0.000000000000000000e+00
2.380900000000332057e+03,0.000000000000000000e+00
2.381000000000331966e+03,0.000000000000000000e+00
2.381100000000332329e+03,0.000000000000000000e+00
2.381200000000332238e+03,0.000000000000000000e+00
2.381300000000332147e+03,0.000000000000000000e+00
2.381400000000332511e+03,0.000000000000000000e+00
2.381500000000332420e+03,0.000000000000000000e+00
2.381600000000332329e+03,0.000000000000000000e+00
2.381700000000332238e+03,0.000000000000000000e+00
2.381800000000332147e+03,0.000000000000000000e+00
2.381900000000332511e+03,0.000000000000000000e+00
2.382000000000332420e+03,0.000000000000000000e+00
2.382100000000332329e+03,0.000000000000000000e+00
2.382200000000332693e+03,0.000000000000000000e+00
2.382300000000332602e+03,0.000000000000000000e+00
2.382400000000332511e+03,0.000000000000000000e+00
2.382500000000332420e+03,0.000000000000000000e+00
2.382600000000332329e+03,0.000000000000000000e+00
2.382700000000332693e+03,0.000000000000000000e+00
2.382800000000332602e+03,0.000000000000000000e+00
2.382900000000332511e+03,0.000000000000000000e+00
2.383000000000332875e+03,0.000000000000000000e+00
2.383100000000332784e+03,0.000000000000000000e+00
2.383200000000332693e+03,0.000000000000000000e+00
2.383300000000332602e+03,0.000000000000000000e+00
2.383400000000332511e+03,0.000000000000000000e+00
2.383500000000332875e+03,0.000000000000000000e+00
2.383600000000332784e+03,0.000000000000000000e+00
2.383700000000332693e+03,0.000000000000000000e+00
2.383800000000333057e+03,0.000000000000000000e+00
2.383900000000332966e+03,0.000000000000000000e+00
2.384000000000332875e+03,1.819335930941985965e-11
2.384100000000332784e+03,5.471664988561154158e-03
2.384200000000332693e+03,1.095562577916081581e-02
2.384300000000333057e+03,1.645085405888295840e-02
2.384400000000332966e+03,2.195659923478542400e-02
2.384500000000332875e+03,2.747342641959603718e-02
2.384600000000333239e+03,3.300134667549693701e-02
2.384700000000333148e+03,3.854037106826768005e-02
2.384800000000333057e+03,4.409051066743268493e-02
2.384900000000332966e+03,4.965177654615703096e-02
2.385000000000332875e+03,5.522041785443392720e-02
2.385100000000333239e+03,5.570455259625129579e-02
2.385200000000333148e+03,5.619764757562967228e-02
2.385300000000333057e+03,5.669242984926608359e-02
2.385400000000333421e+03,5.718890354134743143e-02
2.385500000000333330e+03,5.768707278390725057e-02
2.385600000000333239e+03,5.818694171685071664e-02
2.385700000000333148e+03,5.868851448795749104e-02
2.385800000000333057e+03,5.919179525289582078e-02
2.385900000000333421e+03,5.970068813679059450e-02
2.386000000000333330e+03,6.021563765811743796e-02
2.386100000000333239e+03,6.069551918692213388e-02
2.386200000000333603e+03,6.117564056708908043e-02
2.386300000000333512e+03,6.165698047357603268e-02
2.386400000000333421e+03,6.213954087914654034e-02
2.386500000000333330e+03,6.262328230496545800e-02
2.386600000000333239e+03,6.310824623992350446e-02
2.386700000000333603e+03,6.359443594009593637e-02
2.386800000000333512e+03,6.408185338402185016e-02
2.386900000000333421e+03,6.457050055231941532e-02
2.387000000000333785e+03,6.506037942761859483e-02
2.387100000000333694e+03,6.553283861016094558e-02
2.387200000000333603e+03,6.600654580341230870e-02
2.387300000000333512e+03,6.649005364975567323e-02
2.387400000000333421e+03,6.697465197445533203e-02
2.387500000000333785e+03,6.745666069385898578e-02
2.387600000000333694e+03,6.793419595776274689e-02
2.387700000000333603e+03,6.841269253113682614e-02
2.387800000000333966e+03,6.889215457226866013e-02
2.387900000000333876e+03,6.937258628600136146e-02
2.388000000000333785e+03,6.985398869073199124e-02
2.388100000000333694e+03,7.035173624930664282e-02
2.388200000000333603e+03,7.085070728979406263e-02
2.388300000000333966e+03,7.134680422107243791e-02
2.388400000000333876e+03,7.184176123463505148e-02
2.388500000000333785e+03,7.233949880019516221e-02
2.388600000000334148e+03,7.283840038567654385e-02
2.388700000000334057e+03,7.333846766983100063e-02
2.388800000000333966e+03,7.383970233288565665e-02
2.388900000000333876e+03,7.434210605653435167e-02
2.389000000000333785e+03,7.484568052397821969e-02
2.389100000000334148e+03,7.536238639193225397e-02
2.389200000000334057e+03,7.588164689026584420e-02
2.389300000000333966e+03,7.640232424971989122e-02
2.389400000000334330e+03,7.692442109042520182e-02
2.389500000000334239e+03,7.744959641075353785e-02
2.389600000000334148e+03,7.797809056762104729e-02
2.389700000000334057e+03,7.850805763858549613e-02
2.389800000000333966e+03,7.903950040908515329e-02
2.389900000000334330e+03,7.957293470464132934e-02
2.390000000000334239e+03,8.010914509240138481e-02
2.390100000000334148e+03,8.062674469884537065e-02
2.390200000000334512e+03,8.114568072832220591e-02
2.390300000000334421e+03,8.166595543493920806e-02
2.390400000000334330e+03,8.218757107536077411e-02
2.390500000000334239e+03,8.271052990880087274e-02
2.390600000000334148e+03,8.323447528564816011e-02
2.390700000000334512e+03,8.376009740565941442e-02
2.390800000000334421e+03,8.429273687686385241e-02
2.390900000000334330e+03,8.482675657523533475e-02
2.391000000000334694e+03,8.536219994548135959e-02
2.391100000000334603e+03,8.588380501200437722e-02
2.391200000000334512e+03,8.640676382997389271e-02
2.391300000000334421e+03,8.693107871648302065e-02
2.391400000000334330e+03,8.745675199129018806e-02
2.391500000000334694e+03,8.798502498746851863e-02
2.391600000000334603e+03,8.851939189235220884e-02
2.391700000000334512e+03,8.905519330835331981e-02
2.391800000000334876e+03,8.958692005685034432e-02
2.391900000000334785e+03,9.011947812536395819e-02
2.392000000000334694e+03,9.065340978716926457e-02
2.392100000000334603e+03,9.116753657954677903e-02
2.392200000000334512e+03,9.168293356668520688e-02
2.392300000000334876e+03,9.219608048672281453e-02
2.392400000000334785e+03,9.269322691733085373e-02
2.392500000000334694e+03,9.319142973189635526e-02
2.392600000000335058e+03,9.369069032791112195e-02
2.392700000000334967e+03,9.419083324760003928e-02
2.392800000000334876e+03,9.469203278470228469e-02
2.392900000000334785e+03,9.518756059915529921e-02
2.393000000000334694e+03,9.568011044901740536e-02
2.393100000000335058e+03,9.613997860747929003e-02
2.393200000000334967e+03,9.658748346484315184e-02
2.393300000000334876e+03,9.703564697256165938e-02
2.393400000000335240e+03,9.748446961187401394e-02
2.393500000000335149e+03,9.793395186406002317e-02
2.393600000000335058e+03,9.838409421045221648e-02
2.393700000000334967e+03,9.883489713242721297e-02
2.393800000000334876e+03,9.928636111140788645e-02
2.393900000000335240e+03,9.973931887327779078e-02
2.394000000000335149e+03,1.001932326776912158e-01
2.394100000000335058e+03,1.006516529188197784e-01
2.394200000000335422e+03,1.011109545581335700e-01
2.394300000000335331e+03,1.015711387784275360e-01
2.394400000000335240e+03,1.020347529539017695e-01
2.394500000000335149e+03,1.025021012556590061e-01
2.394600000000335058e+03,1.029705978857753529e-01
2.394700000000335422e+03,1.034401994530099733e-01
2.394800000000335331e+03,1.039151319221507941e-01
2.394900000000335240e+03,1.043910455894562078e-01
2.395000000000335604e+03,1.048679419048267475e-01
2.395100000000335513e+03,1.053037631206457936e-01
2.395200000000335422e+03,1.057381831285196389e-01
2.395300000000335331e+03,1.061733829297864529e-01
2.395400000000335240e+03,1.066093634921105454e-01
2.395500000000335604e+03,1.070461641976357403e-01
2.395600000000335513e+03,1.074861080928279783e-01
2.395700000000335422e+03,1.079268545414831387e-01
2.395800000000335785e+03,1.083684045592860357e-01
2.395900000000335694e+03,1.088107591628547643e-01
2.396000000000335604e+03,1.092539193695872130e-01
2.396100000000335513e+03,1.096483436935099670e-01
2.396200000000335422e+03,1.100433733548267928e-01
2.396300000000335785e+03,1.104312423795631298e-01
2.396400000000335694e+03,1.108127536142000102e-01
2.396500000000335604e+03,1.111946620077180758e-01
2.396600000000335967e+03,1.115770788010656406e-01
2.396700000000335876e+03,1.119600044145404039e-01
2.396800000000335785e+03,1.123434392686431943e-01
2.396900000000335694e+03,1.127273837840720438e-01
2.397000000000335604e+03,1.131118383815419293e-01
2.397100000000335967e+03,1.134430017471263485e-01
2.397200000000335876e+03,1.137721298215115945e-01
2.397300000000335785e+03,1.141014327610476997e-01
2.397400000000336149e+03,1.144258857130774354e-01
2.397500000000336058e+03,1.147456255053955210e-01
2.397600000000335967e+03,1.150656401045439259e-01
2.397700000000335876e+03,1.153859296001242818e-01
2.397800000000335785e+03,1.157064940816913273e-01
2.397900000000336149e+03,1.160273336387531440e-01
2.398000000000336058e+03,1.163368000482119941e-01
2.398100000000335967e+03,1.166403874683656638e-01
2.398200000000336331e+03,1.169443223596356718e-01
2.398300000000336240e+03,1.172486049904660071e-01
2.398400000000336149e+03,1.175532356294473474e-01
2.398500000000336058e+03,1.178558228231617877e-01
2.398600000000335967e+03,1.181506486357154079e-01
2.398700000000336331e+03,1.184457723813736318e-01
2.398800000000336240e+03,1.187343721658146306e-01
2.398900000000336149e+03,1.190221407404208204e-01
2.399000000000336513e+03,1.193101702560689925e-01
2.399100000000336422e+03,1.195751444661772023e-01
2.399200000000336331e+03,1.198404167632497602e-01
2.399300000000336240e+03,1.201059873910252374e-01
2.399400000000336149e+03,1.203718565933941664e-01
2.399500000000336513e+03,1.206380246144008739e-01
2.399600000000336422e+03,1.209000706347661408e-01
2.399700000000336331e+03,1.211563490561162609e-01
2.399800000000336695e+03,1.214126039614418090e-01
2.399900000000336604e+03,1.216691138826514751e-01
2.400000000000336513e+03,1.219258790013773297e-01
2.400100000000336422e+03,1.221305865562803961e-01
2.400200000000336331e+03,1.223354739744814540e-01
2.400300000000336695e+03,1.225405413681885103e-01
2.400400000000336604e+03,1.227457888496571170e-01
2.400500000000336513e+03,1.229512165311962141e-01
2.400600000000336877e+03,1.231568132870653892e-01
2.400700000000336786e+03,1.233625610864754751e-01
2.400800000000336695e+03,1.235666605909385984e-01
2.400900000000336604e+03,1.237700237159757161e-01
2.401000000000336513e+03,1.239735588497855867e-01
2.401100000000336877e+03,1.240345581679091480e-01
2.401200000000336786e+03,1.240831795191809223e-01
2.401300000000336695e+03,1.241275399861518497e-01
2.401400000000337059e+03,1.241718348984043319e-01
2.401500000000336968e+03,1.242160642646302632e-01
2.401600000000336877e+03,1.242602280935422576e-01
2.401700000000336786e+03,1.243043263938729687e-01
2.401800000000336695e+03,1.243483591743761441e-01
2.401900000000337059e+03,1.243901920415626250e-01
2.402000000000336968e+03,1.244246772964693465e-01
2.402100000000336877e+03,1.245375669809176966e-01
2.402200000000337241e+03,1.246504933375388452e-01
2.402300000000337150e+03,1.247634851361949376e-01
2.402400000000337059e+03,1.248765585587535143e-01
2.402500000000336968e+03,1.249897136506563367e-01
2.402600000000336877e+03,1.251029504573633877e-01
2.402700000000337241e+03,1.252162690243532051e-01
2.402800000000337150e+03,1.253278094690100930e-01
2.402900000000337059e+03,1.254385065750615591e-01
2.403000000000337423e+03,1.255489828968202048e-01
2.403100000000337332e+03,1.255533081725243860e-01
2.403200000000337241e+03,1.255576290466010325e-01
2.403300000000337150e+03,1.255619455182213906e-01
2.403400000000337059e+03,1.255662575865575392e-01
2.403500000000337423e+03,1.255705652507813630e-01
2.403600000000337332e+03,1.255766246929991836e-01
2.403700000000337241e+03,1.255837103656128051e-01
2.403800000000337604e+03,1.255907919046245769e-01
2.403900000000337513e+03,1.255978693089251641e-01
2.404000000000337423e+03,1.256049425771411654e-01
2.404100000000337332e+03,1.255338856206561216e-01
2.404200000000337241e+03,1.254467692699137993e-01
2.404300000000337604e+03,1.253563102592918366e-01
2.404400000000337513e+03,1.252675175512379668e-01
2.404500000000337423e+03,1.251798785151064797e-01
2.404600000000337786e+03,1.250922572094911589e-01
2.404700000000337695e+03,1.250046536332774794e-01
2.404800000000337604e+03,1.249170677853499306e-01
2.404900000000337513e+03,1.248294996645925165e-01
2.405000000000337423e+03,1.247419492697527665e-01
2.405100000000337786e+03,1.246138731614421513e-01
2.405200000000337695e+03,1.244857895112535390e-01
2.405300000000337604e+03,1.243576983235147870e-01
2.405400000000337968e+03,1.242295996025539889e-01
2.405500000000337877e+03,1.241014933527028047e-01
2.405600000000337786e+03,1.239733795782914511e-01
2.405700000000337695e+03,1.238452582836517823e-01
2.405800000000337604e+03,1.237171294731167909e-01
2.405900000000337968e+03,1.235889931510190526e-01
2.406000000000337877e+03,1.234608493215296893e-01
2.406100000000337786e+03,1.232839148236423432e-01
2.406200000000338150e+03,1.231069409514707336e-01
2.406300000000338059e+03,1.229299277023378628e-01
2.406400000000337968e+03,1.227535975094474346e-01
2.406500000000337877e+03,1.225792142673839680e-01
2.406600000000337786e+03,1.224047838083245632e-01
2.406700000000338150e+03,1.222303061269797014e-01
2.406800000000338059e+03,1.220557812180627505e-01
2.406900000000337968e+03,1.218812090762852601e-01
2.407000000000338332e+03,1.217065896961483790e-01
2.407100000000338241e+03,1.214696744062159356e-01
2.407200000000338150e+03,1.212327081867001222e-01
2.407300000000338059e+03,1.209956910360758114e-01
2.407400000000337968e+03,1.207586242786600067e-01
2.407500000000338332e+03,1.205216197185794008e-01
2.407600000000338241e+03,1.202781545768504545e-01
2.407700000000338150e+03,1.200330904677775062e-01
2.407800000000338514e+03,1.197880070853014900e-01
2.407900000000338423e+03,1.195429044342243424e-01
2.408000000000338332e+03,1.192977825190470048e-01
2.408100000000338241e+03,1.189646186789437843e-01
2.408200000000338150e+03,1.186315860652599613e-01
2.408300000000338514e+03,1.182986846501154626e-01
2.408400000000338423e+03,1.179659144056368486e-01
2.408500000000338332e+03,1.176332753039481677e-01
2.408600000000338696e+03,1.173007673171758275e-01
2.408700000000338605e+03,1.169683904174524530e-01
2.408800000000338514e+03,1.166361445769087402e-01
2.408900000000338423e+03,1.163040297676786877e-01
2.409000000000338332e+03,1.159720459618536204e-01
2.409100000000338696e+03,1.156268063096115434e-01
2.409200000000338605e+03,1.152814375554016696e-01
2.409300000000338514e+03,1.149360520094794280e-01
2.409400000000338878e+03,1.145906423710770505e-01
2.409500000000338787e+03,1.142451023261302212e-01
2.409600000000338696e+03,1.138994318770630010e-01
2.409700000000338605e+03,1.135536310263143833e-01
2.409800000000338514e+03,1.132076997763365456e-01
2.409900000000338878e+03,1.128613933976349432e-01
2.410000000000338787e+03,1.125133245563058187e-01
2.410100000000338696e+03,1.120696454626566307e-01
2.410200000000339060e+03,1.116261291185907112e-01
2.410300000000338969e+03,1.111827754920076960e-01
2.410400000000338878e+03,1.107395845508036547e-01
2.410500000000338787e+03,1.102965562628796803e-01
2.410600000000338696e+03,1.098536905961391280e-01
2.410700000000339060e+03,1.094109875184862690e-01
2.410800000000338969e+03,1.089684469978337705e-01
2.410900000000338878e+03,1.085260690020912744e-01
2.411000000000339242e+03,1.080838534990232747e-01
2.411100000000339151e+03,1.075982388678338175e-01
2.411200000000339060e+03,1.071122189420614518e-01
2.411300000000338969e+03,1.066262980240106489e-01
2.411400000000338878e+03,1.061404761102371502e-01
2.411500000000339242e+03,1.056547531972916315e-01
2.411600000000339151e+03,1.051691292817281548e-01
2.411700000000339060e+03,1.046836043600919697e-01
2.411800000000339423e+03,1.041980402783768134e-01
2.411900000000339332e+03,1.037125378730121422e-01
2.412000000000339242e+03,1.032271360977273233e-01
2.412100000000339151e+03,1.027062907826369748e-01
2.412200000000339060e+03,1.021854102026673178e-01
2.412300000000339423e+03,1.016644943778406140e-01
2.412400000000339332e+03,1.011435433281879653e-01
2.412500000000339242e+03,1.006225570737356717e-01
2.412600000000339605e+03,1.001015356345119206e-01
2.412700000000339514e+03,9.958047903055367023e-02
2.412800000000339423e+03,9.905938728189304932e-02
2.412900000000339332e+03,9.853826040856614177e-02
2.413000000000339242e+03,9.801709843033018510e-02
2.413100000000339605e+03,9.741326511384826303e-02
2.413200000000339514e+03,9.680983702771110699e-02
2.413300000000339423e+03,9.620681400021946494e-02
2.413400000000339787e+03,9.560419585972537715e-02
2.413500000000339696e+03,9.500198243464044734e-02
2.413600000000339605e+03,9.440017355341932814e-02
2.413700000000339514e+03,9.379876904457071229e-02
2.413800000000339423e+03,9.319776873665462646e-02
2.413900000000339787e+03,9.259717245828003040e-02
2.414000000000339696e+03,9.199698003812060987e-02
2.414100000000339605e+03,9.139858235050382640e-02
2.414200000000339969e+03,9.080004635779327649e-02
2.414300000000339878e+03,9.020137683684797958e-02
2.414400000000339787e+03,8.960257379318982418e-02
2.414500000000339696e+03,8.900363723234981650e-02
2.414600000000339605e+03,8.840456715986524938e-02
2.414700000000339969e+03,8.780536358127724594e-02
2.414800000000339878e+03,8.720602650214145934e-02
2.414900000000339787e+03,8.660655592801172475e-02
2.415000000000340151e+03,8.600695186425304228e-02
2.415100000000340060e+03,8.534999263556743154e-02
2.415200000000339969e+03,8.469324340162684428e-02
2.415300000000339878e+03,8.403670412792464683e-02
2.415400000000339787e+03,8.338037477995544067e-02
2.415500000000340151e+03,8.272425532321164843e-02
2.415600000000340060e+03,8.206834572319648968e-02
2.415700000000339969e+03,8.141264594540484345e-02
2.415800000000340333e+03,8.075715595533324020e-02
2.415900000000340242e+03,8.010187571848828569e-02
2.416000000000340151e+03,7.944680520026167758e-02
2.416100000000340060e+03,7.876054166402245149e-02
2.416200000000339969e+03,7.807456439863476316e-02
2.416300000000340333e+03,7.738887333134546187e-02
2.416400000000340242e+03,7.670346838942357359e-02
2.416500000000340151e+03,7.601834950014201009e-02
2.416600000000340515e+03,7.533351659078683926e-02
2.416700000000340424e+03,7.464896958866630572e-02
2.416800000000340333e+03,7.396470842109273414e-02
2.416900000000340242e+03,7.328073301539450579e-02
2.417000000000340151e+03,7.259704327651458899e-02
2.417100000000340515e+03,6.532945606924180082e-02
2.417200000000340424e+03,5.806362115320903156e-02
2.417300000000340333e+03,5.079953832559510468e-02
2.417400000000340697e+03,4.353720321857145609e-02
2.417500000000340606e+03,3.627661457638376580e-02
2.417600000000340515e+03,2.901778144707466839e-02
2.417700000000340424e+03,2.176070362647410800e-02
2.417800000000340333e+03,1.450538091041952103e-02
2.417900000000340697e+03,7.251813094722931070e-03
2.418000000000340606e+03,0.000000000000000000e+00
2.418100000000340515e+03,0.000000000000000000e+00
2.418200000000340879e+03,0.000000000000000000e+00
2.418300000000340788e+03,0.000000000000000000e+00
2.418400000000340697e+03,0.000000000000000000e+00
2.418500000000340606e+03,0.000000000000000000e+00
2.418600000000340515e+03,0.000000000000000000e+00
2.418700000000340879e+03,0.000000000000000000e+00
2.418800000000340788e+03,0.000000000000000000e+00
2.418900000000340697e+03,0.000000000000000000e+00
2.419000000000341061e+03,0.000000000000000000e+00
2.419100000000340970e+03,0.000000000000000000e+00
2.419200000000340879e+03,0.000000000000000000e+00
2.419300000000340788e+03,0.000000000000000000e+00
2.419400000000340697e+03,0.000000000000000000e+00
2.419500000000341061e+03,0.000000000000000000e+00
2.419600000000340970e+03,0.000000000000000000e+00
2.419700000000340879e+03,0.000000000000000000e+00
2.419800000000341242e+03,0.000000000000000000e+00
2.419900000000341151e+03,0.000000000000000000e+00
2.420000000000341061e+03,0.000000000000000000e+00
2.420100000000340970e+03,0.000000000000000000e+00
2.420200000000340879e+03,0.000000000000000000e+00
2.420300000000341242e+03,0.000000000000000000e+00
2.420400000000341151e+03,0.000000000000000000e+00
2.420500000000341061e+03,0.000000000000000000e+00
2.420600000000341424e+03,0.000000000000000000e+00
2.420700000000341333e+03,0.000000000000000000e+00
2.420800000000341242e+03,0.000000000000000000e+00
2.420900000000341151e+03,0.000000000000000000e+00
2.421000000000341061e+03,0.000000000000000000e+00
2.421100000000341424e+03,0.000000000000000000e+00
2.421200000000341333e+03,0.000000000000000000e+00
2.421300000000341242e+03,0.000000000000000000e+00
2.421400000000341606e+03,0.000000000000000000e+00
2.421500000000341515e+03,0.000000000000000000e+00
2.421600000000341424e+03,0.000000000000000000e+00
2.421700000000341333e+03,0.000000000000000000e+00
2.421800000000341242e+03,0.000000000000000000e+00
2.421900000000341606e+03,0.000000000000000000e+00
2.422000000000341515e+03,0.000000000000000000e+00
2.422100000000341424e+03,0.000000000000000000e+00
2.422200000000341788e+03,0.000000000000000000e+00
2.422300000000341697e+03,0.000000000000000000e+00
2.422400000000341606e+03,0.000000000000000000e+00
2.422500000000341515e+03,0.000000000000000000e+00
2.422600000000341424e+03,0.000000000000000000e+00
2.422700000000341788e+03,0.000000000000000000e+00
2.422800000000341697e+03,0.000000000000000000e+00
2.422900000000341606e+03,0.000000000000000000e+00
2.423000000000341970e+03,2.284058457605282423e-11
2.423100000000341879e+03,6.678216958542255825e-03
2.423200000000341788e+03,1.335462947240071731e-02
2.423300000000341697e+03,2.002926504914495642e-02
2.423400000000341606e+03,2.670266880419329761e-02
2.423500000000341970e+03,3.337456385629786193e-02
2.423600000000341879e+03,4.004495035972911038e-02
2.423700000000341788e+03,4.671382846884808426e-02
2.423800000000342152e+03,5.338119833801568265e-02
2.423900000000342061e+03,6.004706012150123201e-02
2.424000000000341970e+03,6.671141395237295546e-02
2.424100000000341879e+03,6.714872744916254577e-02
2.424200000000341788e+03,6.758599824097283326e-02
2.424300000000342152e+03,6.802322631619192594e-02
2.424400000000342061e+03,6.846041166320308846e-02
2.424500000000341970e+03,6.889755427039644109e-02
2.424600000000342334e+03,6.933465412616318657e-02
2.424700000000342243e+03,6.977171121888939287e-02
2.424800000000342152e+03,7.020872553696842766e-02
2.424900000000342061e+03,7.064569706879236799e-02
2.425000000000341970e+03,7.108262580273350117e-02
2.425100000000342334e+03,7.151339489708967434e-02
2.425200000000342243e+03,7.194402412386559365e-02
2.425300000000342152e+03,7.237451349813259216e-02
2.425400000000342516e+03,7.280486303496518097e-02
2.425500000000342425e+03,7.323507274943510947e-02
2.425600000000342334e+03,7.366514265662349459e-02
2.425700000000342243e+03,7.409507277161238303e-02
2.425800000000342152e+03,7.452486310948722159e-02
2.425900000000342516e+03,7.495451368533864733e-02
2.426000000000342425e+03,7.538402451428742601e-02
2.426100000000342334e+03,7.582307359017517734e-02
2.426200000000342698e+03,7.626210169917436998e-02
2.426300000000342607e+03,7.670110883328844220e-02
2.426400000000342516e+03,7.714009498452738256e-02
2.426500000000342425e+03,7.757906014489981961e-02
2.426600000000342334e+03,7.801800430641517292e-02
2.426700000000342698e+03,7.845692746108545723e-02
2.426800000000342607e+03,7.889582960091746922e-02
2.426900000000342516e+03,7.933471071792411178e-02
2.427000000000342880e+03,7.977357080410177326e-02
2.427100000000342789e+03,8.020716480417768024e-02
2.427200000000342698e+03,8.064071830763040738e-02
2.427300000000342607e+03,8.107423129782014015e-02
2.427400000000342516e+03,8.150770375810893753e-02
2.427500000000342880e+03,8.194113567186288305e-02
2.427600000000342789e+03,8.237452702244392466e-02
2.427700000000342698e+03,8.280701033335313710e-02
2.427800000000343061e+03,8.323847118724464478e-02
2.427900000000342970e+03,8.366987230655358043e-02
2.428000000000342880e+03,8.410121367857734120e-02
2.428100000000342789e+03,8.451755937937668883e-02
2.428200000000342698e+03,8.493375895670862707e-02
2.428300000000343061e+03,8.534981244144403123e-02
2.428400000000342970e+03,8.576568130215858621e-02
2.428500000000342880e+03,8.618044080373317428e-02
2.428600000000343243e+03,8.659395863504809610e-02
2.428700000000343152e+03,8.700731048352518260e-02
2.428800000000343061e+03,8.742049639149895857e-02
2.428900000000342970e+03,8.783351640129360982e-02
2.429000000000342880e+03,8.824637055515056894e-02
2.429100000000343243e+03,8.863712948042901107e-02
2.429200000000343152e+03,8.902761223450413042e-02
2.429300000000343061e+03,8.941781891327216236e-02
2.429400000000343425e+03,8.980774961261996092e-02
2.429500000000343334e+03,9.019740442841969741e-02
2.429600000000343243e+03,9.058678345653997654e-02
2.429700000000343152e+03,9.097588679283817592e-02
2.429800000000343061e+03,9.136471453316249991e-02
2.429900000000343425e+03,9.175326677335374215e-02
2.430000000000343334e+03,9.214154360931385568e-02
2.430100000000343243e+03,9.255178710783280860e-02
2.430200000000343607e+03,9.296205958152686799e-02
2.430300000000343516e+03,9.337236101089987916e-02
2.430400000000343425e+03,9.378269137646015607e-02
2.430500000000343334e+03,9.419305065871332039e-02
2.430600000000343243e+03,9.460343883816381416e-02
2.430700000000343607e+03,9.501385589531709253e-02
2.430800000000343516e+03,9.542430181067201866e-02
2.430900000000343425e+03,9.583477656473175788e-02
2.431000000000343789e+03,9.624528013792454928e-02
2.431100000000343698e+03,9.663421299664476383e-02
2.431200000000343607e+03,9.702312378358428357e-02
2.431300000000343516e+03,9.741201247270744878e-02
2.431400000000343425e+03,9.780087903798195814e-02
2.431500000000343789e+03,9.818972345338033980e-02
2.431600000000343698e+03,9.857854569287294311e-02
2.431700000000343607e+03,9.896836251010462937e-02
2.431800000000343971e+03,9.935880193450852271e-02
2.431900000000343880e+03,9.974923211806913104e-02
2.432000000000343789e+03,1.001396530340642188e-01
2.432100000000343698e+03,1.005057881563377747e-01
2.432200000000343607e+03,1.008718773409121860e-01
2.432300000000343971e+03,1.012379208837146383e-01
2.432400000000343880e+03,1.016039187816944050e-01
2.432500000000343789e+03,1.019698710318071438e-01
2.432600000000344153e+03,1.023357776310095946e-01
2.432700000000344062e+03,1.027016385762546530e-01
2.432800000000343971e+03,1.030674538645016125e-01
2.432900000000343880e+03,1.034332234927089339e-01
2.433000000000343789e+03,1.037989474576428706e-01
2.433100000000344153e+03,1.041081988652721030e-01
2.433200000000344062e+03,1.044171890654820856e-01
2.433300000000343971e+03,1.047259233459805344e-01
2.433400000000344335e+03,1.050346104288153448e-01
2.433500000000344244e+03,1.053418434468787329e-01
2.433600000000344153e+03,1.056477334633349058e-01
2.433700000000344062e+03,1.059533509369310345e-01
2.433800000000343971e+03,1.062586959971572043e-01
2.433900000000344335e+03,1.065637687734702493e-01
2.434000000000344244e+03,1.068685693953099480e-01
2.434100000000344153e+03,1.071796378425686619e-01
2.434200000000344517e+03,1.074906356240514782e-01
2.434300000000344426e+03,1.078015627416136768e-01
2.434400000000344335e+03,1.081124191971166992e-01
2.434500000000344244e+03,1.084232049924217234e-01
2.434600000000344153e+03,1.087332997485087605e-01
2.434700000000344517e+03,1.090415340123003368e-01
2.434800000000344426e+03,1.093496839382949587e-01
2.434900000000344335e+03,1.096577495333447422e-01
2.435000000000344698e+03,1.099657308042726184e-01
2.435100000000344608e+03,1.102647603394167758e-01
2.435200000000344517e+03,1.105638175100197990e-01
2.435300000000344426e+03,1.108629023028731841e-01
2.435400000000344335e+03,1.111620147047673868e-01
2.435500000000344698e+03,1.114611547024938060e-01
2.435600000000344608e+03,1.117603222828378179e-01
2.435700000000344517e+03,1.120595174325894200e-01
2.435800000000344880e+03,1.123587401385368889e-01
2.435900000000344789e+03,1.126579903874635746e-01
2.436000000000344698e+03,1.129572681659710143e-01
2.436100000000344608e+03,1.132028838288858807e-01
2.436200000000344517e+03,1.134484273666030857e-01
2.436300000000344880e+03,1.136938987844381688e-01
2.436400000000344789e+03,1.139392980877070860e-01
2.436500000000344698e+03,1.141846252817325935e-01
2.436600000000345062e+03,1.144298803718404450e-01
2.436700000000344971e+03,1.146750633633567967e-01
2.436800000000344880e+03,1.149201742616145910e-01
2.436900000000344789e+03,1.151652130719486300e-01
2.437000000000344698e+03,1.154101797995575884e-01
2.437100000000345062e+03,1.156144304304265041e-01
2.437200000000344971e+03,1.158186014795436897e-01
2.437300000000344880e+03,1.160226929666562795e-01
2.437400000000345244e+03,1.162267049115071060e-01
2.437500000000345153e+03,1.164306373338328815e-01
2.437600000000345062e+03,1.166344902533687222e-01
2.437700000000344971e+03,1.168382636898457755e-01
2.437800000000344880e+03,1.170419576629907893e-01
2.437900000000345244e+03,1.172455721925276945e-01
2.438000000000345153e+03,1.174491072980552164e-01
2.438100000000345062e+03,1.176181169021748435e-01
2.438200000000345426e+03,1.177870720325849968e-01
2.438300000000345335e+03,1.179559726964877625e-01
2.438400000000345244e+03,1.181248189010873362e-01
2.438500000000345153e+03,1.182933276853403992e-01
2.438600000000345062e+03,1.184616816522544303e-01
2.438700000000345426e+03,1.186299800886520123e-01
2.438800000000345335e+03,1.187982230022526231e-01
2.438900000000345244e+03,1.189664104007775169e-01
2.439000000000345608e+03,1.191345422918225205e-01
2.439100000000345517e+03,1.192661826475886477e-01
2.439200000000345426e+03,1.193977913963376047e-01
2.439300000000345335e+03,1.195293685405077883e-01
2.439400000000345244e+03,1.196609140825385803e-01
2.439500000000345608e+03,1.197924280248700429e-01
2.439600000000345517e+03,1.199239103699415027e-01
2.439700000000345426e+03,1.200553611201945065e-01
2.439800000000345790e+03,1.201867802780716421e-01
2.439900000000345699e+03,1.203181678460136517e-01
2.440000000000345608e+03,1.204495238262738854e-01
2.440100000000345517e+03,1.205257452113882299e-01
2.440200000000345426e+03,1.206019297714338578e-01
2.440300000000345790e+03,1.206780775157469121e-01
2.440400000000345699e+03,1.207541884536613847e-01
2.440500000000345608e+03,1.208302625945109066e-01
2.440600000000345972e+03,1.209062999476273742e-01
2.440700000000345881e+03,1.209823005223405606e-01
2.440800000000345790e+03,1.210582643279796977e-01
2.440900000000345699e+03,1.211341913738723797e-01
2.441000000000345608e+03,1.212092819433456675e-01
2.441100000000345972e+03,1.212506898470844807e-01
2.441200000000345881e+03,1.212920861488767654e-01
2.441300000000345790e+03,1.213334708482177587e-01
2.441400000000346154e+03,1.213748439446036415e-01
2.441500000000346063e+03,1.214162054375306221e-01
2.441600000000345972e+03,1.214575553264957697e-01
2.441700000000345881e+03,1.214988936109963613e-01
2.441800000000345790e+03,1.215402202905307705e-01
2.441900000000346154e+03,1.215815353645975788e-01
2.442000000000346063e+03,1.216228388324809284e-01
2.442100000000345972e+03,1.216021112241157803e-01
2.442200000000346336e+03,1.215813859810722236e-01
2.442300000000346245e+03,1.215606631033039065e-01
2.442400000000346154e+03,1.215399425907636166e-01
2.442500000000346063e+03,1.215192244434043084e-01
2.442600000000345972e+03,1.214985086611792969e-01
2.442700000000346336e+03,1.214777952440414116e-01
2.442800000000346245e+03,1.214570841919437733e-01
2.442900000000346154e+03,1.214363755048392113e-01
2.443000000000346517e+03,1.214156691826318579e-01
2.443100000000346427e+03,1.213808941454734280e-01
2.443200000000346336e+03,1.213461101244931728e-01
2.443300000000346245e+03,1.213113171203959451e-01
2.443400000000346154e+03,1.212765151338868058e-01
2.443500000000346517e+03,1.212417041656713573e-01
2.443600000000346427e+03,1.212068842164561455e-01
2.443700000000346336e+03,1.211720552869473139e-01
2.443800000000346699e+03,1.211372173778518108e-01
2.443900000000346608e+03,1.211023704898773617e-01
2.444000000000346517e+03,1.210675146233582966e-01
2.444100000000346427e+03,1.209250173594579175e-01
2.444200000000346336e+03,1.207826072340467405e-01
2.444300000000346699e+03,1.206402842070517373e-01
2.444400000000346608e+03,1.204980482384165608e-01
2.444500000000346517e+03,1.203558437678133169e-01
2.444600000000346881e+03,1.202136739830247103e-01
2.444700000000346790e+03,1.200715913910678778e-01
2.444800000000346699e+03,1.199315456261897950e-01
2.444900000000346608e+03,1.197922828226526959e-01
2.445000000000346517e+03,1.196531009008604124e-01
2.445100000000346881e+03,1.194955265562179930e-01
2.445200000000346790e+03,1.193379703064395836e-01
2.445300000000346699e+03,1.191804321525569976e-01
2.445400000000347063e+03,1.190229120956018266e-01
2.445500000000346972e+03,1.188654101366073412e-01
2.445600000000346881e+03,1.187079262766039811e-01
2.445700000000346790e+03,1.185504605166225467e-01
2.445800000000346699e+03,1.183930128576933527e-01
2.445900000000347063e+03,1.182355833008456314e-01
2.446000000000346972e+03,1.180781718469661457e-01
2.446100000000346881e+03,1.178792733109345209e-01
2.446200000000347245e+03,1.176803569375951680e-01
2.446300000000347154e+03,1.174814227330970712e-01
2.446400000000347063e+03,1.172824707035869524e-01
2.446500000000346972e+03,1.170835008552126161e-01
2.446600000000346881e+03,1.168845131941220888e-01
2.446700000000347245e+03,1.166855077264626339e-01
2.446800000000347154e+03,1.164864844583843734e-01
2.446900000000347063e+03,1.162872509095129181e-01
2.447000000000347427e+03,1.160882139083887626e-01
2.447100000000347336e+03,1.157892608241586907e-01
2.447200000000347245e+03,1.154905055187913226e-01
2.447300000000347154e+03,1.151919479039067162e-01
2.447400000000347063e+03,1.148935878911544056e-01
2.447500000000347427e+03,1.145954253922124855e-01
2.447600000000347336e+03,1.142974603187928706e-01
2.447700000000347245e+03,1.139996925826331498e-01
2.447800000000347609e+03,1.137021220955004019e-01
2.447900000000347518e+03,1.134047487691957901e-01
2.448000000000347427e+03,1.131075725155893386e-01
2.448100000000347336e+03,1.128229039202732764e-01
2.448200000000347245e+03,1.125381012276603643e-01
2.448300000000347609e+03,1.122531644330880818e-01
2.448400000000347518e+03,1.119680935319109366e-01
2.448500000000347427e+03,1.116828885194935256e-01
2.448600000000347791e+03,1.113975493912135184e-01
2.448700000000347700e+03,1.111120761424659598e-01
2.448800000000347609e+03,1.108264687686552896e-01
2.448900000000347518e+03,1.105407272652008943e-01
2.449000000000347427e+03,1.102548516271819878e-01
2.449100000000347791e+03,1.098672834734589349e-01
2.449200000000347700e+03,1.094798874406249234e-01
2.449300000000347609e+03,1.090926635152644347e-01
2.449400000000347973e+03,1.087056116839414527e-01
2.449500000000347882e+03,1.083187319332046539e-01
2.449600000000347791e+03,1.079320242495764859e-01
2.449700000000347700e+03,1.075454886195609944e-01
2.449800000000347609e+03,1.071591250296414638e-01
2.449900000000347973e+03,1.067729334662789326e-01
2.450000000000347882e+03,1.063868555221174766e-01
2.450100000000347791e+03,1.059857792811195881e-01
2.450200000000348155e+03,1.055846279137279964e-01
2.450300000000348064e+03,1.051837090077776954e-01
2.450400000000347973e+03,1.047833823969129136e-01
2.450500000000347882e+03,1.043814363821151808e-01
2.450600000000347791e+03,1.039794196285720868e-01
2.450700000000348155e+03,1.035773321490965626e-01
2.450800000000348064e+03,1.031751739565105880e-01
2.450900000000347973e+03,1.027729450636344771e-01
2.451000000000348336e+03,1.023706454830427270e-01
2.451100000000348246e+03,1.018965389036134428e-01
2.451200000000348155e+03,1.014225754556930814e-01
2.451300000000348064e+03,1.009487551200505123e-01
2.451400000000347973e+03,1.004750778774543551e-01
2.451500000000348336e+03,1.000013068170524516e-01
2.451600000000348246e+03,9.952351664202387094e-02
2.451700000000348155e+03,9.904571495528574632e-02
2.451800000000348518e+03,9.856796758384522850e-02
2.451900000000348427e+03,9.809040825238374284e-02
2.452000000000348336e+03,9.761303691980979802e-02
2.452100000000348246e+03,9.709073042828966771e-02
2.452200000000348155e+03,9.656861515130771290e-02
2.452300000000348518e+03,9.604671487351787440e-02
2.452400000000348427e+03,9.552502955059957723e-02
2.452500000000348336e+03,9.500355913822408627e-02
2.452600000000348700e+03,9.448230359206127860e-02
2.452700000000348609e+03,9.395804982423509866e-02
2.452800000000348518e+03,9.343310950403285742e-02
2.452900000000348427e+03,9.290842989475690816e-02
2.453000000000348336e+03,9.238401092451893615e-02
2.453100000000348700e+03,9.183263205243771821e-02
2.453200000000348609e+03,9.128138151075627926e-02
2.453300000000348518e+03,9.073025929244712962e-02
2.453400000000348882e+03,9.017926539047897705e-02
2.453500000000348791e+03,8.962839979782598332e-02
2.453600000000348700e+03,8.907766250745108305e-02
2.453700000000348609e+03,8.852705351231668351e-02
2.453800000000348518e+03,8.797369486827383289e-02
2.453900000000348882e+03,8.741755864498279571e-02
2.454000000000348791e+03,8.686162354970010380e-02
2.454100000000348700e+03,8.627465344077089870e-02
2.454200000000349064e+03,8.568783731815936278e-02
2.454300000000348973e+03,8.510117521958539266e-02
2.454400000000348882e+03,8.451466718272897249e-02
2.454500000000348791e+03,8.392831324524034631e-02
2.454600000000348700e+03,8.334211344473774208e-02
2.454700000000349064e+03,8.275606781880430474e-02
2.454800000000348973e+03,8.217017640499894859e-02
2.454900000000348882e+03,8.158405524993039837e-02
2.455000000000349246e+03,8.099668210087276887e-02
2.455100000000349155e+03,8.036503819057401465e-02
2.455200000000349064e+03,7.973381380620855885e-02
2.455300000000348973e+03,7.910300877714375456e-02
2.455400000000348882e+03,7.847262293279060053e-02
2.455500000000349246e+03,7.784265610259985535e-02
2.455600000000349155e+03,7.721310811607420832e-02
2.455700000000349064e+03,7.658397880275080727e-02
2.455800000000349428e+03,7.595526799220990444e-02
2.455900000000349337e+03,7.532697551408340519e-02
2.456000000000349246e+03,7.469910119792298742e-02
2.456100000000349155e+03,7.403889994267885688e-02
2.456200000000349064e+03,7.337929099956651269e-02
2.456300000000349428e+03,7.272027401099664945e-02
2.456400000000349337e+03,7.206184861955569620e-02
2.456500000000349246e+03,7.140401446798738672e-02
2.456600000000349610e+03,7.074677119920244617e-02
2.456700000000349519e+03,7.009011845628687620e-02
2.456800000000349428e+03,6.943405588248402482e-02
2.456900000000349337e+03,6.877858312120672946e-02
2.457000000000349246e+03,6.812369979443250179e-02
2.457100000000349610e+03,6.128660742328874422e-02
2.457200000000349519e+03,5.445422934461901371e-02
2.457300000000349428e+03,4.762717961855151422e-02
2.457400000000349792e+03,4.080592788992890019e-02
2.457500000000349701e+03,3.399047102351387267e-02
2.457600000000349610e+03,2.718080588522917701e-02
2.457700000000349519e+03,2.037692934228127820e-02
2.457800000000349428e+03,1.357883826312924168e-02
2.457900000000349792e+03,6.786529517453170068e-03
2.458000000000349701e+03,0.000000000000000000e+00
2.458100000000349610e+03,0.000000000000000000e+00
2.458200000000349974e+03,0.000000000000000000e+00
2.458300000000349883e+03,0.000000000000000000e+00
2.458400000000349792e+03,0.000000000000000000e+00
2.458500000000349701e+03,0.000000000000000000e+00
2.458600000000349610e+03,0.000000000000000000e+00
2.458700000000349974e+03,0.000000000000000000e+00
2.458800000000349883e+03,0.000000000000000000e+00
2.458900000000349792e+03,0.000000000000000000e+00
2.459000000000350155e+03,0.000000000000000000e+00
2.459100000000350065e+03,0.000000000000000000e+00
2.459200000000349974e+03,0.000000000000000000e+00
2.459300000000349883e+03,0.000000000000000000e+00
2.459400000000349792e+03,0.000000000000000000e+00
2.459500000000350155e+03,0.000000000000000000e+00
2.459600000000350065e+03,0.000000000000000000e+00
2.459700000000349974e+03,0.000000000000000000e+00
2.459800000000350337e+03,0.000000000000000000e+00
2.459900000000350246e+03,0.000000000000000000e+00
2.460000000000350155e+03,0.000000000000000000e+00
2.460100000000350065e+03,0.000000000000000000e+00
2.460200000000349974e+03,0.000000000000000000e+00
2.460300000000350337e+03,0.000000000000000000e+00
2.460400000000350246e+03,0.000000000000000000e+00
2.460500000000350155e+03,0.000000000000000000e+00
2.460600000000350519e+03,0.000000000000000000e+00
2.460700000000350428e+03,0.000000000000000000e+00
2.460800000000350337e+03,0.000000000000000000e+00
2.460900000000350246e+03,0.000000000000000000e+00
2.461000000000350155e+03,0.000000000000000000e+00
2.461100000000350519e+03,0.000000000000000000e+00
2.461200000000350428e+03,0.000000000000000000e+00
2.461300000000350337e+03,0.000000000000000000e+00
2.461400000000350701e+03,0.000000000000000000e+00
2.461500000000350610e+03,0.000000000000000000e+00
2.461600000000350519e+03,0.000000000000000000e+00
2.461700000000350428e+03,0.000000000000000000e+00
2.461800000000350337e+03,0.000000000000000000e+00
2.461900000000350701e+03,0.000000000000000000e+00
2.462000000000350610e+03,0.000000000000000000e+00
2.462100000000350519e+03,0.000000000000000000e+00
2.462200000000350883e+03,0.000000000000000000e+00
2.462300000000350792e+03,0.000000000000000000e+00
2.462400000000350701e+03,0.000000000000000000e+00
2.462500000000350610e+03,0.000000000000000000e+00
2.462600000000350519e+03,0.000000000000000000e+00
2.462700000000350883e+03,0.000000000000000000e+00
2.462800000000350792e+03,0.000000000000000000e+00
2.462900000000350701e+03,0.000000000000000000e+00
2.463000000000351065e+03,0.000000000000000000e+00
2.463100000000350974e+03,0.000000000000000000e+00
2.463200000000350883e+03,0.000000000000000000e+00
2.463300000000350792e+03,0.000000000000000000e+00
2.463400000000350701e+03,0.000000000000000000e+00
2.463500000000351065e+03,0.000000000000000000e+00
2.463600000000350974e+03,0.000000000000000000e+00
2.463700000000350883e+03,0.000000000000000000e+00
2.463800000000351247e+03,0.000000000000000000e+00
2.463900000000351156e+03,0.000000000000000000e+00
2.464000000000351065e+03,0.000000000000000000e+00
2.464100000000350974e+03,0.000000000000000000e+00
2.464200000000350883e+03,0.000000000000000000e+00
2.464300000000351247e+03,0.000000000000000000e+00
2.464400000000351156e+03,0.000000000000000000e+00
2.464500000000351065e+03,0.000000000000000000e+00
2.464600000000351429e+03,0.000000000000000000e+00
2.464700000000351338e+03,0.000000000000000000e+00
2.464800000000351247e+03,0.000000000000000000e+00
2.464900000000351156e+03,0.000000000000000000e+00
2.465000000000351065e+03,0.000000000000000000e+00
2.465100000000351429e+03,0.000000000000000000e+00
2.465200000000351338e+03,0.000000000000000000e+00
2.465300000000351247e+03,0.000000000000000000e+00
2.465400000000351611e+03,0.000000000000000000e+00
2.465500000000351520e+03,0.000000000000000000e+00
2.465600000000351429e+03,0.000000000000000000e+00
2.465700000000351338e+03,0.000000000000000000e+00
2.465800000000351247e+03,0.000000000000000000e+00
2.465900000000351611e+03,0.000000000000000000e+00
2.466000000000351520e+03,0.000000000000000000e+00
2.466100000000351429e+03,0.000000000000000000e+00
2.466200000000351793e+03,0.000000000000000000e+00
2.466300000000351702e+03,0.000000000000000000e+00
2.466400000000351611e+03,0.000000000000000000e+00
2.466500000000351520e+03,0.000000000000000000e+00
2.466600000000351429e+03,0.000000000000000000e+00
2.466700000000351793e+03,0.000000000000000000e+00
2.466800000000351702e+03,0.000000000000000000e+00
2.466900000000351611e+03,0.000000000000000000e+00
2.467000000000351974e+03,0.000000000000000000e+00
2.467100000000351884e+03,0.000000000000000000e+00
2.467200000000351793e+03,0.000000000000000000e+00
2.467300000000351702e+03,0.000000000000000000e+00
2.467400000000351611e+03,0.000000000000000000e+00
2.467500000000351974e+03,0.000000000000000000e+00
2.467600000000351884e+03,0.000000000000000000e+00
2.467700000000351793e+03,0.000000000000000000e+00
2.467800000000352156e+03,0.000000000000000000e+00
2.467900000000352065e+03,0.000000000000000000e+00
2.468000000000351974e+03,0.000000000000000000e+00
2.468100000000351884e+03,0.000000000000000000e+00
2.468200000000351793e+03,0.000000000000000000e+00
2.468300000000352156e+03,0.000000000000000000e+00
2.468400000000352065e+03,0.000000000000000000e+00
2.468500000000351974e+03,0.000000000000000000e+00
2.468600000000352338e+03,0.000000000000000000e+00
2.468700000000352247e+03,0.000000000000000000e+00
2.468800000000352156e+03,0.000000000000000000e+00
2.468900000000352065e+03,0.000000000000000000e+00
2.469000000000351974e+03,0.000000000000000000e+00
2.469100000000352338e+03,0.000000000000000000e+00
2.469200000000352247e+03,0.000000000000000000e+00
2.469300000000352156e+03,0.000000000000000000e+00
2.469400000000352520e+03,0.000000000000000000e+00
2.469500000000352429e+03,0.000000000000000000e+00
2.469600000000352338e+03,0.000000000000000000e+00
2.469700000000352247e+03,0.000000000000000000e+00
2.469800000000352156e+03,0.000000000000000000e+00
2.469900000000352520e+03,0.000000000000000000e+00
2.470000000000352429e+03,0.000000000000000000e+00
2.470100000000352338e+03,0.000000000000000000e+00
2.470200000000352702e+03,0.000000000000000000e+00
2.470300000000352611e+03,0.000000000000000000e+00
2.470400000000352520e+03,0.000000000000000000e+00
2.470500000000352429e+03,0.000000000000000000e+00
2.470600000000352338e+03,0.000000000000000000e+00
2.470700000000352702e+03,0.000000000000000000e+00
2.470800000000352611e+03,0.000000000000000000e+00
2.470900000000352520e+03,0.000000000000000000e+00
2.471000000000352884e+03,0.000000000000000000e+00
2.471100000000352793e+03,0.000000000000000000e+00
2.471200000000352702e+03,0.000000000000000000e+00
2.471300000000352611e+03,0.000000000000000000e+00
2.471400000000352520e+03,0.000000000000000000e+00
2.471500000000352884e+03,0.000000000000000000e+00
2.471600000000352793e+03,0.000000000000000000e+00
2.471700000000352702e+03,0.000000000000000000e+00
2.471800000000353066e+03,0.000000000000000000e+00
2.471900000000352975e+03,0.000000000000000000e+00
2.472000000000352884e+03,0.000000000000000000e+00
2.472100000000352793e+03,0.000000000000000000e+00
2.472200000000352702e+03,0.000000000000000000e+00
2.472300000000353066e+03,0.000000000000000000e+00
2.472400000000352975e+03,0.000000000000000000e+00
2.472500000000352884e+03,0.000000000000000000e+00
2.472600000000353248e+03,0.000000000000000000e+00
2.472700000000353157e+03,0.000000000000000000e+00
2.472800000000353066e+03,0.000000000000000000e+00
2.472900000000352975e+03,0.000000000000000000e+00
2.473000000000352884e+03,0.000000000000000000e+00
2.473100000000353248e+03,0.000000000000000000e+00
2.473200000000353157e+03,0.000000000000000000e+00
2.473300000000353066e+03,0.000000000000000000e+00
2.473400000000353430e+03,0.000000000000000000e+00
2.473500000000353339e+03,0.000000000000000000e+00
2.473600000000353248e+03,0.000000000000000000e+00
2.473700000000353157e+03,0.000000000000000000e+00
2.473800000000353066e+03,0.000000000000000000e+00
2.473900000000353430e+03,0.000000000000000000e+00
2.474000000000353339e+03,0.000000000000000000e+00
2.474100000000353248e+03,0.000000000000000000e+00
2.474200000000353612e+03,0.000000000000000000e+00
2.474300000000353521e+03,0.000000000000000000e+00
2.474400000000353430e+03,0.000000000000000000e+00
2.474500000000353339e+03,0.000000000000000000e+00
2.474600000000353248e+03,0.000000000000000000e+00
2.474700000000353612e+03,0.000000000000000000e+00
2.474800000000353521e+03,0.000000000000000000e+00
2.474900000000353430e+03,0.000000000000000000e+00
2.475000000000353793e+03,0.000000000000000000e+00
2.475100000000353702e+03,0.000000000000000000e+00
2.475200000000353612e+03,0.000000000000000000e+00
2.475300000000353521e+03,0.000000000000000000e+00
2.475400000000353430e+03,0.000000000000000000e+00
2.475500000000353793e+03,0.000000000000000000e+00
2.475600000000353702e+03,0.000000000000000000e+00
2.475700000000353612e+03,0.000000000000000000e+00
2.475800000000353975e+03,0.000000000000000000e+00
2.475900000000353884e+03,0.000000000000000000e+00
2.476000000000353793e+03,0.000000000000000000e+00
2.476100000000353702e+03,0.000000000000000000e+00
2.476200000000353612e+03,0.000000000000000000e+00
2.476300000000353975e+03,0.000000000000000000e+00
2.476400000000353884e+03,0.000000000000000000e+00
2.476500000000353793e+03,0.000000000000000000e+00
2.476600000000354157e+03,0.000000000000000000e+00
2.476700000000354066e+03,0.000000000000000000e+00
2.476800000000353975e+03,0.000000000000000000e+00
2.476900000000353884e+03,0.000000000000000000e+00
2.477000000000353793e+03,0.000000000000000000e+00
2.477100000000354157e+03,0.000000000000000000e+00
2.477200000000354066e+03,0.000000000000000000e+00
2.477300000000353975e+03,0.000000000000000000e+00
2.477400000000354339e+03,0.000000000000000000e+00
2.477500000000354248e+03,0.000000000000000000e+00
2.477600000000354157e+03,0.000000000000000000e+00
2.477700000000354066e+03,0.000000000000000000e+00
2.477800000000353975e+03,0.000000000000000000e+00
2.477900000000354339e+03,0.000000000000000000e+00
2.478000000000354248e+03,0.000000000000000000e+00
2.478100000000354157e+03,0.000000000000000000e+00
2.478200000000354521e+03,0.000000000000000000e+00
2.478300000000354430e+03,0.000000000000000000e+00
2.478400000000354339e+03,0.000000000000000000e+00
2.478500000000354248e+03,0.000000000000000000e+00
2.478600000000354157e+03,0.000000000000000000e+00
2.478700000000354521e+03,0.000000000000000000e+00
2.478800000000354430e+03,0.000000000000000000e+00
2.478900000000354339e+03,0.000000000000000000e+00
2.479000000000354703e+03,0.000000000000000000e+00
2.479100000000354612e+03,0.000000000000000000e+00
2.479200000000354521e+03,0.000000000000000000e+00
2.479300000000354430e+03,0.000000000000000000e+00
2.479400000000354339e+03,0.000000000000000000e+00
2.479500000000354703e+03,0.000000000000000000e+00
2.479600000000354612e+03,0.000000000000000000e+00
2.479700000000354521e+03,0.000000000000000000e+00
2.479800000000354885e+03,0.000000000000000000e+00
2.479900000000354794e+03,0.000000000000000000e+00
2.480000000000354703e+03,0.000000000000000000e+00
2.480100000000354612e+03,0.000000000000000000e+00
2.480200000000354521e+03,0.000000000000000000e+00
2.480300000000354885e+03,0.000000000000000000e+00
2.480400000000354794e+03,0.000000000000000000e+00
2.480500000000354703e+03,0.000000000000000000e+00
2.480600000000355067e+03,0.000000000000000000e+00
2.480700000000354976e+03,0.000000000000000000e+00
2.480800000000354885e+03,0.000000000000000000e+00
2.480900000000354794e+03,0.000000000000000000e+00
2.481000000000354703e+03,0.000000000000000000e+00
2.481100000000355067e+03,0.000000000000000000e+00
2.481200000000354976e+03,0.000000000000000000e+00
2.481300000000354885e+03,0.000000000000000000e+00
2.481400000000355249e+03,0.000000000000000000e+00
2.481500000000355158e+03,0.000000000000000000e+00
2.481600000000355067e+03,0.000000000000000000e+00
2.481700000000354976e+03,0.000000000000000000e+00
2.481800000000354885e+03,0.000000000000000000e+00
2.481900000000355249e+03,0.000000000000000000e+00
2.482000000000355158e+03,0.000000000000000000e+00
2.482100000000355067e+03,0.000000000000000000e+00
2.482200000000355431e+03,0.000000000000000000e+00
2.482300000000355340e+03,0.000000000000000000e+00
2.482400000000355249e+03,0.000000000000000000e+00
2.482500000000355158e+03,0.000000000000000000e+00
2.482600000000355067e+03,0.000000000000000000e+00
2.482700000000355431e+03,0.000000000000000000e+00
2.482800000000355340e+03,0.000000000000000000e+00
2.482900000000355249e+03,0.000000000000000000e+00
2.483000000000355612e+03,0.000000000000000000e+00
2.483100000000355521e+03,0.000000000000000000e+00
2.483200000000355431e+03,0.000000000000000000e+00
2.483300000000355340e+03,0.000000000000000000e+00
2.483400000000355249e+03,0.000000000000000000e+00
2.483500000000355612e+03,0.000000000000000000e+00
2.483600000000355521e+03,0.000000000000000000e+00
2.483700000000355431e+03,0.000000000000000000e+00
2.483800000000355794e+03,0.000000000000000000e+00
2.483900000000355703e+03,0.000000000000000000e+00
2.484000000000355612e+03,0.000000000000000000e+00
2.484100000000355521e+03,0.000000000000000000e+00
2.484200000000355431e+03,0.000000000000000000e+00
2.484300000000355794e+03,0.000000000000000000e+00
2.484400000000355703e+03,0.000000000000000000e+00
2.484500000000355612e+03,0.000000000000000000e+00
2.484600000000355976e+03,0.000000000000000000e+00
2.484700000000355885e+03,0.000000000000000000e+00
2.484800000000355794e+03,0.000000000000000000e+00
2.484900000000355703e+03,0.000000000000000000e+00
2.485000000000355612e+03,0.000000000000000000e+00
2.485100000000355976e+03,0.000000000000000000e+00
2.485200000000355885e+03,0.000000000000000000e+00
2.485300000000355794e+03,0.000000000000000000e+00
2.485400000000356158e+03,0.000000000000000000e+00
2.485500000000356067e+03,0.000000000000000000e+00
2.485600000000355976e+03,0.000000000000000000e+00
2.485700000000355885e+03,0.000000000000000000e+00
2.485800000000355794e+03,0.000000000000000000e+00
2.485900000000356158e+03,0.000000000000000000e+00
2.486000000000356067e+03,0.000000000000000000e+00
2.486100000000355976e+03,0.000000000000000000e+00
2.486200000000356340e+03,0.000000000000000000e+00
2.486300000000356249e+03,0.000000000000000000e+00
2.486400000000356158e+03,0.000000000000000000e+00
2.486500000000356067e+03,0.000000000000000000e+00
2.486600000000355976e+03,0.000000000000000000e+00
2.486700000000356340e+03,0.000000000000000000e+00
2.486800000000356249e+03,0.000000000000000000e+00
2.486900000000356158e+03,0.000000000000000000e+00
2.487000000000356522e+03,0.000000000000000000e+00
2.487100000000356431e+03,0.000000000000000000e+00
2.487200000000356340e+03,0.000000000000000000e+00
2.487300000000356249e+03,0.000000000000000000e+00
2.487400000000356158e+03,0.000000000000000000e+00
2.487500000000356522e+03,0.000000000000000000e+00
2.487600000000356431e+03,0.000000000000000000e+00
2.487700000000356340e+03,0.000000000000000000e+00
2.487800000000356704e+03,0.000000000000000000e+00
2.487900000000356613e+03,0.000000000000000000e+00
2.488000000000356522e+03,0.000000000000000000e+00
2.488100000000356431e+03,0.000000000000000000e+00
2.488200000000356340e+03,0.000000000000000000e+00
2.488300000000356704e+03,0.000000000000000000e+00
2.488400000000356613e+03,0.000000000000000000e+00
2.488500000000356522e+03,0.000000000000000000e+00
2.488600000000356886e+03,0.000000000000000000e+00
2.488700000000356795e+03,0.000000000000000000e+00
2.488800000000356704e+03,0.000000000000000000e+00
2.488900000000356613e+03,0.000000000000000000e+00
2.489000000000356522e+03,0.000000000000000000e+00
2.489100000000356886e+03,0.000000000000000000e+00
2.489200000000356795e+03,0.000000000000000000e+00
2.489300000000356704e+03,0.000000000000000000e+00
2.489400000000357068e+03,0.000000000000000000e+00
2.489500000000356977e+03,0.000000000000000000e+00
2.489600000000356886e+03,0.000000000000000000e+00
2.489700000000356795e+03,0.000000000000000000e+00
2.489800000000356704e+03,0.000000000000000000e+00
2.489900000000357068e+03,0.000000000000000000e+00
2.490000000000356977e+03,0.000000000000000000e+00
2.490100000000356886e+03,0.000000000000000000e+00
2.490200000000357250e+03,0.000000000000000000e+00
2.490300000000357159e+03,0.000000000000000000e+00
2.490400000000357068e+03,0.000000000000000000e+00
2.490500000000356977e+03,0.000000000000000000e+00
2.490600000000356886e+03,0.000000000000000000e+00
2.490700000000357250e+03,0.000000000000000000e+00
2.490800000000357159e+03,0.000000000000000000e+00
2.490900000000357068e+03,0.000000000000000000e+00
2.491000000000357431e+03,0.000000000000000000e+00
2.491100000000357340e+03,0.000000000000000000e+00
2.491200000000357250e+03,0.000000000000000000e+00
2.491300000000357159e+03,0.000000000000000000e+00
2.491400000000357068e+03,0.000000000000000000e+00
2.491500000000357431e+03,0.000000000000000000e+00
2.491600000000357340e+03,0.000000000000000000e+00
2.491700000000357250e+03,0.000000000000000000e+00
2.491800000000357613e+03,0.000000000000000000e+00
2.491900000000357522e+03,0.000000000000000000e+00
2.492000000000357431e+03,0.000000000000000000e+00
2.492100000000357340e+03,0.000000000000000000e+00
2.492200000000357250e+03,0.000000000000000000e+00
2.492300000000357613e+03,0.000000000000000000e+00
2.492400000000357522e+03,0.000000000000000000e+00
2.492500000000357431e+03,0.000000000000000000e+00
2.492600000000357795e+03,0.000000000000000000e+00
2.492700000000357704e+03,0.000000000000000000e+00
2.492800000000357613e+03,0.000000000000000000e+00
2.492900000000357522e+03,0.000000000000000000e+00
2.493000000000357431e+03,0.000000000000000000e+00
2.493100000000357795e+03,0.000000000000000000e+00
2.493200000000357704e+03,0.000000000000000000e+00
2.493300000000357613e+03,0.000000000000000000e+00
2.493400000000357977e+03,0.000000000000000000e+00
2.493500000000357886e+03,0.000000000000000000e+00
2.493600000000357795e+03,0.000000000000000000e+00
2.493700000000357704e+03,0.000000000000000000e+00
2.493800000000357613e+03,0.000000000000000000e+00
2.493900000000357977e+03,0.000000000000000000e+00
2.494000000000357886e+03,0.000000000000000000e+00
2.494100000000357795e+03,0.000000000000000000e+00
2.494200000000358159e+03,0.000000000000000000e+00
2.494300000000358068e+03,0.000000000000000000e+00
2.494400000000357977e+03,0.000000000000000000e+00
2.494500000000357886e+03,0.000000000000000000e+00
2.494600000000357795e+03,0.000000000000000000e+00
2.494700000000358159e+03,0.000000000000000000e+00
2.494800000000358068e+03,0.000000000000000000e+00
2.494900000000357977e+03,0.000000000000000000e+00
2.495000000000358341e+03,0.000000000000000000e+00
2.495100000000358250e+03,0.000000000000000000e+00
2.495200000000358159e+03,0.000000000000000000e+00
2.495300000000358068e+03,0.000000000000000000e+00
2.495400000000357977e+03,0.000000000000000000e+00
2.495500000000358341e+03,0.000000000000000000e+00
2.495600000000358250e+03,0.000000000000000000e+00
2.495700000000358159e+03,0.000000000000000000e+00
2.495800000000358523e+03,0.000000000000000000e+00
2.495900000000358432e+03,0.000000000000000000e+00
2.496000000000358341e+03,0.000000000000000000e+00
2.496100000000358250e+03,0.000000000000000000e+00
2.496200000000358159e+03,0.000000000000000000e+00
2.496300000000358523e+03,0.000000000000000000e+00
2.496400000000358432e+03,0.000000000000000000e+00
2.496500000000358341e+03,0.000000000000000000e+00
2.496600000000358705e+03,0.000000000000000000e+00
2.496700000000358614e+03,0.000000000000000000e+00
2.496800000000358523e+03,0.000000000000000000e+00
2.496900000000358432e+03,0.000000000000000000e+00
2.497000000000358341e+03,0.000000000000000000e+00
2.497100000000358705e+03,0.000000000000000000e+00
2.497200000000358614e+03,0.000000000000000000e+00
2.497300000000358523e+03,0.000000000000000000e+00
2.497400000000358887e+03,0.000000000000000000e+00
2.497500000000358796e+03,0.000000000000000000e+00
2.497600000000358705e+03,0.000000000000000000e+00
2.497700000000358614e+03,0.000000000000000000e+00
2.497800000000358523e+03,0.000000000000000000e+00
2.497900000000358887e+03,0.000000000000000000e+00
2.498000000000358796e+03,0.000000000000000000e+00
2.498100000000358705e+03,0.000000000000000000e+00
2.498200000000359069e+03,0.000000000000000000e+00
2.498300000000358978e+03,0.000000000000000000e+00
2.498400000000358887e+03,0.000000000000000000e+00
2.498500000000358796e+03,0.000000000000000000e+00
2.498600000000358705e+03,0.000000000000000000e+00
2.498700000000359069e+03,0.000000000000000000e+00
2.498800000000358978e+03,0.000000000000000000e+00
2.498900000000358887e+03,0.000000000000000000e+00
2.499000000000359250e+03,0.000000000000000000e+00
2.499100000000359159e+03,0.000000000000000000e+00
2.499200000000359069e+03,0.000000000000000000e+00
2.499300000000358978e+03,0.000000000000000000e+00
2.499400000000358887e+03,0.000000000000000000e+00
2.499500000000359250e+03,0.000000000000000000e+00
2.499600000000359159e+03,0.000000000000000000e+00
2.499700000000359069e+03,0.000000000000000000e+00
2.499800000000359432e+03,0.000000000000000000e+00
2.499900000000359341e+03,0.000000000000000000e+00
2.500000000000359250e+03,0.000000000000000000e+00
2.500100000000359159e+03,0.000000000000000000e+00
2.500200000000359069e+03,0.000000000000000000e+00
2.500300000000359432e+03,0.000000000000000000e+00
2.500400000000359341e+03,0.000000000000000000e+00
2.500500000000359250e+03,0.000000000000000000e+00
2.500600000000359614e+03,0.000000000000000000e+00
2.500700000000359523e+03,0.000000000000000000e+00
2.500800000000359432e+03,0.000000000000000000e+00
2.500900000000359341e+03,0.000000000000000000e+00
2.501000000000359250e+03,0.000000000000000000e+00
2.501100000000359614e+03,0.000000000000000000e+00
2.501200000000359523e+03,0.000000000000000000e+00
2.501300000000359432e+03,0.000000000000000000e+00
2.501400000000359796e+03,0.000000000000000000e+00
2.501500000000359705e+03,0.000000000000000000e+00
2.501600000000359614e+03,0.000000000000000000e+00
2.501700000000359523e+03,0.000000000000000000e+00
2.501800000000359432e+03,0.000000000000000000e+00
2.501900000000359796e+03,0.000000000000000000e+00
2.502000000000359705e+03,0.000000000000000000e+00
2.502100000000359614e+03,0.000000000000000000e+00
2.502200000000359978e+03,0.000000000000000000e+00
2.502300000000359887e+03,0.000000000000000000e+00
2.502400000000359796e+03,0.000000000000000000e+00
2.502500000000359705e+03,0.000000000000000000e+00
2.502600000000359614e+03,0.000000000000000000e+00
2.502700000000359978e+03,0.000000000000000000e+00
2.502800000000359887e+03,0.000000000000000000e+00
2.502900000000359796e+03,0.000000000000000000e+00
2.503000000000360160e+03,0.000000000000000000e+00
2.503100000000360069e+03,0.000000000000000000e+00
2.503200000000359978e+03,0.000000000000000000e+00
2.503300000000359887e+03,0.000000000000000000e+00
2.503400000000359796e+03,0.000000000000000000e+00
2.503500000000360160e+03,0.000000000000000000e+00
2.503600000000360069e+03,0.000000000000000000e+00
2.503700000000359978e+03,0.000000000000000000e+00
2.503800000000360342e+03,0.000000000000000000e+00
2.503900000000360251e+03,0.000000000000000000e+00
2.504000000000360160e+03,0.000000000000000000e+00
2.504100000000360069e+03,0.000000000000000000e+00
2.504200000000359978e+03,0.000000000000000000e+00
2.504300000000360342e+03,0.000000000000000000e+00
2.504400000000360251e+03,0.000000000000000000e+00
2.504500000000360160e+03,0.000000000000000000e+00
2.504600000000360524e+03,0.000000000000000000e+00
2.504700000000360433e+03,0.000000000000000000e+00
2.504800000000360342e+03,0.000000000000000000e+00
2.504900000000360251e+03,0.000000000000000000e+00
2.505000000000360160e+03,0.000000000000000000e+00
2.505100000000360524e+03,0.000000000000000000e+00
2.505200000000360433e+03,0.000000000000000000e+00
2.505300000000360342e+03,0.000000000000000000e+00
2.505400000000360706e+03,0.000000000000000000e+00
2.505500000000360615e+03,0.000000000000000000e+00
2.505600000000360524e+03,0.000000000000000000e+00
2.505700000000360433e+03,0.000000000000000000e+00
2.505800000000360342e+03,0.000000000000000000e+00
2.505900000000360706e+03,0.000000000000000000e+00
2.506000000000360615e+03,0.000000000000000000e+00
2.506100000000360524e+03,0.000000000000000000e+00
2.506200000000360887e+03,0.000000000000000000e+00
2.506300000000360797e+03,0.000000000000000000e+00
2.506400000000360706e+03,0.000000000000000000e+00
2.506500000000360615e+03,0.000000000000000000e+00
2.506600000000360524e+03,0.000000000000000000e+00
2.506700000000360887e+03,0.000000000000000000e+00
2.506800000000360797e+03,0.000000000000000000e+00
2.506900000000360706e+03,0.000000000000000000e+00
2.507000000000361069e+03,0.000000000000000000e+00
2.507100000000360978e+03,0.000000000000000000e+00
2.507200000000360887e+03,0.000000000000000000e+00
2.507300000000360797e+03,0.000000000000000000e+00
2.507400000000360706e+03,0.000000000000000000e+00
2.507500000000361069e+03,0.000000000000000000e+00
2.507600000000360978e+03,0.000000000000000000e+00
2.507700000000360887e+03,0.000000000000000000e+00
2.507800000000361251e+03,0.000000000000000000e+00
2.507900000000361160e+03,0.000000000000000000e+00
2.508000000000361069e+03,0.000000000000000000e+00
2.508100000000360978e+03,0.000000000000000000e+00
2.508200000000360887e+03,0.000000000000000000e+00
2.508300000000361251e+03,0.000000000000000000e+00
2.508400000000361160e+03,0.000000000000000000e+00
2.508500000000361069e+03,0.000000000000000000e+00
2.508600000000361433e+03,0.000000000000000000e+00
2.508700000000361342e+03,0.000000000000000000e+00
2.508800000000361251e+03,0.000000000000000000e+00
2.508900000000361160e+03,0.000000000000000000e+00
2.509000000000361069e+03,0.000000000000000000e+00
2.509100000000361433e+03,0.000000000000000000e+00
2.509200000000361342e+03,0.000000000000000000e+00
2.509300000000361251e+03,0.000000000000000000e+00
2.509400000000361615e+03,0.000000000000000000e+00
2.509500000000361524e+03,0.000000000000000000e+00
2.509600000000361433e+03,0.000000000000000000e+00
2.509700000000361342e+03,0.000000000000000000e+00
2.509800000000361251e+03,0.000000000000000000e+00
2.509900000000361615e+03,0.000000000000000000e+00
2.510000000000361524e+03,0.000000000000000000e+00
2.510100000000361433e+03,0.000000000000000000e+00
2.510200000000361797e+03,0.000000000000000000e+00
2.510300000000361706e+03,0.000000000000000000e+00
2.510400000000361615e+03,0.000000000000000000e+00
2.510500000000361524e+03,0.000000000000000000e+00
2.510600000000361433e+03,0.000000000000000000e+00
2.510700000000361797e+03,0.000000000000000000e+00
2.510800000000361706e+03,0.000000000000000000e+00
2.510900000000361615e+03,0.000000000000000000e+00
2.511000000000361979e+03,0.000000000000000000e+00
2.511100000000361888e+03,0.000000000000000000e+00
2.511200000000361797e+03,0.000000000000000000e+00
2.511300000000361706e+03,0.000000000000000000e+00
2.511400000000361615e+03,0.000000000000000000e+00
2.511500000000361979e+03,0.000000000000000000e+00
2.511600000000361888e+03,0.000000000000000000e+00
2.511700000000361797e+03,0.000000000000000000e+00
2.511800000000362161e+03,0.000000000000000000e+00
2.511900000000362070e+03,0.000000000000000000e+00
2.512000000000361979e+03,0.000000000000000000e+00
2.512100000000361888e+03,0.000000000000000000e+00
2.512200000000361797e+03,0.000000000000000000e+00
2.512300000000362161e+03,0.000000000000000000e+00
2.512400000000362070e+03,0.000000000000000000e+00
2.512500000000361979e+03,0.000000000000000000e+00
2.512600000000362343e+03,0.000000000000000000e+00
2.512700000000362252e+03,0.000000000000000000e+00
2.512800000000362161e+03,0.000000000000000000e+00
2.512900000000362070e+03,0.000000000000000000e+00
2.513000000000361979e+03,0.000000000000000000e+00
2.513100000000362343e+03,0.000000000000000000e+00
2.513200000000362252e+03,0.000000000000000000e+00
2.513300000000362161e+03,0.000000000000000000e+00
2.513400000000362525e+03,0.000000000000000000e+00
2.513500000000362434e+03,0.000000000000000000e+00
2.513600000000362343e+03,0.000000000000000000e+00
2.513700000000362252e+03,0.000000000000000000e+00
2.513800000000362161e+03,0.000000000000000000e+00
2.513900000000362525e+03,0.000000000000000000e+00
2.514000000000362434e+03,0.000000000000000000e+00
2.514100000000362343e+03,0.000000000000000000e+00
2.514200000000362706e+03,0.000000000000000000e+00
2.514300000000362616e+03,0.000000000000000000e+00
2.514400000000362525e+03,0.000000000000000000e+00
2.514500000000362434e+03,0.000000000000000000e+00
2.514600000000362343e+03,0.000000000000000000e+00
2.514700000000362706e+03,0.000000000000000000e+00
2.514800000000362616e+03,0.000000000000000000e+00
2.514900000000362525e+03,0.000000000000000000e+00
2.515000000000362888e+03,0.000000000000000000e+00
2.515100000000362797e+03,0.000000000000000000e+00
2.515200000000362706e+03,0.000000000000000000e+00
2.515300000000362616e+03,0.000000000000000000e+00
2.515400000000362525e+03,0.000000000000000000e+00
2.515500000000362888e+03,0.000000000000000000e+00
2.515600000000362797e+03,0.000000000000000000e+00
2.515700000000362706e+03,0.000000000000000000e+00
2.515800000000363070e+03,0.000000000000000000e+00
2.515900000000362979e+03,0.000000000000000000e+00
2.516000000000362888e+03,0.000000000000000000e+00
2.516100000000362797e+03,0.000000000000000000e+00
2.516200000000362706e+03,0.000000000000000000e+00
2.516300000000363070e+03,0.000000000000000000e+00
2.516400000000362979e+03,0.000000000000000000e+00
2.516500000000362888e+03,0.000000000000000000e+00
2.516600000000363252e+03,0.000000000000000000e+00
2.516700000000363161e+03,0.000000000000000000e+00
2.516800000000363070e+03,0.000000000000000000e+00
2.516900000000362979e+03,0.000000000000000000e+00
2.517000000000362888e+03,0.000000000000000000e+00
2.517100000000363252e+03,0.000000000000000000e+00
2.517200000000363161e+03,0.000000000000000000e+00
2.517300000000363070e+03,0.000000000000000000e+00
2.517400000000363434e+03,0.000000000000000000e+00
2.517500000000363343e+03,0.000000000000000000e+00
2.517600000000363252e+03,0.000000000000000000e+00
2.517700000000363161e+03,0.000000000000000000e+00
2.517800000000363070e+03,0.000000000000000000e+00
2.517900000000363434e+03,0.000000000000000000e+00
2.518000000000363343e+03,0.000000000000000000e+00
2.518100000000363252e+03,0.000000000000000000e+00
2.518200000000363616e+03,0.000000000000000000e+00
2.518300000000363525e+03,0.000000000000000000e+00
2.518400000000363434e+03,0.000000000000000000e+00
2.518500000000363343e+03,0.000000000000000000e+00
2.518600000000363252e+03,0.000000000000000000e+00
2.518700000000363616e+03,0.000000000000000000e+00
2.518800000000363525e+03,0.000000000000000000e+00
2.518900000000363434e+03,0.000000000000000000e+00
2.519000000000363798e+03,0.000000000000000000e+00
2.519100000000363707e+03,0.000000000000000000e+00
2.519200000000363616e+03,0.000000000000000000e+00
2.519300000000363525e+03,0.000000000000000000e+00
2.519400000000363434e+03,0.000000000000000000e+00
2.519500000000363798e+03,0.000000000000000000e+00
2.519600000000363707e+03,0.000000000000000000e+00
2.519700000000363616e+03,0.000000000000000000e+00
2.519800000000363980e+03,0.000000000000000000e+00
2.519900000000363889e+03,0.000000000000000000e+00
2.520000000000363798e+03,0.000000000000000000e+00
2.520100000000363707e+03,0.000000000000000000e+00
2.520200000000363616e+03,0.000000000000000000e+00
2.520300000000363980e+03,0.000000000000000000e+00
2.520400000000363889e+03,0.000000000000000000e+00
2.520500000000363798e+03,0.000000000000000000e+00
2.520600000000364162e+03,0.000000000000000000e+00
2.520700000000364071e+03,0.000000000000000000e+00
2.520800000000363980e+03,0.000000000000000000e+00
2.520900000000363889e+03,0.000000000000000000e+00
2.521000000000363798e+03,0.000000000000000000e+00
2.521100000000364162e+03,0.000000000000000000e+00
2.521200000000364071e+03,0.000000000000000000e+00
2.521300000000363980e+03,0.000000000000000000e+00
2.521400000000364344e+03,0.000000000000000000e+00
2.521500000000364253e+03,0.000000000000000000e+00
2.521600000000364162e+03,0.000000000000000000e+00
2.521700000000364071e+03,0.000000000000000000e+00
2.521800000000363980e+03,0.000000000000000000e+00
2.521900000000364344e+03,0.000000000000000000e+00
2.522000000000364253e+03,0.000000000000000000e+00
2.522100000000364162e+03,0.000000000000000000e+00
2.522200000000364525e+03,0.000000000000000000e+00
2.522300000000364435e+03,0.000000000000000000e+00
2.522400000000364344e+03,0.000000000000000000e+00
2.522500000000364253e+03,0.000000000000000000e+00
2.522600000000364162e+03,0.000000000000000000e+00
2.522700000000364525e+03,0.000000000000000000e+00
2.522800000000364435e+03,0.000000000000000000e+00
2.522900000000364344e+03,0.000000000000000000e+00
2.523000000000364707e+03,0.000000000000000000e+00
2.523100000000364616e+03,0.000000000000000000e+00
2.523200000000364525e+03,0.000000000000000000e+00
2.523300000000364435e+03,0.000000000000000000e+00
2.523400000000364344e+03,0.000000000000000000e+00
2.523500000000364707e+03,0.000000000000000000e+00
2.523600000000364616e+03,0.000000000000000000e+00
2.523700000000364525e+03,0.000000000000000000e+00
2.523800000000364889e+03,0.000000000000000000e+00
2.523900000000364798e+03,0.000000000000000000e+00
2.524000000000364707e+03,0.000000000000000000e+00
2.524100000000364616e+03,0.000000000000000000e+00
2.524200000000364525e+03,0.000000000000000000e+00
2.524300000000364889e+03,0.000000000000000000e+00
2.524400000000364798e+03,0.000000000000000000e+00
2.524500000000364707e+03,0.000000000000000000e+00
2.524600000000365071e+03,0.000000000000000000e+00
2.524700000000364980e+03,0.000000000000000000e+00
2.524800000000364889e+03,0.000000000000000000e+00
2.524900000000364798e+03,0.000000000000000000e+00
2.525000000000364707e+03,0.000000000000000000e+00
2.525100000000365071e+03,0.000000000000000000e+00
2.525200000000364980e+03,0.000000000000000000e+00
2.525300000000364889e+03,0.000000000000000000e+00
2.525400000000365253e+03,0.000000000000000000e+00
2.525500000000365162e+03,0.000000000000000000e+00
2.525600000000365071e+03,0.000000000000000000e+00
2.525700000000364980e+03,0.000000000000000000e+00
2.525800000000364889e+03,0.000000000000000000e+00
2.525900000000365253e+03,0.000000000000000000e+00
2.526000000000365162e+03,0.000000000000000000e+00
2.526100000000365071e+03,0.000000000000000000e+00
2.526200000000365435e+03,0.000000000000000000e+00
2.526300000000365344e+03,0.000000000000000000e+00
2.526400000000365253e+03,0.000000000000000000e+00
2.526500000000365162e+03,0.000000000000000000e+00
2.526600000000365071e+03,0.000000000000000000e+00
2.526700000000365435e+03,0.000000000000000000e+00
2.526800000000365344e+03,0.000000000000000000e+00
2.526900000000365253e+03,0.000000000000000000e+00
2.527000000000365617e+03,0.000000000000000000e+00
2.527100000000365526e+03,0.000000000000000000e+00
2.527200000000365435e+03,0.000000000000000000e+00
2.527300000000365344e+03,0.000000000000000000e+00
2.527400000000365253e+03,0.000000000000000000e+00
2.527500000000365617e+03,0.000000000000000000e+00
2.527600000000365526e+03,0.000000000000000000e+00
2.527700000000365435e+03,0.000000000000000000e+00
2.527800000000365799e+03,0.000000000000000000e+00
2.527900000000365708e+03,0.000000000000000000e+00
2.528000000000365617e+03,0.000000000000000000e+00
2.528100000000365526e+03,0.000000000000000000e+00
2.528200000000365435e+03,0.000000000000000000e+00
2.528300000000365799e+03,0.000000000000000000e+00
2.528400000000365708e+03,0.000000000000000000e+00
2.528500000000365617e+03,0.000000000000000000e+00
2.528600000000365981e+03,0.000000000000000000e+00
2.528700000000365890e+03,0.000000000000000000e+00
2.528800000000365799e+03,0.000000000000000000e+00
2.528900000000365708e+03,0.000000000000000000e+00
2.529000000000365617e+03,0.000000000000000000e+00
2.529100000000365981e+03,0.000000000000000000e+00
2.529200000000365890e+03,0.000000000000000000e+00
2.529300000000365799e+03,0.000000000000000000e+00
2.529400000000366163e+03,0.000000000000000000e+00
2.529500000000366072e+03,0.000000000000000000e+00
2.529600000000365981e+03,0.000000000000000000e+00
2.529700000000365890e+03,0.000000000000000000e+00
2.529800000000365799e+03,0.000000000000000000e+00
2.529900000000366163e+03,0.000000000000000000e+00
2.530000000000366072e+03,0.000000000000000000e+00
2.530100000000365981e+03,0.000000000000000000e+00
2.530200000000366344e+03,0.000000000000000000e+00
2.530300000000366254e+03,0.000000000000000000e+00
2.530400000000366163e+03,0.000000000000000000e+00
2.530500000000366072e+03,0.000000000000000000e+00
2.530600000000365981e+03,0.000000000000000000e+00
2.530700000000366344e+03,0.000000000000000000e+00
2.530800000000366254e+03,0.000000000000000000e+00
2.530900000000366163e+03,0.000000000000000000e+00
2.531000000000366526e+03,0.000000000000000000e+00
2.531100000000366435e+03,0.000000000000000000e+00
2.531200000000366344e+03,0.000000000000000000e+00
2.531300000000366254e+03,0.000000000000000000e+00
2.531400000000366163e+03,0.000000000000000000e+00
2.531500000000366526e+03,0.000000000000000000e+00
2.531600000000366435e+03,0.000000000000000000e+00
2.531700000000366344e+03,0.000000000000000000e+00
2.531800000000366708e+03,0.000000000000000000e+00
2.531900000000366617e+03,0.000000000000000000e+00
2.532000000000366526e+03,0.000000000000000000e+00
2.532100000000366435e+03,0.000000000000000000e+00
2.532200000000366344e+03,0.000000000000000000e+00
2.532300000000366708e+03,0.000000000000000000e+00
2.532400000000366617e+03,0.000000000000000000e+00
2.532500000000366526e+03,0.000000000000000000e+00
2.532600000000366890e+03,0.000000000000000000e+00
2.532700000000366799e+03,0.000000000000000000e+00
2.532800000000366708e+03,0.000000000000000000e+00
2.532900000000366617e+03,0.000000000000000000e+00
2.533000000000366526e+03,0.000000000000000000e+00
2.533100000000366890e+03,0.000000000000000000e+00
2.533200000000366799e+03,0.000000000000000000e+00
2.533300000000366708e+03,0.000000000000000000e+00
2.533400000000367072e+03,0.000000000000000000e+00
2.533500000000366981e+03,0.000000000000000000e+00
2.533600000000366890e+03,0.000000000000000000e+00
2.533700000000366799e+03,0.000000000000000000e+00
2.533800000000366708e+03,0.000000000000000000e+00
2.533900000000367072e+03,0.000000000000000000e+00
2.534000000000366981e+03,0.000000000000000000e+00
2.534100000000366890e+03,0.000000000000000000e+00
2.534200000000367254e+03,0.000000000000000000e+00
2.534300000000367163e+03,0.000000000000000000e+00
2.534400000000367072e+03,0.000000000000000000e+00
2.534500000000366981e+03,0.000000000000000000e+00
2.534600000000366890e+03,0.000000000000000000e+00
2.534700000000367254e+03,0.000000000000000000e+00
2.534800000000367163e+03,0.000000000000000000e+00
2.534900000000367072e+03,0.000000000000000000e+00
2.535000000000367436e+03,0.000000000000000000e+00
2.535100000000367345e+03,0.000000000000000000e+00
2.535200000000367254e+03,0.000000000000000000e+00
2.535300000000367163e+03,0.000000000000000000e+00
2.535400000000367072e+03,0.000000000000000000e+00
2.535500000000367436e+03,0.000000000000000000e+00
2.535600000000367345e+03,0.000000000000000000e+00
2.535700000000367254e+03,0.000000000000000000e+00
2.535800000000367618e+03,0.000000000000000000e+00
2.535900000000367527e+03,0.000000000000000000e+00
2.536000000000367436e+03,0.000000000000000000e+00
2.536100000000367345e+03,0.000000000000000000e+00
2.536200000000367254e+03,0.000000000000000000e+00
2.536300000000367618e+03,0.000000000000000000e+00
2.536400000000367527e+03,0.000000000000000000e+00
2.536500000000367436e+03,0.000000000000000000e+00
2.536600000000367800e+03,0.000000000000000000e+00
2.536700000000367709e+03,0.000000000000000000e+00
2.536800000000367618e+03,0.000000000000000000e+00
2.536900000000367527e+03,0.000000000000000000e+00
2.537000000000367436e+03,0.000000000000000000e+00
2.537100000000367800e+03,0.000000000000000000e+00
2.537200000000367709e+03,0.000000000000000000e+00
2.537300000000367618e+03,0.000000000000000000e+00
2.537400000000367982e+03,0.000000000000000000e+00
2.537500000000367891e+03,0.000000000000000000e+00
2.537600000000367800e+03,0.000000000000000000e+00
2.537700000000367709e+03,0.000000000000000000e+00
2.537800000000367618e+03,0.000000000000000000e+00
2.537900000000367982e+03,0.000000000000000000e+00
2.538000000000367891e+03,0.000000000000000000e+00
2.538100000000367800e+03,0.000000000000000000e+00
2.538200000000368163e+03,0.000000000000000000e+00
2.538300000000368073e+03,0.000000000000000000e+00
2.538400000000367982e+03,0.000000000000000000e+00
2.538500000000367891e+03,0.000000000000000000e+00
2.538600000000367800e+03,0.000000000000000000e+00
2.538700000000368163e+03,0.000000000000000000e+00
2.538800000000368073e+03,0.000000000000000000e+00
2.538900000000367982e+03,0.000000000000000000e+00
2.539000000000368345e+03,0.000000000000000000e+00
2.539100000000368254e+03,0.000000000000000000e+00
2.539200000000368163e+03,0.000000000000000000e+00
2.539300000000368073e+03,0.000000000000000000e+00
2.539400000000367982e+03,0.000000000000000000e+00
2.539500000000368345e+03,0.000000000000000000e+00
2.539600000000368254e+03,0.000000000000000000e+00
2.539700000000368163e+03,0.000000000000000000e+00
2.539800000000368527e+03,0.000000000000000000e+00
2.539900000000368436e+03,0.000000000000000000e+00
2.540000000000368345e+03,0.000000000000000000e+00
2.540100000000368254e+03,0.000000000000000000e+00
2.540200000000368163e+03,0.000000000000000000e+00
2.540300000000368527e+03,0.000000000000000000e+00
2.540400000000368436e+03,0.000000000000000000e+00
2.540500000000368345e+03,0.000000000000000000e+00
2.540600000000368709e+03,0.000000000000000000e+00
2.540700000000368618e+03,0.000000000000000000e+00
2.540800000000368527e+03,0.000000000000000000e+00
2.540900000000368436e+03,0.000000000000000000e+00
2.541000000000368345e+03,0.000000000000000000e+00
2.541100000000368709e+03,0.000000000000000000e+00
2.541200000000368618e+03,0.000000000000000000e+00
2.541300000000368527e+03,0.000000000000000000e+00
2.541400000000368891e+03,0.000000000000000000e+00
2.541500000000368800e+03,0.000000000000000000e+00
2.541600000000368709e+03,0.000000000000000000e+00
2.541700000000368618e+03,0.000000000000000000e+00
2.541800000000368527e+03,0.000000000000000000e+00
2.541900000000368891e+03,0.000000000000000000e+00
2.542000000000368800e+03,0.000000000000000000e+00
2.542100000000368709e+03,0.000000000000000000e+00
2.542200000000369073e+03,0.000000000000000000e+00
2.542300000000368982e+03,0.000000000000000000e+00
2.542400000000368891e+03,0.000000000000000000e+00
2.542500000000368800e+03,0.000000000000000000e+00
2.542600000000368709e+03,0.000000000000000000e+00
2.542700000000369073e+03,0.000000000000000000e+00
2.542800000000368982e+03,0.000000000000000000e+00
2.542900000000368891e+03,0.000000000000000000e+00
2.543000000000369255e+03,0.000000000000000000e+00
2.543100000000369164e+03,0.000000000000000000e+00
2.543200000000369073e+03,0.000000000000000000e+00
2.543300000000368982e+03,0.000000000000000000e+00
2.543400000000368891e+03,0.000000000000000000e+00
2.543500000000369255e+03,0.000000000000000000e+00
2.543600000000369164e+03,0.000000000000000000e+00
2.543700000000369073e+03,0.000000000000000000e+00
2.543800000000369437e+03,0.000000000000000000e+00
2.543900000000369346e+03,0.000000000000000000e+00
2.544000000000369255e+03,0.000000000000000000e+00
2.544100000000369164e+03,0.000000000000000000e+00
2.544200000000369073e+03,0.000000000000000000e+00
2.544300000000369437e+03,0.000000000000000000e+00
2.544400000000369346e+03,0.000000000000000000e+00
2.544500000000369255e+03,0.000000000000000000e+00
2.544600000000369619e+03,0.000000000000000000e+00
2.544700000000369528e+03,0.000000000000000000e+00
2.544800000000369437e+03,0.000000000000000000e+00
2.544900000000369346e+03,0.000000000000000000e+00
2.545000000000369255e+03,0.000000000000000000e+00
2.545100000000369619e+03,0.000000000000000000e+00
2.545200000000369528e+03,0.000000000000000000e+00
2.545300000000369437e+03,0.000000000000000000e+00
2.545400000000369801e+03,0.000000000000000000e+00
2.545500000000369710e+03,0.000000000000000000e+00
2.545600000000369619e+03,0.000000000000000000e+00
2.545700000000369528e+03,0.000000000000000000e+00
2.545800000000369437e+03,0.000000000000000000e+00
2.545900000000369801e+03,0.000000000000000000e+00
2.546000000000369710e+03,0.000000000000000000e+00
2.546100000000369619e+03,0.000000000000000000e+00
2.546200000000369982e+03,0.000000000000000000e+00
2.546300000000369891e+03,0.000000000000000000e+00
2.546400000000369801e+03,0.000000000000000000e+00
2.546500000000369710e+03,0.000000000000000000e+00
2.546600000000369619e+03,0.000000000000000000e+00
2.546700000000369982e+03,0.000000000000000000e+00
2.546800000000369891e+03,0.000000000000000000e+00
2.546900000000369801e+03,0.000000000000000000e+00
2.547000000000370164e+03,0.000000000000000000e+00
2.547100000000370073e+03,0.000000000000000000e+00
2.547200000000369982e+03,0.000000000000000000e+00
2.547300000000369891e+03,0.000000000000000000e+00
2.547400000000369801e+03,0.000000000000000000e+00
2.547500000000370164e+03,0.000000000000000000e+00
2.547600000000370073e+03,0.000000000000000000e+00
2.547700000000369982e+03,0.000000000000000000e+00
2.547800000000370346e+03,0.000000000000000000e+00
2.547900000000370255e+03,0.000000000000000000e+00
2.548000000000370164e+03,0.000000000000000000e+00
2.548100000000370073e+03,0.000000000000000000e+00
2.548200000000369982e+03,0.000000000000000000e+00
2.548300000000370346e+03,0.000000000000000000e+00
2.548400000000370255e+03,0.000000000000000000e+00
2.548500000000370164e+03,0.000000000000000000e+00
2.548600000000370528e+03,0.000000000000000000e+00
2.548700000000370437e+03,0.000000000000000000e+00
2.548800000000370346e+03,0.000000000000000000e+00
2.548900000000370255e+03,0.000000000000000000e+00
2.549000000000370164e+03,0.000000000000000000e+00
2.549100000000370528e+03,0.000000000000000000e+00
2.549200000000370437e+03,0.000000000000000000e+00
2.549300000000370346e+03,0.000000000000000000e+00
2.549400000000370710e+03,0.000000000000000000e+00
2.549500000000370619e+03,0.000000000000000000e+00
2.549600000000370528e+03,0.000000000000000000e+00
2.549700000000370437e+03,0.000000000000000000e+00
2.549800000000370346e+03,0.000000000000000000e+00
2.549900000000370710e+03,0.000000000000000000e+00
