# wavelength (nm),transmission (I/F) 
9.200000000000000000e+02,0.000000000000000000e+00
9.201000000000000227e+02,0.000000000000000000e+00
9.202000000000000455e+02,0.000000000000000000e+00
9.203000000000000682e+02,0.000000000000000000e+00
9.204000000000000909e+02,0.000000000000000000e+00
9.205000000000001137e+02,0.000000000000000000e+00
9.206000000000001364e+02,0.000000000000000000e+00
9.207000000000001592e+02,0.000000000000000000e+00
9.208000000000001819e+02,0.000000000000000000e+00
9.209000000000002046e+02,0.000000000000000000e+00
9.210000000000002274e+02,0.000000000000000000e+00
9.211000000000002501e+02,0.000000000000000000e+00
9.212000000000002728e+02,0.000000000000000000e+00
9.213000000000002956e+02,0.000000000000000000e+00
9.214000000000003183e+02,0.000000000000000000e+00
9.215000000000003411e+02,0.000000000000000000e+00
9.216000000000003638e+02,0.000000000000000000e+00
9.217000000000003865e+02,0.000000000000000000e+00
9.218000000000004093e+02,0.000000000000000000e+00
9.219000000000004320e+02,0.000000000000000000e+00
9.220000000000004547e+02,0.000000000000000000e+00
9.221000000000004775e+02,0.000000000000000000e+00
9.222000000000005002e+02,0.000000000000000000e+00
9.223000000000005230e+02,0.000000000000000000e+00
9.224000000000005457e+02,0.000000000000000000e+00
9.225000000000005684e+02,0.000000000000000000e+00
9.226000000000005912e+02,0.000000000000000000e+00
9.227000000000006139e+02,0.000000000000000000e+00
9.228000000000006366e+02,0.000000000000000000e+00
9.229000000000006594e+02,0.000000000000000000e+00
9.230000000000006821e+02,0.000000000000000000e+00
9.231000000000007049e+02,0.000000000000000000e+00
9.232000000000007276e+02,0.000000000000000000e+00
9.233000000000007503e+02,0.000000000000000000e+00
9.234000000000007731e+02,0.000000000000000000e+00
9.235000000000007958e+02,0.000000000000000000e+00
9.236000000000008185e+02,0.000000000000000000e+00
9.237000000000008413e+02,0.000000000000000000e+00
9.238000000000008640e+02,0.000000000000000000e+00
9.239000000000008868e+02,0.000000000000000000e+00
9.240000000000009095e+02,0.000000000000000000e+00
9.241000000000009322e+02,0.000000000000000000e+00
9.242000000000009550e+02,0.000000000000000000e+00
9.243000000000009777e+02,0.000000000000000000e+00
9.244000000000010004e+02,0.000000000000000000e+00
9.245000000000010232e+02,0.000000000000000000e+00
9.246000000000010459e+02,0.000000000000000000e+00
9.247000000000010687e+02,0.000000000000000000e+00
9.248000000000010914e+02,0.000000000000000000e+00
9.249000000000011141e+02,0.000000000000000000e+00
9.250000000000011369e+02,0.000000000000000000e+00
9.251000000000011596e+02,0.000000000000000000e+00
9.252000000000011823e+02,0.000000000000000000e+00
9.253000000000012051e+02,0.000000000000000000e+00
9.254000000000012278e+02,0.000000000000000000e+00
9.255000000000012506e+02,0.000000000000000000e+00
9.256000000000012733e+02,0.000000000000000000e+00
9.257000000000012960e+02,0.000000000000000000e+00
9.258000000000013188e+02,0.000000000000000000e+00
9.259000000000013415e+02,0.000000000000000000e+00
9.260000000000013642e+02,0.000000000000000000e+00
9.261000000000013870e+02,0.000000000000000000e+00
9.262000000000014097e+02,0.000000000000000000e+00
9.263000000000014325e+02,0.000000000000000000e+00
9.264000000000014552e+02,0.000000000000000000e+00
9.265000000000014779e+02,0.000000000000000000e+00
9.266000000000015007e+02,0.000000000000000000e+00
9.267000000000015234e+02,0.000000000000000000e+00
9.268000000000015461e+02,0.000000000000000000e+00
9.269000000000015689e+02,0.000000000000000000e+00
9.270000000000015916e+02,0.000000000000000000e+00
9.271000000000016144e+02,0.000000000000000000e+00
9.272000000000016371e+02,0.000000000000000000e+00
9.273000000000016598e+02,0.000000000000000000e+00
9.274000000000016826e+02,0.000000000000000000e+00
9.275000000000017053e+02,0.000000000000000000e+00
9.276000000000017280e+02,0.000000000000000000e+00
9.277000000000017508e+02,0.000000000000000000e+00
9.278000000000017735e+02,0.000000000000000000e+00
9.279000000000017963e+02,0.000000000000000000e+00
9.280000000000018190e+02,0.000000000000000000e+00
9.281000000000018417e+02,0.000000000000000000e+00
9.282000000000018645e+02,0.000000000000000000e+00
9.283000000000018872e+02,0.000000000000000000e+00
9.284000000000019099e+02,0.000000000000000000e+00
9.285000000000019327e+02,0.000000000000000000e+00
9.286000000000019554e+02,0.000000000000000000e+00
9.287000000000019782e+02,0.000000000000000000e+00
9.288000000000020009e+02,0.000000000000000000e+00
9.289000000000020236e+02,0.000000000000000000e+00
9.290000000000020464e+02,0.000000000000000000e+00
9.291000000000020691e+02,0.000000000000000000e+00
9.292000000000020918e+02,0.000000000000000000e+00
9.293000000000021146e+02,0.000000000000000000e+00
9.294000000000021373e+02,0.000000000000000000e+00
9.295000000000021600e+02,0.000000000000000000e+00
9.296000000000021828e+02,0.000000000000000000e+00
9.297000000000022055e+02,0.000000000000000000e+00
9.298000000000022283e+02,0.000000000000000000e+00
9.299000000000022510e+02,0.000000000000000000e+00
9.300000000000022737e+02,0.000000000000000000e+00
9.301000000000022965e+02,0.000000000000000000e+00
9.302000000000023192e+02,0.000000000000000000e+00
9.303000000000023419e+02,0.000000000000000000e+00
9.304000000000023647e+02,0.000000000000000000e+00
9.305000000000023874e+02,0.000000000000000000e+00
9.306000000000024102e+02,0.000000000000000000e+00
9.307000000000024329e+02,0.000000000000000000e+00
9.308000000000024556e+02,0.000000000000000000e+00
9.309000000000024784e+02,0.000000000000000000e+00
9.310000000000025011e+02,0.000000000000000000e+00
9.311000000000025238e+02,0.000000000000000000e+00
9.312000000000025466e+02,0.000000000000000000e+00
9.313000000000025693e+02,0.000000000000000000e+00
9.314000000000025921e+02,0.000000000000000000e+00
9.315000000000026148e+02,0.000000000000000000e+00
9.316000000000026375e+02,0.000000000000000000e+00
9.317000000000026603e+02,0.000000000000000000e+00
9.318000000000026830e+02,0.000000000000000000e+00
9.319000000000027057e+02,0.000000000000000000e+00
9.320000000000027285e+02,0.000000000000000000e+00
9.321000000000027512e+02,0.000000000000000000e+00
9.322000000000027740e+02,0.000000000000000000e+00
9.323000000000027967e+02,0.000000000000000000e+00
9.324000000000028194e+02,0.000000000000000000e+00
9.325000000000028422e+02,0.000000000000000000e+00
9.326000000000028649e+02,0.000000000000000000e+00
9.327000000000028876e+02,0.000000000000000000e+00
9.328000000000029104e+02,0.000000000000000000e+00
9.329000000000029331e+02,0.000000000000000000e+00
9.330000000000029559e+02,0.000000000000000000e+00
9.331000000000029786e+02,0.000000000000000000e+00
9.332000000000030013e+02,0.000000000000000000e+00
9.333000000000030241e+02,0.000000000000000000e+00
9.334000000000030468e+02,0.000000000000000000e+00
9.335000000000030695e+02,0.000000000000000000e+00
9.336000000000030923e+02,0.000000000000000000e+00
9.337000000000031150e+02,0.000000000000000000e+00
9.338000000000031378e+02,0.000000000000000000e+00
9.339000000000031605e+02,0.000000000000000000e+00
9.340000000000031832e+02,0.000000000000000000e+00
9.341000000000032060e+02,0.000000000000000000e+00
9.342000000000032287e+02,0.000000000000000000e+00
9.343000000000032514e+02,0.000000000000000000e+00
9.344000000000032742e+02,0.000000000000000000e+00
9.345000000000032969e+02,0.000000000000000000e+00
9.346000000000033197e+02,0.000000000000000000e+00
9.347000000000033424e+02,0.000000000000000000e+00
9.348000000000033651e+02,0.000000000000000000e+00
9.349000000000033879e+02,0.000000000000000000e+00
9.350000000000034106e+02,0.000000000000000000e+00
9.351000000000034333e+02,0.000000000000000000e+00
9.352000000000034561e+02,0.000000000000000000e+00
9.353000000000034788e+02,0.000000000000000000e+00
9.354000000000035016e+02,0.000000000000000000e+00
9.355000000000035243e+02,0.000000000000000000e+00
9.356000000000035470e+02,0.000000000000000000e+00
9.357000000000035698e+02,0.000000000000000000e+00
9.358000000000035925e+02,0.000000000000000000e+00
9.359000000000036152e+02,0.000000000000000000e+00
9.360000000000036380e+02,0.000000000000000000e+00
9.361000000000036607e+02,0.000000000000000000e+00
9.362000000000036835e+02,0.000000000000000000e+00
9.363000000000037062e+02,0.000000000000000000e+00
9.364000000000037289e+02,0.000000000000000000e+00
9.365000000000037517e+02,0.000000000000000000e+00
9.366000000000037744e+02,0.000000000000000000e+00
9.367000000000037971e+02,0.000000000000000000e+00
9.368000000000038199e+02,0.000000000000000000e+00
9.369000000000038426e+02,0.000000000000000000e+00
9.370000000000038654e+02,0.000000000000000000e+00
9.371000000000038881e+02,0.000000000000000000e+00
9.372000000000039108e+02,0.000000000000000000e+00
9.373000000000039336e+02,0.000000000000000000e+00
9.374000000000039563e+02,0.000000000000000000e+00
9.375000000000039790e+02,0.000000000000000000e+00
9.376000000000040018e+02,0.000000000000000000e+00
9.377000000000040245e+02,0.000000000000000000e+00
9.378000000000040473e+02,0.000000000000000000e+00
9.379000000000040700e+02,0.000000000000000000e+00
9.380000000000040927e+02,0.000000000000000000e+00
9.381000000000041155e+02,0.000000000000000000e+00
9.382000000000041382e+02,0.000000000000000000e+00
9.383000000000041609e+02,0.000000000000000000e+00
9.384000000000041837e+02,0.000000000000000000e+00
9.385000000000042064e+02,0.000000000000000000e+00
9.386000000000042292e+02,0.000000000000000000e+00
9.387000000000042519e+02,0.000000000000000000e+00
9.388000000000042746e+02,0.000000000000000000e+00
9.389000000000042974e+02,0.000000000000000000e+00
9.390000000000043201e+02,0.000000000000000000e+00
9.391000000000043428e+02,0.000000000000000000e+00
9.392000000000043656e+02,0.000000000000000000e+00
9.393000000000043883e+02,0.000000000000000000e+00
9.394000000000044110e+02,0.000000000000000000e+00
9.395000000000044338e+02,0.000000000000000000e+00
9.396000000000044565e+02,0.000000000000000000e+00
9.397000000000044793e+02,0.000000000000000000e+00
9.398000000000045020e+02,0.000000000000000000e+00
9.399000000000045247e+02,0.000000000000000000e+00
9.400000000000045475e+02,0.000000000000000000e+00
9.401000000000045702e+02,0.000000000000000000e+00
9.402000000000045929e+02,0.000000000000000000e+00
9.403000000000046157e+02,0.000000000000000000e+00
9.404000000000046384e+02,0.000000000000000000e+00
9.405000000000046612e+02,0.000000000000000000e+00
9.406000000000046839e+02,0.000000000000000000e+00
9.407000000000047066e+02,0.000000000000000000e+00
9.408000000000047294e+02,0.000000000000000000e+00
9.409000000000047521e+02,0.000000000000000000e+00
9.410000000000047748e+02,0.000000000000000000e+00
9.411000000000047976e+02,0.000000000000000000e+00
9.412000000000048203e+02,0.000000000000000000e+00
9.413000000000048431e+02,0.000000000000000000e+00
9.414000000000048658e+02,0.000000000000000000e+00
9.415000000000048885e+02,0.000000000000000000e+00
9.416000000000049113e+02,0.000000000000000000e+00
9.417000000000049340e+02,0.000000000000000000e+00
9.418000000000049567e+02,0.000000000000000000e+00
9.419000000000049795e+02,0.000000000000000000e+00
9.420000000000050022e+02,0.000000000000000000e+00
9.421000000000050250e+02,0.000000000000000000e+00
9.422000000000050477e+02,0.000000000000000000e+00
9.423000000000050704e+02,0.000000000000000000e+00
9.424000000000050932e+02,0.000000000000000000e+00
9.425000000000051159e+02,0.000000000000000000e+00
9.426000000000051386e+02,0.000000000000000000e+00
9.427000000000051614e+02,0.000000000000000000e+00
9.428000000000051841e+02,0.000000000000000000e+00
9.429000000000052069e+02,0.000000000000000000e+00
9.430000000000052296e+02,0.000000000000000000e+00
9.431000000000052523e+02,0.000000000000000000e+00
9.432000000000052751e+02,0.000000000000000000e+00
9.433000000000052978e+02,0.000000000000000000e+00
9.434000000000053205e+02,0.000000000000000000e+00
9.435000000000053433e+02,0.000000000000000000e+00
9.436000000000053660e+02,0.000000000000000000e+00
9.437000000000053888e+02,0.000000000000000000e+00
9.438000000000054115e+02,0.000000000000000000e+00
9.439000000000054342e+02,0.000000000000000000e+00
9.440000000000054570e+02,0.000000000000000000e+00
9.441000000000054797e+02,0.000000000000000000e+00
9.442000000000055024e+02,0.000000000000000000e+00
9.443000000000055252e+02,0.000000000000000000e+00
9.444000000000055479e+02,0.000000000000000000e+00
9.445000000000055707e+02,0.000000000000000000e+00
9.446000000000055934e+02,0.000000000000000000e+00
9.447000000000056161e+02,0.000000000000000000e+00
9.448000000000056389e+02,0.000000000000000000e+00
9.449000000000056616e+02,0.000000000000000000e+00
9.450000000000056843e+02,0.000000000000000000e+00
9.451000000000057071e+02,0.000000000000000000e+00
9.452000000000057298e+02,0.000000000000000000e+00
9.453000000000057526e+02,0.000000000000000000e+00
9.454000000000057753e+02,0.000000000000000000e+00
9.455000000000057980e+02,0.000000000000000000e+00
9.456000000000058208e+02,0.000000000000000000e+00
9.457000000000058435e+02,0.000000000000000000e+00
9.458000000000058662e+02,0.000000000000000000e+00
9.459000000000058890e+02,0.000000000000000000e+00
9.460000000000059117e+02,0.000000000000000000e+00
9.461000000000059345e+02,0.000000000000000000e+00
9.462000000000059572e+02,0.000000000000000000e+00
9.463000000000059799e+02,0.000000000000000000e+00
9.464000000000060027e+02,0.000000000000000000e+00
9.465000000000060254e+02,0.000000000000000000e+00
9.466000000000060481e+02,0.000000000000000000e+00
9.467000000000060709e+02,0.000000000000000000e+00
9.468000000000060936e+02,0.000000000000000000e+00
9.469000000000061164e+02,0.000000000000000000e+00
9.470000000000061391e+02,0.000000000000000000e+00
9.471000000000061618e+02,0.000000000000000000e+00
9.472000000000061846e+02,0.000000000000000000e+00
9.473000000000062073e+02,0.000000000000000000e+00
9.474000000000062300e+02,0.000000000000000000e+00
9.475000000000062528e+02,0.000000000000000000e+00
9.476000000000062755e+02,0.000000000000000000e+00
9.477000000000062983e+02,0.000000000000000000e+00
9.478000000000063210e+02,0.000000000000000000e+00
9.479000000000063437e+02,0.000000000000000000e+00
9.480000000000063665e+02,0.000000000000000000e+00
9.481000000000063892e+02,0.000000000000000000e+00
9.482000000000064119e+02,0.000000000000000000e+00
9.483000000000064347e+02,0.000000000000000000e+00
9.484000000000064574e+02,0.000000000000000000e+00
9.485000000000064801e+02,0.000000000000000000e+00
9.486000000000065029e+02,0.000000000000000000e+00
9.487000000000065256e+02,0.000000000000000000e+00
9.488000000000065484e+02,0.000000000000000000e+00
9.489000000000065711e+02,0.000000000000000000e+00
9.490000000000065938e+02,0.000000000000000000e+00
9.491000000000066166e+02,0.000000000000000000e+00
9.492000000000066393e+02,0.000000000000000000e+00
9.493000000000066620e+02,0.000000000000000000e+00
9.494000000000066848e+02,0.000000000000000000e+00
9.495000000000067075e+02,0.000000000000000000e+00
9.496000000000067303e+02,0.000000000000000000e+00
9.497000000000067530e+02,0.000000000000000000e+00
9.498000000000067757e+02,0.000000000000000000e+00
9.499000000000067985e+02,0.000000000000000000e+00
9.500000000000068212e+02,0.000000000000000000e+00
9.501000000000068439e+02,0.000000000000000000e+00
9.502000000000068667e+02,0.000000000000000000e+00
9.503000000000068894e+02,0.000000000000000000e+00
9.504000000000069122e+02,0.000000000000000000e+00
9.505000000000069349e+02,0.000000000000000000e+00
9.506000000000069576e+02,0.000000000000000000e+00
9.507000000000069804e+02,0.000000000000000000e+00
9.508000000000070031e+02,0.000000000000000000e+00
9.509000000000070258e+02,0.000000000000000000e+00
9.510000000000070486e+02,0.000000000000000000e+00
9.511000000000070713e+02,0.000000000000000000e+00
9.512000000000070941e+02,0.000000000000000000e+00
9.513000000000071168e+02,0.000000000000000000e+00
9.514000000000071395e+02,0.000000000000000000e+00
9.515000000000071623e+02,0.000000000000000000e+00
9.516000000000071850e+02,0.000000000000000000e+00
9.517000000000072077e+02,0.000000000000000000e+00
9.518000000000072305e+02,0.000000000000000000e+00
9.519000000000072532e+02,0.000000000000000000e+00
9.520000000000072760e+02,0.000000000000000000e+00
9.521000000000072987e+02,0.000000000000000000e+00
9.522000000000073214e+02,0.000000000000000000e+00
9.523000000000073442e+02,0.000000000000000000e+00
9.524000000000073669e+02,0.000000000000000000e+00
9.525000000000073896e+02,0.000000000000000000e+00
9.526000000000074124e+02,0.000000000000000000e+00
9.527000000000074351e+02,0.000000000000000000e+00
9.528000000000074579e+02,0.000000000000000000e+00
9.529000000000074806e+02,0.000000000000000000e+00
9.530000000000075033e+02,0.000000000000000000e+00
9.531000000000075261e+02,0.000000000000000000e+00
9.532000000000075488e+02,0.000000000000000000e+00
9.533000000000075715e+02,0.000000000000000000e+00
9.534000000000075943e+02,0.000000000000000000e+00
9.535000000000076170e+02,0.000000000000000000e+00
9.536000000000076398e+02,0.000000000000000000e+00
9.537000000000076625e+02,0.000000000000000000e+00
9.538000000000076852e+02,0.000000000000000000e+00
9.539000000000077080e+02,0.000000000000000000e+00
9.540000000000077307e+02,0.000000000000000000e+00
9.541000000000077534e+02,0.000000000000000000e+00
9.542000000000077762e+02,0.000000000000000000e+00
9.543000000000077989e+02,0.000000000000000000e+00
9.544000000000078217e+02,0.000000000000000000e+00
9.545000000000078444e+02,0.000000000000000000e+00
9.546000000000078671e+02,0.000000000000000000e+00
9.547000000000078899e+02,0.000000000000000000e+00
9.548000000000079126e+02,0.000000000000000000e+00
9.549000000000079353e+02,0.000000000000000000e+00
9.550000000000079581e+02,4.464052271900595339e-14
9.551000000000079808e+02,5.679766302891928924e-04
9.552000000000080036e+02,1.150731998809576169e-03
9.553000000000080263e+02,1.747696847816254022e-03
9.554000000000080490e+02,2.358184866317168324e-03
9.555000000000080718e+02,2.982759756080607168e-03
9.556000000000080945e+02,3.621043352417773788e-03
9.557000000000081172e+02,4.273237665835306204e-03
9.558000000000081400e+02,4.939722957253016127e-03
9.559000000000081627e+02,5.620605741110634539e-03
9.560000000000081855e+02,6.315822773909067489e-03
9.561000000000082082e+02,6.617375902249466105e-03
9.562000000000082309e+02,6.924885343747457130e-03
9.563000000000082537e+02,7.238378268879915034e-03
9.564000000000082764e+02,7.557881929553833013e-03
9.565000000000082991e+02,7.883423659297754058e-03
9.566000000000083219e+02,8.215046272876801170e-03
9.567000000000083446e+02,8.552938865353236497e-03
9.568000000000083674e+02,8.896967430548690867e-03
9.569000000000083901e+02,9.247694920424327780e-03
9.570000000000084128e+02,9.605276784725943345e-03
9.571000000000084356e+02,9.978220151282961303e-03
9.572000000000084583e+02,1.035759556795833730e-02
9.573000000000084810e+02,1.074340735522498654e-02
9.574000000000085038e+02,1.113569614385430569e-02
9.575000000000085265e+02,1.153449695106033984e-02
9.576000000000085493e+02,1.193983729662990816e-02
9.577000000000085720e+02,1.235181494146302128e-02
9.578000000000085947e+02,1.277055691757290196e-02
9.579000000000086175e+02,1.319593728075143212e-02
9.580000000000086402e+02,1.362823973976844648e-02
9.581000000000086629e+02,1.408925181923812754e-02
9.582000000000086857e+02,1.455821743314804177e-02
9.583000000000087084e+02,1.503484332359720718e-02
9.584000000000087311e+02,1.551948208503137021e-02
9.585000000000087539e+02,1.603918477550221253e-02
9.586000000000087766e+02,1.653570732235575338e-02
9.587000000000087994e+02,1.704006104807989641e-02
9.588000000000088221e+02,1.755227807396826309e-02
9.589000000000088448e+02,1.807817602020884290e-02
9.590000000000088676e+02,1.861455484344505876e-02
9.591000000000088903e+02,1.911758351354908569e-02
9.592000000000089130e+02,1.963099741748007901e-02
9.593000000000089358e+02,2.015221418522857022e-02
9.594000000000089585e+02,2.068098081145955738e-02
9.595000000000089813e+02,2.121733322118495024e-02
9.596000000000090040e+02,2.176130745126796801e-02
9.597000000000090267e+02,2.231293965068905163e-02
9.598000000000090495e+02,2.287226608081237983e-02
9.599000000000090722e+02,2.343932311565257928e-02
9.600000000000090949e+02,2.401414724213978003e-02
9.601000000000091177e+02,2.456601754814617677e-02
9.602000000000091404e+02,2.512515807296525003e-02
9.603000000000091632e+02,2.569212303998945346e-02
9.604000000000091859e+02,2.626562763711687634e-02
9.605000000000092086e+02,2.684629879748955464e-02
9.606000000000092314e+02,2.743361399158351921e-02
9.607000000000092541e+02,2.802664424603306184e-02
9.608000000000092768e+02,2.862681735795168450e-02
9.609000000000092996e+02,2.931125279469824416e-02
9.610000000000093223e+02,2.992551726669740245e-02
9.611000000000093451e+02,3.044052331469594003e-02
9.612000000000093678e+02,3.096052200055899456e-02
9.613000000000093905e+02,3.148553398121095581e-02
9.614000000000094133e+02,3.201557996998076472e-02
9.615000000000094360e+02,3.254944024579487644e-02
9.616000000000094587e+02,3.308811619345390642e-02
9.617000000000094815e+02,3.363183982184819731e-02
9.618000000000095042e+02,3.418063139139614071e-02
9.619000000000095270e+02,3.473430070464742642e-02
9.620000000000095497e+02,3.529268481951376019e-02
9.621000000000095724e+02,3.575207340780083010e-02
9.622000000000095952e+02,3.621381626767394835e-02
9.623000000000096179e+02,3.667792075952604897e-02
9.624000000000096406e+02,3.714439426016020313e-02
9.625000000000096634e+02,3.761311632249311060e-02
9.626000000000096861e+02,3.808251310932049549e-02
9.627000000000097089e+02,3.855425676019148123e-02
9.628000000000097316e+02,3.902835441719656323e-02
9.629000000000097543e+02,3.950481323795370509e-02
9.630000000000097771e+02,3.998349644761736016e-02
9.631000000000097998e+02,4.029756459284090930e-02
9.632000000000098225e+02,4.061028363194856688e-02
9.633000000000098453e+02,4.092184700619063559e-02
9.634000000000098680e+02,4.123933498802446335e-02
9.635000000000098908e+02,4.157206157109559486e-02
9.636000000000099135e+02,4.188117501577677537e-02
9.637000000000099362e+02,4.218493519667855518e-02
9.638000000000099590e+02,4.248681111353793532e-02
9.639000000000099817e+02,4.279376691837818991e-02
9.640000000000100044e+02,4.310183168617155031e-02
9.641000000000100272e+02,4.326877367555915371e-02
9.642000000000100499e+02,4.343070195805125849e-02
9.643000000000100727e+02,4.358758631856134158e-02
9.644000000000100954e+02,4.373939643668533356e-02
9.645000000000101181e+02,4.388610188642873278e-02
9.646000000000101409e+02,4.402767213593378193e-02
9.647000000000101636e+02,4.416332417483546935e-02
9.648000000000101863e+02,4.429075257439363950e-02
9.649000000000102091e+02,4.441032931814665324e-02
9.650000000000102318e+02,4.452461739721318146e-02
9.651000000000102546e+02,4.444275268656945610e-02
9.652000000000102773e+02,4.435215509661698946e-02
9.653000000000103000e+02,4.425278986872631382e-02
9.654000000000103228e+02,4.414462216269648270e-02
9.655000000000103455e+02,4.402761705661593916e-02
9.656000000000103682e+02,4.390173954672339091e-02
9.657000000000103910e+02,4.376695454726845652e-02
9.658000000000104137e+02,4.362322689037220064e-02
9.659000000000104365e+02,4.346933015037912629e-02
9.660000000000104592e+02,4.330244782547467558e-02
9.661000000000104819e+02,4.300254677375869167e-02
9.662000000000105047e+02,4.269079860023396872e-02
9.663000000000105274e+02,4.248167185157327580e-02
9.664000000000105501e+02,4.214522463666720703e-02
9.665000000000105729e+02,4.179676952125380845e-02
9.666000000000105956e+02,4.143627885150279883e-02
9.667000000000106184e+02,4.106367619369332561e-02
9.668000000000106411e+02,4.067891486700745546e-02
9.669000000000106638e+02,4.028194807893345497e-02
9.670000000000106866e+02,3.987272892505515365e-02
9.671000000000107093e+02,3.937161738571508252e-02
9.672000000000107320e+02,3.885560472104361562e-02
9.673000000000107548e+02,3.832579972155095854e-02
9.674000000000107775e+02,3.778217530752349396e-02
9.675000000000108002e+02,3.722467927416319572e-02
9.676000000000108230e+02,3.665325928959762419e-02
9.677000000000108457e+02,3.606786289463800865e-02
9.678000000000108685e+02,3.546843750253736438e-02
9.679000000000108912e+02,3.485450833712269020e-02
9.680000000000109139e+02,3.422611166824570533e-02
9.681000000000109367e+02,3.374532393477391867e-02
9.682000000000109594e+02,3.325027823906590713e-02
9.683000000000109821e+02,3.274266136935884142e-02
9.684000000000110049e+02,3.222401143632142029e-02
9.685000000000110276e+02,3.169431260746065349e-02
9.686000000000110504e+02,3.115353932388524247e-02
9.687000000000110731e+02,3.060165853294910185e-02
9.688000000000110958e+02,3.008581766235665991e-02
9.689000000000111186e+02,2.951099769487835686e-02
9.690000000000111413e+02,2.892494205977543323e-02
9.691000000000111640e+02,2.999234418446357353e-02
9.692000000000111868e+02,3.107269338017251692e-02
9.693000000000112095e+02,3.216365289152094131e-02
9.694000000000112323e+02,3.326360922338596204e-02
9.695000000000112550e+02,3.437620692386650356e-02
9.696000000000112777e+02,3.550147850714947123e-02
9.697000000000113005e+02,3.663945654217617975e-02
9.698000000000113232e+02,3.779017365271452461e-02
9.699000000000113459e+02,3.895366251743119512e-02
9.700000000000113687e+02,4.012995586996161157e-02
9.701000000000113914e+02,4.129412835601921350e-02
9.702000000000114142e+02,4.246950211658400559e-02
9.703000000000114369e+02,4.365605491185012982e-02
9.704000000000114596e+02,4.485259396107717927e-02
9.705000000000114824e+02,4.604960503510144298e-02
9.706000000000115051e+02,4.725727363227075206e-02
9.707000000000115278e+02,4.847560980057370045e-02
9.708000000000115506e+02,4.970462358871843150e-02
9.709000000000115733e+02,5.094432504612698281e-02
9.710000000000115961e+02,5.219472422292393415e-02
9.711000000000116188e+02,5.339101669232748648e-02
9.712000000000116415e+02,5.459054847922647363e-02
9.713000000000116643e+02,5.579869631441399663e-02
9.714000000000116870e+02,5.701623949555751497e-02
9.715000000000117097e+02,5.824232165380524573e-02
9.716000000000117325e+02,5.947400523441988274e-02
9.717000000000117552e+02,6.071432171023393581e-02
9.718000000000117780e+02,6.196398652196979939e-02
9.719000000000118007e+02,6.322300036067232676e-02
9.720000000000118234e+02,6.449136391136169044e-02
9.721000000000118462e+02,6.560181527315944727e-02
9.722000000000118689e+02,6.671990947382336334e-02
9.723000000000118916e+02,6.784561251077422805e-02
9.724000000000119144e+02,6.897893321510160936e-02
9.725000000000119371e+02,7.011988042099080720e-02
9.726000000000119599e+02,7.126846296572035555e-02
9.727000000000119826e+02,7.242091273914245952e-02
9.728000000000120053e+02,7.357772373945671573e-02
9.729000000000120281e+02,7.474197216688931167e-02
9.730000000000120508e+02,7.591366463613995197e-02
9.731000000000120735e+02,7.684624613257914905e-02
9.732000000000120963e+02,7.778390559252661152e-02
9.733000000000121190e+02,7.872664421128809653e-02
9.734000000000121418e+02,7.967446318143056594e-02
9.735000000000121645e+02,8.062736369278075688e-02
9.736000000000121872e+02,8.158534693242491809e-02
9.737000000000122100e+02,8.254841408470703357e-02
9.738000000000122327e+02,8.351496947074069088e-02
9.739000000000122554e+02,8.448212394535623004e-02
9.740000000000122782e+02,8.545316706796982076e-02
9.741000000000123009e+02,8.604391240543868280e-02
9.742000000000123237e+02,8.663743474819038393e-02
9.743000000000123464e+02,8.723294497297631733e-02
9.744000000000123691e+02,8.783038586047471619e-02
9.745000000000123919e+02,8.842975673211311838e-02
9.746000000000124146e+02,8.903105690739575306e-02
9.747000000000124373e+02,8.963428570390478967e-02
9.748000000000124601e+02,9.023944243729982440e-02
9.749000000000124828e+02,9.084652642131932354e-02
9.750000000000125056e+02,9.144691349354423793e-02
9.751000000000125283e+02,9.169462826962698765e-02
9.752000000000125510e+02,9.194226781758096934e-02
9.753000000000125738e+02,9.218983202232690355e-02
9.754000000000125965e+02,9.243732076883288962e-02
9.755000000000126192e+02,9.268473394211527994e-02
9.756000000000126420e+02,9.293207142723841629e-02
9.757000000000126647e+02,9.317933310931438007e-02
9.758000000000126875e+02,9.342658814515210353e-02
9.759000000000127102e+02,9.367378772843068524e-02
9.760000000000127329e+02,9.392091163621553440e-02
9.761000000000127557e+02,9.373020696356093584e-02
9.762000000000127784e+02,9.353609508363606995e-02
9.763000000000128011e+02,9.334055335730306879e-02
9.764000000000128239e+02,9.314358177934511929e-02
9.765000000000128466e+02,9.294518034620900815e-02
9.766000000000128694e+02,9.274534905600610724e-02
9.767000000000128921e+02,9.254408790851217925e-02
9.768000000000129148e+02,9.234139690516866839e-02
9.769000000000129376e+02,9.213727604908297786e-02
9.770000000000129603e+02,9.193159015344036511e-02
9.771000000000129830e+02,9.133983267317574706e-02
9.772000000000130058e+02,9.074563653419127907e-02
9.773000000000130285e+02,9.014900406142883904e-02
9.774000000000130512e+02,8.954993758143293958e-02
9.775000000000130740e+02,8.894843942234977041e-02
9.776000000000130967e+02,8.834444152936390959e-02
9.777000000000131195e+02,8.773783555153873148e-02
9.778000000000131422e+02,8.712880838995147592e-02
9.779000000000131649e+02,8.651736239992512123e-02
9.780000000000131877e+02,8.590349993830169451e-02
9.781000000000132104e+02,8.496359178094051168e-02
9.782000000000132331e+02,8.402096293489266787e-02
9.783000000000132559e+02,8.307582678604201465e-02
9.784000000000132786e+02,8.212789937025077869e-02
9.785000000000133014e+02,8.117724510960937223e-02
9.786000000000133241e+02,8.022386280572917083e-02
9.787000000000133468e+02,7.926775126350187051e-02
9.788000000000133696e+02,7.830890929110352616e-02
9.789000000000133923e+02,7.734733569999829861e-02
9.790000000000134150e+02,7.638302930490682707e-02
9.791000000000134378e+02,7.515847292491618925e-02
9.792000000000134605e+02,7.393203370685982878e-02
9.793000000000134833e+02,7.270371444023292218e-02
9.794000000000135060e+02,7.147351791529035769e-02
9.795000000000135287e+02,7.024011209194763738e-02
9.796000000000135515e+02,6.900476112445946830e-02
9.797000000000135742e+02,6.776759194597467562e-02
9.798000000000135969e+02,6.652860750077907448e-02
9.799000000000136197e+02,6.528781073380576783e-02
9.800000000000136424e+02,6.402185009400292171e-02
9.801000000000136652e+02,6.263840138421315762e-02
9.802000000000136879e+02,6.125474011562317272e-02
9.803000000000137106e+02,5.987086807021761020e-02
9.804000000000137334e+02,5.848678702997418127e-02
9.805000000000137561e+02,5.710249877686163211e-02
9.806000000000137788e+02,5.572036904144837127e-02
9.807000000000138016e+02,5.433955191282143632e-02
9.808000000000138243e+02,5.295724194173565685e-02
9.809000000000138471e+02,5.157450445447532561e-02
9.810000000000138698e+02,5.019143056848077156e-02
9.811000000000138925e+02,4.949612722962206529e-02
9.812000000000139153e+02,4.880132633533650066e-02
9.813000000000139380e+02,4.810701539555854722e-02
9.814000000000139607e+02,4.741317585225558046e-02
9.815000000000139835e+02,4.671984172529500962e-02
9.816000000000140062e+02,4.602519250568645054e-02
9.817000000000140290e+02,4.533020703183161804e-02
9.818000000000140517e+02,4.463420875986868347e-02
9.819000000000140744e+02,4.393848769167844198e-02
9.820000000000140972e+02,4.324275777063450732e-02
9.821000000000141199e+02,4.439685342163168791e-02
9.822000000000141426e+02,4.554920657359172453e-02
9.823000000000141654e+02,4.669981829679236557e-02
9.824000000000141881e+02,4.784597002049433695e-02
9.825000000000142109e+02,4.898975545636481688e-02
9.826000000000142336e+02,5.013164845313412138e-02
9.827000000000142563e+02,5.127165036989413116e-02
9.828000000000142791e+02,5.240985722253554274e-02
9.829000000000143018e+02,5.354998093170528634e-02
9.830000000000143245e+02,5.468838458545813297e-02
9.831000000000143473e+02,5.582288916914648208e-02
9.832000000000143700e+02,5.697622650605776301e-02
9.833000000000143928e+02,5.813346725189336150e-02
9.834000000000144155e+02,5.928985493070272617e-02
9.835000000000144382e+02,6.044538914957166276e-02
9.836000000000144610e+02,6.160006951638280492e-02
9.837000000000144837e+02,6.275389563981523255e-02
9.838000000000145064e+02,6.390686712934463831e-02
9.839000000000145292e+02,6.505898359524342478e-02
9.840000000000145519e+02,6.621264141790877966e-02
9.841000000000145747e+02,6.727366305408047364e-02
9.842000000000145974e+02,6.833364526946200668e-02
9.843000000000146201e+02,6.939223122390829335e-02
9.844000000000146429e+02,7.044913956072376693e-02
9.845000000000146656e+02,7.150497922995407984e-02
9.846000000000146883e+02,7.255975041951071014e-02
9.847000000000147111e+02,7.361345331785490442e-02
9.848000000000147338e+02,7.466608811399672030e-02
9.849000000000147566e+02,7.571765499749465167e-02
9.850000000000147793e+02,7.676813292964926316e-02
9.851000000000148020e+02,7.764173779550599674e-02
9.852000000000148248e+02,7.851627765439150863e-02
9.853000000000148475e+02,7.938974951060068230e-02
9.854000000000148702e+02,8.026215355795546236e-02
9.855000000000148930e+02,8.113348999103511816e-02
9.856000000000149157e+02,8.200375900517564709e-02
9.857000000000149385e+02,8.287296079646928881e-02
9.858000000000149612e+02,8.374109556176353997e-02
9.859000000000149839e+02,8.460816349866120967e-02
9.860000000000150067e+02,8.547416480548442053e-02
9.861000000000150294e+02,8.610928119049246487e-02
9.862000000000150521e+02,8.674463017047973068e-02
9.863000000000150749e+02,8.738292476931566743e-02
9.864000000000150976e+02,8.802073688957066933e-02
9.865000000000151203e+02,8.865806639699286285e-02
9.866000000000151431e+02,8.929491315768242621e-02
9.867000000000151658e+02,8.993127703809150608e-02
9.868000000000151886e+02,9.056715790502417596e-02
9.869000000000152113e+02,9.120262472248562291e-02
9.870000000000152340e+02,9.183762750557988852e-02
9.871000000000152568e+02,9.216375129775278285e-02
9.872000000000152795e+02,9.248955890871143892e-02
9.873000000000153022e+02,9.281510486310827479e-02
9.874000000000153250e+02,9.313216507737286098e-02
9.875000000000153477e+02,9.344802342436350773e-02
9.876000000000153705e+02,9.376355454561208225e-02
9.877000000000153932e+02,9.407875839387223882e-02
9.878000000000154159e+02,9.439363492219851604e-02
9.879000000000154387e+02,9.470818408394564292e-02
9.880000000000154614e+02,9.499409803156773358e-02
9.881000000000154841e+02,9.490868220198732386e-02
9.882000000000155069e+02,9.482331486630191097e-02
9.883000000000155296e+02,9.473799602557644861e-02
9.884000000000155524e+02,9.465272568084195925e-02
9.885000000000155751e+02,9.456606129347445988e-02
9.886000000000155978e+02,9.447857615489838046e-02
9.887000000000156206e+02,9.439106310967329549e-02
9.888000000000156433e+02,9.430341131146670330e-02
9.889000000000156660e+02,9.421581196524474178e-02
9.890000000000156888e+02,9.412826506936892990e-02
9.891000000000157115e+02,9.370779000619866572e-02
9.892000000000157343e+02,9.328787048588789432e-02
9.893000000000157570e+02,9.286850627826566396e-02
9.894000000000157797e+02,9.244969715274066469e-02
9.895000000000158025e+02,9.203144287830185288e-02
9.896000000000158252e+02,9.161425206410227229e-02
9.897000000000158479e+02,9.119952961271332592e-02
9.898000000000158707e+02,9.078533984453052152e-02
9.899000000000158934e+02,9.037168256194606786e-02
9.900000000000159162e+02,8.995855756687859417e-02
9.901000000000159389e+02,8.920801275733106217e-02
9.902000000000159616e+02,8.845856968878976212e-02
9.903000000000159844e+02,8.771022762109997872e-02
9.904000000000160071e+02,8.696298581397421401e-02
9.905000000000160298e+02,8.621684352699372778e-02
9.906000000000160526e+02,8.547180001960784368e-02
9.907000000000160753e+02,8.472811514667846766e-02
9.908000000000160981e+02,8.398939143665845597e-02
9.909000000000161208e+02,8.325169279984695470e-02
9.910000000000161435e+02,8.251501861981737351e-02
9.911000000000161663e+02,8.148405329180054280e-02
9.912000000000161890e+02,8.046732862415915954e-02
9.913000000000162117e+02,7.946965449537650439e-02
9.914000000000162345e+02,7.847307142422020598e-02
9.915000000000162572e+02,7.747757883701418546e-02
9.916000000000162800e+02,7.648317616004737807e-02
9.917000000000163027e+02,7.548986281957446864e-02
9.918000000000163254e+02,7.449763824181655780e-02
9.919000000000163482e+02,7.350933162021891509e-02
9.920000000000163709e+02,7.252281429040585703e-02
9.921000000000163936e+02,7.138544338944201317e-02
9.922000000000164164e+02,7.024772294279674201e-02
9.923000000000164391e+02,6.910970376192564213e-02
9.924000000000164619e+02,6.797143110888236028e-02
9.925000000000164846e+02,6.683285039659209170e-02
9.926000000000165073e+02,6.569391594734784456e-02
9.927000000000165301e+02,6.455462831570230042e-02
9.928000000000165528e+02,6.341548487323961369e-02
9.929000000000165755e+02,6.227688871113117031e-02
9.930000000000165983e+02,6.113788981920614818e-02
9.931000000000166210e+02,5.986964289351554697e-02
9.932000000000166438e+02,5.860204778362334416e-02
9.933000000000166665e+02,5.733510481886287119e-02
9.934000000000166892e+02,5.606881432798275361e-02
9.935000000000167120e+02,5.480317663914684861e-02
9.936000000000167347e+02,5.353893819638507606e-02
9.937000000000167574e+02,5.227694977802422455e-02
9.938000000000167802e+02,5.101550145102124595e-02
9.939000000000168029e+02,4.975459359901838324e-02
9.940000000000168257e+02,4.849422660519885075e-02
9.941000000000168484e+02,4.750026072146028289e-02
9.942000000000168711e+02,4.650583586938883407e-02
9.943000000000168939e+02,4.551095294916925049e-02
9.944000000000169166e+02,4.451669904172665670e-02
9.945000000000169393e+02,4.352481033610868660e-02
9.946000000000169621e+02,4.253228692782083653e-02
9.947000000000169848e+02,4.153912954612444530e-02
9.948000000000170076e+02,4.054533892076457591e-02
9.949000000000170303e+02,3.955091578196914814e-02
9.950000000000170530e+02,3.855586086080054625e-02
9.951000000000170758e+02,3.962612725806000796e-02
9.952000000000170985e+02,4.069294465779016434e-02
9.953000000000171212e+02,4.174793934569671211e-02
9.954000000000171440e+02,4.280211785562818699e-02
9.955000000000171667e+02,4.385524249752466991e-02
9.956000000000171894e+02,4.490752394303498124e-02
9.957000000000172122e+02,4.595897535316854909e-02
9.958000000000172349e+02,4.700959614140001047e-02
9.959000000000172577e+02,4.805938572321499791e-02
9.960000000000172804e+02,4.910834351611582937e-02
9.961000000000173031e+02,5.019882670384846063e-02
9.962000000000173259e+02,5.128947481855319207e-02
9.963000000000173486e+02,5.238035121204978606e-02
9.964000000000173713e+02,5.347232860956458583e-02
9.965000000000173941e+02,5.456502429460216574e-02
9.966000000000174168e+02,5.565799726784090296e-02
9.967000000000174396e+02,5.675124577564736456e-02
9.968000000000174623e+02,5.784497023422921491e-02
9.969000000000174850e+02,5.894010327505624230e-02
9.970000000000175078e+02,6.003555658816122492e-02
9.971000000000175305e+02,6.108651665838463196e-02
9.972000000000175532e+02,6.213812289672866751e-02
9.973000000000175760e+02,6.319037380207291610e-02
9.974000000000175987e+02,6.424303610981274559e-02
9.975000000000176215e+02,6.529950166905323927e-02
9.976000000000176442e+02,6.636281180379444145e-02
9.977000000000176669e+02,6.742705274664391457e-02
9.978000000000176897e+02,6.849222340437774448e-02
9.979000000000177124e+02,6.955832268319248057e-02
9.980000000000177351e+02,7.062534948867656148e-02
9.981000000000177579e+02,7.152896048506658666e-02
9.982000000000177806e+02,7.243249157971749785e-02
9.983000000000178034e+02,7.333594057290739043e-02
9.984000000000178261e+02,7.423943530126725365e-02
9.985000000000178488e+02,7.514442086990914815e-02
9.986000000000178716e+02,7.604973784056813513e-02
9.987000000000178943e+02,7.695844726198060315e-02
9.988000000000179170e+02,7.786719557264622227e-02
9.989000000000179398e+02,7.877598062530627443e-02
9.990000000000179625e+02,7.968480027634082530e-02
9.991000000000179853e+02,8.044323728827681985e-02
9.992000000000180080e+02,8.120362745667740467e-02
9.993000000000180307e+02,8.196574111647174365e-02
9.994000000000180535e+02,8.272885794970434581e-02
9.995000000000180762e+02,8.349297733031911528e-02
9.996000000000180989e+02,8.425809863158453816e-02
9.997000000000181217e+02,8.502422122609350208e-02
9.998000000000181444e+02,8.579126767240978502e-02
9.999000000000181672e+02,8.655914199168399104e-02
1.000000000000018190e+03,8.732801130692267877e-02
1.000100000000018213e+03,8.779792315294608629e-02
1.000200000000018235e+03,8.826805946098376099e-02
1.000300000000018258e+03,8.873841902424606243e-02
1.000400000000018281e+03,8.920900063730044516e-02
1.000500000000018304e+03,8.967980309607126443e-02
1.000600000000018326e+03,9.015082519783861048e-02
1.000700000000018349e+03,9.062206574123760072e-02
1.000800000000018372e+03,9.109352352625821325e-02
1.000900000000018395e+03,9.156519735424420436e-02
1.001000000000018417e+03,9.203652635492227951e-02
1.001100000000018440e+03,9.221444523623646694e-02
1.001200000000018463e+03,9.239243104490758862e-02
1.001300000000018485e+03,9.257048350148447402e-02
1.001400000000018508e+03,9.274860232664981774e-02
1.001500000000018531e+03,9.292678724121899991e-02
1.001600000000018554e+03,9.310503796614107153e-02
1.001700000000018576e+03,9.327746177387137572e-02
1.001800000000018599e+03,9.344943264297347896e-02
1.001900000000018622e+03,9.362144199664260147e-02
1.002000000000018645e+03,9.379409381120949740e-02
1.002100000000018667e+03,9.364952364661298378e-02
1.002200000000018690e+03,9.350359171761878085e-02
1.002300000000018713e+03,9.335704614579502791e-02
1.002400000000018736e+03,9.321014719124426362e-02
1.002500000000018758e+03,9.309863416672617409e-02
1.002600000000018781e+03,9.299135328847434045e-02
1.002700000000018804e+03,9.288362026919744219e-02
1.002800000000018827e+03,9.277543510935175319e-02
1.002900000000018849e+03,9.266679780949815814e-02
1.003000000000018872e+03,9.255770837023587216e-02
1.003100000000018895e+03,9.210614517087567510e-02
1.003200000000018917e+03,9.165129398758831147e-02
1.003300000000018940e+03,9.119712263733996405e-02
1.003400000000018963e+03,9.074221890941733260e-02
1.003500000000018986e+03,9.028620493029117233e-02
1.003600000000019008e+03,8.982901938803986019e-02
1.003700000000019031e+03,8.937078104139446755e-02
1.003800000000019054e+03,8.891149030068809522e-02
1.003900000000019077e+03,8.845114757634128799e-02
1.004000000000019099e+03,8.798975327880546871e-02
1.004100000000019122e+03,8.723438668296848442e-02
1.004200000000019145e+03,8.647694452295356937e-02
1.004300000000019168e+03,8.571930485605906702e-02
1.004400000000019190e+03,8.496078493470274329e-02
1.004500000000019213e+03,8.420057445223197434e-02
1.004600000000019236e+03,8.343863768775260092e-02
1.004700000000019259e+03,8.267502620542513392e-02
1.004800000000019281e+03,8.190978046851325745e-02
1.004900000000019304e+03,8.114138062383886851e-02
1.005000000000019327e+03,8.037085530488090324e-02
1.005100000000019349e+03,7.936037631439381290e-02
1.005200000000019372e+03,7.834782152409466849e-02
1.005300000000019395e+03,7.733319210289282819e-02
1.005400000000019418e+03,7.631807781737566521e-02
1.005500000000019440e+03,7.530302700437503660e-02
1.005600000000019463e+03,7.428580389234203107e-02
1.005700000000019486e+03,7.325416536146113489e-02
1.005800000000019509e+03,7.221623024284824777e-02
1.005900000000019531e+03,7.117659473954589255e-02
1.006000000000019554e+03,7.013526117389268233e-02
1.006100000000019577e+03,6.893410121154798509e-02
1.006200000000019600e+03,6.773129702791760853e-02
1.006300000000019622e+03,6.652685207174093007e-02
1.006400000000019645e+03,6.532076978930814737e-02
1.006500000000019668e+03,6.411429010289995678e-02
1.006600000000019691e+03,6.290792753287295647e-02
1.006700000000019713e+03,6.169982274345222478e-02
1.006800000000019736e+03,6.048997890292114044e-02
1.006900000000019759e+03,5.927839917765930638e-02
1.007000000000019782e+03,5.806508673213287008e-02
1.007100000000019804e+03,5.680422966496261050e-02
1.007200000000019827e+03,5.554134885921068604e-02
1.007300000000019850e+03,5.428213879627687838e-02
1.007400000000019872e+03,5.302360498713275250e-02
1.007500000000019895e+03,5.176265096947906680e-02
1.007600000000019918e+03,5.049927834211207639e-02
1.007700000000019941e+03,4.923348870394231303e-02
1.007800000000019963e+03,4.796528365399395366e-02
1.007900000000019986e+03,4.669466479140479964e-02
1.008000000000020009e+03,4.542163371570538677e-02
1.008100000000020032e+03,4.554796295008218393e-02
1.008200000000020054e+03,4.567481126070528641e-02
1.008300000000020077e+03,4.580177606682601238e-02
1.008400000000020100e+03,4.592885722950353078e-02
1.008500000000020123e+03,4.605605460984739385e-02
1.008600000000020145e+03,4.618336806901722491e-02
1.008700000000020168e+03,4.631079746822295423e-02
1.008800000000020191e+03,4.643901219105807388e-02
1.008900000000020214e+03,4.656786843712992785e-02
1.009000000000020236e+03,4.669684681925799496e-02
1.009100000000020259e+03,4.787131709025283649e-02
1.009200000000020282e+03,4.904745660045258665e-02
1.009300000000020304e+03,5.022528681893146524e-02
1.009400000000020327e+03,5.140480599147892460e-02
1.009500000000020350e+03,5.258601236455136274e-02
1.009600000000020373e+03,5.376890418527181803e-02
1.009700000000020395e+03,5.495347970143037858e-02
1.009800000000020418e+03,5.613973716148377979e-02
1.009900000000020441e+03,5.732852298715887529e-02
1.010000000000020464e+03,5.852106952116841593e-02
1.010100000000020486e+03,5.969420173843053429e-02
1.010200000000020509e+03,6.086877316401458765e-02
1.010300000000020532e+03,6.204478241586718762e-02
1.010400000000020555e+03,6.322222811243857765e-02
1.010500000000020577e+03,6.440037042993128347e-02
1.010600000000020600e+03,6.557916237875599519e-02
1.010700000000020623e+03,6.675933202062833693e-02
1.010800000000020646e+03,6.794087786593554223e-02
1.010900000000020668e+03,6.912379842566436505e-02
1.011000000000020691e+03,7.030809221139024123e-02
1.011100000000020714e+03,7.144097808827534757e-02
1.011200000000020736e+03,7.257619653753095978e-02
1.011300000000020759e+03,7.371453524285744019e-02
1.011400000000020782e+03,7.485617480898974774e-02
1.011500000000020805e+03,7.600021397270069479e-02
1.011600000000020827e+03,7.714665398313937106e-02
1.011700000000020850e+03,7.829536187375656098e-02
1.011800000000020873e+03,7.944571800803060246e-02
1.011900000000020896e+03,8.059845295508090424e-02
1.012000000000020918e+03,8.175356788186712020e-02
1.012100000000020941e+03,8.269610496884553796e-02
1.012200000000020964e+03,8.363909857440487983e-02
1.012300000000020987e+03,8.458240199587006847e-02
1.012400000000021009e+03,8.552655633783150246e-02
1.012500000000021032e+03,8.647156070592902644e-02
1.012600000000021055e+03,8.741741420605157742e-02
1.012700000000021078e+03,8.836411594433810079e-02
1.012800000000021100e+03,8.931166502717745315e-02
1.012900000000021123e+03,9.026722510965261292e-02
1.013000000000021146e+03,9.123546624071909861e-02
1.013100000000021168e+03,9.199352270492913708e-02
1.013200000000021191e+03,9.275291170814706221e-02
1.013300000000021214e+03,9.351464456171761086e-02
1.013400000000021237e+03,9.427877981148811981e-02
1.013500000000021259e+03,9.504428344193481537e-02
1.013600000000021282e+03,9.581115629751547902e-02
1.013700000000021305e+03,9.657939922288941159e-02
1.013800000000021328e+03,9.734901306291694756e-02
1.013900000000021350e+03,9.811999866265963544e-02
1.014000000000021373e+03,9.889235686731469299e-02
1.014100000000021396e+03,9.935895389565083113e-02
1.014200000000021419e+03,9.982632993717588388e-02
1.014300000000021441e+03,1.002945864356446781e-01
1.014400000000021464e+03,1.007637514534149431e-01
1.014500000000021487e+03,1.012329335730995511e-01
1.014600000000021510e+03,1.017012113990010957e-01
1.014700000000021532e+03,1.021701984474392977e-01
1.014800000000021555e+03,1.026398952097159756e-01
1.014900000000021578e+03,1.031103021772956790e-01
1.015000000000021600e+03,1.035814198417287363e-01
1.015100000000021623e+03,1.036943341583107941e-01
1.015200000000021646e+03,1.038073232154998610e-01
1.015300000000021669e+03,1.039203870362979815e-01
1.015400000000021691e+03,1.040335256437103506e-01
1.015500000000021714e+03,1.041467390607443283e-01
1.015600000000021737e+03,1.042600273104103831e-01
1.015700000000021760e+03,1.043733904157215231e-01
1.015800000000021782e+03,1.044868283996931713e-01
1.015900000000021805e+03,1.046003412853439979e-01
1.016000000000021828e+03,1.047139290956080049e-01
1.016100000000021851e+03,1.044290504871098896e-01
1.016200000000021873e+03,1.041439809916809150e-01
1.016300000000021896e+03,1.038587206455223871e-01
1.016400000000021919e+03,1.035732694848371244e-01
1.016500000000021942e+03,1.032876275458281534e-01
1.016600000000021964e+03,1.030017948646989173e-01
1.016700000000021987e+03,1.027141717509225533e-01
1.016800000000022010e+03,1.024253685515121165e-01
1.016900000000022033e+03,1.021368359897136674e-01
1.017000000000022055e+03,1.018500273964286634e-01
1.017100000000022078e+03,1.012263484910562866e-01
1.017200000000022101e+03,1.006022065792129133e-01
1.017300000000022123e+03,9.997760167150562816e-02
1.017400000000022146e+03,9.935253377856327617e-02
1.017500000000022169e+03,9.872700291103599091e-02
1.017600000000022192e+03,9.810100907959566630e-02
1.017700000000022214e+03,9.747455229493545703e-02
1.017800000000022237e+03,9.684763256777009777e-02
1.017900000000022260e+03,9.622024990883620843e-02
1.018000000000022283e+03,9.559240432882731842e-02
1.018100000000022305e+03,9.467553622683931580e-02
1.018200000000022328e+03,9.375779416653920451e-02
1.018300000000022351e+03,9.283917768701396844e-02
1.018400000000022374e+03,9.191968632719994814e-02
1.018500000000022396e+03,9.099955571055344528e-02
1.018600000000022419e+03,9.008038737788086336e-02
1.018700000000022442e+03,8.916030029510049748e-02
1.018800000000022465e+03,8.823929393892994411e-02
1.018900000000022487e+03,8.731724895069116477e-02
1.019000000000022510e+03,8.639225459713885391e-02
1.019100000000022533e+03,8.520420238603203245e-02
1.019200000000022555e+03,8.401593307517175868e-02
1.019300000000022578e+03,8.282758799543976647e-02
1.019400000000022601e+03,8.164076472591880185e-02
1.019500000000022624e+03,8.045366993494715291e-02
1.019600000000022646e+03,7.926659981964262469e-02
1.019700000000022669e+03,7.807930033847616802e-02
1.019800000000022692e+03,7.689171926419761938e-02
1.019900000000022715e+03,7.570385670845601600e-02
1.020000000000022737e+03,7.451571278288600386e-02
1.020100000000022760e+03,7.318747833898806010e-02
1.020200000000022783e+03,7.186009616765116903e-02
1.020300000000022806e+03,7.053329560351075112e-02
1.020400000000022828e+03,6.920629447784210075e-02
1.020500000000022851e+03,6.787886234339536584e-02
1.020600000000022874e+03,6.655099923786952920e-02
1.020700000000022897e+03,6.522270519904287134e-02
1.020800000000022919e+03,6.389398026477292880e-02
1.020900000000022942e+03,6.256482447299661909e-02
1.021000000000022965e+03,6.123664441680928827e-02
1.021100000000022987e+03,5.986414894713056045e-02
1.021200000000023010e+03,5.849135225090697221e-02
1.021300000000023033e+03,5.711825433007231001e-02
1.021400000000023056e+03,5.574485518657727040e-02
1.021500000000023078e+03,5.437115482238936287e-02
1.021600000000023101e+03,5.299715323949247270e-02
1.021700000000023124e+03,5.162285043988766586e-02
1.021800000000023147e+03,5.025046489691558510e-02
1.021900000000023169e+03,4.887775079967229819e-02
1.022000000000023192e+03,4.750460868682759158e-02
1.022100000000023215e+03,4.786144054945712378e-02
1.022200000000023238e+03,4.821840611361095930e-02
1.022300000000023260e+03,4.857602220856221953e-02
1.022400000000023283e+03,4.893569467270525442e-02
1.022500000000023306e+03,4.929436919110328358e-02
1.022600000000023329e+03,4.965287693901505872e-02
1.022700000000023351e+03,5.001153239326683320e-02
1.022800000000023374e+03,5.037033554022003756e-02
1.022900000000023397e+03,5.072928636621414772e-02
1.023000000000023419e+03,5.108838485776393684e-02
1.023100000000023442e+03,5.228478355109590636e-02
1.023200000000023465e+03,5.348143163441600179e-02
1.023300000000023488e+03,5.467832906555691180e-02
1.023400000000023510e+03,5.587547580231152361e-02
1.023500000000023533e+03,5.707287180243249963e-02
1.023600000000023556e+03,5.827051702363215263e-02
1.023700000000023579e+03,5.946841142358288285e-02
1.023800000000023601e+03,6.066655495991662983e-02
1.023900000000023624e+03,6.186494759022530265e-02
1.024000000000023647e+03,6.306358927205463205e-02
1.024100000000023556e+03,6.423677239431709041e-02
1.024200000000023692e+03,6.540857325641018238e-02
1.024300000000023829e+03,6.657997296146982158e-02
1.024400000000023738e+03,6.775120422832528466e-02
1.024500000000023647e+03,6.892250264972822615e-02
1.024600000000023783e+03,7.009626428663982833e-02
1.024700000000023920e+03,7.127056796728233057e-02
1.024800000000023829e+03,7.244481848964011428e-02
1.024900000000023738e+03,7.361901564342304694e-02
1.025000000000023874e+03,7.479315921822493607e-02
1.025100000000024011e+03,7.588937990841476688e-02
1.025200000000023920e+03,7.698586205731791643e-02
1.025300000000023829e+03,7.808260526467591944e-02
1.025400000000023965e+03,7.917960913009157442e-02
1.025500000000024102e+03,8.027687325302375332e-02
1.025600000000024011e+03,8.137439723279280002e-02
1.025700000000023920e+03,8.247141552718481594e-02
1.025800000000024056e+03,8.356589745615866649e-02
1.025900000000024193e+03,8.466008798666960211e-02
1.026000000000024102e+03,8.575443191308985968e-02
1.026100000000024011e+03,8.667643983430176058e-02
1.026200000000024147e+03,8.759837043088358755e-02
1.026300000000024284e+03,8.852022339213080904e-02
1.026400000000024193e+03,8.944199840717789729e-02
1.026500000000024102e+03,9.036369516500124266e-02
1.026600000000024238e+03,9.128378813184312435e-02
1.026700000000024374e+03,9.220319212778831097e-02
1.026800000000024284e+03,9.312268908277830659e-02
1.026900000000024193e+03,9.404419238510056123e-02
1.027000000000024329e+03,9.496561946898722517e-02
1.027100000000024465e+03,9.564391261331814387e-02
1.027200000000024374e+03,9.632065148235985363e-02
1.027300000000024284e+03,9.699684115013441910e-02
1.027400000000024420e+03,9.767105584949230257e-02
1.027500000000024556e+03,9.834368534393704564e-02
1.027600000000024465e+03,9.901610724987092160e-02
1.027700000000024374e+03,9.968825532327853234e-02
1.027800000000024511e+03,1.003601158413854610e-01
1.027900000000024647e+03,1.010316886674394454e-01
1.028000000000024556e+03,1.017029736646197086e-01
1.028100000000024465e+03,1.020901839466267780e-01
1.028200000000024602e+03,1.024741908733935170e-01
1.028300000000024738e+03,1.028563739576217745e-01
1.028400000000024647e+03,1.032383780159517456e-01
1.028500000000024556e+03,1.036202029352742693e-01
1.028600000000024693e+03,1.040018486024509997e-01
1.028700000000024829e+03,1.043833149043134761e-01
1.028800000000024738e+03,1.047646017276640390e-01
1.028900000000024647e+03,1.051457089592787858e-01
1.029000000000024784e+03,1.055266364858184758e-01
1.029100000000024920e+03,1.055619307127714374e-01
1.029200000000024829e+03,1.055971633256847092e-01
1.029300000000024738e+03,1.056323343254407521e-01
1.029400000000024875e+03,1.056674799151264138e-01
1.029500000000025011e+03,1.057026287525354852e-01
1.029600000000024920e+03,1.057377160463151278e-01
1.029700000000024829e+03,1.057727417972104955e-01
1.029800000000024966e+03,1.058077060059767066e-01
1.029900000000025102e+03,1.058428554786011860e-01
1.030000000000025011e+03,1.058782385998779663e-01
1.030100000000024920e+03,1.055848885741811766e-01
1.030200000000025057e+03,1.052916745035733098e-01
1.030300000000025193e+03,1.049985964631765245e-01
1.030400000000025102e+03,1.047056545281304374e-01
1.030500000000025011e+03,1.044128487735905969e-01
1.030600000000025148e+03,1.041201792747298432e-01
1.030700000000025284e+03,1.038276461067399181e-01
1.030800000000025193e+03,1.035352493448300493e-01
1.030900000000025102e+03,1.032429890642251186e-01
1.031000000000025238e+03,1.029508653400730417e-01
1.031100000000025375e+03,1.022840990174863074e-01
1.031200000000025284e+03,1.016182119747010282e-01
1.031300000000025193e+03,1.009532037679900102e-01
1.031400000000025329e+03,1.002866509575784243e-01
1.031500000000025466e+03,9.962093693862567045e-02
1.031600000000025375e+03,9.895613343784973037e-02
1.031700000000025284e+03,9.829223994438060497e-02
1.031800000000025420e+03,9.762925594738215695e-02
1.031900000000025557e+03,9.696718093605374844e-02
1.032000000000025466e+03,9.630601439956640308e-02
1.032100000000025375e+03,9.540337491111137991e-02
1.032200000000025511e+03,9.450017149684285245e-02
1.032300000000025648e+03,9.359599723156124262e-02
1.032400000000025557e+03,9.269200292719259604e-02
1.032500000000025466e+03,9.178691175326184060e-02
1.032600000000025602e+03,9.088163383632584524e-02
1.032700000000025739e+03,8.997728899286151771e-02
1.032800000000025648e+03,8.907354880897933036e-02
1.032900000000025557e+03,8.817032528067218766e-02
1.033000000000025693e+03,8.726761862873004538e-02
1.033100000000025830e+03,8.608896722496170439e-02
1.033200000000025739e+03,8.491219071434061294e-02
1.033300000000025648e+03,8.373728766714079452e-02
1.033400000000025784e+03,8.256425665412817083e-02
1.033500000000025921e+03,8.139309624656530795e-02
1.033600000000025830e+03,8.022380501620711424e-02
1.033700000000025739e+03,7.905638153529398471e-02
1.033800000000025875e+03,7.789014497895190015e-02
1.033900000000026012e+03,7.672469900200379334e-02
1.034000000000025921e+03,7.556116989597480571e-02
1.034100000000025830e+03,7.429325617320187147e-02
1.034200000000025966e+03,7.302599232068729407e-02
1.034300000000026102e+03,7.175937862889900098e-02
1.034400000000026012e+03,7.049341538831999099e-02
1.034500000000025921e+03,6.922810288944243606e-02
1.034600000000026057e+03,6.796131108650114994e-02
1.034700000000026193e+03,6.669099041961919216e-02
1.034800000000026102e+03,6.542014645530634664e-02
1.034900000000026012e+03,6.415024984702842603e-02
1.035000000000026148e+03,6.288130062869357051e-02
1.035100000000026284e+03,6.153295837124161255e-02
1.035200000000026193e+03,6.018646494520202284e-02
1.035300000000026102e+03,5.884181908913586889e-02
1.035400000000026239e+03,5.749901954210653865e-02
1.035500000000026375e+03,5.615806504368586749e-02
1.035600000000026284e+03,5.481895433394797651e-02
1.035700000000026193e+03,5.348168615346259730e-02
1.035800000000026330e+03,5.214625924330148349e-02
1.035900000000026466e+03,5.081374715065367642e-02
1.036000000000026375e+03,4.948320227115633047e-02
1.036100000000026284e+03,4.910233195269716328e-02
1.036200000000026421e+03,4.872200210347171767e-02
1.036300000000026557e+03,4.834273161506546374e-02
1.036400000000026466e+03,4.796368863777882713e-02
1.036500000000026375e+03,4.758487318301936331e-02
1.036600000000026512e+03,4.720628526218064586e-02
1.036700000000026648e+03,4.682792488664348080e-02
1.036800000000026557e+03,4.644979206777422737e-02
1.036900000000026466e+03,4.607186649751188190e-02
1.037000000000026603e+03,4.569387297923768743e-02
1.037100000000026739e+03,4.678681142475808741e-02
1.037200000000026648e+03,4.787919316718539098e-02
1.037300000000026557e+03,4.897101801547323191e-02
1.037400000000026694e+03,5.006228577864409168e-02
1.037500000000026830e+03,5.115299626578478226e-02
1.037600000000026739e+03,5.224314928605076208e-02
1.037700000000026648e+03,5.333274464867163861e-02
1.037800000000026785e+03,5.442178216294602661e-02
1.037900000000026921e+03,5.551026163823640641e-02
1.038000000000026830e+03,5.659818288397450159e-02
1.038100000000026739e+03,5.768451577175050943e-02
1.038200000000026876e+03,5.877001993159670229e-02
1.038300000000027012e+03,5.985469555146226417e-02
1.038400000000026921e+03,6.093854281932505751e-02
1.038500000000026830e+03,6.202156192319713268e-02
1.038600000000026967e+03,6.310375305111901034e-02
1.038700000000027103e+03,6.418511639115552503e-02
1.038800000000027012e+03,6.526565213140027299e-02
1.038900000000026921e+03,6.634536045998068454e-02
1.039000000000027057e+03,6.742424156503970534e-02
1.039100000000027194e+03,6.845355657329167676e-02
1.039200000000027103e+03,6.948231644593895473e-02
1.039300000000027012e+03,7.051224521177908156e-02
1.039400000000027148e+03,7.154183429077698442e-02
1.039500000000027285e+03,7.257239785014103772e-02
1.039600000000027194e+03,7.360248862916723978e-02
1.039700000000027103e+03,7.463210637293844762e-02
1.039800000000027239e+03,7.566125082682349789e-02
1.039900000000027376e+03,7.668992173647277977e-02
1.040000000000027285e+03,7.771811884778820345e-02
1.040100000000027194e+03,7.861849075779103746e-02
1.040200000000027330e+03,7.951828754038370306e-02
1.040300000000027467e+03,8.041750935983696391e-02
1.040400000000027376e+03,8.131615638040137761e-02
1.040500000000027285e+03,8.221422876631050147e-02
1.040600000000027421e+03,8.311180970115307487e-02
1.040700000000027558e+03,8.400968070308975633e-02
1.040800000000027467e+03,8.490699778321988966e-02
1.040900000000027376e+03,8.580376108702818250e-02
1.041000000000027512e+03,8.670003503381737420e-02
1.041100000000027649e+03,8.744605736600756518e-02
1.041200000000027558e+03,8.819218511758970813e-02
1.041300000000027467e+03,8.893841812522886026e-02
1.041400000000027603e+03,8.968475622553435944e-02
1.041500000000027740e+03,9.043220861116210707e-02
1.041600000000027649e+03,9.118103440429925488e-02
1.041700000000027558e+03,9.193000201119759518e-02
1.041800000000027694e+03,9.267911127696581985e-02
1.041900000000027831e+03,9.343478454349636586e-02
1.042000000000027740e+03,9.419074479099366626e-02
1.042100000000027649e+03,9.470258732132888491e-02
1.042200000000027785e+03,9.521452890452156148e-02
1.042300000000027921e+03,9.572656950591393321e-02
1.042400000000027831e+03,9.623870909084425440e-02
1.042500000000027740e+03,9.675094762464853115e-02
1.042600000000027876e+03,9.726287817918884138e-02
1.042700000000028012e+03,9.777287877603922650e-02
1.042800000000027921e+03,9.828295278504294019e-02
1.042900000000027831e+03,9.879310016540750194e-02
1.043000000000027967e+03,9.930332087625270976e-02
1.043100000000028103e+03,9.949915890962852949e-02
1.043200000000028012e+03,9.969488282221401765e-02
1.043300000000027921e+03,9.989049264891936009e-02
1.043400000000028058e+03,1.000859884246500103e-01
1.043500000000028194e+03,1.002792506472790501e-01
1.043600000000028103e+03,1.004721968966207912e-01
1.043700000000028012e+03,1.006650201999883948e-01
1.043800000000028149e+03,1.008577206001468052e-01
1.043900000000028285e+03,1.010502981398516409e-01
1.044000000000028194e+03,1.012427528617690919e-01
1.044100000000028103e+03,1.011486352761538088e-01
1.044200000000028240e+03,1.010544990673883647e-01
1.044300000000028376e+03,1.009603214723578390e-01
1.044400000000028285e+03,1.008661622930447505e-01
1.044500000000028194e+03,1.007720215336950914e-01
1.044600000000028331e+03,1.006778991985537025e-01
1.044700000000028467e+03,1.005837952918659378e-01
1.044800000000028376e+03,1.004897098178768738e-01
1.044900000000028285e+03,1.003956427808310597e-01
1.045000000000028422e+03,1.003015941848987014e-01
1.045100000000028558e+03,9.994864124987286325e-02
1.045200000000028467e+03,9.959549004113493753e-02
1.045300000000028376e+03,9.924207225566376855e-02
1.045400000000028513e+03,9.888838779676663304e-02
1.045500000000028649e+03,9.853443656773841486e-02
1.045600000000028558e+03,9.818021847185987028e-02
1.045700000000028467e+03,9.782573341239622633e-02
1.045800000000028604e+03,9.747098129259872124e-02
1.045900000000028740e+03,9.711596201570588116e-02
1.046000000000028649e+03,9.676067548484884595e-02
1.046100000000028558e+03,9.607675342152711961e-02
1.046200000000028695e+03,9.539290789982834973e-02
1.046300000000028831e+03,9.470914964885703002e-02
1.046400000000028740e+03,9.402547870553880360e-02
1.046500000000028649e+03,9.334189510678476964e-02
1.046600000000028786e+03,9.265839888949357894e-02
1.046700000000028922e+03,9.197499009055509767e-02
1.046800000000028831e+03,9.129166874684734034e-02
1.046900000000028740e+03,9.060843489523302818e-02
1.047000000000028876e+03,8.992528857249726393e-02
1.047100000000029013e+03,8.901531754992869638e-02
1.047200000000028922e+03,8.810506032133880172e-02
1.047300000000028831e+03,8.719451689813999262e-02
1.047400000000028967e+03,8.628368729177414431e-02
1.047500000000029104e+03,8.537257151371838160e-02
1.047600000000029013e+03,8.446116957547926407e-02
1.047700000000028922e+03,8.354948148858952484e-02
1.047800000000029058e+03,8.263769091897581187e-02
1.047900000000029195e+03,8.172578418881268347e-02
1.048000000000029104e+03,8.081358340647139260e-02
1.048100000000029013e+03,7.971804942961265017e-02
1.048200000000029149e+03,7.862208804103683335e-02
1.048300000000029286e+03,7.752569925058926115e-02
1.048400000000029195e+03,7.642888306815122379e-02
1.048500000000029104e+03,7.533163950363359895e-02
1.048600000000029240e+03,7.423396856698306900e-02
1.048700000000029377e+03,7.313587026818597903e-02
1.048800000000029286e+03,7.203734461726458982e-02
1.048900000000029195e+03,7.093839162427076350e-02
1.049000000000029331e+03,6.983901129926016471e-02
1.049100000000029468e+03,6.863055039258017520e-02
1.049200000000029377e+03,6.742208992560784486e-02
1.049300000000029286e+03,6.621305960921665401e-02
1.049400000000029422e+03,6.500424598479710714e-02
1.049500000000029559e+03,6.379564894739228609e-02
1.049600000000029468e+03,6.258642158702992786e-02
1.049700000000029377e+03,6.137656378606037161e-02
1.049800000000029513e+03,6.016607542683483079e-02
1.049900000000029650e+03,5.895495639171034058e-02
1.050000000000029559e+03,5.774320656303803811e-02
1.050100000000029468e+03,5.650779875985331713e-02
1.050200000000029604e+03,5.527154660448266310e-02
1.050300000000029740e+03,5.403445001425901534e-02
1.050400000000029650e+03,5.279650890659901702e-02
1.050500000000029559e+03,5.155825151458236222e-02
1.050600000000029695e+03,5.032111305492418390e-02
1.050700000000029831e+03,4.908300637068616773e-02
1.050800000000029740e+03,4.784393125038301914e-02
1.050900000000029650e+03,4.660388748258670333e-02
1.051000000000029786e+03,4.536287485641525563e-02
1.051100000000029922e+03,4.574066006363840947e-02
1.051200000000029831e+03,4.611885436409354777e-02
1.051300000000029740e+03,4.649745799997528906e-02
1.051400000000029877e+03,4.687647121356370433e-02
1.051500000000030013e+03,4.725589424722231174e-02
1.051600000000029922e+03,4.763572734340010967e-02
1.051700000000029831e+03,4.801818218452005155e-02
1.051800000000029968e+03,4.840126189359986175e-02
1.051900000000030104e+03,4.878479029547728996e-02
1.052000000000030013e+03,4.916876769358545507e-02
1.052100000000029922e+03,5.028107915734766897e-02
1.052200000000030059e+03,5.139442775583439454e-02
1.052300000000030195e+03,5.251000683881592440e-02
1.052400000000030104e+03,5.362793273988852860e-02
1.052500000000030013e+03,5.474700027195070207e-02
1.052600000000030150e+03,5.586720999811720101e-02
1.052700000000030286e+03,5.698856248164455712e-02
1.052800000000030195e+03,5.811292320039188747e-02
1.052900000000030104e+03,5.923954500684078944e-02
1.053000000000030241e+03,6.036742303176566293e-02
1.053100000000030377e+03,6.149463036683835288e-02
1.053200000000030286e+03,6.262333369780108405e-02
1.053300000000030195e+03,6.375353422017306093e-02
1.053400000000030332e+03,6.488523313017142968e-02
1.053500000000030468e+03,6.601843162470652504e-02
1.053600000000030377e+03,6.715313090138749774e-02
1.053700000000030286e+03,6.828952608020208426e-02
1.053800000000030423e+03,6.942756424380522318e-02
1.053900000000030559e+03,7.056779340876620510e-02
1.054000000000030468e+03,7.171052970922789371e-02
1.054100000000030377e+03,7.278268293233416952e-02
1.054200000000030514e+03,7.385619931268160021e-02
1.054300000000030650e+03,7.493107985531585746e-02
1.054400000000030559e+03,7.600732556581923927e-02
1.054500000000030468e+03,7.708505087688896640e-02
1.054600000000030604e+03,7.816436807866723735e-02
1.054700000000030741e+03,7.924599578957830515e-02
1.054800000000030650e+03,8.033018417735128536e-02
1.054900000000030559e+03,8.141580882659509022e-02
1.055000000000030695e+03,8.250287087163193922e-02
1.055100000000030832e+03,8.345127583344436051e-02
1.055200000000030741e+03,8.440071776698036821e-02
1.055300000000030650e+03,8.535119727028929459e-02
1.055400000000030786e+03,8.630271494165074608e-02
1.055500000000030923e+03,8.725595128724511484e-02
1.055600000000030832e+03,8.821159030957897995e-02
1.055700000000030741e+03,8.916831330538410594e-02
1.055800000000030877e+03,9.012612094387910389e-02
1.055900000000031014e+03,9.108501389455916919e-02
1.056000000000030923e+03,9.204499282714730113e-02
1.056100000000030832e+03,9.283058146090240881e-02
1.056200000000030968e+03,9.361727947135541072e-02
1.056300000000031105e+03,9.440704196522606284e-02
1.056400000000031014e+03,9.520256732776948005e-02
1.056500000000030923e+03,9.599931417282482615e-02
1.056600000000031059e+03,9.679728366709733356e-02
1.056700000000031196e+03,9.759647697809518962e-02
1.056800000000031105e+03,9.839689527413508774e-02
1.056900000000031014e+03,9.919853972434501677e-02
1.057000000000031150e+03,1.000014114985704333e-01
1.057100000000031287e+03,1.005121067652278849e-01
1.057200000000031196e+03,1.010230995856299108e-01
1.057300000000031105e+03,1.015343898836922193e-01
1.057400000000031241e+03,1.020459775832336380e-01
1.057500000000031378e+03,1.025578626079753641e-01
1.057600000000031287e+03,1.030700448815411868e-01
1.057700000000031196e+03,1.035825243274613311e-01
1.057800000000031332e+03,1.040953008691692938e-01
1.057900000000031469e+03,1.046094445436125814e-01
1.058000000000031378e+03,1.051276670069151153e-01
1.058100000000031287e+03,1.054119115149289992e-01
1.058200000000031423e+03,1.056965364901373827e-01
1.058300000000031559e+03,1.059815422704957349e-01
1.058400000000031469e+03,1.062669291941641114e-01
1.058500000000031378e+03,1.065526975995080422e-01
1.058600000000031514e+03,1.068388478250982959e-01
1.058700000000031650e+03,1.071253802097089369e-01
1.058800000000031559e+03,1.074122950923188380e-01
1.058900000000031469e+03,1.076995928121134427e-01
1.059000000000031605e+03,1.079872737083836243e-01
1.059100000000031741e+03,1.079606157667043209e-01
1.059200000000031650e+03,1.079338410367297052e-01
1.059300000000031559e+03,1.079069493995072765e-01
1.059400000000031696e+03,1.078799407360152701e-01
1.059500000000031832e+03,1.078529115029055047e-01
1.059600000000031741e+03,1.078165973217052181e-01
1.059700000000031650e+03,1.077799765016056732e-01
1.059800000000031787e+03,1.077432448473883281e-01
1.059900000000031923e+03,1.077064022679792288e-01
1.060000000000031832e+03,1.076694486721606059e-01
1.060100000000031741e+03,1.073046886153178475e-01
1.060200000000031878e+03,1.069395146467554819e-01
1.060300000000032014e+03,1.065739265756911053e-01
1.060400000000031923e+03,1.062079242113245919e-01
1.060500000000031832e+03,1.058415073628371367e-01
1.060600000000031969e+03,1.054746758393922262e-01
1.060700000000032105e+03,1.051038744717979062e-01
1.060800000000032014e+03,1.047310394012701401e-01
1.060900000000031923e+03,1.043578261439922494e-01
1.061000000000032060e+03,1.039842345642614657e-01
1.061100000000032196e+03,1.033213445102250660e-01
1.061200000000032105e+03,1.026555545233548278e-01
1.061300000000032014e+03,1.019890954382314668e-01
1.061400000000032151e+03,1.013219669806433298e-01
1.061500000000032287e+03,1.006541688763499809e-01
1.061600000000032196e+03,9.998570085107919003e-02
1.061700000000032105e+03,9.931656263052300593e-02
1.061800000000032242e+03,9.864577060760397476e-02
1.061900000000032378e+03,9.797280754984938334e-02
1.062000000000032287e+03,9.729703475283654757e-02
1.062100000000032196e+03,9.638818849199515260e-02
1.062200000000032333e+03,9.547813291548817860e-02
1.062300000000032469e+03,9.456686709416869951e-02
1.062400000000032378e+03,9.365439009838613660e-02
1.062500000000032287e+03,9.274070099798194244e-02
1.062600000000032423e+03,9.182579886229270960e-02
1.062700000000032560e+03,9.090968276015602700e-02
1.062800000000032469e+03,8.999030261576664025e-02
1.062900000000032378e+03,8.906945910961489021e-02
1.063000000000032514e+03,8.814553244685889577e-02
1.063100000000032651e+03,8.700896425409852808e-02
1.063200000000032560e+03,8.587151500578479868e-02
1.063300000000032469e+03,8.473318445277357169e-02
1.063400000000032605e+03,8.359397234590845716e-02
1.063500000000032742e+03,8.245387843602546007e-02
1.063600000000032651e+03,8.130934459538828596e-02
1.063700000000032560e+03,8.016385094297134861e-02
1.063800000000032696e+03,7.901758017298317338e-02
1.063900000000032833e+03,7.787053214342067042e-02
1.064000000000032742e+03,7.672270671226284755e-02
1.064100000000032651e+03,7.548103352586343906e-02
1.064200000000032787e+03,7.423823431645459880e-02
1.064300000000032924e+03,7.299370789286754868e-02
1.064400000000032833e+03,7.174745273715346650e-02
1.064500000000032742e+03,7.049946733034627433e-02
1.064600000000032878e+03,6.924975015246806476e-02
1.064700000000033015e+03,6.799829968253423562e-02
1.064800000000032924e+03,6.674511439854693973e-02
1.064900000000032833e+03,6.549019277748945045e-02
1.065000000000032969e+03,6.423353329531569789e-02
1.065100000000033106e+03,6.292922682207492679e-02
1.065200000000033015e+03,6.162108296718301487e-02
1.065300000000032924e+03,6.031133565525539225e-02
1.065400000000033060e+03,5.900034694444370592e-02
1.065500000000033197e+03,5.768811617339837661e-02
1.065600000000033106e+03,5.637464268053386102e-02
1.065700000000033015e+03,5.505992580402289949e-02
1.065800000000033151e+03,5.374396488180194914e-02
1.065900000000033288e+03,5.242675925157767175e-02
1.066000000000033197e+03,5.110830825129409477e-02
1.066100000000033106e+03,5.121521248178143720e-02
1.066200000000033242e+03,5.132219840329518140e-02
1.066300000000033378e+03,5.142962404620869676e-02
1.066400000000033288e+03,5.153805822497903311e-02
1.066500000000033197e+03,5.164663539000118736e-02
1.066600000000033333e+03,5.175529995197421240e-02
1.066700000000033469e+03,5.186405195782617383e-02
1.066800000000033378e+03,5.197289145450353920e-02
1.066900000000033288e+03,5.208181848897160821e-02
1.067000000000033424e+03,5.219083310857074859e-02
1.067100000000033560e+03,5.336798839300636171e-02
1.067200000000033469e+03,5.454625386675469173e-02
1.067300000000033378e+03,5.572563019409419033e-02
1.067400000000033515e+03,5.690611803959958609e-02
1.067500000000033651e+03,5.808771806813630562e-02
1.067600000000033560e+03,5.927043094486589975e-02
1.067700000000033469e+03,6.045425733525214979e-02
1.067800000000033606e+03,6.163919790505512780e-02
1.067900000000033742e+03,6.282525332032611043e-02
1.068000000000033651e+03,6.401242424740787029e-02
1.068100000000033560e+03,6.518467277846126673e-02
1.068200000000033697e+03,6.635744308098043276e-02
1.068300000000033833e+03,6.753073526957968642e-02
1.068400000000033742e+03,6.870568671393510740e-02
1.068500000000033651e+03,6.988164842353462858e-02
1.068600000000033788e+03,7.105818639831314176e-02
1.068700000000033924e+03,7.223530079017893846e-02
1.068800000000033833e+03,7.341299175106107133e-02
1.068900000000033742e+03,7.459125943291469718e-02
1.069000000000033879e+03,7.577010398769695732e-02
1.069100000000034015e+03,7.689399728938887957e-02
1.069200000000033924e+03,7.801851065452876377e-02
1.069300000000033833e+03,7.914364422627770401e-02
1.069400000000033970e+03,8.026939814776105908e-02
1.069500000000034106e+03,8.139577256206274869e-02
1.069600000000034015e+03,8.252276761223069357e-02
1.069700000000033924e+03,8.365038344128175596e-02
1.069800000000034061e+03,8.477862019219635503e-02
1.069900000000034197e+03,8.590747800791374844e-02
1.070000000000034106e+03,8.703695703129045447e-02
1.070100000000034015e+03,8.803111575637795339e-02
1.070200000000034152e+03,8.902545321645927157e-02
1.070300000000034288e+03,9.001996931070258001e-02
1.070400000000034197e+03,9.101466393820883960e-02
1.070500000000034106e+03,9.200953699801653340e-02
1.070600000000034242e+03,9.300458838909704540e-02
1.070700000000034379e+03,9.399981801034992812e-02
1.070800000000034288e+03,9.499390629721092549e-02
1.070900000000034197e+03,9.598727269581099064e-02
1.071000000000034333e+03,9.698077132792855271e-02
1.071100000000034470e+03,9.781657234355059516e-02
1.071200000000034379e+03,9.865284108399444141e-02
1.071300000000034288e+03,9.948957767655682016e-02
1.071400000000034424e+03,1.003267822485342103e-01
1.071500000000034561e+03,1.011644549272181365e-01
1.071600000000034470e+03,1.020039222185248617e-01
1.071700000000034379e+03,1.028449054661137729e-01
1.071800000000034515e+03,1.036863958052632040e-01
1.071900000000034652e+03,1.045283933964530759e-01
1.072000000000034561e+03,1.053663210828871960e-01
1.072100000000034470e+03,1.059701550174244472e-01
1.072200000000034606e+03,1.065742814551974837e-01
1.072300000000034743e+03,1.071787004759064410e-01
1.072400000000034652e+03,1.077847180618398126e-01
1.072500000000034561e+03,1.083922201556143522e-01
1.072600000000034697e+03,1.090000428897378026e-01
1.072700000000034834e+03,1.096081863641524684e-01
1.072800000000034743e+03,1.102166506788211098e-01
1.072900000000034652e+03,1.108254359337298711e-01
1.073000000000034788e+03,1.114345127169906191e-01
1.073100000000034925e+03,1.117503821999178693e-01
1.073200000000034834e+03,1.120663199827456741e-01
1.073300000000034743e+03,1.123823260622390519e-01
1.073400000000034879e+03,1.126984004351603008e-01
1.073500000000035016e+03,1.130145430982680416e-01
1.073600000000034925e+03,1.133307540483183412e-01
1.073700000000034834e+03,1.136470332820666701e-01
1.073800000000034970e+03,1.139647588935713968e-01
1.073900000000035106e+03,1.142831197988853076e-01
1.074000000000035016e+03,1.146003747373720849e-01
1.074100000000034925e+03,1.145804802848564008e-01
1.074200000000035061e+03,1.145605822717520733e-01
1.074300000000035197e+03,1.145406806996183691e-01
1.074400000000035106e+03,1.145207755700150404e-01
1.074500000000035016e+03,1.145008668845018257e-01
1.074600000000035152e+03,1.144809546446386717e-01
1.074700000000035288e+03,1.144610388519860106e-01
1.074800000000035197e+03,1.144400376490943005e-01
1.074900000000035106e+03,1.144174868789840926e-01
1.075000000000035243e+03,1.143949335565214026e-01
1.075100000000035379e+03,1.140837005955733785e-01
1.075200000000035288e+03,1.137724606078698297e-01
1.075300000000035197e+03,1.134612136286992229e-01
1.075400000000035334e+03,1.131499596933542157e-01
1.075500000000035470e+03,1.128386988371344879e-01
1.075600000000035379e+03,1.125264670521579358e-01
1.075700000000035288e+03,1.122126176705630640e-01
1.075800000000035425e+03,1.118987758128772853e-01
1.075900000000035561e+03,1.115849415145578061e-01
1.076000000000035470e+03,1.112711148109692266e-01
1.076100000000035379e+03,1.106915692884587604e-01
1.076200000000035516e+03,1.101116609181418127e-01
1.076300000000035652e+03,1.095313896841683399e-01
1.076400000000035561e+03,1.089507555708143227e-01
1.076500000000035470e+03,1.083677306254001160e-01
1.076600000000035607e+03,1.077837227836481032e-01
1.076700000000035743e+03,1.071994086851651706e-01
1.076800000000035652e+03,1.066147812663207767e-01
1.076900000000035561e+03,1.060303886018152397e-01
1.077000000000035698e+03,1.054460162317974598e-01
1.077100000000035834e+03,1.045834103997793363e-01
1.077200000000035743e+03,1.037204468201859964e-01
1.077300000000035652e+03,1.028571255618032781e-01
1.077400000000035789e+03,1.019934466935660394e-01
1.077500000000035925e+03,1.011294102845642362e-01
1.077600000000035834e+03,1.002661992745709219e-01
1.077700000000035743e+03,9.940388960794442619e-02
1.077800000000035880e+03,9.854117992676940385e-02
1.077900000000036016e+03,9.767807027430004674e-02
1.078000000000035925e+03,9.681456069385131757e-02
1.078100000000035834e+03,9.568199314664918576e-02
1.078200000000035971e+03,9.455005816025328913e-02
1.078300000000036107e+03,9.341875574114263947e-02
1.078400000000036016e+03,9.228808589570818011e-02
1.078500000000035925e+03,9.115804863024741522e-02
1.078600000000036061e+03,9.002864395096965566e-02
1.078700000000036198e+03,8.889987186400107044e-02
1.078800000000036107e+03,8.777129146345105659e-02
1.078900000000036016e+03,8.664179962342198615e-02
1.079000000000036152e+03,8.551299216937585657e-02
1.079100000000036289e+03,8.426531276356892530e-02
1.079200000000036198e+03,8.301741567424304746e-02
1.079300000000036107e+03,8.176930124988211757e-02
1.079400000000036243e+03,8.052096983918406725e-02
1.079500000000036380e+03,7.927242179106619435e-02
1.079600000000036289e+03,7.802365745465979219e-02
1.079700000000036198e+03,7.677467717930462621e-02
1.079800000000036334e+03,7.552548131455434632e-02
1.079900000000036471e+03,7.427775080894231940e-02
1.080000000000036380e+03,7.302989710874679963e-02
1.080100000000036289e+03,7.170653056547827975e-02
1.080200000000036425e+03,7.038282946646808036e-02
1.080300000000036562e+03,6.905879432833972320e-02
1.080400000000036471e+03,6.773442566819082300e-02
1.080500000000036380e+03,6.640972400358735594e-02
1.080600000000036516e+03,6.508468985257005734e-02
1.080700000000036653e+03,6.375932373366033357e-02
1.080800000000036562e+03,6.243362616585485664e-02
1.080900000000036471e+03,6.110759766861924985e-02
1.081000000000036607e+03,5.978123876190630237e-02
1.081100000000036744e+03,5.848708506523335460e-02
1.081200000000036653e+03,5.719371682419222697e-02
1.081300000000036562e+03,5.590315679537447707e-02
1.081400000000036698e+03,5.461299355701904057e-02
1.081500000000036835e+03,5.332322742997746418e-02
1.081600000000036744e+03,5.203385873515715271e-02
1.081700000000036653e+03,5.074488779351597756e-02
1.081800000000036789e+03,4.945631492606746005e-02
1.081900000000036925e+03,4.816814045388697479e-02
1.082000000000036835e+03,4.688050327885047441e-02
1.082100000000036744e+03,4.800169084571209027e-02
1.082200000000036880e+03,4.912389331217736910e-02
1.082300000000037016e+03,5.024636740491384562e-02
1.082400000000036925e+03,5.136911268278177012e-02
1.082500000000036835e+03,5.249212870411609777e-02
1.082600000000036971e+03,5.361541502672124287e-02
1.082700000000037107e+03,5.473897120786577752e-02
1.082800000000037016e+03,5.586279680428687250e-02
1.082900000000036925e+03,5.698689137219539042e-02
1.083000000000037062e+03,5.811125446727800209e-02
1.083100000000037198e+03,5.925710389564359942e-02
1.083200000000037107e+03,6.040275843056727018e-02
1.083300000000037016e+03,6.154692763657840932e-02
1.083400000000037153e+03,6.269095893270473785e-02
1.083500000000037289e+03,6.383485191135372661e-02
1.083600000000037198e+03,6.497860616468426054e-02
1.083700000000037107e+03,6.612222128461169024e-02
1.083800000000037244e+03,6.726569686280246818e-02
1.083900000000037380e+03,6.840903249066918046e-02
1.084000000000037289e+03,6.955222775936344137e-02
1.084100000000037198e+03,7.066434717073580285e-02
1.084200000000037335e+03,7.177599419254086788e-02
1.084300000000037471e+03,7.288716846516853087e-02
1.084400000000037380e+03,7.399641835212378282e-02
1.084500000000037289e+03,7.510477472258293707e-02
1.084600000000037426e+03,7.621260274173208282e-02
1.084700000000037562e+03,7.731990209032349459e-02
1.084800000000037471e+03,7.842667244912811253e-02
1.084900000000037380e+03,7.953291349894121842e-02
1.085000000000037517e+03,8.063862492055581810e-02
1.085100000000037653e+03,8.168551022676656670e-02
1.085200000000037562e+03,8.273237824559297182e-02
1.085300000000037471e+03,8.377955141811481432e-02
1.085400000000037608e+03,8.482667539328223039e-02
1.085500000000037744e+03,8.587593214798504293e-02
1.085600000000037653e+03,8.692726345281323597e-02
1.085700000000037562e+03,8.797864733897971246e-02
1.085800000000037699e+03,8.903008335257424355e-02
1.085900000000037835e+03,9.008157103930648779e-02
1.086000000000037744e+03,9.113310994445274205e-02
1.086100000000037653e+03,9.202769497081716987e-02
1.086200000000037790e+03,9.292183256496101829e-02
1.086300000000037926e+03,9.381552235885999569e-02
1.086400000000037835e+03,9.470876398453986766e-02
1.086500000000037744e+03,9.560155707408089787e-02
1.086600000000037880e+03,9.649446119783795794e-02
1.086700000000038017e+03,9.738875821574587144e-02
1.086800000000037926e+03,9.828264935414877945e-02
1.086900000000037835e+03,9.917613420887090581e-02
1.087000000000037971e+03,1.000692123756916213e-01
1.087100000000038108e+03,1.007948389481061330e-01
1.087200000000038017e+03,1.015203985759457889e-01
1.087300000000037926e+03,1.022459048163934237e-01
1.087400000000038062e+03,1.029713497781686027e-01
1.087500000000038199e+03,1.036967271788455797e-01
1.087600000000038108e+03,1.044220367184755527e-01
1.087700000000038017e+03,1.051472780969204684e-01
1.087800000000038153e+03,1.058699624916339260e-01
1.087900000000038290e+03,1.065924274420724099e-01
1.088000000000038199e+03,1.073147879212022759e-01
1.088100000000038108e+03,1.077899864398196572e-01
1.088200000000038244e+03,1.082649690602373177e-01
1.088300000000038381e+03,1.087397356207886051e-01
1.088400000000038290e+03,1.092142859598043136e-01
1.088500000000038199e+03,1.096867168976391888e-01
1.088600000000038335e+03,1.101583443102774340e-01
1.088700000000038472e+03,1.106297918496473159e-01
1.088800000000038381e+03,1.111010017974122105e-01
1.088900000000038290e+03,1.115719740076519667e-01
1.089000000000038426e+03,1.120427083343608216e-01
1.089100000000038563e+03,1.122618772682243832e-01
1.089200000000038472e+03,1.124809903926936167e-01
1.089300000000038381e+03,1.126963370040701823e-01
1.089400000000038517e+03,1.129101462904617825e-01
1.089500000000038654e+03,1.131238796403580410e-01
1.089600000000038563e+03,1.133375369756292467e-01
1.089700000000038472e+03,1.135511182181205003e-01
1.089800000000038608e+03,1.137646232896502158e-01
1.089900000000038744e+03,1.139780521120100504e-01
1.090000000000038654e+03,1.141914046068523564e-01
1.090100000000038563e+03,1.141157964128473729e-01
1.090200000000038699e+03,1.140410365380156443e-01
1.090300000000038835e+03,1.139662819489459383e-01
1.090400000000038744e+03,1.138915326601643158e-01
1.090500000000038654e+03,1.138168924445673580e-01
1.090600000000038790e+03,1.137422624494151685e-01
1.090700000000038926e+03,1.136676376552531592e-01
1.090800000000038835e+03,1.135930180766458186e-01
1.090900000000038744e+03,1.135184037281631309e-01
1.091000000000038881e+03,1.134437946242717182e-01
1.091100000000039017e+03,1.130903031733403591e-01
1.091200000000038926e+03,1.127392665841763786e-01
1.091300000000038835e+03,1.123882162598605350e-01
1.091400000000038972e+03,1.120371523334686287e-01
1.091500000000039108e+03,1.116860749381722584e-01
1.091600000000039017e+03,1.113349842072361845e-01
1.091700000000038926e+03,1.109838802740174685e-01
1.091800000000039063e+03,1.106327632719667359e-01
1.091900000000039199e+03,1.102816333346299804e-01
1.092000000000039108e+03,1.099304905955389849e-01
1.092100000000039017e+03,1.093038280320716704e-01
1.092200000000039154e+03,1.086771180084433047e-01
1.092300000000039290e+03,1.080525746707808321e-01
1.092400000000039199e+03,1.074285174929506675e-01
1.092500000000039108e+03,1.068058703104880214e-01
1.092600000000039245e+03,1.061841928623733777e-01
1.092700000000039381e+03,1.055624067056703946e-01
1.092800000000039290e+03,1.049405120414032416e-01
1.092900000000039199e+03,1.043185090708137475e-01
1.093000000000039336e+03,1.036963979952716802e-01
1.093100000000039472e+03,1.028405164361285429e-01
1.093200000000039381e+03,1.019842467591105528e-01
1.093300000000039290e+03,1.011263723837250161e-01
1.093400000000039427e+03,1.002683989713404611e-01
1.093500000000039563e+03,9.941114300375013257e-02
1.093600000000039472e+03,9.855349716569219987e-02
1.093700000000039381e+03,9.769548958047792608e-02
1.093800000000039518e+03,9.683710943264034476e-02
1.093900000000039654e+03,9.597833954188837724e-02
1.094000000000039563e+03,9.511918021566617698e-02
1.094100000000039472e+03,9.403084068173533927e-02
1.094200000000039608e+03,9.294157619176876550e-02
1.094300000000039745e+03,9.185251055117986396e-02
1.094400000000039654e+03,9.076364403704197115e-02
1.094500000000039563e+03,8.967377328753391164e-02
1.094600000000039699e+03,8.858097417604250678e-02
1.094700000000039836e+03,8.748848243849452477e-02
1.094800000000039745e+03,8.639629829911277259e-02
1.094900000000039654e+03,8.530442198215844318e-02
1.095000000000039790e+03,8.421285371189853042e-02
1.095100000000039927e+03,8.302571601287701830e-02
1.095200000000039836e+03,8.183766791350940983e-02
1.095300000000039745e+03,8.064870955878127023e-02
1.095400000000039881e+03,7.945884109440698451e-02
1.095500000000040018e+03,7.826806266683586366e-02
1.095600000000039927e+03,7.707637442324778709e-02
1.095700000000039836e+03,7.588263984092183390e-02
1.095800000000039972e+03,7.468903391781292478e-02
1.095900000000040109e+03,7.349452250575518042e-02
1.096000000000040018e+03,7.229910575193371214e-02
1.096100000000039927e+03,7.098261856627219313e-02
1.096200000000040063e+03,6.966702562097477902e-02
1.096300000000040200e+03,6.835232678816888230e-02
1.096400000000040109e+03,6.703852193990603170e-02
1.096500000000040018e+03,6.572561094815526639e-02
1.096600000000040154e+03,6.441359368480983894e-02
1.096700000000040291e+03,6.310247002169266928e-02
1.096800000000040200e+03,6.179008011090960512e-02
1.096900000000040109e+03,6.047782404992405741e-02
1.097000000000040245e+03,5.916658974171048330e-02
1.097100000000040382e+03,5.788764922135222063e-02
1.097200000000040291e+03,5.660867108354059735e-02
1.097300000000040200e+03,5.532923487147085179e-02
1.097400000000040336e+03,5.404895106716662428e-02
1.097500000000040473e+03,5.276868933557864877e-02
1.097600000000040382e+03,5.148844998863564421e-02
1.097700000000040291e+03,5.020823333838075886e-02
1.097800000000040427e+03,4.892803969697751693e-02
1.097900000000040563e+03,4.764837457144426719e-02
1.098000000000040473e+03,4.636935265243027210e-02
1.098100000000040382e+03,4.744149421397427652e-02
1.098200000000040518e+03,4.851275163301467519e-02
1.098300000000040654e+03,4.958390015987809707e-02
1.098400000000040563e+03,5.065496086947889748e-02
1.098500000000040473e+03,5.172593361463669048e-02
1.098600000000040609e+03,5.279681824812319790e-02
1.098700000000040745e+03,5.386761462265745454e-02
1.098800000000040654e+03,5.493832259091067233e-02
1.098900000000040563e+03,5.600861525732445112e-02
1.099000000000040700e+03,5.707782881445041395e-02
1.099100000000040836e+03,5.816430034944593958e-02
1.099200000000040745e+03,5.925012620490496124e-02
1.099300000000040654e+03,6.033530639536507922e-02
1.099400000000040791e+03,6.141984093543802897e-02
1.099500000000040927e+03,6.250372983980449770e-02
1.099600000000040836e+03,6.358697312321982820e-02
1.099700000000040745e+03,6.466954186179878217e-02
1.099800000000040882e+03,6.575143062238621161e-02
1.099900000000041018e+03,6.683267174028890978e-02
1.100000000000040927e+03,6.791326523242290081e-02
1.100100000000040836e+03,6.900663388538486043e-02
1.100200000000040973e+03,7.009876492734969100e-02
1.100300000000041109e+03,7.119088561758292466e-02
1.100400000000041018e+03,7.228321225576463116e-02
1.100500000000040927e+03,7.337634098125134230e-02
1.100600000000041064e+03,7.447250998008389522e-02
1.100700000000041200e+03,7.556898527440734925e-02
1.100800000000041109e+03,7.666576678222697394e-02
1.100900000000041018e+03,7.776285442146102511e-02
1.101000000000041155e+03,7.886024810990643896e-02
1.101100000000041291e+03,7.988434463539087482e-02
1.101200000000041200e+03,8.090850033596577728e-02
1.101300000000041109e+03,8.193060083613243338e-02
1.101400000000041246e+03,8.295269050028740432e-02
1.101500000000041382e+03,8.397478548927249375e-02
1.101600000000041291e+03,8.499688556568765763e-02
1.101700000000041200e+03,8.601891636977319899e-02
1.101800000000041337e+03,8.703954998752425065e-02
1.101900000000041473e+03,8.806015337562535239e-02
1.102000000000041382e+03,8.908072629749030913e-02
1.102100000000041291e+03,8.995424744036954745e-02
1.102200000000041427e+03,9.082739708702797232e-02
1.102300000000041564e+03,9.169998380912533498e-02
1.102400000000041473e+03,9.257123315341274361e-02
1.102500000000041382e+03,9.344026183218474835e-02
1.102600000000041518e+03,9.430861667467657639e-02
1.102700000000041655e+03,9.517629787175384271e-02
1.102800000000041564e+03,9.604330561432193603e-02
1.102900000000041473e+03,9.690950406311509002e-02
1.103000000000041609e+03,9.777291778337013350e-02
1.103100000000041746e+03,9.853942810057586543e-02
1.103200000000041655e+03,9.930637779663850639e-02
1.103300000000041564e+03,1.000737669649290756e-01
1.103400000000041700e+03,1.008416413802946665e-01
1.103500000000041837e+03,1.016100072321191872e-01
1.103600000000041746e+03,1.023788143056153371e-01
1.103700000000041655e+03,1.031481693871173222e-01
1.103800000000041791e+03,1.039226356315202660e-01
1.103900000000041928e+03,1.046976143869997600e-01
1.104000000000041837e+03,1.054731058136673810e-01
1.104100000000041746e+03,1.059983877927842544e-01
1.104200000000041882e+03,1.065236140755674993e-01
1.104300000000042019e+03,1.070487846363207540e-01
1.104400000000041928e+03,1.075738994493578848e-01
1.104500000000041837e+03,1.080989584890045541e-01
1.104600000000041973e+03,1.086215061414883415e-01
1.104700000000042110e+03,1.091459410720235224e-01
1.104800000000042019e+03,1.096709851027208860e-01
1.104900000000041928e+03,1.101959748964581737e-01
1.105000000000042064e+03,1.107209104278445017e-01
1.105100000000042201e+03,1.109904287084419738e-01
1.105200000000042110e+03,1.112598571422816346e-01
1.105300000000042019e+03,1.115290915930280263e-01
1.105400000000042155e+03,1.118006614901675688e-01
1.105500000000042292e+03,1.120722934669802495e-01
1.105600000000042201e+03,1.123438474340382048e-01
1.105700000000042110e+03,1.126153233741095661e-01
1.105800000000042246e+03,1.128854205354595935e-01
1.105900000000042382e+03,1.131539654001922357e-01
1.106000000000042292e+03,1.134224189441729591e-01
1.106100000000042201e+03,1.134844640856946946e-01
1.106200000000042337e+03,1.135489023368284056e-01
1.106300000000042473e+03,1.136136142456571768e-01
1.106400000000042382e+03,1.136783567028921554e-01
1.106500000000042292e+03,1.137431297203591180e-01
1.106600000000042428e+03,1.138079333098882262e-01
1.106700000000042564e+03,1.138727674833124731e-01
1.106800000000042473e+03,1.139376322524685153e-01
1.106900000000042382e+03,1.140030584734934710e-01
1.107000000000042519e+03,1.140685043458177506e-01
1.107100000000042655e+03,1.138483848873726445e-01
1.107200000000042564e+03,1.136280514998896374e-01
1.107300000000042473e+03,1.134075608493029519e-01
1.107400000000042610e+03,1.131869128883906256e-01
1.107500000000042746e+03,1.129661075699253947e-01
1.107600000000042655e+03,1.127451448466737782e-01
1.107700000000042564e+03,1.125240246713955922e-01
1.107800000000042701e+03,1.123027469968442688e-01
1.107900000000042837e+03,1.120813117757685218e-01
1.108000000000042746e+03,1.118597189607972997e-01
1.108100000000042655e+03,1.113697870761027192e-01
1.108200000000042792e+03,1.108792635877141886e-01
1.108300000000042928e+03,1.103883956490708668e-01
1.108400000000042837e+03,1.098971831185067971e-01
1.108500000000042746e+03,1.094056258543135984e-01
1.108600000000042883e+03,1.089137237147420473e-01
1.108700000000043019e+03,1.084214765580051310e-01
1.108800000000042928e+03,1.079288408314092729e-01
1.108900000000042837e+03,1.074358435283317564e-01
1.109000000000042974e+03,1.069424009004332488e-01
1.109100000000043110e+03,1.061770770629051480e-01
1.109200000000043019e+03,1.054115810148097410e-01
1.109300000000042928e+03,1.046459127731221572e-01
1.109400000000043065e+03,1.038800723548235494e-01
1.109500000000043201e+03,1.031140597769045208e-01
1.109600000000043110e+03,1.023478750563618367e-01
1.109700000000043019e+03,1.015815182101946074e-01
1.109800000000043156e+03,1.008149892554085630e-01
1.109900000000043292e+03,1.000482882090188291e-01
1.110000000000043201e+03,9.928141508797529158e-02
1.110100000000043110e+03,9.834928671253322097e-02
1.110200000000043246e+03,9.741449009230840339e-02
1.110300000000043383e+03,9.647801807998988843e-02
1.110400000000043292e+03,9.554051638837351978e-02
1.110500000000043201e+03,9.460198434534539125e-02
1.110600000000043337e+03,9.366241609485546904e-02
1.110700000000043474e+03,9.272173405247088884e-02
1.110800000000043383e+03,9.178002141456861884e-02
1.110900000000043292e+03,9.083727751074331669e-02
1.111000000000043428e+03,8.989210763665789194e-02
1.111100000000043565e+03,8.877779426717191669e-02
1.111200000000043474e+03,8.766256505198326276e-02
1.111300000000043383e+03,8.654641961606236722e-02
1.111400000000043519e+03,8.542964568158958882e-02
1.111500000000043656e+03,8.431579508152632629e-02
1.111600000000043565e+03,8.320091765583595422e-02
1.111700000000043474e+03,8.208501288621421199e-02
1.111800000000043610e+03,8.097044819034271423e-02
1.111900000000043747e+03,7.985612259969421256e-02
1.112000000000043656e+03,7.874066543800363471e-02
1.112100000000043565e+03,7.752732454495994685e-02
1.112200000000043701e+03,7.631277233219059541e-02
1.112300000000043838e+03,7.509700812996722430e-02
1.112400000000043747e+03,7.388003126832434764e-02
1.112500000000043656e+03,7.266184107705393747e-02
1.112600000000043792e+03,7.144249799055103767e-02
1.112700000000043929e+03,7.022234371409047382e-02
1.112800000000043838e+03,6.900095787026992722e-02
1.112900000000043747e+03,6.777833976486449807e-02
1.113000000000043883e+03,6.655448870337714318e-02
1.113100000000044020e+03,6.528512044799909819e-02
1.113200000000043929e+03,6.401509621020284868e-02
1.113300000000043838e+03,6.274441596560494105e-02
1.113400000000043974e+03,6.147307968988218602e-02
1.113500000000044110e+03,6.020108735877867379e-02
1.113600000000044020e+03,5.892843894809889072e-02
1.113700000000043929e+03,5.765513443370192531e-02
1.113800000000044065e+03,5.638117379150826836e-02
1.113900000000044201e+03,5.510655699750428849e-02
1.114000000000044110e+03,5.383128402826747178e-02
1.114100000000044020e+03,5.375745682656395824e-02
1.114200000000044156e+03,5.368352800063804636e-02
1.114300000000044292e+03,5.360949749162833428e-02
1.114400000000044201e+03,5.353538860660113363e-02
1.114500000000044110e+03,5.346123635672075242e-02
1.114600000000044247e+03,5.338698201883784744e-02
1.114700000000044383e+03,5.331262553357604683e-02
1.114800000000044292e+03,5.323816684154684259e-02
1.114900000000044201e+03,5.316360588334825138e-02
1.115000000000044338e+03,5.308835476151753385e-02
1.115100000000044474e+03,5.419895639098176038e-02
1.115200000000044383e+03,5.531030289681825030e-02
1.115300000000044292e+03,5.642239433908118745e-02
1.115400000000044429e+03,5.753523077767672134e-02
1.115500000000044565e+03,5.864881227235819311e-02
1.115600000000044474e+03,5.976313888273105529e-02
1.115700000000044383e+03,6.087821066825740979e-02
1.115800000000044520e+03,6.199339619773806820e-02
1.115900000000044656e+03,6.310849839612953094e-02
1.116000000000044565e+03,6.422528867295725086e-02
1.116100000000044474e+03,6.534302942674095893e-02
1.116200000000044611e+03,6.646114793990456904e-02
1.116300000000044747e+03,6.757964389253086346e-02
1.116400000000044656e+03,6.869864752066065505e-02
1.116500000000044565e+03,6.981803297396944885e-02
1.116600000000044702e+03,7.093796104163679894e-02
1.116700000000044838e+03,7.205831040497132078e-02
1.116800000000044747e+03,7.317904611928725822e-02
1.116900000000044656e+03,7.430016786961829434e-02
1.117000000000044793e+03,7.542167534091998027e-02
1.117100000000044929e+03,7.653931497233701364e-02
1.117200000000044838e+03,7.765820926375925637e-02
1.117300000000044747e+03,7.877835890516284023e-02
1.117400000000044884e+03,7.990043693203138786e-02
1.117500000000045020e+03,8.102496878794115953e-02
1.117600000000044929e+03,8.215080970677990369e-02
1.117700000000044838e+03,8.327796046696131493e-02
1.117800000000044975e+03,8.440642184711451279e-02
1.117900000000045111e+03,8.553619462607955914e-02
1.118000000000045020e+03,8.666727958287097355e-02
1.118100000000044929e+03,8.770889468360380803e-02
1.118200000000045065e+03,8.875154251602286604e-02
1.118300000000045202e+03,8.979522352209078073e-02
1.118400000000045111e+03,9.083993814384402898e-02
1.118500000000045020e+03,9.188568682339913474e-02
1.118600000000045156e+03,9.293247000294715954e-02
1.118700000000045293e+03,9.398028812474880367e-02
1.118800000000045202e+03,9.502914163114017931e-02
1.118900000000045111e+03,9.607903096453608571e-02
1.119000000000045247e+03,9.712931138691772992e-02
1.119100000000045384e+03,9.803934389975729746e-02
1.119200000000045293e+03,9.895010304059770334e-02
1.119300000000045202e+03,9.986158896441915678e-02
1.119400000000045338e+03,1.007738018261744861e-01
1.119500000000045475e+03,1.016867417807837959e-01
1.119600000000045384e+03,1.026004089831394767e-01
1.119700000000045293e+03,1.035145949110480718e-01
1.119800000000045429e+03,1.044288988289344272e-01
1.119900000000045566e+03,1.053421045883812385e-01
1.120000000000045475e+03,1.062559924031084152e-01
1.120100000000045384e+03,1.070032573200001141e-01
1.120200000000045520e+03,1.077512313294437390e-01
1.120300000000045657e+03,1.084999147486265386e-01
1.120400000000045566e+03,1.092493078948255647e-01
1.120500000000045475e+03,1.100016371071999705e-01
1.120600000000045611e+03,1.107551782601046558e-01
1.120700000000045748e+03,1.115094669182537523e-01
1.120800000000045657e+03,1.122645034515296070e-01
1.120900000000045566e+03,1.130202882299400080e-01
1.121000000000045702e+03,1.137768216235190560e-01
1.121100000000045839e+03,1.143271654786041092e-01
1.121200000000045748e+03,1.148781541098395642e-01
1.121300000000045657e+03,1.154297879610453742e-01
1.121400000000045793e+03,1.159820674762574444e-01
1.121500000000045929e+03,1.165349930997243572e-01
1.121600000000045839e+03,1.170885497934378294e-01
1.121700000000045748e+03,1.176426581767416185e-01
1.121800000000045884e+03,1.181974129580803390e-01
1.121900000000046020e+03,1.187528145807398711e-01
1.122000000000045929e+03,1.193088634881008941e-01
1.122100000000045839e+03,1.196056634333428348e-01
1.122200000000045975e+03,1.199027537670746268e-01
1.122300000000046111e+03,1.202001346528631942e-01
1.122400000000046020e+03,1.204978062543361900e-01
1.122500000000045929e+03,1.207957687351842724e-01
1.122600000000046066e+03,1.210940222591596199e-01
1.122700000000046202e+03,1.213925669900746962e-01
1.122800000000046111e+03,1.216914030918029577e-01
1.122900000000046020e+03,1.219905307282814488e-01
1.123000000000046157e+03,1.222902208997008050e-01
1.123100000000046293e+03,1.222715337693074389e-01
1.123200000000046202e+03,1.222528150786904716e-01
1.123300000000046111e+03,1.222340648372761684e-01
1.123400000000046248e+03,1.222152830544991214e-01
1.123500000000046384e+03,1.221964697398031235e-01
1.123600000000046293e+03,1.221776249026407662e-01
1.123700000000046202e+03,1.221587485524738420e-01
1.123800000000046339e+03,1.221398406987720120e-01
1.123900000000046475e+03,1.221209013510147351e-01
1.124000000000046384e+03,1.221019305185996606e-01
1.124100000000046293e+03,1.218880765995059845e-01
1.124200000000046430e+03,1.216737188762296029e-01
1.124300000000046566e+03,1.214588589270609031e-01
1.124400000000046475e+03,1.212435040596378660e-01
1.124500000000046384e+03,1.210276435462767641e-01
1.124600000000046521e+03,1.208112767865091447e-01
1.124700000000046657e+03,1.205944031793708265e-01
1.124800000000046566e+03,1.203770221233997351e-01
1.124900000000046475e+03,1.201591330166351390e-01
1.125000000000046612e+03,1.199386658261042266e-01
1.125100000000046748e+03,1.194134518900559494e-01
1.125200000000046657e+03,1.188875327302705009e-01
1.125300000000046566e+03,1.183609078771943185e-01
1.125400000000046703e+03,1.178335768610704742e-01
1.125500000000046839e+03,1.173055392119408957e-01
1.125600000000046748e+03,1.167768512300909056e-01
1.125700000000046657e+03,1.162475097464403806e-01
1.125800000000046794e+03,1.157174592050267958e-01
1.125900000000046930e+03,1.151866991330461054e-01
1.126000000000046839e+03,1.146552290573686628e-01
1.126100000000046748e+03,1.138682257174382234e-01
1.126200000000046884e+03,1.130818936763398341e-01
1.126300000000047021e+03,1.122946182827525147e-01
1.126400000000046930e+03,1.115063990046038095e-01
1.126500000000046839e+03,1.107172353096300271e-01
1.126600000000046975e+03,1.099271266653795431e-01
1.126700000000047112e+03,1.091360725392161724e-01
1.126800000000047021e+03,1.083440723983164072e-01
1.126900000000046930e+03,1.075511257096645745e-01
1.127000000000047066e+03,1.067572319399612418e-01
1.127100000000047203e+03,1.057585330703427889e-01
1.127200000000047112e+03,1.047585549406245126e-01
1.127300000000047021e+03,1.037572967044216171e-01
1.127400000000047157e+03,1.027547586502612770e-01
1.127500000000047294e+03,1.017510348934691639e-01
1.127600000000047203e+03,1.007460265674807454e-01
1.127700000000047112e+03,9.973973282067567780e-02
1.127800000000047248e+03,9.873215280104123692e-02
1.127900000000047385e+03,9.772328565617631468e-02
1.128000000000047294e+03,9.671313053320086672e-02
1.128100000000047203e+03,9.552002114361494989e-02
1.128200000000047339e+03,9.432606483111756479e-02
1.128300000000047476e+03,9.313126148918768332e-02
1.128400000000047385e+03,9.193755422828110702e-02
1.128500000000047294e+03,9.074325082163386957e-02
1.128600000000047430e+03,8.954804143515381065e-02
1.128700000000047567e+03,8.835024964445599427e-02
1.128800000000047476e+03,8.715124955082301228e-02
1.128900000000047385e+03,8.595139802901509418e-02
1.129000000000047521e+03,8.475069497311879529e-02
1.129100000000047658e+03,8.345251770967164473e-02
1.129200000000047567e+03,8.215348768643099264e-02
1.129300000000047476e+03,8.085360485235695838e-02
1.129400000000047612e+03,7.955286915645867762e-02
1.129500000000047748e+03,7.825128054780011722e-02
1.129600000000047658e+03,7.694883897549409379e-02
1.129700000000047567e+03,7.564554438869688924e-02
1.129800000000047703e+03,7.434139673661328829e-02
1.129900000000047839e+03,7.303639596850353133e-02
1.130000000000047748e+03,7.173054203367151826e-02
1.130100000000047658e+03,7.041326482278108256e-02
1.130200000000047794e+03,6.909449430052339025e-02
1.130300000000047930e+03,6.777424706150067535e-02
1.130400000000047839e+03,6.645250425121604354e-02
1.130500000000047748e+03,6.512926475118238634e-02
1.130600000000047885e+03,6.380452766406016774e-02
1.130700000000048021e+03,6.247829209216552993e-02
1.130800000000047930e+03,6.115055713746448546e-02
1.130900000000047839e+03,5.982132190156629059e-02
1.131000000000047976e+03,5.849058548632127957e-02
1.131100000000048112e+03,5.839223944714664466e-02
1.131200000000048021e+03,5.829381821095830363e-02
1.131300000000047930e+03,5.819532176514902871e-02
1.131400000000048067e+03,5.809675009711104399e-02
1.131500000000048203e+03,5.799810319423625432e-02
1.131600000000048112e+03,5.789938104391587764e-02
1.131700000000048021e+03,5.780064897193352286e-02
1.131800000000048158e+03,5.770459680743773856e-02
1.131900000000048294e+03,5.760845963795697966e-02
1.132000000000048203e+03,5.751220366275452273e-02
1.132100000000048112e+03,5.868823005057462183e-02
1.132200000000048249e+03,5.986526564434645203e-02
1.132300000000048385e+03,6.104331088209938305e-02
1.132400000000048294e+03,6.222236620198836471e-02
1.132500000000048203e+03,6.340243204229910334e-02
1.132600000000048340e+03,6.458350884144267723e-02
1.132700000000048476e+03,6.576559703795042955e-02
1.132800000000048385e+03,6.694869707047912399e-02
1.132900000000048294e+03,6.813280937781675262e-02
1.133000000000048431e+03,6.931789993659806526e-02
1.133100000000048567e+03,7.050932686716301911e-02
1.133200000000048476e+03,7.170151394991468308e-02
1.133300000000048385e+03,7.289446133699466202e-02
1.133400000000048522e+03,7.408816918054905720e-02
1.133500000000048658e+03,7.528263763272320663e-02
1.133600000000048567e+03,7.647786684566658388e-02
1.133700000000048476e+03,7.767385697153877944e-02
1.133800000000048612e+03,7.887060816250332507e-02
1.133900000000048749e+03,8.006812057072361377e-02
1.134000000000048658e+03,8.126639434835206122e-02
1.134100000000048567e+03,8.243539555743562008e-02
1.134200000000048703e+03,8.360517058664891643e-02
1.134300000000048840e+03,8.477571968182658069e-02
1.134400000000048749e+03,8.594704308883729937e-02
1.134500000000048658e+03,8.711914105358860294e-02
1.134600000000048794e+03,8.829201382202221671e-02
1.134700000000048931e+03,8.946566164010831546e-02
1.134800000000048840e+03,9.064008475385081087e-02
1.134900000000048749e+03,9.181528340929294429e-02
1.135000000000048885e+03,9.299125785247140674e-02
1.135100000000049022e+03,9.408590154657726912e-02
1.135200000000048931e+03,9.518305789877201661e-02
1.135300000000048840e+03,9.628085232919551817e-02
1.135400000000048976e+03,9.737935440448433622e-02
1.135500000000049113e+03,9.847856430463214350e-02
1.135600000000049022e+03,9.957848220960731356e-02
1.135700000000048931e+03,1.006791082993578612e-01
1.135800000000049067e+03,1.017804427538067796e-01
1.135900000000049204e+03,1.028847503830235405e-01
1.136000000000049113e+03,1.039923040528306780e-01
1.136100000000049022e+03,1.049356782330771731e-01
1.136200000000049158e+03,1.058790861984313103e-01
1.136300000000049295e+03,1.068225278203252526e-01
1.136400000000049204e+03,1.077660029701830585e-01
1.136500000000049113e+03,1.087095115194246647e-01
1.136600000000049249e+03,1.096530533394627221e-01
1.136700000000049386e+03,1.105966283016971835e-01
1.136800000000049295e+03,1.115402362775200912e-01
1.136900000000049204e+03,1.124838771383199487e-01
1.137000000000049340e+03,1.134275507554198953e-01
1.137100000000049477e+03,1.142546892885063503e-01
1.137200000000049386e+03,1.150826594765900351e-01
1.137300000000049295e+03,1.159114618724678414e-01
1.137400000000049431e+03,1.167410970292131062e-01
1.137500000000049567e+03,1.175715655001733223e-01
1.137600000000049477e+03,1.184028678389731914e-01
1.137700000000049386e+03,1.192350045995180796e-01
1.137800000000049522e+03,1.200679763359918939e-01
1.137900000000049658e+03,1.209017836028517257e-01
1.138000000000049567e+03,1.217364269547140387e-01
1.138100000000049477e+03,1.223319445401572225e-01
1.138200000000049613e+03,1.229278389001580568e-01
1.138300000000049749e+03,1.235242093483304021e-01
1.138400000000049658e+03,1.241213896220069168e-01
1.138500000000049567e+03,1.247189522262873995e-01
1.138600000000049704e+03,1.253168973131598141e-01
1.138700000000049840e+03,1.259152250346506352e-01
1.138800000000049749e+03,1.265139355428283874e-01
1.138900000000049658e+03,1.271130289898053656e-01
1.139000000000049795e+03,1.277125055276246424e-01
1.139100000000049931e+03,1.280901499617031758e-01
1.139200000000049840e+03,1.284701594878898401e-01
1.139300000000049749e+03,1.288505538621377566e-01
1.139400000000049886e+03,1.292313333668070330e-01
1.139500000000050022e+03,1.296124982844231444e-01
1.139600000000049931e+03,1.299938560500309426e-01
1.139700000000049840e+03,1.303726170492630065e-01
1.139800000000049977e+03,1.307517460500294826e-01
1.139900000000050113e+03,1.311312433104024067e-01
1.140000000000050022e+03,1.315111090884315270e-01
1.140100000000049931e+03,1.315533496488794085e-01
1.140200000000050068e+03,1.315955926171406554e-01
1.140300000000050204e+03,1.316376375282066746e-01
1.140400000000050113e+03,1.316794868126424933e-01
1.140500000000050022e+03,1.317213382495916740e-01
1.140600000000050159e+03,1.317631918377692724e-01
1.140700000000050295e+03,1.318042983008074209e-01
1.140800000000050204e+03,1.318406235564784090e-01
1.140900000000050113e+03,1.318762436293103579e-01
1.141000000000050250e+03,1.319118624872132606e-01
1.141100000000050386e+03,1.316838302861536025e-01
1.141200000000050295e+03,1.314557249831421748e-01
1.141300000000050204e+03,1.312275465734360769e-01
1.141400000000050341e+03,1.309992950522977651e-01
1.141500000000050477e+03,1.307684604047492372e-01
1.141600000000050386e+03,1.305280791264525064e-01
1.141700000000050295e+03,1.302876676013475510e-01
1.141800000000050431e+03,1.300472258399862635e-01
1.141900000000050568e+03,1.298035933866225344e-01
1.142000000000050477e+03,1.295567918354264825e-01
1.142100000000050386e+03,1.290268561168205208e-01
1.142200000000050522e+03,1.284989168818412575e-01
1.142300000000050659e+03,1.279704886622494708e-01
1.142400000000050568e+03,1.274396485555499003e-01
1.142500000000050477e+03,1.269088444423962514e-01
1.142600000000050613e+03,1.263780763349071634e-01
1.142700000000050750e+03,1.258473442452029134e-01
1.142800000000050659e+03,1.253166481854023906e-01
1.142900000000050568e+03,1.247859881676210564e-01
1.143000000000050704e+03,1.242553642038354000e-01
1.143100000000050841e+03,1.234536479316110796e-01
1.143200000000050750e+03,1.226497002894643695e-01
1.143300000000050659e+03,1.218459989809554667e-01
1.143400000000050795e+03,1.210425439932831526e-01
1.143500000000050932e+03,1.202393353136354121e-01
1.143600000000050841e+03,1.194363729291859771e-01
1.143700000000050750e+03,1.186336568270902891e-01
1.143800000000050886e+03,1.178311869944895368e-01
1.143900000000051023e+03,1.170289634185140148e-01
1.144000000000050932e+03,1.162269860861694648e-01
1.144100000000050841e+03,1.152086719345469801e-01
1.144200000000050977e+03,1.141878702456153721e-01
1.144300000000051114e+03,1.131671230771544578e-01
1.144400000000051023e+03,1.121465996717555674e-01
1.144500000000050932e+03,1.111263001416422369e-01
1.144600000000051068e+03,1.101062245990034744e-01
1.144700000000051205e+03,1.090863731559981176e-01
1.144800000000051114e+03,1.080667459247505319e-01
1.144900000000051023e+03,1.070473430173458501e-01
1.145000000000051159e+03,1.060281645457281791e-01
1.145100000000051296e+03,1.048020710369662323e-01
1.145200000000051205e+03,1.035769282834727439e-01
1.145300000000051114e+03,1.023543773050682448e-01
1.145400000000051250e+03,1.011334195156993743e-01
1.145500000000051386e+03,9.991338916704362028e-02
1.145600000000051296e+03,9.869648405365492871e-02
1.145700000000051205e+03,9.748041627653424024e-02
1.145800000000051341e+03,9.626518553062986261e-02
1.145900000000051477e+03,9.505079151095446877e-02
1.146000000000051386e+03,9.383723391251952428e-02
1.146100000000051296e+03,9.250968849928545290e-02
1.146200000000051432e+03,9.118290275958763902e-02
1.146300000000051568e+03,8.985687651806678611e-02
1.146400000000051477e+03,8.853196765711089655e-02
1.146500000000051386e+03,8.720521863356102410e-02
1.146600000000051523e+03,8.587929669425659052e-02
1.146700000000051659e+03,8.455420159480883657e-02
1.146800000000051568e+03,8.322993309085476021e-02
1.146900000000051477e+03,8.190649093805109360e-02
1.147000000000051614e+03,8.058387489206039755e-02
1.147100000000051750e+03,7.922380465709052966e-02
1.147200000000051659e+03,7.786391271910092504e-02
1.147300000000051568e+03,7.650419933394134175e-02
1.147400000000051705e+03,7.514466475743226959e-02
1.147500000000051841e+03,7.378530924537055058e-02
1.147600000000051750e+03,7.242613305352355035e-02
1.147700000000051659e+03,7.106713643762273269e-02
1.147800000000051796e+03,6.970831965336936331e-02
1.147900000000051932e+03,6.834968295644119896e-02
1.148000000000051841e+03,6.699261411580520464e-02
1.148100000000051750e+03,6.026592955639645255e-02
1.148200000000051887e+03,5.354531272503796485e-02
1.148300000000052023e+03,4.683080268969690152e-02
1.148400000000051932e+03,4.012239679799856767e-02
1.148500000000051841e+03,3.342009239806517651e-02
1.148600000000051978e+03,2.672388683854587735e-02
1.148700000000052114e+03,2.003337875588756534e-02
1.148800000000052023e+03,1.335049468271059733e-02
1.148900000000051932e+03,6.672808352933694113e-03
1.149000000000052069e+03,3.314854938449212552e-12
1.149100000000052205e+03,6.366177470674379453e-03
1.149200000000052114e+03,1.273205755543417236e-02
1.149300000000052023e+03,1.909763933194331964e-02
1.149400000000052160e+03,2.546292187427144291e-02
1.149500000000052296e+03,3.182790425617978286e-02
1.149600000000052205e+03,3.819330871523935605e-02
1.149700000000052114e+03,4.455883340436191109e-02
1.149800000000052250e+03,5.092501430756422170e-02
1.149900000000052387e+03,5.729199431166593498e-02
1.150000000000052296e+03,6.365927187045510027e-02
1.150100000000052205e+03,6.479049389033725292e-02
1.150200000000052341e+03,6.592120600212816872e-02
1.150300000000052478e+03,6.705140811991845695e-02
1.150400000000052387e+03,6.817987001081665666e-02
1.150500000000052296e+03,6.930743771832717504e-02
1.150600000000052432e+03,7.043444340003984783e-02
1.150700000000052569e+03,7.156088701135347729e-02
1.150800000000052478e+03,7.268676850770537656e-02
1.150900000000052387e+03,7.381208784457746197e-02
1.151000000000052523e+03,7.493684497748719087e-02
1.151100000000052660e+03,7.605465475304119816e-02
1.151200000000052569e+03,7.716918289660759656e-02
1.151300000000052478e+03,7.828208588277392466e-02
1.151400000000052614e+03,7.939425228234953114e-02
1.151500000000052751e+03,8.050448846042082551e-02
1.151600000000052660e+03,8.161378365036665861e-02
1.151700000000052569e+03,8.272230513417479225e-02
1.151800000000052705e+03,8.383005309173510722e-02
1.151900000000052842e+03,8.493702770291919335e-02
1.152000000000052751e+03,8.604742745810138593e-02
1.152100000000052660e+03,8.714631782470419474e-02
1.152200000000052796e+03,8.824544088448836587e-02
1.152300000000052933e+03,8.934479627725606943e-02
1.152400000000052842e+03,9.044438364247442408e-02
1.152500000000052751e+03,9.154420261927974367e-02
1.152600000000052887e+03,9.264425284647281877e-02
1.152700000000053024e+03,9.374453396251329618e-02
1.152800000000052933e+03,9.484358756679235614e-02
1.152900000000052842e+03,9.594210724476052998e-02
1.153000000000052978e+03,9.704080628298800137e-02
1.153100000000053114e+03,9.800203553405108237e-02
1.153200000000053024e+03,9.896415534969862926e-02
1.153300000000052933e+03,9.992625664635207405e-02
1.153400000000053069e+03,1.008876176386794138e-01
1.153500000000053205e+03,1.018482384476030872e-01
1.153600000000053114e+03,1.028051411922366737e-01
1.153700000000053024e+03,1.037594851288397568e-01
1.153800000000053160e+03,1.047130015399863195e-01
1.153900000000053296e+03,1.056656906587972317e-01
1.154000000000053205e+03,1.066175527183278599e-01
1.154100000000053114e+03,1.074550257215539095e-01
1.154200000000053251e+03,1.082920839696657894e-01
1.154300000000053387e+03,1.091298333650516511e-01
1.154400000000053296e+03,1.099672489029200617e-01
1.154500000000053205e+03,1.108032270020193749e-01
1.154600000000053342e+03,1.116387915132194680e-01
1.154700000000053478e+03,1.124739421809473339e-01
1.154800000000053387e+03,1.133086787497576686e-01
1.154900000000053296e+03,1.141430009643360916e-01
1.155000000000053433e+03,1.149769085694161003e-01
1.155100000000053569e+03,1.156619358145003496e-01
1.155200000000053478e+03,1.163454447507576012e-01
1.155300000000053387e+03,1.170276943710735207e-01
1.155400000000053524e+03,1.177094417046242736e-01
1.155500000000053660e+03,1.183882115578306637e-01
1.155600000000053569e+03,1.190668709364728073e-01
1.155700000000053478e+03,1.197454195568840307e-01
1.155800000000053615e+03,1.204238571352882203e-01
1.155900000000053751e+03,1.211021833877965054e-01
1.156000000000053660e+03,1.217803980302763905e-01
1.156100000000053569e+03,1.222092482493953303e-01
1.156200000000053706e+03,1.226377188459128464e-01
1.156300000000053842e+03,1.230658098554724411e-01
1.156400000000053751e+03,1.234935213137385024e-01
1.156500000000053660e+03,1.239208532563964571e-01
1.156600000000053797e+03,1.243607478442101677e-01
1.156700000000053933e+03,1.248025342264553611e-01
1.156800000000053842e+03,1.252454156158192278e-01
1.156900000000053751e+03,1.256895457875413236e-01
1.157000000000053888e+03,1.261334212943721333e-01
1.157100000000054024e+03,1.263596912619356361e-01
1.157200000000053933e+03,1.265858903200331453e-01
1.157300000000053842e+03,1.268120183697005743e-01
1.157400000000053979e+03,1.270380753119328410e-01
1.157500000000054115e+03,1.272640610476821477e-01
1.157600000000054024e+03,1.274912568200036456e-01
1.157700000000053933e+03,1.277218245715361633e-01
1.157800000000054069e+03,1.279536560626522990e-01
1.157900000000054206e+03,1.281854372265328612e-01
1.158000000000054115e+03,1.284171679532766785e-01
1.158100000000054024e+03,1.283708281330077361e-01
1.158200000000054160e+03,1.283244805399880450e-01
1.158300000000054297e+03,1.282781251772036890e-01
1.158400000000054206e+03,1.282352870804850387e-01
1.158500000000054115e+03,1.281977529145215677e-01
1.158600000000054251e+03,1.281602048629061075e-01
1.158700000000054388e+03,1.281226429267244282e-01
1.158800000000054297e+03,1.280850671070640767e-01
1.158900000000054206e+03,1.280476146214102884e-01
1.159000000000054342e+03,1.280102556520868184e-01
1.159100000000054479e+03,1.277106502815870404e-01
1.159200000000054388e+03,1.274079826769290991e-01
1.159300000000054297e+03,1.270998249477998665e-01
1.159400000000054433e+03,1.267918100732053355e-01
1.159500000000054570e+03,1.264839381411544672e-01
1.159600000000054479e+03,1.261762092396511159e-01
1.159700000000054388e+03,1.258686234566942785e-01
1.159800000000054524e+03,1.255611808802784002e-01
1.159900000000054661e+03,1.252538353097047696e-01
1.160000000000054570e+03,1.249436475531000568e-01
1.160100000000054479e+03,1.243805390286945173e-01
1.160200000000054615e+03,1.238177545726467099e-01
1.160300000000054752e+03,1.232552943580430826e-01
1.160400000000054661e+03,1.226931585579144612e-01
1.160500000000054570e+03,1.221313473452331905e-01
1.160600000000054706e+03,1.215698608929155627e-01
1.160700000000054843e+03,1.210086993738242883e-01
1.160800000000054752e+03,1.204494288975978267e-01
1.160900000000054661e+03,1.198944189398185589e-01
1.161000000000054797e+03,1.193396830438930301e-01
1.161100000000054933e+03,1.185693329305938376e-01
1.161200000000054843e+03,1.177984131521281896e-01
1.161300000000054752e+03,1.170276913825839676e-01
1.161400000000054888e+03,1.162571679844207617e-01
1.161500000000055024e+03,1.154868433202701494e-01
1.161600000000054933e+03,1.147173616552925185e-01
1.161700000000054843e+03,1.139500484081638759e-01
1.161800000000054979e+03,1.131828995466137022e-01
1.161900000000055115e+03,1.124159154493728496e-01
1.162000000000055024e+03,1.116490964952557424e-01
1.162100000000054933e+03,1.106670212922916119e-01
1.162200000000055070e+03,1.096817755471927031e-01
1.162300000000055206e+03,1.086927398995251315e-01
1.162400000000055115e+03,1.077053226426382682e-01
1.162500000000055024e+03,1.067223799671055268e-01
1.162600000000055161e+03,1.057399476419223494e-01
1.162700000000055297e+03,1.047580261073931401e-01
1.162800000000055206e+03,1.037766158037263242e-01
1.162900000000055115e+03,1.027957171710309897e-01
1.163000000000055252e+03,1.018153306492356469e-01
1.163100000000055388e+03,1.006837565156853687e-01
1.163200000000055297e+03,9.955222832599917859e-02
1.163300000000055206e+03,9.841925321812694527e-02
1.163400000000055343e+03,9.728668200345404193e-02
1.163500000000055479e+03,9.615459402048204263e-02
1.163600000000055388e+03,9.502278615327310052e-02
1.163700000000055297e+03,9.389137175370489141e-02
1.163800000000055434e+03,9.276044886218388907e-02
1.163900000000055570e+03,9.163001785293362067e-02
1.164000000000055479e+03,9.049981199215782757e-02
1.164100000000055388e+03,8.923878215024055871e-02
1.164200000000055525e+03,8.797892208532695490e-02
1.164300000000055661e+03,8.672023162298597709e-02
1.164400000000055570e+03,8.546271058869522874e-02
1.164500000000055479e+03,8.420635880783486349e-02
1.164600000000055616e+03,8.295117610569416322e-02
1.164700000000055752e+03,8.169716230747697816e-02
1.164800000000055661e+03,8.044431723829548186e-02
1.164900000000055570e+03,7.919264072316528624e-02
1.165000000000055707e+03,7.794213258698838576e-02
1.165100000000055843e+03,7.665273063568703305e-02
1.165200000000055752e+03,7.536407384801144249e-02
1.165300000000055661e+03,7.407616254147919577e-02
1.165400000000055797e+03,7.278899703362498586e-02
1.165500000000055934e+03,7.150257764200655675e-02
1.165600000000055843e+03,7.021673897079439008e-02
1.165700000000055752e+03,6.892865383839635873e-02
1.165800000000055888e+03,6.764143387030981114e-02
1.165900000000056025e+03,6.635507926507318299e-02
1.166000000000055934e+03,6.506959021826723422e-02
1.166100000000055843e+03,5.853405643812673725e-02
1.166200000000055979e+03,5.200487554746321267e-02
1.166300000000056116e+03,4.548204644309240818e-02
1.166400000000056025e+03,3.896555652796818842e-02
1.166500000000055934e+03,3.245468530006379720e-02
1.166600000000056070e+03,2.595046087684365482e-02
1.166700000000056207e+03,1.945209627793196422e-02
1.166800000000056116e+03,1.295985293879169283e-02
1.166900000000056025e+03,6.475822258594303091e-03
1.167000000000056161e+03,3.368497998200474729e-12
1.167100000000056298e+03,5.995892931464389189e-03
1.167200000000056207e+03,1.198777254899014745e-02
1.167300000000056116e+03,1.797483429804551044e-02
1.167400000000056252e+03,2.395731708085535594e-02
1.167500000000056389e+03,2.993523429302383937e-02
1.167600000000056298e+03,3.590858518750322803e-02
1.167700000000056207e+03,4.187736901775503118e-02
1.167800000000056343e+03,4.784152357376549036e-02
1.167900000000056480e+03,5.379985962786684034e-02
1.168000000000056389e+03,5.975333772108985808e-02
1.168100000000056298e+03,6.079177542238333593e-02
1.168200000000056434e+03,6.182927537664828499e-02
1.168300000000056571e+03,6.286601369034885978e-02
1.168400000000056480e+03,6.390199021733114493e-02
1.168500000000056389e+03,6.493720481161362190e-02
1.168600000000056525e+03,6.597165732738308197e-02
1.168700000000056662e+03,6.700534761898956082e-02
1.168800000000056571e+03,6.803827554095108476e-02
1.168900000000056480e+03,6.907044094795851408e-02
1.169000000000056616e+03,7.010184369485893130e-02
1.169100000000056752e+03,7.111188614503428929e-02
1.169200000000056662e+03,7.212052579130412422e-02
1.169300000000056571e+03,7.312776354692029912e-02
1.169400000000056707e+03,7.413360032477447903e-02
1.169500000000056843e+03,7.513803703739288520e-02
1.169600000000056752e+03,7.614107459694181845e-02
1.169700000000056662e+03,7.714119446787717771e-02
1.169800000000056798e+03,7.813962391287458675e-02
1.169900000000056934e+03,7.913661107786754134e-02
1.170000000000056843e+03,8.013215696750629335e-02
1.170100000000056752e+03,8.111627070850606358e-02
1.170200000000056889e+03,8.209979147327195470e-02
1.170300000000057025e+03,8.308249934702875705e-02
1.170400000000056934e+03,8.406439418900960026e-02
1.170500000000056843e+03,8.504547585894600692e-02
1.170600000000056980e+03,8.602574421706364605e-02
1.170700000000057116e+03,8.700514248804065709e-02
1.170800000000057025e+03,8.798367444754985611e-02
1.170900000000056934e+03,8.896139026326768673e-02
1.171000000000057071e+03,8.993828980038123810e-02
1.171100000000057207e+03,9.084056420660717446e-02
1.171200000000057116e+03,9.174251700188684744e-02
1.171300000000057025e+03,9.264545635068520413e-02
1.171400000000057162e+03,9.354764614202128181e-02
1.171500000000057298e+03,9.444908641555925521e-02
1.171600000000057207e+03,9.534977721101632608e-02
1.171700000000057116e+03,9.624971856816633142e-02
1.171800000000057253e+03,9.714891052683619077e-02
1.171900000000057389e+03,9.804735312690129878e-02
1.172000000000057298e+03,9.894504640823628683e-02
1.172100000000057207e+03,9.974755725736310363e-02
1.172200000000057344e+03,1.005496445180274895e-01
1.172300000000057480e+03,1.013513078616185142e-01
1.172400000000057389e+03,1.021594748073020448e-01
1.172500000000057298e+03,1.029678377901131064e-01
1.172600000000057435e+03,1.037758929769000693e-01
1.172700000000057571e+03,1.045836399613406520e-01
1.172800000000057480e+03,1.053909750750040286e-01
1.172900000000057389e+03,1.062013782700552134e-01
1.173000000000057526e+03,1.070129760795245216e-01
1.173100000000057662e+03,1.076643060190993623e-01
1.173200000000057571e+03,1.083159224592675218e-01
1.173300000000057480e+03,1.089683481765985479e-01
1.173400000000057616e+03,1.096204187941553915e-01
1.173500000000057753e+03,1.102703915130957280e-01
1.173600000000057662e+03,1.109190503508495906e-01
1.173700000000057571e+03,1.115707332395862589e-01
1.173800000000057707e+03,1.122237925350349080e-01
1.173900000000057844e+03,1.128765242433972943e-01
1.174000000000057753e+03,1.135289281747830087e-01
1.174100000000057662e+03,1.139760481024716110e-01
1.174200000000057798e+03,1.144226978756708035e-01
1.174300000000057935e+03,1.148688776862849120e-01
1.174400000000057844e+03,1.153145877261736590e-01
1.174500000000057753e+03,1.157648293915198301e-01
1.174600000000057889e+03,1.162176269062882433e-01
1.174700000000058026e+03,1.166700168049614739e-01
1.174800000000057935e+03,1.171219991865012355e-01
1.174900000000057844e+03,1.175735741498713377e-01
1.175000000000057980e+03,1.180247417939529753e-01
1.175100000000058117e+03,1.183340423855649970e-01
1.175200000000058026e+03,1.186433832128445665e-01
1.175300000000057935e+03,1.189543714398813429e-01
1.175400000000058071e+03,1.192665350857725903e-01
1.175500000000058208e+03,1.195787328841186326e-01
1.175600000000058117e+03,1.198907751764535790e-01
1.175700000000058026e+03,1.202028699782315413e-01
1.175800000000058162e+03,1.205150171577172996e-01
1.175900000000058299e+03,1.208272165830578115e-01
1.176000000000058208e+03,1.211394681221109881e-01
1.176100000000058117e+03,1.211573331221599825e-01
1.176200000000058253e+03,1.211751358212501684e-01
1.176300000000058390e+03,1.211928762482575306e-01
1.176400000000058299e+03,1.212105544320579431e-01
1.176500000000058208e+03,1.212281704015285566e-01
1.176600000000058344e+03,1.212457241855467577e-01
1.176700000000058481e+03,1.212632158129896970e-01
1.176800000000058390e+03,1.212806453127364542e-01
1.176900000000058299e+03,1.213051675893552922e-01
1.177000000000058435e+03,1.213313034202394419e-01
1.177100000000058571e+03,1.211724829546686755e-01
1.177200000000058481e+03,1.210136708673211908e-01
1.177300000000058390e+03,1.208548671925937790e-01
1.177400000000058526e+03,1.206960719648988711e-01
1.177500000000058662e+03,1.205372852186652605e-01
1.177600000000058571e+03,1.203785069883379355e-01
1.177700000000058481e+03,1.202197373083759152e-01
1.177800000000058617e+03,1.200609762132546221e-01
1.177900000000058753e+03,1.199022237374659516e-01
1.178000000000058662e+03,1.197434799153684892e-01
1.178100000000058571e+03,1.193322401082060613e-01
1.178200000000058708e+03,1.189205880694650247e-01
1.178300000000058844e+03,1.185091161500703982e-01
1.178400000000058753e+03,1.180978553168623019e-01
1.178500000000058662e+03,1.176856267323629079e-01
1.178600000000058799e+03,1.172720856357583746e-01
1.178700000000058935e+03,1.168587652983075764e-01
1.178800000000058844e+03,1.164456657476454077e-01
1.178900000000058753e+03,1.160327870113692095e-01
1.179000000000058890e+03,1.156201291169198647e-01
1.179100000000059026e+03,1.150000050102312071e-01
1.179200000000058935e+03,1.143780628466834481e-01
1.179300000000058844e+03,1.137564055415097863e-01
1.179400000000058981e+03,1.131354445044931711e-01
1.179500000000059117e+03,1.125162604355463003e-01
1.179600000000059026e+03,1.118973402396839234e-01
1.179700000000058935e+03,1.112786839403477196e-01
1.179800000000059072e+03,1.106602915609620347e-01
1.179900000000059208e+03,1.100421631249363930e-01
1.180000000000059117e+03,1.094242986555501174e-01
1.180100000000059026e+03,1.086154475547324999e-01
1.180200000000059163e+03,1.078053112067284408e-01
1.180300000000059299e+03,1.069929888314806177e-01
1.180400000000059208e+03,1.061809549484651338e-01
1.180500000000059117e+03,1.053692892259264491e-01
1.180600000000059254e+03,1.045579917382608720e-01
1.180700000000059390e+03,1.037470625598259644e-01
1.180800000000059299e+03,1.029365017649362390e-01
1.180900000000059208e+03,1.021263094278608147e-01
1.181000000000059345e+03,1.013164856227423694e-01
1.181100000000059481e+03,1.003666537210345239e-01
1.181200000000059390e+03,9.941684663730801508e-02
1.181300000000059299e+03,9.846706455340013819e-02
1.181400000000059435e+03,9.751730765119301370e-02
1.181500000000059572e+03,9.656757611261795882e-02
1.181600000000059481e+03,9.561787011965108829e-02
1.181700000000059390e+03,9.466758269767686085e-02
1.181800000000059526e+03,9.371578585745932166e-02
1.181900000000059663e+03,9.276405874841947563e-02
1.182000000000059572e+03,9.181240154780342944e-02
1.182100000000059481e+03,9.069386528808902337e-02
1.182200000000059617e+03,8.957646149122501511e-02
1.182300000000059754e+03,8.846018954570547543e-02
1.182400000000059663e+03,8.734504884019200777e-02
1.182500000000059572e+03,8.623246897828486246e-02
1.182600000000059708e+03,8.512542465692068960e-02
1.182700000000059845e+03,8.401935701149822189e-02
1.182800000000059754e+03,8.291426565723743203e-02
1.182900000000059663e+03,8.181015020936688309e-02
1.183000000000059799e+03,8.070701028310894865e-02
1.183100000000059936e+03,7.957031492504351711e-02
1.183200000000059845e+03,7.843342449721903142e-02
1.183300000000059754e+03,7.729741567846937222e-02
1.183400000000059890e+03,7.616535596532598984e-02
1.183500000000060027e+03,7.503294482322113435e-02
1.183600000000059936e+03,7.390041257022693377e-02
1.183700000000059845e+03,7.276905855039336735e-02
1.183800000000059981e+03,7.163729819656433628e-02
1.183900000000060118e+03,7.050513149467096952e-02
1.184000000000060027e+03,6.937255843067371974e-02
1.184100000000059936e+03,6.820156427377194186e-02
1.184200000000060072e+03,6.703175714752480918e-02
1.184300000000060209e+03,6.586180850151483746e-02
1.184400000000060118e+03,6.469171851884339408e-02
1.184500000000060027e+03,6.352148738271005957e-02
1.184600000000060163e+03,6.235111527641801904e-02
1.184700000000060299e+03,6.118060238337890561e-02
1.184800000000060209e+03,6.000994888710795699e-02
1.184900000000060118e+03,5.883915497121846444e-02
1.185000000000060254e+03,5.766822081666574812e-02
1.185100000000060390e+03,5.191298541366541619e-02
1.185200000000060299e+03,4.615517581463901564e-02
1.185300000000060209e+03,4.039479178610733828e-02
1.185400000000060345e+03,3.463183309481711325e-02
1.185500000000060481e+03,2.886629950776730541e-02
1.185600000000060390e+03,2.309819079218308410e-02
1.185700000000060299e+03,1.732750671548952820e-02
1.185800000000060436e+03,1.155424704533804768e-02
1.185900000000060572e+03,5.778491056379218317e-03
1.186000000000060481e+03,3.671755161719325004e-12
1.186100000000060390e+03,6.071760946187203939e-03
1.186200000000060527e+03,1.214527670788586103e-02
1.186300000000060663e+03,1.822054704149733695e-02
1.186400000000060572e+03,2.429757169937071803e-02
1.186500000000060481e+03,3.037635043350225134e-02
1.186600000000060618e+03,3.645688661974024608e-02
1.186700000000060754e+03,4.253921400974067929e-02
1.186800000000060663e+03,4.862330635589697664e-02
1.186900000000060572e+03,5.470916341371481056e-02
1.187000000000060709e+03,6.079593785391286531e-02
1.187100000000060845e+03,6.182146854990082374e-02
1.187200000000060754e+03,6.284801020801095151e-02
1.187300000000060663e+03,6.387554931961507421e-02
1.187400000000060800e+03,6.490263049574437892e-02
1.187500000000060936e+03,6.593067750172594554e-02
1.187600000000060845e+03,6.695969085821018574e-02
1.187700000000060754e+03,6.798967108603809484e-02
1.187800000000060891e+03,6.902061870623714401e-02
1.187900000000061027e+03,7.005253424001597895e-02
1.188000000000060936e+03,7.108541820875716177e-02
1.188100000000060845e+03,7.209891557500047732e-02
1.188200000000060982e+03,7.310813110402013260e-02
1.188300000000061118e+03,7.411765117513452461e-02
1.188400000000061027e+03,7.512761898185546516e-02
1.188500000000060936e+03,7.613807881083244078e-02
1.188600000000061073e+03,7.714901679031556381e-02
1.188700000000061209e+03,7.816040484195446725e-02
1.188800000000061118e+03,7.917224310169980461e-02
1.188900000000061027e+03,8.018453170553938025e-02
1.189000000000061164e+03,8.119900078690893419e-02
1.189100000000061300e+03,8.217097516058770312e-02
1.189200000000061209e+03,8.314334723554141215e-02
1.189300000000061118e+03,8.411759791859768631e-02
1.189400000000061254e+03,8.509284319840330901e-02
1.189500000000061391e+03,8.606853359477020793e-02
1.189600000000061300e+03,8.704466922299375353e-02
1.189700000000061209e+03,8.802125019839103504e-02
1.189800000000061345e+03,8.899100818078913011e-02
1.189900000000061482e+03,8.996018086982449091e-02
1.190000000000061391e+03,9.092962168406201751e-02
1.190100000000061300e+03,9.183694280972964918e-02
1.190200000000061436e+03,9.274473055108688191e-02
1.190300000000061573e+03,9.365297515858453381e-02
1.190400000000061482e+03,9.456159619999711385e-02
1.190500000000061391e+03,9.547065132784192387e-02
1.190600000000061527e+03,9.637263955120721481e-02
1.190700000000061664e+03,9.727366455089379860e-02
1.190800000000061573e+03,9.817498841394166342e-02
1.190900000000061482e+03,9.907661110766212420e-02
1.191000000000061618e+03,9.997853259928408953e-02
1.191100000000061755e+03,1.007597412668734399e-01
1.191200000000061664e+03,1.015410111713234698e-01
1.191300000000061573e+03,1.023223422876003291e-01
1.191400000000061709e+03,1.031056583663815945e-01
1.191500000000061846e+03,1.038886630627536417e-01
1.191600000000061755e+03,1.046675280541102954e-01
1.191700000000061664e+03,1.054464144409572729e-01
1.191800000000061800e+03,1.062253221989291618e-01
1.191900000000061937e+03,1.070042513036528337e-01
1.192000000000061846e+03,1.077832017306754736e-01
1.192100000000061755e+03,1.084405515842550016e-01
1.192200000000061891e+03,1.090961414131901702e-01
1.192300000000062028e+03,1.097513535889284575e-01
1.192400000000061937e+03,1.104067779547300149e-01
1.192500000000061846e+03,1.110624145247849914e-01
1.192600000000061982e+03,1.117182633132786373e-01
1.192700000000062118e+03,1.123743243343892639e-01
1.192800000000062028e+03,1.130305976022896453e-01
1.192900000000061937e+03,1.136870831311511537e-01
1.193000000000062073e+03,1.143457134311854223e-01
1.193100000000062209e+03,1.148258766132495834e-01
1.193200000000062118e+03,1.153061301891745577e-01
1.193300000000062028e+03,1.157864741587473906e-01
1.193400000000062164e+03,1.162669085217540588e-01
1.193500000000062300e+03,1.167474332779770696e-01
1.193600000000062209e+03,1.172280484271975287e-01
1.193700000000062118e+03,1.177087539691978463e-01
1.193800000000062255e+03,1.181878169244698212e-01
1.193900000000062391e+03,1.186658237292275431e-01
1.194000000000062300e+03,1.191439240063550259e-01
1.194100000000062209e+03,1.194253041282036104e-01
1.194200000000062346e+03,1.197066972828800258e-01
1.194300000000062482e+03,1.199881034261563728e-01
1.194400000000062391e+03,1.202695225137890567e-01
1.194500000000062300e+03,1.205509545015215067e-01
1.194600000000062437e+03,1.208342288435437784e-01
1.194700000000062573e+03,1.211184593087594324e-01
1.194800000000062482e+03,1.214027155365676458e-01
1.194900000000062391e+03,1.216860388088580186e-01
1.195000000000062528e+03,1.219673915027140593e-01
1.195100000000062664e+03,1.220260836064747806e-01
1.195200000000062573e+03,1.220847627408431640e-01
1.195300000000062482e+03,1.221434289036347487e-01
1.195400000000062619e+03,1.222038246453551052e-01
1.195500000000062755e+03,1.222652605779139950e-01
1.195600000000062664e+03,1.223266862978371616e-01
1.195700000000062573e+03,1.223881018021824307e-01
1.195800000000062710e+03,1.224495070880100012e-01
1.195900000000062846e+03,1.225109021523804881e-01
1.196000000000062755e+03,1.225721530821923810e-01
1.196100000000062664e+03,1.224502870440304508e-01
1.196200000000062801e+03,1.223267214953271675e-01
1.196300000000062937e+03,1.222019374282586890e-01
1.196400000000062846e+03,1.220771192944778566e-01
1.196500000000062755e+03,1.219522484208530044e-01
1.196600000000062892e+03,1.218273200206291401e-01
1.196700000000063028e+03,1.217023340923481106e-01
1.196800000000062937e+03,1.215772906345533172e-01
1.196900000000062846e+03,1.214521896457898265e-01
1.197000000000062983e+03,1.213255150010500716e-01
1.197100000000063119e+03,1.209417848396544537e-01
1.197200000000063028e+03,1.205581569167705897e-01
1.197300000000062937e+03,1.201746312981547410e-01
1.197400000000063073e+03,1.197912080495308618e-01
1.197500000000063210e+03,1.194078872365911953e-01
1.197600000000063119e+03,1.190246689249952611e-01
1.197700000000063028e+03,1.186415531803680784e-01
1.197800000000063164e+03,1.182599137177325344e-01
1.197900000000063301e+03,1.178796940231492812e-01
1.198000000000063210e+03,1.174995597107292428e-01
1.198100000000063119e+03,1.169342639383746801e-01
1.198200000000063255e+03,1.163688976050570728e-01
1.198300000000063392e+03,1.158075384886887993e-01
1.198400000000063301e+03,1.152503873527287170e-01
1.198500000000063210e+03,1.146930845084188355e-01
1.198600000000063346e+03,1.141340886495436496e-01
1.198700000000063483e+03,1.135733270935259387e-01
1.198800000000063392e+03,1.130124451074368819e-01
1.198900000000063301e+03,1.124514427645454256e-01
1.199000000000063437e+03,1.118903201379881085e-01
1.199100000000063574e+03,1.110950773315258072e-01
1.199200000000063483e+03,1.103003151369856133e-01
1.199300000000063392e+03,1.095060336198237644e-01
1.199400000000063528e+03,1.087138417158103193e-01
1.199500000000063665e+03,1.079255925062875265e-01
1.199600000000063574e+03,1.071376858720334002e-01
1.199700000000063483e+03,1.063501486028241849e-01
1.199800000000063619e+03,1.055630195641760610e-01
1.199900000000063756e+03,1.047762988810527623e-01
1.200000000000063665e+03,1.039899866781530818e-01
1.200100000000063574e+03,1.030936380511624229e-01
1.200200000000063710e+03,1.021969250763891807e-01
1.200300000000063847e+03,1.012998478783040113e-01
1.200400000000063756e+03,1.004024064933735222e-01
1.200500000000063665e+03,9.950460095806143435e-02
1.200600000000063801e+03,9.860863803077456191e-02
1.200700000000063937e+03,9.771245102471709520e-02
1.200800000000063847e+03,9.681585642060992758e-02
1.200900000000063756e+03,9.591885422847283571e-02
1.201000000000063892e+03,9.502067580825500348e-02
1.201100000000064028e+03,9.400159198828172968e-02
1.201200000000063937e+03,9.298198822113212803e-02
1.201300000000063847e+03,9.196186451873281098e-02
1.201400000000063983e+03,9.094123194161508883e-02
1.201500000000064119e+03,8.992015418683223238e-02
1.201600000000064028e+03,8.889855458065706872e-02
1.201700000000063937e+03,8.787917242006587637e-02
1.201800000000064074e+03,8.686195644246272329e-02
1.201900000000064210e+03,8.584677983243556298e-02
1.202000000000064119e+03,8.483088912800185177e-02
1.202100000000064028e+03,8.372173299544462266e-02
1.202200000000064165e+03,8.261205128658552499e-02
1.202300000000064301e+03,8.150184405457411296e-02
1.202400000000064210e+03,8.039111135259652263e-02
1.202500000000064119e+03,7.927985323387147509e-02
1.202600000000064256e+03,7.817004744541496131e-02
1.202700000000064392e+03,7.706476090866518081e-02
1.202800000000064301e+03,7.595874588286845308e-02
1.202900000000064210e+03,7.485200225860075274e-02
1.203000000000064347e+03,7.374452992646467198e-02
1.203100000000064483e+03,7.261747634240975358e-02
1.203200000000064392e+03,7.148909040434750506e-02
1.203300000000064301e+03,7.035932894234876722e-02
1.203400000000064438e+03,6.923122386798569172e-02
1.203500000000064574e+03,6.811118144455756418e-02
1.203600000000064483e+03,6.698939139590143199e-02
1.203700000000064392e+03,6.586585213516213400e-02
1.203800000000064529e+03,6.474056207451649170e-02
1.203900000000064665e+03,6.361351962517738934e-02
1.204000000000064574e+03,6.248472319412301523e-02
1.204100000000064483e+03,5.629112422350831396e-02
1.204200000000064620e+03,5.008559925330878515e-02
1.204300000000064756e+03,4.386865098589149553e-02
1.204400000000064665e+03,3.763923376232185258e-02
1.204500000000064574e+03,3.139733184493613549e-02
1.204600000000064711e+03,2.514292948126373162e-02
1.204700000000064847e+03,1.887601090404519150e-02
1.204800000000064756e+03,1.259656033119242909e-02
1.204900000000064665e+03,6.304561965749632367e-03
1.205000000000064801e+03,3.902035276066497030e-12
1.205100000000064938e+03,6.027382433368129108e-03
1.205200000000064847e+03,1.206648905506463830e-02
1.205300000000064756e+03,1.811733450822042985e-02
1.205400000000064892e+03,2.417993344603125427e-02
1.205500000000065029e+03,3.025430053564259064e-02
1.205600000000064938e+03,3.634045045818819902e-02
1.205700000000064847e+03,4.243839790882796698e-02
1.205800000000064983e+03,4.854748089531145394e-02
1.205900000000065120e+03,5.466274651703302567e-02
1.206000000000065029e+03,6.078845628790564143e-02
1.206100000000064938e+03,6.182730736212422445e-02
1.206200000000065074e+03,6.286727256350910231e-02
1.206300000000065211e+03,6.390835250255354205e-02
1.206400000000065120e+03,6.495054778993669675e-02
1.206500000000065029e+03,6.599385903652812968e-02
1.206600000000065165e+03,6.703828685338387994e-02
1.206700000000065302e+03,6.808383185174074481e-02
1.206800000000065211e+03,6.913049464302188640e-02
1.206900000000065120e+03,7.017827583884092557e-02
1.207000000000065256e+03,7.122721931720911448e-02
1.207100000000065393e+03,7.228709599549688891e-02
1.207200000000065302e+03,7.334829207722162736e-02
1.207300000000065211e+03,7.441080848991891983e-02
1.207400000000065347e+03,7.547464616154901662e-02
1.207500000000065484e+03,7.653980602049249848e-02
1.207600000000065393e+03,7.760628899555400972e-02
1.207700000000065302e+03,7.867409601596886404e-02
1.207800000000065438e+03,7.974322801139693828e-02
1.207900000000065575e+03,8.081368591191893935e-02
1.208000000000065484e+03,8.188547064803103348e-02
1.208100000000065393e+03,8.294411543531392261e-02
1.208200000000065529e+03,8.400439753942970378e-02
1.208300000000065666e+03,8.506823230276937264e-02
1.208400000000065575e+03,8.613374339972768023e-02
1.208500000000065484e+03,8.719485328419178394e-02
1.208600000000065620e+03,8.825724900590574407e-02
1.208700000000065756e+03,8.932117135358097482e-02
1.208800000000065666e+03,9.038663359564111377e-02
1.208900000000065575e+03,9.145370057373067296e-02
1.209000000000065711e+03,9.252230008984539678e-02
1.209100000000065847e+03,9.352122286359558501e-02
1.209200000000065756e+03,9.452121029671389785e-02
1.209300000000065666e+03,9.552239866512728106e-02
1.209400000000065802e+03,9.652478873054422259e-02
1.209500000000065938e+03,9.752835177104202113e-02
1.209600000000065847e+03,9.853452965526209029e-02
1.209700000000065756e+03,9.954270622552165160e-02
1.209800000000065893e+03,1.005521313208409956e-01
1.209900000000066029e+03,1.015563600018782181e-01
1.210000000000065938e+03,1.025612232145935165e-01
1.210100000000065847e+03,1.034548129028421137e-01
1.210200000000065984e+03,1.043490771263158590e-01
1.210300000000066120e+03,1.052440159863911734e-01
1.210400000000066029e+03,1.061396295843943655e-01
1.210500000000065938e+03,1.070359180216065020e-01
1.210600000000066075e+03,1.079328813992583014e-01
1.210700000000066211e+03,1.088148443302777851e-01
1.210800000000066120e+03,1.096981412945800122e-01
1.210900000000066029e+03,1.105818709419488649e-01
1.211000000000066166e+03,1.114660331343142324e-01
1.211100000000066302e+03,1.122383615057628153e-01
1.211200000000066211e+03,1.130112441467934631e-01
1.211300000000066120e+03,1.137846811408512737e-01
1.211400000000066257e+03,1.145586725713622217e-01
1.211500000000066393e+03,1.153309807601470560e-01
1.211600000000066302e+03,1.161034222734409482e-01
1.211700000000066211e+03,1.168763829747399147e-01
1.211800000000066348e+03,1.176508917539554333e-01
1.211900000000066484e+03,1.184334777786236748e-01
1.212000000000066393e+03,1.192166952141073960e-01
1.212100000000066302e+03,1.198248149038088212e-01
1.212200000000066439e+03,1.204332347072124415e-01
1.212300000000066575e+03,1.210464406296730966e-01
1.212400000000066484e+03,1.216610258342732398e-01
1.212500000000066393e+03,1.222759670743653604e-01
1.212600000000066530e+03,1.228912643037286534e-01
1.212700000000066666e+03,1.235069174761081190e-01
1.212800000000066575e+03,1.241229265452168801e-01
1.212900000000066484e+03,1.247392914647398460e-01
1.213000000000066620e+03,1.253585546995300837e-01
1.213100000000066757e+03,1.258066420463695989e-01
1.213200000000066666e+03,1.262576506231678219e-01
1.213300000000066575e+03,1.267090090743903108e-01
1.213400000000066711e+03,1.271607174668362983e-01
1.213500000000066848e+03,1.276127758672745416e-01
1.213600000000066757e+03,1.280651843424461811e-01
1.213700000000066666e+03,1.285179429590668776e-01
1.213800000000066802e+03,1.289710517838246473e-01
1.213900000000066939e+03,1.294223395978623958e-01
1.214000000000066848e+03,1.298731823485270720e-01
1.214100000000066757e+03,1.301172994599500699e-01
1.214200000000066893e+03,1.303615632267000890e-01
1.214300000000067030e+03,1.306059736499566304e-01
1.214400000000066939e+03,1.308505307308752141e-01
1.214500000000066848e+03,1.310952344705880457e-01
1.214600000000066984e+03,1.313400848702032109e-01
1.214700000000067121e+03,1.315850819308033715e-01
1.214800000000067030e+03,1.318298695329558345e-01
1.214900000000066939e+03,1.320746334718108650e-01
1.215000000000067075e+03,1.323195421230710933e-01
1.215100000000067212e+03,1.323848825956377429e-01
1.215200000000067121e+03,1.324511248292979115e-01
1.215300000000067030e+03,1.325196766980860363e-01
1.215400000000067166e+03,1.325882401079023776e-01
1.215500000000067303e+03,1.326568150481340636e-01
1.215600000000067212e+03,1.327254015081599237e-01
1.215700000000067121e+03,1.327939994773509602e-01
1.215800000000067257e+03,1.328626089450698489e-01
1.215900000000067394e+03,1.329312299006721321e-01
1.216000000000067303e+03,1.329998623333071561e-01
1.216100000000067212e+03,1.327758383824119148e-01
1.216200000000067348e+03,1.325517704640227501e-01
1.216300000000067485e+03,1.323278353162844478e-01
1.216400000000067394e+03,1.321133551919917715e-01
1.216500000000067303e+03,1.318987645707898060e-01
1.216600000000067439e+03,1.316840581449475744e-01
1.216700000000067575e+03,1.314684960718479900e-01
1.216800000000067485e+03,1.312513433851260070e-01
1.216900000000067394e+03,1.310340824649411651e-01
1.217000000000067530e+03,1.308167134009852461e-01
1.217100000000067666e+03,1.304247962292686969e-01
1.217200000000067575e+03,1.300311713831905913e-01
1.217300000000067485e+03,1.296370848581065160e-01
1.217400000000067621e+03,1.292425364716090208e-01
1.217500000000067757e+03,1.288497547430503820e-01
1.217600000000067666e+03,1.284573644715818197e-01
1.217700000000067575e+03,1.280644921962308114e-01
1.217800000000067712e+03,1.276711377064484454e-01
1.217900000000067848e+03,1.272788772028526361e-01
1.218000000000067757e+03,1.268874448523857612e-01
1.218100000000067666e+03,1.262745329386108506e-01
1.218200000000067803e+03,1.256609801203325549e-01
1.218300000000067939e+03,1.250468282903074158e-01
1.218400000000067848e+03,1.244320773014970793e-01
1.218500000000067757e+03,1.238167270069204379e-01
1.218600000000067894e+03,1.232007772596580841e-01
1.218700000000068030e+03,1.225870710810160469e-01
1.218800000000067939e+03,1.219754348273601047e-01
1.218900000000067848e+03,1.213630135755912332e-01
1.219000000000067985e+03,1.207499377506631721e-01
1.219100000000068121e+03,1.199857975386312003e-01
1.219200000000068030e+03,1.192203528829182402e-01
1.219300000000067939e+03,1.184536025564647682e-01
1.219400000000068076e+03,1.176855453314364364e-01
1.219500000000068212e+03,1.169161799792277773e-01
1.219600000000068121e+03,1.161455052704580132e-01
1.219700000000068030e+03,1.153730811636000247e-01
1.219800000000068167e+03,1.145970371779813923e-01
1.219900000000068303e+03,1.138197179328874487e-01
1.220000000000068212e+03,1.130411222775999230e-01
1.220100000000068121e+03,1.120630661905673703e-01
1.220200000000068258e+03,1.110841942993277126e-01
1.220300000000068394e+03,1.101045065152849722e-01
1.220400000000068303e+03,1.091240027499889992e-01
1.220500000000068212e+03,1.081426829151333618e-01
1.220600000000068349e+03,1.071605469225581503e-01
1.220700000000068485e+03,1.061775946842550417e-01
1.220800000000068394e+03,1.051938261123631091e-01
1.220900000000068303e+03,1.042048539409623081e-01
1.221000000000068439e+03,1.032145463996813339e-01
1.221100000000068576e+03,1.021404780898672038e-01
1.221200000000068485e+03,1.010662221904019137e-01
1.221300000000068394e+03,9.999034027793655965e-02
1.221400000000068530e+03,9.891283096521238938e-02
1.221500000000068667e+03,9.783369286414650423e-02
1.221600000000068576e+03,9.675292458582743227e-02
1.221700000000068485e+03,9.567052474051014610e-02
1.221800000000068621e+03,9.458649193761972662e-02
1.221900000000068758e+03,9.350082478575666434e-02
1.222000000000068667e+03,9.240955228573775881e-02
1.222100000000068576e+03,9.122456343866219841e-02
1.222200000000068712e+03,9.003828449422510150e-02
1.222300000000068849e+03,8.885071474049123508e-02
1.222400000000068758e+03,8.766185346527956279e-02
1.222500000000068667e+03,8.647169995615913707e-02
1.222600000000068803e+03,8.528025350045269348e-02
1.222700000000068940e+03,8.408751338524343699e-02
1.222800000000068849e+03,8.289347889736861652e-02
1.222900000000068758e+03,8.169814932341466773e-02
1.223000000000068894e+03,8.050152394970348790e-02
1.223100000000069031e+03,7.927555072244964196e-02
1.223200000000068940e+03,7.804686567267114794e-02
1.223300000000068849e+03,7.681678302398398106e-02
1.223400000000068985e+03,7.558530193684660781e-02
1.223500000000069122e+03,7.435242157139264341e-02
1.223600000000069031e+03,7.311814108742532847e-02
1.223700000000068940e+03,7.188245964441150604e-02
1.223800000000069076e+03,7.064537640148717268e-02
1.223900000000069213e+03,6.940689051746345983e-02
1.224000000000069122e+03,6.816700114698746871e-02
1.224100000000069031e+03,6.137816422090325991e-02
1.224200000000069167e+03,5.458338554083142641e-02
1.224300000000069303e+03,4.778837246826635882e-02
1.224400000000069213e+03,4.098682407384474091e-02
1.224500000000069122e+03,3.417683151416898990e-02
1.224600000000069258e+03,2.735838889918309688e-02
1.224700000000069394e+03,2.053149033628330969e-02
1.224800000000069303e+03,1.369612993028655398e-02
1.224900000000069213e+03,6.852301783398716435e-03
1.225000000000069349e+03,0.000000000000000000e+00
1.225100000000069485e+03,0.000000000000000000e+00
1.225200000000069394e+03,0.000000000000000000e+00
1.225300000000069303e+03,0.000000000000000000e+00
1.225400000000069440e+03,0.000000000000000000e+00
1.225500000000069576e+03,0.000000000000000000e+00
1.225600000000069485e+03,0.000000000000000000e+00
1.225700000000069394e+03,0.000000000000000000e+00
1.225800000000069531e+03,0.000000000000000000e+00
1.225900000000069667e+03,0.000000000000000000e+00
1.226000000000069576e+03,5.492007374537920916e-12
1.226100000000069485e+03,7.898884915773519630e-03
1.226200000000069622e+03,1.580854958671988608e-02
1.226300000000069758e+03,2.372900292502330352e-02
1.226400000000069667e+03,3.166025384258364800e-02
1.226500000000069576e+03,3.960092962894832397e-02
1.226600000000069713e+03,4.755007578244574429e-02
1.226700000000069849e+03,5.550874129675189422e-02
1.226800000000069758e+03,6.347576727488084269e-02
1.226900000000069667e+03,7.145211377445277734e-02
1.227000000000069804e+03,7.943778715584551287e-02
1.227100000000069940e+03,8.055221317748201271e-02
1.227200000000069849e+03,8.166739603659962932e-02
1.227300000000069758e+03,8.278333586736957850e-02
1.227400000000069895e+03,8.390003280390131990e-02
1.227500000000070031e+03,8.501748698023856021e-02
1.227600000000069940e+03,8.613529524636427681e-02
1.227700000000069849e+03,8.725217790910974602e-02
1.227800000000069986e+03,8.836976513067874850e-02
1.227900000000070122e+03,8.948805700331420587e-02
1.228000000000070031e+03,9.060705361919452194e-02
1.228100000000069940e+03,9.172085240455156441e-02
1.228200000000070077e+03,9.283587992609340644e-02
1.228300000000070213e+03,9.395204764145981269e-02
1.228400000000070122e+03,9.506737046119906331e-02
1.228500000000070031e+03,9.618387370918472790e-02
1.228600000000070168e+03,9.730155814353991239e-02
1.228700000000070304e+03,9.842042452271504427e-02
1.228800000000070213e+03,9.954047360549353463e-02
1.228900000000070122e+03,1.006617061509954836e-01
1.229000000000070258e+03,1.017841229185985491e-01
1.229100000000070395e+03,1.027991152063073427e-01
1.229200000000070304e+03,1.038142601567624834e-01
1.229300000000070213e+03,1.048295575829716469e-01
1.229400000000070349e+03,1.058450072979277568e-01
1.229500000000070486e+03,1.068606091146021980e-01
1.229600000000070395e+03,1.078763628459516455e-01
1.229700000000070304e+03,1.088922683049216161e-01
1.229800000000070440e+03,1.099083253044415703e-01
1.229900000000070577e+03,1.109295720772804777e-01
1.230000000000070486e+03,1.119539763276496819e-01
1.230100000000070395e+03,1.129159289959090484e-01
1.230200000000070531e+03,1.138786683026320190e-01
1.230300000000070668e+03,1.148421945206193895e-01
1.230400000000070577e+03,1.158065079226260619e-01
1.230500000000070486e+03,1.167716087813651105e-01
1.230600000000070622e+03,1.177374973695032440e-01
1.230700000000070759e+03,1.187041739596562118e-01
1.230800000000070668e+03,1.196716388243927870e-01
1.230900000000070577e+03,1.206398922362399567e-01
1.231000000000070713e+03,1.216099627174273279e-01
1.231100000000070850e+03,1.224265417527090200e-01
1.231200000000070759e+03,1.232434323335874493e-01
1.231300000000070668e+03,1.240606343437898884e-01
1.231400000000070804e+03,1.248781476669411222e-01
1.231500000000070941e+03,1.256959721865593682e-01
1.231600000000070850e+03,1.265115531641554381e-01
1.231700000000070759e+03,1.273270860837042162e-01
1.231800000000070895e+03,1.281428926745067087e-01
1.231900000000071032e+03,1.289589728001545310e-01
1.232000000000070941e+03,1.297753263240624122e-01
1.232100000000070850e+03,1.304718991558283803e-01
1.232200000000070986e+03,1.311863732548100570e-01
1.232300000000071122e+03,1.319016274515224518e-01
1.232400000000071032e+03,1.326227852187350786e-01
1.232500000000070941e+03,1.333456965388139515e-01
1.232600000000071077e+03,1.340694548698621313e-01
1.232700000000071213e+03,1.347940607832815996e-01
1.232800000000071122e+03,1.355195148506538605e-01
1.232900000000071032e+03,1.362457055582486365e-01
1.233000000000071168e+03,1.369725235264660779e-01
1.233100000000071304e+03,1.375163542639452063e-01
1.233200000000071213e+03,1.380607967258302982e-01
1.233300000000071122e+03,1.386032374799020805e-01
1.233400000000071259e+03,1.391455931925987266e-01
1.233500000000071395e+03,1.396885369604266569e-01
1.233600000000071304e+03,1.402320691732746594e-01
1.233700000000071213e+03,1.407761902211897287e-01
1.233800000000071350e+03,1.413209004943744296e-01
1.233900000000071486e+03,1.418662003831837048e-01
1.234000000000071395e+03,1.424145902439688527e-01
1.234100000000071304e+03,1.427527464337947916e-01
1.234200000000071441e+03,1.430912344446221285e-01
1.234300000000071577e+03,1.434300544871661143e-01
1.234400000000071486e+03,1.437569408924516956e-01
1.234500000000071395e+03,1.440725013813037303e-01
1.234600000000071532e+03,1.443882908903506568e-01
1.234700000000071668e+03,1.447043095243000232e-01
1.234800000000071577e+03,1.450253934417662094e-01
1.234900000000071486e+03,1.453484920493425536e-01
1.235000000000071623e+03,1.456718488148328328e-01
1.235100000000071759e+03,1.457627707777289505e-01
1.235200000000071668e+03,1.458537343694971677e-01
1.235300000000071577e+03,1.459447396028802357e-01
1.235400000000071714e+03,1.460357864906231262e-01
1.235500000000071850e+03,1.461252554965774553e-01
1.235600000000071759e+03,1.462163885164281529e-01
1.235700000000071668e+03,1.463106117571441323e-01
1.235800000000071805e+03,1.464048805729634695e-01
1.235900000000071941e+03,1.464991949793092163e-01
1.236000000000071850e+03,1.465935549914210434e-01
1.236100000000071759e+03,1.464288955019825145e-01
1.236200000000071896e+03,1.462641644031910937e-01
1.236300000000072032e+03,1.460993616988488786e-01
1.236400000000071941e+03,1.459388381049250283e-01
1.236500000000071850e+03,1.457805119913854475e-01
1.236600000000071987e+03,1.456220986812622742e-01
1.236700000000072123e+03,1.454668803430965995e-01
1.236800000000072032e+03,1.453117262590983283e-01
1.236900000000071941e+03,1.451564770792508619e-01
1.237000000000072077e+03,1.450011327947748618e-01
1.237100000000072214e+03,1.446395255758020637e-01
1.237200000000072123e+03,1.442796222940897211e-01
1.237300000000072032e+03,1.439206400195749136e-01
1.237400000000072168e+03,1.435613215879118776e-01
1.237500000000072305e+03,1.432016668370775236e-01
1.237600000000072214e+03,1.428416756050110703e-01
1.237700000000072123e+03,1.424813477296139053e-01
1.237800000000072259e+03,1.421297330537290016e-01
1.237900000000072396e+03,1.417821119732865787e-01
1.238000000000072305e+03,1.414322265364539866e-01
1.238100000000072214e+03,1.408910474835558257e-01
1.238200000000072350e+03,1.403490318442158491e-01
1.238300000000072487e+03,1.398061788277994988e-01
1.238400000000072396e+03,1.392625122493184042e-01
1.238500000000072305e+03,1.387181145155742812e-01
1.238600000000072441e+03,1.381728346199453394e-01
1.238700000000072578e+03,1.376266943294458256e-01
1.238800000000072487e+03,1.370797121329574986e-01
1.238900000000072396e+03,1.365331545599651752e-01
1.239000000000072532e+03,1.359876914633111333e-01
1.239100000000072669e+03,1.352531394754284966e-01
1.239200000000072578e+03,1.345172780982777649e-01
1.239300000000072487e+03,1.337800805319385999e-01
1.239400000000072623e+03,1.330414196623653234e-01
1.239500000000072760e+03,1.323014470413972632e-01
1.239600000000072669e+03,1.315571694371684419e-01
1.239700000000072578e+03,1.308086559488692568e-01
1.239800000000072714e+03,1.300588949304619102e-01
1.239900000000072851e+03,1.293078850998434781e-01
1.240000000000072760e+03,1.285542572187453325e-01
1.240100000000072669e+03,1.275731176493378471e-01
1.240200000000072805e+03,1.265912364154397896e-01
1.240300000000072941e+03,1.256086957833608964e-01
1.240400000000072851e+03,1.246254488212282935e-01
1.240500000000072760e+03,1.236414575165612206e-01
1.240600000000072896e+03,1.226567216013983302e-01
1.240700000000073032e+03,1.216712408077702534e-01
1.240800000000072941e+03,1.206850148676950618e-01
1.240900000000072851e+03,1.196980435131745207e-01
1.241000000000072987e+03,1.187103264760971388e-01
1.241100000000073123e+03,1.175839078540355243e-01
1.241200000000073032e+03,1.164588726630139681e-01
1.241300000000072941e+03,1.153333353449493975e-01
1.241400000000073078e+03,1.142068313059973611e-01
1.241500000000073214e+03,1.130793600635458529e-01
1.241600000000073123e+03,1.119509211348341388e-01
1.241700000000073032e+03,1.108215140369491619e-01
1.241800000000073169e+03,1.096911382868285129e-01
1.241900000000073305e+03,1.085597934012668686e-01
1.242000000000073214e+03,1.074274788968477001e-01
1.242100000000073123e+03,1.062083547487519125e-01
1.242200000000073260e+03,1.049878286877868189e-01
1.242300000000073396e+03,1.037605051066684686e-01
1.242400000000073305e+03,1.025275829412965745e-01
1.242500000000073214e+03,1.012934887218709668e-01
1.242600000000073351e+03,1.000582217488812931e-01
1.242700000000073487e+03,9.882178132252668334e-02
1.242800000000073396e+03,9.758493344026586414e-02
1.242900000000073305e+03,9.634831389651436762e-02
1.243000000000073442e+03,9.511046245828828904e-02
1.243100000000073578e+03,9.380723140475225041e-02
1.243200000000073487e+03,9.250292369668289272e-02
1.243300000000073396e+03,9.119753888354238669e-02
1.243400000000073533e+03,8.989165139678070848e-02
1.243500000000073669e+03,8.858618643481075416e-02
1.243600000000073578e+03,8.729420309940062739e-02
1.243700000000073487e+03,8.603290394621262993e-02
1.243800000000073624e+03,8.476905279012754424e-02
1.243900000000073760e+03,8.350264676871092806e-02
1.244000000000073669e+03,8.223368301254192769e-02
1.244100000000073578e+03,7.407489960020686992e-02
1.244200000000073715e+03,6.590180074897329654e-02
1.244300000000073851e+03,5.771437268738312254e-02
1.244400000000073760e+03,4.951229985713765519e-02
1.244500000000073669e+03,4.129529051356626429e-02
1.244600000000073805e+03,3.306582375755921094e-02
1.244700000000073942e+03,2.482186794488560472e-02
1.244800000000073851e+03,1.656301402226012520e-02
1.244900000000073760e+03,8.289063292566609120e-03
1.245000000000073896e+03,0.000000000000000000e+00
1.245100000000074033e+03,0.000000000000000000e+00
1.245200000000073942e+03,0.000000000000000000e+00
1.245300000000073851e+03,0.000000000000000000e+00
1.245400000000073987e+03,0.000000000000000000e+00
1.245500000000074124e+03,0.000000000000000000e+00
1.245600000000074033e+03,0.000000000000000000e+00
1.245700000000073942e+03,0.000000000000000000e+00
1.245800000000074078e+03,0.000000000000000000e+00
1.245900000000074215e+03,0.000000000000000000e+00
1.246000000000074124e+03,5.905099018316018954e-12
1.246100000000074033e+03,7.975657146548145726e-03
1.246200000000074169e+03,1.596957829699125267e-02
1.246300000000074306e+03,2.398178942103215000e-02
1.246400000000074215e+03,3.201231650866542128e-02
1.246500000000074124e+03,4.006118557613751185e-02
1.246600000000074260e+03,4.812842266592897572e-02
1.246700000000074397e+03,5.621405384673640315e-02
1.246800000000074306e+03,6.431235099740566230e-02
1.246900000000074215e+03,7.238606461788853197e-02
1.247000000000074351e+03,8.046749702116902381e-02
1.247100000000074488e+03,8.162951817725858095e-02
1.247200000000074397e+03,8.279147832030221699e-02
1.247300000000074306e+03,8.395337728417540113e-02
1.247400000000074442e+03,8.511521490277985935e-02
1.247500000000074579e+03,8.627699101003913351e-02
1.247600000000074488e+03,8.743870543990400757e-02
1.247700000000074397e+03,8.860035802635697622e-02
1.247800000000074533e+03,8.976194860340754034e-02
1.247900000000074670e+03,9.092283506144967220e-02
1.248000000000074579e+03,9.207997621727739834e-02
1.248100000000074488e+03,9.323291825591903392e-02
1.248200000000074624e+03,9.438579502587753078e-02
1.248300000000074760e+03,9.553860630676422327e-02
1.248400000000074670e+03,9.669135187816083055e-02
1.248500000000074579e+03,9.784403151962653422e-02
1.248600000000074715e+03,9.899664501069133093e-02
1.248700000000074851e+03,1.001491921308521188e-01
1.248800000000074760e+03,1.013016726595764583e-01
1.248900000000074670e+03,1.024540863763091642e-01
1.249000000000074806e+03,1.036064330604487133e-01
1.249100000000074942e+03,1.047330288596894643e-01
1.249200000000074851e+03,1.058595358382906221e-01
1.249300000000074760e+03,1.069862687310874638e-01
1.249400000000074897e+03,1.081132274810090582e-01
1.249500000000075033e+03,1.092404120309478366e-01
1.249600000000074942e+03,1.103678223237646028e-01
1.249700000000074851e+03,1.114954583022936957e-01
1.249800000000074988e+03,1.126233199093379378e-01
1.249900000000075124e+03,1.137514070876637223e-01
1.250000000000075033e+03,1.148797197799403674e-01
1.250100000000074942e+03,1.159207080921133975e-01
1.250200000000075079e+03,1.169632297394796044e-01
1.250300000000075215e+03,1.180068309790077707e-01
1.250400000000075124e+03,1.190503990902389703e-01
1.250500000000075033e+03,1.200939337832021836e-01
1.250600000000075170e+03,1.211374349416429325e-01
1.250700000000075306e+03,1.221809024493082513e-01
1.250800000000075215e+03,1.232243361899511697e-01
1.250900000000075124e+03,1.242677360473358472e-01
1.251000000000075261e+03,1.253111019051544317e-01
1.251100000000075397e+03,1.262508875465613578e-01
1.251200000000075306e+03,1.271906425589612033e-01
1.251300000000075215e+03,1.281350051485367347e-01
1.251400000000075352e+03,1.290898211765969528e-01
1.251500000000075488e+03,1.300448245404056957e-01
1.251600000000075397e+03,1.310000150199233382e-01
1.251700000000075306e+03,1.319553923950019247e-01
1.251800000000075443e+03,1.329109564453814230e-01
1.251900000000075579e+03,1.338667069506858653e-01
1.252000000000075488e+03,1.348226436903321168e-01
1.252100000000075397e+03,1.356536214191784995e-01
1.252200000000075534e+03,1.364848815485057154e-01
1.252300000000075670e+03,1.373164240020470217e-01
1.252400000000075579e+03,1.381483433169498343e-01
1.252500000000075488e+03,1.389836957823027686e-01
1.252600000000075624e+03,1.398193685020975574e-01
1.252700000000075761e+03,1.406553614070836233e-01
1.252800000000075670e+03,1.414917344182304582e-01
1.252900000000075579e+03,1.423284783036877499e-01
1.253000000000075715e+03,1.431655434654288683e-01
1.253100000000075852e+03,1.438694230825371678e-01
1.253200000000075761e+03,1.445738491049664287e-01
1.253300000000075670e+03,1.452788217019479744e-01
1.253400000000075806e+03,1.459843410426566457e-01
1.253500000000075943e+03,1.466904072962094407e-01
1.253600000000075852e+03,1.474304877651098356e-01
1.253700000000075761e+03,1.481827030975561288e-01
1.253800000000075897e+03,1.489358929162778455e-01
1.253900000000076034e+03,1.496900578563894468e-01
1.254000000000075943e+03,1.504451985529000613e-01
1.254100000000075852e+03,1.509686049228696203e-01
1.254200000000075988e+03,1.514924120576603694e-01
1.254300000000076125e+03,1.520166199696497966e-01
1.254400000000076034e+03,1.525412286710741694e-01
1.254500000000075943e+03,1.530662381740319489e-01
1.254600000000076079e+03,1.535916484904811252e-01
1.254700000000076216e+03,1.541191396031051097e-01
1.254800000000076125e+03,1.546489527518925544e-01
1.254900000000076034e+03,1.551791896753120237e-01
1.255000000000076170e+03,1.557098503976738213e-01
1.255100000000076307e+03,1.560884048822907266e-01
1.255200000000076216e+03,1.564674059800068573e-01
1.255300000000076125e+03,1.568468970592447609e-01
1.255400000000076261e+03,1.572268785070775055e-01
1.255500000000076398e+03,1.576073507107177141e-01
1.255600000000076307e+03,1.579883140575178146e-01
1.255700000000076216e+03,1.583697689349732873e-01
1.255800000000076352e+03,1.587510219849206095e-01
1.255900000000076489e+03,1.591297689265682713e-01
1.256000000000076398e+03,1.595089925713075174e-01
1.256100000000076307e+03,1.595637463063944717e-01
1.256200000000076443e+03,1.596184828360434627e-01
1.256300000000076579e+03,1.596732021399863977e-01
1.256400000000076489e+03,1.597279041979620950e-01
1.256500000000076398e+03,1.597825889897170060e-01
1.256600000000076534e+03,1.598372564950049091e-01
1.256700000000076670e+03,1.598919066935856059e-01
1.256800000000076579e+03,1.599465395652261701e-01
1.256900000000076489e+03,1.600011224071340443e-01
1.257000000000076625e+03,1.600421179402771732e-01
1.257100000000076761e+03,1.599528680126617031e-01
1.257200000000076670e+03,1.598616918851166191e-01
1.257300000000076579e+03,1.597702669417921384e-01
1.257400000000076716e+03,1.596785929632523748e-01
1.257500000000076852e+03,1.595866697299956616e-01
1.257600000000076761e+03,1.594944970224545233e-01
1.257700000000076670e+03,1.594020746209968975e-01
1.257800000000076807e+03,1.593094023059238307e-01
1.257900000000076943e+03,1.592165533833779789e-01
1.258000000000076852e+03,1.591234560586712588e-01
1.258100000000076761e+03,1.587345514374925159e-01
1.258200000000076898e+03,1.583344580352235298e-01
1.258300000000077034e+03,1.579341185180252183e-01
1.258400000000076943e+03,1.575335328803481871e-01
1.258500000000076852e+03,1.571327011167018561e-01
1.258600000000076989e+03,1.567316232216570127e-01
1.258700000000077125e+03,1.563302991898468663e-01
1.258800000000077034e+03,1.559287290159659112e-01
1.258900000000076943e+03,1.555269126947673719e-01
1.259000000000077080e+03,1.551248502209015279e-01
1.259100000000077216e+03,1.545090355495730705e-01
1.259200000000077125e+03,1.538804316456703070e-01
1.259300000000077034e+03,1.532284141621927942e-01
1.259400000000077171e+03,1.525762329961194430e-01
1.259500000000077307e+03,1.519238882182525063e-01
1.259600000000077216e+03,1.512713798994395897e-01
1.259700000000077125e+03,1.506187081105699044e-01
1.259800000000077262e+03,1.499658729225789300e-01
1.259900000000077398e+03,1.493128744064497193e-01
1.260000000000077307e+03,1.486597126330515273e-01
1.260100000000077216e+03,1.477998104499106125e-01
1.260200000000077353e+03,1.469396990439200967e-01
1.260300000000077489e+03,1.460705679716125527e-01
1.260400000000077398e+03,1.450796436642329268e-01
1.260500000000077307e+03,1.440901482787276811e-01
1.260600000000077443e+03,1.431020807419944030e-01
1.260700000000077580e+03,1.421154399812261937e-01
1.260800000000077489e+03,1.411302249239072548e-01
1.260900000000077398e+03,1.401464344978092247e-01
1.261000000000077534e+03,1.391640676308515401e-01
1.261100000000077671e+03,1.379980044322072774e-01
1.261200000000077580e+03,1.368337354806150596e-01
1.261300000000077489e+03,1.356712592700637099e-01
1.261400000000077625e+03,1.345105742951492322e-01
1.261500000000077762e+03,1.333153106145383016e-01
1.261600000000077671e+03,1.321126864225018183e-01
1.261700000000077580e+03,1.309126376836672878e-01
1.261800000000077716e+03,1.297151613506027645e-01
1.261900000000077853e+03,1.285202543776827744e-01
1.262000000000077762e+03,1.273279137209582246e-01
1.262100000000077671e+03,1.259770800521357870e-01
1.262200000000077807e+03,1.246294894358851713e-01
1.262300000000077944e+03,1.232851372583120830e-01
1.262400000000077853e+03,1.219440189095503113e-01
1.262500000000077762e+03,1.206061297837532215e-01
1.262600000000077898e+03,1.192602512366998657e-01
1.262700000000078035e+03,1.179070282833926536e-01
1.262800000000077944e+03,1.165575007377449013e-01
1.262900000000077853e+03,1.152116626557521534e-01
1.263000000000077989e+03,1.138695080991007080e-01
1.263100000000078126e+03,1.124226175375396819e-01
1.263200000000078035e+03,1.109798006338707094e-01
1.263300000000077944e+03,1.095410505752517083e-01
1.263400000000078080e+03,1.081063605559346580e-01
1.263500000000078217e+03,1.066757237772673200e-01
1.263600000000078126e+03,1.052491334476830104e-01
1.263700000000078035e+03,1.038178231795036099e-01
1.263800000000078171e+03,1.023612099080248861e-01
1.263900000000078307e+03,1.009096552371935851e-01
1.264000000000078217e+03,9.946314884402120138e-02
1.264100000000078126e+03,9.795457245335927043e-02
1.264200000000078262e+03,9.645141838020425407e-02
1.264300000000078398e+03,9.495367498991971744e-02
1.264400000000078307e+03,9.346133066358826291e-02
1.264500000000078217e+03,9.197437379799242030e-02
1.264600000000078353e+03,9.049279280560895700e-02
1.264700000000078489e+03,8.901657611460282726e-02
1.264800000000078398e+03,8.754571216880724371e-02
1.264900000000078307e+03,8.609930070200894070e-02
1.265000000000078444e+03,8.465867051174744140e-02
1.265100000000078580e+03,7.608257945864951854e-02
1.265200000000078489e+03,6.753107416207412839e-02
1.265300000000078398e+03,5.900412026925005299e-02
1.265400000000078535e+03,5.050168981004912044e-02
1.265500000000078671e+03,4.202375460965197818e-02
1.265600000000078580e+03,3.357025982620093219e-02
1.265700000000078489e+03,2.514117120448585221e-02
1.265800000000078626e+03,1.673645450499791285e-02
1.265900000000078762e+03,8.356075503985888747e-03
1.266000000000078671e+03,0.000000000000000000e+00
1.266100000000078580e+03,0.000000000000000000e+00
1.266200000000078717e+03,0.000000000000000000e+00
1.266300000000078853e+03,0.000000000000000000e+00
1.266400000000078762e+03,0.000000000000000000e+00
1.266500000000078671e+03,0.000000000000000000e+00
1.266600000000078808e+03,0.000000000000000000e+00
1.266700000000078944e+03,0.000000000000000000e+00
1.266800000000078853e+03,0.000000000000000000e+00
1.266900000000078762e+03,0.000000000000000000e+00
1.267000000000078899e+03,0.000000000000000000e+00
1.267100000000079035e+03,0.000000000000000000e+00
1.267200000000078944e+03,0.000000000000000000e+00
1.267300000000078853e+03,0.000000000000000000e+00
1.267400000000078990e+03,0.000000000000000000e+00
1.267500000000079126e+03,0.000000000000000000e+00
1.267600000000079035e+03,0.000000000000000000e+00
1.267700000000078944e+03,0.000000000000000000e+00
1.267800000000079081e+03,0.000000000000000000e+00
1.267900000000079217e+03,0.000000000000000000e+00
1.268000000000079126e+03,6.568934825872598320e-12
1.268100000000079035e+03,8.301467645342328061e-03
1.268200000000079172e+03,1.660247160170659486e-02
1.268300000000079308e+03,2.490723531019507775e-02
1.268400000000079217e+03,3.321434376312511899e-02
1.268500000000079126e+03,4.152358309228130345e-02
1.268600000000079262e+03,4.983310052083308322e-02
1.268700000000079399e+03,5.814420616184038521e-02
1.268800000000079308e+03,6.645689484636548017e-02
1.268900000000079217e+03,7.477116140491583962e-02
1.269000000000079353e+03,8.308700066164904918e-02
1.269100000000079490e+03,8.414269526556587830e-02
1.269200000000079399e+03,8.519828704047530121e-02
1.269300000000079308e+03,8.625334922046726249e-02
1.269400000000079444e+03,8.731828582348917511e-02
1.269500000000079581e+03,8.838679484161833522e-02
1.269600000000079490e+03,8.945689998523398412e-02
1.269700000000079399e+03,9.052725286584074882e-02
1.269800000000079535e+03,9.159785305635149977e-02
1.269900000000079672e+03,9.266870012960920500e-02
1.270000000000079581e+03,9.373979365837667443e-02
1.270100000000079490e+03,9.478939191413041088e-02
1.270200000000079626e+03,9.578380283756336711e-02
1.270300000000079763e+03,9.677732785646402103e-02
1.270400000000079672e+03,9.776996742592101997e-02
1.270500000000079581e+03,9.880770541096098314e-02
1.270600000000079717e+03,9.988441280890764107e-02
1.270700000000079854e+03,1.009619863195811568e-01
1.270800000000079763e+03,1.020404258049186219e-01
1.270900000000079672e+03,1.031197311263691019e-01
1.271000000000079808e+03,1.041721922512298809e-01
1.271100000000079945e+03,1.052075627591357865e-01
1.271200000000079854e+03,1.062438619841896831e-01
1.271300000000079763e+03,1.072810898256819495e-01
1.271400000000079899e+03,1.083192461822444774e-01
1.271500000000080036e+03,1.093583309518433161e-01
1.271600000000079945e+03,1.103900597351609586e-01
1.271700000000079854e+03,1.113992558383584547e-01
1.271800000000079990e+03,1.124183974880330200e-01
1.271900000000080126e+03,1.134384866573611428e-01
1.272000000000080036e+03,1.144591101924591348e-01
1.272100000000079945e+03,1.153960121081037959e-01
1.272200000000080081e+03,1.163333221742116758e-01
1.272300000000080217e+03,1.172710402340452207e-01
1.272400000000080126e+03,1.182091661307027725e-01
1.272500000000080036e+03,1.191476997071242855e-01
1.272600000000080172e+03,1.200866408060847768e-01
1.272700000000080308e+03,1.210259892701934653e-01
1.272800000000080217e+03,1.219487225011084974e-01
1.272900000000080126e+03,1.228713219270981122e-01
1.273000000000080263e+03,1.237940683018254745e-01
1.273100000000080399e+03,1.245774157868977799e-01
1.273200000000080308e+03,1.253604615245605958e-01
1.273300000000080217e+03,1.261432053584867485e-01
1.273400000000080354e+03,1.269256471325138913e-01
1.273500000000080490e+03,1.277077866906404513e-01
1.273600000000080399e+03,1.284896238770297794e-01
1.273700000000080308e+03,1.292711585360133142e-01
1.273800000000080445e+03,1.300523905120870016e-01
1.273900000000080581e+03,1.308311458491657753e-01
1.274000000000080490e+03,1.316086504292898751e-01
1.274100000000080399e+03,1.322930759736207496e-01
1.274200000000080536e+03,1.329776114439691348e-01
1.274300000000080672e+03,1.336622566844667404e-01
1.274400000000080581e+03,1.343470115392099429e-01
1.274500000000080490e+03,1.350318758522627283e-01
1.274600000000080627e+03,1.357168494676543047e-01
1.274700000000080763e+03,1.364019322293757719e-01
1.274800000000080672e+03,1.370871239813828690e-01
1.274900000000080581e+03,1.377724245675998882e-01
1.275000000000080718e+03,1.384371020362744342e-01
1.275100000000080854e+03,1.389196761743609343e-01
1.275200000000080763e+03,1.394019891944764666e-01
1.275300000000080672e+03,1.398840411337762268e-01
1.275400000000080809e+03,1.403658320294369488e-01
1.275500000000080945e+03,1.408473619186565162e-01
1.275600000000080854e+03,1.413286308386554335e-01
1.275700000000080763e+03,1.418096388266784358e-01
1.275800000000080900e+03,1.422903859199930177e-01
1.275900000000081036e+03,1.427708721558872684e-01
1.276000000000080945e+03,1.432510975715558244e-01
1.276100000000080854e+03,1.435774323191935653e-01
1.276200000000080991e+03,1.438367012459919603e-01
1.276300000000081127e+03,1.440955927742214870e-01
1.276400000000081036e+03,1.443541070510573621e-01
1.276500000000080945e+03,1.446122442238395589e-01
1.276600000000081081e+03,1.448700044400721143e-01
1.276700000000081218e+03,1.451273878474207413e-01
1.276800000000081127e+03,1.453843945937140225e-01
1.276900000000081036e+03,1.456410248269445484e-01
1.277000000000081172e+03,1.458972786950539224e-01
1.277100000000081309e+03,1.458900553718602278e-01
1.277200000000081218e+03,1.458826491569354122e-01
1.277300000000081127e+03,1.458125506823594597e-01
1.277400000000081263e+03,1.457345363697453711e-01
1.277500000000081400e+03,1.456573551382313869e-01
1.277600000000081309e+03,1.455799918516360869e-01
1.277700000000081218e+03,1.455024471239691197e-01
1.277800000000081354e+03,1.454247215682369088e-01
1.277900000000081491e+03,1.453468157964419583e-01
1.278000000000081400e+03,1.452687304194422158e-01
1.278100000000081309e+03,1.450140296823696773e-01
1.278200000000081445e+03,1.447849135836885848e-01
1.278300000000081582e+03,1.445696699307751354e-01
1.278400000000081491e+03,1.443406928520523380e-01
1.278500000000081400e+03,1.441019680181329921e-01
1.278600000000081536e+03,1.438635974821561303e-01
1.278700000000081673e+03,1.436255680848153027e-01
1.278800000000081582e+03,1.433878378642333140e-01
1.278900000000081491e+03,1.431483211264096556e-01
1.279000000000081627e+03,1.429009816903749619e-01
1.279100000000081764e+03,1.424783775389416585e-01
1.279200000000081673e+03,1.420565407870151009e-01
1.279300000000081582e+03,1.416354706101692895e-01
1.279400000000081718e+03,1.412151661843193129e-01
1.279500000000081855e+03,1.407864965454919126e-01
1.279600000000081764e+03,1.403375667775150215e-01
1.279700000000081673e+03,1.398895584184137730e-01
1.279800000000081809e+03,1.394424703241329555e-01
1.279900000000081945e+03,1.389963013512016121e-01
1.280000000000081855e+03,1.385510503565380858e-01
1.280100000000081764e+03,1.378701806541303976e-01
1.280200000000081900e+03,1.371913558510174103e-01
1.280300000000082036e+03,1.365144612519712253e-01
1.280400000000081945e+03,1.358394908611232355e-01
1.280500000000081855e+03,1.351664409670493283e-01
1.280600000000081991e+03,1.344953770787921943e-01
1.280700000000082127e+03,1.338293717851374021e-01
1.280800000000082036e+03,1.331652471018536232e-01
1.280900000000081945e+03,1.325029994302512337e-01
1.281000000000082082e+03,1.318426251762219725e-01
1.281100000000082218e+03,1.310248049075095900e-01
1.281200000000082127e+03,1.302092731976729478e-01
1.281300000000082036e+03,1.293960261215864882e-01
1.281400000000082173e+03,1.285850597580121824e-01
1.281500000000082309e+03,1.277763701896029724e-01
1.281600000000082218e+03,1.269699535028952220e-01
1.281700000000082127e+03,1.261658057883062456e-01
1.281800000000082264e+03,1.254043243088438508e-01
1.281900000000082400e+03,1.246586721160445610e-01
1.282000000000082309e+03,1.239146531809787732e-01
1.282100000000082218e+03,1.230131868392188577e-01
1.282200000000082355e+03,1.221137573288431505e-01
1.282300000000082491e+03,1.212163618334616694e-01
1.282400000000082400e+03,1.203209975391747039e-01
1.282500000000082309e+03,1.194276616345687769e-01
1.282600000000082446e+03,1.185363513107182132e-01
1.282700000000082582e+03,1.176470637611887193e-01
1.282800000000082491e+03,1.167597678222556806e-01
1.282900000000082400e+03,1.158873543368280218e-01
1.283000000000082537e+03,1.150318119618828072e-01
1.283100000000082673e+03,1.140114665828175222e-01
1.283200000000082582e+03,1.129935312472148679e-01
1.283300000000082491e+03,1.119780021812861598e-01
1.283400000000082628e+03,1.109648756155918320e-01
1.283500000000082764e+03,1.099541477850417975e-01
1.283600000000082673e+03,1.089458149288876354e-01
1.283700000000082582e+03,1.079398732907139308e-01
1.283800000000082719e+03,1.069363191184387052e-01
1.283900000000082855e+03,1.059351486643153040e-01
1.284000000000082764e+03,1.049377400112548597e-01
1.284100000000082673e+03,1.038464856185723900e-01
1.284200000000082809e+03,1.027575811784647852e-01
1.284300000000082946e+03,1.016710235380318822e-01
1.284400000000082855e+03,1.005868095472287477e-01
1.284500000000082764e+03,9.950493605885815662e-02
1.284600000000082900e+03,9.842539992857450570e-02
1.284700000000083037e+03,9.734819801488676927e-02
1.284800000000082946e+03,9.627331461911611821e-02
1.284900000000082855e+03,9.520075702697912423e-02
1.285000000000082991e+03,9.413052457732251632e-02
1.285100000000083128e+03,9.301848194361946043e-02
1.285200000000083037e+03,9.191617262068368932e-02
1.285300000000082946e+03,9.081621714778791155e-02
1.285400000000083082e+03,8.971710298055515787e-02
1.285500000000083219e+03,8.861806845928935084e-02
1.285600000000083128e+03,8.752052826919558270e-02
1.285700000000083037e+03,8.642448143165286367e-02
1.285800000000083173e+03,8.532992696813883338e-02
1.285900000000083310e+03,8.423686390023596426e-02
1.286000000000083219e+03,8.314529124957777129e-02
1.286100000000083128e+03,8.199671581646247875e-02
1.286200000000083264e+03,8.085004452546172560e-02
1.286300000000083401e+03,7.971011384595071136e-02
1.286400000000083310e+03,7.857485160022498194e-02
1.286500000000083219e+03,7.744125091429079899e-02
1.286600000000083355e+03,7.630931030375256996e-02
1.286700000000083492e+03,7.517902828512479374e-02
1.286800000000083401e+03,7.405040337582628751e-02
1.286900000000083310e+03,7.292343409417470501e-02
1.287000000000083446e+03,7.179811895429033530e-02
1.287100000000083583e+03,6.456638385847919548e-02
1.287200000000083492e+03,5.734621693559287942e-02
1.287300000000083401e+03,5.013760704137239232e-02
1.287400000000083537e+03,4.294125751139826752e-02
1.287500000000083674e+03,3.575736132628737352e-02
1.287600000000083583e+03,2.858428624456994110e-02
1.287700000000083492e+03,2.142202241377598806e-02
1.287800000000083628e+03,1.427055998754811657e-02
1.287900000000083764e+03,7.129875336060726917e-03
1.288000000000083674e+03,0.000000000000000000e+00
1.288100000000083583e+03,0.000000000000000000e+00
1.288200000000083719e+03,0.000000000000000000e+00
1.288300000000083855e+03,0.000000000000000000e+00
1.288400000000083764e+03,0.000000000000000000e+00
1.288500000000083674e+03,0.000000000000000000e+00
1.288600000000083810e+03,0.000000000000000000e+00
1.288700000000083946e+03,0.000000000000000000e+00
1.288800000000083855e+03,0.000000000000000000e+00
1.288900000000083764e+03,0.000000000000000000e+00
1.289000000000083901e+03,0.000000000000000000e+00
1.289100000000084037e+03,0.000000000000000000e+00
1.289200000000083946e+03,0.000000000000000000e+00
1.289300000000083855e+03,0.000000000000000000e+00
1.289400000000083992e+03,0.000000000000000000e+00
1.289500000000084128e+03,0.000000000000000000e+00
1.289600000000084037e+03,0.000000000000000000e+00
1.289700000000083946e+03,0.000000000000000000e+00
1.289800000000084083e+03,0.000000000000000000e+00
1.289900000000084219e+03,0.000000000000000000e+00
1.290000000000084128e+03,5.966372237884394052e-12
1.290100000000084037e+03,7.090903530950056453e-03
1.290200000000084174e+03,1.417962313792888590e-02
1.290300000000084310e+03,2.126615827126525707e-02
1.290400000000084219e+03,2.835050837614708913e-02
1.290500000000084128e+03,3.543267289861962155e-02
1.290600000000084265e+03,4.251265128555295481e-02
1.290700000000084401e+03,4.959044298460898309e-02
1.290800000000084310e+03,5.666743741165249787e-02
1.290900000000084219e+03,6.374416368118011877e-02
1.291000000000084356e+03,7.081939784314732200e-02
1.291100000000084492e+03,7.170341151304705785e-02
1.291200000000084401e+03,7.258747614552563121e-02
1.291300000000084310e+03,7.347159165295663596e-02
1.291400000000084447e+03,7.435575794772310287e-02
1.291500000000084583e+03,7.523997494221287829e-02
1.291600000000084492e+03,7.612424254882249608e-02
1.291700000000084401e+03,7.700856067996179888e-02
1.291800000000084538e+03,7.789292924804942786e-02
1.291900000000084674e+03,7.877946377374613063e-02
1.292000000000084583e+03,7.967375884652107276e-02
1.292100000000084492e+03,8.054394665362608896e-02
1.292200000000084628e+03,8.141422783464644097e-02
1.292300000000084765e+03,8.228460233598579310e-02
1.292400000000084674e+03,8.315507010404425692e-02
1.292500000000084583e+03,8.402563108522222157e-02
1.292600000000084719e+03,8.489628522591684268e-02
1.292700000000084856e+03,8.576886331855265722e-02
1.292800000000084765e+03,8.664165887787501907e-02
1.292900000000084674e+03,8.751458643320093878e-02
1.293000000000084810e+03,8.838764593885997667e-02
1.293100000000084947e+03,8.923027398137146904e-02
1.293200000000084856e+03,9.007329164791459675e-02
1.293300000000084765e+03,9.091656399568782965e-02
1.293400000000084901e+03,9.176009100611558222e-02
1.293500000000085038e+03,9.260387266060128575e-02
1.293600000000084947e+03,9.344790894053155161e-02
1.293700000000084856e+03,9.429219982727969629e-02
1.293800000000084992e+03,9.513674530220218861e-02
1.293900000000085129e+03,9.598154534663469462e-02
1.294000000000085038e+03,9.682659994186337826e-02
1.294100000000084947e+03,9.763433715677266589e-02
1.294200000000085083e+03,9.844424782241305294e-02
1.294300000000085220e+03,9.910571647019528196e-02
1.294400000000085129e+03,9.974450550648662761e-02
1.294500000000085038e+03,1.003813211238525488e-01
1.294600000000085174e+03,1.010161650564401908e-01
1.294700000000085311e+03,1.016490390404401617e-01
1.294800000000085220e+03,1.022799448140882805e-01
1.294900000000085129e+03,1.029088841176652031e-01
1.295000000000085265e+03,1.035359434952856927e-01
1.295100000000085402e+03,1.040244561637319043e-01
1.295200000000085311e+03,1.045076108414932925e-01
1.295300000000085220e+03,1.049874282324214786e-01
1.295400000000085356e+03,1.054632635750595293e-01
1.295500000000085493e+03,1.059367222527455438e-01
1.295600000000085402e+03,1.064078092363980182e-01
1.295700000000085311e+03,1.068765294926639076e-01
1.295800000000085447e+03,1.073428879839153638e-01
1.295900000000085583e+03,1.078029911787479062e-01
1.296000000000085493e+03,1.082597287623607296e-01
1.296100000000085402e+03,1.086373333734106245e-01
1.296200000000085538e+03,1.090130770077675088e-01
1.296300000000085674e+03,1.093869629944352051e-01
1.296400000000085583e+03,1.097582092217045807e-01
1.296500000000085493e+03,1.101202638855708904e-01
1.296600000000085629e+03,1.104804172240213961e-01
1.296700000000085765e+03,1.108405905601778513e-01
1.296800000000085674e+03,1.111994860047102324e-01
1.296900000000085583e+03,1.115565107943614770e-01
1.297000000000085720e+03,1.119116685705505987e-01
1.297100000000085856e+03,1.121051948472667065e-01
1.297200000000085765e+03,1.122971038712894526e-01
1.297300000000085674e+03,1.124874004208813172e-01
1.297400000000085811e+03,1.126760892662578561e-01
1.297500000000085947e+03,1.128623691782079247e-01
1.297600000000085856e+03,1.130482206715029692e-01
1.297700000000085765e+03,1.132329903408349631e-01
1.297800000000085902e+03,1.134161741473670715e-01
1.297900000000086038e+03,1.135977767844763842e-01
1.298000000000085947e+03,1.137778029375981770e-01
1.298100000000085856e+03,1.138554136111750575e-01
1.298200000000085993e+03,1.139320577640606375e-01
1.298300000000086129e+03,1.140095292349145584e-01
1.298400000000086038e+03,1.140868692262009820e-01
1.298500000000085947e+03,1.141632571250197487e-01
1.298600000000086084e+03,1.142386953943305694e-01
1.298700000000086220e+03,1.143146942935799049e-01
1.298800000000086129e+03,1.143910545665234174e-01
1.298900000000086038e+03,1.144664761874438497e-01
1.299000000000086175e+03,1.145409615393082753e-01
1.299100000000086311e+03,1.144574867514376038e-01
1.299200000000086220e+03,1.143736567931587789e-01
1.299300000000086129e+03,1.142894731154860677e-01
1.299400000000086266e+03,1.142049371670639940e-01
1.299500000000086402e+03,1.141200503941678795e-01
1.299600000000086311e+03,1.140348142407058007e-01
1.299700000000086220e+03,1.139492301482186581e-01
1.299800000000086357e+03,1.138647333774438497e-01
1.299900000000086493e+03,1.137840519341915407e-01
1.300000000000086402e+03,1.137030184300557717e-01
1.300100000000086311e+03,1.134680004895724376e-01
1.300200000000086447e+03,1.132333018334905905e-01
1.300300000000086584e+03,1.129989222960302020e-01
1.300400000000086493e+03,1.127648617111694923e-01
1.300500000000086402e+03,1.125311199126442091e-01
1.300600000000086538e+03,1.122976967339503057e-01
1.300700000000086675e+03,1.120645920083438579e-01
1.300800000000086584e+03,1.118318055688413137e-01
1.300900000000086493e+03,1.115993372482189522e-01
1.301000000000086629e+03,1.113698580428883061e-01
1.301100000000086766e+03,1.110400590732196491e-01
1.301200000000086675e+03,1.107109645706345485e-01
1.301300000000086584e+03,1.103825736329457630e-01
1.301400000000086720e+03,1.100548853581870129e-01
1.301500000000086857e+03,1.098315880267076439e-01
1.301600000000086766e+03,1.097002267153024263e-01
1.301700000000086675e+03,1.095688944228819794e-01
1.301800000000086811e+03,1.094375911821967168e-01
1.301900000000086948e+03,1.093063170259894190e-01
1.302000000000086857e+03,1.091750719868671143e-01
1.302100000000086766e+03,1.088920802174621894e-01
1.302200000000086902e+03,1.086067995840017120e-01
1.302300000000087039e+03,1.083329135312829372e-01
1.302400000000086948e+03,1.080707044729961180e-01
1.302500000000086857e+03,1.078085365518282879e-01
1.302600000000086993e+03,1.075464098143511932e-01
1.302700000000087130e+03,1.072843243071335273e-01
1.302800000000087039e+03,1.070222800767401117e-01
1.302900000000086948e+03,1.067602771697298697e-01
1.303000000000087084e+03,1.064983156325211705e-01
1.303100000000087221e+03,1.060832149288851306e-01
1.303200000000087130e+03,1.056748110151437547e-01
1.303300000000087039e+03,1.052680739169729873e-01
1.303400000000087175e+03,1.048614791613606684e-01
1.303500000000087311e+03,1.044550267804371518e-01
1.303600000000087221e+03,1.040487168062938367e-01
1.303700000000087130e+03,1.036425492709823759e-01
1.303800000000087266e+03,1.032365242065152316e-01
1.303900000000087402e+03,1.028306416448685617e-01
1.304000000000087311e+03,1.024249016179025890e-01
1.304100000000087221e+03,1.019301791654930595e-01
1.304200000000087357e+03,1.014351643778487050e-01
1.304300000000087493e+03,1.009399677625827385e-01
1.304400000000087402e+03,1.004445893180663657e-01
1.304500000000087311e+03,9.994902904268213040e-02
1.304600000000087448e+03,9.945328693482341498e-02
1.304700000000087584e+03,9.895997451619216456e-02
1.304800000000087493e+03,9.847076754870032200e-02
1.304900000000087402e+03,9.798130895281058350e-02
1.305000000000087539e+03,9.749154488122922790e-02
1.305100000000087675e+03,9.690182390279146463e-02
1.305200000000087584e+03,9.631162080319960461e-02
1.305300000000087493e+03,9.572093537586130740e-02
1.305400000000087630e+03,9.512976741414512494e-02
1.305500000000087766e+03,9.453787190441273469e-02
1.305600000000087675e+03,9.394678530103077463e-02
1.305700000000087584e+03,9.335520214269983630e-02
1.305800000000087721e+03,9.276312221055380003e-02
1.305900000000087857e+03,9.217054528568580096e-02
1.306000000000087766e+03,9.157747114905818997e-02
1.306100000000087675e+03,9.088511696962912889e-02
1.306200000000087812e+03,9.019220372459235691e-02
1.306300000000087948e+03,8.949935748457504836e-02
1.306400000000087857e+03,8.880739855707539543e-02
1.306500000000087766e+03,8.811484732464058833e-02
1.306600000000087903e+03,8.742170358443444866e-02
1.306700000000088039e+03,8.672796713363765952e-02
1.306800000000087948e+03,8.603393291132883924e-02
1.306900000000087857e+03,8.534044746202125442e-02
1.307000000000087994e+03,8.464634526512219981e-02
1.307100000000088130e+03,8.388344475248789289e-02
1.307200000000088039e+03,8.311968914042525136e-02
1.307300000000087948e+03,8.235507802128683164e-02
1.307400000000088085e+03,8.158961098738171103e-02
1.307500000000088221e+03,8.082328763097915147e-02
1.307600000000088130e+03,8.005610754430475540e-02
1.307700000000088039e+03,7.929064476634833936e-02
1.307800000000088176e+03,7.853040137099795426e-02
1.307900000000088312e+03,7.776872702093667877e-02
1.308000000000088221e+03,7.700463182998065759e-02
1.308100000000088130e+03,7.619303435077777464e-02
1.308200000000088266e+03,7.538019213586596989e-02
1.308300000000088403e+03,7.456610420081768997e-02
1.308400000000088312e+03,7.375076956074443080e-02
1.308500000000088221e+03,7.293418723029268524e-02
1.308600000000088357e+03,7.211635622364737097e-02
1.308700000000088494e+03,7.129727555453581334e-02
1.308800000000088403e+03,7.047696764831867799e-02
1.308900000000088312e+03,6.965709375584308582e-02
1.309000000000088448e+03,6.883592671081623093e-02
1.309100000000088585e+03,6.200265566801708289e-02
1.309200000000088494e+03,5.515822944486492574e-02
1.309300000000088403e+03,4.830263777572912920e-02
1.309400000000088539e+03,4.143587038879768814e-02
1.309500000000088676e+03,3.455768349468577028e-02
1.309600000000088585e+03,2.766728839156662456e-02
1.309700000000088494e+03,2.076633136815997371e-02
1.309800000000088630e+03,1.385480354857263410e-02
1.309900000000088767e+03,6.932696052230837187e-03
1.310000000000088676e+03,0.000000000000000000e+00
1.310100000000088585e+03,0.000000000000000000e+00
1.310200000000088721e+03,0.000000000000000000e+00
1.310300000000088858e+03,0.000000000000000000e+00
1.310400000000088767e+03,0.000000000000000000e+00
1.310500000000088676e+03,0.000000000000000000e+00
1.310600000000088812e+03,0.000000000000000000e+00
1.310700000000088949e+03,0.000000000000000000e+00
1.310800000000088858e+03,0.000000000000000000e+00
1.310900000000088767e+03,0.000000000000000000e+00
1.311000000000088903e+03,0.000000000000000000e+00
1.311100000000089040e+03,0.000000000000000000e+00
1.311200000000088949e+03,0.000000000000000000e+00
1.311300000000088858e+03,0.000000000000000000e+00
1.311400000000088994e+03,0.000000000000000000e+00
1.311500000000089130e+03,0.000000000000000000e+00
1.311600000000089040e+03,0.000000000000000000e+00
1.311700000000088949e+03,0.000000000000000000e+00
1.311800000000089085e+03,0.000000000000000000e+00
1.311900000000089221e+03,0.000000000000000000e+00
1.312000000000089130e+03,0.000000000000000000e+00
1.312100000000089040e+03,0.000000000000000000e+00
1.312200000000089176e+03,0.000000000000000000e+00
1.312300000000089312e+03,0.000000000000000000e+00
1.312400000000089221e+03,0.000000000000000000e+00
1.312500000000089130e+03,0.000000000000000000e+00
1.312600000000089267e+03,0.000000000000000000e+00
1.312700000000089403e+03,0.000000000000000000e+00
1.312800000000089312e+03,0.000000000000000000e+00
1.312900000000089221e+03,0.000000000000000000e+00
1.313000000000089358e+03,5.793850976147242311e-12
1.313100000000089494e+03,6.483610128371206788e-03
1.313200000000089403e+03,1.296669125449761290e-02
1.313300000000089312e+03,1.944924247723909053e-02
1.313400000000089449e+03,2.593126288975209845e-02
1.313500000000089585e+03,3.241275158525400851e-02
1.313600000000089494e+03,3.889370765705296717e-02
1.313700000000089403e+03,4.537413019857715335e-02
1.313800000000089540e+03,5.185401830334568363e-02
1.313900000000089676e+03,5.833337106493941687e-02
1.314000000000089585e+03,6.481218757190465585e-02
1.314100000000089494e+03,6.556955037887933491e-02
1.314200000000089631e+03,6.632672479940318611e-02
1.314300000000089767e+03,6.708376209458229156e-02
1.314400000000089676e+03,6.784062448649874622e-02
1.314500000000089585e+03,6.859627267617653124e-02
1.314600000000089722e+03,6.935105246318370997e-02
1.314700000000089858e+03,7.010560752330409484e-02
1.314800000000089767e+03,7.085993767271972499e-02
1.314900000000089676e+03,7.161404272764464174e-02
1.315000000000089813e+03,7.236792250432272366e-02
1.315100000000089949e+03,7.312304008828177104e-02
1.315200000000089858e+03,7.387977875810816664e-02
1.315300000000089767e+03,7.463688041153790365e-02
1.315400000000089904e+03,7.539413086861657121e-02
1.315500000000090040e+03,7.615152979382455722e-02
1.315600000000089949e+03,7.691032378277025405e-02
1.315700000000089858e+03,7.767182767783810393e-02
1.315800000000089995e+03,7.843355287941720932e-02
1.315900000000090131e+03,7.919549906490584712e-02
1.316000000000090040e+03,7.995922458850444892e-02
1.316100000000089949e+03,8.067743308691809057e-02
1.316200000000090085e+03,8.139563655272198661e-02
1.316300000000090222e+03,8.211383462280265333e-02
1.316400000000090131e+03,8.283202693379573822e-02
1.316500000000090040e+03,8.355021312208921191e-02
1.316600000000090176e+03,8.426839282381982932e-02
1.316700000000090313e+03,8.498677876519622476e-02
1.316800000000090222e+03,8.571391299889015436e-02
1.316900000000090131e+03,8.644241453979406575e-02
1.317000000000090267e+03,8.717107893900612192e-02
1.317100000000090404e+03,8.783317954042449416e-02
1.317200000000090313e+03,8.849516297812476395e-02
1.317300000000090222e+03,8.915702887501819607e-02
1.317400000000090358e+03,8.981877685388876820e-02
1.317500000000090495e+03,9.048040653738932682e-02
1.317600000000090404e+03,9.114514107526898445e-02
1.317700000000090313e+03,9.181083497338013433e-02
1.317800000000090449e+03,9.247647080927405561e-02
1.317900000000090586e+03,9.314029580056668034e-02
1.318000000000090495e+03,9.380351307164282171e-02
1.318100000000090404e+03,9.441782858917356636e-02
1.318200000000090540e+03,9.503227896617512382e-02
1.318300000000090677e+03,9.564686367599407879e-02
1.318400000000090586e+03,9.626481203077362492e-02
1.318500000000090495e+03,9.688419702005823808e-02
1.318600000000090631e+03,9.750377163144746673e-02
1.318700000000090768e+03,9.812353534552363532e-02
1.318800000000090677e+03,9.874348764194859629e-02
1.318900000000090586e+03,9.936362799946675539e-02
1.319000000000090722e+03,9.998275965611859439e-02
1.319100000000090859e+03,1.004597221231149501e-01
1.319200000000090768e+03,1.009361727100546169e-01
1.319300000000090677e+03,1.014121102994416102e-01
1.319400000000090813e+03,1.018875337728686603e-01
1.319500000000090949e+03,1.023624420110147010e-01
1.319600000000090859e+03,1.028368338936457987e-01
1.319700000000090768e+03,1.033107082996178872e-01
1.319800000000090904e+03,1.037840641068737135e-01
1.319900000000091040e+03,1.042569001924404659e-01
1.320000000000090949e+03,1.047276486928826467e-01
1.320100000000090859e+03,1.050020686151075244e-01
1.320200000000090995e+03,1.052751568193430742e-01
1.320300000000091131e+03,1.055466939677647681e-01
1.320400000000091040e+03,1.058168919774105793e-01
1.320500000000090949e+03,1.060857506330911276e-01
1.320600000000091086e+03,1.063532677661598036e-01
1.320700000000091222e+03,1.066194412062363567e-01
1.320800000000091131e+03,1.068827665719106895e-01
1.320900000000091040e+03,1.071437515510289262e-01
1.321000000000091177e+03,1.074033745339002255e-01
1.321100000000091313e+03,1.073778823372776303e-01
1.321200000000091222e+03,1.073501813579445380e-01
1.321300000000091131e+03,1.073178383730754026e-01
1.321400000000091268e+03,1.072830994782304620e-01
1.321500000000091404e+03,1.072461444965557426e-01
1.321600000000091313e+03,1.072069704491385861e-01
1.321700000000091222e+03,1.071656807220232877e-01
1.321800000000091359e+03,1.071222180770346616e-01
1.321900000000091495e+03,1.070765272795630024e-01
1.322000000000091404e+03,1.070286053319435410e-01
1.322100000000091313e+03,1.066629853437936065e-01
1.322200000000091450e+03,1.062948499086558141e-01
1.322300000000091586e+03,1.059241949190426330e-01
1.322400000000091495e+03,1.055526849402637080e-01
1.322500000000091404e+03,1.051795314142695281e-01
1.322600000000091541e+03,1.048038272937067833e-01
1.322700000000091677e+03,1.044255682720796330e-01
1.322800000000091586e+03,1.040447500383727686e-01
1.322900000000091495e+03,1.036613682770462924e-01
1.323000000000091632e+03,1.032754186677504737e-01
1.323100000000091768e+03,1.025784647781574771e-01
1.323200000000091677e+03,1.018802567188361458e-01
1.323300000000091586e+03,1.011807935813511528e-01
1.323400000000091723e+03,1.004800744569953747e-01
1.323500000000091859e+03,9.977899466944525897e-02
1.323600000000091768e+03,9.907816322757106997e-02
1.323700000000091677e+03,9.837603853332232973e-02
1.323800000000091813e+03,9.767261959091384782e-02
1.323900000000091950e+03,9.696790540422463300e-02
1.324000000000091859e+03,9.626088947449294719e-02
1.324100000000091768e+03,9.542424638106580814e-02
1.324200000000091904e+03,9.458795263235082740e-02
1.324300000000092041e+03,9.375200930564249469e-02
1.324400000000091950e+03,9.291641747913771676e-02
1.324500000000091859e+03,9.208117823193215368e-02
1.324600000000091995e+03,9.124668773422914270e-02
1.324700000000092132e+03,9.041654596552435585e-02
1.324800000000092041e+03,8.958411288669443362e-02
1.324900000000091950e+03,8.874836940342040181e-02
1.325000000000092086e+03,8.791301882624237563e-02
1.325100000000092223e+03,8.706628169511627935e-02
1.325200000000092132e+03,8.622145476185402724e-02
1.325300000000092041e+03,8.537854139088496552e-02
1.325400000000092177e+03,8.453754494933168884e-02
1.325500000000092314e+03,8.369739320640466607e-02
1.325600000000092223e+03,8.285742209981657169e-02
1.325700000000092132e+03,8.201705028228907512e-02
1.325800000000092268e+03,8.117552794729473997e-02
1.325900000000092405e+03,8.033536563056493940e-02
1.326000000000092314e+03,7.949732721540393732e-02
1.326100000000092223e+03,7.866955213693643811e-02
1.326200000000092359e+03,7.784507915498808939e-02
1.326300000000092496e+03,7.702391118607332388e-02
1.326400000000092405e+03,7.620546029025816737e-02
1.326500000000092314e+03,7.538916946544965692e-02
1.326600000000092450e+03,7.457623008065709935e-02
1.326700000000092587e+03,7.376664482306609372e-02
1.326800000000092496e+03,7.296041638061073753e-02
1.326900000000092405e+03,7.215569802704357993e-02
1.327000000000092541e+03,7.135275153785340663e-02
1.327100000000092678e+03,7.053727448698901559e-02
1.327200000000092587e+03,6.972580651349670477e-02
1.327300000000092496e+03,6.891835290041821438e-02
1.327400000000092632e+03,6.811491893432142231e-02
1.327500000000092768e+03,6.731550990530664469e-02
1.327600000000092678e+03,6.652013110700348564e-02
1.327700000000092587e+03,6.572878783656929680e-02
1.327800000000092723e+03,6.494148539469359049e-02
1.327900000000092859e+03,6.415822908560381288e-02
1.328000000000092768e+03,6.337940538747967312e-02
1.328100000000092678e+03,6.249435430262655078e-02
1.328200000000092814e+03,6.161515380349601168e-02
1.328300000000092950e+03,6.074180651765739153e-02
1.328400000000092859e+03,5.987431507256409102e-02
1.328500000000092768e+03,5.901268209554993982e-02
1.328600000000092905e+03,5.815691021383294357e-02
1.328700000000093041e+03,5.730700205451850354e-02
1.328800000000092950e+03,5.646381881838453964e-02
1.328900000000092859e+03,5.562950173414024646e-02
1.329000000000092996e+03,5.480094069301068987e-02
1.329100000000093132e+03,5.385405197906671659e-02
1.329200000000093041e+03,5.291483275763033539e-02
1.329300000000092950e+03,5.198329824604763089e-02
1.329400000000093087e+03,5.105945459105029616e-02
1.329500000000093223e+03,5.014330794136354769e-02
1.329600000000093132e+03,4.923548083812172294e-02
1.329700000000093041e+03,4.833809588847641503e-02
1.329800000000093178e+03,4.744830227060629901e-02
1.329900000000093314e+03,4.656610775469700869e-02
1.330000000000093223e+03,4.569152011448393558e-02
1.330100000000093132e+03,4.471438817680316313e-02
1.330200000000093269e+03,4.374685014616230133e-02
1.330300000000093405e+03,4.278749534718214592e-02
1.330400000000093314e+03,4.183773976733999589e-02
1.330500000000093223e+03,4.090094842394530195e-02
1.330600000000093360e+03,3.997377060206457056e-02
1.330700000000093496e+03,3.905616748597746934e-02
1.330800000000093405e+03,3.814815354493510113e-02
1.330900000000093314e+03,3.724973154297250150e-02
1.331000000000093451e+03,3.636090497288584078e-02
1.331100000000093587e+03,3.542645741130424214e-02
1.331200000000093496e+03,3.450334806057016312e-02
1.331300000000093405e+03,3.359342449018967725e-02
1.331400000000093542e+03,3.269417421819506564e-02
1.331500000000093678e+03,3.180549765512605265e-02
1.331600000000093587e+03,3.092789251227660505e-02
1.331700000000093496e+03,3.006168678455481760e-02
1.331800000000093632e+03,2.920675594821938240e-02
1.331900000000093769e+03,2.836291646604385472e-02
1.332000000000093678e+03,2.753022596242632458e-02
1.332100000000093587e+03,2.671682098031776323e-02
1.332200000000093723e+03,2.591457473951695734e-02
1.332300000000093860e+03,2.512350489644633172e-02
1.332400000000093769e+03,2.434362912196907924e-02
1.332500000000093678e+03,2.357510975235882836e-02
1.332600000000093814e+03,2.281877373557483421e-02
1.332700000000093951e+03,2.207361274974335361e-02
1.332800000000093860e+03,2.133964616275806775e-02
1.332900000000093769e+03,2.061689336025960759e-02
1.333000000000093905e+03,1.990537374408027013e-02
1.333100000000094042e+03,1.756706354059631506e-02
1.333200000000093951e+03,1.530561821821581694e-02
1.333300000000093860e+03,1.312119419890087069e-02
1.333400000000093996e+03,1.101394808540806340e-02
1.333500000000094133e+03,8.984036661444391378e-03
1.333600000000094042e+03,7.031616891803646636e-03
1.333700000000093951e+03,5.157162337529709768e-03
1.333800000000094087e+03,3.360330737413214173e-03
1.333900000000094224e+03,1.641218388303800632e-03
1.334000000000094133e+03,0.000000000000000000e+00
1.334100000000094042e+03,0.000000000000000000e+00
1.334200000000094178e+03,0.000000000000000000e+00
1.334300000000094315e+03,0.000000000000000000e+00
1.334400000000094224e+03,0.000000000000000000e+00
1.334500000000094133e+03,0.000000000000000000e+00
1.334600000000094269e+03,0.000000000000000000e+00
1.334700000000094406e+03,0.000000000000000000e+00
1.334800000000094315e+03,0.000000000000000000e+00
1.334900000000094224e+03,0.000000000000000000e+00
1.335000000000094360e+03,0.000000000000000000e+00
1.335100000000094496e+03,0.000000000000000000e+00
1.335200000000094406e+03,0.000000000000000000e+00
1.335300000000094315e+03,0.000000000000000000e+00
1.335400000000094451e+03,0.000000000000000000e+00
1.335500000000094587e+03,0.000000000000000000e+00
1.335600000000094496e+03,0.000000000000000000e+00
1.335700000000094406e+03,0.000000000000000000e+00
1.335800000000094542e+03,0.000000000000000000e+00
1.335900000000094678e+03,0.000000000000000000e+00
1.336000000000094587e+03,0.000000000000000000e+00
1.336100000000094496e+03,0.000000000000000000e+00
1.336200000000094633e+03,0.000000000000000000e+00
1.336300000000094769e+03,0.000000000000000000e+00
1.336400000000094678e+03,0.000000000000000000e+00
1.336500000000094587e+03,0.000000000000000000e+00
1.336600000000094724e+03,0.000000000000000000e+00
1.336700000000094860e+03,0.000000000000000000e+00
1.336800000000094769e+03,0.000000000000000000e+00
1.336900000000094678e+03,0.000000000000000000e+00
1.337000000000094815e+03,0.000000000000000000e+00
1.337100000000094951e+03,0.000000000000000000e+00
1.337200000000094860e+03,0.000000000000000000e+00
1.337300000000094769e+03,0.000000000000000000e+00
1.337400000000094906e+03,0.000000000000000000e+00
1.337500000000095042e+03,0.000000000000000000e+00
1.337600000000094951e+03,0.000000000000000000e+00
1.337700000000094860e+03,0.000000000000000000e+00
1.337800000000094997e+03,0.000000000000000000e+00
1.337900000000095133e+03,0.000000000000000000e+00
1.338000000000095042e+03,0.000000000000000000e+00
1.338100000000094951e+03,0.000000000000000000e+00
1.338200000000095088e+03,0.000000000000000000e+00
1.338300000000095224e+03,0.000000000000000000e+00
1.338400000000095133e+03,0.000000000000000000e+00
1.338500000000095042e+03,0.000000000000000000e+00
1.338600000000095179e+03,0.000000000000000000e+00
1.338700000000095315e+03,0.000000000000000000e+00
1.338800000000095224e+03,0.000000000000000000e+00
1.338900000000095133e+03,0.000000000000000000e+00
1.339000000000095270e+03,0.000000000000000000e+00
1.339100000000095406e+03,0.000000000000000000e+00
1.339200000000095315e+03,0.000000000000000000e+00
1.339300000000095224e+03,0.000000000000000000e+00
1.339400000000095361e+03,0.000000000000000000e+00
1.339500000000095497e+03,0.000000000000000000e+00
1.339600000000095406e+03,0.000000000000000000e+00
1.339700000000095315e+03,0.000000000000000000e+00
1.339800000000095451e+03,0.000000000000000000e+00
1.339900000000095588e+03,0.000000000000000000e+00
1.340000000000095497e+03,0.000000000000000000e+00
1.340100000000095406e+03,0.000000000000000000e+00
1.340200000000095542e+03,0.000000000000000000e+00
1.340300000000095679e+03,0.000000000000000000e+00
1.340400000000095588e+03,0.000000000000000000e+00
1.340500000000095497e+03,0.000000000000000000e+00
1.340600000000095633e+03,0.000000000000000000e+00
1.340700000000095770e+03,0.000000000000000000e+00
1.340800000000095679e+03,0.000000000000000000e+00
1.340900000000095588e+03,0.000000000000000000e+00
1.341000000000095724e+03,0.000000000000000000e+00
1.341100000000095861e+03,0.000000000000000000e+00
1.341200000000095770e+03,0.000000000000000000e+00
1.341300000000095679e+03,0.000000000000000000e+00
1.341400000000095815e+03,0.000000000000000000e+00
1.341500000000095952e+03,0.000000000000000000e+00
1.341600000000095861e+03,0.000000000000000000e+00
1.341700000000095770e+03,0.000000000000000000e+00
1.341800000000095906e+03,0.000000000000000000e+00
1.341900000000096043e+03,0.000000000000000000e+00
1.342000000000095952e+03,0.000000000000000000e+00
1.342100000000095861e+03,0.000000000000000000e+00
1.342200000000095997e+03,0.000000000000000000e+00
1.342300000000096134e+03,0.000000000000000000e+00
1.342400000000096043e+03,0.000000000000000000e+00
1.342500000000095952e+03,0.000000000000000000e+00
1.342600000000096088e+03,0.000000000000000000e+00
1.342700000000096225e+03,0.000000000000000000e+00
1.342800000000096134e+03,0.000000000000000000e+00
1.342900000000096043e+03,0.000000000000000000e+00
1.343000000000096179e+03,0.000000000000000000e+00
1.343100000000096315e+03,0.000000000000000000e+00
1.343200000000096225e+03,0.000000000000000000e+00
1.343300000000096134e+03,0.000000000000000000e+00
1.343400000000096270e+03,0.000000000000000000e+00
1.343500000000096406e+03,0.000000000000000000e+00
1.343600000000096315e+03,0.000000000000000000e+00
1.343700000000096225e+03,0.000000000000000000e+00
1.343800000000096361e+03,0.000000000000000000e+00
1.343900000000096497e+03,0.000000000000000000e+00
1.344000000000096406e+03,0.000000000000000000e+00
1.344100000000096315e+03,0.000000000000000000e+00
1.344200000000096452e+03,0.000000000000000000e+00
1.344300000000096588e+03,0.000000000000000000e+00
1.344400000000096497e+03,0.000000000000000000e+00
1.344500000000096406e+03,0.000000000000000000e+00
1.344600000000096543e+03,0.000000000000000000e+00
1.344700000000096679e+03,0.000000000000000000e+00
1.344800000000096588e+03,0.000000000000000000e+00
1.344900000000096497e+03,0.000000000000000000e+00
1.345000000000096634e+03,0.000000000000000000e+00
1.345100000000096770e+03,0.000000000000000000e+00
1.345200000000096679e+03,0.000000000000000000e+00
1.345300000000096588e+03,0.000000000000000000e+00
1.345400000000096725e+03,0.000000000000000000e+00
1.345500000000096861e+03,0.000000000000000000e+00
1.345600000000096770e+03,0.000000000000000000e+00
1.345700000000096679e+03,0.000000000000000000e+00
1.345800000000096816e+03,0.000000000000000000e+00
1.345900000000096952e+03,0.000000000000000000e+00
1.346000000000096861e+03,0.000000000000000000e+00
1.346100000000096770e+03,0.000000000000000000e+00
1.346200000000096907e+03,0.000000000000000000e+00
1.346300000000097043e+03,0.000000000000000000e+00
1.346400000000096952e+03,0.000000000000000000e+00
1.346500000000096861e+03,0.000000000000000000e+00
1.346600000000096998e+03,0.000000000000000000e+00
1.346700000000097134e+03,0.000000000000000000e+00
1.346800000000097043e+03,0.000000000000000000e+00
1.346900000000096952e+03,0.000000000000000000e+00
1.347000000000097089e+03,0.000000000000000000e+00
1.347100000000097225e+03,0.000000000000000000e+00
1.347200000000097134e+03,0.000000000000000000e+00
1.347300000000097043e+03,0.000000000000000000e+00
1.347400000000097180e+03,0.000000000000000000e+00
1.347500000000097316e+03,0.000000000000000000e+00
1.347600000000097225e+03,0.000000000000000000e+00
1.347700000000097134e+03,0.000000000000000000e+00
1.347800000000097270e+03,0.000000000000000000e+00
1.347900000000097407e+03,0.000000000000000000e+00
1.348000000000097316e+03,0.000000000000000000e+00
1.348100000000097225e+03,0.000000000000000000e+00
1.348200000000097361e+03,0.000000000000000000e+00
1.348300000000097498e+03,0.000000000000000000e+00
1.348400000000097407e+03,0.000000000000000000e+00
1.348500000000097316e+03,0.000000000000000000e+00
1.348600000000097452e+03,0.000000000000000000e+00
1.348700000000097589e+03,0.000000000000000000e+00
1.348800000000097498e+03,0.000000000000000000e+00
1.348900000000097407e+03,0.000000000000000000e+00
1.349000000000097543e+03,0.000000000000000000e+00
1.349100000000097680e+03,0.000000000000000000e+00
1.349200000000097589e+03,0.000000000000000000e+00
1.349300000000097498e+03,0.000000000000000000e+00
1.349400000000097634e+03,0.000000000000000000e+00
1.349500000000097771e+03,0.000000000000000000e+00
1.349600000000097680e+03,0.000000000000000000e+00
1.349700000000097589e+03,0.000000000000000000e+00
1.349800000000097725e+03,0.000000000000000000e+00
1.349900000000097862e+03,0.000000000000000000e+00
1.350000000000097771e+03,0.000000000000000000e+00
1.350100000000097680e+03,0.000000000000000000e+00
1.350200000000097816e+03,0.000000000000000000e+00
1.350300000000097953e+03,0.000000000000000000e+00
1.350400000000097862e+03,0.000000000000000000e+00
1.350500000000097771e+03,0.000000000000000000e+00
1.350600000000097907e+03,0.000000000000000000e+00
1.350700000000098044e+03,0.000000000000000000e+00
1.350800000000097953e+03,0.000000000000000000e+00
1.350900000000097862e+03,0.000000000000000000e+00
1.351000000000097998e+03,0.000000000000000000e+00
1.351100000000098134e+03,0.000000000000000000e+00
1.351200000000098044e+03,0.000000000000000000e+00
1.351300000000097953e+03,0.000000000000000000e+00
1.351400000000098089e+03,0.000000000000000000e+00
1.351500000000098225e+03,0.000000000000000000e+00
1.351600000000098134e+03,0.000000000000000000e+00
1.351700000000098044e+03,0.000000000000000000e+00
1.351800000000098180e+03,0.000000000000000000e+00
1.351900000000098316e+03,0.000000000000000000e+00
1.352000000000098225e+03,0.000000000000000000e+00
1.352100000000098134e+03,0.000000000000000000e+00
1.352200000000098271e+03,0.000000000000000000e+00
1.352300000000098407e+03,0.000000000000000000e+00
1.352400000000098316e+03,0.000000000000000000e+00
1.352500000000098225e+03,0.000000000000000000e+00
1.352600000000098362e+03,0.000000000000000000e+00
1.352700000000098498e+03,0.000000000000000000e+00
1.352800000000098407e+03,0.000000000000000000e+00
1.352900000000098316e+03,0.000000000000000000e+00
1.353000000000098453e+03,0.000000000000000000e+00
1.353100000000098589e+03,0.000000000000000000e+00
1.353200000000098498e+03,0.000000000000000000e+00
1.353300000000098407e+03,0.000000000000000000e+00
1.353400000000098544e+03,0.000000000000000000e+00
1.353500000000098680e+03,0.000000000000000000e+00
1.353600000000098589e+03,0.000000000000000000e+00
1.353700000000098498e+03,0.000000000000000000e+00
1.353800000000098635e+03,0.000000000000000000e+00
1.353900000000098771e+03,0.000000000000000000e+00
1.354000000000098680e+03,0.000000000000000000e+00
1.354100000000098589e+03,0.000000000000000000e+00
1.354200000000098726e+03,0.000000000000000000e+00
1.354300000000098862e+03,0.000000000000000000e+00
1.354400000000098771e+03,0.000000000000000000e+00
1.354500000000098680e+03,0.000000000000000000e+00
1.354600000000098817e+03,0.000000000000000000e+00
1.354700000000098953e+03,0.000000000000000000e+00
1.354800000000098862e+03,0.000000000000000000e+00
1.354900000000098771e+03,0.000000000000000000e+00
1.355000000000098908e+03,0.000000000000000000e+00
1.355100000000099044e+03,0.000000000000000000e+00
1.355200000000098953e+03,0.000000000000000000e+00
1.355300000000098862e+03,0.000000000000000000e+00
1.355400000000098998e+03,0.000000000000000000e+00
1.355500000000099135e+03,0.000000000000000000e+00
1.355600000000099044e+03,0.000000000000000000e+00
1.355700000000098953e+03,0.000000000000000000e+00
1.355800000000099089e+03,0.000000000000000000e+00
1.355900000000099226e+03,0.000000000000000000e+00
1.356000000000099135e+03,0.000000000000000000e+00
1.356100000000099044e+03,0.000000000000000000e+00
1.356200000000099180e+03,0.000000000000000000e+00
1.356300000000099317e+03,0.000000000000000000e+00
1.356400000000099226e+03,0.000000000000000000e+00
1.356500000000099135e+03,0.000000000000000000e+00
1.356600000000099271e+03,0.000000000000000000e+00
1.356700000000099408e+03,0.000000000000000000e+00
1.356800000000099317e+03,0.000000000000000000e+00
1.356900000000099226e+03,0.000000000000000000e+00
1.357000000000099362e+03,0.000000000000000000e+00
1.357100000000099499e+03,0.000000000000000000e+00
1.357200000000099408e+03,0.000000000000000000e+00
1.357300000000099317e+03,0.000000000000000000e+00
1.357400000000099453e+03,0.000000000000000000e+00
1.357500000000099590e+03,0.000000000000000000e+00
1.357600000000099499e+03,0.000000000000000000e+00
1.357700000000099408e+03,0.000000000000000000e+00
1.357800000000099544e+03,0.000000000000000000e+00
1.357900000000099681e+03,0.000000000000000000e+00
1.358000000000099590e+03,0.000000000000000000e+00
1.358100000000099499e+03,0.000000000000000000e+00
1.358200000000099635e+03,0.000000000000000000e+00
1.358300000000099772e+03,0.000000000000000000e+00
1.358400000000099681e+03,0.000000000000000000e+00
1.358500000000099590e+03,0.000000000000000000e+00
1.358600000000099726e+03,0.000000000000000000e+00
1.358700000000099863e+03,0.000000000000000000e+00
1.358800000000099772e+03,0.000000000000000000e+00
1.358900000000099681e+03,0.000000000000000000e+00
1.359000000000099817e+03,0.000000000000000000e+00
1.359100000000099953e+03,0.000000000000000000e+00
1.359200000000099863e+03,0.000000000000000000e+00
1.359300000000099772e+03,0.000000000000000000e+00
1.359400000000099908e+03,0.000000000000000000e+00
1.359500000000100044e+03,0.000000000000000000e+00
1.359600000000099953e+03,0.000000000000000000e+00
1.359700000000099863e+03,0.000000000000000000e+00
1.359800000000099999e+03,0.000000000000000000e+00
1.359900000000100135e+03,0.000000000000000000e+00
1.360000000000100044e+03,0.000000000000000000e+00
1.360100000000099953e+03,0.000000000000000000e+00
1.360200000000100090e+03,0.000000000000000000e+00
1.360300000000100226e+03,0.000000000000000000e+00
1.360400000000100135e+03,0.000000000000000000e+00
1.360500000000100044e+03,0.000000000000000000e+00
1.360600000000100181e+03,0.000000000000000000e+00
1.360700000000100317e+03,0.000000000000000000e+00
1.360800000000100226e+03,0.000000000000000000e+00
1.360900000000100135e+03,0.000000000000000000e+00
1.361000000000100272e+03,0.000000000000000000e+00
1.361100000000100408e+03,0.000000000000000000e+00
1.361200000000100317e+03,0.000000000000000000e+00
1.361300000000100226e+03,0.000000000000000000e+00
1.361400000000100363e+03,0.000000000000000000e+00
1.361500000000100499e+03,0.000000000000000000e+00
1.361600000000100408e+03,0.000000000000000000e+00
1.361700000000100317e+03,0.000000000000000000e+00
1.361800000000100454e+03,0.000000000000000000e+00
1.361900000000100590e+03,0.000000000000000000e+00
1.362000000000100499e+03,0.000000000000000000e+00
1.362100000000100408e+03,0.000000000000000000e+00
1.362200000000100545e+03,0.000000000000000000e+00
1.362300000000100681e+03,0.000000000000000000e+00
1.362400000000100590e+03,0.000000000000000000e+00
1.362500000000100499e+03,0.000000000000000000e+00
1.362600000000100636e+03,0.000000000000000000e+00
1.362700000000100772e+03,0.000000000000000000e+00
1.362800000000100681e+03,0.000000000000000000e+00
1.362900000000100590e+03,0.000000000000000000e+00
1.363000000000100727e+03,0.000000000000000000e+00
1.363100000000100863e+03,0.000000000000000000e+00
1.363200000000100772e+03,0.000000000000000000e+00
1.363300000000100681e+03,0.000000000000000000e+00
1.363400000000100817e+03,0.000000000000000000e+00
1.363500000000100954e+03,0.000000000000000000e+00
1.363600000000100863e+03,0.000000000000000000e+00
1.363700000000100772e+03,0.000000000000000000e+00
1.363800000000100908e+03,0.000000000000000000e+00
1.363900000000101045e+03,0.000000000000000000e+00
1.364000000000100954e+03,0.000000000000000000e+00
1.364100000000100863e+03,0.000000000000000000e+00
1.364200000000100999e+03,0.000000000000000000e+00
1.364300000000101136e+03,0.000000000000000000e+00
1.364400000000101045e+03,0.000000000000000000e+00
1.364500000000100954e+03,0.000000000000000000e+00
1.364600000000101090e+03,0.000000000000000000e+00
1.364700000000101227e+03,0.000000000000000000e+00
1.364800000000101136e+03,0.000000000000000000e+00
1.364900000000101045e+03,0.000000000000000000e+00
1.365000000000101181e+03,0.000000000000000000e+00
1.365100000000101318e+03,0.000000000000000000e+00
1.365200000000101227e+03,0.000000000000000000e+00
1.365300000000101136e+03,0.000000000000000000e+00
1.365400000000101272e+03,0.000000000000000000e+00
1.365500000000101409e+03,0.000000000000000000e+00
1.365600000000101318e+03,0.000000000000000000e+00
1.365700000000101227e+03,0.000000000000000000e+00
1.365800000000101363e+03,0.000000000000000000e+00
1.365900000000101500e+03,0.000000000000000000e+00
1.366000000000101409e+03,0.000000000000000000e+00
1.366100000000101318e+03,0.000000000000000000e+00
1.366200000000101454e+03,0.000000000000000000e+00
1.366300000000101591e+03,0.000000000000000000e+00
1.366400000000101500e+03,0.000000000000000000e+00
1.366500000000101409e+03,0.000000000000000000e+00
1.366600000000101545e+03,0.000000000000000000e+00
1.366700000000101682e+03,0.000000000000000000e+00
1.366800000000101591e+03,0.000000000000000000e+00
1.366900000000101500e+03,0.000000000000000000e+00
1.367000000000101636e+03,0.000000000000000000e+00
1.367100000000101772e+03,0.000000000000000000e+00
1.367200000000101682e+03,0.000000000000000000e+00
1.367300000000101591e+03,0.000000000000000000e+00
1.367400000000101727e+03,0.000000000000000000e+00
1.367500000000101863e+03,0.000000000000000000e+00
1.367600000000101772e+03,0.000000000000000000e+00
1.367700000000101682e+03,0.000000000000000000e+00
1.367800000000101818e+03,0.000000000000000000e+00
1.367900000000101954e+03,0.000000000000000000e+00
1.368000000000101863e+03,0.000000000000000000e+00
1.368100000000101772e+03,0.000000000000000000e+00
1.368200000000101909e+03,0.000000000000000000e+00
1.368300000000102045e+03,0.000000000000000000e+00
1.368400000000101954e+03,0.000000000000000000e+00
1.368500000000101863e+03,0.000000000000000000e+00
1.368600000000102000e+03,0.000000000000000000e+00
1.368700000000102136e+03,0.000000000000000000e+00
1.368800000000102045e+03,0.000000000000000000e+00
1.368900000000101954e+03,0.000000000000000000e+00
1.369000000000102091e+03,0.000000000000000000e+00
1.369100000000102227e+03,0.000000000000000000e+00
1.369200000000102136e+03,0.000000000000000000e+00
1.369300000000102045e+03,0.000000000000000000e+00
1.369400000000102182e+03,0.000000000000000000e+00
1.369500000000102318e+03,0.000000000000000000e+00
1.369600000000102227e+03,0.000000000000000000e+00
1.369700000000102136e+03,0.000000000000000000e+00
1.369800000000102273e+03,0.000000000000000000e+00
1.369900000000102409e+03,0.000000000000000000e+00
1.370000000000102318e+03,0.000000000000000000e+00
1.370100000000102227e+03,0.000000000000000000e+00
1.370200000000102364e+03,0.000000000000000000e+00
1.370300000000102500e+03,0.000000000000000000e+00
1.370400000000102409e+03,0.000000000000000000e+00
1.370500000000102318e+03,0.000000000000000000e+00
1.370600000000102455e+03,0.000000000000000000e+00
1.370700000000102591e+03,0.000000000000000000e+00
1.370800000000102500e+03,0.000000000000000000e+00
1.370900000000102409e+03,0.000000000000000000e+00
1.371000000000102546e+03,0.000000000000000000e+00
1.371100000000102682e+03,0.000000000000000000e+00
1.371200000000102591e+03,0.000000000000000000e+00
1.371300000000102500e+03,0.000000000000000000e+00
1.371400000000102636e+03,0.000000000000000000e+00
1.371500000000102773e+03,0.000000000000000000e+00
1.371600000000102682e+03,0.000000000000000000e+00
1.371700000000102591e+03,0.000000000000000000e+00
1.371800000000102727e+03,0.000000000000000000e+00
1.371900000000102864e+03,0.000000000000000000e+00
1.372000000000102773e+03,0.000000000000000000e+00
1.372100000000102682e+03,0.000000000000000000e+00
1.372200000000102818e+03,0.000000000000000000e+00
1.372300000000102955e+03,0.000000000000000000e+00
1.372400000000102864e+03,0.000000000000000000e+00
1.372500000000102773e+03,0.000000000000000000e+00
1.372600000000102909e+03,0.000000000000000000e+00
1.372700000000103046e+03,0.000000000000000000e+00
1.372800000000102955e+03,0.000000000000000000e+00
1.372900000000102864e+03,0.000000000000000000e+00
1.373000000000103000e+03,0.000000000000000000e+00
1.373100000000103137e+03,0.000000000000000000e+00
1.373200000000103046e+03,0.000000000000000000e+00
1.373300000000102955e+03,0.000000000000000000e+00
1.373400000000103091e+03,0.000000000000000000e+00
1.373500000000103228e+03,0.000000000000000000e+00
1.373600000000103137e+03,0.000000000000000000e+00
1.373700000000103046e+03,0.000000000000000000e+00
1.373800000000103182e+03,0.000000000000000000e+00
1.373900000000103319e+03,0.000000000000000000e+00
1.374000000000103228e+03,0.000000000000000000e+00
1.374100000000103137e+03,0.000000000000000000e+00
1.374200000000103273e+03,0.000000000000000000e+00
1.374300000000103410e+03,0.000000000000000000e+00
1.374400000000103319e+03,0.000000000000000000e+00
1.374500000000103228e+03,0.000000000000000000e+00
1.374600000000103364e+03,0.000000000000000000e+00
1.374700000000103500e+03,0.000000000000000000e+00
1.374800000000103410e+03,0.000000000000000000e+00
1.374900000000103319e+03,0.000000000000000000e+00
1.375000000000103455e+03,0.000000000000000000e+00
1.375100000000103591e+03,0.000000000000000000e+00
1.375200000000103500e+03,0.000000000000000000e+00
1.375300000000103410e+03,0.000000000000000000e+00
1.375400000000103546e+03,0.000000000000000000e+00
1.375500000000103682e+03,0.000000000000000000e+00
1.375600000000103591e+03,0.000000000000000000e+00
1.375700000000103500e+03,0.000000000000000000e+00
1.375800000000103637e+03,0.000000000000000000e+00
1.375900000000103773e+03,0.000000000000000000e+00
1.376000000000103682e+03,0.000000000000000000e+00
1.376100000000103591e+03,0.000000000000000000e+00
1.376200000000103728e+03,0.000000000000000000e+00
1.376300000000103864e+03,0.000000000000000000e+00
1.376400000000103773e+03,0.000000000000000000e+00
1.376500000000103682e+03,0.000000000000000000e+00
1.376600000000103819e+03,0.000000000000000000e+00
1.376700000000103955e+03,0.000000000000000000e+00
1.376800000000103864e+03,0.000000000000000000e+00
1.376900000000103773e+03,0.000000000000000000e+00
1.377000000000103910e+03,0.000000000000000000e+00
1.377100000000104046e+03,0.000000000000000000e+00
1.377200000000103955e+03,0.000000000000000000e+00
1.377300000000103864e+03,0.000000000000000000e+00
1.377400000000104001e+03,0.000000000000000000e+00
1.377500000000104137e+03,0.000000000000000000e+00
1.377600000000104046e+03,0.000000000000000000e+00
1.377700000000103955e+03,0.000000000000000000e+00
1.377800000000104092e+03,0.000000000000000000e+00
1.377900000000104228e+03,0.000000000000000000e+00
1.378000000000104137e+03,0.000000000000000000e+00
1.378100000000104046e+03,0.000000000000000000e+00
1.378200000000104183e+03,0.000000000000000000e+00
1.378300000000104319e+03,0.000000000000000000e+00
1.378400000000104228e+03,0.000000000000000000e+00
1.378500000000104137e+03,0.000000000000000000e+00
1.378600000000104274e+03,0.000000000000000000e+00
1.378700000000104410e+03,0.000000000000000000e+00
1.378800000000104319e+03,0.000000000000000000e+00
1.378900000000104228e+03,0.000000000000000000e+00
1.379000000000104365e+03,0.000000000000000000e+00
1.379100000000104501e+03,0.000000000000000000e+00
1.379200000000104410e+03,0.000000000000000000e+00
1.379300000000104319e+03,0.000000000000000000e+00
1.379400000000104455e+03,0.000000000000000000e+00
1.379500000000104592e+03,0.000000000000000000e+00
1.379600000000104501e+03,0.000000000000000000e+00
1.379700000000104410e+03,0.000000000000000000e+00
1.379800000000104546e+03,0.000000000000000000e+00
1.379900000000104683e+03,0.000000000000000000e+00
1.380000000000104592e+03,0.000000000000000000e+00
1.380100000000104501e+03,0.000000000000000000e+00
1.380200000000104637e+03,0.000000000000000000e+00
1.380300000000104774e+03,0.000000000000000000e+00
1.380400000000104683e+03,0.000000000000000000e+00
1.380500000000104592e+03,0.000000000000000000e+00
1.380600000000104728e+03,0.000000000000000000e+00
1.380700000000104865e+03,0.000000000000000000e+00
1.380800000000104774e+03,0.000000000000000000e+00
1.380900000000104683e+03,0.000000000000000000e+00
1.381000000000104819e+03,0.000000000000000000e+00
1.381100000000104956e+03,0.000000000000000000e+00
1.381200000000104865e+03,0.000000000000000000e+00
1.381300000000104774e+03,0.000000000000000000e+00
1.381400000000104910e+03,0.000000000000000000e+00
1.381500000000105047e+03,0.000000000000000000e+00
1.381600000000104956e+03,0.000000000000000000e+00
1.381700000000104865e+03,0.000000000000000000e+00
1.381800000000105001e+03,0.000000000000000000e+00
1.381900000000105138e+03,0.000000000000000000e+00
1.382000000000105047e+03,0.000000000000000000e+00
1.382100000000104956e+03,0.000000000000000000e+00
1.382200000000105092e+03,0.000000000000000000e+00
1.382300000000105229e+03,0.000000000000000000e+00
1.382400000000105138e+03,0.000000000000000000e+00
1.382500000000105047e+03,0.000000000000000000e+00
1.382600000000105183e+03,0.000000000000000000e+00
1.382700000000105319e+03,0.000000000000000000e+00
1.382800000000105229e+03,0.000000000000000000e+00
1.382900000000105138e+03,0.000000000000000000e+00
1.383000000000105274e+03,0.000000000000000000e+00
1.383100000000105410e+03,0.000000000000000000e+00
1.383200000000105319e+03,0.000000000000000000e+00
1.383300000000105229e+03,0.000000000000000000e+00
1.383400000000105365e+03,0.000000000000000000e+00
1.383500000000105501e+03,0.000000000000000000e+00
1.383600000000105410e+03,0.000000000000000000e+00
1.383700000000105319e+03,0.000000000000000000e+00
1.383800000000105456e+03,0.000000000000000000e+00
1.383900000000105592e+03,0.000000000000000000e+00
1.384000000000105501e+03,0.000000000000000000e+00
1.384100000000105410e+03,0.000000000000000000e+00
1.384200000000105547e+03,0.000000000000000000e+00
1.384300000000105683e+03,0.000000000000000000e+00
1.384400000000105592e+03,0.000000000000000000e+00
1.384500000000105501e+03,0.000000000000000000e+00
1.384600000000105638e+03,0.000000000000000000e+00
1.384700000000105774e+03,0.000000000000000000e+00
1.384800000000105683e+03,0.000000000000000000e+00
1.384900000000105592e+03,0.000000000000000000e+00
1.385000000000105729e+03,0.000000000000000000e+00
1.385100000000105865e+03,0.000000000000000000e+00
1.385200000000105774e+03,0.000000000000000000e+00
1.385300000000105683e+03,0.000000000000000000e+00
1.385400000000105820e+03,0.000000000000000000e+00
1.385500000000105956e+03,0.000000000000000000e+00
1.385600000000105865e+03,0.000000000000000000e+00
1.385700000000105774e+03,0.000000000000000000e+00
1.385800000000105911e+03,0.000000000000000000e+00
1.385900000000106047e+03,0.000000000000000000e+00
1.386000000000105956e+03,0.000000000000000000e+00
1.386100000000105865e+03,0.000000000000000000e+00
1.386200000000106002e+03,0.000000000000000000e+00
1.386300000000106138e+03,0.000000000000000000e+00
1.386400000000106047e+03,0.000000000000000000e+00
1.386500000000105956e+03,0.000000000000000000e+00
1.386600000000106093e+03,0.000000000000000000e+00
1.386700000000106229e+03,0.000000000000000000e+00
1.386800000000106138e+03,0.000000000000000000e+00
1.386900000000106047e+03,0.000000000000000000e+00
1.387000000000106184e+03,0.000000000000000000e+00
1.387100000000106320e+03,0.000000000000000000e+00
1.387200000000106229e+03,0.000000000000000000e+00
1.387300000000106138e+03,0.000000000000000000e+00
1.387400000000106274e+03,0.000000000000000000e+00
1.387500000000106411e+03,0.000000000000000000e+00
1.387600000000106320e+03,0.000000000000000000e+00
1.387700000000106229e+03,0.000000000000000000e+00
1.387800000000106365e+03,0.000000000000000000e+00
1.387900000000106502e+03,0.000000000000000000e+00
1.388000000000106411e+03,0.000000000000000000e+00
1.388100000000106320e+03,0.000000000000000000e+00
1.388200000000106456e+03,0.000000000000000000e+00
1.388300000000106593e+03,0.000000000000000000e+00
1.388400000000106502e+03,0.000000000000000000e+00
1.388500000000106411e+03,0.000000000000000000e+00
1.388600000000106547e+03,0.000000000000000000e+00
1.388700000000106684e+03,0.000000000000000000e+00
1.388800000000106593e+03,0.000000000000000000e+00
1.388900000000106502e+03,0.000000000000000000e+00
1.389000000000106638e+03,0.000000000000000000e+00
1.389100000000106775e+03,0.000000000000000000e+00
1.389200000000106684e+03,0.000000000000000000e+00
1.389300000000106593e+03,0.000000000000000000e+00
1.389400000000106729e+03,0.000000000000000000e+00
1.389500000000106866e+03,0.000000000000000000e+00
1.389600000000106775e+03,0.000000000000000000e+00
1.389700000000106684e+03,0.000000000000000000e+00
1.389800000000106820e+03,0.000000000000000000e+00
1.389900000000106957e+03,0.000000000000000000e+00
1.390000000000106866e+03,0.000000000000000000e+00
1.390100000000106775e+03,0.000000000000000000e+00
1.390200000000106911e+03,0.000000000000000000e+00
1.390300000000107048e+03,0.000000000000000000e+00
1.390400000000106957e+03,0.000000000000000000e+00
1.390500000000106866e+03,0.000000000000000000e+00
1.390600000000107002e+03,0.000000000000000000e+00
1.390700000000107138e+03,0.000000000000000000e+00
1.390800000000107048e+03,0.000000000000000000e+00
1.390900000000106957e+03,0.000000000000000000e+00
1.391000000000107093e+03,0.000000000000000000e+00
1.391100000000107229e+03,0.000000000000000000e+00
1.391200000000107138e+03,0.000000000000000000e+00
1.391300000000107048e+03,0.000000000000000000e+00
1.391400000000107184e+03,0.000000000000000000e+00
1.391500000000107320e+03,0.000000000000000000e+00
1.391600000000107229e+03,0.000000000000000000e+00
1.391700000000107138e+03,0.000000000000000000e+00
1.391800000000107275e+03,0.000000000000000000e+00
1.391900000000107411e+03,0.000000000000000000e+00
1.392000000000107320e+03,0.000000000000000000e+00
1.392100000000107229e+03,0.000000000000000000e+00
1.392200000000107366e+03,0.000000000000000000e+00
1.392300000000107502e+03,0.000000000000000000e+00
1.392400000000107411e+03,0.000000000000000000e+00
1.392500000000107320e+03,0.000000000000000000e+00
1.392600000000107457e+03,0.000000000000000000e+00
1.392700000000107593e+03,0.000000000000000000e+00
1.392800000000107502e+03,0.000000000000000000e+00
1.392900000000107411e+03,0.000000000000000000e+00
1.393000000000107548e+03,0.000000000000000000e+00
1.393100000000107684e+03,0.000000000000000000e+00
1.393200000000107593e+03,0.000000000000000000e+00
1.393300000000107502e+03,0.000000000000000000e+00
1.393400000000107639e+03,0.000000000000000000e+00
1.393500000000107775e+03,0.000000000000000000e+00
1.393600000000107684e+03,0.000000000000000000e+00
1.393700000000107593e+03,0.000000000000000000e+00
1.393800000000107730e+03,0.000000000000000000e+00
1.393900000000107866e+03,0.000000000000000000e+00
1.394000000000107775e+03,0.000000000000000000e+00
1.394100000000107684e+03,0.000000000000000000e+00
1.394200000000107821e+03,0.000000000000000000e+00
1.394300000000107957e+03,0.000000000000000000e+00
1.394400000000107866e+03,0.000000000000000000e+00
1.394500000000107775e+03,0.000000000000000000e+00
1.394600000000107912e+03,0.000000000000000000e+00
1.394700000000108048e+03,0.000000000000000000e+00
1.394800000000107957e+03,0.000000000000000000e+00
1.394900000000107866e+03,0.000000000000000000e+00
1.395000000000108002e+03,0.000000000000000000e+00
1.395100000000108139e+03,0.000000000000000000e+00
1.395200000000108048e+03,0.000000000000000000e+00
1.395300000000107957e+03,0.000000000000000000e+00
1.395400000000108093e+03,0.000000000000000000e+00
1.395500000000108230e+03,0.000000000000000000e+00
1.395600000000108139e+03,0.000000000000000000e+00
1.395700000000108048e+03,0.000000000000000000e+00
1.395800000000108184e+03,0.000000000000000000e+00
1.395900000000108321e+03,0.000000000000000000e+00
1.396000000000108230e+03,0.000000000000000000e+00
1.396100000000108139e+03,0.000000000000000000e+00
1.396200000000108275e+03,0.000000000000000000e+00
1.396300000000108412e+03,0.000000000000000000e+00
1.396400000000108321e+03,0.000000000000000000e+00
1.396500000000108230e+03,0.000000000000000000e+00
1.396600000000108366e+03,0.000000000000000000e+00
1.396700000000108503e+03,0.000000000000000000e+00
1.396800000000108412e+03,0.000000000000000000e+00
1.396900000000108321e+03,0.000000000000000000e+00
1.397000000000108457e+03,0.000000000000000000e+00
1.397100000000108594e+03,0.000000000000000000e+00
1.397200000000108503e+03,0.000000000000000000e+00
1.397300000000108412e+03,0.000000000000000000e+00
1.397400000000108548e+03,0.000000000000000000e+00
1.397500000000108685e+03,0.000000000000000000e+00
1.397600000000108594e+03,0.000000000000000000e+00
1.397700000000108503e+03,0.000000000000000000e+00
1.397800000000108639e+03,0.000000000000000000e+00
1.397900000000108776e+03,0.000000000000000000e+00
1.398000000000108685e+03,0.000000000000000000e+00
1.398100000000108594e+03,0.000000000000000000e+00
1.398200000000108730e+03,0.000000000000000000e+00
1.398300000000108867e+03,0.000000000000000000e+00
1.398400000000108776e+03,0.000000000000000000e+00
1.398500000000108685e+03,0.000000000000000000e+00
1.398600000000108821e+03,0.000000000000000000e+00
1.398700000000108957e+03,0.000000000000000000e+00
1.398800000000108867e+03,0.000000000000000000e+00
1.398900000000108776e+03,0.000000000000000000e+00
1.399000000000108912e+03,0.000000000000000000e+00
1.399100000000109048e+03,0.000000000000000000e+00
1.399200000000108957e+03,0.000000000000000000e+00
1.399300000000108867e+03,0.000000000000000000e+00
1.399400000000109003e+03,0.000000000000000000e+00
1.399500000000109139e+03,0.000000000000000000e+00
1.399600000000109048e+03,0.000000000000000000e+00
1.399700000000108957e+03,0.000000000000000000e+00
1.399800000000109094e+03,0.000000000000000000e+00
1.399900000000109230e+03,0.000000000000000000e+00
1.400000000000109139e+03,0.000000000000000000e+00
1.400100000000109048e+03,0.000000000000000000e+00
1.400200000000109185e+03,0.000000000000000000e+00
1.400300000000109321e+03,0.000000000000000000e+00
1.400400000000109230e+03,0.000000000000000000e+00
1.400500000000109139e+03,0.000000000000000000e+00
1.400600000000109276e+03,0.000000000000000000e+00
1.400700000000109412e+03,0.000000000000000000e+00
1.400800000000109321e+03,0.000000000000000000e+00
1.400900000000109230e+03,0.000000000000000000e+00
1.401000000000109367e+03,0.000000000000000000e+00
1.401100000000109503e+03,0.000000000000000000e+00
1.401200000000109412e+03,0.000000000000000000e+00
1.401300000000109321e+03,0.000000000000000000e+00
1.401400000000109458e+03,0.000000000000000000e+00
1.401500000000109594e+03,0.000000000000000000e+00
1.401600000000109503e+03,0.000000000000000000e+00
1.401700000000109412e+03,0.000000000000000000e+00
1.401800000000109549e+03,0.000000000000000000e+00
1.401900000000109685e+03,0.000000000000000000e+00
1.402000000000109594e+03,0.000000000000000000e+00
1.402100000000109503e+03,0.000000000000000000e+00
1.402200000000109640e+03,0.000000000000000000e+00
1.402300000000109776e+03,0.000000000000000000e+00
1.402400000000109685e+03,0.000000000000000000e+00
1.402500000000109594e+03,0.000000000000000000e+00
1.402600000000109731e+03,0.000000000000000000e+00
1.402700000000109867e+03,0.000000000000000000e+00
1.402800000000109776e+03,0.000000000000000000e+00
1.402900000000109685e+03,0.000000000000000000e+00
1.403000000000109821e+03,0.000000000000000000e+00
1.403100000000109958e+03,0.000000000000000000e+00
1.403200000000109867e+03,0.000000000000000000e+00
1.403300000000109776e+03,0.000000000000000000e+00
1.403400000000109912e+03,0.000000000000000000e+00
1.403500000000110049e+03,0.000000000000000000e+00
1.403600000000109958e+03,0.000000000000000000e+00
1.403700000000109867e+03,0.000000000000000000e+00
1.403800000000110003e+03,0.000000000000000000e+00
1.403900000000110140e+03,0.000000000000000000e+00
1.404000000000110049e+03,0.000000000000000000e+00
1.404100000000109958e+03,0.000000000000000000e+00
1.404200000000110094e+03,0.000000000000000000e+00
1.404300000000110231e+03,0.000000000000000000e+00
1.404400000000110140e+03,0.000000000000000000e+00
1.404500000000110049e+03,0.000000000000000000e+00
1.404600000000110185e+03,0.000000000000000000e+00
1.404700000000110322e+03,0.000000000000000000e+00
1.404800000000110231e+03,0.000000000000000000e+00
1.404900000000110140e+03,0.000000000000000000e+00
1.405000000000110276e+03,0.000000000000000000e+00
1.405100000000110413e+03,0.000000000000000000e+00
1.405200000000110322e+03,0.000000000000000000e+00
1.405300000000110231e+03,0.000000000000000000e+00
1.405400000000110367e+03,0.000000000000000000e+00
1.405500000000110504e+03,0.000000000000000000e+00
1.405600000000110413e+03,0.000000000000000000e+00
1.405700000000110322e+03,0.000000000000000000e+00
1.405800000000110458e+03,0.000000000000000000e+00
1.405900000000110595e+03,0.000000000000000000e+00
1.406000000000110504e+03,0.000000000000000000e+00
1.406100000000110413e+03,0.000000000000000000e+00
1.406200000000110549e+03,0.000000000000000000e+00
1.406300000000110686e+03,0.000000000000000000e+00
1.406400000000110595e+03,0.000000000000000000e+00
1.406500000000110504e+03,0.000000000000000000e+00
1.406600000000110640e+03,0.000000000000000000e+00
1.406700000000110776e+03,0.000000000000000000e+00
1.406800000000110686e+03,0.000000000000000000e+00
1.406900000000110595e+03,0.000000000000000000e+00
1.407000000000110731e+03,0.000000000000000000e+00
1.407100000000110867e+03,0.000000000000000000e+00
1.407200000000110776e+03,0.000000000000000000e+00
1.407300000000110686e+03,0.000000000000000000e+00
1.407400000000110822e+03,0.000000000000000000e+00
1.407500000000110958e+03,0.000000000000000000e+00
1.407600000000110867e+03,0.000000000000000000e+00
1.407700000000110776e+03,0.000000000000000000e+00
1.407800000000110913e+03,0.000000000000000000e+00
1.407900000000111049e+03,0.000000000000000000e+00
1.408000000000110958e+03,0.000000000000000000e+00
1.408100000000110867e+03,0.000000000000000000e+00
1.408200000000111004e+03,0.000000000000000000e+00
1.408300000000111140e+03,0.000000000000000000e+00
1.408400000000111049e+03,0.000000000000000000e+00
1.408500000000110958e+03,0.000000000000000000e+00
1.408600000000111095e+03,0.000000000000000000e+00
1.408700000000111231e+03,0.000000000000000000e+00
1.408800000000111140e+03,0.000000000000000000e+00
1.408900000000111049e+03,0.000000000000000000e+00
1.409000000000111186e+03,0.000000000000000000e+00
1.409100000000111322e+03,0.000000000000000000e+00
1.409200000000111231e+03,0.000000000000000000e+00
1.409300000000111140e+03,0.000000000000000000e+00
1.409400000000111277e+03,0.000000000000000000e+00
1.409500000000111413e+03,0.000000000000000000e+00
1.409600000000111322e+03,0.000000000000000000e+00
1.409700000000111231e+03,0.000000000000000000e+00
1.409800000000111368e+03,0.000000000000000000e+00
1.409900000000111504e+03,0.000000000000000000e+00
1.410000000000111413e+03,0.000000000000000000e+00
1.410100000000111322e+03,0.000000000000000000e+00
1.410200000000111459e+03,0.000000000000000000e+00
1.410300000000111595e+03,0.000000000000000000e+00
1.410400000000111504e+03,0.000000000000000000e+00
1.410500000000111413e+03,0.000000000000000000e+00
1.410600000000111550e+03,0.000000000000000000e+00
1.410700000000111686e+03,0.000000000000000000e+00
1.410800000000111595e+03,0.000000000000000000e+00
1.410900000000111504e+03,0.000000000000000000e+00
1.411000000000111640e+03,0.000000000000000000e+00
1.411100000000111777e+03,0.000000000000000000e+00
1.411200000000111686e+03,0.000000000000000000e+00
1.411300000000111595e+03,0.000000000000000000e+00
1.411400000000111731e+03,0.000000000000000000e+00
1.411500000000111868e+03,0.000000000000000000e+00
1.411600000000111777e+03,0.000000000000000000e+00
1.411700000000111686e+03,0.000000000000000000e+00
1.411800000000111822e+03,0.000000000000000000e+00
1.411900000000111959e+03,0.000000000000000000e+00
1.412000000000111868e+03,0.000000000000000000e+00
1.412100000000111777e+03,0.000000000000000000e+00
1.412200000000111913e+03,0.000000000000000000e+00
1.412300000000112050e+03,0.000000000000000000e+00
1.412400000000111959e+03,0.000000000000000000e+00
1.412500000000111868e+03,0.000000000000000000e+00
1.412600000000112004e+03,0.000000000000000000e+00
1.412700000000112141e+03,0.000000000000000000e+00
1.412800000000112050e+03,0.000000000000000000e+00
1.412900000000111959e+03,0.000000000000000000e+00
1.413000000000112095e+03,0.000000000000000000e+00
1.413100000000112232e+03,0.000000000000000000e+00
1.413200000000112141e+03,0.000000000000000000e+00
1.413300000000112050e+03,0.000000000000000000e+00
1.413400000000112186e+03,0.000000000000000000e+00
1.413500000000112323e+03,0.000000000000000000e+00
1.413600000000112232e+03,0.000000000000000000e+00
1.413700000000112141e+03,0.000000000000000000e+00
1.413800000000112277e+03,0.000000000000000000e+00
1.413900000000112414e+03,0.000000000000000000e+00
1.414000000000112323e+03,0.000000000000000000e+00
1.414100000000112232e+03,0.000000000000000000e+00
1.414200000000112368e+03,0.000000000000000000e+00
1.414300000000112504e+03,0.000000000000000000e+00
1.414400000000112414e+03,0.000000000000000000e+00
1.414500000000112323e+03,0.000000000000000000e+00
1.414600000000112459e+03,0.000000000000000000e+00
1.414700000000112595e+03,0.000000000000000000e+00
1.414800000000112504e+03,0.000000000000000000e+00
1.414900000000112414e+03,0.000000000000000000e+00
1.415000000000112550e+03,0.000000000000000000e+00
1.415100000000112686e+03,0.000000000000000000e+00
1.415200000000112595e+03,0.000000000000000000e+00
1.415300000000112504e+03,0.000000000000000000e+00
1.415400000000112641e+03,0.000000000000000000e+00
1.415500000000112777e+03,0.000000000000000000e+00
1.415600000000112686e+03,0.000000000000000000e+00
1.415700000000112595e+03,0.000000000000000000e+00
1.415800000000112732e+03,0.000000000000000000e+00
1.415900000000112868e+03,0.000000000000000000e+00
1.416000000000112777e+03,0.000000000000000000e+00
1.416100000000112686e+03,0.000000000000000000e+00
1.416200000000112823e+03,0.000000000000000000e+00
1.416300000000112959e+03,0.000000000000000000e+00
1.416400000000112868e+03,0.000000000000000000e+00
1.416500000000112777e+03,0.000000000000000000e+00
1.416600000000112914e+03,0.000000000000000000e+00
1.416700000000113050e+03,0.000000000000000000e+00
1.416800000000112959e+03,0.000000000000000000e+00
1.416900000000112868e+03,0.000000000000000000e+00
1.417000000000113005e+03,0.000000000000000000e+00
1.417100000000113141e+03,0.000000000000000000e+00
1.417200000000113050e+03,0.000000000000000000e+00
1.417300000000112959e+03,0.000000000000000000e+00
1.417400000000113096e+03,0.000000000000000000e+00
1.417500000000113232e+03,0.000000000000000000e+00
1.417600000000113141e+03,0.000000000000000000e+00
1.417700000000113050e+03,0.000000000000000000e+00
1.417800000000113187e+03,0.000000000000000000e+00
1.417900000000113323e+03,0.000000000000000000e+00
1.418000000000113232e+03,0.000000000000000000e+00
1.418100000000113141e+03,0.000000000000000000e+00
1.418200000000113278e+03,0.000000000000000000e+00
1.418300000000113414e+03,0.000000000000000000e+00
1.418400000000113323e+03,0.000000000000000000e+00
1.418500000000113232e+03,0.000000000000000000e+00
1.418600000000113369e+03,0.000000000000000000e+00
1.418700000000113505e+03,0.000000000000000000e+00
1.418800000000113414e+03,0.000000000000000000e+00
1.418900000000113323e+03,0.000000000000000000e+00
1.419000000000113459e+03,0.000000000000000000e+00
1.419100000000113596e+03,0.000000000000000000e+00
1.419200000000113505e+03,0.000000000000000000e+00
1.419300000000113414e+03,0.000000000000000000e+00
1.419400000000113550e+03,0.000000000000000000e+00
1.419500000000113687e+03,0.000000000000000000e+00
1.419600000000113596e+03,0.000000000000000000e+00
1.419700000000113505e+03,0.000000000000000000e+00
1.419800000000113641e+03,0.000000000000000000e+00
1.419900000000113778e+03,0.000000000000000000e+00
1.420000000000113687e+03,0.000000000000000000e+00
1.420100000000113596e+03,0.000000000000000000e+00
1.420200000000113732e+03,0.000000000000000000e+00
1.420300000000113869e+03,0.000000000000000000e+00
1.420400000000113778e+03,0.000000000000000000e+00
1.420500000000113687e+03,0.000000000000000000e+00
1.420600000000113823e+03,0.000000000000000000e+00
1.420700000000113960e+03,0.000000000000000000e+00
1.420800000000113869e+03,0.000000000000000000e+00
1.420900000000113778e+03,0.000000000000000000e+00
1.421000000000113914e+03,0.000000000000000000e+00
1.421100000000114051e+03,0.000000000000000000e+00
1.421200000000113960e+03,0.000000000000000000e+00
1.421300000000113869e+03,0.000000000000000000e+00
1.421400000000114005e+03,0.000000000000000000e+00
1.421500000000114142e+03,0.000000000000000000e+00
1.421600000000114051e+03,0.000000000000000000e+00
1.421700000000113960e+03,0.000000000000000000e+00
1.421800000000114096e+03,0.000000000000000000e+00
1.421900000000114233e+03,0.000000000000000000e+00
1.422000000000114142e+03,0.000000000000000000e+00
1.422100000000114051e+03,0.000000000000000000e+00
1.422200000000114187e+03,0.000000000000000000e+00
1.422300000000114323e+03,0.000000000000000000e+00
1.422400000000114233e+03,0.000000000000000000e+00
1.422500000000114142e+03,0.000000000000000000e+00
1.422600000000114278e+03,0.000000000000000000e+00
1.422700000000114414e+03,0.000000000000000000e+00
1.422800000000114323e+03,0.000000000000000000e+00
1.422900000000114233e+03,0.000000000000000000e+00
1.423000000000114369e+03,0.000000000000000000e+00
1.423100000000114505e+03,0.000000000000000000e+00
1.423200000000114414e+03,0.000000000000000000e+00
1.423300000000114323e+03,0.000000000000000000e+00
1.423400000000114460e+03,0.000000000000000000e+00
1.423500000000114596e+03,0.000000000000000000e+00
1.423600000000114505e+03,0.000000000000000000e+00
1.423700000000114414e+03,0.000000000000000000e+00
1.423800000000114551e+03,0.000000000000000000e+00
1.423900000000114687e+03,0.000000000000000000e+00
1.424000000000114596e+03,0.000000000000000000e+00
1.424100000000114505e+03,0.000000000000000000e+00
1.424200000000114642e+03,0.000000000000000000e+00
1.424300000000114778e+03,0.000000000000000000e+00
1.424400000000114687e+03,0.000000000000000000e+00
1.424500000000114596e+03,0.000000000000000000e+00
1.424600000000114733e+03,0.000000000000000000e+00
1.424700000000114869e+03,0.000000000000000000e+00
1.424800000000114778e+03,0.000000000000000000e+00
1.424900000000114687e+03,0.000000000000000000e+00
1.425000000000114824e+03,0.000000000000000000e+00
1.425100000000114960e+03,0.000000000000000000e+00
1.425200000000114869e+03,0.000000000000000000e+00
1.425300000000114778e+03,0.000000000000000000e+00
1.425400000000114915e+03,0.000000000000000000e+00
1.425500000000115051e+03,0.000000000000000000e+00
1.425600000000114960e+03,0.000000000000000000e+00
1.425700000000114869e+03,0.000000000000000000e+00
1.425800000000115006e+03,0.000000000000000000e+00
1.425900000000115142e+03,0.000000000000000000e+00
1.426000000000115051e+03,0.000000000000000000e+00
1.426100000000114960e+03,0.000000000000000000e+00
1.426200000000115097e+03,0.000000000000000000e+00
1.426300000000115233e+03,0.000000000000000000e+00
1.426400000000115142e+03,0.000000000000000000e+00
1.426500000000115051e+03,0.000000000000000000e+00
1.426600000000115188e+03,0.000000000000000000e+00
1.426700000000115324e+03,0.000000000000000000e+00
1.426800000000115233e+03,0.000000000000000000e+00
1.426900000000115142e+03,0.000000000000000000e+00
1.427000000000115278e+03,0.000000000000000000e+00
1.427100000000115415e+03,0.000000000000000000e+00
1.427200000000115324e+03,0.000000000000000000e+00
1.427300000000115233e+03,0.000000000000000000e+00
1.427400000000115369e+03,0.000000000000000000e+00
1.427500000000115506e+03,0.000000000000000000e+00
1.427600000000115415e+03,0.000000000000000000e+00
1.427700000000115324e+03,0.000000000000000000e+00
1.427800000000115460e+03,0.000000000000000000e+00
1.427900000000115597e+03,0.000000000000000000e+00
1.428000000000115506e+03,0.000000000000000000e+00
1.428100000000115415e+03,0.000000000000000000e+00
1.428200000000115551e+03,0.000000000000000000e+00
1.428300000000115688e+03,0.000000000000000000e+00
1.428400000000115597e+03,0.000000000000000000e+00
1.428500000000115506e+03,0.000000000000000000e+00
1.428600000000115642e+03,0.000000000000000000e+00
1.428700000000115779e+03,0.000000000000000000e+00
1.428800000000115688e+03,0.000000000000000000e+00
1.428900000000115597e+03,0.000000000000000000e+00
1.429000000000115733e+03,0.000000000000000000e+00
1.429100000000115870e+03,0.000000000000000000e+00
1.429200000000115779e+03,0.000000000000000000e+00
1.429300000000115688e+03,0.000000000000000000e+00
1.429400000000115824e+03,0.000000000000000000e+00
1.429500000000115961e+03,0.000000000000000000e+00
1.429600000000115870e+03,0.000000000000000000e+00
1.429700000000115779e+03,0.000000000000000000e+00
1.429800000000115915e+03,0.000000000000000000e+00
1.429900000000116052e+03,0.000000000000000000e+00
1.430000000000115961e+03,0.000000000000000000e+00
1.430100000000115870e+03,0.000000000000000000e+00
1.430200000000116006e+03,0.000000000000000000e+00
1.430300000000116142e+03,0.000000000000000000e+00
1.430400000000116052e+03,0.000000000000000000e+00
1.430500000000115961e+03,0.000000000000000000e+00
1.430600000000116097e+03,0.000000000000000000e+00
1.430700000000116233e+03,0.000000000000000000e+00
1.430800000000116142e+03,0.000000000000000000e+00
1.430900000000116052e+03,0.000000000000000000e+00
1.431000000000116188e+03,0.000000000000000000e+00
1.431100000000116324e+03,0.000000000000000000e+00
1.431200000000116233e+03,0.000000000000000000e+00
1.431300000000116142e+03,0.000000000000000000e+00
1.431400000000116279e+03,0.000000000000000000e+00
1.431500000000116415e+03,0.000000000000000000e+00
1.431600000000116324e+03,0.000000000000000000e+00
1.431700000000116233e+03,0.000000000000000000e+00
1.431800000000116370e+03,0.000000000000000000e+00
1.431900000000116506e+03,0.000000000000000000e+00
1.432000000000116415e+03,0.000000000000000000e+00
1.432100000000116324e+03,0.000000000000000000e+00
1.432200000000116461e+03,0.000000000000000000e+00
1.432300000000116597e+03,0.000000000000000000e+00
1.432400000000116506e+03,0.000000000000000000e+00
1.432500000000116415e+03,0.000000000000000000e+00
1.432600000000116552e+03,0.000000000000000000e+00
1.432700000000116688e+03,0.000000000000000000e+00
1.432800000000116597e+03,0.000000000000000000e+00
1.432900000000116506e+03,0.000000000000000000e+00
1.433000000000116643e+03,0.000000000000000000e+00
1.433100000000116779e+03,0.000000000000000000e+00
1.433200000000116688e+03,0.000000000000000000e+00
1.433300000000116597e+03,0.000000000000000000e+00
1.433400000000116734e+03,0.000000000000000000e+00
1.433500000000116870e+03,0.000000000000000000e+00
1.433600000000116779e+03,0.000000000000000000e+00
1.433700000000116688e+03,0.000000000000000000e+00
1.433800000000116825e+03,0.000000000000000000e+00
1.433900000000116961e+03,0.000000000000000000e+00
1.434000000000116870e+03,0.000000000000000000e+00
1.434100000000116779e+03,0.000000000000000000e+00
1.434200000000116916e+03,0.000000000000000000e+00
1.434300000000117052e+03,0.000000000000000000e+00
1.434400000000116961e+03,0.000000000000000000e+00
1.434500000000116870e+03,0.000000000000000000e+00
1.434600000000117006e+03,0.000000000000000000e+00
1.434700000000117143e+03,0.000000000000000000e+00
1.434800000000117052e+03,0.000000000000000000e+00
1.434900000000116961e+03,0.000000000000000000e+00
1.435000000000117097e+03,0.000000000000000000e+00
1.435100000000117234e+03,0.000000000000000000e+00
1.435200000000117143e+03,0.000000000000000000e+00
1.435300000000117052e+03,0.000000000000000000e+00
1.435400000000117188e+03,0.000000000000000000e+00
1.435500000000117325e+03,0.000000000000000000e+00
1.435600000000117234e+03,0.000000000000000000e+00
1.435700000000117143e+03,0.000000000000000000e+00
1.435800000000117279e+03,0.000000000000000000e+00
1.435900000000117416e+03,0.000000000000000000e+00
1.436000000000117325e+03,0.000000000000000000e+00
1.436100000000117234e+03,0.000000000000000000e+00
1.436200000000117370e+03,0.000000000000000000e+00
1.436300000000117507e+03,0.000000000000000000e+00
1.436400000000117416e+03,0.000000000000000000e+00
1.436500000000117325e+03,0.000000000000000000e+00
1.436600000000117461e+03,0.000000000000000000e+00
1.436700000000117598e+03,0.000000000000000000e+00
1.436800000000117507e+03,0.000000000000000000e+00
1.436900000000117416e+03,0.000000000000000000e+00
1.437000000000117552e+03,0.000000000000000000e+00
1.437100000000117689e+03,0.000000000000000000e+00
1.437200000000117598e+03,0.000000000000000000e+00
1.437300000000117507e+03,0.000000000000000000e+00
1.437400000000117643e+03,0.000000000000000000e+00
1.437500000000117780e+03,0.000000000000000000e+00
1.437600000000117689e+03,0.000000000000000000e+00
1.437700000000117598e+03,0.000000000000000000e+00
1.437800000000117734e+03,0.000000000000000000e+00
1.437900000000117871e+03,0.000000000000000000e+00
1.438000000000117780e+03,0.000000000000000000e+00
1.438100000000117689e+03,0.000000000000000000e+00
1.438200000000117825e+03,0.000000000000000000e+00
1.438300000000117961e+03,0.000000000000000000e+00
1.438400000000117871e+03,0.000000000000000000e+00
1.438500000000117780e+03,0.000000000000000000e+00
1.438600000000117916e+03,0.000000000000000000e+00
1.438700000000118052e+03,0.000000000000000000e+00
1.438800000000117961e+03,0.000000000000000000e+00
1.438900000000117871e+03,0.000000000000000000e+00
1.439000000000118007e+03,0.000000000000000000e+00
1.439100000000118143e+03,0.000000000000000000e+00
1.439200000000118052e+03,0.000000000000000000e+00
1.439300000000117961e+03,0.000000000000000000e+00
1.439400000000118098e+03,0.000000000000000000e+00
1.439500000000118234e+03,0.000000000000000000e+00
1.439600000000118143e+03,0.000000000000000000e+00
1.439700000000118052e+03,0.000000000000000000e+00
1.439800000000118189e+03,0.000000000000000000e+00
1.439900000000118325e+03,0.000000000000000000e+00
1.440000000000118234e+03,0.000000000000000000e+00
1.440100000000118143e+03,0.000000000000000000e+00
1.440200000000118280e+03,0.000000000000000000e+00
1.440300000000118416e+03,0.000000000000000000e+00
1.440400000000118325e+03,0.000000000000000000e+00
1.440500000000118234e+03,0.000000000000000000e+00
1.440600000000118371e+03,0.000000000000000000e+00
1.440700000000118507e+03,0.000000000000000000e+00
1.440800000000118416e+03,0.000000000000000000e+00
1.440900000000118325e+03,0.000000000000000000e+00
1.441000000000118462e+03,0.000000000000000000e+00
1.441100000000118598e+03,0.000000000000000000e+00
1.441200000000118507e+03,0.000000000000000000e+00
1.441300000000118416e+03,0.000000000000000000e+00
1.441400000000118553e+03,0.000000000000000000e+00
1.441500000000118689e+03,0.000000000000000000e+00
1.441600000000118598e+03,0.000000000000000000e+00
1.441700000000118507e+03,0.000000000000000000e+00
1.441800000000118644e+03,0.000000000000000000e+00
1.441900000000118780e+03,0.000000000000000000e+00
1.442000000000118689e+03,0.000000000000000000e+00
1.442100000000118598e+03,0.000000000000000000e+00
1.442200000000118735e+03,0.000000000000000000e+00
1.442300000000118871e+03,0.000000000000000000e+00
1.442400000000118780e+03,0.000000000000000000e+00
1.442500000000118689e+03,0.000000000000000000e+00
1.442600000000118825e+03,0.000000000000000000e+00
1.442700000000118962e+03,0.000000000000000000e+00
1.442800000000118871e+03,0.000000000000000000e+00
1.442900000000118780e+03,0.000000000000000000e+00
1.443000000000118916e+03,0.000000000000000000e+00
1.443100000000119053e+03,0.000000000000000000e+00
1.443200000000118962e+03,0.000000000000000000e+00
1.443300000000118871e+03,0.000000000000000000e+00
1.443400000000119007e+03,0.000000000000000000e+00
1.443500000000119144e+03,0.000000000000000000e+00
1.443600000000119053e+03,0.000000000000000000e+00
1.443700000000118962e+03,0.000000000000000000e+00
1.443800000000119098e+03,0.000000000000000000e+00
1.443900000000119235e+03,0.000000000000000000e+00
1.444000000000119144e+03,0.000000000000000000e+00
1.444100000000119053e+03,0.000000000000000000e+00
1.444200000000119189e+03,0.000000000000000000e+00
1.444300000000119326e+03,0.000000000000000000e+00
1.444400000000119235e+03,0.000000000000000000e+00
1.444500000000119144e+03,0.000000000000000000e+00
1.444600000000119280e+03,0.000000000000000000e+00
1.444700000000119417e+03,0.000000000000000000e+00
1.444800000000119326e+03,0.000000000000000000e+00
1.444900000000119235e+03,0.000000000000000000e+00
1.445000000000119371e+03,0.000000000000000000e+00
1.445100000000119508e+03,0.000000000000000000e+00
1.445200000000119417e+03,0.000000000000000000e+00
1.445300000000119326e+03,0.000000000000000000e+00
1.445400000000119462e+03,0.000000000000000000e+00
1.445500000000119599e+03,0.000000000000000000e+00
1.445600000000119508e+03,0.000000000000000000e+00
1.445700000000119417e+03,0.000000000000000000e+00
1.445800000000119553e+03,0.000000000000000000e+00
1.445900000000119690e+03,0.000000000000000000e+00
1.446000000000119599e+03,0.000000000000000000e+00
1.446100000000119508e+03,0.000000000000000000e+00
1.446200000000119644e+03,0.000000000000000000e+00
1.446300000000119780e+03,0.000000000000000000e+00
1.446400000000119690e+03,0.000000000000000000e+00
1.446500000000119599e+03,0.000000000000000000e+00
1.446600000000119735e+03,0.000000000000000000e+00
1.446700000000119871e+03,0.000000000000000000e+00
1.446800000000119780e+03,0.000000000000000000e+00
1.446900000000119690e+03,0.000000000000000000e+00
1.447000000000119826e+03,0.000000000000000000e+00
1.447100000000119962e+03,0.000000000000000000e+00
1.447200000000119871e+03,0.000000000000000000e+00
1.447300000000119780e+03,0.000000000000000000e+00
1.447400000000119917e+03,0.000000000000000000e+00
1.447500000000120053e+03,0.000000000000000000e+00
1.447600000000119962e+03,0.000000000000000000e+00
1.447700000000119871e+03,0.000000000000000000e+00
1.447800000000120008e+03,0.000000000000000000e+00
1.447900000000120144e+03,0.000000000000000000e+00
1.448000000000120053e+03,0.000000000000000000e+00
1.448100000000119962e+03,0.000000000000000000e+00
1.448200000000120099e+03,0.000000000000000000e+00
1.448300000000120235e+03,0.000000000000000000e+00
1.448400000000120144e+03,0.000000000000000000e+00
1.448500000000120053e+03,0.000000000000000000e+00
1.448600000000120190e+03,0.000000000000000000e+00
1.448700000000120326e+03,0.000000000000000000e+00
1.448800000000120235e+03,0.000000000000000000e+00
1.448900000000120144e+03,0.000000000000000000e+00
1.449000000000120281e+03,0.000000000000000000e+00
1.449100000000120417e+03,0.000000000000000000e+00
1.449200000000120326e+03,0.000000000000000000e+00
1.449300000000120235e+03,0.000000000000000000e+00
1.449400000000120372e+03,0.000000000000000000e+00
1.449500000000120508e+03,0.000000000000000000e+00
1.449600000000120417e+03,0.000000000000000000e+00
1.449700000000120326e+03,0.000000000000000000e+00
1.449800000000120463e+03,0.000000000000000000e+00
1.449900000000120599e+03,0.000000000000000000e+00
1.450000000000120508e+03,0.000000000000000000e+00
1.450100000000120417e+03,0.000000000000000000e+00
1.450200000000120554e+03,0.000000000000000000e+00
1.450300000000120690e+03,0.000000000000000000e+00
1.450400000000120599e+03,0.000000000000000000e+00
1.450500000000120508e+03,0.000000000000000000e+00
1.450600000000120644e+03,0.000000000000000000e+00
1.450700000000120781e+03,0.000000000000000000e+00
1.450800000000120690e+03,0.000000000000000000e+00
1.450900000000120599e+03,0.000000000000000000e+00
1.451000000000120735e+03,0.000000000000000000e+00
1.451100000000120872e+03,0.000000000000000000e+00
1.451200000000120781e+03,0.000000000000000000e+00
1.451300000000120690e+03,0.000000000000000000e+00
1.451400000000120826e+03,0.000000000000000000e+00
1.451500000000120963e+03,0.000000000000000000e+00
1.451600000000120872e+03,0.000000000000000000e+00
1.451700000000120781e+03,0.000000000000000000e+00
1.451800000000120917e+03,0.000000000000000000e+00
1.451900000000121054e+03,0.000000000000000000e+00
1.452000000000120963e+03,0.000000000000000000e+00
1.452100000000120872e+03,0.000000000000000000e+00
1.452200000000121008e+03,0.000000000000000000e+00
1.452300000000121145e+03,0.000000000000000000e+00
1.452400000000121054e+03,0.000000000000000000e+00
1.452500000000120963e+03,0.000000000000000000e+00
1.452600000000121099e+03,0.000000000000000000e+00
1.452700000000121236e+03,0.000000000000000000e+00
1.452800000000121145e+03,0.000000000000000000e+00
1.452900000000121054e+03,0.000000000000000000e+00
1.453000000000121190e+03,0.000000000000000000e+00
1.453100000000121327e+03,0.000000000000000000e+00
1.453200000000121236e+03,0.000000000000000000e+00
1.453300000000121145e+03,0.000000000000000000e+00
1.453400000000121281e+03,0.000000000000000000e+00
1.453500000000121418e+03,0.000000000000000000e+00
1.453600000000121327e+03,0.000000000000000000e+00
1.453700000000121236e+03,0.000000000000000000e+00
1.453800000000121372e+03,0.000000000000000000e+00
1.453900000000121508e+03,0.000000000000000000e+00
1.454000000000121418e+03,0.000000000000000000e+00
1.454100000000121327e+03,0.000000000000000000e+00
1.454200000000121463e+03,0.000000000000000000e+00
1.454300000000121599e+03,0.000000000000000000e+00
1.454400000000121508e+03,0.000000000000000000e+00
1.454500000000121418e+03,0.000000000000000000e+00
1.454600000000121554e+03,0.000000000000000000e+00
1.454700000000121690e+03,0.000000000000000000e+00
1.454800000000121599e+03,0.000000000000000000e+00
1.454900000000121508e+03,0.000000000000000000e+00
1.455000000000121645e+03,0.000000000000000000e+00
1.455100000000121781e+03,0.000000000000000000e+00
1.455200000000121690e+03,0.000000000000000000e+00
1.455300000000121599e+03,0.000000000000000000e+00
1.455400000000121736e+03,0.000000000000000000e+00
1.455500000000121872e+03,0.000000000000000000e+00
1.455600000000121781e+03,0.000000000000000000e+00
1.455700000000121690e+03,0.000000000000000000e+00
1.455800000000121827e+03,0.000000000000000000e+00
1.455900000000121963e+03,0.000000000000000000e+00
1.456000000000121872e+03,0.000000000000000000e+00
1.456100000000121781e+03,0.000000000000000000e+00
1.456200000000121918e+03,0.000000000000000000e+00
1.456300000000122054e+03,0.000000000000000000e+00
1.456400000000121963e+03,0.000000000000000000e+00
1.456500000000121872e+03,0.000000000000000000e+00
1.456600000000122009e+03,0.000000000000000000e+00
1.456700000000122145e+03,0.000000000000000000e+00
1.456800000000122054e+03,0.000000000000000000e+00
1.456900000000121963e+03,0.000000000000000000e+00
1.457000000000122100e+03,0.000000000000000000e+00
1.457100000000122236e+03,0.000000000000000000e+00
1.457200000000122145e+03,0.000000000000000000e+00
1.457300000000122054e+03,0.000000000000000000e+00
1.457400000000122191e+03,0.000000000000000000e+00
1.457500000000122327e+03,0.000000000000000000e+00
1.457600000000122236e+03,0.000000000000000000e+00
1.457700000000122145e+03,0.000000000000000000e+00
1.457800000000122282e+03,0.000000000000000000e+00
1.457900000000122418e+03,0.000000000000000000e+00
1.458000000000122327e+03,0.000000000000000000e+00
1.458100000000122236e+03,0.000000000000000000e+00
1.458200000000122373e+03,0.000000000000000000e+00
1.458300000000122509e+03,0.000000000000000000e+00
1.458400000000122418e+03,0.000000000000000000e+00
1.458500000000122327e+03,0.000000000000000000e+00
1.458600000000122463e+03,0.000000000000000000e+00
1.458700000000122600e+03,0.000000000000000000e+00
1.458800000000122509e+03,0.000000000000000000e+00
1.458900000000122418e+03,0.000000000000000000e+00
1.459000000000122554e+03,0.000000000000000000e+00
1.459100000000122691e+03,0.000000000000000000e+00
1.459200000000122600e+03,0.000000000000000000e+00
1.459300000000122509e+03,0.000000000000000000e+00
1.459400000000122645e+03,0.000000000000000000e+00
1.459500000000122782e+03,0.000000000000000000e+00
1.459600000000122691e+03,0.000000000000000000e+00
1.459700000000122600e+03,0.000000000000000000e+00
1.459800000000122736e+03,0.000000000000000000e+00
1.459900000000122873e+03,0.000000000000000000e+00
1.460000000000122782e+03,0.000000000000000000e+00
1.460100000000122691e+03,0.000000000000000000e+00
1.460200000000122827e+03,0.000000000000000000e+00
1.460300000000122964e+03,0.000000000000000000e+00
1.460400000000122873e+03,0.000000000000000000e+00
1.460500000000122782e+03,0.000000000000000000e+00
1.460600000000122918e+03,0.000000000000000000e+00
1.460700000000123055e+03,0.000000000000000000e+00
1.460800000000122964e+03,0.000000000000000000e+00
1.460900000000122873e+03,0.000000000000000000e+00
1.461000000000123009e+03,0.000000000000000000e+00
1.461100000000123146e+03,0.000000000000000000e+00
1.461200000000123055e+03,0.000000000000000000e+00
1.461300000000122964e+03,0.000000000000000000e+00
1.461400000000123100e+03,0.000000000000000000e+00
1.461500000000123237e+03,0.000000000000000000e+00
1.461600000000123146e+03,0.000000000000000000e+00
1.461700000000123055e+03,0.000000000000000000e+00
1.461800000000123191e+03,0.000000000000000000e+00
1.461900000000123327e+03,0.000000000000000000e+00
1.462000000000123237e+03,0.000000000000000000e+00
1.462100000000123146e+03,0.000000000000000000e+00
1.462200000000123282e+03,0.000000000000000000e+00
1.462300000000123418e+03,0.000000000000000000e+00
1.462400000000123327e+03,0.000000000000000000e+00
1.462500000000123237e+03,0.000000000000000000e+00
1.462600000000123373e+03,0.000000000000000000e+00
1.462700000000123509e+03,0.000000000000000000e+00
1.462800000000123418e+03,0.000000000000000000e+00
1.462900000000123327e+03,0.000000000000000000e+00
1.463000000000123464e+03,0.000000000000000000e+00
1.463100000000123600e+03,0.000000000000000000e+00
1.463200000000123509e+03,0.000000000000000000e+00
1.463300000000123418e+03,0.000000000000000000e+00
1.463400000000123555e+03,0.000000000000000000e+00
1.463500000000123691e+03,0.000000000000000000e+00
1.463600000000123600e+03,0.000000000000000000e+00
1.463700000000123509e+03,0.000000000000000000e+00
1.463800000000123646e+03,0.000000000000000000e+00
1.463900000000123782e+03,0.000000000000000000e+00
1.464000000000123691e+03,0.000000000000000000e+00
1.464100000000123600e+03,0.000000000000000000e+00
1.464200000000123737e+03,0.000000000000000000e+00
1.464300000000123873e+03,0.000000000000000000e+00
1.464400000000123782e+03,0.000000000000000000e+00
1.464500000000123691e+03,0.000000000000000000e+00
1.464600000000123828e+03,0.000000000000000000e+00
1.464700000000123964e+03,0.000000000000000000e+00
1.464800000000123873e+03,0.000000000000000000e+00
1.464900000000123782e+03,0.000000000000000000e+00
1.465000000000123919e+03,0.000000000000000000e+00
1.465100000000124055e+03,0.000000000000000000e+00
1.465200000000123964e+03,0.000000000000000000e+00
1.465300000000123873e+03,0.000000000000000000e+00
1.465400000000124010e+03,0.000000000000000000e+00
1.465500000000124146e+03,0.000000000000000000e+00
1.465600000000124055e+03,0.000000000000000000e+00
1.465700000000123964e+03,0.000000000000000000e+00
1.465800000000124101e+03,0.000000000000000000e+00
1.465900000000124237e+03,0.000000000000000000e+00
1.466000000000124146e+03,0.000000000000000000e+00
1.466100000000124055e+03,0.000000000000000000e+00
1.466200000000124192e+03,0.000000000000000000e+00
1.466300000000124328e+03,0.000000000000000000e+00
1.466400000000124237e+03,0.000000000000000000e+00
1.466500000000124146e+03,0.000000000000000000e+00
1.466600000000124282e+03,0.000000000000000000e+00
1.466700000000124419e+03,0.000000000000000000e+00
1.466800000000124328e+03,0.000000000000000000e+00
1.466900000000124237e+03,0.000000000000000000e+00
1.467000000000124373e+03,0.000000000000000000e+00
1.467100000000124510e+03,0.000000000000000000e+00
1.467200000000124419e+03,0.000000000000000000e+00
1.467300000000124328e+03,0.000000000000000000e+00
1.467400000000124464e+03,0.000000000000000000e+00
1.467500000000124601e+03,0.000000000000000000e+00
1.467600000000124510e+03,0.000000000000000000e+00
1.467700000000124419e+03,0.000000000000000000e+00
1.467800000000124555e+03,0.000000000000000000e+00
1.467900000000124692e+03,0.000000000000000000e+00
1.468000000000124601e+03,0.000000000000000000e+00
1.468100000000124510e+03,0.000000000000000000e+00
1.468200000000124646e+03,0.000000000000000000e+00
1.468300000000124783e+03,0.000000000000000000e+00
1.468400000000124692e+03,0.000000000000000000e+00
1.468500000000124601e+03,0.000000000000000000e+00
1.468600000000124737e+03,0.000000000000000000e+00
1.468700000000124874e+03,0.000000000000000000e+00
1.468800000000124783e+03,0.000000000000000000e+00
1.468900000000124692e+03,0.000000000000000000e+00
1.469000000000124828e+03,0.000000000000000000e+00
1.469100000000124965e+03,0.000000000000000000e+00
1.469200000000124874e+03,0.000000000000000000e+00
1.469300000000124783e+03,0.000000000000000000e+00
1.469400000000124919e+03,0.000000000000000000e+00
1.469500000000125056e+03,0.000000000000000000e+00
1.469600000000124965e+03,0.000000000000000000e+00
1.469700000000124874e+03,0.000000000000000000e+00
1.469800000000125010e+03,0.000000000000000000e+00
1.469900000000125146e+03,0.000000000000000000e+00
1.470000000000125056e+03,0.000000000000000000e+00
1.470100000000124965e+03,0.000000000000000000e+00
1.470200000000125101e+03,0.000000000000000000e+00
1.470300000000125237e+03,0.000000000000000000e+00
1.470400000000125146e+03,0.000000000000000000e+00
1.470500000000125056e+03,0.000000000000000000e+00
1.470600000000125192e+03,0.000000000000000000e+00
1.470700000000125328e+03,0.000000000000000000e+00
1.470800000000125237e+03,0.000000000000000000e+00
1.470900000000125146e+03,0.000000000000000000e+00
1.471000000000125283e+03,0.000000000000000000e+00
1.471100000000125419e+03,0.000000000000000000e+00
1.471200000000125328e+03,0.000000000000000000e+00
1.471300000000125237e+03,0.000000000000000000e+00
1.471400000000125374e+03,0.000000000000000000e+00
1.471500000000125510e+03,0.000000000000000000e+00
1.471600000000125419e+03,0.000000000000000000e+00
1.471700000000125328e+03,0.000000000000000000e+00
1.471800000000125465e+03,0.000000000000000000e+00
1.471900000000125601e+03,0.000000000000000000e+00
1.472000000000125510e+03,0.000000000000000000e+00
1.472100000000125419e+03,0.000000000000000000e+00
1.472200000000125556e+03,0.000000000000000000e+00
1.472300000000125692e+03,0.000000000000000000e+00
1.472400000000125601e+03,0.000000000000000000e+00
1.472500000000125510e+03,0.000000000000000000e+00
1.472600000000125647e+03,0.000000000000000000e+00
1.472700000000125783e+03,0.000000000000000000e+00
1.472800000000125692e+03,0.000000000000000000e+00
1.472900000000125601e+03,0.000000000000000000e+00
1.473000000000125738e+03,0.000000000000000000e+00
1.473100000000125874e+03,0.000000000000000000e+00
1.473200000000125783e+03,0.000000000000000000e+00
1.473300000000125692e+03,0.000000000000000000e+00
1.473400000000125829e+03,0.000000000000000000e+00
1.473500000000125965e+03,0.000000000000000000e+00
1.473600000000125874e+03,0.000000000000000000e+00
1.473700000000125783e+03,0.000000000000000000e+00
1.473800000000125920e+03,0.000000000000000000e+00
1.473900000000126056e+03,0.000000000000000000e+00
1.474000000000125965e+03,0.000000000000000000e+00
1.474100000000125874e+03,0.000000000000000000e+00
1.474200000000126010e+03,0.000000000000000000e+00
1.474300000000126147e+03,0.000000000000000000e+00
1.474400000000126056e+03,0.000000000000000000e+00
1.474500000000125965e+03,0.000000000000000000e+00
1.474600000000126101e+03,0.000000000000000000e+00
1.474700000000126238e+03,0.000000000000000000e+00
1.474800000000126147e+03,0.000000000000000000e+00
1.474900000000126056e+03,0.000000000000000000e+00
1.475000000000126192e+03,0.000000000000000000e+00
1.475100000000126329e+03,0.000000000000000000e+00
1.475200000000126238e+03,0.000000000000000000e+00
1.475300000000126147e+03,0.000000000000000000e+00
1.475400000000126283e+03,0.000000000000000000e+00
1.475500000000126420e+03,0.000000000000000000e+00
1.475600000000126329e+03,0.000000000000000000e+00
1.475700000000126238e+03,0.000000000000000000e+00
1.475800000000126374e+03,0.000000000000000000e+00
1.475900000000126511e+03,0.000000000000000000e+00
1.476000000000126420e+03,0.000000000000000000e+00
1.476100000000126329e+03,0.000000000000000000e+00
1.476200000000126465e+03,0.000000000000000000e+00
1.476300000000126602e+03,0.000000000000000000e+00
1.476400000000126511e+03,0.000000000000000000e+00
1.476500000000126420e+03,0.000000000000000000e+00
1.476600000000126556e+03,0.000000000000000000e+00
1.476700000000126693e+03,0.000000000000000000e+00
1.476800000000126602e+03,0.000000000000000000e+00
1.476900000000126511e+03,0.000000000000000000e+00
1.477000000000126647e+03,0.000000000000000000e+00
1.477100000000126784e+03,0.000000000000000000e+00
1.477200000000126693e+03,0.000000000000000000e+00
1.477300000000126602e+03,0.000000000000000000e+00
1.477400000000126738e+03,0.000000000000000000e+00
1.477500000000126875e+03,0.000000000000000000e+00
1.477600000000126784e+03,0.000000000000000000e+00
1.477700000000126693e+03,0.000000000000000000e+00
1.477800000000126829e+03,0.000000000000000000e+00
1.477900000000126965e+03,0.000000000000000000e+00
1.478000000000126875e+03,0.000000000000000000e+00
1.478100000000126784e+03,0.000000000000000000e+00
1.478200000000126920e+03,0.000000000000000000e+00
1.478300000000127056e+03,0.000000000000000000e+00
1.478400000000126965e+03,0.000000000000000000e+00
1.478500000000126875e+03,0.000000000000000000e+00
1.478600000000127011e+03,0.000000000000000000e+00
1.478700000000127147e+03,0.000000000000000000e+00
1.478800000000127056e+03,0.000000000000000000e+00
1.478900000000126965e+03,0.000000000000000000e+00
1.479000000000127102e+03,0.000000000000000000e+00
1.479100000000127238e+03,0.000000000000000000e+00
1.479200000000127147e+03,0.000000000000000000e+00
1.479300000000127056e+03,0.000000000000000000e+00
1.479400000000127193e+03,0.000000000000000000e+00
1.479500000000127329e+03,0.000000000000000000e+00
1.479600000000127238e+03,0.000000000000000000e+00
1.479700000000127147e+03,0.000000000000000000e+00
1.479800000000127284e+03,0.000000000000000000e+00
1.479900000000127420e+03,0.000000000000000000e+00
1.480000000000127329e+03,0.000000000000000000e+00
1.480100000000127238e+03,0.000000000000000000e+00
1.480200000000127375e+03,0.000000000000000000e+00
1.480300000000127511e+03,0.000000000000000000e+00
1.480400000000127420e+03,0.000000000000000000e+00
1.480500000000127329e+03,0.000000000000000000e+00
1.480600000000127466e+03,0.000000000000000000e+00
1.480700000000127602e+03,0.000000000000000000e+00
1.480800000000127511e+03,0.000000000000000000e+00
1.480900000000127420e+03,0.000000000000000000e+00
1.481000000000127557e+03,0.000000000000000000e+00
1.481100000000127693e+03,0.000000000000000000e+00
1.481200000000127602e+03,0.000000000000000000e+00
1.481300000000127511e+03,0.000000000000000000e+00
1.481400000000127648e+03,0.000000000000000000e+00
1.481500000000127784e+03,0.000000000000000000e+00
1.481600000000127693e+03,0.000000000000000000e+00
1.481700000000127602e+03,0.000000000000000000e+00
1.481800000000127739e+03,0.000000000000000000e+00
1.481900000000127875e+03,0.000000000000000000e+00
1.482000000000127784e+03,0.000000000000000000e+00
1.482100000000127693e+03,0.000000000000000000e+00
1.482200000000127829e+03,0.000000000000000000e+00
1.482300000000127966e+03,0.000000000000000000e+00
1.482400000000127875e+03,0.000000000000000000e+00
1.482500000000127784e+03,0.000000000000000000e+00
1.482600000000127920e+03,0.000000000000000000e+00
1.482700000000128057e+03,0.000000000000000000e+00
1.482800000000127966e+03,0.000000000000000000e+00
1.482900000000127875e+03,0.000000000000000000e+00
1.483000000000128011e+03,0.000000000000000000e+00
1.483100000000128148e+03,0.000000000000000000e+00
1.483200000000128057e+03,0.000000000000000000e+00
1.483300000000127966e+03,0.000000000000000000e+00
1.483400000000128102e+03,0.000000000000000000e+00
1.483500000000128239e+03,0.000000000000000000e+00
1.483600000000128148e+03,0.000000000000000000e+00
1.483700000000128057e+03,0.000000000000000000e+00
1.483800000000128193e+03,0.000000000000000000e+00
1.483900000000128330e+03,0.000000000000000000e+00
1.484000000000128239e+03,0.000000000000000000e+00
1.484100000000128148e+03,0.000000000000000000e+00
1.484200000000128284e+03,0.000000000000000000e+00
1.484300000000128421e+03,0.000000000000000000e+00
1.484400000000128330e+03,0.000000000000000000e+00
1.484500000000128239e+03,0.000000000000000000e+00
1.484600000000128375e+03,0.000000000000000000e+00
1.484700000000128512e+03,0.000000000000000000e+00
1.484800000000128421e+03,0.000000000000000000e+00
1.484900000000128330e+03,0.000000000000000000e+00
1.485000000000128466e+03,0.000000000000000000e+00
1.485100000000128603e+03,0.000000000000000000e+00
1.485200000000128512e+03,0.000000000000000000e+00
1.485300000000128421e+03,0.000000000000000000e+00
1.485400000000128557e+03,0.000000000000000000e+00
1.485500000000128694e+03,0.000000000000000000e+00
1.485600000000128603e+03,0.000000000000000000e+00
1.485700000000128512e+03,0.000000000000000000e+00
1.485800000000128648e+03,0.000000000000000000e+00
1.485900000000128784e+03,0.000000000000000000e+00
1.486000000000128694e+03,0.000000000000000000e+00
1.486100000000128603e+03,0.000000000000000000e+00
1.486200000000128739e+03,0.000000000000000000e+00
1.486300000000128875e+03,0.000000000000000000e+00
1.486400000000128784e+03,0.000000000000000000e+00
1.486500000000128694e+03,0.000000000000000000e+00
1.486600000000128830e+03,0.000000000000000000e+00
1.486700000000128966e+03,0.000000000000000000e+00
1.486800000000128875e+03,0.000000000000000000e+00
1.486900000000128784e+03,0.000000000000000000e+00
1.487000000000128921e+03,0.000000000000000000e+00
1.487100000000129057e+03,0.000000000000000000e+00
1.487200000000128966e+03,0.000000000000000000e+00
1.487300000000128875e+03,0.000000000000000000e+00
1.487400000000129012e+03,0.000000000000000000e+00
1.487500000000129148e+03,0.000000000000000000e+00
1.487600000000129057e+03,0.000000000000000000e+00
1.487700000000128966e+03,0.000000000000000000e+00
1.487800000000129103e+03,0.000000000000000000e+00
1.487900000000129239e+03,0.000000000000000000e+00
1.488000000000129148e+03,0.000000000000000000e+00
1.488100000000129057e+03,0.000000000000000000e+00
1.488200000000129194e+03,0.000000000000000000e+00
1.488300000000129330e+03,0.000000000000000000e+00
1.488400000000129239e+03,0.000000000000000000e+00
1.488500000000129148e+03,0.000000000000000000e+00
1.488600000000129285e+03,0.000000000000000000e+00
1.488700000000129421e+03,0.000000000000000000e+00
1.488800000000129330e+03,0.000000000000000000e+00
1.488900000000129239e+03,0.000000000000000000e+00
1.489000000000129376e+03,0.000000000000000000e+00
1.489100000000129512e+03,0.000000000000000000e+00
1.489200000000129421e+03,0.000000000000000000e+00
1.489300000000129330e+03,0.000000000000000000e+00
1.489400000000129467e+03,0.000000000000000000e+00
1.489500000000129603e+03,0.000000000000000000e+00
1.489600000000129512e+03,0.000000000000000000e+00
1.489700000000129421e+03,0.000000000000000000e+00
1.489800000000129558e+03,0.000000000000000000e+00
1.489900000000129694e+03,0.000000000000000000e+00
1.490000000000129603e+03,0.000000000000000000e+00
1.490100000000129512e+03,0.000000000000000000e+00
1.490200000000129648e+03,0.000000000000000000e+00
1.490300000000129785e+03,0.000000000000000000e+00
1.490400000000129694e+03,0.000000000000000000e+00
1.490500000000129603e+03,0.000000000000000000e+00
1.490600000000129739e+03,0.000000000000000000e+00
1.490700000000129876e+03,0.000000000000000000e+00
1.490800000000129785e+03,0.000000000000000000e+00
1.490900000000129694e+03,0.000000000000000000e+00
1.491000000000129830e+03,0.000000000000000000e+00
1.491100000000129967e+03,0.000000000000000000e+00
1.491200000000129876e+03,0.000000000000000000e+00
1.491300000000129785e+03,0.000000000000000000e+00
1.491400000000129921e+03,0.000000000000000000e+00
1.491500000000130058e+03,0.000000000000000000e+00
1.491600000000129967e+03,0.000000000000000000e+00
1.491700000000129876e+03,0.000000000000000000e+00
1.491800000000130012e+03,0.000000000000000000e+00
1.491900000000130149e+03,0.000000000000000000e+00
1.492000000000130058e+03,0.000000000000000000e+00
1.492100000000129967e+03,0.000000000000000000e+00
1.492200000000130103e+03,0.000000000000000000e+00
1.492300000000130240e+03,0.000000000000000000e+00
1.492400000000130149e+03,0.000000000000000000e+00
1.492500000000130058e+03,0.000000000000000000e+00
1.492600000000130194e+03,0.000000000000000000e+00
1.492700000000130331e+03,0.000000000000000000e+00
1.492800000000130240e+03,0.000000000000000000e+00
1.492900000000130149e+03,0.000000000000000000e+00
1.493000000000130285e+03,9.855686210660506038e-13
1.493100000000130422e+03,7.620093547189918251e-04
1.493200000000130331e+03,1.534997199005771898e-03
1.493300000000130240e+03,2.318815028886839647e-03
1.493400000000130376e+03,3.113314298666204454e-03
1.493500000000130512e+03,3.918346421949017028e-03
1.493600000000130422e+03,4.733795849716196553e-03
1.493700000000130331e+03,5.559579372136447782e-03
1.493800000000130467e+03,6.395481346703809494e-03
1.493900000000130603e+03,7.241194656959121061e-03
1.494000000000130512e+03,8.096696146101442157e-03
1.494100000000130422e+03,8.456934908508703316e-03
1.494200000000130558e+03,8.820041661869932811e-03
1.494300000000130694e+03,9.185968332247454460e-03
1.494400000000130603e+03,9.554608391888515587e-03
1.494500000000130512e+03,9.925803579598900528e-03
1.494600000000130649e+03,1.029965720500145357e-02
1.494700000000130785e+03,1.067612079464575273e-02
1.494800000000130694e+03,1.105514582338710736e-02
1.494900000000130603e+03,1.143668371436779019e-02
1.495000000000130740e+03,1.182068583903082143e-02
1.495100000000130876e+03,1.223398448629742230e-02
1.495200000000130785e+03,1.264849734944640917e-02
1.495300000000130694e+03,1.306385299007376335e-02
1.495400000000130831e+03,1.348043559342331811e-02
1.495500000000130967e+03,1.389820392159526671e-02
1.495600000000130876e+03,1.431711670592751735e-02
1.495700000000130785e+03,1.473713264699284820e-02
1.495800000000130922e+03,1.515821041459226859e-02
1.495900000000131058e+03,1.558030864774845488e-02
1.496000000000130967e+03,1.600331612216191607e-02
1.496100000000130876e+03,1.643373276104304059e-02
1.496200000000131013e+03,1.686320441213211979e-02
1.496300000000131149e+03,1.729190055607700283e-02
1.496400000000131058e+03,1.771979492137006063e-02
1.496500000000130967e+03,1.814686122153388870e-02
1.496600000000131104e+03,1.857307315511979792e-02
1.496700000000131240e+03,1.899840440570639902e-02
1.496800000000131149e+03,1.942221849370240686e-02
1.496900000000131058e+03,1.984165700462708209e-02
1.497000000000131195e+03,2.025996452326091907e-02
1.497100000000131331e+03,2.066972215816086783e-02
1.497200000000131240e+03,2.107647496118215946e-02
1.497300000000131149e+03,2.147928729916890808e-02
1.497400000000131286e+03,2.187933018188482903e-02
1.497500000000131422e+03,2.227659132833562095e-02
1.497600000000131331e+03,2.267111257067711688e-02
1.497700000000131240e+03,2.306328889781399452e-02
1.497800000000131377e+03,2.345266537548021391e-02
1.497900000000131513e+03,2.383923272784069236e-02
1.498000000000131422e+03,2.422298169437850715e-02
1.498100000000131331e+03,2.460103799446826042e-02
1.498200000000131467e+03,2.497568758134498246e-02
1.498300000000131604e+03,2.534693147706578581e-02
1.498400000000131513e+03,2.571444148294852947e-02
1.498500000000131422e+03,2.608121351264690996e-02
1.498600000000131558e+03,2.644464463932590451e-02
1.498700000000131695e+03,2.680473129962285261e-02
1.498800000000131604e+03,2.716146992901426541e-02
1.498900000000131513e+03,2.751485696181841731e-02
1.499000000000131649e+03,2.786488883114365475e-02
1.499100000000131786e+03,2.817317284695138382e-02
1.499200000000131695e+03,2.847746784909878370e-02
1.499300000000131604e+03,2.877898512673507034e-02
1.499400000000131740e+03,2.907650546066545272e-02
1.499500000000131877e+03,2.937003576807163674e-02
1.499600000000131786e+03,2.965958296054064039e-02
1.499700000000131695e+03,2.994515394406805503e-02
1.499800000000131831e+03,3.022675561905797947e-02
1.499900000000131968e+03,3.050439488032346061e-02
1.500000000000131877e+03,3.077807861705589287e-02
1.500100000000131786e+03,3.102245818702385402e-02
1.500200000000131922e+03,3.126318572597944906e-02
1.500300000000132059e+03,3.150026525800599109e-02
1.500400000000131968e+03,3.173370080790654385e-02
1.500500000000131877e+03,3.196349640120384888e-02
1.500600000000132013e+03,3.218992906728573855e-02
1.500700000000132150e+03,3.241322265003562797e-02
1.500800000000132059e+03,3.263289866913256926e-02
1.500900000000131968e+03,3.284753181891361673e-02
1.501000000000132104e+03,3.305847889577966797e-02
1.501100000000132241e+03,3.322259981513748378e-02
1.501200000000132150e+03,3.338359645634000200e-02
1.501300000000132059e+03,3.354146970784959575e-02
1.501400000000132195e+03,3.369622045992441001e-02
1.501500000000132331e+03,3.384784960461841019e-02
1.501600000000132241e+03,3.399635803578248544e-02
1.501700000000132150e+03,3.414317216106606961e-02
1.501800000000132286e+03,3.428699892703988839e-02
1.501900000000132422e+03,3.442772010959688905e-02
1.502000000000132331e+03,3.456533618635398292e-02
1.502100000000132241e+03,3.462878626610355753e-02
1.502200000000132377e+03,3.468973427364529377e-02
1.502300000000132513e+03,3.474818036270507088e-02
1.502400000000132422e+03,3.480412468772074719e-02
1.502500000000132331e+03,3.485896150967556645e-02
1.502600000000132468e+03,3.491148365387750779e-02
1.502700000000132604e+03,3.496150871176393476e-02
1.502800000000132513e+03,3.500903650098372011e-02
1.502900000000132422e+03,3.505406355484694952e-02
1.503000000000132559e+03,3.509656278732936618e-02
1.503100000000132695e+03,3.506051348609580398e-02
1.503200000000132604e+03,3.502276721013234534e-02
1.503300000000132513e+03,3.498265357731970143e-02
1.503400000000132650e+03,3.494071943188455792e-02
1.503500000000132786e+03,3.489708543786046446e-02
1.503600000000132695e+03,3.485175006295034711e-02
1.503700000000132604e+03,3.480471177430696089e-02
1.503800000000132741e+03,3.475596903853311187e-02
1.503900000000132877e+03,3.470552032168217754e-02
1.504000000000132786e+03,3.465336408911763588e-02
1.504100000000132695e+03,3.449395845019459506e-02
1.504200000000132832e+03,3.433377846813084888e-02
1.504300000000132968e+03,3.417297522692434170e-02
1.504400000000132877e+03,3.401154873190433831e-02
1.504500000000132786e+03,3.384949898860380169e-02
1.504600000000132923e+03,3.368682600275949707e-02
1.504700000000133059e+03,3.352352978031297726e-02
1.504800000000132968e+03,3.335959120190060134e-02
1.504900000000132877e+03,3.319501696163318361e-02
1.505000000000133014e+03,3.302981981912532505e-02
1.505100000000133150e+03,3.277432800639382832e-02
1.505200000000133059e+03,3.251930966773933923e-02
1.505300000000132968e+03,3.226476525027245634e-02
1.505400000000133105e+03,3.201069520110925298e-02
1.505500000000133241e+03,3.175709996737233892e-02
1.505600000000133150e+03,3.150397999618958361e-02
1.505700000000133059e+03,3.124876012315454255e-02
1.505800000000133195e+03,3.099311302890606426e-02
1.505900000000133332e+03,3.073799888208755826e-02
1.506000000000133241e+03,3.048340751913677926e-02
1.506100000000133150e+03,3.014281401845542857e-02
1.506200000000133286e+03,2.980389721391091609e-02
1.506300000000133423e+03,2.946665894200287128e-02
1.506400000000133332e+03,2.913110103943446910e-02
1.506500000000133241e+03,2.879677574277874491e-02
1.506600000000133377e+03,2.846394643443546715e-02
1.506700000000133514e+03,2.813281791799606898e-02
1.506800000000133423e+03,2.780339191626732265e-02
1.506900000000133332e+03,2.747567015209433430e-02
1.507000000000133468e+03,2.714965434824494900e-02
1.507100000000133605e+03,2.673880912491805387e-02
1.507200000000133514e+03,2.633105815258770729e-02
1.507300000000133423e+03,2.592563790603154630e-02
1.507400000000133559e+03,2.552291892775871221e-02
1.507500000000133696e+03,2.512332995487695161e-02
1.507600000000133605e+03,2.472687497569544049e-02
1.507700000000133514e+03,2.433355445185963681e-02
1.507800000000133650e+03,2.394336884368292867e-02
1.507900000000133787e+03,2.355631861014863965e-02
1.508000000000133696e+03,2.317240420882425017e-02
1.508100000000133605e+03,2.272924276088239201e-02
1.508200000000133741e+03,2.229043908349931727e-02
1.508300000000133878e+03,2.185579258606031722e-02
1.508400000000133787e+03,2.142530464912829197e-02
1.508500000000133696e+03,2.099898880671726212e-02
1.508600000000133832e+03,2.057684150670087420e-02
1.508700000000133969e+03,2.015885610616556523e-02
1.508800000000133878e+03,1.974503399236098369e-02
1.508900000000133787e+03,1.933512512821168941e-02
1.509000000000133923e+03,1.892921134301290068e-02
1.509100000000134060e+03,1.848494606608086163e-02
1.509200000000133969e+03,1.804560572280627245e-02
1.509300000000133878e+03,1.761119206291064665e-02
1.509400000000134014e+03,1.718170683542550453e-02
1.509500000000134150e+03,1.675715178869427446e-02
1.509600000000134060e+03,1.633757384330199527e-02
1.509700000000133969e+03,1.592325853911019315e-02
1.509800000000134105e+03,1.551385936096017805e-02
1.509900000000134241e+03,1.510937840307748602e-02
1.510000000000134150e+03,1.470981775914013100e-02
1.510100000000134060e+03,1.429241159209138599e-02
1.510200000000134196e+03,1.388036082490837209e-02
1.510300000000134332e+03,1.347366779125868178e-02
1.510400000000134241e+03,1.307234301521084663e-02
1.510500000000134150e+03,1.267666122464084985e-02
1.510600000000134287e+03,1.228659877321431650e-02
1.510700000000134423e+03,1.190186093455407497e-02
1.510800000000134332e+03,1.152199480755855023e-02
1.510900000000134241e+03,1.114740049706550336e-02
1.511000000000134378e+03,1.077817034323577498e-02
1.511100000000134514e+03,1.041117269045651467e-02
1.511200000000134423e+03,1.004957898033708406e-02
1.511300000000134332e+03,9.693488238224934675e-03
1.511400000000134469e+03,9.342904792808073497e-03
1.511500000000134605e+03,8.997704598501906487e-03
1.511600000000134514e+03,8.657886306786790470e-03
1.511700000000134423e+03,8.323448568857796590e-03
1.511800000000134560e+03,7.994390035626358290e-03
1.511900000000134696e+03,7.670508073858664337e-03
1.512000000000134605e+03,7.351865686090326008e-03
1.512100000000134514e+03,7.417233688910751868e-03
1.512200000000134651e+03,7.479417745746911629e-03
1.512300000000134787e+03,7.538229239203641727e-03
1.512400000000134696e+03,7.593671893552645692e-03
1.512500000000134605e+03,7.645749431087870557e-03
1.512600000000134742e+03,7.694465572125550219e-03
1.512700000000134878e+03,7.739824035004498615e-03
1.512800000000134787e+03,7.781828536086748960e-03
1.512900000000134696e+03,7.820550414908093023e-03
1.513000000000134833e+03,7.855933599291941433e-03
1.513100000000134969e+03,7.915578800881018992e-03
1.513200000000134878e+03,7.971631754770697187e-03
1.513300000000134787e+03,8.024093499365003712e-03
1.513400000000134924e+03,8.072965073549195902e-03
1.513500000000135060e+03,8.118247516689318377e-03
1.513600000000134969e+03,8.159941868632237735e-03
1.513700000000134878e+03,8.198049169705724087e-03
1.513800000000135014e+03,8.232570460717920230e-03
1.513900000000135151e+03,8.263506782957013783e-03
1.514000000000135060e+03,8.290858264150251927e-03
1.514100000000134969e+03,8.320233805948686057e-03
1.514200000000135105e+03,8.346484677014657377e-03
1.514300000000135242e+03,8.369419580319125557e-03
1.514400000000135151e+03,8.389040425978546225e-03
1.514500000000135060e+03,8.405349898377541956e-03
1.514600000000135196e+03,8.418350681404302566e-03
1.514700000000135333e+03,8.428045458450274599e-03
1.514800000000135242e+03,8.434436912409856019e-03
1.514900000000135151e+03,8.437527725680165486e-03
1.515000000000135287e+03,8.437320580166461637e-03
1.515100000000135424e+03,8.438332272221349406e-03
1.515200000000135333e+03,8.436483541441434919e-03
1.515300000000135242e+03,8.431775951165301763e-03
1.515400000000135378e+03,8.424211064687582573e-03
1.515500000000135515e+03,8.413790445258896578e-03
1.515600000000135424e+03,8.400515656085500923e-03
1.515700000000135333e+03,8.384388260329061690e-03
1.515800000000135469e+03,8.365409821106437049e-03
1.515900000000135606e+03,8.343581901489536753e-03
1.516000000000135515e+03,8.318906064507029102e-03
1.516100000000135424e+03,8.293086986723451071e-03
1.516200000000135560e+03,8.265117275984511930e-03
1.516300000000135697e+03,8.234852658315933854e-03
1.516400000000135606e+03,8.202287411686690760e-03
1.516500000000135515e+03,8.167429752242808330e-03
1.516600000000135651e+03,8.130279345992639725e-03
1.516700000000135788e+03,8.090836901803434567e-03
1.516800000000135697e+03,8.049103129130999457e-03
1.516900000000135606e+03,8.005078738019448178e-03
1.517000000000135742e+03,7.958764439099312582e-03
1.517100000000135879e+03,7.909148114115279252e-03
1.517200000000135788e+03,7.857871751465673321e-03
1.517300000000135697e+03,7.804936135685768342e-03
1.517400000000135833e+03,7.750342051313987256e-03
1.517500000000135969e+03,7.694062106188570734e-03
1.517600000000135879e+03,7.635973349786430615e-03
1.517700000000135788e+03,7.576205445317590013e-03
1.517800000000135924e+03,7.514641577172423426e-03
1.517900000000136060e+03,7.451429072700300506e-03
1.518000000000135969e+03,7.386568945214745489e-03
1.518100000000135879e+03,7.318594504435482415e-03
1.518200000000136015e+03,7.249605859746045301e-03
1.518300000000136151e+03,7.179603587665575604e-03
1.518400000000136060e+03,7.108588264682669765e-03
1.518500000000135969e+03,7.036542596145075809e-03
1.518600000000136106e+03,6.963345942212134827e-03
1.518700000000136242e+03,6.889283680205587554e-03
1.518800000000136151e+03,6.814231154957842151e-03
1.518900000000136060e+03,6.738168344107274034e-03
1.519000000000136197e+03,6.661095820150405612e-03
1.519100000000136333e+03,6.580526770641687354e-03
1.519200000000136242e+03,6.499552311057300163e-03
1.519300000000136151e+03,6.418162071953796045e-03
1.519400000000136288e+03,6.336234975871204642e-03
1.519500000000136424e+03,6.253907208671466780e-03
1.519600000000136333e+03,6.171182812002624744e-03
1.519700000000136242e+03,6.088060562024341302e-03
1.519800000000136379e+03,6.004538584344809755e-03
1.519900000000136515e+03,5.920617245167666097e-03
1.520000000000136424e+03,5.836296910542558385e-03
1.520100000000136333e+03,5.751216336924381591e-03
1.520200000000136470e+03,5.665951211038459077e-03
1.520300000000136606e+03,5.580755587321423877e-03
1.520400000000136515e+03,5.495629455801272732e-03
1.520500000000136424e+03,5.410572806500338512e-03
1.520600000000136561e+03,5.325585629435726498e-03
1.520700000000136697e+03,5.240667914619670867e-03
1.520800000000136606e+03,5.155819652059173870e-03
1.520900000000136515e+03,5.071040831755581693e-03
1.521000000000136652e+03,4.986331443701399503e-03
1.521100000000136788e+03,4.899250011328517077e-03
1.521200000000136697e+03,4.812656151045875685e-03
1.521300000000136606e+03,4.726549495344070477e-03
1.521400000000136743e+03,4.640929676857373336e-03
1.521500000000136879e+03,4.555796328364144880e-03
1.521600000000136788e+03,4.471149082786359148e-03
1.521700000000136697e+03,4.386987573189202877e-03
1.521800000000136833e+03,4.303311432781454539e-03
1.521900000000136970e+03,4.220120294915795725e-03
1.522000000000136879e+03,4.137420414727569287e-03
1.522100000000136788e+03,4.055812202009792360e-03
1.522200000000136924e+03,3.974882686770832806e-03
1.522300000000137061e+03,3.894632107979570899e-03
1.522400000000136970e+03,3.815060704530176712e-03
1.522500000000136879e+03,3.736168715241716329e-03
1.522600000000137015e+03,3.657804549391660814e-03
1.522700000000137152e+03,3.580113723169401751e-03
1.522800000000137061e+03,3.503109938599884357e-03
1.522900000000136970e+03,3.426793341913930355e-03
1.523000000000137106e+03,3.351164079225247248e-03
1.523100000000137243e+03,3.274977903951356573e-03
1.523200000000137152e+03,3.199771650910073362e-03
1.523300000000137061e+03,3.125461788192491260e-03
1.523400000000137197e+03,3.051948941009509104e-03
1.523500000000137334e+03,2.979288188157837476e-03
1.523600000000137243e+03,2.907487365248157072e-03
1.523700000000137152e+03,2.836545915005648285e-03
1.523800000000137288e+03,2.766463280293996602e-03
1.523900000000137425e+03,2.697238904115715694e-03
1.524000000000137334e+03,2.628872229613428077e-03
1.524100000000137243e+03,2.562511904175438036e-03
1.524200000000137379e+03,2.496999106433161076e-03
1.524300000000137516e+03,2.432333869264806901e-03
1.524400000000137425e+03,2.368516225412933742e-03
1.524500000000137334e+03,2.305546207484199858e-03
1.524600000000137470e+03,2.243423847949609865e-03
1.524700000000137607e+03,2.182149179144817017e-03
1.524800000000137516e+03,2.121722233269792302e-03
1.524900000000137425e+03,2.062143042388573343e-03
1.525000000000137561e+03,2.003411638431161317e-03
1.525100000000137697e+03,1.946692290796399848e-03
1.525200000000137607e+03,1.890767082326720973e-03
1.525300000000137516e+03,1.835637488369541628e-03
1.525400000000137652e+03,1.781303235845303496e-03
1.525500000000137788e+03,1.727762811832273806e-03
1.525600000000137697e+03,1.675017551306235471e-03
1.525700000000137607e+03,1.623067270771194484e-03
1.525800000000137743e+03,1.571938959564316831e-03
1.525900000000137879e+03,1.521611589785810004e-03
1.526000000000137788e+03,1.472076425811542607e-03
1.526100000000137697e+03,1.425160731353029755e-03
1.526200000000137834e+03,1.378938843162550755e-03
1.526300000000137970e+03,1.333410231867218501e-03
1.526400000000137879e+03,1.288574368268879814e-03
1.526500000000137788e+03,1.244430723343920714e-03
1.526600000000137925e+03,1.200959051008303408e-03
1.526700000000138061e+03,1.158172791469275166e-03
1.526800000000137970e+03,1.116079053465764007e-03
1.526900000000137879e+03,1.074677261991585772e-03
1.527000000000138016e+03,1.033966215391174176e-03
1.527100000000138152e+03,1.018481793419997354e-03
1.527200000000138061e+03,1.003103673412073047e-03
1.527300000000137970e+03,9.878318765078077362e-04
1.527400000000138107e+03,9.726815486999486294e-04
1.527500000000138243e+03,9.576438687914740847e-04
1.527600000000138152e+03,9.427119027152436413e-04
1.527700000000138061e+03,9.279134288898687605e-04
1.527800000000138198e+03,9.132357300503557603e-04
1.527900000000138334e+03,8.986624515189575810e-04
1.528000000000138243e+03,8.841936364557810048e-04
1.528100000000138152e+03,8.948326913348140762e-04
1.528200000000138289e+03,9.051536563138137467e-04
1.528300000000138425e+03,9.151567303892886324e-04
1.528400000000138334e+03,9.248421125154991347e-04
1.528500000000138243e+03,9.342100016044848710e-04
1.528600000000138380e+03,9.432605965260130662e-04
1.528700000000138516e+03,9.519940961075303064e-04
1.528800000000138425e+03,9.604186918604831757e-04
1.528900000000138334e+03,9.685415658744617184e-04
1.529000000000138471e+03,9.763617901272663747e-04
1.529100000000138607e+03,9.864702170815642379e-04
1.529200000000138516e+03,9.963318818338702879e-04
1.529300000000138425e+03,1.005946652514533475e-03
1.529400000000138562e+03,1.015314397259020184e-03
1.529500000000138698e+03,1.024434984207922691e-03
1.529600000000138607e+03,1.033308281507018577e-03
1.529700000000138516e+03,1.041934157307344887e-03
1.529800000000138652e+03,1.050339662247400108e-03
1.529900000000138789e+03,1.058514788017275330e-03
1.530000000000138698e+03,1.066395944685472790e-03
1.530100000000138607e+03,1.075058137835961875e-03
1.530200000000138743e+03,1.083525467299627709e-03
1.530300000000138880e+03,1.091798055389738096e-03
1.530400000000138789e+03,1.099876024393192609e-03
1.530500000000138698e+03,1.107759496570561407e-03
1.530600000000138834e+03,1.115448594156045548e-03
1.530700000000138971e+03,1.122944813438710773e-03
1.530800000000138880e+03,1.130247692882027383e-03
1.530900000000138789e+03,1.137356591149084068e-03
1.531000000000138925e+03,1.144271629260474113e-03
1.531100000000139062e+03,1.151750404277177052e-03
1.531200000000138971e+03,1.159090026863953760e-03
1.531300000000138880e+03,1.166290519043383309e-03
1.531400000000139016e+03,1.173338766931482195e-03
1.531500000000139153e+03,1.180234302983475172e-03
1.531600000000139062e+03,1.186990470020593590e-03
1.531700000000138971e+03,1.193607299554125386e-03
1.531800000000139107e+03,1.200084823105990834e-03
1.531900000000139244e+03,1.206423072208719343e-03
1.532000000000139153e+03,1.212622078404942483e-03
1.532100000000139062e+03,1.218333271792426285e-03
1.532200000000139198e+03,1.223948854420223685e-03
1.532300000000139335e+03,1.229468856175649312e-03
1.532400000000139244e+03,1.234893306948603615e-03
1.532500000000139153e+03,1.240222236631601275e-03
1.532600000000139289e+03,1.245455675119731083e-03
1.532700000000139426e+03,1.250593652310644233e-03
1.532800000000139335e+03,1.255636198104570370e-03
1.532900000000139244e+03,1.260583342404339707e-03
1.533000000000139380e+03,1.265423154624232584e-03
1.533100000000139516e+03,1.268976671999194790e-03
1.533200000000139426e+03,1.272469993482204737e-03
1.533300000000139335e+03,1.275903143561574627e-03
1.533400000000139471e+03,1.279276146724021368e-03
1.533500000000139607e+03,1.282589027454629493e-03
1.533600000000139516e+03,1.285841810236890625e-03
1.533700000000139426e+03,1.289034519552695020e-03
1.533800000000139562e+03,1.292156092722625401e-03
1.533900000000139698e+03,1.295199411148259885e-03
1.534000000000139607e+03,1.298182593355163552e-03
1.534100000000139516e+03,1.299137919232770102e-03
1.534200000000139653e+03,1.300061102862720653e-03
1.534300000000139789e+03,1.300952162500378789e-03
1.534400000000139698e+03,1.301811116398375471e-03
1.534500000000139607e+03,1.302755007560465550e-03
1.534600000000139744e+03,1.303673093369963872e-03
1.534700000000139880e+03,1.304559275337634043e-03
1.534800000000139789e+03,1.305413562632089415e-03
1.534900000000139698e+03,1.306235964425260347e-03
1.535000000000139835e+03,1.307026489888789235e-03
1.535100000000139971e+03,1.305233270707141426e-03
1.535200000000139880e+03,1.303430258909086181e-03
1.535300000000139789e+03,1.301617457652440388e-03
1.535400000000139926e+03,1.299785982568797075e-03
1.535500000000140062e+03,1.297924260798965753e-03
1.535600000000139971e+03,1.296073354213285456e-03
1.535700000000139880e+03,1.294222395844948437e-03
1.535800000000140017e+03,1.292360673854259928e-03
1.535900000000140153e+03,1.290489177786426122e-03
1.536000000000140062e+03,1.288607910819797612e-03
1.536100000000139971e+03,1.283695392013827928e-03
1.536200000000140108e+03,1.278791797785229630e-03
1.536300000000140244e+03,1.273897125042736762e-03
1.536400000000140153e+03,1.269011370694787377e-03
1.536500000000140062e+03,1.264134531649497521e-03
1.536600000000140199e+03,1.259266604814691590e-03
1.536700000000140335e+03,1.254442212437613434e-03
1.536800000000140244e+03,1.249680463766179297e-03
1.536900000000140153e+03,1.244926928376406281e-03
1.537000000000140290e+03,1.240187923027402791e-03
1.537100000000140426e+03,1.232381600141056483e-03
1.537200000000140335e+03,1.224598347347519590e-03
1.537300000000140244e+03,1.216838166245921794e-03
1.537400000000140381e+03,1.209101058431210143e-03
1.537500000000140517e+03,1.201387025494192852e-03
1.537600000000140426e+03,1.193696069021494633e-03
1.537700000000140335e+03,1.186028190595528938e-03
1.537800000000140471e+03,1.178380350224360502e-03
1.537900000000140608e+03,1.170731037053975281e-03
1.538000000000140517e+03,1.163105169366830238e-03
1.538100000000140426e+03,1.152344393388664116e-03
1.538200000000140562e+03,1.141622808145642759e-03
1.538300000000140699e+03,1.130940408444106428e-03
1.538400000000140608e+03,1.120297189084720020e-03
1.538500000000140517e+03,1.109693144862428614e-03
1.538600000000140653e+03,1.099131951459068370e-03
1.538700000000140790e+03,1.088630855192802144e-03
1.538800000000140699e+03,1.078168445138443909e-03
1.538900000000140608e+03,1.067744718685164360e-03
1.539000000000140744e+03,1.057359673212922378e-03
1.539100000000140881e+03,1.044607033881549824e-03
1.539200000000140790e+03,1.031897935675806085e-03
1.539300000000140699e+03,1.019232428444956937e-03
1.539400000000140835e+03,1.006610562059258090e-03
1.539500000000140972e+03,9.940323864100128731e-04
1.539600000000140881e+03,9.814979514095130333e-04
1.539700000000140790e+03,9.690073069909728182e-04
1.539800000000140926e+03,9.565605031085918589e-04
1.539900000000141063e+03,9.441575897376034169e-04
1.540000000000140972e+03,9.317986168706009990e-04
1.540100000000140881e+03,9.169166212874168458e-04
1.540200000000141017e+03,9.020953945889398666e-04
1.540300000000141154e+03,8.873963814257500738e-04
1.540400000000141063e+03,8.727617012819797538e-04
1.540500000000140972e+03,8.581913610402042538e-04
1.540600000000141108e+03,8.436853675737505682e-04
1.540700000000141245e+03,8.292437277467751841e-04
1.540800000000141154e+03,8.148664484141816822e-04
1.540900000000141063e+03,8.005535364215634903e-04
1.541000000000141199e+03,7.863072888137500206e-04
1.541100000000141335e+03,7.707724225600962606e-04
1.541200000000141245e+03,7.552878253780543087e-04
1.541300000000141154e+03,7.398224546333720788e-04
1.541400000000141290e+03,7.244294331624228809e-04
1.541500000000141426e+03,7.091087853665543027e-04
1.541600000000141335e+03,6.938605356430686648e-04
1.541700000000141245e+03,6.786847083851538492e-04
1.541800000000141381e+03,6.635813279819410869e-04
1.541900000000141517e+03,6.485504188185749978e-04
1.542000000000141426e+03,6.335920052753172800e-04
1.542100000000141335e+03,6.181318227318593735e-04
1.542200000000141472e+03,6.027487047818286649e-04
1.542300000000141608e+03,5.874426903283014442e-04
1.542400000000141517e+03,5.721738968209067475e-04
1.542500000000141426e+03,5.569839366140087256e-04
1.542600000000141563e+03,5.418733232139238401e-04
1.542700000000141699e+03,5.268420788476827453e-04
1.542800000000141608e+03,5.118902257316162129e-04
1.542900000000141517e+03,4.970177860712798878e-04
1.543000000000141654e+03,4.822247820824674281e-04
1.543100000000141790e+03,4.822530597201823369e-04
1.543200000000141699e+03,4.822716076052745160e-04
1.543300000000141608e+03,4.822804225170070828e-04
1.543400000000141745e+03,4.822795012355564868e-04
1.543500000000141881e+03,4.822508077625002111e-04
1.543600000000141790e+03,4.822081466909644175e-04
1.543700000000141699e+03,4.821557445983719542e-04
1.543800000000141836e+03,4.820935996179681322e-04
1.543900000000141972e+03,4.820217098843026658e-04
1.544000000000141881e+03,4.819400735446732645e-04
1.544100000000141790e+03,4.898852672298323547e-04
1.544200000000141927e+03,4.977666449972334298e-04
1.544300000000142063e+03,5.055741522189120167e-04
1.544400000000141972e+03,5.133162445138068691e-04
1.544500000000141881e+03,5.209941917871433424e-04
1.544600000000142018e+03,5.286079235001748264e-04
1.544700000000142154e+03,5.361574277598768869e-04
1.544800000000142063e+03,5.436426926795437115e-04
1.544900000000141972e+03,5.510637063788157569e-04
1.545000000000142109e+03,5.584204569838250318e-04
1.545100000000142245e+03,5.658343363519452961e-04
1.545200000000142154e+03,5.731834019601155872e-04
1.545300000000142063e+03,5.804676207078095706e-04
1.545400000000142199e+03,5.876862979658981816e-04
1.545500000000142336e+03,5.948397056994394246e-04
1.545600000000142245e+03,6.019281432786494166e-04
1.545700000000142154e+03,6.089494677894422871e-04
1.545800000000142290e+03,6.158933443985008813e-04
1.545900000000142427e+03,6.227718282524334799e-04
1.546000000000142336e+03,6.295848911856696210e-04
1.546100000000142245e+03,6.359568827238281903e-04
1.546200000000142381e+03,6.422631195561985052e-04
1.546300000000142518e+03,6.485035983841279817e-04
1.546400000000142427e+03,6.546783159213369514e-04
1.546500000000142336e+03,6.607872688939458745e-04
1.546600000000142472e+03,6.668304540404474757e-04
1.546700000000142609e+03,6.728078681116753026e-04
1.546800000000142518e+03,6.787195078708363602e-04
1.546900000000142427e+03,6.845374262999197714e-04
1.547000000000142563e+03,6.902847652145975175e-04
1.547100000000142700e+03,6.952565323450552977e-04
1.547200000000142609e+03,7.001664011102778093e-04
1.547300000000142518e+03,7.050141679114812782e-04
1.547400000000142654e+03,7.097989502196463312e-04
1.547500000000142791e+03,7.144985133004433170e-04
1.547600000000142700e+03,7.191269545533092791e-04
1.547700000000142609e+03,7.236931776456858928e-04
1.547800000000142745e+03,7.281972131270920186e-04
1.547900000000142882e+03,7.326390915457374519e-04
1.548000000000142791e+03,7.370290256635336290e-04
1.548100000000142700e+03,7.404110410056388356e-04
1.548200000000142836e+03,7.437407490219089543e-04
1.548300000000142973e+03,7.470181659366715307e-04
1.548400000000142882e+03,7.502433079757835944e-04
1.548500000000142791e+03,7.534161913666430430e-04
1.548600000000142927e+03,7.565368323381716203e-04
1.548700000000143064e+03,7.596052471208054836e-04
1.548800000000142973e+03,7.626214519464985650e-04
1.548900000000142882e+03,7.655854630487454477e-04
1.549000000000143018e+03,7.684972966609501842e-04
1.549100000000143154e+03,7.702361835736220045e-04
1.549200000000143064e+03,7.719361284844780246e-04
1.549300000000142973e+03,7.735971217314291902e-04
1.549400000000143109e+03,7.752191536572393361e-04
1.549500000000143245e+03,7.768022146095221502e-04
1.549600000000143154e+03,7.783462949407490882e-04
1.549700000000143064e+03,7.798513850082539273e-04
1.549800000000143200e+03,7.813174751742442588e-04
1.549900000000143336e+03,7.827445558057768765e-04
1.550000000000143245e+03,7.841326172722478489e-04
1.550100000000143154e+03,7.837184752696978174e-04
1.550200000000143291e+03,7.832800128149316468e-04
1.550300000000143427e+03,7.828172502785914677e-04
1.550400000000143336e+03,7.823302080237441985e-04
1.550500000000143245e+03,7.818189064058846897e-04
1.550600000000143382e+03,7.812833657729346395e-04
1.550700000000143518e+03,7.807336473792330462e-04
1.550800000000143427e+03,7.801673115330673685e-04
1.550900000000143336e+03,7.795767698743451875e-04
1.551000000000143473e+03,7.789621698675916863e-04
1.551100000000143609e+03,7.768858984710412183e-04
1.551200000000143518e+03,7.748010635375062946e-04
1.551300000000143427e+03,7.727076657072226096e-04
1.551400000000143564e+03,7.706463374967601875e-04
1.551500000000143700e+03,7.685900531727282497e-04
1.551600000000143609e+03,7.665249128108540116e-04
1.551700000000143518e+03,7.644509151971750575e-04
1.551800000000143655e+03,7.623680591185434240e-04
1.551900000000143791e+03,7.602763433626288534e-04
1.552000000000143700e+03,7.581757667152259602e-04
1.552100000000143609e+03,7.542009249479796540e-04
1.552200000000143746e+03,7.502344199597111175e-04
1.552300000000143882e+03,7.462679528739651728e-04
1.552400000000143791e+03,7.423013818330857728e-04
1.552500000000143700e+03,7.383676071542703010e-04
1.552600000000143837e+03,7.344698383784073513e-04
1.552700000000143973e+03,7.305794077561393726e-04
1.552800000000143882e+03,7.266963492330016580e-04
1.552900000000143791e+03,7.228212337031044050e-04
1.553000000000143928e+03,7.189540578172089755e-04
1.553100000000144064e+03,7.134677071747170781e-04
1.553200000000143973e+03,7.079683217678561834e-04
1.553300000000143882e+03,7.024911851791221110e-04
1.553400000000144018e+03,6.970363760561778957e-04
1.553500000000144155e+03,6.916040089627464122e-04
1.553600000000144064e+03,6.862000527176378550e-04
1.553700000000143973e+03,6.808445664123282835e-04
1.553800000000144109e+03,6.755109743247456012e-04
1.553900000000144246e+03,6.702118283327292148e-04
1.554000000000144155e+03,6.649519424691759410e-04
1.554100000000144064e+03,6.583802479074758740e-04
1.554200000000144200e+03,6.518374730642681513e-04
1.554300000000144337e+03,6.453236257745848751e-04
1.554400000000144246e+03,6.388387138697680656e-04
1.554500000000144155e+03,6.323827451774345328e-04
1.554600000000144291e+03,6.259557275215106792e-04
1.554700000000144428e+03,6.195576687222473537e-04
1.554800000000144337e+03,6.131885765962010945e-04
1.554900000000144246e+03,6.068484589561928214e-04
1.555000000000144382e+03,6.005373236093312266e-04
1.555100000000144519e+03,5.928673718118670621e-04
1.555200000000144428e+03,5.852355437394104066e-04
1.555300000000144337e+03,5.776418225617855522e-04
1.555400000000144473e+03,5.700861914482427059e-04
1.555500000000144610e+03,5.625557574026275511e-04
1.555600000000144519e+03,5.550387969539894491e-04
1.555700000000144428e+03,5.475608852531791337e-04
1.555800000000144564e+03,5.401219976893946017e-04
1.555900000000144701e+03,5.327142789281195294e-04
1.556000000000144610e+03,5.253411063704454620e-04
1.556100000000144519e+03,5.171786900942101570e-04
1.556200000000144655e+03,5.090537271194572888e-04
1.556300000000144792e+03,5.009695987848824432e-04
1.556400000000144701e+03,4.929306157151270348e-04
1.556500000000144610e+03,4.849287103674722321e-04
1.556600000000144746e+03,4.769638804147913170e-04
1.556700000000144883e+03,4.690361235200787545e-04
1.556800000000144792e+03,4.611454373364165288e-04
1.556900000000144701e+03,4.532918195069324013e-04
1.557000000000144837e+03,4.454680534465192622e-04
1.557100000000144973e+03,4.368850145463157872e-04
1.557200000000144883e+03,4.283593355977585227e-04
1.557300000000144792e+03,4.198760598711223451e-04
1.557400000000144928e+03,4.114351259821293311e-04
1.557500000000145064e+03,4.030364725979737302e-04
1.557600000000144973e+03,3.946800384372546361e-04
1.557700000000144883e+03,3.863657622699094162e-04
1.557800000000145019e+03,3.780935829172299206e-04
1.557900000000145155e+03,3.698615839969454492e-04
1.558000000000145064e+03,3.616652790472797501e-04
1.558100000000144973e+03,3.535970413496062844e-04
1.558200000000145110e+03,3.455233269819740272e-04
1.558300000000145246e+03,3.374760083309619706e-04
1.558400000000145155e+03,3.294550842572997414e-04
1.558500000000145064e+03,3.214605536129273400e-04
1.558600000000145201e+03,3.134924152410314599e-04
1.558700000000145337e+03,3.055494017116358639e-04
1.558800000000145246e+03,2.976273471827030662e-04
1.558900000000145155e+03,2.897320379590752381e-04
1.559000000000145292e+03,2.818634710761746859e-04
1.559100000000145428e+03,2.803285579860288995e-04
1.559200000000145337e+03,2.787978538043091618e-04
1.559300000000145246e+03,2.772713525484373789e-04
1.559400000000145383e+03,2.757490482416876006e-04
1.559500000000145519e+03,2.742309349131886228e-04
1.559600000000145428e+03,2.727170065979122779e-04
1.559700000000145337e+03,2.712072573366621593e-04
1.559800000000145474e+03,2.697016811760780119e-04
1.559900000000145610e+03,2.682002721686354619e-04
1.560000000000145519e+03,2.667030243822188706e-04
1.560100000000145428e+03,2.717875836533256532e-04
1.560200000000145565e+03,2.768631041766497509e-04
1.560300000000145701e+03,2.819338370498515232e-04
1.560400000000145610e+03,2.870339999451306727e-04
1.560500000000145519e+03,2.921300655934828852e-04
1.560600000000145656e+03,2.972187385278576561e-04
1.560700000000145792e+03,3.023000209554663957e-04
1.560800000000145701e+03,3.073739150838175312e-04
1.560900000000145610e+03,3.124404231207459433e-04
1.561000000000145747e+03,3.174995472747728668e-04
1.561100000000145883e+03,3.228211404368082241e-04
1.561200000000145792e+03,3.281271839900111583e-04
1.561300000000145701e+03,3.334310697920669551e-04
1.561400000000145837e+03,3.387327981450156912e-04
1.561500000000145974e+03,3.440377824855088418e-04
1.561600000000145883e+03,3.493610130381287547e-04
1.561700000000145792e+03,3.546877466695059697e-04
1.561800000000145928e+03,3.600132518466219096e-04
1.561900000000146065e+03,3.653375284166591997e-04
1.562000000000145974e+03,3.706605762270988921e-04
1.562100000000145883e+03,3.761552249425782692e-04
1.562200000000146019e+03,3.816566571433598217e-04
1.562300000000146156e+03,3.871648728398668525e-04
1.562400000000146065e+03,3.926798720414848660e-04
1.562500000000145974e+03,3.982016547565802168e-04
1.562600000000146110e+03,4.037302209924784253e-04
1.562700000000146247e+03,4.092564920635260333e-04
1.562800000000146156e+03,4.147887395526611088e-04
1.562900000000146065e+03,4.203275096961818697e-04
1.563000000000146201e+03,4.258728020364354119e-04
1.563100000000146338e+03,4.312404115295559817e-04
1.563200000000146247e+03,4.366175898150862953e-04
1.563300000000146156e+03,4.420043299744277378e-04
1.563400000000146292e+03,4.474006250907943717e-04
1.563500000000146429e+03,4.528064682491816581e-04
1.563600000000146338e+03,4.582119913993359787e-04
1.563700000000146247e+03,4.636263099461092742e-04
1.563800000000146383e+03,4.690426005350868005e-04
1.563900000000146520e+03,4.744642234866882106e-04
1.564000000000146429e+03,4.798945397425684800e-04
1.564100000000146338e+03,4.851869907991932050e-04
1.564200000000146474e+03,4.904959753634296430e-04
1.564300000000146611e+03,4.958214299815590607e-04
1.564400000000146520e+03,5.011530118914313660e-04
1.564500000000146429e+03,5.064998590845238863e-04
1.564600000000146565e+03,5.118629490961155819e-04
1.564700000000146701e+03,5.172422861409281232e-04
1.564800000000146611e+03,5.226378744318106555e-04
1.564900000000146520e+03,5.280497181797623495e-04
1.565000000000146656e+03,5.334778215928528619e-04
1.565100000000146792e+03,5.381985216189489208e-04
1.565200000000146701e+03,5.429443563669248589e-04
1.565300000000146611e+03,5.477063215432045147e-04
1.565400000000146747e+03,5.524828841533910989e-04
1.565500000000146883e+03,5.572740373574803542e-04
1.565600000000146792e+03,5.620797743160557691e-04
1.565700000000146701e+03,5.669000881903099370e-04
1.565800000000146838e+03,5.717349721420154993e-04
1.565900000000146974e+03,5.765844193335132196e-04
1.566000000000146883e+03,5.814484229264946409e-04
1.566100000000146792e+03,5.854872994635983282e-04
1.566200000000146929e+03,5.895385476139591895e-04
1.566300000000147065e+03,5.936021612337849356e-04
1.566400000000146974e+03,5.976781341795571467e-04
1.566500000000146883e+03,6.017664603080516558e-04
1.566600000000147020e+03,6.058671334763217429e-04
1.566700000000147156e+03,6.099801475416811135e-04
1.566800000000147065e+03,6.141165699738442181e-04
1.566900000000146974e+03,6.182683024382849704e-04
1.567000000000147111e+03,6.224325454953796811e-04
1.567100000000147247e+03,6.255728119109131959e-04
1.567200000000147156e+03,6.286962526499787233e-04
1.567300000000147065e+03,6.318216081694117163e-04
1.567400000000147202e+03,6.349541407079463450e-04
1.567500000000147338e+03,6.380938477127239689e-04
1.567600000000147247e+03,6.412077193200951082e-04
1.567700000000147156e+03,6.443174670834083458e-04
1.567800000000147293e+03,6.474337654133425091e-04
1.567900000000147429e+03,6.505567940526599388e-04
1.568000000000147338e+03,6.536865490076272309e-04
1.568100000000147247e+03,6.556339638381185591e-04
1.568200000000147384e+03,6.575801522156369617e-04
1.568300000000147520e+03,6.595419089379995527e-04
1.568400000000147429e+03,6.614952875581447305e-04
1.568500000000147338e+03,6.634391010632364897e-04
1.568600000000147475e+03,6.653816940391201655e-04
1.568700000000147611e+03,6.673230663860030797e-04
1.568800000000147520e+03,6.692632180042668933e-04
1.568900000000147429e+03,6.712021487944774736e-04
1.569000000000147566e+03,6.731398586551230311e-04
1.569100000000147702e+03,6.735440558305130516e-04
1.569200000000147611e+03,6.739352530987699876e-04
1.569300000000147520e+03,6.743134555397684027e-04
1.569400000000147656e+03,6.746828066062401496e-04
1.569500000000147793e+03,6.750509269190344301e-04
1.569600000000147702e+03,6.754060837905492918e-04
1.569700000000147611e+03,6.757482813879853905e-04
1.569800000000147747e+03,6.760775238797817575e-04
1.569900000000147884e+03,6.763938154356155833e-04
1.570000000000147793e+03,6.766971602243197900e-04
1.570100000000147702e+03,6.755655713253087185e-04
1.570200000000147838e+03,6.744074851910973915e-04
1.570300000000147975e+03,6.732228976848068187e-04
1.570400000000147884e+03,6.720118046747780094e-04
1.570500000000147793e+03,6.707742020345642750e-04
1.570600000000147929e+03,6.695100856429408781e-04
1.570700000000148066e+03,6.682194513839064421e-04
1.570800000000147975e+03,6.669022951466837103e-04
1.570900000000147884e+03,6.655586128257116310e-04
1.571000000000148020e+03,6.641884003183489088e-04
1.571100000000148157e+03,6.612293696764191906e-04
1.571200000000148066e+03,6.582301022818791382e-04
1.571300000000147975e+03,6.551906022325106526e-04
1.571400000000148111e+03,6.521108736347469180e-04
1.571500000000148248e+03,6.489909206036864955e-04
1.571600000000148157e+03,6.458224740052660251e-04
1.571700000000148066e+03,6.425758209955645481e-04
1.571800000000148202e+03,6.392758817237245445e-04
1.571900000000148339e+03,6.359363539420254596e-04
1.572000000000148248e+03,6.325572529854696585e-04
1.572100000000148157e+03,6.278173728162281080e-04
1.572200000000148293e+03,6.230246523681485593e-04
1.572300000000148430e+03,6.181791036877368412e-04
1.572400000000148339e+03,6.132660931478301674e-04
1.572500000000148248e+03,6.082874924738186683e-04
1.572600000000148384e+03,6.032565530363324805e-04
1.572700000000148520e+03,5.981732941291982315e-04
1.572800000000148430e+03,5.930318770963435198e-04
1.572900000000148339e+03,5.878302504854630069e-04
1.573000000000148475e+03,5.825766093477169382e-04
1.573100000000148611e+03,5.760780180040570627e-04
1.573200000000148520e+03,5.695262411149729261e-04
1.573300000000148430e+03,5.629214159493747425e-04
1.573400000000148566e+03,5.562569358381472999e-04
1.573500000000148702e+03,5.495328655453875699e-04
1.573600000000148611e+03,5.427492698091169196e-04
1.573700000000148520e+03,5.359062133412420808e-04
1.573800000000148657e+03,5.290037608275788934e-04
1.573900000000148793e+03,5.220454017638517406e-04
1.574000000000148702e+03,5.150485594434046259e-04
1.574100000000148611e+03,5.075175770423907308e-04
1.574200000000148748e+03,4.999152166303895981e-04
1.574300000000148884e+03,4.922414730357613103e-04
1.574400000000148793e+03,4.844963411059964261e-04
1.574500000000148702e+03,4.766798157076916403e-04
1.574600000000148839e+03,4.687918917265774307e-04
1.574700000000148975e+03,4.608325640675584988e-04
1.574800000000148884e+03,4.528060523934964842e-04
1.574900000000148793e+03,4.447139084511397898e-04
1.575000000000148930e+03,4.365499754318256953e-04
1.575100000000149066e+03,4.283227533625224540e-04
1.575200000000148975e+03,4.200273057063157395e-04
1.575300000000148884e+03,4.116635548559904097e-04
1.575400000000149021e+03,4.032315434794618895e-04
1.575500000000149157e+03,3.947313142395542985e-04
1.575600000000149066e+03,3.861694421719076044e-04
1.575700000000148975e+03,3.775498821605523703e-04
1.575800000000149112e+03,3.688614432479653542e-04
1.575900000000149248e+03,3.601041586920011969e-04
1.576000000000149157e+03,3.512780617771240049e-04
1.576100000000149066e+03,3.598818009040115058e-04
1.576200000000149203e+03,3.685348010851818650e-04
1.576300000000149339e+03,3.772370278581551749e-04
1.576400000000149248e+03,3.859855192936642067e-04
1.576500000000149157e+03,3.947770750937814720e-04
1.576600000000149294e+03,4.036173520653390623e-04
1.576700000000149430e+03,4.125063124207585183e-04
1.576800000000149339e+03,4.214439183836431375e-04
1.576900000000149248e+03,4.304301321888300697e-04
1.577000000000149385e+03,4.394649160828078974e-04
1.577100000000149521e+03,4.488637022278739691e-04
1.577200000000149430e+03,4.583145080181771436e-04
1.577300000000149339e+03,4.678173081056315945e-04
1.577400000000149475e+03,4.773720771441997699e-04
1.577500000000149612e+03,4.869787897898589994e-04
1.577600000000149521e+03,4.966374207006372726e-04
1.577700000000149430e+03,5.063479445366621907e-04
1.577800000000149566e+03,5.161103359601209055e-04
1.577900000000149703e+03,5.259245696352127936e-04
1.578000000000149612e+03,5.357906202281518962e-04
1.578100000000149521e+03,5.456773108982548946e-04
1.578200000000149657e+03,5.556146168004353356e-04
1.578300000000149794e+03,5.656025060559316531e-04
1.578400000000149703e+03,5.756409467937689123e-04
1.578500000000149612e+03,5.857299071508028287e-04
1.578600000000149748e+03,5.958693552716746653e-04
1.578700000000149885e+03,6.060592593087636357e-04
1.578800000000149794e+03,6.163057043772707461e-04
1.578900000000149703e+03,6.266249716537512695e-04
1.579000000000149839e+03,6.369955413652497300e-04
1.579100000000149976e+03,6.470909084983585873e-04
1.579200000000149885e+03,6.572357552564112764e-04
1.579300000000149794e+03,6.674300646797536301e-04
1.579400000000149930e+03,6.776738198077430142e-04
1.579500000000150067e+03,6.879670036787090791e-04
1.579600000000149976e+03,6.982881828707618614e-04
1.579700000000149885e+03,7.086625526880077587e-04
1.579800000000150021e+03,7.190857887558176629e-04
1.579900000000150158e+03,7.295578704822826450e-04
1.580000000000150067e+03,7.400787772748225468e-04
1.580100000000149976e+03,7.498253780806224443e-04
1.580200000000150112e+03,7.596137801479488664e-04
1.580300000000150249e+03,7.694439525755242910e-04
1.580400000000150158e+03,7.793159974145698159e-04
1.580500000000150067e+03,7.892297805404785123e-04
1.580600000000150203e+03,7.991854127977678643e-04
1.580700000000150339e+03,8.091833021434171594e-04
1.580800000000150249e+03,8.192228307677768212e-04
1.580900000000150158e+03,8.293039679772068375e-04
1.581000000000150294e+03,8.394266830867899275e-04
1.581100000000150430e+03,8.484786424832644561e-04
1.581200000000150339e+03,8.575665668659076570e-04
1.581300000000150249e+03,8.666904392059313197e-04
1.581400000000150385e+03,8.758502424746738690e-04
1.581500000000150521e+03,8.850459596435504908e-04
1.581600000000150430e+03,8.942775736841100534e-04
1.581700000000150339e+03,9.035450675680692595e-04
1.581800000000150476e+03,9.128484242672729645e-04
1.581900000000150612e+03,9.221876267536601324e-04
1.582000000000150521e+03,9.315626579962448753e-04
1.582100000000150430e+03,9.389381348810662241e-04
1.582200000000150567e+03,9.463336499100367515e-04
1.582300000000150703e+03,9.537491589316342841e-04
1.582400000000150612e+03,9.611846178422591433e-04
1.582500000000150521e+03,9.686399825862378318e-04
1.582600000000150658e+03,9.761152091557459467e-04
1.582700000000150794e+03,9.836102535907454043e-04
1.582800000000150703e+03,9.911250719789772845e-04
1.582900000000150612e+03,9.986596204559646493e-04
1.583000000000150749e+03,1.006213855202413169e-03
1.583100000000150885e+03,1.012110945358846419e-03
1.583200000000150794e+03,1.018023271551517662e-03
1.583300000000150703e+03,1.023950821665719655e-03
1.583400000000150840e+03,1.029893583590037447e-03
1.583500000000150976e+03,1.035851545216293296e-03
1.583600000000150885e+03,1.041824694439594376e-03
1.583700000000150794e+03,1.047836505413222031e-03
1.583800000000150931e+03,1.053864057397825701e-03
1.583900000000151067e+03,1.059907035086565721e-03
1.584000000000150976e+03,1.065965427427428619e-03
1.584100000000150885e+03,1.069523731689588433e-03
1.584200000000151022e+03,1.073066761840629551e-03
1.584300000000151158e+03,1.076613793633552025e-03
1.584400000000151067e+03,1.080164821365900852e-03
1.584500000000150976e+03,1.083719839338467350e-03
1.584600000000151113e+03,1.087278841855257930e-03
1.584700000000151249e+03,1.090841823223483035e-03
1.584800000000151158e+03,1.094408777753566901e-03
1.584900000000151067e+03,1.097979699759168591e-03
1.585000000000151203e+03,1.101554583553101489e-03
1.585100000000151340e+03,1.102442870812888080e-03
1.585200000000151249e+03,1.103325593063743783e-03
1.585300000000151158e+03,1.104202062190517367e-03
1.585400000000151294e+03,1.105071205275116788e-03
1.585500000000151431e+03,1.105934796169660622e-03
1.585600000000151340e+03,1.106792840463746014e-03
1.585700000000151249e+03,1.107645343743914610e-03
1.585800000000151385e+03,1.108492311593642365e-03
1.585900000000151522e+03,1.109333749593348654e-03
1.586000000000151431e+03,1.110169663316368889e-03
1.586100000000151340e+03,1.108295023680163976e-03
1.586200000000151476e+03,1.106399802723736754e-03
1.586300000000151613e+03,1.104490497298087981e-03
1.586400000000151522e+03,1.102567119917858022e-03
1.586500000000151431e+03,1.100629683094110894e-03
1.586600000000151567e+03,1.098678199334354212e-03
1.586700000000151704e+03,1.096712681142532906e-03
1.586800000000151613e+03,1.094733141019026178e-03
1.586900000000151522e+03,1.092780924310808024e-03
1.587000000000151658e+03,1.090822844776351708e-03
1.587100000000151795e+03,1.085806651025135851e-03
1.587200000000151704e+03,1.080771283435761525e-03
1.587300000000151613e+03,1.075716772689328969e-03
1.587400000000151749e+03,1.070643149441970112e-03
1.587500000000151886e+03,1.065608984814623520e-03
1.587600000000151795e+03,1.060572079173266544e-03
1.587700000000151704e+03,1.055515434195809874e-03
1.587800000000151840e+03,1.050439076267762305e-03
1.587900000000151977e+03,1.045343031757362592e-03
1.588000000000151886e+03,1.040227327011670469e-03
1.588100000000151795e+03,1.032527460661161441e-03
1.588200000000151931e+03,1.024803239864981522e-03
1.588300000000152068e+03,1.017054695215880182e-03
1.588400000000151977e+03,1.009281857288469491e-03
1.588500000000151886e+03,1.001484756639192892e-03
1.588600000000152022e+03,9.936866664160899816e-04
1.588700000000152158e+03,9.858875152656200631e-04
1.588800000000152068e+03,9.780634518189842887e-04
1.588900000000151977e+03,9.702145030696653029e-04
1.589000000000152113e+03,9.623406959952246747e-04
1.589100000000152249e+03,9.523709241977493809e-04
1.589200000000152158e+03,9.423710338884921716e-04
1.589300000000152068e+03,9.323410421946459400e-04
1.589400000000152204e+03,9.222809662432959179e-04
1.589500000000152340e+03,9.121908231614793069e-04
1.589600000000152249e+03,9.020627773137140709e-04
1.589700000000152158e+03,8.919067548225695016e-04
1.589800000000152295e+03,8.817535490028128144e-04
1.589900000000152431e+03,8.715697227785277734e-04
1.590000000000152340e+03,8.613552905211744552e-04
1.590100000000152249e+03,8.492853951037785494e-04
1.590200000000152386e+03,8.371892061483344159e-04
1.590300000000152522e+03,8.250667555672209358e-04
1.590400000000152431e+03,8.129180752561664634e-04
1.590500000000152340e+03,8.007431970942055673e-04
1.590600000000152477e+03,7.885421529437292281e-04
1.590700000000152613e+03,7.763149746505542282e-04
1.590800000000152522e+03,7.640616940438674232e-04
1.590900000000152431e+03,7.518321139233251132e-04
1.591000000000152568e+03,7.395782938002723721e-04
1.591100000000152704e+03,7.265778165869976254e-04
1.591200000000152613e+03,7.135437046349806488e-04
1.591300000000152522e+03,7.004759556903156128e-04
1.591400000000152659e+03,6.873745675053814829e-04
1.591500000000152795e+03,6.742395378389026261e-04
1.591600000000152704e+03,6.610708644558987209e-04
1.591700000000152613e+03,6.478683987739573347e-04
1.591800000000152750e+03,6.346318293441787026e-04
1.591900000000152886e+03,6.213616348364354438e-04
1.592000000000152795e+03,6.080672025538233277e-04
1.592100000000152704e+03,5.986259328231641804e-04
1.592200000000152841e+03,5.891667315400387402e-04
1.592300000000152977e+03,5.796896074197217114e-04
1.592400000000152886e+03,5.701945691780169970e-04
1.592500000000152795e+03,5.606816255312178010e-04
1.592600000000152932e+03,5.511507851961424060e-04
1.592700000000153068e+03,5.416020568901850230e-04
1.592800000000152977e+03,5.320354493312612560e-04
1.592900000000152886e+03,5.224509712377736238e-04
1.593000000000153022e+03,5.128486313597343431e-04
1.593100000000153159e+03,5.235624812453653753e-04
1.593200000000153068e+03,5.342925081099702362e-04
1.593300000000152977e+03,5.450451933951211761e-04
1.593400000000153113e+03,5.558203070478778471e-04
1.593500000000153250e+03,5.666120704534300659e-04
1.593600000000153159e+03,5.774200717789948955e-04
1.593700000000153068e+03,5.882445525180170437e-04
1.593800000000153204e+03,5.990856484928319854e-04
1.593900000000153341e+03,6.099433550398093446e-04
1.594000000000153250e+03,6.208176674942134012e-04
1.594100000000153159e+03,6.320885140180108235e-04
1.594200000000153295e+03,6.433699069832066100e-04
1.594300000000153432e+03,6.546564867343736055e-04
1.594400000000153341e+03,6.659617667147056837e-04
1.594500000000153250e+03,6.772857521624587457e-04
1.594600000000153386e+03,6.886284483142503547e-04
1.594700000000153523e+03,6.999898604049971775e-04
1.594800000000153432e+03,7.113699936679728809e-04
1.594900000000153341e+03,7.227688533348511747e-04
1.595000000000153477e+03,7.341864446352684443e-04
1.595100000000153614e+03,7.453629659566958802e-04
1.595200000000153523e+03,7.565515836216982247e-04
1.595300000000153432e+03,7.677522949836104726e-04
1.595400000000153568e+03,7.789501675149739391e-04
1.595500000000153705e+03,7.901562233360903730e-04
1.595600000000153614e+03,8.013738368847650190e-04
1.595700000000153523e+03,8.126105399346959801e-04
1.595800000000153659e+03,8.238700706813100729e-04
1.595900000000153796e+03,8.351416602876783396e-04
1.596000000000153705e+03,8.464253061181485583e-04
1.596100000000153614e+03,8.570894500810747382e-04
1.596200000000153750e+03,8.677606489807694872e-04
1.596300000000153887e+03,8.784388982939955520e-04
1.596400000000153796e+03,8.891241934977246048e-04
1.596500000000153705e+03,8.998203417234592770e-04
1.596600000000153841e+03,9.105396594705222760e-04
1.596700000000153977e+03,9.212664779059908347e-04
1.596800000000153887e+03,9.320007929811583791e-04
1.596900000000153796e+03,9.427426006471951699e-04
1.597000000000153932e+03,9.534918968538558248e-04
1.597100000000154068e+03,9.634427479217145878e-04
1.597200000000153977e+03,9.734021599794693983e-04
1.597300000000153887e+03,9.833709460813839284e-04
1.597400000000154023e+03,9.933485028900384400e-04
1.597500000000154159e+03,1.003333831226224052e-03
1.597600000000154068e+03,1.013327835944140146e-03
1.597700000000153977e+03,1.023330518308092005e-03
1.597800000000154114e+03,1.033341879581615346e-03
1.597900000000154250e+03,1.043361921027439240e-03
1.598000000000154159e+03,1.053390643905081784e-03
1.598100000000154068e+03,1.061834719323656844e-03
1.598200000000154205e+03,1.070282462027252919e-03
1.598300000000154341e+03,1.078733871055045923e-03
1.598400000000154250e+03,1.087188945445742528e-03
1.598500000000154159e+03,1.095647684237616593e-03
1.598600000000154296e+03,1.104110086468471216e-03
1.598700000000154432e+03,1.112576151175597534e-03
1.598800000000154341e+03,1.121020211737135119e-03
1.598900000000154250e+03,1.129460300565209973e-03
1.599000000000154387e+03,1.137884291149838861e-03
1.599100000000154523e+03,1.144648073517700020e-03
1.599200000000154432e+03,1.151416541404945123e-03
1.599300000000154341e+03,1.158188880512726416e-03
1.599400000000154478e+03,1.164965091559150680e-03
1.599500000000154614e+03,1.171745175261972765e-03
1.599600000000154523e+03,1.178529132338629196e-03
1.599700000000154432e+03,1.185311169196123782e-03
1.599800000000154569e+03,1.192075792629950079e-03
1.599900000000154705e+03,1.198824453244379988e-03
1.600000000000154614e+03,1.205567722938671871e-03
1.600100000000154523e+03,1.209591741787311792e-03
1.600200000000154660e+03,1.213614289019815254e-03
1.600300000000154796e+03,1.217635366043477545e-03
1.600400000000154705e+03,1.221654972936143512e-03
1.600500000000154614e+03,1.225673109775785290e-03
1.600600000000154751e+03,1.229689776640473459e-03
1.600700000000154887e+03,1.233704973608359479e-03
1.600800000000154796e+03,1.237718700757694558e-03
1.600900000000154705e+03,1.241730958166859357e-03
1.601000000000154841e+03,1.245717598733838685e-03
1.601100000000154978e+03,1.247045663307270015e-03
1.601200000000154887e+03,1.248372822260195459e-03
1.601300000000154796e+03,1.249699075898637801e-03
1.601400000000154932e+03,1.251024424528573856e-03
1.601500000000155069e+03,1.252348868455925579e-03
1.601600000000154978e+03,1.253672407986565485e-03
1.601700000000154887e+03,1.254995043426322069e-03
1.601800000000155023e+03,1.256316775080971353e-03
1.601900000000155160e+03,1.257637603256245773e-03
1.602000000000155069e+03,1.258957528253633979e-03
1.602100000000154978e+03,1.257575647027999897e-03
1.602200000000155114e+03,1.256168631114434366e-03
1.602300000000155251e+03,1.254762223468696650e-03
1.602400000000155160e+03,1.253356424000704079e-03
1.602500000000155069e+03,1.251951232620322372e-03
1.602600000000155205e+03,1.250546649237385807e-03
1.602700000000155342e+03,1.249142673761689847e-03
1.602800000000155251e+03,1.247739306102996996e-03
1.602900000000155160e+03,1.246336546171023353e-03
1.603000000000155296e+03,1.244934393870520241e-03
1.603100000000155433e+03,1.240364616501048222e-03
1.603200000000155342e+03,1.235799166574446393e-03
1.603300000000155251e+03,1.231238041571205413e-03
1.603400000000155387e+03,1.226681238972785436e-03
1.603500000000155524e+03,1.222128756261657958e-03
1.603600000000155433e+03,1.217580590921262017e-03
1.603700000000155342e+03,1.213035501741113178e-03
1.603800000000155478e+03,1.208441142014473084e-03
1.603900000000155615e+03,1.203851506090135868e-03
1.604000000000155524e+03,1.199266590836893130e-03
1.604100000000155433e+03,1.191961198701794447e-03
1.604200000000155569e+03,1.184662850644042789e-03
1.604300000000155705e+03,1.177371543301151437e-03
1.604400000000155615e+03,1.170087273311393693e-03
1.604500000000155524e+03,1.162810037313764507e-03
1.604600000000155660e+03,1.155539831948019939e-03
1.604700000000155796e+03,1.148276653854704695e-03
1.604800000000155705e+03,1.141020499675123511e-03
1.604900000000155615e+03,1.133771366051305584e-03
1.605000000000155751e+03,1.126529249621620928e-03
1.605100000000155887e+03,1.116461634463109887e-03
1.605200000000155796e+03,1.106392674272066662e-03
1.605300000000155705e+03,1.096338345672836579e-03
1.605400000000155842e+03,1.086298635896995515e-03
1.605500000000155978e+03,1.076280895810222430e-03
1.605600000000155887e+03,1.066295432782207297e-03
1.605700000000155796e+03,1.056324080684453671e-03
1.605800000000155933e+03,1.046366827777476952e-03
1.605900000000156069e+03,1.036423662328900567e-03
1.606000000000155978e+03,1.026494572609856423e-03
1.606100000000155887e+03,1.014300001069850252e-03
1.606200000000156024e+03,1.002146021703282817e-03
1.606300000000156160e+03,9.900135936522368348e-04
1.606400000000156069e+03,9.779005532364964080e-04
1.606500000000155978e+03,9.658068826682104837e-04
1.606600000000156115e+03,9.537327922562850941e-04
1.606700000000156251e+03,9.416999879265197226e-04
1.606800000000156160e+03,9.296852082626004977e-04
1.606900000000156069e+03,9.176885897865530916e-04
1.607000000000156206e+03,9.057285629568847347e-04
1.607100000000156342e+03,8.923054162244961965e-04
1.607200000000156251e+03,8.788990104459996856e-04
1.607300000000156160e+03,8.655093381815135919e-04
1.607400000000156297e+03,8.521363919922329182e-04
1.607500000000156433e+03,8.387801644404959582e-04
1.607600000000156342e+03,8.254406480897181608e-04
1.607700000000156251e+03,8.121178355043326066e-04
1.607800000000156388e+03,7.987705199524025015e-04
1.607900000000156524e+03,7.854262693583271854e-04
1.608000000000156433e+03,7.721005777660444906e-04
1.608100000000156342e+03,7.576823511029894291e-04
1.608200000000156479e+03,7.432915194448626479e-04
1.608300000000156615e+03,7.289380805617835281e-04
1.608400000000156524e+03,7.146103212187044848e-04
1.608500000000156433e+03,7.003082172596276781e-04
1.608600000000156570e+03,6.860317445447634398e-04
1.608700000000156706e+03,6.717808789505901219e-04
1.608800000000156615e+03,6.575555963697745157e-04
1.608900000000156524e+03,6.433490583460845652e-04
1.609000000000156660e+03,6.291601941268687957e-04
1.609100000000156797e+03,6.148907654116149380e-04
1.609200000000156706e+03,6.006440327061647122e-04
1.609300000000156615e+03,5.864199814757034687e-04
1.609400000000156751e+03,5.722185971902812645e-04
1.609500000000156888e+03,5.580398653248859388e-04
1.609600000000156797e+03,5.438837713593658090e-04
1.609700000000156706e+03,5.297503007783760029e-04
1.609800000000156842e+03,5.156394390714345117e-04
1.609900000000156979e+03,5.015511717329897362e-04
1.610000000000156888e+03,4.874854842978043460e-04
1.610100000000156797e+03,4.960174486374841147e-04
1.610200000000156933e+03,5.045322519913165125e-04
1.610300000000157070e+03,5.130299100349147452e-04
1.610400000000156979e+03,5.215104384341995216e-04
1.610500000000156888e+03,5.299738528454451874e-04
1.610600000000157024e+03,5.384201689152416691e-04
1.610700000000157161e+03,5.468494022804628154e-04
1.610800000000157070e+03,5.552615685683123673e-04
1.610900000000156979e+03,5.636566833963590865e-04
1.611000000000157115e+03,5.720347623739620475e-04
1.611100000000157252e+03,5.813167245706018843e-04
1.611200000000157161e+03,5.905877471947104575e-04
1.611300000000157070e+03,5.998374421488743540e-04
1.611400000000157206e+03,6.090643154977072593e-04
1.611500000000157343e+03,6.182683962716523703e-04
1.611600000000157252e+03,6.274497134744130974e-04
1.611700000000157161e+03,6.366082960830122617e-04
1.611800000000157297e+03,6.457441730477708449e-04
1.611900000000157434e+03,6.548573732922840281e-04
1.612000000000157343e+03,6.639479257137201069e-04
1.612100000000157252e+03,6.731662735466074562e-04
1.612200000000157388e+03,6.823646664340742409e-04
1.612300000000157524e+03,6.915530493714908611e-04
1.612400000000157434e+03,7.007282475968361173e-04
1.612500000000157343e+03,7.098839789533631633e-04
1.612600000000157479e+03,7.190105084838875529e-04
1.612700000000157615e+03,7.281107218460312110e-04
1.612800000000157524e+03,7.371911084887459780e-04
1.612900000000157434e+03,7.462516870638874131e-04
1.613000000000157570e+03,7.552924762111290881e-04
1.613100000000157706e+03,7.640602506597584656e-04
1.613200000000157615e+03,7.728096981465955003e-04
1.613300000000157524e+03,7.815408333110722200e-04
1.613400000000157661e+03,7.902698173069434969e-04
1.613500000000157797e+03,7.990015172018204636e-04
1.613600000000157706e+03,8.077157532324527297e-04
1.613700000000157615e+03,8.164125375429236685e-04
1.613800000000157752e+03,8.250918822728654616e-04
1.613900000000157888e+03,8.337535836838012816e-04
1.614000000000157797e+03,8.423972805783029334e-04
1.614100000000157706e+03,8.502714571753197280e-04
1.614200000000157843e+03,8.581480615510125344e-04
1.614300000000157979e+03,8.660260243418922092e-04
1.614400000000157888e+03,8.738868837194709071e-04
1.614500000000157797e+03,8.817316508888523290e-04
1.614600000000157934e+03,8.895793407227189616e-04
1.614700000000158070e+03,8.974103381073292047e-04
1.614800000000157979e+03,9.052246557816207842e-04
1.614900000000157888e+03,9.130223064790603249e-04
1.615000000000158025e+03,9.208033029257412265e-04
1.615100000000158161e+03,9.273846985830435817e-04
1.615200000000158070e+03,9.339493660195583025e-04
1.615300000000157979e+03,9.404973236333047165e-04
1.615400000000158116e+03,9.470285898088397214e-04
1.615500000000158252e+03,9.535431829172323062e-04
1.615600000000158161e+03,9.600411213160992214e-04
1.615700000000158070e+03,9.665224233496435766e-04
1.615800000000158207e+03,9.729863891048906805e-04
1.615900000000158343e+03,9.794335351979016613e-04
1.616000000000158252e+03,9.858640876305080260e-04
1.616100000000158161e+03,9.911299908331252812e-04
1.616200000000158298e+03,9.963851658280837090e-04
1.616300000000158434e+03,1.001629618225344806e-03
1.616400000000158343e+03,1.006863353634378060e-03
1.616500000000158252e+03,1.012086377664177641e-03
1.616600000000158389e+03,1.017308037270368403e-03
1.616700000000158525e+03,1.022532877348895182e-03
1.616800000000158434e+03,1.027759072904623578e-03
1.616900000000158343e+03,1.032987427082136117e-03
1.617000000000158479e+03,1.038205071999740532e-03
1.617100000000158616e+03,1.041652930741914646e-03
1.617200000000158525e+03,1.045093375030932501e-03
1.617300000000158434e+03,1.048526408485866805e-03
1.617400000000158570e+03,1.051952034725634356e-03
1.617500000000158707e+03,1.055370257368974142e-03
1.617600000000158616e+03,1.058781080034470112e-03
1.617700000000158525e+03,1.062184506340563966e-03
1.617800000000158661e+03,1.065580539905534776e-03
1.617900000000158798e+03,1.068984843460208398e-03
1.618000000000158707e+03,1.072442042808721034e-03
1.618100000000158616e+03,1.073521802026505779e-03
1.618200000000158752e+03,1.074613085525646331e-03
1.618300000000158889e+03,1.075732712875754771e-03
1.618400000000158798e+03,1.076848001729800372e-03
1.618500000000158707e+03,1.077958956638824101e-03
1.618600000000158843e+03,1.079065582151362635e-03
1.618700000000158980e+03,1.080167882813464191e-03
1.618800000000158889e+03,1.081265863168666408e-03
1.618900000000158798e+03,1.082359527758027570e-03
1.619000000000158934e+03,1.083441780953825571e-03
1.619100000000159071e+03,1.082626463734598192e-03
1.619200000000158980e+03,1.081813096128222615e-03
1.619300000000158889e+03,1.080999804899845365e-03
1.619400000000159025e+03,1.080186590121103365e-03
1.619500000000159162e+03,1.079374254586778223e-03
1.619600000000159071e+03,1.078562220217935607e-03
1.619700000000158980e+03,1.077750260964525312e-03
1.619800000000159116e+03,1.076944491588655234e-03
1.619900000000159253e+03,1.076157039241807615e-03
1.620000000000159162e+03,1.075369624001594384e-03
1.620100000000159071e+03,1.072372097942707802e-03
1.620200000000159207e+03,1.069377691436157723e-03
1.620300000000159343e+03,1.066386404570602827e-03
1.620400000000159253e+03,1.063398237434099195e-03
1.620500000000159162e+03,1.060413190114080795e-03
1.620600000000159298e+03,1.057426184314125576e-03
1.620700000000159434e+03,1.054423530174214288e-03
1.620800000000159343e+03,1.051424133279629759e-03
1.620900000000159253e+03,1.048427993481861878e-03
1.621000000000159389e+03,1.045435110628168676e-03
1.621100000000159525e+03,1.040153794991350135e-03
1.621200000000159434e+03,1.034878776447580853e-03
1.621300000000159343e+03,1.029592296128360512e-03
1.621400000000159480e+03,1.024273651588182522e-03
1.621500000000159616e+03,1.018923790384350771e-03
1.621600000000159525e+03,1.013581209491845473e-03
1.621700000000159434e+03,1.008245906841105741e-03
1.621800000000159571e+03,1.002917880362104485e-03
1.621900000000159707e+03,9.975971279843904704e-04
1.622000000000159616e+03,9.922836476330206164e-04
1.622100000000159525e+03,9.844542801595425417e-04
1.622200000000159662e+03,9.766406763866072871e-04
1.622300000000159798e+03,9.688428201241188224e-04
1.622400000000159707e+03,9.610568138516938910e-04
1.622500000000159616e+03,9.532455294243802292e-04
1.622600000000159753e+03,9.454506776470759542e-04
1.622700000000159889e+03,9.376722400700748935e-04
1.622800000000159798e+03,9.299101982577530345e-04
1.622900000000159707e+03,9.221645337885344806e-04
1.623000000000159844e+03,9.144352282522699585e-04
1.623100000000159980e+03,9.050709720674442313e-04
1.623200000000159889e+03,8.957215854092074768e-04
1.623300000000159798e+03,8.863870603062958551e-04
1.623400000000159935e+03,8.770673887893825618e-04
1.623500000000160071e+03,8.677625628911295446e-04
1.623600000000159980e+03,8.584562903297702705e-04
1.623700000000159889e+03,8.491613081754447682e-04
1.623800000000160026e+03,8.398804851253310628e-04
1.623900000000160162e+03,8.305972418442103241e-04
1.624000000000160071e+03,8.213296581216303089e-04
1.624100000000159980e+03,8.106202538834034101e-04
1.624200000000160117e+03,7.999266770628150587e-04
1.624300000000160253e+03,7.892489213546680050e-04
1.624400000000160162e+03,7.785869804540290024e-04
1.624500000000160071e+03,7.679408480561705861e-04
1.624600000000160207e+03,7.573101875340999822e-04
1.624700000000160344e+03,7.466880108472753524e-04
1.624800000000160253e+03,7.360900742176591533e-04
1.624900000000160162e+03,7.255079009614892431e-04
1.625000000000160298e+03,7.149414848080195466e-04
1.625100000000160435e+03,7.033468687657692692e-04
1.625200000000160344e+03,6.917688629866616725e-04
1.625300000000160253e+03,6.802074614987184192e-04
1.625400000000160389e+03,6.686626583298412594e-04
1.625500000000160526e+03,6.571053094080465517e-04
1.625600000000160435e+03,6.455650058783164594e-04
1.625700000000160344e+03,6.340423227261957279e-04
1.625800000000160480e+03,6.225408403596393919e-04
1.625900000000160617e+03,6.110676970847480748e-04
1.626000000000160526e+03,5.996116091883131865e-04
1.626100000000160435e+03,5.875199693780460385e-04
1.626200000000160571e+03,5.754521572341350600e-04
1.626300000000160708e+03,5.634081194394880820e-04
1.626400000000160617e+03,5.513881725367849760e-04
1.626500000000160526e+03,5.393922921169177608e-04
1.626600000000160662e+03,5.274204537872550754e-04
1.626700000000160799e+03,5.154726331716827283e-04
1.626800000000160708e+03,5.035488059105437415e-04
1.626900000000160617e+03,4.916489476605755745e-04
1.627000000000160753e+03,4.797730341073158373e-04
1.627100000000160890e+03,4.755990577984789999e-04
1.627200000000160799e+03,4.714309615533509982e-04
1.627300000000160708e+03,4.672687426218685800e-04
1.627400000000160844e+03,4.631123982543138115e-04
1.627500000000160981e+03,4.589619257013413992e-04
1.627600000000160890e+03,4.548173222139523979e-04
1.627700000000160799e+03,4.506785850434793573e-04
1.627800000000160935e+03,4.465457114416048617e-04
1.627900000000161072e+03,4.424273514697279531e-04
1.628000000000160981e+03,4.383160270777130196e-04
1.628100000000160890e+03,4.462272525419090923e-04
1.628200000000161026e+03,4.541297225023630067e-04
1.628300000000161162e+03,4.620234360484718980e-04
1.628400000000161072e+03,4.699083922717081727e-04
1.628500000000160981e+03,4.777845902656540950e-04
1.628600000000161117e+03,4.856520291259670916e-04
1.628700000000161253e+03,4.935383725755803763e-04
1.628800000000161162e+03,5.014227418364736091e-04
1.628900000000161072e+03,5.092994141916373178e-04
1.629000000000161208e+03,5.171683870337833106e-04
1.629100000000161344e+03,5.250447199229308498e-04
1.629200000000161253e+03,5.329025710633657860e-04
1.629300000000161162e+03,5.407392781727731607e-04
1.629400000000161299e+03,5.485622189515355560e-04
1.629500000000161435e+03,5.563714034525596127e-04
1.629600000000161344e+03,5.641668417251944874e-04
1.629700000000161253e+03,5.719485438152675230e-04
1.629800000000161390e+03,5.797165197650493368e-04
1.629900000000161526e+03,5.874707796132166331e-04
1.630000000000161435e+03,5.952113333949841500e-04
1.630100000000161344e+03,6.029994610676726527e-04
1.630200000000161481e+03,6.107770374667177270e-04
1.630300000000161617e+03,6.185335919159971147e-04
1.630400000000161526e+03,6.262757899895316123e-04
1.630500000000161435e+03,6.340070985388368292e-04
1.630600000000161572e+03,6.417275219261152049e-04
1.630700000000161708e+03,6.494370645136185102e-04
1.630800000000161617e+03,6.571357306636864447e-04
1.630900000000161526e+03,6.648235247387731996e-04
1.631000000000161663e+03,6.725004511008240418e-04
1.631100000000161799e+03,6.797655086121954723e-04
1.631200000000161708e+03,6.870054222150659418e-04
1.631300000000161617e+03,6.942333953345587554e-04
1.631400000000161754e+03,7.014494361818288679e-04
1.631500000000161890e+03,7.086394910716733997e-04
1.631600000000161799e+03,7.158147037664260503e-04
1.631700000000161708e+03,7.229776716369902458e-04
1.631800000000161845e+03,7.301284037385936910e-04
1.631900000000161981e+03,7.372669091226861883e-04
1.632000000000161890e+03,7.443931968361101143e-04
1.632100000000161799e+03,7.509789418239311461e-04
1.632200000000161936e+03,7.575554029747972283e-04
1.632300000000162072e+03,7.641225844635034193e-04
1.632400000000161981e+03,7.706804904647581497e-04
1.632500000000161890e+03,7.772291251532150976e-04
1.632600000000162026e+03,7.837684927034366516e-04
1.632700000000162163e+03,7.903099126779242287e-04
1.632800000000162072e+03,7.968488630547195537e-04
1.632900000000161981e+03,8.033788536056522996e-04
1.633000000000162117e+03,8.098998878895509370e-04
1.633100000000162254e+03,8.155215498200348110e-04
1.633200000000162163e+03,8.211431991468411433e-04
1.633300000000162072e+03,8.267579386741131684e-04
1.633400000000162208e+03,8.323657701547986084e-04
1.633500000000162345e+03,8.379779623429175432e-04
1.633600000000162254e+03,8.435911256207161753e-04
1.633700000000162163e+03,8.491976388890429012e-04
1.633800000000162299e+03,8.547975034420927237e-04
1.633900000000162436e+03,8.603907205750457518e-04
1.634000000000162345e+03,8.659772915819183119e-04
1.634100000000162254e+03,8.702182991507814800e-04
1.634200000000162390e+03,8.744530475918485101e-04
1.634300000000162527e+03,8.786815401948070434e-04
1.634400000000162436e+03,8.829037802488727679e-04
1.634500000000162345e+03,8.871197710428106687e-04
1.634600000000162481e+03,8.913295158649143200e-04
1.634700000000162618e+03,8.955330180029798639e-04
1.634800000000162527e+03,8.997302329752432165e-04
1.634900000000162436e+03,9.038999872864431377e-04
1.635000000000162572e+03,9.080633121445056332e-04
1.635100000000162709e+03,9.105382958885750505e-04
1.635200000000162618e+03,9.129979554527245609e-04
1.635300000000162527e+03,9.154521949556424258e-04
1.635400000000162663e+03,9.179010200936623494e-04
1.635500000000162800e+03,9.203444365591721904e-04
1.635600000000162709e+03,9.227824500406335865e-04
1.635700000000162618e+03,9.252150662225906274e-04
1.635800000000162754e+03,9.276422907856623741e-04
1.635900000000162891e+03,9.300339179974056623e-04
1.636000000000162800e+03,9.323708101635249908e-04
1.636100000000162709e+03,9.332865316832438408e-04
1.636200000000162845e+03,9.341932348947683956e-04
1.636300000000162981e+03,9.350889523886898739e-04
1.636400000000162891e+03,9.359827814448612102e-04
1.636500000000162800e+03,9.368747233037256995e-04
1.636600000000162936e+03,9.377647792054005088e-04
1.636700000000163072e+03,9.386622972458023460e-04
1.636800000000162981e+03,9.395698327795963837e-04
1.636900000000162891e+03,9.404755273227621403e-04
1.637000000000163027e+03,9.413793819871356080e-04
1.637100000000163163e+03,9.403467774150058500e-04
1.637200000000163072e+03,9.393273555328039356e-04
1.637300000000162981e+03,9.383087426456688130e-04
1.637400000000163118e+03,9.372909383108306378e-04
1.637500000000163254e+03,9.362739420856804615e-04
1.637600000000163163e+03,9.352577535277680626e-04
1.637700000000163072e+03,9.342423721947885028e-04
1.637800000000163209e+03,9.332277976445938362e-04
1.637900000000163345e+03,9.322140294351970126e-04
1.638000000000163254e+03,9.312017852418821417e-04
1.638100000000163163e+03,9.281019111835573949e-04
1.638200000000163300e+03,9.250066473634435855e-04
1.638300000000163436e+03,9.219387108105626125e-04
1.638400000000163345e+03,9.189149062720601687e-04
1.638500000000163254e+03,9.158952854004050355e-04
1.638600000000163391e+03,9.128798446531689263e-04
1.638700000000163527e+03,9.098685804900344962e-04
1.638800000000163436e+03,9.068614893727788622e-04
1.638900000000163345e+03,9.038585677652719768e-04
1.639000000000163482e+03,9.008598121305692310e-04
1.639100000000163618e+03,8.960929475691291985e-04
1.639200000000163527e+03,8.913317900620930942e-04
1.639300000000163436e+03,8.865763363789367800e-04
1.639400000000163573e+03,8.818265832901180795e-04
1.639500000000163709e+03,8.770825275671034500e-04
1.639600000000163618e+03,8.723441659823381661e-04
1.639700000000163527e+03,8.676114953092337436e-04
1.639800000000163664e+03,8.628847689881751805e-04
1.639900000000163800e+03,8.581587348930080255e-04
1.640000000000163709e+03,8.534246618333742171e-04
1.640100000000163618e+03,8.468577022494642136e-04
1.640200000000163755e+03,8.402995714044871750e-04
1.640300000000163891e+03,8.337502630862177059e-04
1.640400000000163800e+03,8.272097710853316271e-04
1.640500000000163709e+03,8.206780891953723662e-04
1.640600000000163845e+03,8.141552112127799050e-04
1.640700000000163982e+03,8.076411309369192944e-04
1.640800000000163891e+03,8.011358421700519230e-04
1.640900000000163800e+03,7.946393387173028827e-04
1.641000000000163936e+03,7.881516143840456559e-04
1.641100000000164073e+03,7.800605764458682072e-04
1.641200000000163982e+03,7.719810729232615392e-04
1.641300000000163891e+03,7.639130949144989653e-04
1.641400000000164027e+03,7.558566335226305768e-04
1.641500000000164164e+03,7.478116798555139262e-04
1.641600000000164073e+03,7.397838058139916389e-04
1.641700000000163982e+03,7.317790121905664831e-04
1.641800000000164118e+03,7.237853229958563081e-04
1.641900000000164255e+03,7.158027301494616999e-04
1.642000000000164164e+03,7.078312255728779964e-04
1.642100000000164073e+03,6.986051984610106838e-04
1.642200000000164209e+03,6.893920452976819895e-04
1.642300000000164346e+03,6.801917568041796749e-04
1.642400000000164255e+03,6.710043237062172147e-04
1.642500000000164164e+03,6.618297367338968253e-04
1.642600000000164300e+03,6.526679866217435094e-04
1.642700000000164437e+03,6.435196709336536355e-04
1.642800000000164346e+03,6.343984966622045205e-04
1.642900000000164255e+03,6.252897020517912772e-04
1.643000000000164391e+03,6.161932787472521825e-04
1.643100000000164528e+03,6.061996558934930291e-04
1.643200000000164437e+03,5.962211473639970590e-04
1.643300000000164346e+03,5.862577406814836701e-04
1.643400000000164482e+03,5.763094233758979260e-04
1.643500000000164619e+03,5.663761829844488277e-04
1.643600000000164528e+03,5.564580070515583567e-04
1.643700000000164437e+03,5.465548831288173474e-04
1.643800000000164573e+03,5.366667987750251695e-04
1.643900000000164709e+03,5.267832076502491695e-04
1.644000000000164619e+03,5.169015052061358808e-04
1.644100000000164528e+03,5.066698131054982526e-04
1.644200000000164664e+03,4.964537215843109648e-04
1.644300000000164800e+03,4.862532178770681882e-04
1.644400000000164709e+03,4.760682892254309412e-04
1.644500000000164619e+03,4.658989228781803063e-04
1.644600000000164755e+03,4.557451060912600933e-04
1.644700000000164891e+03,4.456073768267370143e-04
1.644800000000164800e+03,4.354944542925221406e-04
1.644900000000164709e+03,4.253965864098551136e-04
1.645000000000164846e+03,4.153043853024218244e-04
1.645100000000164982e+03,4.121924289126420839e-04
1.645200000000164891e+03,4.090857689826687244e-04
1.645300000000164800e+03,4.059843999632953607e-04
1.645400000000164937e+03,4.028883163097026149e-04
1.645500000000165073e+03,3.997975124814685788e-04
1.645600000000164982e+03,3.967119829425539606e-04
1.645700000000164891e+03,3.936317221612824061e-04
1.645800000000165028e+03,3.905567246103539979e-04
1.645900000000165164e+03,3.874869847668557170e-04
1.646000000000165073e+03,3.844224971282870357e-04
1.646100000000164982e+03,3.910745528351534050e-04
1.646200000000165119e+03,3.977160082745655472e-04
1.646300000000165255e+03,4.043468718295188777e-04
1.646400000000165164e+03,4.109671518786506446e-04
1.646500000000165073e+03,4.175768567962721291e-04
1.646600000000165210e+03,4.241759949523395351e-04
1.646700000000165346e+03,4.307645747124261792e-04
1.646800000000165255e+03,4.373426044377547455e-04
1.646900000000165164e+03,4.439100924852275895e-04
1.647000000000165301e+03,4.504670472076274237e-04
1.647100000000165437e+03,4.571520818693129815e-04
1.647200000000165346e+03,4.638255714197013361e-04
1.647300000000165255e+03,4.704670738885721477e-04
1.647400000000165392e+03,4.770945124390438990e-04
1.647500000000165528e+03,4.837098055678151179e-04
1.647600000000165437e+03,4.903129652175580245e-04
1.647700000000165346e+03,4.969040033226283576e-04
1.647800000000165483e+03,5.034829318090401672e-04
1.647900000000165619e+03,5.100497625944381674e-04
1.648000000000165528e+03,5.165939565673934161e-04
1.648100000000165437e+03,5.230692675224496435e-04
1.648200000000165574e+03,5.295319029267782363e-04
1.648300000000165710e+03,5.359818762171342666e-04
1.648400000000165619e+03,5.424273611010818185e-04
1.648500000000165528e+03,5.488650803818120438e-04
1.648600000000165664e+03,5.552904808323647599e-04
1.648700000000165801e+03,5.617035749939109767e-04
1.648800000000165710e+03,5.680933065530146186e-04
1.648900000000165619e+03,5.744687119903936880e-04
1.649000000000165755e+03,5.808315606139111652e-04
1.649100000000165892e+03,5.867901945053589875e-04
1.649200000000165801e+03,5.927343123017087250e-04
1.649300000000165710e+03,5.986639347886817206e-04
1.649400000000165846e+03,6.045790827293004606e-04
1.649500000000165983e+03,6.104849300766968705e-04
1.649600000000165892e+03,6.163742953110395561e-04
1.649700000000165801e+03,6.222468179085522116e-04
1.649800000000165937e+03,6.281049598465246247e-04
1.649900000000166074e+03,6.339487417350912713e-04
1.650000000000165983e+03,6.397781841613141545e-04
1.650100000000165892e+03,6.452546552844697515e-04
1.650200000000166028e+03,6.507208576557317299e-04
1.650300000000166165e+03,6.561768007215760265e-04
1.650400000000166074e+03,6.616107537035181927e-04
1.650500000000165983e+03,6.670310227173788719e-04
1.650600000000166119e+03,6.724408150421514515e-04
1.650700000000166256e+03,6.778401407839066426e-04
1.650800000000166165e+03,6.832290100422327116e-04
1.650900000000166074e+03,6.886074329102662714e-04
1.651000000000166210e+03,6.939754194730421259e-04
1.651100000000166347e+03,6.983538606365647002e-04
1.651200000000166256e+03,7.026847283015659430e-04
1.651300000000166165e+03,7.069909871691370216e-04
1.651400000000166301e+03,7.112846977212156172e-04
1.651500000000166438e+03,7.155658811652908366e-04
1.651600000000166347e+03,7.198345586813482879e-04
1.651700000000166256e+03,7.240907514219268931e-04
1.651800000000166392e+03,7.283344805121260432e-04
1.651900000000166528e+03,7.325657670496166576e-04
1.652000000000166438e+03,7.367846321033968450e-04
1.652100000000166347e+03,7.402159365042849416e-04
1.652200000000166483e+03,7.436393048633649534e-04
1.652300000000166619e+03,7.470547463503532989e-04
1.652400000000166528e+03,7.504622701276846778e-04
1.652500000000166438e+03,7.538618853505385260e-04
1.652600000000166574e+03,7.572536011668318592e-04
1.652700000000166710e+03,7.606374267171942287e-04
1.652800000000166619e+03,7.640133711350002464e-04
1.652900000000166528e+03,7.673908028836138239e-04
1.653000000000166665e+03,7.707692293567848995e-04
1.653100000000166801e+03,7.728352011619138776e-04
1.653200000000166710e+03,7.748952579242785604e-04
1.653300000000166619e+03,7.769494079959512372e-04
1.653400000000166756e+03,7.789976597203798021e-04
1.653500000000166892e+03,7.810400214323815751e-04
1.653600000000166801e+03,7.830765014581669370e-04
1.653700000000166710e+03,7.851071081153495213e-04
1.653800000000166847e+03,7.871318497129482740e-04
1.653900000000166983e+03,7.891507345513820324e-04
1.654000000000166892e+03,7.911726107884259470e-04
1.654100000000166801e+03,7.919131337252722754e-04
1.654200000000166938e+03,7.926511142974399047e-04
1.654300000000167074e+03,7.933865555579858826e-04
1.654400000000166983e+03,7.941301077034595285e-04
1.654500000000166892e+03,7.948785035577744188e-04
1.654600000000167029e+03,7.956241502279632997e-04
1.654700000000167165e+03,7.963667998754449164e-04
1.654800000000167074e+03,7.971069588367786464e-04
1.654900000000166983e+03,7.978446299925109854e-04
1.655000000000167120e+03,7.985798162181578395e-04
1.655100000000167256e+03,7.976278689340843796e-04
1.655200000000167165e+03,7.966945417624327931e-04
1.655300000000167074e+03,7.957628661280428646e-04
1.655400000000167211e+03,7.948320245478686027e-04
1.655500000000167347e+03,7.939020164040806521e-04
1.655600000000167256e+03,7.929728410792408373e-04
1.655700000000167165e+03,7.920444979562912130e-04
1.655800000000167302e+03,7.911169864185598095e-04
1.655900000000167438e+03,7.901903058497673554e-04
1.656000000000167347e+03,7.892644556318227688e-04
1.656100000000167256e+03,7.870273464479628049e-04
1.656200000000167392e+03,7.847933374526424276e-04
1.656300000000167529e+03,7.825624263914454735e-04
1.656400000000167438e+03,7.803347866490830450e-04
1.656500000000167347e+03,7.781096436910709584e-04
1.656600000000167483e+03,7.758874746618183750e-04
1.656700000000167620e+03,7.736683976402281785e-04
1.656800000000167529e+03,7.714607389458003452e-04
1.656900000000167438e+03,7.692652677064532388e-04
1.657000000000167574e+03,7.670727833096240228e-04
1.657100000000167711e+03,7.631699756717320567e-04
1.657200000000167620e+03,7.592743640698356887e-04
1.657300000000167529e+03,7.553859407099431213e-04
1.657400000000167665e+03,7.515117119151132948e-04
1.657500000000167802e+03,7.476552291334683398e-04
1.657600000000167711e+03,7.438131099517512239e-04
1.657700000000167620e+03,7.399873395494349030e-04
1.657800000000167756e+03,7.361683645115131396e-04
1.657900000000167893e+03,7.323561780402656693e-04
1.658000000000167802e+03,7.285507733406430516e-04
1.658100000000167711e+03,7.234619895453992932e-04
1.658200000000167847e+03,7.183801961328647404e-04
1.658300000000167984e+03,7.133053902566081862e-04
1.658400000000167893e+03,7.082567981131587765e-04
1.658500000000167802e+03,7.032417917421188722e-04
1.658600000000167938e+03,6.982185566360046662e-04
1.658700000000168075e+03,6.932018525713784648e-04
1.658800000000167984e+03,6.881916775495253808e-04
1.658900000000167893e+03,6.831880295711644652e-04
1.659000000000168029e+03,6.781909066339347671e-04
1.659100000000168166e+03,6.716880827210260302e-04
1.659200000000168075e+03,6.652025016734600896e-04
1.659300000000167984e+03,6.587381771458646756e-04
1.659400000000168120e+03,6.522853433624804364e-04
1.659500000000168257e+03,6.458439905023855183e-04
1.659600000000168166e+03,6.394141087502875709e-04
1.659700000000168075e+03,6.329956882964856910e-04
1.659800000000168211e+03,6.265887193368978531e-04
1.659900000000168347e+03,6.201931920730889905e-04
1.660000000000168257e+03,6.138090967104368502e-04
1.660100000000168166e+03,6.063652689708820109e-04
1.660200000000168302e+03,5.989346639596629341e-04
1.660300000000168438e+03,5.915168667635316551e-04
1.660400000000168347e+03,5.841117779134299666e-04
1.660500000000168257e+03,5.767193881128255747e-04
1.660600000000168393e+03,5.693396880692341627e-04
1.660700000000168529e+03,5.619726684942512665e-04
1.660800000000168438e+03,5.546361317700576003e-04
1.660900000000168347e+03,5.473563273005202729e-04
1.661000000000168484e+03,5.400875167591474846e-04
1.661100000000168620e+03,5.320387033113376397e-04
1.661200000000168529e+03,5.240018395835566081e-04
1.661300000000168438e+03,5.159769206275490426e-04
1.661400000000168575e+03,5.079639414950932064e-04
1.661500000000168711e+03,4.999628972380362095e-04
1.661600000000168620e+03,4.919737829082602900e-04
1.661700000000168529e+03,4.839965935576442707e-04
1.661800000000168666e+03,4.760313242381046506e-04
1.661900000000168802e+03,4.680809983447478586e-04
1.662000000000168711e+03,4.601504929162564673e-04
1.662100000000168620e+03,4.517335145061441844e-04
1.662200000000168757e+03,4.433307680822066955e-04
1.662300000000168893e+03,4.349422447268721332e-04
1.662400000000168802e+03,4.265719182936443510e-04
1.662500000000168711e+03,4.182307102180550604e-04
1.662600000000168848e+03,4.099029404589916818e-04
1.662700000000168984e+03,4.015886020904156964e-04
1.662800000000168893e+03,3.932876881867673692e-04
1.662900000000168802e+03,3.850001918229278559e-04
1.663000000000168939e+03,3.767261060756231907e-04
1.663100000000169075e+03,3.692597198625881413e-04
1.663200000000168984e+03,3.618025443482194843e-04
1.663300000000168893e+03,3.543598953084767700e-04
1.663400000000169030e+03,3.469248025545430868e-04
1.663500000000169166e+03,3.394972694196376063e-04
1.663600000000169075e+03,3.320772992351283333e-04
1.663700000000168984e+03,3.246648953305005555e-04
1.663800000000169121e+03,3.172600610333892071e-04
1.663900000000169257e+03,3.098627996696099850e-04
1.664000000000169166e+03,3.024731145846687821e-04
1.664100000000169075e+03,3.078172577104082409e-04
1.664200000000169211e+03,3.131461854754459149e-04
1.664300000000169348e+03,3.184628457676042142e-04
1.664400000000169257e+03,3.237693179977426229e-04
1.664500000000169166e+03,3.290656091902058431e-04
1.664600000000169302e+03,3.343517263677090747e-04
1.664700000000169439e+03,3.396276765513137302e-04
1.664800000000169348e+03,3.448941701940750281e-04
1.664900000000169257e+03,3.501577499064062612e-04
1.665000000000169393e+03,3.554114204536467552e-04
1.665100000000169530e+03,3.609143641786542408e-04
1.665200000000169439e+03,3.664090810427172366e-04
1.665300000000169348e+03,3.718955727167674191e-04
1.665400000000169484e+03,3.773738408730023248e-04
1.665500000000169621e+03,3.828438871848569448e-04
1.665600000000169530e+03,3.883055976619509387e-04
1.665700000000169439e+03,3.937590538157080024e-04
1.665800000000169575e+03,3.992042890096961206e-04
1.665900000000169712e+03,4.046413049317542352e-04
1.666000000000169621e+03,4.100701032711158976e-04
1.666100000000169530e+03,4.155702804936425615e-04
1.666200000000169666e+03,4.210632761044238873e-04
1.666300000000169803e+03,4.265490894932178747e-04
1.666400000000169712e+03,4.320275943098346645e-04
1.666500000000169621e+03,4.374891403684096568e-04
1.666600000000169757e+03,4.429432566143323810e-04
1.666700000000169894e+03,4.483899429874118898e-04
1.666800000000169803e+03,4.538291994290494951e-04
1.666900000000169712e+03,4.592610258822654940e-04
1.667000000000169848e+03,4.646854222913370989e-04
1.667100000000169985e+03,4.699054288226486224e-04
1.667200000000169894e+03,4.751167794228467215e-04
1.667300000000169803e+03,4.803088935798302300e-04
1.667400000000169939e+03,4.854918484802009794e-04
1.667500000000170076e+03,4.906659244740498764e-04
1.667600000000169985e+03,4.958311254794969813e-04
1.667700000000169894e+03,5.009874554147660582e-04
1.667800000000170030e+03,5.061349181981553017e-04
1.667900000000170166e+03,5.112735177480142975e-04
1.668000000000170076e+03,5.164032579823221595e-04
1.668100000000169985e+03,5.211954999408688815e-04
1.668200000000170121e+03,5.259746557831702961e-04
1.668300000000170257e+03,5.307452350596308325e-04
1.668400000000170166e+03,5.355072424105518716e-04
1.668500000000170076e+03,5.402606824753284015e-04
1.668600000000170212e+03,5.450055598924297183e-04
1.668700000000170348e+03,5.497342097417241705e-04
1.668800000000170257e+03,5.544488606006852532e-04
1.668900000000170166e+03,5.591660813840305293e-04
1.669000000000170303e+03,5.638760392056032210e-04
1.669100000000170439e+03,5.679981192189728070e-04
1.669200000000170348e+03,5.721115104242648509e-04
1.669300000000170257e+03,5.762162201517716503e-04
1.669400000000170394e+03,5.803122557280561726e-04
1.669500000000170530e+03,5.843996244759283110e-04
1.669600000000170439e+03,5.884783337144671106e-04
1.669700000000170348e+03,5.925483907590416936e-04
1.669800000000170485e+03,5.966098029212941285e-04
1.669900000000170621e+03,6.006625775091190477e-04
1.670000000000170530e+03,6.047067218258633976e-04
1.670100000000170439e+03,6.082617411774352044e-04
1.670200000000170576e+03,6.118119735820641168e-04
1.670300000000170712e+03,6.153574186361498045e-04
1.670400000000170621e+03,6.188980759374881728e-04
1.670500000000170530e+03,6.224685500932978892e-04
1.670600000000170667e+03,6.260422715512883396e-04
1.670700000000170803e+03,6.296116826466212780e-04
1.670800000000170712e+03,6.331767820191161814e-04
1.670900000000170621e+03,6.367375683098561645e-04
1.671000000000170758e+03,6.402940401592212370e-04
1.671100000000170894e+03,6.426975275176396128e-04
1.671200000000170803e+03,6.450955620222932228e-04
1.671300000000170712e+03,6.474881484767886896e-04
1.671400000000170849e+03,6.498752916822455846e-04
1.671500000000170985e+03,6.522569964372843931e-04
1.671600000000170894e+03,6.546332675380357301e-04
1.671700000000170803e+03,6.570041097781573625e-04
1.671800000000170940e+03,6.593695279488198972e-04
1.671900000000171076e+03,6.617295268386989750e-04
1.672000000000170985e+03,6.640841112323864811e-04
1.672100000000170894e+03,6.654664027172769265e-04
1.672200000000171030e+03,6.668339310276465018e-04
1.672300000000171167e+03,6.681983146860928863e-04
1.672400000000171076e+03,6.695595560341978695e-04
1.672500000000170985e+03,6.709176574125709286e-04
1.672600000000171121e+03,6.722726211608435901e-04
1.672700000000171258e+03,6.736244496176662863e-04
1.672800000000171167e+03,6.749731451207091138e-04
1.672900000000171076e+03,6.763187100066728923e-04
1.673000000000171212e+03,6.776611466094804989e-04
1.673100000000171349e+03,6.779494435621024771e-04
1.673200000000171258e+03,6.782367500127976659e-04
1.673300000000171167e+03,6.785230663632018213e-04
1.673400000000171303e+03,6.788083930149923324e-04
1.673500000000171440e+03,6.790927303698908240e-04
1.673600000000171349e+03,6.793760788296612048e-04
1.673700000000171258e+03,6.796482256727949403e-04
1.673800000000171394e+03,6.799142435749494853e-04
1.673900000000171531e+03,6.801792622984795342e-04
1.674000000000171440e+03,6.804432823110149282e-04
1.674100000000171349e+03,6.792711896974836959e-04
1.674200000000171485e+03,6.781005543798038389e-04
1.674300000000171622e+03,6.769344223603216510e-04
1.674400000000171531e+03,6.757826030510765119e-04
1.674500000000171440e+03,6.746226347984165704e-04
1.674600000000171576e+03,6.734584276245237245e-04
1.674700000000171713e+03,6.722956700829122801e-04
1.674800000000171622e+03,6.711343608958709019e-04
1.674900000000171531e+03,6.699744987865431482e-04
1.675000000000171667e+03,6.688160824767835693e-04
1.675100000000171804e+03,6.664071502796616985e-04
1.675200000000171713e+03,6.640020430673728184e-04
1.675300000000171622e+03,6.616183305943147209e-04
1.675400000000171758e+03,6.592505557776677082e-04
1.675500000000171894e+03,6.568863792179988796e-04
1.675600000000171804e+03,6.545257978603566526e-04
1.675700000000171713e+03,6.521688086515471531e-04
1.675800000000171849e+03,6.498154085401386610e-04
1.675900000000171985e+03,6.474655944764832940e-04
1.676000000000171894e+03,6.451193634107411576e-04
1.676100000000171804e+03,6.416347168688165629e-04
1.676200000000171940e+03,6.381479142848997836e-04
1.676300000000172076e+03,6.346657568996334330e-04
1.676400000000171985e+03,6.311882421586815367e-04
1.676500000000171894e+03,6.277153675083177670e-04
1.676600000000172031e+03,6.242471303954333578e-04
1.676700000000172167e+03,6.207835282675603066e-04
1.676800000000172076e+03,6.173243410097957462e-04
1.676900000000171985e+03,6.138623371753877201e-04
1.677000000000172122e+03,6.103983167909847810e-04
1.677100000000172258e+03,6.056422918314619767e-04
1.677200000000172167e+03,6.008946075261015120e-04
1.677300000000172076e+03,5.961552554220914775e-04
1.677400000000172213e+03,5.914242270728551016e-04
1.677500000000172349e+03,5.867015140380636533e-04
1.677600000000172258e+03,5.819871078836136736e-04
1.677700000000172167e+03,5.772563797277175356e-04
1.677800000000172304e+03,5.725071015601465628e-04
1.677900000000172440e+03,5.677669554969007153e-04
1.678000000000172349e+03,5.630359307732720744e-04
1.678100000000172258e+03,5.573080019068094113e-04
1.678200000000172395e+03,5.515906597512618918e-04
1.678300000000172531e+03,5.458838924761086862e-04
1.678400000000172440e+03,5.401876882608337661e-04
1.678500000000172349e+03,5.344968007638311929e-04
1.678600000000172486e+03,5.288098119227197967e-04
1.678700000000172622e+03,5.231331710694507673e-04
1.678800000000172531e+03,5.174680998031643085e-04
1.678900000000172440e+03,5.118249900877964954e-04
1.679000000000172577e+03,5.061923711682268312e-04
1.679100000000172713e+03,4.998158303985666658e-04
1.679200000000172622e+03,4.934493029481189274e-04
1.679300000000172531e+03,4.870884331412454141e-04
1.679400000000172668e+03,4.807311147412681113e-04
1.679500000000172804e+03,4.743840692643681162e-04
1.679600000000172713e+03,4.680472874055490937e-04
1.679700000000172622e+03,4.617207598657487640e-04
1.679800000000172759e+03,4.554044773518694232e-04
1.679900000000172895e+03,4.490984305767954524e-04
1.680000000000172804e+03,4.427943754041868923e-04
1.680100000000172713e+03,4.358471069707989753e-04
1.680200000000172849e+03,4.289198291499991388e-04
1.680300000000172986e+03,4.220060981148154779e-04
1.680400000000172895e+03,4.151058969117335539e-04
1.680500000000172804e+03,4.082192086037469904e-04
1.680600000000172940e+03,4.013460162703703211e-04
1.680700000000173077e+03,3.944863030076559032e-04
1.680800000000172986e+03,3.876400519281531518e-04
1.680900000000172895e+03,3.808127192364637475e-04
1.681000000000173031e+03,3.740101300606336280e-04
1.681100000000173168e+03,3.670797538181122879e-04
1.681200000000173077e+03,3.601571603995684656e-04
1.681300000000172986e+03,3.532423463841592335e-04
1.681400000000173122e+03,3.463353083509521633e-04
1.681500000000173259e+03,3.394360428789610501e-04
1.681600000000173168e+03,3.325445465471096461e-04
1.681700000000173077e+03,3.256628726236106318e-04
1.681800000000173213e+03,3.187940578649345346e-04
1.681900000000173350e+03,3.119326921261067064e-04
1.682000000000173259e+03,3.050787725022467093e-04
1.682100000000173168e+03,3.012700867248193498e-04
1.682200000000173304e+03,2.974680268682649968e-04
1.682300000000173441e+03,2.936762773502659481e-04
1.682400000000173350e+03,2.898896057423477088e-04
1.682500000000173259e+03,2.861031197595208307e-04
1.682600000000173395e+03,2.823070687610812262e-04
1.682700000000173532e+03,2.785163472541150854e-04
1.682800000000173441e+03,2.747309508053151711e-04
1.682900000000173350e+03,2.709508749840246330e-04
1.683000000000173486e+03,2.671761153766238277e-04
1.683100000000173623e+03,2.716829498393136255e-04
1.683200000000173532e+03,2.761829114594574214e-04
1.683300000000173441e+03,2.806747227250374396e-04
1.683400000000173577e+03,2.851608704884957528e-04
1.683500000000173713e+03,2.896405120814095823e-04
1.683600000000173623e+03,2.941133144266188369e-04
1.683700000000173532e+03,2.985792837880109829e-04
1.683800000000173668e+03,3.030384264252134396e-04
1.683900000000173804e+03,3.074907485935770993e-04
1.684000000000173713e+03,3.119362565443975044e-04
1.684100000000173623e+03,3.164940222319286012e-04
1.684200000000173759e+03,3.210686184631280781e-04
1.684300000000173895e+03,3.256364930792974687e-04
1.684400000000173804e+03,3.301976386250582820e-04
1.684500000000173713e+03,3.347520201522319978e-04
1.684600000000173850e+03,3.392996965245105318e-04
1.684700000000173986e+03,3.438406738400212582e-04
1.684800000000173895e+03,3.483749581926819734e-04
1.684900000000173804e+03,3.529035551793327421e-04
1.685000000000173941e+03,3.574325572789566804e-04
1.685100000000174077e+03,3.619969545198955868e-04
1.685200000000173986e+03,3.665556552622548461e-04
1.685300000000173895e+03,3.711086638401283060e-04
1.685400000000174032e+03,3.756559845851729614e-04
1.685500000000174168e+03,3.801976218265851019e-04
1.685600000000174077e+03,3.847335798911256282e-04
1.685700000000173986e+03,3.892638631031405971e-04
1.685800000000174123e+03,3.937884757845411103e-04
1.685900000000174259e+03,3.983074222547843403e-04
1.686000000000174168e+03,4.028207068307679837e-04
1.686100000000174077e+03,4.072562269855912304e-04
1.686200000000174214e+03,4.116874324824474685e-04
1.686300000000174350e+03,4.161143700647383821e-04
1.686400000000174259e+03,4.205370421118393679e-04
1.686500000000174168e+03,4.249554510022484320e-04
1.686600000000174305e+03,4.293695991135640182e-04
1.686700000000174441e+03,4.337805893079506748e-04
1.686800000000174350e+03,4.381965534209992033e-04
1.686900000000174259e+03,4.426084711764136288e-04
1.687000000000174396e+03,4.470163446472872758e-04
1.687100000000174532e+03,4.510958350970498782e-04
1.687200000000174441e+03,4.551707084362544508e-04
1.687300000000174350e+03,4.592405678472320459e-04
1.687400000000174487e+03,4.632643668508030599e-04
1.687500000000174623e+03,4.672828282800872745e-04
1.687600000000174532e+03,4.712959567792314106e-04
1.687700000000174441e+03,4.753037569892001098e-04
1.687800000000174578e+03,4.793062335477564734e-04
1.687900000000174714e+03,4.833033910894430339e-04
1.688000000000174623e+03,4.872952342450347757e-04
1.688100000000174532e+03,4.909541907256590506e-04
1.688200000000174668e+03,4.945990850237792216e-04
1.688300000000174805e+03,4.982402804543018720e-04
1.688400000000174714e+03,5.018780998290327169e-04
1.688500000000174623e+03,5.055125450740685167e-04
1.688600000000174759e+03,5.091436344652451942e-04
1.688700000000174896e+03,5.127713677256110023e-04
1.688800000000174805e+03,5.163957330592049231e-04
1.688900000000174714e+03,5.200167323883579575e-04
1.689000000000174850e+03,5.236564296721097972e-04
1.689100000000174987e+03,5.267377929822991776e-04
1.689200000000174896e+03,5.298169389296898679e-04
1.689300000000174805e+03,5.328938684468297439e-04
1.689400000000174941e+03,5.359685824659938961e-04
1.689500000000175078e+03,5.390410819191796422e-04
1.689600000000174987e+03,5.421113677381186706e-04
1.689700000000174896e+03,5.451794408542884243e-04
1.689800000000175032e+03,5.482674476836207119e-04
1.689900000000175169e+03,5.513561360665778432e-04
1.690000000000175078e+03,5.544428926567884818e-04
1.690100000000174987e+03,5.567915313006175987e-04
1.690200000000175123e+03,5.591483144137568374e-04
1.690300000000175260e+03,5.615036737311638292e-04
1.690400000000175169e+03,5.638576097093487291e-04
1.690500000000175078e+03,5.662101228047490510e-04
1.690600000000175214e+03,5.685612134737154637e-04
1.690700000000175351e+03,5.709108821725049614e-04
1.690800000000175260e+03,5.732591293572886692e-04
1.690900000000175169e+03,5.756059554841646371e-04
1.691000000000175305e+03,5.779513610077240907e-04
1.691100000000175442e+03,5.794852102103864502e-04
1.691200000000175351e+03,5.810184226768746064e-04
1.691300000000175260e+03,5.825509984752925020e-04
1.691400000000175396e+03,5.840613822445664882e-04
1.691500000000175532e+03,5.855661672576530780e-04
1.691600000000175442e+03,5.870701783026567935e-04
1.691700000000175351e+03,5.885734155402662631e-04
1.691800000000175487e+03,5.900758791311745601e-04
1.691900000000175623e+03,5.915775692360695538e-04
1.692000000000175532e+03,5.930784860137554206e-04
1.692100000000175442e+03,5.935025766709999982e-04
1.692200000000175578e+03,5.939470785035626428e-04
1.692300000000175714e+03,5.943970959920281093e-04
1.692400000000175623e+03,5.948466785304565426e-04
1.692500000000175532e+03,5.952958263102188421e-04
1.692600000000175669e+03,5.957445395226492607e-04
1.692700000000175805e+03,5.961929789335233820e-04
1.692800000000175714e+03,5.966410861604384526e-04
1.692900000000175623e+03,5.970887597886231435e-04
1.693000000000175760e+03,5.975559711592698039e-04
1.693100000000175896e+03,5.971891397971863368e-04
1.693200000000175805e+03,5.968222627042356430e-04
1.693300000000175714e+03,5.964553399279877433e-04
1.693400000000175851e+03,5.960883715160188384e-04
1.693500000000175987e+03,5.957094253762079293e-04
1.693600000000175896e+03,5.953143712449748652e-04
1.693700000000175805e+03,5.949193083483279507e-04
1.693800000000175942e+03,5.945336523262438654e-04
1.693900000000176078e+03,5.941519890256756042e-04
1.694000000000175987e+03,5.937702990522102705e-04
1.694100000000175896e+03,5.923068765316036105e-04
1.694200000000176033e+03,5.908433767061234019e-04
1.694300000000176169e+03,5.893797997811352088e-04
1.694400000000176078e+03,5.879161459620038362e-04
1.694500000000175987e+03,5.864524154540913786e-04
1.694600000000176124e+03,5.850128656735154985e-04
1.694700000000176260e+03,5.835747422173755659e-04
1.694800000000176169e+03,5.821364117012058125e-04
1.694900000000176078e+03,5.806978743310622221e-04
1.695000000000176215e+03,5.792591303110780545e-04
1.695100000000176351e+03,5.767058291084992518e-04
1.695200000000176260e+03,5.741524254814957132e-04
1.695300000000176169e+03,5.715989198977870517e-04
1.695400000000176306e+03,5.690453128250396462e-04
1.695500000000176442e+03,5.664916047308768323e-04
1.695600000000176351e+03,5.639377960828667602e-04
1.695700000000176260e+03,5.613838873485122024e-04
1.695800000000176396e+03,5.588298789952609626e-04
1.695900000000176533e+03,5.562757714905192108e-04
1.696000000000176442e+03,5.537215652995787062e-04
1.696100000000176351e+03,5.500021761560746009e-04
1.696200000000176487e+03,5.462771842627675480e-04
1.696300000000176624e+03,5.425488255301915254e-04
1.696400000000176533e+03,5.388222501613026960e-04
1.696500000000176442e+03,5.350974585246249561e-04
1.696600000000176578e+03,5.313744509877246346e-04
1.696700000000176715e+03,5.276532279172328277e-04
1.696800000000176624e+03,5.239337896788266421e-04
1.696900000000176533e+03,5.202089813406061925e-04
1.697000000000176669e+03,5.164746480552669496e-04
1.697100000000176806e+03,5.120201739663685124e-04
1.697200000000176715e+03,5.075651500845255060e-04
1.697300000000176624e+03,5.031091808974527896e-04
1.697400000000176760e+03,4.986522195285620317e-04
1.697500000000176897e+03,4.941942670323353631e-04
1.697600000000176806e+03,4.897353244633273397e-04
1.697700000000176715e+03,4.852753928761468897e-04
1.697800000000176851e+03,4.808144733254720595e-04
1.697900000000176988e+03,4.763525668660735404e-04
1.698000000000176897e+03,4.718998151852556860e-04
1.698100000000176806e+03,4.667242302919726786e-04
1.698200000000176942e+03,4.615463476058995923e-04
1.698300000000177079e+03,4.563661679905980364e-04
1.698400000000176988e+03,4.511836923100862322e-04
1.698500000000176897e+03,4.459989214288200389e-04
1.698600000000177033e+03,4.408071886863564525e-04
1.698700000000177170e+03,4.356080600660479818e-04
1.698800000000177079e+03,4.304068640856817895e-04
1.698900000000176988e+03,4.252035930667984989e-04
1.699000000000177124e+03,4.199981051668667917e-04
1.699100000000177261e+03,4.141519439249445275e-04
1.699200000000177170e+03,4.083057819955789427e-04
1.699300000000177079e+03,4.024596214345884976e-04
1.699400000000177215e+03,3.966057569533665934e-04
1.699500000000177351e+03,3.907420955804120411e-04
1.699600000000177261e+03,3.848789703552027756e-04
1.699700000000177170e+03,3.790163832683272633e-04
1.699800000000177306e+03,3.731543363089326326e-04
1.699900000000177442e+03,3.672928314647544890e-04
1.700000000000177351e+03,3.614318707217115318e-04
1.700100000000177261e+03,3.553571388902722686e-04
1.700200000000177397e+03,3.492736778938391410e-04
1.700300000000177533e+03,3.431784780173600426e-04
1.700400000000177442e+03,3.370812808967347260e-04
1.700500000000177351e+03,3.309820494238112994e-04
1.700600000000177488e+03,3.248806119615056057e-04
1.700700000000177624e+03,3.187771925121361295e-04
1.700800000000177533e+03,3.126717930059758695e-04
1.700900000000177442e+03,3.065644153732750019e-04
1.701000000000177579e+03,3.004526650217604136e-04
1.701100000000177715e+03,2.949126348284311270e-04
1.701200000000177624e+03,2.893721772721355901e-04
1.701300000000177533e+03,2.838312946397320057e-04
1.701400000000177670e+03,2.782899892168592287e-04
1.701500000000177806e+03,2.727482632879608894e-04
1.701600000000177715e+03,2.672061191362624629e-04
1.701700000000177624e+03,2.616635590437445431e-04
1.701800000000177761e+03,2.561187650305568652e-04
1.701900000000177897e+03,2.505697677228638709e-04
1.702000000000177806e+03,2.450206113221961341e-04
1.702100000000177715e+03,2.493208884109203828e-04
1.702200000000177852e+03,2.536200979025925281e-04
1.702300000000177988e+03,2.579182380014975176e-04
1.702400000000177897e+03,2.622153069142160969e-04
1.702500000000177806e+03,2.665124509945222711e-04
1.702600000000177943e+03,2.708120657999160750e-04
1.702700000000178079e+03,2.751063696448127023e-04
1.702800000000177988e+03,2.793997629109457883e-04
1.702900000000177897e+03,2.836920916776777585e-04
1.703000000000178034e+03,2.879833541324830059e-04
1.703100000000178170e+03,2.925173158727971076e-04
1.703200000000178079e+03,2.970530973505834085e-04
1.703300000000177988e+03,3.015906968958193359e-04
1.703400000000178125e+03,3.061284692773682875e-04
1.703500000000178261e+03,3.106626655053000802e-04
1.703600000000178170e+03,3.151984694390171592e-04
1.703700000000178079e+03,3.197426628645019787e-04
1.703800000000178215e+03,3.242893918835654320e-04
1.703900000000178352e+03,3.288379363428717912e-04
1.704000000000178261e+03,3.333882945386995827e-04
1.704100000000178170e+03,3.379060106921012979e-04
1.704200000000178306e+03,3.424250878761795746e-04
1.704300000000178443e+03,3.469502936589990310e-04
1.704400000000178352e+03,3.514755197747099994e-04
1.704500000000178261e+03,3.560007639566004339e-04
1.704600000000178397e+03,3.605260239396829288e-04
1.704700000000178534e+03,3.650512974606767757e-04
1.704800000000178443e+03,3.695765822580261771e-04
1.704900000000178352e+03,3.741018760719199256e-04
1.705000000000178488e+03,3.786271766441043243e-04
1.705100000000178625e+03,3.830582978355395740e-04
1.705200000000178534e+03,3.874890864394178280e-04
1.705300000000178443e+03,3.919195401301157227e-04
1.705400000000178579e+03,3.963496565842080060e-04
1.705500000000178716e+03,4.007794334804500817e-04
1.705600000000178625e+03,4.052088684997921038e-04
1.705700000000178534e+03,4.096379593254025585e-04
1.705800000000178670e+03,4.140655611791543345e-04
1.705900000000178807e+03,4.184844940571097308e-04
1.706000000000178716e+03,4.229028753864875383e-04
1.706100000000178625e+03,4.272655663455363550e-04
1.706200000000178761e+03,4.316309262987817232e-04
1.706300000000178898e+03,4.359989539120435889e-04
1.706400000000178807e+03,4.403699970298348030e-04
1.706500000000178716e+03,4.447442067580858137e-04
1.706600000000178852e+03,4.491219449353276013e-04
1.706700000000178989e+03,4.535117665130823650e-04
1.706800000000178898e+03,4.579044646982418807e-04
1.706900000000178807e+03,4.623000383754249779e-04
1.707000000000178943e+03,4.666984864274028970e-04
1.707100000000179080e+03,4.705582842272996720e-04
1.707200000000178989e+03,4.744176162971760341e-04
1.707300000000178898e+03,4.782764805720807460e-04
1.707400000000179034e+03,4.821353653561417344e-04
1.707500000000179170e+03,4.860042725245242732e-04
1.707600000000179080e+03,4.898728808633594960e-04
1.707700000000178989e+03,4.937411883040344895e-04
1.707800000000179125e+03,4.976091927799545286e-04
1.707900000000179261e+03,5.014768922265211209e-04
1.708000000000179170e+03,5.053442845801776927e-04
1.708100000000179080e+03,5.086699914722072908e-04
1.708200000000179216e+03,5.119667922436049040e-04
1.708300000000179352e+03,5.152660724469227110e-04
1.708400000000179261e+03,5.185642251532717904e-04
1.708500000000179170e+03,5.218612488324721882e-04
1.708600000000179307e+03,5.251571419569435418e-04
1.708700000000179443e+03,5.284519030016910941e-04
1.708800000000179352e+03,5.317455304443128488e-04
1.708900000000179261e+03,5.350380227650199539e-04
1.709000000000179398e+03,5.383293784455660518e-04
1.709100000000179534e+03,5.410486460060934819e-04
1.709200000000179443e+03,5.437680662572732431e-04
1.709300000000179352e+03,5.464872466353490939e-04
1.709400000000179489e+03,5.492061857816817050e-04
1.709500000000179625e+03,5.519248823389883004e-04
1.709600000000179534e+03,5.546433349513487298e-04
1.709700000000179443e+03,5.573615422642260678e-04
1.709800000000179580e+03,5.600795029244463397e-04
1.709900000000179716e+03,5.628089916881749743e-04
1.710000000000179625e+03,5.655392128166023338e-04
1.710100000000179534e+03,5.675466093981766050e-04
1.710200000000179671e+03,5.695542347969277793e-04
1.710300000000179807e+03,5.715620880813374310e-04
1.710400000000179716e+03,5.735701683204282595e-04
1.710500000000179625e+03,5.755784745837692938e-04
1.710600000000179762e+03,5.775870059414747000e-04
1.710700000000179898e+03,5.796074292769465590e-04
1.710800000000179807e+03,5.816295940355068307e-04
1.710900000000179716e+03,5.836520721300217244e-04
1.711000000000179853e+03,5.856748626481734924e-04
1.711100000000179989e+03,5.867880026382304342e-04
1.711200000000179898e+03,5.879011798153565551e-04
1.711300000000179807e+03,5.890143937012817625e-04
1.711400000000179944e+03,5.901276438180468042e-04
1.711500000000180080e+03,5.912409296879992575e-04
1.711600000000179989e+03,5.923542508337956971e-04
1.711700000000179898e+03,5.934676067784101523e-04
1.711800000000180034e+03,5.945809970451246739e-04
1.711900000000180171e+03,5.956944211575291182e-04
1.712000000000180080e+03,5.968078786378648104e-04
1.712100000000179989e+03,5.970001031273160230e-04
1.712200000000180125e+03,5.971922742383490136e-04
1.712300000000180262e+03,5.973843919439383084e-04
1.712400000000180171e+03,5.975764562170735039e-04
1.712500000000180080e+03,5.977684670307603513e-04
1.712600000000180216e+03,5.979604243580138173e-04
1.712700000000180353e+03,5.981430624190005058e-04
1.712800000000180262e+03,5.983208763967283591e-04
1.712900000000180171e+03,5.984986282503209493e-04
1.713000000000180307e+03,5.986763179548491073e-04
1.713100000000180444e+03,5.976575196257019780e-04
1.713200000000180353e+03,5.966419548920392146e-04
1.713300000000180262e+03,5.956265791905682606e-04
1.713400000000180398e+03,5.946113929958372511e-04
1.713500000000180535e+03,5.935963967817780608e-04
1.713600000000180444e+03,5.925815910217000155e-04
1.713700000000180353e+03,5.915669761882847962e-04
1.713800000000180489e+03,5.905523121440218320e-04
1.713900000000180626e+03,5.895277112433126810e-04
1.714000000000180535e+03,5.884998328311148675e-04
1.714100000000180444e+03,5.865100995609043820e-04
1.714200000000180580e+03,5.845203807741131347e-04
1.714300000000180717e+03,5.825306773457871465e-04
1.714400000000180626e+03,5.805409901502781153e-04
1.714500000000180535e+03,5.785513200612331158e-04
1.714600000000180671e+03,5.765616679515990451e-04
1.714700000000180808e+03,5.745720346936411625e-04
1.714800000000180717e+03,5.725824211589274765e-04
1.714900000000180626e+03,5.705928282183212645e-04
1.715000000000180762e+03,5.686032567400973797e-04
1.715100000000180898e+03,5.655643266366077978e-04
1.715200000000180808e+03,5.625257700964524533e-04
1.715300000000180717e+03,5.594875882796451630e-04
1.715400000000180853e+03,5.564497823450682704e-04
1.715500000000180989e+03,5.534205948355116816e-04
1.715600000000180898e+03,5.503959330804916337e-04
1.715700000000180808e+03,5.473715134732561570e-04
1.715800000000180944e+03,5.443473371939684235e-04
1.715900000000181080e+03,5.413234054217772257e-04
1.716000000000180989e+03,5.382997193332831557e-04
1.716100000000180898e+03,5.344322646215003258e-04
1.716200000000181035e+03,5.305636364941903162e-04
1.716300000000181171e+03,5.267012196998072538e-04
1.716400000000181080e+03,5.228420044900435699e-04
1.716500000000180989e+03,5.189814446773708366e-04
1.716600000000181126e+03,5.151195415003755442e-04
1.716700000000181262e+03,5.112562961977555305e-04
1.716800000000181171e+03,5.073917100083078380e-04
1.716900000000181080e+03,5.035257841709080053e-04
1.717000000000181217e+03,4.996585199227144116e-04
1.717100000000181353e+03,4.947916442996512423e-04
1.717200000000181262e+03,4.899265487622419309e-04
1.717300000000181171e+03,4.850631757416182395e-04
1.717400000000181308e+03,4.802015191691852143e-04
1.717500000000181444e+03,4.753415802107001788e-04
1.717600000000181353e+03,4.704833600300454915e-04
1.717700000000181262e+03,4.656268597892163487e-04
1.717800000000181399e+03,4.607720806483325479e-04
1.717900000000181535e+03,4.559190237656738872e-04
1.718000000000181444e+03,4.510676902965349766e-04
1.718100000000181353e+03,4.456034883349825138e-04
1.718200000000181490e+03,4.401402763752861524e-04
1.718300000000181626e+03,4.346780558325942729e-04
1.718400000000181535e+03,4.292168778605627306e-04
1.718500000000181444e+03,4.237568810494908643e-04
1.718600000000181581e+03,4.182978737808010065e-04
1.718700000000181717e+03,4.128445627560083987e-04
1.718800000000181626e+03,4.073966738686224430e-04
1.718900000000181535e+03,4.019495321380009509e-04
1.719000000000181672e+03,3.965031390499955660e-04
1.719100000000181808e+03,3.906069513749419820e-04
1.719200000000181717e+03,3.847118313714741424e-04
1.719300000000181626e+03,3.788177803958677078e-04
1.719400000000181763e+03,3.729247998033511074e-04
1.719500000000181899e+03,3.670328909481364397e-04
1.719600000000181808e+03,3.611420551833872711e-04
1.719700000000181717e+03,3.552522938611962474e-04
1.719800000000181853e+03,3.493636083326118733e-04
1.719900000000181990e+03,3.434759999476624196e-04
1.720000000000181899e+03,3.375894700549267411e-04
1.720100000000181808e+03,3.314808343790921221e-04
1.720200000000181944e+03,3.253743092483323647e-04
1.720300000000182081e+03,3.192668143371348499e-04
1.720400000000181990e+03,3.131575048908207177e-04
1.720500000000181899e+03,3.070505840031309661e-04
1.720600000000182035e+03,3.009460522362377029e-04
1.720700000000182172e+03,2.948439101512051984e-04
1.720800000000182081e+03,2.887441583079624545e-04
1.720900000000181990e+03,2.826467972652777806e-04
1.721000000000182126e+03,2.765518275884470338e-04
1.721100000000182263e+03,2.746640745551583098e-04
1.721200000000182172e+03,2.727763162487962666e-04
1.721300000000182081e+03,2.708885530670086935e-04
1.721400000000182217e+03,2.690007854073772978e-04
1.721500000000182354e+03,2.671130136674280042e-04
1.721600000000182263e+03,2.652252382446204930e-04
1.721700000000182172e+03,2.633374595363409355e-04
1.721800000000182308e+03,2.614496779399098545e-04
1.721900000000182445e+03,2.595618938525909064e-04
1.722000000000182354e+03,2.576741076825942865e-04
1.722100000000182263e+03,2.618233553522896981e-04
1.722200000000182399e+03,2.659692370844490383e-04
1.722300000000182536e+03,2.701117541390812772e-04
1.722400000000182445e+03,2.742509077763472273e-04
1.722500000000182354e+03,2.783866992565809566e-04
1.722600000000182490e+03,2.825191298402693514e-04
1.722700000000182627e+03,2.866482007880313538e-04
1.722800000000182536e+03,2.907739133606390496e-04
1.722900000000182445e+03,2.948962688190334973e-04
1.723000000000182581e+03,2.990152684246286303e-04
1.723100000000182717e+03,3.033075616578612805e-04
1.723200000000182627e+03,3.075982523110234383e-04
1.723300000000182536e+03,3.118873732052935503e-04
1.723400000000182672e+03,3.161749242384521139e-04
1.723500000000182808e+03,3.204589302786694464e-04
1.723600000000182717e+03,3.247359922613857826e-04
1.723700000000182627e+03,3.290112913877751128e-04
1.723800000000182763e+03,3.332848276802446975e-04
1.723900000000182899e+03,3.375566011614352800e-04
1.724000000000182808e+03,3.418266118541332123e-04
1.724100000000182717e+03,3.460370412960642726e-04
1.724200000000182854e+03,3.502441017710819482e-04
1.724300000000182990e+03,3.544477948145905843e-04
1.724400000000182899e+03,3.586481219616094169e-04
1.724500000000182808e+03,3.628450847467945832e-04
1.724600000000182945e+03,3.670386847044191173e-04
1.724700000000183081e+03,3.712289233683514289e-04
1.724800000000182990e+03,3.754158022720788853e-04
1.724900000000182899e+03,3.795993229487223388e-04
1.725000000000183036e+03,3.837794869309601249e-04
1.725100000000183172e+03,3.879244498383820332e-04
1.725200000000183081e+03,3.920677590468336460e-04
1.725300000000182990e+03,3.962094146703557928e-04
1.725400000000183127e+03,4.003494168230928448e-04
1.725500000000183263e+03,4.044877656192705424e-04
1.725600000000183172e+03,4.086244611732182757e-04
1.725700000000183081e+03,4.127595035993875702e-04
1.725800000000183218e+03,4.168928930123308907e-04
1.725900000000183354e+03,4.210231342282694743e-04
1.726000000000183263e+03,4.251436198740635966e-04
1.726100000000183172e+03,4.290319276174864240e-04
1.726200000000183309e+03,4.329185019504795174e-04
1.726300000000183445e+03,4.368033431025216393e-04
1.726400000000183354e+03,4.406864513031661995e-04
1.726500000000183263e+03,4.445678267820555663e-04
1.726600000000183400e+03,4.484474697689049124e-04
1.726700000000183536e+03,4.523241675194379250e-04
1.726800000000183445e+03,4.561904649649300373e-04
1.726900000000183354e+03,4.600548860373827290e-04
1.727000000000183491e+03,4.639174086734554792e-04
1.727100000000183627e+03,4.672083870301845291e-04
1.727200000000183536e+03,4.704945996419380582e-04
1.727300000000183445e+03,4.737762327388279644e-04
1.727400000000183582e+03,4.770641176377622412e-04
1.727500000000183718e+03,4.803456631617794743e-04
1.727600000000183627e+03,4.836025411793614922e-04
1.727700000000183536e+03,4.868545342741850582e-04
1.727800000000183672e+03,4.901015842159688442e-04
1.727900000000183809e+03,4.933437165237729684e-04
1.728000000000183718e+03,4.965809768074534378e-04
1.728100000000183627e+03,4.995030241758533678e-04
1.728200000000183763e+03,5.024229247286040017e-04
1.728300000000183900e+03,5.053402031893594994e-04
1.728400000000183809e+03,5.082443523683263928e-04
1.728500000000183718e+03,5.111550492989153267e-04
1.728600000000183854e+03,5.140669747186992888e-04
1.728700000000183991e+03,5.169770353790968491e-04
1.728800000000183900e+03,5.198849648319977959e-04
1.728900000000183809e+03,5.227907639648978269e-04
1.729000000000183945e+03,5.256944336639656845e-04
1.729100000000184082e+03,5.280015120705311080e-04
1.729200000000183991e+03,5.303070457790372890e-04
1.729300000000183900e+03,5.326110352667931752e-04
1.729400000000184036e+03,5.349134810110917765e-04
1.729500000000184173e+03,5.372143834891963954e-04
1.729600000000184082e+03,5.395137431783540716e-04
1.729700000000183991e+03,5.418115605558027374e-04
1.729800000000184127e+03,5.441078360987613516e-04
1.729900000000184264e+03,5.464025702844228522e-04
1.730000000000184173e+03,5.486718912205479142e-04
1.730100000000184082e+03,5.500782693399522113e-04
1.730200000000184218e+03,5.514827028304870090e-04
1.730300000000184355e+03,5.528851933317357418e-04
1.730400000000184264e+03,5.542857424822123869e-04
1.730500000000184173e+03,5.556843519193697045e-04
1.730600000000184309e+03,5.570810232795946840e-04
1.730700000000184446e+03,5.584757581981974854e-04
1.730800000000184355e+03,5.598685583094280271e-04
1.730900000000184264e+03,5.612594252464732760e-04
1.731000000000184400e+03,5.626483606398569644e-04
1.731100000000184536e+03,5.631690203743734951e-04
1.731200000000184446e+03,5.636886565109523869e-04
1.731300000000184355e+03,5.642072700801383216e-04
1.731400000000184491e+03,5.647248621117040290e-04
1.731500000000184627e+03,5.652414336346392280e-04
1.731600000000184536e+03,5.657569856771630951e-04
1.731700000000184446e+03,5.662715192667210117e-04
1.731800000000184582e+03,5.667850354299871661e-04
1.731900000000184718e+03,5.672975351928583737e-04
1.732000000000184627e+03,5.678090195790682498e-04
1.732100000000184536e+03,5.675671316019533430e-04
1.732200000000184673e+03,5.673253069412052341e-04
1.732300000000184809e+03,5.670835455930852689e-04
1.732400000000184718e+03,5.668418475538527330e-04
1.732500000000184627e+03,5.666002128197599732e-04
1.732600000000184764e+03,5.663586413870546742e-04
1.732700000000184900e+03,5.661171332519861470e-04
1.732800000000184809e+03,5.658756884107925354e-04
1.732900000000184718e+03,5.656343068597135008e-04
1.733000000000184855e+03,5.653929885929691616e-04
1.733100000000184991e+03,5.640635779185620285e-04
1.733200000000184900e+03,5.627356953568434742e-04
1.733300000000184809e+03,5.614093446416604976e-04
1.733400000000184946e+03,5.600845772167591715e-04
1.733500000000185082e+03,5.587613917279149293e-04
1.733600000000184991e+03,5.574397868218161026e-04
1.733700000000184900e+03,5.561197611460518865e-04
1.733800000000185037e+03,5.548013133491201459e-04
1.733900000000185173e+03,5.534844420804313188e-04
1.734000000000185082e+03,5.521787701872305724e-04
1.734100000000184991e+03,5.499586978239530497e-04
1.734200000000185128e+03,5.477327379572704798e-04
1.734300000000185264e+03,5.455094996597908757e-04
1.734400000000185173e+03,5.432889808012850846e-04
1.734500000000185082e+03,5.410711792527523548e-04
1.734600000000185219e+03,5.388560928864351892e-04
1.734700000000185355e+03,5.366437195758191284e-04
1.734800000000185264e+03,5.344606117009341028e-04
1.734900000000185173e+03,5.322896234660694876e-04
1.735000000000185310e+03,5.301210470224444662e-04
1.735100000000185446e+03,5.270853286971121168e-04
1.735200000000185355e+03,5.240526488521145103e-04
1.735300000000185264e+03,5.210230060650473515e-04
1.735400000000185400e+03,5.179963989138007064e-04
1.735500000000185537e+03,5.149728259765760235e-04
1.735600000000185446e+03,5.119603496536828495e-04
1.735700000000185355e+03,5.089545027097518029e-04
1.735800000000185491e+03,5.059515474070646994e-04
1.735900000000185628e+03,5.029514825277052546e-04
1.736000000000185537e+03,4.999543068522163160e-04
1.736100000000185446e+03,4.960368874536686496e-04
1.736200000000185582e+03,4.921244739338367620e-04
1.736300000000185719e+03,4.882170627823257704e-04
1.736400000000185628e+03,4.843146504903934413e-04
1.736500000000185537e+03,4.804172335509371262e-04
1.736600000000185673e+03,4.765248084585060667e-04
1.736700000000185810e+03,4.726373717093228623e-04
1.736800000000185719e+03,4.687549198012629244e-04
1.736900000000185628e+03,4.648774492338362619e-04
1.737000000000185764e+03,4.610049565067478230e-04
1.737100000000185901e+03,4.563542847907069828e-04
1.737200000000185810e+03,4.517232183764464406e-04
1.737300000000185719e+03,4.471066220091490600e-04
1.737400000000185855e+03,4.424966006496652187e-04
1.737500000000185992e+03,4.378931492083332059e-04
1.737600000000185901e+03,4.332962625981145923e-04
1.737700000000185810e+03,4.287059357345701063e-04
1.737800000000185946e+03,4.241221635358811016e-04
1.737900000000186083e+03,4.195449409228674460e-04
1.738000000000185992e+03,4.149742628181175039e-04
1.738100000000185901e+03,4.099524079150094905e-04
1.738200000000186037e+03,4.049348702318251547e-04
1.738300000000186174e+03,3.999216497922656439e-04
1.738400000000186083e+03,3.949127466192571718e-04
1.738500000000185992e+03,3.899081607349309613e-04
1.738600000000186128e+03,3.849059700006141212e-04
1.738700000000186265e+03,3.799011450507382734e-04
1.738800000000186174e+03,3.749008715415460776e-04
1.738900000000186083e+03,3.699051491777487839e-04
1.739000000000186219e+03,3.649139776623048668e-04
1.739100000000186355e+03,3.593943976031433027e-04
1.739200000000186265e+03,3.538837782097210968e-04
1.739300000000186174e+03,3.483821118151060017e-04
1.739400000000186310e+03,3.428893907567615051e-04
1.739500000000186446e+03,3.374056073765707904e-04
1.739600000000186355e+03,3.319345142146212790e-04
1.739700000000186265e+03,3.264758940730379971e-04
1.739800000000186401e+03,3.210259421749999211e-04
1.739900000000186537e+03,3.155846514888855097e-04
1.740000000000186446e+03,3.101520149865149667e-04
1.740100000000186355e+03,3.046006778480399367e-04
1.740200000000186492e+03,2.990559983627820960e-04
1.740300000000186628e+03,2.935179744430747081e-04
1.740400000000186537e+03,2.879866040010256307e-04
1.740500000000186446e+03,2.824618849484888017e-04
1.740600000000186583e+03,2.769438151970925362e-04
1.740700000000186719e+03,2.714323926582623493e-04
1.740800000000186628e+03,2.659276152431985676e-04
1.740900000000186537e+03,2.604294808628491694e-04
1.741000000000186674e+03,2.549379874327461397e-04
1.741100000000186810e+03,2.520283320951166041e-04
1.741200000000186719e+03,2.491233242434016254e-04
1.741300000000186628e+03,2.462229603960410570e-04
1.741400000000186765e+03,2.433272370730864731e-04
1.741500000000186901e+03,2.404361507962119024e-04
1.741600000000186810e+03,2.375496980887029856e-04
1.741700000000186719e+03,2.346678754754399812e-04
1.741800000000186856e+03,2.317906794829120492e-04
1.741900000000186992e+03,2.289216373841827725e-04
1.742000000000186901e+03,2.260574282802168405e-04
1.742100000000186810e+03,2.295772592504867883e-04
1.742200000000186947e+03,2.330915461976784708e-04
1.742300000000187083e+03,2.366002920498378229e-04
1.742400000000186992e+03,2.401034997343529944e-04
1.742500000000186901e+03,2.436011721779683355e-04
1.742600000000187038e+03,2.470933123067681615e-04
1.742700000000187174e+03,2.505799230461614379e-04
1.742800000000187083e+03,2.540629985050257811e-04
1.742900000000186992e+03,2.575443987320459290e-04
1.743000000000187129e+03,2.610204348385160430e-04
1.743100000000187265e+03,2.645906776038120761e-04
1.743200000000187174e+03,2.681552697195946507e-04
1.743300000000187083e+03,2.717142137707462160e-04
1.743400000000187219e+03,2.752673880941732725e-04
1.743500000000187356e+03,2.788147766579642363e-04
1.743600000000187265e+03,2.823565181670522261e-04
1.743700000000187174e+03,2.858926152211886023e-04
1.743800000000187310e+03,2.894230704197993560e-04
1.743900000000187447e+03,2.929478863619697140e-04
1.744000000000187356e+03,2.964670656464395300e-04
1.744100000000187265e+03,2.999693991340974912e-04
1.744200000000187401e+03,3.034652601970653867e-04
1.744300000000187538e+03,3.069546532087202568e-04
1.744400000000187447e+03,3.104356908799568867e-04
1.744500000000187356e+03,3.139050579090033413e-04
1.744600000000187492e+03,3.173678139023042083e-04
1.744700000000187629e+03,3.208239636774425606e-04
1.744800000000187538e+03,3.242735120499533048e-04
1.744900000000187447e+03,3.277164638333400406e-04
1.745000000000187583e+03,3.311528238389870775e-04
1.745100000000187720e+03,3.345438088169813522e-04
1.745200000000187629e+03,3.379289698317370348e-04
1.745300000000187538e+03,3.413079920453484335e-04
1.745400000000187674e+03,3.446811817622841539e-04
1.745500000000187811e+03,3.480485491050680003e-04
1.745600000000187720e+03,3.514100967554357200e-04
1.745700000000187629e+03,3.547658273948327647e-04
1.745800000000187765e+03,3.581157437044004679e-04
1.745900000000187902e+03,3.614598483649595099e-04
1.746000000000187811e+03,3.647981440565845317e-04
1.746100000000187720e+03,3.678952359054051555e-04
1.746200000000187856e+03,3.709856764606665617e-04
1.746300000000187993e+03,3.740694712536862332e-04
1.746400000000187902e+03,3.771466749771485252e-04
1.746500000000187811e+03,3.802172589675527738e-04
1.746600000000187947e+03,3.832812147994451224e-04
1.746700000000188084e+03,3.863385479895293639e-04
1.746800000000187993e+03,3.893879086767947149e-04
1.746900000000187902e+03,3.924231524047853861e-04
1.747000000000188038e+03,3.954516534462109920e-04
1.747100000000188174e+03,3.982158865064729342e-04
1.747200000000188084e+03,4.009741187951485907e-04
1.747300000000187993e+03,4.037263549696457759e-04
1.747400000000188129e+03,4.064725996852210847e-04
1.747500000000188265e+03,4.092128575949638457e-04
1.747600000000188174e+03,4.119471333498115175e-04
1.747700000000188084e+03,4.146660076315762016e-04
1.747800000000188220e+03,4.173784990042519690e-04
1.747900000000188356e+03,4.200848954135065092e-04
1.748000000000188265e+03,4.227852019256051006e-04
1.748100000000188174e+03,4.250784245981065776e-04
1.748200000000188311e+03,4.273660239697879473e-04
1.748300000000188447e+03,4.296480053347063403e-04
1.748400000000188356e+03,4.319243739837013004e-04
1.748500000000188265e+03,4.341951352044065484e-04
1.748600000000188402e+03,4.364602942812426090e-04
1.748700000000188538e+03,4.387198564954048309e-04
1.748800000000188447e+03,4.409666995292559110e-04
1.748900000000188356e+03,4.432046704710459182e-04
1.749000000000188493e+03,4.454373724288978589e-04
1.749100000000188629e+03,4.472323146413439477e-04
1.749200000000188538e+03,4.490225438192853779e-04
1.749300000000188447e+03,4.507986781625316947e-04
1.749400000000188584e+03,4.525704167296845724e-04
1.749500000000188720e+03,4.543377631348019031e-04
1.749600000000188629e+03,4.561007209901833822e-04
1.749700000000188538e+03,4.578592939063762550e-04
1.749800000000188675e+03,4.596134854921692992e-04
1.749900000000188811e+03,4.613632993545851275e-04
1.750000000000188720e+03,4.631087390978704151e-04
1.750100000000188629e+03,4.643113714568303219e-04
1.750200000000188766e+03,4.655109230491112464e-04
1.750300000000188902e+03,4.667073959734397088e-04
1.750400000000188811e+03,4.679007923278682350e-04
1.750500000000188720e+03,4.690911142097774710e-04
1.750600000000188857e+03,4.702783637158724963e-04
1.750700000000188993e+03,4.714625429421777825e-04
1.750800000000188902e+03,4.726437132279498660e-04
1.750900000000188811e+03,4.738218409687353799e-04
1.751000000000188948e+03,4.749969051219591980e-04
1.751100000000189084e+03,4.754455870851220117e-04
1.751200000000188993e+03,4.758867237573803253e-04
1.751300000000188902e+03,4.763234995114956020e-04
1.751400000000189038e+03,4.767582991886420464e-04
1.751500000000189175e+03,4.771911251093814243e-04
1.751600000000189084e+03,4.776219795925185519e-04
1.751700000000188993e+03,4.780508649551054698e-04
1.751800000000189129e+03,4.784777835124405217e-04
1.751900000000189266e+03,4.789027375780664027e-04
1.752000000000189175e+03,4.793257294625862647e-04
1.752100000000189084e+03,4.791190968529557411e-04
1.752200000000189220e+03,4.789025728185808883e-04
1.752300000000189357e+03,4.786840044802016911e-04
1.752400000000189266e+03,4.784650819669483864e-04
1.752500000000189175e+03,4.782458056649332859e-04
1.752600000000189311e+03,4.780261759600825983e-04
1.752700000000189448e+03,4.778061932381364287e-04
1.752800000000189357e+03,4.775858578846502969e-04
1.752900000000189266e+03,4.773651702849919932e-04
1.753000000000189402e+03,4.771441308227592935e-04
1.753100000000189539e+03,4.760873519237285322e-04
1.753200000000189448e+03,4.750322028264402285e-04
1.753300000000189357e+03,4.739850001217954328e-04
1.753400000000189493e+03,4.729441697099385838e-04
1.753500000000189630e+03,4.719049154036079907e-04
1.753600000000189539e+03,4.708672356389363993e-04
1.753700000000189448e+03,4.698311288532154594e-04
1.753800000000189584e+03,4.687965934848976218e-04
1.753900000000189721e+03,4.677636279736077391e-04
1.754000000000189630e+03,4.667322307587735020e-04
1.754100000000189539e+03,4.649874574642506560e-04
1.754200000000189675e+03,4.632458544462966354e-04
1.754300000000189812e+03,4.615074187522768298e-04
1.754400000000189721e+03,4.597721562590018334e-04
1.754500000000189630e+03,4.580400811692864602e-04
1.754600000000189766e+03,4.563111642941383413e-04
1.754700000000189902e+03,4.545854026892045445e-04
1.754800000000189812e+03,4.528627934120231491e-04
1.754900000000189721e+03,4.511433335220099640e-04
1.755000000000189857e+03,4.494270200791929386e-04
1.755100000000189993e+03,4.470430336237633286e-04
1.755200000000189902e+03,4.446632140266941350e-04
1.755300000000189812e+03,4.422875586392415034e-04
1.755400000000189948e+03,4.399160648134548359e-04
1.755500000000190084e+03,4.375487299021836216e-04
1.755600000000189993e+03,4.351855512590670823e-04
1.755700000000189902e+03,4.328265262385247946e-04
1.755800000000190039e+03,4.304716521957652545e-04
1.755900000000190175e+03,4.281209264867999725e-04
1.756000000000190084e+03,4.257743464669697716e-04
1.756100000000189993e+03,4.226660250663796174e-04
1.756200000000190130e+03,4.195643266395911175e-04
1.756300000000190266e+03,4.164692444133459939e-04
1.756400000000190175e+03,4.133807716191382976e-04
1.756500000000190084e+03,4.103052942172069899e-04
1.756600000000190221e+03,4.072391499260429298e-04
1.756700000000190357e+03,4.041794565709704913e-04
1.756800000000190266e+03,4.011262078474147567e-04
1.756900000000190175e+03,3.980793974549209934e-04
1.757000000000190312e+03,3.950390190959566106e-04
1.757100000000190448e+03,3.913721463101515682e-04
1.757200000000190357e+03,3.877134101489727066e-04
1.757300000000190266e+03,3.840515036538581480e-04
1.757400000000190403e+03,3.803919777745447045e-04
1.757500000000190539e+03,3.767408910282479036e-04
1.757600000000190448e+03,3.730982336855166140e-04
1.757700000000190357e+03,3.694639960247849981e-04
1.757800000000190494e+03,3.658381683323794513e-04
1.757900000000190630e+03,3.622207409025338348e-04
1.758000000000190539e+03,3.586117040365616876e-04
1.758100000000190448e+03,3.545885308741020844e-04
1.758200000000190585e+03,3.505728935265952739e-04
1.758300000000190721e+03,3.465647874657860981e-04
1.758400000000190630e+03,3.425642081645077753e-04
1.758500000000190539e+03,3.385711510966636856e-04
1.758600000000190676e+03,3.345856117372443929e-04
1.758700000000190812e+03,3.306075855623478651e-04
1.758800000000190721e+03,3.266370680491601755e-04
1.758900000000190630e+03,3.226740546759378843e-04
1.759000000000190767e+03,3.187185409212849301e-04
1.759100000000190903e+03,3.143816367888257416e-04
1.759200000000190812e+03,3.100530050881245502e-04
1.759300000000190721e+03,3.057326405856971912e-04
1.759400000000190857e+03,3.014205380495715283e-04
1.759500000000190994e+03,2.971166922493065354e-04
1.759600000000190903e+03,2.928210979559739738e-04
1.759700000000190812e+03,2.885337499421372501e-04
1.759800000000190948e+03,2.842546429818702271e-04
1.759900000000191085e+03,2.799837718507805343e-04
1.760000000000190994e+03,2.757212668369036319e-04
1.760100000000190903e+03,2.711657765495545554e-04
1.760200000000191039e+03,2.666218196722566444e-04
1.760300000000191176e+03,2.620886547236952915e-04
1.760400000000191085e+03,2.575662691385894871e-04
1.760500000000190994e+03,2.530566840864787457e-04
1.760600000000191130e+03,2.485599430362260705e-04
1.760700000000191267e+03,2.440737935476902654e-04
1.760800000000191176e+03,2.395982236330632044e-04
1.760900000000191085e+03,2.351332213138670807e-04
1.761000000000191221e+03,2.306787746209103057e-04
1.761100000000191358e+03,2.262028117074480827e-04
1.761200000000191267e+03,2.217359101305662933e-04
1.761300000000191176e+03,2.172780627728545166e-04
1.761400000000191312e+03,2.128292625203217158e-04
1.761500000000191449e+03,2.083895022624131785e-04
1.761600000000191358e+03,2.039587748919901341e-04
1.761700000000191267e+03,1.995370733053083675e-04
1.761800000000191403e+03,1.951243904020362983e-04
1.761900000000191540e+03,1.907207190852746865e-04
1.762000000000191449e+03,1.863260522711111366e-04
1.762100000000191358e+03,1.869366988286277377e-04
1.762200000000191494e+03,1.875459643621941932e-04
1.762300000000191631e+03,1.881538495870106731e-04
1.762400000000191540e+03,1.887603552181798508e-04
1.762500000000191449e+03,1.893654819707073363e-04
1.762600000000191585e+03,1.899692305595007279e-04
1.762700000000191721e+03,1.905716016993662235e-04
1.762800000000191631e+03,1.911725961050107358e-04
1.762900000000191540e+03,1.917722144910455773e-04
1.763000000000191676e+03,1.923704575760893536e-04
1.763100000000191812e+03,1.951075679937633789e-04
1.763200000000191721e+03,1.978393165445768741e-04
1.763300000000191631e+03,2.005657063638666376e-04
1.763400000000191767e+03,2.032867405861696244e-04
1.763500000000191903e+03,2.060024223452118876e-04
1.763600000000191812e+03,2.087127547739189056e-04
1.763700000000191721e+03,2.114177410044297577e-04
1.763800000000191858e+03,2.141173841680833550e-04
1.763900000000191994e+03,2.168116873954077607e-04
1.764000000000191903e+03,2.195006538161665944e-04
1.764100000000191812e+03,2.222021220707020282e-04
1.764200000000191949e+03,2.248971778847284571e-04
1.764300000000192085e+03,2.275858278999536271e-04
1.764400000000191994e+03,2.302681762400490557e-04
1.764500000000191903e+03,2.329441705086574975e-04
1.764600000000192040e+03,2.356137819640648115e-04
1.764700000000192176e+03,2.382770172187288120e-04
1.764800000000192085e+03,2.409338828805785467e-04
1.764900000000191994e+03,2.435843855530293129e-04
1.765000000000192131e+03,2.462285318350231522e-04
1.765100000000192267e+03,2.488934963959513386e-04
1.765200000000192176e+03,2.515528579029230652e-04
1.765300000000192085e+03,2.542066209135172014e-04
1.765400000000192222e+03,2.568547899830298290e-04
1.765500000000192358e+03,2.594973696644618279e-04
1.765600000000192267e+03,2.621342375424019484e-04
1.765700000000192176e+03,2.647653987137957884e-04
1.765800000000192313e+03,2.673909791448760725e-04
1.765900000000192449e+03,2.700109833954434714e-04
1.766000000000192358e+03,2.726254160228562735e-04
1.766100000000192267e+03,2.751589562101479109e-04
1.766200000000192404e+03,2.776871301543926748e-04
1.766300000000192540e+03,2.802099424861240434e-04
1.766400000000192449e+03,2.827273978333392753e-04
1.766500000000192358e+03,2.852395008215117688e-04
1.766600000000192495e+03,2.877462560735822260e-04
1.766700000000192631e+03,2.902476682099458592e-04
1.766800000000192540e+03,2.927437418484672986e-04
1.766900000000192449e+03,2.952344816044902417e-04
1.767000000000192586e+03,2.977198920906462543e-04
1.767100000000192722e+03,3.001054472996338022e-04
1.767200000000192631e+03,3.024868744394500794e-04
1.767300000000192540e+03,3.048641755854299444e-04
1.767400000000192676e+03,3.072373528125967642e-04
1.767500000000192813e+03,3.096064081956513016e-04
1.767600000000192722e+03,3.119713438089819608e-04
1.767700000000192631e+03,3.143321617266760628e-04
1.767800000000192767e+03,3.166888640225092749e-04
1.767900000000192904e+03,3.190414527699348768e-04
1.768000000000192813e+03,3.213899300416573983e-04
1.768100000000192722e+03,3.235088236836655110e-04
1.768200000000192858e+03,3.256240065848885570e-04
1.768300000000192995e+03,3.277354808951428314e-04
1.768400000000192904e+03,3.298432487636818742e-04
1.768500000000192813e+03,3.319473123392063904e-04
1.768600000000192949e+03,3.340476737698573661e-04
1.768700000000193086e+03,3.361443352032030571e-04
1.768800000000192995e+03,3.382372987862504281e-04
1.768900000000192904e+03,3.403265666654555605e-04
1.769000000000193040e+03,3.424121340229358164e-04
1.769100000000193177e+03,3.441597855074497985e-04
1.769200000000193086e+03,3.459039366978029794e-04
1.769300000000192995e+03,3.476457493338686055e-04
1.769400000000193131e+03,3.493986615211023324e-04
1.769500000000193268e+03,3.511482391274921874e-04
1.769600000000193177e+03,3.528944846767817544e-04
1.769700000000193086e+03,3.546374006916148025e-04
1.769800000000193222e+03,3.563754409287264485e-04
1.769900000000193359e+03,3.581057095756241164e-04
1.770000000000193268e+03,3.598325984580295856e-04
1.770100000000193177e+03,3.612182199381296218e-04
1.770200000000193313e+03,3.626123984657987176e-04
1.770300000000193450e+03,3.640096643107118449e-04
1.770400000000193359e+03,3.654046377082010243e-04
1.770500000000193268e+03,3.667973198976421539e-04
1.770600000000193404e+03,3.681877121181520072e-04
1.770700000000193540e+03,3.695758156085867155e-04
1.770800000000193450e+03,3.709616316075462134e-04
1.770900000000193359e+03,3.723451613533808519e-04
1.771000000000193495e+03,3.737180140721347221e-04
1.771100000000193631e+03,3.747545272168902454e-04
1.771200000000193540e+03,3.757899311953679560e-04
1.771300000000193450e+03,3.768257101035738270e-04
1.771400000000193586e+03,3.778766089604003605e-04
1.771500000000193722e+03,3.789264953900970236e-04
1.771600000000193631e+03,3.799753691471917166e-04
1.771700000000193540e+03,3.810232299864250603e-04
1.771800000000193677e+03,3.820535851074338403e-04
1.771900000000193813e+03,3.830821161028177108e-04
1.772000000000193722e+03,3.841095403963369907e-04
1.772100000000193631e+03,3.845721403246720924e-04
1.772200000000193768e+03,3.850339498799536220e-04
1.772300000000193904e+03,3.854949694487324512e-04
1.772400000000193813e+03,3.859551994175067051e-04
1.772500000000193722e+03,3.864291919012473168e-04
1.772600000000193859e+03,3.868819444040197202e-04
1.772700000000193995e+03,3.873317887474654348e-04
1.772800000000193904e+03,3.877808245098798086e-04
1.772900000000193813e+03,3.882293141169181581e-04
1.773000000000193950e+03,3.886774108691165401e-04
1.773100000000194086e+03,3.885396667359858943e-04
1.773200000000193995e+03,3.884018478484900613e-04
1.773300000000193904e+03,3.882639543248270274e-04
1.773400000000194041e+03,3.881259862831274495e-04
1.773500000000194177e+03,3.879879438414596976e-04
1.773600000000194086e+03,3.878545808216052521e-04
1.773700000000193995e+03,3.877254668102642229e-04
1.773800000000194132e+03,3.875962717100117291e-04
1.773900000000194268e+03,3.874669956341152935e-04
1.774000000000194177e+03,3.873376386948461651e-04
1.774100000000194086e+03,3.867221728418416844e-04
1.774200000000194223e+03,3.861071596404115755e-04
1.774300000000194359e+03,3.854925989668003946e-04
1.774400000000194268e+03,3.848784906972262435e-04
1.774500000000194177e+03,3.842648347078799560e-04
1.774600000000194314e+03,3.836516308749265622e-04
1.774700000000194450e+03,3.830388790745101126e-04
1.774800000000194359e+03,3.824265791827491791e-04
1.774900000000194268e+03,3.818147310757331685e-04
1.775000000000194404e+03,3.812171475947322185e-04
1.775100000000194541e+03,3.800959827672747309e-04
1.775200000000194450e+03,3.789753743135355533e-04
1.775300000000194359e+03,3.778553223422514355e-04
1.775400000000194495e+03,3.767358269620501112e-04
1.775500000000194632e+03,3.756168882814542548e-04
1.775600000000194541e+03,3.744985064088769276e-04
1.775700000000194450e+03,3.733806814526168623e-04
1.775800000000194586e+03,3.722634135208634492e-04
1.775900000000194723e+03,3.711383442803545198e-04
1.776000000000194632e+03,3.700135612775186942e-04
1.776100000000194541e+03,3.681828610297566552e-04
1.776200000000194677e+03,3.663543356109517316e-04
1.776300000000194814e+03,3.645279834721367514e-04
1.776400000000194723e+03,3.627038030650123028e-04
1.776500000000194632e+03,3.608817928419338862e-04
1.776600000000194768e+03,3.590443073823839097e-04
1.776700000000194905e+03,3.572025659002119849e-04
1.776800000000194814e+03,3.553632361029279859e-04
1.776900000000194723e+03,3.535263159956101068e-04
1.777000000000194859e+03,3.516749679903000115e-04
1.777100000000194996e+03,3.494253417460697528e-04
1.777200000000194905e+03,3.471771967963390446e-04
1.777300000000194814e+03,3.449305328054895806e-04
1.777400000000194950e+03,3.426800330019173801e-04
1.777500000000195087e+03,3.404286888029213172e-04
1.777600000000194996e+03,3.381789252992520550e-04
1.777700000000194905e+03,3.359307420616457099e-04
1.777800000000195041e+03,3.336841386607614199e-04
1.777900000000195178e+03,3.314391146671986921e-04
1.778000000000195087e+03,3.291956696505238429e-04
1.778100000000194996e+03,3.264624313610163704e-04
1.778200000000195132e+03,3.237310964852971903e-04
1.778300000000195269e+03,3.210016643855416571e-04
1.778400000000195178e+03,3.182741344239632350e-04
1.778500000000195087e+03,3.155485059628031436e-04
1.778600000000195223e+03,3.128247783643407667e-04
1.778700000000195359e+03,3.101029509909072586e-04
1.778800000000195269e+03,3.073830232048713413e-04
1.778900000000195178e+03,3.046649943686320400e-04
1.779000000000195314e+03,3.019613489198608907e-04
1.779100000000195450e+03,2.988100084549457215e-04
1.779200000000195359e+03,2.956629767926984595e-04
1.779300000000195269e+03,2.925305414734762923e-04
1.779400000000195405e+03,2.894004344717738121e-04
1.779500000000195541e+03,2.862726547824568919e-04
1.779600000000195450e+03,2.831472014006536191e-04
1.779700000000195359e+03,2.800240733217399295e-04
1.779800000000195496e+03,2.769175729247483385e-04
1.779900000000195632e+03,2.738236424049777617e-04
1.780000000000195541e+03,2.707314739885415792e-04
1.780100000000195450e+03,2.673129680425599761e-04
1.780200000000195587e+03,2.638966801500105945e-04
1.780300000000195723e+03,2.604826095614841647e-04
1.780400000000195632e+03,2.570758101142149696e-04
1.780500000000195541e+03,2.536720314785151950e-04
1.780600000000195678e+03,2.502733220243867239e-04
1.780700000000195814e+03,2.468791822384378606e-04
1.780800000000195723e+03,2.434869435376581129e-04
1.780900000000195632e+03,2.400966054818870943e-04
1.781000000000195769e+03,2.367081676306167148e-04
1.781100000000195905e+03,2.331630967101385311e-04
1.781200000000195814e+03,2.296187605222402728e-04
1.781300000000195723e+03,2.260751592586877868e-04
1.781400000000195860e+03,2.225322931112008143e-04
1.781500000000195996e+03,2.189901622714678987e-04
1.781600000000195905e+03,2.154487669311322634e-04
1.781700000000195814e+03,2.119081072817755225e-04
1.781800000000195951e+03,2.083681835149310698e-04
1.781900000000196087e+03,2.048289958221042727e-04
1.782000000000195996e+03,2.012905443947794379e-04
1.782100000000195905e+03,1.977644552630732110e-04
1.782200000000196042e+03,1.942322123855588941e-04
1.782300000000196178e+03,1.906932874154325169e-04
1.782400000000196087e+03,1.871525275242279403e-04
1.782500000000195996e+03,1.836099327692445444e-04
1.782600000000196133e+03,1.800631417813982000e-04
1.782700000000196269e+03,1.765086828806407314e-04
1.782800000000196178e+03,1.729527214926068496e-04
1.782900000000196087e+03,1.693952578791589722e-04
1.783000000000196223e+03,1.658362923098353700e-04
1.783100000000196360e+03,1.659747054828935870e-04
1.783200000000196269e+03,1.661131063391326900e-04
1.783300000000196178e+03,1.662514397861407909e-04
1.783400000000196314e+03,1.663897058240933137e-04
1.783500000000196451e+03,1.665279044531750878e-04
1.783600000000196360e+03,1.666660356735814050e-04
1.783700000000196269e+03,1.668040950939944980e-04
1.783800000000196405e+03,1.669357273983774256e-04
1.783900000000196542e+03,1.670696200030557003e-04
1.784000000000196451e+03,1.672034388099703393e-04
1.784100000000196360e+03,1.696932267421484976e-04
1.784200000000196496e+03,1.721826778803757735e-04
1.784300000000196633e+03,1.746717918684593087e-04
1.784400000000196542e+03,1.771605683503528017e-04
1.784500000000196451e+03,1.796490069701669708e-04
1.784600000000196587e+03,1.821371073721584407e-04
1.784700000000196724e+03,1.846248692007185753e-04
1.784800000000196633e+03,1.871123509297155916e-04
1.784900000000196542e+03,1.895931367733974299e-04
1.785000000000196678e+03,1.920709100416539549e-04
1.785100000000196815e+03,1.945761544147661724e-04
1.785200000000196724e+03,1.970801204423244389e-04
1.785300000000196633e+03,1.995828080200331674e-04
1.785400000000196769e+03,2.020855939724671183e-04
1.785500000000196906e+03,2.045903532720130607e-04
1.785600000000196815e+03,2.070939463953922746e-04
1.785700000000196724e+03,2.095963731515537276e-04
1.785800000000196860e+03,2.120976333500060795e-04
1.785900000000196997e+03,2.145977268008066778e-04
1.786000000000196906e+03,2.170944242397970791e-04
1.786100000000196815e+03,2.196543736166286641e-04
1.786200000000196951e+03,2.222131915816158822e-04
1.786300000000197088e+03,2.247684373454510057e-04
1.786400000000196997e+03,2.273237556911420463e-04
1.786500000000196906e+03,2.298791458918019478e-04
1.786600000000197042e+03,2.324346072208090122e-04
1.786700000000197178e+03,2.349901389517956244e-04
1.786800000000197088e+03,2.375457403586573593e-04
1.786900000000196997e+03,2.401014107155684046e-04
1.787000000000197133e+03,2.426559184334933067e-04
1.787100000000197269e+03,2.451521284842444028e-04
1.787200000000197178e+03,2.476531669383535170e-04
1.787300000000197088e+03,2.501542727619752689e-04
1.787400000000197224e+03,2.526554450844235400e-04
1.787500000000197360e+03,2.551566830354521807e-04
1.787600000000197269e+03,2.576579857452641182e-04
1.787700000000197178e+03,2.601593523445243665e-04
1.787800000000197315e+03,2.626596780974679813e-04
1.787900000000197451e+03,2.651551840821527242e-04
1.788000000000197360e+03,2.676506387896525493e-04
1.788100000000197269e+03,2.700209214214261311e-04
1.788200000000197406e+03,2.723910199538705072e-04
1.788300000000197542e+03,2.747665736267975020e-04
1.788400000000197451e+03,2.771428195619310398e-04
1.788500000000197360e+03,2.795151601057741073e-04
1.788600000000197497e+03,2.818865060566432229e-04
1.788700000000197633e+03,2.842576942686360700e-04
1.788800000000197542e+03,2.866287237330862451e-04
1.788900000000197451e+03,2.889995934421845693e-04
1.789000000000197588e+03,2.913703023886592483e-04
1.789100000000197724e+03,2.935849907846975579e-04
1.789200000000197633e+03,2.957999403487916366e-04
1.789300000000197542e+03,2.980151499726041583e-04
1.789400000000197679e+03,3.002306185484569919e-04
1.789500000000197815e+03,3.024463449693202510e-04
1.789600000000197724e+03,3.046623013031091762e-04
1.789700000000197633e+03,3.068779555753035058e-04
1.789800000000197770e+03,3.090938559362341382e-04
1.789900000000197906e+03,3.113100012800942753e-04
1.790000000000197815e+03,3.135263905011595183e-04
1.790100000000197724e+03,3.154482940780112027e-04
1.790200000000197861e+03,3.173698604306312209e-04
1.790300000000197997e+03,3.192910884072337665e-04
1.790400000000197906e+03,3.212119768575178477e-04
1.790500000000197815e+03,3.231301207164425705e-04
1.790600000000197952e+03,3.250427240173501381e-04
1.790700000000198088e+03,3.269548948327784732e-04
1.790800000000197997e+03,3.288666320445559938e-04
1.790900000000197906e+03,3.307779345361064132e-04
1.791000000000198042e+03,3.326890422563236020e-04
1.791100000000198179e+03,3.343690970566238563e-04
1.791200000000198088e+03,3.360496202745781136e-04
1.791300000000197997e+03,3.377306108758751737e-04
1.791400000000198133e+03,3.394120678267169896e-04
1.791500000000198270e+03,3.410938117696572401e-04
1.791600000000198179e+03,3.427798399915606077e-04
1.791700000000198088e+03,3.444600981798568687e-04
1.791800000000198224e+03,3.461407929760426205e-04
1.791900000000198361e+03,3.478219233366390832e-04
1.792000000000198270e+03,3.495034882178198817e-04
1.792100000000198179e+03,3.507346059232665375e-04
1.792200000000198315e+03,3.519655180891589582e-04
1.792300000000198452e+03,3.531962237658169221e-04
1.792400000000198361e+03,3.544267220048795733e-04
1.792500000000198270e+03,3.556570118593169140e-04
1.792600000000198406e+03,3.568870923834169566e-04
1.792700000000198543e+03,3.581169626327823630e-04
1.792800000000198452e+03,3.593466216643332635e-04
1.792900000000198361e+03,3.605760685363126232e-04
1.793000000000198497e+03,3.618053023076684641e-04
1.793100000000198634e+03,3.627271361385722291e-04
1.793200000000198543e+03,3.636493946219590935e-04
1.793300000000198452e+03,3.645720230608431845e-04
1.793400000000198588e+03,3.654940852175740532e-04
1.793500000000198725e+03,3.664089998057169285e-04
1.793600000000198634e+03,3.673236018787703135e-04
1.793700000000198543e+03,3.682385793274155824e-04
1.793800000000198679e+03,3.691539315958830580e-04
1.793900000000198816e+03,3.700655290756745897e-04
1.794000000000198725e+03,3.709729543746664924e-04
1.794100000000198634e+03,3.712687902599155136e-04
1.794200000000198770e+03,3.715644479548849458e-04
1.794300000000198906e+03,3.718599272763147522e-04
1.794400000000198816e+03,3.721552280413712582e-04
1.794500000000198725e+03,3.724503500676473689e-04
1.794600000000198861e+03,3.727454918412043301e-04
1.794700000000198997e+03,3.730405025950150780e-04
1.794800000000198906e+03,3.733353344557481198e-04
1.794900000000198816e+03,3.736299872423379524e-04
1.795000000000198952e+03,3.739244607733671405e-04
1.795100000000199088e+03,3.738279061219915373e-04
1.795200000000198997e+03,3.737323161720145057e-04
1.795300000000198906e+03,3.736374558201199444e-04
1.795400000000199043e+03,3.735423748008296230e-04
1.795500000000199179e+03,3.734470733324082923e-04
1.795600000000199088e+03,3.733515516330282750e-04
1.795700000000198997e+03,3.732558099207690318e-04
1.795800000000199134e+03,3.731598484136159147e-04
1.795900000000199270e+03,3.730636673294654795e-04
1.796000000000199179e+03,3.729672668850418800e-04
1.796100000000199088e+03,3.723301313658815867e-04
1.796200000000199225e+03,3.717004295247598711e-04
1.796300000000199361e+03,3.710708884507914890e-04
1.796400000000199270e+03,3.704407875143141604e-04
1.796500000000199179e+03,3.698101274505701560e-04
1.796600000000199316e+03,3.691789089944537720e-04
1.796700000000199452e+03,3.685534607846844223e-04
1.796800000000199361e+03,3.679294064581492226e-04
1.796900000000199270e+03,3.673047675370483419e-04
1.797000000000199407e+03,3.666795447155309453e-04
1.797100000000199543e+03,3.654661121357384124e-04
1.797200000000199452e+03,3.642520030747527682e-04
1.797300000000199361e+03,3.630426221538035170e-04
1.797400000000199498e+03,3.618356037112186786e-04
1.797500000000199634e+03,3.606337350687391819e-04
1.797600000000199543e+03,3.594333395078497706e-04
1.797700000000199452e+03,3.582321642612621934e-04
1.797800000000199589e+03,3.570302107975730703e-04
1.797900000000199725e+03,3.558274805843855129e-04
1.798000000000199634e+03,3.546239750874208914e-04
1.798100000000199543e+03,3.529792498793215085e-04
1.798200000000199680e+03,3.513326067186304039e-04
1.798300000000199816e+03,3.496786517716962608e-04
1.798400000000199725e+03,3.480203618364711505e-04
1.798500000000199634e+03,3.463602320717016833e-04
1.798600000000199771e+03,3.446982637020176861e-04
1.798700000000199907e+03,3.430344579521266688e-04
1.798800000000199816e+03,3.413688160467998381e-04
1.798900000000199725e+03,3.397013392108693330e-04
1.799000000000199861e+03,3.380320286681666822e-04
1.799100000000199998e+03,3.358229362892574399e-04
1.799200000000199907e+03,3.336094275168331974e-04
1.799300000000199816e+03,3.313941980233383331e-04
1.799400000000199952e+03,3.291772503084432937e-04
1.799500000000200089e+03,3.269585868705014915e-04
1.799600000000199998e+03,3.247382102065417687e-04
1.799700000000199907e+03,3.225161228122559840e-04
1.799800000000200043e+03,3.202923271820127811e-04
1.799900000000200180e+03,3.180537638999715979e-04
1.800000000000200089e+03,3.158053082685253468e-04
1.800100000000199998e+03,3.130515551609094936e-04
1.800200000000200134e+03,3.102973053055592227e-04
1.800300000000200271e+03,3.075425629939069778e-04
1.800400000000200180e+03,3.047873325114265359e-04
1.800500000000200089e+03,3.020316181376262853e-04
1.800600000000200225e+03,2.992754241460680907e-04
1.800700000000200362e+03,2.965263590216721734e-04
1.800800000000200271e+03,2.937823855107452617e-04
1.800900000000200180e+03,2.910376976108072951e-04
1.801000000000200316e+03,2.882922994808287506e-04
1.801100000000200453e+03,2.852835411679405914e-04
1.801200000000200362e+03,2.822720114730455738e-04
1.801300000000200271e+03,2.792577113138226623e-04
1.801400000000200407e+03,2.762406379672539738e-04
1.801500000000200544e+03,2.732207944678242267e-04
1.801600000000200453e+03,2.701981838490092355e-04
1.801700000000200362e+03,2.671728091432617070e-04
1.801800000000200498e+03,2.641446733820247933e-04
1.801900000000200635e+03,2.611137795957465114e-04
1.802000000000200544e+03,2.580801308132989365e-04
1.802100000000200453e+03,2.547610386745309671e-04
1.802200000000200589e+03,2.514396400289255315e-04
1.802300000000200725e+03,2.481159390736480314e-04
1.802400000000200635e+03,2.447899400029706208e-04
1.802500000000200544e+03,2.414616470082584095e-04
1.802600000000200680e+03,2.381310642779858617e-04
1.802700000000200816e+03,2.347981959977530589e-04
1.802800000000200725e+03,2.314630463502726897e-04
1.802900000000200635e+03,2.281243687151414943e-04
1.803000000000200771e+03,2.247795324717218090e-04
1.803100000000200907e+03,2.212927769167375900e-04
1.803200000000200816e+03,2.178011374626008154e-04
1.803300000000200725e+03,2.143073875023218222e-04
1.803400000000200862e+03,2.108115317362699900e-04
1.803500000000200998e+03,2.073135748610266046e-04
1.803600000000200907e+03,2.038135215693704652e-04
1.803700000000200816e+03,2.003113765502634097e-04
1.803800000000200953e+03,1.968071444888698583e-04
1.803900000000201089e+03,1.932990231183912824e-04
1.804000000000200998e+03,1.897863865438988065e-04
1.804100000000200907e+03,1.864486661423475828e-04
1.804200000000201044e+03,1.831092595911196891e-04
1.804300000000201180e+03,1.797681716642094763e-04
1.804400000000201089e+03,1.764254071310717949e-04
1.804500000000200998e+03,1.730809707566096354e-04
1.804600000000201135e+03,1.697348673011931015e-04
1.804700000000201271e+03,1.663856905838379311e-04
1.804800000000201180e+03,1.630326206146983520e-04
1.804900000000201089e+03,1.596780487970144552e-04
1.805000000000201226e+03,1.563219800030276588e-04
1.805100000000201362e+03,1.588091448968837881e-04
1.805200000000201271e+03,1.612952779422381470e-04
1.805300000000201180e+03,1.637815957420257480e-04
1.805400000000201317e+03,1.662693040534809097e-04
1.805500000000201453e+03,1.687583997622477453e-04
1.805600000000201362e+03,1.712488797563153616e-04
1.805700000000201271e+03,1.737407409260286200e-04
1.805800000000201408e+03,1.762339801640749090e-04
1.805900000000201544e+03,1.787285943654713237e-04
1.806000000000201453e+03,1.812245804277356175e-04
1.806100000000201362e+03,1.838005132565694564e-04
1.806200000000201499e+03,1.863777834385264224e-04
1.806300000000201635e+03,1.889576619660947462e-04
1.806400000000201544e+03,1.915419340807705643e-04
1.806500000000201453e+03,1.941276505127184464e-04
1.806600000000201590e+03,1.967148081025877628e-04
1.806700000000201726e+03,1.993034036933653700e-04
1.806800000000201635e+03,2.018934341303888370e-04
1.806900000000201544e+03,2.044848962613543064e-04
1.807000000000201680e+03,2.070777869363227015e-04
1.807100000000201817e+03,2.096856904874841747e-04
1.807200000000201726e+03,2.123072924657940267e-04
1.807300000000201635e+03,2.149300747376815964e-04
1.807400000000201771e+03,2.175528738032425245e-04
1.807500000000201908e+03,2.201676868357077825e-04
1.807600000000201817e+03,2.227834240560597689e-04
1.807700000000201726e+03,2.254000819399016448e-04
1.807800000000201862e+03,2.280176569664581860e-04
1.807900000000201999e+03,2.306349914640133344e-04
1.808000000000201908e+03,2.332491160282946271e-04
1.808100000000201817e+03,2.358606142194229443e-04
1.808200000000201953e+03,2.384733623501362565e-04
1.808300000000202090e+03,2.410871516902062580e-04
1.808400000000201999e+03,2.437019788737733287e-04
1.808500000000201908e+03,2.463178405381414421e-04
1.808600000000202044e+03,2.489395921128201425e-04
1.808700000000202181e+03,2.515624141285495289e-04
1.808800000000202090e+03,2.541816792966953621e-04
1.808900000000201999e+03,2.568019703643000581e-04
1.809000000000202135e+03,2.594232839957561648e-04
1.809100000000202272e+03,2.619884927938034304e-04
1.809200000000202181e+03,2.645549905722135715e-04
1.809300000000202090e+03,2.671227743689881572e-04
1.809400000000202226e+03,2.696918412243250250e-04
1.809500000000202363e+03,2.722604107329445349e-04
1.809600000000202272e+03,2.748196178793799161e-04
1.809700000000202181e+03,2.773798670377570900e-04
1.809800000000202317e+03,2.799411550850193389e-04
1.809900000000202454e+03,2.825034789008239199e-04
1.810000000000202363e+03,2.850673059484673121e-04
1.810100000000202272e+03,2.875558375569186708e-04
1.810200000000202408e+03,2.900463477372987754e-04
1.810300000000202544e+03,2.925395348736491413e-04
1.810400000000202454e+03,2.950406596861564982e-04
1.810500000000202363e+03,2.975438700802594079e-04
1.810600000000202499e+03,3.000491641463878204e-04
1.810700000000202635e+03,3.025565399750112594e-04
1.810800000000202544e+03,3.050659956566526996e-04
1.810900000000202454e+03,3.075775292818997341e-04
1.811000000000202590e+03,3.100911389407319356e-04
1.811100000000202726e+03,3.122791310121547344e-04
1.811200000000202635e+03,3.144671750438208786e-04
1.811300000000202544e+03,3.166552682291007650e-04
1.811400000000202681e+03,3.188434077652860243e-04
1.811500000000202817e+03,3.210315908535797094e-04
1.811600000000202726e+03,3.232198146991003608e-04
1.811700000000202635e+03,3.254080765108879154e-04
1.811800000000202772e+03,3.275962220893090596e-04
1.811900000000202908e+03,3.297830978026846760e-04
1.812000000000202817e+03,3.319845378520068133e-04
1.812100000000202726e+03,3.340160520551885238e-04
1.812200000000202863e+03,3.360488521783771589e-04
1.812300000000202999e+03,3.380829365548214545e-04
1.812400000000202908e+03,3.401183035183168559e-04
1.812500000000202817e+03,3.421549514032179310e-04
1.812600000000202954e+03,3.441928785444253605e-04
1.812700000000203090e+03,3.462320832773779149e-04
1.812800000000202999e+03,3.482725639380644883e-04
1.812900000000202908e+03,3.503143188630304422e-04
1.813000000000203045e+03,3.523573463886574774e-04
1.813100000000203181e+03,3.540568959317252928e-04
1.813200000000203090e+03,3.557597421439146618e-04
1.813300000000202999e+03,3.574635072886306743e-04
1.813400000000203136e+03,3.591681899882981930e-04
1.813500000000203272e+03,3.608737888659107446e-04
1.813600000000203181e+03,3.625880933845912436e-04
1.813700000000203090e+03,3.643037816114542819e-04
1.813800000000203227e+03,3.660204592945583276e-04
1.813900000000203363e+03,3.677381251243513048e-04
1.814000000000203272e+03,3.694569023676941787e-04
1.814100000000203181e+03,3.707344189820451896e-04
1.814200000000203318e+03,3.720123056822222259e-04
1.814300000000203454e+03,3.732905613365502390e-04
1.814400000000203363e+03,3.745691848141808841e-04
1.814500000000203272e+03,3.758481749851004896e-04
1.814600000000203408e+03,3.771275307201227387e-04
1.814700000000203545e+03,3.784072508908810795e-04
1.814800000000203454e+03,3.796873343698360984e-04
1.814900000000203363e+03,3.809677800302803982e-04
1.815000000000203499e+03,3.822485867455047387e-04
1.815100000000203636e+03,3.831225735243492234e-04
1.815200000000203545e+03,3.840120841425212744e-04
1.815300000000203454e+03,3.849055727322137619e-04
1.815400000000203590e+03,3.858071834378184843e-04
1.815500000000203727e+03,3.867092743628389802e-04
1.815600000000203636e+03,3.876118450351488968e-04
1.815700000000203545e+03,3.885148949826847109e-04
1.815800000000203681e+03,3.894184237334405245e-04
1.815900000000203818e+03,3.903224308154631863e-04
1.816000000000203727e+03,3.912342986887137517e-04
1.816100000000203636e+03,3.916192583275457210e-04
1.816200000000203772e+03,3.920042872327450176e-04
1.816300000000203909e+03,3.923893852359909345e-04
1.816400000000203818e+03,3.927735136981775981e-04
1.816500000000203727e+03,3.931361010082809883e-04
1.816600000000203863e+03,3.934963384992454130e-04
1.816700000000204000e+03,3.938565961472699408e-04
1.816800000000203909e+03,3.942381580518478567e-04
1.816900000000203818e+03,3.946251904966806691e-04
1.817000000000203954e+03,3.950122913542910945e-04
1.817100000000204091e+03,3.949088438462193757e-04
1.817200000000204000e+03,3.948051333650901018e-04
1.817300000000203909e+03,3.947011600158358826e-04
1.817400000000204045e+03,3.945969239034266248e-04
1.817500000000204182e+03,3.944924251328702359e-04
1.817600000000204091e+03,3.944204944198253203e-04
1.817700000000204000e+03,3.943709966538455603e-04
1.817800000000204136e+03,3.943212155523858307e-04
1.817900000000204273e+03,3.942711511043777827e-04
1.818000000000204182e+03,3.942208032974187939e-04
1.818100000000204091e+03,3.934871127342098071e-04
1.818200000000204227e+03,3.927530188287228405e-04
1.818300000000204363e+03,3.920185222221070831e-04
1.818400000000204273e+03,3.912454907761653928e-04
1.818500000000204182e+03,3.904574267615327208e-04
1.818600000000204318e+03,3.896691705795786594e-04
1.818700000000204454e+03,3.888778869442631350e-04
1.818800000000204363e+03,3.880801474594914604e-04
1.818900000000204273e+03,3.872822554944411111e-04
1.819000000000204409e+03,3.864842118035608908e-04
1.819100000000204545e+03,3.852117358399682716e-04
1.819200000000204454e+03,3.839209393156593222e-04
1.819300000000204363e+03,3.826220001656965007e-04
1.819400000000204500e+03,3.813225502437201818e-04
1.819500000000204636e+03,3.800220521944014580e-04
1.819600000000204545e+03,3.787152555560529448e-04
1.819700000000204454e+03,3.774079944075515959e-04
1.819800000000204591e+03,3.761000008947248670e-04
1.819900000000204727e+03,3.747830201794146777e-04
1.820000000000204636e+03,3.734656394322980887e-04
1.820100000000204545e+03,3.716690074184099434e-04
1.820200000000204682e+03,3.698713223233943441e-04
1.820300000000204818e+03,3.680725850473462847e-04
1.820400000000204727e+03,3.662727964903955626e-04
1.820500000000204636e+03,3.644719575527043923e-04
1.820600000000204773e+03,3.626700691344677315e-04
1.820700000000204909e+03,3.608671321359260744e-04
1.820800000000204818e+03,3.590631474573563442e-04
1.820900000000204727e+03,3.572581159990626779e-04
1.821000000000204864e+03,3.554395255403379559e-04
1.821100000000205000e+03,3.529964631017995362e-04
1.821200000000204909e+03,3.505539664462132350e-04
1.821300000000204818e+03,3.481120369081013347e-04
1.821400000000204955e+03,3.456706758200571048e-04
1.821500000000205091e+03,3.432298845127554820e-04
1.821600000000205000e+03,3.408027201131645948e-04
1.821700000000204909e+03,3.383858855402368084e-04
1.821800000000205046e+03,3.359692965475105414e-04
1.821900000000205182e+03,3.335529545303312759e-04
1.822000000000205091e+03,3.311368608816519306e-04
1.822100000000205000e+03,3.283064227442266119e-04
1.822200000000205137e+03,3.254718331245690902e-04
1.822300000000205273e+03,3.226372136436873438e-04
1.822400000000205182e+03,3.198025657217375747e-04
1.822500000000205091e+03,3.169678907777604489e-04
1.822600000000205227e+03,3.141331902296913428e-04
1.822700000000205364e+03,3.112984654943788286e-04
1.822800000000205273e+03,3.084637179875685193e-04
1.822900000000205182e+03,3.056289491238923356e-04
1.823000000000205318e+03,3.027941603160756831e-04
1.823100000000205455e+03,2.995680972417759944e-04
1.823200000000205364e+03,2.963427011103868724e-04
1.823300000000205273e+03,2.931179731935699127e-04
1.823400000000205409e+03,2.898939147614998358e-04
1.823500000000205546e+03,2.866705270828810216e-04
1.823600000000205455e+03,2.834478114249334687e-04
1.823700000000205364e+03,2.802257690533799467e-04
1.823800000000205500e+03,2.770045446700279581e-04
1.823900000000205637e+03,2.737841363271011986e-04
1.824000000000205546e+03,2.705643983480943040e-04
1.824100000000205455e+03,2.671270543268424282e-04
1.824200000000205591e+03,2.636893227181006175e-04
1.824300000000205728e+03,2.602512047932949244e-04
1.824400000000205637e+03,2.568127018234260691e-04
1.824500000000205546e+03,2.533738150790558865e-04
1.824600000000205682e+03,2.499345458303209332e-04
1.824700000000205819e+03,2.464948953469495640e-04
1.824800000000205728e+03,2.430548648982454242e-04
1.824900000000205637e+03,2.396144557530719733e-04
1.825000000000205773e+03,2.361736691795142135e-04
1.825100000000205910e+03,2.325606213861653240e-04
1.825200000000205819e+03,2.289478590133746893e-04
1.825300000000205728e+03,2.253353831394208347e-04
1.825400000000205864e+03,2.217231948419301653e-04
1.825500000000206001e+03,2.181145169441359546e-04
1.825600000000205910e+03,2.145078921196556126e-04
1.825700000000205819e+03,2.109013887608526578e-04
1.825800000000205955e+03,2.072950079474218004e-04
1.825900000000206091e+03,2.036887507585255974e-04
1.826000000000206001e+03,2.000826182726061532e-04
1.826100000000205910e+03,1.963948384787484727e-04
1.826200000000206046e+03,1.927093831251429671e-04
1.826300000000206182e+03,1.890262521063687290e-04
1.826400000000206091e+03,1.853454453159381857e-04
1.826500000000206001e+03,1.816669626462794540e-04
1.826600000000206137e+03,1.779937189128379127e-04
1.826700000000206273e+03,1.743280200460889363e-04
1.826800000000206182e+03,1.706643056801813399e-04
1.826900000000206091e+03,1.670025703426844283e-04
1.827000000000206228e+03,1.633428142276900142e-04
1.827100000000206364e+03,1.652150841459573694e-04
1.827200000000206273e+03,1.670866285771856283e-04
1.827300000000206182e+03,1.689574473618543366e-04
1.827400000000206319e+03,1.708275403407369126e-04
1.827500000000206455e+03,1.726969073548897244e-04
1.827600000000206364e+03,1.745655482456612783e-04
1.827700000000206273e+03,1.764334628547008926e-04
1.827800000000206410e+03,1.783006510239498613e-04
1.827900000000206546e+03,1.801671125956319129e-04
1.828000000000206455e+03,1.820317908128301027e-04
1.828100000000206364e+03,1.845273493076381025e-04
1.828200000000206501e+03,1.870225237319837384e-04
1.828300000000206637e+03,1.895173137080205473e-04
1.828400000000206546e+03,1.920117188580447746e-04
1.828500000000206455e+03,1.945057388045094411e-04
1.828600000000206592e+03,1.969993731700113600e-04
1.828700000000206728e+03,1.994926215772804844e-04
1.828800000000206637e+03,2.019864802672725933e-04
1.828900000000206546e+03,2.044873673011555234e-04
1.829000000000206683e+03,2.069891035218620148e-04
1.829100000000206819e+03,2.095295908583974119e-04
1.829200000000206728e+03,2.120698004580570748e-04
1.829300000000206637e+03,2.146097319798842757e-04
1.829400000000206774e+03,2.171493850829761985e-04
1.829500000000206910e+03,2.196887594264725280e-04
1.829600000000206819e+03,2.222269516769593070e-04
1.829700000000206728e+03,2.247606850825306722e-04
1.829800000000206865e+03,2.272940242154739823e-04
1.829900000000207001e+03,2.298269687566976418e-04
1.830000000000206910e+03,2.323595183870345946e-04
1.830100000000206819e+03,2.348141462833206264e-04
1.830200000000206956e+03,2.372668435104436778e-04
1.830300000000207092e+03,2.397176108917193130e-04
1.830400000000207001e+03,2.421656760514825327e-04
1.830500000000206910e+03,2.446070580672226723e-04
1.830600000000207046e+03,2.470464023575316844e-04
1.830700000000207183e+03,2.494837098754616321e-04
1.830800000000207092e+03,2.519189815738167031e-04
1.830900000000207001e+03,2.543522184051627772e-04
1.831000000000207137e+03,2.567834213217283306e-04
1.831100000000207274e+03,2.591651929340105676e-04
1.831200000000207183e+03,2.615327399909935326e-04
1.831300000000207092e+03,2.639142865602614896e-04
1.831400000000207228e+03,2.662940911949675206e-04
1.831500000000207365e+03,2.686721546152765470e-04
1.831600000000207274e+03,2.710484775411593100e-04
1.831700000000207183e+03,2.734230606924008267e-04
1.831800000000207319e+03,2.757959047885913373e-04
1.831900000000207456e+03,2.781670105491159512e-04
1.832000000000207365e+03,2.805359715288157263e-04
1.832100000000207274e+03,2.828141700350485341e-04
1.832200000000207410e+03,2.850910967049029949e-04
1.832300000000207547e+03,2.873540553137193983e-04
1.832400000000207456e+03,2.896148370637931669e-04
1.832500000000207365e+03,2.918741360044740311e-04
1.832600000000207501e+03,2.941319526144284139e-04
1.832700000000207638e+03,2.963882873722522649e-04
1.832800000000207547e+03,2.986431407564826617e-04
1.832900000000207456e+03,3.008965132456055619e-04
1.833000000000207592e+03,3.031484053175610271e-04
1.833100000000207729e+03,3.051637249594796601e-04
1.833200000000207638e+03,3.071768368612006047e-04
1.833300000000207547e+03,3.091877425673362806e-04
1.833400000000207683e+03,3.111915681251450688e-04
1.833500000000207820e+03,3.131906739483232842e-04
1.833600000000207729e+03,3.151874836837330156e-04
1.833700000000207638e+03,3.171749326821059548e-04
1.833800000000207774e+03,3.191599076634989520e-04
1.833900000000207910e+03,3.211425019640765425e-04
1.834000000000207820e+03,3.231227174272931517e-04
1.834100000000207729e+03,3.249558229971369469e-04
1.834200000000207865e+03,3.267877637407338369e-04
1.834300000000208001e+03,3.286185398748485789e-04
1.834400000000207910e+03,3.304481516163877437e-04
1.834500000000207820e+03,3.322582762466240892e-04
1.834600000000207956e+03,3.340706919367407110e-04
1.834700000000208092e+03,3.358817828813542047e-04
1.834800000000208001e+03,3.376915494580490359e-04
1.834900000000207910e+03,3.394999920445134281e-04
1.835000000000208047e+03,3.413071110176126954e-04
1.835100000000208183e+03,3.426758978692451751e-04
1.835200000000208092e+03,3.440439516038631853e-04
1.835300000000208001e+03,3.454096612581059695e-04
1.835400000000208138e+03,3.467730293770371884e-04
1.835500000000208274e+03,3.481340585035346967e-04
1.835600000000208183e+03,3.494918796076968521e-04
1.835700000000208092e+03,3.508399832197907201e-04
1.835800000000208229e+03,3.521856913793179763e-04
1.835900000000208365e+03,3.535285905694301989e-04
1.836000000000208274e+03,3.548688388342057551e-04
1.836100000000208183e+03,3.559382035308583788e-04
1.836200000000208320e+03,3.570092703684083087e-04
1.836300000000208456e+03,3.580789484343283708e-04
1.836400000000208365e+03,3.591472387720667705e-04
1.836500000000208274e+03,3.602141424245182280e-04
1.836600000000208411e+03,3.612796604340198585e-04
1.836700000000208547e+03,3.623437938423454798e-04
1.836800000000208456e+03,3.633994830745450278e-04
1.836900000000208365e+03,3.644522534482470626e-04
1.837000000000208502e+03,3.655035919438057537e-04
1.837100000000208638e+03,3.661771277503062926e-04
1.837200000000208547e+03,3.668497599375780726e-04
1.837300000000208456e+03,3.675214891204906854e-04
1.837400000000208593e+03,3.681923159136639770e-04
1.837500000000208729e+03,3.688622409314621384e-04
1.837600000000208638e+03,3.695312647879987473e-04
1.837700000000208547e+03,3.702060282430382648e-04
1.837800000000208684e+03,3.708816395506684348e-04
1.837900000000208820e+03,3.715134463978468746e-04
1.838000000000208729e+03,3.721083800746214699e-04
1.838100000000208638e+03,3.722297938072232043e-04
1.838200000000208775e+03,3.723506777380014869e-04
1.838300000000208911e+03,3.724710325494763846e-04
1.838400000000208820e+03,3.725908589235959393e-04
1.838500000000208729e+03,3.727292388231301921e-04
1.838600000000208865e+03,3.728732777443406212e-04
1.838700000000209002e+03,3.730168074085869236e-04
1.838800000000208911e+03,3.731598283898174316e-04
1.838900000000208820e+03,3.733023412615864788e-04
1.839000000000208956e+03,3.734536814191864208e-04
1.839100000000209093e+03,3.731542110287212975e-04
1.839200000000209002e+03,3.728549321525211784e-04
1.839300000000208911e+03,3.725196547999921437e-04
1.839400000000209047e+03,3.721703629513814157e-04
1.839500000000209184e+03,3.718213500655294509e-04
1.839600000000209093e+03,3.714728366653434217e-04
1.839700000000209002e+03,3.711247341474995941e-04
1.839800000000209138e+03,3.707769093636359490e-04
1.839900000000209275e+03,3.704293621259726276e-04
1.840000000000209184e+03,3.700820922457037361e-04
1.840100000000209093e+03,3.691825186388596322e-04
1.840200000000209229e+03,3.683047025508074768e-04
1.840300000000209366e+03,3.674286175285756311e-04
1.840400000000209275e+03,3.665538640486950997e-04
1.840500000000209184e+03,3.656804405626836200e-04
1.840600000000209320e+03,3.648083455235344203e-04
1.840700000000209457e+03,3.639375773857173577e-04
1.840800000000209366e+03,3.630681346051779974e-04
1.840900000000209275e+03,3.621947798626273113e-04
1.841000000000209411e+03,3.613198323325330567e-04
1.841100000000209548e+03,3.599245346990382114e-04
1.841200000000209457e+03,3.585318552797540697e-04
1.841300000000209366e+03,3.571655550199892234e-04
1.841400000000209502e+03,3.558116179139047077e-04
1.841500000000209639e+03,3.544600331284520939e-04
1.841600000000209548e+03,3.531107977592212710e-04
1.841700000000209457e+03,3.517734691180347774e-04
1.841800000000209593e+03,3.504447276992535515e-04
1.841900000000209729e+03,3.491182076203395274e-04
1.842000000000209639e+03,3.477939062827982062e-04
1.842100000000209548e+03,3.460407127518616414e-04
1.842200000000209684e+03,3.442902231739227814e-04
1.842300000000209820e+03,3.425424349864094014e-04
1.842400000000209729e+03,3.408041744252197089e-04
1.842500000000209639e+03,3.390691396112384252e-04
1.842600000000209775e+03,3.373301205975016005e-04
1.842700000000209911e+03,3.355938283079739921e-04
1.842800000000209820e+03,3.338602161593185315e-04
1.842900000000209729e+03,3.321292816244300118e-04
1.843000000000209866e+03,3.304010221769565839e-04
1.843100000000210002e+03,3.282178503196209814e-04
1.843200000000209911e+03,3.260382470921675390e-04
1.843300000000209820e+03,3.238430174540345651e-04
1.843400000000209957e+03,3.216342980357819845e-04
1.843500000000210093e+03,3.194187729397241307e-04
1.843600000000210002e+03,3.171432796208678920e-04
1.843700000000209911e+03,3.148728722253751541e-04
1.843800000000210048e+03,3.126075430980307509e-04
1.843900000000210184e+03,3.103472845925061793e-04
1.844000000000210093e+03,3.080920890705018868e-04
1.844100000000210002e+03,3.054413500276713356e-04
1.844200000000210139e+03,3.027930838955786210e-04
1.844300000000210275e+03,3.001508681690849122e-04
1.844400000000210184e+03,2.975171693253864124e-04
1.844500000000210093e+03,2.948919406860758341e-04
1.844600000000210230e+03,2.922726478942196614e-04
1.844700000000210366e+03,2.896592823309955501e-04
1.844800000000210275e+03,2.870518616786705006e-04
1.844900000000210184e+03,2.844504087816324611e-04
1.845000000000210321e+03,2.818548557742884576e-04
1.845100000000210457e+03,2.789213330063547045e-04
1.845200000000210366e+03,2.759945528915719358e-04
1.845300000000210275e+03,2.730745058313188288e-04
1.845400000000210412e+03,2.701611822368054977e-04
1.845500000000210548e+03,2.672545725290750114e-04
1.845600000000210457e+03,2.643546671389826312e-04
1.845700000000210366e+03,2.614638761030291811e-04
1.845800000000210503e+03,2.585867551258255238e-04
1.845900000000210639e+03,2.557186256350081491e-04
1.846000000000210548e+03,2.528568988586769222e-04
1.846100000000210457e+03,2.496605531681430918e-04
1.846200000000210593e+03,2.464730616513594562e-04
1.846300000000210730e+03,2.432944081985077562e-04
1.846400000000210639e+03,2.401245767225346174e-04
1.846500000000210548e+03,2.369854087841175266e-04
1.846600000000210684e+03,2.338912199097748933e-04
1.846700000000210821e+03,2.308042562111160519e-04
1.846800000000210730e+03,2.277245074731184627e-04
1.846900000000210639e+03,2.246777655014715956e-04
1.847000000000210775e+03,2.216961148421705630e-04
1.847100000000210912e+03,2.185495747868802124e-04
1.847200000000210821e+03,2.154079117883418563e-04
1.847300000000210730e+03,2.122966308098385294e-04
1.847400000000210866e+03,2.092402316269293837e-04
1.847500000000211003e+03,2.061864507064772336e-04
1.847600000000210912e+03,2.031352898840365739e-04
1.847700000000210821e+03,2.000867509941446469e-04
1.847800000000210957e+03,1.970408358703362684e-04
1.847900000000211094e+03,1.939975463451539114e-04
1.848000000000211003e+03,1.909571904068744119e-04
1.848100000000210912e+03,1.878766618227882383e-04
1.848200000000211048e+03,1.847974003279385501e-04
1.848300000000211185e+03,1.817194096214747869e-04
1.848400000000211094e+03,1.786426934043936518e-04
1.848500000000211003e+03,1.755672553795248542e-04
1.848600000000211139e+03,1.724930992515421690e-04
1.848700000000211276e+03,1.694202287269786422e-04
1.848800000000211185e+03,1.663486475142106260e-04
1.848900000000211094e+03,1.632764820336081381e-04
1.849000000000211230e+03,1.602002756656771792e-04
1.849100000000211367e+03,1.583424591764211794e-04
1.849200000000211276e+03,1.564693455290927060e-04
1.849300000000211185e+03,1.545921671849882111e-04
1.849400000000211321e+03,1.527167223191988989e-04
1.849500000000211458e+03,1.508430122121638488e-04
1.849600000000211367e+03,1.489710381439493102e-04
1.849700000000211276e+03,1.471008013942393783e-04
1.849800000000211412e+03,1.452323032423451015e-04
1.849900000000211548e+03,1.433655449672113660e-04
1.850000000000211458e+03,1.415005278554458737e-04
1.850100000000211367e+03,1.434360568805219264e-04
1.850200000000211503e+03,1.453685729521515650e-04
1.850300000000211639e+03,1.472932452124789307e-04
1.850400000000211548e+03,1.492090781140969244e-04
1.850500000000211458e+03,1.511180033849621228e-04
1.850600000000211594e+03,1.530064809705394021e-04
1.850700000000211730e+03,1.548911651486926456e-04
1.850800000000211639e+03,1.567720582854115001e-04
1.850900000000211548e+03,1.586491627463662612e-04
1.851000000000211685e+03,1.605224808970763843e-04
1.851100000000211821e+03,1.624762610024423634e-04
1.851200000000211730e+03,1.644267360825040728e-04
1.851300000000211639e+03,1.663702703547797633e-04
1.851400000000211776e+03,1.682882143043665962e-04
1.851500000000211912e+03,1.702055609219896434e-04
1.851600000000211821e+03,1.721190895365023814e-04
1.851700000000211730e+03,1.740288021557370788e-04
1.851800000000211867e+03,1.759347007874619820e-04
1.851900000000212003e+03,1.778367874393727498e-04
1.852000000000211912e+03,1.797350641190687372e-04
1.852100000000211821e+03,1.816143628346582328e-04
1.852200000000211958e+03,1.834889791540188404e-04
1.852300000000212094e+03,1.853589176689664198e-04
1.852400000000212003e+03,1.872241829685884903e-04
1.852500000000211912e+03,1.890847796392526061e-04
1.852600000000212049e+03,1.909447856727793514e-04
1.852700000000212185e+03,1.928006617097962206e-04
1.852800000000212094e+03,1.946519702528102006e-04
1.852900000000212003e+03,1.964981734189470914e-04
1.853000000000212140e+03,1.983313978369124976e-04
1.853100000000212276e+03,2.001274677655886364e-04
1.853200000000212185e+03,2.019185033090270651e-04
1.853300000000212094e+03,2.037045104118922762e-04
1.853400000000212231e+03,2.054854950143017542e-04
1.853500000000212367e+03,2.072614630518195781e-04
1.853600000000212276e+03,2.090324204554692153e-04
1.853700000000212185e+03,2.108327753958585135e-04
1.853800000000212322e+03,2.126637705240641562e-04
1.853900000000212458e+03,2.144909416890715165e-04
1.854000000000212367e+03,2.163142903205915446e-04
1.854100000000212276e+03,2.180929916795488067e-04
1.854200000000212412e+03,2.198681802277373731e-04
1.854300000000212549e+03,2.216400965705639359e-04
1.854400000000212458e+03,2.234086647839902799e-04
1.854500000000212367e+03,2.251737281436434507e-04
1.854600000000212503e+03,2.268697551984310656e-04
1.854700000000212640e+03,2.285601990500212509e-04
1.854800000000212549e+03,2.302442718952774515e-04
1.854900000000212458e+03,2.319201905332834209e-04
1.855000000000212594e+03,2.335915223088219867e-04
1.855100000000212731e+03,2.351614764545141957e-04
1.855200000000212640e+03,2.367270918046880635e-04
1.855300000000212549e+03,2.382883721943767112e-04
1.855400000000212685e+03,2.398709380787311684e-04
1.855500000000212822e+03,2.414510055407312068e-04
1.855600000000212731e+03,2.430271056352465786e-04
1.855700000000212640e+03,2.445992408576426079e-04
1.855800000000212776e+03,2.461674137033452252e-04
1.855900000000212913e+03,2.477312735532666310e-04
1.856000000000212822e+03,2.492856395049275519e-04
1.856100000000212731e+03,2.507174273186846877e-04
1.856200000000212867e+03,2.521457123107411586e-04
1.856300000000213004e+03,2.535703265171028518e-04
1.856400000000212913e+03,2.549914741184885949e-04
1.856500000000212822e+03,2.564091565548098374e-04
1.856600000000212958e+03,2.578233752666579865e-04
1.856700000000213095e+03,2.592341316952962750e-04
1.856800000000213004e+03,2.606414272826646948e-04
1.856900000000212913e+03,2.620452634713875861e-04
1.857000000000213049e+03,2.634456417043537263e-04
1.857100000000213186e+03,2.645717609008108495e-04
1.857200000000213095e+03,2.656719719631931830e-04
1.857300000000213004e+03,2.667681612332362530e-04
1.857400000000213140e+03,2.678603342835958944e-04
1.857500000000213277e+03,2.689484966819736807e-04
1.857600000000213186e+03,2.700326539911266266e-04
1.857700000000213095e+03,2.711128117688738569e-04
1.857800000000213231e+03,2.722196213980132085e-04
1.857900000000213367e+03,2.733290104286802157e-04
1.858000000000213277e+03,2.744347128585572807e-04
1.858100000000213186e+03,2.752555752298384457e-04
1.858200000000213322e+03,2.760730070254815397e-04
1.858300000000213458e+03,2.768870134820350620e-04
1.858400000000213367e+03,2.776975998307299885e-04
1.858500000000213277e+03,2.785047712974853549e-04
1.858600000000213413e+03,2.793435141482823649e-04
1.858700000000213549e+03,2.801883266658859186e-04
1.858800000000213458e+03,2.810299966113804669e-04
1.858900000000213367e+03,2.818685276178330558e-04
1.859000000000213504e+03,2.827039233154944619e-04
1.859100000000213640e+03,2.833130603738297313e-04
1.859200000000213549e+03,2.839199558513677188e-04
1.859300000000213458e+03,2.845260862270178825e-04
1.859400000000213595e+03,2.851352431385208728e-04
1.859500000000213731e+03,2.857421928854376189e-04
1.859600000000213640e+03,2.863469370882732834e-04
1.859700000000213549e+03,2.869494773672256029e-04
1.859800000000213686e+03,2.875498153421792509e-04
1.859900000000213822e+03,2.881479526327061086e-04
1.860000000000213731e+03,2.887438908574540999e-04
1.860100000000213640e+03,2.890516890740225269e-04
1.860200000000213777e+03,2.893627035127645762e-04
1.860300000000213913e+03,2.896741499567431137e-04
1.860400000000213822e+03,2.899841598150863157e-04
1.860500000000213731e+03,2.903313937176340252e-04
1.860600000000213868e+03,2.906797916848679036e-04
1.860700000000214004e+03,2.910268491490168911e-04
1.860800000000213913e+03,2.913725663245521694e-04
1.860900000000213822e+03,2.917169434263073690e-04
1.861000000000213959e+03,2.920288007558076394e-04
1.861100000000214095e+03,2.919523485580991580e-04
1.861200000000214004e+03,2.918752546225159765e-04
1.861300000000213913e+03,2.917975196862915028e-04
1.861400000000214050e+03,2.917191444862446545e-04
1.861500000000214186e+03,2.916401297587800211e-04
1.861600000000214095e+03,2.916013721044455657e-04
1.861700000000214004e+03,2.915831388725176419e-04
1.861800000000214141e+03,2.915558563628101283e-04
1.861900000000214277e+03,2.915231265548591695e-04
1.862000000000214186e+03,2.914897357941768083e-04
1.862100000000214095e+03,2.911372187306102990e-04
1.862200000000214231e+03,2.907848078398754922e-04
1.862300000000214368e+03,2.904325031518705641e-04
1.862400000000214277e+03,2.900803046964646882e-04
1.862500000000214186e+03,2.897282125034978729e-04
1.862600000000214322e+03,2.893605897787985604e-04
1.862700000000214459e+03,2.889851986560895290e-04
1.862800000000214368e+03,2.886142063874085452e-04
1.862900000000214277e+03,2.882433664113192391e-04
1.863000000000214413e+03,2.878724069822813153e-04
1.863100000000214550e+03,2.870625037235348723e-04
1.863200000000214459e+03,2.862540470143680937e-04
1.863300000000214368e+03,2.854470355044106972e-04
1.863400000000214504e+03,2.846486646583246106e-04
1.863500000000214641e+03,2.838573471538711232e-04
1.863600000000214550e+03,2.830674432324486469e-04
1.863700000000214459e+03,2.822791330447543844e-04
1.863800000000214595e+03,2.814915374065435068e-04
1.863900000000214732e+03,2.806993397494639991e-04
1.864000000000214641e+03,2.799085441647101362e-04
1.864100000000214550e+03,2.788349525395895164e-04
1.864200000000214686e+03,2.777697659536055848e-04
1.864300000000214823e+03,2.767123861697346745e-04
1.864400000000214732e+03,2.756567749299187824e-04
1.864500000000214641e+03,2.746029318573753731e-04
1.864600000000214777e+03,2.735508565748510424e-04
1.864700000000214914e+03,2.725005487046248780e-04
1.864800000000214823e+03,2.714520078685029843e-04
1.864900000000214732e+03,2.704052336878145254e-04
1.865000000000214868e+03,2.693749069120453666e-04
1.865100000000215005e+03,2.680127251322498541e-04
1.865200000000214914e+03,2.666528161112949520e-04
1.865300000000214823e+03,2.652951801595732680e-04
1.865400000000214959e+03,2.639398175866696254e-04
1.865500000000215095e+03,2.625868966165858099e-04
1.865600000000215005e+03,2.612363321911556364e-04
1.865700000000214914e+03,2.598880394750087137e-04
1.865800000000215050e+03,2.585653485301307427e-04
1.865900000000215186e+03,2.572737849615244657e-04
1.866000000000215095e+03,2.559839525327528066e-04
1.866100000000215005e+03,2.543218995426223630e-04
1.866200000000215141e+03,2.526544646501423610e-04
1.866300000000215277e+03,2.509900115507787059e-04
1.866400000000215186e+03,2.493285407217009711e-04
1.866500000000215095e+03,2.476700526387391982e-04
1.866600000000215232e+03,2.460167979904807662e-04
1.866700000000215368e+03,2.443697777988837624e-04
1.866800000000215277e+03,2.427256663393972383e-04
1.866900000000215186e+03,2.410844643050505951e-04
1.867000000000215323e+03,2.394461723868368313e-04
1.867100000000215459e+03,2.375022334430189883e-04
1.867200000000215368e+03,2.355591241863373600e-04
1.867300000000215277e+03,2.336115771513812354e-04
1.867400000000215414e+03,2.316678954159200022e-04
1.867500000000215550e+03,2.297280789191400016e-04
1.867600000000215459e+03,2.277921275985149961e-04
1.867700000000215368e+03,2.258600413897975502e-04
1.867800000000215505e+03,2.239318202270274059e-04
1.867900000000215641e+03,2.220074640425427040e-04
1.868000000000215550e+03,2.200869727665563593e-04
1.868100000000215459e+03,2.179791859140468608e-04
1.868200000000215596e+03,2.158761309795249601e-04
1.868300000000215732e+03,2.137794219490352966e-04
1.868400000000215641e+03,2.116468535042902329e-04
1.868500000000215550e+03,2.095172011747346060e-04
1.868600000000215687e+03,2.073913970029462445e-04
1.868700000000215823e+03,2.052694428117619245e-04
1.868800000000215732e+03,2.031513404219514722e-04
1.868900000000215641e+03,2.010370916522087104e-04
1.869000000000215778e+03,1.989279946095098253e-04
1.869100000000215914e+03,1.965402583569693753e-04
1.869200000000215823e+03,1.941585833538956999e-04
1.869300000000215732e+03,1.917829656504298316e-04
1.869400000000215869e+03,1.894134012959676581e-04
1.869500000000216005e+03,1.870406902161500745e-04
1.869600000000215914e+03,1.846703007933355573e-04
1.869700000000215823e+03,1.823062844995824202e-04
1.869800000000215960e+03,1.799476208126500024e-04
1.869900000000216096e+03,1.775923537347573228e-04
1.870000000000216005e+03,1.752435505471816308e-04
1.870100000000215914e+03,1.727662227657090154e-04
1.870200000000216050e+03,1.702954982598947641e-04
1.870300000000216187e+03,1.678313719666944923e-04
1.870400000000216096e+03,1.653738388233456263e-04
1.870500000000216005e+03,1.629228937673587844e-04
1.870600000000216141e+03,1.604607610112048909e-04
1.870700000000216278e+03,1.579551077768733241e-04
1.870800000000216187e+03,1.554581561248974083e-04
1.870900000000216096e+03,1.529698909386358605e-04
1.871000000000216232e+03,1.504902971198830632e-04
1.871100000000216369e+03,1.479478817103346518e-04
1.871200000000216278e+03,1.454142097492898097e-04
1.871300000000216187e+03,1.428892665942796316e-04
1.871400000000216323e+03,1.403719419624006328e-04
1.871500000000216460e+03,1.378582347864460160e-04
1.871600000000216369e+03,1.353534373632482417e-04
1.871700000000216278e+03,1.328545555814550946e-04
1.871800000000216414e+03,1.303460844472355696e-04
1.871900000000216551e+03,1.278472921093792717e-04
1.872000000000216460e+03,1.253581585548668015e-04
1.872100000000216369e+03,1.229061713807758549e-04
1.872200000000216505e+03,1.204613971219242773e-04
1.872300000000216642e+03,1.180142470457468411e-04
1.872400000000216551e+03,1.155766499167846617e-04
1.872500000000216460e+03,1.131485857030555084e-04
1.872600000000216596e+03,1.107300344025008730e-04
1.872700000000216733e+03,1.083209760429619544e-04
1.872800000000216642e+03,1.059213906821335536e-04
1.872900000000216551e+03,1.035375298233158980e-04
1.873000000000216687e+03,1.011618747201799854e-04
1.873100000000216824e+03,1.023643887194081138e-04
1.873200000000216733e+03,1.035602409493956806e-04
1.873300000000216642e+03,1.047494506954078295e-04
1.873400000000216778e+03,1.059320372014792576e-04
1.873500000000216914e+03,1.071080196704792534e-04
1.873600000000216824e+03,1.082774172641900041e-04
1.873700000000216733e+03,1.094402491033833700e-04
1.873800000000216869e+03,1.105962460840691745e-04
1.873900000000217005e+03,1.117409691186427274e-04
1.874000000000216914e+03,1.128822985584671413e-04
1.874100000000216824e+03,1.140995793486437046e-04
1.874200000000216960e+03,1.153108726381990926e-04
1.874300000000217096e+03,1.165161924537733704e-04
1.874400000000217005e+03,1.177155527991951254e-04
1.874500000000216914e+03,1.189089676555134641e-04
1.874600000000217051e+03,1.200961377042698722e-04
1.874700000000217187e+03,1.212613009102846216e-04
1.874800000000217096e+03,1.224202395132932965e-04
1.874900000000217005e+03,1.235729697065015003e-04
1.875000000000217142e+03,1.247195076538777799e-04
1.875100000000217278e+03,1.258940997490644071e-04
1.875200000000217187e+03,1.270647429260820377e-04
1.875300000000217096e+03,1.282293723620288469e-04
1.875400000000217233e+03,1.293880026425272580e-04
1.875500000000217369e+03,1.305435380124736835e-04
1.875600000000217278e+03,1.316932125459334369e-04
1.875700000000217187e+03,1.328369840496088615e-04
1.875800000000217324e+03,1.339748666410866683e-04
1.875900000000217460e+03,1.351068744151765952e-04
1.876000000000217369e+03,1.362330214438128254e-04
1.876100000000217278e+03,1.372931324507628700e-04
1.876200000000217415e+03,1.383467201796586589e-04
1.876300000000217551e+03,1.394246741234560845e-04
1.876400000000217460e+03,1.404973098247624507e-04
1.876500000000217369e+03,1.415637403424358886e-04
1.876600000000217506e+03,1.426239834614589778e-04
1.876700000000217642e+03,1.436780569295971065e-04
1.876800000000217551e+03,1.447259784574652861e-04
1.876900000000217460e+03,1.457677657185964552e-04
1.877000000000217597e+03,1.468034363495612576e-04
1.877100000000217733e+03,1.478709002931717241e-04
1.877200000000217642e+03,1.489342976252150895e-04
1.877300000000217551e+03,1.499926774308315061e-04
1.877400000000217688e+03,1.510775807522602506e-04
1.877500000000217824e+03,1.521694207496437164e-04
1.877600000000217733e+03,1.532568784141122254e-04
1.877700000000217642e+03,1.543399599002798954e-04
1.877800000000217779e+03,1.554186713579063287e-04
1.877900000000217915e+03,1.565359384862396400e-04
1.878000000000217824e+03,1.576562021924630724e-04
1.878100000000217733e+03,1.587136427142778455e-04
1.878200000000217869e+03,1.597675103919787387e-04
1.878300000000218006e+03,1.608178081254125645e-04
1.878400000000217915e+03,1.618645388134954018e-04
1.878500000000217824e+03,1.629287182027575021e-04
1.878600000000217960e+03,1.640150366078837649e-04
1.878700000000218097e+03,1.651076583216419676e-04
1.878800000000218006e+03,1.661993965545706603e-04
1.878900000000217915e+03,1.672883159343365551e-04
1.879000000000218051e+03,1.683744158203427557e-04
1.879100000000218188e+03,1.693427286310138203e-04
1.879200000000218097e+03,1.703080150178358347e-04
1.879300000000218006e+03,1.712702762475117686e-04
1.879400000000218142e+03,1.722295135882211396e-04
1.879500000000218279e+03,1.731919067593501167e-04
1.879600000000218188e+03,1.741551741094307865e-04
1.879700000000218097e+03,1.751258398262817476e-04
1.879800000000218233e+03,1.760937054050402571e-04
1.879900000000218370e+03,1.770587710379966989e-04
1.880000000000218279e+03,1.780210369196637732e-04
1.880100000000218188e+03,1.789630009536509773e-04
1.880200000000218324e+03,1.799033439124090238e-04
1.880300000000218461e+03,1.808450115899535053e-04
1.880400000000218370e+03,1.817860609504995005e-04
1.880500000000218279e+03,1.827255210606910777e-04
1.880600000000218415e+03,1.836633889688001010e-04
1.880700000000218552e+03,1.845996617222706460e-04
1.880800000000218461e+03,1.855343363677240144e-04
1.880900000000218370e+03,1.864674099509643448e-04
1.881000000000218506e+03,1.873988795165979762e-04
1.881100000000218643e+03,1.881613715086222086e-04
1.881200000000218552e+03,1.889246740365240602e-04
1.881300000000218461e+03,1.896863308572275197e-04
1.881400000000218597e+03,1.904463403048623730e-04
1.881500000000218733e+03,1.912047007141570482e-04
1.881600000000218643e+03,1.919614104204440366e-04
1.881700000000218552e+03,1.927164677596652055e-04
1.881800000000218688e+03,1.934698710683689519e-04
1.881900000000218824e+03,1.942366784888981232e-04
1.882000000000218733e+03,1.950085180090813358e-04
1.882100000000218643e+03,1.955871994976590028e-04
1.882200000000218779e+03,1.961643105361234279e-04
1.882300000000218915e+03,1.967400002037773604e-04
1.882400000000218824e+03,1.973142674210833804e-04
1.882500000000218733e+03,1.978871111094332566e-04
1.882600000000218870e+03,1.984585301911451812e-04
1.882700000000219006e+03,1.990456197184201515e-04
1.882800000000218915e+03,1.996412989525203944e-04
1.882900000000218824e+03,2.002357007573161301e-04
1.883000000000218961e+03,2.008225396046428384e-04
1.883100000000219097e+03,2.012422544042792680e-04
1.883200000000219006e+03,2.016610494158419214e-04
1.883300000000218915e+03,2.020789233438748686e-04
1.883400000000219052e+03,2.024958748929129909e-04
1.883500000000219188e+03,2.028982802770834645e-04
1.883600000000219097e+03,2.032904148374833344e-04
1.883700000000219006e+03,2.036815383799241825e-04
1.883800000000219143e+03,2.040716499708023369e-04
1.883900000000219279e+03,2.044607486768211719e-04
1.884000000000219188e+03,2.048488335646043187e-04
1.884100000000219097e+03,2.050584162383799322e-04
1.884200000000219234e+03,2.052628253186599588e-04
1.884300000000219370e+03,2.054666176307855057e-04
1.884400000000219279e+03,2.056697924407970761e-04
1.884500000000219188e+03,2.058723490146955454e-04
1.884600000000219325e+03,2.060742866184390445e-04
1.884700000000219461e+03,2.062756045179475132e-04
1.884800000000219370e+03,2.064763019790987972e-04
1.884900000000219279e+03,2.066763782677343941e-04
1.885000000000219416e+03,2.068758326491415035e-04
1.885100000000219552e+03,2.068401650334866510e-04
1.885200000000219461e+03,2.068042063464005180e-04
1.885300000000219370e+03,2.067642131540834013e-04
1.885400000000219507e+03,2.067228263950173623e-04
1.885500000000219643e+03,2.066811508852141896e-04
1.885600000000219552e+03,2.066391864619750087e-04
1.885700000000219461e+03,2.065969329626939153e-04
1.885800000000219597e+03,2.065543902248597645e-04
1.885900000000219734e+03,2.065071034790624566e-04
1.886000000000219643e+03,2.064546885307989301e-04
1.886100000000219552e+03,2.061002503937779727e-04
1.886200000000219688e+03,2.057461296892469226e-04
1.886300000000219825e+03,2.053923264113253924e-04
1.886400000000219734e+03,2.050341170777686926e-04
1.886500000000219643e+03,2.046713709472972856e-04
1.886600000000219779e+03,2.043089775072449304e-04
1.886700000000219916e+03,2.039449157580667735e-04
1.886800000000219825e+03,2.035786522481521034e-04
1.886900000000219734e+03,2.032127584466478850e-04
1.887000000000219870e+03,2.028472342599256983e-04
1.887100000000220007e+03,2.023800809888071832e-04
1.887200000000219916e+03,2.019131536081297590e-04
1.887300000000219825e+03,2.014464528814607490e-04
1.887400000000219961e+03,2.009799795727532632e-04
1.887500000000220098e+03,2.005048037116927422e-04
1.887600000000220007e+03,1.999966898697589485e-04
1.887700000000219916e+03,1.994890149709480250e-04
1.887800000000220052e+03,1.989817795381349820e-04
1.887900000000220189e+03,1.984749840940780614e-04
1.888000000000220098e+03,1.979686291607689200e-04
1.888100000000220007e+03,1.971682983780288073e-04
1.888200000000220143e+03,1.963691890444314251e-04
1.888300000000220280e+03,1.955681087218924053e-04
1.888400000000220189e+03,1.947627060290167884e-04
1.888500000000220098e+03,1.939585976437101439e-04
1.888600000000220234e+03,1.931557832418700192e-04
1.888700000000220371e+03,1.923416917381028134e-04
1.888800000000220280e+03,1.915280741270760322e-04
1.888900000000220189e+03,1.907158626168420443e-04
1.889000000000220325e+03,1.899050565962351366e-04
1.889100000000220462e+03,1.888376374648218360e-04
1.889200000000220371e+03,1.877695753782579349e-04
1.889300000000220280e+03,1.867037473197767313e-04
1.889400000000220416e+03,1.856401513793219378e-04
1.889500000000220552e+03,1.845788211797308703e-04
1.889600000000220462e+03,1.835198581668473332e-04
1.889700000000220371e+03,1.824631195353859344e-04
1.889800000000220507e+03,1.814168911826520602e-04
1.889900000000220643e+03,1.803691005606345744e-04
1.890000000000220552e+03,1.793033738162791066e-04
1.890100000000220462e+03,1.780721525196404299e-04
1.890200000000220598e+03,1.768432127383885515e-04
1.890300000000220734e+03,1.756165533347176660e-04
1.890400000000220643e+03,1.743921731708037532e-04
1.890500000000220552e+03,1.731700711087994285e-04
1.890600000000220689e+03,1.719502460108386318e-04
1.890700000000220825e+03,1.707336450812210315e-04
1.890800000000220734e+03,1.695221667648103968e-04
1.890900000000220643e+03,1.683114485534902580e-04
1.891000000000220780e+03,1.671005090024418351e-04
1.891100000000220916e+03,1.656547363281253137e-04
1.891200000000220825e+03,1.642123603277200600e-04
1.891300000000220734e+03,1.627733771638421043e-04
1.891400000000220871e+03,1.613377830018655789e-04
1.891500000000221007e+03,1.599048243671249026e-04
1.891600000000220916e+03,1.584724488398219682e-04
1.891700000000220825e+03,1.570435149665790845e-04
1.891800000000220962e+03,1.556180186910508770e-04
1.891900000000221098e+03,1.541959559600189456e-04
1.892000000000221007e+03,1.527770002383693195e-04
1.892100000000220916e+03,1.512007551141378737e-04
1.892200000000221053e+03,1.496282709447634357e-04
1.892300000000221189e+03,1.480595432734396082e-04
1.892400000000221098e+03,1.464945676468872016e-04
1.892500000000221007e+03,1.449333396153456687e-04
1.892600000000221144e+03,1.433758547325779842e-04
1.892700000000221280e+03,1.418221085558764175e-04
1.892800000000221189e+03,1.402720966460528293e-04
1.892900000000221098e+03,1.387258145674286427e-04
1.893000000000221235e+03,1.371832578876641901e-04
1.893100000000221371e+03,1.355635353602119481e-04
1.893200000000221280e+03,1.339466803328421131e-04
1.893300000000221189e+03,1.323326914567969366e-04
1.893400000000221326e+03,1.307215673831848256e-04
1.893500000000221462e+03,1.291133067629875793e-04
1.893600000000221371e+03,1.275079082470537215e-04
1.893700000000221280e+03,1.259053704860912362e-04
1.893800000000221416e+03,1.243056921306757534e-04
1.893900000000221553e+03,1.227086152667346329e-04
1.894000000000221462e+03,1.211119393799866661e-04
1.894100000000221371e+03,1.194110422402263304e-04
1.894200000000221507e+03,1.177137631913307327e-04
1.894300000000221644e+03,1.160186644901602153e-04
1.894400000000221553e+03,1.143259652544844290e-04
1.894500000000221462e+03,1.126369522273727958e-04
1.894600000000221598e+03,1.109516216424709405e-04
1.894700000000221735e+03,1.092697018951347874e-04
1.894800000000221644e+03,1.075869044666202346e-04
1.894900000000221553e+03,1.059079285557192409e-04
1.895000000000221689e+03,1.042327699024154353e-04
1.895100000000221826e+03,1.025245039813891564e-04
1.895200000000221735e+03,1.008199703535769750e-04
1.895300000000221644e+03,9.911916497842551742e-05
1.895400000000221780e+03,9.742151568704005493e-05
1.895500000000221917e+03,9.572595975079501449e-05
1.895600000000221826e+03,9.403627238574009466e-05
1.895700000000221735e+03,9.235030027189286225e-05
1.895800000000221871e+03,9.066803937446761455e-05
1.895900000000222008e+03,8.898948566159671123e-05
1.896000000000221917e+03,8.731463510537167952e-05
1.896100000000221826e+03,8.611544983772875068e-05
1.896200000000221962e+03,8.491855337976646483e-05
1.896300000000222099e+03,8.372394376046718033e-05
1.896400000000222008e+03,8.253161900979289996e-05
1.896500000000221917e+03,8.134157715868027007e-05
1.896600000000222053e+03,8.014836480531852762e-05
1.896700000000222190e+03,7.895742081499814628e-05
1.896800000000222099e+03,7.776891984781544853e-05
1.896900000000222008e+03,7.658285945584525746e-05
1.897000000000222144e+03,7.539923719749291712e-05
1.897100000000222281e+03,7.637046080715064551e-05
1.897200000000222190e+03,7.733995436610463026e-05
1.897300000000222099e+03,7.830771886610804618e-05
1.897400000000222235e+03,7.927375529896367034e-05
1.897500000000222371e+03,8.023806465651861009e-05
1.897600000000222281e+03,8.120064793066895166e-05
1.897700000000222190e+03,8.215885726237603069e-05
1.897800000000222326e+03,8.311406900224891942e-05
1.897900000000222462e+03,8.406746786062835200e-05
1.898000000000222371e+03,8.501733875837936931e-05
1.898100000000222281e+03,8.597845178332332635e-05
1.898200000000222417e+03,8.693727509831677795e-05
1.898300000000222553e+03,8.789381156427160315e-05
1.898400000000222462e+03,8.884806403960522994e-05
1.898500000000222371e+03,8.980003538024756060e-05
1.898600000000222508e+03,9.074972843963797662e-05
1.898700000000222644e+03,9.169714606872216738e-05
1.898800000000222553e+03,9.263518481060292070e-05
1.898900000000222462e+03,9.356273836706861422e-05
1.899000000000222599e+03,9.448771905476048213e-05
1.899100000000222735e+03,9.541369196271305643e-05
1.899200000000222644e+03,9.633684547434604535e-05
1.899300000000222553e+03,9.725718468284455921e-05
1.899400000000222690e+03,9.817471467443787377e-05
1.899500000000222826e+03,9.908944052840529845e-05
1.899600000000222735e+03,9.999952123757396578e-05
1.899700000000222644e+03,1.009063741254750382e-04
1.899800000000222781e+03,1.018103974362237859e-04
1.899900000000222917e+03,1.027109796966288869e-04
1.900000000000222826e+03,1.036044946961281433e-04
1.900100000000222735e+03,1.045122836095959773e-04
1.900200000000222872e+03,1.054175219082087998e-04
1.900300000000223008e+03,1.063202137923323874e-04
1.900400000000222917e+03,1.072203634572079135e-04
1.900500000000222826e+03,1.081179750929605943e-04
1.900600000000222963e+03,1.090130756675987682e-04
1.900700000000223099e+03,1.099057285533562741e-04
1.900800000000223008e+03,1.107958576427684751e-04
1.900900000000222917e+03,1.116834670983328937e-04
1.901000000000223054e+03,1.125685610774797892e-04
1.901100000000223190e+03,1.134590218541949394e-04
1.901200000000223099e+03,1.143498126370494074e-04
1.901300000000223008e+03,1.152393632515522499e-04
1.901400000000223145e+03,1.161269525890269114e-04
1.901500000000223281e+03,1.170125829808949739e-04
1.901600000000223190e+03,1.178962567568030042e-04
1.901700000000223099e+03,1.187779762446282867e-04
1.901800000000223235e+03,1.196577437704747575e-04
1.901900000000223372e+03,1.205355616586693997e-04
1.902000000000223281e+03,1.214152864126224216e-04
1.902100000000223190e+03,1.222149328497997857e-04
1.902200000000223326e+03,1.230122582083263639e-04
1.902300000000223463e+03,1.238072665680262541e-04
1.902400000000223372e+03,1.245999620032438879e-04
1.902500000000223281e+03,1.253903485828539513e-04
1.902600000000223417e+03,1.261784303702637427e-04
1.902700000000223554e+03,1.269642114234150701e-04
1.902800000000223463e+03,1.277476957947946328e-04
1.902900000000223372e+03,1.285288875314430737e-04
1.903000000000223508e+03,1.293077906749202043e-04
1.903100000000223645e+03,1.300682630664683236e-04
1.903200000000223554e+03,1.308271044690279103e-04
1.903300000000223463e+03,1.315834276993578945e-04
1.903400000000223599e+03,1.323358925352013449e-04
1.903500000000223736e+03,1.330866962172589534e-04
1.903600000000223645e+03,1.338358408330309773e-04
1.903700000000223554e+03,1.345833284681963767e-04
1.903800000000223690e+03,1.353291612066115682e-04
1.903900000000223827e+03,1.360733411303077409e-04
1.904000000000223736e+03,1.368158703193595328e-04
1.904100000000223645e+03,1.374962755545515068e-04
1.904200000000223781e+03,1.381753728877752204e-04
1.904300000000223918e+03,1.388531339080416717e-04
1.904400000000223827e+03,1.395294643935693878e-04
1.904500000000223736e+03,1.402012071362527114e-04
1.904600000000223872e+03,1.408716136825754464e-04
1.904700000000224009e+03,1.415406854850773685e-04
1.904800000000223918e+03,1.422084239953068862e-04
1.904900000000223827e+03,1.428748306638246996e-04
1.905000000000223963e+03,1.435399069399026365e-04
1.905100000000224099e+03,1.440698809380688090e-04
1.905200000000224009e+03,1.446002344094893960e-04
1.905300000000223918e+03,1.451306437403196100e-04
1.905400000000224054e+03,1.456596663103055915e-04
1.905500000000224190e+03,1.461873042616567645e-04
1.905600000000224099e+03,1.467185913237415188e-04
1.905700000000224009e+03,1.472504371828715572e-04
1.905800000000224145e+03,1.477809562046634615e-04
1.905900000000224281e+03,1.483101503482706660e-04
1.906000000000224190e+03,1.488380215703844899e-04
1.906100000000224099e+03,1.492411014119583018e-04
1.906200000000224236e+03,1.496429737735149629e-04
1.906300000000224372e+03,1.500437047703854295e-04
1.906400000000224281e+03,1.504433347388615711e-04
1.906500000000224190e+03,1.508418654371819620e-04
1.906600000000224327e+03,1.512392986214330893e-04
1.906700000000224463e+03,1.516436299897960598e-04
1.906800000000224372e+03,1.520552396026933787e-04
1.906900000000224281e+03,1.524640539666037239e-04
1.907000000000224418e+03,1.528718576454106979e-04
1.907100000000224554e+03,1.532003895507890432e-04
1.907200000000224463e+03,1.535284073171505192e-04
1.907300000000224372e+03,1.538559113784174193e-04
1.907400000000224509e+03,1.541829021682734045e-04
1.907500000000224645e+03,1.545093801201628792e-04
1.907600000000224554e+03,1.548277506220956893e-04
1.907700000000224463e+03,1.551357845807551934e-04
1.907800000000224600e+03,1.554499413032928482e-04
1.907900000000224736e+03,1.557973506788528717e-04
1.908000000000224645e+03,1.561443503554447846e-04
1.908100000000224554e+03,1.563668423703567232e-04
1.908200000000224691e+03,1.565891447662939515e-04
1.908300000000224827e+03,1.568112575888377111e-04
1.908400000000224736e+03,1.570331808835944245e-04
1.908500000000224645e+03,1.572549146962003836e-04
1.908600000000224782e+03,1.574764590723176573e-04
1.908700000000224918e+03,1.576978140576346609e-04
1.908800000000224827e+03,1.579189796978669414e-04
1.908900000000224736e+03,1.581399560387575850e-04
1.909000000000224873e+03,1.583839552529556530e-04
1.909100000000225009e+03,1.584316109623675319e-04
1.909200000000224918e+03,1.584779063273513246e-04
1.909300000000224827e+03,1.585218445795393168e-04
1.909400000000224964e+03,1.585657014168985728e-04
1.909500000000225100e+03,1.586094768836157252e-04
1.909600000000225009e+03,1.586531710238703861e-04
1.909700000000224918e+03,1.586967838818371804e-04
1.909800000000225054e+03,1.587403155016836316e-04
1.909900000000225191e+03,1.587839877317133561e-04
1.910000000000225100e+03,1.588276813806098150e-04
1.910100000000225009e+03,1.587015145799611584e-04
1.910200000000225145e+03,1.585724597574178453e-04
1.910300000000225282e+03,1.584434801877065199e-04
1.910400000000225191e+03,1.583145758412071041e-04
1.910500000000225100e+03,1.581857466883064588e-04
1.910600000000225236e+03,1.580569926993945619e-04
1.910700000000225373e+03,1.579283138448687638e-04
1.910800000000225282e+03,1.578037223752970649e-04
1.910900000000225191e+03,1.576893600072312208e-04
1.911000000000225327e+03,1.575750517191982277e-04
1.911100000000225464e+03,1.572798906829209144e-04
1.911200000000225373e+03,1.569813103742723919e-04
1.911300000000225282e+03,1.566754446416900579e-04
1.911400000000225418e+03,1.563698156345341760e-04
1.911500000000225555e+03,1.560644232332836267e-04
1.911600000000225464e+03,1.557618328549047269e-04
1.911700000000225373e+03,1.554673866659139758e-04
1.911800000000225509e+03,1.551731364373516373e-04
1.911900000000225646e+03,1.548790820930664406e-04
1.912000000000225555e+03,1.545852235565838332e-04
1.912100000000225464e+03,1.541411438160611924e-04
1.912200000000225600e+03,1.536972220287051297e-04
1.912300000000225737e+03,1.532528134749273007e-04
1.912400000000225646e+03,1.527947825885045397e-04
1.912500000000225555e+03,1.523369952346952604e-04
1.912600000000225691e+03,1.518794513648849217e-04
1.912700000000225828e+03,1.514221509304534529e-04
1.912800000000225737e+03,1.509650938827746848e-04
1.912900000000225646e+03,1.505082801732150755e-04
1.913000000000225782e+03,1.500517097526662025e-04
1.913100000000225918e+03,1.493883753451359674e-04
1.913200000000225828e+03,1.487250892896117523e-04
1.913300000000225737e+03,1.480596448979323648e-04
1.913400000000225873e+03,1.473948366111856750e-04
1.913500000000226009e+03,1.467359579741697143e-04
1.913600000000225918e+03,1.460792927038215435e-04
1.913700000000225828e+03,1.454232000241300108e-04
1.913800000000225964e+03,1.447676796352382971e-04
1.913900000000226100e+03,1.441127312373883000e-04
1.914000000000226009e+03,1.434579400362545045e-04
1.914100000000225918e+03,1.426583201748887330e-04
1.914200000000226055e+03,1.418591730126265624e-04
1.914300000000226191e+03,1.410604984476968352e-04
1.914400000000226100e+03,1.402622963783017494e-04
1.914500000000226009e+03,1.394645667026123321e-04
1.914600000000226146e+03,1.386752278060429330e-04
1.914700000000226282e+03,1.378946666876328391e-04
1.914800000000226191e+03,1.371143905078847658e-04
1.914900000000226100e+03,1.363343993186060400e-04
1.915000000000226237e+03,1.355546931711735874e-04
1.915100000000226373e+03,1.346105336407513934e-04
1.915200000000226282e+03,1.336668585935196091e-04
1.915300000000226191e+03,1.327236680221153631e-04
1.915400000000226328e+03,1.317809619190692073e-04
1.915500000000226464e+03,1.308387402768091008e-04
1.915600000000226373e+03,1.298970030876560192e-04
1.915700000000226282e+03,1.289576081593345159e-04
1.915800000000226419e+03,1.280258837875412599e-04
1.915900000000226555e+03,1.270945102302247290e-04
1.916000000000226464e+03,1.261634875944401299e-04
1.916100000000226373e+03,1.251260652742955252e-04
1.916200000000226510e+03,1.240885579403204183e-04
1.916300000000226646e+03,1.230509658517701000e-04
1.916400000000226555e+03,1.220133245276627576e-04
1.916500000000226464e+03,1.209782815754108888e-04
1.916600000000226601e+03,1.199431080891650870e-04
1.916700000000226737e+03,1.189078043206050921e-04
1.916800000000226646e+03,1.178723705214738531e-04
1.916900000000226555e+03,1.168317233388490434e-04
1.917000000000226692e+03,1.157906191488713201e-04
1.917100000000226828e+03,1.146423205859558035e-04
1.917200000000226737e+03,1.134939016546745674e-04
1.917300000000226646e+03,1.123452829480526790e-04
1.917400000000226783e+03,1.111965191780425006e-04
1.917500000000226919e+03,1.100476380969125603e-04
1.917600000000226828e+03,1.088986399954657350e-04
1.917700000000226737e+03,1.077495251645463320e-04
1.917800000000226873e+03,1.066002938950456994e-04
1.917900000000227010e+03,1.054509464779068337e-04
1.918000000000226919e+03,1.042856925774215824e-04
1.918100000000226828e+03,1.030060241305553380e-04
1.918200000000226964e+03,1.017268090589642821e-04
1.918300000000227101e+03,1.004486497482806351e-04
1.918400000000227010e+03,9.917154584792874951e-05
1.918500000000226919e+03,9.789549700714803980e-05
1.918600000000227055e+03,9.662050287499937963e-05
1.918700000000227192e+03,9.534656310037057682e-05
1.918800000000227101e+03,9.407367733197187401e-05
1.918900000000227010e+03,9.281120406318813030e-05
1.919000000000227146e+03,9.154951113045636042e-05
1.919100000000227283e+03,9.022294738016932707e-05
1.919200000000227192e+03,8.888436316434287512e-05
1.919300000000227101e+03,8.754749997763970062e-05
1.919400000000227237e+03,8.621235660925965312e-05
1.919500000000227374e+03,8.487893184860345770e-05
1.919600000000227283e+03,8.354722448526633179e-05
1.919700000000227192e+03,8.221406092468944290e-05
1.919800000000227328e+03,8.088220065326645212e-05
1.919900000000227465e+03,7.955217446183751400e-05
1.920000000000227374e+03,7.822405786031074208e-05
1.920100000000227283e+03,7.691720717621916895e-05
1.920200000000227419e+03,7.561141762849196094e-05
1.920300000000227556e+03,7.430960143969876728e-05
1.920400000000227465e+03,7.300843091288251429e-05
1.920500000000227374e+03,7.170790632028467343e-05
1.920600000000227510e+03,7.040802793362678697e-05
1.920700000000227647e+03,6.910879602411586198e-05
1.920800000000227556e+03,6.781021086243969463e-05
1.920900000000227465e+03,6.651227271875989069e-05
1.921000000000227601e+03,6.521502848727379702e-05
1.921100000000227737e+03,6.545420294777929641e-05
1.921200000000227647e+03,6.569308498773933553e-05
1.921300000000227556e+03,6.593283259444541935e-05
1.921400000000227692e+03,6.618514730796125692e-05
1.921500000000227828e+03,6.644037886670305960e-05
1.921600000000227737e+03,6.669544717235633801e-05
1.921700000000227647e+03,6.695035221143104214e-05
1.921800000000227783e+03,6.720509397053558108e-05
1.921900000000227919e+03,6.745967243637617254e-05
1.922000000000227828e+03,6.771408759709409775e-05
1.922100000000227737e+03,6.855709979192555143e-05
1.922200000000227874e+03,6.940054214749526564e-05
1.922300000000228010e+03,7.024363151665191792e-05
1.922400000000227919e+03,7.108636771277993341e-05
1.922500000000227828e+03,7.193406396213462655e-05
1.922600000000227965e+03,7.278645993853417569e-05
1.922700000000228101e+03,7.363874150745835590e-05
1.922800000000228010e+03,7.449090836694310632e-05
1.922900000000227919e+03,7.534176795792150722e-05
1.923000000000228056e+03,7.619197881855107625e-05
1.923100000000228192e+03,7.705646659427850239e-05
1.923200000000228101e+03,7.792071132892862048e-05
1.923300000000228010e+03,7.878471272815693927e-05
1.923400000000228147e+03,7.964847049791746189e-05
1.923500000000228283e+03,8.051198434445875566e-05
1.923600000000228192e+03,8.137479066979101661e-05
1.923700000000228101e+03,8.223464144363903472e-05
1.923800000000228238e+03,8.309355681504142059e-05
1.923900000000228374e+03,8.395214802637090382e-05
1.924000000000228283e+03,8.481041483049177137e-05
1.924100000000228192e+03,8.570102832085905672e-05
1.924200000000228329e+03,8.659186815456001204e-05
1.924300000000228465e+03,8.748293399833909230e-05
1.924400000000228374e+03,8.837422551889178722e-05
1.924500000000228283e+03,8.926700010697113800e-05
1.924600000000228420e+03,9.016078051720837806e-05
1.924700000000228556e+03,9.105482572544977983e-05
1.924800000000228465e+03,9.194288576104642729e-05
1.924900000000228374e+03,9.283083363416499826e-05
1.925000000000228511e+03,9.371891961614263510e-05
1.925100000000228647e+03,9.456429850670378242e-05
1.925200000000228556e+03,9.541012316113939144e-05
1.925300000000228465e+03,9.626250000088675744e-05
1.925400000000228601e+03,9.711901573960202117e-05
1.925500000000228738e+03,9.797525835962425872e-05
1.925600000000228647e+03,9.883122755240316565e-05
1.925700000000228556e+03,9.968692300975187561e-05
1.925800000000228692e+03,1.005423444238420680e-04
1.925900000000228829e+03,1.013926104648811679e-04
1.926000000000228738e+03,1.022402118615823110e-04
1.926100000000228647e+03,1.030597647892622377e-04
1.926200000000228783e+03,1.038715194443588324e-04
1.926300000000228920e+03,1.046827125830531363e-04
1.926400000000228829e+03,1.054933441424650418e-04
1.926500000000228738e+03,1.063033614514455718e-04
1.926600000000228874e+03,1.071126654737469363e-04
1.926700000000229011e+03,1.079214046537742462e-04
1.926800000000228920e+03,1.087295789338342848e-04
1.926900000000228829e+03,1.095384462232397893e-04
1.927000000000228965e+03,1.103500618851404436e-04
1.927100000000229102e+03,1.111460047566031071e-04
1.927200000000229011e+03,1.119418163748036867e-04
1.927300000000228920e+03,1.127374964255313397e-04
1.927400000000229056e+03,1.135330445948285746e-04
1.927500000000229193e+03,1.143284605689877132e-04
1.927600000000229102e+03,1.151237440345545234e-04
1.927700000000229011e+03,1.159201254575235217e-04
1.927800000000229147e+03,1.167177731885534798e-04
1.927900000000229284e+03,1.175153232217222572e-04
1.928000000000229193e+03,1.183127752362661067e-04
1.928100000000229102e+03,1.190636290557079904e-04
1.928200000000229238e+03,1.198170007636933704e-04
1.928300000000229375e+03,1.205704305573240527e-04
1.928400000000229284e+03,1.213239115315506563e-04
1.928500000000229193e+03,1.220786457894307124e-04
1.928600000000229329e+03,1.228350187812440148e-04
1.928700000000229466e+03,1.235914879958126397e-04
1.928800000000229375e+03,1.243480531194280823e-04
1.928900000000229284e+03,1.251047138384436374e-04
1.929000000000229420e+03,1.258614698390194222e-04
1.929100000000229556e+03,1.265086619286311315e-04
1.929200000000229466e+03,1.271555576783511962e-04
1.929300000000229375e+03,1.278283290266649054e-04
1.929400000000229511e+03,1.285106704900330432e-04
1.929500000000229647e+03,1.291930829820057286e-04
1.929600000000229556e+03,1.298755661662179652e-04
1.929700000000229466e+03,1.305581197063677491e-04
1.929800000000229602e+03,1.312407432662117857e-04
1.929900000000229738e+03,1.319234365095630778e-04
1.930000000000229647e+03,1.326061991001313035e-04
1.930100000000229556e+03,1.332201825301007364e-04
1.930200000000229693e+03,1.338382821447114859e-04
1.930300000000229829e+03,1.344566683772478635e-04
1.930400000000229738e+03,1.350735618099295097e-04
1.930500000000229647e+03,1.356893221036111527e-04
1.930600000000229784e+03,1.363053410997674671e-04
1.930700000000229920e+03,1.369216174305925193e-04
1.930800000000229829e+03,1.375381508930242685e-04
1.930900000000229738e+03,1.381579022528260257e-04
1.931000000000229875e+03,1.387843053985969328e-04
1.931100000000230011e+03,1.393055544353494603e-04
1.931200000000229920e+03,1.398270897259087518e-04
1.931300000000229829e+03,1.403489111488040485e-04
1.931400000000229966e+03,1.408710185824207993e-04
1.931500000000230102e+03,1.413859836033834233e-04
1.931600000000230011e+03,1.418819348728511220e-04
1.931700000000229920e+03,1.423779825519023165e-04
1.931800000000230057e+03,1.428741264377512477e-04
1.931900000000230193e+03,1.433703663276086329e-04
1.932000000000230102e+03,1.438667020183872504e-04
1.932100000000230011e+03,1.442333833223034638e-04
1.932200000000230148e+03,1.446000930099759871e-04
1.932300000000230284e+03,1.449668309235963481e-04
1.932400000000230193e+03,1.453335969053842639e-04
1.932500000000230102e+03,1.456956652318802084e-04
1.932600000000230239e+03,1.460428332142956636e-04
1.932700000000230375e+03,1.463864958934872477e-04
1.932800000000230284e+03,1.467300720425855469e-04
1.932900000000230193e+03,1.470735654071504131e-04
1.933000000000230330e+03,1.474169758581114536e-04
1.933100000000230466e+03,1.476498942657676063e-04
1.933200000000230375e+03,1.478828298837431103e-04
1.933300000000230284e+03,1.481130930379626249e-04
1.933400000000230420e+03,1.483327614921306796e-04
1.933500000000230557e+03,1.485524067158556117e-04
1.933600000000230466e+03,1.487720286235300375e-04
1.933700000000230375e+03,1.489916271295914048e-04
1.933800000000230511e+03,1.492112021485177923e-04
1.933900000000230648e+03,1.494307922143101681e-04
1.934000000000230557e+03,1.496504624204220819e-04
1.934100000000230466e+03,1.497332272801931850e-04
1.934200000000230602e+03,1.498159815741146336e-04
1.934300000000230739e+03,1.498987252749330273e-04
1.934400000000230648e+03,1.499814583554011458e-04
1.934500000000230557e+03,1.500641807882788974e-04
1.934600000000230693e+03,1.501468925463319095e-04
1.934700000000230830e+03,1.502295936023317728e-04
1.934800000000230739e+03,1.503122839290569354e-04
1.934900000000230648e+03,1.503934136838479957e-04
1.935000000000230784e+03,1.504725433024248237e-04
1.935100000000230921e+03,1.503397044458251166e-04
1.935200000000230830e+03,1.502069168260163968e-04
1.935300000000230739e+03,1.500741804688451766e-04
1.935400000000230875e+03,1.499414954000976056e-04
1.935500000000231012e+03,1.498088616454998226e-04
1.935600000000230921e+03,1.496762792307174952e-04
1.935700000000230830e+03,1.495437481813551960e-04
1.935800000000230966e+03,1.494113786142053457e-04
1.935900000000231103e+03,1.492790922813718531e-04
1.936000000000231012e+03,1.491451955613022011e-04
1.936100000000230921e+03,1.488528081236247034e-04
1.936200000000231057e+03,1.485605772153545886e-04
1.936300000000231194e+03,1.482685028637530631e-04
1.936400000000231103e+03,1.479765850959552679e-04
1.936500000000231012e+03,1.476848239389725280e-04
1.936600000000231148e+03,1.473932194196909701e-04
1.936700000000231285e+03,1.471017715648743147e-04
1.936800000000231194e+03,1.468104804011627102e-04
1.936900000000231103e+03,1.465193459550707814e-04
1.937000000000231239e+03,1.462283682526477053e-04
1.937100000000231375e+03,1.457897050046601294e-04
1.937200000000231285e+03,1.453452181786715931e-04
1.937300000000231194e+03,1.449001103526943203e-04
1.937400000000231330e+03,1.444552209697535204e-04
1.937500000000231466e+03,1.440105500899796151e-04
1.937600000000231375e+03,1.435662459857080405e-04
1.937700000000231285e+03,1.431221919483241002e-04
1.937800000000231421e+03,1.426783554760654451e-04
1.937900000000231557e+03,1.422347366292198417e-04
1.938000000000231466e+03,1.417913354675434993e-04
1.938100000000231375e+03,1.411905593212107069e-04
1.938200000000231512e+03,1.405900723668184371e-04
1.938300000000231648e+03,1.399898746822838820e-04
1.938400000000231557e+03,1.393899663453272068e-04
1.938500000000231466e+03,1.387903474334675389e-04
1.938600000000231603e+03,1.381910180240266534e-04
1.938700000000231739e+03,1.375919781941315758e-04
1.938800000000231648e+03,1.369932280207124676e-04
1.938900000000231557e+03,1.363947675804984250e-04
1.939000000000231694e+03,1.357909215089164550e-04
1.939100000000231830e+03,1.350380171883101864e-04
1.939200000000231739e+03,1.342855250013313278e-04
1.939300000000231648e+03,1.335334450005079836e-04
1.939400000000231785e+03,1.327817772381339892e-04
1.939500000000231921e+03,1.320305217662724349e-04
1.939600000000231830e+03,1.312796786367538223e-04
1.939700000000231739e+03,1.305292479011702100e-04
1.939800000000231876e+03,1.297792296108812036e-04
1.939900000000232012e+03,1.290296238170169643e-04
1.940000000000231921e+03,1.282804305700888450e-04
1.940100000000231830e+03,1.273657787271193257e-04
1.940200000000231967e+03,1.264519995381060372e-04
1.940300000000232103e+03,1.255390926111129570e-04
1.940400000000232012e+03,1.246270575541051022e-04
1.940500000000231921e+03,1.237163212626401403e-04
1.940600000000232058e+03,1.228175958081748509e-04
1.940700000000232194e+03,1.219195713099460569e-04
1.940800000000232103e+03,1.210222475855145708e-04
1.940900000000232012e+03,1.201256244522531366e-04
1.941000000000232149e+03,1.192297017270758268e-04
1.941100000000232285e+03,1.182168586732990306e-04
1.941200000000232194e+03,1.172047434261558931e-04
1.941300000000232103e+03,1.161933558259754996e-04
1.941400000000232239e+03,1.151890227551067295e-04
1.941500000000232376e+03,1.141867139790763352e-04
1.941600000000232285e+03,1.131849972164165722e-04
1.941700000000232194e+03,1.121838724383017439e-04
1.941800000000232330e+03,1.111833396157123116e-04
1.941900000000232467e+03,1.101833987194403432e-04
1.942000000000232376e+03,1.091840488392843049e-04
1.942100000000232285e+03,1.081243458523774954e-04
1.942200000000232421e+03,1.070645163150725412e-04
1.942300000000232558e+03,1.060045605697541594e-04
1.942400000000232467e+03,1.049444789588531321e-04
1.942500000000232376e+03,1.038842718248403026e-04
1.942600000000232512e+03,1.028239395102322000e-04
1.942700000000232649e+03,1.017634823575949823e-04
1.942800000000232558e+03,1.007029007095398566e-04
1.942900000000232467e+03,9.964219490871811802e-05
1.943000000000232603e+03,9.858136529750308598e-05
1.943100000000232740e+03,9.738249417570790645e-05
1.943200000000232649e+03,9.618499977901739972e-05
1.943300000000232558e+03,9.498888124227147648e-05
1.943400000000232694e+03,9.379413770049895612e-05
1.943500000000232831e+03,9.260076828892225588e-05
1.943600000000232740e+03,9.140877214295309468e-05
1.943700000000232649e+03,9.021814839818640807e-05
1.943800000000232785e+03,8.903029498676260300e-05
1.943900000000232922e+03,8.784436369320265084e-05
1.944000000000232831e+03,8.665974904030098781e-05
1.944100000000232740e+03,8.544688195216222951e-05
1.944200000000232876e+03,8.423494954334123349e-05
1.944300000000233013e+03,8.302395150054559826e-05
1.944400000000232922e+03,8.181388751043501420e-05
1.944500000000232831e+03,8.060475725961603220e-05
1.944600000000232967e+03,7.939773907581333884e-05
1.944700000000233103e+03,7.819220976776732404e-05
1.944800000000233013e+03,7.698755917566013456e-05
1.944900000000232922e+03,7.578378704980980854e-05
1.945000000000233058e+03,7.458089314044328406e-05
1.945100000000233194e+03,7.337437802188673491e-05
1.945200000000233103e+03,7.216863054363162149e-05
1.945300000000233013e+03,7.096350200328395820e-05
1.945400000000233149e+03,6.975801729982516553e-05
1.945500000000233285e+03,6.855260727554746548e-05
1.945600000000233194e+03,6.734787006284166980e-05
1.945700000000233103e+03,6.614380557201072987e-05
1.945800000000233240e+03,6.494041371328793707e-05
1.945900000000233376e+03,6.373769439684186949e-05
1.946000000000233285e+03,6.253564753577872388e-05
1.946100000000233194e+03,6.262322354494790635e-05
1.946200000000233331e+03,6.271370956895271531e-05
1.946300000000233467e+03,6.280575888050019418e-05
1.946400000000233376e+03,6.289779980878994843e-05
1.946500000000233285e+03,6.298983233504729627e-05
1.946600000000233422e+03,6.308185644049660724e-05
1.946700000000233558e+03,6.317387210636069234e-05
1.946800000000233467e+03,6.326587931386159006e-05
1.946900000000233376e+03,6.335795583904427707e-05
1.947000000000233513e+03,6.344946146439888769e-05
1.947100000000233649e+03,6.421697491562972158e-05
1.947200000000233558e+03,6.498398533543039242e-05
1.947300000000233467e+03,6.575104221610483996e-05
1.947400000000233604e+03,6.651861987291568122e-05
1.947500000000233740e+03,6.728573083767423670e-05
1.947600000000233649e+03,6.805237519282116606e-05
1.947700000000233558e+03,6.881855302083584854e-05
1.947800000000233695e+03,6.958505646022797786e-05
1.947900000000233831e+03,7.035188641996450683e-05
1.948000000000233740e+03,7.111828441331614643e-05
1.948100000000233649e+03,7.190668299149678602e-05
1.948200000000233786e+03,7.269474683531424602e-05
1.948300000000233922e+03,7.348247592576047013e-05
1.948400000000233831e+03,7.426987024386610806e-05
1.948500000000233740e+03,7.505692977070532669e-05
1.948600000000233877e+03,7.584365448739103957e-05
1.948700000000234013e+03,7.663004437507177629e-05
1.948800000000233922e+03,7.741609941493587021e-05
1.948900000000233831e+03,7.820181958821396571e-05
1.949000000000233968e+03,7.898720487616877240e-05
1.949100000000234104e+03,7.976910675076460152e-05
1.949200000000234013e+03,8.055047309070088445e-05
1.949300000000233922e+03,8.133130404196311266e-05
1.949400000000234058e+03,8.211159975054700981e-05
1.949500000000234195e+03,8.289136036245400515e-05
1.949600000000234104e+03,8.367058602369664103e-05
1.949700000000234013e+03,8.444927688030028046e-05
1.949800000000234149e+03,8.522743307830038311e-05
1.949900000000234286e+03,8.600505476373921201e-05
1.950000000000234195e+03,8.678214208268662311e-05
1.950100000000234104e+03,8.756656324413044853e-05
1.950200000000234240e+03,8.835068673864201973e-05
1.950300000000234377e+03,8.913451252569539092e-05
1.950400000000234286e+03,8.991804056480011040e-05
1.950500000000234195e+03,9.070127081550483908e-05
1.950600000000234331e+03,9.148413382638184092e-05
1.950700000000234468e+03,9.226110483610381761e-05
1.950800000000234377e+03,9.303236317162959625e-05
1.950900000000234286e+03,9.380313992700978101e-05
1.951000000000234422e+03,9.457193630661019253e-05
1.951100000000234559e+03,9.530532978488070171e-05
1.951200000000234468e+03,9.603796948866865507e-05
1.951300000000234377e+03,9.676985588112916095e-05
1.951400000000234513e+03,9.750098942521012312e-05
1.951500000000234650e+03,9.823137058364912364e-05
1.951600000000234559e+03,9.896099981897731252e-05
1.951700000000234468e+03,9.968987759352172513e-05
1.951800000000234604e+03,1.004167438138050454e-04
1.951900000000234741e+03,1.011394655474919636e-04
1.952000000000234650e+03,1.018613705817809797e-04
1.952100000000234559e+03,1.025468408828352358e-04
1.952200000000234695e+03,1.032314818486667626e-04
1.952300000000234832e+03,1.039152941028238379e-04
1.952400000000234741e+03,1.045982483646168811e-04
1.952500000000234650e+03,1.052803047329760712e-04
1.952600000000234786e+03,1.059621896596053353e-04
1.952700000000234922e+03,1.066449847318378920e-04
1.952800000000234832e+03,1.073269835147130664e-04
1.952900000000234741e+03,1.080081865791903165e-04
1.953000000000234877e+03,1.086885944957950538e-04
1.953100000000235013e+03,1.093144596171812324e-04
1.953200000000234922e+03,1.099377883386415600e-04
1.953300000000234832e+03,1.105601284477436780e-04
1.953400000000234968e+03,1.111822078123881274e-04
1.953500000000235104e+03,1.118053493859781612e-04
1.953600000000235013e+03,1.124276595391611997e-04
1.953700000000234922e+03,1.130491459469242318e-04
1.953800000000235059e+03,1.136698092946160891e-04
1.953900000000235195e+03,1.142896502671398473e-04
1.954000000000235104e+03,1.149086695489102435e-04
1.954100000000235013e+03,1.155074250332840442e-04
1.954200000000235150e+03,1.161063607144912111e-04
1.954300000000235286e+03,1.167070576126627340e-04
1.954400000000235195e+03,1.173074426982878657e-04
1.954500000000235104e+03,1.179075159316623502e-04
1.954600000000235241e+03,1.185072772731845782e-04
1.954700000000235377e+03,1.191067266833510880e-04
1.954800000000235286e+03,1.197058641227609154e-04
1.954900000000235195e+03,1.203046895521171664e-04
1.955000000000235332e+03,1.209032029318884879e-04
1.955100000000235468e+03,1.213583268256470028e-04
1.955200000000235377e+03,1.218126237776393964e-04
1.955300000000235286e+03,1.222660947067462139e-04
1.955400000000235423e+03,1.227187405310672529e-04
1.955500000000235559e+03,1.231705621679204249e-04
1.955600000000235468e+03,1.236216391237249734e-04
1.955700000000235377e+03,1.240718977735520993e-04
1.955800000000235514e+03,1.245213355790558316e-04
1.955900000000235650e+03,1.249699534528060489e-04
1.956000000000235559e+03,1.254177523064514644e-04
1.956100000000235468e+03,1.258030186811549182e-04
1.956200000000235605e+03,1.261877679666275904e-04
1.956300000000235741e+03,1.265713320314385221e-04
1.956400000000235650e+03,1.269490720300399259e-04
1.956500000000235559e+03,1.273262601520668339e-04
1.956600000000235696e+03,1.277028968644263580e-04
1.956700000000235832e+03,1.280789826337362636e-04
1.956800000000235741e+03,1.284545179263281141e-04
1.956900000000235650e+03,1.288295032082482732e-04
1.957000000000235787e+03,1.292039389449971547e-04
1.957100000000235923e+03,1.294679935611032628e-04
1.957200000000235832e+03,1.297315906086062465e-04
1.957300000000235741e+03,1.299947305325117105e-04
1.957400000000235877e+03,1.302574137775055552e-04
1.957500000000236014e+03,1.305196407879521611e-04
1.957600000000235923e+03,1.307814120078968007e-04
1.957700000000235832e+03,1.310427278810657743e-04
1.957800000000235968e+03,1.313035888508655154e-04
1.957900000000236105e+03,1.315639953603831057e-04
1.958000000000236014e+03,1.318239478521257958e-04
1.958100000000235923e+03,1.319734384225449504e-04
1.958200000000236059e+03,1.321226776304877529e-04
1.958300000000236196e+03,1.322775196329768462e-04
1.958400000000236105e+03,1.324320862303867720e-04
1.958500000000236014e+03,1.325863776570129424e-04
1.958600000000236150e+03,1.327421179102386854e-04
1.958700000000236287e+03,1.328989904476963525e-04
1.958800000000236196e+03,1.330555959357878379e-04
1.958900000000236105e+03,1.332119345896160337e-04
1.959000000000236241e+03,1.333680066238633242e-04
1.959100000000236378e+03,1.333932842293820433e-04
1.959200000000236287e+03,1.334184451063425195e-04
1.959300000000236196e+03,1.334434893741493205e-04
1.959400000000236332e+03,1.334684171521316074e-04
1.959500000000236469e+03,1.334932285595427832e-04
1.959600000000236378e+03,1.335179237155613592e-04
1.959700000000236287e+03,1.335433557851695196e-04
1.959800000000236423e+03,1.335710433208379911e-04
1.959900000000236560e+03,1.335960089566862088e-04
1.960000000000236469e+03,1.336206473520383596e-04
1.960100000000236378e+03,1.335133290353042999e-04
1.960200000000236514e+03,1.334060804518948237e-04
1.960300000000236651e+03,1.332989015651270346e-04
1.960400000000236560e+03,1.331917923383348144e-04
1.960500000000236469e+03,1.330847527348663292e-04
1.960600000000236605e+03,1.329777827180858726e-04
1.960700000000236741e+03,1.328682302942637639e-04
1.960800000000236651e+03,1.327584264831381305e-04
1.960900000000236560e+03,1.326486970209591199e-04
1.961000000000236696e+03,1.325390418659562984e-04
1.961100000000236832e+03,1.322979636903069407e-04
1.961200000000236741e+03,1.320571508216013691e-04
1.961300000000236651e+03,1.318166030638509047e-04
1.961400000000236787e+03,1.315763202211665068e-04
1.961500000000236923e+03,1.313388099163023952e-04
1.961600000000236832e+03,1.311019895444190658e-04
1.961700000000236741e+03,1.308654228157278521e-04
1.961800000000236878e+03,1.306291095522508963e-04
1.961900000000237014e+03,1.303930495760943385e-04
1.962000000000236923e+03,1.301572427090739157e-04
1.962100000000236832e+03,1.297645288909216044e-04
1.962200000000236969e+03,1.293723873681354192e-04
1.962300000000237105e+03,1.289808175756369400e-04
1.962400000000237014e+03,1.285898189487677935e-04
1.962500000000236923e+03,1.281993909232859944e-04
1.962600000000237060e+03,1.278095329353682761e-04
1.962700000000237196e+03,1.274202444216111210e-04
1.962800000000237105e+03,1.270315248190301369e-04
1.962900000000237014e+03,1.266433735650560998e-04
1.963000000000237151e+03,1.262557900972359850e-04
1.963100000000237287e+03,1.257426462972479004e-04
1.963200000000237196e+03,1.252291908679945356e-04
1.963300000000237105e+03,1.247164803314644934e-04
1.963400000000237242e+03,1.242045140346034488e-04
1.963500000000237378e+03,1.236932913247489074e-04
1.963600000000237287e+03,1.231828115496293380e-04
1.963700000000237196e+03,1.226730740573598092e-04
1.963800000000237333e+03,1.221640781964445635e-04
1.963900000000237469e+03,1.216578302095568538e-04
1.964000000000237378e+03,1.211530214000459168e-04
1.964100000000237287e+03,1.205003323999255792e-04
1.964200000000237424e+03,1.198487717669143547e-04
1.964300000000237560e+03,1.191983382782638460e-04
1.964400000000237469e+03,1.185490307121843753e-04
1.964500000000237378e+03,1.179008538543026443e-04
1.964600000000237515e+03,1.172538655096217196e-04
1.964700000000237651e+03,1.166079986449350739e-04
1.964800000000237560e+03,1.159632741483504519e-04
1.964900000000237469e+03,1.153197268416674451e-04
1.965000000000237605e+03,1.146772964743264121e-04
1.965100000000237742e+03,1.139313682478859647e-04
1.965200000000237651e+03,1.131865753278396601e-04
1.965300000000237560e+03,1.124429168177051202e-04
1.965400000000237696e+03,1.117003918214074773e-04
1.965500000000237833e+03,1.109573614586024172e-04
1.965600000000237742e+03,1.102146434890996914e-04
1.965700000000237651e+03,1.094730895815680211e-04
1.965800000000237787e+03,1.087326987626887449e-04
1.965900000000237924e+03,1.079934700596434116e-04
1.966000000000237833e+03,1.072554024998052433e-04
1.966100000000237742e+03,1.063910923253490312e-04
1.966200000000237878e+03,1.055284267255268590e-04
1.966300000000238015e+03,1.046688583616677492e-04
1.966400000000237924e+03,1.038117889484178663e-04
1.966500000000237833e+03,1.029606100894089004e-04
1.966600000000237969e+03,1.021139232065876643e-04
1.966700000000238106e+03,1.012687135847866176e-04
1.966800000000238015e+03,1.004249798176383874e-04
1.966900000000237924e+03,9.958272049962816328e-05
1.967000000000238060e+03,9.874193422591571187e-05
1.967100000000238197e+03,9.782476079477393110e-05
1.967200000000238106e+03,9.690803623275520066e-05
1.967300000000238015e+03,9.599268382171294387e-05
1.967400000000238151e+03,9.507870273697165489e-05
1.967500000000238288e+03,9.416609215398829029e-05
1.967600000000238197e+03,9.325485124834892155e-05
1.967700000000238106e+03,9.234497919576418145e-05
1.967800000000238242e+03,9.143647517207320781e-05
1.967900000000238379e+03,9.052823709198318334e-05
1.968000000000238288e+03,8.962047143673925517e-05
1.968100000000238197e+03,8.861358933214889106e-05
1.968200000000238333e+03,8.760882171374243790e-05
1.968300000000238470e+03,8.660616606612918150e-05
1.968400000000238379e+03,8.560561987599057553e-05
1.968500000000238288e+03,8.460718063207454942e-05
1.968600000000238424e+03,8.361084582519888301e-05
1.968700000000238560e+03,8.261567935584286952e-05
1.968800000000238470e+03,8.162173001933213136e-05
1.968900000000238379e+03,8.062992195718795174e-05
1.969000000000238515e+03,7.964025252582338898e-05
1.969100000000238651e+03,7.862223734776064752e-05
1.969200000000238560e+03,7.760589399692385283e-05
1.969300000000238470e+03,7.659122144916061660e-05
1.969400000000238606e+03,7.557821868042520887e-05
1.969500000000238742e+03,7.456688466678340990e-05
1.969600000000238651e+03,7.355721838440849858e-05
1.969700000000238560e+03,7.254921880957630579e-05
1.969800000000238697e+03,7.154288491867022881e-05
1.969900000000238833e+03,7.053572824300696905e-05
1.970000000000238742e+03,6.952948194492780470e-05
1.970100000000238651e+03,6.847943117786833183e-05
1.970200000000238788e+03,6.743170914520842834e-05
1.970300000000238924e+03,6.638567755472351780e-05
1.970400000000238833e+03,6.534115195405435709e-05
1.970500000000238742e+03,6.429899334064462983e-05
1.970600000000238879e+03,6.325919878248520835e-05
1.970700000000239015e+03,6.222176535012988337e-05
1.970800000000238924e+03,6.118669011668835739e-05
1.970900000000238833e+03,6.015397015782091174e-05
1.971000000000238970e+03,5.912360255173665152e-05
1.971100000000239106e+03,5.809351904599275809e-05
1.971200000000239015e+03,5.706497569198255821e-05
1.971300000000238924e+03,5.603877828493916891e-05
1.971400000000239061e+03,5.501492402175276803e-05
1.971500000000239197e+03,5.399341010161679217e-05
1.971600000000239106e+03,5.297423372602274607e-05
1.971700000000239015e+03,5.195739209875333827e-05
1.971800000000239152e+03,5.094288242588599800e-05
1.971900000000239288e+03,4.993070191579624295e-05
1.972000000000239197e+03,4.892084778258245711e-05
1.972100000000239106e+03,4.934618117026426111e-05
1.972200000000239243e+03,4.977058287038419371e-05
1.972300000000239379e+03,5.019405357795823301e-05
1.972400000000239288e+03,5.061659398785400436e-05
1.972500000000239197e+03,5.103820479479184426e-05
1.972600000000239334e+03,5.145888669334353316e-05
1.972700000000239470e+03,5.187864037792968663e-05
1.972800000000239379e+03,5.229746654282172726e-05
1.972900000000239288e+03,5.271536588214382265e-05
1.973000000000239424e+03,5.313233909019544909e-05
1.973100000000239561e+03,5.368358063253023636e-05
1.973200000000239470e+03,5.423312889320442602e-05
1.973300000000239379e+03,5.478215800491913759e-05
1.973400000000239515e+03,5.532964308889743994e-05
1.973500000000239652e+03,5.587512644733894410e-05
1.973600000000239561e+03,5.641802774934945005e-05
1.973700000000239470e+03,5.695925067327580534e-05
1.973800000000239606e+03,5.749880521178644586e-05
1.973900000000239743e+03,5.803668609209773773e-05
1.974000000000239652e+03,5.857289591663888517e-05
1.974100000000239561e+03,5.912202758350643648e-05
1.974200000000239697e+03,5.966950631646623893e-05
1.974300000000239834e+03,6.021533448131667952e-05
1.974400000000239743e+03,6.075951444152159368e-05
1.974500000000239652e+03,6.130204855821334853e-05
1.974600000000239788e+03,6.184293919019326292e-05
1.974700000000239925e+03,6.238218869393009642e-05
1.974800000000239834e+03,6.291979942356476551e-05
1.974900000000239743e+03,6.345577373091464655e-05
1.975000000000239879e+03,6.399011396550187349e-05
1.975100000000240016e+03,6.453576575679550239e-05
1.975200000000239925e+03,6.508227847571909901e-05
1.975300000000239834e+03,6.562734892887740984e-05
1.975400000000239970e+03,6.617097855714805770e-05
1.975500000000240107e+03,6.671316880058998438e-05
1.975600000000240016e+03,6.725392109844635083e-05
1.975700000000239925e+03,6.779323688914749163e-05
1.975800000000240061e+03,6.833111761030817740e-05
1.975900000000240198e+03,6.886756469872615109e-05
1.976000000000240107e+03,6.940257959038361878e-05
1.976100000000240016e+03,6.993590342767889913e-05
1.976200000000240152e+03,7.046788207904084638e-05
1.976300000000240289e+03,7.099851658423277448e-05
1.976400000000240198e+03,7.152780798275534943e-05
1.976500000000240107e+03,7.205564244634625785e-05
1.976600000000240243e+03,7.258177036518497524e-05
1.976700000000240379e+03,7.310172723320345657e-05
1.976800000000240289e+03,7.362026935872131178e-05
1.976900000000240198e+03,7.413739807693611836e-05
1.977000000000240334e+03,7.465311472237564727e-05
1.977100000000240470e+03,7.513567029696656397e-05
1.977200000000240379e+03,7.561662623214392934e-05
1.977300000000240289e+03,7.609598479312420019e-05
1.977400000000240425e+03,7.657374824298185639e-05
1.977500000000240561e+03,7.705005762149058938e-05
1.977600000000240470e+03,7.752637555495093711e-05
1.977700000000240379e+03,7.800112639941086338e-05
1.977800000000240516e+03,7.847285797584402020e-05
1.977900000000240652e+03,7.894261144783508986e-05
1.978000000000240561e+03,7.941078208113779371e-05
1.978100000000240470e+03,7.984667585910222554e-05
1.978200000000240607e+03,8.028098791506329667e-05
1.978300000000240743e+03,8.071372070601229613e-05
1.978400000000240652e+03,8.114487668635164143e-05
1.978500000000240561e+03,8.157445830789940516e-05
1.978600000000240698e+03,8.200246801988909809e-05
1.978700000000240834e+03,8.242890826897002155e-05
1.978800000000240743e+03,8.285378149921103507e-05
1.978900000000240652e+03,8.327510326999752516e-05
1.979000000000240789e+03,8.369289249101101100e-05
1.979100000000240925e+03,8.408103482731869231e-05
1.979200000000240834e+03,8.446773901405046502e-05
1.979300000000240743e+03,8.485300717085950985e-05
1.979400000000240880e+03,8.523684141534501363e-05
1.979500000000241016e+03,8.561924386305195243e-05
1.979600000000240925e+03,8.600021662747331418e-05
1.979700000000240834e+03,8.637976182005469299e-05
1.979800000000240971e+03,8.675788155019282545e-05
1.979900000000241107e+03,8.713457792523653935e-05
1.980000000000241016e+03,8.751031882316869241e-05
1.980100000000240925e+03,8.784862756744786787e-05
1.980200000000241062e+03,8.818571056393182804e-05
1.980300000000241198e+03,8.852156931680469287e-05
1.980400000000241107e+03,8.885620532915827568e-05
1.980500000000241016e+03,8.918962010299400769e-05
1.980600000000241153e+03,8.952181513922216551e-05
1.980700000000241289e+03,8.985279193766057006e-05
1.980800000000241198e+03,9.018255199703722937e-05
1.980900000000241107e+03,9.051109681499163958e-05
1.981000000000241243e+03,9.083842788792513795e-05
1.981100000000241380e+03,9.110267344528262220e-05
1.981200000000241289e+03,9.136784486045248003e-05
1.981300000000241198e+03,9.163203538727487669e-05
1.981400000000241334e+03,9.189512890206363806e-05
1.981500000000241471e+03,9.215712691741890855e-05
1.981600000000241380e+03,9.241803094463352870e-05
1.981700000000241289e+03,9.267784249369616584e-05
1.981800000000241425e+03,9.293656307328997232e-05
1.981900000000241562e+03,9.319419419079314122e-05
1.982000000000241471e+03,9.345073735212325555e-05
1.982100000000241380e+03,9.364120984443702691e-05
1.982200000000241516e+03,9.383076885671770041e-05
1.982300000000241653e+03,9.402089188744242433e-05
1.982400000000241562e+03,9.421085531396046627e-05
1.982500000000241471e+03,9.439991817592317965e-05
1.982600000000241607e+03,9.458808171818181888e-05
1.982700000000241744e+03,9.477534718453382097e-05
1.982800000000241653e+03,9.496171581772512300e-05
1.982900000000241562e+03,9.514718885945085331e-05
1.983000000000241698e+03,9.533176755016926885e-05
1.983100000000241835e+03,9.543844942062270915e-05
1.983200000000241744e+03,9.554270133498489351e-05
1.983300000000241653e+03,9.564591164859717186e-05
1.983400000000241789e+03,9.574843793018479696e-05
1.983500000000241926e+03,9.585026774728460167e-05
1.983600000000241835e+03,9.595140223174075677e-05
1.983700000000241744e+03,9.605184251423524967e-05
1.983800000000241880e+03,9.615158972428758616e-05
1.983900000000242017e+03,9.625072276741690198e-05
1.984000000000241926e+03,9.635084502238973260e-05
1.984100000000241835e+03,9.639946723878804811e-05
1.984200000000241971e+03,9.644766963007221042e-05
1.984300000000242107e+03,9.649545256242021403e-05
1.984400000000242017e+03,9.654281640192665119e-05
1.984500000000241926e+03,9.658952342876519495e-05
1.984600000000242062e+03,9.663376716390544865e-05
1.984700000000242198e+03,9.667759065455466783e-05
1.984800000000242107e+03,9.672099429596127526e-05
1.984900000000242017e+03,9.676397848325662694e-05
1.985000000000242153e+03,9.680654361120220332e-05
1.985100000000242289e+03,9.674469547072839118e-05
1.985200000000242198e+03,9.668268047525204031e-05
1.985300000000242107e+03,9.662049893571619450e-05
1.985400000000242244e+03,9.655815116277526933e-05
1.985500000000242380e+03,9.649563746679646172e-05
1.985600000000242289e+03,9.643445894155747871e-05
1.985700000000242198e+03,9.637377282111975522e-05
1.985800000000242335e+03,9.631291891283716151e-05
1.985900000000242471e+03,9.625189751479582478e-05
1.986000000000242380e+03,9.619070892459720672e-05
1.986100000000242289e+03,9.603660709209740497e-05
1.986200000000242426e+03,9.588263269177967865e-05
1.986300000000242562e+03,9.572878565178226753e-05
1.986400000000242471e+03,9.557506590027223757e-05
1.986500000000242380e+03,9.542147336544453231e-05
1.986600000000242517e+03,9.526800797552285372e-05
1.986700000000242653e+03,9.511466965876101752e-05
1.986800000000242562e+03,9.496267894087211353e-05
1.986900000000242471e+03,9.481183404192169224e-05
1.987000000000242608e+03,9.466110894644447031e-05
1.987100000000242744e+03,9.443604314651430373e-05
1.987200000000242653e+03,9.421131363211133981e-05
1.987300000000242562e+03,9.398692015008541659e-05
1.987400000000242699e+03,9.376286244737621180e-05
1.987500000000242835e+03,9.353914027101523510e-05
1.987600000000242744e+03,9.331575336812315824e-05
1.987700000000242653e+03,9.309270148591011318e-05
1.987800000000242790e+03,9.286998437167654592e-05
1.987900000000242926e+03,9.264817881722195968e-05
1.988000000000242835e+03,9.242831472604819121e-05
1.988100000000242744e+03,9.210179889829343055e-05
1.988200000000242881e+03,9.177598481862227610e-05
1.988300000000243017e+03,9.145087169329102212e-05
1.988400000000242926e+03,9.112645872914698858e-05
1.988500000000242835e+03,9.080274513362720655e-05
1.988600000000242972e+03,9.047973011475894678e-05
1.988700000000243108e+03,9.015741288116112912e-05
1.988800000000243017e+03,8.983579264204281825e-05
1.988900000000242926e+03,8.951486860720125850e-05
1.989000000000243062e+03,8.919463998682377660e-05
1.989100000000243199e+03,8.879347008510376593e-05
1.989200000000243108e+03,8.839321689221235287e-05
1.989300000000243017e+03,8.799388003997066134e-05
1.989400000000243153e+03,8.759545889847316692e-05
1.989500000000243290e+03,8.719795258456072319e-05
1.989600000000243199e+03,8.680136021553965886e-05
1.989700000000243108e+03,8.640568090918084260e-05
1.989800000000243244e+03,8.601091378372124159e-05
1.989900000000243381e+03,8.561705795786507349e-05
1.990000000000243290e+03,8.522411255053400627e-05
1.990100000000243199e+03,8.473031440544504856e-05
1.990200000000243335e+03,8.423927942894691794e-05
1.990300000000243472e+03,8.375017798083061072e-05
1.990400000000243381e+03,8.326327611448937826e-05
1.990500000000243290e+03,8.277869405325502582e-05
1.990600000000243426e+03,8.229542276839164883e-05
1.990700000000243563e+03,8.181346058718651129e-05
1.990800000000243472e+03,8.133280583831022429e-05
1.990900000000243381e+03,8.085345685181398131e-05
1.991000000000243517e+03,8.037541195897491034e-05
1.991100000000243654e+03,7.983459529833841013e-05
1.991200000000243563e+03,7.929437803408010375e-05
1.991300000000243472e+03,7.875450788693124033e-05
1.991400000000243608e+03,7.821601280124393591e-05
1.991500000000243745e+03,7.767889157391091523e-05
1.991600000000243654e+03,7.714314300229864517e-05
1.991700000000243563e+03,7.660876588424508503e-05
1.991800000000243699e+03,7.607575901806207176e-05
1.991900000000243836e+03,7.554412120253780011e-05
1.992000000000243745e+03,7.501320301709508683e-05
1.992100000000243654e+03,7.440932776430973750e-05
1.992200000000243790e+03,7.380707427064881474e-05
1.992300000000243926e+03,7.320644103169846972e-05
1.992400000000243836e+03,7.260718238743897796e-05
1.992500000000243745e+03,7.200808347619716543e-05
1.992600000000243881e+03,7.141062849614755010e-05
1.992700000000244017e+03,7.081481583101396796e-05
1.992800000000243926e+03,7.022011211071210030e-05
1.992900000000243836e+03,6.962607289750114632e-05
1.993000000000243972e+03,6.903369680648622391e-05
1.993100000000244108e+03,6.837262223204990390e-05
1.993200000000244017e+03,6.771354734183832318e-05
1.993300000000243926e+03,6.705646963124281936e-05
1.993400000000244063e+03,6.640138659759260589e-05
1.993500000000244199e+03,6.574829574015689986e-05
1.993600000000244108e+03,6.509674450931709957e-05
1.993700000000244017e+03,6.444619155854371193e-05
1.993800000000244154e+03,6.379765226709263202e-05
1.993900000000244290e+03,6.315112400880237809e-05
1.994000000000244199e+03,6.250660415952494025e-05
1.994100000000244108e+03,6.180646002204978802e-05
1.994200000000244245e+03,6.110863263370296344e-05
1.994300000000244381e+03,6.041311850464508795e-05
1.994400000000244290e+03,5.971955283897253291e-05
1.994500000000244199e+03,5.902733671067340410e-05
1.994600000000244336e+03,5.833745420889623707e-05
1.994700000000244472e+03,5.764990170419559380e-05
1.994800000000244381e+03,5.696467557097491328e-05
1.994900000000244290e+03,5.628177218748071112e-05
1.995000000000244427e+03,5.560118793571830308e-05
1.995100000000244563e+03,5.488862489231915103e-05
1.995200000000244472e+03,5.417840744546280118e-05
1.995300000000244381e+03,5.347053233731663088e-05
1.995400000000244518e+03,5.276499631295308298e-05
1.995500000000244654e+03,5.206179612035111598e-05
1.995600000000244563e+03,5.136092851039083043e-05
1.995700000000244472e+03,5.066239023684880686e-05
1.995800000000244609e+03,4.996546558806012379e-05
1.995900000000244745e+03,4.926925345037013278e-05
1.996000000000244654e+03,4.857542637680873260e-05
1.996100000000244563e+03,4.785429632914774280e-05
1.996200000000244700e+03,4.713580623467304622e-05
1.996300000000244836e+03,4.641995146500307542e-05
1.996400000000244745e+03,4.570672739741701125e-05
1.996500000000244654e+03,4.499612941484645482e-05
1.996600000000244790e+03,4.428815290587282544e-05
1.996700000000244927e+03,4.358279326472561230e-05
1.996800000000244836e+03,4.287989756696510246e-05
1.996900000000244745e+03,4.217875241542647427e-05
1.997000000000244881e+03,4.147735835516262455e-05
1.997100000000245018e+03,4.077920242898177037e-05
1.997200000000244927e+03,4.008349741043617257e-05
1.997300000000244836e+03,3.939023961885146098e-05
1.997400000000244972e+03,3.869942537711030237e-05
1.997500000000245109e+03,3.801105101165328139e-05
1.997600000000245018e+03,3.732511285247287639e-05
1.997700000000244927e+03,3.664160723310831632e-05
1.997800000000245063e+03,3.596053049064611601e-05
1.997900000000245200e+03,3.528187896572060475e-05
1.998000000000245109e+03,3.460564900368283170e-05
1.998100000000245018e+03,3.441002548447267715e-05
1.998200000000245154e+03,3.421495323233441705e-05
1.998300000000245291e+03,3.402043151484570243e-05
1.998400000000245200e+03,3.382669372818234604e-05
1.998500000000245109e+03,3.363628630095308656e-05
1.998600000000245245e+03,3.344639297707217303e-05
1.998700000000245382e+03,3.325701316776560792e-05
1.998800000000245291e+03,3.306814628463934554e-05
1.998900000000245200e+03,3.287979173967827567e-05
1.999000000000245336e+03,3.269194894651437412e-05
1.999100000000245473e+03,3.302028898828503580e-05
1.999200000000245382e+03,3.334795265466289674e-05
1.999300000000245291e+03,3.367509044185966818e-05
1.999400000000245427e+03,3.400085906110081942e-05
1.999500000000245564e+03,3.432526034660458647e-05
1.999600000000245473e+03,3.464829613113236287e-05
1.999700000000245382e+03,3.496996824599145766e-05
1.999800000000245518e+03,3.529027852103413989e-05
1.999900000000245655e+03,3.560922878465668320e-05
2.000000000000245564e+03,3.592682086383309803e-05
2.000100000000245473e+03,3.625575887587823194e-05
2.000200000000245609e+03,3.658336604874915822e-05
2.000300000000245745e+03,3.690948638999172742e-05
2.000400000000245655e+03,3.723355183826108222e-05
2.000500000000245564e+03,3.755626221075471379e-05
2.000600000000245700e+03,3.787760982989075813e-05
2.000700000000245836e+03,3.819761842101343459e-05
2.000800000000245745e+03,3.851628960516366402e-05
2.000900000000245655e+03,3.883446215709482157e-05
2.001000000000245791e+03,3.915134804964257866e-05
2.001100000000245927e+03,3.946675762939808599e-05
2.001200000000245836e+03,3.978075674678177662e-05
2.001300000000245745e+03,4.009334749357046200e-05
2.001400000000245882e+03,4.040453195960410092e-05
2.001500000000246018e+03,4.071344294438142448e-05
2.001600000000245927e+03,4.102084083451555002e-05
2.001700000000245836e+03,4.132682408155302785e-05
2.001800000000245973e+03,4.163139486536625658e-05
2.001900000000246109e+03,4.193455536371360317e-05
2.002000000000246018e+03,4.223630775224516959e-05
2.002100000000245927e+03,4.253767093295166880e-05
2.002200000000246064e+03,4.283764986410569455e-05
2.002300000000246200e+03,4.313624665009394617e-05
2.002400000000246109e+03,4.343346339327870751e-05
2.002500000000246018e+03,4.372930219400042185e-05
2.002600000000246155e+03,4.402441261896950680e-05
2.002700000000246291e+03,4.431855870886045170e-05
2.002800000000246200e+03,4.461134711640232320e-05
2.002900000000246109e+03,4.490277983894913822e-05
2.003000000000246246e+03,4.519285887202518701e-05
2.003100000000246382e+03,4.548643021521614461e-05
2.003200000000246291e+03,4.577880523608239034e-05
2.003300000000246200e+03,4.607085848911436908e-05
2.003400000000246337e+03,4.636188910927468103e-05
2.003500000000246473e+03,4.665173975958929013e-05
2.003600000000246382e+03,4.694041482316506348e-05
2.003700000000246291e+03,4.722756152589373583e-05
2.003800000000246428e+03,4.751278088949824151e-05
2.003900000000246564e+03,4.779681129210847296e-05
2.004000000000246473e+03,4.807965387302957211e-05
2.004100000000246382e+03,4.834723106974155038e-05
2.004200000000246519e+03,4.861383713913323875e-05
2.004300000000246655e+03,4.887926552555822343e-05
2.004400000000246564e+03,4.914351759733166070e-05
2.004500000000246473e+03,4.940659472193009678e-05
2.004600000000246609e+03,4.966849826599032942e-05
2.004700000000246746e+03,4.992922959530887261e-05
2.004800000000246655e+03,5.018886006841285938e-05
2.004900000000246564e+03,5.044931977377368793e-05
2.005000000000246700e+03,5.070889570488607825e-05
2.005100000000246837e+03,5.093605127050812462e-05
2.005200000000246746e+03,5.116198879516183160e-05
2.005300000000246655e+03,5.138671045169069477e-05
2.005400000000246791e+03,5.161021841051778933e-05
2.005500000000246928e+03,5.183251483964759971e-05
2.005600000000246837e+03,5.205360190466829640e-05
2.005700000000246746e+03,5.227006229817340773e-05
2.005800000000246882e+03,5.248401888041934399e-05
2.005900000000247019e+03,5.269673494371223700e-05
2.006000000000246928e+03,5.291019125161888472e-05
2.006100000000246837e+03,5.313036067747313224e-05
2.006200000000246973e+03,5.334963777805285017e-05
2.006300000000247110e+03,5.356802308242268460e-05
2.006400000000247019e+03,5.378551711976953221e-05
2.006500000000246928e+03,5.400128393554303943e-05
2.006600000000247064e+03,5.421577888393928072e-05
2.006700000000247201e+03,5.442937455896453632e-05
2.006800000000247110e+03,5.464207155026563396e-05
2.006900000000247019e+03,5.485387044756244950e-05
2.007000000000247155e+03,5.506477184052083163e-05
2.007100000000247292e+03,5.522713606253554496e-05
2.007200000000247201e+03,5.539187728544901675e-05
2.007300000000247110e+03,5.555570819186287209e-05
2.007400000000247246e+03,5.571863015477233433e-05
2.007500000000247383e+03,5.588064454591480326e-05
2.007600000000247292e+03,5.604175273577161010e-05
2.007700000000247201e+03,5.620195609356893235e-05
2.007800000000247337e+03,5.636125598727905411e-05
2.007900000000247474e+03,5.651965378361939712e-05
2.008000000000247383e+03,5.667715084802563933e-05
2.008100000000247292e+03,5.682219895848894487e-05
2.008200000000247428e+03,5.696687028367612785e-05
2.008300000000247564e+03,5.711193469702144463e-05
2.008400000000247474e+03,5.725633488543146034e-05
2.008500000000247383e+03,5.740007123099068930e-05
2.008600000000247519e+03,5.754314411583210287e-05
2.008700000000247655e+03,5.768555392213603174e-05
2.008800000000247564e+03,5.782730103213130430e-05
2.008900000000247474e+03,5.796913354420648212e-05
2.009000000000247610e+03,5.811086050173481311e-05
2.009100000000247746e+03,5.819777567091757766e-05
2.009200000000247655e+03,5.828409915811727721e-05
2.009300000000247564e+03,5.836983177626088088e-05
2.009400000000247701e+03,5.845367077737590231e-05
2.009500000000247837e+03,5.853682963962871492e-05
2.009600000000247746e+03,5.861939615244980868e-05
2.009700000000247655e+03,5.870137116841233618e-05
2.009800000000247792e+03,5.878275553937112541e-05
2.009900000000247928e+03,5.886355011646320155e-05
2.010000000000247837e+03,5.894375575004415105e-05
2.010100000000247746e+03,5.899742713410007340e-05
2.010200000000247883e+03,5.905069325224655515e-05
2.010300000000248019e+03,5.910355444020397330e-05
2.010400000000247928e+03,5.915601103360768309e-05
2.010500000000247837e+03,5.920806336800822124e-05
2.010600000000247974e+03,5.925971177887120436e-05
2.010700000000248110e+03,5.931095660157693591e-05
2.010800000000248019e+03,5.936179817142064332e-05
2.010900000000247928e+03,5.941223682361295241e-05
2.011000000000248065e+03,5.946227289314829229e-05
2.011100000000248201e+03,5.945917614493101259e-05
2.011200000000248110e+03,5.945582643553832278e-05
2.011300000000248019e+03,5.945283672563093317e-05
2.011400000000248156e+03,5.945031434169414865e-05
2.011500000000248292e+03,5.944753983744425948e-05
2.011600000000248201e+03,5.944504625119433923e-05
2.011700000000248110e+03,5.944318229472797131e-05
2.011800000000248247e+03,5.944106700269784622e-05
2.011900000000248383e+03,5.943870067509840217e-05
2.012000000000248292e+03,5.943608361164257102e-05
2.012100000000248201e+03,5.938807818925248463e-05
2.012200000000248338e+03,5.933921368888318669e-05
2.012300000000248474e+03,5.929026112012514581e-05
2.012400000000248383e+03,5.924122060832580762e-05
2.012500000000248292e+03,5.919209227876200233e-05
2.012600000000248428e+03,5.914287625664029028e-05
2.012700000000248565e+03,5.909357266709710425e-05
2.012800000000248474e+03,5.904418163519891891e-05
2.012900000000248383e+03,5.899470328594107166e-05
2.013000000000248519e+03,5.894513774414512268e-05
2.013100000000248656e+03,5.885358392518163194e-05
2.013200000000248565e+03,5.876208548694861281e-05
2.013300000000248474e+03,5.867064154092325556e-05
2.013400000000248610e+03,5.857925207183621244e-05
2.013500000000248747e+03,5.848791706441905727e-05
2.013600000000248656e+03,5.839663650340393310e-05
2.013700000000248565e+03,5.830541037352313880e-05
2.013800000000248701e+03,5.821423865950980676e-05
2.013900000000248838e+03,5.812424924434776404e-05
2.014000000000248747e+03,5.803456437056842698e-05
2.014100000000248656e+03,5.788873900188466889e-05
2.014200000000248792e+03,5.774314109630321269e-05
2.014300000000248929e+03,5.759777048236389515e-05
2.014400000000248838e+03,5.745262698867128668e-05
2.014500000000248747e+03,5.730731816191119685e-05
2.014600000000248883e+03,5.716134843272953142e-05
2.014700000000249020e+03,5.701561180201253641e-05
2.014800000000248929e+03,5.687010808325660793e-05
2.014900000000248838e+03,5.672483709003833916e-05
2.015000000000248974e+03,5.658196058297014670e-05
2.015100000000249111e+03,5.638794250059493788e-05
2.015200000000249020e+03,5.619430147083756273e-05
2.015300000000248929e+03,5.600103719238431907e-05
2.015400000000249065e+03,5.580814936402894917e-05
2.015500000000249202e+03,5.561563768467364259e-05
2.015600000000249111e+03,5.542350185332781652e-05
2.015700000000249020e+03,5.523174156910760072e-05
2.015800000000249156e+03,5.504035653123664395e-05
2.015900000000249292e+03,5.484934643904677121e-05
2.016000000000249202e+03,5.465871099183534346e-05
2.016100000000249111e+03,5.441158297861186185e-05
2.016200000000249247e+03,5.416503322353735233e-05
2.016300000000249383e+03,5.391906110155811549e-05
2.016400000000249292e+03,5.367366598801248591e-05
2.016500000000249202e+03,5.342884725862984954e-05
2.016600000000249338e+03,5.318460428953128747e-05
2.016700000000249474e+03,5.294093645723086343e-05
2.016800000000249383e+03,5.269784313863413300e-05
2.016900000000249292e+03,5.245532371103730335e-05
2.017000000000249429e+03,5.221337755205522868e-05
2.017100000000249565e+03,5.194300011768336335e-05
2.017200000000249474e+03,5.167313210559588331e-05
2.017300000000249383e+03,5.140139291327916737e-05
2.017400000000249520e+03,5.113012786049564228e-05
2.017500000000249656e+03,5.085939765785065392e-05
2.017600000000249565e+03,5.058920211527706979e-05
2.017700000000249474e+03,5.031971149476860948e-05
2.017800000000249611e+03,5.005170566263328601e-05
2.017900000000249747e+03,4.978422191396473953e-05
2.018000000000249656e+03,4.951726009348861031e-05
2.018100000000249565e+03,4.919025910686765683e-05
2.018200000000249702e+03,4.886407655115573254e-05
2.018300000000249838e+03,4.853871155200966417e-05
2.018400000000249747e+03,4.821336800780896007e-05
2.018500000000249656e+03,4.788850416998213642e-05
2.018600000000249793e+03,4.756447067358847007e-05
2.018700000000249929e+03,4.724126658667039273e-05
2.018800000000249838e+03,4.691889097790223623e-05
2.018900000000249747e+03,4.659734291658852490e-05
2.019000000000249884e+03,4.627662147259029729e-05
2.019100000000250020e+03,4.592673494420376220e-05
2.019200000000249929e+03,4.557760873064033125e-05
2.019300000000249838e+03,4.522924238898342025e-05
2.019400000000249975e+03,4.488163547633423943e-05
2.019500000000250111e+03,4.453478754981349437e-05
2.019600000000250020e+03,4.418869816655964444e-05
2.019700000000249929e+03,4.384336688372773052e-05
2.019800000000250066e+03,4.349879325849073707e-05
2.019900000000250202e+03,4.315497684804131323e-05
2.020000000000250111e+03,4.281191720948480277e-05
2.020100000000250020e+03,4.242758862560194044e-05
2.020200000000250157e+03,4.204419497917210972e-05
2.020300000000250293e+03,4.166173539422132787e-05
2.020400000000250202e+03,4.128020899521138009e-05
2.020500000000250111e+03,4.089961490703864047e-05
2.020600000000250247e+03,4.052034211335974124e-05
2.020700000000250384e+03,4.014447293281482495e-05
2.020800000000250293e+03,3.976947949166255295e-05
2.020900000000250202e+03,3.939536111547350017e-05
2.021000000000250338e+03,3.902386084689651543e-05
2.021100000000250475e+03,3.861960318441336399e-05
2.021200000000250384e+03,3.821631789255389562e-05
2.021300000000250293e+03,3.781400408825236117e-05
2.021400000000250429e+03,3.741267303927099658e-05
2.021500000000250566e+03,3.701232201180235196e-05
2.021600000000250475e+03,3.661293933787044115e-05
2.021700000000250384e+03,3.621452413768713269e-05
2.021800000000250520e+03,3.581784469437459276e-05
2.021900000000250657e+03,3.542214710864330146e-05
2.022000000000250566e+03,3.502739664039144520e-05
2.022100000000250475e+03,3.461502742881963202e-05
2.022200000000250611e+03,3.420354718556604072e-05
2.022300000000250748e+03,3.379295535655181412e-05
2.022400000000250657e+03,3.338325138774199169e-05
2.022500000000250566e+03,3.297443472514370024e-05
2.022600000000250702e+03,3.256583375402118368e-05
2.022700000000250839e+03,3.215810297165081134e-05
2.022800000000250748e+03,3.175131102661249329e-05
2.022900000000250657e+03,3.134542079265067527e-05
2.023000000000250793e+03,3.094043166006069448e-05
2.023100000000250930e+03,3.052695387066412875e-05
2.023200000000250839e+03,3.011425272277444990e-05
2.023300000000250748e+03,2.970232798459852372e-05
2.023400000000250884e+03,2.929002307112381026e-05
2.023500000000251021e+03,2.887837261505729904e-05
2.023600000000250930e+03,2.846753462291981446e-05
2.023700000000250839e+03,2.805750875470851985e-05
2.023800000000250975e+03,2.764829467030242759e-05
2.023900000000251111e+03,2.723989202946446931e-05
2.024000000000251021e+03,2.683211409302375876e-05
2.024100000000250930e+03,2.641166102285241347e-05
2.024200000000251066e+03,2.599226375126728765e-05
2.024300000000251202e+03,2.557392105612109627e-05
2.024400000000251111e+03,2.515663171611495942e-05
2.024500000000251021e+03,2.474039451079621023e-05
2.024600000000251157e+03,2.432520822055984157e-05
2.024700000000251293e+03,2.391107162665013236e-05
2.024800000000251202e+03,2.349798351115832672e-05
2.024900000000251111e+03,2.308594265702049942e-05
2.025000000000251248e+03,2.267494784854691422e-05
2.025100000000251384e+03,2.247481532568472868e-05
2.025200000000251293e+03,2.227298335096394974e-05
2.025300000000251202e+03,2.207157124522615645e-05
2.025400000000251339e+03,2.187057864956104607e-05
2.025500000000251475e+03,2.167000520521597241e-05
2.025600000000251384e+03,2.146985055359493618e-05
2.025700000000251293e+03,2.127011433625761256e-05
2.025800000000251430e+03,2.107079619492037445e-05
2.025900000000251566e+03,2.087189577145696329e-05
2.026000000000251475e+03,2.067341270895816459e-05
2.026100000000251384e+03,2.089625769644650241e-05
2.026200000000251521e+03,2.111864149571463152e-05
2.026300000000251657e+03,2.133982408047806149e-05
2.026400000000251566e+03,2.156025772873815537e-05
2.026500000000251475e+03,2.178021007979024203e-05
2.026600000000251612e+03,2.200003963988806806e-05
2.026700000000251748e+03,2.221953173357056420e-05
2.026800000000251657e+03,2.243855327445203469e-05
2.026900000000251566e+03,2.265710454809769791e-05
2.027000000000251703e+03,2.287518584005845401e-05
2.027100000000251839e+03,2.309428359593302204e-05
2.027200000000251748e+03,2.331280856306213966e-05
2.027300000000251657e+03,2.353076142203692228e-05
2.027400000000251794e+03,2.374763419247910874e-05
2.027500000000251930e+03,2.396330547024955995e-05
2.027600000000251839e+03,2.417838623043807512e-05
2.027700000000251748e+03,2.439287723290114337e-05
2.027800000000251885e+03,2.460677923684305199e-05
2.027900000000252021e+03,2.482009300081520546e-05
2.028000000000251930e+03,2.503281928273551568e-05
2.028100000000251839e+03,2.525201078503111010e-05
2.028200000000251976e+03,2.547066749039746635e-05
2.028300000000252112e+03,2.568878999373999257e-05
2.028400000000252021e+03,2.590637888954154948e-05
2.028500000000251930e+03,2.612332834707248977e-05
2.028600000000252066e+03,2.633922712865352096e-05
2.028700000000252203e+03,2.655458383542962417e-05
2.028800000000252112e+03,2.676939909745201690e-05
2.028900000000252021e+03,2.698367354429776114e-05
2.029000000000252157e+03,2.719703559906202556e-05
2.029100000000252294e+03,2.741815561402061218e-05
2.029200000000252203e+03,2.763885191941276292e-05
2.029300000000252112e+03,2.785912478721641017e-05
2.029400000000252248e+03,2.807897448940299806e-05
2.029500000000252385e+03,2.829840129793634741e-05
2.029600000000252294e+03,2.851740548477373654e-05
2.029700000000252203e+03,2.873477320546056129e-05
2.029800000000252339e+03,2.895155180828722593e-05
2.029900000000252476e+03,2.916788320247299985e-05
2.030000000000252385e+03,2.938376979886450440e-05
2.030100000000252294e+03,2.958557954265670530e-05
2.030200000000252430e+03,2.978679846778584629e-05
2.030300000000252567e+03,2.998742752975891573e-05
2.030400000000252476e+03,3.018746768295716470e-05
2.030500000000252385e+03,3.038691988063824153e-05
2.030600000000252521e+03,3.058615078398173765e-05
2.030700000000252658e+03,3.078512189994635196e-05
2.030800000000252567e+03,3.098172070679694928e-05
2.030900000000252476e+03,3.117657228666688202e-05
2.031000000000252612e+03,3.137081197828799165e-05
2.031100000000252749e+03,3.157056538205172042e-05
2.031200000000252658e+03,3.176987246012863143e-05
2.031300000000252567e+03,3.196873370723989815e-05
2.031400000000252703e+03,3.216714961776753528e-05
2.031500000000252840e+03,3.236512068575416839e-05
2.031600000000252749e+03,3.256264740490366405e-05
2.031700000000252658e+03,3.275973026858244446e-05
2.031800000000252794e+03,3.295636976981843714e-05
2.031900000000252930e+03,3.315256640130058023e-05
2.032000000000252840e+03,3.334832065533731115e-05
2.032100000000252749e+03,3.352680143140938582e-05
2.032200000000252885e+03,3.370512352577325206e-05
2.032300000000253021e+03,3.388335908070492250e-05
2.032400000000252930e+03,3.406110080482782122e-05
2.032500000000252840e+03,3.423834947424393634e-05
2.032600000000252976e+03,3.441510586415724520e-05
2.032700000000253112e+03,3.459137074887340266e-05
2.032800000000253021e+03,3.476714490180155036e-05
2.032900000000252930e+03,3.494242909545569907e-05
2.033000000000253067e+03,3.511698001193445842e-05
2.033100000000253203e+03,3.529523328683399657e-05
2.033200000000253112e+03,3.547319130470339912e-05
2.033300000000253021e+03,3.565085428071866727e-05
2.033400000000253158e+03,3.582822242999920688e-05
2.033500000000253294e+03,3.600529596760681199e-05
2.033600000000253203e+03,3.618207510854687105e-05
2.033700000000253112e+03,3.635856006776865148e-05
2.033800000000253249e+03,3.653444063163314960e-05
2.033900000000253385e+03,3.670950389566302610e-05
2.034000000000253294e+03,3.688365982929028543e-05
2.034100000000253203e+03,3.703310017560967893e-05
2.034200000000253340e+03,3.718355541331439998e-05
2.034300000000253476e+03,3.733408290884238778e-05
2.034400000000253385e+03,3.748427906751070662e-05
2.034500000000253294e+03,3.763414430241255438e-05
2.034600000000253431e+03,3.778367902626192246e-05
2.034700000000253567e+03,3.793288365139373808e-05
2.034800000000253476e+03,3.808175858976451479e-05
2.034900000000253385e+03,3.823030425295328083e-05
2.035000000000253522e+03,3.837852105211084523e-05
2.035100000000253658e+03,3.850649741372169616e-05
2.035200000000253567e+03,3.863418339162146529e-05
2.035300000000253476e+03,3.876248276782215743e-05
2.035400000000253613e+03,3.889117824557032611e-05
2.035500000000253749e+03,3.901898532471663223e-05
2.035600000000253658e+03,3.914651005248480690e-05
2.035700000000253567e+03,3.927375278700787477e-05
2.035800000000253704e+03,3.940071388607919349e-05
2.035900000000253840e+03,3.952739370715274513e-05
2.036000000000253749e+03,3.965379260731354417e-05
2.036100000000253658e+03,3.976823037925599202e-05
2.036200000000253794e+03,3.988273413284746483e-05
2.036300000000253931e+03,3.999772647955827004e-05
2.036400000000253840e+03,4.011295105990984037e-05
2.036500000000253749e+03,4.022952210101731038e-05
2.036600000000253885e+03,4.034593636042513770e-05
2.036700000000254022e+03,4.046219394142236983e-05
2.036800000000253931e+03,4.057829494726164542e-05
2.036900000000253840e+03,4.069423948115979056e-05
2.037000000000253976e+03,4.081023336201543874e-05
2.037100000000254113e+03,4.089458531507556715e-05
2.037200000000254022e+03,4.097883053601954906e-05
2.037300000000253931e+03,4.106293062771806344e-05
2.037400000000254067e+03,4.114688572858174199e-05
2.037500000000254204e+03,4.123069597692378729e-05
2.037600000000254113e+03,4.131710210664048244e-05
2.037700000000254022e+03,4.140358326002753888e-05
2.037800000000254158e+03,4.149010538125088286e-05
2.037900000000254295e+03,4.157725344651676285e-05
2.038000000000254204e+03,4.166427327220144372e-05
2.038100000000254113e+03,4.172739855794521446e-05
2.038200000000254249e+03,4.179044861590702108e-05
2.038300000000254386e+03,4.185342348974068518e-05
2.038400000000254295e+03,4.191632322308407705e-05
2.038500000000254204e+03,4.197914785955907498e-05
2.038600000000254340e+03,4.204189744277151108e-05
2.038700000000254477e+03,4.210522216874683702e-05
2.038800000000254386e+03,4.216882572638000579e-05
2.038900000000254295e+03,4.223235733472373917e-05
2.039000000000254431e+03,4.229581703190664929e-05
2.039100000000254568e+03,4.233160687792247986e-05
2.039200000000254477e+03,4.236736191997782913e-05
2.039300000000254386e+03,4.240308217053308031e-05
2.039400000000254522e+03,4.243858819941762176e-05
2.039500000000254659e+03,4.247320706300800709e-05
2.039600000000254568e+03,4.250779577979210358e-05
2.039700000000254477e+03,4.254236753344545056e-05
2.039800000000254613e+03,4.257764991116623433e-05
2.039900000000254749e+03,4.261417629081400073e-05
2.040000000000254659e+03,4.265066961225136895e-05
2.040100000000254568e+03,4.265989870465804125e-05
2.040200000000254704e+03,4.266912031285807262e-05
2.040300000000254840e+03,4.267833443603211792e-05
2.040400000000254749e+03,4.268754107336137412e-05
2.040500000000254659e+03,4.269674022402784457e-05
2.040600000000254795e+03,4.270593188721379688e-05
2.040700000000254931e+03,4.271511606210233214e-05
2.040800000000254840e+03,4.272429274787687672e-05
2.040900000000254749e+03,4.273355190268637247e-05
2.041000000000254886e+03,4.274372972445579543e-05
2.041100000000255022e+03,4.271038596948597546e-05
2.041200000000254931e+03,4.267705764115218474e-05
2.041300000000254840e+03,4.264374473615706632e-05
2.041400000000254977e+03,4.261044725120293798e-05
2.041500000000255113e+03,4.257716518299177867e-05
2.041600000000255022e+03,4.254389852822544540e-05
2.041700000000254931e+03,4.251064728360540211e-05
2.041800000000255068e+03,4.247741144583269267e-05
2.041900000000255204e+03,4.244324702931986492e-05
2.042000000000255113e+03,4.240909341309671588e-05
2.042100000000255022e+03,4.235009626125096351e-05
2.042200000000255159e+03,4.229110588013932422e-05
2.042300000000255295e+03,4.223212227986483430e-05
2.042400000000255204e+03,4.217314547053090953e-05
2.042500000000255113e+03,4.211417546224089113e-05
2.042600000000255250e+03,4.205521226509834396e-05
2.042700000000255386e+03,4.199535813494974273e-05
2.042800000000255295e+03,4.193547111120249609e-05
2.042900000000255204e+03,4.187559358154732610e-05
2.043000000000255341e+03,4.181572555545927204e-05
2.043100000000255477e+03,4.171268004913269826e-05
2.043200000000255386e+03,4.160811422883114530e-05
2.043300000000255295e+03,4.150220514288859421e-05
2.043400000000255432e+03,4.139635597639893319e-05
2.043500000000255568e+03,4.129141379535230058e-05
2.043600000000255477e+03,4.118660428550372443e-05
2.043700000000255386e+03,4.108184996912295250e-05
2.043800000000255523e+03,4.097715084220800483e-05
2.043900000000255659e+03,4.087250690074917654e-05
2.044000000000255568e+03,4.076791814064428029e-05
2.044100000000255477e+03,4.063035242090027872e-05
2.044200000000255613e+03,4.049283501462961634e-05
2.044300000000255750e+03,4.035544709091604945e-05
2.044400000000255659e+03,4.021606122547118799e-05
2.044500000000255568e+03,4.007673726603598260e-05
2.044600000000255704e+03,3.993747522368658846e-05
2.044700000000255841e+03,3.979827510947903525e-05
2.044800000000255750e+03,3.965913693444884767e-05
2.044900000000255659e+03,3.952006070961049659e-05
2.045000000000255795e+03,3.938104644586827081e-05
2.045100000000255932e+03,3.920707200083302249e-05
2.045200000000255841e+03,3.903316730286679535e-05
2.045300000000255750e+03,3.885933238079402572e-05
2.045400000000255886e+03,3.868556726340091146e-05
2.045500000000256023e+03,3.851010253788818283e-05
2.045600000000255932e+03,3.833466408605728598e-05
2.045700000000255841e+03,3.815931203776660232e-05
2.045800000000255977e+03,3.798404641129399153e-05
2.045900000000256114e+03,3.780886722487443311e-05
2.046000000000256023e+03,3.763377449661207047e-05
2.046100000000255932e+03,3.742458863438147824e-05
2.046200000000256068e+03,3.721551140856662650e-05
2.046300000000256205e+03,3.700654285007433803e-05
2.046400000000256114e+03,3.679768298973183486e-05
2.046500000000256023e+03,3.658893185828623000e-05
2.046600000000256159e+03,3.638028948640546263e-05
2.046700000000256296e+03,3.617175590467911796e-05
2.046800000000256205e+03,3.596333114361770900e-05
2.046900000000256114e+03,3.575501523365176852e-05
2.047000000000256250e+03,3.554681002704480376e-05
2.047100000000256387e+03,3.531757863432023503e-05
2.047200000000256296e+03,3.508833942039161406e-05
2.047300000000256205e+03,3.485909249082005598e-05
2.047400000000256341e+03,3.462983795113696201e-05
2.047500000000256478e+03,3.440168993451055563e-05
2.047600000000256387e+03,3.417394265735435531e-05
2.047700000000256296e+03,3.394583955386524512e-05
2.047800000000256432e+03,3.371723773158108689e-05
2.047900000000256568e+03,3.348861912304101066e-05
2.048000000000256478e+03,3.325998383460493108e-05
2.048100000000256387e+03,3.299917986997042666e-05
2.048200000000256296e+03,3.273843158693413657e-05
2.048300000000256659e+03,3.247724138011953357e-05
2.048400000000256568e+03,3.221588796411138834e-05
2.048500000000256478e+03,3.195460230602277789e-05
2.048600000000256841e+03,3.169338452526797344e-05
2.048700000000256750e+03,3.143223289343054699e-05
2.048800000000256659e+03,3.117123337659058501e-05
2.048900000000256568e+03,3.091094268966591878e-05
2.049000000000256478e+03,3.065070819950840197e-05
2.049100000000256841e+03,3.036765731519234008e-05
2.049200000000256750e+03,3.008466944687206409e-05
2.049300000000256659e+03,2.980174475139096062e-05
2.049400000000257023e+03,2.951888338541442416e-05
2.049500000000256932e+03,2.923608550543374668e-05
2.049600000000256841e+03,2.895335126775848073e-05
2.049700000000256750e+03,2.867068082852170804e-05
2.049800000000256659e+03,2.838807434367891124e-05
2.049900000000257023e+03,2.810591407581589945e-05
2.050000000000256932e+03,2.782461428738237800e-05
2.050100000000256841e+03,2.753130175857935441e-05
2.050200000000257205e+03,2.723791768242139985e-05
2.050300000000257114e+03,2.694446224761170016e-05
2.050400000000257023e+03,2.665093564280009503e-05
2.050500000000256932e+03,2.635733805658875992e-05
2.050600000000256841e+03,2.606366967753047473e-05
2.050700000000257205e+03,2.576993069412752263e-05
2.050800000000257114e+03,2.547612129483704333e-05
2.050900000000257023e+03,2.518224166806266436e-05
2.051000000000257387e+03,2.488829200211563250e-05
2.051100000000257296e+03,2.457715308791975380e-05
2.051200000000257205e+03,2.426584354694511346e-05
2.051300000000257114e+03,2.395462064989114219e-05
2.051400000000257023e+03,2.364348461734170948e-05
2.051500000000257387e+03,2.333271250235322212e-05
2.051600000000257296e+03,2.302226199182782698e-05
2.051700000000257205e+03,2.271188508754602961e-05
2.051800000000257569e+03,2.240158201530525504e-05
2.051900000000257478e+03,2.209135300060285169e-05
2.052000000000257387e+03,2.178119826863213391e-05
2.052100000000257296e+03,2.147264467973847722e-05
2.052200000000257205e+03,2.116385738150585339e-05
2.052300000000257569e+03,2.085485933951519678e-05
2.052400000000257478e+03,2.054601297758974272e-05
2.052500000000257387e+03,2.023707814288124406e-05
2.052600000000257751e+03,1.992805507982355493e-05
2.052700000000257660e+03,1.961894403276565676e-05
2.052800000000257569e+03,1.930974524596328618e-05
2.052900000000257478e+03,1.900045896358443741e-05
2.053000000000257387e+03,1.869108543026825486e-05
2.053100000000257751e+03,1.859927880072200678e-05
2.053200000000257660e+03,1.850745361032783850e-05
2.053300000000257569e+03,1.841561217110525625e-05
2.053400000000257933e+03,1.832418616944987439e-05
2.053500000000257842e+03,1.823273753067540154e-05
2.053600000000257751e+03,1.814126634029382190e-05
2.053700000000257660e+03,1.804977268376425123e-05
2.053800000000257569e+03,1.795825664649259131e-05
2.053900000000257933e+03,1.786655272188137429e-05
2.054000000000257842e+03,1.777459588164477061e-05
2.054100000000257751e+03,1.797552528371467432e-05
2.054200000000258115e+03,1.817644000372594249e-05
2.054300000000258024e+03,1.837733984644036747e-05
2.054400000000257933e+03,1.857822461684935868e-05
2.054500000000257842e+03,1.877974207049378240e-05
2.054600000000257751e+03,1.898150668650128530e-05
2.054700000000258115e+03,1.918279119366873430e-05
2.054800000000258024e+03,1.938325858322361393e-05
2.054900000000257933e+03,1.958370221896352836e-05
2.055000000000258296e+03,1.978412191081439602e-05
2.055100000000258206e+03,1.999083603743865661e-05
2.055200000000258115e+03,2.019755174851414927e-05
2.055300000000258024e+03,2.040426882993579347e-05
2.055400000000257933e+03,2.061098706782845782e-05
2.055500000000258296e+03,2.081770624854806121e-05
2.055600000000258206e+03,2.102464859912790457e-05
2.055700000000258115e+03,2.123187663622535599e-05
2.055800000000258478e+03,2.143911483508323452e-05
2.055900000000258387e+03,2.164636298344613908e-05
2.056000000000258296e+03,2.185362086928862105e-05
2.056100000000258206e+03,2.206796969489753036e-05
2.056200000000258115e+03,2.228240693445472144e-05
2.056300000000258478e+03,2.249678211924754321e-05
2.056400000000258387e+03,2.271088685877724006e-05
2.056500000000258296e+03,2.292506982823908218e-05
2.056600000000258660e+03,2.313933081984736984e-05
2.056700000000258569e+03,2.335366962591134217e-05
2.056800000000258478e+03,2.356808603884084208e-05
2.056900000000258387e+03,2.378257985114245042e-05
2.057000000000258296e+03,2.399715085542665526e-05
2.057100000000258660e+03,2.421420215151836981e-05
2.057200000000258569e+03,2.443136145141125865e-05
2.057300000000258478e+03,2.464862855031916563e-05
2.057400000000258842e+03,2.486600324351416979e-05
2.057500000000258751e+03,2.508348532632354963e-05
2.057600000000258660e+03,2.530107459413591560e-05
2.057700000000258569e+03,2.551877084239699529e-05
2.057800000000258478e+03,2.573657386661088700e-05
2.057900000000258842e+03,2.595435483966276541e-05
2.058000000000258751e+03,2.617178512356976879e-05
2.058100000000258660e+03,2.637665966044656679e-05
2.058200000000259024e+03,2.658145768623955657e-05
2.058300000000258933e+03,2.678617894864520929e-05
2.058400000000258842e+03,2.699082319586819899e-05
2.058500000000258751e+03,2.719539017661724525e-05
2.058600000000258660e+03,2.739990291910679828e-05
2.058700000000259024e+03,2.760411548313225155e-05
2.058800000000258933e+03,2.780723241535589178e-05
2.058900000000258842e+03,2.801025324261604340e-05
2.059000000000259206e+03,2.821277241055219939e-05
2.059100000000259115e+03,2.842763353513281618e-05
2.059200000000259024e+03,2.864264320899752956e-05
2.059300000000258933e+03,2.885780123114373386e-05
2.059400000000258842e+03,2.907310782723780118e-05
2.059500000000259206e+03,2.928846824325231939e-05
2.059600000000259115e+03,2.950341121151808896e-05
2.059700000000259024e+03,2.971849207724427001e-05
2.059800000000259388e+03,2.993371062901412568e-05
2.059900000000259297e+03,3.014906665540110711e-05
2.060000000000259206e+03,3.036455994493678811e-05
2.060100000000259115e+03,3.056514542803943262e-05
2.060200000000259024e+03,3.076526786521112616e-05
2.060300000000259388e+03,3.096556312713425748e-05
2.060400000000259297e+03,3.116713121082898740e-05
2.060500000000259206e+03,3.136874278216426892e-05
2.060600000000259570e+03,3.157039759504993938e-05
2.060700000000259479e+03,3.177209540361326605e-05
2.060800000000259388e+03,3.197383596220426558e-05
2.060900000000259297e+03,3.217561902539173979e-05
2.061000000000259206e+03,3.237744434790795436e-05
2.061100000000259570e+03,3.255758196561172837e-05
2.061200000000259479e+03,3.273831326538490254e-05
2.061300000000259388e+03,3.291896324998762541e-05
2.061400000000259752e+03,3.309953168113008106e-05
2.061500000000259661e+03,3.328001832106803086e-05
2.061600000000259570e+03,3.346042293260689278e-05
2.061700000000259479e+03,3.364074527909821779e-05
2.061800000000259388e+03,3.382098512443910705e-05
2.061900000000259752e+03,3.400134450168456653e-05
2.062000000000259661e+03,3.418199100121606935e-05
2.062100000000259570e+03,3.436127908453766425e-05
2.062200000000259934e+03,3.454062155427054079e-05
2.062300000000259843e+03,3.472001819013968818e-05
2.062400000000259752e+03,3.490010258065743675e-05
2.062500000000259661e+03,3.508044562941348658e-05
2.062600000000259570e+03,3.526085077857318611e-05
2.062700000000259934e+03,3.544131781295265334e-05
2.062800000000259843e+03,3.562184651751253042e-05
2.062900000000259752e+03,3.580243667736321493e-05
2.063000000000260115e+03,3.598308807773049743e-05
2.063100000000260025e+03,3.615178976979410491e-05
2.063200000000259934e+03,3.632058992157578608e-05
2.063300000000259843e+03,3.648948836363082824e-05
2.063400000000259752e+03,3.665848492655399040e-05
2.063500000000260115e+03,3.682715644822696411e-05
2.063600000000260025e+03,3.699546561834246697e-05
2.063700000000259934e+03,3.716386433598753788e-05
2.063800000000260297e+03,3.733235242495563401e-05
2.063900000000260206e+03,3.750092970909373144e-05
2.064000000000260115e+03,3.766959601223055778e-05
2.064100000000260025e+03,3.780898235158612484e-05
2.064200000000259934e+03,3.794837379215122643e-05
2.064300000000260297e+03,3.808777014964547620e-05
2.064400000000260206e+03,3.822639085065290495e-05
2.064500000000260115e+03,3.836493594640563796e-05
2.064600000000260479e+03,3.850329396836900273e-05
2.064700000000260388e+03,3.864091393396746249e-05
2.064800000000260297e+03,3.877852504944212953e-05
2.064900000000260206e+03,3.891612713164602889e-05
2.065000000000260115e+03,3.905353566088427434e-05
2.065100000000260479e+03,3.916494110107318275e-05
2.065200000000260388e+03,3.927631758739589038e-05
2.065300000000260297e+03,3.938766497170897074e-05
2.065400000000260661e+03,3.949898310613834024e-05
2.065500000000260570e+03,3.961027184307734054e-05
2.065600000000260479e+03,3.972153103518948292e-05
2.065700000000260388e+03,3.983276053540604951e-05
2.065800000000260297e+03,3.994308299882555219e-05
2.065900000000260661e+03,4.005329573657907626e-05
2.066000000000260570e+03,4.016347301623183677e-05
2.066100000000260479e+03,4.025886256742906995e-05
2.066200000000260843e+03,4.035427003315025270e-05
2.066300000000260752e+03,4.044969530215651316e-05
2.066400000000260661e+03,4.054513826329914447e-05
2.066500000000260570e+03,4.064059880551742951e-05
2.066600000000260479e+03,4.073607681783944056e-05
2.066700000000260843e+03,4.083157218938210706e-05
2.066800000000260752e+03,4.092708480934970447e-05
2.066900000000260661e+03,4.102136038074191004e-05
2.067000000000261025e+03,4.111494390160216325e-05
2.067100000000260934e+03,4.117600709762636048e-05
2.067200000000260843e+03,4.123707454609988219e-05
2.067300000000260752e+03,4.129811442177912283e-05
2.067400000000260661e+03,4.135914065951882412e-05
2.067500000000261025e+03,4.142015318960990246e-05
2.067600000000260934e+03,4.148044790739960851e-05
2.067700000000260843e+03,4.154050262723223960e-05
2.067800000000261207e+03,4.160054068984033436e-05
2.067900000000261116e+03,4.166056202679441846e-05
2.068000000000261025e+03,4.172056656968918173e-05
2.068100000000260934e+03,4.174877351446818331e-05
2.068200000000260843e+03,4.177696008372222108e-05
2.068300000000261207e+03,4.180512625815763276e-05
2.068400000000261116e+03,4.183259798481637652e-05
2.068500000000261025e+03,4.185978638196238263e-05
2.068600000000261389e+03,4.188695304158652458e-05
2.068700000000261298e+03,4.191409794588673801e-05
2.068800000000261207e+03,4.194122107710646796e-05
2.068900000000261116e+03,4.196832241753472984e-05
2.069000000000261025e+03,4.199540194938757227e-05
2.069100000000261389e+03,4.197734850426721451e-05
2.069200000000261298e+03,4.196084009594651452e-05
2.069300000000261207e+03,4.194461379046030832e-05
2.069400000000261571e+03,4.192837064602586368e-05
2.069500000000261480e+03,4.191211071052499765e-05
2.069600000000261389e+03,4.189583403177119544e-05
2.069700000000261298e+03,4.187954065750952912e-05
2.069800000000261207e+03,4.186323063541666435e-05
2.069900000000261571e+03,4.184690401310115182e-05
2.070000000000261480e+03,4.182995880933604690e-05
2.070100000000261389e+03,4.179527781736311093e-05
2.070200000000261753e+03,4.176056707810066375e-05
2.070300000000261662e+03,4.172582666684455401e-05
2.070400000000261571e+03,4.169105665882154635e-05
2.070500000000261480e+03,4.165625712918970090e-05
2.070600000000261389e+03,4.162142815303870527e-05
2.070700000000261753e+03,4.158656980538940701e-05
2.070800000000261662e+03,4.155282590118797981e-05
2.070900000000261571e+03,4.151980642582821446e-05
2.071000000000261934e+03,4.148675477675233810e-05
2.071100000000261844e+03,4.141880903981660841e-05
2.071200000000261753e+03,4.135082065401603126e-05
2.071300000000261662e+03,4.128278973932093809e-05
2.071400000000261571e+03,4.121522832731219397e-05
2.071500000000261934e+03,4.114809471562284995e-05
2.071600000000261844e+03,4.108143625134411955e-05
2.071700000000261753e+03,4.101512947790722968e-05
2.071800000000262116e+03,4.094877463247830797e-05
2.071900000000262025e+03,4.088237182776109180e-05
2.072000000000261934e+03,4.081592664951956957e-05
2.072100000000261844e+03,4.070390500410365310e-05
2.072200000000261753e+03,4.059187724919061888e-05
2.072300000000262116e+03,4.047984356795906671e-05
2.072400000000262025e+03,4.036732754699199959e-05
2.072500000000261934e+03,4.025415205541271274e-05
2.072600000000262298e+03,4.014024827528390907e-05
2.072700000000262207e+03,4.002634966809727848e-05
2.072800000000262116e+03,3.991245641631210682e-05
2.072900000000262025e+03,3.979856870206931077e-05
2.073000000000261934e+03,3.968468670712030057e-05
2.073100000000262298e+03,3.954393469270800200e-05
2.073200000000262207e+03,3.940371613240855009e-05
2.073300000000262116e+03,3.926405150905337243e-05
2.073400000000262480e+03,3.912433745972577212e-05
2.073500000000262389e+03,3.898457420016807659e-05
2.073600000000262298e+03,3.884476194591056364e-05
2.073700000000262207e+03,3.870490091227464632e-05
2.073800000000262116e+03,3.856499131437205976e-05
2.073900000000262480e+03,3.842503336710443424e-05
2.074000000000262389e+03,3.828502728507431611e-05
2.074100000000262298e+03,3.811013539496102310e-05
2.074200000000262662e+03,3.793520959477017789e-05
2.074300000000262571e+03,3.776025014476371239e-05
2.074400000000262480e+03,3.758525730489581450e-05
2.074500000000262389e+03,3.741023133481694642e-05
2.074600000000262298e+03,3.723517249387249620e-05
2.074700000000262662e+03,3.706008104110307589e-05
2.074800000000262571e+03,3.688495723524723202e-05
2.074900000000262480e+03,3.670980133473723079e-05
2.075000000000262844e+03,3.653461359761988421e-05
2.075100000000262753e+03,3.632828708823059087e-05
2.075200000000262662e+03,3.612192718636817796e-05
2.075300000000262571e+03,3.591553418623082367e-05
2.075400000000262480e+03,3.570910838167413217e-05
2.075500000000262844e+03,3.550265006621115398e-05
2.075600000000262753e+03,3.529606125858790586e-05
2.075700000000262662e+03,3.508927743912294053e-05
2.075800000000263026e+03,3.488246506979612583e-05
2.075900000000262935e+03,3.467595526573438979e-05
2.076000000000262844e+03,3.446990891922331764e-05
2.076100000000262753e+03,3.423483583335457336e-05
2.076200000000262662e+03,3.399973475866777199e-05
2.076300000000263026e+03,3.376460601679024114e-05
2.076400000000262935e+03,3.352944992896995290e-05
2.076500000000262844e+03,3.329426681606919474e-05
2.076600000000263208e+03,3.305905699856835747e-05
2.076700000000263117e+03,3.282382079656925562e-05
2.076800000000263026e+03,3.258855852978901523e-05
2.076900000000262935e+03,3.235327051756459361e-05
2.077000000000262844e+03,3.211813917406315650e-05
2.077100000000263208e+03,3.185602386382666040e-05
2.077200000000263117e+03,3.159413313105026086e-05
2.077300000000263026e+03,3.133274868336065263e-05
2.077400000000263390e+03,3.107136845048098263e-05
2.077500000000263299e+03,3.080999277269798250e-05
2.077600000000263208e+03,3.054862198982433679e-05
2.077700000000263117e+03,3.028725644120337554e-05
2.077800000000263026e+03,3.002589646570864062e-05
2.077900000000263390e+03,2.976454240174286248e-05
2.078000000000263299e+03,2.950336456334885112e-05
2.078100000000263208e+03,2.923565350984839932e-05
2.078200000000263572e+03,2.896769995208107662e-05
2.078300000000263481e+03,2.869950410175803158e-05
2.078400000000263390e+03,2.843106617069329677e-05
2.078500000000263299e+03,2.816238637080809509e-05
2.078600000000263208e+03,2.789346491413009096e-05
2.078700000000263572e+03,2.762430201279170649e-05
2.078800000000263481e+03,2.735516578150004051e-05
2.078900000000263390e+03,2.708673117996117309e-05
2.079000000000263753e+03,2.681803160903113050e-05
2.079100000000263663e+03,2.652351354578701107e-05
2.079200000000263572e+03,2.622896130072313294e-05
2.079300000000263481e+03,2.593368250496719859e-05
2.079400000000263390e+03,2.563784307296434442e-05
2.079500000000263753e+03,2.534199872962893270e-05
2.079600000000263663e+03,2.504604884578480529e-05
2.079700000000263572e+03,2.474964276016353100e-05
2.079800000000263935e+03,2.445324610650322661e-05
2.079900000000263844e+03,2.415685923690949808e-05
2.080000000000263753e+03,2.386048250300141564e-05
2.080100000000263663e+03,2.355437349933165052e-05
2.080200000000263572e+03,2.324831209326502429e-05
2.080300000000263935e+03,2.294229862770684721e-05
2.080400000000263844e+03,2.263589619348895955e-05
2.080500000000263753e+03,2.232745106493184682e-05
2.080600000000264117e+03,2.201912457871329557e-05
2.080700000000264026e+03,2.171091704861895149e-05
2.080800000000263935e+03,2.140282878776538555e-05
2.080900000000263844e+03,2.109486010860675846e-05
2.081000000000263753e+03,2.078701132293789373e-05
2.081100000000264117e+03,2.048070298807770309e-05
2.081200000000264026e+03,2.017451300444303029e-05
2.081300000000263935e+03,1.986914415289536224e-05
2.081400000000264299e+03,1.956377396616714205e-05
2.081500000000264208e+03,1.925840277086418432e-05
2.081600000000264117e+03,1.895212514245858123e-05
2.081700000000264026e+03,1.864587378161068379e-05
2.081800000000263935e+03,1.833965161867603857e-05
2.081900000000264299e+03,1.803345035957662216e-05
2.082000000000264208e+03,1.772727086865431376e-05
2.082100000000264117e+03,1.779726117613820744e-05
2.082200000000264481e+03,1.786724749480881008e-05
2.082300000000264390e+03,1.793722975639135285e-05
2.082400000000264299e+03,1.800720789267850090e-05
2.082500000000264208e+03,1.807718183552905569e-05
2.082600000000264117e+03,1.814715151686834130e-05
2.082700000000264481e+03,1.821743000000271542e-05
2.082800000000264390e+03,1.828783068965617048e-05
2.082900000000264299e+03,1.835823032537673447e-05
2.083000000000264663e+03,1.842862884000376469e-05
2.083100000000264572e+03,1.862034079740234734e-05
2.083200000000264481e+03,1.881192027314391047e-05
2.083300000000264390e+03,1.900336714164379518e-05
2.083400000000264299e+03,1.919468127771290693e-05
2.083500000000264663e+03,1.938586255655804424e-05
2.083600000000264572e+03,1.957691085377784307e-05
2.083700000000264481e+03,1.976782593674255813e-05
2.083800000000264845e+03,1.995879794936655975e-05
2.083900000000264754e+03,2.014991264345888624e-05
2.084000000000264663e+03,2.034090269427984800e-05
2.084100000000264572e+03,2.054146371723586327e-05
2.084200000000264481e+03,2.074200193123431569e-05
2.084300000000264845e+03,2.094251716016108048e-05
2.084400000000264754e+03,2.114300922809093139e-05
2.084500000000264663e+03,2.134302463609569656e-05
2.084600000000265027e+03,2.154298320624043760e-05
2.084700000000264936e+03,2.174290912123361610e-05
2.084800000000264845e+03,2.194280220772578215e-05
2.084900000000264754e+03,2.214274532068734506e-05
2.085000000000264663e+03,2.234310924585842213e-05
2.085100000000265027e+03,2.254104390569301204e-05
2.085200000000264936e+03,2.273887117172075200e-05
2.085300000000264845e+03,2.293612354330472184e-05
2.085400000000265209e+03,2.313321357562120854e-05
2.085500000000265118e+03,2.333019624604082613e-05
2.085600000000265027e+03,2.352708702089651783e-05
2.085700000000264936e+03,2.372387259601217027e-05
2.085800000000264845e+03,2.392054195647462314e-05
2.085900000000265209e+03,2.411709498469865765e-05
2.086000000000265118e+03,2.431353156342094452e-05
2.086100000000265027e+03,2.451888980313344534e-05
2.086200000000265391e+03,2.472442142832482294e-05
2.086300000000265300e+03,2.492998380980046921e-05
2.086400000000265209e+03,2.513557678539556726e-05
2.086500000000265118e+03,2.534120019300878024e-05
2.086600000000265027e+03,2.554685387060281375e-05
2.086700000000265391e+03,2.575253765620575080e-05
2.086800000000265300e+03,2.595825138790691826e-05
2.086900000000265209e+03,2.616399490386289402e-05
2.087000000000265572e+03,2.636976804226666147e-05
2.087100000000265482e+03,2.656504785965185353e-05
2.087200000000265391e+03,2.675984996835977978e-05
2.087300000000265300e+03,2.695428964333315184e-05
2.087400000000265209e+03,2.714862447675680938e-05
2.087500000000265572e+03,2.734282896457885533e-05
2.087600000000265482e+03,2.753692832911627507e-05
2.087700000000265391e+03,2.773240241515124513e-05
2.087800000000265754e+03,2.792817811379043105e-05
2.087900000000265663e+03,2.812387452693608864e-05
2.088000000000265572e+03,2.831949153146908892e-05
2.088100000000265482e+03,2.851683475133019868e-05
2.088200000000265391e+03,2.871419055690087579e-05
2.088300000000265754e+03,2.891133981987660561e-05
2.088400000000265663e+03,2.910801954404005490e-05
2.088500000000265572e+03,2.930371012198764813e-05
2.088600000000265936e+03,2.949906707272700770e-05
2.088700000000265845e+03,2.969440887236917659e-05
2.088800000000265754e+03,2.988973538565925614e-05
2.088900000000265663e+03,3.008504647743756778e-05
2.089000000000265572e+03,3.028034201259558015e-05
2.089100000000265936e+03,3.045855132290743093e-05
2.089200000000265845e+03,3.063662880458227223e-05
2.089300000000265754e+03,3.081457440597806379e-05
2.089400000000266118e+03,3.099241412442835719e-05
2.089500000000266027e+03,3.117084517930910210e-05
2.089600000000265936e+03,3.134915280784915907e-05
2.089700000000265845e+03,3.152733695091519971e-05
2.089800000000265754e+03,3.170539754956531829e-05
2.089900000000266118e+03,3.188333454504952645e-05
2.090000000000266027e+03,3.206114787880703584e-05
2.090100000000265936e+03,3.223911778681984248e-05
2.090200000000266300e+03,3.241708301306670144e-05
2.090300000000266209e+03,3.259504344902471474e-05
2.090400000000266118e+03,3.277299898622203678e-05
2.090500000000266027e+03,3.295094951623437100e-05
2.090600000000265936e+03,3.312949606713990825e-05
2.090700000000266300e+03,3.330824039451527518e-05
2.090800000000266209e+03,3.348698801153585038e-05
2.090900000000266118e+03,3.366573881061398220e-05
2.091000000000266482e+03,3.384449268416814477e-05
2.091100000000266391e+03,3.401112466584887560e-05
2.091200000000266300e+03,3.417776785466957915e-05
2.091300000000266209e+03,3.434442215660310661e-05
2.091400000000266118e+03,3.451108747763848413e-05
2.091500000000266482e+03,3.467776372378188177e-05
2.091600000000266391e+03,3.484445080105352360e-05
2.091700000000266300e+03,3.501194744717941429e-05
2.091800000000266664e+03,3.518035192809427012e-05
2.091900000000266573e+03,3.534878313478602484e-05
2.092000000000266482e+03,3.551724097668998350e-05
2.092100000000266391e+03,3.564693556959177932e-05
2.092200000000266300e+03,3.577647130860102419e-05
2.092300000000266664e+03,3.590584823870638910e-05
2.092400000000266573e+03,3.603506640501027107e-05
2.092500000000266482e+03,3.616458159555340261e-05
2.092600000000266846e+03,3.629429681084277154e-05
2.092700000000266755e+03,3.642385917511604200e-05
2.092800000000266664e+03,3.655343930807070226e-05
2.092900000000266573e+03,3.668357900984085400e-05
2.093000000000266482e+03,3.681357220447757471e-05
2.093100000000266846e+03,3.694460156773611965e-05
2.093200000000266755e+03,3.707563435456945631e-05
2.093300000000266664e+03,3.720623380488297495e-05
2.093400000000267028e+03,3.733643558974005514e-05
2.093500000000266937e+03,3.746663476711659932e-05
2.093600000000266846e+03,3.759683127472530787e-05
2.093700000000266755e+03,3.772702505028985195e-05
2.093800000000266664e+03,3.785719541509738659e-05
2.093900000000267028e+03,3.798735878097217006e-05
2.094000000000266937e+03,3.811751905888324446e-05
2.094100000000266846e+03,3.821810162669538676e-05
2.094200000000267210e+03,3.831951891930469232e-05
2.094300000000267119e+03,3.842089259609973630e-05
2.094400000000267028e+03,3.852222262522600157e-05
2.094500000000266937e+03,3.862350897486437019e-05
2.094600000000266846e+03,3.872475161323113700e-05
2.094700000000267210e+03,3.882595050857872110e-05
2.094800000000267119e+03,3.892710477357764663e-05
2.094900000000267028e+03,3.902856956896160845e-05
2.095000000000267391e+03,3.913047691163071067e-05
2.095100000000267300e+03,3.921203537947896546e-05
2.095200000000267210e+03,3.929357674729742016e-05
2.095300000000267119e+03,3.937510098483724074e-05
2.095400000000267028e+03,3.945660806186082820e-05
2.095500000000267391e+03,3.953809794814238781e-05
2.095600000000267300e+03,3.961957061346649251e-05
2.095700000000267210e+03,3.970102602762979731e-05
2.095800000000267573e+03,3.978246416044066663e-05
2.095900000000267482e+03,3.986388498171743953e-05
2.096000000000267391e+03,3.994528846120006047e-05
2.096100000000267300e+03,3.999262393880420694e-05
2.096200000000267210e+03,4.003924599682301009e-05
2.096300000000267573e+03,4.008458229139086348e-05
2.096400000000267482e+03,4.012986961380122445e-05
2.096500000000267391e+03,4.017445401701235231e-05
2.096600000000267755e+03,4.021786440264824637e-05
2.096700000000267664e+03,4.026123299817469512e-05
2.096800000000267573e+03,4.030455980925292796e-05
2.096900000000267482e+03,4.034784484155910241e-05
2.097000000000267391e+03,4.039108810072293147e-05
2.097100000000267755e+03,4.041119799466874564e-05
2.097200000000267664e+03,4.043129150927486887e-05
2.097300000000267573e+03,4.045106878835651740e-05
2.097400000000267937e+03,4.047022357362321457e-05
2.097500000000267846e+03,4.048936110273151581e-05
2.097600000000267755e+03,4.050848137458712910e-05
2.097700000000267664e+03,4.052758438810139349e-05
2.097800000000267573e+03,4.054667014219129264e-05
2.097900000000267937e+03,4.056573863577970558e-05
2.098000000000267846e+03,4.058478986771685623e-05
2.098100000000267755e+03,4.057469725201796499e-05
2.098200000000268119e+03,4.056460304390811046e-05
2.098300000000268028e+03,4.055450724521714807e-05
2.098400000000267937e+03,4.054440985777392362e-05
2.098500000000267846e+03,4.053431199710449783e-05
2.098600000000267755e+03,4.052424996172294448e-05
2.098700000000268119e+03,4.051418632392011793e-05
2.098800000000268028e+03,4.050412108551810125e-05
2.098900000000267937e+03,4.049428447765689425e-05
2.099000000000268301e+03,4.048512211509160786e-05
2.099100000000268210e+03,4.043979533129884297e-05
2.099200000000268119e+03,4.039449191662204658e-05
2.099300000000268028e+03,4.034921186908524670e-05
2.099400000000267937e+03,4.030395518670730102e-05
2.099500000000268301e+03,4.025872186750218155e-05
2.099600000000268210e+03,4.021351190947942863e-05
2.099700000000268119e+03,4.016832531064325646e-05
2.099800000000268483e+03,4.012316206899271571e-05
2.099900000000268392e+03,4.007802218252285906e-05
2.100000000000268301e+03,4.003290564913417646e-05
2.100100000000268210e+03,3.995466594401464499e-05
2.100200000000268119e+03,3.987647795591334112e-05
2.100300000000268483e+03,3.979834167269296713e-05
2.100400000000268392e+03,3.972027716270503783e-05
2.100500000000268301e+03,3.964228189925628887e-05
2.100600000000268665e+03,3.956433815602666110e-05
2.100700000000268574e+03,3.948688656858298659e-05
2.100800000000268483e+03,3.941094218453514739e-05
2.100900000000268392e+03,3.933504191686451942e-05
2.101000000000268301e+03,3.925918576021352445e-05
2.101100000000268665e+03,3.916224475382473996e-05
2.101200000000268574e+03,3.906531359868473270e-05
2.101300000000268483e+03,3.896839231946799256e-05
2.101400000000268847e+03,3.887148094085083900e-05
2.101500000000268756e+03,3.877457948751286443e-05
2.101600000000268665e+03,3.867768798413439988e-05
2.101700000000268574e+03,3.858080645539802608e-05
2.101800000000268483e+03,3.848393492598837021e-05
2.101900000000268847e+03,3.838707342059140791e-05
2.102000000000268756e+03,3.829022196378631415e-05
2.102100000000268665e+03,3.815226881949473697e-05
2.102200000000269029e+03,3.801363081296515350e-05
2.102300000000268938e+03,3.787504584997531830e-05
2.102400000000268847e+03,3.773654892502016341e-05
2.102500000000268756e+03,3.759814002133048968e-05
2.102600000000268665e+03,3.745981912213339812e-05
2.102700000000269029e+03,3.732158621288936490e-05
2.102800000000268938e+03,3.718344137661878614e-05
2.102900000000268847e+03,3.704543513739767363e-05
2.103000000000269210e+03,3.690829187853542635e-05
2.103100000000269119e+03,3.672948867780480574e-05
2.103200000000269029e+03,3.655089312113579810e-05
2.103300000000268938e+03,3.637250505892431266e-05
2.103400000000268847e+03,3.619432434164114988e-05
2.103500000000269210e+03,3.601635081983066661e-05
2.103600000000269119e+03,3.583858434411461814e-05
2.103700000000269029e+03,3.566104272505501679e-05
2.103800000000269392e+03,3.548448376721345714e-05
2.103900000000269301e+03,3.530812348042712442e-05
2.104000000000269210e+03,3.513196172940998306e-05
2.104100000000269119e+03,3.493270327273924222e-05
2.104200000000269029e+03,3.473309807238736358e-05
2.104300000000269392e+03,3.453367658498222279e-05
2.104400000000269301e+03,3.433443871689925562e-05
2.104500000000269210e+03,3.413538437454336107e-05
2.104600000000269574e+03,3.393576643398972591e-05
2.104700000000269483e+03,3.373632847791485477e-05
2.104800000000269392e+03,3.353708267810461826e-05
2.104900000000269301e+03,3.333802892820610840e-05
2.105000000000269210e+03,3.313916712186305619e-05
2.105100000000269574e+03,3.292384799703109810e-05
2.105200000000269483e+03,3.270861986617048357e-05
2.105300000000269392e+03,3.249348275034446220e-05
2.105400000000269756e+03,3.227724814297925759e-05
2.105500000000269665e+03,3.206140221955906111e-05
2.105600000000269574e+03,3.184565943780887413e-05
2.105700000000269483e+03,3.163001981066002337e-05
2.105800000000269392e+03,3.141448335102801302e-05
2.105900000000269756e+03,3.119905127190220778e-05
2.106000000000269665e+03,3.098375063232575806e-05
2.106100000000269574e+03,3.074329660235889148e-05
2.106200000000269938e+03,3.050175317580568757e-05
2.106300000000269847e+03,3.026025116605692472e-05
2.106400000000269756e+03,3.001891880828459915e-05
2.106500000000269665e+03,2.977775606387892641e-05
2.106600000000269574e+03,2.953676289422349147e-05
2.106700000000269938e+03,2.929593926069477778e-05
2.106800000000269847e+03,2.905528512466582986e-05
2.106900000000269756e+03,2.881480044750035110e-05
2.107000000000270120e+03,2.857393007276248122e-05
2.107100000000270029e+03,2.830184132085165498e-05
2.107200000000269938e+03,2.803017466302119259e-05
2.107300000000269847e+03,2.775892965628217325e-05
2.107400000000269756e+03,2.748810585801569399e-05
2.107500000000270120e+03,2.721806319390534536e-05
2.107600000000270029e+03,2.694872574262647023e-05
2.107700000000269938e+03,2.667979521961941873e-05
2.107800000000270302e+03,2.641176162858713470e-05
2.107900000000270211e+03,2.614422394758978064e-05
2.108000000000270120e+03,2.587708002702671250e-05
2.108100000000270029e+03,2.560374920992327297e-05
2.108200000000269938e+03,2.533065610915910193e-05
2.108300000000270302e+03,2.505780062509411222e-05
2.108400000000270211e+03,2.478519512414949791e-05
2.108500000000270120e+03,2.451282789113079440e-05
2.108600000000270484e+03,2.424042577753879411e-05
2.108700000000270393e+03,2.396857601060810566e-05
2.108800000000270302e+03,2.369696211227592783e-05
2.108900000000270211e+03,2.342558398572432122e-05
2.109000000000270120e+03,2.315444153411999479e-05
2.109100000000270484e+03,2.287110848874980516e-05
2.109200000000270393e+03,2.258808523208506285e-05
2.109300000000270302e+03,2.230537156785969590e-05
2.109400000000270666e+03,2.202296729989406695e-05
2.109500000000270575e+03,2.174087223209845968e-05
2.109600000000270484e+03,2.145908711182157328e-05
2.109700000000270393e+03,2.117762997655080838e-05
2.109800000000270302e+03,2.089648091912576542e-05
2.109900000000270666e+03,2.061563974467649620e-05
2.110000000000270575e+03,2.033510625839310033e-05
2.110100000000270484e+03,2.004423023945016199e-05
2.110200000000270848e+03,1.975195181100984480e-05
2.110300000000270757e+03,1.945947250005077833e-05
2.110400000000270666e+03,1.916756242089236078e-05
2.110500000000270575e+03,1.887622085510748737e-05
2.110600000000270484e+03,1.858544708495393706e-05
2.110700000000270848e+03,1.829524039337242775e-05
2.110800000000270757e+03,1.800560006399145116e-05
2.110900000000270666e+03,1.771561832784354268e-05
2.111000000000271029e+03,1.742612855763714331e-05
2.111100000000270938e+03,1.566584814354706623e-05
2.111200000000270848e+03,1.390950907188148681e-05
2.111300000000270757e+03,1.215710562453586195e-05
2.111400000000270666e+03,1.040863208980341372e-05
2.111500000000271029e+03,8.664087285258968590e-06
2.111600000000270938e+03,6.923441235323259367e-06
2.111700000000270848e+03,5.186644229171578232e-06
2.111800000000271211e+03,3.453907544357411403e-06
2.111900000000271120e+03,1.725056091593452960e-06
2.112000000000271029e+03,4.718563659008151805e-15
2.112100000000270938e+03,1.739181540239504245e-06
2.112200000000270848e+03,3.474772439836759111e-06
2.112300000000271211e+03,5.206777317054005600e-06
2.112400000000271120e+03,6.935200780979264928e-06
2.112500000000271029e+03,8.660047436295583803e-06
2.112600000000271393e+03,1.038173488149126795e-05
2.112700000000271302e+03,1.210031676152179530e-05
2.112800000000271211e+03,1.381556419985979748e-05
2.112900000000271120e+03,1.552748112317589848e-05
2.113000000000271029e+03,1.723607145055329083e-05
2.113100000000271393e+03,1.739328731176824301e-05
2.113200000000271302e+03,1.754948233602489488e-05
2.113300000000271211e+03,1.770536391833644541e-05
2.113400000000271575e+03,1.786138085005563523e-05
2.113500000000271484e+03,1.801744904545741092e-05
2.113600000000271393e+03,1.817321882307779501e-05
2.113700000000271302e+03,1.832869049273865104e-05
2.113800000000271211e+03,1.848386436405291677e-05
2.113900000000271575e+03,1.863874074642555629e-05
2.114000000000271484e+03,1.879331994905184897e-05
2.114100000000271393e+03,1.894803617923310066e-05
2.114200000000271757e+03,1.910263334017446178e-05
2.114300000000271666e+03,1.925709922025002968e-05
2.114400000000271575e+03,1.941123052326916551e-05
2.114500000000271484e+03,1.956502766096075458e-05
2.114600000000271393e+03,1.971849104469303588e-05
2.114700000000271757e+03,1.987162108547432042e-05
2.114800000000271666e+03,2.002441819395060931e-05
2.114900000000271575e+03,2.017688278041007628e-05
2.115000000000271939e+03,2.032857518146441052e-05
2.115100000000271848e+03,2.047663655720746305e-05
2.115200000000271757e+03,2.062428957693161462e-05
2.115300000000271666e+03,2.077153491494863403e-05
2.115400000000271575e+03,2.091866959516073643e-05
2.115500000000271939e+03,2.106561148330714410e-05
2.115600000000271848e+03,2.121215479181189545e-05
2.115700000000271757e+03,2.135830016334107305e-05
2.115800000000272121e+03,2.150383406439449263e-05
2.115900000000272030e+03,2.164869809556554643e-05
2.116000000000271939e+03,2.179315959500702281e-05
2.116100000000271848e+03,2.194122990650416581e-05
2.116200000000271757e+03,2.208896098129463405e-05
2.116300000000272121e+03,2.223635324796227237e-05
2.116400000000272030e+03,2.238340713470924240e-05
2.116500000000271939e+03,2.253029007093152096e-05
2.116600000000272303e+03,2.267639134326559808e-05
2.116700000000272212e+03,2.282093268892088946e-05
2.116800000000272121e+03,2.296511816710846774e-05
2.116900000000272030e+03,2.310894826935752373e-05
2.117000000000271939e+03,2.325242220904712290e-05
2.117100000000272303e+03,2.339437087829591226e-05
2.117200000000272212e+03,2.353598627832496508e-05
2.117300000000272121e+03,2.367726882707181990e-05
2.117400000000272485e+03,2.381939563459491634e-05
2.117500000000272394e+03,2.396325019415646999e-05
2.117600000000272303e+03,2.410681163852179202e-05
2.117700000000272212e+03,2.425008026237090376e-05
2.117800000000272121e+03,2.439305636020465539e-05
2.117900000000272485e+03,2.453574022634590835e-05
2.118000000000272394e+03,2.467813215490576923e-05
2.118100000000272303e+03,2.480891512488119123e-05
2.118200000000272667e+03,2.493934015112129584e-05
2.118300000000272576e+03,2.506940777850448870e-05
2.118400000000272485e+03,2.519911855130377388e-05
2.118500000000272394e+03,2.532847301318484300e-05
2.118600000000272303e+03,2.545747170720722043e-05
2.118700000000272667e+03,2.558611517582544569e-05
2.118800000000272576e+03,2.571440396088719310e-05
2.118900000000272485e+03,2.584233860363756451e-05
2.119000000000272848e+03,2.596958194664352807e-05
2.119100000000272757e+03,2.609545730086631308e-05
2.119200000000272667e+03,2.622104338601293061e-05
2.119300000000272576e+03,2.634634052757991074e-05
2.119400000000272485e+03,2.647134905083630441e-05
2.119500000000272848e+03,2.659606928082491325e-05
2.119600000000272757e+03,2.672050154235972822e-05
2.119700000000272667e+03,2.684464616002959551e-05
2.119800000000273030e+03,2.696804745951642950e-05
2.119900000000272939e+03,2.708978917644321670e-05
2.120000000000272848e+03,2.721122757613428914e-05
2.120100000000272757e+03,2.731813424939675728e-05
2.120200000000272667e+03,2.742471474256643601e-05
2.120300000000273030e+03,2.753096913254397278e-05
2.120400000000272939e+03,2.763689800298795021e-05
2.120500000000272848e+03,2.774250193675461759e-05
2.120600000000273212e+03,2.784751578555226523e-05
2.120700000000273121e+03,2.795121534928433777e-05
2.120800000000273030e+03,2.805460720355351640e-05
2.120900000000272939e+03,2.815766718150325960e-05
2.121000000000272848e+03,2.826052287971327583e-05
2.121100000000273212e+03,2.836857709699192523e-05
2.121200000000273121e+03,2.847644298852191236e-05
2.121300000000273030e+03,2.858412069114549595e-05
2.121400000000273394e+03,2.869161034169002693e-05
2.121500000000273303e+03,2.879891207696653560e-05
2.121600000000273212e+03,2.890602603377259800e-05
2.121700000000273121e+03,2.901295234889006585e-05
2.121800000000273030e+03,2.911969361534250654e-05
2.121900000000273394e+03,2.922626185610472264e-05
2.122000000000273303e+03,2.933264298747598967e-05
2.122100000000273212e+03,2.940828780444070399e-05
2.122200000000273576e+03,2.948439653577965652e-05
2.122300000000273485e+03,2.956088176957838925e-05
2.122400000000273394e+03,2.963710466325473165e-05
2.122500000000273303e+03,2.971306570239936042e-05
2.122600000000273212e+03,2.978874933169694574e-05
2.122700000000273576e+03,2.986415968766390725e-05
2.122800000000273485e+03,2.993930949913051979e-05
2.122900000000273394e+03,3.001419924974762585e-05
2.123000000000273758e+03,3.008882942248357283e-05
2.123100000000273667e+03,3.015869236093547166e-05
2.123200000000273576e+03,3.022837846810301398e-05
2.123300000000273485e+03,3.029834556997002606e-05
2.123400000000273394e+03,3.036841300274043386e-05
2.123500000000273758e+03,3.043830761588032453e-05
2.123600000000273667e+03,3.050802961337090527e-05
2.123700000000273576e+03,3.057757919904165595e-05
2.123800000000273940e+03,3.064711641666242241e-05
2.123900000000273849e+03,3.071909033216107138e-05
2.124000000000273758e+03,3.079090538834787293e-05
2.124100000000273667e+03,3.084030149239521377e-05
2.124200000000273576e+03,3.088954826581360362e-05
2.124300000000273940e+03,3.093864591838677773e-05
2.124400000000273849e+03,3.098785293725935479e-05
2.124500000000273758e+03,3.103740281518109403e-05
2.124600000000274122e+03,3.108676601766690727e-05
2.124700000000274031e+03,3.113391893408997655e-05
2.124800000000273940e+03,3.118091944304836582e-05
2.124900000000273849e+03,3.122776777182559234e-05
2.125000000000273758e+03,3.127446414743641320e-05
2.125100000000274122e+03,3.130940311817560106e-05
2.125200000000274031e+03,3.134424391604935593e-05
2.125300000000273940e+03,3.137898664504057406e-05
2.125400000000274304e+03,3.141363140907126018e-05
2.125500000000274213e+03,3.144887361323492250e-05
2.125600000000274122e+03,3.148403336095973863e-05
2.125700000000274031e+03,3.151909708746731192e-05
2.125800000000273940e+03,3.155406489013408818e-05
2.125900000000274304e+03,3.158893686628386167e-05
2.126000000000274213e+03,3.162371311311741037e-05
2.126100000000274122e+03,3.163303225583306198e-05
2.126200000000274486e+03,3.164228627617639549e-05
2.126300000000274395e+03,3.165482065112853322e-05
2.126400000000274304e+03,3.166748635771464085e-05
2.126500000000274213e+03,3.168008983907584356e-05
2.126600000000274122e+03,3.169263117185229230e-05
2.126700000000274486e+03,3.170571094745408119e-05
2.126800000000274395e+03,3.171889417747945965e-05
2.126900000000274304e+03,3.173201608390411325e-05
2.127000000000274667e+03,3.174507673862330407e-05
2.127100000000274576e+03,3.174279496008824465e-05
2.127200000000274486e+03,3.174062724050453555e-05
2.127300000000274395e+03,3.173843547753331981e-05
2.127400000000274304e+03,3.173621969069075153e-05
2.127500000000274667e+03,3.173397989949096549e-05
2.127600000000274576e+03,3.173171612344628719e-05
2.127700000000274486e+03,3.172942838206702960e-05
2.127800000000274849e+03,3.172750284380992881e-05
2.127900000000274758e+03,3.172717063686366430e-05
2.128000000000274667e+03,3.172700752648301381e-05
2.128100000000274576e+03,3.169881876658783425e-05
2.128200000000274486e+03,3.167064586489333938e-05
2.128300000000274849e+03,3.164248881637516015e-05
2.128400000000274758e+03,3.161434761601010659e-05
2.128500000000274667e+03,3.158622225877517165e-05
2.128600000000275031e+03,3.155811273964827669e-05
2.128700000000274940e+03,3.152943159491155916e-05
2.128800000000274849e+03,3.150064403853557583e-05
2.128900000000274758e+03,3.147187361290747611e-05
2.129000000000274667e+03,3.144312031178169304e-05
2.129100000000275031e+03,3.140028525725332899e-05
2.129200000000274940e+03,3.135748213584980374e-05
2.129300000000274849e+03,3.131471094411949189e-05
2.129400000000275213e+03,3.127197167860250782e-05
2.129500000000275122e+03,3.123259221591847087e-05
2.129600000000275031e+03,3.119413106902159594e-05
2.129700000000274940e+03,3.115569055719153032e-05
2.129800000000274849e+03,3.111727068883508954e-05
2.129900000000275213e+03,3.107887147235006997e-05
2.130000000000275122e+03,3.104049291602754178e-05
2.130100000000275031e+03,3.096625287194648744e-05
2.130200000000275395e+03,3.089211202141823914e-05
2.130300000000275304e+03,3.081859054315733224e-05
2.130400000000275213e+03,3.074533929749388706e-05
2.130500000000275122e+03,3.067218363084544066e-05
2.130600000000275031e+03,3.059912347844625472e-05
2.130700000000275395e+03,3.052615877554261197e-05
2.130800000000275304e+03,3.045328945739368023e-05
2.130900000000275213e+03,3.038051545927006225e-05
2.131000000000275577e+03,3.030783671639803725e-05
2.131100000000275486e+03,3.021532911548523558e-05
2.131200000000275395e+03,3.012313356625631434e-05
2.131300000000275304e+03,3.003105248558713596e-05
2.131400000000275213e+03,2.993907313067373333e-05
2.131500000000275577e+03,2.984719173646331597e-05
2.131600000000275486e+03,2.975542483663647035e-05
2.131700000000275395e+03,2.966377237969523313e-05
2.131800000000275759e+03,2.957223431412569304e-05
2.131900000000275668e+03,2.948214829898059886e-05
2.132000000000275577e+03,2.939281792583487945e-05
2.132100000000275486e+03,2.928386804672698427e-05
2.132200000000275395e+03,2.917502843796787650e-05
2.132300000000275759e+03,2.906629910484704988e-05
2.132400000000275668e+03,2.895768005260237999e-05
2.132500000000275577e+03,2.884917128641726461e-05
2.132600000000275941e+03,2.874077281142208066e-05
2.132700000000275850e+03,2.863248463269545474e-05
2.132800000000275759e+03,2.852430675526166102e-05
2.132900000000275668e+03,2.841623918409240344e-05
2.133000000000275577e+03,2.830828192404787573e-05
2.133100000000275941e+03,2.817933043898860626e-05
2.133200000000275850e+03,2.805050645334921622e-05
2.133300000000275759e+03,2.792180999166663397e-05
2.133400000000276123e+03,2.779330984975696283e-05
2.133500000000276032e+03,2.766405583382598772e-05
2.133600000000275941e+03,2.753393455236023116e-05
2.133700000000275850e+03,2.740395823690529550e-05
2.133800000000275759e+03,2.727412687947605209e-05
2.133900000000276123e+03,2.714444047203110554e-05
2.134000000000276032e+03,2.701489900639863774e-05
2.134100000000275941e+03,2.685777365803267822e-05
2.134200000000276304e+03,2.670089725689518489e-05
2.134300000000276214e+03,2.654393800951070518e-05
2.134400000000276123e+03,2.638696837988708290e-05
2.134500000000276032e+03,2.623025430396027974e-05
2.134600000000275941e+03,2.607586222624778388e-05
2.134700000000276304e+03,2.592214439523984136e-05
2.134800000000276214e+03,2.576865153016084437e-05
2.134900000000276123e+03,2.561538352279069906e-05
2.135000000000276486e+03,2.546234026484077304e-05
2.135100000000276395e+03,2.529927160569773025e-05
2.135200000000276304e+03,2.513579584996096782e-05
2.135300000000276214e+03,2.497246450148227521e-05
2.135400000000276123e+03,2.480927764600561860e-05
2.135500000000276486e+03,2.464623536919349653e-05
2.135600000000276395e+03,2.448333775663023997e-05
2.135700000000276304e+03,2.432121970066600513e-05
2.135800000000276668e+03,2.415977070061128116e-05
2.135900000000276577e+03,2.399819285094043035e-05
2.136000000000276486e+03,2.383646914024923504e-05
2.136100000000276395e+03,2.364901007365804346e-05
2.136200000000276304e+03,2.346184386831643614e-05
2.136300000000276668e+03,2.327497037238074684e-05
2.136400000000276577e+03,2.308838943396076998e-05
2.136500000000276486e+03,2.290210090111450896e-05
2.136600000000276850e+03,2.271610462185098838e-05
2.136700000000276759e+03,2.252906451495716907e-05
2.136800000000276668e+03,2.234107788758556341e-05
2.136900000000276577e+03,2.215460649510971701e-05
2.137000000000276486e+03,2.196844965480126134e-05
2.137100000000276850e+03,2.177043197705057234e-05
2.137200000000276759e+03,2.157271235160151680e-05
2.137300000000276668e+03,2.137529066113849670e-05
2.137400000000277032e+03,2.117816678825218475e-05
2.137500000000276941e+03,2.098134061544233990e-05
2.137600000000276850e+03,2.078481202511246091e-05
2.137700000000276759e+03,2.058858089957345567e-05
2.137800000000276668e+03,2.039264712104280771e-05
2.137900000000277032e+03,2.019701057164382407e-05
2.138000000000276941e+03,2.000167113338067489e-05
2.138100000000276850e+03,1.979635147616374381e-05
2.138200000000277214e+03,1.959132197858044780e-05
2.138300000000277123e+03,1.938674062168709375e-05
2.138400000000277032e+03,1.918271997841925378e-05
2.138500000000276941e+03,1.897898014280544963e-05
2.138600000000276850e+03,1.877552106528243946e-05
2.138700000000277214e+03,1.857234269615913708e-05
2.138800000000277123e+03,1.836944498562012199e-05
2.138900000000277032e+03,1.816682788372025233e-05
2.139000000000277396e+03,1.796449134036027704e-05
2.139100000000277305e+03,1.775278491346728298e-05
2.139200000000277214e+03,1.754167543022396497e-05
2.139300000000277123e+03,1.733089060199113321e-05
2.139400000000277032e+03,1.712043031154058994e-05
2.139500000000277396e+03,1.691029444153124145e-05
2.139600000000277305e+03,1.670062784292996490e-05
2.139700000000277214e+03,1.649141405271223351e-05
2.139800000000277578e+03,1.628251734901503875e-05
2.139900000000277487e+03,1.607383442656387608e-05
2.140000000000277396e+03,1.586521697451496226e-05
2.140100000000277305e+03,1.565625397768890688e-05
2.140200000000277214e+03,1.544768058318646996e-05
2.140300000000277578e+03,1.523954840783728391e-05
2.140400000000277487e+03,1.503164013744848151e-05
2.140500000000277396e+03,1.482395587068611625e-05
2.140600000000277760e+03,1.461649577515550273e-05
2.140700000000277669e+03,1.440926250404792320e-05
2.140800000000277578e+03,1.420225345429033525e-05
2.140900000000277487e+03,1.399546872410078986e-05
2.141000000000277396e+03,1.378890840826342241e-05
2.141100000000277760e+03,1.239782322352429834e-05
2.141200000000277669e+03,1.100945291838699485e-05
2.141300000000277578e+03,9.623957404605616440e-06
2.141400000000277942e+03,8.241974386259897739e-06
2.141500000000277851e+03,6.862370093585571213e-06
2.141600000000277760e+03,5.485143684769110016e-06
2.141700000000277669e+03,4.110294316410107499e-06
2.141800000000277578e+03,2.737821143516596929e-06
2.141900000000277942e+03,1.367723319500297512e-06
2.142000000000277851e+03,3.530245588624039749e-15
2.142100000000277760e+03,1.269873756538195200e-06
2.142200000000278123e+03,2.538384041220563294e-06
2.142300000000278033e+03,3.805544486018101560e-06
2.142400000000277942e+03,5.071443689811298993e-06
2.142500000000277851e+03,6.336293880105331553e-06
2.142600000000277760e+03,7.599988149475353379e-06
2.142700000000278123e+03,8.862491341939952559e-06
2.142800000000278033e+03,1.012380221298902144e-05
2.142900000000277942e+03,1.138391951908208823e-05
2.143000000000278305e+03,1.264284201446245420e-05
2.143100000000278214e+03,1.276213433012160342e-05
2.143200000000278123e+03,1.288153154606174967e-05
2.143300000000278033e+03,1.300078732604056957e-05
2.143400000000277942e+03,1.311990157865689942e-05
2.143500000000278305e+03,1.323887421263859894e-05
2.143600000000278214e+03,1.335752039076652932e-05
2.143700000000278123e+03,1.347588778176121035e-05
2.143800000000278487e+03,1.359411002535032208e-05
2.143900000000278396e+03,1.371221350468349507e-05
2.144000000000278305e+03,1.383045125793829194e-05
2.144100000000278214e+03,1.395073654889718928e-05
2.144200000000278123e+03,1.407086935154264036e-05
2.144300000000278487e+03,1.419084959083512222e-05
2.144400000000278396e+03,1.431067719186573798e-05
2.144500000000278305e+03,1.443035207985966418e-05
2.144600000000278669e+03,1.454987418017444491e-05
2.144700000000278578e+03,1.466892957301763510e-05
2.144800000000278487e+03,1.478708713405096044e-05
2.144900000000278396e+03,1.490507506917835540e-05
2.145000000000278305e+03,1.502289334618407210e-05
2.145100000000278669e+03,1.514344324467979761e-05
2.145200000000278578e+03,1.526384409314983086e-05
2.145300000000278487e+03,1.538409581132434582e-05
2.145400000000278851e+03,1.550419831903867730e-05
2.145500000000278760e+03,1.562415153623157606e-05
2.145600000000278669e+03,1.574395538294883412e-05
2.145700000000278578e+03,1.586360977934107904e-05
2.145800000000278487e+03,1.598310007013264023e-05
2.145900000000278851e+03,1.610168958851854792e-05
2.146000000000278760e+03,1.622011831421283151e-05
2.146100000000278669e+03,1.633653927441065020e-05
2.146200000000279033e+03,1.645276971663905681e-05
2.146300000000278942e+03,1.656880965573375548e-05
2.146400000000278851e+03,1.668429347010931288e-05
2.146500000000278760e+03,1.679957328678571531e-05
2.146600000000278669e+03,1.691465749527044883e-05
2.146700000000279033e+03,1.702954612413152578e-05
2.146800000000278942e+03,1.714423920204791646e-05
2.146900000000278851e+03,1.725873675781246962e-05
2.147000000000279215e+03,1.737242927340179398e-05
2.147100000000279124e+03,1.748407622244570403e-05
2.147200000000279033e+03,1.759551101359908137e-05
2.147300000000278942e+03,1.770673373002569769e-05
2.147400000000278851e+03,1.781774445496636062e-05
2.147500000000279215e+03,1.792854327173937793e-05
2.147600000000279124e+03,1.803913026373853479e-05
2.147700000000279033e+03,1.814950551443590256e-05
2.147800000000279397e+03,1.825966910738052078e-05
2.147900000000279306e+03,1.836962112619665568e-05
2.148000000000279215e+03,1.847936165458642258e-05
2.148100000000279124e+03,1.858854972300960116e-05
2.148200000000279033e+03,1.869731522033943856e-05
2.148300000000279397e+03,1.880589550305330983e-05
2.148400000000279306e+03,1.891429059715948359e-05
2.148500000000279215e+03,1.902250052875804006e-05
2.148600000000279579e+03,1.913052532403970891e-05
2.148700000000279488e+03,1.923836500928414813e-05
2.148800000000279397e+03,1.934714050684770633e-05
2.148900000000279306e+03,1.945592426313985527e-05
2.149000000000279215e+03,1.956453742457551215e-05
2.149100000000279579e+03,1.967001227856253872e-05
2.149200000000279488e+03,1.977541485947457585e-05
2.149300000000279397e+03,1.988104953931259849e-05
2.149400000000279761e+03,1.998652773130790738e-05
2.149500000000279670e+03,2.009184609504020578e-05
2.149600000000279579e+03,2.019664080766076384e-05
2.149700000000279488e+03,2.030120002568120349e-05
2.149800000000279397e+03,2.040560332933736521e-05
2.149900000000279761e+03,2.050985068844497582e-05
2.150000000000279670e+03,2.061394207288393674e-05
2.150100000000279579e+03,2.070809698313377250e-05
2.150200000000279942e+03,2.080206161373814077e-05
2.150300000000279852e+03,2.089583822530856645e-05
2.150400000000279761e+03,2.098988846911514818e-05
2.150500000000279670e+03,2.108380365864254816e-05
2.150600000000279579e+03,2.117753337512595099e-05
2.150700000000279942e+03,2.127107768284978377e-05
2.150800000000279852e+03,2.136443664618876734e-05
2.150900000000279761e+03,2.145761032961043363e-05
2.151000000000280124e+03,2.155059879766825791e-05
2.151100000000280033e+03,2.164152006294702048e-05
2.151200000000279942e+03,2.173194537374524541e-05
2.151300000000279852e+03,2.182211059816214450e-05
2.151400000000279761e+03,2.191213881649363556e-05
2.151500000000280124e+03,2.200010315094091666e-05
2.151600000000280033e+03,2.208671756815752018e-05
2.151700000000279942e+03,2.217317048290289648e-05
2.151800000000280306e+03,2.225946193524263233e-05
2.151900000000280215e+03,2.234559196530038028e-05
2.152000000000280124e+03,2.243218661043635035e-05
2.152100000000280033e+03,2.250960570465282011e-05
2.152200000000279942e+03,2.258688950299495617e-05
2.152300000000280306e+03,2.266403332455545831e-05
2.152400000000280215e+03,2.274102892344278439e-05
2.152500000000280124e+03,2.281787634017916339e-05
2.152600000000280488e+03,2.289530514345409405e-05
2.152700000000280397e+03,2.297402886316920326e-05
2.152800000000280306e+03,2.305296391452654823e-05
2.152900000000280215e+03,2.313193899163000793e-05
2.153000000000280124e+03,2.321078377029408134e-05
2.153100000000280488e+03,2.327557196351064188e-05
2.153200000000280397e+03,2.334021953452909879e-05
2.153300000000280306e+03,2.340472654191642714e-05
2.153400000000280670e+03,2.346909304429548583e-05
2.153500000000280579e+03,2.353331910034390628e-05
2.153600000000280488e+03,2.359773752131046667e-05
2.153700000000280397e+03,2.366224495397434212e-05
2.153800000000280306e+03,2.372714296092093847e-05
2.153900000000280670e+03,2.379190649252842685e-05
2.154000000000280579e+03,2.385653558754705010e-05
2.154100000000280488e+03,2.391847304252718741e-05
2.154200000000280852e+03,2.398033597037996925e-05
2.154300000000280761e+03,2.404212430313735436e-05
2.154400000000280670e+03,2.410415692208248045e-05
2.154500000000280579e+03,2.416633711012669444e-05
2.154600000000280488e+03,2.422844520355310293e-05
2.154700000000280852e+03,2.429048112914921272e-05
2.154800000000280761e+03,2.435244481373225470e-05
2.154900000000280670e+03,2.441612351397803841e-05
2.155000000000281034e+03,2.448025389327510994e-05
2.155100000000280943e+03,2.452898143166032591e-05
2.155200000000280852e+03,2.457825363554577410e-05
2.155300000000280761e+03,2.462795714886463209e-05
2.155400000000280670e+03,2.467760172915114676e-05
2.155500000000281034e+03,2.472718731197794231e-05
2.155600000000280943e+03,2.477671383294634722e-05
2.155700000000280852e+03,2.482618122768790191e-05
2.155800000000281216e+03,2.487558943186383024e-05
2.155900000000281125e+03,2.492493838116431444e-05
2.156000000000281034e+03,2.497337148362940694e-05
2.156100000000280943e+03,2.500717769337827763e-05
2.156200000000280852e+03,2.504093213581303943e-05
2.156300000000281216e+03,2.507463477358206014e-05
2.156400000000281125e+03,2.510828556936777183e-05
2.156500000000281034e+03,2.514188265600116761e-05
2.156600000000281398e+03,2.517542611700759720e-05
2.156700000000281307e+03,2.520891761488532466e-05
2.156800000000281216e+03,2.524289367491021387e-05
2.156900000000281125e+03,2.527741079268783203e-05
2.157000000000281034e+03,2.531187874534051332e-05
2.157100000000281398e+03,2.532173505959198749e-05
2.157200000000281307e+03,2.533340976092091987e-05
2.157300000000281216e+03,2.534503784613075888e-05
2.157400000000281580e+03,2.535661932280386225e-05
2.157500000000281489e+03,2.536815419857324367e-05
2.157600000000281398e+03,2.537964248112249484e-05
2.157700000000281307e+03,2.539108417818598543e-05
2.157800000000281216e+03,2.540247929754855808e-05
2.157900000000281580e+03,2.541382784704568430e-05
2.158000000000281489e+03,2.542512983454347784e-05
2.158100000000281398e+03,2.542938879716995877e-05
2.158200000000281761e+03,2.543362637415488766e-05
2.158300000000281671e+03,2.544007474201153386e-05
2.158400000000281580e+03,2.544665519707693836e-05
2.158500000000281489e+03,2.545321433659961124e-05
2.158600000000281398e+03,2.545975214134613799e-05
2.158700000000281761e+03,2.546626859209666680e-05
2.158800000000281671e+03,2.547276366964527786e-05
2.158900000000281580e+03,2.547923106489164783e-05
2.159000000000281943e+03,2.548566798166240898e-05
2.159100000000281852e+03,2.548190007409881230e-05
2.159200000000281761e+03,2.547770796176295434e-05
2.159300000000281671e+03,2.547277408900734357e-05
2.159400000000281580e+03,2.546782575955890143e-05
2.159500000000281943e+03,2.546286297140937718e-05
2.159600000000281852e+03,2.545788572256219218e-05
2.159700000000281761e+03,2.545289401103197237e-05
2.159800000000282125e+03,2.544788783484490396e-05
2.159900000000282034e+03,2.544286719203855393e-05
2.160000000000281943e+03,2.543746738745447081e-05
2.160100000000281852e+03,2.540504357334124274e-05
2.160200000000281761e+03,2.537263124442503797e-05
2.160300000000282125e+03,2.534023042763168881e-05
2.160400000000282034e+03,2.530784114986795239e-05
2.160500000000281943e+03,2.527524217868528964e-05
2.160600000000282307e+03,2.524228735451135400e-05
2.160700000000282216e+03,2.520934590671716126e-05
2.160800000000282125e+03,2.517610030213176769e-05
2.160900000000282034e+03,2.514206534917399645e-05
2.161000000000281943e+03,2.510804687989962809e-05
2.161100000000282307e+03,2.506025047583511142e-05
2.161200000000282216e+03,2.501247520632797949e-05
2.161300000000282125e+03,2.496471876522249461e-05
2.161400000000282489e+03,2.491657021762147260e-05
2.161500000000282398e+03,2.486844454061830863e-05
2.161600000000282307e+03,2.482045132756026818e-05
2.161700000000282216e+03,2.477352497014093083e-05
2.161800000000282125e+03,2.472661673348962587e-05
2.161900000000282489e+03,2.467972666910515689e-05
2.162000000000282398e+03,2.463285482839616930e-05
2.162100000000282307e+03,2.456171967169232039e-05
2.162200000000282671e+03,2.449065200403496463e-05
2.162300000000282580e+03,2.441965185907676503e-05
2.162400000000282489e+03,2.434849596368006557e-05
2.162500000000282398e+03,2.427654968060956154e-05
2.162600000000282307e+03,2.420467739420608698e-05
2.162700000000282671e+03,2.413287912811736859e-05
2.162800000000282580e+03,2.405887874199031537e-05
2.162900000000282489e+03,2.398445017638966160e-05
2.163000000000282853e+03,2.391011368992041988e-05
2.163100000000282762e+03,2.382423332996786282e-05
2.163200000000282671e+03,2.373842905205027855e-05
2.163300000000282580e+03,2.365270090253586673e-05
2.163400000000282489e+03,2.356704892771359220e-05
2.163500000000282853e+03,2.348147317379285288e-05
2.163600000000282762e+03,2.339597368690502142e-05
2.163700000000282671e+03,2.331055051310098540e-05
2.163800000000283035e+03,2.322520369835240093e-05
2.163900000000282944e+03,2.314107970755068704e-05
2.164000000000282853e+03,2.305795344240055132e-05
2.164100000000282762e+03,2.295658648110670934e-05
2.164200000000282671e+03,2.285530724477236272e-05
2.164300000000283035e+03,2.275411580356425376e-05
2.164400000000282944e+03,2.265301222753546647e-05
2.164500000000282853e+03,2.255199658662275676e-05
2.164600000000283217e+03,2.245106895064781619e-05
2.164700000000283126e+03,2.235022938931865771e-05
2.164800000000283035e+03,2.224947797222683065e-05
2.164900000000282944e+03,2.214881476884909443e-05
2.165000000000282853e+03,2.204798090041575366e-05
2.165100000000283217e+03,2.192968409826657650e-05
2.165200000000283126e+03,2.181151059076252274e-05
2.165300000000283035e+03,2.169346042326160022e-05
2.165400000000283399e+03,2.157553364098217154e-05
2.165500000000283308e+03,2.145773028900452618e-05
2.165600000000283217e+03,2.134005041226763461e-05
2.165700000000283126e+03,2.122249405557128288e-05
2.165800000000283035e+03,2.110506126357563887e-05
2.165900000000283399e+03,2.098775208080058829e-05
2.166000000000283308e+03,2.087056655160374563e-05
2.166100000000283217e+03,2.074490247521792885e-05
2.166200000000283580e+03,2.062347182004791818e-05
2.166300000000283489e+03,2.050216502363295368e-05
2.166400000000283399e+03,2.038086800781551449e-05
2.166500000000283308e+03,2.025958097369371096e-05
2.166600000000283217e+03,2.013830412240964830e-05
2.166700000000283580e+03,2.001703765514876594e-05
2.166800000000283489e+03,1.989578177314163662e-05
2.166900000000283399e+03,1.977453667766049014e-05
2.167000000000283762e+03,1.965329069348107952e-05
2.167100000000283671e+03,1.951165148590148105e-05
2.167200000000283580e+03,1.937012508401612517e-05
2.167300000000283489e+03,1.922851552648961003e-05
2.167400000000283399e+03,1.908676362988013080e-05
2.167500000000283762e+03,1.894513210870111722e-05
2.167600000000283671e+03,1.880362108685628794e-05
2.167700000000283580e+03,1.866223068803433719e-05
2.167800000000283944e+03,1.852096103571083217e-05
2.167900000000283853e+03,1.837981225314997487e-05
2.168000000000283762e+03,1.823878446337872012e-05
2.168100000000283671e+03,1.809045757136610647e-05
2.168200000000283580e+03,1.794222183162234139e-05
2.168300000000283944e+03,1.779405224860777665e-05
2.168400000000283853e+03,1.764594911868711777e-05
2.168500000000283762e+03,1.749791263294652192e-05
2.168600000000284126e+03,1.734994298238112413e-05
2.168700000000284035e+03,1.720204035789676519e-05
2.168800000000283944e+03,1.705420270177517795e-05
2.168900000000283853e+03,1.690574261227155344e-05
2.169000000000283762e+03,1.675728538553989910e-05
2.169100000000284126e+03,1.659620197637204735e-05
2.169200000000284035e+03,1.643526978404150597e-05
2.169300000000283944e+03,1.627448892254540795e-05
2.169400000000284308e+03,1.611385950561693725e-05
2.169500000000284217e+03,1.595352691688581311e-05
2.169600000000284126e+03,1.579428400908932601e-05
2.169700000000284035e+03,1.563517042502729607e-05
2.169800000000283944e+03,1.547618632305509419e-05
2.169900000000284308e+03,1.531733186125536363e-05
2.170000000000284217e+03,1.515860719742268868e-05
2.170100000000284126e+03,1.499373670454788406e-05
2.170200000000284490e+03,1.482899121988756627e-05
2.170300000000284399e+03,1.466437091353469420e-05
2.170400000000284308e+03,1.449987595531323616e-05
2.170500000000284217e+03,1.433576851791426710e-05
2.170600000000284126e+03,1.417183765115317647e-05
2.170700000000284490e+03,1.400957174429572596e-05
2.170800000000284399e+03,1.384767098790384291e-05
2.170900000000284308e+03,1.368584572552160380e-05
2.171000000000284672e+03,1.352409620328509067e-05
2.171100000000284581e+03,1.336489662021391961e-05
2.171200000000284490e+03,1.320561604061495014e-05
2.171300000000284399e+03,1.304625471472684297e-05
2.171400000000284308e+03,1.288681289308262477e-05
2.171500000000284672e+03,1.272729082650843117e-05
2.171600000000284581e+03,1.256768876612635792e-05
2.171700000000284490e+03,1.240800696334968188e-05
2.171800000000284854e+03,1.224824566988484986e-05
2.171900000000284763e+03,1.208840513773330486e-05
2.172000000000284672e+03,1.192848561623667089e-05
2.172100000000284581e+03,1.073253493708998216e-05
2.172200000000284490e+03,9.537267749802051206e-06
2.172300000000284854e+03,8.342687267329800167e-06
2.172400000000284763e+03,7.148795452068267549e-06
2.172500000000284672e+03,5.955593974719480530e-06
2.172600000000285036e+03,4.763084504061204786e-06
2.172700000000284945e+03,3.571268706961201759e-06
2.172800000000284854e+03,2.380148248342858170e-06
2.172900000000284763e+03,1.189919411011584060e-06
2.173000000000284672e+03,0.000000000000000000e+00
2.173100000000285036e+03,0.000000000000000000e+00
2.173200000000284945e+03,0.000000000000000000e+00
2.173300000000284854e+03,0.000000000000000000e+00
2.173400000000285218e+03,0.000000000000000000e+00
2.173500000000285127e+03,0.000000000000000000e+00
2.173600000000285036e+03,0.000000000000000000e+00
2.173700000000284945e+03,0.000000000000000000e+00
2.173800000000284854e+03,0.000000000000000000e+00
2.173900000000285218e+03,0.000000000000000000e+00
2.174000000000285127e+03,3.303821140668277898e-15
2.174100000000285036e+03,1.159164310589113932e-06
2.174200000000285399e+03,2.319214700202400775e-06
2.174300000000285308e+03,3.480149821799700459e-06
2.174400000000285218e+03,4.641968322428044556e-06
2.174500000000285127e+03,5.804506797148861020e-06
2.174600000000285036e+03,6.967745292225571420e-06
2.174700000000285399e+03,8.131759453435727294e-06
2.174800000000285308e+03,9.296547827796241265e-06
2.174900000000285218e+03,1.046210895999286085e-05
2.175000000000285581e+03,1.162844138934143096e-05
2.175100000000285490e+03,1.173636585036692237e-05
2.175200000000285399e+03,1.184391350054846449e-05
2.175300000000285308e+03,1.195100956426440216e-05
2.175400000000285218e+03,1.205788271253004883e-05
2.175500000000285581e+03,1.216474974995528685e-05
2.175600000000285490e+03,1.227161052560842326e-05
2.175700000000285399e+03,1.237846488855473103e-05
2.175800000000285763e+03,1.248531268785523613e-05
2.175900000000285672e+03,1.259215377256543338e-05
2.176000000000285581e+03,1.269898799173651298e-05
2.176100000000285490e+03,1.280499536854252073e-05
2.176200000000285399e+03,1.291082729235853001e-05
2.176300000000285763e+03,1.301503006487711671e-05
2.176400000000285672e+03,1.311721787906219902e-05
2.176500000000285581e+03,1.321930268263046017e-05
2.176600000000285945e+03,1.332128443753906365e-05
2.176700000000285854e+03,1.342316310586596664e-05
2.176800000000285763e+03,1.352493864981264405e-05
2.176900000000285672e+03,1.362661103170236057e-05
2.177000000000285581e+03,1.372818021400010305e-05
2.177100000000285945e+03,1.383656141301984376e-05
2.177200000000285854e+03,1.394493229625290915e-05
2.177300000000285763e+03,1.405329610016937824e-05
2.177400000000286127e+03,1.416138240951113323e-05
2.177500000000286036e+03,1.426813099782341970e-05
2.177600000000285945e+03,1.437484863602309925e-05
2.177700000000285854e+03,1.448153523657248298e-05
2.177800000000285763e+03,1.458819071193623167e-05
2.177900000000286127e+03,1.469481497458185383e-05
2.178000000000286036e+03,1.480140793696961752e-05
2.178100000000285945e+03,1.490504641911070250e-05
2.178200000000286309e+03,1.500861872883050218e-05
2.178300000000286218e+03,1.511212481183318144e-05
2.178400000000286127e+03,1.521556461387461649e-05
2.178500000000286036e+03,1.531893808076024855e-05
2.178600000000285945e+03,1.541978864340902685e-05
2.178700000000286309e+03,1.552023537597795562e-05
2.178800000000286218e+03,1.562057987382486709e-05
2.178900000000286127e+03,1.572082214108735457e-05
2.179000000000286491e+03,1.582096218194066031e-05
2.179100000000286400e+03,1.591963229159391445e-05
2.179200000000286309e+03,1.601820393641305995e-05
2.179300000000286218e+03,1.611667712063370199e-05
2.179400000000286127e+03,1.621505184853009419e-05
2.179500000000286491e+03,1.631332812441550450e-05
2.179600000000286400e+03,1.641150595264062278e-05
2.179700000000286309e+03,1.650846043317920881e-05
2.179800000000286673e+03,1.660457912208294283e-05
2.179900000000286582e+03,1.670057798298658818e-05
2.180000000000286491e+03,1.679661550034536598e-05
2.180100000000286400e+03,1.688873885099776996e-05
2.180200000000286309e+03,1.697830938842809754e-05
2.180300000000286673e+03,1.706772664457552560e-05
2.180400000000286582e+03,1.715699074909096585e-05
2.180500000000286491e+03,1.724610183156780632e-05
2.180600000000286855e+03,1.733506002154075259e-05
2.180700000000286764e+03,1.742386544848460129e-05
2.180800000000286673e+03,1.751174509724036168e-05
2.180900000000286582e+03,1.759825608599492868e-05
2.181000000000286491e+03,1.768539873605502557e-05
2.181100000000286855e+03,1.776640448116728171e-05
2.181200000000286764e+03,1.784723354370882026e-05
2.181300000000286673e+03,1.792788614340545957e-05
2.181400000000287037e+03,1.800836249978375519e-05
2.181500000000286946e+03,1.808866283217009521e-05
2.181600000000286855e+03,1.816878735969288566e-05
2.181700000000286764e+03,1.824907661467732776e-05
2.181800000000286673e+03,1.833007357520202458e-05
2.181900000000287037e+03,1.841088590787406262e-05
2.182000000000286946e+03,1.849114102029834027e-05
2.182100000000286855e+03,1.857230443770341421e-05
2.182200000000287218e+03,1.865336071835879385e-05
2.182300000000287127e+03,1.873430991994722299e-05
2.182400000000287037e+03,1.881515210014506897e-05
2.182500000000286946e+03,1.889608982113582305e-05
2.182600000000286855e+03,1.897756230515678427e-05
2.182700000000287218e+03,1.905893510885951276e-05
2.182800000000287127e+03,1.914020827581121255e-05
2.182900000000287037e+03,1.922138184958246222e-05
2.183000000000287400e+03,1.930245587372659140e-05
2.183100000000287309e+03,1.937629363686890131e-05
2.183200000000287218e+03,1.944993174144793872e-05
2.183300000000287127e+03,1.952355781307962777e-05
2.183400000000287037e+03,1.959743186799693942e-05
2.183500000000287400e+03,1.967120948504165730e-05
2.183600000000287309e+03,1.974489298603098893e-05
2.183700000000287218e+03,1.981848007812186773e-05
2.183800000000287582e+03,1.989197081317466178e-05
2.183900000000287491e+03,1.996536524304012364e-05
2.184000000000287400e+03,2.003866341953193972e-05
2.184100000000287309e+03,2.010143746975205664e-05
2.184200000000287218e+03,2.016269594863421614e-05
2.184300000000287582e+03,2.022314576550615414e-05
2.184400000000287491e+03,2.028347620922053715e-05
2.184500000000287400e+03,2.034368740732743868e-05
2.184600000000287764e+03,2.040377948728013330e-05
2.184700000000287673e+03,2.046375257643408022e-05
2.184800000000287582e+03,2.052360680204895618e-05
2.184900000000287491e+03,2.058334229128727644e-05
2.185000000000287400e+03,2.064295917119316140e-05
2.185100000000287764e+03,2.069483714106310352e-05
2.185200000000287673e+03,2.074661620922789459e-05
2.185300000000287582e+03,2.079839320604518743e-05
2.185400000000287946e+03,2.085044096286701575e-05
2.185500000000287855e+03,2.090239245151584880e-05
2.185600000000287764e+03,2.095424776487610322e-05
2.185700000000287673e+03,2.100600699576913577e-05
2.185800000000287582e+03,2.105767023695355160e-05
2.185900000000287946e+03,2.110923758112543807e-05
2.186000000000287855e+03,2.116070696413688726e-05
2.186100000000287764e+03,2.120494181841169011e-05
2.186200000000288128e+03,2.124895833024414751e-05
2.186300000000288037e+03,2.129269741822231653e-05
2.186400000000287946e+03,2.133636505706003108e-05
2.186500000000287855e+03,2.138175786283516837e-05
2.186600000000287764e+03,2.142767792134495894e-05
2.186700000000288128e+03,2.147353667337447480e-05
2.186800000000288037e+03,2.151933415300468966e-05
2.186900000000287946e+03,2.156507039430776473e-05
2.187000000000288310e+03,2.161074543131911351e-05
2.187100000000288219e+03,2.164686745890119447e-05
2.187200000000288128e+03,2.168294473663660119e-05
2.187300000000288037e+03,2.171897728395920022e-05
2.187400000000287946e+03,2.175496512030084215e-05
2.187500000000288310e+03,2.179090826509096863e-05
2.187600000000288219e+03,2.182996560767692381e-05
2.187700000000288128e+03,2.187071180819803560e-05
2.187800000000288492e+03,2.191143003499679289e-05
2.187900000000288401e+03,2.195212028081677623e-05
2.188000000000288310e+03,2.199278253837316685e-05
2.188100000000288219e+03,2.202088167939106884e-05
2.188200000000288128e+03,2.204753214947159732e-05
2.188300000000288492e+03,2.207411345859071360e-05
2.188400000000288401e+03,2.210066804072646470e-05
2.188500000000288310e+03,2.212719589885343380e-05
2.188600000000288674e+03,2.215369703595089328e-05
2.188700000000288583e+03,2.218089886132491813e-05
2.188800000000288492e+03,2.220933074643880589e-05
2.188900000000288401e+03,2.223774043112329872e-05
2.189000000000288310e+03,2.226520629218533783e-05
2.189100000000288674e+03,2.227491771613273542e-05
2.189200000000288583e+03,2.228460736938380672e-05
2.189300000000288492e+03,2.229440347931577470e-05
2.189400000000288856e+03,2.230442188044971184e-05
2.189500000000288765e+03,2.231441886987389905e-05
2.189600000000288674e+03,2.232439445810485346e-05
2.189700000000288583e+03,2.233434865566176543e-05
2.189800000000288492e+03,2.234432475593921025e-05
2.189900000000288856e+03,2.235473470270408377e-05
2.190000000000288765e+03,2.236512362761978228e-05
2.190100000000288674e+03,2.237310357935652516e-05
2.190200000000289037e+03,2.238107927473856603e-05
2.190300000000288946e+03,2.238905070884884474e-05
2.190400000000288856e+03,2.239701787676994879e-05
2.190500000000288765e+03,2.240498077358410653e-05
2.190600000000288674e+03,2.241336496965836724e-05
2.190700000000289037e+03,2.242181722873194278e-05
2.190800000000288946e+03,2.243026557697072755e-05
2.190900000000288856e+03,2.243871000919429515e-05
2.191000000000289219e+03,2.244715052016468869e-05
2.191100000000289128e+03,2.243595941586129936e-05
2.191200000000289037e+03,2.242476934327147011e-05
2.191300000000288946e+03,2.241358030470533421e-05
2.191400000000288856e+03,2.240320472043877094e-05
2.191500000000289219e+03,2.239301162675246191e-05
2.191600000000289128e+03,2.238281862476353078e-05
2.191700000000289037e+03,2.237262571685316335e-05
2.191800000000289401e+03,2.236243290540210497e-05
2.191900000000289310e+03,2.235224019279056227e-05
2.192000000000289219e+03,2.234204758135664433e-05
2.192100000000289128e+03,2.231748526497281067e-05
2.192200000000289037e+03,2.229292890343648960e-05
2.192300000000289401e+03,2.226837850361663041e-05
2.192400000000289310e+03,2.224383407238043415e-05
2.192500000000289219e+03,2.221929561659216772e-05
2.192600000000289583e+03,2.219476314311403129e-05
2.192700000000289492e+03,2.217023665880610064e-05
2.192800000000289401e+03,2.214571617052587320e-05
2.192900000000289310e+03,2.212121590352851875e-05
2.193000000000289219e+03,2.209672841258852004e-05
2.193100000000289583e+03,2.206204802100555091e-05
2.193200000000289492e+03,2.202724350622827437e-05
2.193300000000289401e+03,2.199206728488409086e-05
2.193400000000289765e+03,2.195688895014374545e-05
2.193500000000289674e+03,2.192170851665655438e-05
2.193600000000289583e+03,2.188652599907761064e-05
2.193700000000289492e+03,2.185134141206853956e-05
2.193800000000289401e+03,2.181615477029724129e-05
2.193900000000289765e+03,2.178096608843791109e-05
2.194000000000289674e+03,2.174577538111141848e-05
2.194100000000289583e+03,2.168988432450377025e-05
2.194200000000289947e+03,2.163401973582384881e-05
2.194300000000289856e+03,2.157818162636797692e-05
2.194400000000289765e+03,2.152190902032922375e-05
2.194500000000289674e+03,2.146564903373069237e-05
2.194600000000289583e+03,2.140941814505590801e-05
2.194700000000289947e+03,2.135321999932691595e-05
2.194800000000289856e+03,2.129706756297805248e-05
2.194900000000289765e+03,2.124094414353034843e-05
2.195000000000290129e+03,2.118484974957702421e-05
2.195100000000290038e+03,2.111613975525348101e-05
2.195200000000289947e+03,2.104745348310162236e-05
2.195300000000289856e+03,2.097879095304500149e-05
2.195400000000289765e+03,2.090986269118529924e-05
2.195500000000290129e+03,2.084015322140837364e-05
2.195600000000290038e+03,2.077018529441948630e-05
2.195700000000289947e+03,2.070025057740268074e-05
2.195800000000290311e+03,2.063034908271200364e-05
2.195900000000290220e+03,2.056048082269476947e-05
2.196000000000290129e+03,2.049064580965946131e-05
2.196100000000290038e+03,2.041037382710379658e-05
2.196200000000289947e+03,2.033010579633201894e-05
2.196300000000290311e+03,2.024984694903428410e-05
2.196400000000290220e+03,2.016959731711326809e-05
2.196500000000290129e+03,2.008935693247837576e-05
2.196600000000290493e+03,2.000858773325315743e-05
2.196700000000290402e+03,1.992704360278047516e-05
2.196800000000290311e+03,1.984551615936655419e-05
2.196900000000290220e+03,1.976400906867780113e-05
2.197000000000290129e+03,1.968252235709419315e-05
2.197100000000290493e+03,1.958382233643066897e-05
2.197200000000290402e+03,1.948518159633073668e-05
2.197300000000290311e+03,1.938660014434800911e-05
2.197400000000290675e+03,1.928807798802377983e-05
2.197500000000290584e+03,1.918961513488848006e-05
2.197600000000290493e+03,1.909121159245886652e-05
2.197700000000290402e+03,1.899239606919905156e-05
2.197800000000290311e+03,1.889035268217423690e-05
2.197900000000290675e+03,1.878840872295949315e-05
2.198000000000290584e+03,1.868656414767662645e-05
2.198100000000290493e+03,1.857521719900424265e-05
2.198200000000290856e+03,1.846394478038965693e-05
2.198300000000290765e+03,1.835274689279600674e-05
2.198400000000290675e+03,1.824162033053010099e-05
2.198500000000290584e+03,1.813055429698574975e-05
2.198600000000290493e+03,1.801952566203481658e-05
2.198700000000290856e+03,1.790831073525373275e-05
2.198800000000290765e+03,1.779717425830565358e-05
2.198900000000290675e+03,1.768611622797921292e-05
2.199000000000291038e+03,1.757513664100638823e-05
2.199100000000290947e+03,1.744942672753027675e-05
2.199200000000290856e+03,1.732385138106243478e-05
2.199300000000290765e+03,1.719841053581020157e-05
2.199400000000290675e+03,1.707310412598759096e-05
2.199500000000291038e+03,1.694793208581469175e-05
2.199600000000290947e+03,1.682289434952000543e-05
2.199700000000290856e+03,1.669799085133701408e-05
2.199800000000291220e+03,1.657322152550597940e-05
2.199900000000291129e+03,1.644858630627558601e-05
2.200000000000291038e+03,1.632428878944358313e-05
2.200100000000290947e+03,1.619327300149437865e-05
2.200200000000290856e+03,1.606235134167963990e-05
2.200300000000291220e+03,1.593152413999863602e-05
2.200400000000291129e+03,1.580079139579428291e-05
2.200500000000291038e+03,1.567015310838344849e-05
2.200600000000291402e+03,1.553960927705872811e-05
2.200700000000291311e+03,1.540915990109026736e-05
2.200800000000291220e+03,1.527880497972219437e-05
2.200900000000291129e+03,1.514854451217495423e-05
2.201000000000291038e+03,1.501826060164598330e-05
2.201100000000291402e+03,1.487908368694355562e-05
2.201200000000291311e+03,1.474002616365568190e-05
2.201300000000291220e+03,1.460108801046608684e-05
2.201400000000291584e+03,1.446226920603063793e-05
2.201500000000291493e+03,1.432356972897933086e-05
2.201600000000291402e+03,1.418498955791257789e-05
2.201700000000291311e+03,1.404651676196064317e-05
2.201800000000291220e+03,1.390794334461013897e-05
2.201900000000291584e+03,1.376949378025550064e-05
2.202000000000291493e+03,1.363116804135220439e-05
2.202100000000291402e+03,1.348788517429915581e-05
2.202200000000291766e+03,1.334471265919585326e-05
2.202300000000291675e+03,1.320165049397625634e-05
2.202400000000291584e+03,1.305869867653323675e-05
2.202500000000291493e+03,1.291585720472123972e-05
2.202600000000291402e+03,1.277320447949715476e-05
2.202700000000291766e+03,1.263086318407902640e-05
2.202800000000291675e+03,1.248862590971755213e-05
2.202900000000291584e+03,1.234649266117758367e-05
2.203000000000291948e+03,1.220446344316679969e-05
2.203100000000291857e+03,1.205625567487242363e-05
2.203200000000291766e+03,1.190821676269709816e-05
2.203300000000291675e+03,1.176034663212372996e-05
2.203400000000291584e+03,1.161264520860581499e-05
2.203500000000291948e+03,1.146511241756683040e-05
2.203600000000291857e+03,1.131774818440301272e-05
2.203700000000291766e+03,1.117055243447933962e-05
2.203800000000292130e+03,1.102352509313174059e-05
2.203900000000292039e+03,1.087666608566905871e-05
2.204000000000291948e+03,1.072997533465807627e-05
2.204100000000291857e+03,9.654941021675966307e-06
2.204200000000291766e+03,8.580396077889449076e-06
2.204300000000292130e+03,7.506426886761353179e-06
2.204400000000292039e+03,6.432862348029793603e-06
2.204500000000291948e+03,5.359702947388826564e-06
2.204600000000292312e+03,4.286949170273615196e-06
2.204700000000292221e+03,3.214601501874956174e-06
2.204800000000292130e+03,2.142660427109975328e-06
2.204900000000292039e+03,1.071126430641566422e-06
2.205000000000291948e+03,0.000000000000000000e+00
2.205100000000292312e+03,0.000000000000000000e+00
2.205200000000292221e+03,0.000000000000000000e+00
2.205300000000292130e+03,0.000000000000000000e+00
2.205400000000292493e+03,0.000000000000000000e+00
2.205500000000292403e+03,0.000000000000000000e+00
2.205600000000292312e+03,0.000000000000000000e+00
2.205700000000292221e+03,0.000000000000000000e+00
2.205800000000292130e+03,0.000000000000000000e+00
2.205900000000292493e+03,0.000000000000000000e+00
2.206000000000292403e+03,2.941948631940014326e-15
2.206100000000292312e+03,1.005353085389807428e-06
2.206200000000292675e+03,2.009153777467587285e-06
2.206300000000292584e+03,3.011403107277910690e-06
2.206400000000292493e+03,4.012102103262650298e-06
2.206500000000292403e+03,5.011251794183120086e-06
2.206600000000292312e+03,6.008853209123015618e-06
2.206700000000292675e+03,7.004907377491400683e-06
2.206800000000292584e+03,7.999415329002971427e-06
2.206900000000292493e+03,8.992378093703689266e-06
2.207000000000292857e+03,9.983796699315756109e-06
2.207100000000292766e+03,1.007302383317665328e-05
2.207200000000292675e+03,1.016223206115979195e-05
2.207300000000292584e+03,1.025142132924118203e-05
2.207400000000292493e+03,1.034059158341050118e-05
2.207500000000292857e+03,1.042974276967157589e-05
2.207600000000292766e+03,1.051887483404078905e-05
2.207700000000292675e+03,1.060798772254947541e-05
2.207800000000293039e+03,1.069708138124268314e-05
2.207900000000292948e+03,1.078615575617815409e-05
2.208000000000292857e+03,1.087537452100960821e-05
2.208100000000292766e+03,1.096260383983971705e-05
2.208200000000292675e+03,1.104976092937827613e-05
2.208300000000293039e+03,1.113684577366792334e-05
2.208400000000292948e+03,1.122385835681476813e-05
2.208500000000292857e+03,1.131079866299062430e-05
2.208600000000293221e+03,1.139766667643181399e-05
2.208700000000293130e+03,1.148446238143785306e-05
2.208800000000293039e+03,1.157118576237383977e-05
2.208900000000292948e+03,1.165783680366884707e-05
2.209000000000292857e+03,1.174441548983044584e-05
2.209100000000293221e+03,1.183586147645560722e-05
2.209200000000293130e+03,1.192729888156811325e-05
2.209300000000293039e+03,1.201872764330830244e-05
2.209400000000293403e+03,1.211014769982217657e-05
2.209500000000293312e+03,1.220155664342538984e-05
2.209600000000293221e+03,1.229294740439664020e-05
2.209700000000293130e+03,1.238432910092783000e-05
2.209800000000293039e+03,1.247570167121299794e-05
2.209900000000293403e+03,1.256706505345246774e-05
2.210000000000293312e+03,1.265841918584967848e-05
2.210100000000293221e+03,1.274921806460889740e-05
2.210200000000293585e+03,1.283972863045981772e-05
2.210300000000293494e+03,1.293021910286265005e-05
2.210400000000293403e+03,1.302068942150743898e-05
2.210500000000293312e+03,1.311113952610685336e-05
2.210600000000293221e+03,1.320156935639692659e-05
2.210700000000293585e+03,1.329197885213719552e-05
2.210800000000293494e+03,1.338236795310929275e-05
2.210900000000293403e+03,1.347273659911920980e-05
2.211000000000293767e+03,1.356308472998325340e-05
2.211100000000293676e+03,1.364895756780743672e-05
2.211200000000293585e+03,1.373476479273300321e-05
2.211300000000293494e+03,1.382050637676641183e-05
2.211400000000293403e+03,1.390617297272320493e-05
2.211500000000293767e+03,1.399150534303271771e-05
2.211600000000293676e+03,1.407672240834913112e-05
2.211700000000293585e+03,1.416186977778016969e-05
2.211800000000293949e+03,1.424694742845798014e-05
2.211900000000293858e+03,1.433195533759165531e-05
2.212000000000293767e+03,1.441689348246975669e-05
2.212100000000293676e+03,1.450184334491321704e-05
2.212200000000293585e+03,1.458674691938556779e-05
2.212300000000293949e+03,1.467160415993305063e-05
2.212400000000293858e+03,1.475641502066333578e-05
2.212500000000293767e+03,1.484117945574795635e-05
2.212600000000294131e+03,1.492589741942095648e-05
2.212700000000294040e+03,1.501056886597778512e-05
2.212800000000293949e+03,1.509519374977747799e-05
2.212900000000293858e+03,1.517977202524128366e-05
2.213000000000293767e+03,1.526430364684095253e-05
2.213100000000294131e+03,1.534477705819447667e-05
2.213200000000294040e+03,1.542519482917693323e-05
2.213300000000293949e+03,1.550556557689015613e-05
2.213400000000294312e+03,1.558587772033991835e-05
2.213500000000294222e+03,1.566613122639730441e-05
2.213600000000294131e+03,1.574632606201276585e-05
2.213700000000294040e+03,1.582646219421464734e-05
2.213800000000293949e+03,1.590653959010937982e-05
2.213900000000294312e+03,1.598655821688181933e-05
2.214000000000294222e+03,1.606651804178252455e-05
2.214100000000294131e+03,1.614261472409316418e-05
2.214200000000294494e+03,1.621885813207076961e-05
2.214300000000294403e+03,1.629509912567972293e-05
2.214400000000294312e+03,1.637128512395682006e-05
2.214500000000294222e+03,1.644741609181073620e-05
2.214600000000294131e+03,1.652349199422940853e-05
2.214700000000294494e+03,1.659951279628057151e-05
2.214800000000294403e+03,1.667547846311000180e-05
2.214900000000294312e+03,1.675138895994370705e-05
2.215000000000294676e+03,1.682724425208817319e-05
2.215100000000294585e+03,1.690354863750394835e-05
2.215200000000294494e+03,1.697985067231804271e-05
2.215300000000294403e+03,1.705614567039619704e-05
2.215400000000294312e+03,1.713243356731209265e-05
2.215500000000294676e+03,1.720871429865714433e-05
2.215600000000294585e+03,1.728498780003898247e-05
2.215700000000294494e+03,1.736125400708369600e-05
2.215800000000294858e+03,1.743751285543470076e-05
2.215900000000294767e+03,1.751376428075169256e-05
2.216000000000294676e+03,1.759000821868138390e-05
2.216100000000294585e+03,1.765550964459682495e-05
2.216200000000294494e+03,1.772096505715112171e-05
2.216300000000294858e+03,1.778637442078127401e-05
2.216400000000294767e+03,1.785173769999833947e-05
2.216500000000294676e+03,1.791705485938902253e-05
2.216600000000295040e+03,1.798232586361491890e-05
2.216700000000294949e+03,1.804755067741130599e-05
2.216800000000294858e+03,1.811272926558913512e-05
2.216900000000294767e+03,1.817786159303353061e-05
2.217000000000294676e+03,1.824294762468920724e-05
2.217100000000295040e+03,1.830291187186755411e-05
2.217200000000294949e+03,1.836284439244489968e-05
2.217300000000294858e+03,1.842253509141535418e-05
2.217400000000295222e+03,1.848209509029468130e-05
2.217500000000295131e+03,1.854162124833804879e-05
2.217600000000295040e+03,1.860111352520752849e-05
2.217700000000294949e+03,1.866057188062424736e-05
2.217800000000294858e+03,1.871999627436879407e-05
2.217900000000295222e+03,1.877938666628120546e-05
2.218000000000295131e+03,1.883874301622748501e-05
2.218100000000295040e+03,1.888701773534582601e-05
2.218200000000295404e+03,1.893524391911924123e-05
2.218300000000295313e+03,1.898342155193933259e-05
2.218400000000295222e+03,1.903155061827405015e-05
2.218500000000295131e+03,1.907963110266677734e-05
2.218600000000295040e+03,1.912766298973639874e-05
2.218700000000295404e+03,1.917543150503522352e-05
2.218800000000295313e+03,1.922293914147369789e-05
2.218900000000295222e+03,1.927039601707332471e-05
2.219000000000295586e+03,1.931780212001988495e-05
2.219100000000295495e+03,1.935835856823352240e-05
2.219200000000295404e+03,1.939887909520161837e-05
2.219300000000295313e+03,1.943936368072055667e-05
2.219400000000295222e+03,1.947981230464707725e-05
2.219500000000295586e+03,1.952022494689854734e-05
2.219600000000295495e+03,1.956060158745221597e-05
2.219700000000295404e+03,1.960094220634617964e-05
2.219800000000295768e+03,1.964124678367868776e-05
2.219900000000295677e+03,1.968151529960769877e-05
2.220000000000295586e+03,1.972174773433939439e-05
2.220100000000295495e+03,1.975777460748390978e-05
2.220200000000295404e+03,1.979378866761442900e-05
2.220300000000295768e+03,1.982979093050501565e-05
2.220400000000295677e+03,1.986578136385012448e-05
2.220500000000295586e+03,1.990175993536793397e-05
2.220600000000295950e+03,1.993772245114918277e-05
2.220700000000295859e+03,1.997365821414174346e-05
2.220800000000295768e+03,2.000958195031855955e-05
2.220900000000295677e+03,2.004549362752491864e-05
2.221000000000295586e+03,2.008139321359246436e-05
2.221100000000295950e+03,2.010478779297538804e-05
2.221200000000295859e+03,2.012816663680435555e-05
2.221300000000295768e+03,2.015152972710270194e-05
2.221400000000296131e+03,2.017487704591956630e-05
2.221500000000296041e+03,2.019820857532966468e-05
2.221600000000295950e+03,2.022152429743395764e-05
2.221700000000295859e+03,2.024482419435912504e-05
2.221800000000295768e+03,2.026810824825762023e-05
2.221900000000296131e+03,2.029137644130782258e-05
2.222000000000296041e+03,2.031462875567881780e-05
2.222100000000295950e+03,2.032612315239878587e-05
2.222200000000296313e+03,2.033760489855649861e-05
2.222300000000296222e+03,2.034907398697050917e-05
2.222400000000296131e+03,2.036053041047525082e-05
2.222500000000296041e+03,2.037197416192069148e-05
2.222600000000295950e+03,2.038340523417251995e-05
2.222700000000296313e+03,2.039482362011211887e-05
2.222800000000296222e+03,2.040622931263635128e-05
2.222900000000296131e+03,2.041762230465777063e-05
2.223000000000296495e+03,2.042900258906313652e-05
2.223100000000296404e+03,2.042636834522620825e-05
2.223200000000296313e+03,2.042372023686224390e-05
2.223300000000296222e+03,2.042106466040585091e-05
2.223400000000296131e+03,2.041840162134711059e-05
2.223500000000296495e+03,2.041573112517577223e-05
2.223600000000296404e+03,2.041305317738141231e-05
2.223700000000296313e+03,2.041036778345323461e-05
2.223800000000296677e+03,2.040767494888027353e-05
2.223900000000296586e+03,2.040497467915134322e-05
2.224000000000296495e+03,2.040226697973933362e-05
2.224100000000296404e+03,2.039429410136685782e-05
2.224200000000296313e+03,2.038631386953564857e-05
2.224300000000296677e+03,2.037832629509575409e-05
2.224400000000296586e+03,2.037033138889441042e-05
2.224500000000296495e+03,2.036232916177576027e-05
2.224600000000296859e+03,2.035431962458107659e-05
2.224700000000296768e+03,2.034630278814869480e-05
2.224800000000296677e+03,2.033827866331389087e-05
2.224900000000296586e+03,2.033024726090907101e-05
2.225000000000296495e+03,2.032220859171262104e-05
2.225100000000296859e+03,2.029695761363445319e-05
2.225200000000296768e+03,2.027170981548643403e-05
2.225300000000296677e+03,2.024646522258566344e-05
2.225400000000297041e+03,2.022122386021679320e-05
2.225500000000296950e+03,2.019598575363238267e-05
2.225600000000296859e+03,2.017075092805220088e-05
2.225700000000296768e+03,2.014551940866375509e-05
2.225800000000296677e+03,2.012029122062216201e-05
2.225900000000297041e+03,2.009513666756565137e-05
2.226000000000296950e+03,2.007036063052223971e-05
2.226100000000296859e+03,2.003282947153375669e-05
2.226200000000297223e+03,1.999530542226147080e-05
2.226300000000297132e+03,1.995778852022737289e-05
2.226400000000297041e+03,1.992027880290616566e-05
2.226500000000296950e+03,1.988277630772609714e-05
2.226600000000296859e+03,1.984528107206863542e-05
2.226700000000297223e+03,1.980779313326850932e-05
2.226800000000297132e+03,1.977031252861431823e-05
2.226900000000297041e+03,1.973283929534759364e-05
2.227000000000297405e+03,1.969537347062060668e-05
2.227100000000297314e+03,1.964357412127093862e-05
2.227200000000297223e+03,1.959179488009914969e-05
2.227300000000297132e+03,1.954003579357102793e-05
2.227400000000297041e+03,1.948829690807340773e-05
2.227500000000297405e+03,1.943657826991407160e-05
2.227600000000297314e+03,1.938487992532272593e-05
2.227700000000297223e+03,1.933320192044958477e-05
2.227800000000297587e+03,1.928154430136631172e-05
2.227900000000297496e+03,1.922990711406662642e-05
2.228000000000297405e+03,1.917829040444472550e-05
2.228100000000297314e+03,1.911983651142859473e-05
2.228200000000297223e+03,1.906137238867007034e-05
2.228300000000297587e+03,1.900289810316556889e-05
2.228400000000297496e+03,1.894441372188893180e-05
2.228500000000297405e+03,1.888591931178985330e-05
2.228600000000297769e+03,1.882741493979477824e-05
2.228700000000297678e+03,1.876890067280742049e-05
2.228800000000297587e+03,1.871037657770754662e-05
2.228900000000297496e+03,1.865184272135159252e-05
2.229000000000297405e+03,1.859329917053244966e-05
2.229100000000297769e+03,1.852118988669573059e-05
2.229200000000297678e+03,1.844907971242654228e-05
2.229300000000297587e+03,1.837696872859865540e-05
2.229400000000297950e+03,1.830485701603528972e-05
2.229500000000297860e+03,1.823274465550993060e-05
2.229600000000297769e+03,1.816063172774448248e-05
2.229700000000297678e+03,1.808851831341053945e-05
2.229800000000297587e+03,1.801640449312916838e-05
2.229900000000297950e+03,1.794427782942880473e-05
2.230000000000297860e+03,1.787214650557113736e-05
2.230100000000297769e+03,1.778322868309751575e-05
2.230200000000298132e+03,1.769436051479204448e-05
2.230300000000298041e+03,1.760554207365467926e-05
2.230400000000297950e+03,1.751677343252557454e-05
2.230500000000297860e+03,1.742805466408666918e-05
2.230600000000297769e+03,1.733938584086170000e-05
2.230700000000298132e+03,1.725076703521569358e-05
2.230800000000298041e+03,1.716219831935695845e-05
2.230900000000297950e+03,1.707367976533477101e-05
2.231000000000298314e+03,1.698521144501642771e-05
2.231100000000298223e+03,1.688862194625213392e-05
2.231200000000298132e+03,1.679205759895019081e-05
2.231300000000298041e+03,1.669551871595391314e-05
2.231400000000297950e+03,1.659900539604942639e-05
2.231500000000298314e+03,1.650251773790652795e-05
2.231600000000298223e+03,1.640605584008043873e-05
2.231700000000298132e+03,1.630962347415414973e-05
2.231800000000298496e+03,1.621322877772269670e-05
2.231900000000298405e+03,1.611685995341892270e-05
2.232000000000298314e+03,1.602051709937668027e-05
2.232100000000298223e+03,1.591358535980829509e-05
2.232200000000298132e+03,1.580669332954158656e-05
2.232300000000298496e+03,1.569984111356213466e-05
2.232400000000298405e+03,1.559302881670330073e-05
2.232500000000298314e+03,1.548625654364354755e-05
2.232600000000298678e+03,1.537952439890787922e-05
2.232700000000298587e+03,1.527283248686955218e-05
2.232800000000298496e+03,1.516617968829443264e-05
2.232900000000298405e+03,1.505956327389477750e-05
2.233000000000298314e+03,1.495298747921877657e-05
2.233100000000298678e+03,1.483568192163573217e-05
2.233200000000298587e+03,1.471845438627108539e-05
2.233300000000298496e+03,1.460130495963265839e-05
2.233400000000298860e+03,1.448423372800695892e-05
2.233500000000298769e+03,1.436724077746114873e-05
2.233600000000298678e+03,1.425033621331861370e-05
2.233700000000298587e+03,1.413351343102765011e-05
2.233800000000298496e+03,1.401676896484487626e-05
2.233900000000298860e+03,1.390010290017840806e-05
2.234000000000298769e+03,1.378351532220776589e-05
2.234100000000298678e+03,1.366335816041873177e-05
2.234200000000299042e+03,1.354322551297380286e-05
2.234300000000298951e+03,1.342311750954956446e-05
2.234400000000298860e+03,1.330303427969297363e-05
2.234500000000298769e+03,1.318297595282340733e-05
2.234600000000298678e+03,1.306294265823235411e-05
2.234700000000299042e+03,1.294293452508280592e-05
2.234800000000298951e+03,1.282316035300131795e-05
2.234900000000298860e+03,1.270348295252172952e-05
2.235000000000299224e+03,1.258382578036042060e-05
2.235100000000299133e+03,1.245849288629500892e-05
2.235200000000299042e+03,1.233318940335099491e-05
2.235300000000298951e+03,1.220791546426388107e-05
2.235400000000298860e+03,1.208267120163166930e-05
2.235500000000299224e+03,1.195745674791421895e-05
2.235600000000299133e+03,1.183227223543571667e-05
2.235700000000299042e+03,1.170711779638119349e-05
2.235800000000299406e+03,1.158199356279844584e-05
2.235900000000299315e+03,1.145685324419237194e-05
2.236000000000299224e+03,1.133160132320018257e-05
2.236100000000299133e+03,1.120430707565980475e-05
2.236200000000299042e+03,1.107701851934935952e-05
2.236300000000299406e+03,1.094973579696009173e-05
2.236400000000299315e+03,1.082245905110012516e-05
2.236500000000299224e+03,1.069518842429081695e-05
2.236600000000299588e+03,1.056792405896864813e-05
2.236700000000299497e+03,1.044066609748684996e-05
2.236800000000299406e+03,1.031341468211200223e-05
2.236900000000299315e+03,1.018616995502637274e-05
2.237000000000299224e+03,1.005893205569250139e-05
2.237100000000299588e+03,9.051338338873629786e-06
2.237200000000299497e+03,8.044119841513953402e-06
2.237300000000299406e+03,7.037282554359056818e-06
2.237400000000299769e+03,6.030822525060535964e-06
2.237500000000299679e+03,5.024738812160600106e-06
2.237600000000299588e+03,4.019032417053537713e-06
2.237700000000299497e+03,3.013704339836698520e-06
2.237800000000299406e+03,2.008755579306701789e-06
2.237900000000299769e+03,1.004187132955849543e-06
2.238000000000299679e+03,0.000000000000000000e+00
2.238100000000299588e+03,0.000000000000000000e+00
2.238200000000299951e+03,0.000000000000000000e+00
2.238300000000299860e+03,0.000000000000000000e+00
2.238400000000299769e+03,0.000000000000000000e+00
2.238500000000299679e+03,0.000000000000000000e+00
2.238600000000299588e+03,0.000000000000000000e+00
2.238700000000299951e+03,0.000000000000000000e+00
2.238800000000299860e+03,0.000000000000000000e+00
2.238900000000299769e+03,0.000000000000000000e+00
2.239000000000300133e+03,0.000000000000000000e+00
2.239100000000300042e+03,0.000000000000000000e+00
2.239200000000299951e+03,0.000000000000000000e+00
2.239300000000299860e+03,0.000000000000000000e+00
2.239400000000299769e+03,0.000000000000000000e+00
2.239500000000300133e+03,0.000000000000000000e+00
2.239600000000300042e+03,0.000000000000000000e+00
2.239700000000299951e+03,0.000000000000000000e+00
2.239800000000300315e+03,0.000000000000000000e+00
2.239900000000300224e+03,0.000000000000000000e+00
2.240000000000300133e+03,3.006616344629220979e-15
2.240100000000300042e+03,1.001609500251394951e-06
2.240200000000299951e+03,2.002916326279250727e-06
2.240300000000300315e+03,3.003919466225560046e-06
2.240400000000300224e+03,4.004617906281742749e-06
2.240500000000300133e+03,5.005010633722012018e-06
2.240600000000300497e+03,6.005096636889137663e-06
2.240700000000300406e+03,7.004874905180177854e-06
2.240800000000300315e+03,8.004344429073278387e-06
2.240900000000300224e+03,9.003504200108827061e-06
2.241000000000300133e+03,1.000235320813880142e-05
2.241100000000300497e+03,1.008320925834122023e-05
2.241200000000300406e+03,1.016403367802333151e-05
2.241300000000300315e+03,1.024482638826950995e-05
2.241400000000300679e+03,1.032558731025630603e-05
2.241500000000300588e+03,1.040631636525120262e-05
2.241600000000300497e+03,1.048701347461486640e-05
2.241700000000300406e+03,1.056767855979952657e-05
2.241800000000300315e+03,1.064831154234937983e-05
2.241900000000300679e+03,1.072891234390079358e-05
2.242000000000300588e+03,1.080938835518634683e-05
2.242100000000300497e+03,1.088942384265245102e-05
2.242200000000300861e+03,1.096957297162173687e-05
2.242300000000300770e+03,1.104967262044921170e-05
2.242400000000300679e+03,1.112972272251477197e-05
2.242500000000300588e+03,1.120972321132114749e-05
2.242600000000300497e+03,1.128967402049423174e-05
2.242700000000300861e+03,1.136957508378332070e-05
2.242800000000300770e+03,1.144942633505958320e-05
2.242900000000300679e+03,1.152922770831800223e-05
2.243000000000301043e+03,1.160897913768455441e-05
2.243100000000300952e+03,1.169141493195755258e-05
2.243200000000300861e+03,1.177383734379637220e-05
2.243300000000300770e+03,1.185624110907803040e-05
2.243400000000300679e+03,1.193862060400855008e-05
2.243500000000301043e+03,1.202098609804409309e-05
2.243600000000300952e+03,1.210333763883510097e-05
2.243700000000300861e+03,1.218567513900619328e-05
2.243800000000301225e+03,1.226799851123398385e-05
2.243900000000301134e+03,1.235030766824602031e-05
2.244000000000301043e+03,1.243260252281350296e-05
2.244100000000300952e+03,1.251170656669689074e-05
2.244200000000300861e+03,1.259076285765639130e-05
2.244300000000301225e+03,1.266977133014118196e-05
2.244400000000301134e+03,1.274873191871150298e-05
2.244500000000301043e+03,1.282764455804072775e-05
2.244600000000301407e+03,1.290650918291422264e-05
2.244700000000301316e+03,1.298532572822828146e-05
2.244800000000301225e+03,1.306409412899193644e-05
2.244900000000301134e+03,1.314281432032573503e-05
2.245000000000301043e+03,1.322148623745471133e-05
2.245100000000301407e+03,1.329776715000771354e-05
2.245200000000301316e+03,1.337398884891410904e-05
2.245300000000301225e+03,1.345015128033994807e-05
2.245400000000301588e+03,1.352625439058249982e-05
2.245500000000301497e+03,1.360229812606914284e-05
2.245600000000301407e+03,1.367828243335924540e-05
2.245700000000301316e+03,1.375420725914266632e-05
2.245800000000301225e+03,1.383007255023998529e-05
2.245900000000301588e+03,1.390587825360271976e-05
2.246000000000301497e+03,1.398162431632281506e-05
2.246100000000301407e+03,1.406100164329178830e-05
2.246200000000301770e+03,1.414038381486137333e-05
2.246300000000301679e+03,1.421977074568087120e-05
2.246400000000301588e+03,1.429916235040336412e-05
2.246500000000301497e+03,1.437855854368430260e-05
2.246600000000301407e+03,1.445795924018176803e-05
2.246700000000301770e+03,1.453736435455704022e-05
2.246800000000301679e+03,1.461672375241662579e-05
2.246900000000301588e+03,1.469581113942330115e-05
2.247000000000301952e+03,1.477489916934238643e-05
2.247100000000301861e+03,1.484556807887506067e-05
2.247200000000301770e+03,1.491618338386106064e-05
2.247300000000301679e+03,1.498674503579923065e-05
2.247400000000301588e+03,1.505725298629804988e-05
2.247500000000301952e+03,1.512770718707601183e-05
2.247600000000301861e+03,1.519810758996020811e-05
2.247700000000301770e+03,1.526845414688804111e-05
2.247800000000302134e+03,1.533874680990630584e-05
2.247900000000302043e+03,1.540898553116996003e-05
2.248000000000301952e+03,1.547917026293465329e-05
2.248100000000301861e+03,1.554616118851217683e-05
2.248200000000301770e+03,1.561310602738765608e-05
2.248300000000302134e+03,1.568000473008856980e-05
2.248400000000302043e+03,1.574684583096335277e-05
2.248500000000301952e+03,1.581363703915304264e-05
2.248600000000302316e+03,1.588038183650822675e-05
2.248700000000302225e+03,1.594708017405833901e-05
2.248800000000302134e+03,1.601373200292619022e-05
2.248900000000302043e+03,1.608033727432678226e-05
2.249000000000301952e+03,1.614689593955957297e-05
2.249100000000302316e+03,1.621078341727507158e-05
2.249200000000302225e+03,1.627464250736212367e-05
2.249300000000302134e+03,1.633847315193614425e-05
2.249400000000302498e+03,1.640227529317117659e-05
2.249500000000302407e+03,1.646604887329934666e-05
2.249600000000302316e+03,1.652979383461239803e-05
2.249700000000302225e+03,1.659351011946047210e-05
2.249800000000302134e+03,1.665719767025248418e-05
2.249900000000302498e+03,1.672085642945626922e-05
2.250000000000302407e+03,1.678448633957577285e-05
2.250100000000302316e+03,1.684087893226158178e-05
2.250200000000302680e+03,1.689722872114024418e-05
2.250300000000302589e+03,1.695352807971255913e-05
2.250400000000302498e+03,1.700978871339754327e-05
2.250500000000302407e+03,1.706601058082711031e-05
2.250600000000302316e+03,1.712219364070434851e-05
2.250700000000302680e+03,1.717833785180370690e-05
2.250800000000302589e+03,1.723444317296997895e-05
2.250900000000302498e+03,1.729050956311964759e-05
2.251000000000302862e+03,1.734653698121816441e-05
2.251100000000302771e+03,1.739525978201654862e-05
2.251200000000302680e+03,1.744394177255647723e-05
2.251300000000302589e+03,1.749258292340554415e-05
2.251400000000302498e+03,1.754118320520027145e-05
2.251500000000302862e+03,1.758974258864634991e-05
2.251600000000302771e+03,1.763826104451776149e-05
2.251700000000302680e+03,1.768673854365803634e-05
2.251800000000303044e+03,1.773517505697924651e-05
2.251900000000302953e+03,1.778383371872382143e-05
2.252000000000302862e+03,1.783258304471961215e-05
2.252100000000302771e+03,1.787517367771907474e-05
2.252200000000302680e+03,1.791773483800635693e-05
2.252300000000303044e+03,1.796026649394886422e-05
2.252400000000302953e+03,1.800276861396199839e-05
2.252500000000302862e+03,1.804524116651032642e-05
2.252600000000303226e+03,1.808768412010706205e-05
2.252700000000303135e+03,1.813009744331343904e-05
2.252800000000303044e+03,1.817248110473964286e-05
2.252900000000302953e+03,1.821483507304422458e-05
2.253000000000302862e+03,1.825715931690082599e-05
2.253100000000303226e+03,1.828843320337770930e-05
2.253200000000303135e+03,1.831966985374530591e-05
2.253300000000303044e+03,1.835086980463489871e-05
2.253400000000303407e+03,1.838203304649895254e-05
2.253500000000303316e+03,1.841315956984077457e-05
2.253600000000303226e+03,1.844424936521537144e-05
2.253700000000303135e+03,1.847530242322863617e-05
2.253800000000303044e+03,1.850631873453770725e-05
2.253900000000303407e+03,1.853729828985075862e-05
2.254000000000303316e+03,1.856824107992144647e-05
2.254100000000303226e+03,1.859781804609770067e-05
2.254200000000303589e+03,1.862746585595428624e-05
2.254300000000303498e+03,1.865710496357330913e-05
2.254400000000303407e+03,1.868673533946255933e-05
2.254500000000303316e+03,1.871635695413767714e-05
2.254600000000303226e+03,1.874596977812248183e-05
2.254700000000303589e+03,1.877557378194894788e-05
2.254800000000303498e+03,1.880516893615687637e-05
2.254900000000303407e+03,1.883475521129442687e-05
2.255000000000303771e+03,1.886433257787900153e-05
2.255100000000303680e+03,1.888104910085095975e-05
2.255200000000303589e+03,1.889775109654693954e-05
2.255300000000303498e+03,1.891443855243087020e-05
2.255400000000303407e+03,1.893111145598268998e-05
2.255500000000303771e+03,1.894776979469836299e-05
2.255600000000303680e+03,1.896441355608978772e-05
2.255700000000303589e+03,1.898104272768490886e-05
2.255800000000303953e+03,1.899765729702784941e-05
2.255900000000303862e+03,1.901425725167837539e-05
2.256000000000303771e+03,1.903084257916173454e-05
2.256100000000303680e+03,1.903069842227225858e-05
2.256200000000303589e+03,1.903054139874810774e-05
2.256300000000303953e+03,1.903037151618708624e-05
2.256400000000303862e+03,1.903018878219490281e-05
2.256500000000303771e+03,1.902999320438509276e-05
2.256600000000304135e+03,1.902978479037899430e-05
2.256700000000304044e+03,1.902956354780586026e-05
2.256800000000303953e+03,1.902932948430254988e-05
2.256900000000303862e+03,1.902908260751381332e-05
2.257000000000303771e+03,1.902882292509080095e-05
2.257100000000304135e+03,1.902813406978308175e-05
2.257200000000304044e+03,1.902743909682133786e-05
2.257300000000303953e+03,1.902673800676840573e-05
2.257400000000304317e+03,1.902603080018797223e-05
2.257500000000304226e+03,1.902531747764479490e-05
2.257600000000304135e+03,1.902459803970441051e-05
2.257700000000304044e+03,1.902410385724224000e-05
2.257800000000303953e+03,1.902368963297452681e-05
2.257900000000304317e+03,1.902326927296281808e-05
2.258000000000304226e+03,1.902284277742541792e-05
2.258100000000304135e+03,1.900772461199979000e-05
2.258200000000304499e+03,1.899260705564498672e-05
2.258300000000304408e+03,1.897749011955298656e-05
2.258400000000304317e+03,1.896237381490585770e-05
2.258500000000304226e+03,1.894725815287619171e-05
2.258600000000304135e+03,1.893214314462697483e-05
2.258700000000304499e+03,1.891702880131159470e-05
2.258800000000304408e+03,1.890191325957894718e-05
2.258900000000304317e+03,1.888677403761168728e-05
2.259000000000304681e+03,1.887163555598546713e-05
2.259100000000304590e+03,1.884361911752086013e-05
2.259200000000304499e+03,1.881561412728710521e-05
2.259300000000304408e+03,1.878762060142097283e-05
2.259400000000304317e+03,1.875963855603539796e-05
2.259500000000304681e+03,1.873166800721951054e-05
2.259600000000304590e+03,1.870370897103893704e-05
2.259700000000304499e+03,1.867576146353513641e-05
2.259800000000304863e+03,1.864782550072587776e-05
2.259900000000304772e+03,1.861990109860549788e-05
2.260000000000304681e+03,1.859198827311457069e-05
2.260100000000304590e+03,1.855430571248784517e-05
2.260200000000304499e+03,1.851663646690722377e-05
2.260300000000304863e+03,1.847898056151433166e-05
2.260400000000304772e+03,1.844133802142595562e-05
2.260500000000304681e+03,1.840370887173286156e-05
2.260600000000305045e+03,1.836609313750039763e-05
2.260700000000304954e+03,1.832849084376892112e-05
2.260800000000304863e+03,1.829090201555297855e-05
2.260900000000304772e+03,1.825332667784179013e-05
2.261000000000304681e+03,1.821576485556397257e-05
2.261100000000305045e+03,1.816665395694153505e-05
2.261200000000304954e+03,1.811756416486147740e-05
2.261300000000304863e+03,1.806849551038321031e-05
2.261400000000305226e+03,1.801944802453161941e-05
2.261500000000305135e+03,1.797042173829760736e-05
2.261600000000305045e+03,1.792141668263677587e-05
2.261700000000304954e+03,1.787243288847042183e-05
2.261800000000304863e+03,1.782347038668523234e-05
2.261900000000305226e+03,1.777452920813312552e-05
2.262000000000305135e+03,1.772555197164590128e-05
2.262100000000305045e+03,1.766428340868681705e-05
2.262200000000305408e+03,1.760305131425014182e-05
2.262300000000305317e+03,1.754185571826008593e-05
2.262400000000305226e+03,1.748069665058978704e-05
2.262500000000305135e+03,1.741957414106242818e-05
2.262600000000305045e+03,1.735848821945104467e-05
2.262700000000305408e+03,1.729743891547808700e-05
2.262800000000305317e+03,1.723642625881683030e-05
2.262900000000305226e+03,1.717545027908958208e-05
2.263000000000305590e+03,1.711451100584552036e-05
2.263100000000305499e+03,1.704608018946146458e-05
2.263200000000305408e+03,1.697766723099695865e-05
2.263300000000305317e+03,1.690927218416501127e-05
2.263400000000305226e+03,1.684089510265307109e-05
2.263500000000305590e+03,1.677253604012303006e-05
2.263600000000305499e+03,1.670419505021220941e-05
2.263700000000305408e+03,1.663587218653166558e-05
2.263800000000305772e+03,1.656756750266692203e-05
2.263900000000305681e+03,1.649928105217918900e-05
2.264000000000305590e+03,1.643101288855160401e-05
2.264100000000305499e+03,1.634591839434429103e-05
2.264200000000305408e+03,1.626091185105897163e-05
2.264300000000305772e+03,1.617599325493962052e-05
2.264400000000305681e+03,1.609116260214641712e-05
2.264500000000305590e+03,1.600641988875367542e-05
2.264600000000305954e+03,1.592176511075097224e-05
2.264700000000305863e+03,1.583719826404450249e-05
2.264800000000305772e+03,1.575271934445489718e-05
2.264900000000305681e+03,1.566832834771881249e-05
2.265000000000305590e+03,1.558402526948161136e-05
2.265100000000305954e+03,1.549743868458793085e-05
2.265200000000305863e+03,1.541086837978219838e-05
2.265300000000305772e+03,1.532440520654717377e-05
2.265400000000306136e+03,1.523820539846499944e-05
2.265500000000306045e+03,1.515201824519801254e-05
2.265600000000305954e+03,1.506584381797944775e-05
2.265700000000305863e+03,1.497968218803513841e-05
2.265800000000305772e+03,1.489353342658324881e-05
2.265900000000306136e+03,1.480739760483384219e-05
2.266000000000306045e+03,1.472127479394960390e-05
2.266100000000305954e+03,1.462191302786992196e-05
2.266200000000306318e+03,1.452262806379845257e-05
2.266300000000306227e+03,1.442341187825916068e-05
2.266400000000306136e+03,1.432427212626093286e-05
2.266500000000306045e+03,1.422520938283924122e-05
2.266600000000305954e+03,1.412622367721989375e-05
2.266700000000306318e+03,1.402731503855219270e-05
2.266800000000306227e+03,1.392848349591095564e-05
2.266900000000306136e+03,1.382972907829368807e-05
2.267000000000306500e+03,1.373105181460183007e-05
2.267100000000306409e+03,1.362581314701695547e-05
2.267200000000306318e+03,1.352064537446257172e-05
2.267300000000306227e+03,1.341554853906875761e-05
2.267400000000306136e+03,1.331052268289913541e-05
2.267500000000306500e+03,1.320556784795046941e-05
2.267600000000306409e+03,1.310068407615461065e-05
2.267700000000306318e+03,1.299565754692184617e-05
2.267800000000306682e+03,1.289063302897367691e-05
2.267900000000306591e+03,1.278568144544010367e-05
2.268000000000306500e+03,1.268079577267468642e-05
2.268100000000306409e+03,1.257176216131296419e-05
2.268200000000306318e+03,1.246277528596718325e-05
2.268300000000306682e+03,1.235383521619276018e-05
2.268400000000306591e+03,1.224494202150615315e-05
2.268500000000306500e+03,1.213609577138179222e-05
2.268600000000306864e+03,1.202729653525367859e-05
2.268700000000306773e+03,1.191854438251673812e-05
2.268800000000306682e+03,1.180983938252397703e-05
2.268900000000306591e+03,1.170118160458836736e-05
2.269000000000306500e+03,1.159257111795971620e-05
2.269100000000306864e+03,1.147663334318342825e-05
2.269200000000306773e+03,1.136079894392408310e-05
2.269300000000306682e+03,1.124506793648055130e-05
2.269400000000307045e+03,1.112944033706969197e-05
2.269500000000306954e+03,1.101391616182829254e-05
2.269600000000306864e+03,1.089849542680962295e-05
2.269700000000306773e+03,1.078317814798588365e-05
2.269800000000306682e+03,1.066796434124759906e-05
2.269900000000307045e+03,1.055285402240331609e-05
2.270000000000306954e+03,1.043784720717427626e-05
2.270100000000306864e+03,1.032048592936383772e-05
2.270200000000307227e+03,1.020312068037675881e-05
2.270300000000307136e+03,1.008584979464995639e-05
2.270400000000307045e+03,9.968673300212950092e-06
2.270500000000306954e+03,9.851591225025086235e-06
2.270600000000306864e+03,9.734603596974955104e-06
2.270700000000307227e+03,9.617710443880011459e-06
2.270800000000307136e+03,9.500911793488683654e-06
2.270900000000307045e+03,9.384207673477261630e-06
2.271000000000307409e+03,9.267598108950622876e-06
2.271100000000307318e+03,8.337825429484008866e-06
2.271200000000307227e+03,7.408721361883293353e-06
2.271300000000307136e+03,6.480286249899289811e-06
2.271400000000307045e+03,5.552520436800709356e-06
2.271500000000307409e+03,4.625424265370234755e-06
2.271600000000307318e+03,3.698998077921561876e-06
2.271700000000307227e+03,2.773242216274410526e-06
2.271800000000307591e+03,1.848117732094527699e-06
2.271900000000307500e+03,9.237027037854351273e-07
2.272000000000307409e+03,0.000000000000000000e+00
2.272100000000307318e+03,0.000000000000000000e+00
2.272200000000307227e+03,0.000000000000000000e+00
2.272300000000307591e+03,0.000000000000000000e+00
2.272400000000307500e+03,0.000000000000000000e+00
2.272500000000307409e+03,0.000000000000000000e+00
2.272600000000307773e+03,0.000000000000000000e+00
2.272700000000307682e+03,0.000000000000000000e+00
2.272800000000307591e+03,0.000000000000000000e+00
2.272900000000307500e+03,0.000000000000000000e+00
2.273000000000307409e+03,0.000000000000000000e+00
2.273100000000307773e+03,0.000000000000000000e+00
2.273200000000307682e+03,0.000000000000000000e+00
2.273300000000307591e+03,0.000000000000000000e+00
2.273400000000307955e+03,0.000000000000000000e+00
2.273500000000307864e+03,0.000000000000000000e+00
2.273600000000307773e+03,0.000000000000000000e+00
2.273700000000307682e+03,0.000000000000000000e+00
2.273800000000307591e+03,0.000000000000000000e+00
2.273900000000307955e+03,0.000000000000000000e+00
2.274000000000307864e+03,2.751967951326747293e-15
2.274100000000307773e+03,8.934117551728734600e-07
2.274200000000308137e+03,1.785865251334511067e-06
2.274300000000308046e+03,2.677362651699770891e-06
2.274400000000307955e+03,3.567904055231961414e-06
2.274500000000307864e+03,4.457489243105585344e-06
2.274600000000307773e+03,5.346118330429243840e-06
2.274700000000308137e+03,6.233791432760847111e-06
2.274800000000308046e+03,7.120508666091011722e-06
2.274900000000307955e+03,8.006270146866652584e-06
2.275000000000308319e+03,8.891075989457082192e-06
2.275100000000308228e+03,8.957569391161054038e-06
2.275200000000308137e+03,9.023975664510920259e-06
2.275300000000308046e+03,9.090294839138951140e-06
2.275400000000307955e+03,9.156526944704655849e-06
2.275500000000308319e+03,9.222672010894989117e-06
2.275600000000308228e+03,9.288730067423138287e-06
2.275700000000308137e+03,9.354701144030327489e-06
2.275800000000308501e+03,9.420585270484728362e-06
2.275900000000308410e+03,9.486382476580638428e-06
2.276000000000308319e+03,9.552092792146178930e-06
2.276100000000308228e+03,9.619656610031881823e-06
2.276200000000308137e+03,9.687155661023439274e-06
2.276300000000308501e+03,9.754536796843859558e-06
2.276400000000308410e+03,9.821729670323762010e-06
2.276500000000308319e+03,9.888849243283827286e-06
2.276600000000308683e+03,9.956377339132387163e-06
2.276700000000308592e+03,1.002402110308296780e-05
2.276800000000308501e+03,1.009160053841425344e-05
2.276900000000308410e+03,1.015911563637561108e-05
2.277000000000308319e+03,1.022656638824710926e-05
2.277100000000308683e+03,1.029369284528083335e-05
2.277200000000308592e+03,1.036074811301372967e-05
2.277300000000308501e+03,1.042773219367201425e-05
2.277400000000308864e+03,1.049464520464263579e-05
2.277500000000308773e+03,1.056148783787381046e-05
2.277600000000308683e+03,1.062825930250905782e-05
2.277700000000308592e+03,1.069495960087532477e-05
2.277800000000308501e+03,1.076164159536817877e-05
2.277900000000308864e+03,1.082843924087876830e-05
2.278000000000308773e+03,1.089516867327868450e-05
2.278100000000308683e+03,1.096120957340510375e-05
2.278200000000309046e+03,1.102717860491486415e-05
2.278300000000308955e+03,1.109307577248186130e-05
2.278400000000308864e+03,1.115890108080845621e-05
2.278500000000308773e+03,1.122465453462421321e-05
2.278600000000308683e+03,1.129033613868620991e-05
2.278700000000309046e+03,1.135594589777927278e-05
2.278800000000308955e+03,1.142148381671477255e-05
2.278900000000308864e+03,1.148694990033241325e-05
2.279000000000309228e+03,1.155250079545317571e-05
2.279100000000309137e+03,1.161758570111476202e-05
2.279200000000309046e+03,1.168260739872525556e-05
2.279300000000308955e+03,1.174756588140613047e-05
2.279400000000308864e+03,1.181246114230489867e-05
2.279500000000309228e+03,1.187729317459517934e-05
2.279600000000309137e+03,1.194206197147566553e-05
2.279700000000309046e+03,1.200676752617178941e-05
2.279800000000309410e+03,1.207140983193489561e-05
2.279900000000309319e+03,1.213598888204129248e-05
2.280000000000309228e+03,1.220050466978289584e-05
2.280100000000309137e+03,1.226136055423711998e-05
2.280200000000309046e+03,1.232213345102910876e-05
2.280300000000309410e+03,1.238282339117741199e-05
2.280400000000309319e+03,1.244343040571563296e-05
2.280500000000309228e+03,1.250395452569394122e-05
2.280600000000309592e+03,1.256454459113095660e-05
2.280700000000309501e+03,1.262518385886549186e-05
2.280800000000309410e+03,1.268574299503373790e-05
2.280900000000309319e+03,1.274622202517989095e-05
2.281000000000309228e+03,1.280662097486781361e-05
2.281100000000309592e+03,1.286729402733682950e-05
2.281200000000309501e+03,1.292791310795282708e-05
2.281300000000309410e+03,1.298847820337840863e-05
2.281400000000309774e+03,1.304898930029605629e-05
2.281500000000309683e+03,1.310944638540711392e-05
2.281600000000309592e+03,1.316984944543371834e-05
2.281700000000309501e+03,1.323019846711739837e-05
2.281800000000309410e+03,1.329049343721946610e-05
2.281900000000309774e+03,1.335073434252136422e-05
2.282000000000309683e+03,1.341092116980910093e-05
2.282100000000309592e+03,1.346643474015044042e-05
2.282200000000309956e+03,1.352188150290294909e-05
2.282300000000309865e+03,1.357723117178856893e-05
2.282400000000309774e+03,1.363224290630422300e-05
2.282500000000309683e+03,1.368718543170993070e-05
2.282600000000309592e+03,1.374205876456530643e-05
2.282700000000309956e+03,1.379686292144628690e-05
2.282800000000309865e+03,1.385159791894369289e-05
2.282900000000309774e+03,1.390626377366498941e-05
2.283000000000310138e+03,1.396021341391293045e-05
2.283100000000310047e+03,1.400984107396795994e-05
2.283200000000309956e+03,1.405939351995571862e-05
2.283300000000309865e+03,1.410887078934972672e-05
2.283400000000309774e+03,1.415827291962606085e-05
2.283500000000310138e+03,1.420656902732580026e-05
2.283600000000310047e+03,1.425455687828706744e-05
2.283700000000309956e+03,1.430246106784600823e-05
2.283800000000310320e+03,1.434979859475915837e-05
2.283900000000310229e+03,1.439625667175842290e-05
2.284000000000310138e+03,1.444262284646438124e-05
2.284100000000310047e+03,1.448635162655087929e-05
2.284200000000309956e+03,1.453000530249323636e-05
2.284300000000310320e+03,1.457358392230212693e-05
2.284400000000310229e+03,1.461708753398130353e-05
2.284500000000310138e+03,1.466051618552885711e-05
2.284600000000310501e+03,1.470307374509871136e-05
2.284700000000310411e+03,1.474438923770939565e-05
2.284800000000310320e+03,1.478561847622850497e-05
2.284900000000310229e+03,1.482676153889112111e-05
2.285000000000310138e+03,1.486781850388096855e-05
2.285100000000310501e+03,1.490292596711512526e-05
2.285200000000310411e+03,1.493795087574758424e-05
2.285300000000310320e+03,1.497289331803015262e-05
2.285400000000310683e+03,1.500765267373162985e-05
2.285500000000310592e+03,1.504209621848557264e-05
2.285600000000310501e+03,1.507645597654533247e-05
2.285700000000310411e+03,1.511064510215335799e-05
2.285800000000310320e+03,1.514450222826645417e-05
2.285900000000310683e+03,1.517827430821491554e-05
2.286000000000310592e+03,1.521196144031259930e-05
2.286100000000310501e+03,1.523877622805141009e-05
2.286200000000310865e+03,1.526506487607256259e-05
2.286300000000310774e+03,1.529001919871749335e-05
2.286400000000310683e+03,1.531487360599816604e-05
2.286500000000310592e+03,1.533964320172351094e-05
2.286600000000310501e+03,1.536432811853296514e-05
2.286700000000310865e+03,1.538892848892707942e-05
2.286800000000310774e+03,1.541344444526735564e-05
2.286900000000310683e+03,1.543486215042732510e-05
2.287000000000311047e+03,1.545589159814646208e-05
2.287100000000310956e+03,1.547363898096651278e-05
2.287200000000310865e+03,1.549131482796987805e-05
2.287300000000310774e+03,1.550891925335445124e-05
2.287400000000310683e+03,1.552645237121036618e-05
2.287500000000311047e+03,1.554391429551996666e-05
2.287600000000310956e+03,1.556130514015768450e-05
2.287700000000310865e+03,1.557862501889038169e-05
2.287800000000311229e+03,1.559522653501507338e-05
2.287900000000311138e+03,1.560892801473174493e-05
2.288000000000311047e+03,1.562109708289377523e-05
2.288100000000310956e+03,1.562288415182296679e-05
2.288200000000310865e+03,1.562460847696435222e-05
2.288300000000311229e+03,1.562627024445329291e-05
2.288400000000311138e+03,1.562786964006996905e-05
2.288500000000311047e+03,1.562940684924004700e-05
2.288600000000311411e+03,1.563083049735356373e-05
2.288700000000311320e+03,1.563189518072079633e-05
2.288800000000311229e+03,1.563289802645845500e-05
2.288900000000311138e+03,1.563383922256379139e-05
2.289000000000311047e+03,1.563471895665528432e-05
2.289100000000311411e+03,1.563091539039568027e-05
2.289200000000311320e+03,1.562667074774910716e-05
2.289300000000311229e+03,1.562238867590207847e-05
2.289400000000311593e+03,1.561776412112927202e-05
2.289500000000311502e+03,1.561061650125812622e-05
2.289600000000311411e+03,1.560343245103407153e-05
2.289700000000311320e+03,1.559621210421290060e-05
2.289800000000311229e+03,1.558895559428827646e-05
2.289900000000311593e+03,1.558166305449218994e-05
2.290000000000311502e+03,1.557433461775699230e-05
2.290100000000311411e+03,1.555470442003077002e-05
2.290200000000311775e+03,1.553467098528390659e-05
2.290300000000311684e+03,1.551263467799881600e-05
2.290400000000311593e+03,1.549060683058562076e-05
2.290500000000311502e+03,1.546858751347445654e-05
2.290600000000311411e+03,1.544657679681158774e-05
2.290700000000311775e+03,1.542457475046021055e-05
2.290800000000311684e+03,1.540258144400122539e-05
2.290900000000311593e+03,1.538059213240164567e-05
2.291000000000311957e+03,1.535859084784843833e-05
2.291100000000311866e+03,1.532982524066950610e-05
2.291200000000311775e+03,1.530110107805549317e-05
2.291300000000311684e+03,1.527241832495494629e-05
2.291400000000311593e+03,1.524348470295361894e-05
2.291500000000311957e+03,1.521454525225796983e-05
2.291600000000311866e+03,1.518564820934767293e-05
2.291700000000311775e+03,1.515679353715855191e-05
2.291800000000312139e+03,1.512798119860690464e-05
2.291900000000312048e+03,1.509853627040227459e-05
2.292000000000311957e+03,1.506913146514914849e-05
2.292100000000311866e+03,1.503092238544131321e-05
2.292200000000311775e+03,1.499279969776115472e-05
2.292300000000312139e+03,1.495476322972953494e-05
2.292400000000312048e+03,1.491681280926739077e-05
2.292500000000311957e+03,1.487759959321638746e-05
2.292600000000312320e+03,1.483749643279748872e-05
2.292700000000312230e+03,1.479717102507209584e-05
2.292800000000312139e+03,1.475691664796879821e-05
2.292900000000312048e+03,1.471675753596869322e-05
2.293000000000311957e+03,1.467669583685073295e-05
2.293100000000312320e+03,1.462711859790490956e-05
2.293200000000312230e+03,1.457769075958418024e-05
2.293300000000312139e+03,1.452841192323834982e-05
2.293400000000312502e+03,1.447928169115015711e-05
2.293500000000312411e+03,1.443089734911604160e-05
2.293600000000312320e+03,1.438290406594323619e-05
2.293700000000312230e+03,1.433550574527071617e-05
2.293800000000312139e+03,1.428824659330233632e-05
2.293900000000312502e+03,1.424112624846984011e-05
2.294000000000312411e+03,1.419414435002208164e-05
2.294100000000312320e+03,1.414500685836288605e-05
2.294200000000312684e+03,1.409600752744067832e-05
2.294300000000312593e+03,1.404658750352023111e-05
2.294400000000312502e+03,1.399723109406270578e-05
2.294500000000312411e+03,1.394801596419211216e-05
2.294600000000312320e+03,1.389894178459598761e-05
2.294700000000312684e+03,1.384996999233604841e-05
2.294800000000312593e+03,1.379899724828399798e-05
2.294900000000312502e+03,1.374817872642659888e-05
2.295000000000312866e+03,1.369751404461371375e-05
2.295100000000312775e+03,1.363489040265831084e-05
2.295200000000312684e+03,1.357279424349939566e-05
2.295300000000312593e+03,1.351091547967187546e-05
2.295400000000312502e+03,1.344926227937023407e-05
2.295500000000312866e+03,1.338783469767570268e-05
2.295600000000312775e+03,1.332663204337493733e-05
2.295700000000312684e+03,1.326565362705073931e-05
2.295800000000313048e+03,1.320489876107881264e-05
2.295900000000312957e+03,1.314233170360223858e-05
2.296000000000312866e+03,1.307935899240666812e-05
2.296100000000312775e+03,1.301221205573403781e-05
2.296200000000312684e+03,1.294532044588964030e-05
2.296300000000313048e+03,1.287868338678171455e-05
2.296400000000312957e+03,1.281230010423695120e-05
2.296500000000312866e+03,1.274616515872512549e-05
2.296600000000313230e+03,1.268028047855981686e-05
2.296700000000313139e+03,1.261661978088292915e-05
2.296800000000313048e+03,1.255380363386866948e-05
2.296900000000312957e+03,1.249121253814981249e-05
2.297000000000312866e+03,1.242962116100394079e-05
2.297100000000313230e+03,1.236290892609906836e-05
2.297200000000313139e+03,1.229642742873870642e-05
2.297300000000313048e+03,1.223017606391364310e-05
2.297400000000313412e+03,1.216415422785529196e-05
2.297500000000313321e+03,1.209856117496297446e-05
2.297600000000313230e+03,1.203327035756203303e-05
2.297700000000313139e+03,1.196820440054888996e-05
2.297800000000313048e+03,1.190336271882344128e-05
2.297900000000313412e+03,1.183874472847316561e-05
2.298000000000313321e+03,1.177434984674658654e-05
2.298100000000313230e+03,1.170195241207218722e-05
2.298200000000313594e+03,1.162982389150400278e-05
2.298300000000313503e+03,1.155832559635061662e-05
2.298400000000313412e+03,1.148725596214401109e-05
2.298500000000313321e+03,1.141644668443047233e-05
2.298600000000313230e+03,1.134589704507323304e-05
2.298700000000313594e+03,1.127560632750522875e-05
2.298800000000313503e+03,1.120557381672760703e-05
2.298900000000313412e+03,1.113579879930504510e-05
2.299000000000313776e+03,1.106628056333581568e-05
2.299100000000313685e+03,1.098887794277063287e-05
2.299200000000313594e+03,1.091222594340517491e-05
2.299300000000313503e+03,1.083520697861084431e-05
2.299400000000313412e+03,1.075842073582963884e-05
2.299500000000313776e+03,1.068194420311989042e-05
2.299600000000313685e+03,1.060577643590834238e-05
2.299700000000313594e+03,1.052991649194537810e-05
2.299800000000313958e+03,1.045436343130142454e-05
2.299900000000313867e+03,1.037911631636321511e-05
2.300000000000313776e+03,1.030417421182297986e-05
2.300100000000313685e+03,1.022823287887738024e-05
2.300200000000313594e+03,1.015255425420729212e-05
2.300300000000313958e+03,1.007713771107279882e-05
2.300400000000313867e+03,1.000269253495468087e-05
2.300500000000313776e+03,9.928937758482015840e-06
2.300600000000314139e+03,9.855426973067626288e-06
2.300700000000314049e+03,9.782543030574751203e-06
2.300800000000313958e+03,9.710184520140037812e-06
2.300900000000313867e+03,9.638058548534015390e-06
2.301000000000313776e+03,9.566164609849384988e-06
2.301100000000314139e+03,9.487790245290684033e-06
2.301200000000314049e+03,9.409690389813906821e-06
2.301300000000313958e+03,9.331864371693433685e-06
2.301400000000314321e+03,9.254311520442935475e-06
2.301500000000314230e+03,9.177773687930189964e-06
2.301600000000314139e+03,9.102224567296145308e-06
2.301700000000314049e+03,9.026922541758520811e-06
2.301800000000313958e+03,8.951867060885910222e-06
2.301900000000314321e+03,8.877057575147152539e-06
2.302000000000314230e+03,8.802493535888219873e-06
2.302100000000314139e+03,8.720762742737843789e-06
2.302200000000314503e+03,8.639345482920261535e-06
2.302300000000314412e+03,8.558821706208104852e-06
2.302400000000314321e+03,8.479193118251802442e-06
2.302500000000314230e+03,8.399853577860645916e-06
2.302600000000314139e+03,8.320887803611242840e-06
2.302700000000314503e+03,8.243655412639905428e-06
2.302800000000314412e+03,8.166681937337515632e-06
2.302900000000314321e+03,8.089966770560252151e-06
2.303000000000314685e+03,8.013509306267674375e-06
2.303100000000314594e+03,7.936559950986487758e-06
2.303200000000314503e+03,7.860316932200880593e-06
2.303300000000314412e+03,7.784276284025256934e-06
2.303400000000314321e+03,7.708437674622638504e-06
2.303500000000314685e+03,7.632800772510193194e-06
2.303600000000314594e+03,7.557365246560342134e-06
2.303700000000314503e+03,7.482130765998533697e-06
2.303800000000314867e+03,7.407364559740519703e-06
2.303900000000314776e+03,7.332800488666886390e-06
2.304000000000314685e+03,7.258333470104717942e-06
2.304100000000314594e+03,7.180940700824912659e-06
2.304200000000314503e+03,7.103757872238812610e-06
2.304300000000314867e+03,7.026858259346853959e-06
2.304400000000314776e+03,6.950209570662873325e-06
2.304500000000314685e+03,6.873767200847815363e-06
2.304600000000315049e+03,6.797530804916038253e-06
2.304700000000314958e+03,6.721732622249379543e-06
2.304800000000314867e+03,6.646515804379679091e-06
2.304900000000314776e+03,6.572173919646619330e-06
2.305000000000314685e+03,6.498698664310912287e-06
2.305100000000315049e+03,6.422669742617942798e-06
2.305200000000314958e+03,6.346820182323689084e-06
2.305300000000314867e+03,6.271153339850110666e-06
2.305400000000315231e+03,6.195668946623542072e-06
2.305500000000315140e+03,6.120414237124688082e-06
2.305600000000315049e+03,6.045432322243573538e-06
2.305700000000314958e+03,5.970628602227049140e-06
2.305800000000314867e+03,5.896002822313345685e-06
2.305900000000315231e+03,5.821554727981066675e-06
2.306000000000315140e+03,5.747486062208034759e-06
2.306100000000315049e+03,5.167200025228531010e-06
2.306200000000315413e+03,4.588148369363657264e-06
2.306300000000315322e+03,4.010439893576969561e-06
2.306400000000315231e+03,3.434152473508403522e-06
2.306500000000315140e+03,2.858989360569610189e-06
2.306600000000315049e+03,2.284949456947950327e-06
2.306700000000315413e+03,1.712031665366150813e-06
2.306800000000315322e+03,1.140234889092756183e-06
2.306900000000315231e+03,5.695580319265172786e-07
2.307000000000315595e+03,0.000000000000000000e+00
2.307100000000315504e+03,0.000000000000000000e+00
2.307200000000315413e+03,0.000000000000000000e+00
2.307300000000315322e+03,0.000000000000000000e+00
2.307400000000315231e+03,0.000000000000000000e+00
2.307500000000315595e+03,0.000000000000000000e+00
2.307600000000315504e+03,0.000000000000000000e+00
2.307700000000315413e+03,0.000000000000000000e+00
2.307800000000315777e+03,0.000000000000000000e+00
2.307900000000315686e+03,0.000000000000000000e+00
2.308000000000315595e+03,0.000000000000000000e+00
2.308100000000315504e+03,0.000000000000000000e+00
2.308200000000315413e+03,0.000000000000000000e+00
2.308300000000315777e+03,0.000000000000000000e+00
2.308400000000315686e+03,0.000000000000000000e+00
2.308500000000315595e+03,0.000000000000000000e+00
2.308600000000315958e+03,0.000000000000000000e+00
2.308700000000315868e+03,0.000000000000000000e+00
2.308800000000315777e+03,0.000000000000000000e+00
2.308900000000315686e+03,0.000000000000000000e+00
2.309000000000315595e+03,0.000000000000000000e+00
2.309100000000315958e+03,0.000000000000000000e+00
2.309200000000315868e+03,0.000000000000000000e+00
2.309300000000315777e+03,0.000000000000000000e+00
2.309400000000316140e+03,0.000000000000000000e+00
2.309500000000316049e+03,0.000000000000000000e+00
2.309600000000315958e+03,0.000000000000000000e+00
2.309700000000315868e+03,0.000000000000000000e+00
2.309800000000315777e+03,0.000000000000000000e+00
2.309900000000316140e+03,0.000000000000000000e+00
2.310000000000316049e+03,1.800769727803645502e-15
2.310100000000315958e+03,5.694803152878053503e-07
2.310200000000316322e+03,1.138371707528354106e-06
2.310300000000316231e+03,1.706678247430868588e-06
2.310400000000316140e+03,2.274444972571915653e-06
2.310500000000316049e+03,2.841685814201485249e-06
2.310600000000315958e+03,3.408814639547368925e-06
2.310700000000316322e+03,3.975539938675326791e-06
2.310800000000316231e+03,4.541861391686144019e-06
2.310900000000316140e+03,5.107778678850523130e-06
2.311000000000316504e+03,5.673291478937893499e-06
2.311100000000316413e+03,5.713015001967211542e-06
2.311200000000316322e+03,5.753312245617320037e-06
2.311300000000316231e+03,5.793578766096871928e-06
2.311400000000316140e+03,5.833814534274614376e-06
2.311500000000316504e+03,5.874019521041261498e-06
2.311600000000316413e+03,5.914193697308860782e-06
2.311700000000316322e+03,5.954564747769484373e-06
2.311800000000316686e+03,5.994960819373484410e-06
2.311900000000316595e+03,6.035313830039703008e-06
2.312000000000316504e+03,6.075101187910016453e-06
2.312100000000316413e+03,6.116156327271610921e-06
2.312200000000316322e+03,6.157191094386419168e-06
2.312300000000316686e+03,6.198205453736672590e-06
2.312400000000316595e+03,6.239199369801994569e-06
2.312500000000316504e+03,6.280172807060388961e-06
2.312600000000316868e+03,6.321125729987839445e-06
2.312700000000316777e+03,6.362058103057611576e-06
2.312800000000316686e+03,6.403065970543783884e-06
2.312900000000316595e+03,6.444265655294993519e-06
2.313000000000316504e+03,6.485448615343409650e-06
2.313100000000316868e+03,6.526726105651667185e-06
2.313200000000316777e+03,6.567992879318192744e-06
2.313300000000316686e+03,6.609244979077742348e-06
2.313400000000317050e+03,6.650482365223639973e-06
2.313500000000316959e+03,6.691704998035363147e-06
2.313600000000316868e+03,6.733058670544759248e-06
2.313700000000316777e+03,6.774406689004222364e-06
2.313800000000316686e+03,6.815741665942143387e-06
2.313900000000317050e+03,6.857185480631962834e-06
2.314000000000316959e+03,6.898981475279677750e-06
2.314100000000316868e+03,6.938765136746189558e-06
2.314200000000317232e+03,6.978522541561537636e-06
2.314300000000317141e+03,7.018253657364929878e-06
2.314400000000317050e+03,7.058104948488803206e-06
2.314500000000316959e+03,7.097945494432993410e-06
2.314600000000316868e+03,7.137761381463467701e-06
2.314700000000317232e+03,7.177547481406076985e-06
2.314800000000317141e+03,7.217308823331809750e-06
2.314900000000317050e+03,7.257045372428635924e-06
2.315000000000317414e+03,7.296757093887557818e-06
2.315100000000317323e+03,7.335331991038356612e-06
2.315200000000317232e+03,7.373599939566473508e-06
2.315300000000317141e+03,7.411794048654833050e-06
2.315400000000317050e+03,7.449956060339000469e-06
2.315500000000317414e+03,7.488085947479691157e-06
2.315600000000317323e+03,7.526183682958068730e-06
2.315700000000317232e+03,7.564249239676825839e-06
2.315800000000317596e+03,7.602282590559656469e-06
2.315900000000317505e+03,7.640283708550750264e-06
2.316000000000317414e+03,7.677961468981417685e-06
2.316100000000317323e+03,7.717317285211051513e-06
2.316200000000317232e+03,7.756666402330278988e-06
2.316300000000317596e+03,7.796008778227628942e-06
2.316400000000317505e+03,7.835344370761596107e-06
2.316500000000317414e+03,7.874673137761840526e-06
2.316600000000317777e+03,7.913995037028518384e-06
2.316700000000317686e+03,7.953310026331853421e-06
2.316800000000317596e+03,7.991607512479816211e-06
2.316900000000317505e+03,8.029630505908261752e-06
2.317000000000317414e+03,8.067634470480805072e-06
2.317100000000317777e+03,8.104200527083936897e-06
2.317200000000317686e+03,8.140746610964884168e-06
2.317300000000317596e+03,8.177274406731352971e-06
2.317400000000317959e+03,8.213783882991829637e-06
2.317500000000317868e+03,8.250275008344681841e-06
2.317600000000317777e+03,8.284897200989774178e-06
2.317700000000317686e+03,8.318894760209697971e-06
2.317800000000317596e+03,8.352853293520276411e-06
2.317900000000317959e+03,8.386772796599752585e-06
2.318000000000317868e+03,8.420653265124016521e-06
2.318100000000317777e+03,8.450689939713156286e-06
2.318200000000318141e+03,8.480674779626751927e-06
2.318300000000318050e+03,8.510607811975304176e-06
2.318400000000317959e+03,8.539487871931261781e-06
2.318500000000317868e+03,8.567754902953978098e-06
2.318600000000317777e+03,8.595959567436570016e-06
2.318700000000318141e+03,8.624101922610624493e-06
2.318800000000318050e+03,8.652182025681040168e-06
2.318900000000317959e+03,8.680199933826666033e-06
2.319000000000318323e+03,8.708155704200079504e-06
2.319100000000318232e+03,8.736076700481643117e-06
2.319200000000318141e+03,8.763953266195395207e-06
2.319300000000318050e+03,8.791785416254079260e-06
2.319400000000317959e+03,8.819573165578551641e-06
2.319500000000318323e+03,8.847316529097910349e-06
2.319600000000318232e+03,8.874485833437302859e-06
2.319700000000318141e+03,8.901514235128115741e-06
2.319800000000318505e+03,8.928494561134051654e-06
2.319900000000318414e+03,8.955426836967395686e-06
2.320000000000318323e+03,8.982049155260096127e-06
2.320100000000318232e+03,9.005479039996509160e-06
2.320200000000318141e+03,9.028860231357809920e-06
2.320300000000318505e+03,9.052192765576398543e-06
2.320400000000318414e+03,9.075476678873890742e-06
2.320500000000318323e+03,9.098712007461817457e-06
2.320600000000318687e+03,9.121898787541286039e-06
2.320700000000318596e+03,9.144793268142629999e-06
2.320800000000318505e+03,9.166825201695114509e-06
2.320900000000318414e+03,9.188391085605568143e-06
2.321000000000318323e+03,9.209901260888345736e-06
2.321100000000318687e+03,9.226824210923828187e-06
2.321200000000318596e+03,9.243691130363484621e-06
2.321300000000318505e+03,9.260502100729487744e-06
2.321400000000318869e+03,9.277257203465747807e-06
2.321500000000318778e+03,9.293956519937712703e-06
2.321600000000318687e+03,9.309403406913107487e-06
2.321700000000318596e+03,9.323870652591540335e-06
2.321800000000318505e+03,9.338084879611864732e-06
2.321900000000318869e+03,9.351769944815771718e-06
2.322000000000318778e+03,9.365390066328920161e-06
2.322100000000318687e+03,9.375744578866176317e-06
2.322200000000319051e+03,9.386044115194447897e-06
2.322300000000318960e+03,9.396288787985645886e-06
2.322400000000318869e+03,9.406365854681281586e-06
2.322500000000318778e+03,9.416286709310019902e-06
2.322600000000318687e+03,9.426152494658740380e-06
2.322700000000319051e+03,9.435963326172339976e-06
2.322800000000318960e+03,9.445719319133302159e-06
2.322900000000318869e+03,9.455414235776100925e-06
2.323000000000319233e+03,9.464397677246030364e-06
2.323100000000319142e+03,9.472664004518737622e-06
2.323200000000319051e+03,9.480889842175795268e-06
2.323300000000318960e+03,9.489075255161318317e-06
2.323400000000318869e+03,9.497220308362648550e-06
2.323500000000319233e+03,9.505325066610366381e-06
2.323600000000319142e+03,9.513389594678162099e-06
2.323700000000319051e+03,9.521413957283096760e-06
2.323800000000319415e+03,9.529398219085507318e-06
2.323900000000319324e+03,9.537342444688884651e-06
2.324000000000319233e+03,9.545246698620303712e-06
2.324100000000319142e+03,9.546391248371208167e-06
2.324200000000319051e+03,9.547323243270683547e-06
2.324300000000319415e+03,9.548223844736069096e-06
2.324400000000319324e+03,9.549093133224485067e-06
2.324500000000319233e+03,9.549931189060247114e-06
2.324600000000319596e+03,9.550738092435149198e-06
2.324700000000319505e+03,9.551513923408466974e-06
2.324800000000319415e+03,9.553067938766078213e-06
2.324900000000319324e+03,9.555748901901207570e-06
2.325000000000319233e+03,9.558400420920019317e-06
2.325100000000319596e+03,9.557140312749963032e-06
2.325200000000319505e+03,9.555461289974065766e-06
2.325300000000319415e+03,9.553272411225177414e-06
2.325400000000319778e+03,9.551065896575411374e-06
2.325500000000319687e+03,9.548841791758861514e-06
2.325600000000319596e+03,9.546681663869982970e-06
2.325700000000319505e+03,9.544641052186889673e-06
2.325800000000319415e+03,9.542582949410138222e-06
2.325900000000319778e+03,9.540507399770156043e-06
2.326000000000319687e+03,9.538414447414229197e-06
2.326100000000319596e+03,9.531844454353339427e-06
2.326200000000319960e+03,9.525269823133320022e-06
2.326300000000319869e+03,9.518653047635280276e-06
2.326400000000319778e+03,9.511841890209934839e-06
2.326500000000319687e+03,9.505021212468245661e-06
2.326600000000319596e+03,9.498196285451508306e-06
2.326700000000319960e+03,9.491367131090735622e-06
2.326800000000319869e+03,9.484533771276176147e-06
2.326900000000319778e+03,9.477696227857173504e-06
2.327000000000320142e+03,9.470854522630114817e-06
2.327100000000320051e+03,9.460225955921534464e-06
2.327200000000319960e+03,9.449669138305942360e-06
2.327300000000319869e+03,9.439272333015902088e-06
2.327400000000319778e+03,9.428882711443495562e-06
2.327500000000320142e+03,9.417717308999339797e-06
2.327600000000320051e+03,9.406462440020463232e-06
2.327700000000319960e+03,9.395216636729496171e-06
2.327800000000320324e+03,9.383979896216124888e-06
2.327900000000320233e+03,9.372752215565183849e-06
2.328000000000320142e+03,9.361533591832062965e-06
2.328100000000320051e+03,9.342805209914225833e-06
2.328200000000319960e+03,9.324110228144468727e-06
2.328300000000320324e+03,9.305448592760477155e-06
2.328400000000320233e+03,9.286820250078736100e-06
2.328500000000320142e+03,9.268225146493964202e-06
2.328600000000320506e+03,9.249794944122539641e-06
2.328700000000320415e+03,9.231482130061475765e-06
2.328800000000320324e+03,9.213340524433557614e-06
2.328900000000320233e+03,9.195726257383133077e-06
2.329000000000320142e+03,9.178141825635299114e-06
2.329100000000320506e+03,9.157844336492377405e-06
2.329200000000320415e+03,9.137583787441215367e-06
2.329300000000320324e+03,9.117360122341226504e-06
2.329400000000320688e+03,9.097173285124928344e-06
2.329500000000320597e+03,9.077023219798061027e-06
2.329600000000320506e+03,9.056909870439077388e-06
2.329700000000320415e+03,9.036972024079242678e-06
2.329800000000320324e+03,9.017346821349780090e-06
2.329900000000320688e+03,8.997755471947006128e-06
2.330000000000320597e+03,8.978198867529758214e-06
2.330100000000320506e+03,8.954131744497404339e-06
2.330200000000320870e+03,8.930111970322693576e-06
2.330300000000320779e+03,8.906139472391004158e-06
2.330400000000320688e+03,8.882243120943811532e-06
2.330500000000320597e+03,8.858568929798675445e-06
2.330600000000320506e+03,8.834940746748293574e-06
2.330700000000320870e+03,8.811358502428165475e-06
2.330800000000320779e+03,8.787831895289209376e-06
2.330900000000320688e+03,8.764546929145914964e-06
2.331000000000321052e+03,8.741306626109724394e-06
2.331100000000320961e+03,8.711689763020438255e-06
2.331200000000320870e+03,8.682224044049438816e-06
2.331300000000320779e+03,8.653542227663207529e-06
2.331400000000320688e+03,8.624923724057070835e-06
2.331500000000321052e+03,8.596368425821076151e-06
2.331600000000320961e+03,8.567876225698175589e-06
2.331700000000320870e+03,8.539447016583173939e-06
2.331800000000321234e+03,8.511080691522989556e-06
2.331900000000321143e+03,8.482777143716815297e-06
2.332000000000321052e+03,8.454561344991910179e-06
2.332100000000320961e+03,8.425650541326206485e-06
2.332200000000320870e+03,8.396787151870586702e-06
2.332300000000321234e+03,8.367971132570196393e-06
2.332400000000321143e+03,8.339202439392307315e-06
2.332500000000321052e+03,8.310481028325551704e-06
2.332600000000321415e+03,8.281806855380371198e-06
2.332700000000321324e+03,8.253179876589301445e-06
2.332800000000321234e+03,8.224604929384692276e-06
2.332900000000321143e+03,8.196261307320751178e-06
2.333000000000321052e+03,8.167963456270676130e-06
2.333100000000321415e+03,8.131762524048964238e-06
2.333200000000321324e+03,8.095547744129058396e-06
2.333300000000321234e+03,8.059417463714677911e-06
2.333400000000321597e+03,8.023371541189715174e-06
2.333500000000321506e+03,7.987409472704031356e-06
2.333600000000321415e+03,7.951530731750470983e-06
2.333700000000321324e+03,7.915735935005586068e-06
2.333800000000321234e+03,7.880024941592051141e-06
2.333900000000321597e+03,7.844397610825337288e-06
2.334000000000321506e+03,7.808853802203131016e-06
2.334100000000321415e+03,7.769980794670304326e-06
2.334200000000321779e+03,7.731118920779388471e-06
2.334300000000321688e+03,7.692056759742898678e-06
2.334400000000321597e+03,7.653084115495924789e-06
2.334500000000321506e+03,7.613867307022652364e-06
2.334600000000321415e+03,7.574725113666074966e-06
2.334700000000321779e+03,7.535675565174314189e-06
2.334800000000321688e+03,7.496718509355050651e-06
2.334900000000321597e+03,7.457853794215333655e-06
2.335000000000321961e+03,7.419081267953074440e-06
2.335100000000321870e+03,7.377667784805096904e-06
2.335200000000321779e+03,7.336341909749834907e-06
2.335300000000321688e+03,7.295103526125139928e-06
2.335400000000321597e+03,7.253320043266386402e-06
2.335500000000321961e+03,7.211580734127418646e-06
2.335600000000321870e+03,7.169936201763198797e-06
2.335700000000321779e+03,7.128380414513460053e-06
2.335800000000322143e+03,7.086919103561054523e-06
2.335900000000322052e+03,7.045552220625163507e-06
2.336000000000321961e+03,7.004279626396393211e-06
2.336100000000321870e+03,6.959115779130838383e-06
2.336200000000321779e+03,6.914099362353441882e-06
2.336300000000322143e+03,6.869188572075161327e-06
2.336400000000322052e+03,6.824383247162842236e-06
2.336500000000321961e+03,6.779580037187374453e-06
2.336600000000322325e+03,6.734827075412722250e-06
2.336700000000322234e+03,6.690181157912343487e-06
2.336800000000322143e+03,6.645642117567658346e-06
2.336900000000322052e+03,6.601209787458556145e-06
2.337000000000321961e+03,6.556884000846879044e-06
2.337100000000322325e+03,6.507659778145776874e-06
2.337200000000322234e+03,6.458574304823306123e-06
2.337300000000322143e+03,6.409627309314346918e-06
2.337400000000322507e+03,6.360818520479201686e-06
2.337500000000322416e+03,6.312147667603677311e-06
2.337600000000322325e+03,6.263722538759580260e-06
2.337700000000322234e+03,6.215619344449004665e-06
2.337800000000322143e+03,6.167648804583298696e-06
2.337900000000322507e+03,6.119810667624223567e-06
2.338000000000322416e+03,6.072104682410065273e-06
2.338100000000322325e+03,6.022853894386831695e-06
2.338200000000322689e+03,5.973722038956934393e-06
2.338300000000322598e+03,5.924708933461572293e-06
2.338400000000322507e+03,5.875814395453099469e-06
2.338500000000322416e+03,5.827038242695744274e-06
2.338600000000322325e+03,5.778380293165144322e-06
2.338700000000322689e+03,5.729840365047953462e-06
2.338800000000322598e+03,5.681418276742532959e-06
2.338900000000322507e+03,5.633113846857418362e-06
2.339000000000322871e+03,5.584926894203857992e-06
2.339100000000322780e+03,5.534410705903890121e-06
2.339200000000322689e+03,5.484017204173271253e-06
2.339300000000322598e+03,5.433656013850551266e-06
2.339400000000322507e+03,5.383383531990530141e-06
2.339500000000322871e+03,5.333235482232772905e-06
2.339600000000322780e+03,5.283211670446248152e-06
2.339700000000322689e+03,5.233311902726226268e-06
2.339800000000323053e+03,5.183535985394722429e-06
2.339900000000322962e+03,5.133981493211303368e-06
2.340000000000322871e+03,5.084572080835542028e-06
2.340100000000322780e+03,5.032170778348014026e-06
2.340200000000322689e+03,4.979844564205826923e-06
2.340300000000323053e+03,4.927668865200402368e-06
2.340400000000322962e+03,4.875643389900585878e-06
2.340500000000322871e+03,4.823767847324162288e-06
2.340600000000323234e+03,4.772041946938014152e-06
2.340700000000323143e+03,4.720465398658252178e-06
2.340800000000323053e+03,4.669037912848174736e-06
2.340900000000322962e+03,4.617827665917532292e-06
2.341000000000322871e+03,4.566802507492676647e-06
2.341100000000323234e+03,4.515162719110740620e-06
2.341200000000323143e+03,4.463658464652495130e-06
2.341300000000323053e+03,4.412289516744643357e-06
2.341400000000323416e+03,4.361055648308342544e-06
2.341500000000323325e+03,4.309956632559606339e-06
2.341600000000323234e+03,4.258992243007595483e-06
2.341700000000323143e+03,4.208279571983303309e-06
2.341800000000323053e+03,4.157775129147590532e-06
2.341900000000323416e+03,4.107399978757223287e-06
2.342000000000323325e+03,4.057153911845265278e-06
2.342100000000323234e+03,3.646446015962528525e-06
2.342200000000323598e+03,3.236910398751059568e-06
2.342300000000323507e+03,2.828472598495570625e-06
2.342400000000323416e+03,2.421130863545351822e-06
2.342500000000323325e+03,2.014883444363051926e-06
2.342600000000323234e+03,1.609728593520773306e-06
2.342700000000323598e+03,1.205664565696125187e-06
2.342800000000323507e+03,8.026896176775238504e-07
2.342900000000323416e+03,4.008020083510729424e-07
2.343000000000323780e+03,0.000000000000000000e+00
2.343100000000323689e+03,0.000000000000000000e+00
2.343200000000323598e+03,0.000000000000000000e+00
2.343300000000323507e+03,0.000000000000000000e+00
2.343400000000323416e+03,0.000000000000000000e+00
2.343500000000323780e+03,0.000000000000000000e+00
2.343600000000323689e+03,0.000000000000000000e+00
2.343700000000323598e+03,0.000000000000000000e+00
2.343800000000323962e+03,0.000000000000000000e+00
2.343900000000323871e+03,0.000000000000000000e+00
2.344000000000323780e+03,0.000000000000000000e+00
2.344100000000323689e+03,0.000000000000000000e+00
2.344200000000323598e+03,0.000000000000000000e+00
2.344300000000323962e+03,0.000000000000000000e+00
2.344400000000323871e+03,0.000000000000000000e+00
2.344500000000323780e+03,0.000000000000000000e+00
2.344600000000324144e+03,0.000000000000000000e+00
2.344700000000324053e+03,0.000000000000000000e+00
2.344800000000323962e+03,0.000000000000000000e+00
2.344900000000323871e+03,0.000000000000000000e+00
2.345000000000323780e+03,0.000000000000000000e+00
2.345100000000324144e+03,0.000000000000000000e+00
2.345200000000324053e+03,0.000000000000000000e+00
2.345300000000323962e+03,0.000000000000000000e+00
2.345400000000324326e+03,0.000000000000000000e+00
2.345500000000324235e+03,0.000000000000000000e+00
2.345600000000324144e+03,0.000000000000000000e+00
2.345700000000324053e+03,0.000000000000000000e+00
2.345800000000323962e+03,0.000000000000000000e+00
2.345900000000324326e+03,0.000000000000000000e+00
2.346000000000324235e+03,1.207371630798195532e-15
2.346100000000324144e+03,3.718834317540066247e-07
2.346200000000324508e+03,7.427834483612886674e-07
2.346300000000324417e+03,1.112701549221744926e-06
2.346400000000324326e+03,1.481639230853589337e-06
2.346500000000324235e+03,1.849597988095463948e-06
2.346600000000324144e+03,2.216585796172595901e-06
2.346700000000324508e+03,2.582653678778077857e-06
2.346800000000324417e+03,2.947764477354779076e-06
2.346900000000324326e+03,3.311919612274070634e-06
2.347000000000324690e+03,3.675120501264708715e-06
2.347100000000324599e+03,3.697492540598044019e-06
2.347200000000324508e+03,3.719799457123786651e-06
2.347300000000324417e+03,3.742099035791122974e-06
2.347400000000324326e+03,3.764451584689777302e-06
2.347500000000324690e+03,3.786741405579177254e-06
2.347600000000324599e+03,3.808968587714315117e-06
2.347700000000324508e+03,3.831133220259536251e-06
2.347800000000324872e+03,3.853312630871874190e-06
2.347900000000324781e+03,3.875445064147782876e-06
2.348000000000324690e+03,3.897516263614003780e-06
2.348100000000324599e+03,3.919457354756400008e-06
2.348200000000324508e+03,3.941333635063161553e-06
2.348300000000324872e+03,3.963145203096177181e-06
2.348400000000324781e+03,3.984887916109166831e-06
2.348500000000324690e+03,4.006564976843877646e-06
2.348600000000325053e+03,4.028177562605904220e-06
2.348700000000324962e+03,4.049725771780430693e-06
2.348800000000324872e+03,4.071209702644191343e-06
2.348900000000324781e+03,4.092708435678663979e-06
2.349000000000324690e+03,4.114255512696227329e-06
2.349100000000325053e+03,4.136286451971153535e-06
2.349200000000324962e+03,4.158260601762826202e-06
2.349300000000324872e+03,4.180178030216129292e-06
2.349400000000325235e+03,4.202038805420726994e-06
2.349500000000325144e+03,4.223842995410755407e-06
2.349600000000325053e+03,4.245590668165488304e-06
2.349700000000324962e+03,4.267303333791618268e-06
2.349800000000324872e+03,4.289038330589020631e-06
2.349900000000325235e+03,4.310718038950024186e-06
2.350000000000325144e+03,4.332371588769412620e-06
2.350100000000325053e+03,4.353978177155467054e-06
2.350200000000325417e+03,4.375531588833970531e-06
2.350300000000325326e+03,4.397031881270077647e-06
2.350400000000325235e+03,4.418479111888799567e-06
2.350500000000325144e+03,4.439891663137434039e-06
2.350600000000325053e+03,4.461337158776427105e-06
2.350700000000325417e+03,4.482730776098842944e-06
2.350800000000325326e+03,4.504072568927605490e-06
2.350900000000325235e+03,4.525362591049708387e-06
2.351000000000325599e+03,4.546600896210944751e-06
2.351100000000325508e+03,4.566242345134103296e-06
2.351200000000325417e+03,4.585931041044857014e-06
2.351300000000325326e+03,4.605573975363776656e-06
2.351400000000325235e+03,4.625249578051285568e-06
2.351500000000325599e+03,4.644865663246521155e-06
2.351600000000325508e+03,4.664422319831761726e-06
2.351700000000325417e+03,4.683919636592744160e-06
2.351800000000325781e+03,4.703357702218414036e-06
2.351900000000325690e+03,4.722736605300810433e-06
2.352000000000325599e+03,4.742056434336000210e-06
2.352100000000325508e+03,4.761468099819309207e-06
2.352200000000325417e+03,4.781129271309980853e-06
2.352300000000325781e+03,4.800823156258910428e-06
2.352400000000325690e+03,4.820500055069154880e-06
2.352500000000325599e+03,4.840128334984557338e-06
2.352600000000325963e+03,4.859708046495400769e-06
2.352700000000325872e+03,4.879239240056380899e-06
2.352800000000325781e+03,4.898721966087081398e-06
2.352900000000325690e+03,4.918191385029558238e-06
2.353000000000325599e+03,4.938154474669574702e-06
2.353100000000325963e+03,4.957913921284739012e-06
2.353200000000325872e+03,4.977635480510883215e-06
2.353300000000325781e+03,4.997319172037891256e-06
2.353400000000326145e+03,5.017017629399079457e-06
2.353500000000326054e+03,5.036745603153334065e-06
2.353600000000325963e+03,5.056436694673452078e-06
2.353700000000325872e+03,5.076096261137855752e-06
2.353800000000325781e+03,5.095951839763028767e-06
2.353900000000326145e+03,5.115772424801057826e-06
2.354000000000326054e+03,5.135596812710958254e-06
2.354100000000325963e+03,5.153747497452895939e-06
2.354200000000326327e+03,5.171859748154007189e-06
2.354300000000326236e+03,5.189933590434428950e-06
2.354400000000326145e+03,5.207969049905574576e-06
2.354500000000326054e+03,5.226006085941892559e-06
2.354600000000325963e+03,5.244334845381651873e-06
2.354700000000326327e+03,5.262629804979709997e-06
2.354800000000326236e+03,5.280889018875992467e-06
2.354900000000326145e+03,5.299112504519467783e-06
2.355000000000326509e+03,5.317300279356458312e-06
2.355100000000326418e+03,5.335215067310908411e-06
2.355200000000326327e+03,5.353101970015215031e-06
2.355300000000326236e+03,5.370960988280943309e-06
2.355400000000326145e+03,5.389030153707676540e-06
2.355500000000326509e+03,5.407086814450800354e-06
2.355600000000326418e+03,5.425117249139015202e-06
2.355700000000326327e+03,5.443472610327152093e-06
2.355800000000326690e+03,5.461851299321796931e-06
2.355900000000326600e+03,5.480206361008722060e-06
2.356000000000326509e+03,5.498537786349841988e-06
2.356100000000326418e+03,5.515058161702242928e-06
2.356200000000326327e+03,5.532139366215165653e-06
2.356300000000326690e+03,5.549259568899034248e-06
2.356400000000326600e+03,5.566358703377180796e-06
2.356500000000326509e+03,5.583436758354692843e-06
2.356600000000326872e+03,5.600493722540545814e-06
2.356700000000326781e+03,5.617529584647316723e-06
2.356800000000326690e+03,5.634704855239488355e-06
2.356900000000326600e+03,5.651967232549037423e-06
2.357000000000326509e+03,5.669434364668548725e-06
2.357100000000326872e+03,5.684235040772723366e-06
2.357200000000326781e+03,5.699012834453607060e-06
2.357300000000326690e+03,5.713767741232902735e-06
2.357400000000327054e+03,5.728499756641726394e-06
2.357500000000326963e+03,5.743208876220414841e-06
2.357600000000326872e+03,5.757895095518950892e-06
2.357700000000326781e+03,5.772558410096635572e-06
2.357800000000326690e+03,5.787310782877652332e-06
2.357900000000327054e+03,5.802107845061740527e-06
2.358000000000326963e+03,5.816976678881485859e-06
2.358100000000326872e+03,5.831469562343166404e-06
2.358200000000327236e+03,5.845949528516654835e-06
2.358300000000327145e+03,5.860416558423514744e-06
2.358400000000327054e+03,5.874870633081331207e-06
2.358500000000326963e+03,5.889311733503449053e-06
2.358600000000326872e+03,5.903739840699038933e-06
2.358700000000327236e+03,5.918154935673209127e-06
2.358800000000327145e+03,5.932556999426691298e-06
2.358900000000327054e+03,5.946946012956274168e-06
2.359000000000327418e+03,5.961310806694143945e-06
2.359100000000327327e+03,5.972207540274168475e-06
2.359200000000327236e+03,5.983086707414036165e-06
2.359300000000327145e+03,5.993948302774013198e-06
2.359400000000327054e+03,6.004687123052780592e-06
2.359500000000327418e+03,6.015373329386477586e-06
2.359600000000327327e+03,6.026041475504700542e-06
2.359700000000327236e+03,6.036691557477647725e-06
2.359800000000327600e+03,6.047323571382219124e-06
2.359900000000327509e+03,6.057937513301927514e-06
2.360000000000327418e+03,6.068533379322499815e-06
2.360100000000327327e+03,6.077702505363230110e-06
2.360200000000327236e+03,6.086538566359060243e-06
2.360300000000327600e+03,6.095250404738319642e-06
2.360400000000327509e+03,6.103947773257385032e-06
2.360500000000327418e+03,6.112630666615447996e-06
2.360600000000327782e+03,6.121299079515451625e-06
2.360700000000327691e+03,6.129953006663885539e-06
2.360800000000327600e+03,6.138592442771114532e-06
2.360900000000327509e+03,6.147217382551185452e-06
2.361000000000327418e+03,6.155731174539554901e-06
2.361100000000327782e+03,6.163683380258927191e-06
2.361200000000327691e+03,6.171627546456046027e-06
2.361300000000327600e+03,6.179493679019975074e-06
2.361400000000327964e+03,6.187275321195195124e-06
2.361500000000327873e+03,6.195048531966633947e-06
2.361600000000327782e+03,6.202813299242756463e-06
2.361700000000327691e+03,6.210569610927201195e-06
2.361800000000327600e+03,6.218409447861722729e-06
2.361900000000327964e+03,6.226293583848190964e-06
2.362000000000327873e+03,6.234169566835123974e-06
2.362100000000327782e+03,6.237466707733735971e-06
2.362200000000328146e+03,6.240754423597891737e-06
2.362300000000328055e+03,6.244032713036913944e-06
2.362400000000327964e+03,6.247242944572805198e-06
2.362500000000327873e+03,6.250206901682115887e-06
2.362600000000327782e+03,6.252987480991682883e-06
2.362700000000328146e+03,6.255641470917176338e-06
2.362800000000328055e+03,6.258285551247845725e-06
2.362900000000327964e+03,6.260919723416328688e-06
2.363000000000328328e+03,6.263543988845310238e-06
2.363100000000328237e+03,6.262610501497525823e-06
2.363200000000328146e+03,6.261671048069352222e-06
2.363300000000328055e+03,6.260725632146140986e-06
2.363400000000327964e+03,6.259367863757857897e-06
2.363500000000328328e+03,6.257684459402802161e-06
2.363600000000328237e+03,6.255995484443647944e-06
2.363700000000328146e+03,6.254300944415759793e-06
2.363800000000328509e+03,6.252600844851906943e-06
2.363900000000328419e+03,6.250895191282375978e-06
2.364000000000328328e+03,6.249183989225367167e-06
2.364100000000328237e+03,6.244614795979580780e-06
2.364200000000328146e+03,6.239894770064756143e-06
2.364300000000328509e+03,6.235036360064661003e-06
2.364400000000328419e+03,6.230178408671047985e-06
2.364500000000328328e+03,6.225320917248554082e-06
2.364600000000328691e+03,6.220463887160636372e-06
2.364700000000328600e+03,6.215513691105195395e-06
2.364800000000328509e+03,6.210511010969770564e-06
2.364900000000328419e+03,6.205509039390544439e-06
2.365000000000328328e+03,6.200369014164323972e-06
2.365100000000328691e+03,6.193954974579399173e-06
2.365200000000328600e+03,6.187544421687942941e-06
2.365300000000328509e+03,6.181137354589161995e-06
2.365400000000328873e+03,6.174733772382222395e-06
2.365500000000328782e+03,6.168333674166385070e-06
2.365600000000328691e+03,6.161937059040758482e-06
2.365700000000328600e+03,6.155543926104476507e-06
2.365800000000328509e+03,6.149413810326584415e-06
2.365900000000328873e+03,6.143752423326422193e-06
2.366000000000328782e+03,6.138093020598520499e-06
2.366100000000328691e+03,6.129922449228856415e-06
2.366200000000329055e+03,6.121755849634507957e-06
2.366300000000328964e+03,6.113594208748089716e-06
2.366400000000328873e+03,6.105405285075302531e-06
2.366500000000328782e+03,6.097050063786488139e-06
2.366600000000328691e+03,6.088700356073859428e-06
2.366700000000329055e+03,6.080356162805304988e-06
2.366800000000328964e+03,6.072017484847479285e-06
2.366900000000328873e+03,6.063684323065767929e-06
2.367000000000329237e+03,6.055356678308179650e-06
2.367100000000329146e+03,6.042161668266439094e-06
2.367200000000329055e+03,6.028983796035684953e-06
2.367300000000328964e+03,6.015823050578819579e-06
2.367400000000328873e+03,6.002730469530380293e-06
2.367500000000329237e+03,5.989742794167657073e-06
2.367600000000329146e+03,5.976771606483188057e-06
2.367700000000329055e+03,5.963816896627458144e-06
2.367800000000329419e+03,5.950878654753157902e-06
2.367900000000329328e+03,5.937956871015346205e-06
2.368000000000329237e+03,5.925051535565192352e-06
2.368100000000329146e+03,5.910355053802410081e-06
2.368200000000329055e+03,5.895674625626302838e-06
2.368300000000329419e+03,5.881010248654293999e-06
2.368400000000329328e+03,5.866361920501779987e-06
2.368500000000329237e+03,5.851729638781611894e-06
2.368600000000329601e+03,5.837113401104441913e-06
2.368700000000329510e+03,5.822513205078795335e-06
2.368800000000329419e+03,5.807929048310758001e-06
2.368900000000329328e+03,5.793360928404207532e-06
2.369000000000329237e+03,5.778808842951150387e-06
2.369100000000329601e+03,5.761359777786221600e-06
2.369200000000329510e+03,5.744000665167778335e-06
2.369300000000329419e+03,5.726726367108686383e-06
2.369400000000329783e+03,5.709471298559272980e-06
2.369500000000329692e+03,5.692235458923657225e-06
2.369600000000329601e+03,5.675018847601939891e-06
2.369700000000329510e+03,5.657821463990499889e-06
2.369800000000329419e+03,5.640905832878127149e-06
2.369900000000329783e+03,5.624789726574235103e-06
2.370000000000329692e+03,5.608686597980163401e-06
2.370100000000329601e+03,5.589395793596276144e-06
2.370200000000329965e+03,5.570122941134853931e-06
2.370300000000329874e+03,5.550898914186917043e-06
2.370400000000329783e+03,5.531792025659629765e-06
2.370500000000329692e+03,5.512702192518603626e-06
2.370600000000329601e+03,5.493710507844908288e-06
2.370700000000329965e+03,5.475035260627418156e-06
2.370800000000329874e+03,5.456374416155851859e-06
2.370900000000329783e+03,5.437727988476759200e-06
2.371000000000330147e+03,5.419095991628788862e-06
2.371100000000330056e+03,5.398569261935737261e-06
2.371200000000329965e+03,5.378052397869319468e-06
2.371300000000329874e+03,5.357545423636937517e-06
2.371400000000329783e+03,5.337048363458094999e-06
2.371500000000330147e+03,5.316561241564349635e-06
2.371600000000330056e+03,5.296084082199659706e-06
2.371700000000329965e+03,5.275616909619831790e-06
2.371800000000330328e+03,5.255159748092769789e-06
2.371900000000330238e+03,5.234712621898791722e-06
2.372000000000330147e+03,5.214275555317220342e-06
2.372100000000330056e+03,5.189979712897966267e-06
2.372200000000329965e+03,5.165722226472127156e-06
2.372300000000330328e+03,5.141585283552665400e-06
2.372400000000330238e+03,5.117464199300622969e-06
2.372500000000330147e+03,5.093364323725460513e-06
2.372600000000330510e+03,5.069607411731129634e-06
2.372700000000330419e+03,5.046022337651137603e-06
2.372800000000330328e+03,5.022453018610799925e-06
2.372900000000330238e+03,4.998897448638833694e-06
2.373000000000330147e+03,4.975358663579880786e-06
2.373100000000330510e+03,4.949583346215108625e-06
2.373200000000330419e+03,4.923822992770249995e-06
2.373300000000330328e+03,4.898078417882659694e-06
2.373400000000330692e+03,4.872349652838332263e-06
2.373500000000330601e+03,4.846636728932287379e-06
2.373600000000330510e+03,4.820939677467885451e-06
2.373700000000330419e+03,4.795347454127532713e-06
2.373800000000330328e+03,4.769905441481027893e-06
2.373900000000330692e+03,4.744476944620953358e-06
2.374000000000330601e+03,4.719061997871406695e-06
2.374100000000330510e+03,4.690092865355962263e-06
2.374200000000330874e+03,4.661153268344011249e-06
2.374300000000330783e+03,4.632243228893636690e-06
2.374400000000330692e+03,4.603362769044039560e-06
2.374500000000330601e+03,4.574511910816049539e-06
2.374600000000330510e+03,4.545694726570874035e-06
2.374700000000330874e+03,4.517111707738531976e-06
2.374800000000330783e+03,4.488616133469079722e-06
2.374900000000330692e+03,4.460608857214464038e-06
2.375000000000331056e+03,4.432621839972120917e-06
2.375100000000330965e+03,4.403674790621220849e-06
2.375200000000330874e+03,4.374734652413491560e-06
2.375300000000330783e+03,4.345801476528484844e-06
2.375400000000330692e+03,4.316875314187143607e-06
2.375500000000331056e+03,4.288150237191004752e-06
2.375600000000330965e+03,4.259433412055525453e-06
2.375700000000330874e+03,4.230721049006583579e-06
2.375800000000331238e+03,4.202013201242689858e-06
2.375900000000331147e+03,4.173309922012870369e-06
2.376000000000331056e+03,4.144287880076545038e-06
2.376100000000330965e+03,4.113893252521138918e-06
2.376200000000330874e+03,4.083501941194682163e-06
2.376300000000331238e+03,4.053026007291637670e-06
2.376400000000331147e+03,4.022549479309313186e-06
2.376500000000331056e+03,3.992077858951409650e-06
2.376600000000331420e+03,3.961611200913756566e-06
2.376700000000331329e+03,3.931149559950975995e-06
2.376800000000331238e+03,3.900692990875598251e-06
2.376900000000331147e+03,3.870241548558696331e-06
2.377000000000331056e+03,3.839795287922781849e-06
2.377100000000331420e+03,3.806979673610097072e-06
2.377200000000331329e+03,3.774120299154439566e-06
2.377300000000331238e+03,3.741282721446075474e-06
2.377400000000331602e+03,3.708466985544809192e-06
2.377500000000331511e+03,3.675673136523974348e-06
2.377600000000331420e+03,3.642901219469474117e-06
2.377700000000331329e+03,3.610151279480428774e-06
2.377800000000331238e+03,3.577423361668970294e-06
2.377900000000331602e+03,3.544505925647538803e-06
2.378000000000331511e+03,3.511581828266146344e-06
2.378100000000331420e+03,3.477482911714978929e-06
2.378200000000331784e+03,3.443413183378655068e-06
2.378300000000331693e+03,3.409372681960206951e-06
2.378400000000331602e+03,3.375361446162221654e-06
2.378500000000331511e+03,3.341379514687532736e-06
2.378600000000331420e+03,3.307426926238970795e-06
2.378700000000331784e+03,3.273628103132450826e-06
2.378800000000331693e+03,3.239881972524870244e-06
2.378900000000331602e+03,3.206162170224750976e-06
2.379000000000331966e+03,3.172468738632618422e-06
2.379100000000331875e+03,2.853557262820537185e-06
2.379200000000331784e+03,2.535014946729036687e-06
2.379300000000331693e+03,2.216842072574710838e-06
2.379400000000331602e+03,1.899038922407754988e-06
2.379500000000331966e+03,1.581663025592515274e-06
2.379600000000331875e+03,1.264646785911560257e-06
2.379700000000331784e+03,9.479720242924188759e-07
2.379800000000332147e+03,6.316390799150070279e-07
2.379900000000332057e+03,3.156482918305406255e-07
2.380000000000331966e+03,0.000000000000000000e+00
2.380100000000331875e+03,0.000000000000000000e+00
2.380200000000331784e+03,0.000000000000000000e+00
2.380300000000332147e+03,0.000000000000000000e+00
2.380400000000332057e+03,0.000000000000000000e+00
2.380500000000331966e+03,0.000000000000000000e+00
2.380600000000332329e+03,0.000000000000000000e+00
2.380700000000332238e+03,0.000000000000000000e+00
2.380800000000332147e+03,0.000000000000000000e+00
2.380900000000332057e+03,0.000000000000000000e+00
2.381000000000331966e+03,0.000000000000000000e+00
2.381100000000332329e+03,0.000000000000000000e+00
2.381200000000332238e+03,0.000000000000000000e+00
2.381300000000332147e+03,0.000000000000000000e+00
2.381400000000332511e+03,0.000000000000000000e+00
2.381500000000332420e+03,0.000000000000000000e+00
2.381600000000332329e+03,0.000000000000000000e+00
2.381700000000332238e+03,0.000000000000000000e+00
2.381800000000332147e+03,0.000000000000000000e+00
2.381900000000332511e+03,0.000000000000000000e+00
2.382000000000332420e+03,0.000000000000000000e+00
2.382100000000332329e+03,0.000000000000000000e+00
2.382200000000332693e+03,0.000000000000000000e+00
2.382300000000332602e+03,0.000000000000000000e+00
2.382400000000332511e+03,0.000000000000000000e+00
2.382500000000332420e+03,0.000000000000000000e+00
2.382600000000332329e+03,0.000000000000000000e+00
2.382700000000332693e+03,0.000000000000000000e+00
2.382800000000332602e+03,0.000000000000000000e+00
2.382900000000332511e+03,0.000000000000000000e+00
2.383000000000332875e+03,0.000000000000000000e+00
2.383100000000332784e+03,0.000000000000000000e+00
2.383200000000332693e+03,0.000000000000000000e+00
2.383300000000332602e+03,0.000000000000000000e+00
2.383400000000332511e+03,0.000000000000000000e+00
2.383500000000332875e+03,0.000000000000000000e+00
2.383600000000332784e+03,0.000000000000000000e+00
2.383700000000332693e+03,0.000000000000000000e+00
2.383800000000333057e+03,0.000000000000000000e+00
2.383900000000332966e+03,0.000000000000000000e+00
2.384000000000332875e+03,1.005975768690887302e-15
2.384100000000332784e+03,3.022464917262378166e-07
2.384200000000332693e+03,6.045689621932926670e-07
2.384300000000333057e+03,9.069090551599902028e-07
2.384400000000332966e+03,1.209223937149343250e-06
2.384500000000332875e+03,1.511543329143696810e-06
2.384600000000333239e+03,1.813866376614963825e-06
2.384700000000333148e+03,2.116192224131154919e-06
2.384800000000333057e+03,2.418520015365183520e-06
2.384900000000332966e+03,2.720848893089982080e-06
2.385000000000332875e+03,3.022972057245500503e-06
2.385100000000333239e+03,3.046429146848878442e-06
2.385200000000333148e+03,3.070324043106647518e-06
2.385300000000333057e+03,3.094258352996007698e-06
2.385400000000333421e+03,3.118232056672465264e-06
2.385500000000333330e+03,3.142245134025943978e-06
2.385600000000333239e+03,3.166297564680760090e-06
2.385700000000333148e+03,3.190389327994447507e-06
2.385800000000333057e+03,3.214520403057162754e-06
2.385900000000333421e+03,3.238902350752182489e-06
2.386000000000333330e+03,3.263558377960410078e-06
2.386100000000333239e+03,3.286271708484314864e-06
2.386200000000333603e+03,3.308948637370358723e-06
2.386300000000333512e+03,3.331640629665529773e-06
2.386400000000333421e+03,3.354347623951136125e-06
2.386500000000333330e+03,3.377067323176842243e-06
2.386600000000333239e+03,3.399801800926877881e-06
2.386700000000333603e+03,3.422551064310622228e-06
2.386800000000333512e+03,3.445315051191203219e-06
2.386900000000333421e+03,3.468093699259923917e-06
2.387000000000333785e+03,3.490886946032524563e-06
2.387100000000333694e+03,3.512694761098163710e-06
2.387200000000333603e+03,3.534519724243916451e-06
2.387300000000333512e+03,3.556819177973980298e-06
2.387400000000333421e+03,3.579126092669923817e-06
2.387500000000333785e+03,3.601243857012099536e-06
2.387600000000333694e+03,3.623072450864467317e-06
2.387700000000333603e+03,3.644902182463428357e-06
2.387800000000333966e+03,3.666733147582001889e-06
2.387900000000333876e+03,3.688565443683258532e-06
2.388000000000333785e+03,3.710398998182827453e-06
2.388100000000333694e+03,3.733061182764031233e-06
2.388200000000333603e+03,3.755736259273289061e-06
2.388300000000333966e+03,3.778207071425069949e-06
2.388400000000333876e+03,3.800565854269484902e-06
2.388500000000333785e+03,3.823020011805938645e-06
2.388600000000334148e+03,3.845483783198558081e-06
2.388700000000334057e+03,3.867957100580452074e-06
2.388800000000333966e+03,3.890439895936825677e-06
2.388900000000333876e+03,3.912932101104504944e-06
2.389000000000333785e+03,3.935433647773923228e-06
2.389100000000334148e+03,3.958572277087080716e-06
2.389200000000334057e+03,3.981791268959457747e-06
2.389300000000333966e+03,4.005030603436289658e-06
2.389400000000334330e+03,4.028290222569316612e-06
2.389500000000334239e+03,4.051656718899884849e-06
2.389600000000334148e+03,4.075142192621456120e-06
2.389700000000334057e+03,4.098649775160123805e-06
2.389800000000333966e+03,4.122179408541512346e-06
2.389900000000334330e+03,4.145757763807549743e-06
2.390000000000334239e+03,4.169425389363227139e-06
2.390100000000334148e+03,4.192077636732509687e-06
2.390200000000334512e+03,4.214745916488678480e-06
2.390300000000334421e+03,4.237430163938544391e-06
2.390400000000334330e+03,4.260130314195461051e-06
2.390500000000334239e+03,4.282846302178781899e-06
2.390600000000334148e+03,4.305559496817618398e-06
2.390700000000334512e+03,4.328305438847009395e-06
2.390800000000334421e+03,4.351359586079198536e-06
2.390900000000334330e+03,4.374430153562190592e-06
2.391000000000334694e+03,4.397519192195265645e-06
2.391100000000334603e+03,4.419854691602605383e-06
2.391200000000334512e+03,4.442206433206939833e-06
2.391300000000334421e+03,4.464574352698657047e-06
2.391400000000334330e+03,4.486958385568292731e-06
2.391500000000334694e+03,4.509421969069689574e-06
2.391600000000334603e+03,4.532143623775018779e-06
2.391700000000334512e+03,4.554884104727918243e-06
2.391800000000334876e+03,4.577361730537335133e-06
2.391900000000334785e+03,4.599827585225111708e-06
2.392000000000334694e+03,4.622309218937409634e-06
2.392100000000334603e+03,4.643727223518815592e-06
2.392200000000334512e+03,4.665157598696201322e-06
2.392300000000334876e+03,4.686421236072141892e-06
2.392400000000334785e+03,4.706820295504984117e-06
2.392500000000334694e+03,4.727222554958641927e-06
2.392600000000335058e+03,4.747627948229019316e-06
2.392700000000334967e+03,4.768027456357422906e-06
2.392800000000334876e+03,4.788429783723325385e-06
2.392900000000334785e+03,4.808494904776403887e-06
2.393000000000334694e+03,4.828359677934826600e-06
2.393100000000335058e+03,4.846526366401841987e-06
2.393200000000334967e+03,4.864024174283247138e-06
2.393300000000334876e+03,4.881510158532375856e-06
2.393400000000335240e+03,4.898984266235112962e-06
2.393500000000335149e+03,4.916446444448462838e-06
2.393600000000335058e+03,4.933896640201096617e-06
2.393700000000334967e+03,4.951334800493032000e-06
2.393800000000334876e+03,4.968760872295805205e-06
2.393900000000335240e+03,4.986216408518913583e-06
2.394000000000335149e+03,5.003674346711361093e-06
2.394100000000335058e+03,5.021326937311801601e-06
2.394200000000335422e+03,5.038977699644261782e-06
2.394300000000335331e+03,5.056626581525710756e-06
2.394400000000335240e+03,5.074400158007900284e-06
2.394500000000335149e+03,5.092313031942290993e-06
2.394600000000335058e+03,5.110236319635501649e-06
2.394700000000335422e+03,5.128167717942171666e-06
2.394800000000335331e+03,5.146316369405127122e-06
2.394900000000335240e+03,5.164466281001752760e-06
2.395000000000335604e+03,5.182617399052693341e-06
2.395100000000335513e+03,5.198692423757513451e-06
2.395200000000335422e+03,5.214655196858692270e-06
2.395300000000335331e+03,5.230613408056441073e-06
2.395400000000335240e+03,5.246567008760506469e-06
2.395500000000335604e+03,5.262517838765079679e-06
2.395600000000335513e+03,5.278579879208685327e-06
2.395700000000335422e+03,5.294637840995557774e-06
2.395800000000335785e+03,5.310691674628472091e-06
2.395900000000335694e+03,5.326741330531322558e-06
2.396000000000335604e+03,5.342786759041450241e-06
2.396100000000335513e+03,5.356423766688950447e-06
2.396200000000335422e+03,5.370051775479027334e-06
2.396300000000335785e+03,5.383292139138501906e-06
2.396400000000335694e+03,5.396185081640963051e-06
2.396500000000335604e+03,5.409060200661902099e-06
2.396600000000335967e+03,5.421922861974625275e-06
2.396700000000335876e+03,5.434773029042413834e-06
2.396800000000335785e+03,5.447610665303252391e-06
2.396900000000335694e+03,5.460435734169632411e-06
2.397000000000335604e+03,5.473248199019827767e-06
2.397100000000335967e+03,5.483446483926359320e-06
2.397200000000335876e+03,5.493514666522247111e-06
2.397300000000335785e+03,5.503559683203335015e-06
2.397400000000336149e+03,5.513339414893467552e-06
2.397500000000336058e+03,5.522861211838577966e-06
2.397600000000335967e+03,5.532365638822404445e-06
2.397700000000335876e+03,5.541852675765357583e-06
2.397800000000335785e+03,5.551322302592751447e-06
2.397900000000336149e+03,5.560774499234924705e-06
2.398000000000336058e+03,5.569651579932324948e-06
2.398100000000335967e+03,5.578234651133448167e-06
2.398200000000336331e+03,5.586805548582755949e-06
2.398300000000336240e+03,5.595364248579339773e-06
2.398400000000336149e+03,5.603910727408271880e-06
2.398500000000336058e+03,5.612331066785157474e-06
2.398600000000335967e+03,5.620353596903521813e-06
2.398700000000336331e+03,5.628362486018517676e-06
2.398800000000336240e+03,5.636033885909412591e-06
2.398900000000336149e+03,5.643638739910536359e-06
2.399000000000336513e+03,5.651228921245927100e-06
2.399100000000336422e+03,5.657699991420765865e-06
2.399200000000336331e+03,5.664160463309184135e-06
2.399300000000336240e+03,5.670610317401738851e-06
2.399400000000336149e+03,5.677049534175513201e-06
2.399500000000336513e+03,5.683478094094107302e-06
2.399600000000336422e+03,5.689687917585065168e-06
2.399700000000336331e+03,5.695602286297328233e-06
2.399800000000336695e+03,5.701491831972566698e-06
2.399900000000336604e+03,5.707369637722138422e-06
2.400000000000336513e+03,5.713235687179909120e-06
2.400100000000336422e+03,5.716634866781183428e-06
2.400200000000336331e+03,5.720024007705642635e-06
2.400300000000336695e+03,5.723403098886296451e-06
2.400400000000336604e+03,5.726772129252396305e-06
2.400500000000336513e+03,5.730131087729483619e-06
2.400600000000336877e+03,5.733479440057528989e-06
2.400700000000336786e+03,5.736816333134481436e-06
2.400800000000336695e+03,5.740058170202941459e-06
2.400900000000336604e+03,5.743247527560053582e-06
2.401000000000336513e+03,5.746426633466484015e-06
2.401100000000336877e+03,5.743004948837725389e-06
2.401200000000336786e+03,5.739006922325157249e-06
2.401300000000336695e+03,5.734809443145489109e-06
2.401400000000337059e+03,5.730606773801124325e-06
2.401500000000336968e+03,5.726398926496863227e-06
2.401600000000336877e+03,5.722185913428650413e-06
2.401700000000336786e+03,5.717967746783638279e-06
2.401800000000336695e+03,5.713744438740205656e-06
2.401900000000337059e+03,5.709418033978862197e-06
2.402000000000336968e+03,5.704752848706140082e-06
2.402100000000336877e+03,5.703657790213606150e-06
2.402200000000337241e+03,5.702555390780734412e-06
2.402300000000337150e+03,5.701446965397992153e-06
2.402400000000337059e+03,5.700333248656090320e-06
2.402500000000336968e+03,5.699214236116670290e-06
2.402600000000336877e+03,5.698089923340248579e-06
2.402700000000337241e+03,5.696960305886231245e-06
2.402800000000337150e+03,5.695740851636536376e-06
2.402900000000337059e+03,5.694474270152290079e-06
2.403000000000337423e+03,5.693188924679669430e-06
2.403100000000337332e+03,5.687103275813051109e-06
2.403200000000337241e+03,5.681019318587539632e-06
2.403300000000337150e+03,5.674937053301417650e-06
2.403400000000337059e+03,5.668856480252667119e-06
2.403500000000337423e+03,5.662777599738946429e-06
2.403600000000337332e+03,5.656779521841725787e-06
2.403700000000337241e+03,5.650829336766123378e-06
2.403800000000337604e+03,5.644880579276136032e-06
2.403900000000337513e+03,5.638933249769239890e-06
2.404000000000337423e+03,5.632987348630768025e-06
2.404100000000337332e+03,5.623559925430344444e-06
2.404200000000337241e+03,5.613423227939522157e-06
2.404300000000337604e+03,5.603148054834001152e-06
2.404400000000337513e+03,5.592958539545219137e-06
2.404500000000337423e+03,5.582831565916027364e-06
2.404600000000337786e+03,5.572716351946709819e-06
2.404700000000337695e+03,5.562612889644110498e-06
2.404800000000337604e+03,5.552521171018668208e-06
2.404900000000337513e+03,5.542441188084564791e-06
2.405000000000337423e+03,5.532372932853598540e-06
2.405100000000337786e+03,5.520501156503732484e-06
2.405200000000337695e+03,5.508644071979865888e-06
2.405300000000337604e+03,5.496801672941759782e-06
2.405400000000337968e+03,5.484973953049924823e-06
2.405500000000337877e+03,5.473160905965793236e-06
2.405600000000337786e+03,5.461362525351373231e-06
2.405700000000337695e+03,5.449578804869462453e-06
2.405800000000337604e+03,5.437809738183643746e-06
2.405900000000337968e+03,5.426055318958137769e-06
2.406000000000337877e+03,5.414315540850965748e-06
2.406100000000337786e+03,5.400469363197852645e-06
2.406200000000338150e+03,5.386641164544787927e-06
2.406300000000338059e+03,5.372830940455212914e-06
2.406400000000337968e+03,5.359070225971772054e-06
2.406500000000337877e+03,5.345414025630765155e-06
2.406600000000337786e+03,5.331775178416689269e-06
2.406700000000338150e+03,5.318153681081323816e-06
2.406800000000338059e+03,5.304549530375657933e-06
2.406900000000337968e+03,5.290962723049523710e-06
2.407000000000338332e+03,5.277393255842582912e-06
2.407100000000338241e+03,5.261127033800815050e-06
2.407200000000338150e+03,5.244884219871876420e-06
2.407300000000338059e+03,5.228664807883728469e-06
2.407400000000337968e+03,5.212468848892505208e-06
2.407500000000338332e+03,5.196301157039650014e-06
2.407600000000338241e+03,5.179880800489465581e-06
2.407700000000338150e+03,5.163417849966513120e-06
2.407800000000338514e+03,5.146980402905741513e-06
2.407900000000338423e+03,5.130568448295323494e-06
2.408000000000338332e+03,5.114181975111973134e-06
2.408100000000338241e+03,5.094066903292435553e-06
2.408200000000338150e+03,5.073992257685672545e-06
2.408300000000338514e+03,5.053957999234487540e-06
2.408400000000338423e+03,5.033964088907523553e-06
2.408500000000338332e+03,5.014010487698785462e-06
2.408600000000338696e+03,4.994097156627852610e-06
2.408700000000338605e+03,4.974224056740156631e-06
2.408800000000338514e+03,4.954391149106425800e-06
2.408900000000338423e+03,4.934598394823038244e-06
2.409000000000338332e+03,4.914845755009997531e-06
2.409100000000338696e+03,4.894565375926173755e-06
2.409200000000338605e+03,4.874315355041858647e-06
2.409300000000338514e+03,4.854100435272189616e-06
2.409400000000338878e+03,4.833920291898475396e-06
2.409500000000338787e+03,4.813770429659846037e-06
2.409600000000338696e+03,4.793650848547270475e-06
2.409700000000338605e+03,4.773561548543865649e-06
2.409800000000338514e+03,4.753502529624760977e-06
2.409900000000338878e+03,4.733463527575769817e-06
2.410000000000338787e+03,4.713386460080339446e-06
2.410100000000338696e+03,4.689340660920879655e-06
2.410200000000339060e+03,4.665346909686941868e-06
2.410300000000338969e+03,4.641405156703481833e-06
2.410400000000338878e+03,4.617515352326937822e-06
2.410500000000338787e+03,4.593677446945713434e-06
2.410600000000338696e+03,4.569891390979954830e-06
2.410700000000339060e+03,4.546157134881546495e-06
2.410800000000338969e+03,4.522474629134416168e-06
2.410900000000338878e+03,4.498843824253941925e-06
2.411000000000339242e+03,4.475264670781141526e-06
2.411100000000339151e+03,4.449934507631798780e-06
2.411200000000339060e+03,4.424636683856485979e-06
2.411300000000338969e+03,4.399392039108105327e-06
2.411400000000338878e+03,4.374200532034009436e-06
2.411500000000339242e+03,4.349062121301274081e-06
2.411600000000339151e+03,4.323976765597162372e-06
2.411700000000339060e+03,4.298944423628398851e-06
2.411800000000339423e+03,4.273959387509848854e-06
2.411900000000339332e+03,4.249025767381978271e-06
2.412000000000339242e+03,4.224145121581279344e-06
2.412100000000339151e+03,4.197863777472693797e-06
2.412200000000339060e+03,4.171633224585532100e-06
2.412300000000339423e+03,4.145453440202827159e-06
2.412400000000339332e+03,4.119324401609549890e-06
2.412500000000339242e+03,4.093246086091876537e-06
2.412600000000339605e+03,4.067218470937575769e-06
2.412700000000339514e+03,4.041241533436303439e-06
2.412800000000339423e+03,4.015315250878969014e-06
2.412900000000339332e+03,3.989439600558157389e-06
2.413000000000339242e+03,3.963614559756669383e-06
2.413100000000339605e+03,3.934501646281305169e-06
2.413200000000339514e+03,3.905465032367209451e-06
2.413300000000339423e+03,3.876504619472741784e-06
2.413400000000339787e+03,3.847620309145860021e-06
2.413500000000339696e+03,3.818812003024375273e-06
2.413600000000339605e+03,3.790079602835178562e-06
2.413700000000339514e+03,3.761423010394631308e-06
2.413800000000339423e+03,3.732842127608437847e-06
2.413900000000339787e+03,3.704336856471401065e-06
2.414000000000339696e+03,3.675907099068094518e-06
2.414100000000339605e+03,3.647595890316919222e-06
2.414200000000339969e+03,3.619338461293113936e-06
2.414300000000339878e+03,3.591134988846121207e-06
2.414400000000339787e+03,3.562985459173144019e-06
2.414500000000339696e+03,3.534889858467089627e-06
2.414600000000339605e+03,3.506848172916421752e-06
2.414700000000339969e+03,3.478860388705034374e-06
2.414800000000339878e+03,3.450926492012785359e-06
2.414900000000339787e+03,3.423046469014714225e-06
2.415000000000340151e+03,3.395220305873767827e-06
2.415100000000340060e+03,3.365202070111887205e-06
2.415200000000339969e+03,3.335256497701043134e-06
2.415300000000339878e+03,3.305383521374494001e-06
2.415400000000339787e+03,3.275583073906314596e-06
2.415500000000340151e+03,3.245855088111268629e-06
2.415600000000340060e+03,3.216199496845345325e-06
2.415700000000339969e+03,3.186616233004907315e-06
2.415800000000340333e+03,3.157105229527077299e-06
2.415900000000340242e+03,3.127666419390152250e-06
2.416000000000340151e+03,3.098299735608522063e-06
2.416100000000340060e+03,3.067771545189145945e-06
2.416200000000339969e+03,3.037321528114283247e-06
2.416300000000340333e+03,3.006949602588605420e-06
2.416400000000340242e+03,2.976655686875570965e-06
2.416500000000340151e+03,2.946439699296595765e-06
2.416600000000340515e+03,2.916301558231415193e-06
2.416700000000340424e+03,2.886241182118483487e-06
2.416800000000340333e+03,2.856258489454097492e-06
2.416900000000340242e+03,2.826353398792925639e-06
2.417000000000340151e+03,2.796525827885041451e-06
2.417100000000340515e+03,2.513466235282561901e-06
2.417200000000340424e+03,2.231165482651011162e-06
2.417300000000340333e+03,1.949622921857089735e-06
2.417400000000340697e+03,1.668837745471503464e-06
2.417500000000340606e+03,1.388809266351499712e-06
2.417600000000340515e+03,1.109537191888129976e-06
2.417700000000340424e+03,8.310208747385193248e-07
2.417800000000340333e+03,5.532596679143917357e-07
2.417900000000340697e+03,2.762529247806653427e-07
2.418000000000340606e+03,0.000000000000000000e+00
2.418100000000340515e+03,0.000000000000000000e+00
2.418200000000340879e+03,0.000000000000000000e+00
2.418300000000340788e+03,0.000000000000000000e+00
2.418400000000340697e+03,0.000000000000000000e+00
2.418500000000340606e+03,0.000000000000000000e+00
2.418600000000340515e+03,0.000000000000000000e+00
2.418700000000340879e+03,0.000000000000000000e+00
2.418800000000340788e+03,0.000000000000000000e+00
2.418900000000340697e+03,0.000000000000000000e+00
2.419000000000341061e+03,0.000000000000000000e+00
2.419100000000340970e+03,0.000000000000000000e+00
2.419200000000340879e+03,0.000000000000000000e+00
2.419300000000340788e+03,0.000000000000000000e+00
2.419400000000340697e+03,0.000000000000000000e+00
2.419500000000341061e+03,0.000000000000000000e+00
2.419600000000340970e+03,0.000000000000000000e+00
2.419700000000340879e+03,0.000000000000000000e+00
2.419800000000341242e+03,0.000000000000000000e+00
2.419900000000341151e+03,0.000000000000000000e+00
2.420000000000341061e+03,0.000000000000000000e+00
2.420100000000340970e+03,0.000000000000000000e+00
2.420200000000340879e+03,0.000000000000000000e+00
2.420300000000341242e+03,0.000000000000000000e+00
2.420400000000341151e+03,0.000000000000000000e+00
2.420500000000341061e+03,0.000000000000000000e+00
2.420600000000341424e+03,0.000000000000000000e+00
2.420700000000341333e+03,0.000000000000000000e+00
2.420800000000341242e+03,0.000000000000000000e+00
2.420900000000341151e+03,0.000000000000000000e+00
2.421000000000341061e+03,0.000000000000000000e+00
2.421100000000341424e+03,0.000000000000000000e+00
2.421200000000341333e+03,0.000000000000000000e+00
2.421300000000341242e+03,0.000000000000000000e+00
2.421400000000341606e+03,0.000000000000000000e+00
2.421500000000341515e+03,0.000000000000000000e+00
2.421600000000341424e+03,0.000000000000000000e+00
2.421700000000341333e+03,0.000000000000000000e+00
2.421800000000341242e+03,0.000000000000000000e+00
2.421900000000341606e+03,0.000000000000000000e+00
2.422000000000341515e+03,0.000000000000000000e+00
2.422100000000341424e+03,0.000000000000000000e+00
2.422200000000341788e+03,0.000000000000000000e+00
2.422300000000341697e+03,0.000000000000000000e+00
2.422400000000341606e+03,0.000000000000000000e+00
2.422500000000341515e+03,0.000000000000000000e+00
2.422600000000341424e+03,0.000000000000000000e+00
2.422700000000341788e+03,0.000000000000000000e+00
2.422800000000341697e+03,0.000000000000000000e+00
2.422900000000341606e+03,0.000000000000000000e+00
2.423000000000341970e+03,8.152963577103233535e-16
2.423100000000341879e+03,2.380682718271114884e-07
2.423200000000341788e+03,4.754501897871776649e-07
2.423300000000341697e+03,7.121473465829292807e-07
2.423400000000341606e+03,9.481797091094749461e-07
2.423500000000341970e+03,1.183537992629967140e-06
2.423600000000341879e+03,1.418222775082235422e-06
2.423700000000341788e+03,1.652234634091122845e-06
2.423800000000342152e+03,1.885574146965400952e-06
2.423900000000342061e+03,2.118241890694693246e-06
2.424000000000341970e+03,2.350238441205841251e-06
2.424100000000341879e+03,2.362513097802623230e-06
2.424200000000341788e+03,2.374746722100905526e-06
2.424300000000342152e+03,2.386939343808816578e-06
2.424400000000342061e+03,2.399090992623009643e-06
2.424500000000341970e+03,2.411201698228993991e-06
2.424600000000342334e+03,2.423271490300978201e-06
2.424700000000342243e+03,2.435300398501704566e-06
2.424800000000342152e+03,2.447288452482787911e-06
2.424900000000342061e+03,2.459235681884472909e-06
2.425000000000341970e+03,2.471142116335027614e-06
2.425100000000342334e+03,2.482803297768928218e-06
2.425200000000342243e+03,2.494421020164172150e-06
2.425300000000342152e+03,2.505995326793759239e-06
2.425400000000342516e+03,2.517526260904415622e-06
2.425500000000342425e+03,2.529013865716427300e-06
2.425600000000342334e+03,2.540458184423982344e-06
2.425700000000342243e+03,2.551859260194947701e-06
2.425800000000342152e+03,2.563217136170961940e-06
2.425900000000342516e+03,2.574531855467473372e-06
2.426000000000342425e+03,2.585803461174625624e-06
2.426100000000342334e+03,2.597346966322363806e-06
2.426200000000342698e+03,2.608850467090837208e-06
2.426300000000342607e+03,2.620313990571220237e-06
2.426400000000342516e+03,2.631737563844917622e-06
2.426500000000342425e+03,2.643121213983356891e-06
2.426600000000342334e+03,2.654464968048061638e-06
2.426700000000342698e+03,2.665768853090659150e-06
2.426800000000342607e+03,2.677032896152741911e-06
2.426900000000342516e+03,2.688257124266101391e-06
2.427000000000342880e+03,2.699441564452059730e-06
2.427100000000342789e+03,2.710417622766213401e-06
2.427200000000342698e+03,2.721353844411333778e-06
2.427300000000342607e+03,2.732250258101114407e-06
2.427400000000342516e+03,2.743106892539277984e-06
2.427500000000342880e+03,2.753923776419647087e-06
2.427600000000342789e+03,2.764700938425934106e-06
2.427700000000342698e+03,2.775409332927758688e-06
2.427800000000343061e+03,2.786045279113492373e-06
2.427900000000342970e+03,2.796641120169200887e-06
2.428000000000342880e+03,2.807196887401282945e-06
2.428100000000342789e+03,2.817196947199244110e-06
2.428200000000342698e+03,2.827155366478191065e-06
2.428300000000343061e+03,2.837072189801584685e-06
2.428400000000342970e+03,2.846946181646796823e-06
2.428500000000342880e+03,2.856746737295000535e-06
2.428600000000343243e+03,2.866469653353914853e-06
2.428700000000343152e+03,2.876150682752404248e-06
2.428800000000343061e+03,2.885789872917092810e-06
2.428900000000342970e+03,2.895387271238805629e-06
2.429000000000342880e+03,2.904942925070141621e-06
2.429100000000343243e+03,2.913736151413000670e-06
2.429200000000343152e+03,2.922486117810850144e-06
2.429300000000343061e+03,2.931192887208430372e-06
2.429400000000343425e+03,2.939856522492831772e-06
2.429500000000343334e+03,2.948477086493469444e-06
2.429600000000343243e+03,2.957054641982305511e-06
2.429700000000343152e+03,2.965589251673757221e-06
2.429800000000343061e+03,2.974080978224753272e-06
2.429900000000343425e+03,2.982529884234849853e-06
2.430000000000343334e+03,2.990936032248471900e-06
2.430100000000343243e+03,3.000009625559922392e-06
2.430200000000343607e+03,3.009048333496465707e-06
2.430300000000343516e+03,3.018052174647749283e-06
2.430400000000343425e+03,3.027021167601417329e-06
2.430500000000343334e+03,3.035955330942945647e-06
2.430600000000343243e+03,3.044854683255701775e-06
2.430700000000343607e+03,3.053719243120950492e-06
2.430800000000343516e+03,3.062549029117722527e-06
2.430900000000343425e+03,3.071344059823013190e-06
2.431000000000343789e+03,3.080104353809330631e-06
2.431100000000343698e+03,3.088139893095626102e-06
2.431200000000343607e+03,3.096141082485343146e-06
2.431300000000343516e+03,3.104107946045097603e-06
2.431400000000343425e+03,3.112040507835327057e-06
2.431500000000343789e+03,3.119938791910292947e-06
2.431600000000343698e+03,3.127802822317959872e-06
2.431700000000343607e+03,3.135664838246175338e-06
2.431800000000343971e+03,3.143512957314155992e-06
2.431900000000343880e+03,3.151327154763252325e-06
2.432000000000343789e+03,3.159107452914366447e-06
2.432100000000343698e+03,3.166069314925530376e-06
2.432200000000343607e+03,3.172998290056602859e-06
2.432300000000343971e+03,3.179894414961167354e-06
2.432400000000343880e+03,3.186757716847690307e-06
2.432500000000343789e+03,3.193588222911399465e-06
2.432600000000344153e+03,3.200385960334225426e-06
2.432700000000344062e+03,3.207150956284699151e-06
2.432800000000343971e+03,3.213883237918163723e-06
2.432900000000343880e+03,3.220582832376609172e-06
2.433000000000343789e+03,3.227249766782746635e-06
2.433100000000344153e+03,3.232132669885479526e-06
2.433200000000344062e+03,3.236981414551778238e-06
2.433300000000343971e+03,3.241796217672098376e-06
2.433400000000344335e+03,3.246583583224137437e-06
2.433500000000344244e+03,3.251300113269412371e-06
2.433600000000344153e+03,3.255949446072674194e-06
2.433700000000344062e+03,3.260564723623600269e-06
2.433800000000343971e+03,3.265146004341028906e-06
2.433900000000344335e+03,3.269693346580184124e-06
2.434000000000344244e+03,3.274206808633242311e-06
2.434100000000344153e+03,3.278876559482671403e-06
2.434200000000344517e+03,3.283518073651517210e-06
2.434300000000344426e+03,3.288131378696568998e-06
2.434400000000344335e+03,3.292716502158588050e-06
2.434500000000344244e+03,3.297273471562238635e-06
2.434600000000344153e+03,3.301783475998132371e-06
2.434700000000344517e+03,3.306211168496613364e-06
2.434800000000344426e+03,3.310610593077203139e-06
2.434900000000344335e+03,3.314981779062699175e-06
2.435000000000344698e+03,3.319324755756406606e-06
2.435100000000344608e+03,3.323362194663656342e-06
2.435200000000344517e+03,3.327375627787230197e-06
2.435300000000344426e+03,3.331365068313893795e-06
2.435400000000344335e+03,3.335330529428794927e-06
2.435500000000344698e+03,3.339272024315566042e-06
2.435600000000344608e+03,3.343189566156145946e-06
2.435700000000344517e+03,3.347083168131000033e-06
2.435800000000344880e+03,3.350952843418973322e-06
2.435900000000344789e+03,3.354798605197271398e-06
2.436000000000344698e+03,3.358620466636036018e-06
2.436100000000344608e+03,3.360814369467165354e-06
2.436200000000344517e+03,3.362986266325987592e-06
2.436300000000344880e+03,3.365136181356213392e-06
2.436400000000344789e+03,3.367264138685807498e-06
2.436500000000344698e+03,3.369370162427044637e-06
2.436600000000345062e+03,3.371454276676488347e-06
2.436700000000344971e+03,3.373516505514977420e-06
2.436800000000344880e+03,3.375556873007676731e-06
2.436900000000344789e+03,3.377575403204049278e-06
2.437000000000344698e+03,3.379572120133792547e-06
2.437100000000345062e+03,3.380359339252802337e-06
2.437200000000344971e+03,3.381128224791656486e-06
2.437300000000344880e+03,3.381878799691401267e-06
2.437400000000345244e+03,3.382611086874795936e-06
2.437500000000345153e+03,3.383325109246264024e-06
2.437600000000345062e+03,3.384020889691982281e-06
2.437700000000344971e+03,3.384698451079840862e-06
2.437800000000344880e+03,3.385357816259470855e-06
2.437900000000345244e+03,3.385999008062234118e-06
2.438000000000345153e+03,3.386622049297784327e-06
2.438100000000345062e+03,3.386214408256341433e-06
2.438200000000345426e+03,3.385792462571669970e-06
2.438300000000345335e+03,3.385356229486531232e-06
2.438400000000345244e+03,3.384905726231307123e-06
2.438500000000345153e+03,3.384432874157091341e-06
2.438600000000345062e+03,3.383942944477338050e-06
2.438700000000345426e+03,3.383438799398692378e-06
2.438800000000345335e+03,3.382920456239805959e-06
2.438900000000345244e+03,3.382387932306730387e-06
2.439000000000345608e+03,3.381841244889413042e-06
2.439100000000345517e+03,3.380248389762571410e-06
2.439200000000345426e+03,3.378645336319645946e-06
2.439300000000345335e+03,3.377032096207349415e-06
2.439400000000345244e+03,3.375408681064770440e-06
2.439500000000345608e+03,3.373775102523344699e-06
2.439600000000345517e+03,3.372131372206917610e-06
2.439700000000345426e+03,3.370477501731691389e-06
2.439800000000345790e+03,3.368813502706242413e-06
2.439900000000345699e+03,3.367139386731568655e-06
2.440000000000345608e+03,3.365455165395625477e-06
2.440100000000345517e+03,3.362201916284402680e-06
2.440200000000345426e+03,3.358943380079098013e-06
2.440300000000345790e+03,3.355679565950216171e-06
2.440400000000345699e+03,3.352410483060019794e-06
2.440500000000345608e+03,3.349136140562451965e-06
2.440600000000345972e+03,3.345856547603156961e-06
2.440700000000345881e+03,3.342571713319595027e-06
2.440800000000345790e+03,3.339281646840871275e-06
2.440900000000345699e+03,3.335986357287887728e-06
2.441000000000345608e+03,3.332663865210208143e-06
2.441100000000345972e+03,3.328413410882527352e-06
2.441200000000345881e+03,3.324161508361156214e-06
2.441300000000345790e+03,3.319908160941769906e-06
2.441400000000346154e+03,3.315653371917759159e-06
2.441500000000346063e+03,3.311397144580263291e-06
2.441600000000345972e+03,3.307139482218089311e-06
2.441700000000345881e+03,3.302880388117756397e-06
2.441800000000345790e+03,3.298619865563508593e-06
2.441900000000346154e+03,3.294357917837273732e-06
2.442000000000346063e+03,3.290094548212909966e-06
2.442100000000345972e+03,3.284145092098866659e-06
2.442200000000346336e+03,3.278200116228284071e-06
2.442300000000346245e+03,3.272259618098547457e-06
2.442400000000346154e+03,3.266323595208072909e-06
2.442500000000346063e+03,3.260392045056424247e-06
2.442600000000345972e+03,3.254464965144326154e-06
2.442700000000346336e+03,3.248542352973585817e-06
2.442800000000346245e+03,3.242624206047224223e-06
2.442900000000346154e+03,3.236710521869314798e-06
2.443000000000346517e+03,3.230801297943687022e-06
2.443100000000346427e+03,3.224503053260342524e-06
2.443200000000346336e+03,3.218210279043123793e-06
2.443300000000346245e+03,3.211922973334999746e-06
2.443400000000346154e+03,3.205641134178954121e-06
2.443500000000346517e+03,3.199364759617946515e-06
2.443600000000346427e+03,3.193093847695028007e-06
2.443700000000346336e+03,3.186828396453155653e-06
2.443800000000346699e+03,3.180568403935328438e-06
2.443900000000346608e+03,3.174313868184598710e-06
2.444000000000346517e+03,3.168064787234208906e-06
2.444100000000346427e+03,3.159010233160919651e-06
2.444200000000346336e+03,3.149973109296596723e-06
2.444300000000346699e+03,3.140953392975426619e-06
2.444400000000346608e+03,3.131951061554918039e-06
2.444500000000346517e+03,3.122964651788553572e-06
2.444600000000346881e+03,3.113994232010332107e-06
2.444700000000346790e+03,3.105041145394155758e-06
2.444800000000346699e+03,3.096155702187282087e-06
2.444900000000346608e+03,3.087305309438922897e-06
2.445000000000346517e+03,3.078471790905242526e-06
2.445100000000346881e+03,3.069161910057258456e-06
2.445200000000346790e+03,3.059868983068199234e-06
2.445300000000346699e+03,3.050592996241456976e-06
2.445400000000347063e+03,3.041333935887798066e-06
2.445500000000346972e+03,3.032091788325403392e-06
2.445600000000346881e+03,3.022866539879707409e-06
2.445700000000346790e+03,3.013658176883501476e-06
2.445800000000346699e+03,3.004466685676913952e-06
2.445900000000347063e+03,2.995292052607366995e-06
2.446000000000346972e+03,2.986134264026059261e-06
2.446100000000346881e+03,2.975936872026900165e-06
2.446200000000347245e+03,2.965759080537613771e-06
2.446300000000347154e+03,2.955600877883135425e-06
2.446400000000347063e+03,2.945462252391340103e-06
2.446500000000346972e+03,2.935343192393282543e-06
2.446600000000346881e+03,2.925243686223088399e-06
2.446700000000347245e+03,2.915163722217952127e-06
2.446800000000347154e+03,2.905103288718303424e-06
2.446900000000347063e+03,2.895063156406133873e-06
2.447000000000347427e+03,2.885050886161525002e-06
2.447100000000347336e+03,2.872571335272301742e-06
2.447200000000347245e+03,2.860125311939522129e-06
2.447300000000347154e+03,2.847712767396893916e-06
2.447400000000347063e+03,2.835333652930092870e-06
2.447500000000347427e+03,2.822987919876670442e-06
2.447600000000347336e+03,2.810675519626236727e-06
2.447700000000347245e+03,2.798396403620072527e-06
2.447800000000347609e+03,2.786150523351240729e-06
2.447900000000347518e+03,2.773937830364747249e-06
2.448000000000347427e+03,2.761758276258102184e-06
2.448100000000347336e+03,2.749895115329892110e-06
2.448200000000347245e+03,2.738056018211427897e-06
2.448300000000347609e+03,2.726240982118752379e-06
2.448400000000347518e+03,2.714450004260637039e-06
2.448500000000347427e+03,2.702683081838240227e-06
2.448600000000347791e+03,2.690940212045287578e-06
2.448700000000347700e+03,2.679221392068239726e-06
2.448800000000347609e+03,2.667526619085954338e-06
2.448900000000347518e+03,2.655855890269935140e-06
2.449000000000347427e+03,2.644209202775778155e-06
2.449100000000347791e+03,2.630156053940279381e-06
2.449200000000347700e+03,2.616143044868016180e-06
2.449300000000347609e+03,2.602170125924750540e-06
2.449400000000347973e+03,2.588237247514059385e-06
2.449500000000347882e+03,2.574344360077508645e-06
2.449600000000347791e+03,2.560491414094251759e-06
2.449700000000347700e+03,2.546678360081272776e-06
2.449800000000347609e+03,2.532905148593297838e-06
2.449900000000347973e+03,2.519171730222724455e-06
2.450000000000347882e+03,2.505476680389426878e-06
2.450100000000347791e+03,2.491449569218436361e-06
2.450200000000348155e+03,2.477457784769568991e-06
2.450300000000348064e+03,2.463508512393104778e-06
2.450400000000347973e+03,2.449610105736545480e-06
2.450500000000347882e+03,2.435710850429157293e-06
2.450600000000347791e+03,2.421846998507643217e-06
2.450700000000348155e+03,2.408018531010562558e-06
2.450800000000348064e+03,2.394225428978649801e-06
2.450900000000347973e+03,2.380467673454411428e-06
2.451000000000348336e+03,2.366745245476527022e-06
2.451100000000348246e+03,2.351388362953085682e-06
2.451200000000348155e+03,2.336078045481016293e-06
2.451300000000348064e+03,2.320814240106207624e-06
2.451400000000347973e+03,2.305596893914667739e-06
2.451500000000348336e+03,2.290420528289042847e-06
2.451600000000348246e+03,2.275195385663062823e-06
2.451700000000348155e+03,2.260013395600910960e-06
2.451800000000348518e+03,2.244876024609926560e-06
2.451900000000348427e+03,2.229786271349185186e-06
2.452000000000348336e+03,2.214744076524276502e-06
2.452100000000348246e+03,2.198721138492613222e-06
2.452200000000348155e+03,2.182749676951532325e-06
2.452300000000348518e+03,2.166830166277632943e-06
2.452400000000348427e+03,2.150962540248087362e-06
2.452500000000348336e+03,2.135146732696370994e-06
2.452600000000348700e+03,2.119382677512435596e-06
2.452700000000348609e+03,2.103598372782165987e-06
2.452800000000348518e+03,2.087845822448449454e-06
2.452900000000348427e+03,2.072146203937202596e-06
2.453000000000348336e+03,2.056499444563740469e-06
2.453100000000348700e+03,2.040294733447848796e-06
2.453200000000348609e+03,2.024142224638690039e-06
2.453300000000348518e+03,2.008041861673891155e-06
2.453400000000348882e+03,1.991993588130400912e-06
2.453500000000348791e+03,1.975997347624728750e-06
2.453600000000348700e+03,1.960053083812440378e-06
2.453700000000348609e+03,1.944160740388476253e-06
2.453800000000348518e+03,1.928257180834402333e-06
2.453900000000348882e+03,1.912342106011545429e-06
2.454000000000348791e+03,1.896480866164639717e-06
2.454100000000348700e+03,1.879987273011610806e-06
2.454200000000349064e+03,1.863549110807422175e-06
2.454300000000348973e+03,1.847166318112444127e-06
2.454400000000348882e+03,1.830838833523233060e-06
2.454500000000348791e+03,1.814566595672835975e-06
2.454600000000348700e+03,1.798349543230699842e-06
2.454700000000349064e+03,1.782187614902596429e-06
2.454800000000348973e+03,1.766080749430907114e-06
2.454900000000348882e+03,1.750020648788355710e-06
2.455000000000349246e+03,1.733985415359535174e-06
2.455100000000349155e+03,1.717045532694774359e-06
2.455200000000349064e+03,1.700170243621724504e-06
2.455300000000348973e+03,1.683359444537293647e-06
2.455400000000348882e+03,1.666613031953019430e-06
2.455500000000349246e+03,1.649930902494879788e-06
2.455600000000349155e+03,1.633312952903506189e-06
2.455700000000349064e+03,1.616759080033630309e-06
2.455800000000349428e+03,1.600269180854203252e-06
2.455900000000349337e+03,1.583843152448538699e-06
2.456000000000349246e+03,1.567480892011326906e-06
2.456100000000349155e+03,1.550492004772497885e-06
2.456200000000349064e+03,1.533573193344569908e-06
2.456300000000349428e+03,1.516724326294379909e-06
2.456400000000349337e+03,1.499945272364590651e-06
2.456500000000349246e+03,1.483235900473012886e-06
2.456600000000349610e+03,1.466596079712678627e-06
2.456700000000349519e+03,1.450025679351848345e-06
2.456800000000349428e+03,1.433524568833396446e-06
2.456900000000349337e+03,1.417092617774902966e-06
2.457000000000349246e+03,1.400729695524207967e-06
2.457100000000349610e+03,1.257560293989871180e-06
2.457200000000349519e+03,1.115066225898974182e-06
2.457300000000349428e+03,9.732589359744028491e-07
2.457400000000349792e+03,8.321468213309302198e-07
2.457500000000349701e+03,6.917285796068757019e-07
2.457600000000349610e+03,5.520029101179807186e-07
2.457700000000349519e+03,4.129685138582603464e-07
2.457800000000349428e+03,2.746240934976523221e-07
2.457900000000349792e+03,1.369683533796742826e-07
2.458000000000349701e+03,0.000000000000000000e+00
2.458100000000349610e+03,0.000000000000000000e+00
2.458200000000349974e+03,0.000000000000000000e+00
2.458300000000349883e+03,0.000000000000000000e+00
2.458400000000349792e+03,0.000000000000000000e+00
2.458500000000349701e+03,0.000000000000000000e+00
2.458600000000349610e+03,0.000000000000000000e+00
2.458700000000349974e+03,0.000000000000000000e+00
2.458800000000349883e+03,0.000000000000000000e+00
2.458900000000349792e+03,0.000000000000000000e+00
2.459000000000350155e+03,0.000000000000000000e+00
2.459100000000350065e+03,0.000000000000000000e+00
2.459200000000349974e+03,0.000000000000000000e+00
2.459300000000349883e+03,0.000000000000000000e+00
2.459400000000349792e+03,0.000000000000000000e+00
2.459500000000350155e+03,0.000000000000000000e+00
2.459600000000350065e+03,0.000000000000000000e+00
2.459700000000349974e+03,0.000000000000000000e+00
2.459800000000350337e+03,0.000000000000000000e+00
2.459900000000350246e+03,0.000000000000000000e+00
2.460000000000350155e+03,0.000000000000000000e+00
2.460100000000350065e+03,0.000000000000000000e+00
2.460200000000349974e+03,0.000000000000000000e+00
2.460300000000350337e+03,0.000000000000000000e+00
2.460400000000350246e+03,0.000000000000000000e+00
2.460500000000350155e+03,0.000000000000000000e+00
2.460600000000350519e+03,0.000000000000000000e+00
2.460700000000350428e+03,0.000000000000000000e+00
2.460800000000350337e+03,0.000000000000000000e+00
2.460900000000350246e+03,0.000000000000000000e+00
2.461000000000350155e+03,0.000000000000000000e+00
2.461100000000350519e+03,0.000000000000000000e+00
2.461200000000350428e+03,0.000000000000000000e+00
2.461300000000350337e+03,0.000000000000000000e+00
2.461400000000350701e+03,0.000000000000000000e+00
2.461500000000350610e+03,0.000000000000000000e+00
2.461600000000350519e+03,0.000000000000000000e+00
2.461700000000350428e+03,0.000000000000000000e+00
2.461800000000350337e+03,0.000000000000000000e+00
2.461900000000350701e+03,0.000000000000000000e+00
2.462000000000350610e+03,0.000000000000000000e+00
2.462100000000350519e+03,0.000000000000000000e+00
2.462200000000350883e+03,0.000000000000000000e+00
2.462300000000350792e+03,0.000000000000000000e+00
2.462400000000350701e+03,0.000000000000000000e+00
2.462500000000350610e+03,0.000000000000000000e+00
2.462600000000350519e+03,0.000000000000000000e+00
2.462700000000350883e+03,0.000000000000000000e+00
2.462800000000350792e+03,0.000000000000000000e+00
2.462900000000350701e+03,0.000000000000000000e+00
2.463000000000351065e+03,0.000000000000000000e+00
2.463100000000350974e+03,0.000000000000000000e+00
2.463200000000350883e+03,0.000000000000000000e+00
2.463300000000350792e+03,0.000000000000000000e+00
2.463400000000350701e+03,0.000000000000000000e+00
2.463500000000351065e+03,0.000000000000000000e+00
2.463600000000350974e+03,0.000000000000000000e+00
2.463700000000350883e+03,0.000000000000000000e+00
2.463800000000351247e+03,0.000000000000000000e+00
2.463900000000351156e+03,0.000000000000000000e+00
2.464000000000351065e+03,0.000000000000000000e+00
2.464100000000350974e+03,0.000000000000000000e+00
2.464200000000350883e+03,0.000000000000000000e+00
2.464300000000351247e+03,0.000000000000000000e+00
2.464400000000351156e+03,0.000000000000000000e+00
2.464500000000351065e+03,0.000000000000000000e+00
2.464600000000351429e+03,0.000000000000000000e+00
2.464700000000351338e+03,0.000000000000000000e+00
2.464800000000351247e+03,0.000000000000000000e+00
2.464900000000351156e+03,0.000000000000000000e+00
2.465000000000351065e+03,0.000000000000000000e+00
2.465100000000351429e+03,0.000000000000000000e+00
2.465200000000351338e+03,0.000000000000000000e+00
2.465300000000351247e+03,0.000000000000000000e+00
2.465400000000351611e+03,0.000000000000000000e+00
2.465500000000351520e+03,0.000000000000000000e+00
2.465600000000351429e+03,0.000000000000000000e+00
2.465700000000351338e+03,0.000000000000000000e+00
2.465800000000351247e+03,0.000000000000000000e+00
2.465900000000351611e+03,0.000000000000000000e+00
2.466000000000351520e+03,0.000000000000000000e+00
2.466100000000351429e+03,0.000000000000000000e+00
2.466200000000351793e+03,0.000000000000000000e+00
2.466300000000351702e+03,0.000000000000000000e+00
2.466400000000351611e+03,0.000000000000000000e+00
2.466500000000351520e+03,0.000000000000000000e+00
2.466600000000351429e+03,0.000000000000000000e+00
2.466700000000351793e+03,0.000000000000000000e+00
2.466800000000351702e+03,0.000000000000000000e+00
2.466900000000351611e+03,0.000000000000000000e+00
2.467000000000351974e+03,0.000000000000000000e+00
2.467100000000351884e+03,0.000000000000000000e+00
2.467200000000351793e+03,0.000000000000000000e+00
2.467300000000351702e+03,0.000000000000000000e+00
2.467400000000351611e+03,0.000000000000000000e+00
2.467500000000351974e+03,0.000000000000000000e+00
2.467600000000351884e+03,0.000000000000000000e+00
2.467700000000351793e+03,0.000000000000000000e+00
2.467800000000352156e+03,0.000000000000000000e+00
2.467900000000352065e+03,0.000000000000000000e+00
2.468000000000351974e+03,0.000000000000000000e+00
2.468100000000351884e+03,0.000000000000000000e+00
2.468200000000351793e+03,0.000000000000000000e+00
2.468300000000352156e+03,0.000000000000000000e+00
2.468400000000352065e+03,0.000000000000000000e+00
2.468500000000351974e+03,0.000000000000000000e+00
2.468600000000352338e+03,0.000000000000000000e+00
2.468700000000352247e+03,0.000000000000000000e+00
2.468800000000352156e+03,0.000000000000000000e+00
2.468900000000352065e+03,0.000000000000000000e+00
2.469000000000351974e+03,0.000000000000000000e+00
2.469100000000352338e+03,0.000000000000000000e+00
2.469200000000352247e+03,0.000000000000000000e+00
2.469300000000352156e+03,0.000000000000000000e+00
2.469400000000352520e+03,0.000000000000000000e+00
2.469500000000352429e+03,0.000000000000000000e+00
2.469600000000352338e+03,0.000000000000000000e+00
2.469700000000352247e+03,0.000000000000000000e+00
2.469800000000352156e+03,0.000000000000000000e+00
2.469900000000352520e+03,0.000000000000000000e+00
2.470000000000352429e+03,0.000000000000000000e+00
2.470100000000352338e+03,0.000000000000000000e+00
2.470200000000352702e+03,0.000000000000000000e+00
2.470300000000352611e+03,0.000000000000000000e+00
2.470400000000352520e+03,0.000000000000000000e+00
2.470500000000352429e+03,0.000000000000000000e+00
2.470600000000352338e+03,0.000000000000000000e+00
2.470700000000352702e+03,0.000000000000000000e+00
2.470800000000352611e+03,0.000000000000000000e+00
2.470900000000352520e+03,0.000000000000000000e+00
2.471000000000352884e+03,0.000000000000000000e+00
2.471100000000352793e+03,0.000000000000000000e+00
2.471200000000352702e+03,0.000000000000000000e+00
2.471300000000352611e+03,0.000000000000000000e+00
2.471400000000352520e+03,0.000000000000000000e+00
2.471500000000352884e+03,0.000000000000000000e+00
2.471600000000352793e+03,0.000000000000000000e+00
2.471700000000352702e+03,0.000000000000000000e+00
2.471800000000353066e+03,0.000000000000000000e+00
2.471900000000352975e+03,0.000000000000000000e+00
2.472000000000352884e+03,0.000000000000000000e+00
2.472100000000352793e+03,0.000000000000000000e+00
2.472200000000352702e+03,0.000000000000000000e+00
2.472300000000353066e+03,0.000000000000000000e+00
2.472400000000352975e+03,0.000000000000000000e+00
2.472500000000352884e+03,0.000000000000000000e+00
2.472600000000353248e+03,0.000000000000000000e+00
2.472700000000353157e+03,0.000000000000000000e+00
2.472800000000353066e+03,0.000000000000000000e+00
2.472900000000352975e+03,0.000000000000000000e+00
2.473000000000352884e+03,0.000000000000000000e+00
2.473100000000353248e+03,0.000000000000000000e+00
2.473200000000353157e+03,0.000000000000000000e+00
2.473300000000353066e+03,0.000000000000000000e+00
2.473400000000353430e+03,0.000000000000000000e+00
2.473500000000353339e+03,0.000000000000000000e+00
2.473600000000353248e+03,0.000000000000000000e+00
2.473700000000353157e+03,0.000000000000000000e+00
2.473800000000353066e+03,0.000000000000000000e+00
2.473900000000353430e+03,0.000000000000000000e+00
2.474000000000353339e+03,0.000000000000000000e+00
2.474100000000353248e+03,0.000000000000000000e+00
2.474200000000353612e+03,0.000000000000000000e+00
2.474300000000353521e+03,0.000000000000000000e+00
2.474400000000353430e+03,0.000000000000000000e+00
2.474500000000353339e+03,0.000000000000000000e+00
2.474600000000353248e+03,0.000000000000000000e+00
2.474700000000353612e+03,0.000000000000000000e+00
2.474800000000353521e+03,0.000000000000000000e+00
2.474900000000353430e+03,0.000000000000000000e+00
2.475000000000353793e+03,0.000000000000000000e+00
2.475100000000353702e+03,0.000000000000000000e+00
2.475200000000353612e+03,0.000000000000000000e+00
2.475300000000353521e+03,0.000000000000000000e+00
2.475400000000353430e+03,0.000000000000000000e+00
2.475500000000353793e+03,0.000000000000000000e+00
2.475600000000353702e+03,0.000000000000000000e+00
2.475700000000353612e+03,0.000000000000000000e+00
2.475800000000353975e+03,0.000000000000000000e+00
2.475900000000353884e+03,0.000000000000000000e+00
2.476000000000353793e+03,0.000000000000000000e+00
2.476100000000353702e+03,0.000000000000000000e+00
2.476200000000353612e+03,0.000000000000000000e+00
2.476300000000353975e+03,0.000000000000000000e+00
2.476400000000353884e+03,0.000000000000000000e+00
2.476500000000353793e+03,0.000000000000000000e+00
2.476600000000354157e+03,0.000000000000000000e+00
2.476700000000354066e+03,0.000000000000000000e+00
2.476800000000353975e+03,0.000000000000000000e+00
2.476900000000353884e+03,0.000000000000000000e+00
2.477000000000353793e+03,0.000000000000000000e+00
2.477100000000354157e+03,0.000000000000000000e+00
2.477200000000354066e+03,0.000000000000000000e+00
2.477300000000353975e+03,0.000000000000000000e+00
2.477400000000354339e+03,0.000000000000000000e+00
2.477500000000354248e+03,0.000000000000000000e+00
2.477600000000354157e+03,0.000000000000000000e+00
2.477700000000354066e+03,0.000000000000000000e+00
2.477800000000353975e+03,0.000000000000000000e+00
2.477900000000354339e+03,0.000000000000000000e+00
2.478000000000354248e+03,0.000000000000000000e+00
2.478100000000354157e+03,0.000000000000000000e+00
2.478200000000354521e+03,0.000000000000000000e+00
2.478300000000354430e+03,0.000000000000000000e+00
2.478400000000354339e+03,0.000000000000000000e+00
2.478500000000354248e+03,0.000000000000000000e+00
2.478600000000354157e+03,0.000000000000000000e+00
2.478700000000354521e+03,0.000000000000000000e+00
2.478800000000354430e+03,0.000000000000000000e+00
2.478900000000354339e+03,0.000000000000000000e+00
2.479000000000354703e+03,0.000000000000000000e+00
2.479100000000354612e+03,0.000000000000000000e+00
2.479200000000354521e+03,0.000000000000000000e+00
2.479300000000354430e+03,0.000000000000000000e+00
2.479400000000354339e+03,0.000000000000000000e+00
2.479500000000354703e+03,0.000000000000000000e+00
2.479600000000354612e+03,0.000000000000000000e+00
2.479700000000354521e+03,0.000000000000000000e+00
2.479800000000354885e+03,0.000000000000000000e+00
2.479900000000354794e+03,0.000000000000000000e+00
2.480000000000354703e+03,0.000000000000000000e+00
2.480100000000354612e+03,0.000000000000000000e+00
2.480200000000354521e+03,0.000000000000000000e+00
2.480300000000354885e+03,0.000000000000000000e+00
2.480400000000354794e+03,0.000000000000000000e+00
2.480500000000354703e+03,0.000000000000000000e+00
2.480600000000355067e+03,0.000000000000000000e+00
2.480700000000354976e+03,0.000000000000000000e+00
2.480800000000354885e+03,0.000000000000000000e+00
2.480900000000354794e+03,0.000000000000000000e+00
2.481000000000354703e+03,0.000000000000000000e+00
2.481100000000355067e+03,0.000000000000000000e+00
2.481200000000354976e+03,0.000000000000000000e+00
2.481300000000354885e+03,0.000000000000000000e+00
2.481400000000355249e+03,0.000000000000000000e+00
2.481500000000355158e+03,0.000000000000000000e+00
2.481600000000355067e+03,0.000000000000000000e+00
2.481700000000354976e+03,0.000000000000000000e+00
2.481800000000354885e+03,0.000000000000000000e+00
2.481900000000355249e+03,0.000000000000000000e+00
2.482000000000355158e+03,0.000000000000000000e+00
2.482100000000355067e+03,0.000000000000000000e+00
2.482200000000355431e+03,0.000000000000000000e+00
2.482300000000355340e+03,0.000000000000000000e+00
2.482400000000355249e+03,0.000000000000000000e+00
2.482500000000355158e+03,0.000000000000000000e+00
2.482600000000355067e+03,0.000000000000000000e+00
2.482700000000355431e+03,0.000000000000000000e+00
2.482800000000355340e+03,0.000000000000000000e+00
2.482900000000355249e+03,0.000000000000000000e+00
2.483000000000355612e+03,0.000000000000000000e+00
2.483100000000355521e+03,0.000000000000000000e+00
2.483200000000355431e+03,0.000000000000000000e+00
2.483300000000355340e+03,0.000000000000000000e+00
2.483400000000355249e+03,0.000000000000000000e+00
2.483500000000355612e+03,0.000000000000000000e+00
2.483600000000355521e+03,0.000000000000000000e+00
2.483700000000355431e+03,0.000000000000000000e+00
2.483800000000355794e+03,0.000000000000000000e+00
2.483900000000355703e+03,0.000000000000000000e+00
2.484000000000355612e+03,0.000000000000000000e+00
2.484100000000355521e+03,0.000000000000000000e+00
2.484200000000355431e+03,0.000000000000000000e+00
2.484300000000355794e+03,0.000000000000000000e+00
2.484400000000355703e+03,0.000000000000000000e+00
2.484500000000355612e+03,0.000000000000000000e+00
2.484600000000355976e+03,0.000000000000000000e+00
2.484700000000355885e+03,0.000000000000000000e+00
2.484800000000355794e+03,0.000000000000000000e+00
2.484900000000355703e+03,0.000000000000000000e+00
2.485000000000355612e+03,0.000000000000000000e+00
2.485100000000355976e+03,0.000000000000000000e+00
2.485200000000355885e+03,0.000000000000000000e+00
2.485300000000355794e+03,0.000000000000000000e+00
2.485400000000356158e+03,0.000000000000000000e+00
2.485500000000356067e+03,0.000000000000000000e+00
2.485600000000355976e+03,0.000000000000000000e+00
2.485700000000355885e+03,0.000000000000000000e+00
2.485800000000355794e+03,0.000000000000000000e+00
2.485900000000356158e+03,0.000000000000000000e+00
2.486000000000356067e+03,0.000000000000000000e+00
2.486100000000355976e+03,0.000000000000000000e+00
2.486200000000356340e+03,0.000000000000000000e+00
2.486300000000356249e+03,0.000000000000000000e+00
2.486400000000356158e+03,0.000000000000000000e+00
2.486500000000356067e+03,0.000000000000000000e+00
2.486600000000355976e+03,0.000000000000000000e+00
2.486700000000356340e+03,0.000000000000000000e+00
2.486800000000356249e+03,0.000000000000000000e+00
2.486900000000356158e+03,0.000000000000000000e+00
2.487000000000356522e+03,0.000000000000000000e+00
2.487100000000356431e+03,0.000000000000000000e+00
2.487200000000356340e+03,0.000000000000000000e+00
2.487300000000356249e+03,0.000000000000000000e+00
2.487400000000356158e+03,0.000000000000000000e+00
2.487500000000356522e+03,0.000000000000000000e+00
2.487600000000356431e+03,0.000000000000000000e+00
2.487700000000356340e+03,0.000000000000000000e+00
2.487800000000356704e+03,0.000000000000000000e+00
2.487900000000356613e+03,0.000000000000000000e+00
2.488000000000356522e+03,0.000000000000000000e+00
2.488100000000356431e+03,0.000000000000000000e+00
2.488200000000356340e+03,0.000000000000000000e+00
2.488300000000356704e+03,0.000000000000000000e+00
2.488400000000356613e+03,0.000000000000000000e+00
2.488500000000356522e+03,0.000000000000000000e+00
2.488600000000356886e+03,0.000000000000000000e+00
2.488700000000356795e+03,0.000000000000000000e+00
2.488800000000356704e+03,0.000000000000000000e+00
2.488900000000356613e+03,0.000000000000000000e+00
2.489000000000356522e+03,0.000000000000000000e+00
2.489100000000356886e+03,0.000000000000000000e+00
2.489200000000356795e+03,0.000000000000000000e+00
2.489300000000356704e+03,0.000000000000000000e+00
2.489400000000357068e+03,0.000000000000000000e+00
2.489500000000356977e+03,0.000000000000000000e+00
2.489600000000356886e+03,0.000000000000000000e+00
2.489700000000356795e+03,0.000000000000000000e+00
2.489800000000356704e+03,0.000000000000000000e+00
2.489900000000357068e+03,0.000000000000000000e+00
2.490000000000356977e+03,0.000000000000000000e+00
2.490100000000356886e+03,0.000000000000000000e+00
2.490200000000357250e+03,0.000000000000000000e+00
2.490300000000357159e+03,0.000000000000000000e+00
2.490400000000357068e+03,0.000000000000000000e+00
2.490500000000356977e+03,0.000000000000000000e+00
2.490600000000356886e+03,0.000000000000000000e+00
2.490700000000357250e+03,0.000000000000000000e+00
2.490800000000357159e+03,0.000000000000000000e+00
2.490900000000357068e+03,0.000000000000000000e+00
2.491000000000357431e+03,0.000000000000000000e+00
2.491100000000357340e+03,0.000000000000000000e+00
2.491200000000357250e+03,0.000000000000000000e+00
2.491300000000357159e+03,0.000000000000000000e+00
2.491400000000357068e+03,0.000000000000000000e+00
2.491500000000357431e+03,0.000000000000000000e+00
2.491600000000357340e+03,0.000000000000000000e+00
2.491700000000357250e+03,0.000000000000000000e+00
2.491800000000357613e+03,0.000000000000000000e+00
2.491900000000357522e+03,0.000000000000000000e+00
2.492000000000357431e+03,0.000000000000000000e+00
2.492100000000357340e+03,0.000000000000000000e+00
2.492200000000357250e+03,0.000000000000000000e+00
2.492300000000357613e+03,0.000000000000000000e+00
2.492400000000357522e+03,0.000000000000000000e+00
2.492500000000357431e+03,0.000000000000000000e+00
2.492600000000357795e+03,0.000000000000000000e+00
2.492700000000357704e+03,0.000000000000000000e+00
2.492800000000357613e+03,0.000000000000000000e+00
2.492900000000357522e+03,0.000000000000000000e+00
2.493000000000357431e+03,0.000000000000000000e+00
2.493100000000357795e+03,0.000000000000000000e+00
2.493200000000357704e+03,0.000000000000000000e+00
2.493300000000357613e+03,0.000000000000000000e+00
2.493400000000357977e+03,0.000000000000000000e+00
2.493500000000357886e+03,0.000000000000000000e+00
2.493600000000357795e+03,0.000000000000000000e+00
2.493700000000357704e+03,0.000000000000000000e+00
2.493800000000357613e+03,0.000000000000000000e+00
2.493900000000357977e+03,0.000000000000000000e+00
2.494000000000357886e+03,0.000000000000000000e+00
2.494100000000357795e+03,0.000000000000000000e+00
2.494200000000358159e+03,0.000000000000000000e+00
2.494300000000358068e+03,0.000000000000000000e+00
2.494400000000357977e+03,0.000000000000000000e+00
2.494500000000357886e+03,0.000000000000000000e+00
2.494600000000357795e+03,0.000000000000000000e+00
2.494700000000358159e+03,0.000000000000000000e+00
2.494800000000358068e+03,0.000000000000000000e+00
2.494900000000357977e+03,0.000000000000000000e+00
2.495000000000358341e+03,0.000000000000000000e+00
2.495100000000358250e+03,0.000000000000000000e+00
2.495200000000358159e+03,0.000000000000000000e+00
2.495300000000358068e+03,0.000000000000000000e+00
2.495400000000357977e+03,0.000000000000000000e+00
2.495500000000358341e+03,0.000000000000000000e+00
2.495600000000358250e+03,0.000000000000000000e+00
2.495700000000358159e+03,0.000000000000000000e+00
2.495800000000358523e+03,0.000000000000000000e+00
2.495900000000358432e+03,0.000000000000000000e+00
2.496000000000358341e+03,0.000000000000000000e+00
2.496100000000358250e+03,0.000000000000000000e+00
2.496200000000358159e+03,0.000000000000000000e+00
2.496300000000358523e+03,0.000000000000000000e+00
2.496400000000358432e+03,0.000000000000000000e+00
2.496500000000358341e+03,0.000000000000000000e+00
2.496600000000358705e+03,0.000000000000000000e+00
2.496700000000358614e+03,0.000000000000000000e+00
2.496800000000358523e+03,0.000000000000000000e+00
2.496900000000358432e+03,0.000000000000000000e+00
2.497000000000358341e+03,0.000000000000000000e+00
2.497100000000358705e+03,0.000000000000000000e+00
2.497200000000358614e+03,0.000000000000000000e+00
2.497300000000358523e+03,0.000000000000000000e+00
2.497400000000358887e+03,0.000000000000000000e+00
2.497500000000358796e+03,0.000000000000000000e+00
2.497600000000358705e+03,0.000000000000000000e+00
2.497700000000358614e+03,0.000000000000000000e+00
2.497800000000358523e+03,0.000000000000000000e+00
2.497900000000358887e+03,0.000000000000000000e+00
2.498000000000358796e+03,0.000000000000000000e+00
2.498100000000358705e+03,0.000000000000000000e+00
2.498200000000359069e+03,0.000000000000000000e+00
2.498300000000358978e+03,0.000000000000000000e+00
2.498400000000358887e+03,0.000000000000000000e+00
2.498500000000358796e+03,0.000000000000000000e+00
2.498600000000358705e+03,0.000000000000000000e+00
2.498700000000359069e+03,0.000000000000000000e+00
2.498800000000358978e+03,0.000000000000000000e+00
2.498900000000358887e+03,0.000000000000000000e+00
2.499000000000359250e+03,0.000000000000000000e+00
2.499100000000359159e+03,0.000000000000000000e+00
2.499200000000359069e+03,0.000000000000000000e+00
2.499300000000358978e+03,0.000000000000000000e+00
2.499400000000358887e+03,0.000000000000000000e+00
2.499500000000359250e+03,0.000000000000000000e+00
2.499600000000359159e+03,0.000000000000000000e+00
2.499700000000359069e+03,0.000000000000000000e+00
2.499800000000359432e+03,0.000000000000000000e+00
2.499900000000359341e+03,0.000000000000000000e+00
2.500000000000359250e+03,0.000000000000000000e+00
2.500100000000359159e+03,0.000000000000000000e+00
2.500200000000359069e+03,0.000000000000000000e+00
2.500300000000359432e+03,0.000000000000000000e+00
2.500400000000359341e+03,0.000000000000000000e+00
2.500500000000359250e+03,0.000000000000000000e+00
2.500600000000359614e+03,0.000000000000000000e+00
2.500700000000359523e+03,0.000000000000000000e+00
2.500800000000359432e+03,0.000000000000000000e+00
2.500900000000359341e+03,0.000000000000000000e+00
2.501000000000359250e+03,0.000000000000000000e+00
2.501100000000359614e+03,0.000000000000000000e+00
2.501200000000359523e+03,0.000000000000000000e+00
2.501300000000359432e+03,0.000000000000000000e+00
2.501400000000359796e+03,0.000000000000000000e+00
2.501500000000359705e+03,0.000000000000000000e+00
2.501600000000359614e+03,0.000000000000000000e+00
2.501700000000359523e+03,0.000000000000000000e+00
2.501800000000359432e+03,0.000000000000000000e+00
2.501900000000359796e+03,0.000000000000000000e+00
2.502000000000359705e+03,0.000000000000000000e+00
2.502100000000359614e+03,0.000000000000000000e+00
2.502200000000359978e+03,0.000000000000000000e+00
2.502300000000359887e+03,0.000000000000000000e+00
2.502400000000359796e+03,0.000000000000000000e+00
2.502500000000359705e+03,0.000000000000000000e+00
2.502600000000359614e+03,0.000000000000000000e+00
2.502700000000359978e+03,0.000000000000000000e+00
2.502800000000359887e+03,0.000000000000000000e+00
2.502900000000359796e+03,0.000000000000000000e+00
2.503000000000360160e+03,0.000000000000000000e+00
2.503100000000360069e+03,0.000000000000000000e+00
2.503200000000359978e+03,0.000000000000000000e+00
2.503300000000359887e+03,0.000000000000000000e+00
2.503400000000359796e+03,0.000000000000000000e+00
2.503500000000360160e+03,0.000000000000000000e+00
2.503600000000360069e+03,0.000000000000000000e+00
2.503700000000359978e+03,0.000000000000000000e+00
2.503800000000360342e+03,0.000000000000000000e+00
2.503900000000360251e+03,0.000000000000000000e+00
2.504000000000360160e+03,0.000000000000000000e+00
2.504100000000360069e+03,0.000000000000000000e+00
2.504200000000359978e+03,0.000000000000000000e+00
2.504300000000360342e+03,0.000000000000000000e+00
2.504400000000360251e+03,0.000000000000000000e+00
2.504500000000360160e+03,0.000000000000000000e+00
2.504600000000360524e+03,0.000000000000000000e+00
2.504700000000360433e+03,0.000000000000000000e+00
2.504800000000360342e+03,0.000000000000000000e+00
2.504900000000360251e+03,0.000000000000000000e+00
2.505000000000360160e+03,0.000000000000000000e+00
2.505100000000360524e+03,0.000000000000000000e+00
2.505200000000360433e+03,0.000000000000000000e+00
2.505300000000360342e+03,0.000000000000000000e+00
2.505400000000360706e+03,0.000000000000000000e+00
2.505500000000360615e+03,0.000000000000000000e+00
2.505600000000360524e+03,0.000000000000000000e+00
2.505700000000360433e+03,0.000000000000000000e+00
2.505800000000360342e+03,0.000000000000000000e+00
2.505900000000360706e+03,0.000000000000000000e+00
2.506000000000360615e+03,0.000000000000000000e+00
2.506100000000360524e+03,0.000000000000000000e+00
2.506200000000360887e+03,0.000000000000000000e+00
2.506300000000360797e+03,0.000000000000000000e+00
2.506400000000360706e+03,0.000000000000000000e+00
2.506500000000360615e+03,0.000000000000000000e+00
2.506600000000360524e+03,0.000000000000000000e+00
2.506700000000360887e+03,0.000000000000000000e+00
2.506800000000360797e+03,0.000000000000000000e+00
2.506900000000360706e+03,0.000000000000000000e+00
2.507000000000361069e+03,0.000000000000000000e+00
2.507100000000360978e+03,0.000000000000000000e+00
2.507200000000360887e+03,0.000000000000000000e+00
2.507300000000360797e+03,0.000000000000000000e+00
2.507400000000360706e+03,0.000000000000000000e+00
2.507500000000361069e+03,0.000000000000000000e+00
2.507600000000360978e+03,0.000000000000000000e+00
2.507700000000360887e+03,0.000000000000000000e+00
2.507800000000361251e+03,0.000000000000000000e+00
2.507900000000361160e+03,0.000000000000000000e+00
2.508000000000361069e+03,0.000000000000000000e+00
2.508100000000360978e+03,0.000000000000000000e+00
2.508200000000360887e+03,0.000000000000000000e+00
2.508300000000361251e+03,0.000000000000000000e+00
2.508400000000361160e+03,0.000000000000000000e+00
2.508500000000361069e+03,0.000000000000000000e+00
2.508600000000361433e+03,0.000000000000000000e+00
2.508700000000361342e+03,0.000000000000000000e+00
2.508800000000361251e+03,0.000000000000000000e+00
2.508900000000361160e+03,0.000000000000000000e+00
2.509000000000361069e+03,0.000000000000000000e+00
2.509100000000361433e+03,0.000000000000000000e+00
2.509200000000361342e+03,0.000000000000000000e+00
2.509300000000361251e+03,0.000000000000000000e+00
2.509400000000361615e+03,0.000000000000000000e+00
2.509500000000361524e+03,0.000000000000000000e+00
2.509600000000361433e+03,0.000000000000000000e+00
2.509700000000361342e+03,0.000000000000000000e+00
2.509800000000361251e+03,0.000000000000000000e+00
2.509900000000361615e+03,0.000000000000000000e+00
2.510000000000361524e+03,0.000000000000000000e+00
2.510100000000361433e+03,0.000000000000000000e+00
2.510200000000361797e+03,0.000000000000000000e+00
2.510300000000361706e+03,0.000000000000000000e+00
2.510400000000361615e+03,0.000000000000000000e+00
2.510500000000361524e+03,0.000000000000000000e+00
2.510600000000361433e+03,0.000000000000000000e+00
2.510700000000361797e+03,0.000000000000000000e+00
2.510800000000361706e+03,0.000000000000000000e+00
2.510900000000361615e+03,0.000000000000000000e+00
2.511000000000361979e+03,0.000000000000000000e+00
2.511100000000361888e+03,0.000000000000000000e+00
2.511200000000361797e+03,0.000000000000000000e+00
2.511300000000361706e+03,0.000000000000000000e+00
2.511400000000361615e+03,0.000000000000000000e+00
2.511500000000361979e+03,0.000000000000000000e+00
2.511600000000361888e+03,0.000000000000000000e+00
2.511700000000361797e+03,0.000000000000000000e+00
2.511800000000362161e+03,0.000000000000000000e+00
2.511900000000362070e+03,0.000000000000000000e+00
2.512000000000361979e+03,0.000000000000000000e+00
2.512100000000361888e+03,0.000000000000000000e+00
2.512200000000361797e+03,0.000000000000000000e+00
2.512300000000362161e+03,0.000000000000000000e+00
2.512400000000362070e+03,0.000000000000000000e+00
2.512500000000361979e+03,0.000000000000000000e+00
2.512600000000362343e+03,0.000000000000000000e+00
2.512700000000362252e+03,0.000000000000000000e+00
2.512800000000362161e+03,0.000000000000000000e+00
2.512900000000362070e+03,0.000000000000000000e+00
2.513000000000361979e+03,0.000000000000000000e+00
2.513100000000362343e+03,0.000000000000000000e+00
2.513200000000362252e+03,0.000000000000000000e+00
2.513300000000362161e+03,0.000000000000000000e+00
2.513400000000362525e+03,0.000000000000000000e+00
2.513500000000362434e+03,0.000000000000000000e+00
2.513600000000362343e+03,0.000000000000000000e+00
2.513700000000362252e+03,0.000000000000000000e+00
2.513800000000362161e+03,0.000000000000000000e+00
2.513900000000362525e+03,0.000000000000000000e+00
2.514000000000362434e+03,0.000000000000000000e+00
2.514100000000362343e+03,0.000000000000000000e+00
2.514200000000362706e+03,0.000000000000000000e+00
2.514300000000362616e+03,0.000000000000000000e+00
2.514400000000362525e+03,0.000000000000000000e+00
2.514500000000362434e+03,0.000000000000000000e+00
2.514600000000362343e+03,0.000000000000000000e+00
2.514700000000362706e+03,-0.000000000000000000e+00
2.514800000000362616e+03,-0.000000000000000000e+00
2.514900000000362525e+03,-0.000000000000000000e+00
2.515000000000362888e+03,-0.000000000000000000e+00
2.515100000000362797e+03,-0.000000000000000000e+00
2.515200000000362706e+03,-0.000000000000000000e+00
2.515300000000362616e+03,-0.000000000000000000e+00
2.515400000000362525e+03,-0.000000000000000000e+00
2.515500000000362888e+03,-0.000000000000000000e+00
2.515600000000362797e+03,-0.000000000000000000e+00
2.515700000000362706e+03,-0.000000000000000000e+00
2.515800000000363070e+03,-0.000000000000000000e+00
2.515900000000362979e+03,-0.000000000000000000e+00
2.516000000000362888e+03,-0.000000000000000000e+00
2.516100000000362797e+03,-0.000000000000000000e+00
2.516200000000362706e+03,-0.000000000000000000e+00
2.516300000000363070e+03,-0.000000000000000000e+00
2.516400000000362979e+03,-0.000000000000000000e+00
2.516500000000362888e+03,-0.000000000000000000e+00
2.516600000000363252e+03,-0.000000000000000000e+00
2.516700000000363161e+03,-0.000000000000000000e+00
2.516800000000363070e+03,-0.000000000000000000e+00
2.516900000000362979e+03,-0.000000000000000000e+00
2.517000000000362888e+03,-0.000000000000000000e+00
2.517100000000363252e+03,-0.000000000000000000e+00
2.517200000000363161e+03,-0.000000000000000000e+00
2.517300000000363070e+03,-0.000000000000000000e+00
2.517400000000363434e+03,-0.000000000000000000e+00
2.517500000000363343e+03,-0.000000000000000000e+00
2.517600000000363252e+03,-0.000000000000000000e+00
2.517700000000363161e+03,-0.000000000000000000e+00
2.517800000000363070e+03,-0.000000000000000000e+00
2.517900000000363434e+03,-0.000000000000000000e+00
2.518000000000363343e+03,-0.000000000000000000e+00
2.518100000000363252e+03,-0.000000000000000000e+00
2.518200000000363616e+03,-0.000000000000000000e+00
2.518300000000363525e+03,-0.000000000000000000e+00
2.518400000000363434e+03,-0.000000000000000000e+00
2.518500000000363343e+03,-0.000000000000000000e+00
2.518600000000363252e+03,-0.000000000000000000e+00
2.518700000000363616e+03,-0.000000000000000000e+00
2.518800000000363525e+03,-0.000000000000000000e+00
2.518900000000363434e+03,-0.000000000000000000e+00
2.519000000000363798e+03,-0.000000000000000000e+00
2.519100000000363707e+03,-0.000000000000000000e+00
2.519200000000363616e+03,-0.000000000000000000e+00
2.519300000000363525e+03,-0.000000000000000000e+00
2.519400000000363434e+03,-0.000000000000000000e+00
2.519500000000363798e+03,-0.000000000000000000e+00
2.519600000000363707e+03,-0.000000000000000000e+00
2.519700000000363616e+03,-0.000000000000000000e+00
2.519800000000363980e+03,-0.000000000000000000e+00
2.519900000000363889e+03,-0.000000000000000000e+00
2.520000000000363798e+03,-0.000000000000000000e+00
2.520100000000363707e+03,-0.000000000000000000e+00
2.520200000000363616e+03,-0.000000000000000000e+00
2.520300000000363980e+03,-0.000000000000000000e+00
2.520400000000363889e+03,-0.000000000000000000e+00
2.520500000000363798e+03,-0.000000000000000000e+00
2.520600000000364162e+03,-0.000000000000000000e+00
2.520700000000364071e+03,-0.000000000000000000e+00
2.520800000000363980e+03,-0.000000000000000000e+00
2.520900000000363889e+03,-0.000000000000000000e+00
2.521000000000363798e+03,-0.000000000000000000e+00
2.521100000000364162e+03,-0.000000000000000000e+00
2.521200000000364071e+03,-0.000000000000000000e+00
2.521300000000363980e+03,-0.000000000000000000e+00
2.521400000000364344e+03,-0.000000000000000000e+00
2.521500000000364253e+03,-0.000000000000000000e+00
2.521600000000364162e+03,-0.000000000000000000e+00
2.521700000000364071e+03,-0.000000000000000000e+00
2.521800000000363980e+03,-0.000000000000000000e+00
2.521900000000364344e+03,-0.000000000000000000e+00
2.522000000000364253e+03,-0.000000000000000000e+00
2.522100000000364162e+03,-0.000000000000000000e+00
2.522200000000364525e+03,-0.000000000000000000e+00
2.522300000000364435e+03,-0.000000000000000000e+00
2.522400000000364344e+03,-0.000000000000000000e+00
2.522500000000364253e+03,-0.000000000000000000e+00
2.522600000000364162e+03,-0.000000000000000000e+00
2.522700000000364525e+03,-0.000000000000000000e+00
2.522800000000364435e+03,-0.000000000000000000e+00
2.522900000000364344e+03,-0.000000000000000000e+00
2.523000000000364707e+03,-0.000000000000000000e+00
2.523100000000364616e+03,-0.000000000000000000e+00
2.523200000000364525e+03,-0.000000000000000000e+00
2.523300000000364435e+03,-0.000000000000000000e+00
2.523400000000364344e+03,-0.000000000000000000e+00
2.523500000000364707e+03,-0.000000000000000000e+00
2.523600000000364616e+03,-0.000000000000000000e+00
2.523700000000364525e+03,-0.000000000000000000e+00
2.523800000000364889e+03,-0.000000000000000000e+00
2.523900000000364798e+03,-0.000000000000000000e+00
2.524000000000364707e+03,-0.000000000000000000e+00
2.524100000000364616e+03,-0.000000000000000000e+00
2.524200000000364525e+03,-0.000000000000000000e+00
2.524300000000364889e+03,-0.000000000000000000e+00
2.524400000000364798e+03,-0.000000000000000000e+00
2.524500000000364707e+03,-0.000000000000000000e+00
2.524600000000365071e+03,-0.000000000000000000e+00
2.524700000000364980e+03,-0.000000000000000000e+00
2.524800000000364889e+03,-0.000000000000000000e+00
2.524900000000364798e+03,-0.000000000000000000e+00
2.525000000000364707e+03,-0.000000000000000000e+00
2.525100000000365071e+03,-0.000000000000000000e+00
2.525200000000364980e+03,-0.000000000000000000e+00
2.525300000000364889e+03,-0.000000000000000000e+00
2.525400000000365253e+03,-0.000000000000000000e+00
2.525500000000365162e+03,-0.000000000000000000e+00
2.525600000000365071e+03,-0.000000000000000000e+00
2.525700000000364980e+03,-0.000000000000000000e+00
2.525800000000364889e+03,-0.000000000000000000e+00
2.525900000000365253e+03,-0.000000000000000000e+00
2.526000000000365162e+03,-0.000000000000000000e+00
2.526100000000365071e+03,-0.000000000000000000e+00
2.526200000000365435e+03,-0.000000000000000000e+00
2.526300000000365344e+03,-0.000000000000000000e+00
2.526400000000365253e+03,-0.000000000000000000e+00
2.526500000000365162e+03,-0.000000000000000000e+00
2.526600000000365071e+03,-0.000000000000000000e+00
2.526700000000365435e+03,-0.000000000000000000e+00
2.526800000000365344e+03,-0.000000000000000000e+00
2.526900000000365253e+03,-0.000000000000000000e+00
2.527000000000365617e+03,-0.000000000000000000e+00
2.527100000000365526e+03,-0.000000000000000000e+00
2.527200000000365435e+03,-0.000000000000000000e+00
2.527300000000365344e+03,-0.000000000000000000e+00
2.527400000000365253e+03,-0.000000000000000000e+00
2.527500000000365617e+03,-0.000000000000000000e+00
2.527600000000365526e+03,-0.000000000000000000e+00
2.527700000000365435e+03,-0.000000000000000000e+00
2.527800000000365799e+03,-0.000000000000000000e+00
2.527900000000365708e+03,-0.000000000000000000e+00
2.528000000000365617e+03,-0.000000000000000000e+00
2.528100000000365526e+03,-0.000000000000000000e+00
2.528200000000365435e+03,-0.000000000000000000e+00
2.528300000000365799e+03,-0.000000000000000000e+00
2.528400000000365708e+03,-0.000000000000000000e+00
2.528500000000365617e+03,-0.000000000000000000e+00
2.528600000000365981e+03,-0.000000000000000000e+00
2.528700000000365890e+03,-0.000000000000000000e+00
2.528800000000365799e+03,-0.000000000000000000e+00
2.528900000000365708e+03,-0.000000000000000000e+00
2.529000000000365617e+03,-0.000000000000000000e+00
2.529100000000365981e+03,-0.000000000000000000e+00
2.529200000000365890e+03,-0.000000000000000000e+00
2.529300000000365799e+03,-0.000000000000000000e+00
2.529400000000366163e+03,-0.000000000000000000e+00
2.529500000000366072e+03,-0.000000000000000000e+00
2.529600000000365981e+03,-0.000000000000000000e+00
2.529700000000365890e+03,-0.000000000000000000e+00
2.529800000000365799e+03,-0.000000000000000000e+00
2.529900000000366163e+03,-0.000000000000000000e+00
2.530000000000366072e+03,-0.000000000000000000e+00
2.530100000000365981e+03,-0.000000000000000000e+00
2.530200000000366344e+03,-0.000000000000000000e+00
2.530300000000366254e+03,-0.000000000000000000e+00
2.530400000000366163e+03,-0.000000000000000000e+00
2.530500000000366072e+03,-0.000000000000000000e+00
2.530600000000365981e+03,-0.000000000000000000e+00
2.530700000000366344e+03,-0.000000000000000000e+00
2.530800000000366254e+03,-0.000000000000000000e+00
2.530900000000366163e+03,-0.000000000000000000e+00
2.531000000000366526e+03,-0.000000000000000000e+00
2.531100000000366435e+03,-0.000000000000000000e+00
2.531200000000366344e+03,-0.000000000000000000e+00
2.531300000000366254e+03,-0.000000000000000000e+00
2.531400000000366163e+03,-0.000000000000000000e+00
2.531500000000366526e+03,-0.000000000000000000e+00
2.531600000000366435e+03,-0.000000000000000000e+00
2.531700000000366344e+03,-0.000000000000000000e+00
2.531800000000366708e+03,-0.000000000000000000e+00
2.531900000000366617e+03,-0.000000000000000000e+00
2.532000000000366526e+03,-0.000000000000000000e+00
2.532100000000366435e+03,-0.000000000000000000e+00
2.532200000000366344e+03,-0.000000000000000000e+00
2.532300000000366708e+03,-0.000000000000000000e+00
2.532400000000366617e+03,-0.000000000000000000e+00
2.532500000000366526e+03,-0.000000000000000000e+00
2.532600000000366890e+03,-0.000000000000000000e+00
2.532700000000366799e+03,-0.000000000000000000e+00
2.532800000000366708e+03,-0.000000000000000000e+00
2.532900000000366617e+03,-0.000000000000000000e+00
2.533000000000366526e+03,-0.000000000000000000e+00
2.533100000000366890e+03,-0.000000000000000000e+00
2.533200000000366799e+03,-0.000000000000000000e+00
2.533300000000366708e+03,-0.000000000000000000e+00
2.533400000000367072e+03,-0.000000000000000000e+00
2.533500000000366981e+03,-0.000000000000000000e+00
2.533600000000366890e+03,-0.000000000000000000e+00
2.533700000000366799e+03,-0.000000000000000000e+00
2.533800000000366708e+03,-0.000000000000000000e+00
2.533900000000367072e+03,-0.000000000000000000e+00
2.534000000000366981e+03,-0.000000000000000000e+00
2.534100000000366890e+03,-0.000000000000000000e+00
2.534200000000367254e+03,-0.000000000000000000e+00
2.534300000000367163e+03,-0.000000000000000000e+00
2.534400000000367072e+03,-0.000000000000000000e+00
2.534500000000366981e+03,-0.000000000000000000e+00
2.534600000000366890e+03,-0.000000000000000000e+00
2.534700000000367254e+03,-0.000000000000000000e+00
2.534800000000367163e+03,-0.000000000000000000e+00
2.534900000000367072e+03,-0.000000000000000000e+00
2.535000000000367436e+03,-0.000000000000000000e+00
2.535100000000367345e+03,-0.000000000000000000e+00
2.535200000000367254e+03,-0.000000000000000000e+00
2.535300000000367163e+03,-0.000000000000000000e+00
2.535400000000367072e+03,-0.000000000000000000e+00
2.535500000000367436e+03,-0.000000000000000000e+00
2.535600000000367345e+03,-0.000000000000000000e+00
2.535700000000367254e+03,-0.000000000000000000e+00
2.535800000000367618e+03,-0.000000000000000000e+00
2.535900000000367527e+03,-0.000000000000000000e+00
2.536000000000367436e+03,-0.000000000000000000e+00
2.536100000000367345e+03,-0.000000000000000000e+00
2.536200000000367254e+03,-0.000000000000000000e+00
2.536300000000367618e+03,-0.000000000000000000e+00
2.536400000000367527e+03,-0.000000000000000000e+00
2.536500000000367436e+03,-0.000000000000000000e+00
2.536600000000367800e+03,-0.000000000000000000e+00
2.536700000000367709e+03,-0.000000000000000000e+00
2.536800000000367618e+03,-0.000000000000000000e+00
2.536900000000367527e+03,-0.000000000000000000e+00
2.537000000000367436e+03,-0.000000000000000000e+00
2.537100000000367800e+03,-0.000000000000000000e+00
2.537200000000367709e+03,-0.000000000000000000e+00
2.537300000000367618e+03,-0.000000000000000000e+00
2.537400000000367982e+03,-0.000000000000000000e+00
2.537500000000367891e+03,-0.000000000000000000e+00
2.537600000000367800e+03,-0.000000000000000000e+00
2.537700000000367709e+03,-0.000000000000000000e+00
2.537800000000367618e+03,-0.000000000000000000e+00
2.537900000000367982e+03,-0.000000000000000000e+00
2.538000000000367891e+03,-0.000000000000000000e+00
2.538100000000367800e+03,-0.000000000000000000e+00
2.538200000000368163e+03,-0.000000000000000000e+00
2.538300000000368073e+03,-0.000000000000000000e+00
2.538400000000367982e+03,-0.000000000000000000e+00
2.538500000000367891e+03,-0.000000000000000000e+00
2.538600000000367800e+03,-0.000000000000000000e+00
2.538700000000368163e+03,-0.000000000000000000e+00
2.538800000000368073e+03,-0.000000000000000000e+00
2.538900000000367982e+03,-0.000000000000000000e+00
2.539000000000368345e+03,-0.000000000000000000e+00
2.539100000000368254e+03,-0.000000000000000000e+00
2.539200000000368163e+03,-0.000000000000000000e+00
2.539300000000368073e+03,-0.000000000000000000e+00
2.539400000000367982e+03,-0.000000000000000000e+00
2.539500000000368345e+03,-0.000000000000000000e+00
2.539600000000368254e+03,-0.000000000000000000e+00
2.539700000000368163e+03,-0.000000000000000000e+00
2.539800000000368527e+03,-0.000000000000000000e+00
2.539900000000368436e+03,-0.000000000000000000e+00
2.540000000000368345e+03,-0.000000000000000000e+00
2.540100000000368254e+03,-0.000000000000000000e+00
2.540200000000368163e+03,-0.000000000000000000e+00
2.540300000000368527e+03,-0.000000000000000000e+00
2.540400000000368436e+03,-0.000000000000000000e+00
2.540500000000368345e+03,-0.000000000000000000e+00
2.540600000000368709e+03,-0.000000000000000000e+00
2.540700000000368618e+03,-0.000000000000000000e+00
2.540800000000368527e+03,-0.000000000000000000e+00
2.540900000000368436e+03,-0.000000000000000000e+00
2.541000000000368345e+03,-0.000000000000000000e+00
2.541100000000368709e+03,-0.000000000000000000e+00
2.541200000000368618e+03,-0.000000000000000000e+00
2.541300000000368527e+03,-0.000000000000000000e+00
2.541400000000368891e+03,-0.000000000000000000e+00
2.541500000000368800e+03,-0.000000000000000000e+00
2.541600000000368709e+03,-0.000000000000000000e+00
2.541700000000368618e+03,-0.000000000000000000e+00
2.541800000000368527e+03,-0.000000000000000000e+00
2.541900000000368891e+03,-0.000000000000000000e+00
2.542000000000368800e+03,-0.000000000000000000e+00
2.542100000000368709e+03,-0.000000000000000000e+00
2.542200000000369073e+03,-0.000000000000000000e+00
2.542300000000368982e+03,-0.000000000000000000e+00
2.542400000000368891e+03,-0.000000000000000000e+00
2.542500000000368800e+03,-0.000000000000000000e+00
2.542600000000368709e+03,-0.000000000000000000e+00
2.542700000000369073e+03,-0.000000000000000000e+00
2.542800000000368982e+03,-0.000000000000000000e+00
2.542900000000368891e+03,-0.000000000000000000e+00
2.543000000000369255e+03,-0.000000000000000000e+00
2.543100000000369164e+03,-0.000000000000000000e+00
2.543200000000369073e+03,-0.000000000000000000e+00
2.543300000000368982e+03,-0.000000000000000000e+00
2.543400000000368891e+03,-0.000000000000000000e+00
2.543500000000369255e+03,-0.000000000000000000e+00
2.543600000000369164e+03,-0.000000000000000000e+00
2.543700000000369073e+03,-0.000000000000000000e+00
2.543800000000369437e+03,-0.000000000000000000e+00
2.543900000000369346e+03,-0.000000000000000000e+00
2.544000000000369255e+03,-0.000000000000000000e+00
2.544100000000369164e+03,-0.000000000000000000e+00
2.544200000000369073e+03,-0.000000000000000000e+00
2.544300000000369437e+03,-0.000000000000000000e+00
2.544400000000369346e+03,-0.000000000000000000e+00
2.544500000000369255e+03,-0.000000000000000000e+00
2.544600000000369619e+03,-0.000000000000000000e+00
2.544700000000369528e+03,-0.000000000000000000e+00
2.544800000000369437e+03,-0.000000000000000000e+00
2.544900000000369346e+03,-0.000000000000000000e+00
2.545000000000369255e+03,-0.000000000000000000e+00
2.545100000000369619e+03,-0.000000000000000000e+00
2.545200000000369528e+03,-0.000000000000000000e+00
2.545300000000369437e+03,-0.000000000000000000e+00
2.545400000000369801e+03,-0.000000000000000000e+00
2.545500000000369710e+03,-0.000000000000000000e+00
2.545600000000369619e+03,-0.000000000000000000e+00
2.545700000000369528e+03,-0.000000000000000000e+00
2.545800000000369437e+03,-0.000000000000000000e+00
2.545900000000369801e+03,-0.000000000000000000e+00
2.546000000000369710e+03,-0.000000000000000000e+00
2.546100000000369619e+03,-0.000000000000000000e+00
2.546200000000369982e+03,-0.000000000000000000e+00
2.546300000000369891e+03,-0.000000000000000000e+00
2.546400000000369801e+03,-0.000000000000000000e+00
2.546500000000369710e+03,-0.000000000000000000e+00
2.546600000000369619e+03,-0.000000000000000000e+00
2.546700000000369982e+03,-0.000000000000000000e+00
2.546800000000369891e+03,-0.000000000000000000e+00
2.546900000000369801e+03,-0.000000000000000000e+00
2.547000000000370164e+03,-0.000000000000000000e+00
2.547100000000370073e+03,-0.000000000000000000e+00
2.547200000000369982e+03,-0.000000000000000000e+00
2.547300000000369891e+03,-0.000000000000000000e+00
2.547400000000369801e+03,-0.000000000000000000e+00
2.547500000000370164e+03,-0.000000000000000000e+00
2.547600000000370073e+03,-0.000000000000000000e+00
2.547700000000369982e+03,-0.000000000000000000e+00
2.547800000000370346e+03,-0.000000000000000000e+00
2.547900000000370255e+03,-0.000000000000000000e+00
2.548000000000370164e+03,-0.000000000000000000e+00
2.548100000000370073e+03,-0.000000000000000000e+00
2.548200000000369982e+03,-0.000000000000000000e+00
2.548300000000370346e+03,-0.000000000000000000e+00
2.548400000000370255e+03,-0.000000000000000000e+00
2.548500000000370164e+03,-0.000000000000000000e+00
2.548600000000370528e+03,-0.000000000000000000e+00
2.548700000000370437e+03,-0.000000000000000000e+00
2.548800000000370346e+03,-0.000000000000000000e+00
2.548900000000370255e+03,-0.000000000000000000e+00
2.549000000000370164e+03,-0.000000000000000000e+00
2.549100000000370528e+03,-0.000000000000000000e+00
2.549200000000370437e+03,-0.000000000000000000e+00
2.549300000000370346e+03,-0.000000000000000000e+00
2.549400000000370710e+03,-0.000000000000000000e+00
2.549500000000370619e+03,-0.000000000000000000e+00
2.549600000000370528e+03,-0.000000000000000000e+00
2.549700000000370437e+03,-0.000000000000000000e+00
2.549800000000370346e+03,-0.000000000000000000e+00
2.549900000000370710e+03,-0.000000000000000000e+00
