wavelength_um,throughput
0.8,0.000259006248433314
0.800332066413283,0.000258062361775997
0.800664132826565,0.000257138739488723
0.800996199239848,0.000256207883728253
0.801328265653131,0.000255292996588712
0.801660332066413,0.000254340146293745
0.801992398479696,0.000253375935253818
0.802324464892979,0.000256983080335865
0.802656531306261,0.0002606831998227
0.802988597719544,0.00026435583320939
0.803320664132827,0.000267913243935977
0.803652730546109,0.000271389532896214
0.803984796959392,0.000274830371168397
0.804316863372674,0.000278273336823114
0.804648929785957,0.000281705137829049
0.80498099619924,0.000285227525828637
0.805313062612522,0.000288742911438255
0.805645129025805,0.000292281766811093
0.805977195439088,0.000295822786870093
0.806309261852371,0.000299327963264867
0.806641328265653,0.000302832318282706
0.806973394678936,0.000306316991958918
0.807305461092218,0.000309764154933074
0.807637527505501,0.000313187752355187
0.807969593918784,0.000316598912724596
0.808301660332066,0.000316026094055179
0.808633726745349,0.000315066083368561
0.808965793158632,0.000314178601291242
0.809297859571914,0.000313312610085984
0.809629925985197,0.000312453430731011
0.80996199239848,0.00031159430731861
0.810294058811762,0.000318342916040313
0.810626125225045,0.000326021066524134
0.810958191638328,0.000333647389285265
0.81129025805161,0.000341229023802345
0.811622324464893,0.000348771863711483
0.811954390878176,0.000356283932865457
0.812286457291458,0.000360160791715399
0.812618523704741,0.000363415100618583
0.812950590118024,0.00036663398865806
0.813282656531306,0.000369840226683103
0.813614722944589,0.000373154252969586
0.813946789357872,0.000376693814671645
0.814278855771154,0.000380252931443652
0.814610922184437,0.000383810718620461
0.81494298859772,0.00038734702057532
0.815275055011002,0.00039077427936056
0.815607121424285,0.000394095681546007
0.815939187837567,0.000397387558729655
0.81627125425085,0.000403751834377693
0.816603320664133,0.00041084076351945
0.816935387077415,0.000417895810647144
0.817267453490698,0.000424915238521551
0.817599519903981,0.00043191023611284
0.817931586317263,0.000438909088884085
0.818263652730546,0.000445876293664785
0.818595719143829,0.000452935215486932
0.818927785557111,0.000459998611715192
0.819259851970394,0.000467300247232327
0.819591918383677,0.000475010789273811
0.819923984796959,0.000482717854009247
0.820256051210242,0.000490418228890273
0.820588117623525,0.000498108483233952
0.820920184036807,0.000505785105833837
0.82125225045009,0.000513444458576271
0.821584316863373,0.000521082776147241
0.821916383276655,0.000528703580967927
0.822248449689938,0.000536323982223224
0.822580516103221,0.000543963469437465
0.822912582516503,0.000551638538090415
0.823244648929786,0.000559343461811544
0.823576715343069,0.000567063976762718
0.823908781756351,0.000574785342758373
0.824240848169634,0.000585395572231737
0.824572914582917,0.00059709788890541
0.824904980996199,0.000608800785451028
0.825237047409482,0.000620498168408751
0.825569113822765,0.000632174657963492
0.825901180236047,0.000643854260902328
0.82623324664933,0.000652741201699271
0.826565313062612,0.00066044950090749
0.826897379475895,0.000668164715473293
0.827229445889178,0.000675887669907524
0.82756151230246,0.000683619026990752
0.827893578715743,0.000691359153614247
0.828225645129026,0.000701807217474142
0.828557711542308,0.000713535858683404
0.828889777955591,0.000725272655243008
0.829221844368874,0.000737018470728049
0.829553910782156,0.000748774164057999
0.829885977195439,0.000759684991102906
0.830218043608722,0.000767901986919065
0.830550110022004,0.00077483746887895
0.830882176435287,0.000781856870515205
0.83121424284857,0.000788882088175319
0.831546309261852,0.000795991721392276
0.831878375675135,0.000803106757968849
0.832210442088418,0.000810282621747091
0.8325425085017,0.000817485549857851
0.832874574914983,0.000824848461402591
0.833206641328266,0.000832770674674642
0.833538707741548,0.000840690071937257
0.833870774154831,0.000848607144079089
0.834202840568114,0.0008589225726913
0.834534906981396,0.00087077063847653
0.834866973394679,0.000882628783498403
0.835199039807962,0.000894503352128027
0.835531106221244,0.000906401333479736
0.835863172634527,0.00091833036414425
0.83619523904781,0.000925675948588886
0.836527305461092,0.000929816792641787
0.836859371874375,0.000933962781908163
0.837191438287658,0.000938079811144252
0.83752350470094,0.000942136977427748
0.837855571114223,0.000946213369233426
0.838187637527505,0.000952513005228204
0.838519703940788,0.000960548916066185
0.838851770354071,0.000968681556083898
0.839183836767354,0.000976860466922802
0.839515903180636,0.000985207665494083
0.839847969593919,0.000993661558522875
0.840180036007201,0.00100003835278419
0.840512102420484,0.00100462063992731
0.840844168833767,0.00100917631080657
0.841176235247049,0.00101402252487351
0.841508301660332,0.00101885929694453
0.841840368073615,0.00102371757727102
0.842172434486897,0.00103067820709494
0.84250450090018,0.00103959319411516
0.842836567313463,0.00104855433415243
0.843168633726745,0.00105755663880425
0.843500700140028,0.00106659178288352
0.843832766553311,0.00107564948489277
0.844164832966593,0.00108254980724779
0.844496899379876,0.00108707566007462
0.844828965793159,0.00109160812133052
0.845161032206441,0.00109615832163944
0.845493098619724,0.00110073664392953
0.845825165033007,0.00110534932366133
0.846157231446289,0.00111000143510571
0.846489297859572,0.00111469714404117
0.846821364272854,0.00111942272701195
0.847153430686137,0.00112414854130736
0.84748549709942,0.00112884399058752
0.847817563512703,0.00113349583044769
0.848149629925985,0.00113836544397713
0.848481696339268,0.00114400463686819
0.84881376275255,0.0011497164548214
0.849145829165833,0.00115540312774329
0.849477895579116,0.00116113795742545
0.849809961992398,0.00116688533280206
0.850142028405681,0.00117434254320073
0.850474094818964,0.00118417566408653
0.850806161232247,0.00119276622921863
0.851138227645529,0.00120135313851626
0.851470294058812,0.0012107124258126
0.851802360472094,0.00122070786930271
0.852134426885377,0.0012307737318046
0.85246649329866,0.00124110392022094
0.852798559711942,0.00125144922088577
0.853130626125225,0.00126230198314132
0.853462692538508,0.00127342851817176
0.85379475895179,0.0012845338782422
0.854126825365073,0.00129714948170337
0.854458891778356,0.0013123809858072
0.854790958191638,0.00132771501131895
0.855123024604921,0.00134319064972835
0.855455091018204,0.00135871164112487
0.855787157431486,0.00137423882893398
0.856119223844769,0.00138986741000933
0.856451290258052,0.00140546391816885
0.856783356671334,0.00142100574636387
0.857115423084617,0.00143676018891939
0.8574474894979,0.00145274480455005
0.857779555911182,0.00146925423905865
0.858111622324465,0.00149029583976147
0.858443688737747,0.00151721135092369
0.85877575515103,0.00154302505105976
0.859107821564313,0.00156856934613228
0.859439887977596,0.00159431101990201
0.859771954390878,0.00162033088940934
0.860104020804161,0.00164653554657591
0.860436087217443,0.00167205605942562
0.860768153630726,0.00169762105271549
0.861100220044009,0.00172326549365784
0.861432286457291,0.00174899110845002
0.861764352870574,0.00177483172445641
0.862096419283857,0.00180449444714052
0.862428485697139,0.00184374539029791
0.862760552110422,0.00188334753237756
0.863092618523705,0.00192313703523657
0.863424684936987,0.00196305149479443
0.86375675135027,0.0020031057951833
0.864088817763553,0.00204575776940676
0.864420884176835,0.00209506652164253
0.864752950590118,0.00214471153153464
0.865085017003401,0.00219627594120199
0.865417083416683,0.00225056982969448
0.865749149829966,0.00230507074513305
0.866081216243249,0.00236266423792482
0.866413282656531,0.00243100296495618
0.866745349069814,0.00249988796973611
0.867077415483097,0.00256940431769938
0.867409481896379,0.00263956234817168
0.867741548309662,0.00271022994683612
0.868073614722945,0.00278540651437014
0.868405681136227,0.00287550612588762
0.86873774754951,0.00296615126444947
0.869069813962793,0.0030574589375953
0.869401880376075,0.00314955538238738
0.869733946789358,0.00324215669926698
0.87006601320264,0.00334118649882233
0.870398079615923,0.00346369542578364
0.870730146029206,0.00358722173475357
0.871062212442488,0.00371201865907782
0.871394278855771,0.00383809141736138
0.871726345269054,0.00396584400749239
0.872058411682336,0.00410249589066056
0.872390478095619,0.00427171049085421
0.872722544508902,0.00443878944810259
0.873054610922184,0.00460678702836914
0.873386677335467,0.00477607843233452
0.87371874374875,0.00494631886839132
0.874050810162032,0.00512455572079527
0.874382876575315,0.00534948800816386
0.874714942988598,0.00557552745219957
0.87504700940188,0.00580287086775925
0.875379075815163,0.00603150974939085
0.875711142228446,0.0062619539238324
0.876043208641728,0.00650406370741023
0.876375275055011,0.00681796390206146
0.876707341468294,0.00713384673050025
0.877039407881576,0.00745088266233093
0.877371474294859,0.00776998341735621
0.877703540708142,0.0080908964867742
0.878035607121424,0.00842506829022836
0.878367673534707,0.00885310937658419
0.87869973994799,0.00928400984346562
0.879031806361272,0.00971743394294149
0.879363872774555,0.0101531383308834
0.879695939187838,0.0105942796243406
0.88002800560112,0.0110481420733319
0.880360072014403,0.0116013823833335
0.880692138427686,0.0121591363945351
0.881024204840968,0.01272068606867
0.881356271254251,0.0132893913127192
0.881688337667533,0.0138609958567298
0.882020404080816,0.0144426582554118
0.882352470494099,0.0150910948580283
0.882684536907381,0.0157460626688601
0.883016603320664,0.0164089502987673
0.883348669733947,0.0170780569449125
0.883680736147229,0.0177502435992071
0.884012802560512,0.0184170075684423
0.884344868973795,0.01884666696731
0.884676935387077,0.0192776129007446
0.88500900180036,0.019711070011051
0.885341068213643,0.0201452994263637
0.885673134626925,0.0205821107174995
0.886005201040208,0.0210220720113782
0.886337267453491,0.0213411867147472
0.886669333866773,0.0216628465886086
0.887001400280056,0.0219955796666312
0.887333466693339,0.0223302259898004
0.887665533106621,0.0226639042876122
0.887997599519904,0.0229977229674491
0.888329665933187,0.0231293848507963
0.888661732346469,0.0232673889257875
0.888993798759752,0.0234066508436442
0.889325865173035,0.0235464973033936
0.889657931586317,0.0236885495194883
0.8899899979996,0.0238315673603906
0.890322064412883,0.0237568193281801
0.890654130826165,0.0236724821449998
0.890986197239448,0.0235978818379592
0.89131826365273,0.023522634938876
0.891650330066013,0.0234500282273163
0.891982396479296,0.0233792060995416
0.892314462892579,0.0230931724918947
0.892646529305861,0.0227912170769691
0.892978595719144,0.0224826707169935
0.893310662132426,0.0221716803269473
0.893642728545709,0.0218575777494708
0.893974794958992,0.0215350962423559
0.894306861372274,0.0212879992737957
0.894638927785557,0.0210457684999965
0.89497099419884,0.0207987764139869
0.895303060612122,0.0205490918412215
0.895635127025405,0.0202923349590171
0.895967193438688,0.0200275022255252
0.89629925985197,0.0196949247266392
0.896631326265253,0.0193502379586772
0.896963392678536,0.0190034344376368
0.897295459091818,0.0186530696326207
0.897627525505101,0.0182986712902476
0.897959591918384,0.0179389442104906
0.898291658331666,0.017596343213514
0.898623724744949,0.0172547802405578
0.898955791158232,0.0169109229042012
0.899287857571514,0.0165653848640715
0.899619923984797,0.0162217268105717
0.89995199039808,0.0158839239238167
0.900284056811362,0.0155667056385621
0.900616123224645,0.0152435724335096
0.900948189637928,0.0149170152340993
0.90128025605121,0.0145873705346298
0.901612322464493,0.0142547160397518
0.901944388877776,0.0139198071851278
0.902276455291058,0.0136082185803797
0.902608521704341,0.0133002593567291
0.902940588117623,0.0129991704410775
0.903272654530906,0.0127004267930169
0.903604720944189,0.0124006444606839
0.903936787357472,0.0121048827500963
0.904268853770754,0.0118789758857191
0.904600920184037,0.011667898545415
0.904932986597319,0.0114546960884323
0.905265053010602,0.0112389927367095
0.905597119423885,0.011020018311995
0.905929185837167,0.0107979172448131
0.90626125225045,0.0106175238054866
0.906593318663733,0.0104477777310331
0.906925385077015,0.0102724815958447
0.907257451490298,0.0100930850231736
0.907589517903581,0.0099138841454849
0.907921584316863,0.00973538234930105
0.908253650730146,0.00959508337895715
0.908585717143429,0.00946668959077573
0.908917783556711,0.00933733155051613
0.909249849969994,0.00920709836980215
0.909581916383277,0.00907721449801634
0.909913982796559,0.00894469216055194
0.910246049209842,0.0088306044772062
0.910578115623125,0.00872344975983472
0.910910182036407,0.00861319661454634
0.91124224844969,0.00849931019234896
0.911574314862973,0.00838511160544675
0.911906381276255,0.00827246243745685
0.912238447689538,0.00819740019889877
0.912570514102821,0.00813729818081954
0.912902580516103,0.00807694336532351
0.913234646929386,0.00801644401676303
0.913566713342669,0.00795662068776256
0.913898779755951,0.0078970726648753
0.914230846169234,0.00785910201647918
0.914562912582516,0.00783081876813949
0.914894978995799,0.00780261834151723
0.915227045409082,0.00777411732349434
0.915559111822364,0.00774550765184583
0.915891178235647,0.0077164645393431
0.91622324464893,0.0077128118850309
0.916555311062212,0.00772150815944576
0.916887377475495,0.00772993449926189
0.917219443888778,0.00773798419693733
0.91755151030206,0.00774556272949495
0.917883576715343,0.00775281164512744
0.918215643128626,0.00779235155100876
0.918547709541908,0.00784998160940779
0.918879775955191,0.00790812787722403
0.919211842368474,0.00796572245581427
0.919543908781756,0.00802385433513167
0.919875975195039,0.00808624558964532
0.920208041608322,0.00815986854996862
0.920540108021604,0.0082399808849341
0.920872174434887,0.00832084082043234
0.92120424084817,0.00840189638151957
0.921536307261452,0.00848323426782721
0.921868373674735,0.00856495371868311
0.922200440088018,0.00865683485597019
0.9225325065013,0.00875560889726408
0.922864572914583,0.0088549738227866
0.923196639327866,0.00895559760128017
0.923528705741148,0.00905656863790492
0.923860772154431,0.00915834770956803
0.924192838567714,0.00928418873025886
0.924524904980996,0.00942679529128895
0.924856971394279,0.00956827263103822
0.925189037807562,0.00971020097764304
0.925521104220844,0.00984940491200294
0.925853170634127,0.00998851657835472
0.926185237047409,0.0101368957433575
0.926517303460692,0.0102923955768546
0.926849369873975,0.0104482588109491
0.927181436287257,0.010600373526843
0.92751350270054,0.0107530726081028
0.927845569113823,0.0109068078984122
0.928177635527105,0.0110521879928737
0.928509701940388,0.0111898798740202
0.928841768353671,0.0113273798935718
0.929173834766953,0.0114647629934687
0.929505901180236,0.0116015791295485
0.929837967593519,0.0117388082086792
0.930170034006801,0.0118988176950039
0.930502100420084,0.0120806838239234
0.930834166833367,0.0122636636781556
0.931166233246649,0.0124443179102146
0.931498299659932,0.0126254335598177
0.931830366073215,0.0128078839163646
0.932162432486497,0.01303357372969
0.93249449889978,0.0133037766651015
0.932826565313063,0.0135746307550183
0.933158631726345,0.0138459999698355
0.933490698139628,0.0141241147717433
0.933822764552911,0.0144067710811949
0.934154830966193,0.0147031275154019
0.934486897379476,0.0150139868978086
0.934818963792758,0.0153265482000398
0.935151030206041,0.0156395257830236
0.935483096619324,0.0159537377109411
0.935815163032606,0.0162694685169247
0.936147229445889,0.0166218011894525
0.936479295859172,0.0170199685185101
0.936811362272455,0.0174184916329367
0.937143428685737,0.0178196833886069
0.93747549509902,0.01822385725643
0.937807561512302,0.0186323367603291
0.938139627925585,0.0190947562983618
0.938471694338868,0.0196283374941787
0.93880376075215,0.0201642065929364
0.939135827165433,0.0206992495299686
0.939467893578716,0.0212341160815716
0.939799959991998,0.0217692733593624
0.940132026405281,0.0223472448853762
0.940464092818564,0.0229922730828903
0.940796159231846,0.0236249767405488
0.941128225645129,0.0242559093624395
0.941460292058412,0.0248864297099244
0.941792358471694,0.0255163769147104
0.942124424884977,0.0261987376044974
0.94245649129826,0.0269657070792373
0.942788557711542,0.0277344790675427
0.943120624124825,0.0285083610541781
0.943452690538108,0.0292865777140619
0.94378475695139,0.0300672043902455
0.944116823364673,0.0309167268516624
0.944448889777955,0.0318872056563998
0.944780956191238,0.0328668422847574
0.945113022604521,0.0338513879054449
0.945445089017804,0.0348430549622529
0.945777155431086,0.0358474631172098
0.946109221844369,0.036932136062638
0.946441288257652,0.0381810556201732
0.946773354670934,0.0394366550105128
0.947105421084217,0.0406980167955764
0.947437487497499,0.0419617629706017
0.947769553910782,0.043223748552761
0.948101620324065,0.0445749630269229
0.948433686737348,0.0461373106956052
0.94876575315063,0.0476995376125368
0.949097819563913,0.0492656144423826
0.949429885977195,0.0508383464246193
0.949761952390478,0.0524187285415577
0.950094018803761,0.0541257425935301
0.950426085217043,0.0561372717349829
0.950758151630326,0.0581572824661351
0.951090218043609,0.0601879730532653
0.951422284456891,0.0622298035246866
0.951754350870174,0.0642787394272968
0.952086417283457,0.0664417352038591
0.952418483696739,0.0689856664399518
0.952750550110022,0.0715222611854175
0.953082616523305,0.0740529251854301
0.953414682936587,0.0765940249198929
0.95374674934987,0.0791650731602291
0.954078815763153,0.0818964951722566
0.954410882176435,0.0851258340257952
0.954742948589718,0.0883747604211787
0.955075015003001,0.0916410449411055
0.955407081416283,0.0949231072376918
0.955739147829566,0.0982189536356896
0.956071214242849,0.101690614303996
0.956403280656131,0.105747762652168
0.956735347069414,0.109832617039885
0.957067413482697,0.113951618477378
0.957399479895979,0.11809980341666
0.957731546309262,0.122275377115913
0.958063612722544,0.126629339663013
0.958395679135827,0.131649743918725
0.95872774554911,0.136698476560396
0.959059811962392,0.141789717335079
0.959391878375675,0.146939487245126
0.959723944788958,0.152135143894389
0.96005601120224,0.157506987595789
0.960388077615523,0.163584021938213
0.960720144028806,0.169680853233426
0.961052210442088,0.175777998811484
0.961384276855371,0.181908449418467
0.961716343268654,0.188038206897339
0.962048409681936,0.194294168252784
0.962380476095219,0.201199956659411
0.962712542508502,0.208131061119559
0.963044608921784,0.21508443170296
0.963376675335067,0.222040415615108
0.96370874174835,0.229017812137243
0.964040808161632,0.236219204383257
0.964372874574915,0.244012310233199
0.964704940988197,0.251824558012828
0.96503700740148,0.25963592877454
0.965369073814763,0.267465433128917
0.965701140228046,0.275315959189687
0.966033206641328,0.283211631789454
0.966365273054611,0.291316067528245
0.966697339467894,0.299424534989142
0.967029405881176,0.307519248604479
0.967361472294459,0.315586899544854
0.967693538707741,0.323633159451486
0.968025605121024,0.331636261376561
0.968357671534307,0.339224852386514
0.968689737947589,0.346720527595883
0.969021804360872,0.354194199857294
0.969353870774155,0.361638126381946
0.969685937187438,0.369041867837926
0.97001800360072,0.376355511083967
0.970350070014003,0.382990939772106
0.970682136427285,0.389542044695669
0.971014202840568,0.396022883690496
0.971346269253851,0.402458500054881
0.971678335667133,0.408875031990362
0.972010402080416,0.415248993135059
0.972342468493699,0.420610661031782
0.972674534906981,0.425938964010237
0.973006601320264,0.431224727004225
0.973338667733547,0.436471609561399
0.973670734146829,0.441686093263666
0.974002800560112,0.446863477075078
0.974334866973395,0.45074172208459
0.974666933386677,0.454588537883164
0.97499899979996,0.458397541699261
0.975331066213243,0.462165099327959
0.975663132626525,0.465892602226367
0.975995199039808,0.4695820341979
0.976327265453091,0.471908771129422
0.976659331866373,0.474190564944256
0.976991398279656,0.476454605036856
0.977323464692939,0.478708690604425
0.977655531106221,0.480959212735953
0.977987597519504,0.483211112258203
0.978319663932786,0.484274006292797
0.978651730346069,0.485300947198534
0.978983796759352,0.486326722858454
0.979315863172635,0.48733727380734
0.979647929585917,0.488320655944899
0.9799799959992,0.489287788096298
0.980312062412482,0.489319639965713
0.980644128825765,0.489326312959142
0.980976195239048,0.489373479503415
0.98130826165233,0.489293762868637
0.981640328065613,0.48838406628227
0.981972394478896,0.487377710609451
0.982304460892178,0.485721814835753
0.982636527305461,0.483879096105269
0.982968593718744,0.482067719455844
0.983300660132026,0.480820253672675
0.983632726545309,0.48003371807018
0.983964792958592,0.479265963837982
0.984296859371874,0.478212536309006
0.984628925785157,0.477135645847741
0.98496099219844,0.47607154004962
0.985293058611722,0.475021523724807
0.985625125025005,0.47398986485475
0.985957191438288,0.472982456087394
0.98628925785157,0.471935482947101
0.986621324264853,0.470902749130535
0.986953390678136,0.46987111884984
0.987285457091418,0.468815736634783
0.987617523504701,0.467717129636774
0.987949589917984,0.466557920827021
0.988281656331266,0.464466172728944
0.988613722744549,0.462394810436263
0.988945789157832,0.460331662712386
0.989277855571114,0.458283573805467
0.989609921984397,0.456248943191228
0.98994198839768,0.454203365507667
0.990274054810962,0.45241346601554
0.990606121224245,0.450692817710252
0.990938187637527,0.448990252545955
0.99127025405081,0.447564062350012
0.991602320464093,0.446657837918002
0.991934386877376,0.445771308374055
0.992266453290658,0.44517713564882
0.992598519703941,0.444660610485798
0.992930586117224,0.44416882865536
0.993262652530506,0.443695851738415
0.993594718943789,0.443226231417182
0.993926785357071,0.442836669903668
0.994258851770354,0.442695913944309
0.994590918183637,0.442741701621235
0.994922984596919,0.442848333681609
0.995255051010202,0.44278809077514
0.995587117423485,0.442185804855351
0.995919183836767,0.441581675041927
0.99625125025005,0.441212171790522
0.996583316663333,0.440913575462054
0.996915383076615,0.440639765547552
0.997247449489898,0.440420563174084
0.997579515903181,0.440249413773675
0.997911582316463,0.440132035777009
0.998243648729746,0.440267165497153
0.998575715143029,0.440524347648729
0.998907781556311,0.440806122311245
0.999239847969594,0.441094623221048
0.999571914382877,0.441400006522284
0.999903980796159,0.441702224782507
1.00023604720944,0.441976528714927
1.00056811362272,0.442234280078951
1.00090018003601,0.44248372889288
1.00123224644929,0.442725649704376
1.00156431286257,0.442965279522621
1.00189637927586,0.443091752767746
1.00222844568914,0.443318489834053
1.00256051210242,0.443979992256612
1.0028925785157,0.445106874464271
1.00322464492899,0.446220956699164
1.00355671134227,0.447362368143933
1.00388877775555,0.448494902237265
1.00422084416883,0.449657859757736
1.00455291058212,0.450839109732624
1.0048849769954,0.45202160542166
1.00521704340868,0.453178381176211
1.00554910982196,0.454348404580997
1.00588117623525,0.455177606124762
1.00621324264853,0.455928767245097
1.00654530906181,0.456713058167894
1.0068773754751,0.457529560529694
1.00720944188838,0.458344727777308
1.00754150830166,0.459457162080091
1.00787357471494,0.460588596968541
1.00820564112823,0.461690828520476
1.00853770754151,0.462785537607904
1.00886977395479,0.463882240224425
1.00920184036807,0.464984553355466
1.00953390678136,0.466096742833675
1.00986597319464,0.467223158859021
1.01019803960792,0.468253709966942
1.0105301060212,0.46920886381144
1.01086217243449,0.470133343054886
1.01119423884777,0.471056684203789
1.01152630526105,0.472013119980144
1.01185837167433,0.472967973640102
1.01219043808762,0.473795561228514
1.0125225045009,0.474539651169601
1.01285457091418,0.475277932621908
1.01318663732747,0.476447852339668
1.01351870374075,0.477640878431235
1.01385077015403,0.478845728566235
1.01418283656731,0.479905612204755
1.0145149029806,0.480834918877601
1.01484696939388,0.481718067889649
1.01517903580716,0.482600062093567
1.01551110222044,0.483484005087923
1.01584316863373,0.48437152655096
1.01617523504701,0.485091715688707
1.01650730146029,0.485656233616381
1.01683936787357,0.486208768096714
1.01717143428686,0.486793899590316
1.01750350070014,0.487380644143292
1.01783556711342,0.487969035410841
1.01816763352671,0.488419843832874
1.01849969993999,0.488733020484018
1.01883176635327,0.489089268192434
1.01916383276655,0.489435580509192
1.01949589917984,0.489801882676559
1.01982796559312,0.490178131833345
1.0201600320064,0.490452755120741
1.02049209841968,0.490649855689857
1.02082416483297,0.49084036217052
1.02115623124625,0.491063649368865
1.02148829765953,0.491294980400857
1.02182036407281,0.49156633615001
1.0221524304861,0.491799842855678
1.02248449689938,0.491918071993509
1.02281656331266,0.492056897415203
1.02314862972595,0.492204624956954
1.02348069613923,0.492349388158722
1.02381276255251,0.49248571162192
1.02414482896579,0.492534666779
1.02447689537908,0.492440160886566
1.02480896179236,0.492362069290781
1.02514102820564,0.492293843416048
1.02547309461892,0.492223075583356
1.02580516103221,0.492125339721444
1.02613722744549,0.49192375485478
1.02646929385877,0.491646224088228
1.02680136027205,0.491334144321619
1.02713342668534,0.491027286012759
1.02746549309862,0.490684909747282
1.0277975595119,0.490317113862942
1.02812962592519,0.489913418120798
1.02846169233847,0.489355077988362
1.02879375875175,0.488792869999189
1.02912582516503,0.488230018558041
1.02945789157832,0.487667769740011
1.0297899579916,0.487106676833532
1.03012202440488,0.486518618614102
1.03045409081816,0.485883041677053
1.03078615723145,0.485246694919494
1.03111822364473,0.484606120876634
1.03145029005801,0.483957921347052
1.03178235647129,0.483300028961196
1.03211442288458,0.482637863875902
1.03244648929786,0.481933196909776
1.03277855571114,0.481212762353035
1.03311062212442,0.480487058583222
1.03344268853771,0.479761501285156
1.03377475495099,0.479039028345623
1.03410682136427,0.478291734046744
1.03443888777756,0.47758090377425
1.03477095419084,0.476738402851352
1.03510302060412,0.475808701258257
1.0354350870174,0.474875177179782
1.03576715343069,0.473947953219106
1.03609921984397,0.473063685695139
1.03643128625725,0.472295660475475
1.03676335267053,0.471544766061978
1.03709541908382,0.470777295729985
1.0374274854971,0.46997641658121
1.03775955191038,0.469173218537887
1.03809161832366,0.46839162551412
1.03842368473695,0.467671184999013
1.03875575115023,0.466954028622984
1.03908781756351,0.466245029002613
1.0394198839768,0.465552883771938
1.03975195039008,0.464914004040126
1.04008401680336,0.464311297377669
1.04041608321664,0.463801620474449
1.04074814962993,0.463287382045426
1.04108021604321,0.462786986795692
1.04141228245649,0.462331291496305
1.04174434886977,0.461890351962064
1.04207641528306,0.461610982547044
1.04240848169634,0.461472327018365
1.04274054810962,0.461322562379549
1.0430726145229,0.461159486709736
1.04340468093619,0.460988936822957
1.04373674734947,0.460770598857538
1.04406881376275,0.460583339333348
1.04440088017604,0.460506812170365
1.04473294658932,0.460431314126114
1.0450650130026,0.460355301477663
1.04539707941588,0.460278417652462
1.04572914582917,0.46020104489675
1.04606121224245,0.46014395960751
1.04639327865573,0.460177233862472
1.04672534506901,0.460210748586479
1.0470574114823,0.460244581628487
1.04738947789558,0.460278720265133
1.04772154430886,0.460312640034179
1.04805361072214,0.460364839635455
1.04838567713543,0.460515189981322
1.04871774354871,0.460664918522249
1.04904980996199,0.460818738266158
1.04938187637527,0.461022417646557
1.04971394278856,0.46123371884081
1.05004600920184,0.461470860199076
1.05037807561512,0.461816571421242
1.05071014202841,0.462178521756801
1.05104220844169,0.462556961218838
1.05137427485497,0.462950646379602
1.05170634126825,0.463358326200379
1.05203840768154,0.463787836728857
1.05237047409482,0.464327706319994
1.0527025405081,0.464946837341726
1.05303460692138,0.465585687812582
1.05336667333467,0.466238791069566
1.05369873974795,0.466898442624008
1.05403080616123,0.4675850642748
1.05436287257451,0.468321879422081
1.0546949389878,0.469061577822607
1.05502700540108,0.469844824163164
1.05535907181436,0.470629943947498
1.05569113822765,0.471449442795491
1.05602320464093,0.472288347995741
1.05635527105421,0.473197368603244
1.05668733746749,0.474215286843084
1.05701940388078,0.475234097176376
1.05735147029406,0.476253423455423
1.05768353670734,0.477273727686542
1.05801560312062,0.478337370332812
1.05834766953391,0.479463231486672
1.05867973594719,0.480595091311842
1.05901180236047,0.481727441874117
1.05934386877375,0.482852698272201
1.05967593518704,0.483906826665044
1.06000800160032,0.484899358589365
1.0603400680136,0.485823267794678
1.06067213442689,0.486729953311673
1.06100420084017,0.48762097568703
1.06133626725345,0.488463905807401
1.06166833366673,0.489286110809958
1.06200040008002,0.490089195288167
1.0623324664933,0.490800286045016
1.06266453290658,0.49150104734793
1.06299659931986,0.492142085457039
1.06332866573315,0.492764842319153
1.06366073214643,0.493341569274937
1.06399279855971,0.493880964742464
1.06432486497299,0.494362038605131
1.06465693138628,0.494861237708078
1.06498899779956,0.495367640750865
1.06532106421284,0.495805555007655
1.06565313062613,0.496198868341832
1.06598519703941,0.496592988456071
1.06631726345269,0.49692091970529
1.06664932986597,0.497259199673477
1.06698139627926,0.497606837103906
1.06731346269254,0.497957779248429
1.06764552910582,0.498306491162288
1.0679775955191,0.498652220198741
1.06830966193239,0.498898667482718
1.06864172834567,0.499186561230707
1.06897379475895,0.499478526797985
1.06930586117223,0.499770725668059
1.06963792758552,0.500061974778461
1.0699699939988,0.5003516668119
1.07030206041208,0.500562032402251
1.07063412682537,0.500767884932271
1.07096619323865,0.500944925473983
1.07129825965193,0.501107456404258
1.07163032606521,0.501274712672491
1.0719623924785,0.501460525285129
1.07229445889178,0.501528475311327
1.07262652530506,0.501611485916625
1.07295859171834,0.50169728905692
1.07329065813163,0.501787349929392
1.07362272454491,0.501882746034815
1.07395479095819,0.501999501003669
1.07428685737147,0.501958947635884
1.07461892378476,0.501898168667365
1.07495099019804,0.501807949207699
1.07528305661132,0.501698881175886
1.0756151230246,0.501585567059501
1.07594718943789,0.501427966771218
1.07627925585117,0.501150873539131
1.07661132226445,0.50083812931665
1.07694338867774,0.500513628449344
1.07727545509102,0.50018800315041
1.0776075215043,0.499872088129399
1.07793958791758,0.499571733980103
1.07827165433087,0.499215686422819
1.07860372074415,0.498846330228251
1.07893578715743,0.498447123107805
1.07926785357071,0.498018246036063
1.079599919984,0.497593690007061
1.07993198639728,0.497180672298713
1.08026405281056,0.496703435853372
1.08059611922384,0.496212595367425
1.08092818563713,0.495720781700902
1.08126025205041,0.495244469203803
1.08159231846369,0.494846388498094
1.08192438487698,0.494454572017461
1.08225645129026,0.494121464522848
1.08258851770354,0.493810709036819
1.08292058411682,0.49350290011898
1.08325265053011,0.493189380937758
1.08358471694339,0.492863648982852
1.08391678335667,0.492524218601045
1.08424884976995,0.492163690454752
1.08458091618324,0.491786728699853
1.08491298259652,0.491403677279235
1.0852450490098,0.491026315453774
1.08557711542308,0.490666245821736
1.08590918183637,0.490328383543836
1.08624124824965,0.490008711107453
1.08657331466293,0.489702599115818
1.08690538107622,0.48940499680181
1.0872374474895,0.48910907681481
1.08756951390278,0.488807571777364
1.08790158031606,0.488493696121617
1.08823364672935,0.488174002603151
1.08856571314263,0.487829578358851
1.08889777955591,0.487456367192895
1.08922984596919,0.487085925793377
1.08956191238248,0.486618328937166
1.08989397879576,0.486149587164583
1.09022604520904,0.485718663372846
1.09055811162232,0.485313334349379
1.09089017803561,0.484911953580461
1.09122224444889,0.484519051277083
1.09155431086217,0.484136333213498
1.09188637727546,0.483761880052223
1.09221844368874,0.483411173882633
1.09255051010202,0.483090439482367
1.0928825765153,0.482810892752279
1.09321464292859,0.48254307497179
1.09354670934187,0.482246044266246
1.09387877575515,0.481952929810956
1.09421084216843,0.481665935630184
1.09454290858172,0.481355288812181
1.094874974995,0.481020026405285
1.09520704140828,0.480667419916706
1.09553910782156,0.480306549333245
1.09587117423485,0.479975977115712
1.09620324064813,0.47969639892952
1.09653530706141,0.479426976673417
1.09686737347469,0.479134499417869
1.09719943988798,0.478820057282013
1.09753150630126,0.478458264101683
1.09786357271454,0.478092173281263
1.09819563912783,0.477766101152785
1.09852770554111,0.477451743382423
1.09885977195439,0.477143158519237
1.09919183836767,0.476787539513162
1.09952390478096,0.476426002737425
1.09985597119424,0.476060054886879
1.10018803760752,0.475729754760309
1.1005201040208,0.475434880295775
1.10085217043409,0.475214978689361
1.10118423684737,0.474980062134289
1.10151630326065,0.47476018426855
1.10184836967393,0.474526317696198
1.10218043608722,0.474324389102487
1.1025125025005,0.474163590803692
1.10284456891378,0.473997404929146
1.10317663532707,0.473785700442989
1.10350870174035,0.473563200187126
1.10384076815363,0.473380305784091
1.10417283456691,0.473302207988231
1.1045049009802,0.473275855166759
1.10483696739348,0.473216231872013
1.10516903380676,0.473166581414049
1.10550110022004,0.473144138227692
1.10583316663333,0.473129118491704
1.10616523304661,0.47315063660544
1.10649729945989,0.47325172618521
1.10682936587317,0.473359657473179
1.10716143228646,0.473448420799874
1.10749349869974,0.473536369838138
1.10782556511302,0.473624060092324
1.10815763152631,0.473738533182325
1.10848969793959,0.473881006314359
1.10882176435287,0.474015835510691
1.10915383076615,0.474150385608151
1.10948589717944,0.474289739832964
1.10981796359272,0.474431106920996
1.110150030006,0.474607484249309
1.11048209641928,0.474781687370155
1.11081416283257,0.474954348509845
1.11114622924585,0.47510485676412
1.11147829565913,0.475257616338513
1.11181036207241,0.475455024006976
1.1121424284857,0.475775820655954
1.11247449489898,0.476145340403687
1.11280656131226,0.476546544537636
1.11313862772555,0.476948812590175
1.11347069413883,0.477344322248804
1.11380276055211,0.47773484210097
1.11413482696539,0.478158669350374
1.11446689337868,0.478634516868818
1.11479895979196,0.479110752394383
1.11513102620524,0.479562854670702
1.11546309261852,0.479996437758442
1.11579515903181,0.48042990555892
1.11612722544509,0.480855170807151
1.11645929185837,0.481330835180014
1.11679135827165,0.481809456685038
1.11712342468494,0.482287992363458
1.11745549109822,0.482778393451293
1.1177875575115,0.483303435826328
1.11811962392479,0.483841834987876
1.11845169033807,0.484404525560986
1.11878375675135,0.484967556789487
1.11911582316463,0.485507871687259
1.11944788957792,0.486017636700007
1.1197799559912,0.486525529684369
1.12011202240448,0.486988444455894
1.12044408881776,0.487460090128154
1.12077615523105,0.487943453896217
1.12110822164433,0.488434933951957
1.12144028805761,0.488929618611638
1.12177235447089,0.489422887679903
1.12210442088418,0.489913501656387
1.12243648729746,0.490402314455691
1.12276855371074,0.490890216078339
1.12310062012402,0.491394852161433
1.12343268653731,0.491934424730777
1.12376475295059,0.492476994533054
1.12409681936387,0.493025667556904
1.12442888577716,0.493579548658197
1.12476095219044,0.494125793144942
1.12509301860372,0.494658251753296
1.125425085017,0.495178818518982
1.12575715143029,0.495697633512671
1.12608921784357,0.49623009408657
1.12642128425685,0.496791127427891
1.12675335067013,0.497362045573117
1.12708541708342,0.497935056593695
1.1274174834967,0.498503158890019
1.12774954990998,0.499067887563338
1.12808161632326,0.499624774112658
1.12841368273655,0.500157532594063
1.12874574914983,0.500683154865373
1.12907781556311,0.501185822793979
1.1294098819764,0.501691840949051
1.12974194838968,0.502196762968957
1.13007401480296,0.502692508022396
1.13040608121624,0.503162815044843
1.13073814762953,0.503627728266219
1.13107021404281,0.504091615269699
1.13140228045609,0.504564137631766
1.13173434686937,0.50505520754414
1.13206641328266,0.505561230604373
1.13239847969594,0.50604754987715
1.13273054610922,0.506540390934312
1.1330626125225,0.507030501083734
1.13339467893579,0.507515358218949
1.13372674534907,0.507996282044474
1.13405881176235,0.508457039044705
1.13439087817564,0.508835867494836
1.13472294458892,0.509218918903341
1.1350550110022,0.509610673038091
1.13538707741548,0.51001439964837
1.13571914382877,0.510427145120215
1.13605121024205,0.510892316474711
1.13638327665533,0.511321873982313
1.13671534306861,0.511748929164419
1.1370474094819,0.512174390368965
1.13737947589518,0.512599277293887
1.13771154230846,0.513024578982557
1.13804360872174,0.513440464988939
1.13837567513503,0.513787536791287
1.13870774154831,0.514137275663609
1.13903980796159,0.514486933808742
1.13937187437488,0.51487994331783
1.13970394078816,0.515268228215959
1.14003600720144,0.515636771007807
1.14036807361472,0.515923923810646
1.14070014002801,0.516201710686567
1.14103220644129,0.516427061701641
1.14136427285457,0.516643300499713
1.14169633926785,0.516705700086255
1.14202840568114,0.516660530184493
1.14236047209442,0.516481179625044
1.1426925385077,0.516257788167543
1.14302460492098,0.516036747116576
1.14335667133427,0.51578165783897
1.14368873774755,0.515517582859582
1.14402080416083,0.515239750604019
1.14435287057411,0.514876140453439
1.1446849369874,0.514501448774207
1.14501700340068,0.51412980401152
1.14534906981396,0.513775138993278
1.14568113622725,0.513467979837878
1.14601320264053,0.513182301182989
1.14634526905381,0.512783215952853
1.14667733546709,0.512400828358568
1.14700940188038,0.511997664592258
1.14734146829366,0.511587862457067
1.14767353470694,0.511184842400208
1.14800560112022,0.510803638200026
1.14833766753351,0.510395361799552
1.14866973394679,0.509975490066617
1.14900180036007,0.509764668654446
1.14933386677335,0.509581123055476
1.14966593318664,0.509424795711437
1.14999799959992,0.509311170685937
1.1503300660132,0.509136896013125
1.15066213242649,0.508917935001535
1.15099419883977,0.50869867987122
1.15132626525305,0.508412927270822
1.15165833166633,0.508062047279587
1.15199039807962,0.50773033267503
1.1523224644929,0.507453616643641
1.15265453090618,0.507176039628821
1.15298659731946,0.506862792820386
1.15331866373275,0.506543586385
1.15365073014603,0.506198252247538
1.15398279655931,0.50579771399571
1.15431486297259,0.505343855795321
1.15464692938588,0.504852900285249
1.15497899579916,0.504358239567313
1.15531106221244,0.503822665820774
1.15564312862573,0.50323444752851
1.15597519503901,0.502635989565288
1.15630726145229,0.5020240949116
1.15663932786557,0.50145978369062
1.15697139427886,0.500988103576809
1.15730346069214,0.500572169627099
1.15763552710542,0.50018416125324
1.1579675935187,0.499832189283596
1.15829965993199,0.499402189126881
1.15863172634527,0.499088307617913
1.15896379275855,0.498804672439236
1.15929585917183,0.498461578127541
1.15962792558512,0.498022578632769
1.1599599919984,0.497574071746607
1.16029205841168,0.497121398844946
1.16062412482496,0.496661045777073
1.16095619123825,0.496252281567911
1.16128825765153,0.495886720710059
1.16162032406481,0.495519250372555
1.1619523904781,0.495175040124852
1.16228445689138,0.49482277467075
1.16261652330466,0.494514045016445
1.16294858971794,0.494215430518768
1.16328065613123,0.493898085135489
1.16361272254451,0.493552619642
1.16394478895779,0.493212423276373
1.16427685537107,0.49282060065283
1.16460892178436,0.492415645957262
1.16494098819764,0.492007390569642
1.16527305461092,0.491603100649583
1.1656051210242,0.491207030793759
1.16593718743749,0.490724098078575
1.16626925385077,0.490222177930533
1.16660132026405,0.489652705947655
1.16693338667734,0.489008454728538
1.16726545309062,0.488298135200025
1.1675975195039,0.487480789674449
1.16792958591718,0.486657080831399
1.16826165233047,0.485805199966033
1.16859371874375,0.484944245411266
1.16892578515703,0.4840823275455
1.16925785157031,0.483217884478194
1.1695899179836,0.48235482630446
1.16992198439688,0.481453020691123
1.17025405081016,0.480564289938261
1.17058611722344,0.479682246741231
1.17091818363673,0.478806970108831
1.17125025005001,0.477934039240233
1.17158231646329,0.47706400057246
1.17191438287658,0.476207934479169
1.17224644928986,0.475391833535852
1.17257851570314,0.474616218648268
1.17291058211642,0.473889438978018
1.17324264852971,0.473248232685452
1.17357471494299,0.472615245475635
1.17390678135627,0.472042984266127
1.17423884776955,0.471530600051954
1.17457091418284,0.47109621471535
1.17490298059612,0.470753767657393
1.1752350470094,0.47041362791498
1.17556711342268,0.470116651240218
1.17589917983597,0.469811548280037
1.17623124624925,0.469542183040481
1.17656331266253,0.469301497195151
1.17689537907582,0.469087411942653
1.1772274454891,0.468905998606407
1.17755951190238,0.468745766469351
1.17789157831566,0.468593093750157
1.17822364472895,0.468497833969815
1.17855571114223,0.468410624693543
1.17888777755551,0.46828263050275
1.17921984396879,0.468147636205351
1.17955191038208,0.468019102431588
1.17988397679536,0.467894763529616
1.18021604320864,0.467775295496675
1.18054810962192,0.467639814261282
1.18088017603521,0.467498123298926
1.18121224244849,0.467354381004389
1.18154430886177,0.467212449976596
1.18187637527505,0.467043319267058
1.18220844168834,0.466919534969881
1.18254050810162,0.4668586089826
1.1828725745149,0.466909511836953
1.18320464092819,0.466962726418139
1.18353670734147,0.467133835644644
1.18386877375475,0.467349322273438
1.18420084016803,0.467618246840784
1.18453290658132,0.467938121816895
1.1848649729946,0.468253362199348
1.18519703940788,0.468564278977852
1.18552910582116,0.468879014074749
1.18586117223445,0.469206153250353
1.18619323864773,0.46958791207575
1.18652530506101,0.470002509745879
1.18685737147429,0.470408159572963
1.18718943788758,0.470791524443986
1.18752150430086,0.471121154247868
1.18785357071414,0.47142291224921
1.18818563712743,0.471734023746492
1.18851770354071,0.471979733109018
1.18884976995399,0.472231966840567
1.18918183636727,0.472531484780291
1.18951390278056,0.47284783275101
1.18984596919384,0.473094052562894
1.19017803560712,0.473253539093684
1.1905101020204,0.473435418346035
1.19084216843369,0.473428240012991
1.19117423484697,0.473409781533691
1.19150630126025,0.473400823366701
1.19183836767353,0.473390109998347
1.19217043408682,0.473396423885399
1.1925025005001,0.473394155577694
1.19283456691338,0.473397052254692
1.19316663332667,0.473439725415971
1.19349869973995,0.473494452139925
1.19383076615323,0.473541741739129
1.19416283256651,0.473605668608093
1.1944948989798,0.473688501710841
1.19482696539308,0.473805481244338
1.19515903180636,0.473921356264822
1.19549109821964,0.474052691903003
1.19582316463293,0.474202614720176
1.19615523104621,0.474386826613439
1.19648729745949,0.474567276326274
1.19681936387277,0.474740168307708
1.19715143028606,0.474876014057981
1.19748349669934,0.474989273048001
1.19781556311262,0.475118597494356
1.19814762952591,0.475313598185994
1.19847969593919,0.47554906439212
1.19881176235247,0.475775150978788
1.19914382876575,0.476008816843217
1.19947589517904,0.47626800477789
1.19980796159232,0.476560280951268
1.2001400280056,0.476883006942568
1.20047209441888,0.477247717399896
1.20080416083217,0.477618093170231
1.20113622724545,0.477973400775881
1.20146829365873,0.4783203767831
1.20180036007201,0.478696606230963
1.2021324264853,0.479190176509194
1.20246449289858,0.479711045074115
1.20279655931186,0.480365129919073
1.20312862572515,0.48107849316405
1.20346069213843,0.48188820077133
1.20379275855171,0.482988956912824
1.20412482496499,0.48412076562016
1.20445689137828,0.485344045982077
1.20478895779156,0.48657884707378
1.20512102420484,0.487796350582666
1.20545309061812,0.488987269463805
1.20578515703141,0.490179559100829
1.20611722344469,0.491119408458232
1.20644928985797,0.492044044660658
1.20678135627125,0.49297083321445
1.20711342268454,0.493904016575354
1.20744548909782,0.494847417971925
1.2077775555111,0.495795032033869
1.20810962192438,0.496740708393568
1.20844168833767,0.4977147481463
1.20877375475095,0.498666680337599
1.20910582116423,0.499566207148328
1.20943788757752,0.500393154657416
1.2097699539908,0.501234370400677
1.21010202040408,0.501968534892529
1.21043408681736,0.502721679987129
1.21076615323065,0.50329839884587
1.21109821964393,0.503672160505218
1.21143028605721,0.504062266609089
1.21176235247049,0.504428844046175
1.21209441888378,0.504835631579052
1.21242648529706,0.505357967210117
1.21275855171034,0.505934773153194
1.21309061812362,0.506561967450046
1.21342268453691,0.507355563501775
1.21375475095019,0.508151281462494
1.21408681736347,0.508904397051342
1.21441888377676,0.509638306155346
1.21475095019004,0.510372559356971
1.21508301660332,0.511108954230527
1.2154150830166,0.511849764513823
1.21574714942989,0.51260160245385
1.21607921584317,0.513373457093225
1.21641128225645,0.514174272226833
1.21674334866973,0.514999592086181
1.21707541508302,0.515820300809324
1.2174074814963,0.516607774717084
1.21773954790958,0.517400682294773
1.21807161432286,0.518230264644633
1.21840368073615,0.519071760957521
1.21873574714943,0.519942760451269
1.21906781356271,0.520892114478061
1.219399879976,0.521839324402517
1.21973194638928,0.522781392678571
1.22006401280256,0.523713676608225
1.22039607921584,0.524628056113757
1.22072814562913,0.525530350412821
1.22106021204241,0.526418405403821
1.22139227845569,0.527342160566498
1.22172434486897,0.528245227003863
1.22205641128226,0.529113865988341
1.22238847769554,0.529907668321588
1.22272054410882,0.530676671631148
1.2230526105221,0.531422495644562
1.22338467693539,0.532150277245944
1.22371674334867,0.532881359250514
1.22404880976195,0.53363608518543
1.22438087617524,0.534445577135418
1.22471294258852,0.535385993205593
1.2250450090018,0.536366387414657
1.22537707541508,0.537320478995535
1.22570914182837,0.538273998620785
1.22604120824165,0.539216606117765
1.22637327465493,0.540120206781502
1.22670534106821,0.54098774996409
1.2270374074815,0.541774059959082
1.22736947389478,0.542542198774244
1.22770154030806,0.543303600694997
1.22803360672134,0.544055849139639
1.22836567313463,0.54472136199183
1.22869773954791,0.545336041383565
1.22902980596119,0.545942825383322
1.22936187237448,0.546554910732136
1.22969393878776,0.547189276846053
1.23002600520104,0.547861837964281
1.23035807161432,0.548569531416854
1.23069013802761,0.549293446339848
1.23102220444089,0.550014158894379
1.23135427085417,0.550725595138952
1.23168633726745,0.551424650324933
1.23201840368074,0.55214085833294
1.23235047009402,0.552867723447044
1.2326825365073,0.553757712537085
1.23301460292058,0.554682819040291
1.23334666933387,0.555614259756262
1.23367873574715,0.556526133126718
1.23401080216043,0.557410120191778
1.23434286857371,0.558233417998829
1.234674934987,0.558979083359876
1.23500700140028,0.559757956565273
1.23533906781356,0.56051644802763
1.23567113422685,0.561331883066767
1.23600320064013,0.562241536998581
1.23633526705341,0.563081075141073
1.23666733346669,0.564035629975882
1.23699939987998,0.564997580104632
1.23733146629326,0.566012187710917
1.23766353270654,0.567083475404445
1.23799559911982,0.568189992901669
1.23832766553311,0.569301037412381
1.23865973194639,0.570446308023078
1.23899179835967,0.57161719693921
1.23932386477295,0.572797957289264
1.23965593118624,0.573926408437674
1.23998799759952,0.574934518688224
1.2403200640128,0.575764993404868
1.24065213042609,0.576556845667336
1.24098419683937,0.577349411100997
1.24131626325265,0.578175165332846
1.24164832966593,0.579028675550428
1.24198039607922,0.57987521574178
1.2423124624925,0.580630299280879
1.24264452890578,0.581322303812915
1.24297659531906,0.582014482361704
1.24330866173235,0.582719628183413
1.24364072814563,0.583745057384702
1.24397279455891,0.585899540554069
1.24430486097219,0.588017710432207
1.24463692738548,0.590114169785202
1.24496899379876,0.592256642605479
1.24530106021204,0.59443524771646
1.24563312662533,0.59665303042823
1.24596519303861,0.598865765402448
1.24629725945189,0.601075953985592
1.24662932586517,0.603309062186645
1.24696139227846,0.604568230138813
1.24729345869174,0.604965748772532
1.24762552510502,0.605367250149852
1.2479575915183,0.60574964665929
1.24828965793159,0.606023716039737
1.24862172434487,0.606261655088855
1.24895379075815,0.606484737171888
1.24928585717143,0.606702081726832
1.24961792358472,0.606915562615847
1.249949989998,0.607123998061591
1.25028205641128,0.607308001169657
1.25061412282456,0.607494264126694
1.25094618923785,0.607712477789696
1.25127825565113,0.60798996108049
1.25161032206441,0.608341405853944
1.2519423884777,0.608734956343778
1.25227445489098,0.609128018289714
1.25260652130426,0.609482989485272
1.25293858771754,0.609829087110608
1.25327065413083,0.610243015059064
1.25360272054411,0.6108022573484
1.25393478695739,0.611538945769418
1.25426685337067,0.612383970247222
1.25459891978396,0.613272466668824
1.25493098619724,0.614143077640521
1.25526305261052,0.614986027497903
1.2555951190238,0.615813309806071
1.25592718543709,0.616636702844589
1.25625925185037,0.617432329270473
1.25659131826365,0.618210089230715
1.25692338467694,0.618967847529424
1.25725545109022,0.619673203919679
1.2575875175035,0.620310067898831
1.25791958391678,0.620869080233251
1.25825165033007,0.62130354261083
1.25858371674335,0.621644931480829
1.25891578315663,0.621939544671506
1.25924784956991,0.622225460981509
1.2595799159832,0.622477200937866
1.25991198239648,0.622545400943076
1.26024404880976,0.622291503974639
1.26057611522304,0.621567395957682
1.26090818163633,0.620426747053977
1.26124024804961,0.619007434581671
1.26157231446289,0.617445094005495
1.26190438087618,0.615818276313759
1.26223644728946,0.614117756923859
1.26256851370274,0.612369182662645
1.26290058011602,0.610578394751588
1.26323264652931,0.608690967434893
1.26356471294259,0.606642253950829
1.26389677935587,0.604377003049791
1.26422884576915,0.601953125807853
1.26456091218244,0.599485050333892
1.26489297859572,0.597087842919784
1.265225045009,0.594843907519333
1.26555711142228,0.592769507871452
1.26588917783557,0.590873666534537
1.26622124424885,0.589171824289493
1.26655331066213,0.587663891987705
1.26688537707542,0.586371474778737
1.2672174434887,0.587031037684499
1.26754950990198,0.58786554569858
1.26788157631526,0.588805749105122
1.26821364272855,0.589833294209526
1.26854570914183,0.590913468302365
1.26887777555511,0.591933083807945
1.26920984196839,0.5919643532875
1.26954190838168,0.59128101204036
1.26987397479496,0.590711475458956
1.27020604120824,0.590408527636558
1.27053810762152,0.590552505822766
1.27087017403481,0.591175996306508
1.27120224044809,0.592046052061411
1.27153430686137,0.592901741421131
1.27186637327466,0.593521359883287
1.27219843968794,0.593936610244068
1.27253050610122,0.594225300053061
1.2728625725145,0.59445485694707
1.27319463892779,0.59467561027923
1.27352670534107,0.594901683140416
1.27385877175435,0.594843857586216
1.27419083816763,0.594568636961458
1.27452290458092,0.594257576188362
1.2748549709942,0.593860247375767
1.27518703740748,0.593323824780676
1.27551910382076,0.592617781543035
1.27585117023405,0.591725117740907
1.27618323664733,0.590647409490383
1.27651530306061,0.589369411334452
1.27684736947389,0.587872750845025
1.27717943588718,0.586154767141504
1.27751150230046,0.584252557253998
1.27784356871374,0.582211508109107
1.27817563512703,0.580171887247472
1.27850770154031,0.578712590340449
1.27883976795359,0.577225957443228
1.27917183436687,0.57549590662051
1.27950390078016,0.573614179136743
1.27983596719344,0.571631748512229
1.28016803360672,0.569598177819866
1.28050010002,0.567542393735807
1.28083216643329,0.565470103420623
1.28116423284657,0.563437283855167
1.28149629925985,0.561513535627221
1.28182836567313,0.559767594289977
1.28216043208642,0.558237623566735
1.2824924984997,0.556885729228839
1.28282456491298,0.555656646085095
1.28315663132627,0.554509381200008
1.28348869773955,0.553419967586709
1.28382076415283,0.552370016083085
1.28415283056611,0.551360767376516
1.2844848969794,0.550390698631904
1.28481696339268,0.549445326841236
1.28514902980596,0.548532901288177
1.28548109621924,0.547641626339599
1.28581316263253,0.546754868383905
1.28614522904581,0.54593115993614
1.28647729545909,0.545176356706535
1.28680936187237,0.544455526727069
1.28714142828566,0.543759237780808
1.28747349469894,0.54307814028739
1.28780556111222,0.542408743368687
1.28813762752551,0.541769413642496
1.28846969393879,0.541171895138048
1.28880176035207,0.540607920279564
1.28913382676535,0.540101563857617
1.28946589317864,0.539681396723962
1.28979795959192,0.539374142999538
1.2901300260052,0.539169957984548
1.29046209241848,0.539025187098422
1.29079415883177,0.538894969301194
1.29112622524505,0.538752178507245
1.29145829165833,0.538617565404917
1.29179035807161,0.538519876775184
1.2921224244849,0.538499131869255
1.29245449089818,0.538558888876864
1.29278655731146,0.538678796525744
1.29311862372474,0.538829546255698
1.29345069013803,0.538974913333542
1.29378275655131,0.539121166482401
1.29411482296459,0.539276135611213
1.29444688937788,0.536546343053996
1.29477895579116,0.532641449971486
1.29511102220444,0.5286404431999
1.29544308861772,0.52435929380211
1.29577515503101,0.520091523853776
1.29610722144429,0.515737720565786
1.29643928785757,0.511364749956244
1.29677135427085,0.507006985992733
1.29710342068414,0.502685687334295
1.29743548709742,0.498390760533454
1.2977675535107,0.494112529865836
1.29809961992398,0.489887614120245
1.29843168633727,0.485755708661722
1.29876375275055,0.481674574398604
1.29909581916383,0.477622735157739
1.29942788557712,0.473604232159398
1.2997599519904,0.469623418279903
1.30009201840368,0.465700593143825
1.30042408481696,0.461862464316738
1.30075615123025,0.458064460079467
1.30108821764353,0.454305614372366
1.30142028405681,0.450575948558028
1.30175235047009,0.450112391919156
1.30208441688338,0.449914692205156
1.30241648329666,0.449915809635182
1.30274854970994,0.450107088462695
1.30308061612322,0.450311464498626
1.30341268253651,0.450703618841908
1.30374474894979,0.451112475160159
1.30407681536307,0.451533235698337
1.30440888177636,0.451963602564385
1.30474094818964,0.45242464912193
1.30507301460292,0.452986235982449
1.3054050810162,0.453536662815275
1.30573714742949,0.454111830312571
1.30606921384277,0.454687839140229
1.30640128025605,0.45528267744647
1.30673334666933,0.455914372655384
1.30706541308262,0.456584530339105
1.3073974794959,0.457282928520509
1.30772954590918,0.458014184751416
1.30806161232246,0.45875333962497
1.30839367873575,0.459490211446753
1.30872574514903,0.460241057685409
1.30905781156231,0.460995288190163
1.3093898779756,0.461752033327994
1.30972194438888,0.462446984162012
1.31005401080216,0.463120049875729
1.31038607721544,0.463768508762043
1.31071814362873,0.464390649841747
1.31105021004201,0.465017206086967
1.31138227645529,0.465602970632419
1.31171434286857,0.466179569013111
1.31204640928186,0.466703438779527
1.31237847569514,0.467148698984441
1.31271054210842,0.467583402969026
1.3130426085217,0.467971949895478
1.31337467493499,0.468386068797786
1.31370674134827,0.468805717815057
1.31403880776155,0.469229278486073
1.31437087417483,0.469681682948383
1.31470294058812,0.470118924406417
1.3150350070014,0.470547273552919
1.31536707341468,0.471015987802016
1.31569913982797,0.471511142792775
1.31603120624125,0.47204583108019
1.31636327265453,0.472642187684861
1.31669533906781,0.473260189055288
1.3170274054811,0.47403354405649
1.31735947189438,0.474829374205698
1.31769153830766,0.475675963089437
1.31802360472094,0.476562889750868
1.31835567113423,0.477446198701535
1.31868773754751,0.478409325389284
1.31901980396079,0.479363496377272
1.31935187037407,0.48031102468515
1.31968393678736,0.481256358659702
1.32001600320064,0.48219224689046
1.32034806961392,0.48309669258765
1.32068013602721,0.484003573206776
1.32101220244049,0.484864910252592
1.32134426885377,0.485705746534536
1.32167633526705,0.486535193652926
1.32200840168034,0.487362142636789
1.32234046809362,0.488187968352758
1.3226725345069,0.489028511913493
1.32300460092018,0.48988151586494
1.32333666733347,0.490742424962907
1.32366873374675,0.491607181479933
1.32400080016003,0.49247197923697
1.32433286657331,0.493291017590637
1.3246649329866,0.494134212050493
1.32499699939988,0.494893531298315
1.32532906581316,0.495620535470808
1.32566113222645,0.496291887600468
1.32599319863973,0.49686305896858
1.32632526505301,0.497366349701214
1.32665733146629,0.497800965943554
1.32698939787958,0.498207500347235
1.32732146429286,0.498598008097602
1.32765353070614,0.49898343207081
1.32798559711942,0.499375052628206
1.32831766353271,0.499755563771859
1.32864972994599,0.500147250311663
1.32898179635927,0.50064116434899
1.32931386277255,0.501197859452898
1.32964592918584,0.501781695836197
1.32997799559912,0.502481243168677
1.3303100620124,0.503165279842494
1.33064212842569,0.503989671331875
1.33097419483897,0.504844922070869
1.33130626125225,0.505741602172525
1.33163832766553,0.506729967729901
1.33197039407882,0.50774436336752
1.3323024604921,0.508796394666107
1.33263452690538,0.509864323530489
1.33296659331866,0.510953886651887
1.33329865973195,0.512072475479771
1.33363072614523,0.513227517790919
1.33396279255851,0.51442074276223
1.33429485897179,0.515609289394503
1.33462692538508,0.516791568928121
1.33495899179836,0.517949231947923
1.33529105821164,0.519081044726226
1.33562312462493,0.520199557599352
1.33595519103821,0.521317646379708
1.33628725745149,0.522348175280045
1.33661932386477,0.523368144507577
1.33695139027806,0.52433247668952
1.33728345669134,0.525210827932271
1.33761552310462,0.526099055846252
1.3379475895179,0.526786907403472
1.33827965593119,0.527466852065872
1.33861172234447,0.528032464513966
1.33894378875775,0.528510164221628
1.33927585517103,0.528981998563246
1.33960792158432,0.529406395837869
1.3399399879976,0.529828804972748
1.34027205441088,0.530241699080199
1.34060412082416,0.530657341412996
1.34093618723745,0.53108991768591
1.34126825365073,0.531537628205746
1.34160032006401,0.53199233511568
1.3419323864773,0.532548876779227
1.34226445289058,0.533079019215909
1.34259651930386,0.533699984546752
1.34292858571714,0.534426770663286
1.34326065213043,0.535117050280235
1.34359271854371,0.535876164902209
1.34392478495699,0.536604922574019
1.34425685137027,0.537322846591673
1.34458891778356,0.538043756392985
1.34492098419684,0.538775407380277
1.34525305061012,0.539558662207734
1.3455851170234,0.540346239841258
1.34591718343669,0.541175005142378
1.34624924984997,0.542002571852545
1.34658131626325,0.542807234662468
1.34691338267654,0.543587170832373
1.34724544908982,0.544389458304111
1.3475775155031,0.545114950482258
1.34790958191638,0.545849676253616
1.34824164832967,0.546561033941181
1.34857371474295,0.547240935162517
1.34890578115623,0.547905732462615
1.34923784756951,0.548468739202131
1.3495699139828,0.549033451643734
1.34990198039608,0.54941380261694
1.35023404680936,0.549696671089299
1.35056611322264,0.549932551262067
1.35089817963593,0.550041214853266
1.35123024604921,0.550151331827818
1.35156231246249,0.550267970142005
1.35189437887578,0.550395748968313
1.35222644528906,0.550539949878291
1.35255851170234,0.550738902636866
1.35289057811562,0.550942937925853
1.35322264452891,0.551152548703014
1.35355471094219,0.55138943924117
1.35388677735547,0.55169251587309
1.35421884376875,0.55204356233634
1.35455091018204,0.552420885238316
1.35488297659532,0.552854004210476
1.3552150430086,0.553286331415254
1.35554710942188,0.553924646696939
1.35587917583517,0.554658437199663
1.35621124224845,0.555414083006426
1.35654330866173,0.556233785718402
1.35687537507502,0.557075241601135
1.3572074414883,0.557861708944967
1.35753950790158,0.558611863348476
1.35787157431486,0.559201301416464
1.35820364072815,0.559587720436241
1.35853570714143,0.55993967390977
1.35886777355471,0.560084023716614
1.35919983996799,0.560235534766835
1.35953190638128,0.560287294181695
1.35986397279456,0.560254300587886
1.36019603920784,0.560204265995732
1.36052810562112,0.560136624879795
1.36086017203441,0.560047398333959
1.36119223844769,0.560039982298876
1.36152430486097,0.560088135042904
1.36185637127425,0.560287088825009
1.36218843768754,0.560731676576792
1.36252050410082,0.561246991287737
1.3628525705141,0.561574827736607
1.36318463692739,0.561878793784557
1.36351670334067,0.562121536719131
1.36384876975395,0.562291697282534
1.36418083616723,0.56240343374942
1.36451290258052,0.562516978984662
1.3648449689938,0.562642442753506
1.36517703540708,0.563109007780486
1.36550910182036,0.56382405069495
1.36584116823365,0.564694093698284
1.36617323464693,0.565774109407925
1.36650530106021,0.566910267166679
1.36683736747349,0.568132491330154
1.36716943388678,0.569393543141884
1.36750150030006,0.570651636527137
1.36783356671334,0.57191341268782
1.36816563312663,0.573301274965194
1.36849769953991,0.5747958823727
1.36882976595319,0.576589248829528
1.36916183236647,0.578518975602266
1.36949389877976,0.580528358354995
1.36982596519304,0.582616229678116
1.37015803160632,0.584673057466169
1.3704900980196,0.586749693374324
1.37082216443289,0.588870954291603
1.37115423084617,0.591036978392078
1.37148629725945,0.593247238420292
1.37181836367273,0.595497905045195
1.37215043008602,0.59764030390579
1.3724824964993,0.599663201351912
1.37281456291258,0.601619589235736
1.37314662932587,0.603568507357447
1.37347869573915,0.60555012406426
1.37381076215243,0.607589453033741
1.37414282856571,0.609854858554594
1.374474894979,0.612275630395351
1.37480696139228,0.61510400843189
1.37513902780556,0.618116232666642
1.37547109421884,0.621120492549023
1.37580316063213,0.624321661685671
1.37613522704541,0.627403315532615
1.37646729345869,0.630445082345623
1.37679935987197,0.633431023276595
1.37713142628526,0.636367639652752
1.37746349269854,0.63927300435539
1.37779555911182,0.642161772217147
1.37812762552511,0.64498495499298
1.37845969193839,0.647638668775297
1.37879175835167,0.649948391766967
1.37912382476495,0.651866762891694
1.37945589117824,0.653521434774507
1.37978795759152,0.654910455490048
1.3801200240048,0.656168879495238
1.38045209041808,0.657130161745384
1.38078415683137,0.658092026350949
1.38111622324465,0.658985806993755
1.38144828965793,0.659687332194549
1.38178035607121,0.660389009908498
1.3821124224845,0.660662640958127
1.38244448889778,0.660877894068465
1.38277655531106,0.660900057405624
1.38310862172434,0.660657143035686
1.38344068813763,0.660414138312079
1.38377275455091,0.660105784028641
1.38410482096419,0.659797429745204
1.38443688737748,0.659489075461767
1.38476895379076,0.659180721178329
1.38510102020404,0.658882732309732
1.38543308661732,0.658639548936401
1.38576515303061,0.658396309364795
1.38609721944389,0.658149401370623
1.38642928585717,0.657893709776743
1.38676135227045,0.65763795952283
1.38709341868374,0.657382150602054
1.38742548509702,0.657126283007587
1.3877575515103,0.657220072751105
1.38808961792358,0.657363981298386
1.38842168433687,0.657565729401709
1.38875375075015,0.657801415079256
1.38908581716343,0.658036959041885
1.38941788357672,0.6582723610108
1.38974994999,0.658507620707016
1.39008201640328,0.658748871747997
1.39041408281656,0.6590087053459
1.39074614922985,0.65926843512784
1.39107821564313,0.659528060849019
1.39141028205641,0.659787582264466
1.39174234846969,0.660046999129043
1.39207441488298,0.660306311197445
1.39240648129626,0.660541276161633
1.39273854770954,0.660582592352421
1.39307061412282,0.660320270344104
1.39340268053611,0.660057948335786
1.39373474694939,0.659795626327468
1.39406681336267,0.659562032459124
1.39439887977596,0.65932404462729
1.39473094618924,0.659086027111471
1.39506301260252,0.658847979910378
1.3953950790158,0.658609903022726
1.39572714542909,0.658371796447227
1.39605921184237,0.658140344952613
1.39639127825565,0.657939670378359
1.39672334466893,0.657738970301328
1.39705541108222,0.657538244720408
1.3973874774955,0.657337493634487
1.39771954390878,0.656701422228155
1.39805161032206,0.655905176451958
1.39838367673535,0.655018569493116
1.39871574314863,0.654069233983069
1.39904780956191,0.653107841747196
1.39937987597519,0.652167548149297
1.39971194238848,0.65121611066138
1.40004400880176,0.65020768442374
1.40037607521504,0.64910687771258
1.40070814162833,0.647897257437603
1.40104020804161,0.646601165537135
1.40137227445489,0.645241460022282
1.40170434086817,0.643836203429786
1.40203640728146,0.642394978589091
1.40236847369474,0.640934328604411
1.40270054010802,0.639451173892926
1.4030326065213,0.637959462600495
1.40336467293459,0.636475596734185
1.40369673934787,0.635014934544529
1.40402880576115,0.633567712319439
1.40436087217443,0.632140483201789
1.40469293858772,0.630611355691779
1.405025005001,0.628955296861036
1.40535707141428,0.627255367728997
1.40568913782757,0.625618439272638
1.40602120424085,0.624144290926485
1.40635327065413,0.622833604344006
1.40668533706741,0.621637382885007
1.4070174034807,0.620531601632361
1.40734946989398,0.619471897122417
1.40768153630726,0.618413609727842
1.40801360272054,0.617312193372814
1.40834566913383,0.616130435269356
1.40867773554711,0.614877255939185
1.40900980196039,0.613579723561021
1.40934186837367,0.612264943465115
1.40967393478696,0.610963100841296
1.41000600120024,0.609708974524758
1.41033806761352,0.608592629717161
1.41067013402681,0.60758030065085
1.41100220044009,0.606661709092044
1.41133426685337,0.605819318591815
1.41166633326665,0.605035866966693
1.41199839967994,0.604296677151216
1.41233046609322,0.603611876003561
1.4126625325065,0.602945583561548
1.41299459891978,0.602285210207762
1.41332666533307,0.601618998084861
1.41365873174635,0.600935294170924
1.41399079815963,0.600226597743739
1.41432286457291,0.599499529845082
1.4146549309862,0.598792351758584
1.41498699739948,0.598131950612748
1.41531906381276,0.597524279336048
1.41565113022605,0.5969640701126
1.41598319663933,0.596443761789006
1.41631526305261,0.595969937850989
1.41664732946589,0.595495597792657
1.41697939587918,0.59501456796091
1.41731146229246,0.594524841219809
1.41764352870574,0.594045716594416
1.41797559511902,0.593610159694565
1.41830766153231,0.59325110144276
1.41863972794559,0.592979546013956
1.41897179435887,0.592766335239338
1.41930386077215,0.592578038199971
1.41963592718544,0.592385512908867
1.41996799359872,0.592184643676188
1.420300060012,0.591970123835725
1.42063212642529,0.591755984232097
1.42096419283857,0.5915447263964
1.42129625925185,0.591334105185364
1.42162832566513,0.591121700988004
1.42196039207842,0.590885842194744
1.4222924584917,0.590658841361687
1.42262452490498,0.590440330200395
1.42295659131826,0.590232024105322
1.42328865773155,0.590035311762137
1.42362072414483,0.589849708689112
1.42395279055811,0.589674756685862
1.42428485697139,0.589534064509908
1.42461692338468,0.589423782322044
1.42494898979796,0.589353888192926
1.42528105621124,0.589333631341949
1.42561312262452,0.589350154974905
1.42594518903781,0.589382915382729
1.42627725545109,0.58942100502451
1.42660932186437,0.589441321505255
1.42694138827766,0.589431409748251
1.42727345469094,0.588500210213936
1.42760552110422,0.586838059342593
1.4279375875175,0.585095940647409
1.42826965393079,0.583320892773046
1.42860172034407,0.58154177356586
1.42893378675735,0.579766089736462
1.42926585317063,0.578018893995392
1.42959791958392,0.577753152178277
1.4299299859972,0.577487884834229
1.43026205241048,0.577240002349414
1.43059411882376,0.576996060408168
1.43092618523705,0.576751085914887
1.43125825165033,0.576506475388269
1.43159031806361,0.576264189582105
1.4319223844769,0.576025988531911
1.43225445089018,0.575823006197428
1.43258651730346,0.57562466564297
1.43291858371674,0.575413436071396
1.43325065013003,0.575186327463735
1.43358271654331,0.574952523213122
1.43391478295659,0.574723383170217
1.43424684936987,0.574523692047308
1.43457891578316,0.574366591649404
1.43491098219644,0.574216517925238
1.43524304860972,0.574066390083051
1.435575115023,0.57391226382886
1.43590718143629,0.573755287200524
1.43623924784957,0.573604972623494
1.43657131426285,0.573459975830208
1.43690338067614,0.573330360553164
1.43723544708942,0.573232320986805
1.4375675135027,0.573181199809776
1.43789957991598,0.573174598621351
1.43823164632927,0.573216251080836
1.43856371274255,0.5732733639154
1.43889577915583,0.573321096439383
1.43922784556911,0.573358094708238
1.4395599119824,0.57338532959045
1.43989197839568,0.573403735567746
1.44022404480896,0.573421270812175
1.44055611122224,0.573434510412508
1.44088817763553,0.573440276973559
1.44122024404881,0.573437855593493
1.44155231046209,0.573424825947846
1.44188437687538,0.573398619099869
1.44221644328866,0.572880825688188
1.44254850970194,0.57119631894966
1.44288057611522,0.569518662556533
1.44321264252851,0.567857201662651
1.44354470894179,0.566209423915969
1.44387677535507,0.564571125524745
1.44420884176835,0.56298395309105
1.44454090818164,0.56140720056042
1.44487297459492,0.559883904724136
1.4452050410082,0.558357033797867
1.44553710742148,0.557560899050701
1.44586917383477,0.557244835724083
1.44620124024805,0.556950775531226
1.44653330666133,0.556744556977592
1.44686537307461,0.556528207420338
1.4471974394879,0.556307402037871
1.44752950590118,0.556088135540289
1.44786157231446,0.555857751517241
1.44819363872775,0.555605275254616
1.44852570514103,0.555374715305114
1.44885777155431,0.555223926354056
1.44918983796759,0.555107273562944
1.44952190438088,0.555070902308096
1.44985397079416,0.555110853677888
1.45018603720744,0.555188662847888
1.45051810362072,0.555343895196243
1.45085017003401,0.555507703344773
1.45118223644729,0.555675892418211
1.45151430286057,0.555839875389367
1.45184636927385,0.555988843228232
1.45217843568714,0.556123434091474
1.45251050210042,0.55624216168223
1.4528425685137,0.556381085503556
1.45317463492699,0.556533667589058
1.45350670134027,0.556705652810045
1.45383876775355,0.556891368810258
1.45417083416683,0.557074633314926
1.45450290058012,0.557245609891963
1.4548349669934,0.557410732386082
1.45516703340668,0.557529708066128
1.45549909981996,0.557623390406451
1.45583116623325,0.557748055929168
1.45616323264653,0.557942327276721
1.45649529905981,0.558153524875838
1.45682736547309,0.558416769153287
1.45715943188638,0.558700472681363
1.45749149829966,0.558978519809416
1.45782356471294,0.559241056196955
1.45815563112623,0.559486357641478
1.45848769753951,0.559712933399195
1.45881976395279,0.559913404088824
1.45915183036607,0.56006141521231
1.45948389677936,0.560152249352102
1.45981596319264,0.560215729404018
1.46014802960592,0.560143578591569
1.4604800960192,0.560058622734301
1.46081216243249,0.559957189006491
1.46114422884577,0.559875942179588
1.46147629525905,0.559841946768994
1.46180836167233,0.559813313116455
1.46214042808562,0.559821658164228
1.4624724944989,0.559855139704967
1.46280456091218,0.55990521289226
1.46313662732547,0.559936017905531
1.46346869373875,0.559913577213093
1.46380076015203,0.559865027521301
1.46413282656531,0.55973775532232
1.4644648929786,0.559579091311871
1.46479695939188,0.559365390072661
1.46512902580516,0.55909863098956
1.46546109221844,0.558808881991844
1.46579315863173,0.558498430326364
1.46612522504501,0.55817613519975
1.46645729145829,0.558018145257455
1.46678935787157,0.557943990522527
1.46712142428486,0.557873114062547
1.46745349069814,0.557806165063224
1.46778555711142,0.557743193992328
1.46811762352471,0.557619735374703
1.46844968993799,0.557498121467283
1.46878175635127,0.557417116484214
1.46911382276455,0.557395927912069
1.46944588917784,0.557404765506452
1.46977795559112,0.557497380174258
1.4701100220044,0.557612100130654
1.47044208841768,0.557767816257453
1.47077415483097,0.557956971199505
1.47110622124425,0.558152324152888
1.47143828765753,0.558419120735106
1.47177035407081,0.558659548481792
1.4721024204841,0.558927889860222
1.47243448689738,0.559215146428997
1.47276655331066,0.559523625282575
1.47309861972394,0.559880338507124
1.47343068613723,0.560248791230948
1.47376275255051,0.5606324863233
1.47409481896379,0.561037077487733
1.47442688537708,0.561469148200503
1.47475895179036,0.56193504872139
1.47509101820364,0.562432298659142
1.47542308461692,0.562947511964723
1.47575515103021,0.563466592547057
1.47608721744349,0.563944003660412
1.47641928385677,0.564393483743504
1.47675135027005,0.564841082216082
1.47708341668334,0.565290592009594
1.47741548309662,0.565742465029754
1.4777475495099,0.566150951681687
1.47807961592318,0.566542157187831
1.47841168233647,0.566918918388889
1.47874374874975,0.567278408422175
1.47907581516303,0.567609194613143
1.47940788157632,0.567901059340345
1.4797399479896,0.568152003736129
1.48007201440288,0.568394627251584
1.48040408081616,0.568635433258638
1.48073614722945,0.568841487202875
1.48106821364273,0.569018327738211
1.48140028005601,0.56917163327133
1.48173234646929,0.569307260718508
1.48206441288258,0.56942765685035
1.48239647929586,0.569526753144652
1.48272854570914,0.56962752466301
1.48306061212242,0.569731818147793
1.48339267853571,0.569838424488243
1.48372474494899,0.569946071760106
1.48405681136227,0.570078284962961
1.48438887777556,0.57025142740531
1.48472094418884,0.570421221075272
1.48505301060212,0.570587033693581
1.4853850770154,0.570754016949519
1.48571714342869,0.570865151935086
1.48604920984197,0.570941981956815
1.48638127625525,0.571040068998973
1.48671334266853,0.571162417837521
1.48704540908182,0.571311911408517
1.4873774754951,0.571448876168493
1.48770954190838,0.571596137506682
1.48804160832166,0.571766412023953
1.48837367473495,0.571956288693412
1.48870574114823,0.572161408115786
1.48903780756151,0.572427315033036
1.4893698739748,0.572705519744265
1.48970194038808,0.573225551475971
1.49003400680136,0.574036409507795
1.49036607321464,0.574848957903493
1.49069813962793,0.575687730319607
1.49103020604121,0.57654651386696
1.49136227245449,0.577378758375479
1.49169433886777,0.578187201804259
1.49202640528106,0.578977328543519
1.49235847169434,0.579700149861906
1.49269053810762,0.580425883396594
1.4930226045209,0.581066411479581
1.49335467093419,0.581680445669531
1.49368673734747,0.582308192571235
1.49401880376075,0.582960725394946
1.49435087017403,0.583601880101249
1.49468293658732,0.584183334270135
1.4950150030006,0.584762088319552
1.49534706941388,0.585285163732155
1.49567913582717,0.585752852766572
1.49601120224045,0.58621443138881
1.49634326865373,0.586637662095198
1.49667533506701,0.587047276202872
1.4970074014803,0.587078316264312
1.49733946789358,0.586902201630267
1.49767153430686,0.586707736766784
1.49800360072014,0.586534328344301
1.49833566713343,0.586358578038639
1.49866773354671,0.586421989589807
1.49899979995999,0.586532331107756
1.49933186637327,0.586687604610555
1.49966393278656,0.586909639316374
1.49999599919984,0.587132382847127
1.50032806561312,0.587583473402982
1.50066013202641,0.588048972587494
1.50099219843969,0.588460895685075
1.50132426485297,0.588829931448342
1.50165633126625,0.589218637945117
1.50198839767954,0.58970569779044
1.50232046409282,0.590190313865631
1.5026525305061,0.590759852410289
1.50298459691938,0.591362597212286
1.50331666333267,0.591948626583277
1.50364872974595,0.592494373470745
1.50398079615923,0.593040564604132
1.50431286257251,0.593514502605603
1.5046449289858,0.593980462048995
1.50497699539908,0.594446697641348
1.50530906181236,0.594913344613356
1.50564112822564,0.595367676960453
1.50597319463893,0.595537006783394
1.50630526105221,0.595676828242321
1.50663732746549,0.595776820606312
1.50696939387878,0.595854606126247
1.50730146029206,0.595909382012351
1.50763352670534,0.595870114263292
1.50796559311862,0.595830375872871
1.50829765953191,0.595834382881833
1.50862972594519,0.595846704962399
1.50896179235847,0.595836014429098
1.50929385877175,0.595793835839903
1.50962592518504,0.595766837602469
1.50995799159832,0.595758000529963
1.5102900580116,0.595763792355596
1.51062212442488,0.595822529585058
1.51095419083817,0.595914366361137
1.51128625725145,0.595985718501413
1.51161832366473,0.596089758754996
1.51195039007802,0.596177770372679
1.5122824564913,0.59632285737587
1.51261452290458,0.596485684040748
1.51294658931786,0.596639210885114
1.51327865573115,0.596810125074365
1.51361072214443,0.596965318484565
1.51394278855771,0.597120500558287
1.51427485497099,0.597308276936646
1.51460692138428,0.597517704148574
1.51493898779756,0.597736544372391
1.51527105421084,0.597955742339973
1.51560312062412,0.598169409353705
1.51593518703741,0.598380359402706
1.51626725345069,0.59861015215907
1.51659931986397,0.598866510500471
1.51693138627726,0.599123966116347
1.51726345269054,0.59937443187548
1.51759551910382,0.599609888563824
1.5179275855171,0.599785939992596
1.51825965193039,0.5999246411683
1.51859171834367,0.60004737926443
1.51892378475695,0.600145333153328
1.51925585117023,0.600256667980902
1.51958791758352,0.600321062377585
1.5199199839968,0.600378389124425
1.52025205041008,0.60035959652536
1.52058411682336,0.600267687995186
1.52091618323665,0.600171217328418
1.52124824964993,0.600071988594993
1.52158031606321,0.599977302432691
1.5219123824765,0.599895347419509
1.52224444888978,0.599849281683001
1.52257651530306,0.599807173410969
1.52290858171634,0.599693252129931
1.52324064812963,0.599602796127787
1.52357271454291,0.599485372714201
1.52390478095619,0.599366636255287
1.52423684736947,0.599250468533481
1.52456891378276,0.599129631204203
1.52490098019604,0.599004873959629
1.52523304660932,0.598879246999143
1.5255651130226,0.598755619092431
1.52589717943589,0.598664958843544
1.52622924584917,0.598601356552768
1.52656131226245,0.598526912301787
1.52689337867574,0.598394153553116
1.52722544508902,0.598265389391932
1.5275575115023,0.598191266475101
1.52788957791558,0.598158904895585
1.52822164432887,0.59814978552069
1.52855371074215,0.598160299937784
1.52888577715543,0.598186746730991
1.52921784356871,0.598272612245866
1.529549909982,0.598365938571271
1.52988197639528,0.598495775926862
1.53021404280856,0.598652060707311
1.53054610922184,0.598775695001695
1.53087817563513,0.59888216399947
1.53121024204841,0.598975788589303
1.53154230846169,0.599026252451891
1.53187437487498,0.599047188503784
1.53220644128826,0.599074759466783
1.53253850770154,0.599110744665485
1.53287057411482,0.599155512545613
1.53320264052811,0.599169236783682
1.53353470694139,0.599184568776973
1.53386677335467,0.59920274691944
1.53419883976795,0.599205935414148
1.53453090618124,0.599239386088565
1.53486297259452,0.599300800125584
1.5351950390078,0.599378993708165
1.53552710542108,0.59943369203488
1.53585917183437,0.599454445695807
1.53619123824765,0.59946663102706
1.53652330466093,0.599491917684074
1.53685537107421,0.599559168501863
1.5371874374875,0.599700658807015
1.53751950390078,0.599877791147741
1.53785157031406,0.600045300225475
1.53818363672735,0.60018936205109
1.53851570314063,0.600317714425676
1.53884776955391,0.600488722871838
1.53917983596719,0.60067701002746
1.53951190238048,0.600870566256503
1.53984396879376,0.60106584280021
1.54017603520704,0.601259173467115
1.54050810162032,0.601614850381503
1.54084016803361,0.601958035690564
1.54117223444689,0.602394334870402
1.54150430086017,0.602900492834108
1.54183636727345,0.603365247420407
1.54216843368674,0.603789006787528
1.54250050010002,0.604177677066553
1.5428325665133,0.604542242264178
1.54316463292659,0.60488854085172
1.54349669933987,0.605206295063319
1.54382876575315,0.605472264897376
1.54416083216643,0.605724323607238
1.54449289857972,0.605913915837466
1.544824964993,0.606096624676131
1.54515703140628,0.60628054743944
1.54548909781956,0.60646257030582
1.54582116423285,0.606639519123256
1.54615323064613,0.606821053620098
1.54648529705941,0.607002400603901
1.54681736347269,0.607159119166597
1.54714942988598,0.607287880359786
1.54748149629926,0.607381309265267
1.54781356271254,0.607373385381159
1.54814562912583,0.607381176264848
1.54847769553911,0.607406802478559
1.54880976195239,0.607442696695702
1.54914182836567,0.607481071649443
1.54947389477896,0.607516017308284
1.54980596119224,0.607545610602072
1.55013802760552,0.607568436661494
1.5504700940188,0.607584452560011
1.55080216043209,0.607632219804989
1.55113422684537,0.607727741141452
1.55146629325865,0.607852616495606
1.55179835967193,0.60801304728152
1.55213042608522,0.608202458034309
1.5524624924985,0.608376834764055
1.55279455891178,0.60855659891134
1.55312662532506,0.608709269465221
1.55345869173835,0.60869526056751
1.55379075815163,0.608703505467401
1.55412282456491,0.608833783542502
1.5544548909782,0.609012294403723
1.55478695739148,0.609193577389349
1.55511902380476,0.609371874413239
1.55545109021804,0.609544549526743
1.55578315663133,0.609534699493726
1.55611522304461,0.609488159314427
1.55644728945789,0.609428927594063
1.55677935587117,0.609387245380174
1.55711142228446,0.609348053982057
1.55744348869774,0.609399592036858
1.55777555511102,0.609420558733427
1.5581076215243,0.609358689448465
1.55843968793759,0.609234193763631
1.55877175435087,0.609058215334207
1.55910382076415,0.608823976800718
1.55943588717744,0.608595841897927
1.55976795359072,0.60837911910664
1.560100020004,0.60817232533447
1.56043208641728,0.608131862974027
1.56076415283057,0.608303072444721
1.56109621924385,0.608489908329508
1.56142828565713,0.6085874944682
1.56176035207041,0.608745916633476
1.5620924184837,0.608941557089401
1.56242448489698,0.609123300234638
1.56275655131026,0.609292989947156
1.56308861772354,0.609441415850316
1.56342068413683,0.609572675859583
1.56375275055011,0.609646013579918
1.56408481696339,0.609695809784263
1.56441688337668,0.609720146289717
1.56474894978996,0.609699893072167
1.56508101620324,0.609678384657131
1.56541308261652,0.609713632795767
1.56574514902981,0.609759335746569
1.56607721544309,0.609820171017783
1.56640928185637,0.609910405996253
1.56674134826965,0.60999603260157
1.56707341468294,0.610115614478433
1.56740548109622,0.610201263181562
1.5677375475095,0.610148902380106
1.56806961392278,0.610031447838741
1.56840168033607,0.609903376096349
1.56873374674935,0.609712111224471
1.56906581316263,0.609543106422623
1.56939787957592,0.609385954588819
1.5697299459892,0.609232852457232
1.57006201240248,0.609082393691019
1.57039407881576,0.608930218315018
1.57072614522905,0.608786258361698
1.57105821164233,0.608641832835628
1.57139027805561,0.608481944124702
1.57172234446889,0.608258746196009
1.57205441088218,0.60796996321675
1.57238647729546,0.607636568933991
1.57271854370874,0.607174285568306
1.57305061012202,0.606699851190193
1.57338267653531,0.60626788481705
1.57371474294859,0.605867583321208
1.57404680936187,0.605491789272219
1.57437887577516,0.605133668461958
1.57471094218844,0.604790384319809
1.57504300860172,0.604501458233409
1.575375075015,0.604214696725124
1.57570714142829,0.603975618574519
1.57603920784157,0.603803481560048
1.57637127425485,0.603632121868494
1.57670334066813,0.603402809506215
1.57703540708142,0.60317359117498
1.5773674734947,0.602942742624367
1.57769953990798,0.602710329784903
1.57803160632126,0.602477520394517
1.57836367273455,0.60223089435793
1.57869573914783,0.601990914080198
1.57902780556111,0.601839917343822
1.57935987197439,0.601704861253358
1.57969193838768,0.601564187406695
1.58002400480096,0.601436858617137
1.58035607121424,0.601276314028801
1.58068813762753,0.601114063104263
1.58102020404081,0.600958672247442
1.58135227045409,0.600808021329914
1.58168433686737,0.60065802962717
1.58201640328066,0.600505098724715
1.58234846969394,0.600350495757818
1.58268053610722,0.600198316773053
1.5830126025205,0.600052609346188
1.58334466893379,0.599911561021408
1.58367673534707,0.599777345873056
1.58400880176035,0.599670687093018
1.58434086817363,0.599545594853999
1.58467293458692,0.599399552665882
1.5850050010002,0.599245630015187
1.58533706741348,0.599096433143273
1.58566913382677,0.598954636266975
1.58600120024005,0.598813380768176
1.58633326665333,0.598559548412171
1.58666533306661,0.59829291339996
1.5869973994799,0.59809652836601
1.58732946589318,0.597975780068628
1.58766153230646,0.5978903645825
1.58799359871974,0.597840293100883
1.58832566513303,0.597797145152163
1.58865773154631,0.597772691148965
1.58898979795959,0.597762332071319
1.58932186437287,0.597766083852167
1.58965393078616,0.597773807366685
1.58998599719944,0.597774704645373
1.59031806361272,0.597836234458686
1.59065013002601,0.59792679816273
1.59098219643929,0.598050601053593
1.59131426285257,0.598205696614253
1.59164632926585,0.598382809909926
1.59197839567914,0.598572388179156
1.59231046209242,0.598737927661127
1.5926425285057,0.598904911545255
1.59297459491898,0.599074767905688
1.59330666133227,0.599257373190761
1.59363872774555,0.599488475294834
1.59397079415883,0.599714258235775
1.59430286057211,0.599903746473747
1.5946349269854,0.600068713442353
1.59496699339868,0.600223246357887
1.59529905981196,0.600368900986517
1.59563112622525,0.600506749825743
1.59596319263853,0.600690843131078
1.59629525905181,0.600841307036629
1.59662732546509,0.601035414593636
1.59695939187838,0.601280306951676
1.59729145829166,0.60152097165214
1.59762352470494,0.601763557840576
1.59795559111822,0.602011090921897
1.59828765753151,0.602249430254622
1.59861972394479,0.602479813306875
1.59895179035807,0.602683817866512
1.59928385677135,0.602829103446478
1.59961592318464,0.602965221845615
1.59994798959792,0.603046040283162
1.6002800560112,0.603108841709937
1.60061212242448,0.603159389195541
1.60094418883777,0.603191622631665
1.60127625525105,0.603201058255188
1.60160832166433,0.603190412576108
1.60194038807762,0.603164457067212
1.6022724544909,0.603145095144106
1.60260452090418,0.603122889594933
1.60293658731746,0.603097417530598
1.60326865373075,0.603071989362565
1.60360072014403,0.603048623184021
1.60393278655731,0.602940395425695
1.60426485297059,0.602779301492448
1.60459691938388,0.602611896825016
1.60492898579716,0.602444268551772
1.60526105221044,0.602262039244726
1.60559311862372,0.602070718027594
1.60592518503701,0.60188980168944
1.60625725145029,0.601734318940174
1.60658931786357,0.601626653522339
1.60692138427686,0.601539978207244
1.60725345069014,0.601515524651537
1.60758551710342,0.601473599047424
1.6079175835167,0.601394531246821
1.60824964992999,0.601290218905174
1.60858171634327,0.601190255175629
1.60891378275655,0.601077821173819
1.60924584916983,0.600962636086763
1.60957791558312,0.600845590245826
1.6099099819964,0.600726288321799
1.61024204840968,0.600597107906388
1.61057411482296,0.600465838922368
1.61090618123625,0.600339750217167
1.61123824764953,0.60022323495525
1.61157031406281,0.600118447733647
1.6119023804761,0.600024502752338
1.61223444688938,0.599925562130967
1.61256651330266,0.599824518952336
1.61289857971594,0.599676609251682
1.61323064612923,0.599537249384956
1.61356271254251,0.599446066858409
1.61389477895579,0.599384669725795
1.61422684536907,0.599348118783664
1.61455891178236,0.5994084553135
1.61489097819564,0.599480054704132
1.61522304460892,0.599558390018497
1.6155551110222,0.599638371148245
1.61588717743549,0.599715566252231
1.61621924384877,0.599797409401085
1.61655131026205,0.599883347359208
1.61688337667534,0.6000314343103
1.61721544308862,0.600190372817693
1.6175475095019,0.600368596756279
1.61787957591518,0.600576301783397
1.61821164232847,0.600829621622598
1.61854370874175,0.601212370674528
1.61887577515503,0.6016131086503
1.61920784156831,0.601978328262787
1.6195399079816,0.602329580131031
1.61987197439488,0.602702569679516
1.62020404080816,0.603129753992761
1.62053610722144,0.603564071563944
1.62086817363473,0.603940688537233
1.62120024004801,0.604295635841253
1.62153230646129,0.604574155375136
1.62186437287457,0.604763068563323
1.62219643928786,0.60493691042866
1.62252850570114,0.605095540937974
1.62286057211442,0.605236368549616
1.62319263852771,0.605361037861997
1.62352470494099,0.605471190129816
1.62385677135427,0.605558157882264
1.62418883776755,0.60559717474854
1.62452090418084,0.60564399815176
1.62485297059412,0.60565518246873
1.6251850370074,0.605665971515799
1.62551710342068,0.605647629223517
1.62584916983397,0.605562162646712
1.62618123624725,0.605492579292745
1.62651330266053,0.605433600445225
1.62684536907381,0.60537581229704
1.6271774354871,0.605315312859902
1.62750950190038,0.605252944868079
1.62784156831366,0.605196652760568
1.62817363472695,0.605193942474704
1.62850570114023,0.605188396390831
1.62883776755351,0.605299294584008
1.62916983396679,0.605460413532916
1.62950190038008,0.605606528903891
1.62983396679336,0.605743120520335
1.63016603320664,0.605867238293997
1.63049809961992,0.605936044816756
1.63083016603321,0.605997763899801
1.63116223244649,0.605982714172597
1.63149429885977,0.60584750964954
1.63182636527305,0.605697737257198
1.63215843168634,0.605543617289087
1.63249049809962,0.605391796273647
1.6328225645129,0.605276112267344
1.63315463092619,0.605200914476561
1.63348669733947,0.60515991668647
1.63381876375275,0.60517297950776
1.63415083016603,0.605176347674751
1.63448289657932,0.605164653687265
1.6348149629926,0.605145999198941
1.63514702940588,0.605099207518503
1.63547909581916,0.604997778163225
1.63581116223245,0.604882518907891
1.63614322864573,0.604574764593802
1.63647529505901,0.604179208583582
1.63680736147229,0.603810942509614
1.63713942788558,0.603487127601264
1.63747149429886,0.603179636888657
1.63780356071214,0.602882437842706
1.63813562712543,0.602601277542025
1.63846769353871,0.60244687393722
1.63879975995199,0.602358781020368
1.63913182636527,0.602269437757028
1.63946389277856,0.602181000797087
1.63979595919184,0.602093882402922
1.64012802560512,0.601964070126665
1.6404600920184,0.601825261679429
1.64079215843169,0.601684176276248
1.64112422484497,0.601544317488186
1.64145629125825,0.601410009147411
1.64178835767153,0.6012853920578
1.64212042408482,0.601164799699543
1.6424524904981,0.601043057996485
1.64278455691138,0.600934294713858
1.64311662332467,0.600836668047248
1.64344868973795,0.600743797969644
1.64378075615123,0.600648816213168
1.64411282256451,0.600511980852432
1.6444448889778,0.600354432521999
1.64477695539108,0.600191257827691
1.64510902180436,0.600047321004943
1.64544108821764,0.599880954025644
1.64577315463093,0.599705198399852
1.64610522104421,0.599546991367755
1.64643728745749,0.599429292439249
1.64676935387077,0.599311224245151
1.64710142028406,0.599177048404652
1.64743348669734,0.59901274154561
1.64776555311062,0.598823260683984
1.6480976195239,0.59857286101435
1.64842968593719,0.598260106288805
1.64876175235047,0.5979573324034
1.64909381876375,0.597619793208201
1.64942588517704,0.597295279521822
1.64975795159032,0.596937122076311
1.6500900180036,0.596574557619413
1.65042208441688,0.596212496898
1.65075415083017,0.595808870357868
1.65108621724345,0.595403729039432
1.65141828365673,0.594839374162082
1.65175035007001,0.594252694395781
1.6520824164833,0.5936681035516
1.65241448289658,0.593093485657757
1.65274654930986,0.592523860448936
1.65307861572314,0.591962232128539
1.65341068213643,0.591412345798697
1.65374274854971,0.590878384086778
1.65407481496299,0.59036448667
1.65440688137628,0.589883789239286
1.65473894778956,0.589468532366889
1.65507101420284,0.589067467164316
1.65540308061612,0.588676634272661
1.65573514702941,0.588291191400552
1.65606721344269,0.587899663951963
1.65639927985597,0.587478581665536
1.65673134626925,0.587054573600983
1.65706341268254,0.586690826286614
1.65739547909582,0.586344064063402
1.6577275455091,0.586044592511267
1.65805961192238,0.585788394997198
1.65839167833567,0.585578441300662
1.65872374474895,0.585512676124031
1.65905581116223,0.585432337726654
1.65938787757552,0.585384945070322
1.6597199439888,0.585357858877093
1.66005201040208,0.585327422243367
1.66038407681536,0.585254617558842
1.66071614322865,0.585179552344499
1.66104820964193,0.585344685903291
1.66138027605521,0.585559454376557
1.66171234246849,0.585782141665198
1.66204440888178,0.586017038270698
1.66237647529506,0.586247236160069
1.66270854170834,0.586597725808836
1.66304060812162,0.586942657919904
1.66337267453491,0.587307133531656
1.66370474094819,0.587683106504519
1.66403680736147,0.588053791490082
1.66436887377475,0.588470010743817
1.66470094018804,0.588878900798991
1.66503300660132,0.589327466508285
1.6653650730146,0.589792639213606
1.66569713942789,0.590260356472961
1.66602920584117,0.590727601828568
1.66636127225445,0.591175505450875
1.66669333866773,0.591569729077467
1.66702540508102,0.591957244624269
1.6673574714943,0.592318855842347
1.66768953790758,0.592652156249441
1.66802160432086,0.592969663959799
1.66835367073415,0.592932878200042
1.66868573714743,0.59288580764908
1.66901780356071,0.59286242961582
1.669349869974,0.592851832626381
1.66968193638728,0.592836842838393
1.67001400280056,0.592823197779937
1.67034606921384,0.592833001024453
1.67067813562713,0.592986794963473
1.67101020204041,0.593185113317772
1.67134226845369,0.593386130470682
1.67167433486697,0.593579515954512
1.67200640128026,0.593754953051861
1.67233846769354,0.593879259242863
1.67267053410682,0.593979503305982
1.6730026005201,0.594069206664673
1.67333466693339,0.594158246012258
1.67366673334667,0.594246850420719
1.67399879975995,0.59429044779891
1.67433086617323,0.594302739269387
1.67466293258652,0.59428653091865
1.6749949989998,0.594258924171996
1.67532706541308,0.594264483572441
1.67565913182637,0.594355827059417
1.67599119823965,0.594444563457553
1.67632326465293,0.594514018234708
1.67665533106621,0.594575827052393
1.6769873974795,0.594614211069579
1.67731946389278,0.594617172551005
1.67765153030606,0.594616984465411
1.67798359671934,0.59437610528324
1.67831566313263,0.594136063362414
1.67864772954591,0.593871055557768
1.67897979595919,0.593596994806801
1.67931186237247,0.593326975300501
1.67964392878576,0.593008863896209
1.67997599519904,0.592681315101334
1.68030806161232,0.59239087743322
1.68064012802561,0.592105259373293
1.68097219443889,0.591851310600816
1.68130426085217,0.591679159735393
1.68163632726545,0.591511071795458
1.68196839367874,0.591402139115609
1.68230046009202,0.591308245931405
1.6826325265053,0.591140965709698
1.68296459291858,0.59089083166356
1.68329665933187,0.590648922228156
1.68362872574515,0.590361949906234
1.68396079215843,0.59008274064307
1.68429285857171,0.58993718434343
1.684624924985,0.589876126596698
1.68495699139828,0.589825177133728
1.68528905781156,0.58981821528747
1.68562112422485,0.58980826252988
1.68595319063813,0.589796533159884
1.68628525705141,0.589797065922317
1.68661732346469,0.589807633078756
1.68694938987798,0.589831289308064
1.68728145629126,0.589865872959379
1.68761352270454,0.589682681052342
1.68794558911782,0.589487381418065
1.68827765553111,0.589249397773904
1.68860972194439,0.588978748775855
1.68894178835767,0.588717460396774
1.68927385477095,0.588559261322452
1.68960592118424,0.588403414849182
1.68993798759752,0.588336124035161
1.6902700540108,0.588310410320991
1.69060212042408,0.588294580376021
1.69093418683737,0.588284321043654
1.69126625325065,0.588273211660998
1.69159831966393,0.588158575251739
1.69193038607722,0.588024472305816
1.6922624524905,0.587926400392982
1.69259451890378,0.587897913206568
1.69292658531706,0.587869537950546
1.69325865173035,0.587948243775733
1.69359071814363,0.588006462568842
1.69392278455691,0.588074660853326
1.69425485097019,0.588180701275411
1.69458691738348,0.588310559806048
1.69491898379676,0.588579590693108
1.69525105021004,0.588845002571624
1.69558311662332,0.589112292550901
1.69591518303661,0.589386341643617
1.69624724944989,0.589620259075286
1.69657931586317,0.589797218050532
1.69691138227646,0.589954340956988
1.69724344868974,0.590037562712253
1.69757551510302,0.590114498548305
1.6979075815163,0.590214783580796
1.69823964792959,0.59038142866045
1.69857171434287,0.590589448842827
1.69890378075615,0.590758339366224
1.69923584716943,0.59092479526172
1.69956791358272,0.59100536610985
1.699899979996,0.591036622406466
1.70023204640928,0.591026681230489
1.70056411282256,0.590920780174696
1.70089617923585,0.590816810790928
1.70122824564913,0.590665419252034
1.70156031206241,0.590499050409631
1.7018923784757,0.590309602265413
1.70222444488898,0.590115791512163
1.70255651130226,0.589944104874381
1.70288857771554,0.589727708136038
1.70322064412883,0.589520090746596
1.70355271054211,0.589292564192453
1.70388477695539,0.589048309199898
1.70421684336867,0.588797480716261
1.70454890978196,0.588591820790382
1.70488097619524,0.588386308613971
1.70521304260852,0.588178740790778
1.7055451090218,0.587968883423135
1.70587717543509,0.587740798938073
1.70620924184837,0.587474848195869
1.70654130826165,0.587214896743859
1.70687337467493,0.587011158925616
1.70720544108822,0.586826115623139
1.7075375075015,0.586667241965862
1.70786957391478,0.586525842807063
1.70820164032807,0.586338486626636
1.70853370674135,0.586161146405932
1.70886577315463,0.585958922112423
1.70919783956791,0.585783654216223
1.7095299059812,0.58564043505266
1.70986197239448,0.585515378807817
1.71019403880776,0.58545514495757
1.71052610522104,0.585402266865276
1.71085817163433,0.585390016452274
1.71119023804761,0.585392310940555
1.71152230446089,0.585396980176929
1.71185437087417,0.585405102745694
1.71218643728746,0.585423860076498
1.71251850370074,0.585444506966805
1.71285057011402,0.585452088859924
1.71318263652731,0.585476085948321
1.71351470294059,0.585524371644523
1.71384676935387,0.585568870921674
1.71417883576715,0.585561683670644
1.71451090218044,0.585556729584592
1.71484296859372,0.585552434239655
1.715175035007,0.585547433646157
1.71550710142028,0.585554536486468
1.71583916783357,0.585606976406626
1.71617123424685,0.585659474958176
1.71650330066013,0.585759014092031
1.71683536707341,0.5858704588719
1.7171674334867,0.585981929183734
1.71749949989998,0.586093340699892
1.71783156631326,0.58620470420286
1.71816363272655,0.586300165048665
1.71849569913983,0.586379271236267
1.71882776555311,0.586489842444554
1.71915983196639,0.586627566446946
1.71949189837968,0.586765282681779
1.71982396479296,0.586902986655126
1.72015603120624,0.587045741719163
1.72048809761952,0.587153422516884
1.72082016403281,0.587243218852344
1.72115223044609,0.587333003214187
1.72148429685937,0.587422769143644
1.72181636327265,0.587512510687826
1.72214842968594,0.58759741242506
1.72248049609922,0.587676347112188
1.7228125625125,0.587755301636711
1.72314462892579,0.587834276327551
1.72347669533907,0.587912491136783
1.72380876175235,0.587932588869865
1.72414082816563,0.587957075724233
1.72447289457892,0.587987759088318
1.7248049609922,0.588018719840968
1.72513702740548,0.588050257704228
1.72546909381876,0.588082183644557
1.72580116023205,0.588113446267681
1.72613322664533,0.588103236921023
1.72646529305861,0.588082512830158
1.72679735947189,0.588043194889665
1.72712942588518,0.587969471927873
1.72746149229846,0.587904890100207
1.72779355871174,0.587745043050486
1.72812562512503,0.587594040489294
1.72845769153831,0.587439325429356
1.72878975795159,0.587265057264832
1.72912182436487,0.587097538384851
1.72945389077816,0.586932487181276
1.72978595719144,0.586765939826774
1.73011802360472,0.586525366506942
1.730450090018,0.586249350963291
1.73078215643129,0.585973655758919
1.73111422284457,0.585698832666355
1.73144628925785,0.585424271618092
1.73177835567113,0.58514925153651
1.73211042208442,0.584873342373642
1.7324424884977,0.584597664812188
1.73277455491098,0.584323853609592
1.73310662132426,0.584053379333824
1.73343868773755,0.583784111135335
1.73377075415083,0.583510383965189
1.73410282056411,0.583254683133717
1.7344348869774,0.5830048438649
1.73476695339068,0.58276728985396
1.73509901980396,0.582680314856619
1.73543108621724,0.582595619752258
1.73576315263053,0.582554751790163
1.73609521904381,0.582532406300658
1.73642728545709,0.582509186350642
1.73675935187037,0.58248456378583
1.73709141828366,0.582460310888525
1.73742348469694,0.582538499597292
1.73775555111022,0.582636445612163
1.7380876175235,0.582744767760258
1.73841968393679,0.582877825165122
1.73875175035007,0.582998263930092
1.73908381676335,0.583106380956358
1.73941588317664,0.583208145435218
1.73974794958992,0.58334454786612
1.7400800160032,0.583508344163768
1.74041208241648,0.583673957668239
1.74074414882977,0.58383829269248
1.74107621524305,0.583998844999725
1.74140828165633,0.584158701173426
1.74174034806961,0.584324017670744
1.7420724144829,0.58450022538387
1.74240448089618,0.584632092596298
1.74273654730946,0.584771900358339
1.74306861372274,0.584967139191777
1.74340068013603,0.585164618756767
1.74373274654931,0.585359410479901
1.74406481296259,0.585555282335687
1.74439687937588,0.585756221464888
1.74472894578916,0.585903822239683
1.74506101220244,0.586051683813976
1.74539307861572,0.586199077525261
1.74572514502901,0.586345760102221
1.74605721144229,0.586490910566707
1.74638927785557,0.586628681389345
1.74672134426885,0.586768918796595
1.74705341068214,0.586861674599161
1.74738547709542,0.586938931727998
1.7477175435087,0.587007570419097
1.74804960992198,0.587064994342854
1.74838167633527,0.587111130174781
1.74871374274855,0.587146112825258
1.74904580916183,0.587170591396744
1.74937787557512,0.587155535994735
1.7497099419884,0.587110247365854
1.75004200840168,0.58707234778172
1.75037407481496,0.587087708299005
1.75070614122825,0.587105846385295
1.75103820764153,0.587127426051961
1.75137027405481,0.587127696574438
1.75170234046809,0.587115547777152
1.75203440688138,0.58709581748875
1.75236647329466,0.58708043146699
1.75269853970794,0.587054238700519
1.75303060612122,0.587026414605523
1.75336267253451,0.587006079844425
1.75369473894779,0.586997742478719
1.75402680536107,0.586998375748126
1.75435887177435,0.586996202043864
1.75469093818764,0.586998536393409
1.75502300460092,0.58700270916637
1.7553550710142,0.587006050480987
1.75568713742749,0.587006021012096
1.75601920384077,0.587004212864014
1.75635127025405,0.587031050907707
1.75668333666733,0.587102019336479
1.75701540308062,0.587187831848199
1.7573474694939,0.587234767302277
1.75767953590718,0.5872051526471
1.75801160232046,0.58717584197328
1.75834366873375,0.587135714701513
1.75867573514703,0.58709383677033
1.75900780156031,0.587048845590529
1.75933986797359,0.587002240718929
1.75967193438688,0.586959491411518
1.76000400080016,0.586926227369418
1.76033606721344,0.586895804691594
1.76066813362673,0.586896454266753
1.76100020004001,0.586912543202759
1.76133226645329,0.586927141220087
1.76166433286657,0.586938574971208
1.76199639927986,0.586948304470943
1.76232846569314,0.586968628380648
1.76266053210642,0.586989927835595
1.7629925985197,0.587011848718933
1.76332466493299,0.587033976865344
1.76365673134627,0.587055940373628
1.76398879775955,0.58707769344367
1.76432086417283,0.587120352607997
1.76465293058612,0.58716374845948
1.7649849969994,0.587207204451592
1.76531706341268,0.58725071285312
1.76564912982597,0.587294261433501
1.76598119623925,0.587337830538896
1.76631326265253,0.587340330517334
1.76664532906581,0.58734027521899
1.7669773954791,0.587340080848136
1.76730946189238,0.587339861654627
1.76764152830566,0.587339857386175
1.76797359471894,0.587340309573555
1.76830566113223,0.587351147567853
1.76863772754551,0.587362407973668
1.76896979395879,0.58737231114846
1.76930186037207,0.58738358183686
1.76963392678536,0.587509099050454
1.76996599319864,0.587619475260419
1.77029805961192,0.587797908960795
1.77063012602521,0.588014298101382
1.77096219243849,0.588233343741022
1.77129425885177,0.5884213347784
1.77162632526505,0.588628593365486
1.77195839167834,0.588765761997098
1.77229045809162,0.588904746995291
1.7726225245049,0.58900406328977
1.77295459091818,0.589005715713502
1.77328665733147,0.589021944374605
1.77361872374475,0.589049500554118
1.77395079015803,0.58908522779945
1.77428285657131,0.589116874069633
1.7746149229846,0.589149179395054
1.77494698939788,0.589190705528515
1.77527905581116,0.589338224633983
1.77561112222445,0.589482967012973
1.77594318863773,0.589623930577311
1.77627525505101,0.589765543909487
1.77660732146429,0.589849003848272
1.77693938787758,0.589771541962402
1.77727145429086,0.589661252404156
1.77760352070414,0.58947653248935
1.77793558711742,0.589264677433134
1.77826765353071,0.589045864045536
1.77859971994399,0.588829665372414
1.77893178635727,0.588625638996973
1.77926385277055,0.588615879732049
1.77959591918384,0.58863605640953
1.77992798559712,0.588807785183573
1.7802600520104,0.589088363755571
1.78059211842368,0.589381611983317
1.78092418483697,0.589730757630228
1.78125625125025,0.590084963145067
1.78158831766353,0.590444059391862
1.78192038407682,0.590804169148779
1.7822524504901,0.591138757955437
1.78258451690338,0.591379550925438
1.78291658331666,0.59159792862453
1.78324864972995,0.591794679114503
1.78358071614323,0.591972222197505
1.78391278255651,0.592159653972739
1.78424484896979,0.592346524541061
1.78457691538308,0.592509759452671
1.78490898179636,0.592653903730343
1.78524104820964,0.592778860567377
1.78557311462292,0.592922960980898
1.78590518103621,0.593075276708485
1.78623724744949,0.593220088536146
1.78656931386277,0.593317789409515
1.78690138027606,0.593417640421322
1.78723344668934,0.59348154277655
1.78756551310262,0.593545140648687
1.7878975795159,0.593600336513557
1.78822964592919,0.593635756444109
1.78856171234247,0.593669908246687
1.78889377875575,0.593692286050292
1.78922584516903,0.593718677245907
1.78955791158232,0.593746155238303
1.7898899779956,0.593771697444116
1.79022204440888,0.593777555454076
1.79055411082216,0.593768047824696
1.79088617723545,0.593748130178531
1.79121824364873,0.593756460513114
1.79155031006201,0.593775045415706
1.7918823764753,0.593812197982146
1.79221444288858,0.593841650888234
1.79254650930186,0.593869236810038
1.79287857571514,0.593900583658643
1.79321064212843,0.59393559024054
1.79354270854171,0.593943901776182
1.79387477495499,0.5939075078111
1.79420684136827,0.593877835599536
1.79453890778156,0.593850227513612
1.79487097419484,0.593817295687685
1.79520304060812,0.593783931265515
1.7955351070214,0.593753651572655
1.79586717343469,0.593729097606242
1.79619923984797,0.593719457551242
1.79653130626125,0.593724440337275
1.79686337267453,0.59378299212
1.79719543908782,0.59386933826606
1.7975275055011,0.593984707459354
1.79785957191438,0.594149452361377
1.79819163832767,0.594311401584986
1.79852370474095,0.594415745216509
1.79885577115423,0.594510487690804
1.79918783756751,0.59457668585463
1.7995199039808,0.594610788387705
1.79985197039408,0.59463890166149
1.80018403680736,0.594496269238289
1.80051610322064,0.594353216619507
1.80084816963393,0.594282329718917
1.80118023604721,0.594256564781147
1.80151230246049,0.594232352170167
1.80184436887377,0.594211443118986
1.80217643528706,0.594181193907169
1.80250850170034,0.594137103260326
1.80284056811362,0.594083057581918
1.80317263452691,0.59399330146245
1.80350470094019,0.593855199631894
1.80383676735347,0.593714647223994
1.80416883376675,0.59351810032174
1.80450090018004,0.593316954466027
1.80483296659332,0.593082026355416
1.8051650330066,0.592806612553881
1.80549709941988,0.5925151614409
1.80582916583317,0.592215277001739
1.80616123224645,0.591906203578751
1.80649329865973,0.591635415475724
1.80682536507301,0.591387516745624
1.8071574314863,0.591182282750858
1.80748949789958,0.59110696610969
1.80782156431286,0.591002313965216
1.80815363072615,0.590850513581196
1.80848569713943,0.590710992824806
1.80881776355271,0.590566645017081
1.80914982996599,0.590403549850287
1.80948189637928,0.590247326342252
1.80981396279256,0.58997245979747
1.81014602920584,0.589700796083186
1.81047809561912,0.589472359516929
1.81081016203241,0.589269834786721
1.81114222844569,0.589069469704516
1.81147429485897,0.588869453793346
1.81180636127225,0.588667357968612
1.81213842768554,0.5885513167307
1.81247049409882,0.588473397721098
1.8128025605121,0.588401921218642
1.81313462692538,0.588343615205086
1.81346669333867,0.588299523277995
1.81379875975195,0.588313579950809
1.81413082616523,0.58832728543927
1.81446289257852,0.588325527907181
1.8147949589918,0.58832334729499
1.81512702540508,0.588338973857372
1.81545909181836,0.58849190455215
1.81579115823165,0.588661693722737
1.81612322464493,0.58886615646026
1.81645529105821,0.589061838314692
1.81678735747149,0.589220676836911
1.81711942388478,0.589514685489669
1.81745149029806,0.589852629093545
1.81778355671134,0.59027823717765
1.81811562312463,0.590775213150683
1.81844768953791,0.59116937624842
1.81877975595119,0.591325453935141
1.81911182236447,0.591447545132552
1.81944388877776,0.591379401886294
1.81977595519104,0.591261796797605
1.82010802160432,0.591128357202704
1.8204400880176,0.590968197141657
1.82077215443089,0.590794633570368
1.82110422084417,0.590599447131519
1.82143628725745,0.590381468998379
1.82176835367073,0.590265711750023
1.82210042008402,0.590198001282801
1.8224324864973,0.590130320513174
1.82276455291058,0.590058388379234
1.82309661932386,0.589985209114017
1.82342868573715,0.589913478217825
1.82376075215043,0.589843169744459
1.82409281856371,0.589769825332148
1.824424884977,0.589687266370971
1.82475695139028,0.589603467716466
1.82508901780356,0.58952105061842
1.82542108421684,0.58944283239213
1.82575315063013,0.589372104266096
1.82608521704341,0.589317115850297
1.82641728345669,0.589289227284211
1.82674934986997,0.589286050794981
1.82708141628326,0.58930424936318
1.82741348269654,0.589332718680992
1.82774554910982,0.589360108178311
1.8280776155231,0.589359044357122
1.82840968193639,0.589307149138933
1.82874174834967,0.589260696050069
1.82907381476295,0.589278833914672
1.82940588117624,0.589316147040276
1.82973794758952,0.589336001784833
1.8300700140028,0.58933672134897
1.83040208041608,0.589352309992565
1.83073414682937,0.589299915003488
1.83106621324265,0.589222364099278
1.83139827965593,0.589220538941069
1.83173034606921,0.589252881109361
1.8320624124825,0.589255050561197
1.83239447889578,0.589219952644133
1.83272654530906,0.589170923701915
1.83305861172234,0.589107177766233
1.83339067813563,0.589027828919053
1.83372274454891,0.588913893628425
1.83405481096219,0.588762159003396
1.83438687737548,0.588629155929789
1.83471894378876,0.588349088983789
1.83505101020204,0.588074192832547
1.83538307661532,0.587827115689068
1.83571514302861,0.587562423853675
1.83604720944189,0.587297943319966
1.83637927585517,0.587196988344634
1.83671134226845,0.587109700200476
1.83704340868174,0.587042146002872
1.83737547509502,0.586952952985052
1.8377075415083,0.586803590896815
1.83803960792158,0.58657226696399
1.83837167433487,0.586232211588165
1.83870374074815,0.586000894977368
1.83903580716143,0.585829233737578
1.83936787357471,0.585586543091173
1.839699939988,0.58520170221969
1.84003200640128,0.584850459705599
1.84036407281456,0.584360505522816
1.84069613922785,0.583886199375423
1.84102820564113,0.583402075440955
1.84136027205441,0.582925656241709
1.84169233846769,0.582507361873163
1.84202440488098,0.582233145714327
1.84235647129426,0.582011029679675
1.84268853770754,0.581749607146718
1.84302060412082,0.581451122297169
1.84335267053411,0.580989170359998
1.84368473694739,0.580197130445578
1.84401680336067,0.579283530197362
1.84434886977395,0.578259331133396
1.84468093618724,0.577266284092182
1.84501300260052,0.576314531938071
1.8453450690138,0.575379064110967
1.84567713542709,0.574430127028216
1.84600920184037,0.573496743788539
1.84634126825365,0.572585029927277
1.84667333466693,0.572167940492532
1.84700540108022,0.572157610328258
1.8473374674935,0.572536521201557
1.84766953390678,0.573773733472506
1.84800160032006,0.575080211875867
1.84833366673335,0.576387197035946
1.84866573314663,0.577675908829471
1.84899779955991,0.578881154453496
1.84932986597319,0.579951789421577
1.84966193238648,0.580958770580178
1.84999399879976,0.581914452308831
1.85032606521304,0.582841978644545
1.85065813162633,0.583560005330704
1.85099019803961,0.584105706722694
1.85132226445289,0.584616969532146
1.85165433086617,0.584787587821961
1.85198639727946,0.584972107576275
1.85231846369274,0.585140125797714
1.85265053010602,0.585282096642007
1.8529825965193,0.585383970611107
1.85331466293259,0.585452045497794
1.85364672934587,0.585635629783221
1.85397879575915,0.586122259042542
1.85431086217243,0.586737509090175
1.85464292858572,0.587055426825212
1.854974994999,0.586892357136232
1.85530706141228,0.586683004219553
1.85563912782557,0.58675909011096
1.85597119423885,0.586870313641176
1.85630326065213,0.587017155178746
1.85663532706541,0.58711614736046
1.8569673934787,0.587073653805605
1.85729945989198,0.586814348637834
1.85763152630526,0.586383090349667
1.85796359271854,0.586134765115614
1.85829565913183,0.585980623265375
1.85862772554511,0.586009963802356
1.85895979195839,0.586349043324949
1.85929185837167,0.586694373268813
1.85962392478496,0.587029895242538
1.85995599119824,0.587371043542758
1.86028805761152,0.587786880563163
1.86062012402481,0.588286435630528
1.86095219043809,0.588830113938416
1.86128425685137,0.589069898556162
1.86161632326465,0.589408593282931
1.86194838967794,0.589770219075538
1.86228045609122,0.590164495423405
1.8626125225045,0.590539749486555
1.86294458891778,0.590728775730584
1.86327665533107,0.590878396547533
1.86360872174435,0.591104410834027
1.86394078815763,0.591340327497412
1.86427285457091,0.591618903688666
1.8646049209842,0.591971441844243
1.86493698739748,0.592331290801653
1.86526905381076,0.592985449072129
1.86560112022404,0.593649342742396
1.86593318663733,0.59457711872638
1.86626525305061,0.595715533816445
1.86659731946389,0.596826357982564
1.86692938587718,0.597973230744074
1.86726145229046,0.599121043855737
1.86759351870374,0.600269944778381
1.86792558511702,0.601386908761638
1.86825765153031,0.60244300603285
1.86858971794359,0.603441832178055
1.86892178435687,0.604356333122973
1.86925385077015,0.605268667877991
1.86958591718344,0.606166910056611
1.86991798359672,0.607029477275565
1.87025005001,0.607818118715482
1.87058211642328,0.608568426852446
1.87091418283657,0.608388283009637
1.87124624924985,0.60815542028469
1.87157831566313,0.607774933009347
1.87191038207642,0.607248802295201
1.8722424484897,0.606599411134942
1.87257451490298,0.605677789147916
1.87290658131626,0.60478606682629
1.87323864772955,0.603547872623916
1.87357071414283,0.602220615651706
1.87390278055611,0.600885525568373
1.87423484696939,0.599494323785932
1.87456691338268,0.598117369469856
1.87489897979596,0.596424932508521
1.87523104620924,0.594706164257393
1.87556311262252,0.593027179345361
1.87589517903581,0.591399731761549
1.87622724544909,0.589808296327182
1.87655931186237,0.588530450590002
1.87689137827566,0.587318939452672
1.87722344468894,0.586311468999188
1.87755551110222,0.585479915007202
1.8778875775155,0.58495478537232
1.87821964392879,0.585213994083324
1.87855171034207,0.585612213981773
1.87888377675535,0.586269734046352
1.87921584316863,0.587046557696282
1.87954790958192,0.587916749609664
1.8798799759952,0.588876425154458
1.88021204240848,0.589850095438616
1.88054410882176,0.590890056479441
1.88087617523505,0.591936360854548
1.88120824164833,0.593047557534065
1.88154030806161,0.594209624900009
1.8818723744749,0.595412805366503
1.88220444088818,0.596963085510054
1.88253650730146,0.598485655419129
1.88286857371474,0.600225041116733
1.88320064012803,0.602030079585969
1.88353270654131,0.603715118878634
1.88386477295459,0.605161205537869
1.88419683936787,0.606602042066
1.88452890578116,0.608046126065363
1.88486097219444,0.609488879160484
1.88519303860772,0.610924443255716
1.885525105021,0.612348498360413
1.88585717143429,0.613763138104191
1.88618923784757,0.615043740520331
1.88652130426085,0.616319328171266
1.88685337067414,0.617546743627753
1.88718543708742,0.618700235614533
1.8875175035007,0.619766411840747
1.88784956991398,0.620722179363054
1.88818163632727,0.6215941046155
1.88851370274055,0.622316310343454
1.88884576915383,0.622974417647978
1.88917783556711,0.623603887438325
1.8895099019804,0.624207871573822
1.88984196839368,0.624851555544869
1.89017403480696,0.625145089993748
1.89050610122024,0.625424246523301
1.89083816763353,0.625733956233477
1.89117023404681,0.626055152158492
1.89150230046009,0.626350693995986
1.89183436687337,0.626571880746968
1.89216643328666,0.626770215787017
1.89249849969994,0.626950493184143
1.89283056611322,0.627128491778182
1.89316263252651,0.627308866181884
1.89349469893979,0.627493568862532
1.89382676535307,0.62767720890714
1.89415883176635,0.627802824057597
1.89449089817964,0.627902857114155
1.89482296459292,0.627942220293354
1.8951550310062,0.627897582964573
1.89548709741948,0.62785023517396
1.89581916383277,0.627858460095192
1.89615123024605,0.627856950373383
1.89648329665933,0.627831400208229
1.89681536307261,0.627766310795816
1.8971474294859,0.627670245834849
1.89747949589918,0.627557143702085
1.89781156231246,0.627439884119783
1.89814362872575,0.627262677527426
1.89847569513903,0.627024393359042
1.89880776155231,0.62670660849619
1.89913982796559,0.626268412764674
1.89947189437888,0.625770769713979
1.89980396079216,0.625181297988733
1.90013602720544,0.624569852129395
1.90046809361872,0.623959751408522
1.90080016003201,0.623353338292077
1.90113222644529,0.622760618709297
1.90146429285857,0.622243925332639
1.90179635927185,0.621737367825296
1.90212842568514,0.621317598607249
1.90246049209842,0.620959479226279
1.9027925585117,0.620597253554004
1.90312462492499,0.620228860433307
1.90345669133827,0.619852223619824
1.90378875775155,0.619464965815294
1.90412082416483,0.619068444444285
1.90445289057812,0.618663005345149
1.9047849569914,0.618242989479598
1.90511702340468,0.61781956107918
1.90544908981796,0.61746160290708
1.90578115623125,0.617129807769733
1.90611322264453,0.616824571260901
1.90644528905781,0.616548251106157
1.90677735547109,0.616298799191774
1.90710942188438,0.616036960871508
1.90744148829766,0.615846533171147
1.90777355471094,0.615555680123495
1.90810562112422,0.615277104775717
1.90843768753751,0.615105462283192
1.90876975395079,0.615033264232381
1.90910182036407,0.615044971371601
1.90943388677736,0.615064307784323
1.90976595319064,0.615093796445082
1.91009801960392,0.615099342335238
1.9104300860172,0.615043465542755
1.91076215243049,0.61495309077681
1.91109421884377,0.61507388102955
1.91142628525705,0.615181641847306
1.91175835167033,0.615363833728373
1.91209041808362,0.615592233483262
1.9124224844969,0.615776841573883
1.91275455091018,0.615913060995768
1.91308661732346,0.616025667117218
1.91341868373675,0.616097552517745
1.91375075015003,0.616177704515658
1.91408281656331,0.616285496458102
1.9144148829766,0.616419138721597
1.91474694938988,0.616605085297614
1.91507901580316,0.616842564849847
1.91541108221644,0.617124372475073
1.91574314862973,0.617443118758603
1.91607521504301,0.617785292464311
1.91640728145629,0.618129263926619
1.91673934786957,0.618538566666349
1.91707141428286,0.618940139322626
1.91740348069614,0.619309435039914
1.91773554710942,0.619616709773319
1.9180676135227,0.619793665720715
1.91839967993599,0.619685159955282
1.91873174634927,0.619461636891708
1.91906381276255,0.619340489507012
1.91939587917584,0.619157656124846
1.91972794558912,0.618854776466256
1.9200600120024,0.618443732223874
1.92039207841568,0.61807029933844
1.92072414482897,0.617741946187013
1.92105621124225,0.617485528279306
1.92138827765553,0.617358428897224
1.92172034406881,0.617374528389227
1.9220524104821,0.617494394339976
1.92238447689538,0.617781757365906
1.92271654330866,0.618133241663171
1.92304860972194,0.618485505911399
1.92338067613523,0.61883319606952
1.92371274254851,0.619157833591886
1.92404480896179,0.619407011260774
1.92437687537508,0.619594592562395
1.92470894178836,0.619808273443557
1.92504100820164,0.620007300213949
1.92537307461492,0.620320980044062
1.92570514102821,0.620792102742772
1.92603720744149,0.621217375382083
1.92636927385477,0.621179952669294
1.92670134026805,0.621130153372228
1.92703340668134,0.621141340964011
1.92736547309462,0.621219682477526
1.9276975395079,0.621325847279777
1.92802960592118,0.621480529862832
1.92836167233447,0.621612959720946
1.92869373874775,0.621798752671058
1.92902580516103,0.622063377885187
1.92935787157431,0.622494413448827
1.9296899379876,0.623176179531505
1.93002200440088,0.62393240599455
1.93035407081416,0.624823019913485
1.93068613722745,0.625711091720893
1.93101820364073,0.62663489582895
1.93135027005401,0.627585629651935
1.93168233646729,0.628436487610267
1.93201440288058,0.629199882677765
1.93234646929386,0.62993300479446
1.93267853570714,0.630423301524485
1.93301060212042,0.630777807902302
1.93334266853371,0.631093435421392
1.93367473494699,0.631209493962004
1.93400680136027,0.631324543921968
1.93433886777355,0.631447398868721
1.93467093418684,0.631566574311295
1.93500300060012,0.631681290589542
1.9353350670134,0.631786880944125
1.93566713342669,0.63187415490359
1.93599919983997,0.631933663370659
1.93633126625325,0.631958551217824
1.93666333266653,0.631951038420181
1.93699539907982,0.631915329277546
1.9373274654931,0.631855880401315
1.93765953190638,0.631780255046943
1.93799159831966,0.631698122029306
1.93832366473295,0.631608380050402
1.93865573114623,0.631525321249227
1.93898779755951,0.631411109113951
1.93931986397279,0.631192806771016
1.93965193038608,0.630959911150688
1.93998399679936,0.630729451342253
1.94031606321264,0.630527000403339
1.94064812962593,0.630377321958263
1.94098019603921,0.630282229387855
1.94131226245249,0.630217888398979
1.94164432886577,0.630343373268228
1.94197639527906,0.630459048293072
1.94230846169234,0.630563809242893
1.94264052810562,0.630664401796072
1.9429725945189,0.630767160269512
1.94330466093219,0.630873516616774
1.94363672734547,0.630981707153693
1.94396879375875,0.631134976257026
1.94430086017203,0.631294834800206
1.94463292658532,0.63147173301884
1.9449649929986,0.631692485872895
1.94529705941188,0.631915469987382
1.94562912582517,0.632098578889737
1.94596119223845,0.632306045369705
1.94629325865173,0.632562374263576
1.94662532506501,0.632837725643624
1.9469573914783,0.633148894523299
1.94728945789158,0.633384268578794
1.94762152430486,0.633622989382086
1.94795359071814,0.633899717023759
1.94828565713143,0.634207322171283
1.94861772354471,0.634512065358891
1.94894978995799,0.634816648671967
1.94928185637127,0.635128998129729
1.94961392278456,0.635456967803731
1.94994598919784,0.635795740016228
1.95027805561112,0.636099319877205
1.95061012202441,0.636352784019605
1.95094218843769,0.636536191596122
1.95127425485097,0.636544197798035
1.95160632126425,0.636511145201732
1.95193838767754,0.636437907881612
1.95227045409082,0.636328844536304
1.9526025205041,0.636226194197797
1.95293458691738,0.636181758302892
1.95326665333067,0.636119643245396
1.95359871974395,0.636080216385515
1.95393078615723,0.636060056836257
1.95426285257051,0.636045214475745
1.9545949189838,0.636075689579872
1.95492698539708,0.636109519008695
1.95525905181036,0.636149774303475
1.95559111822364,0.636194213770762
1.95592318463693,0.63623148942723
1.95625525105021,0.636215396705115
1.95658731746349,0.636160296420913
1.95691938387678,0.636082544573054
1.95725145029006,0.635993513395788
1.95758351670334,0.63590436296729
1.95791558311662,0.635821366572709
1.95824764952991,0.635772519498605
1.95857971594319,0.635843087032153
1.95891178235647,0.635923590575847
1.95924384876975,0.636015089960943
1.95957591518304,0.636118625510843
1.95990798159632,0.636215678445734
1.9602400480096,0.636294316738482
1.96057211442288,0.636383326091258
1.96090418083617,0.636415523816929
1.96123624724945,0.636436980280911
1.96156831366273,0.63648690566761
1.96190038007602,0.636573159665839
1.9622324464893,0.63666359876201
1.96256451290258,0.636753347923272
1.96289657931586,0.636835369822723
1.96322864572915,0.636942186587375
1.96356071214243,0.637059105841847
1.96389277855571,0.63718231761274
1.96422484496899,0.637365026111738
1.96455691138228,0.637557147584389
1.96488897779556,0.637749913761936
1.96522104420884,0.63793644731037
1.96555311062212,0.638088857204539
1.96588517703541,0.638199972840341
1.96621724344869,0.638351704591469
1.96654930986197,0.638612703363014
1.96688137627526,0.638921125665282
1.96721344268854,0.63922228437236
1.96754550910182,0.639498223674379
1.9678775755151,0.639757188071325
1.96820964192839,0.639936650920683
1.96854170834167,0.6401082932153
1.96887377475495,0.640245435372431
1.96920584116823,0.640366947046558
1.96953790758152,0.640479596080339
1.9698699739948,0.640569166557079
1.97020204040808,0.640607942557838
1.97053410682136,0.640560759346929
1.97086617323465,0.640496584975639
1.97119823964793,0.640412058890687
1.97153030606121,0.640296992287761
1.9718623724745,0.640183400949275
1.97219443888778,0.640085503392183
1.97252650530106,0.639997254753036
1.97285857171434,0.639911923835727
1.97319063812763,0.639837153967696
1.97352270454091,0.639768845269732
1.97385477095419,0.639657812446502
1.97418683736747,0.639543797003867
1.97451890378076,0.63942066732266
1.97485097019404,0.639293156537435
1.97518303660732,0.639206921806397
1.9755151030206,0.639217029598186
1.97584716943389,0.639236135946557
1.97617923584717,0.639253987260757
1.97651130226045,0.639250882677387
1.97684336867374,0.639205440295917
1.97717543508702,0.639123070222753
1.9775075015003,0.639023238542561
1.97783956791358,0.638979763506075
1.97817163432687,0.638931536651741
1.97850370074015,0.638867403657129
1.97883576715343,0.638779850831855
1.97916783356671,0.638660489840889
1.97949989998,0.638521067741991
1.97983196639328,0.638379021786317
1.98016403280656,0.638251125415841
1.98049609921984,0.638142609277786
1.98082816563313,0.638048887355839
1.98116023204641,0.637965067048525
1.98149229845969,0.637888093300676
1.98182436487297,0.637819436823066
1.98215643128626,0.637761252965857
1.98248849769954,0.637715253582068
1.98282056411282,0.637679510715036
1.98315263052611,0.637643900305921
1.98348469693939,0.637554262068904
1.98381676335267,0.637463372817709
1.98414882976595,0.637399881545734
1.98448089617924,0.637334082644344
1.98481296259252,0.637254738800213
1.9851450290058,0.637164916485044
1.98547709541908,0.6370693625104
1.98580916183237,0.637025789379928
1.98614122824565,0.636985742197764
1.98647329465893,0.636938731651025
1.98680536107221,0.636900291672752
1.9871374274855,0.636872792699482
1.98746949389878,0.636857279163521
1.98780156031206,0.636854604625778
1.98813362672535,0.636873867751631
1.98846569313863,0.636915132762434
1.98879775955191,0.636958975170956
1.98912982596519,0.63699918247584
1.98946189237848,0.637035020338509
1.98979395879176,0.637073145073276
1.99012602520504,0.637129055946942
1.99045809161832,0.637233119230418
1.99079015803161,0.637392290724077
1.99112222444489,0.637558223092349
1.99145429085817,0.637669401518752
1.99178635727145,0.637770903628883
1.99211842368474,0.637835131655222
1.99245049009802,0.637854237919025
1.9927825565113,0.637856584837455
1.99311462292459,0.63778997479201
1.99344668933787,0.637719679050424
1.99377875575115,0.637610689119608
1.99411082216443,0.637477860534318
1.99444288857772,0.637328108233205
1.994774954991,0.637132593402143
1.99510702140428,0.636938363360099
1.99543908781756,0.636738263767938
1.99577115423085,0.636524862129767
1.99610322064413,0.63629446154616
1.99643528705741,0.636045413637347
1.99676735347069,0.635764742366492
1.99709941988398,0.635387873640227
1.99743148629726,0.634976066395073
1.99776355271054,0.634544412181658
1.99809561912383,0.634104883589398
1.99842768553711,0.633695566867909
1.99875975195039,0.633524065862912
1.99909181836367,0.633375013330498
1.99942388477696,0.633255704963413
1.99975595119024,0.633157496053925
2.00008801760352,0.63305621997194
2.0004200840168,0.632921221334523
2.00075215043009,0.632768054509553
2.00108421684337,0.63265004726274
2.00141628325665,0.632524773251802
2.00174834966993,0.632385293489921
2.00208041608322,0.632239382638774
2.0024124824965,0.632093638645515
2.00274454890978,0.631967368837048
2.00307661532307,0.63185668421612
2.00340868173635,0.631783302446919
2.00374074814963,0.631721961912006
2.00407281456291,0.631657170821067
2.0044048809762,0.631660770297477
2.00473694738948,0.631668155724291
2.00506901380276,0.631737469851131
2.00540108021604,0.631839345174731
2.00573314662933,0.631873584499882
2.00606521304261,0.631742004620527
2.00639727945589,0.631608574970743
2.00672934586917,0.631452841611936
2.00706141228246,0.631343952540204
2.00739347869574,0.631300002349513
2.00772554510902,0.631306045719605
2.0080576115223,0.631339236729056
2.00838967793559,0.631372257935173
2.00872174434887,0.631403010338092
2.00905381076215,0.631466781961289
2.00938587717543,0.631542033152349
2.00971794358872,0.631604228206598
2.010050010002,0.631663472708541
2.01038207641528,0.631754227323239
2.01071414282857,0.631844037637684
2.01104620924185,0.63193758871407
2.01137827565513,0.632063191193062
2.01171034206841,0.632241326196678
2.0120424084817,0.632433871416216
2.01237447489498,0.632583069269052
2.01270654130826,0.632730067854865
2.01303860772154,0.632873283437054
2.01337067413483,0.633014419185677
2.01370274054811,0.633156521397264
2.01403480696139,0.633297350689131
2.01436687337468,0.633402303687926
2.01469893978796,0.633487800274218
2.01503100620124,0.633589228486927
2.01536307261452,0.633729231575891
2.01569513902781,0.633895405835673
2.01602720544109,0.63407446436166
2.01635927185437,0.634262075799242
2.01669133826765,0.634439707158512
2.01702340468094,0.634600605136634
2.01735547109422,0.634738233337729
2.0176875375075,0.634852566003694
2.01801960392078,0.635013026512442
2.01835167033407,0.635182750245853
2.01868373674735,0.635346129364417
2.01901580316063,0.635502469538964
2.01934786957391,0.63564993866135
2.0196799359872,0.635787692600793
2.02001200240048,0.635924420639099
2.02034406881376,0.63602780352113
2.02067613522705,0.636168267969168
2.02100820164033,0.636392782821905
2.02134026805361,0.636729217147307
2.02167233446689,0.637073482904755
2.02200440088018,0.63746669317346
2.02233646729346,0.63786780090336
2.02266853370674,0.638234504135756
2.02300060012002,0.63856964233945
2.02333266653331,0.638899876735397
2.02366473294659,0.63911282182564
2.02399679935987,0.63932566403806
2.02432886577316,0.639555395598064
2.02466093218644,0.639766315873407
2.02499299859972,0.639942012210473
2.025325065013,0.640067870324343
2.02565713142629,0.640146855173282
2.02598919783957,0.640192835094603
2.02632126425285,0.64024092498207
2.02665333066613,0.640302286316113
2.02698539707942,0.640387605134564
2.0273174634927,0.640452372142465
2.02764952990598,0.640492816887837
2.02798159631926,0.640512634799841
2.02831366273255,0.64049748060554
2.02864572914583,0.640472926893574
2.02897779555911,0.640434614740594
2.02930986197239,0.640331408520865
2.02964192838568,0.640216695361124
2.02997399479896,0.640085542890058
2.03030606121224,0.639936321902381
2.03063812762552,0.639764342933007
2.03097019403881,0.639586091999147
2.03130226045209,0.639363676348532
2.03163432686537,0.639116616127619
2.03196639327866,0.638864507531076
2.03229845969194,0.638639231688278
2.03263052610522,0.638462816732224
2.0329625925185,0.638303790080702
2.03329465893179,0.638104016217406
2.03362672534507,0.637925896216773
2.03395879175835,0.637724268112361
2.03429085817163,0.637496683840151
2.03462292458492,0.637289506705019
2.0349549909982,0.637102215840065
2.03528705741148,0.636935682216701
2.03561912382476,0.636742655007433
2.03595119023805,0.636552937496673
2.03628325665133,0.636373061541054
2.03661532306461,0.636245783974471
2.0369473894779,0.636138193699296
2.03727945589118,0.63614490368901
2.03761152230446,0.636199438117074
2.03794358871774,0.636321184158062
2.03827565513103,0.636526665538978
2.03860772154431,0.636749066173822
2.03893978795759,0.636972652474844
2.03927185437087,0.637202051619475
2.03960392078416,0.637405761249783
2.03993598719744,0.637611335999902
2.04026805361072,0.637842059946344
2.040600120024,0.638091313958429
2.04093218643729,0.638352175198034
2.04126425285057,0.638619559926917
2.04159631926385,0.63889350269246
2.04192838567714,0.639150550714655
2.04226045209042,0.639358937934701
2.0425925185037,0.639560858770861
2.04292458491698,0.639685757509444
2.04325665133027,0.639778345589244
2.04358871774355,0.63986772439607
2.04392078415683,0.639950902581737
2.04425285057011,0.640026607596448
2.0445849169834,0.640134365909067
2.04491698339668,0.640214595358235
2.04524904980996,0.640268056511452
2.04558111622325,0.640295775253482
2.04591318263653,0.64030393374668
2.04624524904981,0.640311461229267
2.04657731546309,0.640324208422735
2.04690938187638,0.640345236784269
2.04724144828966,0.640366791036877
2.04757351470294,0.640434616395705
2.04790558111622,0.640555589010294
2.04823764752951,0.640646265075026
2.04856971394279,0.640666283927352
2.04890178035607,0.640695498018713
2.04923384676935,0.64074068464382
2.04956591318264,0.640801720465841
2.04989797959592,0.640889143532993
2.0502300460092,0.641042160708647
2.05056211242248,0.641201435037125
2.05089417883577,0.641358319828297
2.05122624524905,0.641504404245761
2.05155831166233,0.641657092147782
2.05189037807562,0.641837367202511
2.0522224444889,0.641988582745778
2.05255451090218,0.642178410766304
2.05288657731546,0.642368447542316
2.05321864372875,0.642561132049183
2.05355071014203,0.64276402844235
2.05388277655531,0.642977382300464
2.05421484296859,0.643136261136526
2.05454690938188,0.643309506493099
2.05487897579516,0.643380742932414
2.05521104220844,0.643404124345765
2.05554310862172,0.643441723064063
2.05587517503501,0.643489291182382
2.05620724144829,0.643549685193802
2.05653930786157,0.643564698914922
2.05687137427485,0.643566060967749
2.05720344068814,0.643565300926799
2.05753550710142,0.643564590530409
2.0578675735147,0.643566179698632
2.05819963992799,0.643528422383655
2.05853170634127,0.643499974198985
2.05886377275455,0.643394786627304
2.05919583916783,0.643220514209896
2.05952790558112,0.643025418122919
2.0598599719944,0.642762767965623
2.06019203840768,0.642482413989226
2.06052410482096,0.642277358894761
2.06085617123425,0.642102114487746
2.06118823764753,0.641940201850279
2.06152030406081,0.641822009442129
2.06185237047409,0.641707987603461
2.06218443688738,0.641651063733367
2.06251650330066,0.641621707807758
2.06284856971394,0.641605612360239
2.06318063612723,0.641591954992405
2.06351270254051,0.641569711435468
2.06384476895379,0.641531534329048
2.06417683536707,0.64145546878973
2.06450890178036,0.641308558134303
2.06484096819364,0.641126630851473
2.06517303460692,0.640914883880941
2.0655051010202,0.640682045628181
2.06583716743349,0.640443202182267
2.06616923384677,0.640207157643133
2.06650130026005,0.639966732538947
2.06683336667333,0.639704209645699
2.06716543308662,0.639415252925919
2.0674974994999,0.639106604817084
2.06782956591318,0.638729642991177
2.06816163232647,0.638331075338439
2.06849369873975,0.637889950026329
2.06882576515303,0.637426893178206
2.06915783156631,0.636982418178593
2.0694898979796,0.636610311905181
2.06982196439288,0.636245602246019
2.07015403080616,0.635849109865522
2.07048609721944,0.635436020142228
2.07081816363273,0.635050848548651
2.07115023004601,0.634769385530601
2.07148229645929,0.634504852541153
2.07181436287257,0.634308353593137
2.07214642928586,0.634122941330428
2.07247849569914,0.633897715602039
2.07281056211242,0.633616028931405
2.07314262852571,0.6333208128239
2.07347469493899,0.633102043050736
2.07380676135227,0.632888242825718
2.07413882776555,0.632705950792261
2.07447089417884,0.632562759059719
2.07480296059212,0.632418115358827
2.0751350270054,0.632270971241563
2.07546709341868,0.632124550022643
2.07579915983197,0.631967753580327
2.07613122624525,0.6317921856827
2.07646329265853,0.631597564108385
2.07679535907181,0.631421651481052
2.0771274254851,0.631269620760122
2.07745949189838,0.631195529123423
2.07779155831166,0.631145641071336
2.07812362472495,0.631120281845593
2.07845569113823,0.631109537339135
2.07878775755151,0.631093874845586
2.07911982396479,0.63118210243084
2.07945189037808,0.631244339914439
2.07978395679136,0.631244360666586
2.08011602320464,0.631204892980142
2.08044808961792,0.631112861527102
2.08078015603121,0.630815115394427
2.08111222244449,0.630505715408064
2.08144428885777,0.630269585322847
2.08177635527105,0.630031777569071
2.08210842168434,0.629793609387006
2.08244048809762,0.629594128977021
2.0827725545109,0.629406677807344
2.08310462092418,0.629238537159819
2.08343668733747,0.629085995107008
2.08376875375075,0.628944703032095
2.08410082016403,0.628795029935187
2.08443288657732,0.628610656020601
2.0847649529906,0.628377390063972
2.08509701940388,0.628152974796832
2.08542908581716,0.627897662594564
2.08576115223045,0.627633893454722
2.08609321864373,0.627408807343011
2.08642528505701,0.627267074228839
2.08675735147029,0.627130186766691
2.08708941788358,0.626988972171204
2.08742148429686,0.626835175651919
2.08775355071014,0.626741032540584
2.08808561712342,0.626757198742423
2.08841768353671,0.626797620346412
2.08874974994999,0.626705488394965
2.08908181636327,0.626609504345101
2.08941388277656,0.626521916208603
2.08974594918984,0.626449765060203
2.09007801560312,0.626383447630599
2.0904100820164,0.626302009433202
2.09074214842969,0.626226247481447
2.09107421484297,0.626158645474389
2.09140628125625,0.626105717034244
2.09173834766953,0.626074015615516
2.09207041408282,0.626061901887014
2.0924024804961,0.626053005052206
2.09273454690938,0.626113473309154
2.09306661332266,0.626191800887596
2.09339867973595,0.626247673392281
2.09373074614923,0.626271333940263
2.09406281256251,0.626298856270722
2.0943948789758,0.626452367463136
2.09472694538908,0.626607374626378
2.09505901180236,0.626806255433193
2.09539107821564,0.627035731735746
2.09572314462893,0.627261234777931
2.09605521104221,0.627466341544608
2.09638727745549,0.627625230467749
2.09671934386877,0.627662587571493
2.09705141028206,0.62765842900898
2.09738347669534,0.627631778321555
2.09771554310862,0.627571637820843
2.0980476095219,0.627513780126952
2.09837967593519,0.627440545710242
2.09871174234847,0.627367635657607
2.09904380876175,0.627324208310444
2.09937587517504,0.627306542463639
2.09970794158832,0.627281901254715
2.1000400080016,0.627266605513147
2.10037207441488,0.627345465034008
2.10070414082817,0.627446998713363
2.10103620724145,0.627578397031651
2.10136827365473,0.627729865838431
2.10170034006801,0.627888286412246
2.1020324064813,0.628033210289117
2.10236447289458,0.628043268632671
2.10269653930786,0.628040830403174
2.10302860572114,0.628067014820548
2.10336067213443,0.628134385113149
2.10369273854771,0.628199338047232
2.10402480496099,0.628315796917585
2.10435687137427,0.62841772106192
2.10468893778756,0.628472768540923
2.10502100420084,0.628495890187666
2.10535307061412,0.628503144449677
2.10568513702741,0.628441083948921
2.10601720344069,0.628383773621175
2.10634926985397,0.628274782112922
2.10668133626725,0.628127984275236
2.10701340268054,0.627963575726365
2.10734546909382,0.627762397038897
2.1076775355071,0.627572980930791
2.10800960192038,0.627452022865859
2.10834166833367,0.627380693926533
2.10867373474695,0.627290616072575
2.10900580116023,0.627176015867739
2.10933786757351,0.627070626395703
2.1096699339868,0.626974714555762
2.11000200040008,0.626885572277776
2.11033406681336,0.626423227092659
2.11066613322665,0.625796460084864
2.11099819963993,0.625143588264826
2.11133026605321,0.624501716000441
2.11166233246649,0.623827774395596
2.11199439887978,0.623215821516557
2.11232646529306,0.622663935719435
2.11265853170634,0.622172126577301
2.11299059811962,0.621782012066385
2.11332266453291,0.621364618136701
2.11365473094619,0.621038936984325
2.11398679735947,0.620708305671529
2.11431886377275,0.620397397771221
2.11465093018604,0.620121480990783
2.11498299659932,0.61984129811393
2.1153150630126,0.619458218756692
2.11564712942589,0.619085144269385
2.11597919583917,0.618681651695992
2.11631126225245,0.618260180746371
2.11664332866573,0.617788713522118
2.11697539507902,0.617144375401304
2.1173074614923,0.616506090082598
2.11763952790558,0.616174686516181
2.11797159431886,0.61590251119125
2.11830366073215,0.615599978650665
2.11863572714543,0.615294679710468
2.11896779355871,0.614990717646905
2.11929985997199,0.614566441889828
2.11963192638528,0.614140213405101
2.11996399279856,0.613607319640962
2.12029605921184,0.613059076681651
2.12062812562512,0.612503877320522
2.12096019203841,0.611853198299664
2.12129225845169,0.611215035464522
2.12162432486497,0.610589372817738
2.12195639127826,0.609974957251572
2.12228845769154,0.609380244426896
2.12262052410482,0.60883560171738
2.1229525905181,0.608300152869183
2.12328465693139,0.607773795343976
2.12361672334467,0.607256825095707
2.12394878975795,0.606863289562546
2.12428085617123,0.606637328891302
2.12461292258452,0.606420988228022
2.1249449889978,0.606040672880721
2.12527705541108,0.605663794093356
2.12560912182437,0.605322090602341
2.12594118823765,0.604999095933754
2.12627325465093,0.604755542850058
2.12660532106421,0.604763135982021
2.1269373874775,0.6047825533353
2.12726945389078,0.604909137898122
2.12760152030406,0.605074356863759
2.12793358671734,0.605295182636836
2.12826565313063,0.605610797629134
2.12859771954391,0.605933576435845
2.12892978595719,0.606200123885023
2.12926185237047,0.606460762919566
2.12959391878376,0.6069086840544
2.12992598519704,0.607530815899009
2.13025805161032,0.608111926882091
2.1305901180236,0.608734992106633
2.13092218443689,0.609358863861586
2.13125425085017,0.610024498185111
2.13158631726345,0.610710103992886
2.13191838367674,0.611443300979673
2.13225045009002,0.612359884519573
2.1325825165033,0.613292894192863
2.13291458291658,0.614227118606941
2.13324664932987,0.615162623592626
2.13357871574315,0.615997958834367
2.13391078215643,0.616700959325723
2.13424284856971,0.617408273795333
2.134574914983,0.618090058812361
2.13490698139628,0.618823763571384
2.13523904780956,0.619526208544496
2.13557111422284,0.620199731270343
2.13590318063613,0.620873474414812
2.13623524704941,0.621501258152036
2.13656731346269,0.622152215306001
2.13689937987598,0.622569796461739
2.13723144628926,0.622926942609603
2.13756351270254,0.623306531683017
2.13789557911582,0.623691244008147
2.13822764552911,0.62404551621491
2.13855971194239,0.624437393433074
2.13889177835567,0.624833277656367
2.13922384476895,0.625260385553756
2.13955591118224,0.625724027623837
2.13988797759552,0.626218970053764
2.1402200440088,0.626695111500079
2.14055211042208,0.627195188039748
2.14088417683537,0.627717669661998
2.14121624324865,0.628284737011253
2.14154830966193,0.628915408849921
2.14188037607522,0.629604242466055
2.1422124424885,0.630293516933013
2.14254450890178,0.63103363996689
2.14287657531506,0.631799182918388
2.14320864172835,0.632592954613263
2.14354070814163,0.633425211543362
2.14387277455491,0.634249247382562
2.14420484096819,0.635142768002044
2.14453690738148,0.636030767430937
2.14486897379476,0.636885002974868
2.14520104020804,0.637705775851037
2.14553310662132,0.638500118653817
2.14586517303461,0.639275249276936
2.14619723944789,0.640003352203553
2.14652930586117,0.640649068074273
2.14686137227446,0.641254830016027
2.14719343868774,0.641838484099657
2.14752550510102,0.642401966744439
2.1478575715143,0.642949070078917
2.14818963792759,0.643514750669636
2.14852170434087,0.644095660555195
2.14885377075415,0.64475428368916
2.14918583716743,0.645526056971371
2.14951790358072,0.646306118605868
2.149849969994,0.647040662537732
2.15018203640728,0.647799004625581
2.15051410282056,0.648591175766231
2.15084616923385,0.649397510216091
2.15117823564713,0.650158070177246
2.15151030206041,0.650778601807709
2.15184236847369,0.651297125495284
2.15217443488698,0.651873302625812
2.15250650130026,0.652515815733866
2.15283856771354,0.653256750802874
2.15317063412683,0.654110896897861
2.15350270054011,0.654997210375526
2.15383476695339,0.655937636286543
2.15416683336667,0.656839308895187
2.15449889977996,0.657753691951973
2.15483096619324,0.658746412162005
2.15516303260652,0.659810063271478
2.1554950990198,0.661043958172324
2.15582716543309,0.662299244622761
2.15615923184637,0.663412454586513
2.15649129825965,0.664457548303572
2.15682336467293,0.665549131180068
2.15715543108622,0.666783132414904
2.1574874974995,0.668070137649126
2.15781956391278,0.669410844798737
2.15815163032607,0.670788780394149
2.15848369673935,0.672198541986579
2.15881576315263,0.673646801607136
2.15914782956591,0.675117852151252
2.1594798959792,0.676468908376067
2.15981196239248,0.677807704348604
2.16014402880576,0.679056252531298
2.16047609521904,0.680212674587845
2.16080816163233,0.681330525757853
2.16114022804561,0.682329121351228
2.16147229445889,0.683338497211973
2.16180436087217,0.684386516847992
2.16213642728546,0.685439627614757
2.16246849369874,0.686391788308199
2.16280056011202,0.687163310986835
2.16313262652531,0.68783636719413
2.16346469293859,0.688474299467667
2.16379675935187,0.68914986503393
2.16412882576515,0.689906121537248
2.16446089217844,0.69070871780648
2.16479295859172,0.691507632744303
2.165125025005,0.692237495747994
2.16545709141828,0.692902634942348
2.16578915783157,0.693586352195081
2.16612122424485,0.694359142844348
2.16645329065813,0.695263210712441
2.16678535707141,0.69627227318157
2.1671174234847,0.697306582651576
2.16744948989798,0.698342625555767
2.16778155631126,0.699334005691096
2.16811362272455,0.700329426948106
2.16844568913783,0.701397102927608
2.16877775555111,0.702479269614542
2.16910982196439,0.70345508538849
2.16944188837768,0.704438456611549
2.16977395479096,0.705447125740306
2.17010602120424,0.706513434079683
2.17043808761752,0.707680008398382
2.17077015403081,0.709001128391379
2.17110222044409,0.710409307744686
2.17143428685737,0.711852555768238
2.17176635327065,0.713299215362915
2.17209841968394,0.714720298023927
2.17243048609722,0.716116325018063
2.1727625525105,0.717521351669383
2.17309461892378,0.719517182565119
2.17342668533707,0.721605198624376
2.17375875175035,0.723058784960499
2.17409081816363,0.724510358999295
2.17442288457692,0.725975901335509
2.1747549509902,0.727433764480941
2.17508701740348,0.728900132020436
2.17541908381676,0.730381917671808
2.17575115023005,0.731832294702901
2.17608321664333,0.733172582481996
2.17641528305661,0.734313748709155
2.17674734946989,0.73528726004765
2.17707941588318,0.736148708216389
2.17741148229646,0.736956726998007
2.17774354870974,0.737749886347981
2.17807561512302,0.738495678947729
2.17840768153631,0.739137519610109
2.17873974794959,0.739671737429879
2.17907181436287,0.740103187439418
2.17940388077616,0.740459566029493
2.17973594718944,0.740768734494432
2.18006801360272,0.741057774840771
2.180400080016,0.741320572335068
2.18073214642929,0.741512234876622
2.18106421284257,0.741619365485551
2.18139627925585,0.741660589479143
2.18172834566913,0.741665482426499
2.18206041208242,0.741672100916734
2.1823924784957,0.741725392790339
2.18272454490898,0.7417810829559
2.18305661132226,0.741835346292754
2.18338867773555,0.741882033671714
2.18372074414883,0.741908108821953
2.18405281056211,0.741887258578025
2.1843848769754,0.741755868884968
2.18471694338868,0.741587308517403
2.18504900980196,0.741404312604201
2.18538107621524,0.741229651161629
2.18571314262853,0.741077678021725
2.18604520904181,0.740957313957786
2.18637727545509,0.740886251339838
2.18670934186837,0.740827261211121
2.18704140828166,0.740824004874402
2.18737347469494,0.740914595579685
2.18770554110822,0.741135482568407
2.1880376075215,0.7414893343042
2.18836967393479,0.741959997206487
2.18870174034807,0.742488082627874
2.18903380676135,0.743044134895469
2.18936587317464,0.743632898785481
2.18969793958792,0.744266845411642
2.1900300060012,0.744911041473279
2.19036207241448,0.745540490719395
2.19069413882777,0.746173691764579
2.19102620524105,0.746806204001721
2.19135827165433,0.747436188641393
2.19169033806761,0.748065977459325
2.1920224044809,0.748694853377165
2.19235447089418,0.749105896688926
2.19268653730746,0.749096562540392
2.19301860372074,0.749087223909067
2.19335067013403,0.749077880794715
2.19368273654731,0.749068533197103
2.19401480296059,0.749062014396631
2.19434686937388,0.749116218885732
2.19467893578716,0.749170425932255
2.19501100220044,0.749224635536259
2.19534306861372,0.749278847697803
2.19567513502701,0.749333062416945
2.19600720144029,0.749386452407219
2.19633926785357,0.749402522982357
2.19667133426685,0.749418591889737
2.19700340068014,0.749434659129242
2.19733546709342,0.749450724700755
2.1976675335067,0.749466788604159
2.19799959991998,0.749482850839337
2.19833166633327,0.749397268971917
2.19866373274655,0.749302035648111
2.19899579915983,0.749174823916518
2.19932786557311,0.749047612184925
2.1996599319864,0.748920400453332
2.19999199839968,0.748793188721739
2.20032406481296,0.748715635545611
2.20065613122625,0.748639308506655
2.20098819763953,0.748562981467699
2.20132026405281,0.748486654428744
2.20165233046609,0.748410327389788
2.20198439687938,0.748297878956456
2.20231646329266,0.748277103194036
2.20264852970594,0.748261107465589
2.20298059611922,0.748245110067082
2.20331266253251,0.748229110998632
2.20364472894579,0.748213110260356
2.20397679535907,0.74819710785237
2.20430886177235,0.748062833104357
2.20464092818564,0.747919684658732
2.20497299459892,0.747776548627459
2.2053050610122,0.74763342501007
2.20563712742549,0.747490313806097
2.20596919383877,0.747347215015073
2.20630126025205,0.747319450169959
2.20663332666533,0.747303476815516
2.20696539307862,0.747287501791243
2.2072974594919,0.747271525097256
2.20762952590518,0.747255546733672
2.20796159231846,0.747246047707195
2.20829365873175,0.747338892617661
2.20862572514503,0.747440556569754
2.20895779155831,0.747542220521846
2.20928985797159,0.74764388447394
2.20962192438488,0.747745548426033
2.20995399079816,0.747847212378126
2.21028605721144,0.747872245595245
2.21061812362473,0.747884953589256
2.21095019003801,0.747897661583268
2.21128225645129,0.74791036957728
2.21161432286457,0.747923077571291
2.21194638927786,0.747935785565303
2.21227845569114,0.747884555507516
2.21261052210442,0.747821015537458
2.2129425885177,0.7477574755674
2.21327465493099,0.747693935597342
2.21360672134427,0.747630395627284
2.21393878775755,0.747566855657226
2.21427085417083,0.747614884137584
2.21460292058412,0.747707137488022
2.2149349869974,0.747799397618075
2.21526705341068,0.747891664527976
2.21559911982397,0.747983938217961
2.21593118623725,0.748076218688261
2.21626325265053,0.748047568432291
2.21659531906381,0.747987296964869
2.2169273854771,0.747927015378266
2.21725945189038,0.747863254357258
2.21759151830366,0.747761537695404
2.21792358471694,0.747659821033551
2.21825565113023,0.747548315674872
2.21858771754351,0.747433884430287
2.21891978395679,0.747319453185701
2.21925185037007,0.747205021941116
2.21958391678336,0.747090590696531
2.21991598319664,0.746976159451947
2.22024804960992,0.746947206968377
2.22058011602321,0.746947206968377
2.22091218243649,0.746947206968377
2.22124424884977,0.746947206968377
2.22157631526305,0.746947206968377
2.22190838167633,0.746947206968377
2.22224044808962,0.746984033301975
2.2225725145029,0.747034891632902
2.22290458091618,0.747085749963829
2.22323664732947,0.747136608294755
2.22356871374275,0.747187466625682
2.22390078015603,0.747238324956609
2.22423284656931,0.74722677460073
2.2245649129826,0.747188630852535
2.22489697939588,0.74715048710434
2.22522904580916,0.747112343356145
2.22556111222244,0.74707419960795
2.22589317863573,0.747036055859755
2.22622524504901,0.7470496589314
2.22655731146229,0.747087802679595
2.22688937787558,0.74712594642779
2.22722144428886,0.747164090175985
2.22755351070214,0.74720223392418
2.22788557711542,0.747240377672375
2.22821764352871,0.747286854833831
2.22854970994199,0.747337713164757
2.22888177635527,0.747388571495684
2.22921384276855,0.747439429826611
2.22954590918184,0.747490288157537
2.22987797559512,0.747541146488464
2.2302100420084,0.747543750680108
2.23054210842168,0.747518321514644
2.23087417483497,0.747492892349181
2.23120624124825,0.747467463183718
2.23153830766153,0.747442034018254
2.23187037407481,0.747416604852791
2.2322024404881,0.747383424387494
2.23253450690138,0.747345280639299
2.23286657331466,0.747307136891104
2.23319863972795,0.747268993142909
2.23353070614123,0.747230849394714
2.23386277255451,0.747192705646518
2.23419483896779,0.747147101655203
2.23452690538108,0.747096243324276
2.23485897179436,0.747045384993349
2.23519103820764,0.746994526662423
2.23552310462092,0.746943668331496
2.23585517103421,0.746892810000569
2.23618723744749,0.746838990492227
2.23651930386077,0.746810339665525
2.23685137027406,0.746781688576043
2.23718343668734,0.746753037223841
2.23751550310062,0.746724385608977
2.2378475695139,0.74669573373151
2.23817963592719,0.746646455130802
2.23851170234047,0.746579676890895
2.23884376875375,0.746512902612711
2.23917583516703,0.746446132296131
2.23950790158032,0.74637936594104
2.2398399679936,0.746312603547321
2.24017203440688,0.746285339236923
2.24050410082016,0.74629481119414
2.24083616723345,0.746304278665478
2.24116823364673,0.746313741651171
2.24150030006001,0.746323200151454
2.24183236647329,0.746332654166559
2.24216443288658,0.746345035333799
2.24249649929986,0.746383139554797
2.24282856571314,0.746421243775794
2.24316063212643,0.746459347996792
2.24349269853971,0.746497452217789
2.24382476495299,0.746535556438786
2.24415683136627,0.746603654343782
2.24448889777956,0.746705265599775
2.24482096419284,0.746806876855768
2.24515303060612,0.746908488111762
2.2454850970194,0.747010099367755
2.24581716343269,0.747111710623748
2.24614922984597,0.747190489952943
2.24648129625925,0.74724129558094
2.24681336267253,0.747292101208936
2.24714542908582,0.747342906836933
2.2474774954991,0.74739371246493
2.24780956191238,0.747444518092926
2.24814162832567,0.747489906494323
2.24847369473895,0.74752801071532
2.24880576115223,0.747566114936318
2.24913782756551,0.747604219157316
2.2494698939788,0.747642323378313
2.24980196039208,0.74768042759931
2.25013402680536,0.747677520048311
2.25046609321864,0.747614013013315
2.25079815963193,0.747550505978319
2.25113022604521,0.747486998943323
2.25146229245849,0.747423491908327
2.25179435887177,0.747359984873332
2.25212642528506,0.747310984987535
2.25245849169834,0.747285582173537
2.25279055811162,0.747260179359538
2.2531226245249,0.74723477654554
2.25345469093819,0.747209373731542
2.25378675735147,0.747183970917543
2.25411882376475,0.747144933219646
2.25445089017804,0.74708142618465
2.25478295659132,0.747017919149654
2.2551150230046,0.746954412114659
2.25544708941788,0.746890905079663
2.25577915583117,0.746827398044667
2.25611122224445,0.746772399422071
2.25644328865773,0.746734295201073
2.25677535507101,0.746696190980076
2.2571074214843,0.746658086759078
2.25743948789758,0.746619982538081
2.25777155431086,0.746599873051671
2.25810362072415,0.746607101382472
2.25843568713743,0.746623066210547
2.25876775355071,0.746639029369271
2.25909981996399,0.746654990858527
2.25943188637728,0.746670950678198
2.25976395279056,0.746686908828166
2.26009601920384,0.746724910564097
2.26042808561712,0.746817110662501
2.26076015203041,0.746909317538936
2.26109221844369,0.747001531193635
2.26142428485697,0.747093751626832
2.26175635127025,0.747185978838762
2.26208841768354,0.747244368238144
2.26242048409682,0.747209491445589
2.2627525505101,0.747174607349992
2.26308461692338,0.747139715951004
2.26341668333667,0.747104817248273
2.26374874974995,0.747069911241449
2.26408081616323,0.747062848572193
2.26441288257652,0.747142371642884
2.2647449489898,0.747221900084758
2.26507701540308,0.747301433897989
2.26540908181636,0.747380973082755
2.26574114822965,0.74746051763923
2.26607321464293,0.747528850051058
2.26640528105621,0.747557524652191
2.26673734746949,0.747586198990702
2.26706941388278,0.747614873066532
2.26740148029606,0.747643546879621
2.26773354670934,0.747672220429912
2.26806561312262,0.74771597801233
2.26839767953591,0.747820997347719
2.26872974594919,0.747926024873824
2.26906181236247,0.748031060590937
2.26939387877575,0.74813610449935
2.26972594518904,0.748241156599356
2.27005801160232,0.748339357389495
2.2703900780156,0.748364812920084
2.27072214442889,0.748390268450673
2.27105421084217,0.748415723981262
2.27138627725545,0.748441179511851
2.27171834366873,0.74846663504244
2.27205041008202,0.748507547907267
2.2723824764953,0.748634825560212
2.27271454290858,0.748762103213157
2.27304660932186,0.748889380866103
2.27337867573515,0.749016658519048
2.27371074214843,0.749143936171993
2.27404280856171,0.749251524125375
2.274374874975,0.749226068594786
2.27470694138828,0.749200613064196
2.27503900780156,0.749175157533607
2.27537107421484,0.749149702003018
2.27570314062813,0.749124246472429
2.27603520704141,0.74909879094184
2.27636727345469,0.749061336880548
2.27669933986797,0.748994418271645
2.27703140628126,0.748927503628534
2.27736347269454,0.748860592951099
2.27769553910782,0.748793686239223
2.2780276055211,0.748720436803509
2.27835967193439,0.748577198367079
2.27869173834767,0.748433972348976
2.27902380476095,0.748290758748733
2.27935587117423,0.748147557565882
2.27968793758752,0.748004368799954
2.2800200040008,0.747865023719307
2.28035207041408,0.74778545511456
2.28068413682737,0.747705891882232
2.28101620324065,0.74762633402215
2.28134826965393,0.747546781534138
2.28168033606721,0.74746723441802
2.2820124024805,0.747387217754113
2.28234446889378,0.747294966524952
2.28267653530706,0.747202722075545
2.28300860172034,0.747110484405658
2.28334066813363,0.747018253515057
2.28367273454691,0.746926029403508
2.28400480096019,0.746834547185677
2.28433686737347,0.746793179221767
2.28466893378676,0.746751812403596
2.28500100020004,0.746710446731165
2.28533306661332,0.746669082204474
2.28566513302661,0.746627718823522
2.28599719943989,0.746586356588309
2.28632926585317,0.746582793311477
2.28666133226645,0.746579548462518
2.28699339867974,0.746576300535717
2.28732546509302,0.746573049531249
2.2876575315063,0.746569795449291
2.28798959791958,0.746566538290017
2.28832166433287,0.745559984136384
2.28865373074615,0.743384976203036
2.28898579715943,0.741156637961523
2.28931786357271,0.738933354172987
2.289649929986,0.736109184749941
2.28998199639928,0.732386356241753
2.29031406281256,0.728532892456013
2.29064612922585,0.724679856721625
2.29097819563913,0.72076380340736
2.29131026205241,0.716791574398543
2.29164232846569,0.712877925198934
2.29197439487898,0.708912269805745
2.29230646129226,0.7048610460646
2.29263852770554,0.700706733774163
2.29297059411882,0.696407178857406
2.29330266053211,0.692095937462548
2.29363472694539,0.687937290554605
2.29396679335867,0.683913319144469
2.29429885977195,0.679865207208323
2.29463092618524,0.675698754197045
2.29496299259852,0.671467000286271
2.2952950590118,0.667495681923004
2.29562712542509,0.66351175301632
2.29595919183837,0.659372279408774
2.29629125825165,0.655124240489077
2.29662332466493,0.650899380904008
2.29695539107822,0.647337113002174
2.2972874574915,0.643886989020964
2.29761952390478,0.640564016547374
2.29795159031806,0.637320883817966
2.29828365673135,0.634170251166228
2.29861572314463,0.631129028471317
2.29894778955791,0.628063589772417
2.29927985597119,0.625192453637588
2.29961192238448,0.622366804796123
2.29994398879776,0.619544853345975
2.30027605521104,0.616799537815949
2.30060812162432,0.614148061378669
2.30094018803761,0.611734720158826
2.30127225445089,0.609370103028877
2.30160432086417,0.607170723525905
2.30193638727746,0.605153507347194
2.30226845369074,0.603189664033366
2.30260052010402,0.601657223092011
2.3029325865173,0.600238891151647
2.30326465293059,0.599094967646261
2.30359671934387,0.598096089789476
2.30392878575715,0.597073247291284
2.30426085217043,0.596063886107458
2.30459291858372,0.595140395334144
2.304924984997,0.594489253329893
2.30525705141028,0.593995085682358
2.30558911782357,0.593619473895114
2.30592118423685,0.593363500048023
2.30625325065013,0.593051350953834
2.30658531706341,0.592980427385405
2.3069173834767,0.592954859004813
2.30724944988998,0.593136943755399
2.30758151630326,0.593505235537477
2.30791358271654,0.593920403897054
2.30824564912983,0.594474251707636
2.30857771554311,0.595087451595663
2.30890978195639,0.595760876404166
2.30924184836967,0.596482749228261
2.30957391478296,0.597258402076288
2.30990598119624,0.598119125320763
2.31023804760952,0.599033093737471
2.3105701140228,0.600064437457748
2.31090218043609,0.60117353009158
2.31123424684937,0.602461151355644
2.31156631326265,0.603952077359333
2.31189837967594,0.605451612396076
2.31223044608922,0.606704487183659
2.3125625125025,0.607972586450418
2.31289457891578,0.60923695701176
2.31322664532907,0.61051185899999
2.31355871174235,0.611829659865625
2.31389077815563,0.61322846919695
2.31422284456891,0.614675739595076
2.3145549109822,0.616210427247394
2.31488697739548,0.617797365462908
2.31521904380876,0.619384642282846
2.31555111022204,0.620920256579212
2.31588317663533,0.622474049536527
2.31621524304861,0.62399424826992
2.31654730946189,0.625537678590703
2.31687937587518,0.626868021466986
2.31721144228846,0.627970246451083
2.31754350870174,0.629029012006536
2.31787557511502,0.629318382699303
2.31820764152831,0.629573057066814
2.31853970794159,0.629521609595626
2.31887177435487,0.629299452673235
2.31920384076815,0.629057079793314
2.31953590718144,0.62878470672729
2.31986797359472,0.628476209427592
2.320200040008,0.628075692460477
2.32053210642128,0.627653107533024
2.32086417283457,0.627098090697674
2.32119623924785,0.626331410350249
2.32152830566113,0.625543601733231
2.32186037207441,0.624128576875513
2.3221924384877,0.622655142388705
2.32252450490098,0.621119308627043
2.32285657131426,0.619526766947761
2.32318863772755,0.617908172219939
2.32352070414083,0.616265698227675
2.32385277055411,0.614601776784884
2.32418483696739,0.612872287842408
2.32451690338068,0.611083603676389
2.32484896979396,0.609414097623045
2.32518103620724,0.608106707688146
2.32551310262052,0.606752898013513
2.32584516903381,0.605421892582669
2.32617723544709,0.60404204208226
2.32650930186037,0.602629018093824
2.32684136827365,0.601218226876488
2.32717343468694,0.599786563732478
2.32750550110022,0.598370230917812
2.3278375675135,0.596902419821768
2.32816963392679,0.595427528678518
2.32850170034007,0.59397113265313
2.32883376675335,0.59256680645789
2.32916583316663,0.591338961872728
2.32949789957992,0.590134685403226
2.3298299659932,0.588951985882281
2.33016203240648,0.587768901421121
2.33049409881976,0.58660112332915
2.33082616523305,0.585486873618127
2.33115823164633,0.584382924589002
2.33149029805961,0.583502387616523
2.33182236447289,0.582649139598937
2.33215443088618,0.581860263379575
2.33248649729946,0.581137004740494
2.33281856371274,0.580413308222051
2.33315063012603,0.579737681674009
2.33348269653931,0.579052331826523
2.33381476295259,0.578356651938156
2.33414682936587,0.57767627068582
2.33447889577916,0.576990036624077
2.33481096219244,0.576191335719711
2.33514302860572,0.575361623500413
2.335475095019,0.574490995547119
2.33580716143229,0.573580072179571
2.33613922784557,0.572704834394065
2.33647129425885,0.571912160335311
2.33680336067213,0.571112471008734
2.33713542708542,0.570317747527649
2.3374674934987,0.569540025800838
2.33779955991198,0.568789798157226
2.33813162632527,0.568043499277524
2.33846369273855,0.567278302538261
2.33879575915183,0.566510563880232
2.33912782556511,0.565735282856352
2.3394598919784,0.564919803135159
2.33979195839168,0.564095980155076
2.34012402480496,0.563259740700976
2.34045609121824,0.562358230942499
2.34078815763153,0.56146187394261
2.34112022404481,0.560612982609125
2.34145229045809,0.559769372967109
2.34178435687137,0.558977059519152
2.34211642328466,0.558255316939701
2.34244848969794,0.557543686817842
2.34278055611122,0.556846242728683
2.34311262252451,0.556166983010971
2.34344468893779,0.55547541283743
2.34377675535107,0.554779923313246
2.34410882176435,0.55410746824579
2.34444088817764,0.553462344172135
2.34477295459092,0.552828761799814
2.3451050210042,0.552138078398757
2.34543708741748,0.551465574812241
2.34576915383077,0.550758127938382
2.34610122024405,0.549915799070024
2.34643328665733,0.549118061365802
2.34676535307061,0.548325083753021
2.3470974194839,0.547529914491721
2.34742948589718,0.546792885775408
2.34776155231046,0.546121714692653
2.34809361872374,0.545465257542932
2.34842568513703,0.544826761278194
2.34875775155031,0.544198031835272
2.34908981796359,0.543614041208628
2.34942188437688,0.543057865751061
2.34975395079016,0.54252286747585
2.35008601720344,0.542030396990779
2.35041808361672,0.541519603848108
2.35075015003001,0.541062741775051
2.35108221644329,0.54062527843459
2.35141428285657,0.540217813796021
2.35174634926985,0.539853201766041
2.35207841568314,0.539505982891943
2.35241048209642,0.539357167420634
2.3527425485097,0.539222683191991
2.35307461492298,0.539247735231862
2.35340668133627,0.539406913078033
2.35373874774955,0.539587027761683
2.35407081416283,0.539869534341308
2.35440288057612,0.540126422940698
2.3547349469894,0.540438074223111
2.35506701340268,0.54078566448763
2.35539907981596,0.541188369120419
2.35573114622925,0.541699297721375
2.35606321264253,0.542233544846753
2.35639527905581,0.543011259839273
2.35672734546909,0.54384781571056
2.35705941188238,0.544749833558559
2.35739147829566,0.545730454392231
2.35772354470894,0.546728350678623
2.35805561112222,0.547801094538384
2.35838767753551,0.548899662392848
2.35871974394879,0.549997069001337
2.35905181036207,0.55108154692113
2.35938387677536,0.552134620770093
2.35971594318864,0.553119712544104
2.36004800960192,0.554089091248007
2.3603800760152,0.555021369444689
2.36071214242849,0.555925969381146
2.36104420884177,0.556802932993878
2.36137627525505,0.557638802919588
2.36170834166833,0.558471350590263
2.36204040808162,0.559338268539576
2.3623724744949,0.560139973186284
2.36270454090818,0.560859264200211
2.36303660732146,0.561504457455175
2.36336867373475,0.562126038359139
2.36370074014803,0.562490597890266
2.36403280656131,0.56286161813007
2.36436487297459,0.563140349500473
2.36469693938788,0.563355001157105
2.36502900580116,0.563516545063855
2.36536107221444,0.563592766803558
2.36569313862773,0.563706798620121
2.36602520504101,0.563889983353845
2.36635727145429,0.564155989901753
2.36668933786757,0.564391417913891
2.36702140428086,0.564619523733615
2.36735347069414,0.564831096898036
2.36768553710742,0.565088046050157
2.3680176035207,0.565347902831628
2.36834966993399,0.565701020917982
2.36868173634727,0.566058910713377
2.36901380276055,0.566423131126719
2.36934586917383,0.56679526443998
2.36967793558712,0.567177213001775
2.3700100020004,0.567901033176295
2.37034206841368,0.568766618965857
2.37067413482697,0.569696318008702
2.37100620124025,0.570756041167545
2.37133826765353,0.57181073845879
2.37167033406681,0.572853019384994
2.3720024004801,0.573896177458765
2.37233446689338,0.574932018443189
2.37266653330666,0.576047994139368
2.37299859971994,0.577216140761229
2.37333066613323,0.578417339304973
2.37366273254651,0.579630775812603
2.37399479895979,0.580844032836005
2.37432686537307,0.582136487012293
2.37465893178636,0.583502198789941
2.37499099819964,0.585042771327939
2.37532306461292,0.586645183831265
2.37565513102621,0.588353048528289
2.37598719743949,0.590054708017467
2.37631926385277,0.591624853298983
2.37665133026605,0.593108652421642
2.37698339667934,0.594572310911711
2.37731546309262,0.59587041332398
2.3776475295059,0.597160936965006
2.37797959591918,0.598364688423839
2.37831166233247,0.599402753045148
2.37864372874575,0.600445790739599
2.37897579515903,0.601601462115941
2.37930786157231,0.602757098469814
2.3796399279856,0.60399395673681
2.37997199439888,0.605276226203823
2.38030406081216,0.60665342857731
2.38063612722545,0.60832449310628
2.38096819363873,0.610020938076509
2.38130026005201,0.612117152205987
2.38163232646529,0.614359178620949
2.38196439287858,0.616622719875883
2.38229645929186,0.618863480383811
2.38262852570514,0.621116945955998
2.38296059211842,0.623175855844129
2.38329265853171,0.625265815454554
2.38362472494499,0.627467132273837
2.38395679135827,0.629854009436714
2.38428885777155,0.632389678733072
2.38462092418484,0.634734454213785
2.38495299059812,0.637058696461502
2.3852850570114,0.639835523940623
2.38561712342469,0.642754925648338
2.38594918983797,0.645746292483145
2.38628125625125,0.649019194885809
2.38661332266453,0.652320758936227
2.38694538907782,0.655673906393998
2.3872774554911,0.659103460763087
2.38760952190438,0.662443132313811
2.38794158831766,0.665640844449354
2.38827365473095,0.668914823614901
2.38860572114423,0.671788550362533
2.38893778755751,0.674703392878618
2.38926985397079,0.677698416114945
2.38960192038408,0.68075693121795
2.38993398679736,0.683859283756227
2.39026605321064,0.687018893634678
2.39059811962392,0.690183476561198
2.39093018603721,0.693559359880919
2.39126225245049,0.696993181656631
2.39159431886377,0.700486601799986
2.39192638527706,0.704098116758709
2.39225845169034,0.707699540616851
2.39259051810362,0.710632679560227
2.3929225845169,0.713492384026741
2.39325465093019,0.716068114360163
2.39358671734347,0.718326910453588
2.39391878375675,0.720498886746803
2.39425085017003,0.722793041449217
2.39458291658332,0.725067793999256
2.3949149829966,0.727429562672804
2.39524704940988,0.729853616696806
2.39557911582316,0.732326155780626
2.39591118223645,0.73485577472651
2.39624324864973,0.737402334349392
2.39657531506301,0.739793289987308
2.3969073814763,0.741169322202905
2.39723944788958,0.742048777925595
2.39757151430286,0.742889887119418
2.39790358071614,0.74302845208074
2.39823564712943,0.743104031276571
2.39856771354271,0.74316124311602
2.39889977995599,0.743218453916749
2.39923184636927,0.743275663678288
2.39956391278256,0.74333287240017
2.39989597919584,0.743390080081927
2.40022804560912,0.743508148619707
2.4005601120224,0.743653994277537
2.40089217843569,0.743799858571322
2.40122424484897,0.743945741502234
2.40155631126225,0.744091643071442
2.40188837767554,0.744237563280117
2.40222044408882,0.744391912466323
2.4025525105021,0.744550541225186
2.40288457691538,0.744709191439029
2.40321664332867,0.744867863109257
2.40354870974195,0.745026556237272
2.40388077615523,0.745185270824481
2.40421284256851,0.745335881139479
2.4045449089818,0.745481958976397
2.40487697539508,0.74562805546378
2.40520904180836,0.745774170602801
2.40554110822164,0.745920304394629
2.40587317463493,0.746066456840433
2.40620524104821,0.746212627941384
2.40653730746149,0.746358817698652
2.40686937387478,0.746505026113407
2.40720144028806,0.746651253186819
2.40753350670134,0.746797498920059
2.40786557311462,0.746943763314295
2.40819763952791,0.747105157112472
2.40852970594119,0.747276851815278
2.40886177235447,0.747448570812205
2.40919383876775,0.747620314104889
2.40952590518104,0.747792081694969
2.40985797159432,0.747963873584084
2.4101900380076,0.748046975361486
2.41052210442088,0.748088426817665
2.41085417083417,0.748129879422284
2.41118623724745,0.748171333175344
2.41151830366073,0.748212788076845
2.41185037007402,0.748254244126786
2.4121824364873,0.748302682120793
2.41251450290058,0.748356847831089
2.41284656931386,0.748411016097824
2.41317863572715,0.748465186921058
2.41351070214043,0.748519360300848
2.41384276855371,0.748573536237254
2.41417483496699,0.74858756181129
2.41450690138028,0.748565473431054
2.41483896779356,0.748543379158216
2.41517103420684,0.748521278992482
2.41550310062012,0.748499172933561
2.41583516703341,0.74847706098116
2.41616723344669,0.748461346452669
2.41649929985997,0.748451938493004
2.41683136627326,0.748442526047447
2.41716343268654,0.748433109115764
2.41749549909982,0.748423687697721
2.4178275655131,0.748414261793085
2.41815963192639,0.748410945690725
2.41849169833967,0.748414230802368
2.41882376475295,0.748417512835416
2.41915583116623,0.74842079178969
2.41948789757952,0.748424067665018
2.4198199639928,0.748427340461222
2.42015203040608,0.748430610178127
2.42048409681936,0.748433876815559
2.42081616323265,0.74843714037334
2.42114822964593,0.748440400851297
2.42148029605921,0.748443658249253
2.42181236247249,0.748446912567032
2.42214442888578,0.74845016380446
2.42247649529906,0.748413459325383
2.42280856171234,0.748333849909813
2.42314062812563,0.748254245868084
2.42347269453891,0.748174647200018
2.42380476095219,0.748095053905442
2.42413682736547,0.748031194567978
2.42446889377876,0.74798978074495
2.42480096019204,0.747948368068367
2.42513302660532,0.747906956538228
2.4254650930186,0.747865546154533
2.42579715943189,0.747824136917282
2.42612922584517,0.74775302914761
2.42646129225845,0.747635310013521
2.42679335867173,0.747517600477512
2.42712542508502,0.74739990053923
2.4274574914983,0.747282210198325
2.42778955791158,0.747164529454445
2.42812162432487,0.747042201081799
2.42845369073815,0.746911825042011
2.42878575715143,0.74678146000657
2.42911782356471,0.746651105975063
2.429449889978,0.746520762947082
2.42978195639128,0.746390430922217
2.43011402280456,0.746255745201948
2.43044608921784,0.746112724901866
2.43077815563113,0.745969717011811
2.43111022204441,0.745826721531314
2.43144228845769,0.745683738459907
2.43177435487097,0.74555767587148
2.43210642128426,0.745456011919387
2.43243848769754,0.745354347967294
2.43277055411082,0.745252684015201
2.43310262052411,0.745151020063108
2.43343468693739,0.745049356111015
2.43376675335067,0.744947692158922
2.43409881976395,0.744868718866016
2.43443088617724,0.744843302877993
2.43476295259052,0.744817886889969
2.4350950190038,0.744792470901946
2.43542708541708,0.744767054913923
2.43575915183037,0.7447416389259
2.43609121824365,0.744726695549809
2.43642328465693,0.74473940354382
2.43675535107021,0.744752111537832
2.4370874174835,0.744764819531844
2.43741948389678,0.744777527525855
2.43775155031006,0.744790235519867
2.43808361672334,0.74479014365485
2.43841568313663,0.744752019672815
2.43874774954991,0.74471389569078
2.43907981596319,0.744675771708745
2.43941188237648,0.744637647726711
2.43974394878976,0.744599523744676
2.44007601520304,0.744573035998122
2.44040808161632,0.744585743992133
2.44074014802961,0.744598451986145
2.44107221444289,0.744597276388249
2.44140428085617,0.744568733552942
2.44173634726945,0.744540190452314
2.44206841368274,0.744519500093596
2.44240048009602,0.74452907085101
2.4427325465093,0.744538637119782
2.44306461292258,0.744548198900145
2.44339667933587,0.744557756192333
2.44372874574915,0.744567308996581
2.44406081216243,0.744562901052056
2.44439287857572,0.744496241346584
2.444724944989,0.744429585599465
2.44505701140228,0.744362933810582
2.44538907781556,0.744296285979817
2.44572114422885,0.744229642107055
2.44605321064213,0.744173175249345
2.44638527705541,0.744170021205767
2.44671734346869,0.744166864083015
2.44704940988198,0.744163703881264
2.44738147629526,0.74416054060069
2.44771354270854,0.744157374241468
2.44804560912182,0.74417512527711
2.44837767553511,0.744324258885353
2.44870974194839,0.744473372529898
2.44904180836167,0.744622466211622
2.44937387477496,0.744771539931403
2.44970594118824,0.744920593690118
2.45003800760152,0.74506091352367
2.4503700740148,0.745144696369262
2.45070214042809,0.745258890512135
2.45103420684137,0.745373084655008
2.45136627325465,0.74548727879788
2.45169833966793,0.745601472940753
2.45203040608122,0.745707534381617
2.4523624724945,0.745732910857811
2.45269453890778,0.745758287334005
2.45302660532106,0.745783663810199
2.45335867173435,0.745809040286393
2.45369073814763,0.745834416762587
2.45402280456091,0.745858050516922
2.4543548709742,0.745858050516922
2.45468693738748,0.745858050516922
2.45501900380076,0.745858050516922
2.45535107021404,0.745858050516922
2.45568313662733,0.745858050516922
2.45601520304061,0.745856888702349
2.45634726945389,0.745831512226155
2.45667933586717,0.745806135749961
2.45701140228046,0.745780759273767
2.45734346869374,0.745755382797573
2.45767553510702,0.745730006321379
2.4580076015203,0.74570230621604
2.45833966793359,0.74557542383507
2.45867173434687,0.7454485414541
2.45900380076015,0.74532165907313
2.45933586717343,0.74519477669216
2.45966793358672,0.745067894311191
2.46,0.744941011930221
