# wavelength (nm),transmission (I/F) 
9.200000000000000000e+02,0.000000000000000000e+00
9.201000000000000227e+02,0.000000000000000000e+00
9.202000000000000455e+02,0.000000000000000000e+00
9.203000000000000682e+02,0.000000000000000000e+00
9.204000000000000909e+02,0.000000000000000000e+00
9.205000000000001137e+02,0.000000000000000000e+00
9.206000000000001364e+02,0.000000000000000000e+00
9.207000000000001592e+02,0.000000000000000000e+00
9.208000000000001819e+02,0.000000000000000000e+00
9.209000000000002046e+02,0.000000000000000000e+00
9.210000000000002274e+02,0.000000000000000000e+00
9.211000000000002501e+02,0.000000000000000000e+00
9.212000000000002728e+02,0.000000000000000000e+00
9.213000000000002956e+02,0.000000000000000000e+00
9.214000000000003183e+02,0.000000000000000000e+00
9.215000000000003411e+02,0.000000000000000000e+00
9.216000000000003638e+02,0.000000000000000000e+00
9.217000000000003865e+02,0.000000000000000000e+00
9.218000000000004093e+02,0.000000000000000000e+00
9.219000000000004320e+02,0.000000000000000000e+00
9.220000000000004547e+02,0.000000000000000000e+00
9.221000000000004775e+02,0.000000000000000000e+00
9.222000000000005002e+02,0.000000000000000000e+00
9.223000000000005230e+02,0.000000000000000000e+00
9.224000000000005457e+02,0.000000000000000000e+00
9.225000000000005684e+02,0.000000000000000000e+00
9.226000000000005912e+02,0.000000000000000000e+00
9.227000000000006139e+02,0.000000000000000000e+00
9.228000000000006366e+02,0.000000000000000000e+00
9.229000000000006594e+02,0.000000000000000000e+00
9.230000000000006821e+02,0.000000000000000000e+00
9.231000000000007049e+02,0.000000000000000000e+00
9.232000000000007276e+02,0.000000000000000000e+00
9.233000000000007503e+02,0.000000000000000000e+00
9.234000000000007731e+02,0.000000000000000000e+00
9.235000000000007958e+02,0.000000000000000000e+00
9.236000000000008185e+02,0.000000000000000000e+00
9.237000000000008413e+02,0.000000000000000000e+00
9.238000000000008640e+02,0.000000000000000000e+00
9.239000000000008868e+02,0.000000000000000000e+00
9.240000000000009095e+02,0.000000000000000000e+00
9.241000000000009322e+02,0.000000000000000000e+00
9.242000000000009550e+02,0.000000000000000000e+00
9.243000000000009777e+02,0.000000000000000000e+00
9.244000000000010004e+02,0.000000000000000000e+00
9.245000000000010232e+02,0.000000000000000000e+00
9.246000000000010459e+02,0.000000000000000000e+00
9.247000000000010687e+02,0.000000000000000000e+00
9.248000000000010914e+02,0.000000000000000000e+00
9.249000000000011141e+02,0.000000000000000000e+00
9.250000000000011369e+02,0.000000000000000000e+00
9.251000000000011596e+02,0.000000000000000000e+00
9.252000000000011823e+02,0.000000000000000000e+00
9.253000000000012051e+02,0.000000000000000000e+00
9.254000000000012278e+02,0.000000000000000000e+00
9.255000000000012506e+02,0.000000000000000000e+00
9.256000000000012733e+02,0.000000000000000000e+00
9.257000000000012960e+02,0.000000000000000000e+00
9.258000000000013188e+02,0.000000000000000000e+00
9.259000000000013415e+02,0.000000000000000000e+00
9.260000000000013642e+02,0.000000000000000000e+00
9.261000000000013870e+02,0.000000000000000000e+00
9.262000000000014097e+02,0.000000000000000000e+00
9.263000000000014325e+02,0.000000000000000000e+00
9.264000000000014552e+02,0.000000000000000000e+00
9.265000000000014779e+02,0.000000000000000000e+00
9.266000000000015007e+02,0.000000000000000000e+00
9.267000000000015234e+02,0.000000000000000000e+00
9.268000000000015461e+02,0.000000000000000000e+00
9.269000000000015689e+02,0.000000000000000000e+00
9.270000000000015916e+02,0.000000000000000000e+00
9.271000000000016144e+02,0.000000000000000000e+00
9.272000000000016371e+02,0.000000000000000000e+00
9.273000000000016598e+02,0.000000000000000000e+00
9.274000000000016826e+02,0.000000000000000000e+00
9.275000000000017053e+02,0.000000000000000000e+00
9.276000000000017280e+02,0.000000000000000000e+00
9.277000000000017508e+02,0.000000000000000000e+00
9.278000000000017735e+02,0.000000000000000000e+00
9.279000000000017963e+02,0.000000000000000000e+00
9.280000000000018190e+02,0.000000000000000000e+00
9.281000000000018417e+02,0.000000000000000000e+00
9.282000000000018645e+02,0.000000000000000000e+00
9.283000000000018872e+02,0.000000000000000000e+00
9.284000000000019099e+02,0.000000000000000000e+00
9.285000000000019327e+02,0.000000000000000000e+00
9.286000000000019554e+02,0.000000000000000000e+00
9.287000000000019782e+02,0.000000000000000000e+00
9.288000000000020009e+02,0.000000000000000000e+00
9.289000000000020236e+02,0.000000000000000000e+00
9.290000000000020464e+02,0.000000000000000000e+00
9.291000000000020691e+02,0.000000000000000000e+00
9.292000000000020918e+02,0.000000000000000000e+00
9.293000000000021146e+02,0.000000000000000000e+00
9.294000000000021373e+02,0.000000000000000000e+00
9.295000000000021600e+02,0.000000000000000000e+00
9.296000000000021828e+02,0.000000000000000000e+00
9.297000000000022055e+02,0.000000000000000000e+00
9.298000000000022283e+02,0.000000000000000000e+00
9.299000000000022510e+02,0.000000000000000000e+00
9.300000000000022737e+02,0.000000000000000000e+00
9.301000000000022965e+02,0.000000000000000000e+00
9.302000000000023192e+02,0.000000000000000000e+00
9.303000000000023419e+02,0.000000000000000000e+00
9.304000000000023647e+02,0.000000000000000000e+00
9.305000000000023874e+02,0.000000000000000000e+00
9.306000000000024102e+02,0.000000000000000000e+00
9.307000000000024329e+02,0.000000000000000000e+00
9.308000000000024556e+02,0.000000000000000000e+00
9.309000000000024784e+02,0.000000000000000000e+00
9.310000000000025011e+02,0.000000000000000000e+00
9.311000000000025238e+02,0.000000000000000000e+00
9.312000000000025466e+02,0.000000000000000000e+00
9.313000000000025693e+02,0.000000000000000000e+00
9.314000000000025921e+02,0.000000000000000000e+00
9.315000000000026148e+02,0.000000000000000000e+00
9.316000000000026375e+02,0.000000000000000000e+00
9.317000000000026603e+02,0.000000000000000000e+00
9.318000000000026830e+02,0.000000000000000000e+00
9.319000000000027057e+02,0.000000000000000000e+00
9.320000000000027285e+02,0.000000000000000000e+00
9.321000000000027512e+02,0.000000000000000000e+00
9.322000000000027740e+02,0.000000000000000000e+00
9.323000000000027967e+02,0.000000000000000000e+00
9.324000000000028194e+02,0.000000000000000000e+00
9.325000000000028422e+02,0.000000000000000000e+00
9.326000000000028649e+02,0.000000000000000000e+00
9.327000000000028876e+02,0.000000000000000000e+00
9.328000000000029104e+02,0.000000000000000000e+00
9.329000000000029331e+02,0.000000000000000000e+00
9.330000000000029559e+02,0.000000000000000000e+00
9.331000000000029786e+02,0.000000000000000000e+00
9.332000000000030013e+02,0.000000000000000000e+00
9.333000000000030241e+02,0.000000000000000000e+00
9.334000000000030468e+02,0.000000000000000000e+00
9.335000000000030695e+02,0.000000000000000000e+00
9.336000000000030923e+02,0.000000000000000000e+00
9.337000000000031150e+02,0.000000000000000000e+00
9.338000000000031378e+02,0.000000000000000000e+00
9.339000000000031605e+02,0.000000000000000000e+00
9.340000000000031832e+02,0.000000000000000000e+00
9.341000000000032060e+02,0.000000000000000000e+00
9.342000000000032287e+02,0.000000000000000000e+00
9.343000000000032514e+02,0.000000000000000000e+00
9.344000000000032742e+02,0.000000000000000000e+00
9.345000000000032969e+02,0.000000000000000000e+00
9.346000000000033197e+02,0.000000000000000000e+00
9.347000000000033424e+02,0.000000000000000000e+00
9.348000000000033651e+02,0.000000000000000000e+00
9.349000000000033879e+02,0.000000000000000000e+00
9.350000000000034106e+02,0.000000000000000000e+00
9.351000000000034333e+02,0.000000000000000000e+00
9.352000000000034561e+02,0.000000000000000000e+00
9.353000000000034788e+02,0.000000000000000000e+00
9.354000000000035016e+02,0.000000000000000000e+00
9.355000000000035243e+02,0.000000000000000000e+00
9.356000000000035470e+02,0.000000000000000000e+00
9.357000000000035698e+02,0.000000000000000000e+00
9.358000000000035925e+02,0.000000000000000000e+00
9.359000000000036152e+02,0.000000000000000000e+00
9.360000000000036380e+02,0.000000000000000000e+00
9.361000000000036607e+02,0.000000000000000000e+00
9.362000000000036835e+02,0.000000000000000000e+00
9.363000000000037062e+02,0.000000000000000000e+00
9.364000000000037289e+02,0.000000000000000000e+00
9.365000000000037517e+02,0.000000000000000000e+00
9.366000000000037744e+02,0.000000000000000000e+00
9.367000000000037971e+02,0.000000000000000000e+00
9.368000000000038199e+02,0.000000000000000000e+00
9.369000000000038426e+02,0.000000000000000000e+00
9.370000000000038654e+02,0.000000000000000000e+00
9.371000000000038881e+02,0.000000000000000000e+00
9.372000000000039108e+02,0.000000000000000000e+00
9.373000000000039336e+02,0.000000000000000000e+00
9.374000000000039563e+02,0.000000000000000000e+00
9.375000000000039790e+02,0.000000000000000000e+00
9.376000000000040018e+02,0.000000000000000000e+00
9.377000000000040245e+02,0.000000000000000000e+00
9.378000000000040473e+02,0.000000000000000000e+00
9.379000000000040700e+02,0.000000000000000000e+00
9.380000000000040927e+02,0.000000000000000000e+00
9.381000000000041155e+02,0.000000000000000000e+00
9.382000000000041382e+02,0.000000000000000000e+00
9.383000000000041609e+02,0.000000000000000000e+00
9.384000000000041837e+02,0.000000000000000000e+00
9.385000000000042064e+02,0.000000000000000000e+00
9.386000000000042292e+02,0.000000000000000000e+00
9.387000000000042519e+02,0.000000000000000000e+00
9.388000000000042746e+02,0.000000000000000000e+00
9.389000000000042974e+02,0.000000000000000000e+00
9.390000000000043201e+02,0.000000000000000000e+00
9.391000000000043428e+02,0.000000000000000000e+00
9.392000000000043656e+02,0.000000000000000000e+00
9.393000000000043883e+02,0.000000000000000000e+00
9.394000000000044110e+02,0.000000000000000000e+00
9.395000000000044338e+02,0.000000000000000000e+00
9.396000000000044565e+02,0.000000000000000000e+00
9.397000000000044793e+02,0.000000000000000000e+00
9.398000000000045020e+02,0.000000000000000000e+00
9.399000000000045247e+02,0.000000000000000000e+00
9.400000000000045475e+02,0.000000000000000000e+00
9.401000000000045702e+02,0.000000000000000000e+00
9.402000000000045929e+02,0.000000000000000000e+00
9.403000000000046157e+02,0.000000000000000000e+00
9.404000000000046384e+02,0.000000000000000000e+00
9.405000000000046612e+02,0.000000000000000000e+00
9.406000000000046839e+02,0.000000000000000000e+00
9.407000000000047066e+02,0.000000000000000000e+00
9.408000000000047294e+02,0.000000000000000000e+00
9.409000000000047521e+02,0.000000000000000000e+00
9.410000000000047748e+02,0.000000000000000000e+00
9.411000000000047976e+02,0.000000000000000000e+00
9.412000000000048203e+02,0.000000000000000000e+00
9.413000000000048431e+02,0.000000000000000000e+00
9.414000000000048658e+02,0.000000000000000000e+00
9.415000000000048885e+02,0.000000000000000000e+00
9.416000000000049113e+02,0.000000000000000000e+00
9.417000000000049340e+02,0.000000000000000000e+00
9.418000000000049567e+02,0.000000000000000000e+00
9.419000000000049795e+02,0.000000000000000000e+00
9.420000000000050022e+02,0.000000000000000000e+00
9.421000000000050250e+02,0.000000000000000000e+00
9.422000000000050477e+02,0.000000000000000000e+00
9.423000000000050704e+02,0.000000000000000000e+00
9.424000000000050932e+02,0.000000000000000000e+00
9.425000000000051159e+02,0.000000000000000000e+00
9.426000000000051386e+02,0.000000000000000000e+00
9.427000000000051614e+02,0.000000000000000000e+00
9.428000000000051841e+02,0.000000000000000000e+00
9.429000000000052069e+02,0.000000000000000000e+00
9.430000000000052296e+02,0.000000000000000000e+00
9.431000000000052523e+02,0.000000000000000000e+00
9.432000000000052751e+02,0.000000000000000000e+00
9.433000000000052978e+02,0.000000000000000000e+00
9.434000000000053205e+02,0.000000000000000000e+00
9.435000000000053433e+02,0.000000000000000000e+00
9.436000000000053660e+02,0.000000000000000000e+00
9.437000000000053888e+02,0.000000000000000000e+00
9.438000000000054115e+02,0.000000000000000000e+00
9.439000000000054342e+02,0.000000000000000000e+00
9.440000000000054570e+02,0.000000000000000000e+00
9.441000000000054797e+02,0.000000000000000000e+00
9.442000000000055024e+02,0.000000000000000000e+00
9.443000000000055252e+02,0.000000000000000000e+00
9.444000000000055479e+02,0.000000000000000000e+00
9.445000000000055707e+02,0.000000000000000000e+00
9.446000000000055934e+02,0.000000000000000000e+00
9.447000000000056161e+02,0.000000000000000000e+00
9.448000000000056389e+02,0.000000000000000000e+00
9.449000000000056616e+02,0.000000000000000000e+00
9.450000000000056843e+02,0.000000000000000000e+00
9.451000000000057071e+02,0.000000000000000000e+00
9.452000000000057298e+02,0.000000000000000000e+00
9.453000000000057526e+02,0.000000000000000000e+00
9.454000000000057753e+02,0.000000000000000000e+00
9.455000000000057980e+02,0.000000000000000000e+00
9.456000000000058208e+02,0.000000000000000000e+00
9.457000000000058435e+02,0.000000000000000000e+00
9.458000000000058662e+02,0.000000000000000000e+00
9.459000000000058890e+02,0.000000000000000000e+00
9.460000000000059117e+02,0.000000000000000000e+00
9.461000000000059345e+02,0.000000000000000000e+00
9.462000000000059572e+02,0.000000000000000000e+00
9.463000000000059799e+02,0.000000000000000000e+00
9.464000000000060027e+02,0.000000000000000000e+00
9.465000000000060254e+02,0.000000000000000000e+00
9.466000000000060481e+02,0.000000000000000000e+00
9.467000000000060709e+02,0.000000000000000000e+00
9.468000000000060936e+02,0.000000000000000000e+00
9.469000000000061164e+02,0.000000000000000000e+00
9.470000000000061391e+02,0.000000000000000000e+00
9.471000000000061618e+02,0.000000000000000000e+00
9.472000000000061846e+02,0.000000000000000000e+00
9.473000000000062073e+02,0.000000000000000000e+00
9.474000000000062300e+02,0.000000000000000000e+00
9.475000000000062528e+02,0.000000000000000000e+00
9.476000000000062755e+02,0.000000000000000000e+00
9.477000000000062983e+02,0.000000000000000000e+00
9.478000000000063210e+02,0.000000000000000000e+00
9.479000000000063437e+02,0.000000000000000000e+00
9.480000000000063665e+02,0.000000000000000000e+00
9.481000000000063892e+02,0.000000000000000000e+00
9.482000000000064119e+02,0.000000000000000000e+00
9.483000000000064347e+02,0.000000000000000000e+00
9.484000000000064574e+02,0.000000000000000000e+00
9.485000000000064801e+02,0.000000000000000000e+00
9.486000000000065029e+02,0.000000000000000000e+00
9.487000000000065256e+02,0.000000000000000000e+00
9.488000000000065484e+02,0.000000000000000000e+00
9.489000000000065711e+02,0.000000000000000000e+00
9.490000000000065938e+02,0.000000000000000000e+00
9.491000000000066166e+02,0.000000000000000000e+00
9.492000000000066393e+02,0.000000000000000000e+00
9.493000000000066620e+02,0.000000000000000000e+00
9.494000000000066848e+02,0.000000000000000000e+00
9.495000000000067075e+02,0.000000000000000000e+00
9.496000000000067303e+02,0.000000000000000000e+00
9.497000000000067530e+02,0.000000000000000000e+00
9.498000000000067757e+02,0.000000000000000000e+00
9.499000000000067985e+02,0.000000000000000000e+00
9.500000000000068212e+02,0.000000000000000000e+00
9.501000000000068439e+02,0.000000000000000000e+00
9.502000000000068667e+02,0.000000000000000000e+00
9.503000000000068894e+02,0.000000000000000000e+00
9.504000000000069122e+02,0.000000000000000000e+00
9.505000000000069349e+02,0.000000000000000000e+00
9.506000000000069576e+02,0.000000000000000000e+00
9.507000000000069804e+02,0.000000000000000000e+00
9.508000000000070031e+02,0.000000000000000000e+00
9.509000000000070258e+02,0.000000000000000000e+00
9.510000000000070486e+02,0.000000000000000000e+00
9.511000000000070713e+02,0.000000000000000000e+00
9.512000000000070941e+02,0.000000000000000000e+00
9.513000000000071168e+02,0.000000000000000000e+00
9.514000000000071395e+02,0.000000000000000000e+00
9.515000000000071623e+02,0.000000000000000000e+00
9.516000000000071850e+02,0.000000000000000000e+00
9.517000000000072077e+02,0.000000000000000000e+00
9.518000000000072305e+02,0.000000000000000000e+00
9.519000000000072532e+02,0.000000000000000000e+00
9.520000000000072760e+02,0.000000000000000000e+00
9.521000000000072987e+02,0.000000000000000000e+00
9.522000000000073214e+02,0.000000000000000000e+00
9.523000000000073442e+02,0.000000000000000000e+00
9.524000000000073669e+02,0.000000000000000000e+00
9.525000000000073896e+02,0.000000000000000000e+00
9.526000000000074124e+02,0.000000000000000000e+00
9.527000000000074351e+02,0.000000000000000000e+00
9.528000000000074579e+02,0.000000000000000000e+00
9.529000000000074806e+02,0.000000000000000000e+00
9.530000000000075033e+02,0.000000000000000000e+00
9.531000000000075261e+02,0.000000000000000000e+00
9.532000000000075488e+02,0.000000000000000000e+00
9.533000000000075715e+02,0.000000000000000000e+00
9.534000000000075943e+02,0.000000000000000000e+00
9.535000000000076170e+02,0.000000000000000000e+00
9.536000000000076398e+02,0.000000000000000000e+00
9.537000000000076625e+02,0.000000000000000000e+00
9.538000000000076852e+02,0.000000000000000000e+00
9.539000000000077080e+02,0.000000000000000000e+00
9.540000000000077307e+02,0.000000000000000000e+00
9.541000000000077534e+02,0.000000000000000000e+00
9.542000000000077762e+02,0.000000000000000000e+00
9.543000000000077989e+02,0.000000000000000000e+00
9.544000000000078217e+02,0.000000000000000000e+00
9.545000000000078444e+02,0.000000000000000000e+00
9.546000000000078671e+02,0.000000000000000000e+00
9.547000000000078899e+02,0.000000000000000000e+00
9.548000000000079126e+02,0.000000000000000000e+00
9.549000000000079353e+02,0.000000000000000000e+00
9.550000000000079581e+02,4.611533654569427218e-13
9.551000000000079808e+02,5.798960450284584497e-03
9.552000000000080036e+02,1.160615230375411193e-02
9.553000000000080263e+02,1.742158315662330550e-02
9.554000000000080490e+02,2.324527942471278988e-02
9.555000000000080718e+02,2.907727505910686142e-02
9.556000000000080945e+02,3.491795029874315143e-02
9.557000000000081172e+02,4.076754418008578934e-02
9.558000000000081400e+02,4.662571305466315513e-02
9.559000000000081627e+02,5.249246518419965063e-02
9.560000000000081855e+02,5.836780883636955020e-02
9.561000000000082082e+02,6.040217992092603710e-02
9.562000000000082309e+02,6.243941778675619197e-02
9.563000000000082537e+02,6.447952512904137068e-02
9.564000000000082764e+02,6.652250464497133642e-02
9.565000000000082991e+02,6.856835903374566832e-02
9.566000000000083219e+02,7.061709099657534350e-02
9.567000000000083446e+02,7.266870323668356280e-02
9.568000000000083674e+02,7.472319845930702753e-02
9.569000000000083901e+02,7.678057937169777136e-02
9.570000000000084128e+02,7.884084868313087635e-02
9.571000000000084356e+02,8.099113411273886620e-02
9.572000000000084583e+02,8.314400261194444808e-02
9.573000000000084810e+02,8.529903096552626796e-02
9.574000000000085038e+02,8.745655043572114762e-02
9.575000000000085265e+02,8.961674563086306777e-02
9.576000000000085493e+02,9.177961879141990909e-02
9.577000000000085720e+02,9.394517215936099008e-02
9.578000000000085947e+02,9.611340797815717818e-02
9.579000000000086175e+02,9.828508569407466700e-02
9.580000000000086402e+02,1.004598838342485173e-01
9.581000000000086629e+02,1.025668966242912206e-01
9.582000000000086857e+02,1.046761799118007819e-01
9.583000000000087084e+02,1.067871976274971796e-01
9.584000000000087311e+02,1.089013618016644591e-01
9.585000000000087539e+02,1.110178147811555355e-01
9.586000000000087766e+02,1.131365582427364680e-01
9.587000000000087994e+02,1.152575938641629549e-01
9.588000000000088221e+02,1.173804795131540984e-01
9.589000000000088448e+02,1.195056095260765977e-01
9.590000000000088676e+02,1.216332057755560442e-01
9.591000000000088903e+02,1.235191353477357729e-01
9.592000000000089130e+02,1.254070192061990940e-01
9.593000000000089358e+02,1.272980307434259384e-01
9.594000000000089585e+02,1.291908306539303886e-01
9.595000000000089813e+02,1.310853691605563531e-01
9.596000000000090040e+02,1.329816472993793630e-01
9.597000000000090267e+02,1.348796661069505687e-01
9.598000000000090495e+02,1.367794266202963516e-01
9.599000000000090722e+02,1.386809298769187682e-01
9.600000000000090949e+02,1.405841769147581910e-01
9.601000000000091177e+02,1.420765162741185472e-01
9.602000000000091404e+02,1.435714137366564669e-01
9.603000000000091632e+02,1.450668354356440537e-01
9.604000000000091859e+02,1.465614257171675705e-01
9.605000000000092086e+02,1.480571491167493592e-01
9.606000000000092314e+02,1.495535325324023335e-01
9.607000000000092541e+02,1.510497563675232136e-01
9.608000000000092768e+02,1.525470800637219460e-01
9.609000000000092996e+02,1.540455040828959121e-01
9.610000000000093223e+02,1.555453648220994911e-01
9.611000000000093451e+02,1.564916182675201162e-01
9.612000000000093678e+02,1.574390519482136430e-01
9.613000000000093905e+02,1.583871338828533593e-01
9.614000000000094133e+02,1.593358643066006275e-01
9.615000000000094360e+02,1.602852434546446492e-01
9.616000000000094587e+02,1.612352715622040744e-01
9.617000000000094815e+02,1.621859488645254477e-01
9.618000000000095042e+02,1.631372755968840127e-01
9.619000000000095270e+02,1.640892519945836847e-01
9.620000000000095497e+02,1.650418782928946559e-01
9.621000000000095724e+02,1.653384819238142567e-01
9.622000000000095952e+02,1.656352698451745986e-01
9.623000000000096179e+02,1.659322421232925782e-01
9.624000000000096406e+02,1.662293407456370831e-01
9.625000000000096634e+02,1.665244019229321359e-01
9.626000000000096861e+02,1.668196397961886901e-01
9.627000000000097089e+02,1.671150544256598813e-01
9.628000000000097316e+02,1.674106458716060897e-01
9.629000000000097543e+02,1.677064141942962439e-01
9.630000000000097771e+02,1.680017890538863801e-01
9.631000000000097998e+02,1.675972545111932555e-01
9.632000000000098225e+02,1.671924006036933363e-01
9.633000000000098453e+02,1.667872271946734541e-01
9.634000000000098680e+02,1.663817341473838030e-01
9.635000000000098908e+02,1.659759213250371346e-01
9.636000000000099135e+02,1.655697885908108402e-01
9.637000000000099362e+02,1.651633358078446745e-01
9.638000000000099590e+02,1.647565628392417825e-01
9.639000000000099817e+02,1.643494695480688939e-01
9.640000000000100044e+02,1.639420557972884607e-01
9.641000000000100272e+02,1.628573421217630324e-01
9.642000000000100499e+02,1.617717478728021574e-01
9.643000000000100727e+02,1.606838616875088388e-01
9.644000000000100954e+02,1.595946566106709597e-01
9.645000000000101181e+02,1.585045952207972675e-01
9.646000000000101409e+02,1.574136771108537447e-01
9.647000000000101636e+02,1.563215665212624728e-01
9.648000000000101863e+02,1.552298508427379931e-01
9.649000000000102091e+02,1.541372641639689456e-01
9.650000000000102318e+02,1.530438060658111388e-01
9.651000000000102546e+02,1.513660195942141407e-01
9.652000000000102773e+02,1.496867887517766282e-01
9.653000000000103000e+02,1.480061127473699667e-01
9.654000000000103228e+02,1.463239907895250436e-01
9.655000000000103455e+02,1.446404220864331014e-01
9.656000000000103682e+02,1.429555060586234494e-01
9.657000000000103910e+02,1.412706837726299403e-01
9.658000000000104137e+02,1.395843729009731415e-01
9.659000000000104365e+02,1.378965726067696573e-01
9.660000000000104592e+02,1.362070188997465681e-01
9.661000000000104819e+02,1.340910450697482270e-01
9.662000000000105047e+02,1.319729816533256328e-01
9.663000000000105274e+02,1.298528272965398800e-01
9.664000000000105501e+02,1.277305806447510683e-01
9.665000000000105729e+02,1.256083207489775144e-01
9.666000000000105956e+02,1.234843051321296015e-01
9.667000000000106184e+02,1.213581084774030677e-01
9.668000000000106411e+02,1.192297293024801724e-01
9.669000000000106638e+02,1.170991661242337389e-01
9.670000000000106866e+02,1.149669069440236585e-01
9.671000000000107093e+02,1.126128373284944889e-01
9.672000000000107320e+02,1.102559005066544584e-01
9.673000000000107548e+02,1.078960941766041459e-01
9.674000000000107775e+02,1.055334160349798850e-01
9.675000000000108002e+02,1.031669028819770240e-01
9.676000000000108230e+02,1.007973253265170566e-01
9.677000000000108457e+02,9.842492434582315874e-02
9.678000000000108685e+02,9.604969771759214181e-02
9.679000000000108912e+02,9.367164321813255257e-02
9.680000000000109139e+02,9.129075862241331496e-02
9.681000000000109367e+02,8.936566128088278826e-02
9.682000000000109594e+02,8.743805796922958506e-02
9.683000000000109821e+02,8.550794657240493035e-02
9.684000000000110049e+02,8.357514177687580537e-02
9.685000000000110276e+02,8.163944303378672940e-02
9.686000000000110504e+02,7.970090589105775780e-02
9.687000000000110731e+02,7.775989637645448760e-02
9.688000000000110958e+02,7.581641245170162025e-02
9.689000000000111186e+02,7.387045207721563977e-02
9.690000000000111413e+02,7.192201321256010138e-02
9.691000000000111640e+02,7.407121004465579139e-02
9.692000000000111868e+02,7.622268215511082690e-02
9.693000000000112095e+02,7.837593726160099750e-02
9.694000000000112323e+02,8.053101684300563445e-02
9.695000000000112550e+02,8.268846118700597103e-02
9.696000000000112777e+02,8.484817890673705676e-02
9.697000000000113005e+02,8.701013873874910431e-02
9.698000000000113232e+02,8.917333010768593859e-02
9.699000000000113459e+02,9.133869482747218604e-02
9.700000000000113687e+02,9.350625617579461091e-02
9.701000000000113914e+02,9.567805115840953556e-02
9.702000000000114142e+02,9.785048092020394439e-02
9.703000000000114369e+02,1.000230354471664668e-01
9.704000000000114596e+02,1.021967690418621594e-01
9.705000000000114824e+02,1.043716819141492919e-01
9.706000000000115051e+02,1.065477742737502009e-01
9.707000000000115278e+02,1.087261169447906323e-01
9.708000000000115506e+02,1.109058763629297978e-01
9.709000000000115733e+02,1.130868663658587819e-01
9.710000000000115961e+02,1.152690871985329740e-01
9.711000000000116188e+02,1.173107865707699315e-01
9.712000000000116415e+02,1.193524370659093253e-01
9.713000000000116643e+02,1.213949949586807381e-01
9.714000000000116870e+02,1.234384602372974871e-01
9.715000000000117097e+02,1.254805876821464827e-01
9.716000000000117325e+02,1.275226367056321863e-01
9.717000000000117552e+02,1.295654907049331728e-01
9.718000000000117780e+02,1.316091496062338773e-01
9.719000000000118007e+02,1.336536133354752909e-01
9.720000000000118234e+02,1.356986377181632064e-01
9.721000000000118462e+02,1.374670357470307580e-01
9.722000000000118689e+02,1.392370259560706813e-01
9.723000000000118916e+02,1.410083386324301469e-01
9.724000000000119144e+02,1.427809744274446402e-01
9.725000000000119371e+02,1.445559233350655892e-01
9.726000000000119599e+02,1.463336441517111008e-01
9.727000000000119826e+02,1.481132696777382463e-01
9.728000000000120053e+02,1.498942923117791426e-01
9.729000000000120281e+02,1.516766672551735362e-01
9.730000000000120508e+02,1.534585045643801771e-01
9.731000000000120735e+02,1.547687421043730249e-01
9.732000000000120963e+02,1.560797631090994342e-01
9.733000000000121190e+02,1.573915678600522894e-01
9.734000000000121418e+02,1.587041566387978608e-01
9.735000000000121645e+02,1.600175297269749441e-01
9.736000000000121872e+02,1.613316874062966921e-01
9.737000000000122100e+02,1.626466299585484498e-01
9.738000000000122327e+02,1.639623576655896420e-01
9.739000000000122554e+02,1.652787418478231241e-01
9.740000000000122782e+02,1.665955612150943899e-01
9.741000000000123009e+02,1.672933197430782337e-01
9.742000000000123237e+02,1.679912361682358024e-01
9.743000000000123464e+02,1.686893103984730413e-01
9.744000000000123691e+02,1.693875423416111303e-01
9.745000000000123919e+02,1.700859319053864005e-01
9.746000000000124146e+02,1.707844789974497235e-01
9.747000000000124373e+02,1.714831835253679271e-01
9.748000000000124601e+02,1.721805151392796496e-01
9.749000000000124828e+02,1.728775257385551378e-01
9.750000000000125056e+02,1.735746773918032393e-01
9.751000000000125283e+02,1.736535036343553606e-01
9.752000000000125510e+02,1.737323594532985682e-01
9.753000000000125738e+02,1.738112448577195379e-01
9.754000000000125965e+02,1.738901598567059725e-01
9.755000000000126192e+02,1.739691044593490443e-01
9.756000000000126420e+02,1.740480786747410358e-01
9.757000000000126647e+02,1.741270825119775045e-01
9.758000000000126875e+02,1.742065034789267997e-01
9.759000000000127102e+02,1.742860672647129350e-01
9.760000000000127329e+02,1.743656611498117792e-01
9.761000000000127557e+02,1.737425761546186609e-01
9.762000000000127784e+02,1.731189809474899255e-01
9.763000000000128011e+02,1.724948752868068758e-01
9.764000000000128239e+02,1.718702589308718498e-01
9.765000000000128466e+02,1.712447827218131491e-01
9.766000000000128694e+02,1.706164411833425987e-01
9.767000000000128921e+02,1.699866706407786032e-01
9.768000000000129148e+02,1.693568606258687437e-01
9.769000000000129376e+02,1.687265622537363619e-01
9.770000000000129603e+02,1.680957753106082364e-01
9.771000000000129830e+02,1.667848516540496595e-01
9.772000000000130058e+02,1.654733488986566969e-01
9.773000000000130285e+02,1.641612669415858372e-01
9.774000000000130512e+02,1.628486056799959836e-01
9.775000000000130740e+02,1.615353650110506190e-01
9.776000000000130967e+02,1.602211618840553575e-01
9.777000000000131195e+02,1.589053963646002432e-01
9.778000000000131422e+02,1.575890738111968281e-01
9.779000000000131649e+02,1.562721941353712451e-01
9.780000000000131877e+02,1.549547572485909241e-01
9.781000000000132104e+02,1.531419175858755033e-01
9.782000000000132331e+02,1.513270559631053058e-01
9.783000000000132559e+02,1.495101712604720023e-01
9.784000000000132786e+02,1.476908344469950729e-01
9.785000000000133014e+02,1.458682158993633848e-01
9.786000000000133241e+02,1.440436131076667237e-01
9.787000000000133468e+02,1.422170250224845389e-01
9.788000000000133696e+02,1.403884505940677652e-01
9.789000000000133923e+02,1.385578887723373787e-01
9.790000000000134150e+02,1.367248241126856612e-01
9.791000000000134378e+02,1.344563868631253323e-01
9.792000000000134605e+02,1.321872786454087734e-01
9.793000000000134833e+02,1.299174995131367749e-01
9.794000000000135060e+02,1.276470495199938104e-01
9.795000000000135287e+02,1.253764905434353316e-01
9.796000000000135515e+02,1.231053957283491929e-01
9.797000000000135742e+02,1.208336041093183710e-01
9.798000000000135969e+02,1.185603516683443465e-01
9.799000000000136197e+02,1.162858337983534857e-01
9.800000000000136424e+02,1.140105903991000674e-01
9.801000000000136652e+02,1.115853736603122232e-01
9.802000000000136879e+02,1.091581361157836910e-01
9.803000000000137106e+02,1.067288767989996029e-01
9.804000000000137334e+02,1.042975947431328265e-01
9.805000000000137561e+02,1.018642889810436741e-01
9.806000000000137788e+02,9.942895854528062405e-02
9.807000000000138016e+02,9.699160246807957131e-02
9.808000000000138243e+02,9.455221978136373051e-02
9.809000000000138471e+02,9.211080951674416317e-02
9.810000000000138698e+02,8.966737070569205659e-02
9.811000000000138925e+02,8.846814197803375135e-02
9.812000000000139153e+02,8.726865722229149025e-02
9.813000000000139380e+02,8.606884657827559848e-02
9.814000000000139607e+02,8.486860747247249037e-02
9.815000000000139835e+02,8.366811961658578156e-02
9.816000000000140062e+02,8.246738314055490626e-02
9.817000000000140290e+02,8.126639817441795588e-02
9.818000000000140517e+02,8.006516484831174840e-02
9.819000000000140744e+02,7.886368329247217535e-02
9.820000000000140972e+02,7.766195363770665716e-02
9.821000000000141199e+02,7.981509902373963572e-02
9.822000000000141426e+02,8.196913929822031986e-02
9.823000000000141654e+02,8.412431526782519764e-02
9.824000000000141881e+02,8.628062727022707545e-02
9.825000000000142109e+02,8.843824829282792566e-02
9.826000000000142336e+02,9.059788839515446612e-02
9.827000000000142563e+02,9.275871574584140800e-02
9.828000000000142791e+02,9.492073072938647660e-02
9.829000000000143018e+02,9.708393373037570162e-02
9.830000000000143245e+02,9.924763012835721709e-02
9.831000000000143473e+02,1.013894132838153855e-01
9.832000000000143700e+02,1.035316990500911999e-01
9.833000000000143928e+02,1.056741686528853835e-01
9.834000000000144155e+02,1.078166481918906017e-01
9.835000000000144382e+02,1.099579579112949096e-01
9.836000000000144610e+02,1.120992753835515915e-01
9.837000000000144837e+02,1.142406000184041925e-01
9.838000000000145064e+02,1.163819312252756671e-01
9.839000000000145292e+02,1.185239209464953314e-01
9.840000000000145519e+02,1.206666758321697924e-01
9.841000000000145747e+02,1.226930428062194545e-01
9.842000000000145974e+02,1.247205307061182017e-01
9.843000000000146201e+02,1.267484878500830803e-01
9.844000000000146429e+02,1.287763985597130956e-01
9.845000000000146656e+02,1.308053742487678972e-01
9.846000000000146883e+02,1.328354152355786244e-01
9.847000000000147111e+02,1.348665218385371734e-01
9.848000000000147338e+02,1.368986943760961694e-01
9.849000000000147566e+02,1.389292399586661286e-01
9.850000000000147793e+02,1.409603521629791412e-01
9.851000000000148020e+02,1.426418659416997248e-01
9.852000000000148248e+02,1.443231413459050150e-01
9.853000000000148475e+02,1.460041778503272381e-01
9.854000000000148702e+02,1.476849749294879555e-01
9.855000000000148930e+02,1.493655320576970091e-01
9.856000000000149157e+02,1.510458487090528823e-01
9.857000000000149385e+02,1.527255415468564692e-01
9.858000000000149612e+02,1.544035778765221190e-01
9.859000000000149839e+02,1.560813329621577317e-01
9.860000000000150067e+02,1.577588062799504809e-01
9.861000000000150294e+02,1.590473442054247677e-01
9.862000000000150521e+02,1.603379174505408511e-01
9.863000000000150749e+02,1.616299880845075976e-01
9.864000000000150976e+02,1.629229118065868565e-01
9.865000000000151203e+02,1.642167416879686537e-01
9.866000000000151431e+02,1.655119646163449032e-01
9.867000000000151658e+02,1.668062799857539247e-01
9.868000000000151886e+02,1.681014312755413076e-01
9.869000000000152113e+02,1.693978037991610008e-01
9.870000000000152340e+02,1.706951023801522305e-01
9.871000000000152568e+02,1.713706831345740977e-01
9.872000000000152795e+02,1.720472881085883810e-01
9.873000000000153022e+02,1.727239685523331569e-01
9.874000000000153250e+02,1.734007243982073898e-01
9.875000000000153477e+02,1.740775555785824547e-01
9.876000000000153705e+02,1.747564069200368830e-01
9.877000000000153932e+02,1.754354360016678605e-01
9.878000000000154159e+02,1.761145561515838343e-01
9.879000000000154387e+02,1.767937673068869786e-01
9.880000000000154614e+02,1.774722592722295655e-01
9.881000000000154841e+02,1.775310183721627300e-01
9.882000000000155069e+02,1.775897923015632984e-01
9.883000000000155296e+02,1.776485810629788720e-01
9.884000000000155524e+02,1.777073846589574957e-01
9.885000000000155751e+02,1.777662030920481306e-01
9.886000000000155978e+02,1.778250363647989885e-01
9.887000000000156206e+02,1.778834330040521272e-01
9.888000000000156433e+02,1.779407638496837696e-01
9.889000000000156660e+02,1.779986537021650828e-01
9.890000000000156888e+02,1.780580839382308600e-01
9.891000000000157115e+02,1.774633655283310296e-01
9.892000000000157343e+02,1.768680299353097840e-01
9.893000000000157570e+02,1.762722240920482908e-01
9.894000000000157797e+02,1.756745198383074802e-01
9.895000000000158025e+02,1.750757406590142673e-01
9.896000000000158252e+02,1.744765045167399886e-01
9.897000000000158479e+02,1.738768112715883829e-01
9.898000000000158707e+02,1.732769309404512403e-01
9.899000000000158934e+02,1.726783317609847934e-01
9.900000000000159162e+02,1.720792612539694955e-01
9.901000000000159389e+02,1.707895031690732368e-01
9.902000000000159616e+02,1.694995632768089289e-01
9.903000000000159844e+02,1.682094416495866496e-01
9.904000000000160071e+02,1.669191383598371548e-01
9.905000000000160298e+02,1.656286534800105181e-01
9.906000000000160526e+02,1.643376853523510761e-01
9.907000000000160753e+02,1.630465173703662396e-01
9.908000000000160981e+02,1.617570474003391101e-01
9.909000000000161208e+02,1.604673714422089614e-01
9.910000000000161435e+02,1.591774895601913431e-01
9.911000000000161663e+02,1.573757393534184756e-01
9.912000000000161890e+02,1.555722749759488044e-01
9.913000000000162117e+02,1.537669091486967288e-01
9.914000000000162345e+02,1.519606676625222530e-01
9.915000000000162572e+02,1.501535503308658315e-01
9.916000000000162800e+02,1.483455569671649765e-01
9.917000000000163027e+02,1.465366873848552298e-01
9.918000000000163254e+02,1.447269413973714391e-01
9.919000000000163482e+02,1.429163188181458155e-01
9.920000000000163709e+02,1.411048194605467321e-01
9.921000000000163936e+02,1.389147318282421828e-01
9.922000000000164164e+02,1.367243568501963769e-01
9.923000000000164391e+02,1.345325614477531073e-01
9.924000000000164619e+02,1.323395516638544711e-01
9.925000000000164846e+02,1.301458803211643367e-01
9.926000000000165073e+02,1.279496426466496806e-01
9.927000000000165301e+02,1.257516163017934341e-01
9.928000000000165528e+02,1.235521857678698737e-01
9.929000000000165755e+02,1.213513506400661912e-01
9.930000000000165983e+02,1.191491105134980522e-01
9.931000000000166210e+02,1.167140167729524419e-01
9.932000000000166438e+02,1.142786717149735370e-01
9.933000000000166665e+02,1.118430755242317276e-01
9.934000000000166892e+02,1.094072283854489458e-01
9.935000000000167120e+02,1.069718992323038520e-01
9.936000000000167347e+02,1.045367512797475140e-01
9.937000000000167574e+02,1.021012962326202228e-01
9.938000000000167802e+02,9.966553426116170344e-02
9.939000000000168029e+02,9.722946553567073102e-02
9.940000000000168257e+02,9.479309022658528872e-02
9.941000000000168484e+02,9.283187910448628677e-02
9.942000000000168711e+02,9.087056761858254561e-02
9.943000000000168939e+02,8.890915600071479241e-02
9.944000000000169166e+02,8.694764448280353775e-02
9.945000000000169393e+02,8.498603329684870089e-02
9.946000000000169621e+02,8.302432267492942941e-02
9.947000000000169848e+02,8.106251284920451550e-02
9.948000000000170076e+02,7.910060405191238209e-02
9.949000000000170303e+02,7.713859651537065265e-02
9.950000000000170530e+02,7.517617989670756506e-02
9.951000000000170758e+02,7.727948532629495826e-02
9.952000000000170985e+02,7.938362104210142101e-02
9.953000000000171212e+02,8.148892746036011381e-02
9.954000000000171440e+02,8.359570747753040931e-02
9.955000000000171667e+02,8.570336746201842604e-02
9.956000000000171894e+02,8.781190761946240653e-02
9.957000000000172122e+02,8.992132815553503800e-02
9.958000000000172349e+02,9.203162927594427112e-02
9.959000000000172577e+02,9.414281118643239021e-02
9.960000000000172804e+02,9.625487409278341011e-02
9.961000000000173031e+02,9.840642575856135832e-02
9.962000000000173259e+02,1.005587069579523679e-01
9.963000000000173486e+02,1.027121011289104796e-01
9.964000000000173713e+02,1.048666086222255905e-01
9.965000000000173941e+02,1.070222297887691854e-01
9.966000000000174168e+02,1.091789990614414896e-01
9.967000000000174396e+02,1.113382215946819992e-01
9.968000000000174623e+02,1.134990563340992770e-01
9.969000000000174850e+02,1.156610763740529013e-01
9.970000000000175078e+02,1.178242821229505133e-01
9.971000000000175305e+02,1.198711439442978893e-01
9.972000000000175532e+02,1.219175254314695117e-01
9.973000000000175760e+02,1.239646634545297638e-01
9.974000000000175987e+02,1.260125581424008101e-01
9.975000000000176215e+02,1.280612096240105746e-01
9.976000000000176442e+02,1.301115893821996050e-01
9.977000000000176669e+02,1.321635795435693594e-01
9.978000000000176897e+02,1.342163830905513944e-01
9.979000000000177124e+02,1.362700001851044340e-01
9.980000000000177351e+02,1.383244309891541457e-01
9.981000000000177579e+02,1.401178572130751809e-01
9.982000000000177806e+02,1.419118452276779963e-01
9.983000000000178034e+02,1.437063950603472695e-01
9.984000000000178261e+02,1.455015067384317073e-01
9.985000000000178488e+02,1.472971802892457105e-01
9.986000000000178716e+02,1.490934157400679583e-01
9.987000000000178943e+02,1.508902131181416029e-01
9.988000000000179170e+02,1.526875724506748522e-01
9.989000000000179398e+02,1.544854937648403592e-01
9.990000000000179625e+02,1.562839770877053891e-01
9.991000000000179853e+02,1.576921293033436977e-01
9.992000000000180080e+02,1.591002637603858572e-01
9.993000000000180307e+02,1.605088319343891679e-01
9.994000000000180535e+02,1.619179657027725039e-01
9.995000000000180762e+02,1.633276651832167581e-01
9.996000000000180989e+02,1.647379304934156741e-01
9.997000000000181217e+02,1.661487617510746806e-01
9.998000000000181444e+02,1.675597089989183663e-01
9.999000000000181672e+02,1.689702146688912832e-01
1.000000000000018190e+03,1.703808217032364847e-01
1.000100000000018213e+03,1.712840611363385390e-01
1.000200000000018235e+03,1.721877800119690216e-01
1.000300000000018258e+03,1.730918572049366944e-01
1.000400000000018281e+03,1.739963441713225367e-01
1.000500000000018304e+03,1.749013090728916142e-01
1.000600000000018326e+03,1.758067520664517991e-01
1.000700000000018349e+03,1.767126733088488222e-01
1.000800000000018372e+03,1.776190729569659121e-01
1.000900000000018395e+03,1.785259511677236288e-01
1.001000000000018417e+03,1.794333080979686745e-01
1.001100000000018440e+03,1.797389884886297085e-01
1.001200000000018463e+03,1.800449158702982222e-01
1.001300000000018485e+03,1.803551462046304454e-01
1.001400000000018508e+03,1.806655631970838227e-01
1.001500000000018531e+03,1.809761669212745505e-01
1.001600000000018554e+03,1.812869574508400305e-01
1.001700000000018576e+03,1.815969755690368115e-01
1.001800000000018599e+03,1.819060178181105547e-01
1.001900000000018622e+03,1.822152399329603767e-01
1.002000000000018645e+03,1.825246419811436260e-01
1.002100000000018667e+03,1.821793135010541798e-01
1.002200000000018690e+03,1.818336757320570818e-01
1.002300000000018713e+03,1.814875292527833028e-01
1.002400000000018736e+03,1.811411423960798128e-01
1.002500000000018758e+03,1.807946395931568362e-01
1.002600000000018781e+03,1.804485983718149000e-01
1.002700000000018804e+03,1.801023133292987410e-01
1.002800000000018827e+03,1.797557843716021397e-01
1.002900000000018849e+03,1.794090114046955620e-01
1.003000000000018872e+03,1.790619943344006204e-01
1.003100000000018895e+03,1.780648195723476823e-01
1.003200000000018917e+03,1.770671009029548826e-01
1.003300000000018940e+03,1.760701309955071125e-01
1.003400000000018963e+03,1.750722099156453160e-01
1.003500000000018986e+03,1.740732041009016018e-01
1.003600000000019008e+03,1.730729723526976127e-01
1.003700000000019031e+03,1.720721995055553843e-01
1.003800000000019054e+03,1.710708853911709071e-01
1.003900000000019077e+03,1.700690298412051715e-01
1.004000000000019099e+03,1.690678735579747016e-01
1.004100000000019122e+03,1.674844637749195453e-01
1.004200000000019145e+03,1.659004024834417612e-01
1.004300000000019168e+03,1.643156895373594772e-01
1.004400000000019190e+03,1.627303247904707539e-01
1.004500000000019213e+03,1.611443080965511421e-01
1.004600000000019236e+03,1.595576393093558754e-01
1.004700000000019259e+03,1.579703182826184271e-01
1.004800000000019281e+03,1.563823448700508711e-01
1.004900000000019304e+03,1.547928162932653284e-01
1.005000000000019327e+03,1.532017625416145501e-01
1.005100000000019349e+03,1.511517966236380073e-01
1.005200000000019372e+03,1.491013172784872720e-01
1.005300000000019395e+03,1.470508466507544354e-01
1.005400000000019418e+03,1.450005599588034544e-01
1.005500000000019440e+03,1.429497250215722992e-01
1.005600000000019463e+03,1.408983418048502800e-01
1.005700000000019486e+03,1.388464102744361439e-01
1.005800000000019509e+03,1.367945219382390720e-01
1.005900000000019531e+03,1.347430538603471284e-01
1.006000000000019554e+03,1.326909894639343723e-01
1.006100000000019577e+03,1.303482890142325379e-01
1.006200000000019600e+03,1.280051306679780287e-01
1.006300000000019622e+03,1.256603342068998430e-01
1.006400000000019645e+03,1.233148465272330407e-01
1.006500000000019668e+03,1.209689558217417887e-01
1.006600000000019691e+03,1.186226621591779801e-01
1.006700000000019713e+03,1.162762932640801217e-01
1.006800000000019736e+03,1.139305136391788320e-01
1.006900000000019759e+03,1.115842765428054079e-01
1.007000000000019782e+03,1.092375820335775155e-01
1.007100000000019804e+03,1.067924814131192002e-01
1.007200000000019827e+03,1.043470033377039557e-01
1.007300000000019850e+03,1.019011479173768525e-01
1.007400000000019872e+03,9.945491526223000645e-02
1.007500000000019895e+03,9.700830548240292617e-02
1.007600000000019918e+03,9.456131868808233254e-02
1.007700000000019941e+03,9.211395498950250560e-02
1.007800000000019963e+03,8.966621449694495150e-02
1.007900000000019986e+03,8.721809732073851351e-02
1.008000000000020009e+03,8.476960357178525696e-02
1.008100000000020032e+03,8.494776851287857977e-02
1.008200000000020054e+03,8.512580325043681007e-02
1.008300000000020077e+03,8.530386305489202903e-02
1.008400000000020100e+03,8.548194791905365519e-02
1.008500000000020123e+03,8.566005783572841481e-02
1.008600000000020145e+03,8.583917502713304948e-02
1.008700000000020168e+03,8.601833784831587615e-02
1.008800000000020191e+03,8.619752980031950007e-02
1.008900000000020214e+03,8.637675087652556261e-02
1.009000000000020236e+03,8.655642279005443251e-02
1.009100000000020259e+03,8.867743372055231221e-02
1.009200000000020282e+03,9.079883146280781636e-02
1.009300000000020304e+03,9.292074515025805503e-02
1.009400000000020327e+03,9.504317477376816869e-02
1.009500000000020350e+03,9.716515502086964240e-02
1.009600000000020373e+03,9.928744067472344836e-02
1.009700000000020395e+03,1.014101929387738743e-01
1.009800000000020418e+03,1.035334117926512004e-01
1.009900000000020441e+03,1.056567414863857496e-01
1.010000000000020464e+03,1.077796329427508637e-01
1.010100000000020486e+03,1.098853080252009673e-01
1.010200000000020509e+03,1.119915918299615870e-01
1.010300000000020532e+03,1.140984844234666368e-01
1.010400000000020555e+03,1.162069653413335818e-01
1.010500000000020577e+03,1.183164691801032453e-01
1.010600000000020600e+03,1.204266309852723149e-01
1.010700000000020623e+03,1.225374508410909669e-01
1.010800000000020646e+03,1.246486966419786541e-01
1.010900000000020668e+03,1.267593552189287820e-01
1.011000000000020691e+03,1.288706230766761274e-01
1.011100000000020714e+03,1.308320531130757469e-01
1.011200000000020736e+03,1.327943383016349510e-01
1.011300000000020759e+03,1.347574788678512769e-01
1.011400000000020782e+03,1.367214750372654219e-01
1.011500000000020805e+03,1.386863270354611599e-01
1.011600000000020827e+03,1.406520370960176736e-01
1.011700000000020850e+03,1.426188910799718879e-01
1.011800000000020873e+03,1.445866095571436694e-01
1.011900000000020896e+03,1.465551927583744751e-01
1.012000000000020918e+03,1.485246409144915236e-01
1.012100000000020941e+03,1.502095111116856507e-01
1.012200000000020964e+03,1.518954319673130882e-01
1.012300000000020987e+03,1.535824038774445122e-01
1.012400000000021009e+03,1.552704272382547379e-01
1.012500000000021032e+03,1.569595024460245236e-01
1.012600000000021055e+03,1.586496298971395436e-01
1.012700000000021078e+03,1.603408099880899718e-01
1.012800000000021100e+03,1.620330431154711204e-01
1.012900000000021123e+03,1.637263296759836062e-01
1.013000000000021146e+03,1.654206700663451157e-01
1.013100000000021168e+03,1.667013309367439133e-01
1.013200000000021191e+03,1.679830003864430377e-01
1.013300000000021214e+03,1.692655862111340781e-01
1.013400000000021237e+03,1.705487755669976846e-01
1.013500000000021259e+03,1.718320553627261660e-01
1.013600000000021282e+03,1.731142267960023295e-01
1.013700000000021305e+03,1.743968955609539462e-01
1.013800000000021328e+03,1.756805165721205819e-01
1.013900000000021350e+03,1.769650902138272530e-01
1.014000000000021373e+03,1.782510469925484287e-01
1.014100000000021396e+03,1.790060523635355061e-01
1.014200000000021419e+03,1.797616501193532446e-01
1.014300000000021441e+03,1.805181009229811506e-01
1.014400000000021464e+03,1.812757164463794368e-01
1.014500000000021487e+03,1.820325722630216636e-01
1.014600000000021510e+03,1.827892592242796321e-01
1.014700000000021532e+03,1.835465292964517658e-01
1.014800000000021555e+03,1.843043827289377046e-01
1.014900000000021578e+03,1.850628197712078371e-01
1.015000000000021600e+03,1.858218406726663274e-01
1.015100000000021623e+03,1.859529779473062805e-01
1.015200000000021646e+03,1.860838516148710653e-01
1.015300000000021669e+03,1.862147314396770670e-01
1.015400000000021691e+03,1.863456711851288472e-01
1.015500000000021714e+03,1.864766708709423571e-01
1.015600000000021737e+03,1.866077305168381273e-01
1.015700000000021760e+03,1.867388501425417402e-01
1.015800000000021782e+03,1.868700297677831634e-01
1.015900000000021805e+03,1.870012694122978048e-01
1.016000000000021828e+03,1.871325690956800736e-01
1.016100000000021851e+03,1.865980778450957445e-01
1.016200000000021873e+03,1.860634087183065666e-01
1.016300000000021896e+03,1.855285616920159808e-01
1.016400000000021919e+03,1.849935367429288990e-01
1.016500000000021942e+03,1.844583338477516765e-01
1.016600000000021964e+03,1.839229529831914456e-01
1.016700000000021987e+03,1.833873941259576423e-01
1.016800000000022010e+03,1.828498625222150786e-01
1.016900000000022033e+03,1.823109995970265684e-01
1.017000000000022055e+03,1.817719760453817279e-01
1.017100000000022078e+03,1.806163875825444465e-01
1.017200000000022101e+03,1.794605276547396877e-01
1.017300000000022123e+03,1.783043962609417166e-01
1.017400000000022146e+03,1.771479934001372880e-01
1.017500000000022169e+03,1.759913190713243147e-01
1.017600000000022192e+03,1.748343732735135325e-01
1.017700000000022214e+03,1.736785488388808141e-01
1.017800000000022237e+03,1.725230544619719419e-01
1.017900000000022260e+03,1.713672617185223457e-01
1.018000000000022283e+03,1.702111705980171308e-01
1.018100000000022305e+03,1.685428316624532352e-01
1.018200000000022328e+03,1.668719502501594398e-01
1.018300000000022351e+03,1.652002540654904095e-01
1.018400000000022374e+03,1.635277428775332997e-01
1.018500000000022396e+03,1.618545874987092070e-01
1.018600000000022419e+03,1.601811783500424191e-01
1.018700000000022442e+03,1.585067102762133529e-01
1.018800000000022465e+03,1.568313228574755025e-01
1.018900000000022487e+03,1.551551107124614914e-01
1.019000000000022510e+03,1.534780736033329318e-01
1.019100000000022533e+03,1.513876577771603726e-01
1.019200000000022555e+03,1.492962945602030189e-01
1.019300000000022578e+03,1.472039898202647523e-01
1.019400000000022601e+03,1.451107433230913735e-01
1.019500000000022624e+03,1.430165548343919624e-01
1.019600000000022646e+03,1.409210858019689927e-01
1.019700000000022669e+03,1.388238454778466802e-01
1.019800000000022692e+03,1.367256979129622685e-01
1.019900000000022715e+03,1.346266428949690896e-01
1.020000000000022737e+03,1.325280151877232526e-01
1.020100000000022760e+03,1.301505845308610354e-01
1.020200000000022783e+03,1.277730982660898462e-01
1.020300000000022806e+03,1.253955565541030326e-01
1.020400000000022828e+03,1.230175271470475978e-01
1.020500000000022851e+03,1.206384821887508535e-01
1.020600000000022874e+03,1.182594374980794200e-01
1.020700000000022897e+03,1.158803932377888146e-01
1.020800000000022919e+03,1.135013495706649889e-01
1.020900000000022942e+03,1.111223066595248277e-01
1.021000000000022965e+03,1.087432646672013697e-01
1.021100000000022987e+03,1.062991858104643667e-01
1.021200000000023010e+03,1.038548757515142390e-01
1.021300000000023033e+03,1.014103445528922176e-01
1.021400000000023056e+03,9.896559228380948092e-02
1.021500000000023078e+03,9.652061901348971129e-02
1.021600000000023101e+03,9.407542481116891453e-02
1.021700000000023124e+03,9.163000974609601668e-02
1.021800000000023147e+03,8.918437388753214234e-02
1.021900000000023169e+03,8.673851730475144739e-02
1.022000000000023192e+03,8.429244006775644948e-02
1.022100000000023215e+03,8.493467391582508463e-02
1.022200000000023238e+03,8.557723868749647633e-02
1.022300000000023260e+03,8.621922008212894173e-02
1.022400000000023283e+03,8.686156139248210617e-02
1.022500000000023306e+03,8.750426269111631628e-02
1.022600000000023329e+03,8.814732405059380604e-02
1.022700000000023351e+03,8.879074554347841930e-02
1.022800000000023374e+03,8.943452724233587336e-02
1.022900000000023397e+03,9.007866921973352314e-02
1.023000000000023419e+03,9.072317154858872135e-02
1.023100000000023442e+03,9.284900592953009013e-02
1.023200000000023465e+03,9.497635179005278760e-02
1.023300000000023488e+03,9.710434109684645820e-02
1.023400000000023510e+03,9.923288194278595542e-02
1.023500000000023533e+03,1.013619743880603552e-01
1.023600000000023556e+03,1.034911974543281099e-01
1.023700000000023579e+03,1.056201572451708204e-01
1.023800000000023601e+03,1.077496192643115080e-01
1.023900000000023624e+03,1.098795835509755736e-01
1.024000000000023647e+03,1.120100501443779539e-01
1.024100000000023556e+03,1.141092723566138473e-01
1.024200000000023692e+03,1.162085757424584642e-01
1.024300000000023829e+03,1.183082395660730868e-01
1.024400000000023738e+03,1.204084364717245004e-01
1.024500000000023647e+03,1.225097004939633277e-01
1.024600000000023783e+03,1.246124836394236074e-01
1.024700000000023920e+03,1.267156954606459829e-01
1.024800000000023829e+03,1.288193359792719483e-01
1.024900000000023738e+03,1.309234052169487017e-01
1.025000000000023874e+03,1.330268884944101060e-01
1.025100000000024011e+03,1.350101704222083088e-01
1.025200000000023920e+03,1.369949026255742885e-01
1.025300000000023829e+03,1.389810854270283336e-01
1.025400000000023965e+03,1.409687191490994196e-01
1.025500000000024102e+03,1.429578041143157729e-01
1.025600000000024011e+03,1.449483406452142520e-01
1.025700000000023920e+03,1.469404511563279225e-01
1.025800000000024056e+03,1.489341956414871326e-01
1.025900000000024193e+03,1.509284760541148573e-01
1.026000000000024102e+03,1.529233515123075704e-01
1.026100000000024011e+03,1.545816449631745582e-01
1.026200000000024147e+03,1.562401178332116225e-01
1.026300000000024284e+03,1.578987700893499380e-01
1.026400000000024193e+03,1.595593874411435353e-01
1.026500000000024102e+03,1.612202922474220701e-01
1.026600000000024238e+03,1.628814151190694226e-01
1.026700000000024374e+03,1.645427560346568452e-01
1.026800000000024284e+03,1.662043149727494562e-01
1.026900000000024193e+03,1.678660440791630015e-01
1.027000000000024329e+03,1.695272609472759096e-01
1.027100000000024465e+03,1.708007739121805979e-01
1.027200000000024374e+03,1.720748158821319429e-01
1.027300000000024284e+03,1.733493869623392858e-01
1.027400000000024420e+03,1.746244872580190732e-01
1.027500000000024556e+03,1.759001168743888621e-01
1.027600000000024465e+03,1.771767106219145627e-01
1.027700000000024374e+03,1.784539141255425676e-01
1.027800000000024511e+03,1.797316545941475552e-01
1.027900000000024647e+03,1.810099321375608361e-01
1.028000000000024556e+03,1.822887468654921517e-01
1.028100000000024465e+03,1.830435555163002215e-01
1.028200000000024602e+03,1.837986116379376755e-01
1.028300000000024738e+03,1.845539152728054855e-01
1.028400000000024647e+03,1.853094664633087030e-01
1.028500000000024556e+03,1.860652652518578198e-01
1.028600000000024693e+03,1.868212052047626415e-01
1.028700000000024829e+03,1.875761758230052867e-01
1.028800000000024738e+03,1.883313833306602125e-01
1.028900000000024647e+03,1.890868277629199068e-01
1.029000000000024784e+03,1.898425091548204546e-01
1.029100000000024920e+03,1.899739536227521286e-01
1.029200000000024829e+03,1.901062233315153616e-01
1.029300000000024738e+03,1.902381921247853214e-01
1.029400000000024875e+03,1.903703408046270584e-01
1.029500000000025011e+03,1.905028245090498173e-01
1.029600000000024920e+03,1.906352931615916124e-01
1.029700000000024829e+03,1.907677467468421040e-01
1.029800000000024966e+03,1.909001131375662741e-01
1.029900000000025102e+03,1.910309254259333900e-01
1.030000000000025011e+03,1.911617204162449069e-01
1.030100000000024920e+03,1.907155406964490540e-01
1.030200000000025057e+03,1.902692107873572847e-01
1.030300000000025193e+03,1.898227306640398460e-01
1.030400000000025102e+03,1.893761003015659583e-01
1.030500000000025011e+03,1.889293196750011505e-01
1.030600000000025148e+03,1.884823887594091751e-01
1.030700000000025284e+03,1.880353075298546450e-01
1.030800000000025193e+03,1.875880759614006188e-01
1.030900000000025102e+03,1.871406940291062693e-01
1.031000000000025238e+03,1.866931617078632089e-01
1.031100000000025375e+03,1.855854044256231017e-01
1.031200000000025284e+03,1.844780073036417778e-01
1.031300000000025193e+03,1.833709705766650155e-01
1.031400000000025329e+03,1.822626993099702442e-01
1.031500000000025466e+03,1.811542827793143073e-01
1.031600000000025375e+03,1.800462529730270655e-01
1.031700000000025284e+03,1.789386101160774789e-01
1.031800000000025420e+03,1.778317408827683188e-01
1.031900000000025557e+03,1.767278193372825434e-01
1.032000000000025466e+03,1.756248456240064593e-01
1.032100000000025375e+03,1.740459527255487360e-01
1.032200000000025511e+03,1.724666236975076761e-01
1.032300000000025648e+03,1.708864041450502969e-01
1.032400000000025557e+03,1.693052183659041754e-01
1.032500000000025466e+03,1.677236147622846729e-01
1.032600000000025602e+03,1.661415932889901137e-01
1.032700000000025739e+03,1.645591169449926450e-01
1.032800000000025648e+03,1.629758215112750430e-01
1.032900000000025557e+03,1.613914830353890550e-01
1.033000000000025693e+03,1.598067474697227042e-01
1.033100000000025830e+03,1.577502710047535006e-01
1.033200000000025739e+03,1.556945322546533783e-01
1.033300000000025648e+03,1.536395316205607653e-01
1.033400000000025784e+03,1.515852695036717379e-01
1.033500000000025921e+03,1.495317463052482643e-01
1.033600000000025830e+03,1.474789624266105159e-01
1.033700000000025739e+03,1.454269182691259599e-01
1.033800000000025875e+03,1.433756142342200723e-01
1.033900000000026012e+03,1.413250507233836939e-01
1.034000000000025921e+03,1.392752281381060553e-01
1.034100000000025830e+03,1.369918067306660769e-01
1.034200000000025966e+03,1.347087941966561009e-01
1.034300000000026102e+03,1.324251560862317323e-01
1.034400000000026012e+03,1.301408923136727347e-01
1.034500000000025921e+03,1.278561849994784005e-01
1.034600000000026057e+03,1.255700727423370022e-01
1.034700000000026193e+03,1.232830664577099361e-01
1.034800000000026102e+03,1.209954664674130070e-01
1.034900000000026012e+03,1.187072727030887842e-01
1.035000000000026148e+03,1.164184850963453366e-01
1.035100000000026284e+03,1.139953176967275494e-01
1.035200000000026193e+03,1.115724332147391973e-01
1.035300000000026102e+03,1.091498318461006645e-01
1.035400000000026239e+03,1.067275137865512924e-01
1.035500000000026375e+03,1.043062938336846573e-01
1.035600000000026284e+03,1.018857129880379464e-01
1.035700000000026193e+03,9.946535960820417077e-02
1.035800000000026330e+03,9.704523389402283651e-02
1.035900000000026466e+03,9.462533604537361198e-02
1.036000000000026375e+03,9.220566626262813315e-02
1.036100000000026284e+03,9.153630009844590520e-02
1.036200000000026421e+03,9.086679202979200398e-02
1.036300000000026557e+03,9.019714204537049307e-02
1.036400000000026466e+03,8.952735013388631036e-02
1.036500000000026375e+03,8.885741628404082715e-02
1.036600000000026512e+03,8.818734048453656660e-02
1.036700000000026648e+03,8.751712272407893844e-02
1.036800000000026557e+03,8.684676299137383815e-02
1.036900000000026466e+03,8.617724236798529613e-02
1.037000000000026603e+03,8.550758912757769337e-02
1.037100000000026739e+03,8.759144646423260017e-02
1.037200000000026648e+03,8.967609260448160258e-02
1.037300000000026557e+03,9.176152767645541497e-02
1.037400000000026694e+03,9.384775180828913710e-02
1.037500000000026830e+03,9.593476512811331680e-02
1.037600000000026739e+03,9.802256776406265137e-02
1.037700000000026648e+03,1.001111598442862988e-01
1.037800000000026785e+03,1.022005414969377329e-01
1.037900000000026921e+03,1.042907128501658204e-01
1.038000000000026830e+03,1.063816740321213011e-01
1.038100000000026739e+03,1.084644357535312076e-01
1.038200000000026876e+03,1.105472028121272099e-01
1.038300000000027012e+03,1.126299751399007509e-01
1.038400000000026921e+03,1.147127526688390825e-01
1.038500000000026830e+03,1.167955353309357569e-01
1.038600000000026967e+03,1.188783230581794137e-01
1.038700000000027103e+03,1.209611157825465078e-01
1.038800000000027012e+03,1.230439134360089143e-01
1.038900000000026921e+03,1.251267159505447535e-01
1.039000000000027057e+03,1.272095232581095525e-01
1.039100000000027194e+03,1.292255044976845235e-01
1.039200000000027103e+03,1.312426846696511940e-01
1.039300000000027012e+03,1.332610639448906786e-01
1.039400000000027148e+03,1.352806424942685493e-01
1.039500000000027285e+03,1.373014204886275902e-01
1.039600000000027194e+03,1.393233980987963194e-01
1.039700000000027103e+03,1.413465754955973708e-01
1.039800000000027239e+03,1.433709528498393337e-01
1.039900000000027376e+03,1.453965303323074276e-01
1.040000000000027285e+03,1.474233081136994694e-01
1.040100000000027194e+03,1.491866574351798924e-01
1.040200000000027330e+03,1.509502105559598628e-01
1.040300000000027467e+03,1.527139674623315679e-01
1.040400000000027376e+03,1.544782065548152283e-01
1.040500000000027285e+03,1.562430910889650026e-01
1.040600000000027421e+03,1.580081955645682157e-01
1.040700000000027558e+03,1.597735199708720522e-01
1.040800000000027467e+03,1.615390642971200053e-01
1.040900000000027376e+03,1.633048285325590654e-01
1.041000000000027512e+03,1.650725351049678047e-01
1.041100000000027649e+03,1.664874409442857750e-01
1.041200000000027558e+03,1.679024661810335217e-01
1.041300000000027467e+03,1.693176107947093056e-01
1.041400000000027603e+03,1.707328747648088063e-01
1.041500000000027740e+03,1.721482580708177390e-01
1.041600000000027649e+03,1.735637606922185161e-01
1.041700000000027558e+03,1.749793826084974635e-01
1.041800000000027694e+03,1.763951237991370768e-01
1.041900000000027831e+03,1.778109842436107202e-01
1.042000000000027740e+03,1.792269639212721866e-01
1.042100000000027649e+03,1.802249400190844009e-01
1.042200000000027785e+03,1.812233683604574930e-01
1.042300000000027921e+03,1.822222490183188215e-01
1.042400000000027831e+03,1.832215820655962446e-01
1.042500000000027740e+03,1.842213675752217006e-01
1.042600000000027876e+03,1.852216056201277106e-01
1.042700000000028012e+03,1.862222962732413001e-01
1.042800000000027921e+03,1.872248278154037548e-01
1.042900000000027831e+03,1.882285064904925254e-01
1.043000000000027967e+03,1.892319153420973510e-01
1.043100000000028103e+03,1.896599730728579236e-01
1.043200000000028012e+03,1.900882028018248682e-01
1.043300000000027921e+03,1.905185174556949523e-01
1.043400000000028058e+03,1.909488579947095643e-01
1.043500000000028194e+03,1.913792244065754822e-01
1.043600000000028103e+03,1.918096166789976798e-01
1.043700000000028012e+03,1.922400347996802428e-01
1.043800000000028149e+03,1.926704787563253696e-01
1.043900000000028285e+03,1.931009485366304013e-01
1.044000000000028194e+03,1.935314441281221765e-01
1.044100000000028103e+03,1.933645483602021153e-01
1.044200000000028240e+03,1.931959732026540810e-01
1.044300000000028376e+03,1.930269228104441459e-01
1.044400000000028285e+03,1.928578875701686124e-01
1.044500000000028194e+03,1.926888674946956315e-01
1.044600000000028331e+03,1.925198625968961297e-01
1.044700000000028467e+03,1.923508728896426156e-01
1.044800000000028376e+03,1.921818983858101793e-01
1.044900000000028285e+03,1.920129390982746043e-01
1.045000000000028422e+03,1.918439950397572702e-01
1.045100000000028558e+03,1.911268736106009614e-01
1.045200000000028467e+03,1.904095565592342498e-01
1.045300000000028376e+03,1.896920438588826918e-01
1.045400000000028513e+03,1.889743354827697619e-01
1.045500000000028649e+03,1.882564314041222375e-01
1.045600000000028558e+03,1.875383315961652586e-01
1.045700000000028467e+03,1.868200360321195796e-01
1.045800000000028604e+03,1.861015446852046784e-01
1.045900000000028740e+03,1.853828575286420588e-01
1.046000000000028649e+03,1.846639745354967388e-01
1.046100000000028558e+03,1.833997534467690094e-01
1.046200000000028695e+03,1.821350660988358683e-01
1.046300000000028831e+03,1.808699736407308190e-01
1.046400000000028740e+03,1.796044760047277034e-01
1.046500000000028649e+03,1.783385731230913707e-01
1.046600000000028786e+03,1.770722649280818961e-01
1.046700000000028922e+03,1.758055513519605206e-01
1.046800000000028831e+03,1.745384323269844884e-01
1.046900000000028740e+03,1.732720259529074436e-01
1.047000000000028876e+03,1.720060943388771191e-01
1.047100000000029013e+03,1.702461642148611065e-01
1.047200000000028922e+03,1.684860873320521701e-01
1.047300000000028831e+03,1.667258637556376932e-01
1.047400000000028967e+03,1.649635914186659280e-01
1.047500000000029104e+03,1.632011913078232346e-01
1.047600000000029013e+03,1.614386859057202472e-01
1.047700000000028922e+03,1.596760752784187609e-01
1.047800000000029058e+03,1.579133594919950312e-01
1.047900000000029195e+03,1.561505386125505712e-01
1.048000000000029104e+03,1.543876127060992975e-01
1.048100000000029013e+03,1.522715610637838390e-01
1.048200000000029149e+03,1.501553364597999485e-01
1.048300000000029286e+03,1.480389389582099091e-01
1.048400000000029195e+03,1.459223686230941008e-01
1.048500000000029104e+03,1.438056255185397592e-01
1.048600000000029240e+03,1.416887097086521607e-01
1.048700000000029377e+03,1.395721006463103708e-01
1.048800000000029286e+03,1.374564352256764377e-01
1.048900000000029195e+03,1.353405478344052171e-01
1.049000000000029331e+03,1.332244385340431991e-01
1.049100000000029468e+03,1.309163144302505077e-01
1.049200000000029377e+03,1.286061507053908592e-01
1.049300000000029286e+03,1.262946832641415051e-01
1.049400000000029422e+03,1.239823242492509581e-01
1.049500000000029559e+03,1.216690734852944183e-01
1.049600000000029468e+03,1.193549307968334167e-01
1.049700000000029377e+03,1.170398960084052253e-01
1.049800000000029513e+03,1.147239689445331973e-01
1.049900000000029650e+03,1.124071494297372575e-01
1.050000000000029559e+03,1.100894372885117961e-01
1.050100000000029468e+03,1.077295747074107080e-01
1.050200000000029604e+03,1.053683055356942899e-01
1.050300000000029740e+03,1.030057053871133305e-01
1.050400000000029650e+03,1.006418242597075657e-01
1.050500000000029559e+03,9.827674336121423881e-02
1.050600000000029695e+03,9.591158031981986132e-02
1.050700000000029831e+03,9.354492240327638708e-02
1.050800000000029740e+03,9.117676919799341806e-02
1.050900000000029650e+03,8.880712029031469223e-02
1.051000000000029786e+03,8.643550051654418087e-02
1.051100000000029922e+03,8.713180605801167100e-02
1.051200000000029831e+03,8.782851307597468182e-02
1.051300000000029740e+03,8.852562166735275517e-02
1.051400000000029877e+03,8.922313192907561918e-02
1.051500000000030013e+03,8.992104395808028783e-02
1.051600000000029922e+03,9.061935785131385035e-02
1.051700000000029831e+03,9.131807370573695459e-02
1.051800000000029968e+03,9.201719161832072613e-02
1.051900000000030104e+03,9.271671168604304902e-02
1.052000000000030013e+03,9.341663400630957625e-02
1.052100000000029922e+03,9.550650216750751487e-02
1.052200000000030059e+03,9.759731652947123415e-02
1.052300000000030195e+03,9.968897847780242016e-02
1.052400000000030104e+03,1.017817492752560726e-01
1.052500000000030013e+03,1.038757389394174557e-01
1.052600000000030150e+03,1.059706890903062970e-01
1.052700000000030286e+03,1.080665999288440149e-01
1.052800000000030195e+03,1.101631986948567316e-01
1.052900000000030104e+03,1.122597186929776003e-01
1.053000000000030241e+03,1.143571511787907086e-01
1.053100000000030377e+03,1.164305619558515942e-01
1.053200000000030286e+03,1.185045777284658014e-01
1.053300000000030195e+03,1.205791985785081705e-01
1.053400000000030332e+03,1.226544245878547629e-01
1.053500000000030468e+03,1.247302558383733551e-01
1.053600000000030377e+03,1.268066924119336247e-01
1.053700000000030286e+03,1.288837343904156163e-01
1.053800000000030423e+03,1.309613818557011089e-01
1.053900000000030559e+03,1.330396348896634995e-01
1.054000000000030468e+03,1.351184935741364945e-01
1.054100000000030377e+03,1.370616622210952262e-01
1.054200000000030514e+03,1.390060250493402316e-01
1.054300000000030650e+03,1.409515556285720894e-01
1.054400000000030559e+03,1.428974859090263172e-01
1.054500000000030468e+03,1.448438159208720322e-01
1.054600000000030604e+03,1.467906897454888671e-01
1.054700000000030741e+03,1.487367744345057252e-01
1.054800000000030650e+03,1.506831511608685281e-01
1.054900000000030559e+03,1.526298983539347287e-01
1.055000000000030695e+03,1.545770160390287640e-01
1.055100000000030832e+03,1.562742375075956702e-01
1.055200000000030741e+03,1.579716442277996902e-01
1.055300000000030650e+03,1.596692361879248900e-01
1.055400000000030786e+03,1.613670133762510339e-01
1.055500000000030923e+03,1.630649757810462841e-01
1.055600000000030832e+03,1.647647053313127385e-01
1.055700000000030741e+03,1.664649920220924451e-01
1.055800000000030877e+03,1.681655033456809223e-01
1.055900000000031014e+03,1.698662392940398502e-01
1.056000000000030923e+03,1.715671998590139746e-01
1.056100000000030832e+03,1.729081660621154537e-01
1.056200000000030968e+03,1.742492194648756210e-01
1.056300000000031105e+03,1.755903600367995365e-01
1.056400000000031014e+03,1.769315877473870979e-01
1.056500000000030923e+03,1.782714596853373079e-01
1.056600000000031059e+03,1.796107607578593390e-01
1.056700000000031196e+03,1.809501178050609005e-01
1.056800000000031105e+03,1.822895307966362899e-01
1.056900000000031014e+03,1.836289997022812481e-01
1.057000000000031150e+03,1.849685244915463822e-01
1.057100000000031287e+03,1.858535211385446140e-01
1.057200000000031196e+03,1.867385068060279096e-01
1.057300000000031105e+03,1.876234567421576349e-01
1.057400000000031241e+03,1.885067964422821596e-01
1.057500000000031378e+03,1.893891541594329986e-01
1.057600000000031287e+03,1.902714767090454839e-01
1.057700000000031196e+03,1.911537640611561395e-01
1.057800000000031332e+03,1.920360197550531334e-01
1.057900000000031469e+03,1.929204809734561266e-01
1.058000000000031378e+03,1.938049273777306125e-01
1.058100000000031287e+03,1.941651624001650700e-01
1.058200000000031423e+03,1.945253790030292140e-01
1.058300000000031559e+03,1.948845866086357514e-01
1.058400000000031469e+03,1.952424933925162864e-01
1.058500000000031378e+03,1.956003734334382793e-01
1.058600000000031514e+03,1.959582267157709556e-01
1.058700000000031650e+03,1.963160532238797107e-01
1.058800000000031559e+03,1.966738529421286352e-01
1.058900000000031469e+03,1.970316258548831523e-01
1.059000000000031605e+03,1.973893719463292451e-01
1.059100000000031741e+03,1.971864123340589525e-01
1.059200000000031650e+03,1.969834613989409344e-01
1.059300000000031559e+03,1.967805191497632999e-01
1.059400000000031696e+03,1.965775855953134366e-01
1.059500000000031832e+03,1.963746607443827286e-01
1.059600000000031741e+03,1.961717446057627268e-01
1.059700000000031650e+03,1.959671436996145988e-01
1.059800000000031787e+03,1.957619699452890216e-01
1.059900000000031923e+03,1.955568097018317020e-01
1.060000000000031832e+03,1.953516629773887903e-01
1.060100000000031741e+03,1.945868706722533592e-01
1.060200000000031878e+03,1.938221013989850361e-01
1.060300000000032014e+03,1.930573551870141125e-01
1.060400000000031923e+03,1.922926320657749044e-01
1.060500000000031832e+03,1.915279320647020056e-01
1.060600000000031969e+03,1.907632552132339232e-01
1.060700000000032105e+03,1.899986015408175188e-01
1.060800000000032014e+03,1.892339710769027905e-01
1.060900000000031923e+03,1.884697134511822136e-01
1.061000000000032060e+03,1.877055083317843986e-01
1.061100000000032196e+03,1.864211925446398188e-01
1.061200000000032105e+03,1.851368024584248984e-01
1.061300000000032014e+03,1.838523381017996838e-01
1.061400000000032151e+03,1.825677995034317436e-01
1.061500000000032287e+03,1.812842080701178304e-01
1.061600000000032196e+03,1.800016073364661406e-01
1.061700000000032105e+03,1.787189025614857041e-01
1.061800000000032242e+03,1.774360937712867181e-01
1.061900000000032378e+03,1.761531809919934244e-01
1.062000000000032287e+03,1.748682936777843644e-01
1.062100000000032196e+03,1.731385618355633649e-01
1.062200000000032333e+03,1.714085418094857816e-01
1.062300000000032469e+03,1.696782335840785194e-01
1.062400000000032378e+03,1.679469434916864845e-01
1.062500000000032287e+03,1.662141328631276394e-01
1.062600000000032423e+03,1.644810742572163365e-01
1.062700000000032560e+03,1.627477676685462893e-01
1.062800000000032469e+03,1.610142130917144310e-01
1.062900000000032378e+03,1.592804105213127819e-01
1.063000000000032514e+03,1.575463599518273916e-01
1.063100000000032651e+03,1.554761860226803460e-01
1.063200000000032560e+03,1.534054703507232165e-01
1.063300000000032469e+03,1.513342128481907078e-01
1.063400000000032605e+03,1.492624134273080050e-01
1.063500000000032742e+03,1.471900720002994600e-01
1.063600000000032651e+03,1.451171884793787115e-01
1.063700000000032560e+03,1.430437627767399134e-01
1.063800000000032696e+03,1.409697948045673110e-01
1.063900000000032833e+03,1.388952844750434568e-01
1.064000000000032742e+03,1.368202317002744639e-01
1.064100000000032651e+03,1.345405520850269654e-01
1.064200000000032787e+03,1.322600232780575813e-01
1.064300000000032924e+03,1.299786450834355955e-01
1.064400000000032833e+03,1.276966154948729060e-01
1.064500000000032742e+03,1.254137884138327441e-01
1.064600000000032878e+03,1.231301021015110686e-01
1.064700000000033015e+03,1.208448086074654648e-01
1.064800000000032924e+03,1.185580381124121396e-01
1.064900000000032833e+03,1.162704609506015341e-01
1.065000000000032969e+03,1.139820769526729144e-01
1.065100000000033106e+03,1.116343205367073821e-01
1.065200000000033015e+03,1.092855454461875847e-01
1.065300000000032924e+03,1.069357514304828116e-01
1.065400000000033060e+03,1.045849382389227172e-01
1.065500000000033197e+03,1.022331056208078542e-01
1.065600000000033106e+03,9.988025332539854362e-02
1.065700000000033015e+03,9.752638110190478549e-02
1.065800000000033151e+03,9.517148869949615397e-02
1.065900000000033288e+03,9.281557586731338516e-02
1.066000000000033197e+03,9.045864235529613162e-02
1.066100000000033106e+03,9.062779894091622934e-02
1.066200000000033242e+03,9.079685185229119382e-02
1.066300000000033378e+03,9.096597168048915771e-02
1.066400000000033288e+03,9.113515844026623403e-02
1.066500000000033197e+03,9.130470258381673254e-02
1.066600000000033333e+03,9.147508848124848158e-02
1.066700000000033469e+03,9.164554537235812537e-02
1.066800000000033378e+03,9.181607327466896618e-02
1.066900000000033288e+03,9.198667220570812264e-02
1.067000000000033424e+03,9.215810238040415825e-02
1.067100000000033560e+03,9.421051268861713179e-02
1.067200000000033469e+03,9.626373678643884713e-02
1.067300000000033378e+03,9.831777487466804299e-02
1.067400000000033515e+03,1.003724588883744134e-01
1.067500000000033651e+03,1.024269297750768776e-01
1.067600000000033560e+03,1.044821673472666745e-01
1.067700000000033469e+03,1.065381717757583058e-01
1.067800000000033606e+03,1.085949432313906421e-01
1.067900000000033742e+03,1.106526201115395069e-01
1.068000000000033651e+03,1.127111569479901793e-01
1.068100000000033560e+03,1.147609482134428760e-01
1.068200000000033697e+03,1.168111481458234818e-01
1.068300000000033833e+03,1.188617567824934579e-01
1.068400000000033742e+03,1.209127741608137935e-01
1.068500000000033651e+03,1.229642003181542625e-01
1.068600000000033788e+03,1.250160352918845696e-01
1.068700000000033924e+03,1.270682791193640249e-01
1.068800000000033833e+03,1.291209318379520077e-01
1.068900000000033742e+03,1.311739934850161549e-01
1.069000000000033879e+03,1.332274640978845792e-01
1.069100000000034015e+03,1.351646732326832467e-01
1.069200000000033924e+03,1.371018473055631570e-01
1.069300000000033833e+03,1.390389862159156220e-01
1.069400000000033970e+03,1.409760898631112480e-01
1.069500000000034106e+03,1.429131581464891110e-01
1.069600000000034015e+03,1.448501909653660824e-01
1.069700000000033924e+03,1.467866398114575088e-01
1.069800000000034061e+03,1.487218619462715441e-01
1.069900000000034197e+03,1.506570031133692977e-01
1.070000000000034106e+03,1.525920632100000729e-01
1.070100000000034015e+03,1.543089181665008858e-01
1.070200000000034152e+03,1.560268776604812335e-01
1.070300000000034288e+03,1.577450457301018127e-01
1.070400000000034197e+03,1.594629839024741258e-01
1.070500000000034106e+03,1.611806920459352976e-01
1.070600000000034242e+03,1.628978066356221166e-01
1.070700000000034379e+03,1.646131326923804816e-01
1.070800000000034288e+03,1.663281882281059110e-01
1.070900000000034197e+03,1.680429731163065876e-01
1.071000000000034333e+03,1.697574872303709015e-01
1.071100000000034470e+03,1.711673038705927297e-01
1.071200000000034379e+03,1.725762989553143723e-01
1.071300000000034288e+03,1.739852105199981569e-01
1.071400000000034424e+03,1.753938725128315612e-01
1.071500000000034561e+03,1.768022576114572642e-01
1.071600000000034470e+03,1.782105533401406317e-01
1.071700000000034379e+03,1.796187596489400018e-01
1.071800000000034515e+03,1.810268764879117143e-01
1.071900000000034652e+03,1.824349038071035323e-01
1.072000000000034561e+03,1.838428415564255514e-01
1.072100000000034470e+03,1.848599396805039041e-01
1.072200000000034606e+03,1.858771417199329423e-01
1.072300000000034743e+03,1.868944476680190203e-01
1.072400000000034652e+03,1.879118575180651896e-01
1.072500000000034561e+03,1.889273162277053941e-01
1.072600000000034697e+03,1.899427078805621116e-01
1.072700000000034834e+03,1.909581794717614689e-01
1.072800000000034743e+03,1.919737309876102804e-01
1.072900000000034652e+03,1.929901912539774278e-01
1.073000000000034788e+03,1.940081183208993421e-01
1.073100000000034925e+03,1.945338095741858397e-01
1.073200000000034834e+03,1.950594874683123370e-01
1.073300000000034743e+03,1.955851519921832371e-01
1.073400000000034879e+03,1.961089647554103421e-01
1.073500000000035016e+03,1.966323035910865769e-01
1.073600000000034925e+03,1.971556165446623765e-01
1.073700000000034834e+03,1.976789036037635838e-01
1.073800000000034970e+03,1.982027173778734275e-01
1.073900000000035106e+03,1.987282729620251653e-01
1.074000000000035016e+03,1.992538150960978804e-01
1.074100000000034925e+03,1.992227365586362320e-01
1.074200000000035061e+03,1.991916551658424739e-01
1.074300000000035197e+03,1.991590035879502174e-01
1.074400000000035106e+03,1.991255925732906829e-01
1.074500000000035016e+03,1.990921792132148427e-01
1.074600000000035152e+03,1.990587635082724238e-01
1.074700000000035288e+03,1.990256002474487806e-01
1.074800000000035197e+03,1.989945028925138304e-01
1.074900000000035106e+03,1.989632745776572509e-01
1.075000000000035243e+03,1.989317688798594164e-01
1.075100000000035379e+03,1.983721326237839755e-01
1.075200000000035288e+03,1.978113316342935135e-01
1.075300000000035197e+03,1.972495838127323320e-01
1.075400000000035334e+03,1.966879429659933731e-01
1.075500000000035470e+03,1.961264091077507543e-01
1.075600000000035379e+03,1.955649822516754566e-01
1.075700000000035288e+03,1.950036624114322992e-01
1.075800000000035425e+03,1.944424496006835756e-01
1.075900000000035561e+03,1.938813438330907191e-01
1.076000000000035470e+03,1.933203451221436608e-01
1.076100000000035379e+03,1.922844215310047511e-01
1.076200000000035516e+03,1.912481870965286601e-01
1.076300000000035652e+03,1.902116418301653955e-01
1.076400000000035561e+03,1.891747857433774549e-01
1.076500000000035470e+03,1.881376188476359401e-01
1.076600000000035607e+03,1.871020019692360981e-01
1.076700000000035743e+03,1.860663776964121552e-01
1.076800000000035652e+03,1.850304186340462065e-01
1.076900000000035561e+03,1.839941247785547851e-01
1.077000000000035698e+03,1.829568836242404239e-01
1.077100000000035834e+03,1.814431579676919204e-01
1.077200000000035743e+03,1.799291039449484597e-01
1.077300000000035652e+03,1.784147215706071432e-01
1.077400000000035789e+03,1.769000531597348935e-01
1.077500000000035925e+03,1.753872986729412553e-01
1.077600000000035834e+03,1.738747421670497895e-01
1.077700000000035743e+03,1.723618082626639236e-01
1.077800000000035880e+03,1.708484969517015672e-01
1.077900000000036016e+03,1.693348082260975329e-01
1.078000000000035925e+03,1.678207420776492709e-01
1.078100000000035834e+03,1.658987868299257040e-01
1.078200000000035971e+03,1.639769740571487278e-01
1.078300000000036107e+03,1.620553038034213134e-01
1.078400000000036016e+03,1.601349951745011935e-01
1.078500000000035925e+03,1.582160864590901328e-01
1.078600000000036061e+03,1.562972600783693322e-01
1.078700000000036198e+03,1.543785160765405451e-01
1.078800000000036107e+03,1.524598048392202254e-01
1.078900000000036016e+03,1.505390924875980863e-01
1.079000000000036152e+03,1.486176374983310955e-01
1.079100000000036289e+03,1.464668136562969902e-01
1.079200000000036198e+03,1.443151027611139503e-01
1.079300000000036107e+03,1.421632752118508758e-01
1.079400000000036243e+03,1.400114166155105033e-01
1.079500000000036380e+03,1.378586204860296760e-01
1.079600000000036289e+03,1.357048867157769345e-01
1.079700000000036198e+03,1.335502151971141860e-01
1.079800000000036334e+03,1.313959874710404763e-01
1.079900000000036471e+03,1.292409299611087525e-01
1.080000000000036380e+03,1.270848839752367343e-01
1.080100000000036289e+03,1.248014990714144262e-01
1.080200000000036425e+03,1.225163483724413388e-01
1.080300000000036562e+03,1.202289909756362601e-01
1.080400000000036471e+03,1.179403995861706550e-01
1.080500000000036380e+03,1.156505740273820471e-01
1.080600000000036516e+03,1.133595141226031444e-01
1.080700000000036653e+03,1.110672196951747459e-01
1.080800000000036562e+03,1.087736905684336952e-01
1.080900000000036471e+03,1.064789265657032080e-01
1.081000000000036607e+03,1.041829275103246383e-01
1.081100000000036744e+03,1.019464934543759943e-01
1.081200000000036653e+03,9.971106103488493189e-02
1.081300000000036562e+03,9.747566021954523485e-02
1.081400000000036698e+03,9.524029107000504812e-02
1.081500000000036835e+03,9.300495364793213982e-02
1.081600000000036744e+03,9.076896787522614751e-02
1.081700000000036653e+03,8.853267419500931990e-02
1.081800000000036789e+03,8.629646472452982831e-02
1.081900000000036925e+03,8.406033952804299603e-02
1.082000000000036835e+03,8.182429867135879165e-02
1.082100000000036744e+03,8.379147026515347541e-02
1.082200000000036880e+03,8.575954604317140295e-02
1.082300000000037016e+03,8.772852615566908985e-02
1.082400000000036925e+03,8.969841075291001831e-02
1.082500000000036835e+03,9.166919998517397694e-02
1.082600000000036971e+03,9.364089400274767938e-02
1.082700000000037107e+03,9.561349295591643760e-02
1.082800000000037016e+03,9.758699699497215552e-02
1.082900000000036925e+03,9.956140627022312672e-02
1.083000000000037062e+03,1.015378461691429646e-01
1.083100000000037198e+03,1.035571508938992330e-01
1.083200000000037107e+03,1.055769934365806267e-01
1.083300000000037016e+03,1.075973738775869853e-01
1.083400000000037153e+03,1.096182922973249485e-01
1.083500000000037289e+03,1.116397487761985607e-01
1.083600000000037198e+03,1.136617433946183614e-01
1.083700000000037107e+03,1.156842762330109742e-01
1.083800000000037244e+03,1.177073473718092539e-01
1.083900000000037380e+03,1.197309568914440014e-01
1.084000000000037289e+03,1.217551048723292534e-01
1.084100000000037198e+03,1.237193331146204806e-01
1.084200000000037335e+03,1.256832997089602777e-01
1.084300000000037471e+03,1.276473815729527728e-01
1.084400000000037380e+03,1.296123490665810618e-01
1.084500000000037289e+03,1.315771005929354531e-01
1.084600000000037426e+03,1.335416360124885016e-01
1.084700000000037562e+03,1.355059551856784283e-01
1.084800000000037471e+03,1.374700579729171979e-01
1.084900000000037380e+03,1.394339442346002877e-01
1.085000000000037517e+03,1.413974188011487276e-01
1.085100000000037653e+03,1.432686331913066990e-01
1.085200000000037562e+03,1.451406822523452211e-01
1.085300000000037471e+03,1.470135661576683073e-01
1.085400000000037608e+03,1.488872850807007042e-01
1.085500000000037744e+03,1.507615739029579127e-01
1.085600000000037653e+03,1.526366513409006809e-01
1.085700000000037562e+03,1.545135674371236056e-01
1.085800000000037699e+03,1.563921460920998929e-01
1.085900000000037835e+03,1.582715970942036587e-01
1.086000000000037744e+03,1.601519206426477160e-01
1.086100000000037653e+03,1.617382708924598733e-01
1.086200000000037790e+03,1.633222325086563786e-01
1.086300000000037926e+03,1.649056574540876119e-01
1.086400000000037835e+03,1.664885578803989574e-01
1.086500000000037744e+03,1.680709336096286588e-01
1.086600000000037880e+03,1.696527844637907845e-01
1.086700000000038017e+03,1.712344771370419849e-01
1.086800000000037926e+03,1.728160740534805395e-01
1.086900000000037835e+03,1.743971600635983166e-01
1.087000000000037971e+03,1.759777349820232095e-01
1.087100000000038108e+03,1.772886875132788642e-01
1.087200000000038017e+03,1.786000543383179651e-01
1.087300000000037926e+03,1.799118355261109525e-01
1.087400000000038062e+03,1.812240311456357889e-01
1.087500000000038199e+03,1.825366412658715465e-01
1.087600000000038108e+03,1.838496659558045421e-01
1.087700000000038017e+03,1.851631052844339986e-01
1.087800000000038153e+03,1.864769593207668830e-01
1.087900000000038290e+03,1.877912281338108280e-01
1.088000000000038199e+03,1.891059117924074606e-01
1.088100000000038108e+03,1.899650734215742043e-01
1.088200000000038244e+03,1.908240726764711681e-01
1.088300000000038381e+03,1.916829095076893197e-01
1.088400000000038290e+03,1.925415838658137702e-01
1.088500000000038199e+03,1.934000957014279376e-01
1.088600000000038335e+03,1.942586961148771163e-01
1.088700000000038472e+03,1.951174433658427743e-01
1.088800000000038381e+03,1.959760328679242269e-01
1.088900000000038290e+03,1.968358620764811273e-01
1.089000000000038426e+03,1.976964597110915933e-01
1.089100000000038563e+03,1.981278563197087228e-01
1.089200000000038472e+03,1.985593634449375477e-01
1.089300000000038381e+03,1.989909811030066700e-01
1.089400000000038517e+03,1.994227093101447190e-01
1.089500000000038654e+03,1.998545480825808796e-01
1.089600000000038563e+03,2.002864974365459183e-01
1.089700000000038472e+03,2.007185573882740437e-01
1.089800000000038608e+03,2.011507279540013238e-01
1.089900000000038744e+03,2.015830091499631882e-01
1.090000000000038654e+03,2.020154009921909799e-01
1.090100000000038563e+03,2.019140248364014456e-01
1.090200000000038699e+03,2.018126455715133771e-01
1.090300000000038835e+03,2.017134190705467955e-01
1.090400000000038744e+03,2.016143960579446504e-01
1.090500000000038654e+03,2.015159186822678417e-01
1.090600000000038790e+03,2.014174619907450337e-01
1.090700000000038926e+03,2.013189992500234726e-01
1.090800000000038835e+03,2.012205304608584433e-01
1.090900000000038744e+03,2.011220556240053692e-01
1.091000000000038881e+03,2.010235747400311579e-01
1.091100000000039017e+03,2.004405527059753278e-01
1.091200000000038926e+03,1.998572947328187410e-01
1.091300000000038835e+03,1.992738007839007230e-01
1.091400000000038972e+03,1.986900708225557977e-01
1.091500000000039108e+03,1.981061048121194601e-01
1.091600000000039017e+03,1.975219027159240970e-01
1.091700000000038926e+03,1.969374644972951283e-01
1.091800000000039063e+03,1.963527901195565029e-01
1.091900000000039199e+03,1.957678795460302823e-01
1.092000000000039108e+03,1.951827327398329703e-01
1.092100000000039017e+03,1.940774805889631527e-01
1.092200000000039154e+03,1.929728660666354123e-01
1.092300000000039290e+03,1.918680955213642458e-01
1.092400000000039199e+03,1.907631689428795629e-01
1.092500000000039108e+03,1.896582828981190905e-01
1.092600000000039245e+03,1.885552527850398452e-01
1.092700000000039381e+03,1.874520405958771951e-01
1.092800000000039290e+03,1.863486463167046414e-01
1.092900000000039199e+03,1.852450699335900786e-01
1.093000000000039336e+03,1.841401812534523841e-01
1.093100000000039472e+03,1.826353858730507262e-01
1.093200000000039381e+03,1.811296717394764444e-01
1.093300000000039290e+03,1.796230387024689568e-01
1.093400000000039427e+03,1.781154866117591329e-01
1.093500000000039563e+03,1.766070153170760382e-01
1.093600000000039472e+03,1.750976246681397175e-01
1.093700000000039381e+03,1.735873639398704260e-01
1.093800000000039518e+03,1.720762132295966251e-01
1.093900000000039654e+03,1.705641413163747067e-01
1.094000000000039563e+03,1.690511480484483964e-01
1.094100000000039472e+03,1.671342883632233323e-01
1.094200000000039608e+03,1.652173500652335814e-01
1.094300000000039745e+03,1.632997971961676897e-01
1.094400000000039654e+03,1.613835364005482553e-01
1.094500000000039563e+03,1.594674951031099519e-01
1.094600000000039699e+03,1.575513478511085252e-01
1.094700000000039836e+03,1.556350946663174195e-01
1.094800000000039745e+03,1.537187355705132430e-01
1.094900000000039654e+03,1.518022705854669696e-01
1.095000000000039790e+03,1.498856997328750773e-01
1.095100000000039927e+03,1.477702662692386981e-01
1.095200000000039836e+03,1.456537676871357545e-01
1.095300000000039745e+03,1.435357213773215679e-01
1.095400000000039881e+03,1.414161270344129750e-01
1.095500000000040018e+03,1.392949843530122134e-01
1.095600000000039927e+03,1.371722930276958463e-01
1.095700000000039836e+03,1.350482676552865191e-01
1.095800000000039972e+03,1.329240309742720505e-01
1.095900000000040109e+03,1.307981948098166092e-01
1.096000000000040018e+03,1.286707588071538400e-01
1.096100000000039927e+03,1.263708443905708911e-01
1.096200000000040063e+03,1.240709495483554858e-01
1.096300000000040200e+03,1.217710743694976339e-01
1.096400000000040109e+03,1.194712189430010146e-01
1.096500000000040018e+03,1.171713833578731934e-01
1.096600000000040154e+03,1.148715588050249342e-01
1.096700000000040291e+03,1.125704459435608595e-01
1.096800000000040200e+03,1.102694071390054736e-01
1.096900000000040109e+03,1.079684424721381181e-01
1.097000000000040245e+03,1.056675520237650712e-01
1.097100000000040382e+03,1.034049445107374787e-01
1.097200000000040291e+03,1.011413306746335311e-01
1.097300000000040200e+03,9.887671031365131979e-02
1.097400000000040336e+03,9.661108322596517750e-02
1.097500000000040473e+03,9.434444920973561466e-02
1.097600000000040382e+03,9.207775314281040069e-02
1.097700000000040291e+03,8.981013199629515886e-02
1.097800000000040427e+03,8.754145013033595712e-02
1.097900000000040563e+03,8.527170731323009678e-02
1.098000000000040473e+03,8.300090331494616724e-02
1.098100000000040382e+03,8.493112210696311670e-02
1.098200000000040518e+03,8.686175852507282968e-02
1.098300000000040654e+03,8.879281262008952014e-02
1.098400000000040563e+03,9.072428444283153759e-02
1.098500000000040473e+03,9.265536352263148423e-02
1.098600000000040609e+03,9.458654800461790968e-02
1.098700000000040745e+03,9.651810526911688837e-02
1.098800000000040654e+03,9.845003535863014466e-02
1.098900000000040563e+03,1.003823383156712129e-01
1.099000000000040700e+03,1.023150141827723070e-01
1.099100000000040836e+03,1.042848768768399464e-01
1.099200000000040745e+03,1.062544245726850661e-01
1.099300000000040654e+03,1.082236570879379356e-01
1.099400000000040791e+03,1.101933713093692785e-01
1.099500000000040927e+03,1.121632983134516481e-01
1.099600000000040836e+03,1.141329555120261796e-01
1.099700000000040745e+03,1.161021868442608240e-01
1.099800000000040882e+03,1.180709626569029919e-01
1.099900000000041018e+03,1.200394567802520185e-01
1.100000000000040927e+03,1.220076690181464002e-01
1.100100000000040836e+03,1.239815769187072869e-01
1.100200000000040973e+03,1.259562626788403028e-01
1.100300000000041109e+03,1.279309947792392210e-01
1.100400000000041018e+03,1.299057075481266921e-01
1.100500000000040927e+03,1.318811526539335477e-01
1.100600000000041064e+03,1.338573302558496714e-01
1.100700000000041200e+03,1.358342405130795738e-01
1.100800000000041109e+03,1.378133726399226044e-01
1.100900000000041018e+03,1.397934032080830891e-01
1.101000000000041155e+03,1.417742130442978810e-01
1.101100000000041291e+03,1.436060977816543960e-01
1.101200000000041200e+03,1.454378597157600927e-01
1.101300000000041109e+03,1.472694986786448890e-01
1.101400000000041246e+03,1.491010145022947930e-01
1.101500000000041382e+03,1.509324070186440769e-01
1.101600000000041291e+03,1.527636760595834087e-01
1.101700000000041200e+03,1.545948214569690116e-01
1.101800000000041337e+03,1.564258430426131441e-01
1.101900000000041473e+03,1.582567406482766614e-01
1.102000000000041382e+03,1.600875141055886630e-01
1.102100000000041291e+03,1.617052001956939267e-01
1.102200000000041427e+03,1.633226872258660145e-01
1.102300000000041564e+03,1.649399749984823138e-01
1.102400000000041473e+03,1.665570633158686975e-01
1.102500000000041382e+03,1.681739519803070182e-01
1.102600000000041518e+03,1.697919612764494379e-01
1.102700000000041655e+03,1.714104634086995038e-01
1.102800000000041564e+03,1.730288028374837306e-01
1.102900000000041473e+03,1.746469793525981251e-01
1.103000000000041609e+03,1.762649927436752140e-01
1.103100000000041746e+03,1.776319329012421566e-01
1.103200000000041655e+03,1.789994405334445204e-01
1.103300000000041564e+03,1.803675157845669452e-01
1.103400000000041700e+03,1.817364057798808441e-01
1.103500000000041837e+03,1.831049964991682266e-01
1.103600000000041746e+03,1.844731494239282843e-01
1.103700000000041655e+03,1.858418466688440129e-01
1.103800000000041791e+03,1.872110883686230742e-01
1.103900000000041928e+03,1.885808746579908379e-01
1.104000000000041837e+03,1.899490513706060257e-01
1.104100000000041746e+03,1.909193100860581693e-01
1.104200000000041882e+03,1.918897144632566720e-01
1.104300000000042019e+03,1.928602644997778059e-01
1.104400000000041928e+03,1.938309601931929027e-01
1.104500000000041837e+03,1.948018015410727666e-01
1.104600000000041973e+03,1.957727885409837332e-01
1.104700000000042110e+03,1.967439211904822016e-01
1.104800000000042019e+03,1.977151994871206298e-01
1.104900000000041928e+03,1.986866234284498933e-01
1.105000000000042064e+03,1.996581930118239423e-01
1.105100000000042201e+03,2.001717149134365492e-01
1.105200000000042110e+03,2.006852148333219676e-01
1.105300000000042019e+03,2.011987821411328481e-01
1.105400000000042155e+03,2.017140116465001576e-01
1.105500000000042292e+03,2.022292279037352647e-01
1.105600000000042201e+03,2.027444308713808319e-01
1.105700000000042110e+03,2.032596205079695850e-01
1.105800000000042246e+03,2.037731015062706763e-01
1.105900000000042382e+03,2.042858788776168721e-01
1.106000000000042292e+03,2.047986310068442284e-01
1.106100000000042201e+03,2.048729701846012385e-01
1.106200000000042337e+03,2.049476848622220349e-01
1.106300000000042473e+03,2.050244526627589825e-01
1.106400000000042382e+03,2.051012415316920967e-01
1.106500000000042292e+03,2.051780514734468652e-01
1.106600000000042428e+03,2.052548824924500526e-01
1.106700000000042564e+03,2.053303363548678873e-01
1.106800000000042473e+03,2.054048156489107213e-01
1.106900000000042382e+03,2.054793144646105962e-01
1.107000000000042519e+03,2.055538328056757125e-01
1.107100000000042655e+03,2.051497584930427331e-01
1.107200000000042564e+03,2.047474645061262422e-01
1.107300000000042473e+03,2.043449096394713282e-01
1.107400000000042610e+03,2.039420938171092879e-01
1.107500000000042746e+03,2.035390169630588164e-01
1.107600000000042655e+03,2.031356790013243985e-01
1.107700000000042564e+03,2.027320798558938653e-01
1.107800000000042701e+03,2.023282194507413367e-01
1.107900000000042837e+03,2.019240977098279433e-01
1.108000000000042746e+03,2.015197145568811687e-01
1.108100000000042655e+03,2.006031208360936069e-01
1.108200000000042792e+03,1.996864657483999050e-01
1.108300000000042928e+03,1.987694921171690721e-01
1.108400000000042837e+03,1.978521998758457634e-01
1.108500000000042746e+03,1.969345889578598685e-01
1.108600000000042883e+03,1.960166592966313404e-01
1.108700000000043019e+03,1.950984108255746918e-01
1.108800000000042928e+03,1.941798434780935556e-01
1.108900000000042837e+03,1.932609571875774090e-01
1.109000000000042974e+03,1.923395059617613312e-01
1.109100000000043110e+03,1.909572405797212713e-01
1.109200000000043019e+03,1.895747523779028332e-01
1.109300000000042928e+03,1.881920413443433360e-01
1.109400000000043065e+03,1.868088622584582748e-01
1.109500000000043201e+03,1.854243999768034612e-01
1.109600000000043110e+03,1.840388458592901733e-01
1.109700000000043019e+03,1.826524538797469066e-01
1.109800000000043156e+03,1.812658819310564440e-01
1.109900000000043292e+03,1.798791300063537768e-01
1.110000000000043201e+03,1.784921980986191870e-01
1.110100000000043110e+03,1.767432548524053848e-01
1.110200000000043246e+03,1.749936877746751940e-01
1.110300000000043383e+03,1.732429914108234159e-01
1.110400000000043292e+03,1.714916497934085571e-01
1.110500000000043201e+03,1.697398268914369623e-01
1.110600000000043337e+03,1.679875226313060910e-01
1.110700000000043474e+03,1.662347369394148178e-01
1.110800000000043383e+03,1.644814697421538296e-01
1.110900000000043292e+03,1.627277209658994084e-01
1.111000000000043428e+03,1.609734905369011038e-01
1.111100000000043565e+03,1.589467095752265247e-01
1.111200000000043474e+03,1.569190874227890664e-01
1.111300000000043383e+03,1.548889344289324788e-01
1.111400000000043519e+03,1.528578739733394420e-01
1.111500000000043656e+03,1.508260192228463303e-01
1.111600000000043565e+03,1.487933700510686852e-01
1.111700000000043474e+03,1.467599263316005931e-01
1.111800000000043610e+03,1.447256879380258154e-01
1.111900000000043747e+03,1.426906547439249773e-01
1.112000000000043656e+03,1.406548266227909683e-01
1.112100000000043565e+03,1.384410702136466553e-01
1.112200000000043701e+03,1.362253440041660824e-01
1.112300000000043838e+03,1.340086722457685953e-01
1.112400000000043747e+03,1.317913629191764524e-01
1.112500000000043656e+03,1.295734159446066958e-01
1.112600000000043792e+03,1.273548312422717321e-01
1.112700000000043929e+03,1.251356087323883259e-01
1.112800000000043838e+03,1.229157483351687313e-01
1.112900000000043747e+03,1.206952499708098675e-01
1.113000000000043883e+03,1.184741135594756245e-01
1.113100000000044020e+03,1.161892443274326336e-01
1.113200000000043929e+03,1.139042020140945827e-01
1.113300000000043838e+03,1.116189866198635111e-01
1.113400000000043974e+03,1.093335981451425132e-01
1.113500000000044110e+03,1.070481793189786562e-01
1.113600000000044020e+03,1.047635167783545207e-01
1.113700000000043929e+03,1.024779827792794695e-01
1.113800000000044065e+03,1.001919898209518850e-01
1.113900000000044201e+03,9.790581812432913589e-02
1.114000000000044110e+03,9.561946769231280396e-02
1.114100000000044020e+03,9.543183840083513392e-02
1.114200000000044156e+03,9.524422562963080763e-02
1.114300000000044292e+03,9.505662938478398605e-02
1.114400000000044201e+03,9.486904967237970443e-02
1.114500000000044110e+03,9.468040209179026667e-02
1.114600000000044247e+03,9.449175935977621732e-02
1.114700000000044383e+03,9.430313758834427129e-02
1.114800000000044292e+03,9.411453678269686429e-02
1.114900000000044201e+03,9.392595694803580753e-02
1.115000000000044338e+03,9.373739809049837224e-02
1.115100000000044474e+03,9.565728347607700688e-02
1.115200000000044383e+03,9.757682437611168991e-02
1.115300000000044292e+03,9.949602071100148437e-02
1.115400000000044429e+03,1.014138633735476303e-01
1.115500000000044565e+03,1.033311503467911896e-01
1.115600000000044474e+03,1.052480479634721050e-01
1.115700000000044383e+03,1.071647650062518969e-01
1.115800000000044520e+03,1.090821704192787567e-01
1.115900000000044656e+03,1.110001453920494291e-01
1.116000000000044565e+03,1.129178073614128114e-01
1.116100000000044474e+03,1.148559471539797872e-01
1.116200000000044611e+03,1.167938455616910065e-01
1.116300000000044747e+03,1.187315025017887382e-01
1.116400000000044656e+03,1.206696058576494507e-01
1.116500000000044565e+03,1.226074937370948831e-01
1.116600000000044702e+03,1.245454462837903425e-01
1.116700000000044838e+03,1.264832508230032404e-01
1.116800000000044747e+03,1.284208464527905325e-01
1.116900000000044656e+03,1.303582330846018433e-01
1.117000000000044793e+03,1.322954106298483423e-01
1.117100000000044929e+03,1.341771519836346682e-01
1.117200000000044838e+03,1.360589856281466392e-01
1.117300000000044747e+03,1.379407847483246352e-01
1.117400000000044884e+03,1.398225492894648037e-01
1.117500000000045020e+03,1.417042791968433357e-01
1.117600000000044929e+03,1.435859195828720347e-01
1.117700000000044838e+03,1.454658890923917758e-01
1.117800000000044975e+03,1.473457801169854586e-01
1.117900000000045111e+03,1.492255926046241465e-01
1.118000000000045020e+03,1.511053265032083759e-01
1.118100000000044929e+03,1.528473754910030791e-01
1.118200000000045065e+03,1.545895186499679219e-01
1.118300000000045202e+03,1.563317559659516409e-01
1.118400000000045111e+03,1.580740874247990591e-01
1.118500000000045020e+03,1.598165130123590238e-01
1.118600000000045156e+03,1.615573364903047926e-01
1.118700000000045293e+03,1.632980345052561233e-01
1.118800000000045202e+03,1.650387861064770978e-01
1.118900000000045111e+03,1.667795912765222544e-01
1.119000000000045247e+03,1.685211136955418465e-01
1.119100000000045384e+03,1.700419445486812398e-01
1.119200000000045293e+03,1.715629958712579783e-01
1.119300000000045202e+03,1.730842676830873228e-01
1.119400000000045338e+03,1.746057600039859492e-01
1.119500000000045475e+03,1.761290575152287818e-01
1.119600000000045384e+03,1.776530689225887527e-01
1.119700000000045293e+03,1.791773362758092014e-01
1.119800000000045429e+03,1.807013498831988307e-01
1.119900000000045566e+03,1.822241553418667281e-01
1.120000000000045475e+03,1.837454964369287236e-01
1.120100000000045384e+03,1.849648664551509225e-01
1.120200000000045520e+03,1.861844910612150128e-01
1.120300000000045657e+03,1.874043702890729468e-01
1.120400000000045566e+03,1.886230905393692092e-01
1.120500000000045475e+03,1.898412640543071794e-01
1.120600000000045611e+03,1.910596639243667960e-01
1.120700000000045748e+03,1.922782901746330209e-01
1.120800000000045657e+03,1.934971428301931196e-01
1.120900000000045566e+03,1.947162219161414909e-01
1.121000000000045702e+03,1.959355274574050287e-01
1.121100000000045839e+03,1.967839746000203394e-01
1.121200000000045748e+03,1.976326454708735025e-01
1.121300000000045657e+03,1.984803506475995294e-01
1.121400000000045793e+03,1.993271475482012167e-01
1.121500000000045929e+03,2.001741484759640977e-01
1.121600000000045839e+03,2.010213534540102320e-01
1.121700000000045748e+03,2.018687625054670642e-01
1.121800000000045884e+03,2.027163756534628158e-01
1.121900000000046020e+03,2.035657080023750565e-01
1.122000000000045929e+03,2.044154470829491199e-01
1.122100000000045839e+03,2.048392237701077145e-01
1.122200000000045975e+03,2.052622097282128244e-01
1.122300000000046111e+03,2.056838559891429052e-01
1.122400000000046020e+03,2.061056234706738766e-01
1.122500000000045929e+03,2.065275121865160490e-01
1.122600000000046066e+03,2.069495221503793170e-01
1.122700000000046202e+03,2.073736344400119447e-01
1.122800000000046111e+03,2.077983068224558416e-01
1.122900000000046020e+03,2.082236289339940705e-01
1.123000000000046157e+03,2.086495215348424526e-01
1.123100000000046293e+03,2.086125354872385429e-01
1.123200000000046202e+03,2.085737237734230642e-01
1.123300000000046111e+03,2.085348884980213757e-01
1.123400000000046248e+03,2.084960296575538441e-01
1.123500000000046384e+03,2.084571472485411137e-01
1.123600000000046293e+03,2.084182412675038287e-01
1.123700000000046202e+03,2.083793117109624116e-01
1.123800000000046339e+03,2.083403585754369514e-01
1.123900000000046475e+03,2.083006127130123397e-01
1.124000000000046384e+03,2.082598691667475743e-01
1.124100000000046293e+03,2.077433197762856010e-01
1.124200000000046430e+03,2.072262593223150873e-01
1.124300000000046566e+03,2.067090128809446203e-01
1.124400000000046475e+03,2.061915804327980606e-01
1.124500000000046384e+03,2.056753092837478314e-01
1.124600000000046521e+03,2.051592206837955235e-01
1.124700000000046657e+03,2.046426648865397047e-01
1.124800000000046566e+03,2.041259158515352223e-01
1.124900000000046475e+03,2.036089735543076262e-01
1.125000000000046612e+03,2.030918379701658893e-01
1.125100000000046748e+03,2.021112440897234741e-01
1.125200000000046657e+03,2.011303203146072027e-01
1.125300000000046566e+03,2.001490666077872238e-01
1.125400000000046703e+03,1.991674829322312990e-01
1.125500000000046839e+03,1.981855692509112699e-01
1.125600000000046748e+03,1.972036131351290189e-01
1.125700000000046657e+03,1.962216004938247549e-01
1.125800000000046794e+03,1.952392521002331016e-01
1.125900000000046930e+03,1.942565679144615809e-01
1.126000000000046839e+03,1.932735478964180131e-01
1.126100000000046748e+03,1.918667516140823981e-01
1.126200000000046884e+03,1.904595652926395766e-01
1.126300000000047021e+03,1.890526589559771709e-01
1.126400000000046930e+03,1.876468711160491631e-01
1.126500000000046839e+03,1.862406604439315605e-01
1.126600000000046975e+03,1.848340268858003066e-01
1.126700000000047112e+03,1.834269703878345370e-01
1.126800000000047021e+03,1.820194908962089186e-01
1.126900000000046930e+03,1.806115883570874880e-01
1.127000000000047066e+03,1.792032627164619196e-01
1.127100000000047203e+03,1.774367930224701462e-01
1.127200000000047112e+03,1.756695841527869673e-01
1.127300000000047021e+03,1.739003324677755036e-01
1.127400000000047157e+03,1.721307466926307317e-01
1.127500000000047294e+03,1.703613037804114771e-01
1.127600000000047203e+03,1.685914845609071955e-01
1.127700000000047112e+03,1.668210051942130845e-01
1.127800000000047248e+03,1.650501829315487445e-01
1.127900000000047385e+03,1.632790177485971828e-01
1.128000000000047294e+03,1.615082467447141457e-01
1.128100000000047203e+03,1.594701221235681754e-01
1.128200000000047339e+03,1.574300033919896757e-01
1.128300000000047476e+03,1.553896840923131573e-01
1.128400000000047385e+03,1.533491642241624764e-01
1.128500000000047294e+03,1.513084437871544119e-01
1.128600000000047430e+03,1.492675227809074912e-01
1.128700000000047567e+03,1.472264012050524817e-01
1.128800000000047476e+03,1.451854951697804930e-01
1.128900000000047385e+03,1.431446227533028082e-01
1.129000000000047521e+03,1.411035310459961833e-01
1.129100000000047658e+03,1.388983982554224950e-01
1.129200000000047567e+03,1.366931012690401903e-01
1.129300000000047476e+03,1.344877769767920672e-01
1.129400000000047612e+03,1.322824253954471008e-01
1.129500000000047748e+03,1.300775798940867756e-01
1.129600000000047658e+03,1.278736541468810661e-01
1.129700000000047567e+03,1.256696499209475348e-01
1.129800000000047703e+03,1.234655672249497793e-01
1.129900000000047839e+03,1.212614060675629712e-01
1.130000000000047748e+03,1.190560744211596744e-01
1.130100000000047658e+03,1.168029810791337830e-01
1.130200000000047794e+03,1.145499554703298117e-01
1.130300000000047930e+03,1.122969976122678015e-01
1.130400000000047839e+03,1.100441075224686122e-01
1.130500000000047748e+03,1.077908941275227545e-01
1.130600000000047885e+03,1.055376640690601775e-01
1.130700000000048021e+03,1.032845224867664780e-01
1.130800000000047930e+03,1.010314693968782235e-01
1.130900000000047839e+03,9.877850481562143459e-02
1.131000000000047976e+03,9.652562876020942539e-02
1.131100000000048112e+03,9.632911775221680850e-02
1.131200000000048021e+03,9.613243670419195641e-02
1.131300000000047930e+03,9.593575244597069007e-02
1.131400000000048067e+03,9.573907898809690120e-02
1.131500000000048203e+03,9.554241633184200333e-02
1.131600000000048112e+03,9.534576447847681324e-02
1.131700000000048021e+03,9.514912342927171751e-02
1.131800000000048158e+03,9.495307859966455044e-02
1.131900000000048294e+03,9.475756276836909409e-02
1.132000000000048203e+03,9.456205326419445112e-02
1.132100000000048112e+03,9.645208509677188902e-02
1.132200000000048249e+03,9.834205346677378501e-02
1.132300000000048385e+03,1.002330852643000536e-01
1.132400000000048294e+03,1.021241388246239418e-01
1.132500000000048203e+03,1.040151730503985766e-01
1.132600000000048340e+03,1.059061879334901174e-01
1.132700000000048476e+03,1.077971834657560218e-01
1.132800000000048385e+03,1.096881596390534980e-01
1.132900000000048294e+03,1.115791164452480527e-01
1.133000000000048431e+03,1.134698846371149233e-01
1.133100000000048567e+03,1.153804143996895043e-01
1.133200000000048476e+03,1.172908643785637584e-01
1.133300000000048385e+03,1.192012345666498829e-01
1.133400000000048522e+03,1.211115249568607000e-01
1.133500000000048658e+03,1.230217355421001080e-01
1.133600000000048567e+03,1.249318663152725467e-01
1.133700000000048476e+03,1.268419172692914765e-01
1.133800000000048612e+03,1.287518883970698302e-01
1.133900000000048749e+03,1.306617796915130469e-01
1.134000000000048658e+03,1.325715911454987128e-01
1.134100000000048567e+03,1.344262509061931177e-01
1.134200000000048703e+03,1.362802705095227107e-01
1.134300000000048840e+03,1.381340803483722124e-01
1.134400000000048749e+03,1.399876804200720359e-01
1.134500000000048658e+03,1.418408375173029479e-01
1.134600000000048794e+03,1.436923386438838379e-01
1.134700000000048931e+03,1.455438154163531950e-01
1.134800000000048840e+03,1.473951108337650251e-01
1.134900000000048749e+03,1.492461606788388628e-01
1.135000000000048885e+03,1.510969649531370140e-01
1.135100000000049022e+03,1.528110504016139681e-01
1.135200000000048931e+03,1.545247496234532225e-01
1.135300000000048840e+03,1.562380626252234395e-01
1.135400000000048976e+03,1.579510108662322276e-01
1.135500000000049113e+03,1.596654147493064557e-01
1.135600000000049022e+03,1.613794724771562827e-01
1.135700000000048931e+03,1.630931840456422977e-01
1.135800000000049067e+03,1.648065494506261164e-01
1.135900000000049204e+03,1.665195686879635817e-01
1.136000000000049113e+03,1.682322417534102554e-01
1.136100000000049022e+03,1.697383962777063160e-01
1.136200000000049158e+03,1.712453344398374988e-01
1.136300000000049295e+03,1.727523514653032388e-01
1.136400000000049204e+03,1.742566053887256439e-01
1.136500000000049113e+03,1.757602021521146862e-01
1.136600000000049249e+03,1.772634788949582207e-01
1.136700000000049386e+03,1.787664356158621959e-01
1.136800000000049295e+03,1.802690723134341144e-01
1.136900000000049204e+03,1.817713889862898613e-01
1.137000000000049340e+03,1.832733856329170352e-01
1.137100000000049477e+03,1.845101745505732527e-01
1.137200000000049386e+03,1.857473127529709334e-01
1.137300000000049295e+03,1.869865254318498482e-01
1.137400000000049431e+03,1.882262741628109859e-01
1.137500000000049567e+03,1.894660235457871211e-01
1.137600000000049477e+03,1.907057735779970342e-01
1.137700000000049386e+03,1.919455242566646680e-01
1.137800000000049522e+03,1.931852755790139375e-01
1.137900000000049658e+03,1.944250275422640117e-01
1.138000000000049567e+03,1.956647801434716616e-01
1.138100000000049477e+03,1.965800546747789312e-01
1.138200000000049613e+03,1.974957889820099510e-01
1.138300000000049749e+03,1.984120424072574329e-01
1.138400000000049658e+03,1.993292034711088567e-01
1.138500000000049567e+03,2.002465851334376268e-01
1.138600000000049704e+03,2.011643262303119406e-01
1.138700000000049840e+03,2.020845089179497955e-01
1.138800000000049749e+03,2.030049337454671032e-01
1.138900000000049658e+03,2.039256007383777602e-01
1.139000000000049795e+03,2.048465099219984598e-01
1.139100000000049931e+03,2.053683836368007665e-01
1.139200000000049840e+03,2.058903995080119398e-01
1.139300000000049749e+03,2.064125575524024814e-01
1.139400000000049886e+03,2.069348577867454186e-01
1.139500000000050022e+03,2.074573002278120859e-01
1.139600000000049931e+03,2.079798848923757049e-01
1.139700000000049840e+03,2.085026117972121895e-01
1.139800000000049977e+03,2.090254809590999518e-01
1.139900000000050113e+03,2.095484923948156553e-01
1.140000000000050022e+03,2.100707505794097985e-01
1.140100000000049931e+03,2.101277378342768787e-01
1.140200000000050068e+03,2.101847248888391029e-01
1.140300000000050204e+03,2.102402030572156355e-01
1.140400000000050113e+03,2.102954301456813058e-01
1.140500000000050022e+03,2.103526220341679909e-01
1.140600000000050159e+03,2.104103038793077862e-01
1.140700000000050295e+03,2.104679859451253354e-01
1.140800000000050204e+03,2.105256682312631467e-01
1.140900000000050113e+03,2.105833507373642555e-01
1.141000000000050250e+03,2.106410334628386061e-01
1.141100000000050386e+03,2.102358100223062354e-01
1.141200000000050295e+03,2.098306217075227575e-01
1.141300000000050204e+03,2.094254685274417882e-01
1.141400000000050341e+03,2.090203504910166932e-01
1.141500000000050477e+03,2.086152676072036138e-01
1.141600000000050386e+03,2.082102198849599406e-01
1.141700000000050295e+03,2.078054085203933921e-01
1.141800000000050431e+03,2.074005911847290051e-01
1.141900000000050568e+03,2.069936493695400670e-01
1.142000000000050477e+03,2.065867505600354204e-01
1.142100000000050386e+03,2.057648217700300541e-01
1.142200000000050522e+03,2.049427516239824554e-01
1.142300000000050659e+03,2.041218316452507453e-01
1.142400000000050568e+03,2.033018471701353025e-01
1.142500000000050477e+03,2.024817021519024207e-01
1.142600000000050613e+03,2.016613965731888780e-01
1.142700000000050750e+03,2.008409304166331732e-01
1.142800000000050659e+03,2.000203036648722787e-01
1.142900000000050568e+03,1.991995163005391978e-01
1.143000000000050704e+03,1.983785683060581284e-01
1.143100000000050841e+03,1.971501154278229584e-01
1.143200000000050750e+03,1.959227094986200068e-01
1.143300000000050659e+03,1.946963108662263242e-01
1.143400000000050795e+03,1.934695675132905857e-01
1.143500000000050932e+03,1.922424793885178507e-01
1.143600000000050841e+03,1.910150464406088489e-01
1.143700000000050750e+03,1.897872686182526247e-01
1.143800000000050886e+03,1.885591458701336709e-01
1.143900000000051023e+03,1.873306781449361746e-01
1.144000000000050932e+03,1.861018653911363785e-01
1.144100000000050841e+03,1.844725098379666473e-01
1.144200000000050977e+03,1.828431733659987013e-01
1.144300000000051114e+03,1.812141027651554825e-01
1.144400000000051023e+03,1.795852981104346102e-01
1.144500000000050932e+03,1.779567594768345362e-01
1.144600000000051068e+03,1.763284869393628995e-01
1.144700000000051205e+03,1.747004805730432708e-01
1.144800000000051114e+03,1.730721810589483933e-01
1.144900000000051023e+03,1.714439269803554045e-01
1.145000000000051159e+03,1.698162595922419194e-01
1.145100000000051296e+03,1.679055159626933191e-01
1.145200000000051205e+03,1.659951860694992565e-01
1.145300000000051114e+03,1.640853784727881182e-01
1.145400000000051250e+03,1.621758664294809527e-01
1.145500000000051386e+03,1.602666500320370779e-01
1.145600000000051296e+03,1.583577293729262481e-01
1.145700000000051205e+03,1.564491045446204376e-01
1.145800000000051341e+03,1.545407756396026400e-01
1.145900000000051477e+03,1.526327868603350457e-01
1.146000000000051386e+03,1.507268084919813067e-01
1.146100000000051296e+03,1.486551176451585687e-01
1.146200000000051432e+03,1.465829358677068761e-01
1.146300000000051568e+03,1.445102630956256462e-01
1.146400000000051477e+03,1.424370992649091339e-01
1.146500000000051386e+03,1.403634443115365227e-01
1.146600000000051523e+03,1.382892981714825553e-01
1.146700000000051659e+03,1.362146607807256937e-01
1.146800000000051568e+03,1.341395320752393205e-01
1.146900000000051477e+03,1.320639119909823855e-01
1.147000000000051614e+03,1.299878004638480578e-01
1.147100000000051750e+03,1.277947319563493833e-01
1.147200000000051659e+03,1.256019290416333367e-01
1.147300000000051568e+03,1.234089155803473614e-01
1.147400000000051705e+03,1.212152386887193622e-01
1.147500000000051841e+03,1.190218788799112387e-01
1.147600000000051750e+03,1.168288362254750745e-01
1.147700000000051659e+03,1.146361107969587068e-01
1.147800000000051796e+03,1.124437026659153710e-01
1.147900000000051932e+03,1.102516119039141651e-01
1.148000000000051841e+03,1.080598385780557058e-01
1.148100000000051750e+03,9.723981322296058882e-02
1.148200000000051887e+03,8.642311006345559932e-02
1.148300000000052023e+03,7.561017966255718925e-02
1.148400000000051932e+03,6.480011710809348291e-02
1.148500000000051841e+03,5.399292299711715148e-02
1.148600000000051978e+03,4.318859792671224385e-02
1.148700000000052114e+03,3.238713066764472431e-02
1.148800000000052023e+03,2.158850586433885485e-02
1.148900000000051932e+03,1.079279544688141294e-02
1.149000000000052069e+03,5.362779077135722753e-12
1.149100000000052205e+03,1.030072132895236414e-02
1.149200000000052114e+03,2.060375270707886716e-02
1.149300000000052023e+03,3.090909428581639987e-02
1.149400000000052160e+03,4.121674621123615906e-02
1.149500000000052296e+03,5.152670862935924273e-02
1.149600000000052205e+03,6.183898168620383107e-02
1.149700000000052114e+03,7.215356552783205868e-02
1.149800000000052250e+03,8.247046030030290298e-02
1.149900000000052387e+03,9.278966614962551318e-02
1.150000000000052296e+03,1.031111832173735310e-01
1.150100000000052205e+03,1.049594116362488061e-01
1.150200000000052341e+03,1.068074508330211086e-01
1.150300000000052478e+03,1.086552321854612063e-01
1.150400000000052387e+03,1.105027556476366191e-01
1.150500000000052296e+03,1.123495258610984482e-01
1.150600000000052432e+03,1.141951944728344381e-01
1.150700000000052569e+03,1.160405621102160306e-01
1.150800000000052478e+03,1.178856287408397707e-01
1.150900000000052387e+03,1.197303943323121539e-01
1.151000000000052523e+03,1.215748588522400642e-01
1.151100000000052660e+03,1.234184918928436930e-01
1.151200000000052569e+03,1.252619963457758390e-01
1.151300000000052478e+03,1.271053721932908775e-01
1.151400000000052614e+03,1.289489935324399650e-01
1.151500000000052751e+03,1.307936413543289988e-01
1.151600000000052660e+03,1.326382033915388114e-01
1.151700000000052569e+03,1.344826796188327012e-01
1.151800000000052705e+03,1.363270700109734668e-01
1.151900000000052842e+03,1.381713745427169404e-01
1.152000000000052751e+03,1.400155931887951677e-01
1.152100000000052660e+03,1.418142486464196439e-01
1.152200000000052796e+03,1.436135538150700441e-01
1.152300000000052933e+03,1.454132336515196189e-01
1.152400000000052842e+03,1.472135651706406312e-01
1.152500000000052751e+03,1.490145484031701328e-01
1.152600000000052887e+03,1.508161833798386808e-01
1.152700000000053024e+03,1.526184701313607062e-01
1.152800000000052933e+03,1.544214086884433679e-01
1.152900000000052842e+03,1.562249990817943246e-01
1.153000000000052978e+03,1.580292413420139597e-01
1.153100000000053114e+03,1.596437458219306660e-01
1.153200000000053024e+03,1.612579604835129021e-01
1.153300000000052933e+03,1.628737635700806818e-01
1.153400000000053069e+03,1.644893322143801684e-01
1.153500000000053205e+03,1.661046483691570874e-01
1.153600000000053114e+03,1.677197119866191966e-01
1.153700000000053024e+03,1.693345230189866601e-01
1.153800000000053160e+03,1.709490814184833063e-01
1.153900000000053296e+03,1.725633871373292716e-01
1.154000000000053205e+03,1.741774401276612039e-01
1.154100000000053114e+03,1.756264847439205357e-01
1.154200000000053251e+03,1.770743949746822754e-01
1.154300000000053387e+03,1.785226281378698987e-01
1.154400000000053296e+03,1.799714681535478089e-01
1.154500000000053205e+03,1.814209150468521492e-01
1.154600000000053342e+03,1.828715997776516611e-01
1.154700000000053478e+03,1.843244104210910173e-01
1.154800000000053387e+03,1.857778616448941822e-01
1.154900000000053296e+03,1.872319534918315265e-01
1.155000000000053433e+03,1.886866860044930094e-01
1.155100000000053569e+03,1.898198267693836927e-01
1.155200000000053478e+03,1.909530351142459392e-01
1.155300000000053387e+03,1.920863110304317778e-01
1.155400000000053524e+03,1.932196545092922380e-01
1.155500000000053660e+03,1.943526875819073518e-01
1.155600000000053569e+03,1.954838900984976202e-01
1.155700000000053478e+03,1.966151339941529796e-01
1.155800000000053615e+03,1.977467711027363351e-01
1.155900000000053751e+03,1.988785008271426735e-01
1.156000000000053660e+03,2.000116780836995456e-01
1.156100000000053569e+03,2.008188915285216147e-01
1.156200000000053706e+03,2.016262815236648243e-01
1.156300000000053842e+03,2.024338480784891592e-01
1.156400000000053751e+03,2.032415016640167771e-01
1.156500000000053660e+03,2.040470484036665255e-01
1.156600000000053797e+03,2.048527531601177787e-01
1.156700000000053933e+03,2.056586159391558533e-01
1.156800000000053842e+03,2.064646367465641508e-01
1.156900000000053751e+03,2.072696751939689108e-01
1.157000000000053888e+03,2.080735886287250203e-01
1.157100000000054024e+03,2.084914713476387904e-01
1.157200000000053933e+03,2.089094345719912094e-01
1.157300000000053842e+03,2.093274783045006027e-01
1.157400000000053979e+03,2.097456025478847963e-01
1.157500000000054115e+03,2.101638073048592292e-01
1.157600000000054024e+03,2.105820925781387576e-01
1.157700000000053933e+03,2.110004583704399583e-01
1.157800000000054069e+03,2.114197499270698832e-01
1.157900000000054206e+03,2.118407407120800057e-01
1.158000000000054115e+03,2.122618216409198899e-01
1.158100000000054024e+03,2.122361379679790772e-01
1.158200000000054160e+03,2.122104191160657793e-01
1.158300000000054297e+03,2.121837633034661108e-01
1.158400000000054206e+03,2.121571076178289661e-01
1.158500000000054115e+03,2.121304520594599063e-01
1.158600000000054251e+03,2.121037966286641041e-01
1.158700000000054388e+03,2.120766123461164387e-01
1.158800000000054297e+03,2.120474932986724514e-01
1.158900000000054206e+03,2.120190567718890640e-01
1.159000000000054342e+03,2.119911549466468315e-01
1.159100000000054479e+03,2.115646959572374530e-01
1.159200000000054388e+03,2.111397330086532409e-01
1.159300000000054297e+03,2.107155218439347166e-01
1.159400000000054433e+03,2.102912021059406555e-01
1.159500000000054570e+03,2.098667737851832582e-01
1.159600000000054479e+03,2.094422368721744199e-01
1.159700000000054388e+03,2.090175913574246203e-01
1.159800000000054524e+03,2.085928372314451162e-01
1.159900000000054661e+03,2.081679744847477476e-01
1.160000000000054570e+03,2.077430031075882255e-01
1.160100000000054479e+03,2.068454879781939648e-01
1.160200000000054615e+03,2.059470584945400917e-01
1.160300000000054752e+03,2.050488712249237955e-01
1.160400000000054661e+03,2.041509262040758499e-01
1.160500000000054570e+03,2.032532234667237259e-01
1.160600000000054706e+03,2.023557630475959768e-01
1.160700000000054843e+03,2.014585449814259299e-01
1.160800000000054752e+03,2.005622909891480732e-01
1.160900000000054661e+03,1.996664690777905371e-01
1.161000000000054797e+03,1.987726884051402299e-01
1.161100000000054933e+03,1.975493386448653466e-01
1.161200000000054843e+03,1.963255771672547390e-01
1.161300000000054752e+03,1.951014039131657163e-01
1.161400000000054888e+03,1.938768188234511192e-01
1.161500000000055024e+03,1.926499726301325877e-01
1.161600000000054933e+03,1.914223532073285050e-01
1.161700000000054843e+03,1.901943504412889896e-01
1.161800000000054979e+03,1.889659642832126063e-01
1.161900000000055115e+03,1.877366234300613668e-01
1.162000000000055024e+03,1.865053091237835470e-01
1.162100000000054933e+03,1.848783771527738318e-01
1.162200000000055070e+03,1.832519989102708857e-01
1.162300000000055206e+03,1.816261745054602861e-01
1.162400000000055115e+03,1.800009040475332167e-01
1.162500000000055024e+03,1.783761876456810280e-01
1.162600000000055161e+03,1.767520254091007603e-01
1.162700000000055297e+03,1.751284174470044974e-01
1.162800000000055206e+03,1.735058354600127195e-01
1.162900000000055115e+03,1.718856733269822634e-01
1.163000000000055252e+03,1.702660215235279606e-01
1.163100000000055388e+03,1.684206260859720528e-01
1.163200000000055297e+03,1.665749318690454839e-01
1.163300000000055206e+03,1.647278527630063327e-01
1.163400000000055343e+03,1.628796831145871704e-01
1.163500000000055479e+03,1.610312576025596798e-01
1.163600000000055388e+03,1.591825762097140995e-01
1.163700000000055297e+03,1.573336389188326190e-01
1.163800000000055434e+03,1.554844457126972890e-01
1.163900000000055570e+03,1.536349965740985146e-01
1.164000000000055479e+03,1.517852914857146240e-01
1.164100000000055388e+03,1.497339080380911958e-01
1.164200000000055525e+03,1.476834939040908845e-01
1.164300000000055661e+03,1.456342242628873851e-01
1.164400000000055570e+03,1.435851244408321847e-01
1.164500000000055479e+03,1.415361945183009618e-01
1.164600000000055616e+03,1.394874345756769718e-01
1.164700000000055752e+03,1.374388446933610120e-01
1.164800000000055661e+03,1.353904249517613456e-01
1.164900000000055570e+03,1.333421754312845431e-01
1.165000000000055707e+03,1.312940962122988442e-01
1.165100000000055843e+03,1.291626261609250259e-01
1.165200000000055752e+03,1.270300649956995487e-01
1.165300000000055661e+03,1.248974640781643497e-01
1.165400000000055797e+03,1.227648234326262494e-01
1.165500000000055934e+03,1.206321430834043501e-01
1.165600000000055843e+03,1.184994230548207517e-01
1.165700000000055752e+03,1.163666633711899212e-01
1.165800000000055888e+03,1.142338640568295732e-01
1.165900000000056025e+03,1.121010251360691212e-01
1.166000000000055934e+03,1.099681466282884101e-01
1.166100000000055843e+03,9.897998958465874242e-02
1.166200000000055979e+03,8.798990907250721361e-02
1.166300000000056116e+03,7.699783754747914488e-02
1.166400000000056025e+03,6.600378616621181693e-02
1.166500000000055934e+03,5.500785514690458705e-02
1.166600000000056070e+03,4.401004433279590705e-02
1.166700000000056207e+03,3.301035356717124669e-02
1.166800000000056116e+03,2.200878269331375814e-02
1.166900000000056025e+03,1.100532504630761556e-02
1.167000000000056161e+03,5.728640290078990699e-12
1.167100000000056298e+03,1.020050222926713844e-02
1.167200000000056207e+03,2.040133969632873870e-02
1.167300000000056116e+03,3.060251237635819299e-02
1.167400000000056252e+03,4.080402023879692308e-02
1.167500000000056389e+03,5.100586325303641672e-02
1.167600000000056298e+03,6.120804138846489689e-02
1.167700000000056207e+03,7.141055461451358000e-02
1.167800000000056343e+03,8.161340290060997704e-02
1.167900000000056480e+03,9.181560521893160354e-02
1.168000000000056389e+03,1.020178319447875986e-01
1.168100000000056298e+03,1.038447497842235057e-01
1.168200000000056434e+03,1.056722653477831231e-01
1.168300000000056571e+03,1.075003618896777924e-01
1.168400000000056480e+03,1.093285720009293804e-01
1.168500000000056389e+03,1.111573631644378474e-01
1.168600000000056525e+03,1.129867353988755208e-01
1.168700000000056662e+03,1.148166887229046113e-01
1.168800000000056571e+03,1.166472231551856503e-01
1.168900000000056480e+03,1.184783387143854005e-01
1.169000000000056616e+03,1.203100354191646432e-01
1.169100000000056752e+03,1.221343811533661949e-01
1.169200000000056662e+03,1.239589860852444020e-01
1.169300000000056571e+03,1.257838502162782202e-01
1.169400000000056707e+03,1.276089735479457310e-01
1.169500000000056843e+03,1.294343560817155792e-01
1.169600000000056752e+03,1.312599978190555350e-01
1.169700000000056662e+03,1.330858987614403077e-01
1.169800000000056798e+03,1.349119814928755601e-01
1.169900000000056934e+03,1.367381242052222723e-01
1.170000000000056843e+03,1.385645187660376754e-01
1.170100000000056752e+03,1.403588791236597411e-01
1.170200000000056889e+03,1.421541523502815041e-01
1.170300000000057025e+03,1.439503384437874067e-01
1.170400000000056934e+03,1.457474374020575614e-01
1.170500000000056843e+03,1.475454492229760217e-01
1.170600000000056980e+03,1.493443739044231777e-01
1.170700000000057116e+03,1.511441130569381730e-01
1.170800000000057025e+03,1.529446732886141358e-01
1.170900000000056934e+03,1.547461419220185486e-01
1.171000000000057071e+03,1.565485189515641029e-01
1.171100000000057207e+03,1.581859333281429303e-01
1.171200000000057116e+03,1.598233460727034594e-01
1.171300000000057025e+03,1.614607571808214515e-01
1.171400000000057162e+03,1.630981666480717518e-01
1.171500000000057298e+03,1.647355744700216840e-01
1.171600000000057207e+03,1.663729806422387936e-01
1.171700000000057116e+03,1.680103851602970377e-01
1.171800000000057253e+03,1.696477880197711507e-01
1.171900000000057389e+03,1.712851892162276790e-01
1.172000000000057298e+03,1.729242723133982695e-01
1.172100000000057207e+03,1.744159798138348871e-01
1.172200000000057344e+03,1.759084500834404985e-01
1.172300000000057480e+03,1.774016831344249201e-01
1.172400000000057389e+03,1.788945374578224112e-01
1.172500000000057298e+03,1.803851047369016136e-01
1.172600000000057435e+03,1.818763655881215358e-01
1.172700000000057571e+03,1.833683199730254121e-01
1.172800000000057480e+03,1.848609678531519251e-01
1.172900000000057389e+03,1.863543091900426163e-01
1.173000000000057526e+03,1.878472587805818383e-01
1.173100000000057662e+03,1.890631991015854774e-01
1.173200000000057571e+03,1.902794084192988011e-01
1.173300000000057480e+03,1.914958344820541225e-01
1.173400000000057616e+03,1.927121930088627477e-01
1.173500000000057753e+03,1.939288155494452992e-01
1.173600000000057662e+03,1.951457020754425176e-01
1.173700000000057571e+03,1.963628525585003060e-01
1.173800000000057707e+03,1.975802669702627912e-01
1.173900000000057844e+03,1.987979452823676607e-01
1.174000000000057753e+03,2.000158874662522346e-01
1.174100000000057662e+03,2.008899896369053251e-01
1.174200000000057798e+03,2.017639592444551155e-01
1.174300000000057935e+03,2.026355247119477621e-01
1.174400000000057844e+03,2.035069762758135725e-01
1.174500000000057753e+03,2.043783139400242865e-01
1.174600000000057889e+03,2.052495377085520600e-01
1.174700000000058026e+03,2.061206475853660236e-01
1.174800000000057935e+03,2.069916435744351135e-01
1.174900000000057844e+03,2.078625256797327070e-01
1.175000000000057980e+03,2.087332939050531855e-01
1.175100000000058117e+03,2.092940931999384135e-01
1.175200000000058026e+03,2.098553480269305660e-01
1.175300000000057935e+03,2.104167710087407051e-01
1.175400000000058071e+03,2.109783621250385655e-01
1.175500000000058208e+03,2.115400162079327795e-01
1.175600000000058117e+03,2.121007273341177224e-01
1.175700000000058026e+03,2.126616000972022802e-01
1.175800000000058162e+03,2.132226344740261181e-01
1.175900000000058299e+03,2.137838304414258483e-01
1.176000000000058208e+03,2.143451879759617762e-01
1.176100000000058117e+03,2.144314688815797676e-01
1.176200000000058253e+03,2.145170851454801242e-01
1.176300000000058390e+03,2.146026382272026301e-01
1.176400000000058299e+03,2.146881281339786396e-01
1.176500000000058208e+03,2.147740367947075790e-01
1.176600000000058344e+03,2.148618931509841123e-01
1.176700000000058481e+03,2.149496885065891316e-01
1.176800000000058390e+03,2.150374228667830401e-01
1.176900000000058299e+03,2.151246688218965419e-01
1.177000000000058435e+03,2.152118473484177508e-01
1.177100000000058571e+03,2.149482072070896255e-01
1.177200000000058481e+03,2.146845536835227664e-01
1.177300000000058390e+03,2.144208867809416497e-01
1.177400000000058526e+03,2.141572065025703908e-01
1.177500000000058662e+03,2.138935128516354645e-01
1.177600000000058571e+03,2.136298058313626513e-01
1.177700000000058481e+03,2.133660854449762057e-01
1.177800000000058617e+03,2.131023516957009922e-01
1.177900000000058753e+03,2.128373709337987307e-01
1.178000000000058662e+03,2.125711451292963960e-01
1.178100000000058571e+03,2.118397930324787404e-01
1.178200000000058708e+03,2.111088112591796573e-01
1.178300000000058844e+03,2.103781997744494925e-01
1.178400000000058753e+03,2.096502332466384788e-01
1.178500000000058662e+03,2.089227792622127822e-01
1.178600000000058799e+03,2.081956786989240249e-01
1.178700000000058935e+03,2.074689315329553418e-01
1.178800000000058844e+03,2.067416493774534569e-01
1.178900000000058753e+03,2.060132206754049511e-01
1.179000000000058890e+03,2.052851620339662120e-01
1.179100000000059026e+03,2.042027097532398139e-01
1.179200000000058935e+03,2.031216418497210352e-01
1.179300000000058844e+03,2.020408393394471092e-01
1.179400000000058981e+03,2.009603022104810288e-01
1.179500000000059117e+03,1.998800304508878134e-01
1.179600000000059026e+03,1.988000240487319825e-01
1.179700000000058935e+03,1.977197299511803397e-01
1.179800000000059072e+03,1.966379739472406685e-01
1.179900000000059208e+03,1.955565081685242679e-01
1.180000000000059117e+03,1.944753325962317592e-01
1.180100000000059026e+03,1.930269453056038809e-01
1.180200000000059163e+03,1.915807728774838736e-01
1.180300000000059299e+03,1.901360029584367450e-01
1.180400000000059208e+03,1.886922278700592370e-01
1.180500000000059117e+03,1.872491863040167959e-01
1.180600000000059254e+03,1.858068156131122972e-01
1.180700000000059390e+03,1.843651157724173206e-01
1.180800000000059299e+03,1.829240867569976448e-01
1.180900000000059208e+03,1.814837285419063084e-01
1.181000000000059345e+03,1.800440411020305109e-01
1.181100000000059481e+03,1.783349118545619061e-01
1.181200000000059390e+03,1.766262393350278292e-01
1.181300000000059299e+03,1.749180235419203200e-01
1.181400000000059435e+03,1.732102644737268105e-01
1.181500000000059572e+03,1.715029621289385076e-01
1.181600000000059481e+03,1.697941784855973579e-01
1.181700000000059390e+03,1.680858558341809805e-01
1.181800000000059526e+03,1.663780294079127975e-01
1.181900000000059663e+03,1.646706991934757114e-01
1.182000000000059572e+03,1.629646561955619688e-01
1.182100000000059481e+03,1.610291969590332828e-01
1.182200000000059617e+03,1.590945388827159079e-01
1.182300000000059754e+03,1.571606819756992679e-01
1.182400000000059663e+03,1.552276262470632384e-01
1.182500000000059572e+03,1.532938517607973783e-01
1.182600000000059708e+03,1.513606580601720986e-01
1.182700000000059845e+03,1.494276617521563544e-01
1.182800000000059754e+03,1.474954929728515274e-01
1.182900000000059663e+03,1.455646758223569648e-01
1.183000000000059799e+03,1.436358977417154237e-01
1.183100000000059936e+03,1.415964347775181820e-01
1.183200000000059845e+03,1.395565727516892840e-01
1.183300000000059754e+03,1.375162240355397303e-01
1.183400000000059890e+03,1.354748970288895682e-01
1.183500000000060027e+03,1.334333374031197172e-01
1.183600000000059936e+03,1.313919869219767611e-01
1.183700000000059845e+03,1.293508455950833080e-01
1.183800000000059981e+03,1.273101489676200515e-01
1.183900000000060118e+03,1.252707924516615612e-01
1.184000000000060027e+03,1.232315617724418916e-01
1.184100000000059936e+03,1.211236824084839653e-01
1.184200000000060072e+03,1.190165927673000890e-01
1.184300000000060209e+03,1.169102928515251272e-01
1.184400000000060118e+03,1.148047826637823982e-01
1.184500000000060027e+03,1.127000622066755969e-01
1.184600000000060163e+03,1.105961314827973718e-01
1.184700000000060299e+03,1.084929529015409982e-01
1.184800000000060209e+03,1.063893646133092646e-01
1.184900000000060118e+03,1.042866148809241528e-01
1.185000000000060254e+03,1.021847036795967278e-01
1.185100000000060390e+03,9.197594705025230466e-02
1.185200000000060299e+03,8.176503123657839767e-02
1.185300000000060209e+03,7.155195645432452234e-02
1.185400000000060345e+03,6.133672291929126441e-02
1.185500000000060481e+03,5.111933084737633332e-02
1.185600000000060390e+03,4.089978045452837691e-02
1.185700000000060299e+03,3.067807195670026188e-02
1.185800000000060436e+03,2.045420556989581418e-02
1.185900000000060572e+03,1.022818151021616558e-02
1.186000000000060481e+03,6.498246350777191940e-12
1.186100000000060390e+03,1.074257694066432789e-02
1.186200000000060527e+03,2.148189446423861421e-02
1.186300000000060663e+03,3.221795261141147115e-02
1.186400000000060572e+03,4.295075141642899080e-02
1.186500000000060481e+03,5.368029091364210498e-02
1.186600000000060618e+03,6.440716870789246762e-02
1.186700000000060754e+03,7.513137942093309207e-02
1.186800000000060663e+03,8.585264211715076810e-02
1.186900000000060572e+03,9.657095672649411433e-02
1.187000000000060709e+03,1.072860651073374583e-01
1.187100000000060845e+03,1.090613783000866921e-01
1.187200000000060754e+03,1.108373447065423151e-01
1.187300000000060663e+03,1.126139642753740677e-01
1.187400000000060800e+03,1.143912369552378405e-01
1.187500000000060936e+03,1.161700313026525072e-01
1.187600000000060845e+03,1.179499973468989965e-01
1.187700000000060754e+03,1.197306579361899631e-01
1.187800000000060891e+03,1.215120130477573002e-01
1.187900000000061027e+03,1.232940626588134719e-01
1.188000000000060936e+03,1.250768067465365951e-01
1.188100000000060845e+03,1.268215188109273195e-01
1.188200000000060982e+03,1.285661896118134306e-01
1.188300000000061118e+03,1.303108191373433533e-01
1.188400000000061027e+03,1.320554073756655122e-01
1.188500000000060936e+03,1.338001870848901931e-01
1.188600000000061073e+03,1.355450842651616805e-01
1.188700000000061209e+03,1.372899501236450048e-01
1.188800000000061118e+03,1.390347846481535810e-01
1.188900000000061027e+03,1.407795878265085399e-01
1.189000000000061164e+03,1.425243596464949580e-01
1.189100000000061300e+03,1.442109401909344724e-01
1.189200000000061209e+03,1.458977610275707937e-01
1.189300000000061118e+03,1.475848221350558320e-01
1.189400000000061254e+03,1.492721234920377227e-01
1.189500000000061391e+03,1.509596650771527493e-01
1.189600000000061300e+03,1.526474468690341979e-01
1.189700000000061209e+03,1.543354688463181024e-01
1.189800000000061345e+03,1.560252200344825202e-01
1.189900000000061482e+03,1.577155770960889103e-01
1.190000000000061391e+03,1.594062137870546347e-01
1.190100000000061300e+03,1.609841200723251542e-01
1.190200000000061436e+03,1.625621132909537414e-01
1.190300000000061573e+03,1.641391862350837505e-01
1.190400000000061482e+03,1.657163667670421281e-01
1.190500000000061391e+03,1.672940696174407826e-01
1.190600000000061527e+03,1.688722947398711982e-01
1.190700000000061664e+03,1.704510420879118970e-01
1.190800000000061573e+03,1.720303116151354617e-01
1.190900000000061482e+03,1.736101712019872956e-01
1.191000000000061618e+03,1.751906620467456321e-01
1.191100000000061755e+03,1.765336375863197083e-01
1.191200000000061664e+03,1.778781386464003134e-01
1.191300000000061573e+03,1.792223770082009282e-01
1.191400000000061709e+03,1.805673483929132739e-01
1.191500000000061846e+03,1.819125882712274989e-01
1.191600000000061755e+03,1.832575879130250440e-01
1.191700000000061664e+03,1.846023473166791828e-01
1.191800000000061800e+03,1.859468664805638827e-01
1.191900000000061937e+03,1.872911454030490308e-01
1.192000000000061846e+03,1.886351840823754789e-01
1.192100000000061755e+03,1.897660403381068173e-01
1.192200000000061891e+03,1.908967426228909137e-01
1.192300000000062028e+03,1.920274190784331814e-01
1.192400000000061937e+03,1.931582803311118479e-01
1.192500000000061846e+03,1.942893263563030271e-01
1.192600000000061982e+03,1.954205571293805566e-01
1.192700000000062118e+03,1.965519726257118904e-01
1.192800000000062028e+03,1.976835728206609855e-01
1.192900000000061937e+03,1.988153576895958508e-01
1.193000000000062073e+03,1.999493480415512892e-01
1.193100000000062209e+03,2.007752500346572377e-01
1.193200000000062118e+03,2.016011972774441885e-01
1.193300000000062028e+03,2.024271897620331662e-01
1.193400000000062164e+03,2.032532274805442518e-01
1.193500000000062300e+03,2.040793104250930579e-01
1.193600000000062209e+03,2.049054385877950024e-01
1.193700000000062118e+03,2.057316119607688343e-01
1.193800000000062255e+03,2.065578305361324141e-01
1.193900000000062391e+03,2.073840943059995501e-01
1.194000000000062300e+03,2.082105412474399564e-01
1.194100000000062209e+03,2.086535024352991763e-01
1.194200000000062346e+03,2.090962718322786074e-01
1.194300000000062482e+03,2.095388494465596774e-01
1.194400000000062391e+03,2.099813363960756074e-01
1.194500000000062300e+03,2.104239545978325021e-01
1.194600000000062437e+03,2.108663828209741131e-01
1.194700000000062573e+03,2.113086210725212966e-01
1.194800000000062482e+03,2.117506693594965184e-01
1.194900000000062391e+03,2.121925276889265188e-01
1.195000000000062528e+03,2.126341960676323417e-01
1.195100000000062664e+03,2.127463309324072738e-01
1.195200000000062573e+03,2.128584571654351110e-01
1.195300000000062482e+03,2.129705747664195070e-01
1.195400000000062619e+03,2.130826837350643377e-01
1.195500000000062755e+03,2.131947840710720077e-01
1.195600000000062664e+03,2.133068757741467814e-01
1.195700000000062573e+03,2.134189588439917018e-01
1.195800000000062710e+03,2.135310332803116440e-01
1.195900000000062846e+03,2.136430990828088461e-01
1.196000000000062755e+03,2.137551562509496794e-01
1.196100000000062664e+03,2.134879567267864431e-01
1.196200000000062801e+03,2.132207771048476030e-01
1.196300000000062937e+03,2.129536173857137782e-01
1.196400000000062846e+03,2.126865183369088252e-01
1.196500000000062755e+03,2.124194474076642747e-01
1.196600000000062892e+03,2.121515316514645255e-01
1.196700000000063028e+03,2.118820267943326008e-01
1.196800000000062937e+03,2.116125478407563099e-01
1.196900000000062846e+03,2.113430947910645841e-01
1.197000000000062983e+03,2.110736676453223160e-01
1.197100000000063119e+03,2.103844625215119113e-01
1.197200000000063028e+03,2.096955809346503774e-01
1.197300000000062937e+03,2.090070228585898249e-01
1.197400000000063073e+03,2.083187882671806712e-01
1.197500000000063210e+03,2.076297955734988931e-01
1.197600000000063119e+03,2.069380656143896546e-01
1.197700000000063028e+03,2.062466864910374453e-01
1.197800000000063164e+03,2.055556581588868781e-01
1.197900000000063301e+03,2.048649435849945466e-01
1.198000000000063210e+03,2.041742055437680559e-01
1.198100000000063119e+03,2.031423599691564996e-01
1.198200000000063255e+03,2.021108898516365271e-01
1.198300000000063392e+03,2.010797951480735313e-01
1.198400000000063301e+03,2.000492871243992610e-01
1.198500000000063210e+03,1.990212681145138718e-01
1.198600000000063346e+03,1.979936005298822133e-01
1.198700000000063483e+03,1.969662843371783045e-01
1.198800000000063392e+03,1.959393195030738333e-01
1.198900000000063301e+03,1.949127059942352413e-01
1.199000000000063437e+03,1.938864437771415927e-01
1.199100000000063574e+03,1.925680375704025560e-01
1.199200000000063483e+03,1.912496531327783911e-01
1.199300000000063392e+03,1.899312904781717548e-01
1.199400000000063528e+03,1.886129496204862754e-01
1.199500000000063665e+03,1.872946305736312156e-01
1.199600000000063574e+03,1.859760005940666872e-01
1.199700000000063483e+03,1.846571983213442236e-01
1.199800000000063619e+03,1.833384254598725560e-01
1.199900000000063756e+03,1.820196820233233592e-01
1.200000000000063665e+03,1.807009680251855099e-01
1.200100000000063574e+03,1.790949473904131506e-01
1.200200000000063710e+03,1.774891583266722250e-01
1.200300000000063847e+03,1.758853119321531489e-01
1.200400000000063756e+03,1.742820089758887747e-01
1.200500000000063665e+03,1.726789003122325972e-01
1.200600000000063801e+03,1.710759859353912782e-01
1.200700000000063937e+03,1.694737953620201465e-01
1.200800000000063847e+03,1.678732279960868379e-01
1.200900000000063756e+03,1.662728175085793625e-01
1.201000000000063892e+03,1.646725638977502570e-01
1.201100000000064028e+03,1.628471093861383057e-01
1.201200000000063937e+03,1.610220718278340957e-01
1.201300000000063847e+03,1.591974512124488816e-01
1.201400000000063983e+03,1.573733048879514540e-01
1.201500000000064119e+03,1.555502578723840790e-01
1.201600000000064028e+03,1.537278767960525427e-01
1.201700000000063937e+03,1.519074208904155621e-01
1.201800000000064074e+03,1.500873215129527316e-01
1.201900000000064210e+03,1.482675786718339606e-01
1.202000000000064119e+03,1.464481923751474457e-01
1.202100000000064028e+03,1.445042077357608923e-01
1.202200000000064165e+03,1.425601050370851053e-01
1.202300000000064301e+03,1.406158842832831990e-01
1.202400000000064210e+03,1.386715454785191481e-01
1.202500000000064119e+03,1.367271023149907172e-01
1.202600000000064256e+03,1.347841037907416828e-01
1.202700000000064392e+03,1.328409417334631970e-01
1.202800000000064301e+03,1.308976161431832097e-01
1.202900000000064210e+03,1.289541270199213441e-01
1.203000000000064347e+03,1.270104743636714384e-01
1.203100000000064483e+03,1.250228964577103641e-01
1.203200000000064392e+03,1.230344922318732659e-01
1.203300000000064301e+03,1.210450430572442143e-01
1.203400000000064438e+03,1.190546484217758633e-01
1.203500000000064574e+03,1.170634387325091008e-01
1.203600000000064483e+03,1.150714139469302816e-01
1.203700000000064392e+03,1.130785740225216385e-01
1.203800000000064529e+03,1.110849189167703310e-01
1.203900000000064665e+03,1.090908499875360843e-01
1.204000000000064574e+03,1.070968095227272932e-01
1.204100000000064483e+03,9.640965121502627355e-02
1.204200000000064620e+03,8.571748910933051080e-02
1.204300000000064756e+03,7.502032274276042301e-02
1.204400000000064665e+03,6.431815165245852173e-02
1.204500000000064574e+03,5.361097537554029846e-02
1.204600000000064711e+03,4.289879344914280385e-02
1.204700000000064847e+03,3.218160541047382361e-02
1.204800000000064756e+03,2.145941079676245630e-02
1.204900000000064665e+03,1.073220914521111000e-02
1.205000000000064801e+03,6.637371484584504259e-12
1.205100000000064938e+03,1.024429910842958140e-02
1.205200000000064847e+03,2.049190464510035337e-02
1.205300000000064756e+03,3.074281690156488792e-02
1.205400000000064892e+03,4.099703616272121209e-02
1.205500000000065029e+03,5.125456271340347869e-02
1.205600000000064938e+03,6.151539683842892348e-02
1.205700000000064847e+03,7.177985338744249932e-02
1.205800000000064983e+03,8.204803361293847019e-02
1.205900000000065120e+03,9.231969380823744353e-02
1.206000000000065029e+03,1.025948343362624304e-01
1.206100000000064938e+03,1.043059625551294861e-01
1.206200000000065074e+03,1.060181877954830126e-01
1.206300000000065211e+03,1.077315612623342966e-01
1.206400000000065120e+03,1.094454628912680388e-01
1.206500000000065029e+03,1.111598927453996827e-01
1.206600000000065165e+03,1.128748508878452267e-01
1.206700000000065302e+03,1.145890963068991880e-01
1.206800000000065211e+03,1.163037334800163108e-01
1.206900000000065120e+03,1.180188591028841494e-01
1.207000000000065256e+03,1.197346914188066602e-01
1.207100000000065393e+03,1.214620197933310025e-01
1.207200000000065302e+03,1.231900055074954259e-01
1.207300000000065211e+03,1.249186486388956241e-01
1.207400000000065347e+03,1.266479492651263750e-01
1.207500000000065484e+03,1.283779074637741435e-01
1.207600000000065393e+03,1.301085233124241181e-01
1.207700000000065302e+03,1.318397968886689253e-01
1.207800000000065438e+03,1.335717282701003317e-01
1.207900000000065575e+03,1.353043175343012494e-01
1.208000000000065484e+03,1.370375647588280288e-01
1.208100000000065393e+03,1.387318738192458989e-01
1.208200000000065529e+03,1.404269815081669315e-01
1.208300000000065666e+03,1.421228879223520314e-01
1.208400000000065575e+03,1.438195931585604936e-01
1.208500000000065484e+03,1.455170973135577195e-01
1.208600000000065620e+03,1.472154004841079167e-01
1.208700000000065756e+03,1.489145027669658006e-01
1.208800000000065666e+03,1.506144641421602037e-01
1.208900000000065575e+03,1.523156021492300949e-01
1.209000000000065711e+03,1.540175493127194373e-01
1.209100000000065847e+03,1.556185974193561861e-01
1.209200000000065756e+03,1.572203649105975154e-01
1.209300000000065666e+03,1.588228518706649162e-01
1.209400000000065802e+03,1.604260583837795184e-01
1.209500000000065938e+03,1.620299845341521550e-01
1.209600000000065847e+03,1.636346304059928536e-01
1.209700000000065756e+03,1.652399960835175818e-01
1.209800000000065893e+03,1.668452054419605479e-01
1.209900000000066029e+03,1.684525126164937714e-01
1.210000000000065938e+03,1.700606006936241088e-01
1.210100000000065847e+03,1.715015197094610366e-01
1.210200000000065984e+03,1.729428793041067336e-01
1.210300000000066120e+03,1.743846795188398191e-01
1.210400000000066029e+03,1.758269203949358317e-01
1.210500000000065938e+03,1.772696019736745010e-01
1.210600000000066075e+03,1.787127242963321427e-01
1.210700000000066211e+03,1.801556248497836465e-01
1.210800000000066120e+03,1.815985825725897618e-01
1.210900000000066029e+03,1.830419646099029352e-01
1.211000000000066166e+03,1.844857709954239033e-01
1.211100000000066302e+03,1.857057288506140935e-01
1.211200000000066211e+03,1.869264496263805808e-01
1.211300000000066120e+03,1.881489103336760060e-01
1.211400000000066257e+03,1.893715507735754533e-01
1.211500000000066393e+03,1.905943709500873273e-01
1.211600000000066302e+03,1.918173708672166466e-01
1.211700000000066211e+03,1.930405505289735923e-01
1.211800000000066348e+03,1.942639099393648761e-01
1.211900000000066484e+03,1.954874491023907701e-01
1.212000000000066393e+03,1.967113629228987581e-01
1.212100000000066302e+03,1.976619485341706561e-01
1.212200000000066439e+03,1.986125309361226610e-01
1.212300000000066575e+03,1.995631101119329509e-01
1.212400000000066484e+03,2.005136860447788716e-01
1.212500000000066393e+03,2.014642587178415711e-01
1.212600000000066530e+03,2.024148281143025030e-01
1.212700000000066666e+03,2.033653942173381801e-01
1.212800000000066575e+03,2.043159570101243938e-01
1.212900000000066484e+03,2.052665164758420424e-01
1.213000000000066620e+03,2.062162353679601046e-01
1.213100000000066757e+03,2.068581036844444332e-01
1.213200000000066666e+03,2.074999059335919382e-01
1.213300000000066575e+03,2.081416420928720312e-01
1.213400000000066711e+03,2.087833121397567882e-01
1.213500000000066848e+03,2.094249160517152875e-01
1.213600000000066757e+03,2.100664538062183284e-01
1.213700000000066666e+03,2.107079253807418728e-01
1.213800000000066802e+03,2.113493307527618548e-01
1.213900000000066939e+03,2.119906698997532368e-01
1.214000000000066848e+03,2.126297310620895720e-01
1.214100000000066757e+03,2.129308984465171084e-01
1.214200000000066893e+03,2.132320055368193967e-01
1.214300000000067030e+03,2.135330523239517830e-01
1.214400000000066939e+03,2.138332220604171885e-01
1.214500000000066848e+03,2.141316516929870628e-01
1.214600000000066984e+03,2.144300142163073630e-01
1.214700000000067121e+03,2.147283096243951528e-01
1.214800000000067030e+03,2.150259570478443572e-01
1.214900000000066939e+03,2.153232602081165958e-01
1.215000000000067075e+03,2.156204938666139992e-01
1.215100000000067212e+03,2.155639294242149839e-01
1.215200000000067121e+03,2.155073713799990909e-01
1.215300000000067030e+03,2.154508197345708087e-01
1.215400000000067166e+03,2.153942744885345983e-01
1.215500000000067303e+03,2.153377356424954203e-01
1.215600000000067212e+03,2.152812031970582074e-01
1.215700000000067121e+03,2.152246771528267544e-01
1.215800000000067257e+03,2.151697460379223548e-01
1.215900000000067394e+03,2.151157379291244731e-01
1.216000000000067303e+03,2.150617347317520245e-01
1.216100000000067212e+03,2.146499873736471831e-01
1.216200000000067348e+03,2.142383270298058029e-01
1.216300000000067485e+03,2.138254651600539347e-01
1.216400000000067394e+03,2.134126833861869910e-01
1.216500000000067303e+03,2.129999817133911011e-01
1.216600000000067439e+03,2.125873601468534213e-01
1.216700000000067575e+03,2.121760651150925436e-01
1.216800000000067485e+03,2.117660669953136676e-01
1.216900000000067394e+03,2.113561392228344160e-01
1.217000000000067530e+03,2.109462818064233303e-01
1.217100000000067666e+03,2.101877728187172556e-01
1.217200000000067575e+03,2.094293713570274384e-01
1.217300000000067485e+03,2.086710774351955566e-01
1.217400000000067621e+03,2.079128910670607344e-01
1.217500000000067757e+03,2.071548122664623459e-01
1.217600000000067666e+03,2.063968410472373227e-01
1.217700000000067575e+03,2.056389774232169065e-01
1.217800000000067712e+03,2.048812214082289807e-01
1.217900000000067848e+03,2.041235730161018724e-01
1.218000000000067757e+03,2.033660322604417259e-01
1.218100000000067666e+03,2.022822331940013485e-01
1.218200000000067803e+03,2.011983357539497141e-01
1.218300000000067939e+03,2.001145420913632844e-01
1.218400000000067848e+03,1.990308522219117748e-01
1.218500000000067757e+03,1.979478325068195488e-01
1.218600000000067894e+03,1.968666373958186111e-01
1.218700000000068030e+03,1.957855207061859337e-01
1.218800000000067939e+03,1.947044824607518931e-01
1.218900000000067848e+03,1.936235226823393718e-01
1.219000000000067985e+03,1.925441670559392970e-01
1.219100000000068121e+03,1.911754184374023502e-01
1.219200000000068030e+03,1.898066499397547957e-01
1.219300000000067939e+03,1.884378615928195277e-01
1.219400000000068076e+03,1.870687997469167307e-01
1.219500000000068212e+03,1.856978145909522482e-01
1.219600000000068121e+03,1.843268418041831835e-01
1.219700000000068030e+03,1.829558814103883768e-01
1.219800000000068167e+03,1.815849334333447529e-01
1.219900000000068303e+03,1.802128415942446105e-01
1.220000000000068212e+03,1.788398486140848898e-01
1.220100000000068121e+03,1.772248225441227509e-01
1.220200000000068258e+03,1.756097360447509415e-01
1.220300000000068394e+03,1.739945891350359597e-01
1.220400000000068303e+03,1.723793818340445816e-01
1.220500000000068212e+03,1.707642630487307134e-01
1.220600000000068349e+03,1.691497082726283463e-01
1.220700000000068485e+03,1.675350783715203185e-01
1.220800000000068394e+03,1.659203733634965483e-01
1.220900000000068303e+03,1.643055932666404595e-01
1.221000000000068439e+03,1.626907380989115193e-01
1.221100000000068576e+03,1.608921200768712312e-01
1.221200000000068485e+03,1.590932997909781377e-01
1.221300000000068394e+03,1.572942772569977665e-01
1.221400000000068530e+03,1.554950524907008080e-01
1.221500000000068667e+03,1.536956255078696654e-01
1.221600000000068576e+03,1.518959963242913491e-01
1.221700000000068485e+03,1.500961649557489841e-01
1.221800000000068621e+03,1.482961314180296086e-01
1.221900000000068758e+03,1.464958957269330841e-01
1.222000000000068667e+03,1.446954578981819173e-01
1.222100000000068576e+03,1.427774137652698117e-01
1.222200000000068712e+03,1.408590839743808498e-01
1.222300000000068849e+03,1.389403979650335186e-01
1.222400000000068758e+03,1.370213557399314053e-01
1.222500000000068667e+03,1.351019573017772923e-01
1.222600000000068803e+03,1.331822026532809289e-01
1.222700000000068940e+03,1.312620917971681622e-01
1.222800000000068849e+03,1.293416247361725002e-01
1.222900000000068758e+03,1.274208014730254246e-01
1.223000000000068894e+03,1.254996220104341309e-01
1.223100000000069031e+03,1.235307536061691219e-01
1.223200000000068940e+03,1.215608997489478899e-01
1.223300000000068849e+03,1.195906439321246240e-01
1.223400000000068985e+03,1.176199861587242657e-01
1.223500000000069122e+03,1.156489264317880489e-01
1.223600000000069031e+03,1.136774647543652150e-01
1.223700000000068940e+03,1.117056011295031320e-01
1.223800000000069076e+03,1.097333355602574806e-01
1.223900000000069213e+03,1.077606680496999148e-01
1.224000000000069122e+03,1.057881757106660242e-01
1.224100000000069031e+03,9.522078509017838088e-02
1.224200000000069167e+03,8.465049750914040161e-02
1.224300000000069303e+03,7.407776003707669532e-02
1.224400000000069213e+03,6.350257266451178606e-02
1.224500000000069122e+03,5.292493538197465958e-02
1.224600000000069258e+03,4.234484818004657924e-02
1.224700000000069394e+03,3.176231104940941546e-02
1.224800000000069303e+03,2.117732398079736483e-02
1.224900000000069213e+03,1.058984509776843622e-02
1.225000000000069349e+03,0.000000000000000000e+00
1.225100000000069485e+03,0.000000000000000000e+00
1.225200000000069394e+03,0.000000000000000000e+00
1.225300000000069303e+03,0.000000000000000000e+00
1.225400000000069440e+03,0.000000000000000000e+00
1.225500000000069576e+03,0.000000000000000000e+00
1.225600000000069485e+03,0.000000000000000000e+00
1.225700000000069394e+03,0.000000000000000000e+00
1.225800000000069531e+03,0.000000000000000000e+00
1.225900000000069667e+03,0.000000000000000000e+00
1.226000000000069576e+03,8.435266814356133155e-12
1.226100000000069485e+03,1.212464010750941880e-02
1.226200000000069622e+03,2.425103646986674286e-02
1.226300000000069758e+03,3.637946186593641468e-02
1.226400000000069667e+03,4.851002385633007563e-02
1.226500000000069576e+03,6.064262311239466269e-02
1.226600000000069713e+03,7.277725958212243051e-02
1.226700000000069849e+03,8.491385222233578667e-02
1.226800000000069758e+03,9.705142634822783165e-02
1.226900000000069667e+03,1.091907561457298725e-01
1.227000000000069804e+03,1.213318415138692624e-01
1.227100000000069940e+03,1.229963034034451397e-01
1.227200000000069849e+03,1.246608986182327766e-01
1.227300000000069758e+03,1.263251320853050474e-01
1.227400000000069895e+03,1.279894012276714677e-01
1.227500000000070031e+03,1.296537884067564816e-01
1.227600000000069940e+03,1.313182936077908758e-01
1.227700000000069849e+03,1.329829168160100716e-01
1.227800000000069986e+03,1.346476580166473258e-01
1.227900000000070122e+03,1.363125171949243486e-01
1.228000000000070031e+03,1.379774943360259354e-01
1.228100000000069940e+03,1.395919662785828907e-01
1.228200000000070077e+03,1.412053801736717074e-01
1.228300000000070213e+03,1.428187140701196178e-01
1.228400000000070122e+03,1.444319679567490911e-01
1.228500000000070031e+03,1.460451418223900899e-01
1.228600000000070168e+03,1.476582356558733267e-01
1.228700000000070304e+03,1.492712494460216310e-01
1.228800000000070213e+03,1.508841831816590540e-01
1.228900000000070122e+03,1.524970368516168628e-01
1.229000000000070258e+03,1.541098104446561867e-01
1.229100000000070395e+03,1.556214570752734450e-01
1.229200000000070304e+03,1.571328518608709757e-01
1.229300000000070213e+03,1.586439947949276341e-01
1.229400000000070349e+03,1.601548858709265777e-01
1.229500000000070486e+03,1.616655250823461898e-01
1.229600000000070395e+03,1.631759124226688784e-01
1.229700000000070304e+03,1.646860478853870990e-01
1.229800000000070440e+03,1.661959314639963881e-01
1.229900000000070577e+03,1.677058152687381787e-01
1.230000000000070486e+03,1.692171578861764447e-01
1.230100000000070395e+03,1.705785166702203925e-01
1.230200000000070531e+03,1.719395462547578801e-01
1.230300000000070668e+03,1.733002466216272686e-01
1.230400000000070577e+03,1.746583308461269746e-01
1.230500000000070486e+03,1.760142766688669869e-01
1.230600000000070622e+03,1.773698304075146670e-01
1.230700000000070759e+03,1.787249920711848628e-01
1.230800000000070668e+03,1.800797616689975011e-01
1.230900000000070577e+03,1.814341392100836947e-01
1.231000000000070713e+03,1.827881247034442991e-01
1.231100000000070850e+03,1.839496187337805455e-01
1.231200000000070759e+03,1.851107375614916561e-01
1.231300000000070668e+03,1.862724216634022434e-01
1.231400000000070804e+03,1.874349673920452375e-01
1.231500000000070941e+03,1.885971648168783266e-01
1.231600000000070850e+03,1.897590139326484071e-01
1.231700000000070759e+03,1.909205147341140330e-01
1.231800000000070895e+03,1.920816672160385041e-01
1.231900000000071032e+03,1.932424713731853705e-01
1.232000000000070941e+03,1.944029272001615294e-01
1.232100000000070850e+03,1.953343575357635309e-01
1.232200000000070986e+03,1.962655618727401352e-01
1.232300000000071122e+03,1.971976955682017973e-01
1.232400000000071032e+03,1.981301068282989852e-01
1.232500000000070941e+03,1.990623076102602529e-01
1.232600000000071077e+03,1.999942979034287638e-01
1.232700000000071213e+03,2.009260776971488194e-01
1.232800000000071122e+03,2.018576469807676077e-01
1.232900000000071032e+03,2.027886127265089988e-01
1.233000000000071168e+03,2.037191753585574361e-01
1.233100000000071304e+03,2.043885734679053712e-01
1.233200000000071213e+03,2.050557691359880530e-01
1.233300000000071122e+03,2.057228694692420368e-01
1.233400000000071259e+03,2.063898744658079210e-01
1.233500000000071395e+03,2.070567841238224738e-01
1.233600000000071304e+03,2.077235984414249337e-01
1.233700000000071213e+03,2.083903174167573702e-01
1.233800000000071350e+03,2.090569410479638235e-01
1.233900000000071486e+03,2.097234693331855582e-01
1.234000000000071395e+03,2.103897854735907735e-01
1.234100000000071304e+03,2.107591704144662625e-01
1.234200000000071441e+03,2.111285234904720087e-01
1.234300000000071577e+03,2.114978447002985040e-01
1.234400000000071486e+03,2.118671340426367955e-01
1.234500000000071395e+03,2.122375796224442168e-01
1.234600000000071532e+03,2.126092700240951872e-01
1.234700000000071668e+03,2.129809371644704741e-01
1.234800000000071577e+03,2.133526828808058884e-01
1.234900000000071486e+03,2.137252826416790319e-01
1.235000000000071623e+03,2.140978625456545215e-01
1.235100000000071759e+03,2.141429490089714338e-01
1.235200000000071668e+03,2.141880306671969103e-01
1.235300000000071577e+03,2.142331075201297508e-01
1.235400000000071714e+03,2.142764223346747543e-01
1.235500000000071850e+03,2.143165240648376435e-01
1.235600000000071759e+03,2.143566189012552359e-01
1.235700000000071668e+03,2.143967068440604806e-01
1.235800000000071805e+03,2.144367878933856331e-01
1.235900000000071941e+03,2.144768620493637534e-01
1.236000000000071850e+03,2.145169293118800447e-01
1.236100000000071759e+03,2.142126914070585919e-01
1.236200000000071896e+03,2.139085175842852793e-01
1.236300000000072032e+03,2.136044078393524170e-01
1.236400000000071941e+03,2.133003621680511774e-01
1.236500000000071850e+03,2.129963805661722331e-01
1.236600000000071987e+03,2.126924630295049246e-01
1.236700000000072123e+03,2.123886095538400354e-01
1.236800000000072032e+03,2.120848201349677942e-01
1.236900000000071941e+03,2.117810947686770973e-01
1.237000000000072077e+03,2.114774334505180875e-01
1.237100000000072214e+03,2.108433879406194089e-01
1.237200000000072123e+03,2.102097051996384691e-01
1.237300000000072032e+03,2.095783484045709300e-01
1.237400000000072168e+03,2.089471073928043376e-01
1.237500000000072305e+03,2.083159821584266713e-01
1.237600000000072214e+03,2.076849726955251885e-01
1.237700000000072123e+03,2.070528054390874673e-01
1.237800000000072259e+03,2.064196391221615745e-01
1.237900000000072396e+03,2.057866031205801693e-01
1.238000000000072305e+03,2.051536974246959966e-01
1.238100000000072214e+03,2.042244849991923239e-01
1.238200000000072350e+03,2.032952816547509145e-01
1.238300000000072487e+03,2.023660874062399306e-01
1.238400000000072396e+03,2.014370090438295791e-01
1.238500000000072305e+03,2.005084071313196492e-01
1.238600000000072441e+03,1.995788802941600992e-01
1.238700000000072578e+03,1.986479876346806395e-01
1.238800000000072487e+03,1.977171202432389530e-01
1.238900000000072396e+03,1.967862781361114088e-01
1.239000000000072532e+03,1.958554433510228399e-01
1.239100000000072669e+03,1.946519582014572813e-01
1.239200000000072578e+03,1.934482910986216886e-01
1.239300000000072487e+03,1.922444056738215057e-01
1.239400000000072623e+03,1.910401216234095811e-01
1.239500000000072760e+03,1.898362581165407570e-01
1.239600000000072669e+03,1.886338005457066647e-01
1.239700000000072578e+03,1.874311367928345740e-01
1.239800000000072714e+03,1.862282669223509490e-01
1.239900000000072851e+03,1.850251909986840582e-01
1.240000000000072760e+03,1.838204008887660557e-01
1.240100000000072669e+03,1.823556198259385364e-01
1.240200000000072805e+03,1.808910128261620454e-01
1.240300000000072941e+03,1.794266737213493224e-01
1.240400000000072851e+03,1.779624023006527445e-01
1.240500000000072760e+03,1.764966961761452180e-01
1.240600000000072896e+03,1.750307874980852052e-01
1.240700000000073032e+03,1.735648093368032108e-01
1.240800000000072941e+03,1.720987617536711423e-01
1.240900000000072851e+03,1.706326448100489168e-01
1.241000000000072987e+03,1.691664585671308341e-01
1.241100000000073123e+03,1.674814384576556736e-01
1.241200000000073032e+03,1.657966920215225015e-01
1.241300000000072941e+03,1.641121933875647754e-01
1.241400000000073078e+03,1.624261100078232267e-01
1.241500000000073214e+03,1.607403391995154696e-01
1.241600000000073123e+03,1.590548809417726694e-01
1.241700000000073032e+03,1.573697352137183592e-01
1.241800000000073169e+03,1.556857130506328346e-01
1.241900000000073305e+03,1.540029707466681608e-01
1.242000000000073214e+03,1.523205019843211772e-01
1.242100000000073123e+03,1.505055905087941404e-01
1.242200000000073260e+03,1.486907299353863454e-01
1.242300000000073396e+03,1.468744128661810810e-01
1.242400000000073305e+03,1.450579891017439171e-01
1.242500000000073214e+03,1.432416583726571768e-01
1.242600000000073351e+03,1.414254207223394066e-01
1.242700000000073487e+03,1.396097942254054813e-01
1.242800000000073396e+03,1.377953358142275930e-01
1.242900000000073305e+03,1.359809285948280766e-01
1.243000000000073442e+03,1.341665726079477039e-01
1.243100000000073578e+03,1.322855987848252091e-01
1.243200000000073487e+03,1.304031638157176487e-01
1.243300000000073396e+03,1.285200782295101429e-01
1.243400000000073533e+03,1.266367184636966181e-01
1.243500000000073669e+03,1.247530846576650893e-01
1.243600000000073578e+03,1.228691769507913450e-01
1.243700000000073487e+03,1.209849954824311069e-01
1.243800000000073624e+03,1.191005403919281336e-01
1.243900000000073760e+03,1.172158118186227144e-01
1.244000000000073669e+03,1.153308098947305321e-01
1.244100000000073578e+03,1.037909143084165264e-01
1.244200000000073715e+03,9.225253303150918183e-02
1.244300000000073851e+03,8.071566608102033469e-02
1.244400000000073760e+03,6.918031347394849873e-02
1.244500000000073669e+03,5.764647522722703837e-02
1.244600000000073805e+03,4.611415135777666152e-02
1.244700000000073942e+03,3.458334188255727387e-02
1.244800000000073851e+03,2.305404681851611765e-02
1.244900000000073760e+03,1.152626618253504293e-02
1.245000000000073896e+03,0.000000000000000000e+00
1.245100000000074033e+03,0.000000000000000000e+00
1.245200000000073942e+03,0.000000000000000000e+00
1.245300000000073851e+03,0.000000000000000000e+00
1.245400000000073987e+03,0.000000000000000000e+00
1.245500000000074124e+03,0.000000000000000000e+00
1.245600000000074033e+03,0.000000000000000000e+00
1.245700000000073942e+03,0.000000000000000000e+00
1.245800000000074078e+03,0.000000000000000000e+00
1.245900000000074215e+03,0.000000000000000000e+00
1.246000000000074124e+03,8.127866887327095423e-12
1.246100000000074033e+03,1.096496539041585602e-02
1.246200000000074169e+03,2.192934815209958074e-02
1.246300000000074306e+03,3.289314809863286976e-02
1.246400000000074215e+03,4.385636503548348553e-02
1.246500000000074124e+03,5.481899876818281669e-02
1.246600000000074260e+03,6.578104910227611235e-02
1.246700000000074397e+03,7.674251584327254627e-02
1.246800000000074306e+03,8.770339879669514227e-02
1.246900000000074215e+03,9.866369776813062320e-02
1.247000000000074351e+03,1.096234125562030870e-01
1.247100000000074488e+03,1.111994838219407949e-01
1.247200000000074397e+03,1.127750520278057583e-01
1.247300000000074306e+03,1.143503368381564300e-01
1.247400000000074442e+03,1.159253386610343273e-01
1.247500000000074579e+03,1.175000575114886758e-01
1.247600000000074488e+03,1.190744934045700060e-01
1.247700000000074397e+03,1.206486463553369803e-01
1.247800000000074533e+03,1.222225163788486085e-01
1.247900000000074670e+03,1.237961034901589874e-01
1.248000000000074579e+03,1.253694077042991628e-01
1.248100000000074488e+03,1.269109438003863388e-01
1.248200000000074624e+03,1.284517026739494527e-01
1.248300000000074760e+03,1.299916844360936852e-01
1.248400000000074670e+03,1.315308891979256323e-01
1.248500000000074579e+03,1.330693170705612438e-01
1.248600000000074715e+03,1.346069681651194949e-01
1.248700000000074851e+03,1.361438425927131435e-01
1.248800000000074760e+03,1.376799404644585834e-01
1.248900000000074670e+03,1.392152618914802575e-01
1.249000000000074806e+03,1.407498069848832078e-01
1.249100000000074942e+03,1.422532741575682214e-01
1.249200000000074851e+03,1.437555046816390847e-01
1.249300000000074760e+03,1.452574578418092677e-01
1.249400000000074897e+03,1.467591336481707254e-01
1.249500000000075033e+03,1.482605321108099172e-01
1.249600000000074942e+03,1.497631356446620376e-01
1.249700000000074851e+03,1.512657561093178893e-01
1.249800000000074988e+03,1.527681344201980151e-01
1.249900000000075124e+03,1.542702705838500943e-01
1.250000000000075033e+03,1.557716469605472109e-01
1.250100000000074942e+03,1.571701709963290450e-01
1.250200000000075079e+03,1.585683560008945003e-01
1.250300000000075215e+03,1.599662019978792538e-01
1.250400000000075124e+03,1.613637090109219518e-01
1.250500000000075033e+03,1.627622437047541171e-01
1.250600000000075170e+03,1.641609974338631428e-01
1.250700000000075306e+03,1.655585184820422828e-01
1.250800000000075215e+03,1.669552593996794787e-01
1.250900000000075124e+03,1.683516709022395696e-01
1.251000000000075261e+03,1.697477530151550451e-01
1.251100000000075397e+03,1.709835800213352908e-01
1.251200000000075306e+03,1.722188247167420749e-01
1.251300000000075215e+03,1.734534871682736623e-01
1.251400000000075352e+03,1.746875674428348679e-01
1.251500000000075488e+03,1.759210656073303958e-01
1.251600000000075397e+03,1.771539817286709451e-01
1.251700000000075306e+03,1.783863158737785115e-01
1.251800000000075443e+03,1.796180121909488614e-01
1.251900000000075579e+03,1.808470736654430033e-01
1.252000000000075488e+03,1.820755244714945265e-01
1.252100000000075397e+03,1.831635369953098502e-01
1.252200000000075534e+03,1.842515278417272973e-01
1.252300000000075670e+03,1.853404956775407120e-01
1.252400000000075579e+03,1.864306232330524837e-01
1.252500000000075488e+03,1.875207546563972816e-01
1.252600000000075624e+03,1.886108899224662183e-01
1.252700000000075761e+03,1.897010290061445781e-01
1.252800000000075670e+03,1.907891746980438508e-01
1.252900000000075579e+03,1.918770715165742102e-01
1.253000000000075715e+03,1.929649464325167985e-01
1.253100000000075852e+03,1.938102116836643851e-01
1.253200000000075761e+03,1.946560255574575904e-01
1.253300000000075670e+03,1.955031610133194653e-01
1.253400000000075806e+03,1.963501093454710633e-01
1.253500000000075943e+03,1.971968705611858719e-01
1.253600000000075852e+03,1.980434446677390159e-01
1.253700000000075761e+03,1.988880488254250456e-01
1.253800000000075897e+03,1.997319100175926065e-01
1.253900000000076034e+03,2.005755641578020054e-01
1.254000000000075943e+03,2.014190112569060609e-01
1.254100000000075852e+03,2.020163396158459468e-01
1.254200000000075988e+03,2.026159373660141316e-01
1.254300000000076125e+03,2.032159043905286955e-01
1.254400000000076034e+03,2.038157936243710500e-01
1.254500000000075943e+03,2.044156050645311862e-01
1.254600000000076079e+03,2.050138095696121543e-01
1.254700000000076216e+03,2.056110600722422244e-01
1.254800000000076125e+03,2.062082185458361805e-01
1.254900000000076034e+03,2.068052849881200084e-01
1.255000000000076170e+03,2.074021641722010312e-01
1.255100000000076307e+03,2.077498131414473315e-01
1.255200000000076216e+03,2.080973367537850560e-01
1.255300000000076125e+03,2.084449067413877699e-01
1.255400000000076261e+03,2.087925230851267744e-01
1.255500000000076398e+03,2.091401857658702068e-01
1.255600000000076307e+03,2.094878947644847889e-01
1.255700000000076216e+03,2.098356500618385745e-01
1.255800000000076352e+03,2.101834516387984519e-01
1.255900000000076489e+03,2.105312994762279233e-01
1.256000000000076398e+03,2.108815219137357977e-01
1.256100000000076307e+03,2.108935388192135774e-01
1.256200000000076443e+03,2.109055498137209217e-01
1.256300000000076579e+03,2.109175548976024994e-01
1.256400000000076489e+03,2.109295540712031458e-01
1.256500000000076398e+03,2.109415473348677794e-01
1.256600000000076534e+03,2.109535346889423735e-01
1.256700000000076670e+03,2.109655161337715412e-01
1.256800000000076579e+03,2.109774916697005342e-01
1.256900000000076489e+03,2.109913436340219717e-01
1.257000000000076625e+03,2.110051697083083488e-01
1.257100000000076761e+03,2.107610935652725337e-01
1.257200000000076670e+03,2.105169322786211161e-01
1.257300000000076579e+03,2.102720689450273683e-01
1.257400000000076716e+03,2.100252824651289707e-01
1.257500000000076852e+03,2.097784164346156444e-01
1.257600000000076761e+03,2.095314708735045439e-01
1.257700000000076670e+03,2.092851401627792429e-01
1.257800000000076807e+03,2.090409732640152451e-01
1.257900000000076943e+03,2.087974861320570918e-01
1.258000000000076852e+03,2.085539110378763494e-01
1.258100000000076761e+03,2.079656144448750466e-01
1.258200000000076898e+03,2.073773541650486829e-01
1.258300000000077034e+03,2.067891302042275947e-01
1.258400000000076943e+03,2.062009425682418406e-01
1.258500000000076852e+03,2.056127912629184262e-01
1.258600000000076989e+03,2.050246762940851064e-01
1.258700000000077125e+03,2.044365976675703855e-01
1.258800000000077034e+03,2.038485553892044333e-01
1.258900000000076943e+03,2.032620403100488249e-01
1.259000000000077080e+03,2.026757571067158981e-01
1.259100000000077216e+03,2.018177229927684280e-01
1.259200000000077125e+03,2.009595392492477539e-01
1.259300000000077034e+03,2.001012059134972543e-01
1.259400000000077171e+03,1.992427230228630275e-01
1.259500000000077307e+03,1.983840906146975003e-01
1.259600000000077216e+03,1.975262973172821623e-01
1.259700000000077125e+03,1.966696631237022930e-01
1.259800000000077262e+03,1.958128595784602577e-01
1.259900000000077398e+03,1.949558867115712968e-01
1.260000000000077307e+03,1.940987445528326583e-01
1.260100000000077216e+03,1.929551083090817465e-01
1.260200000000077353e+03,1.918111421105819780e-01
1.260300000000077489e+03,1.906671570390470749e-01
1.260400000000077398e+03,1.895231531215102183e-01
1.260500000000077307e+03,1.883791303849991494e-01
1.260600000000077443e+03,1.872350888565414428e-01
1.260700000000077580e+03,1.860910285631701966e-01
1.260800000000077489e+03,1.849469495319184253e-01
1.260900000000077398e+03,1.838028517898143699e-01
1.261000000000077534e+03,1.826587353636983102e-01
1.261100000000077671e+03,1.812722978969699417e-01
1.261200000000077580e+03,1.798860788829172719e-01
1.261300000000077489e+03,1.785001462439095299e-01
1.261400000000077625e+03,1.771142816288395483e-01
1.261500000000077762e+03,1.757284850566948053e-01
1.261600000000077671e+03,1.743427565464619466e-01
1.261700000000077580e+03,1.729570961171209564e-01
1.261800000000077716e+03,1.715715037876508475e-01
1.261900000000077853e+03,1.701859795770364892e-01
1.262000000000077762e+03,1.688005235041123153e-01
1.262100000000077671e+03,1.672229393892303573e-01
1.262200000000077807e+03,1.656454311228703347e-01
1.262300000000077944e+03,1.640679987291605302e-01
1.262400000000077853e+03,1.624906422322279220e-01
1.262500000000077762e+03,1.609133616561908287e-01
1.262600000000077898e+03,1.593361570251668746e-01
1.262700000000078035e+03,1.577590283632793744e-01
1.262800000000077944e+03,1.561819756946504767e-01
1.262900000000077853e+03,1.546049990433938648e-01
1.263000000000077989e+03,1.530280984334999039e-01
1.263100000000078126e+03,1.512947374831355440e-01
1.263200000000078035e+03,1.495618084871454812e-01
1.263300000000077944e+03,1.478293114021013155e-01
1.263400000000078080e+03,1.460972461845750636e-01
1.263500000000078217e+03,1.443656127911450981e-01
1.263600000000078126e+03,1.426344111783896806e-01
1.263700000000078035e+03,1.409036413028788848e-01
1.263800000000078171e+03,1.391733031211818961e-01
1.263900000000078307e+03,1.374433965898750887e-01
1.264000000000078217e+03,1.357139216654715264e-01
1.264100000000078126e+03,1.339042093324039895e-01
1.264200000000078262e+03,1.320960524125284474e-01
1.264300000000078398e+03,1.302885424138105763e-01
1.264400000000078307e+03,1.284813360196825904e-01
1.264500000000078217e+03,1.266744332137259565e-01
1.264600000000078353e+03,1.248675169815630231e-01
1.264700000000078489e+03,1.230597212965893472e-01
1.264800000000078398e+03,1.212520908107245082e-01
1.264900000000078307e+03,1.194448133753509000e-01
1.265000000000078444e+03,1.176378889562903762e-01
1.265100000000078580e+03,1.058555775949928807e-01
1.265200000000078489e+03,9.407776770436104830e-02
1.265300000000078398e+03,8.230397878885460650e-02
1.265400000000078535e+03,7.053421032828308124e-02
1.265500000000078671e+03,5.876852195177963839e-02
1.265600000000078580e+03,4.700733192557243756e-02
1.265700000000078489e+03,3.524988511456354778e-02
1.265800000000078626e+03,2.349618112053825092e-02
1.265900000000078762e+03,1.174621954532876350e-02
1.266000000000078671e+03,0.000000000000000000e+00
1.266100000000078580e+03,0.000000000000000000e+00
1.266200000000078717e+03,0.000000000000000000e+00
1.266300000000078853e+03,0.000000000000000000e+00
1.266400000000078762e+03,0.000000000000000000e+00
1.266500000000078671e+03,0.000000000000000000e+00
1.266600000000078808e+03,0.000000000000000000e+00
1.266700000000078944e+03,0.000000000000000000e+00
1.266800000000078853e+03,0.000000000000000000e+00
1.266900000000078762e+03,0.000000000000000000e+00
1.267000000000078899e+03,0.000000000000000000e+00
1.267100000000079035e+03,0.000000000000000000e+00
1.267200000000078944e+03,0.000000000000000000e+00
1.267300000000078853e+03,0.000000000000000000e+00
1.267400000000078990e+03,0.000000000000000000e+00
1.267500000000079126e+03,0.000000000000000000e+00
1.267600000000079035e+03,0.000000000000000000e+00
1.267700000000078944e+03,0.000000000000000000e+00
1.267800000000079081e+03,0.000000000000000000e+00
1.267900000000079217e+03,0.000000000000000000e+00
1.268000000000079126e+03,9.332055160725810835e-12
1.268100000000079035e+03,1.179192799086353945e-02
1.268200000000079172e+03,2.357987914090064682e-02
1.268300000000079308e+03,3.536372616880012476e-02
1.268400000000079217e+03,4.714351201369510608e-02
1.268500000000079126e+03,5.891923705735251787e-02
1.268600000000079262e+03,7.069090168155872655e-02
1.268700000000079399e+03,8.245850626806598693e-02
1.268800000000079308e+03,9.422205119864605904e-02
1.268900000000079217e+03,1.059815368551434434e-01
1.269000000000079353e+03,1.177369636112852724e-01
1.269100000000079490e+03,1.192358266588249699e-01
1.269200000000079399e+03,1.207338346269072327e-01
1.269300000000079308e+03,1.222311584583973126e-01
1.269400000000079444e+03,1.237283991679909018e-01
1.269500000000079581e+03,1.252255567408869508e-01
1.269600000000079490e+03,1.267226311622857704e-01
1.269700000000079399e+03,1.282196224173940136e-01
1.269800000000079535e+03,1.297165304914192907e-01
1.269900000000079672e+03,1.312133553695625232e-01
1.270000000000079581e+03,1.327100970369833599e-01
1.270100000000079490e+03,1.341540108991364499e-01
1.270200000000079626e+03,1.355978027688817811e-01
1.270300000000079763e+03,1.370413624406902897e-01
1.270400000000079672e+03,1.384844422618050075e-01
1.270500000000079581e+03,1.399270422731040686e-01
1.270600000000079717e+03,1.413706151969253144e-01
1.270700000000079854e+03,1.428139454335208558e-01
1.270800000000079763e+03,1.442568298220313905e-01
1.270900000000079672e+03,1.456992683876624783e-01
1.271000000000079808e+03,1.471411395110613085e-01
1.271100000000079945e+03,1.485497305267502177e-01
1.271200000000079854e+03,1.499586264931300206e-01
1.271300000000079763e+03,1.513678273666058394e-01
1.271400000000079899e+03,1.527773331035778837e-01
1.271500000000080036e+03,1.541871436604338175e-01
1.271600000000079945e+03,1.555972589935560313e-01
1.271700000000079854e+03,1.570076790593273597e-01
1.271800000000079990e+03,1.584181006380809831e-01
1.271900000000080126e+03,1.598288062262790687e-01
1.272000000000080036e+03,1.612398107468229758e-01
1.272100000000079945e+03,1.625149092818684304e-01
1.272200000000080081e+03,1.637898855526667419e-01
1.272300000000080217e+03,1.650647395532713335e-01
1.272400000000080126e+03,1.663394712777373496e-01
1.272500000000080036e+03,1.676140807201260963e-01
1.272600000000080172e+03,1.688885678744989904e-01
1.272700000000080308e+03,1.701629327349131193e-01
1.272800000000080217e+03,1.714372817553437289e-01
1.272900000000080126e+03,1.727134283219498578e-01
1.273000000000080263e+03,1.739894824589540423e-01
1.273100000000080399e+03,1.751440910002919626e-01
1.273200000000080308e+03,1.762989803561817448e-01
1.273300000000080217e+03,1.774541505101755456e-01
1.273400000000080354e+03,1.786096014458190273e-01
1.273500000000080490e+03,1.797653331466451399e-01
1.273600000000080399e+03,1.809213455961803108e-01
1.273700000000080308e+03,1.820776387779487471e-01
1.273800000000080445e+03,1.832342126754679112e-01
1.273900000000080581e+03,1.843910672722427757e-01
1.274000000000080490e+03,1.855482025516272948e-01
1.274100000000080399e+03,1.865265197881151304e-01
1.274200000000080536e+03,1.875051417213398075e-01
1.274300000000080672e+03,1.884840683407471296e-01
1.274400000000080581e+03,1.894632996357744070e-01
1.274500000000080490e+03,1.904428355958568964e-01
1.274600000000080627e+03,1.914226762104209445e-01
1.274700000000080763e+03,1.924028214688824068e-01
1.274800000000080672e+03,1.933832713606488118e-01
1.274900000000080581e+03,1.943640258751253846e-01
1.275000000000080718e+03,1.953450850015119034e-01
1.275100000000080854e+03,1.960816814750508674e-01
1.275200000000080763e+03,1.968183192324934327e-01
1.275300000000080672e+03,1.975546795061100813e-01
1.275400000000080809e+03,1.982910002609548084e-01
1.275500000000080945e+03,1.990273593188147672e-01
1.275600000000080854e+03,1.997637566719285551e-01
1.275700000000080763e+03,2.005001923125362684e-01
1.275800000000080900e+03,2.012366662328760880e-01
1.275900000000081036e+03,2.019731784251820594e-01
1.276000000000080945e+03,2.027099675291766934e-01
1.276100000000080854e+03,2.032404349170368052e-01
1.276200000000080991e+03,2.037711218504374977e-01
1.276300000000081127e+03,2.043020283318881802e-01
1.276400000000081036e+03,2.048331543638930996e-01
1.276500000000080945e+03,2.053644999489529777e-01
1.276600000000081081e+03,2.058960650895629851e-01
1.276700000000081218e+03,2.064278497882105490e-01
1.276800000000081127e+03,2.069598540473776005e-01
1.276900000000081036e+03,2.074920778695422963e-01
1.277000000000081172e+03,2.080268890387237668e-01
1.277100000000081309e+03,2.082609986120388945e-01
1.277200000000081218e+03,2.084951431252254905e-01
1.277300000000081127e+03,2.087278463374672433e-01
1.277400000000081263e+03,2.089603164927705259e-01
1.277500000000081400e+03,2.091928176950845486e-01
1.277600000000081309e+03,2.094253499425267895e-01
1.277700000000081218e+03,2.096579132332153372e-01
1.277800000000081354e+03,2.098905075652669483e-01
1.277900000000081491e+03,2.101231329367961587e-01
1.278000000000081400e+03,2.103557893456740324e-01
1.278100000000081309e+03,2.102901238680439933e-01
1.278200000000081445e+03,2.102244579502057509e-01
1.278300000000081582e+03,2.101587915931012462e-01
1.278400000000081491e+03,2.100931247976730865e-01
1.278500000000081400e+03,2.100274575648629072e-01
1.278600000000081536e+03,2.099617898956133710e-01
1.278700000000081673e+03,2.098961217908664745e-01
1.278800000000081582e+03,2.098304532515649912e-01
1.278900000000081491e+03,2.097647842786510008e-01
1.279000000000081627e+03,2.096991148728511445e-01
1.279100000000081764e+03,2.093692195903273934e-01
1.279200000000081673e+03,2.090392507264268174e-01
1.279300000000081582e+03,2.087092082835675377e-01
1.279400000000081718e+03,2.083790922641710619e-01
1.279500000000081855e+03,2.080489026706629219e-01
1.279600000000081764e+03,2.077186395054700097e-01
1.279700000000081673e+03,2.073883027710202998e-01
1.279800000000081809e+03,2.070578924697445977e-01
1.279900000000081945e+03,2.067274086040769843e-01
1.280000000000081855e+03,2.063968511761878066e-01
1.280100000000081764e+03,2.057417010722384365e-01
1.280200000000081900e+03,2.050866751142273736e-01
1.280300000000082036e+03,2.044317733138015514e-01
1.280400000000081945e+03,2.037769956826049056e-01
1.280500000000081855e+03,2.031223422322767924e-01
1.280600000000081991e+03,2.024678129744518218e-01
1.280700000000082127e+03,2.018134079207663800e-01
1.280800000000082036e+03,2.011591270828530786e-01
1.280900000000081945e+03,2.005049704723391446e-01
1.281000000000082082e+03,1.998509381006154662e-01
1.281100000000082218e+03,1.989126568891581015e-01
1.281200000000082127e+03,1.979746961249783666e-01
1.281300000000082036e+03,1.970370558247761250e-01
1.281400000000082173e+03,1.960997360052438299e-01
1.281500000000082309e+03,1.951627366830707144e-01
1.281600000000082218e+03,1.942260578749374911e-01
1.281700000000082127e+03,1.932896995975126875e-01
1.281800000000082264e+03,1.923536618674570875e-01
1.281900000000082400e+03,1.914179447014282831e-01
1.282000000000082309e+03,1.904825481158910205e-01
1.282100000000082218e+03,1.893233760586453540e-01
1.282200000000082355e+03,1.881643629416693553e-01
1.282300000000082491e+03,1.870055087809075201e-01
1.282400000000082400e+03,1.858472383367399117e-01
1.282500000000082309e+03,1.846908599310964072e-01
1.282600000000082446e+03,1.835346132782724737e-01
1.282700000000082582e+03,1.823784984026489420e-01
1.282800000000082491e+03,1.812223832772755783e-01
1.282900000000082400e+03,1.800646887088598047e-01
1.283000000000082537e+03,1.789063771357628230e-01
1.283100000000082673e+03,1.775143886581341812e-01
1.283200000000082582e+03,1.761229218555060427e-01
1.283300000000082491e+03,1.747319767366187493e-01
1.283400000000082628e+03,1.733422824155675668e-01
1.283500000000082764e+03,1.719538088034670842e-01
1.283600000000082673e+03,1.705658337399894309e-01
1.283700000000082582e+03,1.691783572466452057e-01
1.283800000000082719e+03,1.677913793449332669e-01
1.283900000000082855e+03,1.664049000563466996e-01
1.284000000000082764e+03,1.650189194022101680e-01
1.284100000000082673e+03,1.634451874285335615e-01
1.284200000000082809e+03,1.618723201486872709e-01
1.284300000000082946e+03,1.603003175769419364e-01
1.284400000000082855e+03,1.587291797275474370e-01
1.284500000000082764e+03,1.571589066147247304e-01
1.284600000000082900e+03,1.555894982526730419e-01
1.284700000000083037e+03,1.540209546555777742e-01
1.284800000000082946e+03,1.524532758376019037e-01
1.284900000000082855e+03,1.508864618128804846e-01
1.285000000000082991e+03,1.493205125954394363e-01
1.285100000000083128e+03,1.476504329405293747e-01
1.285200000000083037e+03,1.459808335884968389e-01
1.285300000000082946e+03,1.443117145512699540e-01
1.285400000000083082e+03,1.426430758407663812e-01
1.285500000000083219e+03,1.409749174688999795e-01
1.285600000000083128e+03,1.393072394475736719e-01
1.285700000000083037e+03,1.376400417886719518e-01
1.285800000000083173e+03,1.359734214701297517e-01
1.285900000000083310e+03,1.343074531732867671e-01
1.286000000000083219e+03,1.326419585823029046e-01
1.286100000000083128e+03,1.309116034368809911e-01
1.286200000000083264e+03,1.291819062866032819e-01
1.286300000000083401e+03,1.274526437390247346e-01
1.286400000000083310e+03,1.257236221400816201e-01
1.286500000000083219e+03,1.239948415091397804e-01
1.286600000000083355e+03,1.222663018655604228e-01
1.286700000000083492e+03,1.205380032287075714e-01
1.286800000000083401e+03,1.188099456179411012e-01
1.286900000000083310e+03,1.170821290526082442e-01
1.287000000000083446e+03,1.153551552219331255e-01
1.287100000000083583e+03,1.038059136034987090e-01
1.287200000000083492e+03,9.225972179420881270e-02
1.287300000000083401e+03,8.071657995705339150e-02
1.287400000000083537e+03,6.917648825492886400e-02
1.287500000000083674e+03,5.763944685069084806e-02
1.287600000000083583e+03,4.610545590710132813e-02
1.287700000000083492e+03,3.457451558677654413e-02
1.287800000000083628e+03,2.304662605223921357e-02
1.287900000000083764e+03,1.152182162028626659e-02
1.288000000000083674e+03,0.000000000000000000e+00
1.288100000000083583e+03,0.000000000000000000e+00
1.288200000000083719e+03,0.000000000000000000e+00
1.288300000000083855e+03,0.000000000000000000e+00
1.288400000000083764e+03,0.000000000000000000e+00
1.288500000000083674e+03,0.000000000000000000e+00
1.288600000000083810e+03,0.000000000000000000e+00
1.288700000000083946e+03,0.000000000000000000e+00
1.288800000000083855e+03,0.000000000000000000e+00
1.288900000000083764e+03,0.000000000000000000e+00
1.289000000000083901e+03,0.000000000000000000e+00
1.289100000000084037e+03,0.000000000000000000e+00
1.289200000000083946e+03,0.000000000000000000e+00
1.289300000000083855e+03,0.000000000000000000e+00
1.289400000000083992e+03,0.000000000000000000e+00
1.289500000000084128e+03,0.000000000000000000e+00
1.289600000000084037e+03,0.000000000000000000e+00
1.289700000000083946e+03,0.000000000000000000e+00
1.289800000000084083e+03,0.000000000000000000e+00
1.289900000000084219e+03,0.000000000000000000e+00
1.290000000000084128e+03,9.718741688362333376e-12
1.290100000000084037e+03,1.155423620194529627e-02
1.290200000000084174e+03,2.311236186707299467e-02
1.290300000000084310e+03,3.467437667121812950e-02
1.290400000000084219e+03,4.624028028035889748e-02
1.290500000000084128e+03,5.781007236038763347e-02
1.290600000000084265e+03,6.938372691360063238e-02
1.290700000000084401e+03,8.096034675867899710e-02
1.290800000000084310e+03,9.254058412464240269e-02
1.290900000000084219e+03,1.041244385786510712e-01
1.291000000000084356e+03,1.157119096792124241e-01
1.291100000000084492e+03,1.171670566907394018e-01
1.291200000000084401e+03,1.186218171668356192e-01
1.291300000000084310e+03,1.200769099154233438e-01
1.291400000000084447e+03,1.215323348800937953e-01
1.291500000000084583e+03,1.229880920044249676e-01
1.291600000000084492e+03,1.244441812319864726e-01
1.291700000000084401e+03,1.259006025063471590e-01
1.291800000000084538e+03,1.273573557710681869e-01
1.291900000000084674e+03,1.288144409696961867e-01
1.292000000000084583e+03,1.302718580457449815e-01
1.292100000000084492e+03,1.316988809896080248e-01
1.292200000000084628e+03,1.331261483855208372e-01
1.292300000000084765e+03,1.345536601873935090e-01
1.292400000000084674e+03,1.359814163491293859e-01
1.292500000000084583e+03,1.374106548320068732e-01
1.292600000000084719e+03,1.388405302981030875e-01
1.292700000000084856e+03,1.402706832037101670e-01
1.292800000000084765e+03,1.417011295152576789e-01
1.292900000000084674e+03,1.431318998921405072e-01
1.293000000000084810e+03,1.445625130670167569e-01
1.293100000000084947e+03,1.459365291072319271e-01
1.293200000000084856e+03,1.473108800185434775e-01
1.293300000000084765e+03,1.486855657565042677e-01
1.293400000000084901e+03,1.500605862766568044e-01
1.293500000000085038e+03,1.514359415345272464e-01
1.293600000000084947e+03,1.528116314856307056e-01
1.293700000000084856e+03,1.541876560854790190e-01
1.293800000000084992e+03,1.555638717853069786e-01
1.293900000000085129e+03,1.569387363126497348e-01
1.294000000000085038e+03,1.583139034058068939e-01
1.294100000000084947e+03,1.595982005114136848e-01
1.294200000000085083e+03,1.608828561204039553e-01
1.294300000000085220e+03,1.621678701774203202e-01
1.294400000000085129e+03,1.634532426270970118e-01
1.294500000000085038e+03,1.647389734140654038e-01
1.294600000000085174e+03,1.660254500683122636e-01
1.294700000000085311e+03,1.673126677109611771e-01
1.294800000000085220e+03,1.686021203674452906e-01
1.294900000000085129e+03,1.698920704737166276e-01
1.295000000000085265e+03,1.711824203791828258e-01
1.295100000000085402e+03,1.723356559889622219e-01
1.295200000000085311e+03,1.734891642863475025e-01
1.295300000000085220e+03,1.746429452414372807e-01
1.295400000000085356e+03,1.757969988243211767e-01
1.295500000000085493e+03,1.769513250050741282e-01
1.295600000000085402e+03,1.781059237537635787e-01
1.295700000000085311e+03,1.792607950404515316e-01
1.295800000000085447e+03,1.804159388351922466e-01
1.295900000000085583e+03,1.815713551080253008e-01
1.296000000000085493e+03,1.827270438288237098e-01
1.296100000000085402e+03,1.836978950975959035e-01
1.296200000000085538e+03,1.846687611110575666e-01
1.296300000000085674e+03,1.856396418539728865e-01
1.296400000000085583e+03,1.866112170679042892e-01
1.296500000000085493e+03,1.875828842359883730e-01
1.296600000000085629e+03,1.885530568920346928e-01
1.296700000000085765e+03,1.895225556553777335e-01
1.296800000000085674e+03,1.904920544090747403e-01
1.296900000000085583e+03,1.914615531396066384e-01
1.297000000000085720e+03,1.924310518332615627e-01
1.297100000000085856e+03,1.931792883150285911e-01
1.297200000000085765e+03,1.939273135683048654e-01
1.297300000000085674e+03,1.946751275962014527e-01
1.297400000000085811e+03,1.954227304018322231e-01
1.297500000000085947e+03,1.961714048186924408e-01
1.297600000000085856e+03,1.969208812121430174e-01
1.297700000000085765e+03,1.976701636662741846e-01
1.297800000000085902e+03,1.984192521756357741e-01
1.297900000000086038e+03,1.991681467347802270e-01
1.298000000000085947e+03,1.999168473380540934e-01
1.298100000000085856e+03,2.004221990689773747e-01
1.298200000000085993e+03,2.009272934120174825e-01
1.298300000000086129e+03,2.014321303670841001e-01
1.298400000000086038e+03,2.019367099340920735e-01
1.298500000000085947e+03,2.024410321129662960e-01
1.298600000000086084e+03,2.029450969036371011e-01
1.298700000000086220e+03,2.034489043060401792e-01
1.298800000000086129e+03,2.039524543201169660e-01
1.298900000000086038e+03,2.044536828594929190e-01
1.299000000000086175e+03,2.049543295675528565e-01
1.299100000000086311e+03,2.052013419373923953e-01
1.299200000000086220e+03,2.054481695434212662e-01
1.299300000000086129e+03,2.056948123941869377e-01
1.299400000000086266e+03,2.059412704982406250e-01
1.299500000000086402e+03,2.061875438641364300e-01
1.299600000000086311e+03,2.064336325004315631e-01
1.299700000000086220e+03,2.066795364156879256e-01
1.299800000000086357e+03,2.069252556184714709e-01
1.299900000000086493e+03,2.071711052413068299e-01
1.300000000000086402e+03,2.074168719300586716e-01
1.300100000000086311e+03,2.074049616712363986e-01
1.300200000000086447e+03,2.073926008586751968e-01
1.300300000000086584e+03,2.073782182953695929e-01
1.300400000000086493e+03,2.073638054644487971e-01
1.300500000000086402e+03,2.073499246362857373e-01
1.300600000000086538e+03,2.073364022680396213e-01
1.300700000000086675e+03,2.073228495140776451e-01
1.300800000000086584e+03,2.073092663768144328e-01
1.300900000000086493e+03,2.072956528586653302e-01
1.301000000000086629e+03,2.072820089618223616e-01
1.301100000000086766e+03,2.070113890809121560e-01
1.301200000000086675e+03,2.067408926106940326e-01
1.301300000000086584e+03,2.064703544276606517e-01
1.301400000000086720e+03,2.061991591629756260e-01
1.301500000000086857e+03,2.059280897728356374e-01
1.301600000000086766e+03,2.056559982605514758e-01
1.301700000000086675e+03,2.053827946543939076e-01
1.301800000000086811e+03,2.051089140688915069e-01
1.301900000000086948e+03,2.048342682831511274e-01
1.302000000000086857e+03,2.045597592398087916e-01
1.302100000000086766e+03,2.040346739051894509e-01
1.302200000000086902e+03,2.035098357659174961e-01
1.302300000000087039e+03,2.029852447964855811e-01
1.302400000000086948e+03,2.024609009713835561e-01
1.302500000000086857e+03,2.019368042650976636e-01
1.302600000000086993e+03,2.014129546521119529e-01
1.302700000000087130e+03,2.008893521069110288e-01
1.302800000000087039e+03,2.003659966039780527e-01
1.302900000000086948e+03,1.998428881177909122e-01
1.303000000000087084e+03,1.993218483818591791e-01
1.303100000000087221e+03,1.985639536177317144e-01
1.303200000000087130e+03,1.978063025958934629e-01
1.303300000000087039e+03,1.970488953028768364e-01
1.303400000000087175e+03,1.962917317252110272e-01
1.303500000000087311e+03,1.955348118494264764e-01
1.303600000000087221e+03,1.947781356620492954e-01
1.303700000000087130e+03,1.940217031496004052e-01
1.303800000000087266e+03,1.932655142985965080e-01
1.303900000000087402e+03,1.925095690955557770e-01
1.304000000000087311e+03,1.917538675268021242e-01
1.304100000000087221e+03,1.907797814104165712e-01
1.304200000000087357e+03,1.898056300230556992e-01
1.304300000000087493e+03,1.888316202529499721e-01
1.304400000000087402e+03,1.878577520994130223e-01
1.304500000000087311e+03,1.868840255617546242e-01
1.304600000000087448e+03,1.859104406392823039e-01
1.304700000000087584e+03,1.849369973313080007e-01
1.304800000000087493e+03,1.839625674635173846e-01
1.304900000000087402e+03,1.829872866823400446e-01
1.305000000000087539e+03,1.820118688017481889e-01
1.305100000000087675e+03,1.808437414535757626e-01
1.305200000000087584e+03,1.796755627216373441e-01
1.305300000000087493e+03,1.785073326401584726e-01
1.305400000000087630e+03,1.773390512433662969e-01
1.305500000000087766e+03,1.761707185654925178e-01
1.305600000000087675e+03,1.750023346407702796e-01
1.305700000000087584e+03,1.738338995034266754e-01
1.305800000000087721e+03,1.726654131876902698e-01
1.305900000000087857e+03,1.714968757277943734e-01
1.306000000000087766e+03,1.703282871578309376e-01
1.306100000000087675e+03,1.689970770592674199e-01
1.306200000000087812e+03,1.676638821669483026e-01
1.306300000000087948e+03,1.663300315911787619e-01
1.306400000000087857e+03,1.649958520017667241e-01
1.306500000000087766e+03,1.636613435051942067e-01
1.306600000000087903e+03,1.623265062079402854e-01
1.306700000000088039e+03,1.609913402164870055e-01
1.306800000000087948e+03,1.596558456373126378e-01
1.306900000000087857e+03,1.583200225768865710e-01
1.307000000000087994e+03,1.569838711415605104e-01
1.307100000000088130e+03,1.555180485110535249e-01
1.307200000000088039e+03,1.540515900748871680e-01
1.307300000000087948e+03,1.525844960144851770e-01
1.307400000000088085e+03,1.511167665112644609e-01
1.307500000000088221e+03,1.496484017466414573e-01
1.307600000000088130e+03,1.481794019020266362e-01
1.307700000000088039e+03,1.467097671588160623e-01
1.307800000000088176e+03,1.452394976983995556e-01
1.307900000000088312e+03,1.437685937021668248e-01
1.308000000000088221e+03,1.422970553514173175e-01
1.308100000000088130e+03,1.407306978426121069e-01
1.308200000000088266e+03,1.391634978364563457e-01
1.308300000000088403e+03,1.375954555733094886e-01
1.308400000000088312e+03,1.360265712935196936e-01
1.308500000000088221e+03,1.344568452374163836e-01
1.308600000000088357e+03,1.328862776453175187e-01
1.308700000000088494e+03,1.313148687575366180e-01
1.308800000000088403e+03,1.297426188143753767e-01
1.308900000000088312e+03,1.281695280561175043e-01
1.309000000000088448e+03,1.265955967132587900e-01
1.309100000000088585e+03,1.139653362225447331e-01
1.309200000000088494e+03,1.013285595388588728e-01
1.309300000000088403e+03,8.868526863627923529e-02
1.309400000000088539e+03,7.603546548876337352e-02
1.309500000000088676e+03,6.337915207020580755e-02
1.309600000000088585e+03,5.071633035438045944e-02
1.309700000000088494e+03,3.804700231488356704e-02
1.309800000000088630e+03,2.537116992519041631e-02
1.309900000000088767e+03,1.268883515871360897e-02
1.310000000000088676e+03,0.000000000000000000e+00
1.310100000000088585e+03,0.000000000000000000e+00
1.310200000000088721e+03,0.000000000000000000e+00
1.310300000000088858e+03,0.000000000000000000e+00
1.310400000000088767e+03,0.000000000000000000e+00
1.310500000000088676e+03,0.000000000000000000e+00
1.310600000000088812e+03,0.000000000000000000e+00
1.310700000000088949e+03,0.000000000000000000e+00
1.310800000000088858e+03,0.000000000000000000e+00
1.310900000000088767e+03,0.000000000000000000e+00
1.311000000000088903e+03,0.000000000000000000e+00
1.311100000000089040e+03,0.000000000000000000e+00
1.311200000000088949e+03,0.000000000000000000e+00
1.311300000000088858e+03,0.000000000000000000e+00
1.311400000000088994e+03,0.000000000000000000e+00
1.311500000000089130e+03,0.000000000000000000e+00
1.311600000000089040e+03,0.000000000000000000e+00
1.311700000000088949e+03,0.000000000000000000e+00
1.311800000000089085e+03,0.000000000000000000e+00
1.311900000000089221e+03,0.000000000000000000e+00
1.312000000000089130e+03,0.000000000000000000e+00
1.312100000000089040e+03,0.000000000000000000e+00
1.312200000000089176e+03,0.000000000000000000e+00
1.312300000000089312e+03,0.000000000000000000e+00
1.312400000000089221e+03,0.000000000000000000e+00
1.312500000000089130e+03,0.000000000000000000e+00
1.312600000000089267e+03,0.000000000000000000e+00
1.312700000000089403e+03,0.000000000000000000e+00
1.312800000000089312e+03,0.000000000000000000e+00
1.312900000000089221e+03,0.000000000000000000e+00
1.313000000000089358e+03,1.046264075804989187e-11
1.313100000000089494e+03,1.170588008461648406e-02
1.313200000000089403e+03,2.340612638043482532e-02
1.313300000000089312e+03,3.510074013229189799e-02
1.313400000000089449e+03,4.678972257442785138e-02
1.313500000000089585e+03,5.847307494089559049e-02
1.313600000000089494e+03,7.015079846561404764e-02
1.313700000000089403e+03,8.182289438242107416e-02
1.313800000000089540e+03,9.348936392502060766e-02
1.313900000000089676e+03,1.051499548129507244e-01
1.314000000000089585e+03,1.168040221501955161e-01
1.314100000000089494e+03,1.181380015936838446e-01
1.314200000000089631e+03,1.194709388417521112e-01
1.314300000000089767e+03,1.208031122231122134e-01
1.314400000000089676e+03,1.221352715283513524e-01
1.314500000000089585e+03,1.234668921044775464e-01
1.314600000000089722e+03,1.247975103108815709e-01
1.314700000000089858e+03,1.261271264006733062e-01
1.314800000000089767e+03,1.274557406269346826e-01
1.314900000000089676e+03,1.287833532427246630e-01
1.315000000000089813e+03,1.301099645010415085e-01
1.315100000000089949e+03,1.313981761486930355e-01
1.315200000000089858e+03,1.326852015651971972e-01
1.315300000000089767e+03,1.339701975586908012e-01
1.315400000000089904e+03,1.352532686163934461e-01
1.315500000000090040e+03,1.365351244584666890e-01
1.315600000000089949e+03,1.378157654470724691e-01
1.315700000000089858e+03,1.390951919443285389e-01
1.315800000000089995e+03,1.403749999260044401e-01
1.315900000000090131e+03,1.416536626256812703e-01
1.316000000000090040e+03,1.429311417366964931e-01
1.316100000000089949e+03,1.441465972779329696e-01
1.316200000000090085e+03,1.453601673848770870e-01
1.316300000000090222e+03,1.465715327786695221e-01
1.316400000000090131e+03,1.477816817066619492e-01
1.316500000000090040e+03,1.489910735024259081e-01
1.316600000000090176e+03,1.501994835330830169e-01
1.316700000000090313e+03,1.514066892972623091e-01
1.316800000000090222e+03,1.526126911536321851e-01
1.316900000000090131e+03,1.538174894608188570e-01
1.317000000000090267e+03,1.550210845773190849e-01
1.317100000000090404e+03,1.561333979123621651e-01
1.317200000000090313e+03,1.572432414951450141e-01
1.317300000000090222e+03,1.583517269949700212e-01
1.317400000000090358e+03,1.594584883074452730e-01
1.317500000000090495e+03,1.605637483041880420e-01
1.317600000000090404e+03,1.616678217455830568e-01
1.317700000000090313e+03,1.627707090426757097e-01
1.317800000000090449e+03,1.638724106064404218e-01
1.317900000000090586e+03,1.649729268477755917e-01
1.318000000000090495e+03,1.660722581773847739e-01
1.318100000000090404e+03,1.670330871975597986e-01
1.318200000000090540e+03,1.679926105277595449e-01
1.318300000000090677e+03,1.689508286467468479e-01
1.318400000000090586e+03,1.699077420331982224e-01
1.318500000000090495e+03,1.708633511657091653e-01
1.318600000000090631e+03,1.718176565227882147e-01
1.318700000000090768e+03,1.727706585828545915e-01
1.318800000000090677e+03,1.737223578242405586e-01
1.318900000000090586e+03,1.746727547251974988e-01
1.319000000000090722e+03,1.756218497636916620e-01
1.319100000000090859e+03,1.763500237634589018e-01
1.319200000000090768e+03,1.770763355932710448e-01
1.319300000000090677e+03,1.778007859952828729e-01
1.319400000000090813e+03,1.785243312587156128e-01
1.319500000000090949e+03,1.792471553505661508e-01
1.319600000000090859e+03,1.799681371939967078e-01
1.319700000000090768e+03,1.806872774679559590e-01
1.319800000000090904e+03,1.814045768512757562e-01
1.319900000000091040e+03,1.821181362737092913e-01
1.320000000000090949e+03,1.828296157841071690e-01
1.320100000000090859e+03,1.831927537555633478e-01
1.320200000000090995e+03,1.835530449872639636e-01
1.320300000000091131e+03,1.839108196088630187e-01
1.320400000000091040e+03,1.842671888085380683e-01
1.320500000000090949e+03,1.846207217781711818e-01
1.320600000000091086e+03,1.849714196290500878e-01
1.320700000000091222e+03,1.853192834722652005e-01
1.320800000000091131e+03,1.856626570810225585e-01
1.320900000000091040e+03,1.860026827038962771e-01
1.321000000000091177e+03,1.863395477179813631e-01
1.321100000000091313e+03,1.861789387365500315e-01
1.321200000000091222e+03,1.860150725461730270e-01
1.321300000000091131e+03,1.858492493797433975e-01
1.321400000000091268e+03,1.856797334312460523e-01
1.321500000000091404e+03,1.855065261988005643e-01
1.321600000000091313e+03,1.853296291802590257e-01
1.321700000000091222e+03,1.851490438732044663e-01
1.321800000000091359e+03,1.849647717749525744e-01
1.321900000000091495e+03,1.847768143825517240e-01
1.322000000000091404e+03,1.845851731922601158e-01
1.322100000000091313e+03,1.838180984151611408e-01
1.322200000000091450e+03,1.830497220525308388e-01
1.322300000000091586e+03,1.822780437571045187e-01
1.322400000000091495e+03,1.815030647726400270e-01
1.322500000000091404e+03,1.807247863427020040e-01
1.322600000000091541e+03,1.799421457085710607e-01
1.322700000000091677e+03,1.791551849360675241e-01
1.322800000000091586e+03,1.783649467749283124e-01
1.322900000000091495e+03,1.775714325846321495e-01
1.323000000000091632e+03,1.767746437239828550e-01
1.323100000000091768e+03,1.755002366550444393e-01
1.323200000000091677e+03,1.742248365544169508e-01
1.323300000000091586e+03,1.729484439008608654e-01
1.323400000000091723e+03,1.716710591730507551e-01
1.323500000000091859e+03,1.703919322961391369e-01
1.323600000000091768e+03,1.691105952922577205e-01
1.323700000000091677e+03,1.678282974251272264e-01
1.323800000000091813e+03,1.665450392109080746e-01
1.323900000000091950e+03,1.652608211656658721e-01
1.324000000000091859e+03,1.639772002076637925e-01
1.324100000000091768e+03,1.624588897479147254e-01
1.324200000000091904e+03,1.609428650878131362e-01
1.324300000000092041e+03,1.594291254432915750e-01
1.324400000000091950e+03,1.579176700304034953e-01
1.324500000000091859e+03,1.564080515005248084e-01
1.324600000000091995e+03,1.549005451557755042e-01
1.324700000000092132e+03,1.533953327618448048e-01
1.324800000000092041e+03,1.518924135076418214e-01
1.324900000000091950e+03,1.503917865822034794e-01
1.325000000000092086e+03,1.488934511746755063e-01
1.325100000000092223e+03,1.473708825810066958e-01
1.325200000000092132e+03,1.458533246425331997e-01
1.325300000000092041e+03,1.443407754777354113e-01
1.325400000000092177e+03,1.428332332054037812e-01
1.325500000000092314e+03,1.413306959446444799e-01
1.325600000000092223e+03,1.398331618148734579e-01
1.325700000000092132e+03,1.383406289358093955e-01
1.325800000000092268e+03,1.368522093189672717e-01
1.325900000000092405e+03,1.353681004392552067e-01
1.326000000000092314e+03,1.338890215612729695e-01
1.326100000000092223e+03,1.192039057923070522e-01
1.326200000000092359e+03,1.048120749157960413e-01
1.326300000000092496e+03,9.071156384002312945e-02
1.326400000000092405e+03,7.690040807793066535e-02
1.326500000000092314e+03,6.337664374700652248e-02
1.326600000000092450e+03,5.013830756929637394e-02
1.326700000000092587e+03,3.718343687140875098e-02
1.326800000000092496e+03,2.451006958439797337e-02
1.326900000000092405e+03,1.211624424365514117e-02
1.327000000000092541e+03,0.000000000000000000e+00
1.327100000000092678e+03,0.000000000000000000e+00
1.327200000000092587e+03,0.000000000000000000e+00
1.327300000000092496e+03,0.000000000000000000e+00
1.327400000000092632e+03,0.000000000000000000e+00
1.327500000000092768e+03,0.000000000000000000e+00
1.327600000000092678e+03,0.000000000000000000e+00
1.327700000000092587e+03,0.000000000000000000e+00
1.327800000000092723e+03,0.000000000000000000e+00
1.327900000000092859e+03,0.000000000000000000e+00
1.328000000000092768e+03,0.000000000000000000e+00
1.328100000000092678e+03,0.000000000000000000e+00
1.328200000000092814e+03,0.000000000000000000e+00
1.328300000000092950e+03,0.000000000000000000e+00
1.328400000000092859e+03,0.000000000000000000e+00
1.328500000000092768e+03,0.000000000000000000e+00
1.328600000000092905e+03,0.000000000000000000e+00
1.328700000000093041e+03,0.000000000000000000e+00
1.328800000000092950e+03,0.000000000000000000e+00
1.328900000000092859e+03,0.000000000000000000e+00
1.329000000000092996e+03,0.000000000000000000e+00
1.329100000000093132e+03,0.000000000000000000e+00
1.329200000000093041e+03,0.000000000000000000e+00
1.329300000000092950e+03,0.000000000000000000e+00
1.329400000000093087e+03,0.000000000000000000e+00
1.329500000000093223e+03,0.000000000000000000e+00
1.329600000000093132e+03,0.000000000000000000e+00
1.329700000000093041e+03,0.000000000000000000e+00
1.329800000000093178e+03,0.000000000000000000e+00
1.329900000000093314e+03,0.000000000000000000e+00
1.330000000000093223e+03,0.000000000000000000e+00
1.330100000000093132e+03,0.000000000000000000e+00
1.330200000000093269e+03,0.000000000000000000e+00
1.330300000000093405e+03,0.000000000000000000e+00
1.330400000000093314e+03,0.000000000000000000e+00
1.330500000000093223e+03,0.000000000000000000e+00
1.330600000000093360e+03,0.000000000000000000e+00
1.330700000000093496e+03,0.000000000000000000e+00
1.330800000000093405e+03,0.000000000000000000e+00
1.330900000000093314e+03,0.000000000000000000e+00
1.331000000000093451e+03,0.000000000000000000e+00
1.331100000000093587e+03,0.000000000000000000e+00
1.331200000000093496e+03,0.000000000000000000e+00
1.331300000000093405e+03,0.000000000000000000e+00
1.331400000000093542e+03,0.000000000000000000e+00
1.331500000000093678e+03,0.000000000000000000e+00
1.331600000000093587e+03,0.000000000000000000e+00
1.331700000000093496e+03,0.000000000000000000e+00
1.331800000000093632e+03,0.000000000000000000e+00
1.331900000000093769e+03,0.000000000000000000e+00
1.332000000000093678e+03,0.000000000000000000e+00
1.332100000000093587e+03,0.000000000000000000e+00
1.332200000000093723e+03,0.000000000000000000e+00
1.332300000000093860e+03,0.000000000000000000e+00
1.332400000000093769e+03,0.000000000000000000e+00
1.332500000000093678e+03,0.000000000000000000e+00
1.332600000000093814e+03,0.000000000000000000e+00
1.332700000000093951e+03,0.000000000000000000e+00
1.332800000000093860e+03,0.000000000000000000e+00
1.332900000000093769e+03,0.000000000000000000e+00
1.333000000000093905e+03,0.000000000000000000e+00
1.333100000000094042e+03,0.000000000000000000e+00
1.333200000000093951e+03,0.000000000000000000e+00
1.333300000000093860e+03,0.000000000000000000e+00
1.333400000000093996e+03,0.000000000000000000e+00
1.333500000000094133e+03,0.000000000000000000e+00
1.333600000000094042e+03,0.000000000000000000e+00
1.333700000000093951e+03,0.000000000000000000e+00
1.333800000000094087e+03,0.000000000000000000e+00
1.333900000000094224e+03,0.000000000000000000e+00
1.334000000000094133e+03,0.000000000000000000e+00
1.334100000000094042e+03,0.000000000000000000e+00
1.334200000000094178e+03,0.000000000000000000e+00
1.334300000000094315e+03,0.000000000000000000e+00
1.334400000000094224e+03,0.000000000000000000e+00
1.334500000000094133e+03,0.000000000000000000e+00
1.334600000000094269e+03,0.000000000000000000e+00
1.334700000000094406e+03,0.000000000000000000e+00
1.334800000000094315e+03,0.000000000000000000e+00
1.334900000000094224e+03,0.000000000000000000e+00
1.335000000000094360e+03,0.000000000000000000e+00
1.335100000000094496e+03,0.000000000000000000e+00
1.335200000000094406e+03,0.000000000000000000e+00
1.335300000000094315e+03,0.000000000000000000e+00
1.335400000000094451e+03,0.000000000000000000e+00
1.335500000000094587e+03,0.000000000000000000e+00
1.335600000000094496e+03,0.000000000000000000e+00
1.335700000000094406e+03,0.000000000000000000e+00
1.335800000000094542e+03,0.000000000000000000e+00
1.335900000000094678e+03,0.000000000000000000e+00
1.336000000000094587e+03,0.000000000000000000e+00
1.336100000000094496e+03,0.000000000000000000e+00
1.336200000000094633e+03,0.000000000000000000e+00
1.336300000000094769e+03,0.000000000000000000e+00
1.336400000000094678e+03,0.000000000000000000e+00
1.336500000000094587e+03,0.000000000000000000e+00
1.336600000000094724e+03,0.000000000000000000e+00
1.336700000000094860e+03,0.000000000000000000e+00
1.336800000000094769e+03,0.000000000000000000e+00
1.336900000000094678e+03,0.000000000000000000e+00
1.337000000000094815e+03,0.000000000000000000e+00
1.337100000000094951e+03,0.000000000000000000e+00
1.337200000000094860e+03,0.000000000000000000e+00
1.337300000000094769e+03,0.000000000000000000e+00
1.337400000000094906e+03,0.000000000000000000e+00
1.337500000000095042e+03,0.000000000000000000e+00
1.337600000000094951e+03,0.000000000000000000e+00
1.337700000000094860e+03,0.000000000000000000e+00
1.337800000000094997e+03,0.000000000000000000e+00
1.337900000000095133e+03,0.000000000000000000e+00
1.338000000000095042e+03,0.000000000000000000e+00
1.338100000000094951e+03,0.000000000000000000e+00
1.338200000000095088e+03,0.000000000000000000e+00
1.338300000000095224e+03,0.000000000000000000e+00
1.338400000000095133e+03,0.000000000000000000e+00
1.338500000000095042e+03,0.000000000000000000e+00
1.338600000000095179e+03,0.000000000000000000e+00
1.338700000000095315e+03,0.000000000000000000e+00
1.338800000000095224e+03,0.000000000000000000e+00
1.338900000000095133e+03,0.000000000000000000e+00
1.339000000000095270e+03,0.000000000000000000e+00
1.339100000000095406e+03,0.000000000000000000e+00
1.339200000000095315e+03,0.000000000000000000e+00
1.339300000000095224e+03,0.000000000000000000e+00
1.339400000000095361e+03,0.000000000000000000e+00
1.339500000000095497e+03,0.000000000000000000e+00
1.339600000000095406e+03,0.000000000000000000e+00
1.339700000000095315e+03,0.000000000000000000e+00
1.339800000000095451e+03,0.000000000000000000e+00
1.339900000000095588e+03,0.000000000000000000e+00
1.340000000000095497e+03,0.000000000000000000e+00
1.340100000000095406e+03,0.000000000000000000e+00
1.340200000000095542e+03,0.000000000000000000e+00
1.340300000000095679e+03,0.000000000000000000e+00
1.340400000000095588e+03,0.000000000000000000e+00
1.340500000000095497e+03,0.000000000000000000e+00
1.340600000000095633e+03,0.000000000000000000e+00
1.340700000000095770e+03,0.000000000000000000e+00
1.340800000000095679e+03,0.000000000000000000e+00
1.340900000000095588e+03,0.000000000000000000e+00
1.341000000000095724e+03,0.000000000000000000e+00
1.341100000000095861e+03,0.000000000000000000e+00
1.341200000000095770e+03,0.000000000000000000e+00
1.341300000000095679e+03,0.000000000000000000e+00
1.341400000000095815e+03,0.000000000000000000e+00
1.341500000000095952e+03,0.000000000000000000e+00
1.341600000000095861e+03,0.000000000000000000e+00
1.341700000000095770e+03,0.000000000000000000e+00
1.341800000000095906e+03,0.000000000000000000e+00
1.341900000000096043e+03,0.000000000000000000e+00
1.342000000000095952e+03,0.000000000000000000e+00
1.342100000000095861e+03,0.000000000000000000e+00
1.342200000000095997e+03,0.000000000000000000e+00
1.342300000000096134e+03,0.000000000000000000e+00
1.342400000000096043e+03,0.000000000000000000e+00
1.342500000000095952e+03,0.000000000000000000e+00
1.342600000000096088e+03,0.000000000000000000e+00
1.342700000000096225e+03,0.000000000000000000e+00
1.342800000000096134e+03,0.000000000000000000e+00
1.342900000000096043e+03,0.000000000000000000e+00
1.343000000000096179e+03,0.000000000000000000e+00
1.343100000000096315e+03,0.000000000000000000e+00
1.343200000000096225e+03,0.000000000000000000e+00
1.343300000000096134e+03,0.000000000000000000e+00
1.343400000000096270e+03,0.000000000000000000e+00
1.343500000000096406e+03,0.000000000000000000e+00
1.343600000000096315e+03,0.000000000000000000e+00
1.343700000000096225e+03,0.000000000000000000e+00
1.343800000000096361e+03,0.000000000000000000e+00
1.343900000000096497e+03,0.000000000000000000e+00
1.344000000000096406e+03,0.000000000000000000e+00
1.344100000000096315e+03,0.000000000000000000e+00
1.344200000000096452e+03,0.000000000000000000e+00
1.344300000000096588e+03,0.000000000000000000e+00
1.344400000000096497e+03,0.000000000000000000e+00
1.344500000000096406e+03,0.000000000000000000e+00
1.344600000000096543e+03,0.000000000000000000e+00
1.344700000000096679e+03,0.000000000000000000e+00
1.344800000000096588e+03,0.000000000000000000e+00
1.344900000000096497e+03,0.000000000000000000e+00
1.345000000000096634e+03,0.000000000000000000e+00
1.345100000000096770e+03,0.000000000000000000e+00
1.345200000000096679e+03,0.000000000000000000e+00
1.345300000000096588e+03,0.000000000000000000e+00
1.345400000000096725e+03,0.000000000000000000e+00
1.345500000000096861e+03,0.000000000000000000e+00
1.345600000000096770e+03,0.000000000000000000e+00
1.345700000000096679e+03,0.000000000000000000e+00
1.345800000000096816e+03,0.000000000000000000e+00
1.345900000000096952e+03,0.000000000000000000e+00
1.346000000000096861e+03,0.000000000000000000e+00
1.346100000000096770e+03,0.000000000000000000e+00
1.346200000000096907e+03,0.000000000000000000e+00
1.346300000000097043e+03,0.000000000000000000e+00
1.346400000000096952e+03,0.000000000000000000e+00
1.346500000000096861e+03,0.000000000000000000e+00
1.346600000000096998e+03,0.000000000000000000e+00
1.346700000000097134e+03,0.000000000000000000e+00
1.346800000000097043e+03,0.000000000000000000e+00
1.346900000000096952e+03,0.000000000000000000e+00
1.347000000000097089e+03,0.000000000000000000e+00
1.347100000000097225e+03,0.000000000000000000e+00
1.347200000000097134e+03,0.000000000000000000e+00
1.347300000000097043e+03,0.000000000000000000e+00
1.347400000000097180e+03,0.000000000000000000e+00
1.347500000000097316e+03,0.000000000000000000e+00
1.347600000000097225e+03,0.000000000000000000e+00
1.347700000000097134e+03,0.000000000000000000e+00
1.347800000000097270e+03,0.000000000000000000e+00
1.347900000000097407e+03,0.000000000000000000e+00
1.348000000000097316e+03,0.000000000000000000e+00
1.348100000000097225e+03,0.000000000000000000e+00
1.348200000000097361e+03,0.000000000000000000e+00
1.348300000000097498e+03,0.000000000000000000e+00
1.348400000000097407e+03,0.000000000000000000e+00
1.348500000000097316e+03,0.000000000000000000e+00
1.348600000000097452e+03,0.000000000000000000e+00
1.348700000000097589e+03,0.000000000000000000e+00
1.348800000000097498e+03,0.000000000000000000e+00
1.348900000000097407e+03,0.000000000000000000e+00
1.349000000000097543e+03,0.000000000000000000e+00
1.349100000000097680e+03,0.000000000000000000e+00
1.349200000000097589e+03,0.000000000000000000e+00
1.349300000000097498e+03,0.000000000000000000e+00
1.349400000000097634e+03,0.000000000000000000e+00
1.349500000000097771e+03,0.000000000000000000e+00
1.349600000000097680e+03,0.000000000000000000e+00
1.349700000000097589e+03,0.000000000000000000e+00
1.349800000000097725e+03,0.000000000000000000e+00
1.349900000000097862e+03,0.000000000000000000e+00
1.350000000000097771e+03,0.000000000000000000e+00
1.350100000000097680e+03,0.000000000000000000e+00
1.350200000000097816e+03,0.000000000000000000e+00
1.350300000000097953e+03,0.000000000000000000e+00
1.350400000000097862e+03,0.000000000000000000e+00
1.350500000000097771e+03,0.000000000000000000e+00
1.350600000000097907e+03,0.000000000000000000e+00
1.350700000000098044e+03,0.000000000000000000e+00
1.350800000000097953e+03,0.000000000000000000e+00
1.350900000000097862e+03,0.000000000000000000e+00
1.351000000000097998e+03,0.000000000000000000e+00
1.351100000000098134e+03,0.000000000000000000e+00
1.351200000000098044e+03,0.000000000000000000e+00
1.351300000000097953e+03,0.000000000000000000e+00
1.351400000000098089e+03,0.000000000000000000e+00
1.351500000000098225e+03,0.000000000000000000e+00
1.351600000000098134e+03,0.000000000000000000e+00
1.351700000000098044e+03,0.000000000000000000e+00
1.351800000000098180e+03,0.000000000000000000e+00
1.351900000000098316e+03,0.000000000000000000e+00
1.352000000000098225e+03,0.000000000000000000e+00
1.352100000000098134e+03,0.000000000000000000e+00
1.352200000000098271e+03,0.000000000000000000e+00
1.352300000000098407e+03,0.000000000000000000e+00
1.352400000000098316e+03,0.000000000000000000e+00
1.352500000000098225e+03,0.000000000000000000e+00
1.352600000000098362e+03,0.000000000000000000e+00
1.352700000000098498e+03,0.000000000000000000e+00
1.352800000000098407e+03,0.000000000000000000e+00
1.352900000000098316e+03,0.000000000000000000e+00
1.353000000000098453e+03,0.000000000000000000e+00
1.353100000000098589e+03,0.000000000000000000e+00
1.353200000000098498e+03,0.000000000000000000e+00
1.353300000000098407e+03,0.000000000000000000e+00
1.353400000000098544e+03,0.000000000000000000e+00
1.353500000000098680e+03,0.000000000000000000e+00
1.353600000000098589e+03,0.000000000000000000e+00
1.353700000000098498e+03,0.000000000000000000e+00
1.353800000000098635e+03,0.000000000000000000e+00
1.353900000000098771e+03,0.000000000000000000e+00
1.354000000000098680e+03,0.000000000000000000e+00
1.354100000000098589e+03,0.000000000000000000e+00
1.354200000000098726e+03,0.000000000000000000e+00
1.354300000000098862e+03,0.000000000000000000e+00
1.354400000000098771e+03,0.000000000000000000e+00
1.354500000000098680e+03,0.000000000000000000e+00
1.354600000000098817e+03,0.000000000000000000e+00
1.354700000000098953e+03,0.000000000000000000e+00
1.354800000000098862e+03,0.000000000000000000e+00
1.354900000000098771e+03,0.000000000000000000e+00
1.355000000000098908e+03,0.000000000000000000e+00
1.355100000000099044e+03,0.000000000000000000e+00
1.355200000000098953e+03,0.000000000000000000e+00
1.355300000000098862e+03,0.000000000000000000e+00
1.355400000000098998e+03,0.000000000000000000e+00
1.355500000000099135e+03,0.000000000000000000e+00
1.355600000000099044e+03,0.000000000000000000e+00
1.355700000000098953e+03,0.000000000000000000e+00
1.355800000000099089e+03,0.000000000000000000e+00
1.355900000000099226e+03,0.000000000000000000e+00
1.356000000000099135e+03,0.000000000000000000e+00
1.356100000000099044e+03,0.000000000000000000e+00
1.356200000000099180e+03,0.000000000000000000e+00
1.356300000000099317e+03,0.000000000000000000e+00
1.356400000000099226e+03,0.000000000000000000e+00
1.356500000000099135e+03,0.000000000000000000e+00
1.356600000000099271e+03,0.000000000000000000e+00
1.356700000000099408e+03,0.000000000000000000e+00
1.356800000000099317e+03,0.000000000000000000e+00
1.356900000000099226e+03,0.000000000000000000e+00
1.357000000000099362e+03,0.000000000000000000e+00
1.357100000000099499e+03,0.000000000000000000e+00
1.357200000000099408e+03,0.000000000000000000e+00
1.357300000000099317e+03,0.000000000000000000e+00
1.357400000000099453e+03,0.000000000000000000e+00
1.357500000000099590e+03,0.000000000000000000e+00
1.357600000000099499e+03,0.000000000000000000e+00
1.357700000000099408e+03,0.000000000000000000e+00
1.357800000000099544e+03,0.000000000000000000e+00
1.357900000000099681e+03,0.000000000000000000e+00
1.358000000000099590e+03,0.000000000000000000e+00
1.358100000000099499e+03,0.000000000000000000e+00
1.358200000000099635e+03,0.000000000000000000e+00
1.358300000000099772e+03,0.000000000000000000e+00
1.358400000000099681e+03,0.000000000000000000e+00
1.358500000000099590e+03,0.000000000000000000e+00
1.358600000000099726e+03,0.000000000000000000e+00
1.358700000000099863e+03,0.000000000000000000e+00
1.358800000000099772e+03,0.000000000000000000e+00
1.358900000000099681e+03,0.000000000000000000e+00
1.359000000000099817e+03,0.000000000000000000e+00
1.359100000000099953e+03,0.000000000000000000e+00
1.359200000000099863e+03,0.000000000000000000e+00
1.359300000000099772e+03,0.000000000000000000e+00
1.359400000000099908e+03,0.000000000000000000e+00
1.359500000000100044e+03,0.000000000000000000e+00
1.359600000000099953e+03,0.000000000000000000e+00
1.359700000000099863e+03,0.000000000000000000e+00
1.359800000000099999e+03,0.000000000000000000e+00
1.359900000000100135e+03,0.000000000000000000e+00
1.360000000000100044e+03,0.000000000000000000e+00
1.360100000000099953e+03,0.000000000000000000e+00
1.360200000000100090e+03,0.000000000000000000e+00
1.360300000000100226e+03,0.000000000000000000e+00
1.360400000000100135e+03,0.000000000000000000e+00
1.360500000000100044e+03,0.000000000000000000e+00
1.360600000000100181e+03,0.000000000000000000e+00
1.360700000000100317e+03,0.000000000000000000e+00
1.360800000000100226e+03,0.000000000000000000e+00
1.360900000000100135e+03,0.000000000000000000e+00
1.361000000000100272e+03,0.000000000000000000e+00
1.361100000000100408e+03,0.000000000000000000e+00
1.361200000000100317e+03,0.000000000000000000e+00
1.361300000000100226e+03,0.000000000000000000e+00
1.361400000000100363e+03,0.000000000000000000e+00
1.361500000000100499e+03,0.000000000000000000e+00
1.361600000000100408e+03,0.000000000000000000e+00
1.361700000000100317e+03,0.000000000000000000e+00
1.361800000000100454e+03,0.000000000000000000e+00
1.361900000000100590e+03,0.000000000000000000e+00
1.362000000000100499e+03,0.000000000000000000e+00
1.362100000000100408e+03,0.000000000000000000e+00
1.362200000000100545e+03,0.000000000000000000e+00
1.362300000000100681e+03,0.000000000000000000e+00
1.362400000000100590e+03,0.000000000000000000e+00
1.362500000000100499e+03,0.000000000000000000e+00
1.362600000000100636e+03,0.000000000000000000e+00
1.362700000000100772e+03,0.000000000000000000e+00
1.362800000000100681e+03,0.000000000000000000e+00
1.362900000000100590e+03,0.000000000000000000e+00
1.363000000000100727e+03,0.000000000000000000e+00
1.363100000000100863e+03,0.000000000000000000e+00
1.363200000000100772e+03,0.000000000000000000e+00
1.363300000000100681e+03,0.000000000000000000e+00
1.363400000000100817e+03,0.000000000000000000e+00
1.363500000000100954e+03,0.000000000000000000e+00
1.363600000000100863e+03,0.000000000000000000e+00
1.363700000000100772e+03,0.000000000000000000e+00
1.363800000000100908e+03,0.000000000000000000e+00
1.363900000000101045e+03,0.000000000000000000e+00
1.364000000000100954e+03,0.000000000000000000e+00
1.364100000000100863e+03,0.000000000000000000e+00
1.364200000000100999e+03,0.000000000000000000e+00
1.364300000000101136e+03,0.000000000000000000e+00
1.364400000000101045e+03,0.000000000000000000e+00
1.364500000000100954e+03,0.000000000000000000e+00
1.364600000000101090e+03,0.000000000000000000e+00
1.364700000000101227e+03,0.000000000000000000e+00
1.364800000000101136e+03,0.000000000000000000e+00
1.364900000000101045e+03,0.000000000000000000e+00
1.365000000000101181e+03,0.000000000000000000e+00
1.365100000000101318e+03,0.000000000000000000e+00
1.365200000000101227e+03,0.000000000000000000e+00
1.365300000000101136e+03,0.000000000000000000e+00
1.365400000000101272e+03,0.000000000000000000e+00
1.365500000000101409e+03,0.000000000000000000e+00
1.365600000000101318e+03,0.000000000000000000e+00
1.365700000000101227e+03,0.000000000000000000e+00
1.365800000000101363e+03,0.000000000000000000e+00
1.365900000000101500e+03,0.000000000000000000e+00
1.366000000000101409e+03,0.000000000000000000e+00
1.366100000000101318e+03,0.000000000000000000e+00
1.366200000000101454e+03,0.000000000000000000e+00
1.366300000000101591e+03,0.000000000000000000e+00
1.366400000000101500e+03,0.000000000000000000e+00
1.366500000000101409e+03,0.000000000000000000e+00
1.366600000000101545e+03,0.000000000000000000e+00
1.366700000000101682e+03,0.000000000000000000e+00
1.366800000000101591e+03,0.000000000000000000e+00
1.366900000000101500e+03,0.000000000000000000e+00
1.367000000000101636e+03,0.000000000000000000e+00
1.367100000000101772e+03,0.000000000000000000e+00
1.367200000000101682e+03,0.000000000000000000e+00
1.367300000000101591e+03,0.000000000000000000e+00
1.367400000000101727e+03,0.000000000000000000e+00
1.367500000000101863e+03,0.000000000000000000e+00
1.367600000000101772e+03,0.000000000000000000e+00
1.367700000000101682e+03,0.000000000000000000e+00
1.367800000000101818e+03,0.000000000000000000e+00
1.367900000000101954e+03,0.000000000000000000e+00
1.368000000000101863e+03,0.000000000000000000e+00
1.368100000000101772e+03,0.000000000000000000e+00
1.368200000000101909e+03,0.000000000000000000e+00
1.368300000000102045e+03,0.000000000000000000e+00
1.368400000000101954e+03,0.000000000000000000e+00
1.368500000000101863e+03,0.000000000000000000e+00
1.368600000000102000e+03,0.000000000000000000e+00
1.368700000000102136e+03,0.000000000000000000e+00
1.368800000000102045e+03,0.000000000000000000e+00
1.368900000000101954e+03,0.000000000000000000e+00
1.369000000000102091e+03,0.000000000000000000e+00
1.369100000000102227e+03,0.000000000000000000e+00
1.369200000000102136e+03,0.000000000000000000e+00
1.369300000000102045e+03,0.000000000000000000e+00
1.369400000000102182e+03,0.000000000000000000e+00
1.369500000000102318e+03,0.000000000000000000e+00
1.369600000000102227e+03,0.000000000000000000e+00
1.369700000000102136e+03,0.000000000000000000e+00
1.369800000000102273e+03,0.000000000000000000e+00
1.369900000000102409e+03,0.000000000000000000e+00
1.370000000000102318e+03,0.000000000000000000e+00
1.370100000000102227e+03,0.000000000000000000e+00
1.370200000000102364e+03,0.000000000000000000e+00
1.370300000000102500e+03,0.000000000000000000e+00
1.370400000000102409e+03,0.000000000000000000e+00
1.370500000000102318e+03,0.000000000000000000e+00
1.370600000000102455e+03,0.000000000000000000e+00
1.370700000000102591e+03,0.000000000000000000e+00
1.370800000000102500e+03,0.000000000000000000e+00
1.370900000000102409e+03,0.000000000000000000e+00
1.371000000000102546e+03,0.000000000000000000e+00
1.371100000000102682e+03,0.000000000000000000e+00
1.371200000000102591e+03,0.000000000000000000e+00
1.371300000000102500e+03,0.000000000000000000e+00
1.371400000000102636e+03,0.000000000000000000e+00
1.371500000000102773e+03,0.000000000000000000e+00
1.371600000000102682e+03,0.000000000000000000e+00
1.371700000000102591e+03,0.000000000000000000e+00
1.371800000000102727e+03,0.000000000000000000e+00
1.371900000000102864e+03,0.000000000000000000e+00
1.372000000000102773e+03,0.000000000000000000e+00
1.372100000000102682e+03,0.000000000000000000e+00
1.372200000000102818e+03,0.000000000000000000e+00
1.372300000000102955e+03,0.000000000000000000e+00
1.372400000000102864e+03,0.000000000000000000e+00
1.372500000000102773e+03,0.000000000000000000e+00
1.372600000000102909e+03,0.000000000000000000e+00
1.372700000000103046e+03,0.000000000000000000e+00
1.372800000000102955e+03,0.000000000000000000e+00
1.372900000000102864e+03,0.000000000000000000e+00
1.373000000000103000e+03,0.000000000000000000e+00
1.373100000000103137e+03,0.000000000000000000e+00
1.373200000000103046e+03,0.000000000000000000e+00
1.373300000000102955e+03,0.000000000000000000e+00
1.373400000000103091e+03,0.000000000000000000e+00
1.373500000000103228e+03,0.000000000000000000e+00
1.373600000000103137e+03,0.000000000000000000e+00
1.373700000000103046e+03,0.000000000000000000e+00
1.373800000000103182e+03,0.000000000000000000e+00
1.373900000000103319e+03,0.000000000000000000e+00
1.374000000000103228e+03,0.000000000000000000e+00
1.374100000000103137e+03,0.000000000000000000e+00
1.374200000000103273e+03,0.000000000000000000e+00
1.374300000000103410e+03,0.000000000000000000e+00
1.374400000000103319e+03,0.000000000000000000e+00
1.374500000000103228e+03,0.000000000000000000e+00
1.374600000000103364e+03,0.000000000000000000e+00
1.374700000000103500e+03,0.000000000000000000e+00
1.374800000000103410e+03,0.000000000000000000e+00
1.374900000000103319e+03,0.000000000000000000e+00
1.375000000000103455e+03,0.000000000000000000e+00
1.375100000000103591e+03,0.000000000000000000e+00
1.375200000000103500e+03,0.000000000000000000e+00
1.375300000000103410e+03,0.000000000000000000e+00
1.375400000000103546e+03,0.000000000000000000e+00
1.375500000000103682e+03,0.000000000000000000e+00
1.375600000000103591e+03,0.000000000000000000e+00
1.375700000000103500e+03,0.000000000000000000e+00
1.375800000000103637e+03,0.000000000000000000e+00
1.375900000000103773e+03,0.000000000000000000e+00
1.376000000000103682e+03,0.000000000000000000e+00
1.376100000000103591e+03,0.000000000000000000e+00
1.376200000000103728e+03,0.000000000000000000e+00
1.376300000000103864e+03,0.000000000000000000e+00
1.376400000000103773e+03,0.000000000000000000e+00
1.376500000000103682e+03,0.000000000000000000e+00
1.376600000000103819e+03,0.000000000000000000e+00
1.376700000000103955e+03,0.000000000000000000e+00
1.376800000000103864e+03,0.000000000000000000e+00
1.376900000000103773e+03,0.000000000000000000e+00
1.377000000000103910e+03,0.000000000000000000e+00
1.377100000000104046e+03,0.000000000000000000e+00
1.377200000000103955e+03,0.000000000000000000e+00
1.377300000000103864e+03,0.000000000000000000e+00
1.377400000000104001e+03,0.000000000000000000e+00
1.377500000000104137e+03,0.000000000000000000e+00
1.377600000000104046e+03,0.000000000000000000e+00
1.377700000000103955e+03,0.000000000000000000e+00
1.377800000000104092e+03,0.000000000000000000e+00
1.377900000000104228e+03,0.000000000000000000e+00
1.378000000000104137e+03,0.000000000000000000e+00
1.378100000000104046e+03,0.000000000000000000e+00
1.378200000000104183e+03,0.000000000000000000e+00
1.378300000000104319e+03,0.000000000000000000e+00
1.378400000000104228e+03,0.000000000000000000e+00
1.378500000000104137e+03,0.000000000000000000e+00
1.378600000000104274e+03,0.000000000000000000e+00
1.378700000000104410e+03,0.000000000000000000e+00
1.378800000000104319e+03,0.000000000000000000e+00
1.378900000000104228e+03,0.000000000000000000e+00
1.379000000000104365e+03,0.000000000000000000e+00
1.379100000000104501e+03,0.000000000000000000e+00
1.379200000000104410e+03,0.000000000000000000e+00
1.379300000000104319e+03,0.000000000000000000e+00
1.379400000000104455e+03,0.000000000000000000e+00
1.379500000000104592e+03,0.000000000000000000e+00
1.379600000000104501e+03,0.000000000000000000e+00
1.379700000000104410e+03,0.000000000000000000e+00
1.379800000000104546e+03,0.000000000000000000e+00
1.379900000000104683e+03,0.000000000000000000e+00
1.380000000000104592e+03,0.000000000000000000e+00
1.380100000000104501e+03,0.000000000000000000e+00
1.380200000000104637e+03,0.000000000000000000e+00
1.380300000000104774e+03,0.000000000000000000e+00
1.380400000000104683e+03,0.000000000000000000e+00
1.380500000000104592e+03,0.000000000000000000e+00
1.380600000000104728e+03,0.000000000000000000e+00
1.380700000000104865e+03,0.000000000000000000e+00
1.380800000000104774e+03,0.000000000000000000e+00
1.380900000000104683e+03,0.000000000000000000e+00
1.381000000000104819e+03,0.000000000000000000e+00
1.381100000000104956e+03,0.000000000000000000e+00
1.381200000000104865e+03,0.000000000000000000e+00
1.381300000000104774e+03,0.000000000000000000e+00
1.381400000000104910e+03,0.000000000000000000e+00
1.381500000000105047e+03,0.000000000000000000e+00
1.381600000000104956e+03,0.000000000000000000e+00
1.381700000000104865e+03,0.000000000000000000e+00
1.381800000000105001e+03,0.000000000000000000e+00
1.381900000000105138e+03,0.000000000000000000e+00
1.382000000000105047e+03,0.000000000000000000e+00
1.382100000000104956e+03,0.000000000000000000e+00
1.382200000000105092e+03,0.000000000000000000e+00
1.382300000000105229e+03,0.000000000000000000e+00
1.382400000000105138e+03,0.000000000000000000e+00
1.382500000000105047e+03,0.000000000000000000e+00
1.382600000000105183e+03,0.000000000000000000e+00
1.382700000000105319e+03,0.000000000000000000e+00
1.382800000000105229e+03,0.000000000000000000e+00
1.382900000000105138e+03,0.000000000000000000e+00
1.383000000000105274e+03,0.000000000000000000e+00
1.383100000000105410e+03,0.000000000000000000e+00
1.383200000000105319e+03,0.000000000000000000e+00
1.383300000000105229e+03,0.000000000000000000e+00
1.383400000000105365e+03,0.000000000000000000e+00
1.383500000000105501e+03,0.000000000000000000e+00
1.383600000000105410e+03,0.000000000000000000e+00
1.383700000000105319e+03,0.000000000000000000e+00
1.383800000000105456e+03,0.000000000000000000e+00
1.383900000000105592e+03,0.000000000000000000e+00
1.384000000000105501e+03,0.000000000000000000e+00
1.384100000000105410e+03,0.000000000000000000e+00
1.384200000000105547e+03,0.000000000000000000e+00
1.384300000000105683e+03,0.000000000000000000e+00
1.384400000000105592e+03,0.000000000000000000e+00
1.384500000000105501e+03,0.000000000000000000e+00
1.384600000000105638e+03,0.000000000000000000e+00
1.384700000000105774e+03,0.000000000000000000e+00
1.384800000000105683e+03,0.000000000000000000e+00
1.384900000000105592e+03,0.000000000000000000e+00
1.385000000000105729e+03,0.000000000000000000e+00
1.385100000000105865e+03,0.000000000000000000e+00
1.385200000000105774e+03,0.000000000000000000e+00
1.385300000000105683e+03,0.000000000000000000e+00
1.385400000000105820e+03,0.000000000000000000e+00
1.385500000000105956e+03,0.000000000000000000e+00
1.385600000000105865e+03,0.000000000000000000e+00
1.385700000000105774e+03,0.000000000000000000e+00
1.385800000000105911e+03,0.000000000000000000e+00
1.385900000000106047e+03,0.000000000000000000e+00
1.386000000000105956e+03,0.000000000000000000e+00
1.386100000000105865e+03,0.000000000000000000e+00
1.386200000000106002e+03,0.000000000000000000e+00
1.386300000000106138e+03,0.000000000000000000e+00
1.386400000000106047e+03,0.000000000000000000e+00
1.386500000000105956e+03,0.000000000000000000e+00
1.386600000000106093e+03,0.000000000000000000e+00
1.386700000000106229e+03,0.000000000000000000e+00
1.386800000000106138e+03,0.000000000000000000e+00
1.386900000000106047e+03,0.000000000000000000e+00
1.387000000000106184e+03,0.000000000000000000e+00
1.387100000000106320e+03,0.000000000000000000e+00
1.387200000000106229e+03,0.000000000000000000e+00
1.387300000000106138e+03,0.000000000000000000e+00
1.387400000000106274e+03,0.000000000000000000e+00
1.387500000000106411e+03,0.000000000000000000e+00
1.387600000000106320e+03,0.000000000000000000e+00
1.387700000000106229e+03,0.000000000000000000e+00
1.387800000000106365e+03,0.000000000000000000e+00
1.387900000000106502e+03,0.000000000000000000e+00
1.388000000000106411e+03,0.000000000000000000e+00
1.388100000000106320e+03,0.000000000000000000e+00
1.388200000000106456e+03,0.000000000000000000e+00
1.388300000000106593e+03,0.000000000000000000e+00
1.388400000000106502e+03,0.000000000000000000e+00
1.388500000000106411e+03,0.000000000000000000e+00
1.388600000000106547e+03,0.000000000000000000e+00
1.388700000000106684e+03,0.000000000000000000e+00
1.388800000000106593e+03,0.000000000000000000e+00
1.388900000000106502e+03,0.000000000000000000e+00
1.389000000000106638e+03,0.000000000000000000e+00
1.389100000000106775e+03,0.000000000000000000e+00
1.389200000000106684e+03,0.000000000000000000e+00
1.389300000000106593e+03,0.000000000000000000e+00
1.389400000000106729e+03,0.000000000000000000e+00
1.389500000000106866e+03,0.000000000000000000e+00
1.389600000000106775e+03,0.000000000000000000e+00
1.389700000000106684e+03,0.000000000000000000e+00
1.389800000000106820e+03,0.000000000000000000e+00
1.389900000000106957e+03,0.000000000000000000e+00
1.390000000000106866e+03,0.000000000000000000e+00
1.390100000000106775e+03,0.000000000000000000e+00
1.390200000000106911e+03,0.000000000000000000e+00
1.390300000000107048e+03,0.000000000000000000e+00
1.390400000000106957e+03,0.000000000000000000e+00
1.390500000000106866e+03,0.000000000000000000e+00
1.390600000000107002e+03,0.000000000000000000e+00
1.390700000000107138e+03,0.000000000000000000e+00
1.390800000000107048e+03,0.000000000000000000e+00
1.390900000000106957e+03,0.000000000000000000e+00
1.391000000000107093e+03,0.000000000000000000e+00
1.391100000000107229e+03,0.000000000000000000e+00
1.391200000000107138e+03,0.000000000000000000e+00
1.391300000000107048e+03,0.000000000000000000e+00
1.391400000000107184e+03,0.000000000000000000e+00
1.391500000000107320e+03,0.000000000000000000e+00
1.391600000000107229e+03,0.000000000000000000e+00
1.391700000000107138e+03,0.000000000000000000e+00
1.391800000000107275e+03,0.000000000000000000e+00
1.391900000000107411e+03,0.000000000000000000e+00
1.392000000000107320e+03,0.000000000000000000e+00
1.392100000000107229e+03,0.000000000000000000e+00
1.392200000000107366e+03,0.000000000000000000e+00
1.392300000000107502e+03,0.000000000000000000e+00
1.392400000000107411e+03,0.000000000000000000e+00
1.392500000000107320e+03,0.000000000000000000e+00
1.392600000000107457e+03,0.000000000000000000e+00
1.392700000000107593e+03,0.000000000000000000e+00
1.392800000000107502e+03,0.000000000000000000e+00
1.392900000000107411e+03,0.000000000000000000e+00
1.393000000000107548e+03,0.000000000000000000e+00
1.393100000000107684e+03,0.000000000000000000e+00
1.393200000000107593e+03,0.000000000000000000e+00
1.393300000000107502e+03,0.000000000000000000e+00
1.393400000000107639e+03,0.000000000000000000e+00
1.393500000000107775e+03,0.000000000000000000e+00
1.393600000000107684e+03,0.000000000000000000e+00
1.393700000000107593e+03,0.000000000000000000e+00
1.393800000000107730e+03,0.000000000000000000e+00
1.393900000000107866e+03,0.000000000000000000e+00
1.394000000000107775e+03,0.000000000000000000e+00
1.394100000000107684e+03,0.000000000000000000e+00
1.394200000000107821e+03,0.000000000000000000e+00
1.394300000000107957e+03,0.000000000000000000e+00
1.394400000000107866e+03,0.000000000000000000e+00
1.394500000000107775e+03,0.000000000000000000e+00
1.394600000000107912e+03,0.000000000000000000e+00
1.394700000000108048e+03,0.000000000000000000e+00
1.394800000000107957e+03,0.000000000000000000e+00
1.394900000000107866e+03,0.000000000000000000e+00
1.395000000000108002e+03,0.000000000000000000e+00
1.395100000000108139e+03,0.000000000000000000e+00
1.395200000000108048e+03,0.000000000000000000e+00
1.395300000000107957e+03,0.000000000000000000e+00
1.395400000000108093e+03,0.000000000000000000e+00
1.395500000000108230e+03,0.000000000000000000e+00
1.395600000000108139e+03,0.000000000000000000e+00
1.395700000000108048e+03,0.000000000000000000e+00
1.395800000000108184e+03,0.000000000000000000e+00
1.395900000000108321e+03,0.000000000000000000e+00
1.396000000000108230e+03,0.000000000000000000e+00
1.396100000000108139e+03,0.000000000000000000e+00
1.396200000000108275e+03,0.000000000000000000e+00
1.396300000000108412e+03,0.000000000000000000e+00
1.396400000000108321e+03,0.000000000000000000e+00
1.396500000000108230e+03,0.000000000000000000e+00
1.396600000000108366e+03,0.000000000000000000e+00
1.396700000000108503e+03,0.000000000000000000e+00
1.396800000000108412e+03,0.000000000000000000e+00
1.396900000000108321e+03,0.000000000000000000e+00
1.397000000000108457e+03,0.000000000000000000e+00
1.397100000000108594e+03,0.000000000000000000e+00
1.397200000000108503e+03,0.000000000000000000e+00
1.397300000000108412e+03,0.000000000000000000e+00
1.397400000000108548e+03,0.000000000000000000e+00
1.397500000000108685e+03,0.000000000000000000e+00
1.397600000000108594e+03,0.000000000000000000e+00
1.397700000000108503e+03,0.000000000000000000e+00
1.397800000000108639e+03,0.000000000000000000e+00
1.397900000000108776e+03,0.000000000000000000e+00
1.398000000000108685e+03,0.000000000000000000e+00
1.398100000000108594e+03,0.000000000000000000e+00
1.398200000000108730e+03,0.000000000000000000e+00
1.398300000000108867e+03,0.000000000000000000e+00
1.398400000000108776e+03,0.000000000000000000e+00
1.398500000000108685e+03,0.000000000000000000e+00
1.398600000000108821e+03,0.000000000000000000e+00
1.398700000000108957e+03,0.000000000000000000e+00
1.398800000000108867e+03,0.000000000000000000e+00
1.398900000000108776e+03,0.000000000000000000e+00
1.399000000000108912e+03,0.000000000000000000e+00
1.399100000000109048e+03,0.000000000000000000e+00
1.399200000000108957e+03,0.000000000000000000e+00
1.399300000000108867e+03,0.000000000000000000e+00
1.399400000000109003e+03,0.000000000000000000e+00
1.399500000000109139e+03,0.000000000000000000e+00
1.399600000000109048e+03,0.000000000000000000e+00
1.399700000000108957e+03,0.000000000000000000e+00
1.399800000000109094e+03,0.000000000000000000e+00
1.399900000000109230e+03,0.000000000000000000e+00
1.400000000000109139e+03,0.000000000000000000e+00
1.400100000000109048e+03,0.000000000000000000e+00
1.400200000000109185e+03,0.000000000000000000e+00
1.400300000000109321e+03,0.000000000000000000e+00
1.400400000000109230e+03,0.000000000000000000e+00
1.400500000000109139e+03,0.000000000000000000e+00
1.400600000000109276e+03,0.000000000000000000e+00
1.400700000000109412e+03,0.000000000000000000e+00
1.400800000000109321e+03,0.000000000000000000e+00
1.400900000000109230e+03,0.000000000000000000e+00
1.401000000000109367e+03,0.000000000000000000e+00
1.401100000000109503e+03,0.000000000000000000e+00
1.401200000000109412e+03,0.000000000000000000e+00
1.401300000000109321e+03,0.000000000000000000e+00
1.401400000000109458e+03,0.000000000000000000e+00
1.401500000000109594e+03,0.000000000000000000e+00
1.401600000000109503e+03,0.000000000000000000e+00
1.401700000000109412e+03,0.000000000000000000e+00
1.401800000000109549e+03,0.000000000000000000e+00
1.401900000000109685e+03,0.000000000000000000e+00
1.402000000000109594e+03,0.000000000000000000e+00
1.402100000000109503e+03,0.000000000000000000e+00
1.402200000000109640e+03,0.000000000000000000e+00
1.402300000000109776e+03,0.000000000000000000e+00
1.402400000000109685e+03,0.000000000000000000e+00
1.402500000000109594e+03,0.000000000000000000e+00
1.402600000000109731e+03,0.000000000000000000e+00
1.402700000000109867e+03,0.000000000000000000e+00
1.402800000000109776e+03,0.000000000000000000e+00
1.402900000000109685e+03,0.000000000000000000e+00
1.403000000000109821e+03,0.000000000000000000e+00
1.403100000000109958e+03,0.000000000000000000e+00
1.403200000000109867e+03,0.000000000000000000e+00
1.403300000000109776e+03,0.000000000000000000e+00
1.403400000000109912e+03,0.000000000000000000e+00
1.403500000000110049e+03,0.000000000000000000e+00
1.403600000000109958e+03,0.000000000000000000e+00
1.403700000000109867e+03,0.000000000000000000e+00
1.403800000000110003e+03,0.000000000000000000e+00
1.403900000000110140e+03,0.000000000000000000e+00
1.404000000000110049e+03,0.000000000000000000e+00
1.404100000000109958e+03,0.000000000000000000e+00
1.404200000000110094e+03,0.000000000000000000e+00
1.404300000000110231e+03,0.000000000000000000e+00
1.404400000000110140e+03,0.000000000000000000e+00
1.404500000000110049e+03,0.000000000000000000e+00
1.404600000000110185e+03,0.000000000000000000e+00
1.404700000000110322e+03,0.000000000000000000e+00
1.404800000000110231e+03,0.000000000000000000e+00
1.404900000000110140e+03,0.000000000000000000e+00
1.405000000000110276e+03,0.000000000000000000e+00
1.405100000000110413e+03,0.000000000000000000e+00
1.405200000000110322e+03,0.000000000000000000e+00
1.405300000000110231e+03,0.000000000000000000e+00
1.405400000000110367e+03,0.000000000000000000e+00
1.405500000000110504e+03,0.000000000000000000e+00
1.405600000000110413e+03,0.000000000000000000e+00
1.405700000000110322e+03,0.000000000000000000e+00
1.405800000000110458e+03,0.000000000000000000e+00
1.405900000000110595e+03,0.000000000000000000e+00
1.406000000000110504e+03,0.000000000000000000e+00
1.406100000000110413e+03,0.000000000000000000e+00
1.406200000000110549e+03,0.000000000000000000e+00
1.406300000000110686e+03,0.000000000000000000e+00
1.406400000000110595e+03,0.000000000000000000e+00
1.406500000000110504e+03,0.000000000000000000e+00
1.406600000000110640e+03,0.000000000000000000e+00
1.406700000000110776e+03,0.000000000000000000e+00
1.406800000000110686e+03,0.000000000000000000e+00
1.406900000000110595e+03,0.000000000000000000e+00
1.407000000000110731e+03,0.000000000000000000e+00
1.407100000000110867e+03,0.000000000000000000e+00
1.407200000000110776e+03,0.000000000000000000e+00
1.407300000000110686e+03,0.000000000000000000e+00
1.407400000000110822e+03,0.000000000000000000e+00
1.407500000000110958e+03,0.000000000000000000e+00
1.407600000000110867e+03,0.000000000000000000e+00
1.407700000000110776e+03,0.000000000000000000e+00
1.407800000000110913e+03,0.000000000000000000e+00
1.407900000000111049e+03,0.000000000000000000e+00
1.408000000000110958e+03,0.000000000000000000e+00
1.408100000000110867e+03,0.000000000000000000e+00
1.408200000000111004e+03,0.000000000000000000e+00
1.408300000000111140e+03,0.000000000000000000e+00
1.408400000000111049e+03,0.000000000000000000e+00
1.408500000000110958e+03,0.000000000000000000e+00
1.408600000000111095e+03,0.000000000000000000e+00
1.408700000000111231e+03,0.000000000000000000e+00
1.408800000000111140e+03,0.000000000000000000e+00
1.408900000000111049e+03,0.000000000000000000e+00
1.409000000000111186e+03,0.000000000000000000e+00
1.409100000000111322e+03,0.000000000000000000e+00
1.409200000000111231e+03,0.000000000000000000e+00
1.409300000000111140e+03,0.000000000000000000e+00
1.409400000000111277e+03,0.000000000000000000e+00
1.409500000000111413e+03,0.000000000000000000e+00
1.409600000000111322e+03,0.000000000000000000e+00
1.409700000000111231e+03,0.000000000000000000e+00
1.409800000000111368e+03,0.000000000000000000e+00
1.409900000000111504e+03,0.000000000000000000e+00
1.410000000000111413e+03,0.000000000000000000e+00
1.410100000000111322e+03,0.000000000000000000e+00
1.410200000000111459e+03,0.000000000000000000e+00
1.410300000000111595e+03,0.000000000000000000e+00
1.410400000000111504e+03,0.000000000000000000e+00
1.410500000000111413e+03,0.000000000000000000e+00
1.410600000000111550e+03,0.000000000000000000e+00
1.410700000000111686e+03,0.000000000000000000e+00
1.410800000000111595e+03,0.000000000000000000e+00
1.410900000000111504e+03,0.000000000000000000e+00
1.411000000000111640e+03,0.000000000000000000e+00
1.411100000000111777e+03,0.000000000000000000e+00
1.411200000000111686e+03,0.000000000000000000e+00
1.411300000000111595e+03,0.000000000000000000e+00
1.411400000000111731e+03,0.000000000000000000e+00
1.411500000000111868e+03,0.000000000000000000e+00
1.411600000000111777e+03,0.000000000000000000e+00
1.411700000000111686e+03,0.000000000000000000e+00
1.411800000000111822e+03,0.000000000000000000e+00
1.411900000000111959e+03,0.000000000000000000e+00
1.412000000000111868e+03,0.000000000000000000e+00
1.412100000000111777e+03,0.000000000000000000e+00
1.412200000000111913e+03,0.000000000000000000e+00
1.412300000000112050e+03,0.000000000000000000e+00
1.412400000000111959e+03,0.000000000000000000e+00
1.412500000000111868e+03,0.000000000000000000e+00
1.412600000000112004e+03,0.000000000000000000e+00
1.412700000000112141e+03,0.000000000000000000e+00
1.412800000000112050e+03,0.000000000000000000e+00
1.412900000000111959e+03,0.000000000000000000e+00
1.413000000000112095e+03,0.000000000000000000e+00
1.413100000000112232e+03,0.000000000000000000e+00
1.413200000000112141e+03,0.000000000000000000e+00
1.413300000000112050e+03,0.000000000000000000e+00
1.413400000000112186e+03,0.000000000000000000e+00
1.413500000000112323e+03,0.000000000000000000e+00
1.413600000000112232e+03,0.000000000000000000e+00
1.413700000000112141e+03,0.000000000000000000e+00
1.413800000000112277e+03,0.000000000000000000e+00
1.413900000000112414e+03,0.000000000000000000e+00
1.414000000000112323e+03,0.000000000000000000e+00
1.414100000000112232e+03,0.000000000000000000e+00
1.414200000000112368e+03,0.000000000000000000e+00
1.414300000000112504e+03,0.000000000000000000e+00
1.414400000000112414e+03,0.000000000000000000e+00
1.414500000000112323e+03,0.000000000000000000e+00
1.414600000000112459e+03,0.000000000000000000e+00
1.414700000000112595e+03,0.000000000000000000e+00
1.414800000000112504e+03,0.000000000000000000e+00
1.414900000000112414e+03,0.000000000000000000e+00
1.415000000000112550e+03,0.000000000000000000e+00
1.415100000000112686e+03,0.000000000000000000e+00
1.415200000000112595e+03,0.000000000000000000e+00
1.415300000000112504e+03,0.000000000000000000e+00
1.415400000000112641e+03,0.000000000000000000e+00
1.415500000000112777e+03,0.000000000000000000e+00
1.415600000000112686e+03,0.000000000000000000e+00
1.415700000000112595e+03,0.000000000000000000e+00
1.415800000000112732e+03,0.000000000000000000e+00
1.415900000000112868e+03,0.000000000000000000e+00
1.416000000000112777e+03,0.000000000000000000e+00
1.416100000000112686e+03,0.000000000000000000e+00
1.416200000000112823e+03,0.000000000000000000e+00
1.416300000000112959e+03,0.000000000000000000e+00
1.416400000000112868e+03,0.000000000000000000e+00
1.416500000000112777e+03,0.000000000000000000e+00
1.416600000000112914e+03,0.000000000000000000e+00
1.416700000000113050e+03,0.000000000000000000e+00
1.416800000000112959e+03,0.000000000000000000e+00
1.416900000000112868e+03,0.000000000000000000e+00
1.417000000000113005e+03,0.000000000000000000e+00
1.417100000000113141e+03,0.000000000000000000e+00
1.417200000000113050e+03,0.000000000000000000e+00
1.417300000000112959e+03,0.000000000000000000e+00
1.417400000000113096e+03,0.000000000000000000e+00
1.417500000000113232e+03,0.000000000000000000e+00
1.417600000000113141e+03,0.000000000000000000e+00
1.417700000000113050e+03,0.000000000000000000e+00
1.417800000000113187e+03,0.000000000000000000e+00
1.417900000000113323e+03,0.000000000000000000e+00
1.418000000000113232e+03,0.000000000000000000e+00
1.418100000000113141e+03,0.000000000000000000e+00
1.418200000000113278e+03,0.000000000000000000e+00
1.418300000000113414e+03,0.000000000000000000e+00
1.418400000000113323e+03,0.000000000000000000e+00
1.418500000000113232e+03,0.000000000000000000e+00
1.418600000000113369e+03,0.000000000000000000e+00
1.418700000000113505e+03,0.000000000000000000e+00
1.418800000000113414e+03,0.000000000000000000e+00
1.418900000000113323e+03,0.000000000000000000e+00
1.419000000000113459e+03,0.000000000000000000e+00
1.419100000000113596e+03,0.000000000000000000e+00
1.419200000000113505e+03,0.000000000000000000e+00
1.419300000000113414e+03,0.000000000000000000e+00
1.419400000000113550e+03,0.000000000000000000e+00
1.419500000000113687e+03,0.000000000000000000e+00
1.419600000000113596e+03,0.000000000000000000e+00
1.419700000000113505e+03,0.000000000000000000e+00
1.419800000000113641e+03,0.000000000000000000e+00
1.419900000000113778e+03,0.000000000000000000e+00
1.420000000000113687e+03,0.000000000000000000e+00
1.420100000000113596e+03,0.000000000000000000e+00
1.420200000000113732e+03,0.000000000000000000e+00
1.420300000000113869e+03,0.000000000000000000e+00
1.420400000000113778e+03,0.000000000000000000e+00
1.420500000000113687e+03,0.000000000000000000e+00
1.420600000000113823e+03,0.000000000000000000e+00
1.420700000000113960e+03,0.000000000000000000e+00
1.420800000000113869e+03,0.000000000000000000e+00
1.420900000000113778e+03,0.000000000000000000e+00
1.421000000000113914e+03,0.000000000000000000e+00
1.421100000000114051e+03,0.000000000000000000e+00
1.421200000000113960e+03,0.000000000000000000e+00
1.421300000000113869e+03,0.000000000000000000e+00
1.421400000000114005e+03,0.000000000000000000e+00
1.421500000000114142e+03,0.000000000000000000e+00
1.421600000000114051e+03,0.000000000000000000e+00
1.421700000000113960e+03,0.000000000000000000e+00
1.421800000000114096e+03,0.000000000000000000e+00
1.421900000000114233e+03,0.000000000000000000e+00
1.422000000000114142e+03,0.000000000000000000e+00
1.422100000000114051e+03,0.000000000000000000e+00
1.422200000000114187e+03,0.000000000000000000e+00
1.422300000000114323e+03,0.000000000000000000e+00
1.422400000000114233e+03,0.000000000000000000e+00
1.422500000000114142e+03,0.000000000000000000e+00
1.422600000000114278e+03,0.000000000000000000e+00
1.422700000000114414e+03,0.000000000000000000e+00
1.422800000000114323e+03,0.000000000000000000e+00
1.422900000000114233e+03,0.000000000000000000e+00
1.423000000000114369e+03,0.000000000000000000e+00
1.423100000000114505e+03,0.000000000000000000e+00
1.423200000000114414e+03,0.000000000000000000e+00
1.423300000000114323e+03,0.000000000000000000e+00
1.423400000000114460e+03,0.000000000000000000e+00
1.423500000000114596e+03,0.000000000000000000e+00
1.423600000000114505e+03,0.000000000000000000e+00
1.423700000000114414e+03,0.000000000000000000e+00
1.423800000000114551e+03,0.000000000000000000e+00
1.423900000000114687e+03,0.000000000000000000e+00
1.424000000000114596e+03,0.000000000000000000e+00
1.424100000000114505e+03,0.000000000000000000e+00
1.424200000000114642e+03,0.000000000000000000e+00
1.424300000000114778e+03,0.000000000000000000e+00
1.424400000000114687e+03,0.000000000000000000e+00
1.424500000000114596e+03,0.000000000000000000e+00
1.424600000000114733e+03,0.000000000000000000e+00
1.424700000000114869e+03,0.000000000000000000e+00
1.424800000000114778e+03,0.000000000000000000e+00
1.424900000000114687e+03,0.000000000000000000e+00
1.425000000000114824e+03,0.000000000000000000e+00
1.425100000000114960e+03,0.000000000000000000e+00
1.425200000000114869e+03,0.000000000000000000e+00
1.425300000000114778e+03,0.000000000000000000e+00
1.425400000000114915e+03,0.000000000000000000e+00
1.425500000000115051e+03,0.000000000000000000e+00
1.425600000000114960e+03,0.000000000000000000e+00
1.425700000000114869e+03,0.000000000000000000e+00
1.425800000000115006e+03,0.000000000000000000e+00
1.425900000000115142e+03,0.000000000000000000e+00
1.426000000000115051e+03,0.000000000000000000e+00
1.426100000000114960e+03,0.000000000000000000e+00
1.426200000000115097e+03,0.000000000000000000e+00
1.426300000000115233e+03,0.000000000000000000e+00
1.426400000000115142e+03,0.000000000000000000e+00
1.426500000000115051e+03,0.000000000000000000e+00
1.426600000000115188e+03,0.000000000000000000e+00
1.426700000000115324e+03,0.000000000000000000e+00
1.426800000000115233e+03,0.000000000000000000e+00
1.426900000000115142e+03,0.000000000000000000e+00
1.427000000000115278e+03,0.000000000000000000e+00
1.427100000000115415e+03,0.000000000000000000e+00
1.427200000000115324e+03,0.000000000000000000e+00
1.427300000000115233e+03,0.000000000000000000e+00
1.427400000000115369e+03,0.000000000000000000e+00
1.427500000000115506e+03,0.000000000000000000e+00
1.427600000000115415e+03,0.000000000000000000e+00
1.427700000000115324e+03,0.000000000000000000e+00
1.427800000000115460e+03,0.000000000000000000e+00
1.427900000000115597e+03,0.000000000000000000e+00
1.428000000000115506e+03,0.000000000000000000e+00
1.428100000000115415e+03,0.000000000000000000e+00
1.428200000000115551e+03,0.000000000000000000e+00
1.428300000000115688e+03,0.000000000000000000e+00
1.428400000000115597e+03,0.000000000000000000e+00
1.428500000000115506e+03,0.000000000000000000e+00
1.428600000000115642e+03,0.000000000000000000e+00
1.428700000000115779e+03,0.000000000000000000e+00
1.428800000000115688e+03,0.000000000000000000e+00
1.428900000000115597e+03,0.000000000000000000e+00
1.429000000000115733e+03,0.000000000000000000e+00
1.429100000000115870e+03,0.000000000000000000e+00
1.429200000000115779e+03,0.000000000000000000e+00
1.429300000000115688e+03,0.000000000000000000e+00
1.429400000000115824e+03,0.000000000000000000e+00
1.429500000000115961e+03,0.000000000000000000e+00
1.429600000000115870e+03,0.000000000000000000e+00
1.429700000000115779e+03,0.000000000000000000e+00
1.429800000000115915e+03,0.000000000000000000e+00
1.429900000000116052e+03,0.000000000000000000e+00
1.430000000000115961e+03,0.000000000000000000e+00
1.430100000000115870e+03,0.000000000000000000e+00
1.430200000000116006e+03,0.000000000000000000e+00
1.430300000000116142e+03,0.000000000000000000e+00
1.430400000000116052e+03,0.000000000000000000e+00
1.430500000000115961e+03,0.000000000000000000e+00
1.430600000000116097e+03,0.000000000000000000e+00
1.430700000000116233e+03,0.000000000000000000e+00
1.430800000000116142e+03,0.000000000000000000e+00
1.430900000000116052e+03,0.000000000000000000e+00
1.431000000000116188e+03,0.000000000000000000e+00
1.431100000000116324e+03,0.000000000000000000e+00
1.431200000000116233e+03,0.000000000000000000e+00
1.431300000000116142e+03,0.000000000000000000e+00
1.431400000000116279e+03,0.000000000000000000e+00
1.431500000000116415e+03,0.000000000000000000e+00
1.431600000000116324e+03,0.000000000000000000e+00
1.431700000000116233e+03,0.000000000000000000e+00
1.431800000000116370e+03,0.000000000000000000e+00
1.431900000000116506e+03,0.000000000000000000e+00
1.432000000000116415e+03,0.000000000000000000e+00
1.432100000000116324e+03,0.000000000000000000e+00
1.432200000000116461e+03,0.000000000000000000e+00
1.432300000000116597e+03,0.000000000000000000e+00
1.432400000000116506e+03,0.000000000000000000e+00
1.432500000000116415e+03,0.000000000000000000e+00
1.432600000000116552e+03,0.000000000000000000e+00
1.432700000000116688e+03,0.000000000000000000e+00
1.432800000000116597e+03,0.000000000000000000e+00
1.432900000000116506e+03,0.000000000000000000e+00
1.433000000000116643e+03,0.000000000000000000e+00
1.433100000000116779e+03,0.000000000000000000e+00
1.433200000000116688e+03,0.000000000000000000e+00
1.433300000000116597e+03,0.000000000000000000e+00
1.433400000000116734e+03,0.000000000000000000e+00
1.433500000000116870e+03,0.000000000000000000e+00
1.433600000000116779e+03,0.000000000000000000e+00
1.433700000000116688e+03,0.000000000000000000e+00
1.433800000000116825e+03,0.000000000000000000e+00
1.433900000000116961e+03,0.000000000000000000e+00
1.434000000000116870e+03,0.000000000000000000e+00
1.434100000000116779e+03,0.000000000000000000e+00
1.434200000000116916e+03,0.000000000000000000e+00
1.434300000000117052e+03,0.000000000000000000e+00
1.434400000000116961e+03,0.000000000000000000e+00
1.434500000000116870e+03,0.000000000000000000e+00
1.434600000000117006e+03,0.000000000000000000e+00
1.434700000000117143e+03,0.000000000000000000e+00
1.434800000000117052e+03,0.000000000000000000e+00
1.434900000000116961e+03,0.000000000000000000e+00
1.435000000000117097e+03,0.000000000000000000e+00
1.435100000000117234e+03,0.000000000000000000e+00
1.435200000000117143e+03,0.000000000000000000e+00
1.435300000000117052e+03,0.000000000000000000e+00
1.435400000000117188e+03,0.000000000000000000e+00
1.435500000000117325e+03,0.000000000000000000e+00
1.435600000000117234e+03,0.000000000000000000e+00
1.435700000000117143e+03,0.000000000000000000e+00
1.435800000000117279e+03,0.000000000000000000e+00
1.435900000000117416e+03,0.000000000000000000e+00
1.436000000000117325e+03,0.000000000000000000e+00
1.436100000000117234e+03,0.000000000000000000e+00
1.436200000000117370e+03,0.000000000000000000e+00
1.436300000000117507e+03,0.000000000000000000e+00
1.436400000000117416e+03,0.000000000000000000e+00
1.436500000000117325e+03,0.000000000000000000e+00
1.436600000000117461e+03,0.000000000000000000e+00
1.436700000000117598e+03,0.000000000000000000e+00
1.436800000000117507e+03,0.000000000000000000e+00
1.436900000000117416e+03,0.000000000000000000e+00
1.437000000000117552e+03,0.000000000000000000e+00
1.437100000000117689e+03,0.000000000000000000e+00
1.437200000000117598e+03,0.000000000000000000e+00
1.437300000000117507e+03,0.000000000000000000e+00
1.437400000000117643e+03,0.000000000000000000e+00
1.437500000000117780e+03,0.000000000000000000e+00
1.437600000000117689e+03,0.000000000000000000e+00
1.437700000000117598e+03,0.000000000000000000e+00
1.437800000000117734e+03,0.000000000000000000e+00
1.437900000000117871e+03,0.000000000000000000e+00
1.438000000000117780e+03,0.000000000000000000e+00
1.438100000000117689e+03,0.000000000000000000e+00
1.438200000000117825e+03,0.000000000000000000e+00
1.438300000000117961e+03,0.000000000000000000e+00
1.438400000000117871e+03,0.000000000000000000e+00
1.438500000000117780e+03,0.000000000000000000e+00
1.438600000000117916e+03,0.000000000000000000e+00
1.438700000000118052e+03,0.000000000000000000e+00
1.438800000000117961e+03,0.000000000000000000e+00
1.438900000000117871e+03,0.000000000000000000e+00
1.439000000000118007e+03,0.000000000000000000e+00
1.439100000000118143e+03,0.000000000000000000e+00
1.439200000000118052e+03,0.000000000000000000e+00
1.439300000000117961e+03,0.000000000000000000e+00
1.439400000000118098e+03,0.000000000000000000e+00
1.439500000000118234e+03,0.000000000000000000e+00
1.439600000000118143e+03,0.000000000000000000e+00
1.439700000000118052e+03,0.000000000000000000e+00
1.439800000000118189e+03,0.000000000000000000e+00
1.439900000000118325e+03,0.000000000000000000e+00
1.440000000000118234e+03,0.000000000000000000e+00
1.440100000000118143e+03,0.000000000000000000e+00
1.440200000000118280e+03,0.000000000000000000e+00
1.440300000000118416e+03,0.000000000000000000e+00
1.440400000000118325e+03,0.000000000000000000e+00
1.440500000000118234e+03,0.000000000000000000e+00
1.440600000000118371e+03,0.000000000000000000e+00
1.440700000000118507e+03,0.000000000000000000e+00
1.440800000000118416e+03,0.000000000000000000e+00
1.440900000000118325e+03,0.000000000000000000e+00
1.441000000000118462e+03,0.000000000000000000e+00
1.441100000000118598e+03,0.000000000000000000e+00
1.441200000000118507e+03,0.000000000000000000e+00
1.441300000000118416e+03,0.000000000000000000e+00
1.441400000000118553e+03,0.000000000000000000e+00
1.441500000000118689e+03,0.000000000000000000e+00
1.441600000000118598e+03,0.000000000000000000e+00
1.441700000000118507e+03,0.000000000000000000e+00
1.441800000000118644e+03,0.000000000000000000e+00
1.441900000000118780e+03,0.000000000000000000e+00
1.442000000000118689e+03,0.000000000000000000e+00
1.442100000000118598e+03,0.000000000000000000e+00
1.442200000000118735e+03,0.000000000000000000e+00
1.442300000000118871e+03,0.000000000000000000e+00
1.442400000000118780e+03,0.000000000000000000e+00
1.442500000000118689e+03,0.000000000000000000e+00
1.442600000000118825e+03,0.000000000000000000e+00
1.442700000000118962e+03,0.000000000000000000e+00
1.442800000000118871e+03,0.000000000000000000e+00
1.442900000000118780e+03,0.000000000000000000e+00
1.443000000000118916e+03,0.000000000000000000e+00
1.443100000000119053e+03,0.000000000000000000e+00
1.443200000000118962e+03,0.000000000000000000e+00
1.443300000000118871e+03,0.000000000000000000e+00
1.443400000000119007e+03,0.000000000000000000e+00
1.443500000000119144e+03,0.000000000000000000e+00
1.443600000000119053e+03,0.000000000000000000e+00
1.443700000000118962e+03,0.000000000000000000e+00
1.443800000000119098e+03,0.000000000000000000e+00
1.443900000000119235e+03,0.000000000000000000e+00
1.444000000000119144e+03,0.000000000000000000e+00
1.444100000000119053e+03,0.000000000000000000e+00
1.444200000000119189e+03,0.000000000000000000e+00
1.444300000000119326e+03,0.000000000000000000e+00
1.444400000000119235e+03,0.000000000000000000e+00
1.444500000000119144e+03,0.000000000000000000e+00
1.444600000000119280e+03,0.000000000000000000e+00
1.444700000000119417e+03,0.000000000000000000e+00
1.444800000000119326e+03,0.000000000000000000e+00
1.444900000000119235e+03,0.000000000000000000e+00
1.445000000000119371e+03,0.000000000000000000e+00
1.445100000000119508e+03,0.000000000000000000e+00
1.445200000000119417e+03,0.000000000000000000e+00
1.445300000000119326e+03,0.000000000000000000e+00
1.445400000000119462e+03,0.000000000000000000e+00
1.445500000000119599e+03,0.000000000000000000e+00
1.445600000000119508e+03,0.000000000000000000e+00
1.445700000000119417e+03,0.000000000000000000e+00
1.445800000000119553e+03,0.000000000000000000e+00
1.445900000000119690e+03,0.000000000000000000e+00
1.446000000000119599e+03,0.000000000000000000e+00
1.446100000000119508e+03,0.000000000000000000e+00
1.446200000000119644e+03,0.000000000000000000e+00
1.446300000000119780e+03,0.000000000000000000e+00
1.446400000000119690e+03,0.000000000000000000e+00
1.446500000000119599e+03,0.000000000000000000e+00
1.446600000000119735e+03,0.000000000000000000e+00
1.446700000000119871e+03,0.000000000000000000e+00
1.446800000000119780e+03,0.000000000000000000e+00
1.446900000000119690e+03,0.000000000000000000e+00
1.447000000000119826e+03,0.000000000000000000e+00
1.447100000000119962e+03,0.000000000000000000e+00
1.447200000000119871e+03,0.000000000000000000e+00
1.447300000000119780e+03,0.000000000000000000e+00
1.447400000000119917e+03,0.000000000000000000e+00
1.447500000000120053e+03,0.000000000000000000e+00
1.447600000000119962e+03,0.000000000000000000e+00
1.447700000000119871e+03,0.000000000000000000e+00
1.447800000000120008e+03,0.000000000000000000e+00
1.447900000000120144e+03,0.000000000000000000e+00
1.448000000000120053e+03,0.000000000000000000e+00
1.448100000000119962e+03,0.000000000000000000e+00
1.448200000000120099e+03,0.000000000000000000e+00
1.448300000000120235e+03,0.000000000000000000e+00
1.448400000000120144e+03,0.000000000000000000e+00
1.448500000000120053e+03,0.000000000000000000e+00
1.448600000000120190e+03,0.000000000000000000e+00
1.448700000000120326e+03,0.000000000000000000e+00
1.448800000000120235e+03,0.000000000000000000e+00
1.448900000000120144e+03,0.000000000000000000e+00
1.449000000000120281e+03,0.000000000000000000e+00
1.449100000000120417e+03,0.000000000000000000e+00
1.449200000000120326e+03,0.000000000000000000e+00
1.449300000000120235e+03,0.000000000000000000e+00
1.449400000000120372e+03,0.000000000000000000e+00
1.449500000000120508e+03,0.000000000000000000e+00
1.449600000000120417e+03,0.000000000000000000e+00
1.449700000000120326e+03,0.000000000000000000e+00
1.449800000000120463e+03,0.000000000000000000e+00
1.449900000000120599e+03,0.000000000000000000e+00
1.450000000000120508e+03,0.000000000000000000e+00
1.450100000000120417e+03,0.000000000000000000e+00
1.450200000000120554e+03,0.000000000000000000e+00
1.450300000000120690e+03,0.000000000000000000e+00
1.450400000000120599e+03,0.000000000000000000e+00
1.450500000000120508e+03,0.000000000000000000e+00
1.450600000000120644e+03,0.000000000000000000e+00
1.450700000000120781e+03,0.000000000000000000e+00
1.450800000000120690e+03,0.000000000000000000e+00
1.450900000000120599e+03,0.000000000000000000e+00
1.451000000000120735e+03,0.000000000000000000e+00
1.451100000000120872e+03,0.000000000000000000e+00
1.451200000000120781e+03,0.000000000000000000e+00
1.451300000000120690e+03,0.000000000000000000e+00
1.451400000000120826e+03,0.000000000000000000e+00
1.451500000000120963e+03,0.000000000000000000e+00
1.451600000000120872e+03,0.000000000000000000e+00
1.451700000000120781e+03,0.000000000000000000e+00
1.451800000000120917e+03,0.000000000000000000e+00
1.451900000000121054e+03,0.000000000000000000e+00
1.452000000000120963e+03,0.000000000000000000e+00
1.452100000000120872e+03,0.000000000000000000e+00
1.452200000000121008e+03,0.000000000000000000e+00
1.452300000000121145e+03,0.000000000000000000e+00
1.452400000000121054e+03,0.000000000000000000e+00
1.452500000000120963e+03,0.000000000000000000e+00
1.452600000000121099e+03,0.000000000000000000e+00
1.452700000000121236e+03,0.000000000000000000e+00
1.452800000000121145e+03,0.000000000000000000e+00
1.452900000000121054e+03,0.000000000000000000e+00
1.453000000000121190e+03,0.000000000000000000e+00
1.453100000000121327e+03,0.000000000000000000e+00
1.453200000000121236e+03,0.000000000000000000e+00
1.453300000000121145e+03,0.000000000000000000e+00
1.453400000000121281e+03,0.000000000000000000e+00
1.453500000000121418e+03,0.000000000000000000e+00
1.453600000000121327e+03,0.000000000000000000e+00
1.453700000000121236e+03,0.000000000000000000e+00
1.453800000000121372e+03,0.000000000000000000e+00
1.453900000000121508e+03,0.000000000000000000e+00
1.454000000000121418e+03,0.000000000000000000e+00
1.454100000000121327e+03,0.000000000000000000e+00
1.454200000000121463e+03,0.000000000000000000e+00
1.454300000000121599e+03,0.000000000000000000e+00
1.454400000000121508e+03,0.000000000000000000e+00
1.454500000000121418e+03,0.000000000000000000e+00
1.454600000000121554e+03,0.000000000000000000e+00
1.454700000000121690e+03,0.000000000000000000e+00
1.454800000000121599e+03,0.000000000000000000e+00
1.454900000000121508e+03,0.000000000000000000e+00
1.455000000000121645e+03,0.000000000000000000e+00
1.455100000000121781e+03,0.000000000000000000e+00
1.455200000000121690e+03,0.000000000000000000e+00
1.455300000000121599e+03,0.000000000000000000e+00
1.455400000000121736e+03,0.000000000000000000e+00
1.455500000000121872e+03,0.000000000000000000e+00
1.455600000000121781e+03,0.000000000000000000e+00
1.455700000000121690e+03,0.000000000000000000e+00
1.455800000000121827e+03,0.000000000000000000e+00
1.455900000000121963e+03,0.000000000000000000e+00
1.456000000000121872e+03,0.000000000000000000e+00
1.456100000000121781e+03,0.000000000000000000e+00
1.456200000000121918e+03,0.000000000000000000e+00
1.456300000000122054e+03,0.000000000000000000e+00
1.456400000000121963e+03,0.000000000000000000e+00
1.456500000000121872e+03,0.000000000000000000e+00
1.456600000000122009e+03,0.000000000000000000e+00
1.456700000000122145e+03,0.000000000000000000e+00
1.456800000000122054e+03,0.000000000000000000e+00
1.456900000000121963e+03,0.000000000000000000e+00
1.457000000000122100e+03,0.000000000000000000e+00
1.457100000000122236e+03,0.000000000000000000e+00
1.457200000000122145e+03,0.000000000000000000e+00
1.457300000000122054e+03,0.000000000000000000e+00
1.457400000000122191e+03,0.000000000000000000e+00
1.457500000000122327e+03,0.000000000000000000e+00
1.457600000000122236e+03,0.000000000000000000e+00
1.457700000000122145e+03,0.000000000000000000e+00
1.457800000000122282e+03,0.000000000000000000e+00
1.457900000000122418e+03,0.000000000000000000e+00
1.458000000000122327e+03,0.000000000000000000e+00
1.458100000000122236e+03,0.000000000000000000e+00
1.458200000000122373e+03,0.000000000000000000e+00
1.458300000000122509e+03,0.000000000000000000e+00
1.458400000000122418e+03,0.000000000000000000e+00
1.458500000000122327e+03,0.000000000000000000e+00
1.458600000000122463e+03,0.000000000000000000e+00
1.458700000000122600e+03,0.000000000000000000e+00
1.458800000000122509e+03,0.000000000000000000e+00
1.458900000000122418e+03,0.000000000000000000e+00
1.459000000000122554e+03,0.000000000000000000e+00
1.459100000000122691e+03,0.000000000000000000e+00
1.459200000000122600e+03,0.000000000000000000e+00
1.459300000000122509e+03,0.000000000000000000e+00
1.459400000000122645e+03,0.000000000000000000e+00
1.459500000000122782e+03,0.000000000000000000e+00
1.459600000000122691e+03,0.000000000000000000e+00
1.459700000000122600e+03,0.000000000000000000e+00
1.459800000000122736e+03,0.000000000000000000e+00
1.459900000000122873e+03,0.000000000000000000e+00
1.460000000000122782e+03,0.000000000000000000e+00
1.460100000000122691e+03,0.000000000000000000e+00
1.460200000000122827e+03,0.000000000000000000e+00
1.460300000000122964e+03,0.000000000000000000e+00
1.460400000000122873e+03,0.000000000000000000e+00
1.460500000000122782e+03,0.000000000000000000e+00
1.460600000000122918e+03,0.000000000000000000e+00
1.460700000000123055e+03,0.000000000000000000e+00
1.460800000000122964e+03,0.000000000000000000e+00
1.460900000000122873e+03,0.000000000000000000e+00
1.461000000000123009e+03,0.000000000000000000e+00
1.461100000000123146e+03,0.000000000000000000e+00
1.461200000000123055e+03,0.000000000000000000e+00
1.461300000000122964e+03,0.000000000000000000e+00
1.461400000000123100e+03,0.000000000000000000e+00
1.461500000000123237e+03,0.000000000000000000e+00
1.461600000000123146e+03,0.000000000000000000e+00
1.461700000000123055e+03,0.000000000000000000e+00
1.461800000000123191e+03,0.000000000000000000e+00
1.461900000000123327e+03,0.000000000000000000e+00
1.462000000000123237e+03,0.000000000000000000e+00
1.462100000000123146e+03,0.000000000000000000e+00
1.462200000000123282e+03,0.000000000000000000e+00
1.462300000000123418e+03,0.000000000000000000e+00
1.462400000000123327e+03,0.000000000000000000e+00
1.462500000000123237e+03,0.000000000000000000e+00
1.462600000000123373e+03,0.000000000000000000e+00
1.462700000000123509e+03,0.000000000000000000e+00
1.462800000000123418e+03,0.000000000000000000e+00
1.462900000000123327e+03,0.000000000000000000e+00
1.463000000000123464e+03,0.000000000000000000e+00
1.463100000000123600e+03,0.000000000000000000e+00
1.463200000000123509e+03,0.000000000000000000e+00
1.463300000000123418e+03,0.000000000000000000e+00
1.463400000000123555e+03,0.000000000000000000e+00
1.463500000000123691e+03,0.000000000000000000e+00
1.463600000000123600e+03,0.000000000000000000e+00
1.463700000000123509e+03,0.000000000000000000e+00
1.463800000000123646e+03,0.000000000000000000e+00
1.463900000000123782e+03,0.000000000000000000e+00
1.464000000000123691e+03,0.000000000000000000e+00
1.464100000000123600e+03,0.000000000000000000e+00
1.464200000000123737e+03,0.000000000000000000e+00
1.464300000000123873e+03,0.000000000000000000e+00
1.464400000000123782e+03,0.000000000000000000e+00
1.464500000000123691e+03,0.000000000000000000e+00
1.464600000000123828e+03,0.000000000000000000e+00
1.464700000000123964e+03,0.000000000000000000e+00
1.464800000000123873e+03,0.000000000000000000e+00
1.464900000000123782e+03,0.000000000000000000e+00
1.465000000000123919e+03,0.000000000000000000e+00
1.465100000000124055e+03,0.000000000000000000e+00
1.465200000000123964e+03,0.000000000000000000e+00
1.465300000000123873e+03,0.000000000000000000e+00
1.465400000000124010e+03,0.000000000000000000e+00
1.465500000000124146e+03,0.000000000000000000e+00
1.465600000000124055e+03,0.000000000000000000e+00
1.465700000000123964e+03,0.000000000000000000e+00
1.465800000000124101e+03,0.000000000000000000e+00
1.465900000000124237e+03,0.000000000000000000e+00
1.466000000000124146e+03,0.000000000000000000e+00
1.466100000000124055e+03,0.000000000000000000e+00
1.466200000000124192e+03,0.000000000000000000e+00
1.466300000000124328e+03,0.000000000000000000e+00
1.466400000000124237e+03,0.000000000000000000e+00
1.466500000000124146e+03,0.000000000000000000e+00
1.466600000000124282e+03,0.000000000000000000e+00
1.466700000000124419e+03,0.000000000000000000e+00
1.466800000000124328e+03,0.000000000000000000e+00
1.466900000000124237e+03,0.000000000000000000e+00
1.467000000000124373e+03,0.000000000000000000e+00
1.467100000000124510e+03,0.000000000000000000e+00
1.467200000000124419e+03,0.000000000000000000e+00
1.467300000000124328e+03,0.000000000000000000e+00
1.467400000000124464e+03,0.000000000000000000e+00
1.467500000000124601e+03,0.000000000000000000e+00
1.467600000000124510e+03,0.000000000000000000e+00
1.467700000000124419e+03,0.000000000000000000e+00
1.467800000000124555e+03,0.000000000000000000e+00
1.467900000000124692e+03,0.000000000000000000e+00
1.468000000000124601e+03,0.000000000000000000e+00
1.468100000000124510e+03,0.000000000000000000e+00
1.468200000000124646e+03,0.000000000000000000e+00
1.468300000000124783e+03,0.000000000000000000e+00
1.468400000000124692e+03,0.000000000000000000e+00
1.468500000000124601e+03,0.000000000000000000e+00
1.468600000000124737e+03,0.000000000000000000e+00
1.468700000000124874e+03,0.000000000000000000e+00
1.468800000000124783e+03,0.000000000000000000e+00
1.468900000000124692e+03,0.000000000000000000e+00
1.469000000000124828e+03,0.000000000000000000e+00
1.469100000000124965e+03,0.000000000000000000e+00
1.469200000000124874e+03,0.000000000000000000e+00
1.469300000000124783e+03,0.000000000000000000e+00
1.469400000000124919e+03,0.000000000000000000e+00
1.469500000000125056e+03,0.000000000000000000e+00
1.469600000000124965e+03,0.000000000000000000e+00
1.469700000000124874e+03,0.000000000000000000e+00
1.469800000000125010e+03,0.000000000000000000e+00
1.469900000000125146e+03,0.000000000000000000e+00
1.470000000000125056e+03,0.000000000000000000e+00
1.470100000000124965e+03,0.000000000000000000e+00
1.470200000000125101e+03,0.000000000000000000e+00
1.470300000000125237e+03,0.000000000000000000e+00
1.470400000000125146e+03,0.000000000000000000e+00
1.470500000000125056e+03,0.000000000000000000e+00
1.470600000000125192e+03,0.000000000000000000e+00
1.470700000000125328e+03,0.000000000000000000e+00
1.470800000000125237e+03,0.000000000000000000e+00
1.470900000000125146e+03,0.000000000000000000e+00
1.471000000000125283e+03,0.000000000000000000e+00
1.471100000000125419e+03,0.000000000000000000e+00
1.471200000000125328e+03,0.000000000000000000e+00
1.471300000000125237e+03,0.000000000000000000e+00
1.471400000000125374e+03,0.000000000000000000e+00
1.471500000000125510e+03,0.000000000000000000e+00
1.471600000000125419e+03,0.000000000000000000e+00
1.471700000000125328e+03,0.000000000000000000e+00
1.471800000000125465e+03,0.000000000000000000e+00
1.471900000000125601e+03,0.000000000000000000e+00
1.472000000000125510e+03,0.000000000000000000e+00
1.472100000000125419e+03,0.000000000000000000e+00
1.472200000000125556e+03,0.000000000000000000e+00
1.472300000000125692e+03,0.000000000000000000e+00
1.472400000000125601e+03,0.000000000000000000e+00
1.472500000000125510e+03,0.000000000000000000e+00
1.472600000000125647e+03,0.000000000000000000e+00
1.472700000000125783e+03,0.000000000000000000e+00
1.472800000000125692e+03,0.000000000000000000e+00
1.472900000000125601e+03,0.000000000000000000e+00
1.473000000000125738e+03,0.000000000000000000e+00
1.473100000000125874e+03,0.000000000000000000e+00
1.473200000000125783e+03,0.000000000000000000e+00
1.473300000000125692e+03,0.000000000000000000e+00
1.473400000000125829e+03,0.000000000000000000e+00
1.473500000000125965e+03,0.000000000000000000e+00
1.473600000000125874e+03,0.000000000000000000e+00
1.473700000000125783e+03,0.000000000000000000e+00
1.473800000000125920e+03,0.000000000000000000e+00
1.473900000000126056e+03,0.000000000000000000e+00
1.474000000000125965e+03,0.000000000000000000e+00
1.474100000000125874e+03,0.000000000000000000e+00
1.474200000000126010e+03,0.000000000000000000e+00
1.474300000000126147e+03,0.000000000000000000e+00
1.474400000000126056e+03,0.000000000000000000e+00
1.474500000000125965e+03,0.000000000000000000e+00
1.474600000000126101e+03,0.000000000000000000e+00
1.474700000000126238e+03,0.000000000000000000e+00
1.474800000000126147e+03,0.000000000000000000e+00
1.474900000000126056e+03,0.000000000000000000e+00
1.475000000000126192e+03,0.000000000000000000e+00
1.475100000000126329e+03,0.000000000000000000e+00
1.475200000000126238e+03,0.000000000000000000e+00
1.475300000000126147e+03,0.000000000000000000e+00
1.475400000000126283e+03,0.000000000000000000e+00
1.475500000000126420e+03,0.000000000000000000e+00
1.475600000000126329e+03,0.000000000000000000e+00
1.475700000000126238e+03,0.000000000000000000e+00
1.475800000000126374e+03,0.000000000000000000e+00
1.475900000000126511e+03,0.000000000000000000e+00
1.476000000000126420e+03,0.000000000000000000e+00
1.476100000000126329e+03,0.000000000000000000e+00
1.476200000000126465e+03,0.000000000000000000e+00
1.476300000000126602e+03,0.000000000000000000e+00
1.476400000000126511e+03,0.000000000000000000e+00
1.476500000000126420e+03,0.000000000000000000e+00
1.476600000000126556e+03,0.000000000000000000e+00
1.476700000000126693e+03,0.000000000000000000e+00
1.476800000000126602e+03,0.000000000000000000e+00
1.476900000000126511e+03,0.000000000000000000e+00
1.477000000000126647e+03,0.000000000000000000e+00
1.477100000000126784e+03,0.000000000000000000e+00
1.477200000000126693e+03,0.000000000000000000e+00
1.477300000000126602e+03,0.000000000000000000e+00
1.477400000000126738e+03,0.000000000000000000e+00
1.477500000000126875e+03,0.000000000000000000e+00
1.477600000000126784e+03,0.000000000000000000e+00
1.477700000000126693e+03,0.000000000000000000e+00
1.477800000000126829e+03,0.000000000000000000e+00
1.477900000000126965e+03,0.000000000000000000e+00
1.478000000000126875e+03,0.000000000000000000e+00
1.478100000000126784e+03,0.000000000000000000e+00
1.478200000000126920e+03,0.000000000000000000e+00
1.478300000000127056e+03,0.000000000000000000e+00
1.478400000000126965e+03,0.000000000000000000e+00
1.478500000000126875e+03,0.000000000000000000e+00
1.478600000000127011e+03,0.000000000000000000e+00
1.478700000000127147e+03,0.000000000000000000e+00
1.478800000000127056e+03,0.000000000000000000e+00
1.478900000000126965e+03,0.000000000000000000e+00
1.479000000000127102e+03,0.000000000000000000e+00
1.479100000000127238e+03,0.000000000000000000e+00
1.479200000000127147e+03,0.000000000000000000e+00
1.479300000000127056e+03,0.000000000000000000e+00
1.479400000000127193e+03,0.000000000000000000e+00
1.479500000000127329e+03,0.000000000000000000e+00
1.479600000000127238e+03,0.000000000000000000e+00
1.479700000000127147e+03,0.000000000000000000e+00
1.479800000000127284e+03,0.000000000000000000e+00
1.479900000000127420e+03,0.000000000000000000e+00
1.480000000000127329e+03,0.000000000000000000e+00
1.480100000000127238e+03,0.000000000000000000e+00
1.480200000000127375e+03,0.000000000000000000e+00
1.480300000000127511e+03,0.000000000000000000e+00
1.480400000000127420e+03,0.000000000000000000e+00
1.480500000000127329e+03,0.000000000000000000e+00
1.480600000000127466e+03,0.000000000000000000e+00
1.480700000000127602e+03,0.000000000000000000e+00
1.480800000000127511e+03,0.000000000000000000e+00
1.480900000000127420e+03,0.000000000000000000e+00
1.481000000000127557e+03,0.000000000000000000e+00
1.481100000000127693e+03,0.000000000000000000e+00
1.481200000000127602e+03,0.000000000000000000e+00
1.481300000000127511e+03,0.000000000000000000e+00
1.481400000000127648e+03,0.000000000000000000e+00
1.481500000000127784e+03,0.000000000000000000e+00
1.481600000000127693e+03,0.000000000000000000e+00
1.481700000000127602e+03,0.000000000000000000e+00
1.481800000000127739e+03,0.000000000000000000e+00
1.481900000000127875e+03,0.000000000000000000e+00
1.482000000000127784e+03,0.000000000000000000e+00
1.482100000000127693e+03,0.000000000000000000e+00
1.482200000000127829e+03,0.000000000000000000e+00
1.482300000000127966e+03,0.000000000000000000e+00
1.482400000000127875e+03,0.000000000000000000e+00
1.482500000000127784e+03,0.000000000000000000e+00
1.482600000000127920e+03,0.000000000000000000e+00
1.482700000000128057e+03,0.000000000000000000e+00
1.482800000000127966e+03,0.000000000000000000e+00
1.482900000000127875e+03,0.000000000000000000e+00
1.483000000000128011e+03,0.000000000000000000e+00
1.483100000000128148e+03,0.000000000000000000e+00
1.483200000000128057e+03,0.000000000000000000e+00
1.483300000000127966e+03,0.000000000000000000e+00
1.483400000000128102e+03,0.000000000000000000e+00
1.483500000000128239e+03,0.000000000000000000e+00
1.483600000000128148e+03,0.000000000000000000e+00
1.483700000000128057e+03,0.000000000000000000e+00
1.483800000000128193e+03,0.000000000000000000e+00
1.483900000000128330e+03,0.000000000000000000e+00
1.484000000000128239e+03,0.000000000000000000e+00
1.484100000000128148e+03,0.000000000000000000e+00
1.484200000000128284e+03,0.000000000000000000e+00
1.484300000000128421e+03,0.000000000000000000e+00
1.484400000000128330e+03,0.000000000000000000e+00
1.484500000000128239e+03,0.000000000000000000e+00
1.484600000000128375e+03,0.000000000000000000e+00
1.484700000000128512e+03,0.000000000000000000e+00
1.484800000000128421e+03,0.000000000000000000e+00
1.484900000000128330e+03,0.000000000000000000e+00
1.485000000000128466e+03,0.000000000000000000e+00
1.485100000000128603e+03,0.000000000000000000e+00
1.485200000000128512e+03,0.000000000000000000e+00
1.485300000000128421e+03,0.000000000000000000e+00
1.485400000000128557e+03,0.000000000000000000e+00
1.485500000000128694e+03,0.000000000000000000e+00
1.485600000000128603e+03,0.000000000000000000e+00
1.485700000000128512e+03,0.000000000000000000e+00
1.485800000000128648e+03,0.000000000000000000e+00
1.485900000000128784e+03,0.000000000000000000e+00
1.486000000000128694e+03,0.000000000000000000e+00
1.486100000000128603e+03,0.000000000000000000e+00
1.486200000000128739e+03,0.000000000000000000e+00
1.486300000000128875e+03,0.000000000000000000e+00
1.486400000000128784e+03,0.000000000000000000e+00
1.486500000000128694e+03,0.000000000000000000e+00
1.486600000000128830e+03,0.000000000000000000e+00
1.486700000000128966e+03,0.000000000000000000e+00
1.486800000000128875e+03,0.000000000000000000e+00
1.486900000000128784e+03,0.000000000000000000e+00
1.487000000000128921e+03,0.000000000000000000e+00
1.487100000000129057e+03,0.000000000000000000e+00
1.487200000000128966e+03,0.000000000000000000e+00
1.487300000000128875e+03,0.000000000000000000e+00
1.487400000000129012e+03,0.000000000000000000e+00
1.487500000000129148e+03,0.000000000000000000e+00
1.487600000000129057e+03,0.000000000000000000e+00
1.487700000000128966e+03,0.000000000000000000e+00
1.487800000000129103e+03,0.000000000000000000e+00
1.487900000000129239e+03,0.000000000000000000e+00
1.488000000000129148e+03,0.000000000000000000e+00
1.488100000000129057e+03,0.000000000000000000e+00
1.488200000000129194e+03,0.000000000000000000e+00
1.488300000000129330e+03,0.000000000000000000e+00
1.488400000000129239e+03,0.000000000000000000e+00
1.488500000000129148e+03,0.000000000000000000e+00
1.488600000000129285e+03,0.000000000000000000e+00
1.488700000000129421e+03,0.000000000000000000e+00
1.488800000000129330e+03,0.000000000000000000e+00
1.488900000000129239e+03,0.000000000000000000e+00
1.489000000000129376e+03,0.000000000000000000e+00
1.489100000000129512e+03,0.000000000000000000e+00
1.489200000000129421e+03,0.000000000000000000e+00
1.489300000000129330e+03,0.000000000000000000e+00
1.489400000000129467e+03,0.000000000000000000e+00
1.489500000000129603e+03,0.000000000000000000e+00
1.489600000000129512e+03,0.000000000000000000e+00
1.489700000000129421e+03,0.000000000000000000e+00
1.489800000000129558e+03,0.000000000000000000e+00
1.489900000000129694e+03,0.000000000000000000e+00
1.490000000000129603e+03,0.000000000000000000e+00
1.490100000000129512e+03,0.000000000000000000e+00
1.490200000000129648e+03,0.000000000000000000e+00
1.490300000000129785e+03,0.000000000000000000e+00
1.490400000000129694e+03,0.000000000000000000e+00
1.490500000000129603e+03,0.000000000000000000e+00
1.490600000000129739e+03,0.000000000000000000e+00
1.490700000000129876e+03,0.000000000000000000e+00
1.490800000000129785e+03,0.000000000000000000e+00
1.490900000000129694e+03,0.000000000000000000e+00
1.491000000000129830e+03,0.000000000000000000e+00
1.491100000000129967e+03,0.000000000000000000e+00
1.491200000000129876e+03,0.000000000000000000e+00
1.491300000000129785e+03,0.000000000000000000e+00
1.491400000000129921e+03,0.000000000000000000e+00
1.491500000000130058e+03,0.000000000000000000e+00
1.491600000000129967e+03,0.000000000000000000e+00
1.491700000000129876e+03,0.000000000000000000e+00
1.491800000000130012e+03,0.000000000000000000e+00
1.491900000000130149e+03,0.000000000000000000e+00
1.492000000000130058e+03,0.000000000000000000e+00
1.492100000000129967e+03,0.000000000000000000e+00
1.492200000000130103e+03,0.000000000000000000e+00
1.492300000000130240e+03,0.000000000000000000e+00
1.492400000000130149e+03,0.000000000000000000e+00
1.492500000000130058e+03,0.000000000000000000e+00
1.492600000000130194e+03,0.000000000000000000e+00
1.492700000000130331e+03,0.000000000000000000e+00
1.492800000000130240e+03,0.000000000000000000e+00
1.492900000000130149e+03,0.000000000000000000e+00
1.493000000000130285e+03,2.669401626631015228e-12
1.493100000000130422e+03,2.070707064186768937e-03
1.493200000000130331e+03,4.185034065072357028e-03
1.493300000000130240e+03,6.342946670841327281e-03
1.493400000000130376e+03,8.544418099331870659e-03
1.493500000000130512e+03,1.078950226642505679e-02
1.493600000000130422e+03,1.307822005697382994e-02
1.493700000000130331e+03,1.541059235812476842e-02
1.493800000000130467e+03,1.778679981213475772e-02
1.493900000000130603e+03,2.020680313330678116e-02
1.494000000000130512e+03,2.267058198260910387e-02
1.494100000000130422e+03,2.375415745729727093e-02
1.494200000000130558e+03,2.485270533669834900e-02
1.494300000000130694e+03,2.596623450533660019e-02
1.494400000000130603e+03,2.709475384991089086e-02
1.494500000000130512e+03,2.823827225930031215e-02
1.494600000000130649e+03,2.939679862455936085e-02
1.494700000000130785e+03,3.057011369434172940e-02
1.494800000000130694e+03,3.175830028172697828e-02
1.494900000000130603e+03,3.296149307074706936e-02
1.495000000000130740e+03,3.417970042841587258e-02
1.495100000000130876e+03,3.549182929994034591e-02
1.495200000000130785e+03,3.681659895049463338e-02
1.495300000000130694e+03,3.815401677440092426e-02
1.495400000000130831e+03,3.950409016770826259e-02
1.495500000000130967e+03,4.086682652818613565e-02
1.495600000000130876e+03,4.224248435873142332e-02
1.495700000000130785e+03,4.363109039454646926e-02
1.495800000000130922e+03,4.503259779571477245e-02
1.495900000000131058e+03,4.644686715329157667e-02
1.496000000000130967e+03,4.787388362057010127e-02
1.496100000000130876e+03,4.933197614560650562e-02
1.496200000000131013e+03,5.079795703828743347e-02
1.496300000000131149e+03,5.227186326847014369e-02
1.496400000000131058e+03,5.375369838387906302e-02
1.496500000000130967e+03,5.524346593257149080e-02
1.496600000000131104e+03,5.674116946293025071e-02
1.496700000000131240e+03,5.824681252365752210e-02
1.496800000000131149e+03,5.976039866378094617e-02
1.496900000000131058e+03,6.128193143266059961e-02
1.497000000000131195e+03,6.281141437998179200e-02
1.497100000000131331e+03,6.434661493841320468e-02
1.497200000000131240e+03,6.588584730264519795e-02
1.497300000000131149e+03,6.742911359792377879e-02
1.497400000000131286e+03,6.897653231109471261e-02
1.497500000000131422e+03,7.052807725971610431e-02
1.497600000000131331e+03,7.208367142565189067e-02
1.497700000000131240e+03,7.364331697074265326e-02
1.497800000000131377e+03,7.520701605732119099e-02
1.497900000000131513e+03,7.677477084820658049e-02
1.498000000000131422e+03,7.834658350665509030e-02
1.498100000000131331e+03,7.987906465743083162e-02
1.498200000000131467e+03,8.141243166023261202e-02
1.498300000000131604e+03,8.294668478146742518e-02
1.498400000000131513e+03,8.448182428758424511e-02
1.498500000000131422e+03,8.601785044508163114e-02
1.498600000000131558e+03,8.755476352050070576e-02
1.498700000000131695e+03,8.909256378041792435e-02
1.498800000000131604e+03,9.063184148548161789e-02
1.498900000000131513e+03,9.217251245116524216e-02
1.499000000000131649e+03,9.371410776973332357e-02
1.499100000000131786e+03,9.519462049697899331e-02
1.499200000000131695e+03,9.667486797635210793e-02
1.499300000000131604e+03,9.815370755369021150e-02
1.499400000000131740e+03,9.963223281989384839e-02
1.499500000000131877e+03,1.011104569751842958e-01
1.499600000000131786e+03,1.025883797067887460e-01
1.499700000000131695e+03,1.040660007019080235e-01
1.499800000000131831e+03,1.055433196477086333e-01
1.499900000000131968e+03,1.070203362313163487e-01
1.500000000000131877e+03,1.084970501396756021e-01
1.500100000000131786e+03,1.098612158033810959e-01
1.500200000000131922e+03,1.112248009328698356e-01
1.500300000000132059e+03,1.125878049612671628e-01
1.500400000000131968e+03,1.139502273215505374e-01
1.500500000000131877e+03,1.153120674465570317e-01
1.500600000000132013e+03,1.166733247689766412e-01
1.500700000000132150e+03,1.180339987213458730e-01
1.500800000000132059e+03,1.193940887360539493e-01
1.500900000000131968e+03,1.207535942453499545e-01
1.501000000000132104e+03,1.221125146811104373e-01
1.501100000000132241e+03,1.233014273178740239e-01
1.501200000000132150e+03,1.244900517942931495e-01
1.501300000000132059e+03,1.256783878099081431e-01
1.501400000000132195e+03,1.268664350642066119e-01
1.501500000000132331e+03,1.280544421528170551e-01
1.501600000000132241e+03,1.292434367465301048e-01
1.501700000000132150e+03,1.304321697733550056e-01
1.501800000000132286e+03,1.316206409252974330e-01
1.501900000000132422e+03,1.328088498942896212e-01
1.502000000000132331e+03,1.339967963718745325e-01
1.502100000000132241e+03,1.349402670007709970e-01
1.502200000000132377e+03,1.358837496113751431e-01
1.502300000000132513e+03,1.368272440919423572e-01
1.502400000000132422e+03,1.377706924998606253e-01
1.502500000000132331e+03,1.387125745570715607e-01
1.502600000000132468e+03,1.396544458229423136e-01
1.502700000000132604e+03,1.405963061836630057e-01
1.502800000000132513e+03,1.415381555254080770e-01
1.502900000000132422e+03,1.424799536765784524e-01
1.503000000000132559e+03,1.434213700333366870e-01
1.503100000000132695e+03,1.440594432253776980e-01
1.503200000000132604e+03,1.446977568147121973e-01
1.503300000000132513e+03,1.453362212711375723e-01
1.503400000000132650e+03,1.459759056504302543e-01
1.503500000000132786e+03,1.466160004517218507e-01
1.503600000000132695e+03,1.472563451382005451e-01
1.503700000000132604e+03,1.478969397574732558e-01
1.503800000000132741e+03,1.485377843571526468e-01
1.503900000000132877e+03,1.491788789848541574e-01
1.504000000000132786e+03,1.498202236876970406e-01
1.504100000000132695e+03,1.500841891016981289e-01
1.504200000000132832e+03,1.503482917128755592e-01
1.504300000000132968e+03,1.506125315559410649e-01
1.504400000000132877e+03,1.508769086656085723e-01
1.504500000000132786e+03,1.511414230765970312e-01
1.504600000000132923e+03,1.514060748236271403e-01
1.504700000000133059e+03,1.516708639414214022e-01
1.504800000000132968e+03,1.519355291444132450e-01
1.504900000000132877e+03,1.522001571985693580e-01
1.505000000000133014e+03,1.524649212108316332e-01
1.505100000000133150e+03,1.523098256529870353e-01
1.505200000000133059e+03,1.521545880728178979e-01
1.505300000000132968e+03,1.519992084226748918e-01
1.505400000000133105e+03,1.518436866549031095e-01
1.505500000000133241e+03,1.516880227218422583e-01
1.505600000000133150e+03,1.515320680305389800e-01
1.505700000000133059e+03,1.513743335186280847e-01
1.505800000000133195e+03,1.512164602981007078e-01
1.505900000000133332e+03,1.510584483265675348e-01
1.506000000000133241e+03,1.509002975610619635e-01
1.506100000000133150e+03,1.503107872698239422e-01
1.506200000000133286e+03,1.497207121199831126e-01
1.506300000000133423e+03,1.491300718953770255e-01
1.506400000000133332e+03,1.485388663798080378e-01
1.506500000000133241e+03,1.479470953570390934e-01
1.506600000000133377e+03,1.473564175987718827e-01
1.506700000000133514e+03,1.467652407356516697e-01
1.506800000000133423e+03,1.461734838206624199e-01
1.506900000000133332e+03,1.455811466158868084e-01
1.507000000000133468e+03,1.449882288827724075e-01
1.507100000000133605e+03,1.439547591562297946e-01
1.507200000000133514e+03,1.429204953717516935e-01
1.507300000000133423e+03,1.418854373055253026e-01
1.507400000000133559e+03,1.408495847337296325e-01
1.507500000000133696e+03,1.398129695844454456e-01
1.507600000000133605e+03,1.387761640823085285e-01
1.507700000000133514e+03,1.377385538731753789e-01
1.507800000000133650e+03,1.367001387222042119e-01
1.507900000000133787e+03,1.356605021745821982e-01
1.508000000000133696e+03,1.346188900423644641e-01
1.508100000000133605e+03,1.332026502208721874e-01
1.508200000000133741e+03,1.317853002831270159e-01
1.508300000000133878e+03,1.303668398551637853e-01
1.508400000000133787e+03,1.289483272203294506e-01
1.508500000000133696e+03,1.275293606097070986e-01
1.508600000000133832e+03,1.261093857863800904e-01
1.508700000000133969e+03,1.246882573111491588e-01
1.508800000000133878e+03,1.232659747569416486e-01
1.508900000000133787e+03,1.218425376965994872e-01
1.509000000000133923e+03,1.204179457024795591e-01
1.509100000000134060e+03,1.186900635732466291e-01
1.509200000000133969e+03,1.169610929627111912e-01
1.509300000000133878e+03,1.152310335183567153e-01
1.509400000000134014e+03,1.134998848876025979e-01
1.509500000000134150e+03,1.117676467178122801e-01
1.509600000000134060e+03,1.100343186562856984e-01
1.509700000000133969e+03,1.082999019562094350e-01
1.509800000000134105e+03,1.065656519188183937e-01
1.509900000000134241e+03,1.048302699592679604e-01
1.510000000000134150e+03,1.030937556827683788e-01
1.510100000000134060e+03,1.011684163009409776e-01
1.510200000000134196e+03,9.924219530721603566e-02
1.510300000000134332e+03,9.731512309126798266e-02
1.510400000000134241e+03,9.538741060834013408e-02
1.510500000000134150e+03,9.345880491126251632e-02
1.510600000000134287e+03,9.152930580398538352e-02
1.510700000000134423e+03,8.959891309045153740e-02
1.510800000000134332e+03,8.766762657458733454e-02
1.510900000000134241e+03,8.573544606029460946e-02
1.511000000000134378e+03,8.380237135139712024e-02
1.511100000000134514e+03,8.182288369130966132e-02
1.511200000000134423e+03,7.984258471311214689e-02
1.511300000000134332e+03,7.786147424733844136e-02
1.511400000000134469e+03,7.587955212449766507e-02
1.511500000000134605e+03,7.389681817508397810e-02
1.511600000000134514e+03,7.191327222956661602e-02
1.511700000000134423e+03,6.992891411838145221e-02
1.511800000000134560e+03,6.794374367193985187e-02
1.511900000000134696e+03,6.595776072063763706e-02
1.512000000000134605e+03,6.397096509929875441e-02
1.512100000000134514e+03,6.529175279746692040e-02
1.512200000000134651e+03,6.661281281932424081e-02
1.512300000000134787e+03,6.793414513032805524e-02
1.512400000000134696e+03,6.925574969591828667e-02
1.512500000000134605e+03,7.057762648152302032e-02
1.512600000000134742e+03,7.189977545255293867e-02
1.512700000000134878e+03,7.322219657439522911e-02
1.512800000000134787e+03,7.454488981241937096e-02
1.512900000000134696e+03,7.586785513198335273e-02
1.513000000000134833e+03,7.719109249868884304e-02
1.513100000000134969e+03,7.870815382667120663e-02
1.513200000000134878e+03,8.022547126912571436e-02
1.513300000000134787e+03,8.174304476261741448e-02
1.513400000000134924e+03,8.326135058108298515e-02
1.513500000000135060e+03,8.478044663395513381e-02
1.513600000000134969e+03,8.629983446211195175e-02
1.513700000000134878e+03,8.781951401237456101e-02
1.513800000000135014e+03,8.933948523153927013e-02
1.513900000000135151e+03,9.085974806637138468e-02
1.514000000000135060e+03,9.238027190944339551e-02
1.514100000000134969e+03,9.388979257797468170e-02
1.514200000000135105e+03,9.539949145664730623e-02
1.514300000000135242e+03,9.690936838280996002e-02
1.514400000000135151e+03,9.841942319373291059e-02
1.514500000000135060e+03,9.992965572661367812e-02
1.514600000000135196e+03,1.014400658185711512e-01
1.514700000000135333e+03,1.029506533066383844e-01
1.514800000000135242e+03,1.044604425586272700e-01
1.514900000000135151e+03,1.059701178319962245e-01
1.515000000000135287e+03,1.074799342927838242e-01
1.515100000000135424e+03,1.089123639463554782e-01
1.515200000000135333e+03,1.103446320033474037e-01
1.515300000000135242e+03,1.117770843554890675e-01
1.515400000000135378e+03,1.132097209230040619e-01
1.515500000000135515e+03,1.146425416260892644e-01
1.515600000000135424e+03,1.160755463849206109e-01
1.515700000000135333e+03,1.175087351196605207e-01
1.515800000000135469e+03,1.189421077504509705e-01
1.515900000000135606e+03,1.203756641974063346e-01
1.516000000000135515e+03,1.218094043804020116e-01
1.516100000000135424e+03,1.230814622743205411e-01
1.516200000000135560e+03,1.243548970740082082e-01
1.516300000000135697e+03,1.256284073464732642e-01
1.516400000000135606e+03,1.269019929430344196e-01
1.516500000000135515e+03,1.281756537149629227e-01
1.516600000000135651e+03,1.294493895134777306e-01
1.516700000000135788e+03,1.307232001897387919e-01
1.516800000000135697e+03,1.319970855948537358e-01
1.516900000000135606e+03,1.332710455798832017e-01
1.517000000000135742e+03,1.345450799955387466e-01
1.517100000000135879e+03,1.356016843969682917e-01
1.517200000000135788e+03,1.366586063796396688e-01
1.517300000000135697e+03,1.377158459668020862e-01
1.517400000000135833e+03,1.387734031816983127e-01
1.517500000000135969e+03,1.398306131812902253e-01
1.517600000000135879e+03,1.408871353526113812e-01
1.517700000000135788e+03,1.419439501962928007e-01
1.517800000000135924e+03,1.430010577242819825e-01
1.517900000000136060e+03,1.440584579485139904e-01
1.518000000000135969e+03,1.451161508804819367e-01
1.518100000000135879e+03,1.458554277286185363e-01
1.518200000000136015e+03,1.465947924331157948e-01
1.518300000000136151e+03,1.473342449521103659e-01
1.518400000000136060e+03,1.480737852437294111e-01
1.518500000000135969e+03,1.488134132660918763e-01
1.518600000000136106e+03,1.495531289773073536e-01
1.518700000000136242e+03,1.502929323354710578e-01
1.518800000000136151e+03,1.510328232986681007e-01
1.518900000000136060e+03,1.517740727516287136e-01
1.519000000000136197e+03,1.525159480669908696e-01
1.519100000000136333e+03,1.529075295723531791e-01
1.519200000000136242e+03,1.532992581427789491e-01
1.519300000000136151e+03,1.536915460965294078e-01
1.519400000000136288e+03,1.540860986635103902e-01
1.519500000000136424e+03,1.544808112746329232e-01
1.519600000000136333e+03,1.548759605695448904e-01
1.519700000000136242e+03,1.552714382922709691e-01
1.519800000000136379e+03,1.556670784315920542e-01
1.519900000000136515e+03,1.560628810256818044e-01
1.520000000000136424e+03,1.564588461121551310e-01
1.520100000000136333e+03,1.564409818009487585e-01
1.520200000000136470e+03,1.564230997021267833e-01
1.520300000000136606e+03,1.564051998104579178e-01
1.520400000000136515e+03,1.563872821207095143e-01
1.520500000000136424e+03,1.563693466276488420e-01
1.520600000000136561e+03,1.563513933260414490e-01
1.520700000000136697e+03,1.563334222106518290e-01
1.520800000000136606e+03,1.563154332762438370e-01
1.520900000000136515e+03,1.562974265175797184e-01
1.521000000000136652e+03,1.562794019288193392e-01
1.521100000000136788e+03,1.558209641882629670e-01
1.521200000000136697e+03,1.553623276108055673e-01
1.521300000000136606e+03,1.549034921516596885e-01
1.521400000000136743e+03,1.544444577660310791e-01
1.521500000000136879e+03,1.539852244091211575e-01
1.521600000000136788e+03,1.535257920361233763e-01
1.521700000000136697e+03,1.530661606022228338e-01
1.521800000000136833e+03,1.526063300625978003e-01
1.521900000000136970e+03,1.521463003724208840e-01
1.522000000000136879e+03,1.516860714862944548e-01
1.522100000000136788e+03,1.508116295496712556e-01
1.522200000000136924e+03,1.499361590478284489e-01
1.522300000000137061e+03,1.490600975305951259e-01
1.522400000000136970e+03,1.481834447623182061e-01
1.522500000000136879e+03,1.473065332713240083e-01
1.522600000000137015e+03,1.464303046331037195e-01
1.522700000000137152e+03,1.455523721424317185e-01
1.522800000000137061e+03,1.446738413042487903e-01
1.522900000000136970e+03,1.437947118767390065e-01
1.523000000000137106e+03,1.429149836174521127e-01
1.523100000000137243e+03,1.416237535798063885e-01
1.523200000000137152e+03,1.403319267455271635e-01
1.523300000000137061e+03,1.390395029625796364e-01
1.523400000000137197e+03,1.377463814012234444e-01
1.523500000000137334e+03,1.364511517708214550e-01
1.523600000000137243e+03,1.351553553607186819e-01
1.523700000000137152e+03,1.338589920388734977e-01
1.523800000000137288e+03,1.325620616732246793e-01
1.523900000000137425e+03,1.312653353703111536e-01
1.524000000000137334e+03,1.299687987052323412e-01
1.524100000000137243e+03,1.283547152642364186e-01
1.524200000000137379e+03,1.267396194872109638e-01
1.524300000000137516e+03,1.251235110015905816e-01
1.524400000000137425e+03,1.235063894347126906e-01
1.524500000000137334e+03,1.218882544138108759e-01
1.524600000000137470e+03,1.202691055660212449e-01
1.524700000000137607e+03,1.186489425183905183e-01
1.524800000000137516e+03,1.170277648978688273e-01
1.524900000000137425e+03,1.154055723313010817e-01
1.525000000000137561e+03,1.137823644451206873e-01
1.525100000000137697e+03,1.119288569434180730e-01
1.525200000000137607e+03,1.100739123057414975e-01
1.525300000000137516e+03,1.082178123265400832e-01
1.525400000000137652e+03,1.063605565764120520e-01
1.525500000000137788e+03,1.045021446258491415e-01
1.525600000000137697e+03,1.026425760452284036e-01
1.525700000000137607e+03,1.007821345204489155e-01
1.525800000000137743e+03,9.892141480425989397e-02
1.525900000000137879e+03,9.705949311730803497e-02
1.526000000000137788e+03,9.519636898985719964e-02
1.526100000000137697e+03,9.321610484762017645e-02
1.526200000000137834e+03,9.123566338695214550e-02
1.526300000000137970e+03,8.925463014803805550e-02
1.526400000000137879e+03,8.727264585383660844e-02
1.526500000000137788e+03,8.528971024647627464e-02
1.526600000000137925e+03,8.330571550028130490e-02
1.526700000000138061e+03,8.131991859499798636e-02
1.526800000000137970e+03,7.933321657761621681e-02
1.526900000000137879e+03,7.734544492725077547e-02
1.527000000000138016e+03,7.535645338347017608e-02
1.527100000000138152e+03,7.497294896828128608e-02
1.527200000000138061e+03,7.458919295847263320e-02
1.527300000000137970e+03,7.420518525634317575e-02
1.527400000000138107e+03,7.382092576416438012e-02
1.527500000000138243e+03,7.343641438418241352e-02
1.527600000000138152e+03,7.305165101861617327e-02
1.527700000000138061e+03,7.266663556965553827e-02
1.527800000000138198e+03,7.228136793946299266e-02
1.527900000000138334e+03,7.189524835702171268e-02
1.528000000000138243e+03,7.150833006022400129e-02
1.528100000000138152e+03,7.301765620402800305e-02
1.528200000000138289e+03,7.452756909333106694e-02
1.528300000000138425e+03,7.603806884937892863e-02
1.528400000000138334e+03,7.754915559343483755e-02
1.528500000000138243e+03,7.906082944678653746e-02
1.528600000000138380e+03,8.057309053073874461e-02
1.528700000000138516e+03,8.208593896660719424e-02
1.528800000000138425e+03,8.359937487572481618e-02
1.528900000000138334e+03,8.511339837944903453e-02
1.529000000000138471e+03,8.662800959918699750e-02
1.529100000000138607e+03,8.816669816613306732e-02
1.529200000000138516e+03,8.970591003005684572e-02
1.529300000000138425e+03,9.124564527417886040e-02
1.529400000000138562e+03,9.278590398172720244e-02
1.529500000000138698e+03,9.432668623593151724e-02
1.529600000000138607e+03,9.586799212002876380e-02
1.529700000000138516e+03,9.740982171727119443e-02
1.529800000000138652e+03,9.895217511091905505e-02
1.529900000000138789e+03,1.004950523842334797e-01
1.530000000000138698e+03,1.020384536204378689e-01
1.530100000000138607e+03,1.035496020065834327e-01
1.530200000000138743e+03,1.050614380511269014e-01
1.530300000000138880e+03,1.065739619374576480e-01
1.530400000000138789e+03,1.080871738490010725e-01
1.530500000000138698e+03,1.096010739692247354e-01
1.530600000000138834e+03,1.111156624816328348e-01
1.530700000000138971e+03,1.126313895811371646e-01
1.530800000000138880e+03,1.141493614533195672e-01
1.530900000000138789e+03,1.156680753721222865e-01
1.531000000000138925e+03,1.171875315554484626e-01
1.531100000000139062e+03,1.185822464099830637e-01
1.531200000000138971e+03,1.199772892210474035e-01
1.531300000000138880e+03,1.213726599810084211e-01
1.531400000000139016e+03,1.227683586822191641e-01
1.531500000000139153e+03,1.241643853170124184e-01
1.531600000000139062e+03,1.255607398777070782e-01
1.531700000000138971e+03,1.269574223566143356e-01
1.531800000000139107e+03,1.283544327460313939e-01
1.531900000000139244e+03,1.297517710382350697e-01
1.532000000000139153e+03,1.311500160891662381e-01
1.532100000000139062e+03,1.323694040272268557e-01
1.532200000000139198e+03,1.335892113273659254e-01
1.532300000000139335e+03,1.348094380487744048e-01
1.532400000000139244e+03,1.360300842506408092e-01
1.532500000000139153e+03,1.372511499921593436e-01
1.532600000000139289e+03,1.384726353325229087e-01
1.532700000000139426e+03,1.396945403309169664e-01
1.532800000000139335e+03,1.409168650465274508e-01
1.532900000000139244e+03,1.421396095385429881e-01
1.533000000000139380e+03,1.433627738657921313e-01
1.533100000000139516e+03,1.443277857733298586e-01
1.533200000000139426e+03,1.452931505821196678e-01
1.533300000000139335e+03,1.462588683566323489e-01
1.533400000000139471e+03,1.472249391613451863e-01
1.533500000000139607e+03,1.481924804114198024e-01
1.533600000000139516e+03,1.491610229484719441e-01
1.533700000000139426e+03,1.501299413866313548e-01
1.533800000000139562e+03,1.510992358004883407e-01
1.533900000000139698e+03,1.520687718917620446e-01
1.534000000000139607e+03,1.530370140299268933e-01
1.534100000000139516e+03,1.536645214042947627e-01
1.534200000000139653e+03,1.542921545406735484e-01
1.534300000000139789e+03,1.549199134237968511e-01
1.534400000000139698e+03,1.555477980383879466e-01
1.534500000000139607e+03,1.561758083691627552e-01
1.534600000000139744e+03,1.568039444008271222e-01
1.534700000000139880e+03,1.574322061180742638e-01
1.534800000000139789e+03,1.580605935055866551e-01
1.534900000000139698e+03,1.586891065480396656e-01
1.535000000000139835e+03,1.593177452295803931e-01
1.535100000000139971e+03,1.595757117150737592e-01
1.535200000000139880e+03,1.598337660739373167e-01
1.535300000000139789e+03,1.600919083203532212e-01
1.535400000000139926e+03,1.603501384685051268e-01
1.535500000000140062e+03,1.606084565325755775e-01
1.535600000000139971e+03,1.608668625267474506e-01
1.535700000000139880e+03,1.611253564652048720e-01
1.535800000000140017e+03,1.613839383621331613e-01
1.535900000000140153e+03,1.616426082317157231e-01
1.536000000000140062e+03,1.619013660875462668e-01
1.536100000000139971e+03,1.617381517608087738e-01
1.536200000000140108e+03,1.615743923953467664e-01
1.536300000000140244e+03,1.614091457227943560e-01
1.536400000000140153e+03,1.612438369669200455e-01
1.536500000000140062e+03,1.610784661175299892e-01
1.536600000000140199e+03,1.609130331644287870e-01
1.536700000000140335e+03,1.607488386151163240e-01
1.536800000000140244e+03,1.605851708413952583e-01
1.536900000000140153e+03,1.604214369437770571e-01
1.537000000000140290e+03,1.602576369095354003e-01
1.537100000000140426e+03,1.596558662329447265e-01
1.537200000000140335e+03,1.590538913344677341e-01
1.537300000000140244e+03,1.584517121874471357e-01
1.537400000000140381e+03,1.578493287652259491e-01
1.537500000000140517e+03,1.572467410411505506e-01
1.537600000000140426e+03,1.566429204831914779e-01
1.537700000000140335e+03,1.560380913725724072e-01
1.537800000000140471e+03,1.554330722104954599e-01
1.537900000000140608e+03,1.548278629760096448e-01
1.538000000000140517e+03,1.542224636475832689e-01
1.538100000000140426e+03,1.532031477047975654e-01
1.538200000000140562e+03,1.521834087771989641e-01
1.538300000000140699e+03,1.511632467669825619e-01
1.538400000000140608e+03,1.501426615763264416e-01
1.538500000000140517e+03,1.491224051167378273e-01
1.538600000000140653e+03,1.481027109967147648e-01
1.538700000000140790e+03,1.470825692682314889e-01
1.538800000000140699e+03,1.460619798201505393e-01
1.538900000000140608e+03,1.450409425413101694e-01
1.539000000000140744e+03,1.440194573200027639e-01
1.539100000000140881e+03,1.426236841289045265e-01
1.539200000000140790e+03,1.412272288888030136e-01
1.539300000000140699e+03,1.398300914138350670e-01
1.539400000000140835e+03,1.384322715181050545e-01
1.539500000000140972e+03,1.370336367310399095e-01
1.539600000000140881e+03,1.356338305412332357e-01
1.539700000000140790e+03,1.342333542219336928e-01
1.539800000000140926e+03,1.328322075963852822e-01
1.539900000000141063e+03,1.314315261132051604e-01
1.540000000000140972e+03,1.300305556173170507e-01
1.540100000000140881e+03,1.283276267243556590e-01
1.540200000000141017e+03,1.266237801622005221e-01
1.540300000000141154e+03,1.249190156318667339e-01
1.540400000000141063e+03,1.232133328342995687e-01
1.540500000000140972e+03,1.215067314703639767e-01
1.540600000000141108e+03,1.197992112408551579e-01
1.540700000000141245e+03,1.180907718465045025e-01
1.540800000000141154e+03,1.163805847496671292e-01
1.540900000000141063e+03,1.146689701361930935e-01
1.541000000000141199e+03,1.129565400120956797e-01
1.541100000000141335e+03,1.110405445822009729e-01
1.541200000000141245e+03,1.091235861000572627e-01
1.541300000000141154e+03,1.072056642825210127e-01
1.541400000000141290e+03,1.052867788463902471e-01
1.541500000000141426e+03,1.033669295084136547e-01
1.541600000000141335e+03,1.014461159852817346e-01
1.541700000000141245e+03,9.952489479832905828e-02
1.541800000000141381e+03,9.760328844847494800e-02
1.541900000000141517e+03,9.568067175824625237e-02
1.542000000000141426e+03,9.375704441475421480e-02
1.542100000000141335e+03,9.176011751350576784e-02
1.542200000000141472e+03,8.976182831136980678e-02
1.542300000000141608e+03,8.776217626634412461e-02
1.542400000000141517e+03,8.576116083627852160e-02
1.542500000000141426e+03,8.375878147886442471e-02
1.542600000000141563e+03,8.175503765164421344e-02
1.542700000000141699e+03,7.974992881202104533e-02
1.542800000000141608e+03,7.774345441724896111e-02
1.542900000000141517e+03,7.573561392442375306e-02
1.543000000000141654e+03,7.372640679370486005e-02
1.543100000000141790e+03,7.398378236341225656e-02
1.543200000000141699e+03,7.424113126289039188e-02
1.543300000000141608e+03,7.449864232114782048e-02
1.543400000000141745e+03,7.475631560195811209e-02
1.543500000000141881e+03,7.501415116911235026e-02
1.543600000000141790e+03,7.527214908641943758e-02
1.543700000000141699e+03,7.553035316535955390e-02
1.543800000000141836e+03,7.578902381882601791e-02
1.543900000000141972e+03,7.604785938657841748e-02
1.544000000000141881e+03,7.630685993655744737e-02
1.544100000000141790e+03,7.784443305951703473e-02
1.544200000000141927e+03,7.938284559473302027e-02
1.544300000000142063e+03,8.092209781020703874e-02
1.544400000000141972e+03,8.246218997399840100e-02
1.544500000000141881e+03,8.400312235423047780e-02
1.544600000000142018e+03,8.554489521908451022e-02
1.544700000000142154e+03,8.708750883679199084e-02
1.544800000000142063e+03,8.863096347564208832e-02
1.544900000000141972e+03,9.017525940398858630e-02
1.545000000000142109e+03,9.172039689027568221e-02
1.545100000000142245e+03,9.328987354716868075e-02
1.545200000000142154e+03,9.486042190224534820e-02
1.545300000000142063e+03,9.643204240360905843e-02
1.545400000000142199e+03,9.800583837652816765e-02
1.545500000000142336e+03,9.958079087897192538e-02
1.545600000000142245e+03,1.011568537659465333e-01
1.545700000000142154e+03,1.027340275200176734e-01
1.545800000000142290e+03,1.043123126239031556e-01
1.545900000000142427e+03,1.058920061719136885e-01
1.546000000000142336e+03,1.074735215553259821e-01
1.546100000000142245e+03,1.090080368747521344e-01
1.546200000000142381e+03,1.105436204744432854e-01
1.546300000000142518e+03,1.120802727930153009e-01
1.546400000000142427e+03,1.136179942692077532e-01
1.546500000000142336e+03,1.151567853418926229e-01
1.546600000000142472e+03,1.166966464500665268e-01
1.546700000000142609e+03,1.182372107013529294e-01
1.546800000000142518e+03,1.197778035335754915e-01
1.546900000000142427e+03,1.213194316523078242e-01
1.547000000000142563e+03,1.228620954642374169e-01
1.547100000000142700e+03,1.242841162350459688e-01
1.547200000000142609e+03,1.257080150037461763e-01
1.547300000000142518e+03,1.271331081388494266e-01
1.547400000000142654e+03,1.285584660555433301e-01
1.547500000000142791e+03,1.299846876397952045e-01
1.547600000000142700e+03,1.314117732139078176e-01
1.547700000000142609e+03,1.328397231002766687e-01
1.547800000000142745e+03,1.342685376213843540e-01
1.547900000000142882e+03,1.356982170997933779e-01
1.548000000000142791e+03,1.371287618578758694e-01
1.548100000000142700e+03,1.383661318348711478e-01
1.548200000000142836e+03,1.396041950059297154e-01
1.548300000000142973e+03,1.408429516185417674e-01
1.548400000000142882e+03,1.420824019202642507e-01
1.548500000000142791e+03,1.433225461587269711e-01
1.548600000000142927e+03,1.445633845816260421e-01
1.548700000000143064e+03,1.458049174367191392e-01
1.548800000000142973e+03,1.470471449718306622e-01
1.548900000000142882e+03,1.482900674348574255e-01
1.549000000000143018e+03,1.495336850733802181e-01
1.549100000000143154e+03,1.505099753499874737e-01
1.549200000000143064e+03,1.514867518946697855e-01
1.549300000000142973e+03,1.524640148521349825e-01
1.549400000000143109e+03,1.534406292803229821e-01
1.549500000000143245e+03,1.544155541312091651e-01
1.549600000000143154e+03,1.553909240452007179e-01
1.549700000000143064e+03,1.563667391378075200e-01
1.549800000000143200e+03,1.573429995245579360e-01
1.549900000000143336e+03,1.583191261471612321e-01
1.550000000000143245e+03,1.592944082338149936e-01
1.550100000000143154e+03,1.599455591356741813e-01
1.550200000000143291e+03,1.605970252023386224e-01
1.550300000000143427e+03,1.612488065290680339e-01
1.550400000000143336e+03,1.619009032111426161e-01
1.550500000000143245e+03,1.625533153438669942e-01
1.550600000000143382e+03,1.632060430225670544e-01
1.550700000000143518e+03,1.638590863425866406e-01
1.550800000000143427e+03,1.645127979865007029e-01
1.550900000000143336e+03,1.651684081101126300e-01
1.551000000000143473e+03,1.658244315869544794e-01
1.551100000000143609e+03,1.660830917763571057e-01
1.551200000000143518e+03,1.663418383040912718e-01
1.551300000000143427e+03,1.666003848106329954e-01
1.551400000000143564e+03,1.668585382552708052e-01
1.551500000000143700e+03,1.671167757139585819e-01
1.551600000000143609e+03,1.673750972010800697e-01
1.551700000000143518e+03,1.676335027310217329e-01
1.551800000000143655e+03,1.678919923181712015e-01
1.551900000000143791e+03,1.681505659769169103e-01
1.552000000000143700e+03,1.684092237210342569e-01
1.552100000000143609e+03,1.682406261064157416e-01
1.552200000000143746e+03,1.680710154109687215e-01
1.552300000000143882e+03,1.679003518425136454e-01
1.552400000000143791e+03,1.677296412094440303e-01
1.552500000000143700e+03,1.675588835097527873e-01
1.552600000000143837e+03,1.673880787414343818e-01
1.552700000000143973e+03,1.672172269024847502e-01
1.552800000000143882e+03,1.670463279909018828e-01
1.552900000000143791e+03,1.668753820046834924e-01
1.553000000000143928e+03,1.667043889412058999e-01
1.553100000000144064e+03,1.661005799445644526e-01
1.553200000000143973e+03,1.654966027748645263e-01
1.553300000000143882e+03,1.648924574220286265e-01
1.553400000000144018e+03,1.642881438759833668e-01
1.553500000000144155e+03,1.636836621266626879e-01
1.553600000000144064e+03,1.630790121640049439e-01
1.553700000000143973e+03,1.624741939779507927e-01
1.553800000000144109e+03,1.618692075584455825e-01
1.553900000000144246e+03,1.612640528954416286e-01
1.554000000000144155e+03,1.606587299782799017e-01
1.554100000000144064e+03,1.596258296931195031e-01
1.554200000000144200e+03,1.585927149170938411e-01
1.554300000000144337e+03,1.575593856585143782e-01
1.554400000000144246e+03,1.565258419257011813e-01
1.554500000000144155e+03,1.554932942664455364e-01
1.554600000000144291e+03,1.544611193534377314e-01
1.554700000000144428e+03,1.534287056820345385e-01
1.554800000000144337e+03,1.523960532556273839e-01
1.554900000000144246e+03,1.513631620776127451e-01
1.555000000000144382e+03,1.503300321508489468e-01
1.555100000000144519e+03,1.489171407871502928e-01
1.555200000000144428e+03,1.475039002867227778e-01
1.555300000000144337e+03,1.460903106644007021e-01
1.555400000000144473e+03,1.446754646914626408e-01
1.555500000000144610e+03,1.432597025256621415e-01
1.555600000000144519e+03,1.418440822896170073e-01
1.555700000000144428e+03,1.404281332244978198e-01
1.555800000000144564e+03,1.390118553484660235e-01
1.555900000000144701e+03,1.375952486797163976e-01
1.556000000000144610e+03,1.361783132360081805e-01
1.556100000000144519e+03,1.344416704104924309e-01
1.556200000000144655e+03,1.327048691997014251e-01
1.556300000000144792e+03,1.309685329185548419e-01
1.556400000000144701e+03,1.292329168007534945e-01
1.556500000000144610e+03,1.274971019740118172e-01
1.556600000000144746e+03,1.257610885616270713e-01
1.556700000000144883e+03,1.240248766869549435e-01
1.556800000000144792e+03,1.222884664734026905e-01
1.556900000000144701e+03,1.205518580444201598e-01
1.557000000000144837e+03,1.188150515232001825e-01
1.557100000000144973e+03,1.168655102868416257e-01
1.557200000000144883e+03,1.149157301173876072e-01
1.557300000000144792e+03,1.129657111612484277e-01
1.557400000000144928e+03,1.110154535649036933e-01
1.557500000000145064e+03,1.090649574749104483e-01
1.557600000000144973e+03,1.071142230378944876e-01
1.557700000000144883e+03,1.051623745363678697e-01
1.557800000000145019e+03,1.032099751389409237e-01
1.557900000000145155e+03,1.012573835118467797e-01
1.558000000000145064e+03,9.930459980378070206e-02
1.558100000000144973e+03,9.726026724179749616e-02
1.558200000000145110e+03,9.521654270919882590e-02
1.558300000000145246e+03,9.317243935800191557e-02
1.558400000000145155e+03,9.112795727729838813e-02
1.558500000000145064e+03,8.908309655623006251e-02
1.558600000000145201e+03,8.703726398670369457e-02
1.558700000000145337e+03,8.499066830581793186e-02
1.558800000000145246e+03,8.294374210038167605e-02
1.558900000000145155e+03,8.089648546631715564e-02
1.559000000000145292e+03,7.884889850216507401e-02
1.559100000000145428e+03,7.856629651358691679e-02
1.559200000000145337e+03,7.828365192160054165e-02
1.559300000000145246e+03,7.800096473700349198e-02
1.559400000000145383e+03,7.771823497059777985e-02
1.559500000000145519e+03,7.743546263319130152e-02
1.559600000000145428e+03,7.715264773559651901e-02
1.559700000000145337e+03,7.686979028862919727e-02
1.559800000000145474e+03,7.658689030310970869e-02
1.559900000000145610e+03,7.630394778986435145e-02
1.560000000000145519e+03,7.602053616001799852e-02
1.560100000000145428e+03,7.754456499617021215e-02
1.560200000000145565e+03,7.906890870222096912e-02
1.560300000000145701e+03,8.059372580356324867e-02
1.560400000000145610e+03,8.211862529028998714e-02
1.560500000000145519e+03,8.364317864515517786e-02
1.560600000000145656e+03,8.516801995157272098e-02
1.560700000000145792e+03,8.669314917414297494e-02
1.560800000000145701e+03,8.821856627743943080e-02
1.560900000000145610e+03,8.974506753462939412e-02
1.561000000000145747e+03,9.127213824222892014e-02
1.561100000000145883e+03,9.282366914144807302e-02
1.561200000000145792e+03,9.437543007826984520e-02
1.561300000000145701e+03,9.592720156609364779e-02
1.561400000000145837e+03,9.747828220736325100e-02
1.561500000000145974e+03,9.902955659555044698e-02
1.561600000000145883e+03,1.005810246708571526e-01
1.561700000000145792e+03,1.021326863734711571e-01
1.561800000000145928e+03,1.036845416435597383e-01
1.561900000000146065e+03,1.052365904212608227e-01
1.562000000000145974e+03,1.067888326466503723e-01
1.562100000000145883e+03,1.083130199699716273e-01
1.562200000000146019e+03,1.098375168906237098e-01
1.562300000000146156e+03,1.113623233945943009e-01
1.562400000000146065e+03,1.128874394678539006e-01
1.562500000000145974e+03,1.144128650963628091e-01
1.562600000000146110e+03,1.159386002660642428e-01
1.562700000000146247e+03,1.174653326602249220e-01
1.562800000000146156e+03,1.189930828510062932e-01
1.562900000000146065e+03,1.205211780687871770e-01
1.563000000000146201e+03,1.220496183076418828e-01
1.563100000000146338e+03,1.234842451364561861e-01
1.563200000000146247e+03,1.249176673013126654e-01
1.563300000000146156e+03,1.263513847054909545e-01
1.563400000000146292e+03,1.277854872295853539e-01
1.563500000000146429e+03,1.292201176650571159e-01
1.563600000000146338e+03,1.306552528553523718e-01
1.563700000000146247e+03,1.320907790122090031e-01
1.563800000000146383e+03,1.335266961775374850e-01
1.563900000000146520e+03,1.349630043932397994e-01
1.564000000000146429e+03,1.363994331099969148e-01
1.564100000000146338e+03,1.376711828847673180e-01
1.564200000000146474e+03,1.389433361691626567e-01
1.564300000000146611e+03,1.402158930308873841e-01
1.564400000000146520e+03,1.414888535376538359e-01
1.564500000000146429e+03,1.427626230273796037e-01
1.564600000000146565e+03,1.440380728472702432e-01
1.564700000000146701e+03,1.453139561291096615e-01
1.564800000000146611e+03,1.465902729526881998e-01
1.564900000000146520e+03,1.478670233978109372e-01
1.565000000000146656e+03,1.491430278218374150e-01
1.565100000000146792e+03,1.501904800263790807e-01
1.565200000000146701e+03,1.512383971387343262e-01
1.565300000000146611e+03,1.522867792876247406e-01
1.565400000000146747e+03,1.533358308367782363e-01
1.565500000000146883e+03,1.543869431577537810e-01
1.565600000000146792e+03,1.554385452740076889e-01
1.565700000000146701e+03,1.564906373289335073e-01
1.565800000000146838e+03,1.575432194659561747e-01
1.565900000000146974e+03,1.585962918285272472e-01
1.566000000000146883e+03,1.596498545596799212e-01
1.566100000000146792e+03,1.603974937459136108e-01
1.566200000000146929e+03,1.611454540079690356e-01
1.566300000000147065e+03,1.618937354254750549e-01
1.566400000000146974e+03,1.626404725059243384e-01
1.566500000000146883e+03,1.633874854096885043e-01
1.566600000000147020e+03,1.641348023897821473e-01
1.566700000000147156e+03,1.648824235164695062e-01
1.566800000000147065e+03,1.656295381023402957e-01
1.566900000000146974e+03,1.663758269020168823e-01
1.567000000000147111e+03,1.671222679270765732e-01
1.567100000000147247e+03,1.675160748678215794e-01
1.567200000000147156e+03,1.679100571084825577e-01
1.567300000000147065e+03,1.683045658227856900e-01
1.567400000000147202e+03,1.686996732973218005e-01
1.567500000000147338e+03,1.690949598354996031e-01
1.567600000000147247e+03,1.694904254874537164e-01
1.567700000000147156e+03,1.698863062577543048e-01
1.567800000000147293e+03,1.702836262842619408e-01
1.567900000000147429e+03,1.706811324748056802e-01
1.568000000000147338e+03,1.710788248833054748e-01
1.568100000000147247e+03,1.710752088673333782e-01
1.568200000000147384e+03,1.710715778959379374e-01
1.568300000000147520e+03,1.710679319637981588e-01
1.568400000000147429e+03,1.710642710655910781e-01
1.568500000000147338e+03,1.710605951959932591e-01
1.568600000000147475e+03,1.710565821593357516e-01
1.568700000000147611e+03,1.710508853531679530e-01
1.568800000000147520e+03,1.710451737389705462e-01
1.568900000000147429e+03,1.710394473119265790e-01
1.569000000000147566e+03,1.710337060665978459e-01
1.569100000000147702e+03,1.706074169388969441e-01
1.569200000000147611e+03,1.701808998801429829e-01
1.569300000000147520e+03,1.697541548293620139e-01
1.569400000000147656e+03,1.693271817255697920e-01
1.569500000000147793e+03,1.688999805077746885e-01
1.569600000000147702e+03,1.684725511149752497e-01
1.569700000000147611e+03,1.680448934861582533e-01
1.569800000000147747e+03,1.676170075603005960e-01
1.569900000000147884e+03,1.671888932763720415e-01
1.570000000000147793e+03,1.667605505727191850e-01
1.570100000000147702e+03,1.659171348418666536e-01
1.570200000000147838e+03,1.650732100123425139e-01
1.570300000000147975e+03,1.642287759244039358e-01
1.570400000000147884e+03,1.633838324182758373e-01
1.570500000000147793e+03,1.625382966943281771e-01
1.570600000000147929e+03,1.616920117012638491e-01
1.570700000000148066e+03,1.608452201900321676e-01
1.570800000000147975e+03,1.599979220037579530e-01
1.570900000000147884e+03,1.591505169234300743e-01
1.571000000000148020e+03,1.583024224524586521e-01
1.571100000000148157e+03,1.570581012307561142e-01
1.571200000000148066e+03,1.558130793925879276e-01
1.571300000000147975e+03,1.545673567612928512e-01
1.571400000000148111e+03,1.533209331601899927e-01
1.571500000000148248e+03,1.520738084125826117e-01
1.571600000000148157e+03,1.508259823417543721e-01
1.571700000000148066e+03,1.495774547709619595e-01
1.571800000000148202e+03,1.483278643542402520e-01
1.571900000000148339e+03,1.470762251913587115e-01
1.572000000000148248e+03,1.458239131780112718e-01
1.572100000000148157e+03,1.442391394852182707e-01
1.572200000000148293e+03,1.426533898502362896e-01
1.572300000000148430e+03,1.410666639776672615e-01
1.572400000000148339e+03,1.394789615720599951e-01
1.572500000000148248e+03,1.378902823379030973e-01
1.572600000000148384e+03,1.363006259796309960e-01
1.572700000000148520e+03,1.347099922016327389e-01
1.572800000000148430e+03,1.331183807082437498e-01
1.572900000000148339e+03,1.315257912037389176e-01
1.573000000000148475e+03,1.299322233919548431e-01
1.573100000000148611e+03,1.280785328858731198e-01
1.573200000000148520e+03,1.262238411082212686e-01
1.573300000000148430e+03,1.243681478177843108e-01
1.573400000000148566e+03,1.225114527733200398e-01
1.573500000000148702e+03,1.206537557335670419e-01
1.573600000000148611e+03,1.187950564572362727e-01
1.573700000000148520e+03,1.169353547030030499e-01
1.573800000000148657e+03,1.150746502295150464e-01
1.573900000000148793e+03,1.132129427954007284e-01
1.574000000000148702e+03,1.113502555847539488e-01
1.574100000000148611e+03,1.093376153295108205e-01
1.574200000000148748e+03,1.073238934703301117e-01
1.574300000000148884e+03,1.053090897175764928e-01
1.574400000000148793e+03,1.032932037815688098e-01
1.574500000000148702e+03,1.012762353725718545e-01
1.574600000000148839e+03,9.925818420080503857e-02
1.574700000000148975e+03,9.723904997645171910e-02
1.574800000000148884e+03,9.521883240965003936e-02
1.574900000000148793e+03,9.319723061876615533e-02
1.575000000000148930e+03,9.117416169964231987e-02
1.575100000000149066e+03,8.916562549686252170e-02
1.575200000000148975e+03,8.715623219889925832e-02
1.575300000000148884e+03,8.514590622810914999e-02
1.575400000000149021e+03,8.313464736896801488e-02
1.575500000000149157e+03,8.112245540593306103e-02
1.575600000000149066e+03,7.910933012343411563e-02
1.575700000000148975e+03,7.709527130586395216e-02
1.575800000000149112e+03,7.508027873758790771e-02
1.575900000000149248e+03,7.306435220295266764e-02
1.576000000000149157e+03,7.104749149153728738e-02
1.576100000000149066e+03,7.255681190117362067e-02
1.576200000000149203e+03,7.406669410944013987e-02
1.576300000000149339e+03,7.557713821607642268e-02
1.576400000000149248e+03,7.708814432082988777e-02
1.576500000000149157e+03,7.859971252346270587e-02
1.576600000000149294e+03,8.011184292374495808e-02
1.576700000000149430e+03,8.162453562144766916e-02
1.576800000000149339e+03,8.313779071634966322e-02
1.576900000000149248e+03,8.465160830824471072e-02
1.577000000000149385e+03,8.616598849701406770e-02
1.577100000000149521e+03,8.773444402400497333e-02
1.577200000000149430e+03,8.930348887171296601e-02
1.577300000000149339e+03,9.087312316358249487e-02
1.577400000000149475e+03,9.244353900080985731e-02
1.577500000000149612e+03,9.401478689691883384e-02
1.577600000000149521e+03,9.558663902056037387e-02
1.577700000000149430e+03,9.715909550341110534e-02
1.577800000000149566e+03,9.873215647716664101e-02
1.577900000000149703e+03,1.003058220735347228e-01
1.578000000000149612e+03,1.018800924242336536e-01
1.578100000000149521e+03,1.034494059907850039e-01
1.578200000000149657e+03,1.050191401528180468e-01
1.578300000000149794e+03,1.065892949625973918e-01
1.578400000000149703e+03,1.081598704723913673e-01
1.578500000000149612e+03,1.097308667344784744e-01
1.578600000000149748e+03,1.113022838011400867e-01
1.578700000000149885e+03,1.128731508466151445e-01
1.578800000000149794e+03,1.144440651400008696e-01
1.578900000000149703e+03,1.160153638105418383e-01
1.579000000000149839e+03,1.175870468957530973e-01
1.579100000000149976e+03,1.190990819897903841e-01
1.579200000000149885e+03,1.206114982633111066e-01
1.579300000000149794e+03,1.221242957612317520e-01
1.579400000000149930e+03,1.236374745284718746e-01
1.579500000000150067e+03,1.251510346099476145e-01
1.579600000000149976e+03,1.266649760505783595e-01
1.579700000000149885e+03,1.281792988952929480e-01
1.579800000000150021e+03,1.296940031890239375e-01
1.579900000000150158e+03,1.312090889767002222e-01
1.580000000000150067e+03,1.327245563030557962e-01
1.580100000000149976e+03,1.341084053945007792e-01
1.580200000000150112e+03,1.354924801586136762e-01
1.580300000000150249e+03,1.368767805972799234e-01
1.580400000000150158e+03,1.382613067123834028e-01
1.580500000000150067e+03,1.396460585058136306e-01
1.580600000000150203e+03,1.410311245722745410e-01
1.580700000000150339e+03,1.424167358904761260e-01
1.580800000000150249e+03,1.438025808176824627e-01
1.580900000000150158e+03,1.451886593577315365e-01
1.581000000000150294e+03,1.465749715141630438e-01
1.581100000000150430e+03,1.477640752362004428e-01
1.581200000000150339e+03,1.489533339441485860e-01
1.581300000000150249e+03,1.501427476257212179e-01
1.581400000000150385e+03,1.513323162686287249e-01
1.581500000000150521e+03,1.525220398605728889e-01
1.581600000000150430e+03,1.537119183892525498e-01
1.581700000000150339e+03,1.549019518423692121e-01
1.581800000000150476e+03,1.560921402076206055e-01
1.581900000000150612e+03,1.572824834726967713e-01
1.582000000000150521e+03,1.584729816248882373e-01
1.582100000000150430e+03,1.594008571965986887e-01
1.582200000000150567e+03,1.603288272375126278e-01
1.582300000000150703e+03,1.612568917260325807e-01
1.582400000000150612e+03,1.621850506405571324e-01
1.582500000000150521e+03,1.631133039594833689e-01
1.582600000000150658e+03,1.640416516612039632e-01
1.582700000000150794e+03,1.649700937241017351e-01
1.582800000000150703e+03,1.658998998405777914e-01
1.582900000000150612e+03,1.668304788551850382e-01
1.583000000000150749e+03,1.677611738248716011e-01
1.583100000000150885e+03,1.683637283583326316e-01
1.583200000000150794e+03,1.689663058702234322e-01
1.583300000000150703e+03,1.695689063367615268e-01
1.583400000000150840e+03,1.701715297341618582e-01
1.583500000000150976e+03,1.707741760386319585e-01
1.583600000000150885e+03,1.713768452263770836e-01
1.583700000000150794e+03,1.719795372736007688e-01
1.583800000000150931e+03,1.725822521565029688e-01
1.583900000000151067e+03,1.731849898512774488e-01
1.584000000000150976e+03,1.737877503335587825e-01
1.584100000000150885e+03,1.740225163992180080e-01
1.584200000000151022e+03,1.742572948046813286e-01
1.584300000000151158e+03,1.744920855383657321e-01
1.584400000000151067e+03,1.747268885886849588e-01
1.584500000000150976e+03,1.749617039440511113e-01
1.584600000000151113e+03,1.751959475575561587e-01
1.584700000000151249e+03,1.754290953752020155e-01
1.584800000000151158e+03,1.756622509254559816e-01
1.584900000000151067e+03,1.758954141963264550e-01
1.585000000000151203e+03,1.761280188212100972e-01
1.585100000000151340e+03,1.759487817570698498e-01
1.585200000000151249e+03,1.757695500510524089e-01
1.585300000000151158e+03,1.755903237130645722e-01
1.585400000000151294e+03,1.754111027530136369e-01
1.585500000000151431e+03,1.752318871808090650e-01
1.585600000000151340e+03,1.750526770063611515e-01
1.585700000000151249e+03,1.748734722395798302e-01
1.585800000000151385e+03,1.746942728903762010e-01
1.585900000000151522e+03,1.745150789686629178e-01
1.586000000000151431e+03,1.743358904837257750e-01
1.586100000000151340e+03,1.737421641893344970e-01
1.586200000000151476e+03,1.731484425407388839e-01
1.586300000000151613e+03,1.725547255762891474e-01
1.586400000000151522e+03,1.719610133343427716e-01
1.586500000000151431e+03,1.713673058532614868e-01
1.586600000000151567e+03,1.707736031714138514e-01
1.586700000000151704e+03,1.701799053271781104e-01
1.586800000000151613e+03,1.695862123589394754e-01
1.586900000000151522e+03,1.689925243050873771e-01
1.587000000000151658e+03,1.683988412033949611e-01
1.587100000000151795e+03,1.673938141256892942e-01
1.587200000000151704e+03,1.663888348497621072e-01
1.587300000000151613e+03,1.653839034403179475e-01
1.587400000000151749e+03,1.643790199620694947e-01
1.587500000000151886e+03,1.633741844797421960e-01
1.587600000000151795e+03,1.623693970580692980e-01
1.587700000000151704e+03,1.613646577617872113e-01
1.587800000000151840e+03,1.603591329430663903e-01
1.587900000000151977e+03,1.593526403903034461e-01
1.588000000000151886e+03,1.583462195007928897e-01
1.588100000000151795e+03,1.569671648906929007e-01
1.588200000000151931e+03,1.555880429904984152e-01
1.588300000000152068e+03,1.542090092962613013e-01
1.588400000000151977e+03,1.528300638936944678e-01
1.588500000000151886e+03,1.514512068685125168e-01
1.588600000000152022e+03,1.500724383064368506e-01
1.588700000000152158e+03,1.486943076905554717e-01
1.588800000000152068e+03,1.473174263853175570e-01
1.588900000000151977e+03,1.459406017804914524e-01
1.589000000000152113e+03,1.445638339622212221e-01
1.589100000000152249e+03,1.428769763814163041e-01
1.589200000000152158e+03,1.411901291409955184e-01
1.589300000000152068e+03,1.395032923400789659e-01
1.589400000000152204e+03,1.378164660778031236e-01
1.589500000000152340e+03,1.361296504533296148e-01
1.589600000000152249e+03,1.344428455658366328e-01
1.589700000000152158e+03,1.327560515145116693e-01
1.589800000000152295e+03,1.310692683985592577e-01
1.589900000000152431e+03,1.293824963172081899e-01
1.590000000000152340e+03,1.276958526881568357e-01
1.590100000000152249e+03,1.257810250474468983e-01
1.590200000000152386e+03,1.238662171653888561e-01
1.590300000000152522e+03,1.219514291374807213e-01
1.590400000000152431e+03,1.200366610592313726e-01
1.590500000000152340e+03,1.181218321873327703e-01
1.590600000000152477e+03,1.162057523697764133e-01
1.590700000000152613e+03,1.142897373510816800e-01
1.590800000000152522e+03,1.123737872276502070e-01
1.590900000000152431e+03,1.104579020958817714e-01
1.591000000000152568e+03,1.085420820520028862e-01
1.591100000000152704e+03,1.065080559919679704e-01
1.591200000000152613e+03,1.044739087311012254e-01
1.591300000000152522e+03,1.024396403502634556e-01
1.591400000000152659e+03,1.004052509303323265e-01
1.591500000000152795e+03,9.836967557396746054e-02
1.591600000000152704e+03,9.633394421075651415e-02
1.591700000000152613e+03,9.429807549752702855e-02
1.591800000000152750e+03,9.226193488497021200e-02
1.591900000000152886e+03,9.022611611211765748e-02
1.592000000000152795e+03,8.819087109058741658e-02
1.592100000000152704e+03,8.674592783950109409e-02
1.592200000000152841e+03,8.530093031439765772e-02
1.592300000000152977e+03,8.385587856017204245e-02
1.592400000000152886e+03,8.241077262172309681e-02
1.592500000000152795e+03,8.096561254394707419e-02
1.592600000000152932e+03,7.952039837174415537e-02
1.592700000000153068e+03,7.807513015002577605e-02
1.592800000000152977e+03,7.662980792370688299e-02
1.592900000000152886e+03,7.518443173770016086e-02
1.593000000000153022e+03,7.373900164140807789e-02
1.593100000000153159e+03,7.522507940893752298e-02
1.593200000000153068e+03,7.671135505617687755e-02
1.593300000000152977e+03,7.819782856632537249e-02
1.593400000000153113e+03,7.968449992257650716e-02
1.593500000000153250e+03,8.117136910811131867e-02
1.593600000000153159e+03,8.265826122334909987e-02
1.593700000000153068e+03,8.414496270943844225e-02
1.593800000000153204e+03,8.563041659514983306e-02
1.593900000000153341e+03,8.711599888838904293e-02
1.594000000000153250e+03,8.860170955781458690e-02
1.594100000000153159e+03,9.013309609239289477e-02
1.594200000000153295e+03,9.166462731722917201e-02
1.594300000000153432e+03,9.319630321100141890e-02
1.594400000000153341e+03,9.472812375238534588e-02
1.594500000000153250e+03,9.626008892006084061e-02
1.594600000000153386e+03,9.779219869270569521e-02
1.594700000000153523e+03,9.932558430922930337e-02
1.594800000000153432e+03,1.008591765803346363e-01
1.594900000000153341e+03,1.023929492136964603e-01
1.595000000000153477e+03,1.039269021967932638e-01
1.595100000000153614e+03,1.054587031749628784e-01
1.595200000000153523e+03,1.069906048248887714e-01
1.595300000000153432e+03,1.085227710619330876e-01
1.595400000000153568e+03,1.100552018958106393e-01
1.595500000000153705e+03,1.115878973362281340e-01
1.595600000000153614e+03,1.131219754979860687e-01
1.595700000000153523e+03,1.146565523281144749e-01
1.595800000000153659e+03,1.161914296240724453e-01
1.595900000000153796e+03,1.177266074073278351e-01
1.596000000000153705e+03,1.192620856992560596e-01
1.596100000000153614e+03,1.207375283767509327e-01
1.596200000000153750e+03,1.222133271458939463e-01
1.596300000000153887e+03,1.236894820489373575e-01
1.596400000000153796e+03,1.251659931281365601e-01
1.596500000000153705e+03,1.266428604257569535e-01
1.596600000000153841e+03,1.281200839840664907e-01
1.596700000000153977e+03,1.295976638453296692e-01
1.596800000000153887e+03,1.310756000518141506e-01
1.596900000000153796e+03,1.325536550221410870e-01
1.597000000000153932e+03,1.340307382527706204e-01
1.597100000000154068e+03,1.353833667079798742e-01
1.597200000000153977e+03,1.367362976550726694e-01
1.597300000000153887e+03,1.380898255628053017e-01
1.597400000000154023e+03,1.394437632015377015e-01
1.597500000000154159e+03,1.407980111537884549e-01
1.597600000000154068e+03,1.421522769533907216e-01
1.597700000000153977e+03,1.435064850391768454e-01
1.597800000000154114e+03,1.448610323696473134e-01
1.597900000000154250e+03,1.462175424312528726e-01
1.598000000000154159e+03,1.475743822152102147e-01
1.598100000000154068e+03,1.487472726316545202e-01
1.598200000000154205e+03,1.499205294313604164e-01
1.598300000000154341e+03,1.510941526754393804e-01
1.598400000000154250e+03,1.522681424250092452e-01
1.598500000000154159e+03,1.534424987411985020e-01
1.598600000000154296e+03,1.546172216851417758e-01
1.598700000000154432e+03,1.557923113179744135e-01
1.598800000000154341e+03,1.569661285453582411e-01
1.598900000000154250e+03,1.581400945043918149e-01
1.599000000000154387e+03,1.593143998445154808e-01
1.599100000000154523e+03,1.602345520571386850e-01
1.599200000000154432e+03,1.611552849745331029e-01
1.599300000000154341e+03,1.620762562896606584e-01
1.599400000000154478e+03,1.629974660252682672e-01
1.599500000000154614e+03,1.639189142040987091e-01
1.599600000000154523e+03,1.648406008488931818e-01
1.599700000000154432e+03,1.657625259823961028e-01
1.599800000000154569e+03,1.666846896273514178e-01
1.599900000000154705e+03,1.676070918064981041e-01
1.600000000000154614e+03,1.685297325420996861e-01
1.600100000000154523e+03,1.691457060793165879e-01
1.600200000000154660e+03,1.697602664125569816e-01
1.600300000000154796e+03,1.703749845737546897e-01
1.600400000000154705e+03,1.709898605748684242e-01
1.600500000000154614e+03,1.716048944278581734e-01
1.600600000000154751e+03,1.722200861446811782e-01
1.600700000000154887e+03,1.728354357372908212e-01
1.600800000000154796e+03,1.734509432176384869e-01
1.600900000000154705e+03,1.740666085976760313e-01
1.601000000000154841e+03,1.746825784894951994e-01
1.601100000000154978e+03,1.749413387913643370e-01
1.601200000000154887e+03,1.752001587206809541e-01
1.601300000000154796e+03,1.754590382808799975e-01
1.601400000000154932e+03,1.757179774753950818e-01
1.601500000000155069e+03,1.759759341721311154e-01
1.601600000000154978e+03,1.762329335188138890e-01
1.601700000000154887e+03,1.764899863630046140e-01
1.601800000000155023e+03,1.767473881934204238e-01
1.601900000000155160e+03,1.770053598014186547e-01
1.602000000000155069e+03,1.772633872689907131e-01
1.602100000000154978e+03,1.771358220156704633e-01
1.602200000000155114e+03,1.770082175083357856e-01
1.602300000000155251e+03,1.768805737437779968e-01
1.602400000000155160e+03,1.767528907187882192e-01
1.602500000000155069e+03,1.766251684301575753e-01
1.602600000000155205e+03,1.764974068746779923e-01
1.602700000000155342e+03,1.763696060491415363e-01
1.602800000000155251e+03,1.762417659503418832e-01
1.602900000000155160e+03,1.761155596389502587e-01
1.603000000000155296e+03,1.759896955196328383e-01
1.603100000000155433e+03,1.754578781071877980e-01
1.603200000000155342e+03,1.749259149655961187e-01
1.603300000000155251e+03,1.743938060817868674e-01
1.603400000000155387e+03,1.738615514426887498e-01
1.603500000000155524e+03,1.733291510352344134e-01
1.603600000000155433e+03,1.727966048463571436e-01
1.603700000000155342e+03,1.722639128629882832e-01
1.603800000000155478e+03,1.717297027217538352e-01
1.603900000000155615e+03,1.711947231935916913e-01
1.604000000000155524e+03,1.706596101966321999e-01
1.604100000000155433e+03,1.697256912665917883e-01
1.604200000000155569e+03,1.687915608054701422e-01
1.604300000000155705e+03,1.678572188045639180e-01
1.604400000000155615e+03,1.669226652551736856e-01
1.604500000000155524e+03,1.659879001485985994e-01
1.604600000000155660e+03,1.650529234761407005e-01
1.604700000000155796e+03,1.641177352291099678e-01
1.604800000000155705e+03,1.631823353988186565e-01
1.604900000000155615e+03,1.622467239765791047e-01
1.605000000000155751e+03,1.613109009531330795e-01
1.605100000000155887e+03,1.600073201165504722e-01
1.605200000000155796e+03,1.587034476971175279e-01
1.605300000000155705e+03,1.573992836788260241e-01
1.605400000000155842e+03,1.560948280456712634e-01
1.605500000000155978e+03,1.547900807816581792e-01
1.605600000000155887e+03,1.534858052122773098e-01
1.605700000000155796e+03,1.521822472786860669e-01
1.605800000000155933e+03,1.508783672604970816e-01
1.605900000000156069e+03,1.495741651282977425e-01
1.606000000000155978e+03,1.482696408521822773e-01
1.606100000000155887e+03,1.466471904928990655e-01
1.606200000000156024e+03,1.450244449316039630e-01
1.606300000000156160e+03,1.434014041589335986e-01
1.606400000000156069e+03,1.417780681655275432e-01
1.606500000000155978e+03,1.401544369420199554e-01
1.606600000000156115e+03,1.385305104790477693e-01
1.606700000000156251e+03,1.369062887672571616e-01
1.606800000000156160e+03,1.352817717972974731e-01
1.606900000000156069e+03,1.336569595598125770e-01
1.607000000000156206e+03,1.320318520450827482e-01
1.607100000000156342e+03,1.301719271208188200e-01
1.607200000000156251e+03,1.283116321489893019e-01
1.607300000000156160e+03,1.264509671050334794e-01
1.607400000000156297e+03,1.245899319643920672e-01
1.607500000000156433e+03,1.227285267025149118e-01
1.607600000000156342e+03,1.208667512948536082e-01
1.607700000000156251e+03,1.190046057168516469e-01
1.607800000000156388e+03,1.171420899439541141e-01
1.607900000000156524e+03,1.152792039516152556e-01
1.608000000000156433e+03,1.134159477150668421e-01
1.608100000000156342e+03,1.114091335933501820e-01
1.608200000000156479e+03,1.094020871355761565e-01
1.608300000000156615e+03,1.073948555159590923e-01
1.608400000000156524e+03,1.053885763519934599e-01
1.608500000000156433e+03,1.033820179601291495e-01
1.608600000000156570e+03,1.013751803372222315e-01
1.608700000000156706e+03,9.936806348013860202e-02
1.608800000000156615e+03,9.736066738574511437e-02
1.608900000000156524e+03,9.535299205089993457e-02
1.609000000000156660e+03,9.334503747242015037e-02
1.609100000000156797e+03,9.130971014683933462e-02
1.609200000000156706e+03,8.927406138034650607e-02
1.609300000000156615e+03,8.723809116037535560e-02
1.609400000000156751e+03,8.520156002724914301e-02
1.609500000000156888e+03,8.316457145099157011e-02
1.609600000000156797e+03,8.112728005704901435e-02
1.609700000000156706e+03,7.908936789315533511e-02
1.609800000000156842e+03,7.705057753840172108e-02
1.609900000000156979e+03,7.501153201482765875e-02
1.610000000000156888e+03,7.297223133172886511e-02
1.610100000000156797e+03,7.432342517427294182e-02
1.610200000000156933e+03,7.567469348513924943e-02
1.610300000000157070e+03,7.702603624869568122e-02
1.610400000000156979e+03,7.837745344931063007e-02
1.610500000000156888e+03,7.972894507135878939e-02
1.610600000000157024e+03,8.108051109921519950e-02
1.610700000000157161e+03,8.243215151724901657e-02
1.610800000000157070e+03,8.378386630982964656e-02
1.610900000000156979e+03,8.513565546133261552e-02
1.611000000000157115e+03,8.648751895638505383e-02
1.611100000000157252e+03,8.799905861066149859e-02
1.611200000000157161e+03,8.951068904323219999e-02
1.611300000000157070e+03,9.102241023481072446e-02
1.611400000000157206e+03,9.253422216611048579e-02
1.611500000000157343e+03,9.404603123379112750e-02
1.611600000000157252e+03,9.555690458189175507e-02
1.611700000000157161e+03,9.706783316090177027e-02
1.611800000000157297e+03,9.857881694585866883e-02
1.611900000000157434e+03,1.000900222948667845e-01
1.612000000000157343e+03,1.016022034944864677e-01
1.612100000000157252e+03,1.031204887792498137e-01
1.612200000000157388e+03,1.046388191534647766e-01
1.612300000000157524e+03,1.061571945907457265e-01
1.612400000000157434e+03,1.076756150647072557e-01
1.612500000000157343e+03,1.091940805489701044e-01
1.612600000000157479e+03,1.107125910171554012e-01
1.612700000000157615e+03,1.122311464428770028e-01
1.612800000000157524e+03,1.137497467997485162e-01
1.612900000000157434e+03,1.152683920613910284e-01
1.613000000000157570e+03,1.167870822013514914e-01
1.613100000000157706e+03,1.182593305702209219e-01
1.613200000000157615e+03,1.197315833605191726e-01
1.613300000000157524e+03,1.212038405403670360e-01
1.613400000000157661e+03,1.226761020778852213e-01
1.613500000000157797e+03,1.241483679411880259e-01
1.613600000000157706e+03,1.256206380983894977e-01
1.613700000000157615e+03,1.270929125176113172e-01
1.613800000000157752e+03,1.285655853324280673e-01
1.613900000000157888e+03,1.300392946714190034e-01
1.614000000000157797e+03,1.315127665889660735e-01
1.614100000000157706e+03,1.328824059390173729e-01
1.614200000000157843e+03,1.342520644061704627e-01
1.614300000000157979e+03,1.356217419567636029e-01
1.614400000000157888e+03,1.369914385571333881e-01
1.614500000000157797e+03,1.383611541736203820e-01
1.614600000000157934e+03,1.397308887725632054e-01
1.614700000000158070e+03,1.411006423202923465e-01
1.614800000000157979e+03,1.424704147831363232e-01
1.614900000000157888e+03,1.438402061274272059e-01
1.615000000000158025e+03,1.452100163192316662e-01
1.615100000000158161e+03,1.464128169988405392e-01
1.615200000000158070e+03,1.476145908647388538e-01
1.615300000000157979e+03,1.488155503732183638e-01
1.615400000000158116e+03,1.500164366323739062e-01
1.615500000000158252e+03,1.512172496091292451e-01
1.615600000000158161e+03,1.524179949755953278e-01
1.615700000000158070e+03,1.536204609589949532e-01
1.615800000000158207e+03,1.548225389122288853e-01
1.615900000000158343e+03,1.560244657771772681e-01
1.616000000000158252e+03,1.572263405339466291e-01
1.616100000000158161e+03,1.582068790532104585e-01
1.616200000000158298e+03,1.591873034521510688e-01
1.616300000000158434e+03,1.601674923252031646e-01
1.616400000000158343e+03,1.611476623940816810e-01
1.616500000000158252e+03,1.621278136281541216e-01
1.616600000000158389e+03,1.631062759964637121e-01
1.616700000000158525e+03,1.640844569382089169e-01
1.616800000000158434e+03,1.650625959420535527e-01
1.616900000000158343e+03,1.660406929772163254e-01
1.617000000000158479e+03,1.670187480124673829e-01
1.617100000000158616e+03,1.677140102824390966e-01
1.617200000000158525e+03,1.684092095973512004e-01
1.617300000000158434e+03,1.691043459387104875e-01
1.617400000000158570e+03,1.697994192880254438e-01
1.617500000000158707e+03,1.704944296268030013e-01
1.617600000000158616e+03,1.711893769365524509e-01
1.617700000000158525e+03,1.718842611987867752e-01
1.617800000000158661e+03,1.725790823950219544e-01
1.617900000000158798e+03,1.732738405067717480e-01
1.618000000000158707e+03,1.739685355150415169e-01
1.618100000000158616e+03,1.743415275066733661e-01
1.618200000000158752e+03,1.747145081116966980e-01
1.618300000000158889e+03,1.750874773197743373e-01
1.618400000000158798e+03,1.754604351205689972e-01
1.618500000000158707e+03,1.758333815037450842e-01
1.618600000000158843e+03,1.762063164589669495e-01
1.618700000000158980e+03,1.765792399758977504e-01
1.618800000000158889e+03,1.769521520441994789e-01
1.618900000000158798e+03,1.773250526535368188e-01
1.619000000000158934e+03,1.776979417929937799e-01
1.619100000000159071e+03,1.777058687798470926e-01
1.619200000000158980e+03,1.777137939976212722e-01
1.619300000000158889e+03,1.777227300825004463e-01
1.619400000000159025e+03,1.777327354970646700e-01
1.619500000000159162e+03,1.777426381820911283e-01
1.619600000000159071e+03,1.777523343488036645e-01
1.619700000000158980e+03,1.777619710693212896e-01
1.619800000000159116e+03,1.777713097604142201e-01
1.619900000000159253e+03,1.777806468938946949e-01
1.620000000000159162e+03,1.777899824689644914e-01
1.620100000000159071e+03,1.774209279290589747e-01
1.620200000000159207e+03,1.770518571192552792e-01
1.620300000000159343e+03,1.766827700448126981e-01
1.620400000000159253e+03,1.763136667109908851e-01
1.620500000000159162e+03,1.759445471230481617e-01
1.620600000000159298e+03,1.755754112862428773e-01
1.620700000000159434e+03,1.752078864242334610e-01
1.620800000000159343e+03,1.748407647515840269e-01
1.620900000000159253e+03,1.744736182358341825e-01
1.621000000000159389e+03,1.741064468807523857e-01
1.621100000000159525e+03,1.733518504477080391e-01
1.621200000000159434e+03,1.725956408247526219e-01
1.621300000000159343e+03,1.718393951724019042e-01
1.621400000000159480e+03,1.710831134987370605e-01
1.621500000000159616e+03,1.703267958118431513e-01
1.621600000000159525e+03,1.695704421198049039e-01
1.621700000000159434e+03,1.688140524307033818e-01
1.621800000000159571e+03,1.680576267526196765e-01
1.621900000000159707e+03,1.673011650936378214e-01
1.622000000000159616e+03,1.665446674612576783e-01
1.622100000000159525e+03,1.654219172277103800e-01
1.622200000000159662e+03,1.642990702693012950e-01
1.622300000000159798e+03,1.631761265917874015e-01
1.622400000000159707e+03,1.620530862009259554e-01
1.622500000000159616e+03,1.609299491024690221e-01
1.622600000000159753e+03,1.598067153021691666e-01
1.622700000000159889e+03,1.586833848057836727e-01
1.622800000000159798e+03,1.575597580955593879e-01
1.622900000000159707e+03,1.564349314887503173e-01
1.623000000000159844e+03,1.553100269458503324e-01
1.623100000000159980e+03,1.538567153290917311e-01
1.623200000000159889e+03,1.524032753551350372e-01
1.623300000000159798e+03,1.509494146473998599e-01
1.623400000000159935e+03,1.494954356647614502e-01
1.623500000000160071e+03,1.480413384147221123e-01
1.623600000000159980e+03,1.465871229047842339e-01
1.623700000000159889e+03,1.451331396412108843e-01
1.623800000000160026e+03,1.436793424728892710e-01
1.623900000000160162e+03,1.422254137383377748e-01
1.624000000000160071e+03,1.407713534429619329e-01
1.624100000000159980e+03,1.390508879575768075e-01
1.624200000000160117e+03,1.373302472351427550e-01
1.624300000000160253e+03,1.356094312801291724e-01
1.624400000000160162e+03,1.338884400970058453e-01
1.624500000000160071e+03,1.321672736902353429e-01
1.624600000000160207e+03,1.304459320642802345e-01
1.624700000000160344e+03,1.287244152236117212e-01
1.624800000000160253e+03,1.270027231727011152e-01
1.624900000000160162e+03,1.252808559160128177e-01
1.625000000000160298e+03,1.235588134577202263e-01
1.625100000000160435e+03,1.216552157628161268e-01
1.625200000000160344e+03,1.197515192711890580e-01
1.625300000000160253e+03,1.178486940824206020e-01
1.625400000000160389e+03,1.159455208625725514e-01
1.625500000000160526e+03,1.140419995862419350e-01
1.625600000000160435e+03,1.121381302280255871e-01
1.625700000000160344e+03,1.102339127625109466e-01
1.625800000000160480e+03,1.083293471642847311e-01
1.625900000000160617e+03,1.064244334079422899e-01
1.626000000000160526e+03,1.045191714679397227e-01
1.626100000000160435e+03,1.025274150322596778e-01
1.626200000000160571e+03,1.005352631983383316e-01
1.626300000000160708e+03,9.854271594334172713e-02
1.626400000000160617e+03,9.654977324443828057e-02
1.626500000000160526e+03,9.455643507878816467e-02
1.626600000000160662e+03,9.256270142355374486e-02
1.626700000000160799e+03,9.056857225590794758e-02
1.626800000000160708e+03,8.857404755302523969e-02
1.626900000000160617e+03,8.657912729207266345e-02
1.627000000000160753e+03,8.458381145236489040e-02
1.627100000000160890e+03,8.392318522110868428e-02
1.627200000000160799e+03,8.326237066385744345e-02
1.627300000000160708e+03,8.260136775872621573e-02
1.627400000000160844e+03,8.194017648382946606e-02
1.627500000000160981e+03,8.127879681728415739e-02
1.627600000000160890e+03,8.061722873720644778e-02
1.627700000000160799e+03,7.995547222170899804e-02
1.627800000000160935e+03,7.929352724890381676e-02
1.627900000000161072e+03,7.863139379690550768e-02
1.628000000000160981e+03,7.796907184724465034e-02
1.628100000000160890e+03,7.942942224205221113e-02
1.628200000000161026e+03,8.089015664413599926e-02
1.628300000000161162e+03,8.235127507916206735e-02
1.628400000000161072e+03,8.381277757279324836e-02
1.628500000000160981e+03,8.527466415069677452e-02
1.628600000000161117e+03,8.673693483853696373e-02
1.628700000000161253e+03,8.819958966196908556e-02
1.628800000000161162e+03,8.966262864664591159e-02
1.628900000000161072e+03,9.112605181822387712e-02
1.629000000000161208e+03,9.258985920241744050e-02
1.629100000000161344e+03,9.409158346396502559e-02
1.629200000000161253e+03,9.559376816494763451e-02
1.629300000000161162e+03,9.709641335868129941e-02
1.629400000000161299e+03,9.859951909848305163e-02
1.629500000000161435e+03,1.001030854376641771e-01
1.629600000000161344e+03,1.016071124295365447e-01
1.629700000000161253e+03,1.031116001274202387e-01
1.629800000000161390e+03,1.046165485846354687e-01
1.629900000000161526e+03,1.061219578544972952e-01
1.630000000000161435e+03,1.076278279903010587e-01
1.630100000000161344e+03,1.091213266752083105e-01
1.630200000000161481e+03,1.106152127504405336e-01
1.630300000000161617e+03,1.121096461494710678e-01
1.630400000000161526e+03,1.136045357493202235e-01
1.630500000000161435e+03,1.150998187750449930e-01
1.630600000000161572e+03,1.165954952527498700e-01
1.630700000000161708e+03,1.180915652085301470e-01
1.630800000000161617e+03,1.195880286684783550e-01
1.630900000000161526e+03,1.210848856586913269e-01
1.631000000000161663e+03,1.225821362051673080e-01
1.631100000000161799e+03,1.240204689002318145e-01
1.631200000000161708e+03,1.254592469489258788e-01
1.631300000000161617e+03,1.268980195273639033e-01
1.631400000000161754e+03,1.283370953680291471e-01
1.631500000000161890e+03,1.297766035218534952e-01
1.631600000000161799e+03,1.312165440335611999e-01
1.631700000000161708e+03,1.326569169478834798e-01
1.631800000000161845e+03,1.340977223095511095e-01
1.631900000000161981e+03,1.355389601632880914e-01
1.632000000000161890e+03,1.369806305536283852e-01
1.632100000000161799e+03,1.383064009290427832e-01
1.632200000000161936e+03,1.396331153795411506e-01
1.632300000000162072e+03,1.409602531632691558e-01
1.632400000000161981e+03,1.422878143214889868e-01
1.632500000000161890e+03,1.436157988954676057e-01
1.632600000000162026e+03,1.449442069264707256e-01
1.632700000000162163e+03,1.462730384557561492e-01
1.632800000000162072e+03,1.476022935245813184e-01
1.632900000000161981e+03,1.489319721742074498e-01
1.633000000000162117e+03,1.502620744456160118e-01
1.633100000000162254e+03,1.514204146093805492e-01
1.633200000000162163e+03,1.525791646422682835e-01
1.633300000000162072e+03,1.537383245961687073e-01
1.633400000000162208e+03,1.548978945229720905e-01
1.633500000000162345e+03,1.560578744745645952e-01
1.633600000000162254e+03,1.572182645028335490e-01
1.633700000000162163e+03,1.583790646596725249e-01
1.633800000000162299e+03,1.595406587585326552e-01
1.633900000000162436e+03,1.607030183500587350e-01
1.634000000000162345e+03,1.618657988754209909e-01
1.634100000000162254e+03,1.627946936468308292e-01
1.634200000000162390e+03,1.637238919950782801e-01
1.634300000000162527e+03,1.646533939559085002e-01
1.634400000000162436e+03,1.655848553805079337e-01
1.634500000000162345e+03,1.665169267448620427e-01
1.634600000000162481e+03,1.674493236086981307e-01
1.634700000000162618e+03,1.683820460176840283e-01
1.634800000000162527e+03,1.693150940174892594e-01
1.634900000000162436e+03,1.702484676537891206e-01
1.635000000000162572e+03,1.711821669717959460e-01
1.635100000000162709e+03,1.718301287379257192e-01
1.635200000000162618e+03,1.724782899768747546e-01
1.635300000000162527e+03,1.731266507154816670e-01
1.635400000000162663e+03,1.737752109805856260e-01
1.635500000000162800e+03,1.744239707990240529e-01
1.635600000000162709e+03,1.750729301976360897e-01
1.635700000000162618e+03,1.757220892032642090e-01
1.635800000000162754e+03,1.763714478427524934e-01
1.635900000000162891e+03,1.770210061429433046e-01
1.636000000000162800e+03,1.776707641301444873e-01
1.636100000000162709e+03,1.779919980269537572e-01
1.636200000000162845e+03,1.783117258191490861e-01
1.636300000000162981e+03,1.786306872685707592e-01
1.636400000000162891e+03,1.789497293491478791e-01
1.636500000000162800e+03,1.792688520694323273e-01
1.636600000000162936e+03,1.795880554379767624e-01
1.636700000000163072e+03,1.799073394633319556e-01
1.636800000000162981e+03,1.802267041540493719e-01
1.636900000000162891e+03,1.805461495186815868e-01
1.637000000000163027e+03,1.808656755651944503e-01
1.637100000000163163e+03,1.808238996037163371e-01
1.637200000000163072e+03,1.807809752783757495e-01
1.637300000000162981e+03,1.807378871100945583e-01
1.637400000000163118e+03,1.806945750404979345e-01
1.637500000000163254e+03,1.806512494263937119e-01
1.637600000000163163e+03,1.806079102668650127e-01
1.637700000000163072e+03,1.805645575609944042e-01
1.637800000000163209e+03,1.805211913078648422e-01
1.637900000000163345e+03,1.804778115065589494e-01
1.638000000000163254e+03,1.804348355963028283e-01
1.638100000000163163e+03,1.800161359526306903e-01
1.638200000000163300e+03,1.795973319446165506e-01
1.638300000000163436e+03,1.791784235626778243e-01
1.638400000000163345e+03,1.787594107972320379e-01
1.638500000000163254e+03,1.783402936386942195e-01
1.638600000000163391e+03,1.779210720774802579e-01
1.638700000000163527e+03,1.775017461040073186e-01
1.638800000000163436e+03,1.770823157086926780e-01
1.638900000000163345e+03,1.766627808819518086e-01
1.639000000000163482e+03,1.762431416135723516e-01
1.639100000000163618e+03,1.754392895544757414e-01
1.639200000000163527e+03,1.746353101923049100e-01
1.639300000000163436e+03,1.738312035226326213e-01
1.639400000000163573e+03,1.730269695410328878e-01
1.639500000000163709e+03,1.722226082430833305e-01
1.639600000000163618e+03,1.714181196243623750e-01
1.639700000000163527e+03,1.706135036804451721e-01
1.639800000000163664e+03,1.698090650278924196e-01
1.639900000000163800e+03,1.690066571199176915e-01
1.640000000000163709e+03,1.682040984102514680e-01
1.640100000000163618e+03,1.670426817511385942e-01
1.640200000000163755e+03,1.658810800567659671e-01
1.640300000000163891e+03,1.647192933148586003e-01
1.640400000000163800e+03,1.635573215131411184e-01
1.640500000000163709e+03,1.623951646393332615e-01
1.640600000000163845e+03,1.612328226811533538e-01
1.640700000000163982e+03,1.600702956263254928e-01
1.640800000000163891e+03,1.589076681242236055e-01
1.640900000000163800e+03,1.577450848256265747e-01
1.641000000000163936e+03,1.565823117551717325e-01
1.641100000000164073e+03,1.550991839478506051e-01
1.641200000000163982e+03,1.536167409096874104e-01
1.641300000000163891e+03,1.521363377963084462e-01
1.641400000000164027e+03,1.506551819767244227e-01
1.641500000000164164e+03,1.491736630138671138e-01
1.641600000000164073e+03,1.476919387077124390e-01
1.641700000000163982e+03,1.462100090513404338e-01
1.641800000000164118e+03,1.447278740378322714e-01
1.641900000000164255e+03,1.432455336602752316e-01
1.642000000000164164e+03,1.417629879113459779e-01
1.642100000000164073e+03,1.400289644075065898e-01
1.642200000000164209e+03,1.382946339374485634e-01
1.642300000000164346e+03,1.365599964764018237e-01
1.642400000000164255e+03,1.348250519995953800e-01
1.642500000000164164e+03,1.330898004822497760e-01
1.642600000000164300e+03,1.313542418995840844e-01
1.642700000000164437e+03,1.296183762268246220e-01
1.642800000000164346e+03,1.278822034391965679e-01
1.642900000000164255e+03,1.261457235119167186e-01
1.643000000000164391e+03,1.244089364199059827e-01
1.643100000000164528e+03,1.224928829963320837e-01
1.643200000000164437e+03,1.205766384444816319e-01
1.643300000000164346e+03,1.186602027715484425e-01
1.643400000000164482e+03,1.167435759847285232e-01
1.643500000000164619e+03,1.148267580912281094e-01
1.643600000000164528e+03,1.129097490982549495e-01
1.643700000000164437e+03,1.109925490130100056e-01
1.643800000000164573e+03,1.090751578426959884e-01
1.643900000000164709e+03,1.071578323252650455e-01
1.644000000000164619e+03,1.052393099540577109e-01
1.644100000000164528e+03,1.032399884687630609e-01
1.644200000000164664e+03,1.012405478861048563e-01
1.644300000000164800e+03,9.924098823524178659e-02
1.644400000000164709e+03,9.724179975218542882e-02
1.644500000000164619e+03,9.524310736617679074e-02
1.644600000000164755e+03,9.324424913031560680e-02
1.644700000000164891e+03,9.124522507124822879e-02
1.644800000000164800e+03,8.924603521562787800e-02
1.644900000000164709e+03,8.724667959010473650e-02
1.645000000000164846e+03,8.524715822370959595e-02
1.645100000000164982e+03,8.468748803772023492e-02
1.645200000000164891e+03,8.412780131410699247e-02
1.645300000000164800e+03,8.356839273995472772e-02
1.645400000000164937e+03,8.300964291104302728e-02
1.645500000000165073e+03,8.245086342856580708e-02
1.645600000000164982e+03,8.189205430511171946e-02
1.645700000000164891e+03,8.133321555326848695e-02
1.645800000000165028e+03,8.077434718562592764e-02
1.645900000000165164e+03,8.021544921477880008e-02
1.646000000000165073e+03,7.965652165663157647e-02
1.646100000000164982e+03,8.110157884263115291e-02
1.646200000000165119e+03,8.254677552578018607e-02
1.646300000000165255e+03,8.399211168545146766e-02
1.646400000000165164e+03,8.543758730101175258e-02
1.646500000000165073e+03,8.688320235182865614e-02
1.646600000000165210e+03,8.832895681726336823e-02
1.646700000000165346e+03,8.977421271283356208e-02
1.646800000000165255e+03,9.121916816275818518e-02
1.646900000000165164e+03,9.266422919299156791e-02
1.647000000000165301e+03,9.410939578158973584e-02
1.647100000000165437e+03,9.558683843257337331e-02
1.647200000000165346e+03,9.706431757652984882e-02
1.647300000000165255e+03,9.854183317921576257e-02
1.647400000000165392e+03,1.000193852063830241e-01
1.647500000000165528e+03,1.014969736237725517e-01
1.647600000000165437e+03,1.029745983971200596e-01
1.647700000000165346e+03,1.044522594921640235e-01
1.647800000000165483e+03,1.059299568746381731e-01
1.647900000000165619e+03,1.074081054131806878e-01
1.648000000000165528e+03,1.088863153296541625e-01
1.648100000000165437e+03,1.103558315137189716e-01
1.648200000000165574e+03,1.118254998543217610e-01
1.648300000000165710e+03,1.132952098125599022e-01
1.648400000000165619e+03,1.147649613351885978e-01
1.648500000000165528e+03,1.162342803556736942e-01
1.648600000000165664e+03,1.177027320592928111e-01
1.648700000000165801e+03,1.191711908788153779e-01
1.648800000000165710e+03,1.206396567631103645e-01
1.648900000000165619e+03,1.221081296610445344e-01
1.649000000000165755e+03,1.235766095213793880e-01
1.649100000000165892e+03,1.249869711601064026e-01
1.649200000000165801e+03,1.263973266115081817e-01
1.649300000000165710e+03,1.278076758294599546e-01
1.649400000000165846e+03,1.292176873086168520e-01
1.649500000000165983e+03,1.306264926266695048e-01
1.649600000000165892e+03,1.320352586579401910e-01
1.649700000000165801e+03,1.334439853588123837e-01
1.649800000000165937e+03,1.348526726856649205e-01
1.649900000000166074e+03,1.362623638410258298e-01
1.650000000000165983e+03,1.376725930250696506e-01
1.650100000000165892e+03,1.389758799349809504e-01
1.650200000000166028e+03,1.402792178417580637e-01
1.650300000000166165e+03,1.415826067161139734e-01
1.650400000000166074e+03,1.428860465287569437e-01
1.650500000000165983e+03,1.441895372503957939e-01
1.650600000000166119e+03,1.454930788517342921e-01
1.650700000000166256e+03,1.467966713034649373e-01
1.650800000000166165e+03,1.481003145762752327e-01
1.650900000000166074e+03,1.494040086408533752e-01
1.651000000000166210e+03,1.507077534676089514e-01
1.651100000000166347e+03,1.518469730679567475e-01
1.651200000000166256e+03,1.529862173234838030e-01
1.651300000000166165e+03,1.541254862041621931e-01
1.651400000000166301e+03,1.552652869069040542e-01
1.651500000000166438e+03,1.564046799042995983e-01
1.651600000000166347e+03,1.575439336402083834e-01
1.651700000000166256e+03,1.586839452658186378e-01
1.651800000000166392e+03,1.598251187473388735e-01
1.651900000000166528e+03,1.609663418740602814e-01
1.652000000000166438e+03,1.621076146144386221e-01
1.652100000000166347e+03,1.630302102551963450e-01
1.652200000000166483e+03,1.639512339011203468e-01
1.652300000000166619e+03,1.648719361357294522e-01
1.652400000000166528e+03,1.657926380960162982e-01
1.652500000000166438e+03,1.667133397534791006e-01
1.652600000000166574e+03,1.676340410796124114e-01
1.652700000000166710e+03,1.685547420459017620e-01
1.652800000000166619e+03,1.694754426238289924e-01
1.652900000000166528e+03,1.703961427848753873e-01
1.653000000000166665e+03,1.713168425000836381e-01
1.653100000000166801e+03,1.719766190554020413e-01
1.653200000000166710e+03,1.726364325426287538e-01
1.653300000000166619e+03,1.732962829503451041e-01
1.653400000000166756e+03,1.739561702671307553e-01
1.653500000000166892e+03,1.746163750305202156e-01
1.653600000000166801e+03,1.752783850559166967e-01
1.653700000000166710e+03,1.759404472824689647e-01
1.653800000000166847e+03,1.766025616989651548e-01
1.653900000000166983e+03,1.772647282941882396e-01
1.654000000000166892e+03,1.779261809184253251e-01
1.654100000000166801e+03,1.782811395808426846e-01
1.654200000000166938e+03,1.786361287437890077e-01
1.654300000000167074e+03,1.789911484044089951e-01
1.654400000000166983e+03,1.793461985598457653e-01
1.654500000000166892e+03,1.797012792072434917e-01
1.654600000000167029e+03,1.800562177924729668e-01
1.654700000000167165e+03,1.804108433824168634e-01
1.654800000000167074e+03,1.807654974274693349e-01
1.654900000000166983e+03,1.811204217816437811e-01
1.655000000000167120e+03,1.814754951052495457e-01
1.655100000000167256e+03,1.814899915583391421e-01
1.655200000000167165e+03,1.815044879452485105e-01
1.655300000000167074e+03,1.815189842657732311e-01
1.655400000000167211e+03,1.815353438148838983e-01
1.655500000000167347e+03,1.815519602031235580e-01
1.655600000000167256e+03,1.815670847361577356e-01
1.655700000000167165e+03,1.815821870613720246e-01
1.655800000000167302e+03,1.815966229002060339e-01
1.655900000000167438e+03,1.816096044988251557e-01
1.656000000000167347e+03,1.816225857973323699e-01
1.656100000000167256e+03,1.812764658357358949e-01
1.656200000000167392e+03,1.809303172523933634e-01
1.656300000000167529e+03,1.805841400498620353e-01
1.656400000000167438e+03,1.802379342306987819e-01
1.656500000000167347e+03,1.798912688179338248e-01
1.656600000000167483e+03,1.795444933909181029e-01
1.656700000000167620e+03,1.791976913363958479e-01
1.656800000000167529e+03,1.788508626571614357e-01
1.656900000000167438e+03,1.785040073560084373e-01
1.657000000000167574e+03,1.781571254351342060e-01
1.657100000000167711e+03,1.774542272546022481e-01
1.657200000000167620e+03,1.767512138619238005e-01
1.657300000000167529e+03,1.760480852487051884e-01
1.657400000000167665e+03,1.753448414065509608e-01
1.657500000000167802e+03,1.746414823270698025e-01
1.657600000000167711e+03,1.739380080018691210e-01
1.657700000000167620e+03,1.732344184225540484e-01
1.657800000000167756e+03,1.725307135807284675e-01
1.657900000000167893e+03,1.718268934680003412e-01
1.658000000000167802e+03,1.711229580753855228e-01
1.658100000000167711e+03,1.700667621293640575e-01
1.658200000000167847e+03,1.690104274280053720e-01
1.658300000000167984e+03,1.679539539661214220e-01
1.658400000000167893e+03,1.668975148585255253e-01
1.658500000000167802e+03,1.658410934430983863e-01
1.658600000000167938e+03,1.647845290343476765e-01
1.658700000000168075e+03,1.637278216263002295e-01
1.658800000000167984e+03,1.626709712129832675e-01
1.658900000000167893e+03,1.616139777884188222e-01
1.659000000000168029e+03,1.605575190209181935e-01
1.659100000000168166e+03,1.591888118481223913e-01
1.659200000000168075e+03,1.578198359418637453e-01
1.659300000000167984e+03,1.564505912762664541e-01
1.659400000000168120e+03,1.550810778254544942e-01
1.659500000000168257e+03,1.537098662496273471e-01
1.659600000000168166e+03,1.523380508454414417e-01
1.659700000000168075e+03,1.509659986734548931e-01
1.659800000000168211e+03,1.495937097138267946e-01
1.659900000000168347e+03,1.482211839467212910e-01
1.660000000000168257e+03,1.468484213518620185e-01
1.660100000000168166e+03,1.452138716993237044e-01
1.660200000000168302e+03,1.435793288714501958e-01
1.660300000000168438e+03,1.419445019105513572e-01
1.660400000000168347e+03,1.403104188426033128e-01
1.660500000000168257e+03,1.386764985266716876e-01
1.660600000000168393e+03,1.370421909438344354e-01
1.660700000000168529e+03,1.354074960454194898e-01
1.660800000000168438e+03,1.337724137827515369e-01
1.660900000000168347e+03,1.321369441071441331e-01
1.661000000000168484e+03,1.305010869695853448e-01
1.661100000000168620e+03,1.286732687050257395e-01
1.661200000000168529e+03,1.268449559594538589e-01
1.661300000000168438e+03,1.250161486554912660e-01
1.661400000000168575e+03,1.231868467157517244e-01
1.661500000000168711e+03,1.213570500628490395e-01
1.661600000000168620e+03,1.195263374480815682e-01
1.661700000000168529e+03,1.176950186706761381e-01
1.661800000000168666e+03,1.158619063461153037e-01
1.661900000000168802e+03,1.140282384381178377e-01
1.662000000000168711e+03,1.121941082509137766e-01
1.662100000000168620e+03,1.102494330779546367e-01
1.662200000000168757e+03,1.083043727378534271e-01
1.662300000000168893e+03,1.063589271915350160e-01
1.662400000000168802e+03,1.044130963999223699e-01
1.662500000000168711e+03,1.024668803239273673e-01
1.662600000000168848e+03,1.005202789244600409e-01
1.662700000000168984e+03,9.857329216243748693e-02
1.662800000000168893e+03,9.662591999877470639e-02
1.662900000000168802e+03,9.467816239437581993e-02
1.663000000000168939e+03,9.273001931043600710e-02
1.663100000000169075e+03,9.095484851272078730e-02
1.663200000000168984e+03,8.917916752413936055e-02
1.663300000000168893e+03,8.740333094374283518e-02
1.663400000000169030e+03,8.562679453985992672e-02
1.663500000000169166e+03,8.384974054109556318e-02
1.663600000000169075e+03,8.207148479469009161e-02
1.663700000000168984e+03,8.029247456682601924e-02
1.663800000000169121e+03,7.851298798889609631e-02
1.663900000000169257e+03,7.673302499217631023e-02
1.664000000000169166e+03,7.495271707180045651e-02
1.664100000000169075e+03,7.635495325670231537e-02
1.664200000000169211e+03,7.775753951398003960e-02
1.664300000000169348e+03,7.916047588896514553e-02
1.664400000000169257e+03,8.056376242699236911e-02
1.664500000000169166e+03,8.196683955944923661e-02
1.664600000000169302e+03,8.336984565780114487e-02
1.664700000000169439e+03,8.477316937646735273e-02
1.664800000000169348e+03,8.617681075083399866e-02
1.664900000000169257e+03,8.758079159038729966e-02
1.665000000000169393e+03,8.898610543449929355e-02
1.665100000000169530e+03,9.044053939279360355e-02
1.665200000000169439e+03,9.189535112501841241e-02
1.665300000000169348e+03,9.335054068760531565e-02
1.665400000000169484e+03,9.480610813699122397e-02
1.665500000000169621e+03,9.626205352961202111e-02
1.665600000000169530e+03,9.771837692190869784e-02
1.665700000000169439e+03,9.917507837033438800e-02
1.665800000000169575e+03,1.006321579313478876e-01
1.665900000000169712e+03,1.020896156614062994e-01
1.666000000000169621e+03,1.035474516169906378e-01
1.666100000000169530e+03,1.050161862875603203e-01
1.666200000000169666e+03,1.064853252917114940e-01
1.666300000000169803e+03,1.079548686860425100e-01
1.666400000000169712e+03,1.094248165271563683e-01
1.666500000000169621e+03,1.108951688716666578e-01
1.666600000000169757e+03,1.123659257761908947e-01
1.666700000000169894e+03,1.138370872973444303e-01
1.666800000000169803e+03,1.153086534917465295e-01
1.666900000000169712e+03,1.167806244160273926e-01
1.667000000000169848e+03,1.182530001267626668e-01
1.667100000000169985e+03,1.196914739276299516e-01
1.667200000000169894e+03,1.211303393589441557e-01
1.667300000000169803e+03,1.225695964813673100e-01
1.667400000000169939e+03,1.240092453555671909e-01
1.667500000000170076e+03,1.254492860422107836e-01
1.667600000000169985e+03,1.268897186019719570e-01
1.667700000000169894e+03,1.283314895670746025e-01
1.667800000000170030e+03,1.297742275394780931e-01
1.667900000000170166e+03,1.312173910663901044e-01
1.668000000000170076e+03,1.326609802197185606e-01
1.668100000000169985e+03,1.340195392305559563e-01
1.668200000000170121e+03,1.353754964271040029e-01
1.668300000000170257e+03,1.367317280505961630e-01
1.668400000000170166e+03,1.380882341299248250e-01
1.668500000000170076e+03,1.394450146939896773e-01
1.668600000000170212e+03,1.408028960999284374e-01
1.668700000000170348e+03,1.421618884597277144e-01
1.668800000000170257e+03,1.435211869594391065e-01
1.668900000000170166e+03,1.448808124431777145e-01
1.669000000000170303e+03,1.462410149959750549e-01
1.669100000000170439e+03,1.474714468350476204e-01
1.669200000000170348e+03,1.487020941814084229e-01
1.669300000000170257e+03,1.499330600291070570e-01
1.669400000000170394e+03,1.511643444237256717e-01
1.669500000000170530e+03,1.523959474108455558e-01
1.669600000000170439e+03,1.536278690360512178e-01
1.669700000000170348e+03,1.548601093449374910e-01
1.669800000000170485e+03,1.560926683831032336e-01
1.669900000000170621e+03,1.573255461961455270e-01
1.670000000000170530e+03,1.585602379372640369e-01
1.670100000000170439e+03,1.596057552670574753e-01
1.670200000000170576e+03,1.606514867325280205e-01
1.670300000000170712e+03,1.616974323581439887e-01
1.670400000000170621e+03,1.627435921683752507e-01
1.670500000000170530e+03,1.637899661876981716e-01
1.670600000000170667e+03,1.648365544405908656e-01
1.670700000000170803e+03,1.658833569515280049e-01
1.670800000000170712e+03,1.669302328449299155e-01
1.670900000000170621e+03,1.679766940405781062e-01
1.671000000000170758e+03,1.690233599818006804e-01
1.671100000000170894e+03,1.698389082014550855e-01
1.671200000000170803e+03,1.706546264492777576e-01
1.671300000000170712e+03,1.714705147457000201e-01
1.671400000000170849e+03,1.722865731111554999e-01
1.671500000000170985e+03,1.731028015660750208e-01
1.671600000000170894e+03,1.739192001308909330e-01
1.671700000000170803e+03,1.747357688260412767e-01
1.671800000000170940e+03,1.755525076719654520e-01
1.671900000000171076e+03,1.763694166891008330e-01
1.672000000000170985e+03,1.771864958974096460e-01
1.672100000000170894e+03,1.777253190157471741e-01
1.672200000000171030e+03,1.782642457331714003e-01
1.672300000000171167e+03,1.788053287765242194e-01
1.672400000000171076e+03,1.793465548611631877e-01
1.672500000000170985e+03,1.798872355376042453e-01
1.672600000000171121e+03,1.804279727277405265e-01
1.672700000000171258e+03,1.809679328332221004e-01
1.672800000000171167e+03,1.815067801462809938e-01
1.672900000000171076e+03,1.820457268453400945e-01
1.673000000000171212e+03,1.825847729396683494e-01
1.673100000000171349e+03,1.828058324583986538e-01
1.673200000000171258e+03,1.830269215976156327e-01
1.673300000000171167e+03,1.832480403589747120e-01
1.673400000000171303e+03,1.834699731444598692e-01
1.673500000000171440e+03,1.836919930631242814e-01
1.673600000000171349e+03,1.839140446363944081e-01
1.673700000000171258e+03,1.841361278663393442e-01
1.673800000000171394e+03,1.843582427550290170e-01
1.673900000000171531e+03,1.845803893045318833e-01
1.674000000000171440e+03,1.848040385634841798e-01
1.674100000000171349e+03,1.846863582857458108e-01
1.674200000000171485e+03,1.845680760466501535e-01
1.674300000000171622e+03,1.844497753988931787e-01
1.674400000000171531e+03,1.843314563410835549e-01
1.674500000000171440e+03,1.842131188718292567e-01
1.674600000000171576e+03,1.840947629897382865e-01
1.674700000000171713e+03,1.839763886934187298e-01
1.674800000000171622e+03,1.838579959814794773e-01
1.674900000000171531e+03,1.837395848525277542e-01
1.675000000000171667e+03,1.836211553045614397e-01
1.675100000000171804e+03,1.831474179664823176e-01
1.675200000000171713e+03,1.826736215891665016e-01
1.675300000000171622e+03,1.821997661701138527e-01
1.675400000000171758e+03,1.817258517068240653e-01
1.675500000000171894e+03,1.812518781967992210e-01
1.675600000000171804e+03,1.807778456375415677e-01
1.675700000000171713e+03,1.803037540265507999e-01
1.675800000000171849e+03,1.798296033613273615e-01
1.675900000000171985e+03,1.793553936393733894e-01
1.676000000000171894e+03,1.788811248575810364e-01
1.676100000000171804e+03,1.780515764210601759e-01
1.676200000000171940e+03,1.772219655326166265e-01
1.676300000000172076e+03,1.763922921962278734e-01
1.676400000000171985e+03,1.755625564158717067e-01
1.676500000000171894e+03,1.747327581955242515e-01
1.676600000000172031e+03,1.739028975391615772e-01
1.676700000000172167e+03,1.730729744507647494e-01
1.676800000000172076e+03,1.722428068241262933e-01
1.676900000000171985e+03,1.714122698682950530e-01
1.677000000000172122e+03,1.705816752388207014e-01
1.677100000000172258e+03,1.694219451109142682e-01
1.677200000000172167e+03,1.682620995749441462e-01
1.677300000000172076e+03,1.671036454172273034e-01
1.677400000000172213e+03,1.659454871273756960e-01
1.677500000000172349e+03,1.647871864159244082e-01
1.677600000000172258e+03,1.636287432793801233e-01
1.677700000000172167e+03,1.624697589093599959e-01
1.677800000000172304e+03,1.613091592532531759e-01
1.677900000000172440e+03,1.601484441814933213e-01
1.678000000000172349e+03,1.589876136931567541e-01
1.678100000000172258e+03,1.575273425863290000e-01
1.678200000000172395e+03,1.560670254353975495e-01
1.678300000000172531e+03,1.546066622599782114e-01
1.678400000000172440e+03,1.531462530796895427e-01
1.678500000000172349e+03,1.516857979141464086e-01
1.678600000000172486e+03,1.502252967829662278e-01
1.678700000000172622e+03,1.487643786103604315e-01
1.678800000000172531e+03,1.473033682635767616e-01
1.678900000000172440e+03,1.458423203603841645e-01
1.679000000000172577e+03,1.443812349203540957e-01
1.679100000000172713e+03,1.426830609103647285e-01
1.679200000000172622e+03,1.409847980277309232e-01
1.679300000000172531e+03,1.392864462878079801e-01
1.679400000000172668e+03,1.375880057059539197e-01
1.679500000000172804e+03,1.358891384778996847e-01
1.679600000000172713e+03,1.341899897897595451e-01
1.679700000000172622e+03,1.324907658474150929e-01
1.679800000000172759e+03,1.307914666671341763e-01
1.679900000000172895e+03,1.290920922651944136e-01
1.680000000000172804e+03,1.273926426575840987e-01
1.680100000000172713e+03,1.255243870306970155e-01
1.680200000000172849e+03,1.236560947634204738e-01
1.680300000000172986e+03,1.217877658807921953e-01
1.680400000000172895e+03,1.199194004078522752e-01
1.680500000000172804e+03,1.180509983696358262e-01
1.680600000000172940e+03,1.161825597911799457e-01
1.680700000000173077e+03,1.143140846975342767e-01
1.680800000000172986e+03,1.124455731137499609e-01
1.680900000000172895e+03,1.105769327612030062e-01
1.681000000000173031e+03,1.087078522384042761e-01
1.681100000000173168e+03,1.067545856218839462e-01
1.681200000000173077e+03,1.048013278727841224e-01
1.681300000000172986e+03,1.028480790243564980e-01
1.681400000000173122e+03,1.008940256985810108e-01
1.681500000000173259e+03,9.893966123880551522e-02
1.681600000000173168e+03,9.698535118101547781e-02
1.681700000000173077e+03,9.503109555657829333e-02
1.681800000000173213e+03,9.307736045969976224e-02
1.681900000000173350e+03,9.112467959010625562e-02
1.682000000000173259e+03,8.917198997380419712e-02
1.682100000000173168e+03,8.812033708451560976e-02
1.682200000000173304e+03,8.706864916545678512e-02
1.682300000000173441e+03,8.601692622777871999e-02
1.682400000000173350e+03,8.496538163339799332e-02
1.682500000000173259e+03,8.391382587225643119e-02
1.682600000000173395e+03,8.286222911425129845e-02
1.682700000000173532e+03,8.181059137021805261e-02
1.682800000000173441e+03,8.075891265099353900e-02
1.682900000000173350e+03,7.970719296741132776e-02
1.683000000000173486e+03,7.865528362162890752e-02
1.683100000000173623e+03,8.004130011301130443e-02
1.683200000000173532e+03,8.142730753582150260e-02
1.683300000000173441e+03,8.281330586495345980e-02
1.683400000000173577e+03,8.419929507529851087e-02
1.683500000000173713e+03,8.558527514173894235e-02
1.683600000000173623e+03,8.697124603915451502e-02
1.683700000000173532e+03,8.835631417924622033e-02
1.683800000000173668e+03,8.974121045782713912e-02
1.683900000000173804e+03,9.112606532671668758e-02
1.684000000000173713e+03,9.251087876230025542e-02
1.684100000000173623e+03,9.393750666186392873e-02
1.684200000000173759e+03,9.536415755630132940e-02
1.684300000000173895e+03,9.679083143221800523e-02
1.684400000000173804e+03,9.821752827621861581e-02
1.684500000000173713e+03,9.964424807491363556e-02
1.684600000000173850e+03,1.010709908149119568e-01
1.684700000000173986e+03,1.024977564828156995e-01
1.684800000000173895e+03,1.039245450652258040e-01
1.684900000000173804e+03,1.053513565487488590e-01
1.685000000000173941e+03,1.067781909199940343e-01
1.685100000000174077e+03,1.082072853340311641e-01
1.685200000000173986e+03,1.096363754719031636e-01
1.685300000000173895e+03,1.110654613160329263e-01
1.685400000000174032e+03,1.124945428488418331e-01
1.685500000000174168e+03,1.139236200527438542e-01
1.685600000000174077e+03,1.153526929101517801e-01
1.685700000000173986e+03,1.167817614034836471e-01
1.685800000000174123e+03,1.182108255151559650e-01
1.685900000000174259e+03,1.196398852275779717e-01
1.686000000000174168e+03,1.210689405230933324e-01
1.686100000000174077e+03,1.224607768332517943e-01
1.686200000000174214e+03,1.238526010689744716e-01
1.686300000000174350e+03,1.252444532197924398e-01
1.686400000000174259e+03,1.266363332748301762e-01
1.686500000000174168e+03,1.280281582917454641e-01
1.686600000000174305e+03,1.294198353773416688e-01
1.686700000000174441e+03,1.308115347878478774e-01
1.686800000000174350e+03,1.322032565122110426e-01
1.686900000000174259e+03,1.335950005393840290e-01
1.687000000000174396e+03,1.349867668581743729e-01
1.687100000000174532e+03,1.362955844390825733e-01
1.687200000000174441e+03,1.376044465585452847e-01
1.687300000000174350e+03,1.389133532096728796e-01
1.687400000000174487e+03,1.402223043855755358e-01
1.687500000000174623e+03,1.415313000793567144e-01
1.687600000000174532e+03,1.428403402841197656e-01
1.687700000000174441e+03,1.441494249929730076e-01
1.687800000000174578e+03,1.454585541990254249e-01
1.687900000000174714e+03,1.467677278953787856e-01
1.688000000000174623e+03,1.480769460749056243e-01
1.688100000000174532e+03,1.492550393580470425e-01
1.688200000000174668e+03,1.504335680850356349e-01
1.688300000000174805e+03,1.516135121370339733e-01
1.688400000000174714e+03,1.527935270356799158e-01
1.688500000000174623e+03,1.539736127768795981e-01
1.688600000000174759e+03,1.551537693565389897e-01
1.688700000000174896e+03,1.563327991030327990e-01
1.688800000000174805e+03,1.575112591763024317e-01
1.688900000000174714e+03,1.586897627040085579e-01
1.689000000000174850e+03,1.598683096802348269e-01
1.689100000000174987e+03,1.608717918942807745e-01
1.689200000000174896e+03,1.618753593781735167e-01
1.689300000000174805e+03,1.628790016769730009e-01
1.689400000000174941e+03,1.638819896269090026e-01
1.689500000000175078e+03,1.648850536695268265e-01
1.689600000000174987e+03,1.658881938056546990e-01
1.689700000000174896e+03,1.668914100361250652e-01
1.689800000000175032e+03,1.678947023617712031e-01
1.689900000000175169e+03,1.688980707834205341e-01
1.690000000000175078e+03,1.699015153015056845e-01
1.690100000000174987e+03,1.706790376396243869e-01
1.690200000000175123e+03,1.714566094362579007e-01
1.690300000000175260e+03,1.722342306909411536e-01
1.690400000000175169e+03,1.730119014032088787e-01
1.690500000000175078e+03,1.737896215725994453e-01
1.690600000000175214e+03,1.745673911986510285e-01
1.690700000000175351e+03,1.753452102808979451e-01
1.690800000000175260e+03,1.761230788188755669e-01
1.690900000000175169e+03,1.769009968121211251e-01
1.691000000000175305e+03,1.776789642597166596e-01
1.691100000000175442e+03,1.781966152118962254e-01
1.691200000000175351e+03,1.787143304793067378e-01
1.691300000000175260e+03,1.792321100654911126e-01
1.691400000000175396e+03,1.797499539739915442e-01
1.691500000000175532e+03,1.802678622083485338e-01
1.691600000000175442e+03,1.807858347721024717e-01
1.691700000000175351e+03,1.813038716687963570e-01
1.691800000000175487e+03,1.818219729019727449e-01
1.691900000000175623e+03,1.823392781936887808e-01
1.692000000000175532e+03,1.828562190106838570e-01
1.692100000000175442e+03,1.830716143489100056e-01
1.692200000000175578e+03,1.832870297707335505e-01
1.692300000000175714e+03,1.835021615301749565e-01
1.692400000000175623e+03,1.837154831443108260e-01
1.692500000000175532e+03,1.839288197890833754e-01
1.692600000000175669e+03,1.841421714641406637e-01
1.692700000000175805e+03,1.843555381691296680e-01
1.692800000000175714e+03,1.845701587298551050e-01
1.692900000000175623e+03,1.847857032102039332e-01
1.693000000000175760e+03,1.850012677764422964e-01
1.693100000000175896e+03,1.848970893484343236e-01
1.693200000000175805e+03,1.847928933179538435e-01
1.693300000000175714e+03,1.846886796840344347e-01
1.693400000000175851e+03,1.845844484457102863e-01
1.693500000000175987e+03,1.844802092924608117e-01
1.693600000000175896e+03,1.843763102209752258e-01
1.693700000000175805e+03,1.842723931284276917e-01
1.693800000000175942e+03,1.841684580137434579e-01
1.693900000000176078e+03,1.840645048758494384e-01
1.694000000000175987e+03,1.839605337130745533e-01
1.694100000000175896e+03,1.835172217505366965e-01
1.694200000000176033e+03,1.830738446459776458e-01
1.694300000000176169e+03,1.826304023959125500e-01
1.694400000000176078e+03,1.821868949968567242e-01
1.694500000000175987e+03,1.817433224453239293e-01
1.694600000000176124e+03,1.812996847378273158e-01
1.694700000000176260e+03,1.808559818708825317e-01
1.694800000000176169e+03,1.804122138410053089e-01
1.694900000000176078e+03,1.799683806447090473e-01
1.695000000000176215e+03,1.795244822779207827e-01
1.695100000000176351e+03,1.787473970549288138e-01
1.695200000000176260e+03,1.779701650909811528e-01
1.695300000000176169e+03,1.771927863769927891e-01
1.695400000000176306e+03,1.764152609038784902e-01
1.695500000000176442e+03,1.756375886625572702e-01
1.695600000000176351e+03,1.748597696439480320e-01
1.695700000000176260e+03,1.740818038389663480e-01
1.695800000000176396e+03,1.733036912385280126e-01
1.695900000000176533e+03,1.725254318335519288e-01
1.696000000000176442e+03,1.717470256143916740e-01
1.696100000000176351e+03,1.706472259962124594e-01
1.696200000000176487e+03,1.695472313215233284e-01
1.696300000000176624e+03,1.684470415791216313e-01
1.696400000000176533e+03,1.673466567578041908e-01
1.696500000000176442e+03,1.662460768463635274e-01
1.696600000000176578e+03,1.651453018335927447e-01
1.696700000000176715e+03,1.640443317082894148e-01
1.696800000000176624e+03,1.629431664592519424e-01
1.696900000000176533e+03,1.618418060752735144e-01
1.697000000000176669e+03,1.607402505446441643e-01
1.697100000000176806e+03,1.593531570592993662e-01
1.697200000000176715e+03,1.579661899712901663e-01
1.697300000000176624e+03,1.565789789964938949e-01
1.697400000000176760e+03,1.551914793643469348e-01
1.697500000000176897e+03,1.538036910561559334e-01
1.697600000000176806e+03,1.524156140532269277e-01
1.697700000000176715e+03,1.510272483368607643e-01
1.697800000000176851e+03,1.496385938883581512e-01
1.697900000000176988e+03,1.482496506890265409e-01
1.698000000000176897e+03,1.468604187197520838e-01
1.698100000000176806e+03,1.452326588338514191e-01
1.698200000000176942e+03,1.436045781298231905e-01
1.698300000000177079e+03,1.419748530347523796e-01
1.698400000000176988e+03,1.403445146520946318e-01
1.698500000000176897e+03,1.387138932272895253e-01
1.698600000000177033e+03,1.370829887541027414e-01
1.698700000000177170e+03,1.354518012263097870e-01
1.698800000000177079e+03,1.338203306376872792e-01
1.698900000000176988e+03,1.321885769820075329e-01
1.699000000000177124e+03,1.305563892815265747e-01
1.699100000000177261e+03,1.287509649188517957e-01
1.699200000000177170e+03,1.269452205829281755e-01
1.699300000000177079e+03,1.251391562705316540e-01
1.699400000000177215e+03,1.233327719784402671e-01
1.699500000000177351e+03,1.215260677034431247e-01
1.699600000000177261e+03,1.197191940127262794e-01
1.699700000000177170e+03,1.179132183359395819e-01
1.699800000000177306e+03,1.161068806970113471e-01
1.699900000000177442e+03,1.143001810786511280e-01
1.700000000000177351e+03,1.124931194633999043e-01
1.700100000000177261e+03,1.105900690986761359e-01
1.700200000000177397e+03,1.086866617542650154e-01
1.700300000000177533e+03,1.067828974155536348e-01
1.700400000000177442e+03,1.048787760679299047e-01
1.700500000000177351e+03,1.029741847814557576e-01
1.700600000000177488e+03,1.010685083610293605e-01
1.700700000000177624e+03,9.916250667917227146e-02
1.700800000000177533e+03,9.725617972989440696e-02
1.700900000000177442e+03,9.534952750719841164e-02
1.701000000000177579e+03,9.344255000542443790e-02
1.701100000000177715e+03,9.172429085963033912e-02
1.701200000000177624e+03,9.000573340044006054e-02
1.701300000000177533e+03,8.828687762193025701e-02
1.701400000000177670e+03,8.656772351817899891e-02
1.701500000000177806e+03,8.484743283802366476e-02
1.701600000000177715e+03,8.312673239193256458e-02
1.701700000000177624e+03,8.140577358714180811e-02
1.701800000000177761e+03,7.968455642953804763e-02
1.701900000000177897e+03,7.796308092501776088e-02
1.702000000000177806e+03,7.624134708494578749e-02
1.702100000000177715e+03,7.759380960024651885e-02
1.702200000000177852e+03,7.894645018979189188e-02
1.702300000000177988e+03,8.029926884790730690e-02
1.702400000000177897e+03,8.165294962834701575e-02
1.702500000000177806e+03,8.300710120546463122e-02
1.702600000000177943e+03,8.436146236381936170e-02
1.702700000000178079e+03,8.571613364139914204e-02
1.702800000000177988e+03,8.707100675875042994e-02
1.702900000000177897e+03,8.842522386935153245e-02
1.703000000000178034e+03,8.977962676295279942e-02
1.703100000000178170e+03,9.118030698136579681e-02
1.703200000000178079e+03,9.258117452240748058e-02
1.703300000000177988e+03,9.398222938232972390e-02
1.703400000000178125e+03,9.538347155738306771e-02
1.703500000000178261e+03,9.678490104381010095e-02
1.703600000000178170e+03,9.818651783785196929e-02
1.703700000000178079e+03,9.958829139446896683e-02
1.703800000000178215e+03,1.009891112275674435e-01
1.703900000000178352e+03,1.023902336640872407e-01
1.704000000000178261e+03,1.037915148566319612e-01
1.704100000000178170e+03,1.052040999277407129e-01
1.704200000000178306e+03,1.066180458717015944e-01
1.704300000000178443e+03,1.080335036128018122e-01
1.704400000000178352e+03,1.094491553350726565e-01
1.704500000000178261e+03,1.108650010428539334e-01
1.704600000000178397e+03,1.122810407404857547e-01
1.704700000000178534e+03,1.136960875947718719e-01
1.704800000000178443e+03,1.151111609683960757e-01
1.704900000000178352e+03,1.165263953419900800e-01
1.705000000000178488e+03,1.179417907119209574e-01
1.705100000000178625e+03,1.193321304005576650e-01
1.705200000000178534e+03,1.207226210633054742e-01
1.705300000000178443e+03,1.221132626972668139e-01
1.705400000000178579e+03,1.235040552995426005e-01
1.705500000000178716e+03,1.248949988672265476e-01
1.705600000000178625e+03,1.262872218944938174e-01
1.705700000000178534e+03,1.276799659007533672e-01
1.705800000000178670e+03,1.290728933249659927e-01
1.705900000000178807e+03,1.304660041717588259e-01
1.706000000000178716e+03,1.318589866959421208e-01
1.706100000000178625e+03,1.331812471044942214e-01
1.706200000000178761e+03,1.345036015211379110e-01
1.706300000000178898e+03,1.358260499413426747e-01
1.706400000000178807e+03,1.371489186059031695e-01
1.706500000000178716e+03,1.384723496227869555e-01
1.706600000000178852e+03,1.397958897535170331e-01
1.706700000000178989e+03,1.411195389952580870e-01
1.706800000000178898e+03,1.424432973451741358e-01
1.706900000000178807e+03,1.437672883756248854e-01
1.707000000000178943e+03,1.450927823029661279e-01
1.707100000000179080e+03,1.463068458031520358e-01
1.707200000000178989e+03,1.475210240119630700e-01
1.707300000000178898e+03,1.487353169311102230e-01
1.707400000000179034e+03,1.499488356325603400e-01
1.707500000000179170e+03,1.511615908219363369e-01
1.707600000000179080e+03,1.523743021898132655e-01
1.707700000000178989e+03,1.535869230534871455e-01
1.707800000000179125e+03,1.547996254664966986e-01
1.707900000000179261e+03,1.560130116084421092e-01
1.708000000000179170e+03,1.572266010920600476e-01
1.708100000000179080e+03,1.582804222939454553e-01
1.708200000000179216e+03,1.593342735114159359e-01
1.708300000000179352e+03,1.603881547404938102e-01
1.708400000000179261e+03,1.614420659772017597e-01
1.708500000000179170e+03,1.624960072175666848e-01
1.708600000000179307e+03,1.635499784576153470e-01
1.708700000000179443e+03,1.646039796933697341e-01
1.708800000000179352e+03,1.656580109208514173e-01
1.708900000000179261e+03,1.667120721360867974e-01
1.709000000000179398e+03,1.677661633347442283e-01
1.709100000000179534e+03,1.686209789521061209e-01
1.709200000000179443e+03,1.694758229059711296e-01
1.709300000000179352e+03,1.703306951934134283e-01
1.709400000000179489e+03,1.711855958115076626e-01
1.709500000000179625e+03,1.720405247573236762e-01
1.709600000000179534e+03,1.728954820279314519e-01
1.709700000000179443e+03,1.737504676204048026e-01
1.709800000000179580e+03,1.746054815318171527e-01
1.709900000000179716e+03,1.754605237592380129e-01
1.710000000000179625e+03,1.763155942992956637e-01
1.710100000000179534e+03,1.769254183928771762e-01
1.710200000000179671e+03,1.775370496436889656e-01
1.710300000000179807e+03,1.781486832073090609e-01
1.710400000000179716e+03,1.787603190814840426e-01
1.710500000000179625e+03,1.793719572639622672e-01
1.710600000000179762e+03,1.799835977524934516e-01
1.710700000000179898e+03,1.805952405448238429e-01
1.710800000000179807e+03,1.812068856386996052e-01
1.710900000000179716e+03,1.818185330318700388e-01
1.711000000000179853e+03,1.824301827215913385e-01
1.711100000000179989e+03,1.827656852755316363e-01
1.711200000000179898e+03,1.831011704833779841e-01
1.711300000000179807e+03,1.834366553224024421e-01
1.711400000000179944e+03,1.837721397910597187e-01
1.711500000000180080e+03,1.841085407139304853e-01
1.711600000000179989e+03,1.844461753882450095e-01
1.711700000000179898e+03,1.847838176065616234e-01
1.711800000000180034e+03,1.851214673678752420e-01
1.711900000000180171e+03,1.854591246711793928e-01
1.712000000000180080e+03,1.857949216454272690e-01
1.712100000000179989e+03,1.858221367172605276e-01
1.712200000000180125e+03,1.858493496674143153e-01
1.712300000000180262e+03,1.858765604957098860e-01
1.712400000000180171e+03,1.859031234098342533e-01
1.712500000000180080e+03,1.859281629484172971e-01
1.712600000000180216e+03,1.859531996294633838e-01
1.712700000000180353e+03,1.859782334528177483e-01
1.712800000000180262e+03,1.860032644183242378e-01
1.712900000000180171e+03,1.860298828882943623e-01
1.713000000000180307e+03,1.860570771803107537e-01
1.713100000000180444e+03,1.857653484472312488e-01
1.713200000000180353e+03,1.854736290764354145e-01
1.713300000000180262e+03,1.851815547252011473e-01
1.713400000000180398e+03,1.848876992769194483e-01
1.713500000000180535e+03,1.845938598971109124e-01
1.713600000000180444e+03,1.843000365878175728e-01
1.713700000000180353e+03,1.840062293510799363e-01
1.713800000000180489e+03,1.837122136384575499e-01
1.713900000000180626e+03,1.834179147908544250e-01
1.714000000000180535e+03,1.831236337028949723e-01
1.714100000000180444e+03,1.824988043310810104e-01
1.714200000000180580e+03,1.818739590232585357e-01
1.714300000000180717e+03,1.812471519227044914e-01
1.714400000000180626e+03,1.806204270526813316e-01
1.714500000000180535e+03,1.799937844155556077e-01
1.714600000000180671e+03,1.793672705030532055e-01
1.714700000000180808e+03,1.787411483940079537e-01
1.714800000000180717e+03,1.781151060293173216e-01
1.714900000000180626e+03,1.774891434118242850e-01
1.715000000000180762e+03,1.768632605437986116e-01
1.715100000000180898e+03,1.759206856371859917e-01
1.715200000000180808e+03,1.749800777573883859e-01
1.715300000000180717e+03,1.740397413853065345e-01
1.715400000000180853e+03,1.730994922141756154e-01
1.715500000000180989e+03,1.721593302508236945e-01
1.715600000000180898e+03,1.712192555020788098e-01
1.715700000000180808e+03,1.702792679747636706e-01
1.715800000000180944e+03,1.693393676757004029e-01
1.715900000000181080e+03,1.683995546117141029e-01
1.716000000000180989e+03,1.674598287890910475e-01
1.716100000000180898e+03,1.662243548051649533e-01
1.716200000000181035e+03,1.649894329692673800e-01
1.716300000000181171e+03,1.637546351213649276e-01
1.716400000000181080e+03,1.625199612700729823e-01
1.716500000000180989e+03,1.612854114239997971e-01
1.716600000000181126e+03,1.600509855917533752e-01
1.716700000000181262e+03,1.588166837819461608e-01
1.716800000000181171e+03,1.575825060031899594e-01
1.716900000000181080e+03,1.563484522640897489e-01
1.717000000000181217e+03,1.551145225727840471e-01
1.717100000000181353e+03,1.536239791856643111e-01
1.717200000000181262e+03,1.521335873604247046e-01
1.717300000000181171e+03,1.506433471097147758e-01
1.717400000000181308e+03,1.491532584461835176e-01
1.717500000000181444e+03,1.476633213824850299e-01
1.717600000000181353e+03,1.461735359312728300e-01
1.717700000000181262e+03,1.446839021051927743e-01
1.717800000000181399e+03,1.431944199168895260e-01
1.717900000000181535e+03,1.417050893790138821e-01
1.718000000000181444e+03,1.402159105038449094e-01
1.718100000000181353e+03,1.385227359090291377e-01
1.718200000000181490e+03,1.368300167465549000e-01
1.718300000000181626e+03,1.351374841958856154e-01
1.718400000000181535e+03,1.334466250914414231e-01
1.718500000000181444e+03,1.317559746400736032e-01
1.718600000000181581e+03,1.300654660541911978e-01
1.718700000000181717e+03,1.283750993478341151e-01
1.718800000000181626e+03,1.266848745350419581e-01
1.718900000000181535e+03,1.249948962350213161e-01
1.719000000000181672e+03,1.233059827460560726e-01
1.719100000000181808e+03,1.214788456298980662e-01
1.719200000000181717e+03,1.196518547492245177e-01
1.719300000000181626e+03,1.178250101264577687e-01
1.719400000000181763e+03,1.159983117840198696e-01
1.719500000000181899e+03,1.141717597443421550e-01
1.719600000000181808e+03,1.123453540298555708e-01
1.719700000000181717e+03,1.105187542972904113e-01
1.719800000000181853e+03,1.086913776098543810e-01
1.719900000000181990e+03,1.068641899324930811e-01
1.720000000000181899e+03,1.050371912838921062e-01
1.720100000000181808e+03,1.031496908624968817e-01
1.720200000000181944e+03,1.012623715718767581e-01
1.720300000000182081e+03,9.937523342503848389e-02
1.720400000000181990e+03,9.748827643498741979e-02
1.720500000000181899e+03,9.560150061471919813e-02
1.720600000000182035e+03,9.371490597722834104e-02
1.720700000000182172e+03,9.182849253551658708e-02
1.720800000000182081e+03,8.994226030258453686e-02
1.720900000000181990e+03,8.805620929142271569e-02
1.721000000000182126e+03,8.617033951737691766e-02
1.721100000000182263e+03,8.557827122782382667e-02
1.721200000000182172e+03,8.498626009451985819e-02
1.721300000000182081e+03,8.439437341818910310e-02
1.721400000000182217e+03,8.380285941557678864e-02
1.721500000000182354e+03,8.321139717061176722e-02
1.721600000000182263e+03,8.261998668937760304e-02
1.721700000000182172e+03,8.202835619680515222e-02
1.721800000000182308e+03,8.143672663657325339e-02
1.721900000000182445e+03,8.084515357254612455e-02
1.722000000000182354e+03,8.025363701364668367e-02
1.722100000000182263e+03,8.157483018805893049e-02
1.722200000000182399e+03,8.289590512184182025e-02
1.722300000000182536e+03,8.421686180605771066e-02
1.722400000000182445e+03,8.553770023176957005e-02
1.722500000000182354e+03,8.685842039004763870e-02
1.722600000000182490e+03,8.817902227196243448e-02
1.722700000000182627e+03,8.949950586857947921e-02
1.722800000000182536e+03,9.081987117096514128e-02
1.722900000000182445e+03,9.213978307479715746e-02
1.723000000000182581e+03,9.345866908799098371e-02
1.723100000000182717e+03,9.481201079215091643e-02
1.723200000000182627e+03,9.616516825784146572e-02
1.723300000000182536e+03,9.751817235166863884e-02
1.723400000000182672e+03,9.887102306889171410e-02
1.723500000000182808e+03,1.002237204047652236e-01
1.723600000000182717e+03,1.015762643545450733e-01
1.723700000000182627e+03,1.029286549134943995e-01
1.723800000000182763e+03,1.042811138282173922e-01
1.723900000000182899e+03,1.056344353998304592e-01
1.724000000000182808e+03,1.069876352640896922e-01
1.724100000000182717e+03,1.083427014454594467e-01
1.724200000000182854e+03,1.096976354829819061e-01
1.724300000000182990e+03,1.110524373719909280e-01
1.724400000000182899e+03,1.124071071078212997e-01
1.724500000000182808e+03,1.137616446858152053e-01
1.724600000000182945e+03,1.151160501013153009e-01
1.724700000000183081e+03,1.164702517056489806e-01
1.724800000000182990e+03,1.178230142238810702e-01
1.724900000000182899e+03,1.191756128356002559e-01
1.725000000000183036e+03,1.205280475385064193e-01
1.725100000000183172e+03,1.218487865412482690e-01
1.725200000000183081e+03,1.231692507696027228e-01
1.725300000000182990e+03,1.244895250921325552e-01
1.725400000000183127e+03,1.258096867508056160e-01
1.725500000000183263e+03,1.271297357411603213e-01
1.725600000000183172e+03,1.284496720587359475e-01
1.725700000000183081e+03,1.297708971926850863e-01
1.725800000000183218e+03,1.310921558390042985e-01
1.725900000000183354e+03,1.324133327790538717e-01
1.726000000000183263e+03,1.337344280075491720e-01
1.726100000000183172e+03,1.349821578563389912e-01
1.726200000000183309e+03,1.362297964978903542e-01
1.726300000000183445e+03,1.374773439284798504e-01
1.726400000000183354e+03,1.387248001443845691e-01
1.726500000000183263e+03,1.399721651418879276e-01
1.726600000000183400e+03,1.412194389172737596e-01
1.726700000000183536e+03,1.424666214668209585e-01
1.726800000000183445e+03,1.437141020546124914e-01
1.726900000000183354e+03,1.449615197130405264e-01
1.727000000000183491e+03,1.462088532605724800e-01
1.727100000000183627e+03,1.473449332544042589e-01
1.727200000000183536e+03,1.484809763793634163e-01
1.727300000000183445e+03,1.496169826310931594e-01
1.727400000000183582e+03,1.507529520052372507e-01
1.727500000000183718e+03,1.518888844974342900e-01
1.727600000000183627e+03,1.530247801033230437e-01
1.727700000000183536e+03,1.541606388185476906e-01
1.727800000000183672e+03,1.552964606387528812e-01
1.727900000000183809e+03,1.564322455595781314e-01
1.728000000000183718e+03,1.575679935763796835e-01
1.728100000000183627e+03,1.585493878847671068e-01
1.728200000000183763e+03,1.595307574334700607e-01
1.728300000000183900e+03,1.605121022191118574e-01
1.728400000000183809e+03,1.614924101955799995e-01
1.728500000000183718e+03,1.624717976032378774e-01
1.728600000000183854e+03,1.634513477419813621e-01
1.728700000000183991e+03,1.644311105600403389e-01
1.728800000000183900e+03,1.654108311331139169e-01
1.728900000000183809e+03,1.663920786437911303e-01
1.729000000000183945e+03,1.673729180329319444e-01
1.729100000000184082e+03,1.681597140682543345e-01
1.729200000000183991e+03,1.689464970930923404e-01
1.729300000000183900e+03,1.697332671048054908e-01
1.729400000000184036e+03,1.705200241007535922e-01
1.729500000000184173e+03,1.713067680782927593e-01
1.729600000000184082e+03,1.720934990347791071e-01
1.729700000000183991e+03,1.728802217201377556e-01
1.729800000000184127e+03,1.736677207562249137e-01
1.729900000000184264e+03,1.744552139596010076e-01
1.730000000000184173e+03,1.752427013270461964e-01
1.730100000000184082e+03,1.758008961422118099e-01
1.730200000000184218e+03,1.763585297952172948e-01
1.730300000000184355e+03,1.769146722009628248e-01
1.730400000000184264e+03,1.774708119867731970e-01
1.730500000000184173e+03,1.780269491496249967e-01
1.730600000000184309e+03,1.785830836864950311e-01
1.730700000000184446e+03,1.791392155943567210e-01
1.730800000000184355e+03,1.796953448701843759e-01
1.730900000000184264e+03,1.802514715109542198e-01
1.731000000000184400e+03,1.808075955131571433e-01
1.731100000000184536e+03,1.811011330810332054e-01
1.731200000000184446e+03,1.813964839119431016e-01
1.731300000000184355e+03,1.816918426900405448e-01
1.731400000000184491e+03,1.819872094145065233e-01
1.731500000000184627e+03,1.822825840845210266e-01
1.731600000000184536e+03,1.825779666992640160e-01
1.731700000000184446e+03,1.828733572579167577e-01
1.731800000000184582e+03,1.831687557596599625e-01
1.731900000000184718e+03,1.834641622036732866e-01
1.732000000000184627e+03,1.837595765886072818e-01
1.732100000000184536e+03,1.837684077439142860e-01
1.732200000000184673e+03,1.837772389715962018e-01
1.732300000000184809e+03,1.837860702716285211e-01
1.732400000000184718e+03,1.837949016439857641e-01
1.732500000000184627e+03,1.838037330886431175e-01
1.732600000000184764e+03,1.838125646055756846e-01
1.732700000000184900e+03,1.838213961947584296e-01
1.732800000000184809e+03,1.838302278561660397e-01
1.732900000000184718e+03,1.838390595897738122e-01
1.733000000000184855e+03,1.838478913949981031e-01
1.733100000000184991e+03,1.835547174274114457e-01
1.733200000000184900e+03,1.832615242971988578e-01
1.733300000000184809e+03,1.829683120048031242e-01
1.733400000000184946e+03,1.826750805506669184e-01
1.733500000000185082e+03,1.823818299352343575e-01
1.733600000000184991e+03,1.820885601589498359e-01
1.733700000000184900e+03,1.817952712222561107e-01
1.733800000000185037e+03,1.815019631255965493e-01
1.733900000000185173e+03,1.812070223557268878e-01
1.734000000000185082e+03,1.809115579399630247e-01
1.734100000000184991e+03,1.803075430119737144e-01
1.734200000000185128e+03,1.797035039174913473e-01
1.734300000000185264e+03,1.790998501243679375e-01
1.734400000000185173e+03,1.784978538863561948e-01
1.734500000000185082e+03,1.778958194735643372e-01
1.734600000000185219e+03,1.772937468868223676e-01
1.734700000000185355e+03,1.766916361269627034e-01
1.734800000000185264e+03,1.760894871948185947e-01
1.734900000000185173e+03,1.754873000912200443e-01
1.735000000000185310e+03,1.748850748164434421e-01
1.735100000000185446e+03,1.739834256723664929e-01
1.735200000000185355e+03,1.730818404218952833e-01
1.735300000000185264e+03,1.721820704879752362e-01
1.735400000000185400e+03,1.712822099974380119e-01
1.735500000000185537e+03,1.703822589472437365e-01
1.735600000000185446e+03,1.694822856593621030e-01
1.735700000000185355e+03,1.685819333270514864e-01
1.735800000000185491e+03,1.676805117339408013e-01
1.735900000000185628e+03,1.667790123859278772e-01
1.736000000000185537e+03,1.658774352824586573e-01
1.736100000000185446e+03,1.646966468041802523e-01
1.736200000000185582e+03,1.635157500888072268e-01
1.736300000000185719e+03,1.623347451355914572e-01
1.736400000000185628e+03,1.611536319437854581e-01
1.736500000000185537e+03,1.599724105126369977e-01
1.736600000000185673e+03,1.587917732578190688e-01
1.736700000000185810e+03,1.576121787803847762e-01
1.736800000000185719e+03,1.564324484305200658e-01
1.736900000000185628e+03,1.552525822017210011e-01
1.737000000000185764e+03,1.540725800870297868e-01
1.737100000000185901e+03,1.526471158389267058e-01
1.737200000000185810e+03,1.512215034179021922e-01
1.737300000000185719e+03,1.497955685281020244e-01
1.737400000000185855e+03,1.483689831177227858e-01
1.737500000000185992e+03,1.469422625628873103e-01
1.737600000000185901e+03,1.455154068593914884e-01
1.737700000000185810e+03,1.440884160030254935e-01
1.737800000000185946e+03,1.426612899895793596e-01
1.737900000000186083e+03,1.412340288148499490e-01
1.738000000000185992e+03,1.398077441389775077e-01
1.738100000000185901e+03,1.381863883274225269e-01
1.738200000000186037e+03,1.365648229238206890e-01
1.738300000000186174e+03,1.349430479142485484e-01
1.738400000000186083e+03,1.333210632847812716e-01
1.738500000000185992e+03,1.316988690214868363e-01
1.738600000000186128e+03,1.300764651104322212e-01
1.738700000000186265e+03,1.284538515376917045e-01
1.738800000000186174e+03,1.268310282893390095e-01
1.738900000000186083e+03,1.252071896719099964e-01
1.739000000000186219e+03,1.235825077897250296e-01
1.739100000000186355e+03,1.218213388305478262e-01
1.739200000000186265e+03,1.200600309709112246e-01
1.739300000000186174e+03,1.182987793567459728e-01
1.739400000000186310e+03,1.165360165113452223e-01
1.739500000000186446e+03,1.147731065081669943e-01
1.739600000000186355e+03,1.130100716786613252e-01
1.739700000000186265e+03,1.112469120247900345e-01
1.739800000000186401e+03,1.094841660891973656e-01
1.739900000000186537e+03,1.077220119659570430e-01
1.740000000000186446e+03,1.059596916998781363e-01
1.740100000000186355e+03,1.041320370020109992e-01
1.740200000000186492e+03,1.023042190608363100e-01
1.740300000000186628e+03,1.004762378707280274e-01
1.740400000000186537e+03,9.864809342606138676e-02
1.740500000000186446e+03,9.681978572120235327e-02
1.740600000000186583e+03,9.499131475051759976e-02
1.740700000000186719e+03,9.316268050838222292e-02
1.740800000000186628e+03,9.133388298917116677e-02
1.740900000000186537e+03,8.950492218725147886e-02
1.741000000000186674e+03,8.767579809868000784e-02
1.741100000000186810e+03,8.675184618182563145e-02
1.741200000000186719e+03,8.582708508168769568e-02
1.741300000000186628e+03,8.490198733688385235e-02
1.741400000000186765e+03,8.397683255628093923e-02
1.741500000000186901e+03,8.305162074106496595e-02
1.741600000000186810e+03,8.212635189242285805e-02
1.741700000000186719e+03,8.120102601153707245e-02
1.741800000000186856e+03,8.027564309959081545e-02
1.741900000000186992e+03,7.935020315777183142e-02
1.742000000000186901e+03,7.842470619139710331e-02
1.742100000000186810e+03,7.970843516167062937e-02
1.742200000000186947e+03,8.099223285729657829e-02
1.742300000000187083e+03,8.227609927667665912e-02
1.742400000000186992e+03,8.356003441821197031e-02
1.742500000000186901e+03,8.484403828030907813e-02
1.742600000000187038e+03,8.612811086137416028e-02
1.742700000000187174e+03,8.741225215980705232e-02
1.742800000000187083e+03,8.869646217400704857e-02
1.742900000000186992e+03,8.998074090237932754e-02
1.743000000000187129e+03,9.126558839470665097e-02
1.743100000000187265e+03,9.258675789711011406e-02
1.743200000000187174e+03,9.390800466750481856e-02
1.743300000000187083e+03,9.522932870694993113e-02
1.743400000000187219e+03,9.655059927608251880e-02
1.743500000000187356e+03,9.787179646259382138e-02
1.743600000000187265e+03,9.919306337149566555e-02
1.743700000000187174e+03,1.005144000032327234e-01
1.743800000000187310e+03,1.018358063582501249e-01
1.743900000000187447e+03,1.031568737589395462e-01
1.744000000000187356e+03,1.044771876837652935e-01
1.744100000000187265e+03,1.058055317139791618e-01
1.744200000000187401e+03,1.071339129934202189e-01
1.744300000000187538e+03,1.084623315190346993e-01
1.744400000000187447e+03,1.097917835316138957e-01
1.744500000000187356e+03,1.111215933926848198e-01
1.744600000000187492e+03,1.124514717531738539e-01
1.744700000000187629e+03,1.137814186135405331e-01
1.744800000000187538e+03,1.151114339742443232e-01
1.744900000000187447e+03,1.164415178357504910e-01
1.745000000000187583e+03,1.177716701984748565e-01
1.745100000000187720e+03,1.190755340805022960e-01
1.745200000000187629e+03,1.203794381462618690e-01
1.745300000000187538e+03,1.216839623159331335e-01
1.745400000000187674e+03,1.229890458615437443e-01
1.745500000000187811e+03,1.242941927904470528e-01
1.745600000000187720e+03,1.255994031033522140e-01
1.745700000000187629e+03,1.269046768009743920e-01
1.745800000000187765e+03,1.282100138840281678e-01
1.745900000000187902e+03,1.295154143532230295e-01
1.746000000000187811e+03,1.308208782091517808e-01
1.746100000000187720e+03,1.320645745578409580e-01
1.746200000000187856e+03,1.333083148124275530e-01
1.746300000000187993e+03,1.345520989721600835e-01
1.746400000000187902e+03,1.357959270362879833e-01
1.746500000000187811e+03,1.370397990040653213e-01
1.746600000000187947e+03,1.382837148747469436e-01
1.746700000000188084e+03,1.395276746475813123e-01
1.746800000000187993e+03,1.407716783218170564e-01
1.746900000000187902e+03,1.420157258967084113e-01
1.747000000000188038e+03,1.432598173713231227e-01
1.747100000000188174e+03,1.444047804791543377e-01
1.747200000000188084e+03,1.455497702754025569e-01
1.747300000000187993e+03,1.466947867585067233e-01
1.747400000000188129e+03,1.478398299269065297e-01
1.747500000000188265e+03,1.489848997790360896e-01
1.747600000000188174e+03,1.501289570402657980e-01
1.747700000000188084e+03,1.512728100416760868e-01
1.747800000000188220e+03,1.524166706194638454e-01
1.747900000000188356e+03,1.535605387715861248e-01
1.748000000000188265e+03,1.547048788743468906e-01
1.748100000000188174e+03,1.557124430298126583e-01
1.748200000000188311e+03,1.567200233989582969e-01
1.748300000000188447e+03,1.577276199791133315e-01
1.748400000000188356e+03,1.587352327676075647e-01
1.748500000000188265e+03,1.597415656863300504e-01
1.748600000000188402e+03,1.607473151894804886e-01
1.748700000000188538e+03,1.617530572736944616e-01
1.748800000000188447e+03,1.627587919365630076e-01
1.748900000000188356e+03,1.637645191756808283e-01
1.749000000000188493e+03,1.647707015453394042e-01
1.749100000000188629e+03,1.656006201471977579e-01
1.749200000000188538e+03,1.664305225032003954e-01
1.749300000000188447e+03,1.672604086108277488e-01
1.749400000000188584e+03,1.680902784675603612e-01
1.749500000000188720e+03,1.689201320708750287e-01
1.749600000000188629e+03,1.697499694182485475e-01
1.749700000000188538e+03,1.705797905071613496e-01
1.749800000000188675e+03,1.714098127504148361e-01
1.749900000000188811e+03,1.722379308561929612e-01
1.750000000000188720e+03,1.730667999311965299e-01
1.750100000000188629e+03,1.736845705391817374e-01
1.750200000000188766e+03,1.743023182458475484e-01
1.750300000000188902e+03,1.749200430492125202e-01
1.750400000000188811e+03,1.755377449472951823e-01
1.750500000000188720e+03,1.761554239381166453e-01
1.750600000000188857e+03,1.767730800196987140e-01
1.750700000000188993e+03,1.773907131900599732e-01
1.750800000000188902e+03,1.780078474009275380e-01
1.750900000000188811e+03,1.786246167587865474e-01
1.751000000000188948e+03,1.792413575638271694e-01
1.751100000000189084e+03,1.796160150018720758e-01
1.751200000000188993e+03,1.799912934847102408e-01
1.751300000000188902e+03,1.803680312389626395e-01
1.751400000000189038e+03,1.807447581951439619e-01
1.751500000000189175e+03,1.811214743518800296e-01
1.751600000000189084e+03,1.814981797077960257e-01
1.751700000000188993e+03,1.818732969693640789e-01
1.751800000000189129e+03,1.822478370667885705e-01
1.751900000000189266e+03,1.826223575119745313e-01
1.752000000000189175e+03,1.829968583034192464e-01
1.752100000000189084e+03,1.831021932905869121e-01
1.752200000000189220e+03,1.832075215636069510e-01
1.752300000000189357e+03,1.833128431221903165e-01
1.752400000000189266e+03,1.834181579660462968e-01
1.752500000000189175e+03,1.835234660948857621e-01
1.752600000000189311e+03,1.836287675084191939e-01
1.752700000000189448e+03,1.837340622063564077e-01
1.752800000000189357e+03,1.838393501884076076e-01
1.752900000000189266e+03,1.839446314542834415e-01
1.753000000000189402e+03,1.840499060031543788e-01
1.753100000000189539e+03,1.838700161503826758e-01
1.753200000000189448e+03,1.836901364938847425e-01
1.753300000000189357e+03,1.835106232525734460e-01
1.753400000000189493e+03,1.833314946515262889e-01
1.753500000000189630e+03,1.831523748154430808e-01
1.753600000000189539e+03,1.829732637449332233e-01
1.753700000000189448e+03,1.827941614406040916e-01
1.753800000000189584e+03,1.826150679030645596e-01
1.753900000000189721e+03,1.824359831329235571e-01
1.754000000000189630e+03,1.822588666402784052e-01
1.754100000000189539e+03,1.817882018220633444e-01
1.754200000000189675e+03,1.813175497260177960e-01
1.754300000000189812e+03,1.808469103541327228e-01
1.754400000000189721e+03,1.803762837083983939e-01
1.754500000000189630e+03,1.799056697908034963e-01
1.754600000000189766e+03,1.794350686033362452e-01
1.754700000000189902e+03,1.789644801479874925e-01
1.754800000000189812e+03,1.784939044267479236e-01
1.754900000000189721e+03,1.780249850240441523e-01
1.755000000000189857e+03,1.775565161942460335e-01
1.755100000000189993e+03,1.767968298873496824e-01
1.755200000000189902e+03,1.760371449496174745e-01
1.755300000000189812e+03,1.752770058056832558e-01
1.755400000000189948e+03,1.745152756281524720e-01
1.755500000000190084e+03,1.737535647264800420e-01
1.755600000000189993e+03,1.729918731038711244e-01
1.755700000000189902e+03,1.722302007635266308e-01
1.755800000000190039e+03,1.714699362189502363e-01
1.755900000000190175e+03,1.707110815961069283e-01
1.756000000000190084e+03,1.699522214277274512e-01
1.756100000000189993e+03,1.689160745659508411e-01
1.756200000000190130e+03,1.678799175212177530e-01
1.756300000000190266e+03,1.668437502984259635e-01
1.756400000000190175e+03,1.658075729024725831e-01
1.756500000000190084e+03,1.647713853382506699e-01
1.756600000000190221e+03,1.637351876106534210e-01
1.756700000000190357e+03,1.626989797245800007e-01
1.756800000000190266e+03,1.616627616849292681e-01
1.756900000000190175e+03,1.606265334965951974e-01
1.757000000000190312e+03,1.595902951639970035e-01
1.757100000000190448e+03,1.583038481664544306e-01
1.757200000000190357e+03,1.570173780284238874e-01
1.757300000000190266e+03,1.557308847548463382e-01
1.757400000000190403e+03,1.544443683506638854e-01
1.757500000000190539e+03,1.531576535165315722e-01
1.757600000000190448e+03,1.518703984074183111e-01
1.757700000000190357e+03,1.505831319477776153e-01
1.757800000000190494e+03,1.492958541426678276e-01
1.757900000000190630e+03,1.480085649971542849e-01
1.758000000000190539e+03,1.467212645158995077e-01
1.758100000000190448e+03,1.452228491782930064e-01
1.758200000000190585e+03,1.437244094568205233e-01
1.758300000000190721e+03,1.422268206958044179e-01
1.758400000000190630e+03,1.407295234172188936e-01
1.758500000000190539e+03,1.392321762185183276e-01
1.758600000000190676e+03,1.377347791032172974e-01
1.758700000000190812e+03,1.362373320748376249e-01
1.758800000000190721e+03,1.347398351369017977e-01
1.758900000000190630e+03,1.332422882929258090e-01
1.759000000000190767e+03,1.317436023329174588e-01
1.759100000000190903e+03,1.300839376667874414e-01
1.759200000000190812e+03,1.284242402175563291e-01
1.759300000000190721e+03,1.267645099881776483e-01
1.759400000000190857e+03,1.251047469816047308e-01
1.759500000000190994e+03,1.234449512007989719e-01
1.759600000000190903e+03,1.217851226487220162e-01
1.759700000000190812e+03,1.201252613283275567e-01
1.759800000000190948e+03,1.184653672425703130e-01
1.759900000000191085e+03,1.168054403944123049e-01
1.760000000000190994e+03,1.151454807866275770e-01
1.760100000000190903e+03,1.133868920627902205e-01
1.760200000000191039e+03,1.116282483085819371e-01
1.760300000000191176e+03,1.098695495252293569e-01
1.760400000000191085e+03,1.081107957139593734e-01
1.760500000000190994e+03,1.063519868759911918e-01
1.760600000000191130e+03,1.045931230125436984e-01
1.760700000000191267e+03,1.028342041248441752e-01
1.760800000000191176e+03,1.010752302141200293e-01
1.760900000000191085e+03,9.931620128159100724e-02
1.761000000000191221e+03,9.755711732841787498e-02
1.761100000000191358e+03,9.576725182676566750e-02
1.761200000000191267e+03,9.397730862269446095e-02
1.761300000000191176e+03,9.218728771542708533e-02
1.761400000000191312e+03,9.039718910418659270e-02
1.761500000000191449e+03,8.860701278820429239e-02
1.761600000000191358e+03,8.681675876671121617e-02
1.761700000000191267e+03,8.502649165404929654e-02
1.761800000000191403e+03,8.323646114726168665e-02
1.761900000000191540e+03,8.144633657097898050e-02
1.762000000000191449e+03,7.965611792749670295e-02
1.762100000000191358e+03,7.999332945650994287e-02
1.762200000000191494e+03,8.033056305169782030e-02
1.762300000000191631e+03,8.066781871386130565e-02
1.762400000000191540e+03,8.100509644380138319e-02
1.762500000000191449e+03,8.134239624232053600e-02
1.762600000000191585e+03,8.167971811022119166e-02
1.762700000000191721e+03,8.201706204830438995e-02
1.762800000000191631e+03,8.235442805737118455e-02
1.762900000000191540e+03,8.269181613822414179e-02
1.763000000000191676e+03,8.302922629344011707e-02
1.763100000000191812e+03,8.429242615221656243e-02
1.763200000000191721e+03,8.555572731536045805e-02
1.763300000000191631e+03,8.681912978781783363e-02
1.763400000000191767e+03,8.808249970974574294e-02
1.763500000000191903e+03,8.934575518421135343e-02
1.763600000000191812e+03,9.061010478918829492e-02
1.763700000000191721e+03,9.187457385013340916e-02
1.763800000000191858e+03,9.313915519586198066e-02
1.763900000000191994e+03,9.440367491974874237e-02
1.764000000000191903e+03,9.566830907905859993e-02
1.764100000000191812e+03,9.695901591550502852e-02
1.764200000000191949e+03,9.824985776694704354e-02
1.764300000000192085e+03,9.954083464192696462e-02
1.764400000000191994e+03,1.008319465489868477e-01
1.764500000000191903e+03,1.021231934966755905e-01
1.764600000000192040e+03,1.034145754935418410e-01
1.764700000000192176e+03,1.047060925481291954e-01
1.764800000000192085e+03,1.059977446689814445e-01
1.764900000000191994e+03,1.072895318646484852e-01
1.765000000000192131e+03,1.085814541436769670e-01
1.765100000000192267e+03,1.098713797375259621e-01
1.765200000000192176e+03,1.111614568218199928e-01
1.765300000000192085e+03,1.124516854070972544e-01
1.765400000000192222e+03,1.137431324543193983e-01
1.765500000000192358e+03,1.150350265887424284e-01
1.765600000000192267e+03,1.163269334979077363e-01
1.765700000000192176e+03,1.176188533906974976e-01
1.765800000000192313e+03,1.189109477356021516e-01
1.765900000000192449e+03,1.202032165459068352e-01
1.766000000000192358e+03,1.214964695523991639e-01
1.766100000000192267e+03,1.227564506433385105e-01
1.766200000000192404e+03,1.240166375902344159e-01
1.766300000000192540e+03,1.252770304130419454e-01
1.766400000000192449e+03,1.265376291317176771e-01
1.766500000000192358e+03,1.277984337662253223e-01
1.766600000000192495e+03,1.290594443365296606e-01
1.766700000000192631e+03,1.303206608625911977e-01
1.766800000000192540e+03,1.315820833643720489e-01
1.766900000000192449e+03,1.328437118618408241e-01
1.767000000000192586e+03,1.341055463748392906e-01
1.767100000000192722e+03,1.353006541139432917e-01
1.767200000000192631e+03,1.364959753557364042e-01
1.767300000000192540e+03,1.376915101223891436e-01
1.767400000000192676e+03,1.388872584360748286e-01
1.767500000000192813e+03,1.400832203189617264e-01
1.767600000000192722e+03,1.412795561648154952e-01
1.767700000000192631e+03,1.424749661821945179e-01
1.767800000000192767e+03,1.436705326459340459e-01
1.767900000000192904e+03,1.448662956791791356e-01
1.768000000000192813e+03,1.460622553008660840e-01
1.768100000000192722e+03,1.471566688981156557e-01
1.768200000000192858e+03,1.482523071328904762e-01
1.768300000000192995e+03,1.493481609165306367e-01
1.768400000000192904e+03,1.504442302735439219e-01
1.768500000000192813e+03,1.515405152284460821e-01
1.768600000000192949e+03,1.526370158057535620e-01
1.768700000000193086e+03,1.537337320299808352e-01
1.768800000000192995e+03,1.548306639256434858e-01
1.768900000000192904e+03,1.559278115172644252e-01
1.769000000000193040e+03,1.570251748291006944e-01
1.769100000000193177e+03,1.579842243803167290e-01
1.769200000000193086e+03,1.589434719052070788e-01
1.769300000000192995e+03,1.599026144434205488e-01
1.769400000000193131e+03,1.608615214090416135e-01
1.769500000000193268e+03,1.618192563970783093e-01
1.769600000000193177e+03,1.627766247382490539e-01
1.769700000000193086e+03,1.637341599871107722e-01
1.769800000000193222e+03,1.646918621594433696e-01
1.769900000000193359e+03,1.656497312710236147e-01
1.770000000000193268e+03,1.666077673372937940e-01
1.770100000000193177e+03,1.673923985544645554e-01
1.770200000000193313e+03,1.681771715350325047e-01
1.770300000000193450e+03,1.689620862926369260e-01
1.770400000000193359e+03,1.697471428409169925e-01
1.770500000000193268e+03,1.705323411935172895e-01
1.770600000000193404e+03,1.713176813640832352e-01
1.770700000000193540e+03,1.721031633662571392e-01
1.770800000000193450e+03,1.728887872136823933e-01
1.770900000000193359e+03,1.736750651589518968e-01
1.771000000000193495e+03,1.744616705016780733e-01
1.771100000000193631e+03,1.750432827699750227e-01
1.771200000000193540e+03,1.756250132900781802e-01
1.771300000000193450e+03,1.762078097409970068e-01
1.771400000000193586e+03,1.767918530073322725e-01
1.771500000000193722e+03,1.773760281688386009e-01
1.771600000000193631e+03,1.779603352425782881e-01
1.771700000000193540e+03,1.785447742456163778e-01
1.771800000000193677e+03,1.791293451950206894e-01
1.771900000000193813e+03,1.797140481078572938e-01
1.772000000000193722e+03,1.802988830007385412e-01
1.772100000000193631e+03,1.806488554993038176e-01
1.772200000000193768e+03,1.809982092314844360e-01
1.772300000000193904e+03,1.813462145269351400e-01
1.772400000000193813e+03,1.816942918290529452e-01
1.772500000000193722e+03,1.820424411461305236e-01
1.772600000000193859e+03,1.823906624864612136e-01
1.772700000000193995e+03,1.827389558583371876e-01
1.772800000000193904e+03,1.830873212700516728e-01
1.772900000000193813e+03,1.834357587298998393e-01
1.773000000000193950e+03,1.837848144863541699e-01
1.773100000000194086e+03,1.838767191137719581e-01
1.773200000000193995e+03,1.839703674050113813e-01
1.773300000000193904e+03,1.840640358723869829e-01
1.773400000000194041e+03,1.841577245187271117e-01
1.773500000000194177e+03,1.842517116041673397e-01
1.773600000000194086e+03,1.843462827028226336e-01
1.773700000000193995e+03,1.844408748433804812e-01
1.773800000000194132e+03,1.845354880289430677e-01
1.773900000000194268e+03,1.846301222626135219e-01
1.774000000000194177e+03,1.847247775469610109e-01
1.774100000000194086e+03,1.845443456831089291e-01
1.774200000000194223e+03,1.843638631928336824e-01
1.774300000000194359e+03,1.841833300681345043e-01
1.774400000000194268e+03,1.840027463010099340e-01
1.774500000000194177e+03,1.838232021281855921e-01
1.774600000000194314e+03,1.836446679730841247e-01
1.774700000000194450e+03,1.834660788145870691e-01
1.774800000000194359e+03,1.832874346432130097e-01
1.774900000000194268e+03,1.831087354494778108e-01
1.775000000000194404e+03,1.829299812233465827e-01
1.775100000000194541e+03,1.824686155035949719e-01
1.775200000000194450e+03,1.820067033538961820e-01
1.775300000000194359e+03,1.815442429176575001e-01
1.775400000000194495e+03,1.810808539727129796e-01
1.775500000000194632e+03,1.806160214035766876e-01
1.775600000000194541e+03,1.801510706405447804e-01
1.775700000000194450e+03,1.796860016662858994e-01
1.775800000000194586e+03,1.792208144634662992e-01
1.775900000000194723e+03,1.787555090147525949e-01
1.776000000000194632e+03,1.782900853022651722e-01
1.776100000000194541e+03,1.775443688411969256e-01
1.776200000000194677e+03,1.767984672485388709e-01
1.776300000000194814e+03,1.760523804974853390e-01
1.776400000000194723e+03,1.753061085612280245e-01
1.776500000000194632e+03,1.745596514129523213e-01
1.776600000000194768e+03,1.738130090258408755e-01
1.776700000000194905e+03,1.730661813730768328e-01
1.776800000000194814e+03,1.723191684278406743e-01
1.776900000000194723e+03,1.715719701633063310e-01
1.777000000000194859e+03,1.708245865521248463e-01
1.777100000000194996e+03,1.698098328342274588e-01
1.777200000000194905e+03,1.687946074584336653e-01
1.777300000000194814e+03,1.677774144860111893e-01
1.777400000000194950e+03,1.667600073489649837e-01
1.777500000000195087e+03,1.657423860213257105e-01
1.777600000000194996e+03,1.647245504771214231e-01
1.777700000000194905e+03,1.637065006903736797e-01
1.777800000000195041e+03,1.626882366351008469e-01
1.777900000000195178e+03,1.616699003987405459e-01
1.778000000000195087e+03,1.606515269629163745e-01
1.778100000000194996e+03,1.593907703301938594e-01
1.778200000000195132e+03,1.581315909585573887e-01
1.778300000000195269e+03,1.568721488754556692e-01
1.778400000000195178e+03,1.556124233838021842e-01
1.778500000000195087e+03,1.543524144451115798e-01
1.778600000000195223e+03,1.530913615585481891e-01
1.778700000000195359e+03,1.518290143465906017e-01
1.778800000000195269e+03,1.505664131784052451e-01
1.778900000000195178e+03,1.493035580233726956e-01
1.779000000000195314e+03,1.480404488504669103e-01
1.779100000000195450e+03,1.465707138689656408e-01
1.779200000000195359e+03,1.451007225931692513e-01
1.779300000000195269e+03,1.436304749959312621e-01
1.779400000000195405e+03,1.421602390416805417e-01
1.779500000000195541e+03,1.406901183944231359e-01
1.779600000000195450e+03,1.392197279077730665e-01
1.779700000000195359e+03,1.377490675511086338e-01
1.779800000000195496e+03,1.362781372938055013e-01
1.779900000000195632e+03,1.348069371052435239e-01
1.780000000000195541e+03,1.333366068685926387e-01
1.780100000000195450e+03,1.317092817823108941e-01
1.780200000000195587e+03,1.300816379232120623e-01
1.780300000000195723e+03,1.284536752518769531e-01
1.780400000000195632e+03,1.268253937288829347e-01
1.780500000000195541e+03,1.251967933147960510e-01
1.780600000000195678e+03,1.235678739701788487e-01
1.780700000000195814e+03,1.219386356555975659e-01
1.780800000000195723e+03,1.203090783316146245e-01
1.780900000000195632e+03,1.186792019587816632e-01
1.781000000000195769e+03,1.170490064974502864e-01
1.781100000000195905e+03,1.153180498797060499e-01
1.781200000000195814e+03,1.135865757682738564e-01
1.781300000000195723e+03,1.118548090540066042e-01
1.781400000000195860e+03,1.101227497059886901e-01
1.781500000000195996e+03,1.083903976933100338e-01
1.781600000000195905e+03,1.066577529850576966e-01
1.781700000000195814e+03,1.049248155503087754e-01
1.781800000000195951e+03,1.031921549641123259e-01
1.781900000000196087e+03,1.014598095062465427e-01
1.782000000000195996e+03,9.972713060043660038e-02
1.782100000000195905e+03,9.795972814373232751e-02
1.782200000000196042e+03,9.619199897695238088e-02
1.782300000000196178e+03,9.442277144466734717e-02
1.782400000000196087e+03,9.265255345438033752e-02
1.782500000000195996e+03,9.088207965193029203e-02
1.782600000000196133e+03,8.911135001478234785e-02
1.782700000000196269e+03,8.734036452040824794e-02
1.782800000000196178e+03,8.556912314627836136e-02
1.782900000000196087e+03,8.379762586985370354e-02
1.783000000000196223e+03,8.202587267224617507e-02
1.783100000000196360e+03,8.211540268295879075e-02
1.783200000000196269e+03,8.220494329875588368e-02
1.783300000000196178e+03,8.229449452040502044e-02
1.783400000000196314e+03,8.238405634867378147e-02
1.783500000000196451e+03,8.247362878432940025e-02
1.783600000000196360e+03,8.256333572167527668e-02
1.783700000000196269e+03,8.265330688609155707e-02
1.783800000000196405e+03,8.274328947758344266e-02
1.783900000000196542e+03,8.283328349706069182e-02
1.784000000000196451e+03,8.292328894770258085e-02
1.784100000000196360e+03,8.416842864009876912e-02
1.784200000000196496e+03,8.541371059990775227e-02
1.784300000000196633e+03,8.665913483649280435e-02
1.784400000000196542e+03,8.790470135921757411e-02
1.784500000000196451e+03,8.915041017745206631e-02
1.784600000000196587e+03,9.039626130056624409e-02
1.784700000000196724e+03,9.164225473792514398e-02
1.784800000000196633e+03,9.288839049889385802e-02
1.784900000000196542e+03,9.413466859284413957e-02
1.785000000000196678e+03,9.538108902919938126e-02
1.785100000000196815e+03,9.665396867386900903e-02
1.785200000000196724e+03,9.792697074422011816e-02
1.785300000000196633e+03,9.920009524575117144e-02
1.785400000000196769e+03,1.004733421839609370e-01
1.785500000000196906e+03,1.017478469595512053e-01
1.785600000000196815e+03,1.030225572469922191e-01
1.785700000000196724e+03,1.042974197076333293e-01
1.785800000000196860e+03,1.055724343491831890e-01
1.785900000000196997e+03,1.068471142065241103e-01
1.786000000000196906e+03,1.081211637194170044e-01
1.786100000000196815e+03,1.093960147697767282e-01
1.786200000000196951e+03,1.106709683141708922e-01
1.786300000000197088e+03,1.119460243547531486e-01
1.786400000000196997e+03,1.132211828936768166e-01
1.786500000000196906e+03,1.144964439331007527e-01
1.786600000000197042e+03,1.157718074751837023e-01
1.786700000000197178e+03,1.170472735220779992e-01
1.786800000000197088e+03,1.183228420759361021e-01
1.786900000000196997e+03,1.195985131389161460e-01
1.787000000000197133e+03,1.208739217929627047e-01
1.787100000000197269e+03,1.221213675777201718e-01
1.787200000000197178e+03,1.233688947790924778e-01
1.787300000000197088e+03,1.246175168154299434e-01
1.787400000000197224e+03,1.258666875882149538e-01
1.787500000000197360e+03,1.271159688648337560e-01
1.787600000000197269e+03,1.283653606454689400e-01
1.787700000000197178e+03,1.296148629303085775e-01
1.787800000000197315e+03,1.308644757195400743e-01
1.787900000000197451e+03,1.321141990133444244e-01
1.788000000000197360e+03,1.333640328117839391e-01
1.788100000000197269e+03,1.345539533985584124e-01
1.788200000000197406e+03,1.357430594361649367e-01
1.788300000000197542e+03,1.369315407494171855e-01
1.788400000000197451e+03,1.381200783655799069e-01
1.788500000000197360e+03,1.393083967473502105e-01
1.788600000000197497e+03,1.404967647586642665e-01
1.788700000000197633e+03,1.416851843300132863e-01
1.788800000000197542e+03,1.428736554578403928e-01
1.788900000000197451e+03,1.440621781385934552e-01
1.789000000000197588e+03,1.452507523685377111e-01
1.789100000000197724e+03,1.463472278495160928e-01
1.789200000000197633e+03,1.474437455450375578e-01
1.789300000000197542e+03,1.485403054501816256e-01
1.789400000000197679e+03,1.496369075600268161e-01
1.789500000000197815e+03,1.507338345464616092e-01
1.789600000000197724e+03,1.518296287491240903e-01
1.789700000000197633e+03,1.529243919137090457e-01
1.789800000000197770e+03,1.540191692176272054e-01
1.789900000000197906e+03,1.551139606561220685e-01
1.790000000000197815e+03,1.562087662241860575e-01
1.790100000000197724e+03,1.571765836469101729e-01
1.790200000000197861e+03,1.581443921769721261e-01
1.790300000000197997e+03,1.591121918087923526e-01
1.790400000000197906e+03,1.600799825367910101e-01
1.790500000000197815e+03,1.610477643553928639e-01
1.790600000000197952e+03,1.620155372590213749e-01
1.790700000000198088e+03,1.629833012420958127e-01
1.790800000000197997e+03,1.639510562990344755e-01
1.790900000000197906e+03,1.649191467368094910e-01
1.791000000000198042e+03,1.658888226863500515e-01
1.791100000000198179e+03,1.666998067761029101e-01
1.791200000000198088e+03,1.675103593069321717e-01
1.791300000000197997e+03,1.683205924253788899e-01
1.791400000000198133e+03,1.691296152391653651e-01
1.791500000000198270e+03,1.699375968676928583e-01
1.791600000000198179e+03,1.707453395744750468e-01
1.791700000000198088e+03,1.715530611494646696e-01
1.791800000000198224e+03,1.723608612364334880e-01
1.791900000000198361e+03,1.731705624403586941e-01
1.792000000000198270e+03,1.739805536160086707e-01
1.792100000000198179e+03,1.746000130548715501e-01
1.792200000000198315e+03,1.752194658031880625e-01
1.792300000000198452e+03,1.758389118555317709e-01
1.792400000000198361e+03,1.764583512064750170e-01
1.792500000000198270e+03,1.770777838505934731e-01
1.792600000000198406e+03,1.776972097824614516e-01
1.792700000000198543e+03,1.783166289966507667e-01
1.792800000000198452e+03,1.789379632143960619e-01
1.792900000000198361e+03,1.795594710690652795e-01
1.793000000000198497e+03,1.801809865480820394e-01
1.793100000000198634e+03,1.805852004066726690e-01
1.793200000000198543e+03,1.809894204642983340e-01
1.793300000000198452e+03,1.813935658585746902e-01
1.793400000000198588e+03,1.817962403906344948e-01
1.793500000000198725e+03,1.821989141910571319e-01
1.793600000000198634e+03,1.826015872554418995e-01
1.793700000000198543e+03,1.830042595793894555e-01
1.793800000000198679e+03,1.834069311585003470e-01
1.793900000000198816e+03,1.838096019883725951e-01
1.794000000000198725e+03,1.842122720641240496e-01
1.794100000000198634e+03,1.843727689837142969e-01
1.794200000000198770e+03,1.845332653310469140e-01
1.794300000000198906e+03,1.846937611044105199e-01
1.794400000000198816e+03,1.848542563020943719e-01
1.794500000000198725e+03,1.850147509223877273e-01
1.794600000000198861e+03,1.851752449635800657e-01
1.794700000000198997e+03,1.853357384239598948e-01
1.794800000000198906e+03,1.854962313018160280e-01
1.794900000000198816e+03,1.856567235954381390e-01
1.795000000000198952e+03,1.858172153025998696e-01
1.795100000000199088e+03,1.857189529345769641e-01
1.795200000000198997e+03,1.856224552276613260e-01
1.795300000000198906e+03,1.855273702384501455e-01
1.795400000000199043e+03,1.854326985871158351e-01
1.795500000000199179e+03,1.853387077131021243e-01
1.795600000000199088e+03,1.852448246268319498e-01
1.795700000000198997e+03,1.851509364066735164e-01
1.795800000000199134e+03,1.850570430534174970e-01
1.795900000000199270e+03,1.849631445678546204e-01
1.796000000000199179e+03,1.848671554376428994e-01
1.796100000000199088e+03,1.845029806588122101e-01
1.796200000000199225e+03,1.841387942254131826e-01
1.796300000000199361e+03,1.837745961400962247e-01
1.796400000000199270e+03,1.834103864055104671e-01
1.796500000000199179e+03,1.830461650243055682e-01
1.796600000000199316e+03,1.826819319991301593e-01
1.796700000000199452e+03,1.823176873326359804e-01
1.796800000000199361e+03,1.819534310274743549e-01
1.796900000000199270e+03,1.815873886269555870e-01
1.797000000000199407e+03,1.812210004938594743e-01
1.797100000000199543e+03,1.805832009354804146e-01
1.797200000000199452e+03,1.799451249293168298e-01
1.797300000000199361e+03,1.793070542375018728e-01
1.797400000000199498e+03,1.786689888640513590e-01
1.797500000000199634e+03,1.780309288129845180e-01
1.797600000000199543e+03,1.773928740883208843e-01
1.797700000000199452e+03,1.767548246940775225e-01
1.797800000000199589e+03,1.761182360825024606e-01
1.797900000000199725e+03,1.754822370889708438e-01
1.798000000000199634e+03,1.748462285188771281e-01
1.798100000000199543e+03,1.739497455159626504e-01
1.798200000000199680e+03,1.730532359266290787e-01
1.798300000000199816e+03,1.721566997565850410e-01
1.798400000000199725e+03,1.712601370115398869e-01
1.798500000000199634e+03,1.703635476971993024e-01
1.798600000000199771e+03,1.694669318192702501e-01
1.798700000000199907e+03,1.685702893834637173e-01
1.798800000000199816e+03,1.676736203954927173e-01
1.798900000000199725e+03,1.667769248610655175e-01
1.799000000000199861e+03,1.658803827236012551e-01
1.799100000000199998e+03,1.647406233104105888e-01
1.799200000000199907e+03,1.635989526803308391e-01
1.799300000000199816e+03,1.624572741314457280e-01
1.799400000000199952e+03,1.613155876692539126e-01
1.799500000000200089e+03,1.601738932992599063e-01
1.799600000000199998e+03,1.590324877205404885e-01
1.799700000000199907e+03,1.578914959459010170e-01
1.799800000000200043e+03,1.567504858579845117e-01
1.799900000000200180e+03,1.556094574622253202e-01
1.800000000000200089e+03,1.544684107784650706e-01
1.800100000000199998e+03,1.531129781115412036e-01
1.800200000000200134e+03,1.517575282571473338e-01
1.800300000000200271e+03,1.504020612200685780e-01
1.800400000000200180e+03,1.490465770050916905e-01
1.800500000000200089e+03,1.476910756169968197e-01
1.800600000000200225e+03,1.463355570605646416e-01
1.800700000000200362e+03,1.449802441127957531e-01
1.800800000000200271e+03,1.436258883535937447e-01
1.800900000000200180e+03,1.422714928154353575e-01
1.801000000000200316e+03,1.409182993563301844e-01
1.801100000000200453e+03,1.393922524037998767e-01
1.801200000000200362e+03,1.378661069322145161e-01
1.801300000000200271e+03,1.363398629424908692e-01
1.801400000000200407e+03,1.348135204355464523e-01
1.801500000000200544e+03,1.332870794123059699e-01
1.801600000000200453e+03,1.317605398736948485e-01
1.801700000000200362e+03,1.302339018206322974e-01
1.801800000000200498e+03,1.287071652540377198e-01
1.801900000000200635e+03,1.271803301748378745e-01
1.802000000000200544e+03,1.256533965837124678e-01
1.802100000000200453e+03,1.240025483759453068e-01
1.802200000000200589e+03,1.223515581183066969e-01
1.802300000000200725e+03,1.207004258063922586e-01
1.802400000000200635e+03,1.190491514357974595e-01
1.802500000000200544e+03,1.173976425922906991e-01
1.802600000000200680e+03,1.157458549866657582e-01
1.802700000000200816e+03,1.140939318879376080e-01
1.802800000000200725e+03,1.124418732924236525e-01
1.802900000000200635e+03,1.107896791964335520e-01
1.803000000000200771e+03,1.091369803638312375e-01
1.803100000000200907e+03,1.074170178479882110e-01
1.803200000000200816e+03,1.056969005179799748e-01
1.803300000000200725e+03,1.039766283671427760e-01
1.803400000000200862e+03,1.022562013888136667e-01
1.803500000000200998e+03,1.005356195763366517e-01
1.803600000000200907e+03,9.881488292305616594e-02
1.803700000000200816e+03,9.709399142230838720e-02
1.803800000000200953e+03,9.537294506742961808e-02
1.803900000000201089e+03,9.365174385176368299e-02
1.804000000000200998e+03,9.193038776883070973e-02
1.804100000000200907e+03,9.029666743460738887e-02
1.804200000000201044e+03,8.866278731225914200e-02
1.804300000000201180e+03,8.702874739331778464e-02
1.804400000000201089e+03,8.539454766931492413e-02
1.804500000000200998e+03,8.376018813177425748e-02
1.804600000000201135e+03,8.212566877221924577e-02
1.804700000000201271e+03,8.049098958218044164e-02
1.804800000000201180e+03,7.885615055318831446e-02
1.804900000000201089e+03,7.722115167676521508e-02
1.805000000000201226e+03,7.558599295010286212e-02
1.805100000000201362e+03,7.676763284426246781e-02
1.805200000000201271e+03,7.794909852152595575e-02
1.805300000000201180e+03,7.913067605837090235e-02
1.805400000000201317e+03,8.031236546186455716e-02
1.805500000000201453e+03,8.149445372116241593e-02
1.805600000000201362e+03,8.267771027911888226e-02
1.805700000000201271e+03,8.386111700496713672e-02
1.805800000000201408e+03,8.504467391059306047e-02
1.805900000000201544e+03,8.622838100787791338e-02
1.806000000000201453e+03,8.741172635127315849e-02
1.806100000000201362e+03,8.863391604673996615e-02
1.806200000000201499e+03,8.985623309176019036e-02
1.806300000000201635e+03,9.107867749494376330e-02
1.806400000000201544e+03,9.230124926490136661e-02
1.806500000000201453e+03,9.352394841024949668e-02
1.806600000000201590e+03,9.474677493960512176e-02
1.806700000000201726e+03,9.596972886158014471e-02
1.806800000000201635e+03,9.719281018478675982e-02
1.806900000000201544e+03,9.841532841412330146e-02
1.807000000000201680e+03,9.963782405000277953e-02
1.807100000000201817e+03,1.008790829818724671e-01
1.807200000000201726e+03,1.021201692083130302e-01
1.807300000000201635e+03,1.033612199371547746e-01
1.807400000000201771e+03,1.046023928882490461e-01
1.807500000000201908e+03,1.058436880689401921e-01
1.807600000000201817e+03,1.070851054865733648e-01
1.807700000000201726e+03,1.083266451484992537e-01
1.807800000000201862e+03,1.095683070620692701e-01
1.807900000000201999e+03,1.108100912346291905e-01
1.808000000000201908e+03,1.120519976735097623e-01
1.808100000000201817e+03,1.132864213980136203e-01
1.808200000000201953e+03,1.145212619626338191e-01
1.808300000000202090e+03,1.157562234099059062e-01
1.808400000000201999e+03,1.169913057463719541e-01
1.808500000000201908e+03,1.182265089785800721e-01
1.808600000000202044e+03,1.194618331130783140e-01
1.808700000000202181e+03,1.206972781564095293e-01
1.808800000000202090e+03,1.219328441151167897e-01
1.808900000000201999e+03,1.231685309957487734e-01
1.809000000000202135e+03,1.244043388047856719e-01
1.809100000000202272e+03,1.256062271969651534e-01
1.809200000000202181e+03,1.268082479501303761e-01
1.809300000000202090e+03,1.280104010722048768e-01
1.809400000000202226e+03,1.292126865711122341e-01
1.809500000000202363e+03,1.304150793705732281e-01
1.809600000000202272e+03,1.316173241966740459e-01
1.809700000000202181e+03,1.328184413735667146e-01
1.809800000000202317e+03,1.340200253587911783e-01
1.809900000000202454e+03,1.352217199950061233e-01
1.810000000000202363e+03,1.364242009017089530e-01
1.810100000000202272e+03,1.375635356090944283e-01
1.810200000000202408e+03,1.387038746978529469e-01
1.810300000000202544e+03,1.398443672031186025e-01
1.810400000000202454e+03,1.409850131364842329e-01
1.810500000000202363e+03,1.421258125095481439e-01
1.810600000000202499e+03,1.432667653339099179e-01
1.810700000000202635e+03,1.444078716211638636e-01
1.810800000000202544e+03,1.455491313829051780e-01
1.810900000000202454e+03,1.466905446307347205e-01
1.811000000000202590e+03,1.478321113760620864e-01
1.811100000000202726e+03,1.488791134343978861e-01
1.811200000000202635e+03,1.499262630346888392e-01
1.811300000000202544e+03,1.509735601880639322e-01
1.811400000000202681e+03,1.520210049056526791e-01
1.811500000000202817e+03,1.530685971985807359e-01
1.811600000000202726e+03,1.541163370779741471e-01
1.811700000000202635e+03,1.551642245549640364e-01
1.811800000000202772e+03,1.562120430403809712e-01
1.811900000000202908e+03,1.572575298011860412e-01
1.812000000000202817e+03,1.583031283226742636e-01
1.812100000000202726e+03,1.592238559240729823e-01
1.812200000000202863e+03,1.601446952364174170e-01
1.812300000000202999e+03,1.610656462653220766e-01
1.812400000000202908e+03,1.619879151816770446e-01
1.812500000000202817e+03,1.629109905913412315e-01
1.812600000000202954e+03,1.638341991138875242e-01
1.812700000000203090e+03,1.647575407580824935e-01
1.812800000000202999e+03,1.656810155326929324e-01
1.812900000000202908e+03,1.666046234464900466e-01
1.813000000000203045e+03,1.675283645079254646e-01
1.813100000000203181e+03,1.682942978129704503e-01
1.813200000000203090e+03,1.690601301875112872e-01
1.813300000000202999e+03,1.698260607071250539e-01
1.813400000000203136e+03,1.705920893760815293e-01
1.813500000000203272e+03,1.713582161986466901e-01
1.813600000000203181e+03,1.721244411790863182e-01
1.813700000000203090e+03,1.728907643216700818e-01
1.813800000000203227e+03,1.736571856306672323e-01
1.813900000000203363e+03,1.744237051103436908e-01
1.814000000000203272e+03,1.751903227645909000e-01
1.814100000000203181e+03,1.757729253424624438e-01
1.814200000000203318e+03,1.763548297051629465e-01
1.814300000000203454e+03,1.769355421758934399e-01
1.814400000000203363e+03,1.775163255901158754e-01
1.814500000000203272e+03,1.780971799509147024e-01
1.814600000000203408e+03,1.786781052613745091e-01
1.814700000000203545e+03,1.792591015245769970e-01
1.814800000000203454e+03,1.798401687436037844e-01
1.814900000000203363e+03,1.804213069215393761e-01
1.815000000000203499e+03,1.810025160610364836e-01
1.815100000000203636e+03,1.813714865076781479e-01
1.815200000000203545e+03,1.817404965321156307e-01
1.815300000000203454e+03,1.821095461353118561e-01
1.815400000000203590e+03,1.824786353182302479e-01
1.815500000000203727e+03,1.828477640818319261e-01
1.815600000000203636e+03,1.832173410347454900e-01
1.815700000000203545e+03,1.835873871046728167e-01
1.815800000000203681e+03,1.839574761245506840e-01
1.815900000000203818e+03,1.843276080958699270e-01
1.816000000000203727e+03,1.846977830196499248e-01
1.816100000000203636e+03,1.848360012037498501e-01
1.816200000000203772e+03,1.849742361186123007e-01
1.816300000000203909e+03,1.851124877650421607e-01
1.816400000000203818e+03,1.852507561438450079e-01
1.816500000000203727e+03,1.853881553226875700e-01
1.816600000000203863e+03,1.855244287251295032e-01
1.816700000000204000e+03,1.856605666109673869e-01
1.816800000000203909e+03,1.857967180430388499e-01
1.816900000000203818e+03,1.859328830216860351e-01
1.817000000000203954e+03,1.860690615467434916e-01
1.817100000000204091e+03,1.859559891392554842e-01
1.817200000000204000e+03,1.858429052861886033e-01
1.817300000000203909e+03,1.857292549199724141e-01
1.817400000000204045e+03,1.856153020076263260e-01
1.817500000000204182e+03,1.855013386906224082e-01
1.817600000000204091e+03,1.853873649689298242e-01
1.817700000000204000e+03,1.852733808425169326e-01
1.817800000000204136e+03,1.851593863113521476e-01
1.817900000000204273e+03,1.850453813754047994e-01
1.818000000000204182e+03,1.849313660341179999e-01
1.818100000000204091e+03,1.845599286528369354e-01
1.818200000000204227e+03,1.841884606500808486e-01
1.818300000000204363e+03,1.838169620257437964e-01
1.818400000000204273e+03,1.834454327797196971e-01
1.818500000000204182e+03,1.830738729119011643e-01
1.818600000000204318e+03,1.827022824221804509e-01
1.818700000000204454e+03,1.823306613104518081e-01
1.818800000000204363e+03,1.819590095766093762e-01
1.818900000000204273e+03,1.815873272205453803e-01
1.819000000000204409e+03,1.812156142416248283e-01
1.819100000000204545e+03,1.805856922208591286e-01
1.819200000000204454e+03,1.799558147743126335e-01
1.819300000000204363e+03,1.793268156563049553e-01
1.819400000000204500e+03,1.786977588628043123e-01
1.819500000000204636e+03,1.780686443923560902e-01
1.819600000000204545e+03,1.774394722435056193e-01
1.819700000000204454e+03,1.768102424147959262e-01
1.819800000000204591e+03,1.761812801441316190e-01
1.819900000000204727e+03,1.755527343560714659e-01
1.820000000000204636e+03,1.749241251408245046e-01
1.820100000000204545e+03,1.740438162945805445e-01
1.820200000000204682e+03,1.731633162919639923e-01
1.820300000000204818e+03,1.722827474223583288e-01
1.820400000000204727e+03,1.714021096846426451e-01
1.820500000000204636e+03,1.705214030776918133e-01
1.820600000000204773e+03,1.696406276003800673e-01
1.820700000000204909e+03,1.687597832515872198e-01
1.820800000000204818e+03,1.678788700301918346e-01
1.820900000000204727e+03,1.669978879350685341e-01
1.821000000000204864e+03,1.661168369646182086e-01
1.821100000000205000e+03,1.650039509515960345e-01
1.821200000000204909e+03,1.638909660704736260e-01
1.821300000000204818e+03,1.627778823173915701e-01
1.821400000000204955e+03,1.616646996884905096e-01
1.821500000000205091e+03,1.605514181799161388e-01
1.821600000000205000e+03,1.594380377878136523e-01
1.821700000000204909e+03,1.583245585083232210e-01
1.821800000000205046e+03,1.572109803375854320e-01
1.821900000000205182e+03,1.560973032717452580e-01
1.822000000000205091e+03,1.549849369949344025e-01
1.822100000000205000e+03,1.536656179052175997e-01
1.822200000000205137e+03,1.523461824424241495e-01
1.822300000000205273e+03,1.510266306018462346e-01
1.822400000000205182e+03,1.497069623787768144e-01
1.822500000000205091e+03,1.483871777685013549e-01
1.822600000000205227e+03,1.470672767663062652e-01
1.822700000000205364e+03,1.457472593674838945e-01
1.822800000000205273e+03,1.444271255673257037e-01
1.822900000000205182e+03,1.431068753611183242e-01
1.823000000000205318e+03,1.417865087438021365e-01
1.823100000000205455e+03,1.402979970552567512e-01
1.823200000000205364e+03,1.388088774805869008e-01
1.823300000000205273e+03,1.373194624144913056e-01
1.823400000000205409e+03,1.358299197892237353e-01
1.823500000000205546e+03,1.343402495987614798e-01
1.823600000000205455e+03,1.328500562118147821e-01
1.823700000000205364e+03,1.313593515599018602e-01
1.823800000000205500e+03,1.298677462254430037e-01
1.823900000000205637e+03,1.283753397960468168e-01
1.824000000000205546e+03,1.268830437353919149e-01
1.824100000000205455e+03,1.252671872166596090e-01
1.824200000000205591e+03,1.236512645720497100e-01
1.824300000000205728e+03,1.220352758006867377e-01
1.824400000000205637e+03,1.204192209016950316e-01
1.824500000000205546e+03,1.188030998741915339e-01
1.824600000000205682e+03,1.171869127172929653e-01
1.824700000000205819e+03,1.155706594301240675e-01
1.824800000000205728e+03,1.139543400118089717e-01
1.824900000000205637e+03,1.123379544614647729e-01
1.825000000000205773e+03,1.107215027780626970e-01
1.825100000000205910e+03,1.090341170266193871e-01
1.825200000000205819e+03,1.073477108882317094e-01
1.825300000000205728e+03,1.056621387730793254e-01
1.825400000000205864e+03,1.039766146234779171e-01
1.825500000000206001e+03,1.022909673250995688e-01
1.825600000000205910e+03,1.006048864162800704e-01
1.825700000000205819e+03,9.891784899479154347e-02
1.825800000000205955e+03,9.723072760316750496e-02
1.825900000000206091e+03,9.554352223889590878e-02
1.826000000000206001e+03,9.385623289944276804e-02
1.826100000000205910e+03,9.215720046124427356e-02
1.826200000000206046e+03,9.045780449696860792e-02
1.826300000000206182e+03,8.875837096587510522e-02
1.826400000000206091e+03,8.705889986841039430e-02
1.826500000000206001e+03,8.535939120501288835e-02
1.826600000000206137e+03,8.365984497612154180e-02
1.826700000000206273e+03,8.196026118218295575e-02
1.826800000000206182e+03,8.026063982364375904e-02
1.826900000000206091e+03,7.856098090094279507e-02
1.827000000000206228e+03,7.686128441987140347e-02
1.827100000000206364e+03,7.775687281536915185e-02
1.827200000000206273e+03,7.865235647068706537e-02
1.827300000000206182e+03,7.954783478974269961e-02
1.827400000000206319e+03,8.044306818817416327e-02
1.827500000000206455e+03,8.133816236219747198e-02
1.827600000000206364e+03,8.223324303776601008e-02
1.827700000000206273e+03,8.312831021439638646e-02
1.827800000000206410e+03,8.402336389160489083e-02
1.827900000000206546e+03,8.491884057498473581e-02
1.828000000000206455e+03,8.581486888272758795e-02
1.828100000000206364e+03,8.699848698448042761e-02
1.828200000000206501e+03,8.818212270984400469e-02
1.828300000000206637e+03,8.936577605856989293e-02
1.828400000000206546e+03,9.054944703040983256e-02
1.828500000000206455e+03,9.173313562512092068e-02
1.828600000000206592e+03,9.291684184246011557e-02
1.828700000000206728e+03,9.410056568217921302e-02
1.828800000000206637e+03,9.528430714402988388e-02
1.828900000000206546e+03,9.646806622776894768e-02
1.829000000000206683e+03,9.765184293319337239e-02
1.829100000000206819e+03,9.885484520063593517e-02
1.829200000000206728e+03,1.000578297322970434e-01
1.829300000000206637e+03,1.012607965274416738e-01
1.829400000000206774e+03,1.024637455853346230e-01
1.829500000000206910e+03,1.036666769052352610e-01
1.829600000000206819e+03,1.048695904864029999e-01
1.829700000000206728e+03,1.060724863281026081e-01
1.829800000000206865e+03,1.072753644295989656e-01
1.829900000000207001e+03,1.084784239788690735e-01
1.830000000000206910e+03,1.096817687921526618e-01
1.830100000000206819e+03,1.108831553951743210e-01
1.830200000000206956e+03,1.120845440453499264e-01
1.830300000000207092e+03,1.132859347413843198e-01
1.830400000000207001e+03,1.144873274819828285e-01
1.830500000000206910e+03,1.156887222658553038e-01
1.830600000000207046e+03,1.168901190917121802e-01
1.830700000000207183e+03,1.180915179582582852e-01
1.830800000000207092e+03,1.192929188641984467e-01
1.830900000000207001e+03,1.204943218082426132e-01
1.831000000000207137e+03,1.216957267890431127e-01
1.831100000000207274e+03,1.228692196150991400e-01
1.831200000000207183e+03,1.240426975287964168e-01
1.831300000000207092e+03,1.252161605285220247e-01
1.831400000000207228e+03,1.263896086126636564e-01
1.831500000000207365e+03,1.275630417796028981e-01
1.831600000000207274e+03,1.287361260546308062e-01
1.831700000000207183e+03,1.299089341901005223e-01
1.831800000000207319e+03,1.310817167134202821e-01
1.831900000000207456e+03,1.322544736233589591e-01
1.832000000000207365e+03,1.334272049185722397e-01
1.832100000000207274e+03,1.345456411862286095e-01
1.832200000000207410e+03,1.356640476877935542e-01
1.832300000000207547e+03,1.367824244218868168e-01
1.832400000000207456e+03,1.379007713871281404e-01
1.832500000000207365e+03,1.390190885821422639e-01
1.832600000000207501e+03,1.401373760055540929e-01
1.832700000000207638e+03,1.412556336559830372e-01
1.832800000000207547e+03,1.423738615320491174e-01
1.832900000000207456e+03,1.434920596323767394e-01
1.833000000000207592e+03,1.446102279554206116e-01
1.833100000000207729e+03,1.456463901589653553e-01
1.833200000000207638e+03,1.466825296222252495e-01
1.833300000000207547e+03,1.477191415397106355e-01
1.833400000000207683e+03,1.487547648209875950e-01
1.833500000000207820e+03,1.497897786264490161e-01
1.833600000000207729e+03,1.508247550371189516e-01
1.833700000000207638e+03,1.518596940513868843e-01
1.833800000000207774e+03,1.528947769033007775e-01
1.833900000000207910e+03,1.539314308678704779e-01
1.834000000000207820e+03,1.549680715202665648e-01
1.834100000000207729e+03,1.558921538426818743e-01
1.834200000000207865e+03,1.568162058983546547e-01
1.834300000000208001e+03,1.577392428027556137e-01
1.834400000000207910e+03,1.586613850420488248e-01
1.834500000000207820e+03,1.595834755392226967e-01
1.834600000000207956e+03,1.605055142937764634e-01
1.834700000000208092e+03,1.614275013052055840e-01
1.834800000000208001e+03,1.623494365730046851e-01
1.834900000000207910e+03,1.632713200966736111e-01
1.835000000000208047e+03,1.641931518754248254e-01
1.835100000000208183e+03,1.649770002911572775e-01
1.835200000000208092e+03,1.657608182995969626e-01
1.835300000000208001e+03,1.665446058993712564e-01
1.835400000000208138e+03,1.673283630891070628e-01
1.835500000000208274e+03,1.681120898674283715e-01
1.835600000000208183e+03,1.688957862329589499e-01
1.835700000000208092e+03,1.696794521843257020e-01
1.835800000000208229e+03,1.704630877201561701e-01
1.835900000000208365e+03,1.712460880119581752e-01
1.836000000000208274e+03,1.720286775774024501e-01
1.836100000000208183e+03,1.726429628161238461e-01
1.836200000000208320e+03,1.732572038518553625e-01
1.836300000000208456e+03,1.738714006851484195e-01
1.836400000000208365e+03,1.744855533165548811e-01
1.836500000000208274e+03,1.750996617466293315e-01
1.836600000000208411e+03,1.757137259759264103e-01
1.836700000000208547e+03,1.763277460049976209e-01
1.836800000000208456e+03,1.769417218343948828e-01
1.836900000000208365e+03,1.775556534646727525e-01
1.837000000000208502e+03,1.781695408959897975e-01
1.837100000000208638e+03,1.785933559739911192e-01
1.837200000000208547e+03,1.790171458750353106e-01
1.837300000000208456e+03,1.794409105990874831e-01
1.837400000000208593e+03,1.798646501461135805e-01
1.837500000000208729e+03,1.802883645160771597e-01
1.837600000000208638e+03,1.807120537089421941e-01
1.837700000000208547e+03,1.811353928540364866e-01
1.837800000000208684e+03,1.815586697549267381e-01
1.837900000000208820e+03,1.819819197921804799e-01
1.838000000000208729e+03,1.824051429654594547e-01
1.838100000000208638e+03,1.826153904716135701e-01
1.838200000000208775e+03,1.828256231842296242e-01
1.838300000000208911e+03,1.830358411035353239e-01
1.838400000000208820e+03,1.832460442297585146e-01
1.838500000000208729e+03,1.834562325631279023e-01
1.838600000000208865e+03,1.836664061038723039e-01
1.838700000000209002e+03,1.838765648522194540e-01
1.838800000000208911e+03,1.840867088083970871e-01
1.838900000000208820e+03,1.842968379726339923e-01
1.839000000000208956e+03,1.845069523446792592e-01
1.839100000000209093e+03,1.844874742721288596e-01
1.839200000000209002e+03,1.844679972479796870e-01
1.839300000000208911e+03,1.844485212722098977e-01
1.839400000000209047e+03,1.844290463447970374e-01
1.839500000000209184e+03,1.844095724657191793e-01
1.839600000000209093e+03,1.843904283032845037e-01
1.839700000000209002e+03,1.843714829094952046e-01
1.839800000000209138e+03,1.843525384540407874e-01
1.839900000000209275e+03,1.843335949369080129e-01
1.840000000000209184e+03,1.843146523575819318e-01
1.840100000000209093e+03,1.840560073699942512e-01
1.840200000000209229e+03,1.837973753016756417e-01
1.840300000000209366e+03,1.835387561526121702e-01
1.840400000000209275e+03,1.832801499227895703e-01
1.840500000000209184e+03,1.830215566121927429e-01
1.840600000000209320e+03,1.827629762208063946e-01
1.840700000000209457e+03,1.825044087486163702e-01
1.840800000000209366e+03,1.822458541956083755e-01
1.840900000000209275e+03,1.819864966436751108e-01
1.841000000000209411e+03,1.817271410628061024e-01
1.841100000000209548e+03,1.812221099045016326e-01
1.841200000000209457e+03,1.807148870793151285e-01
1.841300000000209366e+03,1.802076258341605286e-01
1.841400000000209502e+03,1.797004155103006651e-01
1.841500000000209639e+03,1.791932561052884954e-01
1.841600000000209548e+03,1.786858104825754245e-01
1.841700000000209457e+03,1.781772657060273213e-01
1.841800000000209593e+03,1.776687803198787330e-01
1.841900000000209729e+03,1.771603543203225384e-01
1.842000000000209639e+03,1.766519877030520991e-01
1.842100000000209548e+03,1.759053715950812946e-01
1.842200000000209684e+03,1.751588219702423233e-01
1.842300000000209820e+03,1.744123388258809193e-01
1.842400000000209729e+03,1.736659221593425950e-01
1.842500000000209639e+03,1.729203236889600426e-01
1.842600000000209775e+03,1.721760395078474337e-01
1.842700000000209911e+03,1.714318045291251535e-01
1.842800000000209820e+03,1.706876187512531562e-01
1.842900000000209729e+03,1.699434821726882316e-01
1.843000000000209866e+03,1.691993947914045837e-01
1.843100000000210002e+03,1.682252990811000104e-01
1.843200000000209911e+03,1.672512774338847097e-01
1.843300000000209820e+03,1.662773298465049787e-01
1.843400000000209957e+03,1.653040087289330273e-01
1.843500000000210093e+03,1.643309547124703618e-01
1.843600000000210002e+03,1.633579658717099481e-01
1.843700000000209911e+03,1.623850422044412767e-01
1.843800000000210048e+03,1.614121837084535604e-01
1.843900000000210184e+03,1.604381215362719049e-01
1.844000000000210093e+03,1.594635458237036729e-01
1.844100000000210002e+03,1.582814924584069194e-01
1.844200000000210139e+03,1.570995263808128983e-01
1.844300000000210275e+03,1.559176475885224178e-01
1.844400000000210184e+03,1.547358560791371185e-01
1.844500000000210093e+03,1.535541518502519520e-01
1.844600000000210230e+03,1.523725348994630913e-01
1.844700000000210366e+03,1.511908238751481226e-01
1.844800000000210275e+03,1.500090844008227231e-01
1.844900000000210184e+03,1.488274368965546712e-01
1.845000000000210321e+03,1.476458813590911523e-01
1.845100000000210457e+03,1.462848505649950170e-01
1.845200000000210366e+03,1.449238561534758052e-01
1.845300000000210275e+03,1.435646126246877541e-01
1.845400000000210412e+03,1.422054651412574533e-01
1.845500000000210548e+03,1.408463898360435007e-01
1.845600000000210457e+03,1.394873867071767526e-01
1.845700000000210366e+03,1.381284557527816537e-01
1.845800000000210503e+03,1.367695969709825932e-01
1.845900000000210639e+03,1.354108103599103718e-01
1.846000000000210548e+03,1.340520959173949200e-01
1.846100000000210457e+03,1.325506975023931500e-01
1.846200000000210593e+03,1.310493875648675866e-01
1.846300000000210730e+03,1.295481661022010733e-01
1.846400000000210639e+03,1.280470331117763150e-01
1.846500000000210548e+03,1.265459885909692994e-01
1.846600000000210684e+03,1.250450325371557925e-01
1.846700000000210821e+03,1.235441649477189013e-01
1.846800000000210730e+03,1.220433858200412752e-01
1.846900000000210639e+03,1.205426951514991796e-01
1.847000000000210775e+03,1.190420929392669996e-01
1.847100000000210912e+03,1.174449295624651751e-01
1.847200000000210821e+03,1.158474740688450466e-01
1.847300000000210730e+03,1.142501043735822119e-01
1.847400000000210866e+03,1.126528204766288899e-01
1.847500000000211003e+03,1.110556223779443491e-01
1.847600000000210912e+03,1.094588338480396716e-01
1.847700000000210821e+03,1.078622939921920348e-01
1.847800000000210957e+03,1.062658253836838707e-01
1.847900000000211094e+03,1.046694280236962898e-01
1.848000000000211003e+03,1.030738194965818422e-01
1.848100000000210912e+03,1.014315131875341142e-01
1.848200000000211048e+03,9.978944915291748652e-02
1.848300000000211185e+03,9.814765489288393430e-02
1.848400000000211094e+03,9.650590974371114905e-02
1.848500000000211003e+03,9.486421370619652071e-02
1.848600000000211139e+03,9.322256678113736983e-02
1.848700000000211276e+03,9.158096896933863584e-02
1.848800000000211185e+03,8.993942027160517494e-02
1.848900000000211094e+03,8.829792068873415500e-02
1.849000000000211230e+03,8.665647022292981283e-02
1.849100000000211367e+03,8.568116876948596305e-02
1.849200000000211276e+03,8.470587183239117191e-02
1.849300000000211185e+03,8.373057941284689498e-02
1.849400000000211321e+03,8.275442035982433220e-02
1.849500000000211458e+03,8.177819494730022287e-02
1.849600000000211367e+03,8.080199674751076255e-02
1.849700000000211276e+03,7.982582576229196869e-02
1.849800000000211412e+03,7.884968199347976159e-02
1.849900000000211548e+03,7.787356544291472449e-02
1.850000000000211458e+03,7.689747611684458195e-02
1.850100000000211367e+03,7.800577973692474076e-02
1.850200000000211503e+03,7.911405047676427216e-02
1.850300000000211639e+03,8.022228833413559690e-02
1.850400000000211548e+03,8.133049330681109412e-02
1.850500000000211458e+03,8.243866539256845816e-02
1.850600000000211594e+03,8.354680458918530006e-02
1.850700000000211730e+03,8.465491089443417938e-02
1.850800000000211639e+03,8.576298430608822465e-02
1.850900000000211548e+03,8.687102482192483877e-02
1.851000000000211685e+03,8.797863893560950443e-02
1.851100000000211821e+03,8.911904306175381929e-02
1.851200000000211730e+03,9.026009025782950890e-02
1.851300000000211639e+03,9.140149656782749210e-02
1.851400000000211776e+03,9.254289390191811071e-02
1.851500000000211912e+03,9.368428225834733725e-02
1.851600000000211821e+03,9.482566163536118586e-02
1.851700000000211730e+03,9.596709010562752551e-02
1.851800000000211867e+03,9.710889545213989560e-02
1.851900000000212003e+03,9.825089684293289438e-02
1.852000000000211912e+03,9.939290419003472821e-02
1.852100000000211821e+03,1.005495160675669158e-01
1.852200000000211958e+03,1.017061599217472107e-01
1.852300000000212094e+03,1.028628357510655150e-01
1.852400000000212003e+03,1.040195435540114399e-01
1.852500000000211912e+03,1.051762833290797033e-01
1.852600000000212049e+03,1.063318762537739381e-01
1.852700000000212185e+03,1.074874147302685712e-01
1.852800000000212094e+03,1.086429581868556676e-01
1.852900000000212003e+03,1.097985066199694409e-01
1.853000000000212140e+03,1.109540600260258414e-01
1.853100000000212276e+03,1.121011558185498191e-01
1.853200000000212185e+03,1.132482376310579991e-01
1.853300000000212094e+03,1.143953054597821040e-01
1.853400000000212231e+03,1.155423593009546335e-01
1.853500000000212367e+03,1.166905172464917789e-01
1.853600000000212276e+03,1.178389273885942778e-01
1.853700000000212185e+03,1.189873503314968495e-01
1.853800000000212322e+03,1.201357860728157340e-01
1.853900000000212458e+03,1.212842346101627444e-01
1.854000000000212367e+03,1.224326959410880072e-01
1.854100000000212276e+03,1.235524277375367325e-01
1.854200000000212412e+03,1.246722042949177378e-01
1.854300000000212549e+03,1.257920256119859914e-01
1.854400000000212458e+03,1.269108667696479953e-01
1.854500000000212367e+03,1.280292763334927586e-01
1.854600000000212503e+03,1.291477045114403366e-01
1.854700000000212640e+03,1.302661512997664028e-01
1.854800000000212549e+03,1.313846166947470473e-01
1.854900000000212458e+03,1.325031006926625510e-01
1.855000000000212594e+03,1.336216032896722639e-01
1.855100000000212731e+03,1.346831147320432520e-01
1.855200000000212640e+03,1.357441129999080176e-01
1.855300000000212549e+03,1.368052698088563224e-01
1.855400000000212685e+03,1.378664212201471118e-01
1.855500000000212822e+03,1.389275672299987996e-01
1.855600000000212731e+03,1.399887078346301328e-01
1.855700000000212640e+03,1.410498430302644379e-01
1.855800000000212776e+03,1.421109728131256522e-01
1.855900000000212913e+03,1.431720971794321617e-01
1.856000000000212822e+03,1.442335320397384602e-01
1.856100000000212731e+03,1.452145097567658916e-01
1.856200000000212867e+03,1.461954376275738099e-01
1.856300000000213004e+03,1.471760204961239660e-01
1.856400000000212913e+03,1.481566106401681626e-01
1.856500000000212822e+03,1.491372080560421642e-01
1.856600000000212958e+03,1.501178127400824847e-01
1.856700000000213095e+03,1.510999570573513251e-01
1.856800000000213004e+03,1.520823597170527786e-01
1.856900000000212913e+03,1.530647925888653782e-01
1.857000000000213049e+03,1.540472556707564167e-01
1.857100000000213186e+03,1.549225531612164475e-01
1.857200000000213095e+03,1.557978809425828726e-01
1.857300000000213004e+03,1.566732390133017683e-01
1.857400000000213140e+03,1.575486273718190722e-01
1.857500000000213277e+03,1.584240460165760866e-01
1.857600000000213186e+03,1.592994949460148357e-01
1.857700000000213095e+03,1.601749741585810904e-01
1.857800000000213231e+03,1.610504836527203443e-01
1.857900000000213367e+03,1.619260234268738718e-01
1.858000000000213277e+03,1.628012597976427611e-01
1.858100000000213186e+03,1.635394475639478096e-01
1.858200000000213322e+03,1.642776270937879313e-01
1.858300000000213458e+03,1.650157983843005549e-01
1.858400000000213367e+03,1.657539614326228872e-01
1.858500000000213277e+03,1.664933029811776211e-01
1.858600000000213413e+03,1.672334054885098453e-01
1.858700000000213549e+03,1.679735170567521474e-01
1.858800000000213458e+03,1.687136376839647456e-01
1.858900000000213367e+03,1.694537673682117163e-01
1.859000000000213504e+03,1.701939061072220150e-01
1.859100000000213640e+03,1.707772103888708093e-01
1.859200000000213549e+03,1.713605313944176201e-01
1.859300000000213458e+03,1.719438691227213878e-01
1.859400000000213595e+03,1.725272235726409975e-01
1.859500000000213731e+03,1.731105947430323644e-01
1.859600000000213640e+03,1.736939826327516256e-01
1.859700000000213549e+03,1.742773872406578883e-01
1.859800000000213686e+03,1.748608085656097044e-01
1.859900000000213822e+03,1.754442466064629613e-01
1.860000000000213731e+03,1.760279877591042486e-01
1.860100000000213640e+03,1.764293594773354013e-01
1.860200000000213777e+03,1.768307357156360671e-01
1.860300000000213913e+03,1.772321164731978371e-01
1.860400000000213822e+03,1.776335017492119417e-01
1.860500000000213731e+03,1.780348915428716372e-01
1.860600000000213868e+03,1.784362858533700691e-01
1.860700000000214004e+03,1.788376846798987729e-01
1.860800000000213913e+03,1.792390880216491456e-01
1.860900000000213822e+03,1.796404958778142213e-01
1.861000000000213959e+03,1.800419082471612919e-01
1.861100000000214095e+03,1.802441222485969274e-01
1.861200000000214004e+03,1.804458702870292697e-01
1.861300000000213913e+03,1.806459839321717109e-01
1.861400000000214050e+03,1.808460967989986012e-01
1.861500000000214186e+03,1.810462088869414510e-01
1.861600000000214095e+03,1.812463201954318814e-01
1.861700000000214004e+03,1.814464307239019303e-01
1.861800000000214141e+03,1.816465404717840237e-01
1.861900000000214277e+03,1.818466494385094501e-01
1.862000000000214186e+03,1.820467576230455076e-01
1.862100000000214095e+03,1.820312301763349905e-01
1.862200000000214231e+03,1.820179117372530686e-01
1.862300000000214368e+03,1.820042828821279157e-01
1.862400000000214277e+03,1.819906015379982034e-01
1.862500000000214186e+03,1.819769199210390931e-01
1.862600000000214322e+03,1.819632380312645736e-01
1.862700000000214459e+03,1.819495558686885228e-01
1.862800000000214368e+03,1.819358734333251792e-01
1.862900000000214277e+03,1.819221907251882542e-01
1.863000000000214413e+03,1.819085077438042097e-01
1.863100000000214550e+03,1.816652775220076732e-01
1.863200000000214459e+03,1.814219797584329941e-01
1.863300000000214368e+03,1.811786895621185500e-01
1.863400000000214504e+03,1.809354069334043469e-01
1.863500000000214641e+03,1.806921318726313619e-01
1.863600000000214550e+03,1.804489477624752203e-01
1.863700000000214459e+03,1.802062022161042831e-01
1.863800000000214595e+03,1.799634628509427792e-01
1.863900000000214732e+03,1.797207296673909716e-01
1.864000000000214641e+03,1.794780026653562954e-01
1.864100000000214550e+03,1.790053689372568535e-01
1.864200000000214686e+03,1.785327421687773752e-01
1.864300000000214823e+03,1.780601223608829498e-01
1.864400000000214732e+03,1.775875095145381943e-01
1.864500000000214641e+03,1.771149036307058666e-01
1.864600000000214777e+03,1.766423047103489463e-01
1.864700000000214914e+03,1.761697127544323838e-01
1.864800000000214823e+03,1.756971277639208240e-01
1.864900000000214732e+03,1.752245497397769969e-01
1.865000000000214868e+03,1.747519786824698051e-01
1.865100000000215005e+03,1.740493510575158720e-01
1.865200000000214914e+03,1.733467592264239798e-01
1.865300000000214823e+03,1.726442031893782314e-01
1.865400000000214959e+03,1.719416829465629792e-01
1.865500000000215095e+03,1.712395234800765664e-01
1.865600000000215005e+03,1.705375603740856283e-01
1.865700000000214914e+03,1.698356290528783286e-01
1.865800000000215050e+03,1.691339674004962990e-01
1.865900000000215186e+03,1.684324339731431142e-01
1.866000000000215095e+03,1.677309295388735022e-01
1.866100000000215005e+03,1.668140318372382525e-01
1.866200000000215141e+03,1.658959765208526393e-01
1.866300000000215277e+03,1.649777508186295594e-01
1.866400000000215186e+03,1.640595623576776851e-01
1.866500000000215095e+03,1.631414111390313837e-01
1.866600000000215232e+03,1.622232971637249666e-01
1.866700000000215368e+03,1.613052204327969918e-01
1.866800000000215277e+03,1.603871809472857124e-01
1.866900000000215186e+03,1.594691336145912242e-01
1.867000000000215323e+03,1.585504472028369527e-01
1.867100000000215459e+03,1.574312808596221858e-01
1.867200000000215368e+03,1.563137998557282971e-01
1.867300000000215277e+03,1.551965815106853552e-01
1.867400000000215414e+03,1.540794102718480996e-01
1.867500000000215550e+03,1.529622861388902633e-01
1.867600000000215459e+03,1.518452091114852187e-01
1.867700000000215368e+03,1.507281791893017031e-01
1.867800000000215505e+03,1.496116358005434022e-01
1.867900000000215641e+03,1.484953726998134993e-01
1.868000000000215550e+03,1.473791465342051688e-01
1.868100000000215459e+03,1.460877675643295903e-01
1.868200000000215596e+03,1.447960445944246055e-01
1.868300000000215732e+03,1.435044020746058802e-01
1.868400000000215641e+03,1.422128400042733665e-01
1.868500000000215550e+03,1.409213583828211047e-01
1.868600000000215687e+03,1.396299572096429131e-01
1.868700000000215823e+03,1.383386364841381055e-01
1.868800000000215732e+03,1.370473962057062733e-01
1.868900000000215641e+03,1.357562363737411237e-01
1.869000000000215778e+03,1.344651569873357155e-01
1.869100000000215914e+03,1.330350727944764333e-01
1.869200000000215823e+03,1.316050585444215604e-01
1.869300000000215732e+03,1.301751142385419724e-01
1.869400000000215869e+03,1.287453295137071241e-01
1.869500000000216005e+03,1.273170121734789884e-01
1.869600000000215914e+03,1.258887314287867321e-01
1.869700000000215823e+03,1.244604872811142793e-01
1.869800000000215960e+03,1.230322797319457623e-01
1.869900000000216096e+03,1.216041087827716138e-01
1.870000000000216005e+03,1.201759744348625397e-01
1.870100000000215914e+03,1.186462502093317828e-01
1.870200000000216050e+03,1.171166139347185609e-01
1.870300000000216187e+03,1.155870656100397020e-01
1.870400000000216096e+03,1.140563649615138619e-01
1.870500000000216005e+03,1.125256937792139533e-01
1.870600000000216141e+03,1.109951462653616661e-01
1.870700000000216278e+03,1.094647224171414884e-01
1.870800000000216187e+03,1.079344222317379920e-01
1.870900000000216096e+03,1.064042457063283653e-01
1.871000000000216232e+03,1.048741928379759158e-01
1.871100000000216369e+03,1.032914998041883220e-01
1.871200000000216278e+03,1.017084496260821785e-01
1.871300000000216187e+03,1.001254990185728583e-01
1.871400000000216323e+03,9.854265834428882487e-02
1.871500000000216460e+03,9.695992760348995376e-02
1.871600000000216369e+03,9.537730679643544041e-02
1.871700000000216278e+03,9.379479592337747196e-02
1.871800000000216414e+03,9.221239498456743067e-02
1.871900000000216551e+03,9.063010398026416503e-02
1.872000000000216460e+03,8.904815030280256727e-02
1.872100000000216369e+03,8.747553084987527705e-02
1.872200000000216505e+03,8.590372541249867433e-02
1.872300000000216642e+03,8.433235834706374889e-02
1.872400000000216551e+03,8.276109381405448440e-02
1.872500000000216460e+03,8.118993181408858117e-02
1.872600000000216596e+03,7.961887234778373956e-02
1.872700000000216733e+03,7.804791541576452940e-02
1.872800000000216642e+03,7.647712309944269815e-02
1.872900000000216551e+03,7.490651909437161249e-02
1.873000000000216687e+03,7.333601137760920041e-02
1.873100000000216824e+03,7.438790473482424781e-02
1.873200000000216733e+03,7.543972845278468231e-02
1.873300000000216642e+03,7.649148253010387699e-02
1.873400000000216778e+03,7.754316696539513554e-02
1.873500000000216914e+03,7.859478175726722360e-02
1.873600000000216824e+03,7.964541609132609612e-02
1.873700000000216733e+03,8.069593570564956297e-02
1.873800000000216869e+03,8.174636105579566325e-02
1.873900000000217005e+03,8.279669214195366223e-02
1.874000000000216914e+03,8.384692896438974974e-02
1.874100000000216824e+03,8.493238189614089884e-02
1.874200000000216960e+03,8.601775115354326484e-02
1.874300000000217096e+03,8.710303673462609086e-02
1.874400000000217005e+03,8.818823863741905023e-02
1.874500000000216914e+03,8.927335685995713144e-02
1.874600000000217051e+03,9.035839140027510097e-02
1.874700000000217187e+03,9.144334225640367297e-02
1.874800000000217096e+03,9.252820942637327017e-02
1.874900000000217005e+03,9.361299290821996355e-02
1.875000000000217142e+03,9.469769270001661410e-02
1.875100000000217278e+03,9.579920761817957431e-02
1.875200000000217187e+03,9.690061431129093350e-02
1.875300000000217096e+03,9.800191278107160675e-02
1.875400000000217233e+03,9.910269999020854259e-02
1.875500000000217369e+03,1.002033216015520978e-01
1.875600000000217278e+03,1.013038249813226765e-01
1.875700000000217187e+03,1.024042101328904164e-01
1.875800000000217324e+03,1.035044770596253438e-01
1.875900000000217460e+03,1.046046257648930167e-01
1.876000000000217369e+03,1.057046562520616573e-01
1.876100000000217278e+03,1.068058970590868989e-01
1.876200000000217415e+03,1.079070595658335324e-01
1.876300000000217551e+03,1.090082559068410312e-01
1.876400000000217460e+03,1.101097013758128990e-01
1.876500000000217369e+03,1.112110773089968335e-01
1.876600000000217506e+03,1.123123837042597911e-01
1.876700000000217642e+03,1.134136205594640789e-01
1.876800000000217551e+03,1.145147878724720319e-01
1.876900000000217460e+03,1.156158856411514252e-01
1.877000000000217597e+03,1.167169138633215031e-01
1.877100000000217733e+03,1.177954816770893781e-01
1.877200000000217642e+03,1.188739585390682224e-01
1.877300000000217551e+03,1.199523444503312608e-01
1.877400000000217688e+03,1.210306394119519263e-01
1.877500000000217824e+03,1.221088434249988919e-01
1.877600000000217733e+03,1.231869564905414965e-01
1.877700000000217642e+03,1.242662820147931446e-01
1.877800000000217779e+03,1.253456919930389935e-01
1.877900000000217915e+03,1.264254063664426997e-01
1.878000000000217824e+03,1.275052683598177361e-01
1.878100000000217733e+03,1.285417670863711337e-01
1.878200000000217869e+03,1.295782109246045033e-01
1.878300000000218006e+03,1.306145998731073066e-01
1.878400000000217915e+03,1.316509339304683668e-01
1.878500000000217824e+03,1.326872130952821138e-01
1.878600000000217960e+03,1.337246376789511526e-01
1.878700000000218097e+03,1.347623942150868170e-01
1.878800000000218006e+03,1.358001201542978764e-01
1.878900000000217915e+03,1.368378154941034541e-01
1.879000000000218051e+03,1.378754802318777062e-01
1.879100000000218188e+03,1.388462745930256204e-01
1.879200000000218097e+03,1.398170363735131982e-01
1.879300000000218006e+03,1.407877655702872710e-01
1.879400000000218142e+03,1.417584621802948641e-01
1.879500000000218279e+03,1.427291262004785621e-01
1.879600000000218188e+03,1.436992283247302549e-01
1.879700000000218097e+03,1.446691654041181163e-01
1.879800000000218233e+03,1.456390926529871899e-01
1.879900000000218370e+03,1.466091141787653207e-01
1.880000000000218279e+03,1.475774941802000528e-01
1.880100000000218188e+03,1.484531504525498646e-01
1.880200000000218324e+03,1.493287216547599661e-01
1.880300000000218461e+03,1.502039128544618574e-01
1.880400000000218370e+03,1.510788809358487306e-01
1.880500000000218279e+03,1.519537589574924130e-01
1.880600000000218415e+03,1.528285469220473924e-01
1.880700000000218552e+03,1.537032448321646871e-01
1.880800000000218461e+03,1.545778526904945660e-01
1.880900000000218370e+03,1.554523704996921551e-01
1.881000000000218506e+03,1.563267982621695251e-01
1.881100000000218643e+03,1.570900365477503891e-01
1.881200000000218552e+03,1.578532241211618170e-01
1.881300000000218461e+03,1.586163617223624311e-01
1.881400000000218597e+03,1.593783065202627192e-01
1.881500000000218733e+03,1.601401896122112700e-01
1.881600000000218643e+03,1.609020109975309587e-01
1.881700000000218552e+03,1.616637706755483517e-01
1.881800000000218688e+03,1.624254686455905428e-01
1.881900000000218824e+03,1.631871049069812951e-01
1.882000000000218733e+03,1.639486794587431961e-01
1.882100000000218643e+03,1.645725297517881547e-01
1.882200000000218779e+03,1.651959423105966163e-01
1.882300000000218915e+03,1.658192958666257488e-01
1.882400000000218824e+03,1.664425904214963670e-01
1.882500000000218733e+03,1.670658259768325604e-01
1.882600000000218870e+03,1.676890025342581136e-01
1.882700000000219006e+03,1.683134702948924921e-01
1.882800000000218915e+03,1.689385128740226172e-01
1.882900000000218824e+03,1.695635111491408664e-01
1.883000000000218961e+03,1.701884651204895460e-01
1.883100000000219097e+03,1.706572280398472585e-01
1.883200000000219006e+03,1.711242056841956183e-01
1.883300000000218915e+03,1.715911521571339415e-01
1.883400000000219052e+03,1.720580674588200465e-01
1.883500000000219188e+03,1.725249515894095309e-01
1.883600000000219097e+03,1.729918045490578260e-01
1.883700000000219006e+03,1.734586263379230830e-01
1.883800000000219143e+03,1.739254169561633701e-01
1.883900000000219279e+03,1.743921764039341737e-01
1.884000000000219188e+03,1.748589046810060110e-01
1.884100000000219097e+03,1.751537366792218497e-01
1.884200000000219234e+03,1.754486056990876286e-01
1.884300000000219370e+03,1.757434743313129599e-01
1.884400000000219279e+03,1.760383425755664144e-01
1.884500000000219188e+03,1.763332104315178672e-01
1.884600000000219325e+03,1.766292881203025134e-01
1.884700000000219461e+03,1.769256358220291370e-01
1.884800000000219370e+03,1.772219880779059842e-01
1.884900000000219279e+03,1.775183448876676839e-01
1.885000000000219416e+03,1.778147062506180709e-01
1.885100000000219552e+03,1.779148705497568261e-01
1.885200000000219461e+03,1.780150333378595073e-01
1.885300000000219370e+03,1.781151946148210041e-01
1.885400000000219507e+03,1.782153543805367890e-01
1.885500000000219643e+03,1.783155126349015018e-01
1.885600000000219552e+03,1.784156693778094771e-01
1.885700000000219461e+03,1.785158246091562151e-01
1.885800000000219597e+03,1.786159783288368552e-01
1.885900000000219734e+03,1.787161305367459818e-01
1.886000000000219643e+03,1.788162812323317585e-01
1.886100000000219552e+03,1.787131763009236485e-01
1.886200000000219688e+03,1.786100700575774525e-01
1.886300000000219825e+03,1.785069625024466311e-01
1.886400000000219734e+03,1.784038536356848115e-01
1.886500000000219643e+03,1.783007434574448713e-01
1.886600000000219779e+03,1.781976319678800491e-01
1.886700000000219916e+03,1.780945191671436389e-01
1.886800000000219825e+03,1.779901474918928195e-01
1.886900000000219734e+03,1.778852353097225558e-01
1.887000000000219870e+03,1.777803910536264465e-01
1.887100000000220007e+03,1.774611487679514932e-01
1.887200000000219916e+03,1.771419943743361147e-01
1.887300000000219825e+03,1.768248405416969760e-01
1.887400000000219961e+03,1.765076875802776002e-01
1.887500000000220098e+03,1.761905354904250987e-01
1.887600000000220007e+03,1.758733842724865548e-01
1.887700000000219916e+03,1.755562339268073591e-01
1.887800000000220052e+03,1.752390844537332626e-01
1.887900000000220189e+03,1.749219358536112934e-01
1.888000000000220098e+03,1.746047881263204649e-01
1.888100000000220007e+03,1.740749764895354601e-01
1.888200000000220143e+03,1.735433005529779527e-01
1.888300000000220280e+03,1.730114358207108238e-01
1.888400000000220189e+03,1.724795678112920894e-01
1.888500000000220098e+03,1.719476965253158018e-01
1.888600000000220234e+03,1.714158219633753755e-01
1.888700000000220371e+03,1.708839441260671388e-01
1.888800000000220280e+03,1.703518891267958302e-01
1.888900000000220189e+03,1.698192329782151067e-01
1.889000000000220325e+03,1.692865784021704845e-01
1.889100000000220462e+03,1.685472543519442867e-01
1.889200000000220371e+03,1.678079069907174037e-01
1.889300000000220280e+03,1.670685363191936890e-01
1.889400000000220416e+03,1.663291423380775236e-01
1.889500000000220552e+03,1.655898206781556692e-01
1.889600000000220462e+03,1.648508502286527011e-01
1.889700000000220371e+03,1.641124550035642504e-01
1.889800000000220507e+03,1.633741697578964258e-01
1.889900000000220643e+03,1.626358502613512447e-01
1.890000000000220552e+03,1.618974965136290856e-01
1.890100000000220462e+03,1.609595235379498446e-01
1.890200000000220598e+03,1.600215222174695695e-01
1.890300000000220734e+03,1.590834925535450917e-01
1.890400000000220643e+03,1.581452265784943911e-01
1.890500000000220552e+03,1.572068286154502670e-01
1.890600000000220689e+03,1.562684060496305483e-01
1.890700000000220825e+03,1.553299588825115263e-01
1.890800000000220734e+03,1.543914871155691870e-01
1.890900000000220643e+03,1.534529907502758528e-01
1.891000000000220780e+03,1.525144697877116595e-01
1.891100000000220916e+03,1.513982382792254666e-01
1.891200000000220825e+03,1.502819442681560536e-01
1.891300000000220734e+03,1.491655877540043473e-01
1.891400000000220871e+03,1.480491687362705255e-01
1.891500000000221007e+03,1.469326872144611218e-01
1.891600000000220916e+03,1.458161431880818648e-01
1.891700000000220825e+03,1.446995366566341534e-01
1.891800000000220962e+03,1.435828676196191922e-01
1.891900000000221098e+03,1.424661360765434037e-01
1.892000000000221007e+03,1.413493420265678757e-01
1.892100000000220916e+03,1.400760921904758705e-01
1.892200000000221053e+03,1.388028051984701305e-01
1.892300000000221189e+03,1.375294810516277666e-01
1.892400000000221098e+03,1.362561197510253341e-01
1.892500000000221007e+03,1.349827212977339763e-01
1.892600000000221144e+03,1.337092856928250861e-01
1.892700000000221280e+03,1.324362206433405686e-01
1.892800000000221189e+03,1.311642445946020197e-01
1.892900000000221098e+03,1.298922015703554700e-01
1.893000000000221235e+03,1.286200095273901389e-01
1.893100000000221371e+03,1.272264114658425149e-01
1.893200000000221280e+03,1.258327163757942124e-01
1.893300000000221189e+03,1.244389242544301638e-01
1.893400000000221326e+03,1.230450350989352321e-01
1.893500000000221462e+03,1.216510489065003031e-01
1.893600000000221371e+03,1.202571535959404136e-01
1.893700000000221280e+03,1.188643646919863989e-01
1.893800000000221416e+03,1.174714460494372670e-01
1.893900000000221553e+03,1.160786613703695680e-01
1.894000000000221462e+03,1.146857733251692019e-01
1.894100000000221371e+03,1.132099092849703781e-01
1.894200000000221507e+03,1.117332923407280687e-01
1.894300000000221644e+03,1.102565024509614966e-01
1.894400000000221553e+03,1.087795396062800068e-01
1.894500000000221462e+03,1.073024037972860750e-01
1.894600000000221598e+03,1.058250950145817881e-01
1.894700000000221735e+03,1.043476132487759916e-01
1.894800000000221644e+03,1.028699584904772396e-01
1.894900000000221553e+03,1.013921307302874525e-01
1.895000000000221689e+03,9.991412995871573610e-02
1.895100000000221826e+03,9.839439529668787821e-02
1.895200000000221735e+03,9.687450778788588013e-02
1.895300000000221644e+03,9.535446742880016036e-02
1.895400000000221780e+03,9.383427421592195616e-02
1.895500000000221917e+03,9.231392814574872208e-02
1.895600000000221826e+03,9.079342921477871753e-02
1.895700000000221735e+03,8.927277741950317980e-02
1.895800000000221871e+03,8.775197275641385963e-02
1.895900000000222008e+03,8.623101522200939117e-02
1.896000000000221917e+03,8.470990481378058712e-02
1.896100000000221826e+03,8.363566722335413761e-02
1.896200000000221962e+03,8.256130047373910763e-02
1.896300000000222099e+03,8.148680455773982256e-02
1.896400000000222008e+03,8.041217946816074658e-02
1.896500000000221917e+03,7.933742519780094538e-02
1.896600000000222053e+03,7.826254173945988712e-02
1.896700000000222190e+03,7.718752908594123108e-02
1.896800000000222099e+03,7.611222593874623910e-02
1.896900000000222008e+03,7.503607746248569521e-02
1.897000000000222144e+03,7.395982498905050162e-02
1.897100000000222281e+03,7.497804362610625828e-02
1.897200000000222190e+03,7.599631747568613704e-02
1.897300000000222099e+03,7.701409023138171273e-02
1.897400000000222235e+03,7.803143984214927498e-02
1.897500000000222371e+03,7.904861714560433572e-02
1.897600000000222281e+03,8.006581765606782253e-02
1.897700000000222190e+03,8.108304136967878217e-02
1.897800000000222326e+03,8.210028828257612266e-02
1.897900000000222462e+03,8.311755839089368658e-02
1.898000000000222371e+03,8.413485169083333159e-02
1.898100000000222281e+03,8.518275944426857704e-02
1.898200000000222417e+03,8.623168442964904146e-02
1.898300000000222553e+03,8.728171656974038906e-02
1.898400000000222462e+03,8.833183064843706800e-02
1.898500000000222371e+03,8.938202666711264621e-02
1.898600000000222508e+03,9.043230462714080264e-02
1.898700000000222644e+03,9.148266452989006758e-02
1.898800000000222553e+03,9.253310637672916561e-02
1.898900000000222462e+03,9.358363016903127607e-02
1.899000000000222599e+03,9.463423590820667364e-02
1.899100000000222735e+03,9.570166826409939875e-02
1.899200000000222644e+03,9.676922450197025793e-02
1.899300000000222553e+03,9.783690462595409643e-02
1.899400000000222690e+03,9.890470864018531538e-02
1.899500000000222826e+03,9.997263654879399997e-02
1.899600000000222735e+03,1.010397489079051109e-01
1.899700000000222644e+03,1.021067173035886816e-01
1.899800000000222781e+03,1.031737845500045325e-01
1.899900000000222917e+03,1.042409506469227226e-01
1.900000000000222826e+03,1.053082155941049286e-01
1.900100000000222735e+03,1.063718640571602453e-01
1.900200000000222872e+03,1.074355804831722133e-01
1.900300000000223008e+03,1.084993648672981509e-01
1.900400000000222917e+03,1.095632172046957092e-01
1.900500000000222826e+03,1.106279984404908573e-01
1.900600000000222963e+03,1.116933749049413560e-01
1.900700000000223099e+03,1.127590967966781571e-01
1.900800000000223008e+03,1.138249176990928924e-01
1.900900000000222917e+03,1.148905618122444822e-01
1.901000000000223054e+03,1.159553783842205699e-01
1.901100000000223190e+03,1.169997734338347611e-01
1.901200000000223099e+03,1.180442540066193591e-01
1.901300000000223008e+03,1.190888201031046756e-01
1.901400000000223145e+03,1.201342244873609827e-01
1.901500000000223281e+03,1.211803893310453711e-01
1.901600000000223190e+03,1.222266642074558984e-01
1.901700000000223099e+03,1.232730491201314699e-01
1.901800000000223235e+03,1.243195440726107687e-01
1.901900000000223372e+03,1.253661490684273294e-01
1.902000000000223281e+03,1.264128641110173756e-01
1.902100000000223190e+03,1.274158903971742141e-01
1.902200000000223326e+03,1.284189825736052337e-01
1.902300000000223463e+03,1.294215259887591951e-01
1.902400000000223372e+03,1.304232157777213685e-01
1.902500000000223281e+03,1.314249479638298079e-01
1.902600000000223417e+03,1.324267225458473640e-01
1.902700000000223554e+03,1.334285395225325299e-01
1.902800000000223463e+03,1.344317236242834890e-01
1.902900000000223372e+03,1.354352234104225228e-01
1.903000000000223508e+03,1.364387890864444119e-01
1.903100000000223645e+03,1.373804315785051300e-01
1.903200000000223554e+03,1.383216975698471629e-01
1.903300000000223463e+03,1.392618454071278544e-01
1.903400000000223599e+03,1.402020418727799311e-01
1.903500000000223736e+03,1.411422869652546874e-01
1.903600000000223645e+03,1.420825806830030569e-01
1.903700000000223554e+03,1.430241155201125991e-01
1.903800000000223690e+03,1.439662024240620508e-01
1.903900000000223827e+03,1.449083600040530218e-01
1.904000000000223736e+03,1.458505882600664438e-01
1.904100000000223645e+03,1.467122370622103988e-01
1.904200000000223781e+03,1.475739897598591088e-01
1.904300000000223918e+03,1.484357508447474439e-01
1.904400000000223827e+03,1.492972846493578754e-01
1.904500000000223736e+03,1.501589174412812366e-01
1.904600000000223872e+03,1.510196191216871542e-01
1.904700000000224009e+03,1.518796632953391956e-01
1.904800000000223918e+03,1.527395748495558314e-01
1.904900000000223827e+03,1.535990774270403481e-01
1.905000000000223963e+03,1.544586510191673090e-01
1.905100000000224099e+03,1.552084120843303106e-01
1.905200000000224009e+03,1.559581992090116609e-01
1.905300000000223918e+03,1.567080123903928368e-01
1.905400000000224054e+03,1.574578516256559257e-01
1.905500000000224190e+03,1.582077169119789906e-01
1.905600000000224099e+03,1.589576082465402884e-01
1.905700000000224009e+03,1.597081699796733256e-01
1.905800000000224145e+03,1.604588456409616337e-01
1.905900000000224281e+03,1.612095541570738866e-01
1.906000000000224190e+03,1.619602955252339438e-01
1.906100000000224099e+03,1.625834064171143567e-01
1.906200000000224236e+03,1.632062017253361752e-01
1.906300000000224372e+03,1.638288910999297354e-01
1.906400000000224281e+03,1.644516006141123754e-01
1.906500000000224190e+03,1.650743302671972834e-01
1.906600000000224327e+03,1.656970800584981196e-01
1.906700000000224463e+03,1.663198499873252134e-01
1.906800000000224372e+03,1.669426400529891996e-01
1.906900000000224281e+03,1.675639600118930539e-01
1.907000000000224418e+03,1.681848128617396132e-01
1.907100000000224554e+03,1.686567996099718192e-01
1.907200000000224463e+03,1.691287808469927600e-01
1.907300000000224372e+03,1.696011421322879686e-01
1.907400000000224509e+03,1.700751075989939409e-01
1.907500000000224645e+03,1.705490786669441317e-01
1.907600000000224554e+03,1.710230588948499775e-01
1.907700000000224463e+03,1.714971116688107922e-01
1.907800000000224600e+03,1.719724392298673243e-01
1.907900000000224736e+03,1.724485294460583740e-01
1.908000000000224645e+03,1.729243223032452814e-01
1.908100000000224554e+03,1.732359811055423082e-01
1.908200000000224691e+03,1.735476531635281039e-01
1.908300000000224827e+03,1.738593384766227434e-01
1.908400000000224736e+03,1.741710370442462741e-01
1.908500000000224645e+03,1.744827488658201864e-01
1.908600000000224782e+03,1.747944739407658599e-01
1.908700000000224918e+03,1.751062122685033140e-01
1.908800000000224827e+03,1.754179638484522352e-01
1.908900000000224736e+03,1.757297286800337255e-01
1.909000000000224873e+03,1.760413304282672231e-01
1.909100000000225009e+03,1.761747177432552436e-01
1.909200000000224918e+03,1.763081134274063766e-01
1.909300000000224827e+03,1.764415174806885922e-01
1.909400000000224964e+03,1.765749299030694441e-01
1.909500000000225100e+03,1.767083506945165694e-01
1.909600000000225009e+03,1.768417798549970221e-01
1.909700000000224918e+03,1.769752173844788556e-01
1.909800000000225054e+03,1.771086632829296514e-01
1.909900000000225191e+03,1.772435075090665890e-01
1.910000000000225100e+03,1.773787897296529859e-01
1.910100000000225009e+03,1.773154389205487680e-01
1.910200000000225145e+03,1.772520872059308306e-01
1.910300000000225282e+03,1.771887345858968454e-01
1.910400000000225191e+03,1.771253810605443180e-01
1.910500000000225100e+03,1.770620266299704482e-01
1.910600000000225236e+03,1.769986712942724916e-01
1.910700000000225373e+03,1.769353150535483699e-01
1.910800000000225282e+03,1.768719579078951720e-01
1.910900000000225191e+03,1.768085998574104867e-01
1.911000000000225327e+03,1.767452409017424841e-01
1.911100000000225464e+03,1.764827834909341031e-01
1.911200000000225373e+03,1.762203207741192268e-01
1.911300000000225282e+03,1.759578527516457713e-01
1.911400000000225418e+03,1.756956101811909254e-01
1.911500000000225555e+03,1.754349203936117485e-01
1.911600000000225464e+03,1.751749097685048884e-01
1.911700000000225373e+03,1.749149102591356642e-01
1.911800000000225509e+03,1.746548979054070028e-01
1.911900000000225646e+03,1.743926351943501929e-01
1.912000000000225555e+03,1.741285193166536294e-01
1.912100000000225464e+03,1.736640672243315309e-01
1.912200000000225600e+03,1.731996021903159932e-01
1.912300000000225737e+03,1.727351242149606225e-01
1.912400000000225646e+03,1.722706332986185807e-01
1.912500000000225555e+03,1.718061294416409479e-01
1.912600000000225691e+03,1.713416126443793597e-01
1.912700000000225828e+03,1.708770829071871722e-01
1.912800000000225737e+03,1.704125402304179082e-01
1.912900000000225646e+03,1.699479846144231476e-01
1.913000000000225782e+03,1.694834160591012773e-01
1.913100000000225918e+03,1.688181885454889675e-01
1.913200000000225828e+03,1.681528470840364387e-01
1.913300000000225737e+03,1.674868394067394739e-01
1.913400000000225873e+03,1.668208279400160698e-01
1.913500000000226009e+03,1.661548126848724216e-01
1.913600000000225918e+03,1.654887936423151129e-01
1.913700000000225828e+03,1.648233287014886361e-01
1.913800000000225964e+03,1.641592235857721183e-01
1.913900000000226100e+03,1.634950990752214450e-01
1.914000000000226009e+03,1.628309551702779301e-01
1.914100000000225918e+03,1.619753870593378386e-01
1.914200000000226055e+03,1.611184297406169919e-01
1.914300000000226191e+03,1.602609470696605976e-01
1.914400000000226100e+03,1.594034625781284298e-01
1.914500000000226009e+03,1.585459762676238726e-01
1.914600000000226146e+03,1.576884881397506155e-01
1.914700000000226282e+03,1.568309981961167332e-01
1.914800000000226191e+03,1.559735064383299674e-01
1.914900000000226100e+03,1.551160128679942574e-01
1.915000000000226237e+03,1.542583286420801114e-01
1.915100000000226373e+03,1.532211021563739395e-01
1.915200000000226282e+03,1.521846467606511599e-01
1.915300000000226191e+03,1.511482301533969286e-01
1.915400000000226328e+03,1.501118523372727276e-01
1.915500000000226464e+03,1.490754604894747315e-01
1.915600000000226373e+03,1.480374259663214120e-01
1.915700000000226282e+03,1.469994545676433229e-01
1.915800000000226419e+03,1.459621335764347272e-01
1.915900000000226555e+03,1.449249425517531720e-01
1.916000000000226464e+03,1.438885902308187359e-01
1.916100000000226373e+03,1.427009950196480859e-01
1.916200000000226510e+03,1.415133881892351730e-01
1.916300000000226646e+03,1.403257697420761119e-01
1.916400000000226555e+03,1.391381396806669057e-01
1.916500000000226464e+03,1.379504980074988951e-01
1.916600000000226601e+03,1.367628447250631984e-01
1.916700000000226737e+03,1.355751798358563465e-01
1.916800000000226646e+03,1.343875033423749255e-01
1.916900000000226555e+03,1.331998152471107477e-01
1.917000000000226692e+03,1.320121155522694933e-01
1.917100000000226828e+03,1.306985303466148829e-01
1.917200000000226737e+03,1.293849076680019250e-01
1.917300000000226646e+03,1.280709749590049351e-01
1.917400000000226783e+03,1.267568883640579624e-01
1.917500000000226919e+03,1.254422323658176963e-01
1.917600000000226828e+03,1.241275583491028428e-01
1.917700000000226737e+03,1.228128663161971168e-01
1.917800000000226873e+03,1.214978616208243073e-01
1.917900000000227010e+03,1.201817287963207609e-01
1.918000000000226919e+03,1.188656087995607902e-01
1.918100000000226828e+03,1.174506039607629837e-01
1.918200000000226964e+03,1.160357298451576702e-01
1.918300000000227101e+03,1.146227115872933411e-01
1.918400000000227010e+03,1.132107300971024605e-01
1.918500000000226919e+03,1.117988130383412021e-01
1.918600000000227055e+03,1.103869604169451790e-01
1.918700000000227192e+03,1.089751722388556388e-01
1.918800000000227101e+03,1.075634485100131488e-01
1.918900000000227010e+03,1.061517892363518650e-01
1.919000000000227146e+03,1.047401944236802801e-01
1.919100000000227283e+03,1.032736180767673123e-01
1.919200000000227192e+03,1.018061166994127936e-01
1.919300000000227101e+03,1.003382916120929003e-01
1.919400000000227237e+03,9.887121117749236854e-02
1.919500000000227374e+03,9.740419918329015769e-02
1.919600000000227283e+03,9.593725563580543514e-02
1.919700000000227192e+03,9.447038054135022123e-02
1.919800000000227328e+03,9.300357390623666121e-02
1.919900000000227465e+03,9.153683573678338126e-02
1.920000000000227374e+03,9.007049393589128261e-02
1.920100000000227283e+03,8.859111918063566904e-02
1.920200000000227419e+03,8.711178538199233767e-02
1.920300000000227556e+03,8.563249254313963499e-02
1.920400000000227465e+03,8.415324066725538010e-02
1.920500000000227374e+03,8.267402975751080019e-02
1.920600000000227510e+03,8.119485981707705302e-02
1.920700000000227647e+03,7.971573084913165241e-02
1.920800000000227556e+03,7.823664285685244524e-02
1.920900000000227465e+03,7.675759584341021458e-02
1.921000000000227601e+03,7.527852693159134412e-02
1.921100000000227737e+03,7.559444407753293516e-02
1.921200000000227647e+03,7.591034528437447249e-02
1.921300000000227556e+03,7.622623055193882002e-02
1.921400000000227692e+03,7.654209988004892495e-02
1.921500000000227828e+03,7.685857413437120755e-02
1.921600000000227737e+03,7.717531785731229776e-02
1.921700000000227647e+03,7.749205303682195345e-02
1.921800000000227783e+03,7.780877967216326407e-02
1.921900000000227919e+03,7.812549776259773704e-02
1.922000000000227828e+03,7.844225670930797534e-02
1.922100000000227737e+03,7.943419062730892877e-02
1.922200000000227874e+03,8.042608301224696277e-02
1.922300000000228010e+03,8.141793385809566186e-02
1.922400000000227919e+03,8.240920227961529010e-02
1.922500000000227828e+03,8.339998699764893109e-02
1.922600000000227965e+03,8.439070695830891422e-02
1.922700000000228101e+03,8.538136215784342120e-02
1.922800000000228010e+03,8.637195259250082802e-02
1.922900000000227919e+03,8.736247825853395155e-02
1.923000000000228056e+03,8.835293915224085026e-02
1.923100000000228192e+03,8.936307219881195474e-02
1.923200000000228101e+03,9.037310782007934584e-02
1.923300000000228010e+03,9.138304601696801976e-02
1.923400000000228147e+03,9.239264762957437316e-02
1.923500000000228283e+03,9.340160754474313709e-02
1.923600000000228192e+03,9.441045316306910518e-02
1.923700000000228101e+03,9.541918448809050268e-02
1.923800000000228238e+03,9.642877997434309845e-02
1.923900000000228374e+03,9.743843383627862065e-02
1.924000000000228283e+03,9.844799702877796155e-02
1.924100000000228192e+03,9.946751941383731588e-02
1.924200000000228329e+03,1.004870236623155721e-01
1.924300000000228465e+03,1.015065097717327003e-01
1.924400000000228374e+03,1.025259777396088784e-01
1.924500000000228283e+03,1.035454275634686838e-01
1.924600000000228420e+03,1.045648592408369992e-01
1.924700000000228556e+03,1.055842727692339056e-01
1.924800000000228465e+03,1.066036681461794006e-01
1.924900000000228374e+03,1.076230453691984640e-01
1.925000000000228511e+03,1.086424044357893609e-01
1.925100000000228647e+03,1.096504326307348454e-01
1.925200000000228556e+03,1.106594863021627129e-01
1.925300000000228465e+03,1.116685131482604426e-01
1.925400000000228601e+03,1.126775131638259458e-01
1.925500000000228738e+03,1.136865619251885978e-01
1.925600000000228647e+03,1.146951493358209923e-01
1.925700000000228556e+03,1.157031727079555761e-01
1.925800000000228692e+03,1.167111537014821621e-01
1.925900000000228829e+03,1.177190923132858530e-01
1.926000000000228738e+03,1.187269885401813913e-01
1.926100000000228647e+03,1.197039847919484090e-01
1.926200000000228783e+03,1.206808870287936764e-01
1.926300000000228920e+03,1.216576952492670477e-01
1.926400000000228829e+03,1.226344094519182248e-01
1.926500000000228738e+03,1.236108461128682945e-01
1.926600000000228874e+03,1.245866597131278786e-01
1.926700000000229011e+03,1.255623681497091415e-01
1.926800000000228920e+03,1.265379714228848373e-01
1.926900000000228829e+03,1.275134695329321888e-01
1.927000000000228965e+03,1.284888624800355206e-01
1.927100000000229102e+03,1.294233259537884428e-01
1.927200000000229011e+03,1.303577651339971888e-01
1.927300000000228920e+03,1.312921800176473919e-01
1.927400000000229056e+03,1.322271113305377443e-01
1.927500000000229193e+03,1.331630398310361951e-01
1.927600000000229102e+03,1.340989658585195199e-01
1.927700000000229011e+03,1.350348894083540918e-01
1.927800000000229147e+03,1.359708104759051461e-01
1.927900000000229284e+03,1.369054717915831054e-01
1.928000000000229193e+03,1.378397663343227386e-01
1.928100000000229102e+03,1.387068476134809547e-01
1.928200000000229238e+03,1.395738909939407968e-01
1.928300000000229375e+03,1.404408964747142219e-01
1.928400000000229284e+03,1.413078640548129372e-01
1.928500000000229193e+03,1.421747937332532852e-01
1.928600000000229329e+03,1.430416855090510253e-01
1.928700000000229466e+03,1.439085393812185310e-01
1.928800000000229375e+03,1.447753553487680367e-01
1.928900000000229284e+03,1.456421334107160515e-01
1.929000000000229420e+03,1.465088786925095032e-01
1.929100000000229556e+03,1.472879281493393033e-01
1.929200000000229466e+03,1.480669213848293808e-01
1.929300000000229375e+03,1.488458583972789018e-01
1.929400000000229511e+03,1.496247391849867547e-01
1.929500000000229647e+03,1.504035637462487196e-01
1.929600000000229556e+03,1.511823320793604652e-01
1.929700000000229466e+03,1.519619796807049894e-01
1.929800000000229602e+03,1.527424272963582852e-01
1.929900000000229738e+03,1.535228368545564215e-01
1.930000000000229647e+03,1.543032083507484553e-01
1.930100000000229556e+03,1.549810517480426086e-01
1.930200000000229693e+03,1.556588849107381212e-01
1.930300000000229829e+03,1.563367078350350881e-01
1.930400000000229738e+03,1.570145205171334379e-01
1.930500000000229647e+03,1.576923229532361803e-01
1.930600000000229784e+03,1.583693799078879638e-01
1.930700000000229920e+03,1.590452983728013470e-01
1.930800000000229829e+03,1.597211908125155400e-01
1.930900000000229738e+03,1.603967785423695835e-01
1.931000000000229875e+03,1.610718866123042603e-01
1.931100000000230011e+03,1.616259318034107273e-01
1.931200000000229920e+03,1.621802903114824002e-01
1.931300000000229829e+03,1.627346460960469310e-01
1.931400000000229966e+03,1.632889991552524955e-01
1.931500000000230102e+03,1.638428367146458897e-01
1.931600000000230011e+03,1.643952599832410044e-01
1.931700000000229920e+03,1.649476676452523161e-01
1.931800000000230057e+03,1.655007853328415157e-01
1.931900000000230193e+03,1.660539179325171422e-01
1.932000000000230102e+03,1.666070399353993814e-01
1.932100000000230011e+03,1.670189958319197310e-01
1.932200000000230148e+03,1.674309468076344010e-01
1.932300000000230284e+03,1.678428928611810089e-01
1.932400000000230193e+03,1.682548339911968671e-01
1.932500000000230102e+03,1.686667701963213695e-01
1.932600000000230239e+03,1.690792860154060884e-01
1.932700000000230375e+03,1.694918887185549172e-01
1.932800000000230284e+03,1.699044897746770366e-01
1.932900000000230193e+03,1.703170891823621025e-01
1.933000000000230330e+03,1.707296869398317596e-01
1.933100000000230466e+03,1.709821326333325620e-01
1.933200000000230375e+03,1.712345696520476135e-01
1.933300000000230284e+03,1.714869979951061940e-01
1.933400000000230420e+03,1.717394176616373891e-01
1.933500000000230557e+03,1.719918286507691740e-01
1.933600000000230466e+03,1.722442309616294132e-01
1.933700000000230375e+03,1.724966245933476638e-01
1.933800000000230511e+03,1.727481120145624993e-01
1.933900000000230648e+03,1.729985983994522802e-01
1.934000000000230557e+03,1.732494307435678282e-01
1.934100000000230466e+03,1.733341061161158547e-01
1.934200000000230602e+03,1.734187815162211432e-01
1.934300000000230739e+03,1.735052415652873770e-01
1.934400000000230648e+03,1.735919475019844227e-01
1.934500000000230557e+03,1.736786554458957244e-01
1.934600000000230693e+03,1.737653653968851963e-01
1.934700000000230830e+03,1.738527177697763992e-01
1.934800000000230739e+03,1.739414656175241602e-01
1.934900000000230648e+03,1.740302174520124978e-01
1.935000000000230784e+03,1.741189732726926009e-01
1.935100000000230921e+03,1.740282177444967271e-01
1.935200000000230830e+03,1.739353765955396758e-01
1.935300000000230739e+03,1.738420244523479485e-01
1.935400000000230875e+03,1.737486690550703594e-01
1.935500000000231012e+03,1.736553104038225936e-01
1.935600000000230921e+03,1.735619484987197536e-01
1.935700000000230830e+03,1.734685833398770527e-01
1.935800000000230966e+03,1.733755981737622742e-01
1.935900000000231103e+03,1.732827208237438243e-01
1.936000000000231012e+03,1.731905327499790870e-01
1.936100000000230921e+03,1.729041936835352400e-01
1.936200000000231057e+03,1.726172932766637802e-01
1.936300000000231194e+03,1.723304046012032187e-01
1.936400000000231103e+03,1.720435276577278461e-01
1.936500000000231012e+03,1.717567758546007517e-01
1.936600000000231148e+03,1.714719264958324552e-01
1.936700000000231285e+03,1.711870821649999763e-01
1.936800000000231194e+03,1.709022428630898593e-01
1.936900000000231103e+03,1.706174085910867055e-01
1.937000000000231239e+03,1.703335585540581565e-01
1.937100000000231375e+03,1.698688612612397342e-01
1.937200000000231285e+03,1.694041232324742796e-01
1.937300000000231194e+03,1.689393444666826283e-01
1.937400000000231330e+03,1.684745249627854768e-01
1.937500000000231466e+03,1.680096647197059090e-01
1.937600000000231375e+03,1.675447637363674525e-01
1.937700000000231285e+03,1.670798220116903876e-01
1.937800000000231421e+03,1.666148395445967711e-01
1.937900000000231557e+03,1.661498163340094647e-01
1.938000000000231466e+03,1.656847523784202858e-01
1.938100000000231375e+03,1.650329557876369369e-01
1.938200000000231512e+03,1.643811026618493820e-01
1.938300000000231648e+03,1.637291929996081974e-01
1.938400000000231557e+03,1.630757064320947358e-01
1.938500000000231466e+03,1.624217920092163869e-01
1.938600000000231603e+03,1.617678363720718160e-01
1.938700000000231739e+03,1.611138395201198725e-01
1.938800000000231648e+03,1.604602387580774947e-01
1.938900000000231557e+03,1.598080248303697659e-01
1.939000000000231694e+03,1.591557543570095989e-01
1.939100000000231830e+03,1.583195309621944213e-01
1.939200000000231739e+03,1.574833049897381154e-01
1.939300000000231648e+03,1.566470764431730223e-01
1.939400000000231785e+03,1.558108453260307336e-01
1.939500000000231921e+03,1.549746116418476427e-01
1.939600000000231830e+03,1.541383753941595880e-01
1.939700000000231739e+03,1.533021365864987440e-01
1.939800000000231876e+03,1.524658952223972852e-01
1.939900000000232012e+03,1.516296513053909389e-01
1.940000000000231921e+03,1.507934048386534442e-01
1.940100000000231830e+03,1.498007125522654304e-01
1.940200000000231967e+03,1.488088592467982363e-01
1.940300000000232103e+03,1.478176903459542668e-01
1.940400000000232012e+03,1.468263997666065246e-01
1.940500000000231921e+03,1.458349875036539511e-01
1.940600000000232058e+03,1.448434535519956823e-01
1.940700000000232194e+03,1.438501605641199776e-01
1.940800000000232103e+03,1.428567263050393166e-01
1.940900000000232012e+03,1.418631936245975389e-01
1.941000000000232149e+03,1.408695625191739575e-01
1.941100000000232285e+03,1.397296596115379652e-01
1.941200000000232194e+03,1.385887238590526038e-01
1.941300000000232103e+03,1.374477257674638631e-01
1.941400000000232239e+03,1.363066653376533433e-01
1.941500000000232376e+03,1.351655425705078906e-01
1.941600000000232285e+03,1.340230345234088294e-01
1.941700000000232194e+03,1.328802467849346525e-01
1.941800000000232330e+03,1.317378688463964609e-01
1.941900000000232467e+03,1.305965916467454191e-01
1.942000000000232376e+03,1.294556754112300700e-01
1.942100000000232285e+03,1.281938201207720174e-01
1.942200000000232421e+03,1.269319348358571853e-01
1.942300000000232558e+03,1.256700195588395796e-01
1.942400000000232467e+03,1.244080742920730953e-01
1.942500000000232376e+03,1.231460990379064230e-01
1.942600000000232512e+03,1.218840937986880313e-01
1.942700000000232649e+03,1.206220585767727310e-01
1.942800000000232558e+03,1.193599933745152220e-01
1.942900000000232467e+03,1.180976893959859303e-01
1.943000000000232603e+03,1.168342024014453473e-01
1.943100000000232740e+03,1.154866956653035348e-01
1.943200000000232649e+03,1.141389423835863087e-01
1.943300000000232558e+03,1.127910774189773563e-01
1.943400000000232694e+03,1.114431007685287855e-01
1.943500000000232831e+03,1.100950124292992133e-01
1.943600000000232740e+03,1.087468123983475338e-01
1.943700000000232649e+03,1.073985006727268265e-01
1.943800000000232785e+03,1.060500772494901017e-01
1.943900000000232922e+03,1.047015421256972112e-01
1.944000000000232831e+03,1.033528952982796234e-01
1.944100000000232740e+03,1.019489214170016256e-01
1.944200000000232876e+03,1.005448799128466075e-01
1.944300000000233013e+03,9.914130033372023365e-02
1.944400000000232922e+03,9.773825719445079774e-02
1.944500000000232831e+03,9.633511365052911668e-02
1.944600000000232967e+03,9.493186970241204725e-02
1.944700000000233103e+03,9.352852535056302430e-02
1.944800000000233013e+03,9.212412032483731361e-02
1.944900000000232922e+03,9.071953068817699417e-02
1.945000000000233058e+03,8.931487344762517600e-02
1.945100000000233194e+03,8.789394740869650724e-02
1.945200000000233103e+03,8.647299250481219057e-02
1.945300000000233013e+03,8.505200873782611803e-02
1.945400000000233149e+03,8.363099610959236208e-02
1.945500000000233285e+03,8.220995462197144832e-02
1.945600000000233194e+03,8.078888427682441586e-02
1.945700000000233103e+03,7.936920007694257817e-02
1.945800000000233240e+03,7.794986668734221746e-02
1.945900000000233376e+03,7.653043807917569996e-02
1.946000000000233285e+03,7.511091425586836900e-02
1.946100000000233194e+03,7.522771729942279162e-02
1.946200000000233331e+03,7.534382942758298396e-02
1.946300000000233467e+03,7.545995305523972574e-02
1.946400000000233376e+03,7.557608818283530205e-02
1.946500000000233285e+03,7.569223481081242821e-02
1.946600000000233422e+03,7.580847460507721125e-02
1.946700000000233558e+03,7.592494655988824004e-02
1.946800000000233467e+03,7.604143094007792536e-02
1.946900000000233376e+03,7.615776782429585501e-02
1.947000000000233513e+03,7.627393082958475179e-02
1.947100000000233649e+03,7.722402023485622213e-02
1.947200000000233558e+03,7.817417441612270479e-02
1.947300000000233467e+03,7.912439337263163508e-02
1.947400000000233604e+03,8.007467710363010138e-02
1.947500000000233740e+03,8.102550314382508945e-02
1.947600000000233649e+03,8.197687878097738301e-02
1.947700000000233558e+03,8.292835869294604145e-02
1.947800000000233695e+03,8.388028888278355188e-02
1.947900000000233831e+03,8.483231464309066994e-02
1.948000000000233740e+03,8.578376541700311053e-02
1.948100000000233649e+03,8.675586188732348214e-02
1.948200000000233786e+03,8.772802714574440275e-02
1.948300000000233922e+03,8.870026119238440254e-02
1.948400000000233831e+03,8.967217093119839166e-02
1.948500000000233740e+03,9.064348059377687339e-02
1.948600000000233877e+03,9.161483640052059396e-02
1.948700000000234013e+03,9.258623835072365971e-02
1.948800000000233922e+03,9.355768644368035736e-02
1.948900000000233831e+03,9.453007523598805362e-02
1.949000000000233968e+03,9.550273911688042516e-02
1.949100000000234104e+03,9.648537421808020542e-02
1.949200000000234013e+03,9.746811082117014247e-02
1.949300000000233922e+03,9.845094892843633816e-02
1.949400000000234058e+03,9.943388854216450579e-02
1.949500000000234195e+03,1.004169296646352655e-01
1.949600000000234104e+03,1.014000722981289598e-01
1.949700000000234013e+03,1.023833164449300115e-01
1.949800000000234149e+03,1.033658400419572854e-01
1.949900000000234286e+03,1.043480621242310752e-01
1.950000000000234195e+03,1.053303628363557870e-01
1.950100000000234104e+03,1.063053072673744021e-01
1.950200000000234240e+03,1.072803103037166805e-01
1.950300000000234377e+03,1.082553719448743484e-01
1.950400000000234286e+03,1.092304921903386322e-01
1.950500000000234195e+03,1.102056710396052686e-01
1.950600000000234331e+03,1.111806554263954500e-01
1.950700000000234468e+03,1.121563519585968421e-01
1.950800000000234377e+03,1.131327046878962683e-01
1.950900000000234286e+03,1.141091331703109335e-01
1.951000000000234422e+03,1.150856374058768228e-01
1.951100000000234559e+03,1.160394996957949398e-01
1.951200000000234468e+03,1.169930967115239556e-01
1.951300000000234377e+03,1.179467527111053432e-01
1.951400000000234513e+03,1.189004676937674976e-01
1.951500000000234650e+03,1.198542416587345394e-01
1.951600000000234559e+03,1.208074784488259029e-01
1.951700000000234468e+03,1.217599457138977131e-01
1.951800000000234604e+03,1.227124497759840699e-01
1.951900000000234741e+03,1.236649906337961430e-01
1.952000000000234650e+03,1.246181119357003125e-01
1.952100000000234559e+03,1.255339221395603000e-01
1.952200000000234695e+03,1.264498022032809754e-01
1.952300000000234832e+03,1.273657521261745140e-01
1.952400000000234741e+03,1.282816618831277289e-01
1.952500000000234650e+03,1.291969393780411091e-01
1.952600000000234786e+03,1.301112038473226096e-01
1.952700000000234922e+03,1.310255116216415827e-01
1.952800000000234832e+03,1.319398626982216105e-01
1.952900000000234741e+03,1.328542570742899942e-01
1.953000000000234877e+03,1.337698322116243344e-01
1.953100000000235013e+03,1.346280029929860511e-01
1.953200000000234922e+03,1.354862161543334553e-01
1.953300000000234832e+03,1.363444716952842140e-01
1.953400000000234968e+03,1.372027696154559939e-01
1.953500000000235104e+03,1.380611099144621046e-01
1.953600000000235013e+03,1.389194925919160495e-01
1.953700000000234922e+03,1.397781879066996302e-01
1.953800000000235059e+03,1.406369367838322670e-01
1.953900000000235195e+03,1.414957314516847864e-01
1.954000000000235104e+03,1.423545719098998907e-01
1.954100000000235013e+03,1.431380551544182145e-01
1.954200000000235150e+03,1.439215752984611130e-01
1.954300000000235286e+03,1.447051323414200452e-01
1.954400000000235195e+03,1.454887262826865535e-01
1.954500000000235104e+03,1.462723571216552609e-01
1.954600000000235241e+03,1.470560248577204299e-01
1.954700000000235377e+03,1.478397294902732695e-01
1.954800000000235286e+03,1.486226555753606404e-01
1.954900000000235195e+03,1.494046878727516570e-01
1.955000000000235332e+03,1.501867388293992855e-01
1.955100000000235468e+03,1.508777873191683994e-01
1.955200000000235377e+03,1.515688663145206283e-01
1.955300000000235286e+03,1.522599758135305958e-01
1.955400000000235423e+03,1.529511158142725091e-01
1.955500000000235559e+03,1.536422863148171891e-01
1.955600000000235468e+03,1.543334873132350404e-01
1.955700000000235377e+03,1.550253356972508267e-01
1.955800000000235514e+03,1.557184158521839890e-01
1.955900000000235650e+03,1.564115426182048352e-01
1.956000000000235559e+03,1.571047159941824645e-01
1.956100000000235468e+03,1.576846711466570738e-01
1.956200000000235605e+03,1.582646446542755325e-01
1.956300000000235741e+03,1.588446365155891937e-01
1.956400000000235650e+03,1.594246467291493274e-01
1.956500000000235559e+03,1.600046752935094796e-01
1.956600000000235696e+03,1.605851191178812587e-01
1.956700000000235832e+03,1.611670645228331089e-01
1.956800000000235741e+03,1.617490417544811543e-01
1.956900000000235650e+03,1.623310508115479445e-01
1.957000000000235787e+03,1.629130916924594330e-01
1.957100000000235923e+03,1.633676976631034949e-01
1.957200000000235832e+03,1.638213839280531769e-01
1.957300000000235741e+03,1.642750286114940672e-01
1.957400000000235877e+03,1.647286893915130557e-01
1.957500000000236014e+03,1.651823662674593296e-01
1.957600000000235923e+03,1.656360592386810493e-01
1.957700000000235832e+03,1.660897683045284290e-01
1.957800000000235968e+03,1.665434934643522658e-01
1.957900000000236105e+03,1.669972347175007754e-01
1.958000000000236014e+03,1.674520031590608637e-01
1.958100000000235923e+03,1.677653236342304399e-01
1.958200000000236059e+03,1.680786615314817656e-01
1.958300000000236196e+03,1.683920168503038883e-01
1.958400000000236105e+03,1.687053895901852729e-01
1.958500000000236014e+03,1.690187797506156331e-01
1.958600000000236150e+03,1.693321873310849601e-01
1.958700000000236287e+03,1.696456123310811359e-01
1.958800000000236196e+03,1.699590547500924309e-01
1.958900000000236105e+03,1.702725145876082535e-01
1.959000000000236241e+03,1.705859918427428956e-01
1.959100000000236378e+03,1.707409575446254546e-01
1.959200000000236287e+03,1.708959259806833164e-01
1.959300000000236196e+03,1.710508971500397379e-01
1.959400000000236332e+03,1.712058710518171989e-01
1.959500000000236469e+03,1.713608476851378182e-01
1.959600000000236378e+03,1.715158270491239922e-01
1.959700000000236287e+03,1.716708091428976179e-01
1.959800000000236423e+03,1.718255805946647119e-01
1.959900000000236560e+03,1.719795459333010312e-01
1.960000000000236469e+03,1.721335122318234934e-01
1.960100000000236378e+03,1.721238090992221470e-01
1.960200000000236514e+03,1.721141054115458702e-01
1.960300000000236651e+03,1.721044011688106223e-01
1.960400000000236560e+03,1.720946963710326683e-01
1.960500000000236469e+03,1.720849910182277731e-01
1.960600000000236605e+03,1.720752851104123404e-01
1.960700000000236741e+03,1.720658396229451936e-01
1.960800000000236651e+03,1.720581367690201813e-01
1.960900000000236560e+03,1.720504330872880683e-01
1.961000000000236696e+03,1.720427285773381831e-01
1.961100000000236832e+03,1.718587532119086880e-01
1.961200000000236741e+03,1.716736423113392751e-01
1.961300000000236651e+03,1.714876614813626299e-01
1.961400000000236787e+03,1.713016803499954333e-01
1.961500000000236923e+03,1.711156989178273802e-01
1.961600000000236832e+03,1.709297171854491926e-01
1.961700000000236741e+03,1.707437351534500103e-01
1.961800000000236878e+03,1.705577528224193895e-01
1.961900000000237014e+03,1.703717701929474970e-01
1.962000000000236923e+03,1.701857872652063619e-01
1.962100000000236832e+03,1.698224571759981982e-01
1.962200000000236969e+03,1.694580148045722323e-01
1.962300000000237105e+03,1.690935774814722736e-01
1.962400000000237014e+03,1.687291452078795995e-01
1.962500000000236923e+03,1.683647179849741271e-01
1.962600000000237060e+03,1.680002958139360236e-01
1.962700000000237196e+03,1.676358786959463443e-01
1.962800000000237105e+03,1.672714666321871158e-01
1.962900000000237014e+03,1.669066487331007098e-01
1.963000000000237151e+03,1.665414927516444543e-01
1.963100000000237287e+03,1.660002824711589164e-01
1.963200000000237196e+03,1.654590795986642937e-01
1.963300000000237105e+03,1.649178841354743963e-01
1.963400000000237242e+03,1.643766960829028401e-01
1.963500000000237378e+03,1.638355154422662108e-01
1.963600000000237287e+03,1.632943422148802892e-01
1.963700000000237196e+03,1.627532695440194743e-01
1.963800000000237333e+03,1.622128461268709798e-01
1.963900000000237469e+03,1.616724252193034728e-01
1.964000000000237378e+03,1.611320068223339452e-01
1.964100000000237287e+03,1.604160442792294805e-01
1.964200000000237424e+03,1.596999490407922939e-01
1.964300000000237560e+03,1.589837383493631906e-01
1.964400000000237469e+03,1.582675641206089112e-01
1.964500000000237378e+03,1.575514263574804563e-01
1.964600000000237515e+03,1.568353250629287710e-01
1.964700000000237651e+03,1.561192602399082696e-01
1.964800000000237560e+03,1.554031443216349062e-01
1.964900000000237469e+03,1.546853513491801280e-01
1.965000000000237605e+03,1.539676115329091932e-01
1.965100000000237742e+03,1.530921525422733465e-01
1.965200000000237651e+03,1.522167101533156708e-01
1.965300000000237560e+03,1.513429896824147192e-01
1.965400000000237696e+03,1.504710755895760088e-01
1.965500000000237833e+03,1.495991374025770759e-01
1.965600000000237742e+03,1.487271751230202499e-01
1.965700000000237651e+03,1.478551887525044461e-01
1.965800000000237787e+03,1.469831782926286912e-01
1.965900000000237924e+03,1.461111437449962303e-01
1.966000000000237833e+03,1.452390851108507908e-01
1.966100000000237742e+03,1.442158016721128699e-01
1.966200000000237878e+03,1.431925478547771136e-01
1.966300000000238015e+03,1.421693236621540679e-01
1.966400000000237924e+03,1.411471959665603348e-01
1.966500000000237833e+03,1.401251954357241591e-01
1.966600000000237969e+03,1.391032074342621050e-01
1.966700000000238106e+03,1.380812319659708853e-01
1.966800000000238015e+03,1.370592690346469356e-01
1.966900000000237924e+03,1.360373186440818616e-01
1.967000000000238060e+03,1.350153807977683695e-01
1.967100000000238197e+03,1.338674022583306311e-01
1.967200000000238106e+03,1.327190897172157991e-01
1.967300000000238015e+03,1.315707742791695778e-01
1.967400000000238151e+03,1.304224559502427938e-01
1.967500000000238288e+03,1.292741347364910476e-01
1.967600000000238197e+03,1.281258106439709110e-01
1.967700000000238106e+03,1.269772001860304811e-01
1.967800000000238242e+03,1.258281224608645554e-01
1.967900000000238379e+03,1.246790793608573977e-01
1.968000000000238288e+03,1.235305829643805614e-01
1.968100000000238197e+03,1.222814863277103120e-01
1.968200000000238333e+03,1.210323557930176319e-01
1.968300000000238470e+03,1.197831913627255829e-01
1.968400000000238379e+03,1.185339930392574348e-01
1.968500000000238288e+03,1.172847608250311008e-01
1.968600000000238424e+03,1.160354947224647992e-01
1.968700000000238560e+03,1.147861947339825217e-01
1.968800000000238470e+03,1.135368608620087316e-01
1.968900000000238379e+03,1.122874931089622857e-01
1.969000000000238515e+03,1.110380914770765226e-01
1.969100000000238651e+03,1.097107478265172409e-01
1.969200000000238560e+03,1.083834744001815897e-01
1.969300000000238470e+03,1.070562712046602138e-01
1.969400000000238606e+03,1.057286435652575046e-01
1.969500000000238742e+03,1.044003717243499052e-01
1.969600000000238651e+03,1.030722010564620594e-01
1.969700000000238560e+03,1.017441315646508276e-01
1.969800000000238697e+03,1.004161632519724734e-01
1.969900000000238833e+03,9.908829612148931099e-02
1.970000000000238742e+03,9.776053017618090146e-02
1.970100000000238651e+03,9.639838774497118401e-02
1.970200000000238788e+03,9.503619676720033438e-02
1.970300000000238924e+03,9.367395724469411433e-02
1.970400000000238833e+03,9.231166917927889626e-02
1.970500000000238742e+03,9.094933257277486305e-02
1.970600000000238879e+03,8.958694742700284985e-02
1.970700000000239015e+03,8.822451374378975641e-02
1.970800000000238924e+03,8.686274741322162762e-02
1.970900000000238833e+03,8.550120074448711027e-02
1.971000000000238970e+03,8.413957381935592561e-02
1.971100000000239106e+03,8.277023496686304604e-02
1.971200000000239015e+03,8.140092947261398648e-02
1.971300000000238924e+03,8.003165734170855639e-02
1.971400000000239061e+03,7.866241857924657910e-02
1.971500000000239197e+03,7.729321319033391480e-02
1.971600000000239106e+03,7.592404118007649305e-02
1.971700000000239015e+03,7.455490255357409557e-02
1.971800000000239152e+03,7.318579731592635140e-02
1.971900000000239288e+03,7.181672547223927339e-02
1.972000000000239197e+03,7.044768703253044551e-02
1.972100000000239106e+03,7.113209478968642030e-02
1.972200000000239243e+03,7.181650876800702021e-02
1.972300000000239379e+03,7.250092896497375983e-02
1.972400000000239288e+03,7.318535537806805658e-02
1.972500000000239197e+03,7.386978800477407570e-02
1.972600000000239334e+03,7.455422684257588528e-02
1.972700000000239470e+03,7.523867188895433378e-02
1.972800000000239379e+03,7.592312314139010310e-02
1.972900000000239288e+03,7.660758059736667847e-02
1.973000000000239424e+03,7.729204425491974229e-02
1.973100000000239561e+03,7.820710774478466243e-02
1.973200000000239470e+03,7.912223515962239773e-02
1.973300000000239379e+03,8.003742650041752171e-02
1.973400000000239515e+03,8.095268176815439976e-02
1.973500000000239652e+03,8.186769599848903178e-02
1.973600000000239561e+03,8.278211234404710128e-02
1.973700000000239470e+03,8.369657133538933869e-02
1.973800000000239606e+03,8.461107297201003741e-02
1.973900000000239743e+03,8.552561725339931364e-02
1.974000000000239652e+03,8.644020417907775922e-02
1.974100000000239561e+03,8.736762410619160202e-02
1.974200000000239697e+03,8.829498352338656375e-02
1.974300000000239834e+03,8.922228242823913857e-02
1.974400000000239743e+03,9.014972099097000313e-02
1.974500000000239652e+03,9.107787551253847258e-02
1.974600000000239788e+03,9.200530591163860739e-02
1.974700000000239925e+03,9.293269580346988357e-02
1.974800000000239834e+03,9.386020398690671229e-02
1.974900000000239743e+03,9.478697071956136699e-02
1.975000000000239879e+03,9.571325677328409998e-02
1.975100000000240016e+03,9.665145243424300148e-02
1.975200000000239925e+03,9.758970680471912296e-02
1.975300000000239834e+03,9.852801988466380889e-02
1.975400000000239970e+03,9.946639167402820947e-02
1.975500000000240107e+03,1.004048221727588813e-01
1.975600000000240016e+03,1.013433113808019925e-01
1.975700000000239925e+03,1.022818592981078606e-01
1.975800000000240061e+03,1.032204659246261091e-01
1.975900000000240198e+03,1.041591312603019764e-01
1.976000000000240107e+03,1.050978553050498643e-01
1.976100000000240016e+03,1.060238163908973907e-01
1.976200000000240152e+03,1.069497498458131246e-01
1.976300000000240289e+03,1.078756556670401601e-01
1.976400000000240198e+03,1.088015338518219799e-01
1.976500000000240107e+03,1.097268596333490775e-01
1.976600000000240243e+03,1.106520467326646967e-01
1.976700000000240379e+03,1.115776728790479205e-01
1.976800000000240289e+03,1.125040966929609920e-01
1.976900000000240198e+03,1.134305038268500626e-01
1.977000000000240334e+03,1.143568942771585883e-01
1.977100000000240470e+03,1.152629890503888699e-01
1.977200000000240379e+03,1.161680156647726531e-01
1.977300000000240289e+03,1.170727740882677587e-01
1.977400000000240425e+03,1.179775286458936145e-01
1.977500000000240561e+03,1.188822793353213891e-01
1.977600000000240470e+03,1.197873582773872070e-01
1.977700000000240379e+03,1.206935081271859889e-01
1.977800000000240516e+03,1.215996751572723522e-01
1.977900000000240652e+03,1.225058593651814631e-01
1.978000000000240561e+03,1.234120607483634585e-01
1.978100000000240470e+03,1.242828022092490742e-01
1.978200000000240607e+03,1.251535926304273849e-01
1.978300000000240743e+03,1.260241999948137070e-01
1.978400000000240652e+03,1.268948344941834006e-01
1.978500000000240561e+03,1.277653524855354161e-01
1.978600000000240698e+03,1.286345802159496732e-01
1.978700000000240834e+03,1.295038332144378412e-01
1.978800000000240743e+03,1.303731114792652523e-01
1.978900000000240652e+03,1.312420444827708810e-01
1.979000000000240789e+03,1.321107723787569854e-01
1.979100000000240925e+03,1.329217524160860031e-01
1.979200000000240834e+03,1.337326991004445520e-01
1.979300000000240743e+03,1.345436124309331294e-01
1.979400000000240880e+03,1.353544924066523714e-01
1.979500000000241016e+03,1.361653390266992780e-01
1.979600000000240925e+03,1.369761522901707940e-01
1.979700000000240834e+03,1.377870610277719676e-01
1.979800000000240971e+03,1.385984277754842009e-01
1.979900000000241107e+03,1.394097609881819744e-01
1.980000000000241016e+03,1.402210679989684128e-01
1.980100000000240925e+03,1.409672648613614909e-01
1.980200000000241062e+03,1.417134916233671604e-01
1.980300000000241198e+03,1.424597482826942541e-01
1.980400000000241107e+03,1.432060348370516878e-01
1.980500000000241016e+03,1.439523512841515140e-01
1.980600000000241153e+03,1.446986976217055354e-01
1.980700000000241289e+03,1.454450738474217242e-01
1.980800000000241198e+03,1.461909939222180155e-01
1.980900000000241107e+03,1.469357178163275268e-01
1.981000000000241243e+03,1.476804542211857529e-01
1.981100000000241380e+03,1.483355865580263389e-01
1.981200000000241289e+03,1.489907017169920245e-01
1.981300000000241198e+03,1.496483109021641555e-01
1.981400000000241334e+03,1.503069004724378321e-01
1.981500000000241471e+03,1.509655034295177278e-01
1.981600000000241380e+03,1.516241197713115996e-01
1.981700000000241289e+03,1.522827494957291750e-01
1.981800000000241425e+03,1.529413926006808755e-01
1.981900000000241562e+03,1.536000490840735422e-01
1.982000000000241471e+03,1.542587189435767336e-01
1.982100000000241380e+03,1.548192761814591034e-01
1.982200000000241516e+03,1.553798744095150619e-01
1.982300000000241653e+03,1.559405136259303937e-01
1.982400000000241562e+03,1.565011938288905780e-01
1.982500000000241471e+03,1.570619150165831757e-01
1.982600000000241607e+03,1.576226771871954702e-01
1.982700000000241744e+03,1.581834803389117194e-01
1.982800000000241653e+03,1.587443244699164313e-01
1.982900000000241562e+03,1.593052095783953903e-01
1.983000000000241698e+03,1.598661356622403384e-01
1.983100000000241835e+03,1.603038948436261990e-01
1.983200000000241744e+03,1.607403148684017347e-01
1.983300000000241653e+03,1.611767290627287019e-01
1.983400000000241789e+03,1.616131374256943865e-01
1.983500000000241926e+03,1.620495399563840477e-01
1.983600000000241835e+03,1.624859366538830285e-01
1.983700000000241744e+03,1.629223275172784480e-01
1.983800000000241880e+03,1.633587125456572309e-01
1.983900000000242017e+03,1.637955794964177647e-01
1.984000000000241926e+03,1.642331665104926064e-01
1.984100000000241835e+03,1.645470112712484334e-01
1.984200000000241971e+03,1.648608846737640299e-01
1.984300000000242107e+03,1.651747867180233253e-01
1.984400000000242017e+03,1.654887174040100550e-01
1.984500000000241926e+03,1.658026767317089811e-01
1.984600000000242062e+03,1.661166647011050879e-01
1.984700000000242198e+03,1.664306813121808615e-01
1.984800000000242107e+03,1.667447265649199262e-01
1.984900000000242017e+03,1.670588004593064058e-01
1.985000000000242153e+03,1.673729029949580227e-01
1.985100000000242289e+03,1.675358453481108345e-01
1.985200000000242198e+03,1.676987879764803846e-01
1.985300000000242107e+03,1.678613122078922992e-01
1.985400000000242244e+03,1.680223374790726920e-01
1.985500000000242380e+03,1.681826535565953407e-01
1.985600000000242289e+03,1.683429648388538313e-01
1.985700000000242198e+03,1.685032713253411252e-01
1.985800000000242335e+03,1.686635730155505997e-01
1.985900000000242471e+03,1.688238699089744665e-01
1.986000000000242380e+03,1.689841620047476956e-01
1.986100000000242289e+03,1.689969915830383806e-01
1.986200000000242426e+03,1.690098213344292943e-01
1.986300000000242562e+03,1.690226512588685615e-01
1.986400000000242471e+03,1.690354813563037795e-01
1.986500000000242380e+03,1.690483116266822405e-01
1.986600000000242517e+03,1.690611420699517364e-01
1.986700000000242653e+03,1.690739726860597814e-01
1.986800000000242562e+03,1.690886632796305689e-01
1.986900000000242471e+03,1.691034619190810440e-01
1.987000000000242608e+03,1.691182610752033633e-01
1.987100000000242744e+03,1.689718074167886053e-01
1.987200000000242653e+03,1.688260922058390789e-01
1.987300000000242562e+03,1.686815818000267919e-01
1.987400000000242699e+03,1.685370586494072120e-01
1.987500000000242835e+03,1.683925227540863656e-01
1.987600000000242744e+03,1.682479741141706397e-01
1.987700000000242653e+03,1.681034127297651726e-01
1.987800000000242790e+03,1.679588386009755741e-01
1.987900000000242926e+03,1.678142517279085921e-01
1.988000000000242835e+03,1.676696521102574722e-01
1.988100000000242744e+03,1.673550684547061018e-01
1.988200000000242881e+03,1.670404770728336208e-01
1.988300000000243017e+03,1.667258779658192525e-01
1.988400000000242926e+03,1.664112711348421370e-01
1.988500000000242835e+03,1.660966565810803042e-01
1.988600000000242972e+03,1.657820343057119783e-01
1.988700000000243108e+03,1.654674043099163550e-01
1.988800000000243017e+03,1.651527665948732404e-01
1.988900000000242926e+03,1.648381211617607756e-01
1.989000000000243062e+03,1.645234680113762671e-01
1.989100000000243199e+03,1.640520090552944898e-01
1.989200000000243108e+03,1.635804881087002394e-01
1.989300000000243017e+03,1.631089051707168558e-01
1.989400000000243153e+03,1.626372602404678180e-01
1.989500000000243290e+03,1.621655533170790198e-01
1.989600000000243199e+03,1.616937843996771318e-01
1.989700000000243108e+03,1.612219534873863547e-01
1.989800000000243244e+03,1.607500605793321102e-01
1.989900000000243381e+03,1.602781056746415411e-01
1.990000000000243290e+03,1.598042434084499253e-01
1.990100000000243199e+03,1.591604970130023611e-01
1.990200000000243335e+03,1.585167531523840878e-01
1.990300000000243472e+03,1.578730118284338846e-01
1.990400000000243381e+03,1.572292730429898922e-01
1.990500000000243290e+03,1.565855367978873369e-01
1.990600000000243426e+03,1.559418030949619172e-01
1.990700000000243563e+03,1.552980719360518569e-01
1.990800000000243472e+03,1.546543433229959352e-01
1.990900000000243381e+03,1.540090704055664672e-01
1.991000000000243517e+03,1.533635695028059409e-01
1.991100000000243654e+03,1.525702840698576201e-01
1.991200000000243563e+03,1.517769522524057280e-01
1.991300000000243472e+03,1.509835740590761144e-01
1.991400000000243608e+03,1.501901494984937968e-01
1.991500000000243745e+03,1.493966785792875673e-01
1.991600000000243654e+03,1.486031613100866899e-01
1.991700000000243563e+03,1.478095976995159599e-01
1.991800000000243699e+03,1.470159877562008666e-01
1.991900000000243836e+03,1.462223314887701742e-01
1.992000000000243745e+03,1.454286289054953774e-01
1.992100000000243654e+03,1.444884246251470217e-01
1.992200000000243790e+03,1.435482175356342649e-01
1.992300000000243926e+03,1.426081008027678676e-01
1.992400000000243836e+03,1.416681690953191242e-01
1.992500000000243745e+03,1.407282308521622116e-01
1.992600000000243881e+03,1.397882860767621638e-01
1.992700000000244017e+03,1.388483347725884554e-01
1.992800000000243926e+03,1.379083769431104778e-01
1.992900000000243836e+03,1.369685052160248828e-01
1.993000000000243972e+03,1.360296719366734519e-01
1.993100000000244108e+03,1.349690765452612462e-01
1.993200000000244017e+03,1.339083960127095407e-01
1.993300000000243926e+03,1.328476303493827670e-01
1.993400000000244063e+03,1.317867795656449958e-01
1.993500000000244199e+03,1.307258436718654881e-01
1.993600000000244108e+03,1.296648226784142544e-01
1.993700000000244017e+03,1.286037165956564199e-01
1.993800000000244154e+03,1.275425254339577763e-01
1.993900000000244290e+03,1.264812492036889446e-01
1.994000000000244199e+03,1.254198879149523715e-01
1.994100000000244108e+03,1.242497998288860095e-01
1.994200000000244245e+03,1.230798242245527280e-01
1.994300000000244381e+03,1.219098312087293079e-01
1.994400000000244290e+03,1.207398207843688731e-01
1.994500000000244199e+03,1.195697929544196486e-01
1.994600000000244336e+03,1.183997477218299843e-01
1.994700000000244472e+03,1.172296850895542530e-01
1.994800000000244381e+03,1.160596050605463420e-01
1.994900000000244290e+03,1.148891418127884201e-01
1.995000000000244427e+03,1.137185159506330090e-01
1.995100000000244563e+03,1.124756330908106561e-01
1.995200000000244472e+03,1.112325848157454389e-01
1.995300000000244381e+03,1.099893711261772655e-01
1.995400000000244518e+03,1.087459920228475846e-01
1.995500000000244654e+03,1.075024475065039231e-01
1.995600000000244563e+03,1.062587375778953069e-01
1.995700000000244472e+03,1.050149984656399416e-01
1.995800000000244609e+03,1.037714258374687337e-01
1.995900000000244745e+03,1.025276765337811979e-01
1.996000000000244654e+03,1.012837505529813886e-01
1.996100000000244563e+03,9.998206705607462497e-02
1.996200000000244700e+03,9.868039308296110146e-02
1.996300000000244836e+03,9.737872863766015852e-02
1.996400000000244745e+03,9.607707372419152514e-02
1.996500000000244654e+03,9.477542834656899062e-02
1.996600000000244790e+03,9.347379250880639978e-02
1.996700000000244927e+03,9.217216621492405060e-02
1.996800000000244836e+03,9.087054946894183860e-02
1.996900000000244745e+03,8.956894227487426086e-02
1.997000000000244881e+03,8.826720799624608593e-02
1.997100000000245018e+03,8.695213798341673572e-02
1.997200000000244927e+03,8.563693734590324680e-02
1.997300000000244836e+03,8.432160608971846216e-02
1.997400000000244972e+03,8.300614422087618238e-02
1.997500000000245109e+03,8.169055174539692488e-02
1.997600000000245018e+03,8.037482866930176217e-02
1.997700000000244927e+03,7.905933726826452901e-02
1.997800000000245063e+03,7.774425156481638843e-02
1.997900000000245200e+03,7.642900465064993154e-02
1.998000000000245109e+03,7.511359652976228041e-02
1.998100000000245018e+03,7.483043602485570100e-02
1.998200000000245154e+03,7.454798377402985232e-02
1.998300000000245291e+03,7.426566272663646939e-02
1.998400000000245200e+03,7.398332414800570800e-02
1.998500000000245109e+03,7.370096803864090163e-02
1.998600000000245245e+03,7.341859439904543927e-02
1.998700000000245382e+03,7.313620322972434751e-02
1.998800000000245291e+03,7.285379453118244475e-02
1.998900000000245200e+03,7.257136830392371674e-02
1.999000000000245336e+03,7.228892455127126915e-02
1.999100000000245473e+03,7.315540976065729173e-02
1.999200000000245382e+03,7.402184610212515781e-02
1.999300000000245291e+03,7.488836259539076445e-02
1.999400000000245427e+03,7.575510097534152165e-02
1.999500000000245564e+03,7.662191849468347193e-02
1.999600000000245473e+03,7.748881514861725994e-02
1.999700000000245382e+03,7.835579093234644465e-02
1.999800000000245518e+03,7.922284584107404382e-02
1.999900000000245655e+03,8.009005323759965655e-02
2.000000000000245564e+03,8.095763358034663293e-02
2.000100000000245473e+03,8.184520192076571998e-02
2.000200000000245609e+03,8.273282692286404449e-02
2.000300000000245745e+03,8.362050858526430541e-02
2.000400000000245655e+03,8.450824107502959148e-02
2.000500000000245564e+03,8.539495143231591590e-02
2.000600000000245700e+03,8.628154228303792916e-02
2.000700000000245836e+03,8.716816412660888247e-02
2.000800000000245745e+03,8.805481696082723131e-02
2.000900000000245655e+03,8.894150078349520594e-02
2.001000000000245791e+03,8.982821559244835719e-02
2.001100000000245927e+03,9.072861245309854494e-02
2.001200000000245836e+03,9.162909628130734563e-02
2.001300000000245745e+03,9.252966707603446639e-02
2.001400000000245882e+03,9.343127718011848271e-02
2.001500000000246018e+03,9.433312789189712833e-02
2.001600000000245927e+03,9.523508649049022834e-02
2.001700000000245836e+03,9.613715297715848263e-02
2.001800000000245973e+03,9.703897536091207754e-02
2.001900000000246109e+03,9.794011569583517540e-02
2.002000000000246018e+03,9.884134299345107011e-02
2.002100000000245927e+03,9.973718942934355070e-02
2.002200000000246064e+03,1.006330316436956224e-01
2.002300000000246200e+03,1.015279875134353221e-01
2.002400000000246109e+03,1.024226227662227845e-01
2.002500000000246018e+03,1.033172329875911705e-01
2.002600000000246155e+03,1.042118181753735606e-01
2.002700000000246291e+03,1.051063783273994134e-01
2.002800000000246200e+03,1.060009134414977017e-01
2.002900000000246109e+03,1.068952364319518261e-01
2.003000000000246246e+03,1.077895056446951244e-01
2.003100000000246382e+03,1.086765802580499651e-01
2.003200000000246291e+03,1.095629364017992879e-01
2.003300000000246200e+03,1.104488581269338354e-01
2.003400000000246337e+03,1.113348279974143290e-01
2.003500000000246473e+03,1.122208460091218135e-01
2.003600000000246382e+03,1.131069121579373338e-01
2.003700000000246291e+03,1.139930264397453347e-01
2.003800000000246428e+03,1.148791888504296782e-01
2.003900000000246564e+03,1.157653993858701880e-01
2.004000000000246473e+03,1.166516580418664739e-01
2.004100000000246382e+03,1.175058662258307018e-01
2.004200000000246519e+03,1.183600390016188442e-01
2.004300000000246655e+03,1.192141763677333627e-01
2.004400000000246564e+03,1.200682783226766498e-01
2.004500000000246473e+03,1.209223448649546367e-01
2.004600000000246609e+03,1.217776845166285982e-01
2.004700000000246746e+03,1.226331153456833717e-01
2.004800000000246655e+03,1.234885306502155472e-01
2.004900000000246564e+03,1.243439304281897945e-01
2.005000000000246700e+03,1.251993146774758037e-01
2.005100000000246837e+03,1.260161567420582940e-01
2.005200000000246746e+03,1.268330146069728270e-01
2.005300000000246655e+03,1.276498882685450642e-01
2.005400000000246791e+03,1.284667777231007224e-01
2.005500000000246928e+03,1.292824881513269242e-01
2.005600000000246837e+03,1.300978888774229625e-01
2.005700000000246746e+03,1.309132863873488095e-01
2.005800000000246882e+03,1.317286806768790952e-01
2.005900000000247019e+03,1.325440717417845915e-01
2.006000000000246928e+03,1.333594595776954050e-01
2.006100000000246837e+03,1.341179727973202951e-01
2.006200000000246973e+03,1.348764666054305950e-01
2.006300000000247110e+03,1.356349409993902744e-01
2.006400000000247019e+03,1.363929995564440723e-01
2.006500000000246928e+03,1.371508876768325336e-01
2.006600000000247064e+03,1.379087503463047037e-01
2.006700000000247201e+03,1.386665875624743527e-01
2.006800000000247110e+03,1.394243993229550005e-01
2.006900000000247019e+03,1.401821856253642473e-01
2.007000000000247155e+03,1.409399464671468039e-01
2.007100000000247292e+03,1.416278685333900722e-01
2.007200000000247201e+03,1.423157732474696902e-01
2.007300000000247110e+03,1.430045524398778634e-01
2.007400000000247246e+03,1.436940979097449944e-01
2.007500000000247383e+03,1.443836420584984903e-01
2.007600000000247292e+03,1.450731848834942439e-01
2.007700000000247201e+03,1.457627263820902574e-01
2.007800000000247337e+03,1.464522665516452271e-01
2.007900000000247474e+03,1.471418053895146572e-01
2.008000000000247383e+03,1.478313428928301199e-01
2.008100000000247292e+03,1.484305851582604363e-01
2.008200000000247428e+03,1.490297829180884381e-01
2.008300000000247564e+03,1.496289361726337863e-01
2.008400000000247474e+03,1.502280449222154479e-01
2.008500000000247383e+03,1.508271091671561370e-01
2.008600000000247519e+03,1.514261289077779293e-01
2.008700000000247655e+03,1.520251041444001250e-01
2.008800000000247564e+03,1.526240348773429678e-01
2.008900000000247474e+03,1.532229211069286723e-01
2.009000000000247610e+03,1.538217628332512188e-01
2.009100000000247746e+03,1.543282430787577819e-01
2.009200000000247655e+03,1.548347324863337815e-01
2.009300000000247564e+03,1.553412310541057995e-01
2.009400000000247701e+03,1.558477387802004177e-01
2.009500000000247837e+03,1.563542556627414148e-01
2.009600000000247746e+03,1.568607816998524584e-01
2.009700000000247655e+03,1.573673168896596863e-01
2.009800000000247792e+03,1.578738612302886812e-01
2.009900000000247928e+03,1.583802315729826160e-01
2.010000000000247837e+03,1.588862036489954999e-01
2.010100000000247746e+03,1.592671130240019828e-01
2.010200000000247883e+03,1.596479676807960046e-01
2.010300000000248019e+03,1.600287676230592038e-01
2.010400000000247928e+03,1.604095128544733295e-01
2.010500000000247837e+03,1.607912949685992576e-01
2.010600000000247974e+03,1.611738079429976822e-01
2.010700000000248110e+03,1.615562751139708320e-01
2.010800000000248019e+03,1.619386964836019294e-01
2.010900000000247928e+03,1.623204966940934857e-01
2.011000000000248065e+03,1.627020891068908515e-01
2.011100000000248201e+03,1.629660855782325835e-01
2.011200000000248110e+03,1.632300730721963078e-01
2.011300000000248019e+03,1.634939836362263588e-01
2.011400000000248156e+03,1.637565824909502921e-01
2.011500000000248292e+03,1.640191679527107926e-01
2.011600000000248201e+03,1.642817400211716294e-01
2.011700000000248110e+03,1.645442986959984311e-01
2.011800000000248247e+03,1.648068439768564375e-01
2.011900000000248383e+03,1.650693758634094455e-01
2.012000000000248292e+03,1.653318943549705322e-01
2.012100000000248201e+03,1.654527624736563951e-01
2.012200000000248338e+03,1.655736151932555578e-01
2.012300000000248474e+03,1.656938259699583527e-01
2.012400000000248383e+03,1.658127188957398412e-01
2.012500000000248292e+03,1.659315936136946112e-01
2.012600000000248428e+03,1.660504501248001585e-01
2.012700000000248565e+03,1.661692884300337847e-01
2.012800000000248474e+03,1.662881085303721529e-01
2.012900000000248383e+03,1.664069104267933141e-01
2.013000000000248519e+03,1.665256941199241003e-01
2.013100000000248656e+03,1.665033491268916310e-01
2.013200000000248565e+03,1.664810057560104084e-01
2.013300000000248474e+03,1.664586640072292512e-01
2.013400000000248610e+03,1.664365821499628195e-01
2.013500000000248747e+03,1.664146655229287453e-01
2.013600000000248656e+03,1.663927503982432221e-01
2.013700000000248565e+03,1.663708367758702511e-01
2.013800000000248701e+03,1.663489246557738055e-01
2.013900000000248838e+03,1.663270140379176365e-01
2.014000000000248747e+03,1.663051049218753075e-01
2.014100000000248656e+03,1.661263706934103246e-01
2.014200000000248792e+03,1.659494672828315254e-01
2.014300000000248929e+03,1.657725887721654412e-01
2.014400000000248838e+03,1.655957351602055094e-01
2.014500000000248747e+03,1.654189064457445846e-01
2.014600000000248883e+03,1.652411378670995967e-01
2.014700000000249020e+03,1.650624397506765817e-01
2.014800000000248929e+03,1.648837706403893655e-01
2.014900000000248838e+03,1.647051305341622196e-01
2.015000000000248974e+03,1.645265194295592315e-01
2.015100000000249111e+03,1.642028862642164189e-01
2.015200000000249020e+03,1.638790501067877436e-01
2.015300000000248929e+03,1.635552346543316937e-01
2.015400000000249065e+03,1.632316501157957123e-01
2.015500000000249202e+03,1.629092393140754436e-01
2.015600000000249111e+03,1.625868438160975038e-01
2.015700000000249020e+03,1.622644636224795656e-01
2.015800000000249156e+03,1.619420987338401063e-01
2.015900000000249292e+03,1.616197491507980477e-01
2.016000000000249202e+03,1.612974148735566160e-01
2.016100000000249111e+03,1.608079752923311234e-01
2.016200000000249247e+03,1.603186360426182289e-01
2.016300000000249383e+03,1.598293971141116210e-01
2.016400000000249292e+03,1.593407095725583589e-01
2.016500000000249202e+03,1.588535182317107330e-01
2.016600000000249338e+03,1.583664158459494042e-01
2.016700000000249474e+03,1.578794024080756031e-01
2.016800000000249383e+03,1.573924779108904493e-01
2.016900000000249292e+03,1.569058188985031355e-01
2.017000000000249429e+03,1.564196937422303590e-01
2.017100000000249565e+03,1.557944871847368462e-01
2.017200000000249474e+03,1.551692988375220628e-01
2.017300000000249383e+03,1.545439237020665157e-01
2.017400000000249520e+03,1.539169816700374782e-01
2.017500000000249656e+03,1.532900724002664306e-01
2.017600000000249565e+03,1.526635058419284208e-01
2.017700000000249474e+03,1.520373484555627708e-01
2.017800000000249611e+03,1.514112181625886788e-01
2.017900000000249747e+03,1.507851149643019972e-01
2.018000000000249656e+03,1.501590388616201033e-01
2.018100000000249565e+03,1.493819410731850594e-01
2.018200000000249702e+03,1.486049597897379781e-01
2.018300000000249838e+03,1.478280950064009835e-01
2.018400000000249747e+03,1.470513467182955614e-01
2.018500000000249656e+03,1.462747149205397279e-01
2.018600000000249793e+03,1.454981996082509998e-01
2.018700000000249929e+03,1.447225082447519684e-01
2.018800000000249838e+03,1.439478972886017449e-01
2.018900000000249747e+03,1.431733847770565171e-01
2.019000000000249884e+03,1.423989707083471445e-01
2.019100000000250020e+03,1.414955356148276666e-01
2.019200000000249929e+03,1.405907713763492606e-01
2.019300000000249838e+03,1.396858605088298622e-01
2.019400000000249975e+03,1.387810410895266022e-01
2.019500000000250111e+03,1.378763131149036425e-01
2.019600000000250020e+03,1.369716765814252002e-01
2.019700000000249929e+03,1.360671314855509129e-01
2.019800000000250066e+03,1.351626778237407511e-01
2.019900000000250202e+03,1.342583155924587379e-01
2.020000000000250111e+03,1.333540447878708568e-01
2.020100000000250020e+03,1.323307716070689366e-01
2.020200000000250157e+03,1.313076284993958120e-01
2.020300000000250293e+03,1.302846154616411067e-01
2.020400000000250202e+03,1.292617668218716265e-01
2.020500000000250111e+03,1.282392686425355421e-01
2.020600000000250247e+03,1.272168964578490880e-01
2.020700000000250384e+03,1.261946502653456259e-01
2.020800000000250293e+03,1.251725300625578241e-01
2.020900000000250202e+03,1.241505358470134657e-01
2.021000000000250338e+03,1.231273770608921209e-01
2.021100000000250475e+03,1.220073108572582582e-01
2.021200000000250384e+03,1.208873778979180774e-01
2.021300000000250293e+03,1.197675781767551934e-01
2.021400000000250429e+03,1.186480005838177892e-01
2.021500000000250566e+03,1.175312028831105998e-01
2.021600000000250475e+03,1.164144864027975845e-01
2.021700000000250384e+03,1.152978511424345154e-01
2.021800000000250520e+03,1.141814854226687603e-01
2.021900000000250657e+03,1.130655220408536693e-01
2.022000000000250566e+03,1.119496297797667600e-01
2.022100000000250475e+03,1.107548635489200295e-01
2.022200000000250611e+03,1.095602416435976917e-01
2.022300000000250748e+03,1.083657640576977110e-01
2.022400000000250657e+03,1.071714307851171083e-01
2.022500000000250566e+03,1.059772418197480054e-01
2.022600000000250702e+03,1.047831971554822189e-01
2.022700000000250839e+03,1.035895393475354670e-01
2.022800000000250748e+03,1.023955583191498986e-01
2.022900000000250657e+03,1.012001674767227383e-01
2.023000000000250793e+03,1.000049628424940495e-01
2.023100000000250930e+03,9.876277640598267460e-02
2.023200000000250839e+03,9.752071946206575248e-02
2.023300000000250748e+03,9.627965915909318662e-02
2.023400000000250884e+03,9.503895653817810707e-02
2.023500000000251021e+03,9.379835454630283675e-02
2.023600000000250930e+03,9.255757250963517202e-02
2.023700000000250839e+03,9.131641105282464754e-02
2.023800000000250975e+03,9.007537099997088570e-02
2.023900000000251111e+03,8.883445235032651210e-02
2.024000000000251021e+03,8.759348367487121423e-02
2.024100000000250930e+03,8.633198665555644191e-02
2.024200000000251066e+03,8.507125059689037150e-02
2.024300000000251202e+03,8.381096549672760465e-02
2.024400000000251111e+03,8.255077379965911066e-02
2.024500000000251021e+03,8.129067550499527450e-02
2.024600000000251157e+03,8.003059638747798965e-02
2.024700000000251293e+03,7.876976888606647409e-02
2.024800000000251202e+03,7.750906412263915135e-02
2.024900000000251111e+03,7.624848209324294745e-02
2.025000000000251248e+03,7.498802279560987105e-02
2.025100000000251384e+03,7.439866366193088887e-02
2.025200000000251293e+03,7.380981615143114571e-02
2.025300000000251202e+03,7.322105677491723419e-02
2.025400000000251339e+03,7.263238552742980192e-02
2.025500000000251475e+03,7.204380240401248026e-02
2.025600000000251384e+03,7.145530739970848422e-02
2.025700000000251293e+03,7.086690050955866960e-02
2.025800000000251430e+03,7.027858172860361463e-02
2.025900000000251566e+03,6.969035105188658985e-02
2.026000000000251475e+03,6.910220847797435284e-02
2.026100000000251384e+03,6.991404831685790744e-02
2.026200000000251521e+03,7.072587821554708609e-02
2.026300000000251657e+03,7.153769817097009598e-02
2.026400000000251566e+03,7.234950818005497775e-02
2.026500000000251475e+03,7.316130823973349129e-02
2.026600000000251612e+03,7.397309834693717445e-02
2.026700000000251748e+03,7.478487849859380421e-02
2.026800000000251657e+03,7.559664869163129630e-02
2.026900000000251566e+03,7.640840892298088327e-02
2.027000000000251703e+03,7.722015918961439018e-02
2.027100000000251839e+03,7.804789356066413331e-02
2.027200000000251748e+03,7.887550296961752527e-02
2.027300000000251657e+03,7.970298742232098665e-02
2.027400000000251794e+03,8.053034692462104904e-02
2.027500000000251930e+03,8.135758148236058029e-02
2.027600000000251839e+03,8.218469110138278133e-02
2.027700000000251748e+03,8.301167578753473886e-02
2.027800000000251885e+03,8.383853554666373387e-02
2.027900000000252021e+03,8.466527038461332810e-02
2.028000000000251930e+03,8.549188030727056242e-02
2.028100000000251839e+03,8.633554452960197356e-02
2.028200000000251976e+03,8.717917333565690374e-02
2.028300000000252112e+03,8.802219020565495156e-02
2.028400000000252021e+03,8.886470786606517902e-02
2.028500000000251930e+03,8.970717046004696160e-02
2.028600000000252066e+03,9.054957798684014347e-02
2.028700000000252203e+03,9.139193044568043323e-02
2.028800000000252112e+03,9.223529957537442148e-02
2.028900000000252021e+03,9.307863558418061345e-02
2.029000000000252157e+03,9.392193616259379707e-02
2.029100000000252294e+03,9.476469097648337891e-02
2.029200000000252203e+03,9.560714989457716473e-02
2.029300000000252112e+03,9.644948707595007997e-02
2.029400000000252248e+03,9.729146690859520608e-02
2.029500000000252385e+03,9.813318284918898238e-02
2.029600000000252294e+03,9.897480353117583951e-02
2.029700000000252203e+03,9.981533487393164095e-02
2.029800000000252339e+03,1.006564273617789329e-01
2.029900000000252476e+03,1.014974190805106591e-01
2.030000000000252385e+03,1.023383100314196742e-01
2.030100000000252294e+03,1.031729092060410802e-01
2.030200000000252430e+03,1.040074484440323965e-01
2.030300000000252567e+03,1.048419277456132948e-01
2.030400000000252476e+03,1.056763471110035574e-01
2.030500000000252385e+03,1.065107065404266723e-01
2.030600000000252521e+03,1.073440818581743589e-01
2.030700000000252658e+03,1.081770543301267956e-01
2.030800000000252567e+03,1.090099474072601798e-01
2.030900000000252476e+03,1.098427610912128538e-01
2.031000000000252612e+03,1.106755695854343552e-01
2.031100000000252749e+03,1.114864892547666048e-01
2.031200000000252658e+03,1.122973102995485084e-01
2.031300000000252567e+03,1.131080327250036377e-01
2.031400000000252703e+03,1.139186565363558834e-01
2.031500000000252840e+03,1.147299968598317482e-01
2.031600000000252749e+03,1.155417750530779719e-01
2.031700000000252658e+03,1.163534735565962541e-01
2.031800000000252794e+03,1.171650923728255606e-01
2.031900000000252930e+03,1.179767626820815152e-01
2.032000000000252840e+03,1.187873763319562403e-01
2.032100000000252749e+03,1.195681876344409089e-01
2.032200000000252885e+03,1.203489537006453697e-01
2.032300000000253021e+03,1.211296745288200083e-01
2.032400000000252930e+03,1.219103501172155435e-01
2.032500000000252840e+03,1.226909804640866491e-01
2.032600000000252976e+03,1.234715655676879159e-01
2.032700000000253112e+03,1.242521054262706037e-01
2.032800000000253021e+03,1.250320654667483322e-01
2.032900000000252930e+03,1.258119428212472468e-01
2.033000000000253067e+03,1.265917678772158772e-01
2.033100000000253203e+03,1.273254981941763508e-01
2.033200000000253112e+03,1.280591758115898482e-01
2.033300000000253021e+03,1.287933279224688921e-01
2.033400000000253158e+03,1.295284121330425031e-01
2.033500000000253294e+03,1.302634607699987013e-01
2.033600000000253203e+03,1.309984738319906472e-01
2.033700000000253112e+03,1.317334513176752486e-01
2.033800000000253249e+03,1.324671791375599539e-01
2.033900000000253385e+03,1.332005269356761612e-01
2.034000000000253294e+03,1.339338220313797956e-01
2.034100000000253203e+03,1.346037313773846555e-01
2.034200000000253340e+03,1.352735495485325179e-01
2.034300000000253476e+03,1.359432765500639406e-01
2.034400000000253385e+03,1.366129123872190376e-01
2.034500000000253294e+03,1.372823106982488939e-01
2.034600000000253431e+03,1.379514891175986635e-01
2.034700000000253567e+03,1.386216355219017371e-01
2.034800000000253476e+03,1.392922543616513797e-01
2.034900000000253385e+03,1.399627950246686292e-01
2.035000000000253522e+03,1.406332575138306007e-01
2.035100000000253658e+03,1.412416980861055105e-01
2.035200000000253567e+03,1.418501568738944896e-01
2.035300000000253476e+03,1.424590816242310154e-01
2.035400000000253613e+03,1.430682253778344792e-01
2.035500000000253749e+03,1.436773928365265851e-01
2.035600000000253658e+03,1.442856961624905676e-01
2.035700000000253567e+03,1.448932190831027922e-01
2.035800000000253704e+03,1.455007515030728171e-01
2.035900000000253840e+03,1.461082934185615745e-01
2.036000000000253749e+03,1.467158448254836656e-01
2.036100000000253658e+03,1.472283699026135373e-01
2.036200000000253794e+03,1.477408970916671838e-01
2.036300000000253931e+03,1.482533639694743333e-01
2.036400000000253840e+03,1.487657705384670126e-01
2.036500000000253749e+03,1.492781168010792192e-01
2.036600000000253885e+03,1.497904027597458942e-01
2.036700000000254022e+03,1.503026284168987592e-01
2.036800000000253931e+03,1.508147937749703127e-01
2.036900000000253840e+03,1.513268988363951351e-01
2.037000000000253976e+03,1.518389436033808770e-01
2.037100000000254113e+03,1.522616169555261745e-01
2.037200000000254022e+03,1.526842876031120344e-01
2.037300000000253931e+03,1.531069555442700347e-01
2.037400000000254067e+03,1.535291385984169921e-01
2.037500000000254204e+03,1.539500059900255069e-01
2.037600000000254113e+03,1.543708608202065402e-01
2.037700000000254022e+03,1.547917030871865385e-01
2.037800000000254158e+03,1.552125327891914486e-01
2.037900000000254295e+03,1.556346282541919146e-01
2.038000000000254204e+03,1.560574947821594116e-01
2.038100000000254113e+03,1.563708110592607059e-01
2.038200000000254249e+03,1.566841253601240769e-01
2.038300000000254386e+03,1.569974376835575336e-01
2.038400000000254295e+03,1.573107480283690296e-01
2.038500000000254204e+03,1.576240563933678229e-01
2.038600000000254340e+03,1.579373627773632549e-01
2.038700000000254477e+03,1.582506671791628072e-01
2.038800000000254386e+03,1.585639695975741836e-01
2.038900000000254295e+03,1.588772700314064756e-01
2.039000000000254431e+03,1.591905684791511955e-01
2.039100000000254568e+03,1.593788469437459054e-01
2.039200000000254477e+03,1.595671115628835568e-01
2.039300000000254386e+03,1.597553623365858266e-01
2.039400000000254522e+03,1.599427448679653085e-01
2.039500000000254659e+03,1.601296111766345454e-01
2.039600000000254568e+03,1.603161788166538593e-01
2.039700000000254477e+03,1.605018940882662892e-01
2.039800000000254613e+03,1.606865530172469914e-01
2.039900000000254749e+03,1.608711899301673853e-01
2.040000000000254659e+03,1.610558048278632470e-01
2.040100000000254568e+03,1.611200275152917527e-01
2.040200000000254704e+03,1.611859049732572990e-01
2.040300000000254840e+03,1.612520049106482556e-01
2.040400000000254749e+03,1.613181051445659875e-01
2.040500000000254659e+03,1.613842056746060682e-01
2.040600000000254795e+03,1.614503065003630999e-01
2.040700000000254931e+03,1.615164076214318511e-01
2.040800000000254840e+03,1.615825090374070905e-01
2.040900000000254749e+03,1.616486107478838363e-01
2.041000000000254886e+03,1.617147127520947580e-01
2.041100000000255022e+03,1.616388203095995568e-01
2.041200000000254931e+03,1.615635004310164435e-01
2.041300000000254840e+03,1.614883472396517472e-01
2.041400000000254977e+03,1.614131982602650395e-01
2.041500000000255113e+03,1.613382057999364350e-01
2.041600000000255022e+03,1.612637068229157977e-01
2.041700000000254931e+03,1.611892114642275442e-01
2.041800000000255068e+03,1.611147197240636875e-01
2.041900000000255204e+03,1.610402316026168512e-01
2.042000000000255113e+03,1.609657470997333251e-01
2.042100000000255022e+03,1.607556439441763241e-01
2.042200000000255159e+03,1.605455396816774238e-01
2.042300000000255295e+03,1.603354343138092553e-01
2.042400000000255204e+03,1.601253278421439219e-01
2.042500000000255113e+03,1.599152202682528889e-01
2.042600000000255250e+03,1.597051115937076216e-01
2.042700000000255386e+03,1.594950018200803343e-01
2.042800000000255295e+03,1.592848909489433806e-01
2.042900000000255204e+03,1.590731852401340296e-01
2.043000000000255341e+03,1.588605052605262247e-01
2.043100000000255477e+03,1.585024383600241726e-01
2.043200000000255386e+03,1.581443953242144262e-01
2.043300000000255295e+03,1.577863761531584086e-01
2.043400000000255432e+03,1.574283808469177648e-01
2.043500000000255568e+03,1.570704094055557221e-01
2.043600000000255477e+03,1.567124618291353411e-01
2.043700000000255386e+03,1.563545381177178506e-01
2.043800000000255523e+03,1.559973009155059265e-01
2.043900000000255659e+03,1.556412372905087438e-01
2.044000000000255568e+03,1.552851892315270654e-01
2.044100000000255477e+03,1.547901111423633791e-01
2.044200000000255613e+03,1.542950394988863161e-01
2.044300000000255750e+03,1.537985406609590211e-01
2.044400000000255659e+03,1.533016998880112891e-01
2.044500000000255568e+03,1.528048771048438337e-01
2.044600000000255704e+03,1.523080723130003922e-01
2.044700000000255841e+03,1.518112855140267003e-01
2.044800000000255750e+03,1.513145167094683552e-01
2.044900000000255659e+03,1.508177659008687888e-01
2.045000000000255795e+03,1.503210856473900514e-01
2.045100000000255932e+03,1.496874837200150576e-01
2.045200000000255841e+03,1.490527335709576628e-01
2.045300000000255750e+03,1.484174400875231392e-01
2.045400000000255886e+03,1.477826410351139319e-01
2.045500000000256023e+03,1.471480733068338265e-01
2.045600000000255932e+03,1.465137121627577976e-01
2.045700000000255841e+03,1.458808956082381370e-01
2.045800000000255977e+03,1.452480900719051449e-01
2.045900000000256114e+03,1.446152955584263100e-01
2.046000000000256023e+03,1.439825120721270613e-01
2.046100000000255932e+03,1.432162188036130157e-01
2.046200000000256068e+03,1.424499862942002204e-01
2.046300000000256205e+03,1.416838145437378793e-01
2.046400000000256114e+03,1.409177035520750021e-01
2.046500000000256023e+03,1.401516533190566294e-01
2.046600000000256159e+03,1.393856638445280516e-01
2.046700000000256296e+03,1.386197351283378343e-01
2.046800000000256205e+03,1.378538671703342100e-01
2.046900000000256114e+03,1.370880599703622194e-01
2.047000000000256250e+03,1.363229682641821372e-01
2.047100000000256387e+03,1.354472719928384861e-01
2.047200000000256296e+03,1.345715215836612577e-01
2.047300000000256205e+03,1.336957170410853768e-01
2.047400000000256341e+03,1.328198583695472390e-01
2.047500000000256478e+03,1.319439455734869315e-01
2.047600000000256387e+03,1.310679786573456518e-01
2.047700000000256296e+03,1.301919576255610167e-01
2.047800000000256432e+03,1.293158824825714481e-01
2.047900000000256568e+03,1.284397532328195035e-01
2.048000000000256478e+03,1.275635698804592766e-01
2.048100000000256387e+03,1.265744582726431866e-01
2.048200000000256296e+03,1.255854060859656895e-01
2.048300000000256659e+03,1.245964133216711789e-01
2.048400000000256568e+03,1.236074799810169822e-01
2.048500000000256478e+03,1.226186060652471321e-01
2.048600000000256841e+03,1.216297915756053283e-01
2.048700000000256750e+03,1.206410223151471589e-01
2.048800000000256659e+03,1.196517862749445910e-01
2.048900000000256568e+03,1.186626186028867935e-01
2.049000000000256478e+03,1.176735192990473466e-01
2.049100000000256841e+03,1.165995595163990539e-01
2.049200000000256750e+03,1.155256285024146151e-01
2.049300000000256659e+03,1.144525118176976941e-01
2.049400000000257023e+03,1.133799527960355352e-01
2.049500000000256932e+03,1.123073975136334862e-01
2.049600000000256841e+03,1.112348459745768625e-01
2.049700000000256750e+03,1.101622672599023856e-01
2.049800000000256659e+03,1.090884517804615039e-01
2.049900000000257023e+03,1.080146650927910207e-01
2.050000000000256932e+03,1.069409071998230765e-01
2.050100000000256841e+03,1.058041840744634865e-01
2.050200000000257205e+03,1.046674104174903919e-01
2.050300000000257114e+03,1.035305862354757162e-01
2.050400000000257023e+03,1.023937115349762145e-01
2.050500000000256932e+03,1.012567863225544984e-01
2.050600000000256841e+03,1.001198106047738595e-01
2.050700000000257205e+03,9.898278438819277381e-02
2.050800000000257114e+03,9.784570767938607916e-02
2.050900000000257023e+03,9.670858048491340342e-02
2.051000000000257387e+03,9.557140281120707348e-02
2.051100000000257296e+03,9.438447415662833129e-02
2.051200000000257205e+03,9.319767824383291821e-02
2.051300000000257114e+03,9.201133741242174813e-02
2.051400000000257023e+03,9.082521308346321043e-02
2.051500000000257387e+03,8.963921076199271587e-02
2.051600000000257296e+03,8.845333044470744810e-02
2.051700000000257205e+03,8.726757212828835375e-02
2.051800000000257569e+03,8.608193580941603251e-02
2.051900000000257478e+03,8.489642148478719619e-02
2.052000000000257387e+03,8.371102915105529951e-02
2.052100000000257296e+03,8.251499397772595057e-02
2.052200000000257205e+03,8.131879836896033220e-02
2.052300000000257569e+03,8.012196701724956516e-02
2.052400000000257478e+03,7.892512786779541656e-02
2.052500000000257387e+03,7.772828092757050333e-02
2.052600000000257751e+03,7.653142620354787262e-02
2.052700000000257660e+03,7.533456370271698899e-02
2.052800000000257569e+03,7.413769343205126039e-02
2.052900000000257478e+03,7.294081539852982632e-02
2.053000000000257387e+03,7.174362438785260310e-02
2.053100000000257751e+03,7.138493286073022137e-02
2.053200000000257660e+03,7.102625461398065498e-02
2.053300000000257569e+03,7.066758964861241665e-02
2.053400000000257933e+03,7.030893796563375542e-02
2.053500000000257842e+03,6.995029956605815225e-02
2.053600000000257751e+03,6.959167445089378679e-02
2.053700000000257660e+03,6.923306262115083709e-02
2.053800000000257569e+03,6.887446407783934244e-02
2.053900000000257933e+03,6.851512619370428436e-02
2.054000000000257842e+03,6.815576359786833238e-02
2.054100000000257751e+03,6.892237996660426080e-02
2.054200000000258115e+03,6.968887752508125255e-02
2.054300000000258024e+03,7.045525628299005583e-02
2.054400000000257933e+03,7.122151625003177167e-02
2.054500000000257842e+03,7.198765743590333777e-02
2.054600000000257751e+03,7.275367985030133100e-02
2.054700000000258115e+03,7.351958350292550626e-02
2.054800000000258024e+03,7.428536840346455783e-02
2.054900000000257933e+03,7.505103456161738018e-02
2.055000000000258296e+03,7.581658198714540109e-02
2.055100000000258206e+03,7.660656385195595275e-02
2.055200000000258115e+03,7.739653397202031493e-02
2.055300000000258024e+03,7.818649234171086426e-02
2.055400000000257933e+03,7.897643895540003289e-02
2.055500000000258296e+03,7.976662289443445242e-02
2.055600000000258206e+03,8.055701479572455193e-02
2.055700000000258115e+03,8.134746236824089149e-02
2.055800000000258478e+03,8.213790844078168452e-02
2.055900000000258387e+03,8.292835300750593663e-02
2.056000000000258296e+03,8.371879606260181073e-02
2.056100000000258206e+03,8.451636634544464066e-02
2.056200000000258115e+03,8.531473233714011173e-02
2.056300000000258478e+03,8.611303399822116400e-02
2.056400000000258387e+03,8.691127132868423089e-02
2.056500000000258296e+03,8.770944432853722272e-02
2.056600000000258660e+03,8.850755299778773066e-02
2.056700000000258569e+03,8.930559733643289588e-02
2.056800000000258478e+03,9.010357734448073974e-02
2.056900000000258387e+03,9.090149302193592518e-02
2.057000000000258296e+03,9.169934436880838868e-02
2.057100000000258660e+03,9.249914171486162129e-02
2.057200000000258569e+03,9.329886765534017856e-02
2.057300000000258478e+03,9.409852219152443908e-02
2.057400000000258842e+03,9.489810532469544757e-02
2.057500000000258751e+03,9.569761705612274405e-02
2.057600000000258660e+03,9.649705738708742875e-02
2.057700000000258569e+03,9.729642631886653570e-02
2.057800000000258478e+03,9.809572385273761241e-02
2.057900000000258842e+03,9.889494998998173136e-02
2.058000000000258751e+03,9.969510501603565111e-02
2.058100000000258660e+03,1.004920942880787316e-01
2.058200000000259024e+03,1.012890979024505811e-01
2.058300000000258933e+03,1.020861158550240705e-01
2.058400000000258842e+03,1.028831481416822985e-01
2.058500000000258751e+03,1.036801947583047140e-01
2.058600000000258660e+03,1.044772557007702524e-01
2.058700000000259024e+03,1.052743309649612075e-01
2.058800000000258933e+03,1.060714090274514632e-01
2.058900000000258842e+03,1.068680302285510419e-01
2.059000000000259206e+03,1.076646585450234533e-01
2.059100000000259115e+03,1.084374405475867220e-01
2.059200000000259024e+03,1.092101484601609579e-01
2.059300000000258933e+03,1.099825687851294781e-01
2.059400000000258842e+03,1.107538357265393653e-01
2.059500000000259206e+03,1.115250105947407366e-01
2.059600000000259115e+03,1.122960933926310106e-01
2.059700000000259024e+03,1.130670841231182222e-01
2.059800000000259388e+03,1.138379827891106005e-01
2.059900000000259297e+03,1.146087893935060498e-01
2.060000000000259206e+03,1.153795039391451727e-01
2.060100000000259115e+03,1.161239187742376944e-01
2.060200000000259024e+03,1.168682802969306517e-01
2.060300000000259388e+03,1.176125885064785576e-01
2.060400000000259297e+03,1.183571408190935703e-01
2.060500000000259206e+03,1.191023422263101372e-01
2.060600000000259570e+03,1.198475028020069694e-01
2.060700000000259479e+03,1.205926225443396255e-01
2.060800000000259388e+03,1.213377014514742253e-01
2.060900000000259297e+03,1.220827395215732386e-01
2.061000000000259206e+03,1.228277367526981190e-01
2.061100000000259570e+03,1.235335554056549573e-01
2.061200000000259479e+03,1.242393526612636662e-01
2.061300000000259388e+03,1.249451285174073140e-01
2.061400000000259752e+03,1.256513218805581089e-01
2.061500000000259661e+03,1.263576279796763124e-01
2.061600000000259570e+03,1.270639190451013090e-01
2.061700000000259479e+03,1.277701950744012105e-01
2.061800000000259388e+03,1.284764560651439069e-01
2.061900000000259752e+03,1.291827020149005634e-01
2.062000000000259661e+03,1.298889329210850263e-01
2.062100000000259570e+03,1.305383574219205478e-01
2.062200000000259934e+03,1.311877269564975246e-01
2.062300000000259843e+03,1.318370415235942394e-01
2.062400000000259752e+03,1.324863011219986897e-01
2.062500000000259661e+03,1.331351736202723290e-01
2.062600000000259570e+03,1.337829432969997179e-01
2.062700000000259934e+03,1.344309970629430084e-01
2.062800000000259843e+03,1.350789858727002579e-01
2.062900000000259752e+03,1.357269097261461777e-01
2.063000000000260115e+03,1.363758011131683823e-01
2.063100000000260025e+03,1.369642830973223369e-01
2.063200000000259934e+03,1.375527125946645612e-01
2.063300000000259843e+03,1.381411266233153190e-01
2.063400000000259752e+03,1.387296621453284473e-01
2.063500000000260115e+03,1.393196702207408766e-01
2.063600000000260025e+03,1.399096765394582664e-01
2.063700000000259934e+03,1.404996810981353483e-01
2.063800000000260297e+03,1.410896838934254383e-01
2.063900000000260206e+03,1.416796849219748300e-01
2.064000000000260115e+03,1.422696841802342238e-01
2.064100000000260025e+03,1.427816437298209673e-01
2.064200000000259934e+03,1.432935886541909232e-01
2.064300000000260297e+03,1.438055189509443998e-01
2.064400000000260206e+03,1.443158271831204986e-01
2.064500000000260115e+03,1.448260340792923428e-01
2.064600000000260479e+03,1.453362144450552063e-01
2.064700000000260388e+03,1.458463682789303550e-01
2.064800000000260297e+03,1.463564955794463274e-01
2.064900000000260206e+03,1.468665963451292467e-01
2.065000000000260115e+03,1.473766705742732830e-01
2.065100000000260479e+03,1.477975006515752365e-01
2.065200000000260388e+03,1.482182996579556600e-01
2.065300000000260297e+03,1.486390675924184890e-01
2.065400000000260661e+03,1.490598044539677425e-01
2.065500000000260570e+03,1.494805102416019160e-01
2.065600000000260479e+03,1.499011849543251951e-01
2.065700000000260388e+03,1.503218285911400720e-01
2.065800000000260297e+03,1.507424411510490669e-01
2.065900000000260661e+03,1.511629014040024033e-01
2.066000000000260570e+03,1.515832940314870425e-01
2.066100000000260479e+03,1.519089377195332602e-01
2.066200000000260843e+03,1.522355507380381556e-01
2.066300000000260752e+03,1.525621582041710167e-01
2.066400000000260661e+03,1.528887601162119969e-01
2.066500000000260570e+03,1.532153564724392236e-01
2.066600000000260479e+03,1.535409535427441075e-01
2.066700000000260843e+03,1.538680411266364068e-01
2.066800000000260752e+03,1.541951252651704019e-01
2.066900000000260661e+03,1.545222059564072270e-01
2.067000000000261025e+03,1.548492831981154727e-01
2.067100000000260934e+03,1.550624740135628232e-01
2.067200000000260843e+03,1.552743106426571762e-01
2.067300000000260752e+03,1.554867255416892136e-01
2.067400000000260661e+03,1.556992210626320094e-01
2.067500000000261025e+03,1.559116960521157447e-01
2.067600000000260934e+03,1.561241505099390525e-01
2.067700000000260843e+03,1.563365844359043688e-01
2.067800000000261207e+03,1.565489978298135187e-01
2.067900000000261116e+03,1.567613906914657185e-01
2.068000000000261025e+03,1.569737630203620338e-01
2.068100000000260934e+03,1.570705526908444116e-01
2.068200000000260843e+03,1.571673338240066609e-01
2.068300000000261207e+03,1.572641064197323191e-01
2.068400000000261116e+03,1.573608704779025091e-01
2.068500000000261025e+03,1.574592297963788301e-01
2.068600000000261389e+03,1.575578148675992884e-01
2.068700000000261298e+03,1.576563936996588644e-01
2.068800000000261207e+03,1.577549662922227980e-01
2.068900000000261116e+03,1.578535169354932099e-01
2.069000000000261025e+03,1.579513639588454865e-01
2.069100000000261389e+03,1.579274576771071970e-01
2.069200000000261298e+03,1.579035521618933069e-01
2.069300000000261207e+03,1.578796474132823646e-01
2.069400000000261571e+03,1.578557434313530017e-01
2.069500000000261480e+03,1.578318402161839329e-01
2.069600000000261389e+03,1.578079245330999136e-01
2.069700000000261298e+03,1.577837091297143723e-01
2.069800000000261207e+03,1.577594945930475001e-01
2.069900000000261571e+03,1.577352809231707398e-01
2.070000000000261480e+03,1.577110681198087283e-01
2.070100000000261389e+03,1.575538513492349135e-01
2.070200000000261753e+03,1.573966510228236027e-01
2.070300000000261662e+03,1.572394671404366007e-01
2.070400000000261571e+03,1.570822997019346301e-01
2.070500000000261480e+03,1.569251487071785245e-01
2.070600000000261389e+03,1.567680934744943855e-01
2.070700000000261753e+03,1.566123797486613511e-01
2.070800000000261662e+03,1.564586287858860947e-01
2.070900000000261571e+03,1.563051169445377753e-01
2.071000000000261934e+03,1.561516144211455570e-01
2.071100000000261844e+03,1.558699041514350903e-01
2.071200000000261753e+03,1.555890817981773200e-01
2.071300000000261662e+03,1.553091944110027989e-01
2.071400000000261571e+03,1.550293073059555993e-01
2.071500000000261934e+03,1.547494204849052257e-01
2.071600000000261844e+03,1.544695339497256514e-01
2.071700000000261753e+03,1.541896477022861311e-01
2.071800000000262116e+03,1.539097617444566968e-01
2.071900000000262025e+03,1.536298760781108497e-01
2.072000000000261934e+03,1.533499907047761179e-01
2.072100000000261844e+03,1.529386831447868134e-01
2.072200000000261753e+03,1.525262301153469113e-01
2.072300000000262116e+03,1.521137821280389435e-01
2.072400000000262025e+03,1.517013391850837445e-01
2.072500000000261934e+03,1.512889012886967921e-01
2.072600000000262298e+03,1.508750760877000108e-01
2.072700000000262207e+03,1.504608983372751341e-01
2.072800000000262116e+03,1.500467352949252653e-01
2.072900000000262025e+03,1.496325869623537919e-01
2.073000000000261934e+03,1.492184533409130764e-01
2.073100000000262298e+03,1.486705787235685639e-01
2.073200000000262207e+03,1.481231180870398456e-01
2.073300000000262116e+03,1.475757144554151468e-01
2.073400000000262480e+03,1.470283578213782694e-01
2.073500000000262389e+03,1.464810481863089708e-01
2.073600000000262298e+03,1.459337855515794868e-01
2.073700000000262207e+03,1.453865699185641625e-01
2.073800000000262116e+03,1.448394012886373983e-01
2.073900000000262480e+03,1.442922796631705140e-01
2.074000000000262389e+03,1.437452050432304063e-01
2.074100000000262298e+03,1.430792569268492798e-01
2.074200000000262662e+03,1.424133332063220458e-01
2.074300000000262571e+03,1.417474338842211190e-01
2.074400000000262480e+03,1.410824357029966392e-01
2.074500000000262389e+03,1.404182177366515571e-01
2.074600000000262298e+03,1.397540086548082761e-01
2.074700000000262662e+03,1.390898084608838126e-01
2.074800000000262571e+03,1.384255520465132727e-01
2.074900000000262480e+03,1.377591930622752980e-01
2.075000000000262844e+03,1.370928136966243216e-01
2.075100000000262753e+03,1.363103978583361797e-01
2.075200000000262662e+03,1.355280111075075899e-01
2.075300000000262571e+03,1.347456534473988610e-01
2.075400000000262480e+03,1.339633248812702460e-01
2.075500000000262844e+03,1.331810254123788062e-01
2.075600000000262753e+03,1.323987550439917338e-01
2.075700000000262662e+03,1.316165137793658402e-01
2.075800000000263026e+03,1.308343016217579369e-01
2.075900000000262935e+03,1.300521185744354935e-01
2.076000000000262844e+03,1.292699646403683011e-01
2.076100000000262753e+03,1.283788433953744479e-01
2.076200000000262662e+03,1.274878042473919781e-01
2.076300000000263026e+03,1.265968471973235032e-01
2.076400000000262935e+03,1.257059722460844020e-01
2.076500000000262844e+03,1.248151793945773830e-01
2.076600000000263208e+03,1.239244686437045440e-01
2.076700000000263117e+03,1.230332037267668488e-01
2.076800000000263026e+03,1.221418121126034984e-01
2.076900000000262935e+03,1.212505150014700217e-01
2.077000000000262844e+03,1.203593123920773389e-01
2.077100000000263208e+03,1.193804060061154776e-01
2.077200000000263117e+03,1.184027309785612575e-01
2.077300000000263026e+03,1.174250882668989859e-01
2.077400000000263390e+03,1.164474778752821044e-01
2.077500000000263299e+03,1.154698998078765165e-01
2.077600000000263208e+03,1.144923540688355806e-01
2.077700000000263117e+03,1.135148406623164574e-01
2.077800000000263026e+03,1.125373595924769599e-01
2.077900000000263390e+03,1.115599108634700298e-01
2.078000000000263299e+03,1.105824738899133519e-01
2.078100000000263208e+03,1.095307359240369760e-01
2.078200000000263572e+03,1.084790424754562416e-01
2.078300000000263481e+03,1.074273935485969972e-01
2.078400000000263390e+03,1.063757891478701867e-01
2.078500000000263299e+03,1.053242292776915973e-01
2.078600000000263208e+03,1.042727139424771965e-01
2.078700000000263572e+03,1.032212431466375674e-01
2.078800000000263481e+03,1.021698168945977397e-01
2.078900000000263390e+03,1.011184351907684770e-01
2.079000000000263753e+03,1.000670980394111759e-01
2.079100000000263663e+03,9.895936783792882996e-02
2.079200000000263572e+03,9.785174376452361600e-02
2.079300000000263481e+03,9.674422581826860879e-02
2.079400000000263390e+03,9.563681399823710516e-02
2.079500000000263753e+03,9.452950830349675371e-02
2.079600000000263663e+03,9.342230873313007999e-02
2.079700000000263572e+03,9.231521528620439954e-02
2.079800000000263935e+03,9.120822796178676417e-02
2.079900000000263844e+03,9.010159205360164514e-02
2.080000000000263753e+03,8.899521561358823829e-02
2.080100000000263663e+03,8.785949090977077103e-02
2.080200000000263572e+03,8.672382036867549993e-02
2.080300000000263935e+03,8.558839624647425481e-02
2.080400000000263844e+03,8.445381571623324091e-02
2.080500000000263753e+03,8.331926289315498557e-02
2.080600000000264117e+03,8.218473778283320874e-02
2.080700000000264026e+03,8.105017221811627870e-02
2.080800000000263935e+03,7.991534283954569717e-02
2.080900000000263844e+03,7.878055143413607853e-02
2.081000000000263753e+03,7.764579800692333889e-02
2.081100000000264117e+03,7.650542962288585380e-02
2.081200000000264026e+03,7.536501364783128321e-02
2.081300000000263935e+03,7.422379745274176877e-02
2.081400000000264299e+03,7.308261599998332192e-02
2.081500000000264208e+03,7.194146929593769890e-02
2.081600000000264117e+03,7.080035734697102956e-02
2.081700000000264026e+03,6.965928015945482832e-02
2.081800000000263935e+03,6.851823773976009613e-02
2.081900000000264299e+03,6.737713346077139898e-02
2.082000000000264208e+03,6.623597333429825929e-02
2.082100000000264117e+03,6.649366178361980351e-02
2.082200000000264481e+03,6.675278185104586981e-02
2.082300000000264390e+03,6.701199432385214483e-02
2.082400000000264299e+03,6.727119716119074611e-02
2.082500000000264208e+03,6.753039036168423381e-02
2.082600000000264117e+03,6.778928206570619674e-02
2.082700000000264481e+03,6.804766202203096914e-02
2.082800000000264390e+03,6.830602633535275137e-02
2.082900000000264299e+03,6.856416066106374441e-02
2.083000000000264663e+03,6.882191596070585948e-02
2.083100000000264572e+03,6.955768099141339256e-02
2.083200000000264481e+03,7.029322819927437405e-02
2.083300000000264390e+03,7.102871405613142564e-02
2.083400000000264299e+03,7.176413856179889028e-02
2.083500000000264663e+03,7.249950171609448324e-02
2.083600000000264572e+03,7.323480351882592776e-02
2.083700000000264481e+03,7.397007543248278194e-02
2.083800000000264845e+03,7.470511602344206969e-02
2.083900000000264754e+03,7.544009253029618223e-02
2.084000000000264663e+03,7.617500495325513210e-02
2.084100000000264572e+03,7.692742171445336730e-02
2.084200000000264481e+03,7.767980233714824601e-02
2.084300000000264845e+03,7.843214681737505078e-02
2.084400000000264754e+03,7.918445515115893341e-02
2.084500000000264663e+03,7.993672733453564827e-02
2.084600000000265027e+03,8.068896336354131060e-02
2.084700000000264936e+03,8.144116323420200199e-02
2.084800000000264845e+03,8.219332694255440663e-02
2.084900000000264754e+03,8.294545448463201687e-02
2.085000000000264663e+03,8.369819491385446786e-02
2.085100000000265027e+03,8.445840688954801834e-02
2.085200000000264936e+03,8.521857376082221658e-02
2.085300000000264845e+03,8.597869552666147219e-02
2.085400000000265209e+03,8.673877218605000050e-02
2.085500000000265118e+03,8.749880373796198318e-02
2.085600000000265027e+03,8.825891821758090339e-02
2.085700000000264936e+03,8.901911452920738266e-02
2.085800000000264845e+03,8.977970623688436014e-02
2.085900000000265209e+03,9.054087956905444712e-02
2.086000000000265118e+03,9.130202983394468397e-02
2.086100000000265027e+03,9.206318979849230366e-02
2.086200000000265391e+03,9.282431598105336801e-02
2.086300000000265300e+03,9.358447907777564523e-02
2.086400000000265209e+03,9.434443098442900355e-02
2.086500000000265118e+03,9.510433139246125822e-02
2.086600000000265027e+03,9.586418030007809454e-02
2.086700000000265391e+03,9.662365385278426366e-02
2.086800000000265300e+03,9.738226264387912778e-02
2.086900000000265209e+03,9.814080222779045237e-02
2.087000000000265572e+03,9.889927260451145119e-02
2.087100000000265482e+03,9.965134447934349826e-02
2.087200000000265391e+03,1.004042828825045669e-01
2.087300000000265300e+03,1.011576647405508927e-01
2.087400000000265209e+03,1.019110255675054061e-01
2.087500000000265572e+03,1.026640792659852253e-01
2.087600000000265482e+03,1.034173018394320825e-01
2.087700000000265391e+03,1.041715266637768256e-01
2.087800000000265754e+03,1.049257470492682837e-01
2.087900000000265663e+03,1.056799629906925719e-01
2.088000000000265572e+03,1.064341744827992237e-01
2.088100000000265482e+03,1.071706767016757378e-01
2.088200000000265391e+03,1.079071800734855424e-01
2.088300000000265754e+03,1.086436845941549517e-01
2.088400000000265663e+03,1.093801902595998021e-01
2.088500000000265572e+03,1.101166597355799637e-01
2.088600000000265936e+03,1.108518760239127487e-01
2.088700000000265845e+03,1.115870763148799211e-01
2.088800000000265754e+03,1.123222606049658900e-01
2.088900000000265663e+03,1.130574288906514013e-01
2.089000000000265572e+03,1.137931968766704299e-01
2.089100000000265936e+03,1.144996684610826848e-01
2.089200000000265845e+03,1.152061117919400690e-01
2.089300000000265754e+03,1.159125268657700408e-01
2.089400000000266118e+03,1.166189136790998782e-01
2.089500000000266027e+03,1.173252722284474775e-01
2.089600000000265936e+03,1.180316025103402972e-01
2.089700000000265845e+03,1.187379045213023954e-01
2.089800000000265754e+03,1.194441782578585520e-01
2.089900000000266118e+03,1.201499546353166498e-01
2.090000000000266027e+03,1.208547612735189070e-01
2.090100000000265936e+03,1.215220283034300769e-01
2.090200000000266300e+03,1.221892632991897765e-01
2.090300000000266209e+03,1.228564662585059641e-01
2.090400000000266118e+03,1.235236371790963822e-01
2.090500000000266027e+03,1.241907760586754006e-01
2.090600000000265936e+03,1.248578828949576669e-01
2.090700000000266300e+03,1.255249576856609095e-01
2.090800000000266209e+03,1.261923030423763581e-01
2.090900000000266118e+03,1.268607930629686853e-01
2.091000000000266482e+03,1.275292665696468875e-01
2.091100000000266391e+03,1.281521881192442813e-01
2.091200000000266300e+03,1.287751281665354408e-01
2.091300000000266209e+03,1.293980867067522078e-01
2.091400000000266118e+03,1.300210637351257303e-01
2.091500000000266482e+03,1.306440592468898487e-01
2.091600000000266391e+03,1.312670732372693827e-01
2.091700000000266300e+03,1.318899880740520558e-01
2.091800000000266664e+03,1.325114950453460672e-01
2.091900000000266573e+03,1.331330060030310736e-01
2.092000000000266482e+03,1.337545209420339110e-01
2.092100000000266391e+03,1.343135728635995452e-01
2.092200000000266300e+03,1.348726055099747911e-01
2.092300000000266664e+03,1.354316188789563835e-01
2.092400000000266573e+03,1.359906129683330633e-01
2.092500000000266482e+03,1.365495877759008991e-01
2.092600000000266846e+03,1.371085432994566256e-01
2.092700000000266755e+03,1.376689984609084927e-01
2.092800000000266664e+03,1.382295315476756714e-01
2.092900000000266573e+03,1.387900583629493312e-01
2.093000000000266482e+03,1.393505789036533771e-01
2.093100000000266846e+03,1.398370028837211954e-01
2.093200000000266755e+03,1.403223862819154844e-01
2.093300000000266664e+03,1.408077310813862226e-01
2.093400000000267028e+03,1.412936326106181972e-01
2.093500000000266937e+03,1.417795419324396899e-01
2.093600000000266846e+03,1.422654170327206924e-01
2.093700000000266755e+03,1.427512579110187252e-01
2.093800000000266664e+03,1.432370645668913645e-01
2.093900000000267028e+03,1.437228369998986566e-01
2.094000000000266937e+03,1.442085752093951456e-01
2.094100000000266846e+03,1.446198807969714117e-01
2.094200000000267210e+03,1.450311924254647777e-01
2.094300000000267119e+03,1.454427980403147080e-01
2.094400000000267028e+03,1.458544123348843868e-01
2.094500000000266937e+03,1.462660342928697177e-01
2.094600000000266846e+03,1.466776639107881808e-01
2.094700000000267210e+03,1.470893011851593934e-01
2.094800000000267119e+03,1.475009363863043210e-01
2.094900000000267028e+03,1.479121671047059494e-01
2.095000000000267391e+03,1.483233360721541438e-01
2.095100000000267300e+03,1.486443312517115312e-01
2.095200000000267210e+03,1.489644746997058899e-01
2.095300000000267119e+03,1.492842252515559631e-01
2.095400000000267028e+03,1.496039748904462452e-01
2.095500000000267391e+03,1.499237236144163599e-01
2.095600000000267300e+03,1.502434714215013511e-01
2.095700000000267210e+03,1.505632183097405652e-01
2.095800000000267573e+03,1.508829642771730706e-01
2.095900000000267482e+03,1.512027093218338281e-01
2.096000000000267391e+03,1.515224534414747470e-01
2.096100000000267300e+03,1.517348695459445895e-01
2.096200000000267210e+03,1.519472618311992484e-01
2.096300000000267573e+03,1.521596302981060300e-01
2.096400000000267482e+03,1.523719749475292984e-01
2.096500000000267391e+03,1.525842957803366373e-01
2.096600000000267755e+03,1.527965927973951032e-01
2.096700000000267664e+03,1.530088659995688105e-01
2.096800000000267573e+03,1.532226598174740440e-01
2.096900000000267482e+03,1.534366745284256872e-01
2.097000000000267391e+03,1.536506703694912046e-01
2.097100000000267755e+03,1.537617564952188653e-01
2.097200000000267664e+03,1.538722996699775913e-01
2.097300000000267573e+03,1.539815843358665337e-01
2.097400000000267937e+03,1.540908625603718551e-01
2.097500000000267846e+03,1.542001343431057547e-01
2.097600000000267755e+03,1.543093996836821247e-01
2.097700000000267664e+03,1.544186585817145241e-01
2.097800000000267573e+03,1.545276510006068360e-01
2.097900000000267937e+03,1.546365896418671337e-01
2.098000000000267846e+03,1.547455214078878039e-01
2.098100000000267755e+03,1.547480532964615463e-01
2.098200000000268119e+03,1.547505847328576878e-01
2.098300000000268028e+03,1.547531157170570493e-01
2.098400000000267937e+03,1.547556462490409235e-01
2.098500000000267846e+03,1.547581890849319963e-01
2.098600000000267755e+03,1.547611600830866019e-01
2.098700000000268119e+03,1.547641306448628851e-01
2.098800000000268028e+03,1.547671007702384471e-01
2.098900000000267937e+03,1.547700704591901122e-01
2.099000000000268301e+03,1.547729636042518009e-01
2.099100000000268210e+03,1.546471210206783464e-01
2.099200000000268119e+03,1.545212897399432794e-01
2.099300000000268028e+03,1.543954697618257210e-01
2.099400000000267937e+03,1.542696610861049311e-01
2.099500000000268301e+03,1.541438637125594480e-01
2.099600000000268210e+03,1.540180776409697250e-01
2.099700000000268119e+03,1.538923028711143004e-01
2.099800000000268483e+03,1.537665394027718513e-01
2.099900000000268392e+03,1.536407872357228865e-01
2.100000000000268301e+03,1.535166787441170355e-01
2.100100000000268210e+03,1.532681943104881317e-01
2.100200000000268119e+03,1.530197365289545641e-01
2.100300000000268483e+03,1.527713053985556568e-01
2.100400000000268392e+03,1.525237509619134235e-01
2.100500000000268301e+03,1.522775796310423535e-01
2.100600000000268665e+03,1.520314277578353745e-01
2.100700000000268574e+03,1.517852953424400075e-01
2.100800000000268483e+03,1.515391823849995268e-01
2.100900000000268392e+03,1.512915836213357124e-01
2.101000000000268301e+03,1.510430715423861370e-01
2.101100000000268665e+03,1.506821404190883118e-01
2.101200000000268574e+03,1.503212021607778226e-01
2.101300000000268483e+03,1.499606534153996862e-01
2.101400000000268847e+03,1.496021026072332505e-01
2.101500000000268756e+03,1.492435331047126112e-01
2.101600000000268665e+03,1.488849449100604350e-01
2.101700000000268574e+03,1.485263380255019972e-01
2.101800000000268483e+03,1.481682241079852747e-01
2.101900000000268847e+03,1.478102453610646017e-01
2.102000000000268756e+03,1.474522446962471534e-01
2.102100000000268665e+03,1.469703990358295909e-01
2.102200000000269029e+03,1.464885254255518798e-01
2.102300000000268938e+03,1.460062364955685144e-01
2.102400000000268847e+03,1.455239368612457340e-01
2.102500000000268756e+03,1.450416265258140935e-01
2.102600000000268665e+03,1.445593054925043419e-01
2.102700000000269029e+03,1.440769737645451187e-01
2.102800000000268938e+03,1.435946313451720302e-01
2.102900000000268847e+03,1.431122782376145208e-01
2.103000000000269210e+03,1.426299144447644718e-01
2.103100000000269119e+03,1.420222192272904693e-01
2.103200000000269029e+03,1.414161585802665988e-01
2.103300000000268938e+03,1.408102023568167660e-01
2.103400000000268847e+03,1.402042850737842128e-01
2.103500000000269210e+03,1.395984067334581913e-01
2.103600000000269119e+03,1.389925673381355309e-01
2.103700000000269029e+03,1.383867668901049286e-01
2.103800000000269392e+03,1.377810053916548039e-01
2.103900000000269301e+03,1.371752828450814032e-01
2.104000000000269210e+03,1.365695992523922597e-01
2.104100000000269119e+03,1.358582807110373658e-01
2.104200000000269029e+03,1.351465266266794196e-01
2.104300000000269392e+03,1.344347856368946492e-01
2.104400000000269301e+03,1.337230577450713442e-01
2.104500000000269210e+03,1.330105177765091851e-01
2.104600000000269574e+03,1.322957403182555003e-01
2.104700000000269483e+03,1.315810091782881053e-01
2.104800000000269392e+03,1.308664668869093661e-01
2.104900000000269301e+03,1.301520861221478476e-01
2.105000000000269210e+03,1.294388064031989360e-01
2.105100000000269574e+03,1.286273430343592705e-01
2.105200000000269483e+03,1.278158655453935921e-01
2.105300000000269392e+03,1.270043739425961715e-01
2.105400000000269756e+03,1.261928682322612794e-01
2.105500000000269665e+03,1.253813484206944551e-01
2.105600000000269574e+03,1.245698145141909546e-01
2.105700000000269483e+03,1.237582665190494063e-01
2.105800000000269392e+03,1.229467044415691601e-01
2.105900000000269756e+03,1.221351423820494081e-01
2.106000000000269665e+03,1.213238980740697637e-01
2.106100000000269574e+03,1.204172948335551496e-01
2.106200000000269938e+03,1.195107443694797544e-01
2.106300000000269847e+03,1.186042466846883719e-01
2.106400000000269756e+03,1.176978017820134309e-01
2.106500000000269665e+03,1.167914096642911903e-01
2.106600000000269574e+03,1.158850703343579508e-01
2.106700000000269938e+03,1.149787837950457109e-01
2.106800000000269847e+03,1.140725500491988204e-01
2.106900000000269756e+03,1.131663690996489308e-01
2.107000000000270120e+03,1.122602409490209979e-01
2.107100000000270029e+03,1.112777155686183045e-01
2.107200000000269938e+03,1.102952646134235937e-01
2.107300000000269847e+03,1.093140061629785109e-01
2.107400000000269756e+03,1.083329551753415554e-01
2.107500000000270120e+03,1.073519557475194480e-01
2.107600000000270029e+03,1.063710078833219469e-01
2.107700000000269938e+03,1.053897264343857942e-01
2.107800000000270302e+03,1.044076698713573698e-01
2.107900000000270211e+03,1.034256877459071716e-01
2.108000000000270120e+03,1.024437800590789899e-01
2.108100000000270029e+03,1.014055092775043576e-01
2.108200000000269938e+03,1.003672710994243100e-01
2.108300000000270302e+03,9.932930163855409333e-02
2.108400000000270211e+03,9.829171185998333837e-02
2.108500000000270120e+03,9.725414232519626057e-02
2.108600000000270484e+03,9.621679984897019144e-02
2.108700000000270393e+03,9.518037658015658653e-02
2.108800000000270302e+03,9.414394941329069788e-02
2.108900000000270211e+03,9.310751835365846385e-02
2.109000000000270120e+03,9.207108340644196143e-02
2.109100000000270484e+03,9.099541117910624199e-02
2.109200000000270393e+03,8.991934644101318153e-02
2.109300000000270302e+03,8.884329085669145920e-02
2.109400000000270666e+03,8.776685990701155182e-02
2.109500000000270575e+03,8.669005343298827326e-02
2.109600000000270484e+03,8.561296965552005200e-02
2.109700000000270393e+03,8.453615811276606051e-02
2.109800000000270302e+03,8.345938301011031346e-02
2.109900000000270666e+03,8.238264435543174447e-02
2.110000000000270575e+03,8.130594215657047097e-02
2.110100000000270484e+03,8.020954528966242614e-02
2.110200000000270848e+03,7.911325349358662440e-02
2.110300000000270757e+03,7.801706676860839518e-02
2.110400000000270666e+03,7.692098511497820479e-02
2.110500000000270575e+03,7.582419115788950614e-02
2.110600000000270484e+03,7.472746157328988281e-02
2.110700000000270848e+03,7.363086257029420600e-02
2.110800000000270757e+03,7.253439414549696374e-02
2.110900000000270666e+03,7.143835684980746892e-02
2.111000000000271029e+03,7.034296382026317129e-02
2.111100000000270938e+03,6.330936003154430392e-02
2.111200000000270848e+03,5.627560219803470765e-02
2.111300000000270757e+03,4.924169037025691309e-02
2.111400000000270666e+03,4.220723311455145538e-02
2.111500000000271029e+03,3.517272431776375524e-02
2.111600000000270938e+03,2.813823960404326918e-02
2.111700000000270848e+03,2.110372475759270117e-02
2.111800000000271211e+03,1.406923179662007001e-02
2.111900000000271120e+03,7.034764931177169001e-03
2.112000000000271029e+03,1.926406339417657069e-11
2.112100000000270938e+03,7.107510496378048083e-03
2.112200000000270848e+03,1.421456426427651805e-02
2.112300000000271211e+03,2.132132698020782965e-02
2.112400000000271120e+03,2.842785343651379332e-02
2.112500000000271029e+03,3.553408856996340126e-02
2.112600000000271393e+03,4.264003234607476739e-02
2.112700000000271302e+03,4.974568473026926702e-02
2.112800000000271211e+03,5.685104568806548936e-02
2.112900000000271120e+03,6.395611518494952186e-02
2.113000000000271029e+03,7.106089316908266451e-02
2.113100000000271393e+03,7.177320292150364545e-02
2.113200000000271302e+03,7.248550133983470978e-02
2.113300000000271211e+03,7.319778841804593095e-02
2.113400000000271575e+03,7.391006415010750730e-02
2.113500000000271484e+03,7.462232852997904842e-02
2.113600000000271393e+03,7.533499506790949929e-02
2.113700000000271302e+03,7.604701683654832567e-02
2.113800000000271211e+03,7.675899940254461706e-02
2.113900000000271575e+03,7.747096597610013402e-02
2.114000000000271484e+03,7.818291655172725230e-02
2.114100000000271393e+03,7.890982416150857381e-02
2.114200000000271757e+03,7.963676914401697504e-02
2.114300000000271666e+03,8.036375149445842969e-02
2.114400000000271575e+03,8.109077120804786265e-02
2.114500000000271484e+03,8.181782827999664609e-02
2.114600000000271393e+03,8.254573385707492106e-02
2.114700000000271757e+03,8.327384205709015275e-02
2.114800000000271666e+03,8.400200452984378507e-02
2.114900000000271575e+03,8.473022127185159125e-02
2.115000000000271939e+03,8.545821418401305936e-02
2.115100000000271848e+03,8.618555654444783054e-02
2.115200000000271757e+03,8.691284399128662574e-02
2.115300000000271666e+03,8.764007652215508037e-02
2.115400000000271575e+03,8.836725413467849677e-02
2.115500000000271939e+03,8.909437682648636836e-02
2.115600000000271848e+03,8.982144459519796065e-02
2.115700000000271757e+03,9.054845743844286421e-02
2.115800000000272121e+03,9.127541535385096105e-02
2.115900000000272030e+03,9.200231833904233547e-02
2.116000000000271939e+03,9.272916639165126873e-02
2.116100000000271848e+03,9.345750890471611616e-02
2.116200000000271757e+03,9.418585816467105187e-02
2.116300000000272121e+03,9.491421416675034639e-02
2.116400000000272030e+03,9.564192495937798300e-02
2.116500000000271939e+03,9.636916777561935210e-02
2.116600000000272303e+03,9.709640036404468266e-02
2.116700000000272212e+03,9.782362271964215039e-02
2.116800000000272121e+03,9.855083483740995076e-02
2.116900000000272030e+03,9.927803671234225469e-02
2.117000000000271939e+03,1.000052118543033747e-01
2.117100000000272303e+03,1.007215269850386258e-01
2.117200000000272212e+03,1.014378282367886380e-01
2.117300000000272121e+03,1.021541156035849218e-01
2.117400000000272485e+03,1.028703890794588488e-01
2.117500000000272394e+03,1.035866486584318819e-01
2.117600000000272303e+03,1.043028943345353787e-01
2.117700000000272212e+03,1.050191261017977412e-01
2.117800000000272121e+03,1.057364415478445618e-01
2.117900000000272485e+03,1.064538921738314992e-01
2.118000000000272394e+03,1.071713455769994217e-01
2.118100000000272303e+03,1.078637082753247378e-01
2.118200000000272667e+03,1.085559980755194803e-01
2.118300000000272576e+03,1.092482149743321251e-01
2.118400000000272485e+03,1.099403589685214455e-01
2.118500000000272394e+03,1.106324300548434947e-01
2.118600000000272303e+03,1.113244282300547006e-01
2.118700000000272667e+03,1.120173476740018159e-01
2.118800000000272576e+03,1.127105182120033827e-01
2.118900000000272485e+03,1.134034179298281791e-01
2.119000000000272848e+03,1.140962470703664744e-01
2.119100000000272757e+03,1.147679418746848923e-01
2.119200000000272667e+03,1.154385868620124711e-01
2.119300000000272576e+03,1.161092475230172810e-01
2.119400000000272485e+03,1.167799175222196534e-01
2.119500000000272848e+03,1.174500798618008240e-01
2.119600000000272757e+03,1.181202518189160694e-01
2.119700000000272667e+03,1.187904333897905340e-01
2.119800000000273030e+03,1.194606245706482661e-01
2.119900000000272939e+03,1.201308253577041962e-01
2.120000000000272848e+03,1.208010357470488128e-01
2.120100000000272757e+03,1.214224614007610448e-01
2.120200000000272667e+03,1.220437848084883481e-01
2.120300000000273030e+03,1.226650059761831557e-01
2.120400000000272939e+03,1.232861249097897960e-01
2.120500000000272848e+03,1.239071416152609934e-01
2.120600000000273212e+03,1.245280560985497359e-01
2.120700000000273121e+03,1.251488910580294267e-01
2.120800000000273030e+03,1.257699598877043690e-01
2.120900000000272939e+03,1.263909300531483038e-01
2.121000000000272848e+03,1.270118015593464100e-01
2.121100000000273212e+03,1.275964765322370187e-01
2.121200000000273121e+03,1.281816398714804017e-01
2.121300000000273030e+03,1.287668209880039050e-01
2.121400000000273394e+03,1.293525838176129428e-01
2.121500000000273303e+03,1.299393155701316638e-01
2.121600000000273212e+03,1.305260787150949453e-01
2.121700000000273121e+03,1.311128732498536842e-01
2.121800000000273030e+03,1.316996991717583887e-01
2.121900000000273394e+03,1.322865564781619263e-01
2.122000000000273303e+03,1.328734451662482996e-01
2.122100000000273212e+03,1.334019225675880937e-01
2.122200000000273576e+03,1.339304187151642012e-01
2.122300000000273485e+03,1.344589336063405915e-01
2.122400000000273394e+03,1.349872525702620896e-01
2.122500000000273303e+03,1.355155351899658411e-01
2.122600000000273212e+03,1.360436146863123197e-01
2.122700000000273576e+03,1.365715402753328034e-01
2.122800000000273485e+03,1.370983935104108653e-01
2.122900000000273394e+03,1.376247404049130429e-01
2.123000000000273758e+03,1.381510886659439441e-01
2.123100000000273667e+03,1.385985921056082371e-01
2.123200000000273576e+03,1.390462048906118409e-01
2.123300000000273485e+03,1.394951758878262560e-01
2.123400000000273394e+03,1.399440790203201335e-01
2.123500000000273758e+03,1.403929142900172955e-01
2.123600000000273667e+03,1.408416816988358466e-01
2.123700000000273576e+03,1.412903812487001920e-01
2.123800000000273940e+03,1.417385196538709369e-01
2.123900000000273849e+03,1.421858889528105907e-01
2.124000000000273758e+03,1.426331828767166132e-01
2.124100000000273667e+03,1.430116144279586776e-01
2.124200000000273576e+03,1.433900220081342491e-01
2.124300000000273940e+03,1.437684056157593482e-01
2.124400000000273849e+03,1.441467652493447216e-01
2.124500000000273758e+03,1.445251009074068616e-01
2.124600000000274122e+03,1.449027010058211995e-01
2.124700000000274031e+03,1.452792962682411815e-01
2.124800000000273940e+03,1.456558587868530541e-01
2.124900000000273849e+03,1.460323885613146744e-01
2.125000000000273758e+03,1.464088855910743725e-01
2.125100000000274122e+03,1.467086966380743152e-01
2.125200000000274031e+03,1.470085150397295592e-01
2.125300000000273940e+03,1.473083407938476919e-01
2.125400000000274304e+03,1.476076736141768153e-01
2.125500000000274213e+03,1.479064092108581807e-01
2.125600000000274122e+03,1.482039278544658445e-01
2.125700000000274031e+03,1.485014444479607343e-01
2.125800000000273940e+03,1.487989589889101294e-01
2.125900000000274304e+03,1.490960857251949767e-01
2.126000000000274213e+03,1.493930025875472301e-01
2.126100000000274122e+03,1.495867712754030132e-01
2.126200000000274486e+03,1.497805092992015863e-01
2.126300000000274395e+03,1.499739719253837256e-01
2.126400000000274304e+03,1.501672200908912569e-01
2.126500000000274213e+03,1.503604364960207107e-01
2.126600000000274122e+03,1.505536211432434435e-01
2.126700000000274486e+03,1.507467740350311725e-01
2.126800000000274395e+03,1.509398951738533390e-01
2.126900000000274304e+03,1.511340377953271086e-01
2.127000000000274667e+03,1.513288580621977575e-01
2.127100000000274576e+03,1.514211420942380426e-01
2.127200000000274486e+03,1.515134087225141479e-01
2.127300000000274395e+03,1.516056579481264432e-01
2.127400000000274304e+03,1.516978897721749930e-01
2.127500000000274667e+03,1.517901041957601671e-01
2.127600000000274576e+03,1.518823012199816136e-01
2.127700000000274486e+03,1.519744808459395080e-01
2.127800000000274849e+03,1.520666430747346920e-01
2.127900000000274758e+03,1.521594505616231385e-01
2.128000000000274667e+03,1.522528560078631743e-01
2.128100000000274576e+03,1.522492398776813527e-01
2.128200000000274486e+03,1.522456235291591020e-01
2.128300000000274849e+03,1.522420069623003636e-01
2.128400000000274758e+03,1.522383901771088566e-01
2.128500000000274667e+03,1.522347731735883836e-01
2.128600000000275031e+03,1.522311559517429136e-01
2.128700000000274940e+03,1.522278482569260072e-01
2.128800000000274849e+03,1.522253159573971892e-01
2.128900000000274758e+03,1.522227833766293115e-01
2.129000000000274667e+03,1.522202505143185336e-01
2.129100000000275031e+03,1.521071628774663120e-01
2.129200000000274940e+03,1.519940782128263168e-01
2.129300000000274849e+03,1.518809965212604696e-01
2.129400000000275213e+03,1.517677664698700857e-01
2.129500000000275122e+03,1.516543899855807842e-01
2.129600000000275031e+03,1.515410169276653618e-01
2.129700000000274940e+03,1.514276472969636467e-01
2.129800000000274849e+03,1.513142810943148564e-01
2.129900000000275213e+03,1.512009183205583196e-01
2.130000000000275122e+03,1.510875589762115945e-01
2.130100000000275031e+03,1.508569683197410749e-01
2.130200000000275395e+03,1.506263975572178782e-01
2.130300000000275304e+03,1.503958466886173295e-01
2.130400000000275213e+03,1.501653157139112571e-01
2.130500000000275122e+03,1.499346622799534179e-01
2.130600000000275031e+03,1.497024293439487841e-01
2.130700000000275395e+03,1.494702217057680693e-01
2.130800000000275304e+03,1.492380393645027226e-01
2.130900000000275213e+03,1.490058823192419724e-01
2.131000000000275577e+03,1.487728556504322730e-01
2.131100000000275486e+03,1.484247261058024292e-01
2.131200000000275395e+03,1.480766428631083709e-01
2.131300000000275304e+03,1.477286059217482184e-01
2.131400000000275213e+03,1.473806152811198977e-01
2.131500000000275577e+03,1.470326709406201415e-01
2.131600000000275486e+03,1.466847728996491240e-01
2.131700000000275395e+03,1.463369211576024398e-01
2.131800000000275759e+03,1.459891157138754614e-01
2.131900000000275668e+03,1.456413565678673361e-01
2.132000000000275577e+03,1.452936437186658769e-01
2.132100000000275486e+03,1.448345755330781859e-01
2.132200000000275395e+03,1.443755582174077179e-01
2.132300000000275759e+03,1.439165917699582464e-01
2.132400000000275668e+03,1.434576761890397345e-01
2.132500000000275577e+03,1.429988114729560666e-01
2.132600000000275941e+03,1.425399976200108498e-01
2.132700000000275850e+03,1.420812346285140748e-01
2.132800000000275759e+03,1.416225224967693763e-01
2.132900000000275668e+03,1.411637623041329670e-01
2.133000000000275577e+03,1.407048730942716819e-01
2.133100000000275941e+03,1.401406787597367365e-01
2.133200000000275850e+03,1.395765121067118752e-01
2.133300000000275759e+03,1.390123731387496731e-01
2.133400000000276123e+03,1.384482618594026770e-01
2.133500000000276032e+03,1.378841782722310672e-01
2.133600000000275941e+03,1.373201223807865023e-01
2.133700000000275850e+03,1.367560941886236670e-01
2.133800000000275759e+03,1.361926622005859844e-01
2.133900000000276123e+03,1.356292985527084993e-01
2.134000000000276032e+03,1.350659575307968097e-01
2.134100000000275941e+03,1.343963732190850136e-01
2.134200000000276304e+03,1.337268301740495713e-01
2.134300000000276214e+03,1.330573283986287714e-01
2.134400000000276123e+03,1.323878678957518540e-01
2.134500000000276032e+03,1.317184486683508626e-01
2.134600000000275941e+03,1.310490707193572857e-01
2.134700000000276304e+03,1.303812514943742118e-01
2.134800000000276214e+03,1.297134583540684727e-01
2.134900000000276123e+03,1.290456909540885211e-01
2.135000000000276486e+03,1.283779492979733317e-01
2.135100000000276395e+03,1.276061003827057283e-01
2.135200000000276304e+03,1.268343684678234218e-01
2.135300000000276214e+03,1.260627535472620131e-01
2.135400000000276123e+03,1.252912556149571310e-01
2.135500000000276486e+03,1.245198746648402133e-01
2.135600000000276395e+03,1.237486106908535638e-01
2.135700000000276304e+03,1.229774636869287591e-01
2.135800000000276668e+03,1.222064336469969037e-01
2.135900000000276577e+03,1.214355205649998992e-01
2.136000000000276486e+03,1.206647244346453485e-01
2.136100000000276395e+03,1.198131796312093683e-01
2.136200000000276304e+03,1.189617043735069352e-01
2.136300000000276668e+03,1.181102986619568807e-01
2.136400000000276577e+03,1.172589150783545087e-01
2.136500000000276486e+03,1.164074178970530143e-01
2.136600000000276850e+03,1.155559936407144911e-01
2.136700000000276759e+03,1.147046423093404655e-01
2.136800000000276668e+03,1.138533639029207511e-01
2.136900000000276577e+03,1.130021584214488395e-01
2.137000000000276486e+03,1.121510258647332864e-01
2.137100000000276850e+03,1.112330638919249576e-01
2.137200000000276759e+03,1.103150605915542426e-01
2.137300000000276668e+03,1.093970159713287538e-01
2.137400000000277032e+03,1.084789300389572692e-01
2.137500000000276941e+03,1.075608028021617368e-01
2.137600000000276850e+03,1.066426342686524198e-01
2.137700000000276759e+03,1.057244244461446742e-01
2.137800000000276668e+03,1.048061733423546332e-01
2.137900000000277032e+03,1.038878809649953633e-01
2.138000000000276941e+03,1.029695473216105800e-01
2.138100000000276850e+03,1.019852210292211542e-01
2.138200000000277214e+03,1.010003686856555255e-01
2.138300000000277123e+03,1.000156129856443060e-01
2.138400000000277032e+03,9.903095392696092958e-02
2.138500000000276941e+03,9.804639150738332642e-02
2.138600000000276850e+03,9.706192572468939905e-02
2.138700000000277214e+03,9.607755657665269233e-02
2.138800000000277123e+03,9.509226789338476316e-02
2.138900000000277032e+03,9.410700698568631728e-02
2.139000000000277396e+03,9.312186561646657035e-02
2.139100000000277305e+03,9.209039656419001907e-02
2.139200000000277214e+03,9.105953696790849983e-02
2.139300000000277123e+03,9.002958159514459768e-02
2.139400000000277032e+03,8.899983710811681936e-02
2.139500000000277396e+03,8.797030348441109426e-02
2.139600000000277305e+03,8.694098070162881164e-02
2.139700000000277214e+03,8.591186873735845442e-02
2.139800000000277578e+03,8.488296756918974062e-02
2.139900000000277487e+03,8.385424092606198754e-02
2.140000000000277396e+03,8.282510455086980472e-02
2.140100000000277305e+03,8.177915558574620769e-02
2.140200000000277214e+03,8.073329126954105484e-02
2.140300000000277578e+03,7.968751160350807938e-02
2.140400000000277487e+03,7.864181658891494786e-02
2.140500000000277396e+03,7.759620622701472736e-02
2.140600000000277760e+03,7.655009290370004549e-02
2.140700000000277669e+03,7.550378086060972882e-02
2.140800000000277578e+03,7.445757781295100908e-02
2.140900000000277487e+03,7.341148375902389889e-02
2.141000000000277396e+03,7.236549867995038798e-02
2.141100000000277760e+03,6.512729851404533421e-02
2.141200000000277669e+03,5.788946492485935735e-02
2.141300000000277578e+03,5.065195816201820828e-02
2.141400000000277942e+03,4.341466788494708490e-02
2.141500000000277851e+03,3.617780960364950366e-02
2.141600000000277760e+03,2.894138337086163415e-02
2.141700000000277669e+03,2.170538923934510131e-02
2.141800000000277578e+03,1.446982726185439168e-02
2.141900000000277942e+03,7.234697491103762694e-03
2.142000000000277851e+03,1.868921804196436514e-11
2.142100000000277760e+03,6.725799000898578274e-03
2.142200000000278123e+03,1.345053061207856886e-02
2.142300000000278033e+03,2.017429930442395797e-02
2.142400000000277942e+03,2.689707034244308292e-02
2.142500000000277851e+03,3.361884378755799346e-02
2.142600000000277760e+03,4.033961970119058493e-02
2.142700000000278123e+03,4.705939814479314504e-02
2.142800000000278033e+03,5.377817917972597950e-02
2.142900000000277942e+03,6.049655189927703042e-02
2.143000000000278305e+03,6.721418639211333701e-02
2.143100000000278214e+03,6.788202016943330197e-02
2.143200000000278123e+03,6.854975995989670556e-02
2.143300000000278033e+03,6.921718694566940389e-02
2.143400000000277942e+03,6.988392286417258181e-02
2.143500000000278305e+03,7.055029590103764625e-02
2.143600000000278214e+03,7.121652782172217810e-02
2.143700000000278123e+03,7.188264495050041003e-02
2.143800000000278487e+03,7.254864729645033039e-02
2.143900000000278396e+03,7.321453486864068494e-02
2.144000000000278305e+03,7.388030767619108152e-02
2.144100000000278214e+03,7.456106038999742169e-02
2.144200000000278123e+03,7.524171705969898150e-02
2.144300000000278487e+03,7.592227769085073408e-02
2.144400000000278396e+03,7.660274228899816018e-02
2.144500000000278305e+03,7.728311085969619132e-02
2.144600000000278669e+03,7.796338340849948145e-02
2.144700000000278578e+03,7.864408893847626980e-02
2.144800000000278487e+03,7.932509791896043272e-02
2.144900000000278396e+03,8.000602675485191106e-02
2.145000000000278305e+03,8.068687544892652608e-02
2.145100000000278669e+03,8.137639900193040232e-02
2.145200000000278578e+03,8.206585632501432748e-02
2.145300000000278487e+03,8.275524741613179969e-02
2.145400000000278851e+03,8.344457227323712201e-02
2.145500000000278760e+03,8.413383089427597938e-02
2.145600000000278669e+03,8.482302327720422919e-02
2.145700000000278578e+03,8.551214941997543895e-02
2.145800000000278487e+03,8.620120932054378682e-02
2.145900000000278851e+03,8.689020297686750327e-02
2.146000000000278760e+03,8.757913038690599838e-02
2.146100000000278669e+03,8.827064480478190311e-02
2.146200000000279033e+03,8.896199661591928931e-02
2.146300000000278942e+03,8.965330454381477410e-02
2.146400000000278851e+03,9.034456858428888126e-02
2.146500000000278760e+03,9.103578873315960884e-02
2.146600000000278669e+03,9.172696498624549610e-02
2.146700000000279033e+03,9.241809733936867666e-02
2.146800000000278942e+03,9.310918578834266601e-02
2.146900000000278851e+03,9.380023032899034718e-02
2.147000000000279215e+03,9.449108926087167182e-02
2.147100000000279124e+03,9.517347531063209687e-02
2.147200000000279033e+03,9.585577398570380159e-02
2.147300000000278942e+03,9.653798528947396540e-02
2.147400000000278851e+03,9.722010922532971222e-02
2.147500000000279215e+03,9.790214579666159378e-02
2.147600000000279124e+03,9.858409500685104410e-02
2.147700000000279033e+03,9.926595685928915613e-02
2.147800000000279397e+03,9.994773135736710612e-02
2.147900000000279306e+03,1.006294185044669248e-01
2.148000000000279215e+03,1.013110183039275108e-01
2.148100000000279124e+03,1.019735859526669508e-01
2.148200000000279033e+03,1.026359962695987948e-01
2.148300000000279397e+03,1.032982492766419541e-01
2.148400000000279306e+03,1.039603449957043485e-01
2.148500000000279215e+03,1.046222834487009201e-01
2.148600000000279579e+03,1.052840646575443490e-01
2.148700000000279488e+03,1.059456886441361434e-01
2.148800000000279397e+03,1.066071554303850560e-01
2.148900000000279306e+03,1.072684650381943855e-01
2.149000000000279215e+03,1.079296174894226606e-01
2.149100000000279579e+03,1.085752676748790030e-01
2.149200000000279488e+03,1.092208355861977037e-01
2.149300000000279397e+03,1.098663212271738937e-01
2.149400000000279761e+03,1.105117246016024540e-01
2.149500000000279670e+03,1.111570457132697864e-01
2.149600000000279579e+03,1.118022845659708692e-01
2.149700000000279488e+03,1.124469610679256076e-01
2.149800000000279397e+03,1.130907149148339536e-01
2.149900000000279761e+03,1.137343714528284144e-01
2.150000000000279670e+03,1.143779306879794400e-01
2.150100000000279579e+03,1.149984109667696458e-01
2.150200000000279942e+03,1.156199506059062132e-01
2.150300000000279852e+03,1.162417858950758193e-01
2.150400000000279761e+03,1.168633310195345276e-01
2.150500000000279670e+03,1.174847474855697516e-01
2.150600000000279579e+03,1.181063382133367701e-01
2.150700000000279942e+03,1.187279205710779079e-01
2.150800000000279852e+03,1.193494945508883215e-01
2.150900000000279761e+03,1.199710601448717440e-01
2.151000000000280124e+03,1.205926173450050654e-01
2.151100000000280033e+03,1.211690127124848276e-01
2.151200000000279942e+03,1.217453335310138135e-01
2.151300000000279852e+03,1.223215798035421215e-01
2.151400000000279761e+03,1.228977515330191006e-01
2.151500000000280124e+03,1.234738487223973891e-01
2.151600000000280033e+03,1.240498713746220755e-01
2.151700000000279942e+03,1.246258194926455898e-01
2.151800000000280306e+03,1.252016930794215832e-01
2.151900000000280215e+03,1.257774921378951860e-01
2.152000000000280124e+03,1.263532166708754012e-01
2.152100000000280033e+03,1.268773410731611484e-01
2.152200000000279942e+03,1.274015811735559334e-01
2.152300000000280306e+03,1.279258574945238425e-01
2.152400000000280215e+03,1.284500299270187607e-01
2.152500000000280124e+03,1.289740984822753955e-01
2.152600000000280488e+03,1.294980631715272890e-01
2.152700000000280397e+03,1.300219240060005166e-01
2.152800000000280306e+03,1.305456809969275378e-01
2.152900000000280215e+03,1.310693341555375369e-01
2.153000000000280124e+03,1.315928834929183944e-01
2.153100000000280488e+03,1.320662289197050976e-01
2.153200000000280397e+03,1.325395205789353381e-01
2.153300000000280306e+03,1.330127584710817101e-01
2.153400000000280670e+03,1.334859425966166691e-01
2.153500000000280579e+03,1.339590729560073690e-01
2.153600000000280488e+03,1.344321495497271812e-01
2.153700000000280397e+03,1.349051723782477841e-01
2.153800000000280306e+03,1.353785906148383955e-01
2.153900000000280670e+03,1.358530912486211606e-01
2.154000000000280579e+03,1.363276728427001150e-01
2.154100000000280488e+03,1.367402871977353995e-01
2.154200000000280852e+03,1.371528771305833838e-01
2.154300000000280761e+03,1.375665972535083659e-01
2.154400000000280670e+03,1.379807503304534555e-01
2.154500000000280579e+03,1.383948885974360110e-01
2.154600000000280488e+03,1.388090120516971004e-01
2.154700000000280852e+03,1.392228686254461945e-01
2.154800000000280761e+03,1.396353339329837184e-01
2.154900000000280670e+03,1.400477748037030623e-01
2.155000000000281034e+03,1.404601912355000204e-01
2.155100000000280943e+03,1.408006617388838366e-01
2.155200000000280852e+03,1.411411137078658617e-01
2.155300000000280761e+03,1.414815471392844304e-01
2.155400000000280670e+03,1.418219620299784323e-01
2.155500000000281034e+03,1.421623583767883114e-01
2.155600000000280943e+03,1.425027361765508760e-01
2.155700000000280852e+03,1.428430954261071251e-01
2.155800000000281216e+03,1.431834361222990293e-01
2.155900000000281125e+03,1.435237582619639241e-01
2.156000000000281034e+03,1.438640618417230954e-01
2.156100000000280943e+03,1.441256168064781462e-01
2.156200000000280852e+03,1.443871616524455836e-01
2.156300000000281216e+03,1.446486963780563018e-01
2.156400000000281125e+03,1.449102209817363374e-01
2.156500000000281034e+03,1.451720381305412477e-01
2.156600000000281398e+03,1.454347642199472213e-01
2.156700000000281307e+03,1.456974845906095217e-01
2.156800000000281216e+03,1.459601992407925097e-01
2.156900000000281125e+03,1.462229081687584642e-01
2.157000000000281034e+03,1.464856113725045150e-01
2.157100000000281398e+03,1.466537874017561360e-01
2.157200000000281307e+03,1.468219417661012216e-01
2.157300000000281216e+03,1.469902431040518986e-01
2.157400000000281580e+03,1.471590176927841664e-01
2.157500000000281489e+03,1.473278620984020959e-01
2.157600000000281398e+03,1.474968893429471628e-01
2.157700000000281307e+03,1.476658971151971755e-01
2.157800000000281216e+03,1.478348854155021874e-01
2.157900000000281580e+03,1.480038542442123628e-01
2.158000000000281489e+03,1.481728036014047789e-01
2.158100000000281398e+03,1.482454494441514670e-01
2.158200000000281761e+03,1.483180829710749049e-01
2.158300000000281671e+03,1.483907041830004048e-01
2.158400000000281580e+03,1.484611042613785403e-01
2.158500000000281489e+03,1.485302367204823226e-01
2.158600000000281398e+03,1.485993534827122486e-01
2.158700000000281761e+03,1.486684545497550802e-01
2.158800000000281671e+03,1.487376673608248878e-01
2.158900000000281580e+03,1.488084720109896786e-01
2.159000000000281943e+03,1.488792626618901938e-01
2.159100000000281852e+03,1.488625648654573475e-01
2.159200000000281761e+03,1.488458671710864711e-01
2.159300000000281671e+03,1.488291695788795388e-01
2.159400000000281580e+03,1.488124720889380248e-01
2.159500000000281943e+03,1.487957747013633480e-01
2.159600000000281852e+03,1.487790774162576768e-01
2.159700000000281761e+03,1.487623802337220136e-01
2.159800000000282125e+03,1.487456831538583046e-01
2.159900000000282034e+03,1.487289861767686350e-01
2.160000000000281943e+03,1.487122893022717329e-01
2.160100000000281852e+03,1.485954902712794679e-01
2.160200000000281761e+03,1.484786911316332558e-01
2.160300000000282125e+03,1.483618918845506507e-01
2.160400000000282034e+03,1.482450925312510381e-01
2.160500000000281943e+03,1.481282930729521663e-01
2.160600000000282307e+03,1.480110554060720951e-01
2.160700000000282216e+03,1.478930141602150250e-01
2.160800000000282125e+03,1.477749747788044410e-01
2.160900000000282034e+03,1.476569372630511523e-01
2.161000000000281943e+03,1.475389016138442533e-01
2.161100000000282307e+03,1.473067055444918505e-01
2.161200000000282216e+03,1.470745425834977249e-01
2.161300000000282125e+03,1.468424127289416625e-01
2.161400000000282489e+03,1.466103159789043098e-01
2.161500000000282398e+03,1.463782523314682837e-01
2.161600000000282307e+03,1.461462217847143141e-01
2.161700000000282216e+03,1.459142243367234359e-01
2.161800000000282125e+03,1.456822599855766009e-01
2.161900000000282489e+03,1.454503287293543723e-01
2.162000000000282398e+03,1.452184305658387464e-01
2.162100000000282307e+03,1.448799149185547031e-01
2.162200000000282671e+03,1.445414531477396958e-01
2.162300000000282580e+03,1.442030452493265336e-01
2.162400000000282489e+03,1.438646912192434457e-01
2.162500000000282398e+03,1.435263910534204101e-01
2.162600000000282307e+03,1.431881447477876546e-01
2.162700000000282671e+03,1.428499522982736858e-01
2.162800000000282580e+03,1.425118137008118124e-01
2.162900000000282489e+03,1.421737289513316516e-01
2.163000000000282853e+03,1.418356980454719696e-01
2.163100000000282762e+03,1.413953979676745298e-01
2.163200000000282671e+03,1.409551533185367522e-01
2.163300000000282580e+03,1.405149640967363334e-01
2.163400000000282489e+03,1.400748303009503870e-01
2.163500000000282853e+03,1.396347519298534456e-01
2.163600000000282762e+03,1.391947289821265366e-01
2.163700000000282671e+03,1.387547614564433041e-01
2.163800000000283035e+03,1.383148493514783639e-01
2.163900000000282944e+03,1.378749926659107727e-01
2.164000000000282853e+03,1.374351913981222695e-01
2.164100000000282762e+03,1.368922849050216439e-01
2.164200000000282671e+03,1.363494564502465978e-01
2.164300000000283035e+03,1.358067060289924188e-01
2.164400000000282944e+03,1.352640336364616669e-01
2.164500000000282853e+03,1.347214392678497963e-01
2.164600000000283217e+03,1.341789229183524834e-01
2.164700000000283126e+03,1.336364845831725656e-01
2.164800000000283035e+03,1.330941242575058303e-01
2.164900000000282944e+03,1.325515414344023979e-01
2.165000000000282853e+03,1.320087433764115248e-01
2.165100000000283217e+03,1.313736240780591924e-01
2.165200000000283126e+03,1.307385573831670311e-01
2.165300000000283035e+03,1.301035432941316239e-01
2.165400000000283399e+03,1.294685818133488875e-01
2.165500000000283308e+03,1.288336729432230376e-01
2.165600000000283217e+03,1.281988166861485756e-01
2.165700000000283126e+03,1.275631143627597441e-01
2.165800000000283035e+03,1.269268867847581916e-01
2.165900000000283399e+03,1.262907266037109899e-01
2.166000000000283308e+03,1.256546338204470314e-01
2.166100000000283217e+03,1.249312255563755220e-01
2.166200000000283580e+03,1.242078605648200551e-01
2.166300000000283489e+03,1.234845388513706455e-01
2.166400000000283399e+03,1.227612604216064274e-01
2.166500000000283308e+03,1.220380252811097271e-01
2.166600000000283217e+03,1.213155052241192688e-01
2.166700000000283580e+03,1.205937600804054405e-01
2.166800000000283489e+03,1.198720414297670261e-01
2.166900000000283399e+03,1.191503492781200158e-01
2.167000000000283762e+03,1.184284689320652534e-01
2.167100000000283671e+03,1.176173893648515961e-01
2.167200000000283580e+03,1.168064521413748197e-01
2.167300000000283489e+03,1.159956572479999559e-01
2.167400000000283399e+03,1.151850046710926334e-01
2.167500000000283762e+03,1.143744943970157746e-01
2.167600000000283671e+03,1.135641264121441812e-01
2.167700000000283580e+03,1.127539007028423163e-01
2.167800000000283944e+03,1.119438172554759331e-01
2.167900000000283853e+03,1.111338760564224148e-01
2.168000000000283762e+03,1.103230719456385345e-01
2.168100000000283671e+03,1.094399645409561417e-01
2.168200000000283580e+03,1.085570842534493846e-01
2.168300000000283944e+03,1.076744310487311590e-01
2.168400000000283853e+03,1.067920048924296539e-01
2.168500000000283762e+03,1.059098057501648288e-01
2.168600000000284126e+03,1.050278335875598074e-01
2.168700000000284035e+03,1.041460883702532425e-01
2.168800000000283944e+03,1.032650157031425320e-01
2.168900000000283853e+03,1.023842885558024912e-01
2.169000000000283762e+03,1.015037784816807259e-01
2.169100000000284126e+03,1.005720308935512258e-01
2.169200000000284035e+03,9.964041405174772770e-02
2.169300000000283944e+03,9.870882812694936614e-02
2.169400000000284308e+03,9.777633203210339685e-02
2.169500000000284217e+03,9.684398836234690833e-02
2.169600000000284126e+03,9.591179710972649874e-02
2.169700000000284035e+03,9.497956703172936999e-02
2.169800000000283944e+03,9.404801828647271766e-02
2.169900000000284308e+03,9.311713514935367197e-02
2.170000000000284217e+03,9.218638741348132715e-02
2.170100000000284126e+03,9.121556413577283640e-02
2.170200000000284490e+03,9.024485865621742486e-02
2.170300000000284399e+03,8.927427097132187295e-02
2.170400000000284308e+03,8.830380107757956898e-02
2.170500000000284217e+03,8.733344897148809238e-02
2.170600000000284126e+03,8.636321464954452298e-02
2.170700000000284490e+03,8.539309810824156910e-02
2.170800000000284399e+03,8.442309934408481764e-02
2.170900000000284308e+03,8.345321835356632467e-02
2.171000000000284672e+03,8.248345513310435806e-02
2.171100000000284581e+03,8.148798444191011903e-02
2.171200000000284490e+03,8.049265752819992348e-02
2.171300000000284399e+03,7.949747438724613646e-02
2.171400000000284308e+03,7.850243501432015159e-02
2.171500000000284672e+03,7.750753940468763092e-02
2.171600000000284581e+03,7.651289545757014587e-02
2.171700000000284490e+03,7.551843595664808895e-02
2.171800000000284854e+03,7.452411625552037011e-02
2.171900000000284763e+03,7.352993635027758879e-02
2.172000000000284672e+03,7.253589621916634034e-02
2.172100000000284581e+03,6.527971221609711605e-02
2.172200000000284490e+03,5.802430894385713495e-02
2.172300000000284854e+03,5.076943109942522875e-02
2.172400000000284763e+03,4.351507870443201142e-02
2.172500000000284672e+03,3.626125178040744829e-02
2.172600000000285036e+03,2.900795034887967971e-02
2.172700000000284945e+03,2.175517443147401489e-02
2.172800000000284854e+03,1.450292404971505016e-02
2.172900000000284763e+03,7.251199225158582590e-03
2.173000000000284672e+03,0.000000000000000000e+00
2.173100000000285036e+03,0.000000000000000000e+00
2.173200000000284945e+03,0.000000000000000000e+00
2.173300000000284854e+03,0.000000000000000000e+00
2.173400000000285218e+03,0.000000000000000000e+00
2.173500000000285127e+03,0.000000000000000000e+00
2.173600000000285036e+03,0.000000000000000000e+00
2.173700000000284945e+03,0.000000000000000000e+00
2.173800000000284854e+03,0.000000000000000000e+00
2.173900000000285218e+03,0.000000000000000000e+00
2.174000000000285127e+03,2.007051306858657915e-11
2.174100000000285036e+03,7.038309880327793706e-03
2.174200000000285399e+03,1.407492223349676545e-02
2.174300000000285308e+03,2.110983730916003720e-02
2.174400000000285218e+03,2.814305533697688405e-02
2.174500000000285127e+03,3.517457654655533478e-02
2.174600000000285036e+03,4.220440116748407078e-02
2.174700000000285399e+03,4.923252942936448551e-02
2.174800000000285308e+03,5.625875715207714206e-02
2.174900000000285218e+03,6.328272816403811285e-02
2.175000000000285581e+03,7.030483929545212896e-02
2.175100000000285490e+03,7.094441071712107028e-02
2.175200000000285399e+03,7.158392467892431277e-02
2.175300000000285308e+03,7.222331983317498150e-02
2.175400000000285218e+03,7.286259619085393158e-02
2.175500000000285581e+03,7.350175376294458551e-02
2.175600000000285490e+03,7.414079256042098443e-02
2.175700000000285399e+03,7.477971259426546835e-02
2.175800000000285763e+03,7.541851387545979446e-02
2.175900000000285672e+03,7.605719641497657446e-02
2.176000000000285581e+03,7.669576022383355063e-02
2.176100000000285490e+03,7.734715679821421719e-02
2.176200000000285399e+03,7.799849756347651542e-02
2.176300000000285763e+03,7.864978251734747183e-02
2.176400000000285672e+03,7.930101165754564752e-02
2.176500000000285581e+03,7.995218498179909594e-02
2.176600000000285945e+03,8.060330248783603713e-02
2.176700000000285854e+03,8.125436417337641992e-02
2.176800000000285763e+03,8.190537003614933864e-02
2.176900000000285672e+03,8.255632007388147287e-02
2.177000000000285581e+03,8.320667658338630479e-02
2.177100000000285945e+03,8.385878995824735949e-02
2.177200000000285854e+03,8.451132003569322704e-02
2.177300000000285763e+03,8.516376824109402055e-02
2.177400000000286127e+03,8.581613457652778609e-02
2.177500000000286036e+03,8.646832142014430900e-02
2.177600000000285945e+03,8.712013063189805173e-02
2.177700000000285854e+03,8.777185210266286175e-02
2.177800000000285763e+03,8.842348583564214881e-02
2.177900000000286127e+03,8.907503183404270886e-02
2.178000000000286036e+03,8.972611406352096197e-02
2.178100000000285945e+03,9.037364616725929167e-02
2.178200000000286309e+03,9.102107253465992198e-02
2.178300000000286218e+03,9.166839317310775115e-02
2.178400000000286127e+03,9.231560808999665635e-02
2.178500000000286036e+03,9.296185423581886098e-02
2.178600000000285945e+03,9.360783316699367029e-02
2.178700000000286309e+03,9.425380250145588834e-02
2.178800000000286218e+03,9.489965352699927803e-02
2.178900000000286127e+03,9.554564226215564449e-02
2.179000000000286491e+03,9.619264350148917786e-02
2.179100000000286400e+03,9.683184381540090035e-02
2.179200000000286309e+03,9.747096782823681804e-02
2.179300000000286218e+03,9.811001554068825292e-02
2.179400000000286127e+03,9.874898695344670740e-02
2.179500000000286491e+03,9.938788206720731988e-02
2.179600000000286400e+03,1.000267008826570131e-01
2.179700000000286309e+03,1.006654434004919940e-01
2.179800000000286673e+03,1.013039913915175089e-01
2.179900000000286582e+03,1.019413876575645528e-01
2.180000000000286491e+03,1.025786926283993178e-01
2.180100000000286400e+03,1.031947057115937816e-01
2.180200000000286309e+03,1.038105684762129222e-01
2.180300000000286673e+03,1.044256269753199573e-01
2.180400000000286582e+03,1.050399558760699986e-01
2.180500000000286491e+03,1.056541200255167873e-01
2.180600000000286855e+03,1.062681194470701529e-01
2.180700000000286764e+03,1.068819541641299192e-01
2.180800000000286673e+03,1.074956242001025436e-01
2.180900000000286582e+03,1.081091295783895984e-01
2.181000000000286491e+03,1.087224703223190758e-01
2.181100000000286855e+03,1.093105494530039468e-01
2.181200000000286764e+03,1.098984541885646149e-01
2.181300000000286673e+03,1.104861845575684370e-01
2.181400000000287037e+03,1.110737405885802720e-01
2.181500000000286946e+03,1.116611223101538208e-01
2.181600000000286855e+03,1.122483297508481970e-01
2.181700000000286764e+03,1.128353629392170460e-01
2.181800000000286673e+03,1.134222219038111684e-01
2.181900000000287037e+03,1.140089066731812401e-01
2.182000000000286946e+03,1.145954172757995271e-01
2.182100000000286855e+03,1.151581534852541555e-01
2.182200000000287218e+03,1.157204560688893935e-01
2.182300000000287127e+03,1.162826610886195933e-01
2.182400000000287037e+03,1.168447685491801197e-01
2.182500000000286946e+03,1.174067784553037286e-01
2.182600000000286855e+03,1.179696747055775513e-01
2.182700000000287218e+03,1.185328830481380963e-01
2.182800000000287127e+03,1.190960071439584600e-01
2.182900000000287037e+03,1.196590469962166697e-01
2.183000000000287400e+03,1.202220026079846710e-01
2.183100000000287309e+03,1.207478393095532537e-01
2.183200000000287218e+03,1.212736130253733585e-01
2.183300000000287127e+03,1.217993237555961422e-01
2.183400000000287037e+03,1.223249715003730115e-01
2.183500000000287400e+03,1.228497174900798211e-01
2.183600000000287309e+03,1.233737896446150534e-01
2.183700000000287218e+03,1.238977863951664926e-01
2.183800000000287582e+03,1.244217077427938051e-01
2.183900000000287491e+03,1.249455536885502455e-01
2.184000000000287400e+03,1.254693242333543290e-01
2.184100000000287309e+03,1.259435317391710274e-01
2.184200000000287218e+03,1.264176459465888580e-01
2.184300000000287582e+03,1.268916668615358567e-01
2.184400000000287491e+03,1.273662713790150447e-01
2.184500000000287400e+03,1.278416072510099588e-01
2.184600000000287764e+03,1.283168610988448255e-01
2.184700000000287673e+03,1.287920329267452646e-01
2.184800000000287582e+03,1.292671227389439181e-01
2.184900000000287491e+03,1.297421305396717350e-01
2.185000000000287400e+03,1.302170563330126152e-01
2.185100000000287764e+03,1.306408952932065770e-01
2.185200000000287673e+03,1.310639012347340204e-01
2.185300000000287582e+03,1.314863253336490678e-01
2.185400000000287946e+03,1.319076426248207978e-01
2.185500000000287855e+03,1.323288922509937016e-01
2.185600000000287764e+03,1.327500148890930209e-01
2.185700000000287673e+03,1.331705998897940724e-01
2.185800000000287582e+03,1.335911138859693648e-01
2.185900000000287946e+03,1.340115568808491475e-01
2.186000000000287855e+03,1.344319288774769583e-01
2.186100000000287764e+03,1.347894362285773917e-01
2.186200000000288128e+03,1.351468758833663519e-01
2.186300000000288037e+03,1.355042478460395938e-01
2.186400000000287946e+03,1.358615521207973964e-01
2.186500000000287855e+03,1.362187887118390395e-01
2.186600000000287764e+03,1.365759576233642192e-01
2.186700000000288128e+03,1.369320463377683705e-01
2.186800000000288037e+03,1.372874658620755473e-01
2.186900000000287946e+03,1.376428091887065552e-01
2.187000000000288310e+03,1.379980763228219609e-01
2.187100000000288219e+03,1.382759758699845798e-01
2.187200000000288128e+03,1.385522584739520002e-01
2.187300000000288037e+03,1.388284381170746540e-01
2.187400000000287946e+03,1.391045148198480352e-01
2.187500000000288310e+03,1.393804886027650847e-01
2.187600000000288219e+03,1.396571807150469302e-01
2.187700000000288128e+03,1.399345937779891691e-01
2.187800000000288492e+03,1.402119106891266676e-01
2.187900000000288401e+03,1.404891314667333635e-01
2.188000000000288310e+03,1.407662561288722802e-01
2.188100000000288219e+03,1.409696024828176464e-01
2.188200000000288128e+03,1.411728822230630120e-01
2.188300000000288492e+03,1.413760953611291615e-01
2.188400000000288401e+03,1.415792419085327991e-01
2.188500000000288310e+03,1.417817030959120372e-01
2.188600000000288674e+03,1.419830472300539492e-01
2.188700000000288583e+03,1.421843198426428201e-01
2.188800000000288492e+03,1.423855209466640404e-01
2.188900000000288401e+03,1.425866505551005026e-01
2.189000000000288310e+03,1.427863546483396362e-01
2.189100000000288674e+03,1.429110657201382584e-01
2.189200000000288583e+03,1.430357405500974621e-01
2.189300000000288492e+03,1.431603791414308435e-01
2.189400000000288856e+03,1.432853894520483007e-01
2.189500000000288765e+03,1.434116422549623904e-01
2.189600000000288674e+03,1.435378620352983636e-01
2.189700000000288583e+03,1.436640487957833723e-01
2.189800000000288492e+03,1.437902025391448735e-01
2.189900000000288856e+03,1.439151764488878771e-01
2.190000000000288765e+03,1.440395687747471898e-01
2.190100000000288674e+03,1.440750652354050865e-01
2.190200000000289037e+03,1.441105469824044139e-01
2.190300000000288946e+03,1.441460140177751037e-01
2.190400000000288856e+03,1.441814663435472821e-01
2.190500000000288765e+03,1.442169039617509085e-01
2.190600000000288674e+03,1.442523268744153597e-01
2.190700000000289037e+03,1.442877350835707617e-01
2.190800000000288946e+03,1.443231285912457418e-01
2.190900000000288856e+03,1.443585073994704260e-01
2.191000000000289219e+03,1.443938715100115677e-01
2.191100000000289128e+03,1.443384945272177811e-01
2.191200000000289037e+03,1.442831291836313978e-01
2.191300000000288946e+03,1.442277754780620924e-01
2.191400000000288856e+03,1.441724334093184567e-01
2.191500000000289219e+03,1.441171029762092493e-01
2.191600000000289128e+03,1.440617841775445329e-01
2.191700000000289037e+03,1.440064770121327886e-01
2.191800000000289401e+03,1.439511814787829691e-01
2.191900000000289310e+03,1.438958975763048598e-01
2.192000000000289219e+03,1.438406253032520066e-01
2.192100000000289128e+03,1.436970685946553639e-01
2.192200000000289037e+03,1.435535391596488297e-01
2.192300000000289401e+03,1.434100369977765743e-01
2.192400000000289310e+03,1.432665621085839058e-01
2.192500000000289219e+03,1.431231144916145226e-01
2.192600000000289583e+03,1.429801822969890834e-01
2.192700000000289492e+03,1.428387036337826765e-01
2.192800000000289401e+03,1.426973015079489315e-01
2.192900000000289310e+03,1.425561978732638457e-01
2.193000000000289219e+03,1.424152487391499855e-01
2.193100000000289583e+03,1.421739525272204263e-01
2.193200000000289492e+03,1.419327108597581433e-01
2.193300000000289401e+03,1.416915237319241738e-01
2.193400000000289765e+03,1.414503911388796109e-01
2.193500000000289674e+03,1.412087789635300128e-01
2.193600000000289583e+03,1.409644304862650022e-01
2.193700000000289492e+03,1.407201474293659493e-01
2.193800000000289401e+03,1.404759297864510148e-01
2.193900000000289765e+03,1.402317775511373044e-01
2.194000000000289674e+03,1.399876907167444673e-01
2.194100000000289583e+03,1.396398142737258485e-01
2.194200000000289947e+03,1.392920667182365180e-01
2.194300000000289856e+03,1.389444480245653202e-01
2.194400000000289765e+03,1.385969581669998230e-01
2.194500000000289674e+03,1.382495971198317575e-01
2.194600000000289583e+03,1.379023648573565186e-01
2.194700000000289947e+03,1.375553316307515650e-01
2.194800000000289856e+03,1.372087478846713282e-01
2.194900000000289765e+03,1.368622908689905993e-01
2.195000000000290129e+03,1.365159605588447678e-01
2.195100000000290038e+03,1.360776534339155630e-01
2.195200000000289947e+03,1.356394878210128163e-01
2.195300000000289856e+03,1.352014636994183228e-01
2.195400000000289765e+03,1.347635810484150154e-01
2.195500000000290129e+03,1.343258398472857718e-01
2.195600000000290038e+03,1.338882400753202417e-01
2.195700000000289947e+03,1.334507817118034678e-01
2.195800000000290311e+03,1.330129346892078845e-01
2.195900000000290220e+03,1.325741934158001512e-01
2.196000000000290129e+03,1.321356035261770645e-01
2.196100000000290038e+03,1.316061230970205220e-01
2.196200000000289947e+03,1.310771585743151224e-01
2.196300000000290311e+03,1.305485352179928116e-01
2.196400000000290220e+03,1.300200774188801367e-01
2.196500000000290129e+03,1.294917851588396618e-01
2.196600000000290493e+03,1.289636584197334512e-01
2.196700000000290402e+03,1.284356971834306194e-01
2.196800000000290311e+03,1.279079014317929808e-01
2.196900000000290220e+03,1.273802711466846815e-01
2.197000000000290129e+03,1.268528063097023317e-01
2.197100000000290493e+03,1.262333480946066511e-01
2.197200000000290402e+03,1.256141208698930145e-01
2.197300000000290311e+03,1.249951245945447736e-01
2.197400000000290675e+03,1.243763592275484164e-01
2.197500000000290584e+03,1.237578247279034760e-01
2.197600000000290493e+03,1.231396355606094728e-01
2.197700000000290402e+03,1.225230133979709202e-01
2.197800000000290311e+03,1.219066076507912266e-01
2.197900000000290675e+03,1.212904182816933046e-01
2.198000000000290584e+03,1.206744452530847528e-01
2.198100000000290493e+03,1.199809993487404025e-01
2.198200000000290856e+03,1.192884346034600862e-01
2.198300000000290765e+03,1.185960559228893818e-01
2.198400000000290675e+03,1.179038011094593191e-01
2.198500000000290584e+03,1.172114606887493804e-01
2.198600000000290493e+03,1.165193102199054004e-01
2.198700000000290856e+03,1.158273496816502740e-01
2.198800000000290765e+03,1.151355790527167355e-01
2.198900000000290675e+03,1.144439983118287624e-01
2.199000000000291038e+03,1.137526074375106860e-01
2.199100000000290947e+03,1.129925147063972624e-01
2.199200000000290856e+03,1.122325612210021972e-01
2.199300000000290765e+03,1.114727469846245739e-01
2.199400000000290675e+03,1.107128659713045166e-01
2.199500000000291038e+03,1.099528360100370944e-01
2.199600000000290947e+03,1.091929521549066251e-01
2.199700000000290856e+03,1.084331034364924146e-01
2.199800000000291220e+03,1.076732985815913035e-01
2.199900000000291129e+03,1.069136428552957263e-01
2.200000000000291038e+03,1.061541362579168785e-01
2.200100000000290947e+03,1.053274320579792173e-01
2.200200000000290856e+03,1.045009528338450844e-01
2.200300000000291220e+03,1.036746987582993773e-01
2.200400000000291129e+03,1.028495130886859926e-01
2.200500000000291038e+03,1.020249138650835830e-01
2.200600000000291402e+03,1.012005203169568102e-01
2.200700000000291311e+03,1.003763324244048433e-01
2.200800000000291220e+03,9.955220122618907430e-02
2.200900000000291129e+03,9.872725328435102976e-02
2.201000000000291038e+03,9.790253033417360695e-02
2.201100000000291402e+03,9.702316023900023345e-02
2.201200000000291311e+03,9.614406769733511993e-02
2.201300000000291220e+03,9.526525266812854720e-02
2.201400000000291584e+03,9.438671511033361328e-02
2.201500000000291493e+03,9.350845498291765479e-02
2.201600000000291402e+03,9.263047224483901554e-02
2.201700000000291311e+03,9.175276685506240926e-02
2.201800000000291220e+03,9.087641527660546281e-02
2.201900000000291584e+03,9.000032390060543064e-02
2.202000000000291493e+03,8.912448908207665221e-02
2.202100000000291402e+03,8.821253768122072625e-02
2.202200000000291766e+03,8.730035094214862179e-02
2.202300000000291675e+03,8.638780320121314249e-02
2.202400000000291584e+03,8.547549002130333529e-02
2.202500000000291493e+03,8.456341138248563150e-02
2.202600000000291402e+03,8.365156726482564364e-02
2.202700000000291766e+03,8.274081122831605795e-02
2.202800000000291675e+03,8.183040007352514189e-02
2.202900000000291584e+03,8.092020186606535548e-02
2.203000000000291948e+03,8.001021658891033228e-02
2.203100000000291857e+03,7.907431075095727735e-02
2.203200000000291766e+03,7.813925503793331395e-02
2.203300000000291675e+03,7.720434655292671144e-02
2.203400000000291584e+03,7.626968497584038498e-02
2.203500000000291948e+03,7.533527027371092477e-02
2.203600000000291857e+03,7.440169444530793375e-02
2.203700000000291766e+03,7.346838365029390028e-02
2.203800000000292130e+03,7.253530394149541871e-02
2.203900000000292039e+03,7.160245529187735103e-02
2.204000000000291948e+03,7.066983765644865856e-02
2.204100000000291857e+03,6.359206301668161865e-02
2.204200000000291766e+03,5.651668759786060425e-02
2.204300000000292130e+03,4.944371093133242967e-02
2.204400000000292039e+03,4.237313254860074901e-02
2.204500000000291948e+03,3.530495198113269006e-02
2.204600000000292312e+03,2.823916876045571428e-02
2.204700000000292221e+03,2.117578241825369620e-02
2.204800000000292130e+03,1.411479248617430668e-02
2.204900000000292039e+03,7.056198495957421470e-03
2.205000000000291948e+03,0.000000000000000000e+00
2.205100000000292312e+03,0.000000000000000000e+00
2.205200000000292221e+03,0.000000000000000000e+00
2.205300000000292130e+03,0.000000000000000000e+00
2.205400000000292493e+03,0.000000000000000000e+00
2.205500000000292403e+03,0.000000000000000000e+00
2.205600000000292312e+03,0.000000000000000000e+00
2.205700000000292221e+03,0.000000000000000000e+00
2.205800000000292130e+03,0.000000000000000000e+00
2.205900000000292493e+03,0.000000000000000000e+00
2.206000000000292403e+03,1.939268411586631820e-11
2.206100000000292312e+03,6.631442491718791098e-03
2.206200000000292675e+03,1.326139569732542184e-02
2.206300000000292584e+03,1.988994279095258541e-02
2.206400000000292493e+03,2.651726159476560860e-02
2.206500000000292403e+03,3.314324950583212581e-02
2.206600000000292312e+03,3.976790662451883812e-02
2.206700000000292675e+03,4.639123305122613145e-02
2.206800000000292584e+03,5.301322888626776308e-02
2.206900000000292493e+03,5.963389423005138745e-02
2.207000000000292857e+03,6.625342670716993787e-02
2.207100000000292766e+03,6.684317605035532128e-02
2.207200000000292675e+03,6.743259421733113768e-02
2.207300000000292584e+03,6.802122379636767191e-02
2.207400000000292493e+03,6.860968575905791733e-02
2.207500000000292857e+03,6.919798013016821570e-02
2.207600000000292766e+03,6.978610693445501389e-02
2.207700000000292675e+03,7.037461709924722197e-02
2.207800000000293039e+03,7.096325996990732188e-02
2.207900000000292948e+03,7.155174946840478500e-02
2.208000000000292857e+03,7.214008561606025105e-02
2.208100000000292766e+03,7.273917505599475364e-02
2.208200000000292675e+03,7.333972192020291048e-02
2.208300000000293039e+03,7.394016271959823194e-02
2.208400000000292948e+03,7.454049746284999167e-02
2.208500000000292857e+03,7.514072615863494342e-02
2.208600000000293221e+03,7.574084881562996585e-02
2.208700000000293130e+03,7.634086544250340278e-02
2.208800000000293039e+03,7.694077604793123082e-02
2.208900000000292948e+03,7.754058064058674815e-02
2.209000000000292857e+03,7.814027922916641500e-02
2.209100000000293221e+03,7.874892763172243459e-02
2.209200000000293130e+03,7.935757572258271553e-02
2.209300000000293039e+03,7.996618838341733315e-02
2.209400000000293403e+03,8.057476560982840263e-02
2.209500000000293312e+03,8.118326057325074563e-02
2.209600000000293221e+03,8.179153338718873900e-02
2.209700000000293130e+03,8.239934968774353941e-02
2.209800000000293039e+03,8.300684362384737336e-02
2.209900000000293403e+03,8.361428841100246312e-02
2.210000000000293312e+03,8.422168404615053283e-02
2.210100000000293221e+03,8.482623944177870856e-02
2.210200000000293585e+03,8.543071279235028848e-02
2.210300000000293494e+03,8.603510410127720998e-02
2.210400000000293403e+03,8.663941337197986203e-02
2.210500000000293312e+03,8.724364060787613562e-02
2.210600000000293221e+03,8.784778581238389394e-02
2.210700000000293585e+03,8.845184898892419212e-02
2.210800000000293494e+03,8.905583014090985572e-02
2.210900000000293403e+03,8.965972927176203700e-02
2.211000000000293767e+03,9.026354638487636695e-02
2.211100000000293676e+03,9.085842112414140026e-02
2.211200000000293585e+03,9.145318080899782209e-02
2.211300000000293494e+03,9.204797828679921190e-02
2.211400000000293403e+03,9.264342843074836742e-02
2.211500000000293767e+03,9.323869701355221029e-02
2.211600000000293676e+03,9.383386140388028096e-02
2.211700000000293585e+03,9.442892160979332594e-02
2.211800000000293949e+03,9.502387763935206400e-02
2.211900000000293858e+03,9.561872950060931742e-02
2.212000000000293767e+03,9.621340765707228626e-02
2.212100000000293676e+03,9.679859733548844269e-02
2.212200000000293585e+03,9.738370752163194588e-02
2.212300000000293949e+03,9.796759159961235253e-02
2.212400000000293858e+03,9.855139363114870377e-02
2.212500000000293767e+03,9.913511362023313955e-02
2.212600000000294131e+03,9.971875157085779984e-02
2.212700000000294040e+03,1.003028404807726481e-01
2.212800000000293949e+03,1.008875217415199227e-01
2.212900000000293858e+03,1.014721349321639765e-01
2.213000000000293767e+03,1.020566800541997388e-01
2.213100000000294131e+03,1.026215158236011976e-01
2.213200000000294040e+03,1.031863340654033540e-01
2.213300000000293949e+03,1.037513084734738994e-01
2.213400000000294312e+03,1.043162073663487233e-01
2.213500000000294222e+03,1.048810307473757308e-01
2.213600000000294131e+03,1.054461762032999766e-01
2.213700000000294040e+03,1.060121161190459155e-01
2.213800000000293949e+03,1.065794051856812780e-01
2.213900000000294312e+03,1.071469817105985822e-01
2.214000000000294222e+03,1.077145147623660704e-01
2.214100000000294131e+03,1.082513555233185071e-01
2.214200000000294494e+03,1.087880980833935002e-01
2.214300000000294403e+03,1.093247424507886173e-01
2.214400000000294312e+03,1.098612886337089756e-01
2.214500000000294222e+03,1.103977366403564725e-01
2.214600000000294131e+03,1.109340864789331860e-01
2.214700000000294494e+03,1.114703381576432756e-01
2.214800000000294403e+03,1.120064916846834346e-01
2.214900000000294312e+03,1.125425470682572260e-01
2.215000000000294676e+03,1.130785043164809628e-01
2.215100000000294585e+03,1.135849575795570277e-01
2.215200000000294494e+03,1.140914333134333963e-01
2.215300000000294403e+03,1.145978383486148389e-01
2.215400000000294312e+03,1.151041726883889754e-01
2.215500000000294676e+03,1.156104363360459936e-01
2.215600000000294585e+03,1.161166292948687256e-01
2.215700000000294494e+03,1.166227515681477200e-01
2.215800000000294858e+03,1.171288031591727063e-01
2.215900000000294767e+03,1.176354756312832373e-01
2.216000000000294676e+03,1.181427986390701096e-01
2.216100000000294585e+03,1.186151020203901479e-01
2.216200000000294494e+03,1.190873782476841031e-01
2.216300000000294858e+03,1.195596273166546347e-01
2.216400000000294767e+03,1.200318492229980882e-01
2.216500000000294676e+03,1.205040439624180948e-01
2.216600000000295040e+03,1.209762115306180219e-01
2.216700000000294949e+03,1.214483519232955194e-01
2.216800000000294858e+03,1.219199366106694105e-01
2.216900000000294767e+03,1.223905604010319392e-01
2.217000000000294676e+03,1.228611458092029179e-01
2.217100000000295040e+03,1.232817756253312691e-01
2.217200000000294949e+03,1.237023392950193090e-01
2.217300000000294858e+03,1.241242090624133376e-01
2.217400000000295222e+03,1.245463784992605627e-01
2.217500000000295131e+03,1.249684934730154462e-01
2.217600000000295040e+03,1.253905539848312045e-01
2.217700000000294949e+03,1.258125600358598051e-01
2.217800000000294858e+03,1.262345116272534651e-01
2.217900000000295222e+03,1.266564087601664557e-01
2.218000000000295131e+03,1.270782514355937587e-01
2.218100000000295040e+03,1.274479224571570812e-01
2.218200000000295404e+03,1.278175445292082935e-01
2.218300000000295313e+03,1.281871176528552592e-01
2.218400000000295222e+03,1.285566418292114210e-01
2.218500000000295131e+03,1.289261170593886952e-01
2.218600000000295040e+03,1.292957048843431100e-01
2.218700000000295404e+03,1.296666290707391977e-01
2.218800000000295313e+03,1.300375130494744735e-01
2.218900000000295222e+03,1.304083568192871134e-01
2.219000000000295586e+03,1.307791603787643864e-01
2.219100000000295495e+03,1.310984156434261694e-01
2.219200000000295404e+03,1.314176700396186281e-01
2.219300000000295313e+03,1.317369235635242886e-01
2.219400000000295222e+03,1.320561762113257598e-01
2.219500000000295586e+03,1.323754279792071775e-01
2.219600000000295495e+03,1.326949234853831150e-01
2.219700000000295404e+03,1.330147738776457644e-01
2.219800000000295768e+03,1.333346262618162748e-01
2.219900000000295677e+03,1.336544806340911051e-01
2.220000000000295586e+03,1.339743369904755343e-01
2.220100000000295495e+03,1.342280069678117027e-01
2.220200000000295404e+03,1.344816728928233673e-01
2.220300000000295768e+03,1.347353347629020037e-01
2.220400000000295677e+03,1.349889925754355902e-01
2.220500000000295586e+03,1.352426463278152413e-01
2.220600000000295950e+03,1.354962111700258043e-01
2.220700000000295859e+03,1.357494696341371154e-01
2.220800000000295768e+03,1.360027225853749355e-01
2.220900000000295677e+03,1.362559700211717351e-01
2.221000000000295586e+03,1.365092119387382730e-01
2.221100000000295950e+03,1.366875183137835070e-01
2.221200000000295859e+03,1.368658085627947607e-01
2.221300000000295768e+03,1.370440826844609439e-01
2.221400000000296131e+03,1.372223406774715215e-01
2.221500000000296041e+03,1.374005825405138770e-01
2.221600000000295950e+03,1.375788082722779748e-01
2.221700000000295859e+03,1.377570178714531690e-01
2.221800000000295768e+03,1.379352113367292298e-01
2.221900000000296131e+03,1.381133886667969268e-01
2.222000000000296041e+03,1.382915498601358095e-01
2.222100000000295950e+03,1.383990753456245948e-01
2.222200000000296313e+03,1.385060731777960630e-01
2.222300000000296222e+03,1.386140383066283566e-01
2.222400000000296131e+03,1.387226834653330354e-01
2.222500000000296041e+03,1.388313282736025611e-01
2.222600000000295950e+03,1.389399727299709675e-01
2.222700000000296313e+03,1.390485788529421118e-01
2.222800000000296222e+03,1.391555655426704174e-01
2.222900000000296131e+03,1.392625494467022162e-01
2.223000000000296495e+03,1.393695305637014936e-01
2.223100000000296404e+03,1.393988920111972063e-01
2.223200000000296313e+03,1.394290140979010106e-01
2.223300000000296222e+03,1.394600357255239009e-01
2.223400000000296131e+03,1.394910577912703009e-01
2.223500000000296495e+03,1.395220802947101657e-01
2.223600000000296404e+03,1.395531032354128953e-01
2.223700000000296313e+03,1.395841266129483060e-01
2.223800000000296677e+03,1.396151504268860200e-01
2.223900000000296586e+03,1.396461746767954371e-01
2.224000000000296495e+03,1.396771993619777552e-01
2.224100000000296404e+03,1.396169167383437271e-01
2.224200000000296313e+03,1.395552184347026159e-01
2.224300000000296677e+03,1.394935247602752670e-01
2.224400000000296586e+03,1.394318357154272769e-01
2.224500000000296495e+03,1.393701513005238812e-01
2.224600000000296859e+03,1.393084715159296216e-01
2.224700000000296768e+03,1.392467963620103166e-01
2.224800000000296677e+03,1.391851258391303137e-01
2.224900000000296586e+03,1.391234599476546263e-01
2.225000000000296495e+03,1.390621290836090707e-01
2.225100000000296859e+03,1.389157441382301295e-01
2.225200000000296768e+03,1.387693675949560057e-01
2.225300000000296677e+03,1.386229994554221134e-01
2.225400000000297041e+03,1.384766397212637001e-01
2.225500000000296950e+03,1.383292435130241971e-01
2.225600000000296859e+03,1.381812582327551775e-01
2.225700000000296768e+03,1.380332849997164546e-01
2.225800000000296677e+03,1.378853238147235150e-01
2.225900000000297041e+03,1.377373746785912068e-01
2.226000000000296950e+03,1.375894150543834626e-01
2.226100000000296859e+03,1.373575407830667505e-01
2.226200000000297223e+03,1.371256719387535794e-01
2.226300000000297132e+03,1.368938085242445979e-01
2.226400000000297041e+03,1.366619505423365966e-01
2.226500000000296950e+03,1.364300979958274762e-01
2.226600000000296859e+03,1.361982508875154707e-01
2.226700000000297223e+03,1.359664092201971486e-01
2.226800000000297132e+03,1.357345729966722148e-01
2.226900000000297041e+03,1.355027422197377374e-01
2.227000000000297405e+03,1.352709168919145610e-01
2.227100000000297314e+03,1.349465490836167514e-01
2.227200000000297223e+03,1.346222084060568480e-01
2.227300000000297132e+03,1.342972938804061489e-01
2.227400000000297041e+03,1.339714164932355178e-01
2.227500000000297405e+03,1.336455740632999656e-01
2.227600000000297314e+03,1.333197665904499452e-01
2.227700000000297223e+03,1.329939940745311910e-01
2.227800000000297587e+03,1.326694522547279542e-01
2.227900000000297496e+03,1.323450565231453491e-01
2.228000000000297405e+03,1.320206892222285933e-01
2.228100000000297314e+03,1.316049560751916259e-01
2.228200000000297223e+03,1.311897560332815627e-01
2.228300000000297587e+03,1.307746133072684447e-01
2.228400000000297496e+03,1.303595278965306303e-01
2.228500000000297405e+03,1.299444998004399832e-01
2.228600000000297769e+03,1.295295290183677006e-01
2.228700000000297678e+03,1.291146155496897818e-01
2.228800000000297587e+03,1.286997593937762030e-01
2.228900000000297496e+03,1.282849605499976064e-01
2.229000000000297405e+03,1.278702190174857423e-01
2.229100000000297769e+03,1.273753180343394353e-01
2.229200000000297678e+03,1.268804488232927186e-01
2.229300000000297587e+03,1.263856113883497223e-01
2.229400000000297950e+03,1.258908057335130504e-01
2.229500000000297860e+03,1.253960318627923565e-01
2.229600000000297769e+03,1.249012897801897448e-01
2.229700000000297678e+03,1.244065794897093458e-01
2.229800000000297587e+03,1.239119009953544986e-01
2.229900000000297950e+03,1.234169960115182180e-01
2.230000000000297860e+03,1.229220317237913751e-01
2.230100000000297769e+03,1.223469651102532529e-01
2.230200000000298132e+03,1.217719302921660002e-01
2.230300000000298041e+03,1.211969272754194471e-01
2.230400000000297950e+03,1.206219560658944173e-01
2.230500000000297860e+03,1.200464123768792274e-01
2.230600000000297769e+03,1.194700891769103906e-01
2.230700000000298132e+03,1.188938115534460549e-01
2.230800000000298041e+03,1.183175795097694827e-01
2.230900000000297950e+03,1.177413930491560123e-01
2.231000000000298314e+03,1.171664474872744915e-01
2.231100000000298223e+03,1.165105992463587453e-01
2.231200000000298132e+03,1.158548488094272855e-01
2.231300000000298041e+03,1.151992352081736143e-01
2.231400000000297950e+03,1.145439078202426658e-01
2.231500000000298314e+03,1.138886756229539610e-01
2.231600000000298223e+03,1.132335386143874939e-01
2.231700000000298132e+03,1.125785728551850634e-01
2.231800000000298496e+03,1.119239448561959033e-01
2.231900000000298405e+03,1.112684442648952388e-01
2.232000000000298314e+03,1.106126920791973972e-01
2.232100000000298223e+03,1.098904513978505304e-01
2.232200000000298132e+03,1.091683111123079031e-01
2.232300000000298496e+03,1.084462712189806360e-01
2.232400000000298405e+03,1.077243317142893286e-01
2.232500000000298314e+03,1.070024925946442690e-01
2.232600000000298678e+03,1.062807538564552318e-01
2.232700000000298587e+03,1.055591154961415812e-01
2.232800000000298496e+03,1.048375775101120511e-01
2.232900000000298405e+03,1.041161398947786088e-01
2.233000000000298314e+03,1.033948026463868824e-01
2.233100000000298678e+03,1.026180799792210246e-01
2.233200000000298587e+03,1.018414017949869355e-01
2.233300000000298496e+03,1.010647681007308535e-01
2.233400000000298860e+03,1.002881789034981985e-01
2.233500000000298769e+03,9.951163421034453505e-02
2.233600000000298678e+03,9.873534229202335366e-02
2.233700000000298587e+03,9.795916425879072631e-02
2.233800000000298496e+03,9.718302632461817137e-02
2.233900000000298860e+03,9.640692849691348543e-02
2.234000000000298769e+03,9.563087078294144061e-02
2.234100000000298678e+03,9.480361406208683006e-02
2.234200000000299042e+03,9.397746062584773352e-02
2.234300000000298951e+03,9.315148481891587229e-02
2.234400000000298860e+03,9.232558179577163293e-02
2.234500000000298769e+03,9.149975156080263072e-02
2.234600000000298678e+03,9.067399411839530132e-02
2.234700000000299042e+03,8.984830947293162562e-02
2.234800000000298951e+03,8.902270136023855696e-02
2.234900000000298860e+03,8.819733757838010835e-02
2.235000000000299224e+03,8.737204332476994351e-02
2.235100000000299133e+03,8.650721562815555377e-02
2.235200000000299042e+03,8.564228932257871019e-02
2.235300000000298951e+03,8.477749496562554665e-02
2.235400000000298860e+03,8.391283255188598800e-02
2.235500000000299224e+03,8.304830207594555980e-02
2.235600000000299133e+03,8.218372226487094534e-02
2.235700000000299042e+03,8.131909074543822169e-02
2.235800000000299406e+03,8.045459894217726893e-02
2.235900000000299315e+03,7.959024684792405380e-02
2.236000000000299224e+03,7.872603445544187895e-02
2.236100000000299133e+03,7.784197672370010701e-02
2.236200000000299042e+03,7.695797970748860517e-02
2.236300000000299406e+03,7.607404341205781240e-02
2.236400000000299315e+03,7.519016784266967235e-02
2.236500000000299224e+03,7.430635300457356929e-02
2.236600000000299588e+03,7.342259890301858216e-02
2.236700000000299497e+03,7.253890554326539175e-02
2.236800000000299406e+03,7.165527293056205005e-02
2.236900000000299315e+03,7.077170107016027278e-02
2.237000000000299224e+03,6.988818994903692183e-02
2.237100000000299588e+03,6.289762175387290932e-02
2.237200000000299497e+03,5.590744212970579635e-02
2.237300000000299406e+03,4.891789972390630375e-02
2.237400000000299769e+03,4.192877055328644853e-02
2.237500000000299679e+03,3.493992721003802426e-02
2.237600000000299588e+03,2.795136975342174188e-02
2.237700000000299497e+03,2.096309824272910363e-02
2.237800000000299406e+03,1.397511273725054841e-02
2.237900000000299769e+03,6.987413296243744423e-03
2.238000000000299679e+03,0.000000000000000000e+00
2.238100000000299588e+03,0.000000000000000000e+00
2.238200000000299951e+03,0.000000000000000000e+00
2.238300000000299860e+03,0.000000000000000000e+00
2.238400000000299769e+03,0.000000000000000000e+00
2.238500000000299679e+03,0.000000000000000000e+00
2.238600000000299588e+03,0.000000000000000000e+00
2.238700000000299951e+03,0.000000000000000000e+00
2.238800000000299860e+03,0.000000000000000000e+00
2.238900000000299769e+03,0.000000000000000000e+00
2.239000000000300133e+03,0.000000000000000000e+00
2.239100000000300042e+03,0.000000000000000000e+00
2.239200000000299951e+03,0.000000000000000000e+00
2.239300000000299860e+03,0.000000000000000000e+00
2.239400000000299769e+03,0.000000000000000000e+00
2.239500000000300133e+03,0.000000000000000000e+00
2.239600000000300042e+03,0.000000000000000000e+00
2.239700000000299951e+03,0.000000000000000000e+00
2.239800000000300315e+03,0.000000000000000000e+00
2.239900000000300224e+03,0.000000000000000000e+00
2.240000000000300133e+03,2.098818649169627962e-11
2.240100000000300042e+03,6.992871156661317929e-03
2.240200000000299951e+03,1.398557233638944575e-02
2.240300000000300315e+03,2.097810348611259604e-02
2.240400000000300224e+03,2.797046453167572125e-02
2.240500000000300133e+03,3.496265539901954877e-02
2.240600000000300497e+03,4.195467601408503500e-02
2.240700000000300406e+03,4.894652630271818100e-02
2.240800000000300315e+03,5.593820619086069257e-02
2.240900000000300224e+03,6.292971560442271739e-02
2.241000000000300133e+03,6.992105445005547537e-02
2.241100000000300497e+03,7.049533255588026626e-02
2.241200000000300406e+03,7.106956127810762358e-02
2.241300000000300315e+03,7.164374061490860757e-02
2.241400000000300679e+03,7.221787056445450048e-02
2.241500000000300588e+03,7.279176356246226665e-02
2.241600000000300497e+03,7.336546226377538282e-02
2.241700000000300406e+03,7.393910639269930807e-02
2.241800000000300315e+03,7.451269594805480512e-02
2.241900000000300679e+03,7.508644647954156037e-02
2.242000000000300588e+03,7.566022922391284211e-02
2.242100000000300497e+03,7.623811959681911499e-02
2.242200000000300861e+03,7.681593857830140704e-02
2.242300000000300770e+03,7.739368616846339921e-02
2.242400000000300679e+03,7.797136236741734894e-02
2.242500000000300588e+03,7.854896717527294625e-02
2.242600000000300497e+03,7.912650059214107467e-02
2.242700000000300861e+03,7.970396261813524064e-02
2.242800000000300770e+03,8.028135325336194228e-02
2.242900000000300679e+03,8.085867249793597666e-02
2.243000000000301043e+03,8.143592035198642110e-02
2.243100000000300952e+03,8.201765232189654753e-02
2.243200000000300861e+03,8.259964372279079980e-02
2.243300000000300770e+03,8.318172211145194450e-02
2.243400000000300679e+03,8.376379033565876930e-02
2.243500000000301043e+03,8.434584838995876077e-02
2.243600000000300952e+03,8.492789626889184207e-02
2.243700000000300861e+03,8.550993396700552751e-02
2.243800000000301225e+03,8.609196147884708161e-02
2.243900000000301134e+03,8.667397879895562263e-02
2.244000000000301043e+03,8.725598592186702140e-02
2.244100000000300952e+03,8.783421410779543304e-02
2.244200000000300861e+03,8.841243561878593671e-02
2.244300000000301225e+03,8.899065044924614476e-02
2.244400000000301134e+03,8.956885859357581470e-02
2.244500000000301043e+03,9.014780977722060273e-02
2.244600000000301407e+03,9.072677281184120257e-02
2.244700000000301316e+03,9.130573888496262835e-02
2.244800000000301225e+03,9.188470799101848552e-02
2.244900000000301134e+03,9.246368012443950679e-02
2.245000000000301043e+03,9.304265527961450011e-02
2.245100000000301407e+03,9.360824700079062310e-02
2.245200000000301316e+03,9.417451326391899913e-02
2.245300000000301225e+03,9.474074431135036389e-02
2.245400000000301588e+03,9.530683164515840744e-02
2.245500000000301497e+03,9.587280111376896008e-02
2.245600000000301407e+03,9.643783122676763409e-02
2.245700000000301316e+03,9.700257306326234841e-02
2.245800000000301225e+03,9.756726410412673578e-02
2.245900000000301588e+03,9.813190434657823036e-02
2.246000000000301497e+03,9.869649378778766469e-02
2.246100000000301407e+03,9.924802996326533011e-02
2.246200000000301770e+03,9.979953819228644385e-02
2.246300000000301679e+03,1.003510184710241504e-01
2.246400000000301588e+03,1.009024707956593520e-01
2.246500000000301497e+03,1.014538951623700086e-01
2.246600000000301407e+03,1.020052915673347604e-01
2.246700000000301770e+03,1.025566600067345652e-01
2.246800000000301679e+03,1.031080004767428310e-01
2.246900000000301588e+03,1.036591944924329795e-01
2.247000000000301952e+03,1.042092460980962448e-01
2.247100000000301861e+03,1.047423484713657094e-01
2.247200000000301770e+03,1.052754504363753452e-01
2.247300000000301679e+03,1.058085519877977332e-01
2.247400000000301588e+03,1.063413396380709225e-01
2.247500000000301952e+03,1.068739565290738047e-01
2.247600000000301861e+03,1.074065681784453913e-01
2.247700000000301770e+03,1.079391745808485764e-01
2.247800000000302134e+03,1.084717757309469344e-01
2.247900000000302043e+03,1.090056184113543519e-01
2.248000000000301952e+03,1.095395102521495856e-01
2.248100000000301861e+03,1.100425652367925111e-01
2.248200000000301770e+03,1.105455888709318546e-01
2.248300000000302134e+03,1.110485811515368598e-01
2.248400000000302043e+03,1.115512994554044013e-01
2.248500000000301952e+03,1.120539085141201846e-01
2.248600000000302316e+03,1.125564833446152657e-01
2.248700000000302225e+03,1.130590239441391642e-01
2.248800000000302134e+03,1.135615303099483941e-01
2.248900000000302043e+03,1.140640024392975127e-01
2.249000000000301952e+03,1.145664403293334410e-01
2.249100000000302316e+03,1.150336357753987404e-01
2.249200000000302225e+03,1.155008736415953224e-01
2.249300000000302134e+03,1.159680606821022752e-01
2.249400000000302498e+03,1.164351968957809819e-01
2.249500000000302407e+03,1.169022822814872187e-01
2.249600000000302316e+03,1.173693168380828961e-01
2.249700000000302225e+03,1.178363005644287864e-01
2.249800000000302134e+03,1.183032334593859675e-01
2.249900000000302498e+03,1.187701155218177096e-01
2.250000000000302407e+03,1.192369467504791336e-01
2.250100000000302316e+03,1.196698745400695957e-01
2.250200000000302680e+03,1.201027022793314941e-01
2.250300000000302589e+03,1.205352681107235563e-01
2.250400000000302498e+03,1.209678224470742414e-01
2.250500000000302407e+03,1.214003652844684311e-01
2.250600000000302316e+03,1.218328966189905216e-01
2.250700000000302680e+03,1.222654164467273791e-01
2.250800000000302589e+03,1.226979247637592502e-01
2.250900000000302498e+03,1.231304215661728207e-01
2.251000000000302862e+03,1.235629068499192185e-01
2.251100000000302771e+03,1.239507562644773381e-01
2.251200000000302680e+03,1.243385974532267291e-01
2.251300000000302589e+03,1.247264304124753170e-01
2.251400000000302498e+03,1.251142551385311941e-01
2.251500000000302862e+03,1.255020716277037152e-01
2.251600000000302771e+03,1.258898798762974058e-01
2.251700000000302680e+03,1.262776798806215517e-01
2.251800000000303044e+03,1.266654716369855216e-01
2.251900000000302953e+03,1.270532551416931888e-01
2.252000000000302862e+03,1.274396973248425602e-01
2.252100000000302771e+03,1.277688975497498491e-01
2.252200000000302680e+03,1.280980516455022533e-01
2.252300000000303044e+03,1.284271596136186688e-01
2.252400000000302953e+03,1.287566393645553642e-01
2.252500000000302862e+03,1.290869244346490863e-01
2.252600000000303226e+03,1.294169555717215869e-01
2.252700000000303135e+03,1.297460687213033426e-01
2.252800000000303044e+03,1.300751366176143287e-01
2.252900000000302953e+03,1.304053239778697193e-01
2.253000000000302862e+03,1.307358482548392764e-01
2.253100000000303226e+03,1.310118737950905221e-01
2.253200000000303135e+03,1.312878779120821293e-01
2.253300000000303044e+03,1.315635629348829994e-01
2.253400000000303407e+03,1.318379667946442124e-01
2.253500000000303316e+03,1.321123428193184957e-01
2.253600000000303226e+03,1.323866910084350312e-01
2.253700000000303135e+03,1.326610113615221964e-01
2.253800000000303044e+03,1.329353038781082297e-01
2.253900000000303407e+03,1.332095685577230904e-01
2.254000000000303316e+03,1.334838053997199070e-01
2.254100000000303226e+03,1.337009038301736619e-01
2.254200000000303589e+03,1.339175853049563714e-01
2.254300000000303498e+03,1.341342602914948612e-01
2.254400000000303407e+03,1.343509287873889679e-01
2.254500000000303316e+03,1.345675907902374457e-01
2.254600000000303226e+03,1.347842462976393541e-01
2.254700000000303589e+03,1.350016884044984433e-01
2.254800000000303498e+03,1.352199283384089012e-01
2.254900000000303407e+03,1.354381668086293844e-01
2.255000000000303771e+03,1.356569559473674302e-01
2.255100000000303680e+03,1.358039085519880396e-01
2.255200000000303589e+03,1.359508514018339942e-01
2.255300000000303498e+03,1.360977844957139971e-01
2.255400000000303407e+03,1.362447078324367511e-01
2.255500000000303771e+03,1.363916214108117919e-01
2.255600000000303680e+03,1.365385252296469343e-01
2.255700000000303589e+03,1.366854192877518248e-01
2.255800000000303953e+03,1.368323035839365542e-01
2.255900000000303862e+03,1.369791441663041065e-01
2.256000000000303771e+03,1.371257365236754899e-01
2.256100000000303680e+03,1.371982321459540299e-01
2.256200000000303589e+03,1.372710374278042489e-01
2.256300000000303953e+03,1.373438347917770308e-01
2.256400000000303862e+03,1.374166242371740732e-01
2.256500000000303771e+03,1.374890180121550731e-01
2.256600000000304135e+03,1.375601687577165666e-01
2.256700000000304044e+03,1.376316585820904492e-01
2.256800000000303953e+03,1.377039496405610963e-01
2.256900000000303862e+03,1.377762324274669770e-01
2.257000000000303771e+03,1.378474104292672364e-01
2.257100000000304135e+03,1.378484966679956181e-01
2.257200000000304044e+03,1.378495823968728384e-01
2.257300000000303953e+03,1.378506676158674227e-01
2.257400000000304317e+03,1.378517523249476184e-01
2.257500000000304226e+03,1.378524312818346087e-01
2.257600000000304135e+03,1.378528927590459696e-01
2.257700000000304044e+03,1.378533537150673505e-01
2.257800000000303953e+03,1.378538141498737435e-01
2.257900000000304317e+03,1.378551602209985294e-01
2.258000000000304226e+03,1.378572451428225765e-01
2.258100000000304135e+03,1.377816506478651282e-01
2.258200000000304499e+03,1.377060558816674829e-01
2.258300000000304408e+03,1.376304608451583422e-01
2.258400000000304317e+03,1.375548655392652975e-01
2.258500000000304226e+03,1.374792699649165784e-01
2.258600000000304135e+03,1.374036741230406089e-01
2.258700000000304499e+03,1.373280780145647861e-01
2.258800000000304408e+03,1.372518088295440475e-01
2.258900000000304317e+03,1.371745955746013212e-01
2.259000000000304681e+03,1.370973839520874815e-01
2.259100000000304590e+03,1.369325041266220011e-01
2.259200000000304499e+03,1.367676436588801114e-01
2.259300000000304408e+03,1.366041730694172451e-01
2.259400000000304317e+03,1.364409577686166719e-01
2.259500000000304681e+03,1.362777578649289056e-01
2.259600000000304590e+03,1.361145733592381002e-01
2.259700000000304499e+03,1.359514042524262445e-01
2.259800000000304863e+03,1.357882505453744948e-01
2.259900000000304772e+03,1.356251122389662833e-01
2.260000000000304681e+03,1.354619893338373238e-01
2.260100000000304590e+03,1.352183335067793923e-01
2.260200000000304499e+03,1.349735470644101987e-01
2.260300000000304863e+03,1.347283408666282989e-01
2.260400000000304772e+03,1.344831580216568900e-01
2.260500000000304681e+03,1.342379985300425904e-01
2.260600000000305045e+03,1.339928623923314077e-01
2.260700000000304954e+03,1.337477496090727636e-01
2.260800000000304863e+03,1.335026601808123603e-01
2.260900000000304772e+03,1.332575941080970106e-01
2.261000000000304681e+03,1.330125513912408797e-01
2.261100000000305045e+03,1.326921127827743185e-01
2.261200000000304954e+03,1.323723060619036995e-01
2.261300000000304863e+03,1.320524928437564749e-01
2.261400000000305226e+03,1.317326731325802192e-01
2.261500000000305135e+03,1.314128469326274473e-01
2.261600000000305045e+03,1.310930142481462335e-01
2.261700000000304954e+03,1.307735098979365129e-01
2.261800000000304863e+03,1.304542523616031291e-01
2.261900000000305226e+03,1.301349854721994825e-01
2.262000000000305135e+03,1.298157092335839313e-01
2.262100000000305045e+03,1.294116026643671591e-01
2.262200000000305408e+03,1.290075057039467565e-01
2.262300000000305317e+03,1.286034183565195887e-01
2.262400000000305226e+03,1.281993406262763868e-01
2.262500000000305135e+03,1.277952725174103243e-01
2.262600000000305045e+03,1.273912140341142418e-01
2.262700000000305408e+03,1.269871651805788981e-01
2.262800000000305317e+03,1.265831259610010473e-01
2.262900000000305226e+03,1.261790963795714759e-01
2.263000000000305590e+03,1.257754891342104109e-01
2.263100000000305499e+03,1.252888992577505523e-01
2.263200000000305408e+03,1.248023479206424313e-01
2.263300000000305317e+03,1.243158351272687923e-01
2.263400000000305226e+03,1.238278294254889639e-01
2.263500000000305590e+03,1.233393911532224829e-01
2.263600000000305499e+03,1.228510073928916757e-01
2.263700000000305408e+03,1.223626781456258056e-01
2.263800000000305772e+03,1.218744034125532616e-01
2.263900000000305681e+03,1.213861831948090386e-01
2.264000000000305590e+03,1.208980174933055596e-01
2.264100000000305499e+03,1.203395415900253146e-01
2.264200000000305408e+03,1.197810825006512120e-01
2.264300000000305772e+03,1.192235383090351625e-01
2.264400000000305681e+03,1.186665051078933802e-01
2.264500000000305590e+03,1.181094755267236146e-01
2.264600000000305954e+03,1.175524495717786416e-01
2.264700000000305863e+03,1.169954272493185926e-01
2.264800000000305772e+03,1.164384085655966877e-01
2.264900000000305681e+03,1.158813935268683537e-01
2.265000000000305590e+03,1.153243821391807949e-01
2.265100000000305954e+03,1.146995074939835130e-01
2.265200000000305863e+03,1.140739766191682103e-01
2.265300000000305772e+03,1.134477774732251809e-01
2.265400000000306136e+03,1.128215702386808073e-01
2.265500000000306045e+03,1.121953549223605878e-01
2.265600000000305954e+03,1.115691315310818887e-01
2.265700000000305863e+03,1.109441348446777720e-01
2.265800000000305772e+03,1.103191859955356680e-01
2.265900000000306136e+03,1.096942142981483237e-01
2.266000000000306045e+03,1.090692197598923524e-01
2.266100000000305954e+03,1.083746438658851896e-01
2.266200000000306318e+03,1.076793335626028414e-01
2.266300000000306227e+03,1.069840823248579265e-01
2.266400000000306136e+03,1.062888901558685095e-01
2.266500000000306045e+03,1.055938989510343262e-01
2.266600000000305954e+03,1.048990323195305580e-01
2.266700000000306318e+03,1.042042220049507056e-01
2.266800000000306227e+03,1.035094680108927107e-01
2.266900000000306136e+03,1.028147172432867379e-01
2.267000000000306500e+03,1.021195193808567825e-01
2.267100000000306409e+03,1.013696221117499213e-01
2.267200000000306318e+03,1.006197828487278845e-01
2.267300000000306227e+03,9.987000159760210660e-02
2.267400000000306136e+03,9.912027836418341176e-02
2.267500000000306500e+03,9.837061315427844677e-02
2.267600000000306409e+03,9.762071977958705626e-02
2.267700000000306318e+03,9.687073544083783794e-02
2.267800000000306682e+03,9.612081591003127090e-02
2.267900000000306591e+03,9.537096119221734336e-02
2.268000000000306500e+03,9.462117129230659951e-02
2.268100000000306409e+03,9.382957357750344729e-02
2.268200000000306318e+03,9.303797313002243330e-02
2.268300000000306682e+03,9.224636996046732540e-02
2.268400000000306591e+03,9.145476407945277164e-02
2.268500000000306500e+03,9.066315549758319214e-02
2.268600000000306864e+03,8.987154422546325683e-02
2.268700000000306773e+03,8.907993027370859906e-02
2.268800000000306682e+03,8.828831365292470756e-02
2.268900000000306591e+03,8.749669437372059599e-02
2.269000000000306500e+03,8.670507244659295121e-02
2.269100000000306864e+03,8.587656249147340715e-02
2.269200000000306773e+03,8.504808524176678264e-02
2.269300000000306682e+03,8.421964070594194218e-02
2.269400000000307045e+03,8.339122889246719517e-02
2.269500000000306954e+03,8.256284980982188382e-02
2.269600000000306864e+03,8.173450346647387343e-02
2.269700000000306773e+03,8.090618987089426284e-02
2.269800000000306682e+03,8.007790903155395656e-02
2.269900000000307045e+03,7.924966095691980683e-02
2.270000000000306954e+03,7.842152775760660721e-02
2.270100000000306864e+03,7.756691940770839289e-02
2.270200000000307227e+03,7.671241484054473758e-02
2.270300000000307136e+03,7.585801405876103909e-02
2.270400000000307045e+03,7.500371706498938640e-02
2.270500000000306954e+03,7.414952386186438038e-02
2.270600000000306864e+03,7.329543445201916474e-02
2.270700000000307227e+03,7.244144883808119328e-02
2.270800000000307136e+03,7.158756702268842531e-02
2.270900000000307045e+03,7.073378900846527539e-02
2.271000000000307409e+03,6.988052205345855750e-02
2.271100000000307318e+03,6.289139571330426559e-02
2.271200000000307227e+03,5.590196332548578312e-02
2.271300000000307136e+03,4.891290570906511176e-02
2.271400000000307045e+03,4.192422291148784758e-02
2.271500000000307409e+03,3.493591498016718200e-02
2.271600000000307318e+03,2.794798196261056439e-02
2.271700000000307227e+03,2.096042390622931267e-02
2.271800000000307591e+03,1.397320519748442534e-02
2.271900000000307500e+03,6.986383486436245106e-03
2.272000000000307409e+03,0.000000000000000000e+00
2.272100000000307318e+03,0.000000000000000000e+00
2.272200000000307227e+03,0.000000000000000000e+00
2.272300000000307591e+03,0.000000000000000000e+00
2.272400000000307500e+03,0.000000000000000000e+00
2.272500000000307409e+03,0.000000000000000000e+00
2.272600000000307773e+03,0.000000000000000000e+00
2.272700000000307682e+03,0.000000000000000000e+00
2.272800000000307591e+03,0.000000000000000000e+00
2.272900000000307500e+03,0.000000000000000000e+00
2.273000000000307409e+03,0.000000000000000000e+00
2.273100000000307773e+03,0.000000000000000000e+00
2.273200000000307682e+03,0.000000000000000000e+00
2.273300000000307591e+03,0.000000000000000000e+00
2.273400000000307955e+03,0.000000000000000000e+00
2.273500000000307864e+03,0.000000000000000000e+00
2.273600000000307773e+03,0.000000000000000000e+00
2.273700000000307682e+03,0.000000000000000000e+00
2.273800000000307591e+03,0.000000000000000000e+00
2.273900000000307955e+03,0.000000000000000000e+00
2.274000000000307864e+03,2.102355232390722670e-11
2.274100000000307773e+03,6.828420741353790832e-03
2.274200000000308137e+03,1.365599295580710928e-02
2.274300000000308046e+03,2.048276357797427366e-02
2.274400000000307955e+03,2.730873226424204020e-02
2.274500000000307864e+03,3.413389135964057380e-02
2.274600000000307773e+03,4.095824085946921794e-02
2.274700000000308137e+03,4.778178075906463346e-02
2.274800000000308046e+03,5.460451105367634950e-02
2.274900000000307955e+03,6.142643173865354467e-02
2.275000000000308319e+03,6.824754279002351320e-02
2.275100000000308228e+03,6.879950346259107452e-02
2.275200000000308137e+03,6.935173472509491288e-02
2.275300000000308046e+03,6.990399209900868827e-02
2.275400000000307955e+03,7.045624381952733661e-02
2.275500000000308319e+03,7.100848988090645297e-02
2.275600000000308228e+03,7.156073027739402737e-02
2.275700000000308137e+03,7.211296500324522463e-02
2.275800000000308501e+03,7.266519405271486265e-02
2.275900000000308410e+03,7.321741742005011266e-02
2.276000000000308319e+03,7.376934876886699632e-02
2.276100000000308228e+03,7.432670377351684177e-02
2.276200000000308137e+03,7.488503390053001529e-02
2.276300000000308501e+03,7.544339940532972244e-02
2.276400000000308410e+03,7.600176476886172372e-02
2.276500000000308319e+03,7.656012998420047566e-02
2.276600000000308683e+03,7.711813820657754948e-02
2.276700000000308592e+03,7.767558974730283394e-02
2.276800000000308501e+03,7.823302808974726130e-02
2.276900000000308410e+03,7.879045322836225607e-02
2.277000000000308319e+03,7.934782916968488586e-02
2.277100000000308683e+03,7.990330563029519884e-02
2.277200000000308592e+03,8.045871506799467943e-02
2.277300000000308501e+03,8.101405748216357339e-02
2.277400000000308864e+03,8.156933287218265383e-02
2.277500000000308773e+03,8.212428579464074729e-02
2.277600000000308683e+03,8.267845615633265255e-02
2.277700000000308592e+03,8.323254652373431040e-02
2.277800000000308501e+03,8.378655689949572605e-02
2.277900000000308864e+03,8.434048728626941660e-02
2.278000000000308773e+03,8.489503498838263384e-02
2.278100000000308683e+03,8.544933680921361352e-02
2.278200000000309046e+03,8.600359531423359960e-02
2.278300000000308955e+03,8.655781050049599079e-02
2.278400000000308864e+03,8.711198236506205450e-02
2.278500000000308773e+03,8.766611090499103198e-02
2.278600000000308683e+03,8.822019611734206734e-02
2.278700000000309046e+03,8.877423799917738556e-02
2.278800000000308955e+03,8.932823654755195353e-02
2.278900000000308864e+03,8.988219175952849582e-02
2.279000000000309228e+03,9.043610363215960624e-02
2.279100000000309137e+03,9.098661466227471462e-02
2.279200000000309046e+03,9.153684164650403854e-02
2.279300000000308955e+03,9.208658381049826536e-02
2.279400000000308864e+03,9.263632086730075321e-02
2.279500000000309228e+03,9.318605280987360406e-02
2.279600000000309137e+03,9.373577963117141199e-02
2.279700000000309046e+03,9.428550132415595975e-02
2.279800000000309410e+03,9.483521788178916889e-02
2.279900000000309319e+03,9.538492929702520329e-02
2.280000000000309228e+03,9.593463556277974369e-02
2.280100000000309137e+03,9.646956816782194244e-02
2.280200000000309046e+03,9.700446324605589699e-02
2.280300000000309410e+03,9.753932079407318101e-02
2.280400000000309319e+03,9.807414080845787419e-02
2.280500000000309228e+03,9.860893876600854147e-02
2.280600000000309592e+03,9.914388058660728031e-02
2.280700000000309501e+03,9.967878698553105099e-02
2.280800000000309410e+03,1.002136579591398208e-01
2.280900000000309319e+03,1.007484935037908508e-01
2.281000000000309228e+03,1.012832936157799235e-01
2.281100000000309592e+03,1.017980800235760291e-01
2.281200000000309501e+03,1.023128044632722056e-01
2.281300000000309410e+03,1.028274669335674796e-01
2.281400000000309774e+03,1.033420674331615857e-01
2.281500000000309683e+03,1.038566059607478886e-01
2.281600000000309592e+03,1.043710825150276633e-01
2.281700000000309501e+03,1.048854970947001863e-01
2.281800000000309410e+03,1.053998496984655392e-01
2.281900000000309774e+03,1.059141403250268842e-01
2.282000000000309683e+03,1.064283689730266269e-01
2.282100000000309592e+03,1.069250194578153096e-01
2.282200000000309956e+03,1.074216557724066295e-01
2.282300000000309865e+03,1.079182779118222774e-01
2.282400000000309774e+03,1.084148858710914098e-01
2.282500000000309683e+03,1.089114105131975402e-01
2.282600000000309592e+03,1.094067086216667373e-01
2.282700000000309956e+03,1.099019809658707963e-01
2.282800000000309865e+03,1.103972275421429838e-01
2.282900000000309774e+03,1.108924483468235189e-01
2.283000000000310138e+03,1.113876433761717133e-01
2.283100000000310047e+03,1.118568020147450576e-01
2.283200000000309956e+03,1.123259516631858329e-01
2.283300000000309865e+03,1.127950923163496960e-01
2.283400000000309774e+03,1.132642239690921371e-01
2.283500000000310138e+03,1.137345783089403484e-01
2.283600000000310047e+03,1.142050341753502729e-01
2.283700000000309956e+03,1.146754919794711614e-01
2.283800000000310320e+03,1.151459517154582307e-01
2.283900000000310229e+03,1.156164133774603003e-01
2.284000000000310138e+03,1.160868769595097272e-01
2.284100000000310047e+03,1.165179600557399719e-01
2.284200000000309956e+03,1.169490011902867277e-01
2.284300000000310320e+03,1.173800003612776172e-01
2.284400000000310229e+03,1.178098603098360619e-01
2.284500000000310138e+03,1.182393874229455688e-01
2.284600000000310501e+03,1.186688625449108248e-01
2.284700000000310411e+03,1.190982856760335745e-01
2.284800000000310320e+03,1.195276568166212805e-01
2.284900000000310229e+03,1.199569759669796010e-01
2.285000000000310138e+03,1.203862431272922084e-01
2.285100000000310501e+03,1.207759762101870277e-01
2.285200000000310411e+03,1.211656588486590136e-01
2.285300000000310320e+03,1.215553219483411357e-01
2.285400000000310683e+03,1.219459309307682343e-01
2.285500000000310592e+03,1.223364960474436214e-01
2.285600000000310501e+03,1.227270172981682339e-01
2.285700000000310411e+03,1.231174946827417599e-01
2.285800000000310320e+03,1.235079282009639151e-01
2.285900000000310683e+03,1.238983178526360251e-01
2.286000000000310592e+03,1.242886636374343767e-01
2.286100000000310501e+03,1.246401498385514839e-01
2.286200000000310865e+03,1.249908419646186403e-01
2.286300000000310774e+03,1.253408420594810113e-01
2.286400000000310683e+03,1.256908254966035698e-01
2.286500000000310592e+03,1.260407922730423236e-01
2.286600000000310501e+03,1.263907423858526280e-01
2.286700000000310865e+03,1.267435606416397187e-01
2.286800000000310774e+03,1.270964603131783111e-01
2.286900000000310683e+03,1.274493954723142919e-01
2.287000000000311047e+03,1.278028721882387142e-01
2.287100000000310956e+03,1.281036323665727117e-01
2.287200000000310865e+03,1.284043818389289104e-01
2.287300000000310774e+03,1.287051206026629258e-01
2.287400000000310683e+03,1.290052159318208769e-01
2.287500000000311047e+03,1.293048426318938182e-01
2.287600000000310956e+03,1.296031749789463006e-01
2.287700000000310865e+03,1.299012471905902077e-01
2.287800000000311229e+03,1.301989170079222435e-01
2.287900000000311138e+03,1.304963531829359535e-01
2.288000000000311047e+03,1.307937639380626904e-01
2.288100000000310956e+03,1.310293262913014289e-01
2.288200000000310865e+03,1.312648426824345460e-01
2.288300000000311229e+03,1.315003131152711890e-01
2.288400000000311138e+03,1.317357375936169528e-01
2.288500000000311047e+03,1.319711161212804573e-01
2.288600000000311411e+03,1.322064487020708223e-01
2.288700000000311320e+03,1.324417353397930874e-01
2.288800000000311229e+03,1.326769760382559560e-01
2.288900000000311138e+03,1.329121708012668268e-01
2.289000000000311047e+03,1.331473196324563790e-01
2.289100000000311411e+03,1.333255370012929319e-01
2.289200000000311320e+03,1.335037270955503064e-01
2.289300000000311229e+03,1.336818899167026287e-01
2.289400000000311593e+03,1.338600254662227762e-01
2.289500000000311502e+03,1.340381337455828492e-01
2.289600000000311411e+03,1.342162147562561136e-01
2.289700000000311320e+03,1.343942684997152803e-01
2.289800000000311229e+03,1.345722949774335042e-01
2.289900000000311593e+03,1.347502941908845508e-01
2.290000000000311502e+03,1.349282661413514217e-01
2.290100000000311411e+03,1.350459611647801539e-01
2.290200000000311775e+03,1.351636448939561030e-01
2.290300000000311684e+03,1.352813173281815218e-01
2.290400000000311593e+03,1.353989784667599394e-01
2.290500000000311502e+03,1.355166283089950796e-01
2.290600000000311411e+03,1.356342668541899443e-01
2.290700000000311775e+03,1.357518941016489789e-01
2.290800000000311684e+03,1.358680947126767458e-01
2.290900000000311593e+03,1.359839798397855515e-01
2.291000000000311957e+03,1.360995906454008642e-01
2.291100000000311866e+03,1.361415942997335482e-01
2.291200000000311775e+03,1.361842067437841475e-01
2.291300000000311684e+03,1.362278835722869896e-01
2.291400000000311593e+03,1.362715513325332972e-01
2.291500000000311957e+03,1.363152100252738863e-01
2.291600000000311866e+03,1.363588596512590179e-01
2.291700000000311775e+03,1.364025002112392304e-01
2.291800000000312139e+03,1.364461317059654788e-01
2.291900000000312048e+03,1.364897541361879962e-01
2.292000000000311957e+03,1.365333675024248961e-01
2.292100000000311866e+03,1.365024226864887946e-01
2.292200000000311775e+03,1.364714825154602074e-01
2.292300000000312139e+03,1.364405469888937961e-01
2.292400000000312048e+03,1.364096161063451940e-01
2.292500000000311957e+03,1.363786898673691461e-01
2.292600000000312320e+03,1.363477682715211747e-01
2.292700000000312230e+03,1.363168513183563857e-01
2.292800000000312139e+03,1.362856156978833333e-01
2.292900000000312048e+03,1.362543197708479814e-01
2.293000000000311957e+03,1.362230286623812014e-01
2.293100000000312320e+03,1.361246034307875274e-01
2.293200000000312230e+03,1.360261896930648196e-01
2.293300000000312139e+03,1.359277874489845939e-01
2.293400000000312502e+03,1.358293966983186163e-01
2.293500000000312411e+03,1.357310174408394021e-01
2.293600000000312320e+03,1.356326496763185785e-01
2.293700000000312230e+03,1.355338477317118984e-01
2.293800000000312139e+03,1.354348910701123343e-01
2.293900000000312502e+03,1.353359467855844989e-01
2.294000000000312411e+03,1.352384982456491802e-01
2.294100000000312320e+03,1.350676109243229284e-01
2.294200000000312684e+03,1.348967361837472567e-01
2.294300000000312593e+03,1.347258740251488784e-01
2.294400000000312502e+03,1.345550244497521475e-01
2.294500000000312411e+03,1.343841874587819452e-01
2.294600000000312320e+03,1.342132348214294113e-01
2.294700000000312684e+03,1.340421572147825757e-01
2.294800000000312593e+03,1.338710928763559849e-01
2.294900000000312502e+03,1.337000418072888108e-01
2.295000000000312866e+03,1.335290040084630148e-01
2.295100000000312775e+03,1.332756370737383234e-01
2.295200000000312684e+03,1.330223106645241904e-01
2.295300000000312593e+03,1.327686459416189957e-01
2.295400000000312502e+03,1.325143877318078478e-01
2.295500000000312866e+03,1.322602374885145926e-01
2.295600000000312775e+03,1.320061314582702816e-01
2.295700000000312684e+03,1.317520696375519551e-01
2.295800000000313048e+03,1.314980520228362926e-01
2.295900000000312957e+03,1.312440786106039425e-01
2.296000000000312866e+03,1.309901493970961062e-01
2.296100000000312775e+03,1.306609825190705454e-01
2.296200000000312684e+03,1.303318662348907087e-01
2.296300000000313048e+03,1.300028005417226407e-01
2.296400000000312957e+03,1.296737854367372156e-01
2.296500000000312866e+03,1.293448209171002283e-01
2.296600000000313230e+03,1.290159069799782787e-01
2.296700000000313139e+03,1.286870436225414083e-01
2.296800000000313048e+03,1.283582308419556894e-01
2.296900000000312957e+03,1.280294686353886102e-01
2.297000000000312866e+03,1.277007569997924696e-01
2.297100000000313230e+03,1.273033340385339163e-01
2.297200000000313139e+03,1.269059294247613101e-01
2.297300000000313048e+03,1.265085431623852730e-01
2.297400000000313412e+03,1.261111752553155940e-01
2.297500000000313321e+03,1.257138257074679466e-01
2.297600000000313230e+03,1.253168564366078652e-01
2.297700000000313139e+03,1.249205950580317692e-01
2.297800000000313048e+03,1.245243453692918001e-01
2.297900000000313412e+03,1.241277463519209756e-01
2.298000000000313321e+03,1.237309617800984446e-01
2.298100000000313230e+03,1.232575190398583070e-01
2.298200000000313594e+03,1.227835869467859831e-01
2.298300000000313503e+03,1.223097012718448034e-01
2.298400000000313412e+03,1.218358620159598893e-01
2.298500000000313321e+03,1.213620691800580270e-01
2.298600000000313230e+03,1.208883227650661696e-01
2.298700000000313594e+03,1.204147460658253482e-01
2.298800000000313503e+03,1.199416343312822708e-01
2.298900000000313412e+03,1.194685647461336958e-01
2.299000000000313776e+03,1.189955373115941240e-01
2.299100000000313685e+03,1.184469260616417552e-01
2.299200000000313594e+03,1.178984140772723760e-01
2.299300000000313503e+03,1.173500013511289963e-01
2.299400000000313412e+03,1.168019093672975212e-01
2.299500000000313776e+03,1.162550526189015387e-01
2.299600000000313685e+03,1.157082822964499158e-01
2.299700000000313594e+03,1.151615983960620482e-01
2.299800000000313958e+03,1.146150009138566517e-01
2.299900000000313867e+03,1.140684898459596308e-01
2.300000000000313776e+03,1.135220651882918180e-01
2.300100000000313685e+03,1.129128582343532639e-01
2.300200000000313594e+03,1.123037217014780931e-01
2.300300000000313958e+03,1.116946555885649922e-01
2.300400000000313867e+03,1.110856598945214879e-01
2.300500000000313776e+03,1.104767346182457255e-01
2.300600000000314139e+03,1.098678797586362527e-01
2.300700000000314049e+03,1.092590953145996940e-01
2.300800000000313958e+03,1.086503812850341671e-01
2.300900000000313867e+03,1.080417376688403014e-01
2.301000000000313776e+03,1.074331644647413403e-01
2.301100000000314139e+03,1.067680212942692108e-01
2.301200000000314049e+03,1.061029204120830238e-01
2.301300000000313958e+03,1.054378618237021836e-01
2.301400000000314321e+03,1.047728455346452897e-01
2.301500000000314230e+03,1.041078715504395458e-01
2.301600000000314139e+03,1.034429773846740203e-01
2.301700000000314049e+03,1.027782916789220097e-01
2.301800000000313958e+03,1.021136456565182454e-01
2.301900000000314321e+03,1.014490393232349158e-01
2.302000000000314230e+03,1.007844726846719302e-01
2.302100000000314139e+03,1.000623913692871569e-01
2.302200000000314503e+03,9.933952661289119357e-02
2.302300000000314412e+03,9.861653025767130876e-02
2.302400000000314321e+03,9.789366601421770064e-02
2.302500000000314230e+03,9.717093387016546846e-02
2.302600000000314139e+03,9.644833381315012777e-02
2.302700000000314503e+03,9.572586583080500144e-02
2.302800000000314412e+03,9.500352991077376519e-02
2.302900000000314321e+03,9.428132604069115741e-02
2.303000000000314685e+03,9.355925420804518666e-02
2.303100000000314594e+03,9.279119861625437227e-02
2.303200000000314503e+03,9.202370911717377977e-02
2.303300000000314412e+03,9.125639779214471392e-02
2.303400000000314321e+03,9.048926461948378352e-02
2.303500000000314685e+03,8.972222525659907799e-02
2.303600000000314594e+03,8.895440992357601939e-02
2.303700000000314503e+03,8.818679061159719057e-02
2.303800000000314867e+03,8.741834452388978771e-02
2.303900000000314776e+03,8.665000405552682194e-02
2.304000000000314685e+03,8.588187939165975449e-02
2.304100000000314594e+03,8.508351305050861069e-02
2.304200000000314503e+03,8.428530728188253496e-02
2.304300000000314867e+03,8.348726206994355747e-02
2.304400000000314776e+03,8.268937739886554616e-02
2.304500000000314685e+03,8.189165325281211327e-02
2.304600000000315049e+03,8.109408961594741228e-02
2.304700000000314958e+03,8.029668647244751767e-02
2.304800000000314867e+03,7.949944380647797071e-02
2.304900000000314776e+03,7.870236160220879518e-02
2.305000000000314685e+03,7.790543984374240227e-02
2.305100000000315049e+03,7.708693650626595451e-02
2.305200000000314958e+03,7.626857005621620611e-02
2.305300000000314867e+03,7.545034048646032110e-02
2.305400000000315231e+03,7.463224778986447816e-02
2.305500000000315140e+03,7.381458969815446469e-02
2.305600000000315049e+03,7.299709760255340685e-02
2.305700000000314958e+03,7.217973496742602357e-02
2.305800000000314867e+03,7.136283323596667727e-02
2.305900000000315231e+03,7.054632023984436229e-02
2.306000000000315140e+03,6.972992290665001869e-02
2.306100000000315049e+03,6.274990890330954529e-02
2.306200000000315413e+03,5.577145579604902981e-02
2.306300000000315322e+03,4.879495815279578236e-02
2.306400000000315231e+03,4.182005833655684512e-02
2.306500000000315140e+03,3.484655592017715797e-02
2.306600000000315049e+03,2.787445076484737494e-02
2.306700000000315413e+03,2.090374273173330189e-02
2.306800000000315322e+03,1.393443168210268396e-02
2.306900000000315231e+03,6.966517477134914239e-03
2.307000000000315595e+03,0.000000000000000000e+00
2.307100000000315504e+03,0.000000000000000000e+00
2.307200000000315413e+03,0.000000000000000000e+00
2.307300000000315322e+03,0.000000000000000000e+00
2.307400000000315231e+03,0.000000000000000000e+00
2.307500000000315595e+03,0.000000000000000000e+00
2.307600000000315504e+03,0.000000000000000000e+00
2.307700000000315413e+03,0.000000000000000000e+00
2.307800000000315777e+03,0.000000000000000000e+00
2.307900000000315686e+03,0.000000000000000000e+00
2.308000000000315595e+03,0.000000000000000000e+00
2.308100000000315504e+03,0.000000000000000000e+00
2.308200000000315413e+03,0.000000000000000000e+00
2.308300000000315777e+03,0.000000000000000000e+00
2.308400000000315686e+03,0.000000000000000000e+00
2.308500000000315595e+03,0.000000000000000000e+00
2.308600000000315958e+03,0.000000000000000000e+00
2.308700000000315868e+03,0.000000000000000000e+00
2.308800000000315777e+03,0.000000000000000000e+00
2.308900000000315686e+03,0.000000000000000000e+00
2.309000000000315595e+03,0.000000000000000000e+00
2.309100000000315958e+03,0.000000000000000000e+00
2.309200000000315868e+03,0.000000000000000000e+00
2.309300000000315777e+03,0.000000000000000000e+00
2.309400000000316140e+03,0.000000000000000000e+00
2.309500000000316049e+03,0.000000000000000000e+00
2.309600000000315958e+03,0.000000000000000000e+00
2.309700000000315868e+03,0.000000000000000000e+00
2.309800000000315777e+03,0.000000000000000000e+00
2.309900000000316140e+03,0.000000000000000000e+00
2.310000000000316049e+03,2.242006170012867693e-11
2.310100000000315958e+03,7.093208323031483659e-03
2.310200000000316322e+03,1.418513916257836856e-02
2.310300000000316231e+03,2.127579262856919839e-02
2.310400000000316140e+03,2.836516880861125051e-02
2.310500000000316049e+03,3.545326779028149661e-02
2.310600000000315958e+03,4.254008966115893631e-02
2.310700000000316322e+03,4.962563450885659061e-02
2.310800000000316231e+03,5.670990242089321565e-02
2.310900000000316140e+03,6.379289348488587086e-02
2.311000000000316504e+03,7.087460776769806403e-02
2.311100000000316413e+03,7.139791426462648027e-02
2.311200000000316322e+03,7.192114236755804690e-02
2.311300000000316231e+03,7.244429208066212322e-02
2.311400000000316140e+03,7.296768495851987946e-02
2.311500000000316504e+03,7.349101273229884101e-02
2.311600000000316413e+03,7.401426686579611058e-02
2.311700000000316322e+03,7.453744736223241740e-02
2.311800000000316686e+03,7.506055422482822703e-02
2.311900000000316595e+03,7.558345533331847776e-02
2.312000000000316504e+03,7.610577257129277906e-02
2.312100000000316413e+03,7.663326507871934257e-02
2.312200000000316322e+03,7.716048151247054121e-02
2.312300000000316686e+03,7.768756187887718156e-02
2.312400000000316595e+03,7.821458685412972789e-02
2.312500000000316504e+03,7.874155643656310932e-02
2.312600000000316868e+03,7.926847062451281012e-02
2.312700000000316777e+03,7.979532941630743115e-02
2.312800000000316686e+03,8.032213281028373342e-02
2.312900000000316595e+03,8.084888080477663219e-02
2.313000000000316504e+03,8.137552174384136972e-02
2.313100000000316868e+03,8.189735447655693834e-02
2.313200000000316777e+03,8.241922896166878343e-02
2.313300000000316686e+03,8.294099774425314764e-02
2.313400000000317050e+03,8.346266083532655200e-02
2.313500000000316959e+03,8.398421824589773210e-02
2.313600000000316868e+03,8.450566998698187671e-02
2.313700000000316777e+03,8.502701606959091329e-02
2.313800000000316686e+03,8.554825650473642240e-02
2.313900000000317050e+03,8.606939130343133071e-02
2.314000000000316959e+03,8.659032582969521108e-02
2.314100000000316868e+03,8.710119386467060631e-02
2.314200000000317232e+03,8.761189600800488309e-02
2.314300000000317141e+03,8.812243229181131177e-02
2.314400000000317050e+03,8.863280274820597993e-02
2.314500000000316959e+03,8.914300740929798073e-02
2.314600000000316868e+03,8.965304630719246604e-02
2.314700000000317232e+03,9.016304458166794766e-02
2.314800000000317141e+03,9.067316309855252832e-02
2.314900000000317050e+03,9.118312056672971122e-02
2.315000000000317414e+03,9.169291701613235812e-02
2.315100000000317323e+03,9.219689811359413345e-02
2.315200000000317232e+03,9.270075826263636520e-02
2.315300000000317141e+03,9.320449747860247436e-02
2.315400000000317050e+03,9.370811577683457738e-02
2.315500000000317414e+03,9.421161317267631730e-02
2.315600000000317323e+03,9.471460827939623406e-02
2.315700000000317232e+03,9.521743096179453858e-02
2.315800000000317596e+03,9.572012823130203463e-02
2.315900000000317505e+03,9.622270010484469671e-02
2.316000000000317414e+03,9.672514659932275605e-02
2.316100000000317323e+03,9.721752685007813144e-02
2.316200000000317232e+03,9.770982113325257790e-02
2.316300000000317596e+03,9.820202945314629450e-02
2.316400000000317505e+03,9.869415181405340187e-02
2.316500000000317414e+03,9.918618822027520932e-02
2.316600000000317777e+03,9.967813867611409473e-02
2.316700000000317686e+03,1.001700031858661633e-01
2.316800000000317596e+03,1.006617817538350002e-01
2.316900000000317505e+03,1.011534743843223172e-01
2.317000000000317414e+03,1.016450810815641842e-01
2.317100000000317777e+03,1.021155629017759248e-01
2.317200000000317686e+03,1.025859619199554346e-01
2.317300000000317596e+03,1.030566926150038864e-01
2.317400000000317959e+03,1.035273187460245548e-01
2.317500000000317868e+03,1.039978403259597395e-01
2.317600000000317777e+03,1.044682573677561538e-01
2.317700000000317686e+03,1.049392767285057260e-01
2.317800000000317596e+03,1.054107197243144833e-01
2.317900000000317959e+03,1.058820692364432769e-01
2.318000000000317868e+03,1.063533252744783414e-01
2.318100000000317777e+03,1.068012123779700645e-01
2.318200000000318141e+03,1.072488322784683618e-01
2.318300000000318050e+03,1.076963586331157879e-01
2.318400000000317959e+03,1.081437914512698856e-01
2.318500000000317868e+03,1.085911307422861571e-01
2.318600000000317777e+03,1.090389462231552975e-01
2.318700000000318141e+03,1.094873802578866795e-01
2.318800000000318050e+03,1.099357312415938925e-01
2.318900000000317959e+03,1.103839991803550052e-01
2.319000000000318323e+03,1.108321840801801128e-01
2.319100000000318232e+03,1.112577542715765117e-01
2.319200000000318141e+03,1.116832294392180180e-01
2.319300000000318050e+03,1.121087914445035860e-01
2.319400000000317959e+03,1.125343157691748308e-01
2.319500000000318323e+03,1.129598024110099186e-01
2.319600000000318232e+03,1.133852513677812424e-01
2.319700000000318141e+03,1.138106626372673569e-01
2.319800000000318505e+03,1.142360362172474414e-01
2.319900000000318414e+03,1.146613721054949853e-01
2.320000000000318323e+03,1.150866702996860003e-01
2.320100000000318232e+03,1.154794753198008228e-01
2.320200000000318141e+03,1.158722476339266727e-01
2.320300000000318505e+03,1.162649872395013217e-01
2.320400000000318414e+03,1.166574371485269296e-01
2.320500000000318323e+03,1.170487427018818138e-01
2.320600000000318687e+03,1.174402130625288171e-01
2.320700000000318596e+03,1.178319689609069743e-01
2.320800000000318505e+03,1.182236865143448945e-01
2.320900000000318414e+03,1.186162304925531263e-01
2.321000000000318323e+03,1.190092649424523419e-01
2.321100000000318687e+03,1.193566977424150299e-01
2.321200000000318596e+03,1.197040569492085343e-01
2.321300000000318505e+03,1.200513425708579912e-01
2.321400000000318869e+03,1.203985546153881203e-01
2.321500000000318778e+03,1.207451617758499435e-01
2.321600000000318687e+03,1.210916769361893297e-01
2.321700000000318596e+03,1.214381153981750477e-01
2.321800000000318505e+03,1.217844771707947554e-01
2.321900000000318869e+03,1.221307622630370820e-01
2.322000000000318778e+03,1.224769706837421090e-01
2.322100000000318687e+03,1.227782385530723497e-01
2.322200000000319051e+03,1.230804312097971975e-01
2.322300000000318960e+03,1.233825826416956595e-01
2.322400000000318869e+03,1.236846595962146911e-01
2.322500000000318778e+03,1.239866620835349542e-01
2.322600000000318687e+03,1.242885901138357230e-01
2.322700000000319051e+03,1.245895216365494468e-01
2.322800000000318960e+03,1.248888751291863941e-01
2.322900000000318869e+03,1.251881424660234998e-01
2.323000000000319233e+03,1.254873236612784881e-01
2.323100000000319142e+03,1.257433865009964791e-01
2.323200000000319051e+03,1.260005715709850427e-01
2.323300000000318960e+03,1.262579988840911716e-01
2.323400000000318869e+03,1.265153754685259258e-01
2.323500000000319233e+03,1.267727013275211090e-01
2.323600000000319142e+03,1.270299764643045282e-01
2.323700000000319051e+03,1.272872008821081258e-01
2.323800000000319415e+03,1.275443745841642607e-01
2.323900000000319324e+03,1.278014975737019054e-01
2.324000000000319233e+03,1.280585698537831385e-01
2.324100000000319142e+03,1.282621398186905293e-01
2.324200000000319051e+03,1.284656626616172415e-01
2.324300000000319415e+03,1.286691383874337680e-01
2.324400000000319324e+03,1.288725670010081314e-01
2.324500000000319233e+03,1.290761094907847406e-01
2.324600000000319596e+03,1.292809553134141032e-01
2.324700000000319505e+03,1.294857588262477710e-01
2.324800000000319415e+03,1.296905200326720631e-01
2.324900000000319324e+03,1.298952389360726323e-01
2.325000000000319233e+03,1.300982669039527084e-01
2.325100000000319596e+03,1.302400191719854383e-01
2.325200000000319505e+03,1.303817239986355681e-01
2.325300000000319415e+03,1.305233813928600162e-01
2.325400000000319778e+03,1.306649913636144800e-01
2.325500000000319687e+03,1.308080485619823041e-01
2.325600000000319596e+03,1.309510962490921804e-01
2.325700000000319505e+03,1.310940999185286060e-01
2.325800000000319415e+03,1.312370595778172555e-01
2.325900000000319778e+03,1.313799752344831373e-01
2.326000000000319687e+03,1.315228468958789809e-01
2.326100000000319596e+03,1.316124943913200285e-01
2.326200000000319960e+03,1.317021233446160899e-01
2.326300000000319869e+03,1.317917337575846282e-01
2.326400000000319778e+03,1.318813256320439109e-01
2.326500000000319687e+03,1.319708989698115398e-01
2.326600000000319596e+03,1.320604537727055328e-01
2.326700000000319960e+03,1.321499900425434360e-01
2.326800000000319869e+03,1.322395077811421016e-01
2.326900000000319778e+03,1.323290069903192978e-01
2.327000000000320142e+03,1.324184876717189319e-01
2.327100000000320051e+03,1.324537351994989620e-01
2.327200000000319960e+03,1.324889799224035491e-01
2.327300000000319869e+03,1.325242218400386196e-01
2.327400000000319778e+03,1.325594609520104328e-01
2.327500000000320142e+03,1.325946972579249150e-01
2.327600000000320051e+03,1.326299307573878539e-01
2.327700000000319960e+03,1.326651614500056475e-01
2.327800000000320324e+03,1.327003893353844444e-01
2.327900000000320233e+03,1.327356144131303095e-01
2.328000000000320142e+03,1.327708366826283737e-01
2.328100000000320051e+03,1.327369630658114530e-01
2.328200000000319960e+03,1.327030922911949795e-01
2.328300000000320324e+03,1.326692243588517839e-01
2.328400000000320233e+03,1.326353592688554461e-01
2.328500000000320142e+03,1.326014970212786026e-01
2.328600000000320506e+03,1.325676376161945558e-01
2.328700000000320415e+03,1.325337810536761640e-01
2.328800000000320324e+03,1.324999273337964800e-01
2.328900000000320233e+03,1.324660764566285842e-01
2.329000000000320142e+03,1.324322284220051105e-01
2.329100000000320506e+03,1.323241053482817897e-01
2.329200000000320415e+03,1.322168371888338689e-01
2.329300000000320324e+03,1.321095879389396210e-01
2.329400000000320688e+03,1.320023575970842578e-01
2.329500000000320597e+03,1.318951461617542675e-01
2.329600000000320506e+03,1.317865732771423548e-01
2.329700000000320415e+03,1.316778607361916986e-01
2.329800000000320324e+03,1.315688358348371390e-01
2.329900000000320688e+03,1.314597917467882071e-01
2.330000000000320597e+03,1.313502612759908095e-01
2.330100000000320506e+03,1.311713582321337723e-01
2.330200000000320870e+03,1.309924935733716156e-01
2.330300000000320779e+03,1.308136672950759860e-01
2.330400000000320688e+03,1.306348793926163931e-01
2.330500000000320597e+03,1.304561298613636511e-01
2.330600000000320506e+03,1.302774186966887404e-01
2.330700000000320870e+03,1.300989738452907607e-01
2.330800000000320779e+03,1.299209276505072230e-01
2.330900000000320688e+03,1.297432242508378408e-01
2.331000000000321052e+03,1.295667668655658689e-01
2.331100000000320961e+03,1.293209957131248866e-01
2.331200000000320870e+03,1.290752668093697042e-01
2.331300000000320779e+03,1.288295801526763706e-01
2.331400000000320688e+03,1.285839357414206019e-01
2.331500000000321052e+03,1.283383335739764763e-01
2.331600000000320961e+03,1.280922107913515795e-01
2.331700000000320870e+03,1.278461149925991802e-01
2.331800000000321234e+03,1.276000636528470678e-01
2.331900000000321143e+03,1.273540567699192605e-01
2.332000000000321052e+03,1.271080943413919750e-01
2.332100000000320961e+03,1.267861472689301994e-01
2.332200000000320870e+03,1.264642870083522996e-01
2.332300000000321234e+03,1.261425135461185509e-01
2.332400000000321143e+03,1.258208268686944464e-01
2.332500000000321052e+03,1.254992269625431200e-01
2.332600000000321415e+03,1.251777138141287049e-01
2.332700000000321324e+03,1.248562874099212183e-01
2.332800000000321234e+03,1.245349477363876661e-01
2.332900000000321143e+03,1.242136947799979130e-01
2.333000000000321052e+03,1.238925285269995985e-01
2.333100000000321415e+03,1.235017828201044471e-01
2.333200000000321324e+03,1.231112211053745076e-01
2.333300000000321234e+03,1.227204308163193924e-01
2.333400000000321597e+03,1.223295931903732731e-01
2.333500000000321506e+03,1.219388661535603657e-01
2.333600000000321415e+03,1.215482496868789536e-01
2.333700000000321324e+03,1.211577437713316496e-01
2.333800000000321234e+03,1.207673483879231069e-01
2.333900000000321597e+03,1.203770635176588111e-01
2.334000000000321506e+03,1.199868891413655991e-01
2.334100000000321415e+03,1.195389472220763083e-01
2.334200000000321779e+03,1.190918082628566882e-01
2.334300000000321688e+03,1.186442117651995976e-01
2.334400000000321597e+03,1.181966728022077057e-01
2.334500000000321506e+03,1.177491913723518885e-01
2.334600000000321415e+03,1.173017674741026334e-01
2.334700000000321779e+03,1.168544011059284848e-01
2.334800000000321688e+03,1.164070922663033719e-01
2.334900000000321597e+03,1.159598409536958252e-01
2.335000000000321961e+03,1.155124851895068527e-01
2.335100000000321870e+03,1.150038890508346540e-01
2.335200000000321779e+03,1.144953326532713311e-01
2.335300000000321688e+03,1.139868160017206422e-01
2.335400000000321597e+03,1.134783391010850406e-01
2.335500000000321961e+03,1.129699019562643431e-01
2.335600000000321870e+03,1.124615045721645834e-01
2.335700000000321779e+03,1.119531469536837881e-01
2.335800000000322143e+03,1.114448291057196783e-01
2.335900000000322052e+03,1.109365510331757620e-01
2.336000000000321961e+03,1.104283127407351267e-01
2.336100000000321870e+03,1.098539470248711541e-01
2.336200000000321779e+03,1.092796870747902854e-01
2.336300000000322143e+03,1.087055328825316108e-01
2.336400000000322052e+03,1.081314844401417841e-01
2.336500000000321961e+03,1.075575417396590766e-01
2.336600000000322325e+03,1.069839321272401944e-01
2.336700000000322234e+03,1.064106819008249910e-01
2.336800000000322143e+03,1.058369535833324077e-01
2.336900000000322052e+03,1.052620110390833086e-01
2.337000000000321961e+03,1.046870195946559140e-01
2.337100000000322325e+03,1.040533883618746241e-01
2.337200000000322234e+03,1.034199370003462265e-01
2.337300000000322143e+03,1.027866654789626466e-01
2.337400000000322507e+03,1.021535496447316949e-01
2.337500000000322416e+03,1.015201777717990167e-01
2.337600000000322325e+03,1.008869913776073296e-01
2.337700000000322234e+03,1.002539904286821049e-01
2.337800000000322143e+03,9.962117489155299099e-02
2.337900000000322507e+03,9.898854473275116306e-02
2.338000000000322416e+03,9.835609991866882396e-02
2.338100000000322325e+03,9.767663019661797230e-02
2.338200000000322689e+03,9.699733573485820604e-02
2.338300000000322598e+03,9.631821650962703318e-02
2.338400000000322507e+03,9.563927249715439838e-02
2.338500000000322416e+03,9.496019565120243644e-02
2.338600000000322325e+03,9.428080906051916621e-02
2.338700000000322689e+03,9.360160905638061080e-02
2.338800000000322598e+03,9.292259561054304340e-02
2.338900000000322507e+03,9.224376869475574281e-02
2.339000000000322871e+03,9.156512828063345655e-02
2.339100000000322780e+03,9.084434438865932049e-02
2.339200000000322689e+03,9.012479140967476210e-02
2.339300000000322598e+03,8.940543772457670846e-02
2.339400000000322507e+03,8.868628330390956882e-02
2.339500000000322871e+03,8.796732811821678100e-02
2.339600000000322780e+03,8.724857213805362055e-02
2.339700000000322689e+03,8.653001533396766087e-02
2.339800000000323053e+03,8.581165767650889009e-02
2.339900000000322962e+03,8.509349913623891204e-02
2.340000000000322871e+03,8.437553968359744194e-02
2.340100000000322780e+03,8.362232353111691274e-02
2.340200000000322689e+03,8.286936013834773906e-02
2.340300000000323053e+03,8.211673737033164944e-02
2.340400000000322962e+03,8.136443998896121521e-02
2.340500000000322871e+03,8.061206734507184168e-02
2.340600000000323234e+03,7.985933671640549347e-02
2.340700000000323143e+03,7.910687318156028880e-02
2.340800000000323053e+03,7.835454001689438897e-02
2.340900000000322962e+03,7.760226002353627639e-02
2.341000000000322871e+03,7.685095544829649572e-02
2.341100000000323234e+03,7.608044443726164063e-02
2.341200000000323143e+03,7.531012239296279442e-02
2.341300000000323053e+03,7.453998928859716100e-02
2.341400000000323416e+03,7.377004509736435900e-02
2.341500000000323325e+03,7.300028979247710770e-02
2.341600000000323234e+03,7.223072334714013276e-02
2.341700000000323143e+03,7.146165930812682643e-02
2.341800000000323053e+03,7.069278760681563245e-02
2.341900000000323416e+03,6.992409771951546560e-02
2.342000000000323325e+03,6.915558960192165483e-02
2.342100000000323234e+03,6.223748857313152888e-02
2.342200000000323598e+03,5.531995224261588434e-02
2.342300000000323507e+03,4.840298068746049648e-02
2.342400000000323416e+03,4.148657398464341423e-02
2.342500000000323325e+03,3.457073221116056111e-02
2.342600000000323234e+03,2.765545544399462471e-02
2.342700000000323598e+03,2.074074376008327308e-02
2.342800000000323507e+03,1.382659723644510605e-02
2.342900000000323416e+03,6.913015949990880017e-03
2.343000000000323780e+03,0.000000000000000000e+00
2.343100000000323689e+03,0.000000000000000000e+00
2.343200000000323598e+03,0.000000000000000000e+00
2.343300000000323507e+03,0.000000000000000000e+00
2.343400000000323416e+03,0.000000000000000000e+00
2.343500000000323780e+03,0.000000000000000000e+00
2.343600000000323689e+03,0.000000000000000000e+00
2.343700000000323598e+03,0.000000000000000000e+00
2.343800000000323962e+03,0.000000000000000000e+00
2.343900000000323871e+03,0.000000000000000000e+00
2.344000000000323780e+03,0.000000000000000000e+00
2.344100000000323689e+03,0.000000000000000000e+00
2.344200000000323598e+03,0.000000000000000000e+00
2.344300000000323962e+03,0.000000000000000000e+00
2.344400000000323871e+03,0.000000000000000000e+00
2.344500000000323780e+03,0.000000000000000000e+00
2.344600000000324144e+03,0.000000000000000000e+00
2.344700000000324053e+03,0.000000000000000000e+00
2.344800000000323962e+03,0.000000000000000000e+00
2.344900000000323871e+03,0.000000000000000000e+00
2.345000000000323780e+03,0.000000000000000000e+00
2.345100000000324144e+03,0.000000000000000000e+00
2.345200000000324053e+03,0.000000000000000000e+00
2.345300000000323962e+03,0.000000000000000000e+00
2.345400000000324326e+03,0.000000000000000000e+00
2.345500000000324235e+03,0.000000000000000000e+00
2.345600000000324144e+03,0.000000000000000000e+00
2.345700000000324053e+03,0.000000000000000000e+00
2.345800000000323962e+03,0.000000000000000000e+00
2.345900000000324326e+03,0.000000000000000000e+00
2.346000000000324235e+03,2.161780450259841463e-11
2.346100000000324144e+03,6.666538673337929315e-03
2.346200000000324508e+03,1.333149699164697111e-02
2.346300000000324417e+03,1.999487512781354323e-02
2.346400000000324326e+03,2.665667323320444759e-02
2.346500000000324235e+03,3.331689145916350014e-02
2.346600000000324144e+03,3.997552995704178880e-02
2.346700000000324508e+03,4.663268763040290255e-02
2.346800000000324417e+03,5.328842289890031725e-02
2.346900000000324326e+03,5.994263925079733324e-02
2.347000000000324690e+03,6.659533679784063187e-02
2.347100000000324599e+03,6.707948558980900144e-02
2.347200000000324508e+03,6.756352493289193017e-02
2.347300000000324417e+03,6.804745484026919478e-02
2.347400000000324326e+03,6.853127532511915643e-02
2.347500000000324690e+03,6.901497071840044517e-02
2.347600000000324599e+03,6.949825707546909703e-02
2.347700000000324508e+03,6.998142966018683353e-02
2.347800000000324872e+03,7.046448848714417790e-02
2.347900000000324781e+03,7.094743357092375691e-02
2.348000000000324690e+03,7.143026492612665479e-02
2.348100000000324599e+03,7.191695779332092642e-02
2.348200000000324508e+03,7.240353596760452926e-02
2.348300000000324872e+03,7.289063641551857264e-02
2.348400000000324781e+03,7.337806089914707119e-02
2.348500000000324690e+03,7.386550784598397423e-02
2.348600000000325053e+03,7.435285601424389268e-02
2.348700000000324962e+03,7.484019701499314281e-02
2.348800000000324872e+03,7.532798374887161863e-02
2.348900000000324781e+03,7.581567995261059845e-02
2.349000000000324690e+03,7.630328563116546559e-02
2.349100000000325053e+03,7.679521460852614667e-02
2.349200000000324962e+03,7.728709764523512826e-02
2.349300000000324872e+03,7.777893473683793191e-02
2.349400000000325235e+03,7.827072587888123101e-02
2.349500000000325144e+03,7.876247106690628663e-02
2.349600000000325053e+03,7.925417029646199263e-02
2.349700000000324962e+03,7.974582356309604936e-02
2.349800000000324872e+03,8.023743086235742006e-02
2.349900000000325235e+03,8.072899218979819047e-02
2.350000000000325144e+03,8.122050754095892777e-02
2.350100000000325053e+03,8.171059335741431839e-02
2.350200000000325417e+03,8.220114099931008500e-02
2.350300000000325326e+03,8.269166118397770771e-02
2.350400000000325235e+03,8.318215390597132053e-02
2.350500000000325144e+03,8.367261915984317011e-02
2.350600000000325053e+03,8.416305694014576677e-02
2.350700000000325417e+03,8.465346724143418822e-02
2.350800000000325326e+03,8.514386550115986274e-02
2.350900000000325235e+03,8.563439087108971892e-02
2.351000000000325599e+03,8.612452982034184135e-02
2.351100000000325508e+03,8.660042104597244494e-02
2.351200000000325417e+03,8.707619517970231759e-02
2.351300000000325326e+03,8.755185223761699498e-02
2.351400000000325235e+03,8.802739223580069439e-02
2.351500000000325599e+03,8.850199231124301902e-02
2.351600000000325508e+03,8.897624993582192721e-02
2.351700000000325417e+03,8.945037937563204977e-02
2.351800000000325781e+03,8.992438065047811402e-02
2.351900000000325690e+03,9.039825378015629853e-02
2.352000000000325599e+03,9.087199878442026035e-02
2.352100000000325508e+03,9.133115324628056364e-02
2.352200000000325417e+03,9.179013646330132226e-02
2.352300000000325781e+03,9.224894847352174687e-02
2.352400000000325690e+03,9.270758931496858590e-02
2.352500000000325599e+03,9.316605902566935105e-02
2.352600000000325963e+03,9.362459089429196746e-02
2.352700000000325872e+03,9.408314647133871056e-02
2.352800000000325781e+03,9.454153519376033710e-02
2.352900000000325690e+03,9.499975709733075868e-02
2.353000000000325599e+03,9.545781221779524317e-02
2.353100000000325963e+03,9.590856169768202655e-02
2.353200000000325872e+03,9.635921383970014187e-02
2.353300000000325781e+03,9.680976865453315428e-02
2.353400000000326145e+03,9.726016778449644851e-02
2.353500000000326054e+03,9.771008436137107456e-02
2.353600000000325963e+03,9.815989955414421153e-02
2.353700000000325872e+03,9.860961337477716637e-02
2.353800000000325781e+03,9.905922583523051050e-02
2.353900000000326145e+03,9.950873694746614762e-02
2.354000000000326054e+03,9.995814672340555540e-02
2.354100000000325963e+03,1.003972395849908328e-01
2.354200000000326327e+03,1.008363017009078488e-01
2.354300000000326236e+03,1.012753330649052708e-01
2.354400000000326145e+03,1.017135730864864723e-01
2.354500000000326054e+03,1.021517287558773301e-01
2.354600000000325963e+03,1.025898466927404884e-01
2.354700000000326327e+03,1.030279268916498431e-01
2.354800000000326236e+03,1.034659693471740721e-01
2.354900000000326145e+03,1.039032715176187172e-01
2.355000000000326509e+03,1.043403551396515083e-01
2.355100000000326418e+03,1.047526263745834352e-01
2.355200000000326327e+03,1.051657310710041315e-01
2.355300000000326236e+03,1.055787814705245187e-01
2.355400000000326145e+03,1.059917775706497867e-01
2.355500000000326509e+03,1.064047193688885673e-01
2.355600000000326418e+03,1.068184983051140152e-01
2.355700000000326327e+03,1.072331628927589986e-01
2.355800000000326690e+03,1.076478298480373907e-01
2.355900000000326600e+03,1.080624569354026870e-01
2.356000000000326509e+03,1.084770441499661037e-01
2.356100000000326418e+03,1.088590287033789211e-01
2.356200000000326327e+03,1.092409329866857737e-01
2.356300000000326690e+03,1.096227570071952595e-01
2.356400000000326600e+03,1.100045007722101342e-01
2.356500000000326509e+03,1.103861642890386074e-01
2.356600000000326872e+03,1.107677475649887222e-01
2.356700000000326781e+03,1.111492506073633452e-01
2.356800000000326690e+03,1.115304380914004800e-01
2.356900000000326600e+03,1.119115837093393184e-01
2.357000000000326509e+03,1.122919639345565934e-01
2.357100000000326872e+03,1.126409821910308445e-01
2.357200000000326781e+03,1.129899180618949839e-01
2.357300000000326690e+03,1.133387715570995102e-01
2.357400000000327054e+03,1.136875426865939925e-01
2.357500000000326963e+03,1.140362314603232535e-01
2.357600000000326872e+03,1.143848378882355854e-01
2.357700000000326781e+03,1.147333619802774207e-01
2.357800000000326690e+03,1.150818037463943316e-01
2.357900000000327054e+03,1.154296184561324490e-01
2.358000000000326963e+03,1.157772046155720047e-01
2.358100000000326872e+03,1.160902224518068210e-01
2.358200000000327236e+03,1.164031661033522180e-01
2.358300000000327145e+03,1.167160355776366149e-01
2.358400000000327054e+03,1.170288308820921219e-01
2.358500000000326963e+03,1.173418882485310760e-01
2.358600000000326872e+03,1.176550701816020533e-01
2.358700000000327236e+03,1.179681808154943584e-01
2.358800000000327145e+03,1.182812201567141341e-01
2.358900000000327054e+03,1.185941882117718116e-01
2.359000000000327418e+03,1.189070849870478841e-01
2.359100000000327327e+03,1.191800395231593368e-01
2.359200000000327236e+03,1.194529290926912291e-01
2.359300000000327145e+03,1.197256371679749076e-01
2.359400000000327054e+03,1.199978518500261077e-01
2.359500000000327418e+03,1.202699878702666730e-01
2.359600000000327327e+03,1.205418897098237546e-01
2.359700000000327236e+03,1.208137233409864175e-01
2.359800000000327600e+03,1.210854887734029578e-01
2.359900000000327509e+03,1.213571860167171890e-01
2.360000000000327418e+03,1.216288150804491763e-01
2.360100000000327327e+03,1.218618359086485331e-01
2.360200000000327236e+03,1.220948169323802235e-01
2.360300000000327600e+03,1.223277581515738732e-01
2.360400000000327509e+03,1.225606595661573317e-01
2.360500000000327418e+03,1.227935211760626116e-01
2.360600000000327782e+03,1.230263429812228776e-01
2.360700000000327691e+03,1.232591249815690321e-01
2.360800000000327600e+03,1.234918671770365295e-01
2.360900000000327509e+03,1.237245695675607687e-01
2.361000000000327418e+03,1.239572321529449489e-01
2.361100000000327782e+03,1.241491294659298056e-01
2.361200000000327691e+03,1.243410145280892942e-01
2.361300000000327600e+03,1.245328873361310346e-01
2.361400000000327964e+03,1.247245886354494682e-01
2.361500000000327873e+03,1.249161887185556291e-01
2.361600000000327782e+03,1.251077757738683627e-01
2.361700000000327691e+03,1.252993497981593207e-01
2.361800000000327600e+03,1.254909107882007935e-01
2.361900000000327964e+03,1.256824587407662230e-01
2.362000000000327873e+03,1.258739936524432279e-01
2.362100000000327782e+03,1.260094651958533485e-01
2.362200000000328146e+03,1.261449159044730484e-01
2.362300000000328055e+03,1.262803457788934658e-01
2.362400000000327964e+03,1.264157548197077929e-01
2.362500000000327873e+03,1.265511430275090832e-01
2.362600000000327782e+03,1.266865104028898903e-01
2.362700000000328146e+03,1.268221719974398642e-01
2.362800000000328055e+03,1.269580745319631165e-01
2.362900000000327964e+03,1.270939574763686464e-01
2.363000000000328328e+03,1.272298208307884315e-01
2.363100000000328237e+03,1.272997082388385159e-01
2.363200000000328146e+03,1.273695694396092259e-01
2.363300000000328055e+03,1.274394044383669045e-01
2.363400000000327964e+03,1.275092132403775058e-01
2.363500000000328328e+03,1.275789203869726052e-01
2.363600000000328237e+03,1.276480971187446967e-01
2.363700000000328146e+03,1.277172470297048557e-01
2.363800000000328509e+03,1.277855485776120958e-01
2.363900000000328419e+03,1.278531418647984585e-01
2.364000000000328328e+03,1.279207066892450173e-01
2.364100000000328237e+03,1.279329643320475940e-01
2.364200000000328146e+03,1.279452140902001822e-01
2.364300000000328509e+03,1.279574559655190791e-01
2.364400000000328419e+03,1.279701045700871176e-01
2.364500000000328328e+03,1.279829119436492468e-01
2.364600000000328691e+03,1.279957115626553787e-01
2.364700000000328600e+03,1.280085034288174495e-01
2.364800000000328509e+03,1.280212875438471731e-01
2.364900000000328419e+03,1.280344405210384340e-01
2.365000000000328328e+03,1.280479718658259769e-01
2.365100000000328691e+03,1.280159579281958393e-01
2.365200000000328600e+03,1.279850568443992309e-01
2.365300000000328509e+03,1.279539690910592720e-01
2.365400000000328873e+03,1.279228826031581501e-01
2.365500000000328782e+03,1.278917973810804187e-01
2.365600000000328691e+03,1.278607134252096877e-01
2.365700000000328600e+03,1.278296307359296780e-01
2.365800000000328509e+03,1.277985493136244433e-01
2.365900000000328873e+03,1.277674691586774547e-01
2.366000000000328782e+03,1.277363902712820021e-01
2.366100000000328691e+03,1.276473182887483959e-01
2.366200000000329055e+03,1.275582461062389206e-01
2.366300000000328964e+03,1.274691737260768287e-01
2.366400000000328873e+03,1.273801011505842351e-01
2.366500000000328782e+03,1.272910283820833099e-01
2.366600000000328691e+03,1.272019554228958349e-01
2.366700000000329055e+03,1.271128822753433696e-01
2.366800000000328964e+03,1.270238089417481397e-01
2.366900000000328873e+03,1.269347354244313997e-01
2.367000000000329237e+03,1.268456617254677399e-01
2.367100000000329146e+03,1.266817724505543696e-01
2.367200000000329055e+03,1.265169671836639254e-01
2.367300000000328964e+03,1.263521944712442668e-01
2.367400000000328873e+03,1.261874099473712096e-01
2.367500000000329237e+03,1.260212205201343139e-01
2.367600000000329146e+03,1.258550674767190125e-01
2.367700000000329055e+03,1.256889508132498223e-01
2.367800000000329419e+03,1.255228705258506217e-01
2.367900000000329328e+03,1.253575124839885202e-01
2.368000000000329237e+03,1.251929763257560724e-01
2.368100000000329146e+03,1.249573096950697959e-01
2.368200000000329055e+03,1.247217161709131550e-01
2.368300000000329419e+03,1.244861957386667745e-01
2.368400000000329328e+03,1.242511733068173835e-01
2.368500000000329237e+03,1.240170294595732275e-01
2.368600000000329601e+03,1.237833078612713550e-01
2.368700000000329510e+03,1.235498614013254282e-01
2.368800000000329419e+03,1.233164811919194859e-01
2.368900000000329328e+03,1.230831672214132144e-01
2.369000000000329237e+03,1.228499194779748421e-01
2.369100000000329601e+03,1.225582234573304174e-01
2.369200000000329510e+03,1.222665864081655812e-01
2.369300000000329419e+03,1.219750083254226430e-01
2.369400000000329783e+03,1.216833717682569566e-01
2.369500000000329692e+03,1.213913603703478117e-01
2.369600000000329601e+03,1.210994105651993363e-01
2.369700000000329510e+03,1.208075223469955439e-01
2.369800000000329419e+03,1.205156957099211418e-01
2.369900000000329783e+03,1.202239306481591441e-01
2.370000000000329692e+03,1.199322271557086567e-01
2.370100000000329601e+03,1.195836972492737710e-01
2.370200000000329965e+03,1.192352061334772118e-01
2.370300000000329874e+03,1.188867538095773474e-01
2.370400000000329783e+03,1.185383402788269258e-01
2.370500000000329692e+03,1.181899655424801243e-01
2.370600000000329601e+03,1.178416296017902182e-01
2.370700000000329965e+03,1.174933324580088173e-01
2.370800000000329874e+03,1.171450741123914452e-01
2.370900000000329783e+03,1.167968545661888374e-01
2.371000000000330147e+03,1.164486738204454641e-01
2.371100000000330056e+03,1.160383090863416206e-01
2.371200000000329965e+03,1.156279937169035626e-01
2.371300000000329874e+03,1.152177277189405241e-01
2.371400000000329783e+03,1.148075110992583248e-01
2.371500000000330147e+03,1.143973438646578439e-01
2.371600000000330056e+03,1.139884974580097354e-01
2.371700000000329965e+03,1.135797607142832732e-01
2.371800000000330328e+03,1.131710637598791619e-01
2.371900000000330238e+03,1.127623629271591876e-01
2.372000000000330147e+03,1.123535226581718477e-01
2.372100000000330056e+03,1.118829179521360628e-01
2.372200000000329965e+03,1.114123828425951646e-01
2.372300000000330328e+03,1.109416286235043181e-01
2.372400000000330238e+03,1.104706043844418395e-01
2.372500000000330147e+03,1.099996551039512105e-01
2.372600000000330510e+03,1.095287807799820295e-01
2.372700000000330419e+03,1.090579814104897655e-01
2.372800000000330328e+03,1.085872569934220322e-01
2.372900000000330238e+03,1.081162842684599001e-01
2.373000000000330147e+03,1.076444447074472177e-01
2.373100000000330510e+03,1.071149826071766675e-01
2.373200000000330419e+03,1.065856364789429384e-01
2.373300000000330328e+03,1.060570958324227320e-01
2.373400000000330692e+03,1.055288689616862285e-01
2.373500000000330601e+03,1.050007491091928397e-01
2.373600000000330510e+03,1.044727362658167402e-01
2.373700000000330419e+03,1.039448304224340897e-01
2.373800000000330328e+03,1.034170315699210058e-01
2.373900000000330692e+03,1.028893396991510389e-01
2.374000000000330601e+03,1.023617548008267375e-01
2.374100000000330510e+03,1.017804956545868000e-01
2.374200000000330874e+03,1.011993792588181257e-01
2.374300000000330783e+03,1.006177423403307736e-01
2.374400000000330692e+03,1.000357380632662246e-01
2.374500000000330601e+03,9.945421171791972437e-02
2.374600000000330510e+03,9.887296761637662246e-02
2.374700000000330874e+03,9.829187452413963577e-02
2.374800000000330783e+03,9.771093242010192581e-02
2.374900000000330692e+03,9.713014128315022866e-02
2.375000000000331056e+03,9.654950109202466157e-02
2.375100000000330965e+03,9.592419509242813835e-02
2.375200000000330874e+03,9.529903324927560537e-02
2.375300000000330783e+03,9.467388877138137315e-02
2.375400000000330692e+03,9.404853732767376462e-02
2.375500000000331056e+03,9.342227430116620268e-02
2.375600000000330965e+03,9.279617594050681983e-02
2.375700000000330874e+03,9.217024222266903544e-02
2.375800000000331238e+03,9.154447312462710151e-02
2.375900000000331147e+03,9.091886862336569231e-02
2.376000000000331056e+03,9.029342869574820407e-02
2.376100000000330965e+03,8.963370015935158419e-02
2.376200000000330874e+03,8.897406400532351101e-02
2.376300000000331238e+03,8.831452024260873224e-02
2.376400000000331147e+03,8.765506888015552056e-02
2.376500000000331056e+03,8.699570992689721616e-02
2.376600000000331420e+03,8.633719249218747838e-02
2.376700000000331329e+03,8.567902141590195975e-02
2.376800000000331238e+03,8.502092730367519224e-02
2.376900000000331147e+03,8.436291016659286379e-02
2.377000000000331056e+03,8.370497001562941797e-02
2.377100000000331420e+03,8.301514160872464076e-02
2.377200000000331329e+03,8.232538164532440805e-02
2.377300000000331238e+03,8.163569013182807310e-02
2.377400000000331602e+03,8.094606707463354589e-02
2.377500000000331511e+03,8.025651248014624428e-02
2.377600000000331420e+03,7.956702635476078922e-02
2.377700000000331329e+03,7.887760870487289799e-02
2.377800000000331238e+03,7.818825953687709440e-02
2.377900000000331602e+03,7.749897885716294788e-02
2.378000000000331511e+03,7.680976667202342456e-02
2.378100000000331420e+03,7.608925506495640978e-02
2.378200000000331784e+03,7.536894002696298278e-02
2.378300000000331693e+03,7.464882152715975050e-02
2.378400000000331602e+03,7.392931599307250856e-02
2.378500000000331511e+03,7.321044853125903418e-02
2.378600000000331420e+03,7.249176058989503790e-02
2.378700000000331784e+03,7.177345684987034014e-02
2.378800000000331693e+03,7.105544891766026050e-02
2.378900000000331602e+03,7.033761390842183103e-02
2.379000000000331966e+03,6.962032352176389383e-02
2.379100000000331875e+03,6.264813995584335438e-02
2.379200000000331784e+03,5.567821339626422700e-02
2.379300000000331693e+03,4.871054339982702763e-02
2.379400000000331602e+03,4.174512952339416716e-02
2.379500000000331966e+03,3.478193804345666024e-02
2.379600000000331875e+03,2.782091522897789035e-02
2.379700000000331784e+03,2.086221048761789307e-02
2.379800000000332147e+03,1.390582334678115359e-02
2.379900000000332057e+03,6.951753334036340007e-03
2.380000000000331966e+03,0.000000000000000000e+00
2.380100000000331875e+03,0.000000000000000000e+00
2.380200000000331784e+03,0.000000000000000000e+00
2.380300000000332147e+03,0.000000000000000000e+00
2.380400000000332057e+03,0.000000000000000000e+00
2.380500000000331966e+03,0.000000000000000000e+00
2.380600000000332329e+03,0.000000000000000000e+00
2.380700000000332238e+03,0.000000000000000000e+00
2.380800000000332147e+03,0.000000000000000000e+00
2.380900000000332057e+03,0.000000000000000000e+00
2.381000000000331966e+03,0.000000000000000000e+00
2.381100000000332329e+03,0.000000000000000000e+00
2.381200000000332238e+03,0.000000000000000000e+00
2.381300000000332147e+03,0.000000000000000000e+00
2.381400000000332511e+03,0.000000000000000000e+00
2.381500000000332420e+03,0.000000000000000000e+00
2.381600000000332329e+03,0.000000000000000000e+00
2.381700000000332238e+03,0.000000000000000000e+00
2.381800000000332147e+03,0.000000000000000000e+00
2.381900000000332511e+03,0.000000000000000000e+00
2.382000000000332420e+03,0.000000000000000000e+00
2.382100000000332329e+03,0.000000000000000000e+00
2.382200000000332693e+03,0.000000000000000000e+00
2.382300000000332602e+03,0.000000000000000000e+00
2.382400000000332511e+03,0.000000000000000000e+00
2.382500000000332420e+03,0.000000000000000000e+00
2.382600000000332329e+03,0.000000000000000000e+00
2.382700000000332693e+03,0.000000000000000000e+00
2.382800000000332602e+03,0.000000000000000000e+00
2.382900000000332511e+03,0.000000000000000000e+00
2.383000000000332875e+03,0.000000000000000000e+00
2.383100000000332784e+03,0.000000000000000000e+00
2.383200000000332693e+03,0.000000000000000000e+00
2.383300000000332602e+03,0.000000000000000000e+00
2.383400000000332511e+03,0.000000000000000000e+00
2.383500000000332875e+03,0.000000000000000000e+00
2.383600000000332784e+03,0.000000000000000000e+00
2.383700000000332693e+03,0.000000000000000000e+00
2.383800000000333057e+03,0.000000000000000000e+00
2.383900000000332966e+03,0.000000000000000000e+00
2.384000000000332875e+03,2.217132944258931422e-11
2.384100000000332784e+03,6.659654728659161749e-03
2.384200000000332693e+03,1.331750728176740728e-02
2.384300000000333057e+03,1.997355797569337274e-02
2.384400000000332966e+03,2.662780710450827690e-02
2.384500000000332875e+03,3.328025496233885661e-02
2.384600000000333239e+03,3.993103071311128460e-02
2.384700000000333148e+03,4.658011027552806660e-02
2.384800000000333057e+03,5.322744992733809133e-02
2.384900000000332966e+03,5.987304993978671830e-02
2.385000000000332875e+03,6.651691056350896025e-02
2.385100000000333239e+03,6.697746766614061376e-02
2.385200000000333148e+03,6.743800943717127849e-02
2.385300000000333057e+03,6.789774999898456898e-02
2.385400000000333421e+03,6.835738025787879701e-02
2.385500000000333330e+03,6.881681658094590537e-02
2.385600000000333239e+03,6.927676655350069324e-02
2.385700000000333148e+03,6.973670076290203190e-02
2.385800000000333057e+03,7.019661919874781164e-02
2.385900000000333421e+03,7.065652185063905910e-02
2.386000000000333330e+03,7.111657751333347321e-02
2.386100000000333239e+03,7.157779883508429142e-02
2.386200000000333603e+03,7.203895773321761231e-02
2.386300000000333512e+03,7.250008490225660907e-02
2.386400000000333421e+03,7.296118033393279856e-02
2.386500000000333330e+03,7.342224401997687888e-02
2.386600000000333239e+03,7.388327595212139387e-02
2.386700000000333603e+03,7.434427612210248171e-02
2.386800000000333512e+03,7.480524452165154825e-02
2.386900000000333421e+03,7.526618114250799296e-02
2.387000000000333785e+03,7.572708597638024008e-02
2.387100000000333694e+03,7.617816200678412253e-02
2.387200000000333603e+03,7.662909203750406517e-02
2.387300000000333512e+03,7.707987609722129208e-02
2.387400000000333421e+03,7.753051421461230885e-02
2.387500000000333785e+03,7.798100641835215008e-02
2.387600000000333694e+03,7.843135273710534483e-02
2.387700000000333603e+03,7.888155319953853162e-02
2.387800000000333966e+03,7.933160783431429663e-02
2.387900000000333876e+03,7.978151667008494263e-02
2.388000000000333785e+03,8.023127973549006031e-02
2.388100000000333694e+03,8.067640896679079132e-02
2.388200000000333603e+03,8.112138189231968277e-02
2.388300000000333966e+03,8.156619854436585049e-02
2.388400000000333876e+03,8.201085895520734970e-02
2.388500000000333785e+03,8.245536315712441444e-02
2.388600000000334148e+03,8.289971118239182479e-02
2.388700000000334057e+03,8.334390306327420228e-02
2.388800000000333966e+03,8.378793883203709825e-02
2.388900000000333876e+03,8.423181852093949984e-02
2.389000000000333785e+03,8.467554216224454366e-02
2.389100000000334148e+03,8.512174228539422238e-02
2.389200000000334057e+03,8.556788497309825159e-02
2.389300000000333966e+03,8.601397022468973419e-02
2.389400000000334330e+03,8.646094220936278996e-02
2.389500000000334239e+03,8.690801878321276208e-02
2.389600000000334148e+03,8.735514500001950733e-02
2.389700000000334057e+03,8.780222608410596929e-02
2.389800000000333966e+03,8.824926203288208093e-02
2.389900000000334330e+03,8.869625284376084218e-02
2.390000000000334239e+03,8.914319851412587370e-02
2.390100000000334148e+03,8.958299301646260870e-02
2.390200000000334512e+03,9.002277111908076057e-02
2.390300000000334421e+03,9.046253281120027190e-02
2.390400000000334330e+03,9.090227808204905113e-02
2.390500000000334239e+03,9.134233602356099657e-02
2.390600000000334148e+03,9.178246776541616747e-02
2.390700000000334512e+03,9.222258706494460001e-02
2.390800000000334421e+03,9.266256571171425926e-02
2.390900000000334330e+03,9.310239420153866574e-02
2.391000000000334694e+03,9.354220770910313953e-02
2.391100000000334603e+03,9.395961105702428651e-02
2.391200000000334512e+03,9.437691915555553035e-02
2.391300000000334421e+03,9.479397031540121032e-02
2.391400000000334330e+03,9.521065384537669152e-02
2.391500000000334694e+03,9.562723835594134913e-02
2.391600000000334603e+03,9.604360660625775592e-02
2.391700000000334512e+03,9.645885610902454887e-02
2.391800000000334876e+03,9.687399681801556195e-02
2.391900000000334785e+03,9.728902874836936610e-02
2.392000000000334694e+03,9.770395191515406086e-02
2.392100000000334603e+03,9.809645536598629589e-02
2.392200000000334512e+03,9.848881303260074993e-02
2.392300000000334876e+03,9.888102494688874589e-02
2.392400000000334785e+03,9.927309114073168406e-02
2.392500000000334694e+03,9.966501164601088147e-02
2.392600000000335058e+03,1.000579352341874201e-01
2.392700000000334967e+03,1.004501867799646175e-01
2.392800000000334876e+03,1.008422909199366141e-01
2.392900000000334785e+03,1.012342542755100272e-01
2.393000000000334694e+03,1.016260768760335748e-01
2.393100000000335058e+03,1.020044465693714930e-01
2.393200000000334967e+03,1.023827383711329864e-01
2.393300000000334876e+03,1.027609522875487374e-01
2.393400000000335240e+03,1.031390883248496787e-01
2.393500000000335149e+03,1.035171464892619686e-01
2.393600000000335058e+03,1.038951267870171918e-01
2.393700000000334967e+03,1.042730292243453788e-01
2.393800000000334876e+03,1.046507946077106233e-01
2.393900000000335240e+03,1.050280629424487355e-01
2.394000000000335149e+03,1.054052499887946776e-01
2.394100000000335058e+03,1.057644194835245383e-01
2.394200000000335422e+03,1.061235562869802806e-01
2.394300000000335331e+03,1.064826603939240668e-01
2.394400000000335240e+03,1.068408307242736249e-01
2.394500000000335149e+03,1.071993536242860506e-01
2.394600000000335058e+03,1.075586198625501227e-01
2.394700000000335422e+03,1.079182027540705607e-01
2.394800000000335331e+03,1.082779012541505020e-01
2.394900000000335240e+03,1.086375720644808945e-01
2.395000000000335604e+03,1.089972151790457588e-01
2.395100000000335513e+03,1.093225159510609751e-01
2.395200000000335422e+03,1.096477554035969748e-01
2.395300000000335331e+03,1.099729335386327306e-01
2.395400000000335240e+03,1.102980503581480615e-01
2.395500000000335604e+03,1.106229594864506088e-01
2.395600000000335513e+03,1.109474480246249450e-01
2.395700000000335422e+03,1.112719008686048339e-01
2.395800000000335785e+03,1.115975761387006798e-01
2.395900000000335694e+03,1.119231948123705911e-01
2.396000000000335604e+03,1.122487568902360289e-01
2.396100000000335513e+03,1.125346347438443140e-01
2.396200000000335422e+03,1.128204224138880801e-01
2.396300000000335785e+03,1.131061199164517805e-01
2.396400000000335694e+03,1.133921784729365473e-01
2.396500000000335604e+03,1.136781133390038778e-01
2.396600000000335967e+03,1.139633824910692567e-01
2.396700000000335876e+03,1.142473590423278840e-01
2.396800000000335785e+03,1.145310936144428027e-01
2.396900000000335694e+03,1.148147306048615812e-01
2.397000000000335604e+03,1.150982700331948522e-01
2.397100000000335967e+03,1.153499053387701256e-01
2.397200000000335876e+03,1.156012312745019754e-01
2.397300000000335785e+03,1.158522008035410000e-01
2.397400000000336149e+03,1.161030992464747030e-01
2.397500000000336058e+03,1.163539266122105148e-01
2.397600000000335967e+03,1.166046829096591825e-01
2.397700000000335876e+03,1.168553681477299128e-01
2.397800000000335785e+03,1.171055913621511374e-01
2.397900000000336149e+03,1.173551425693602074e-01
2.398000000000336058e+03,1.176046185168185959e-01
2.398100000000335967e+03,1.178227287705007204e-01
2.398200000000336331e+03,1.180408041990342882e-01
2.398300000000336240e+03,1.182588448031454825e-01
2.398400000000336149e+03,1.184768505835641222e-01
2.398500000000336058e+03,1.186957084856841982e-01
2.398600000000335967e+03,1.189150479986244985e-01
2.398700000000336331e+03,1.191343578601718051e-01
2.398800000000336240e+03,1.193536380700062349e-01
2.398900000000336149e+03,1.195728886278106251e-01
2.399000000000336513e+03,1.197921095331173913e-01
2.399100000000336422e+03,1.199662336285046843e-01
2.399200000000336331e+03,1.201403264678983507e-01
2.399300000000336240e+03,1.203143880509782021e-01
2.399400000000336149e+03,1.204884183774250217e-01
2.399500000000336513e+03,1.206624174469215355e-01
2.399600000000336422e+03,1.208363852591489429e-01
2.399700000000336331e+03,1.210103218137924264e-01
2.399800000000336695e+03,1.211842271105378899e-01
2.399900000000336604e+03,1.213590722324784515e-01
2.400000000000336513e+03,1.215339428621566853e-01
2.400100000000336422e+03,1.216541023155877088e-01
2.400200000000336331e+03,1.217742228182809028e-01
2.400300000000336695e+03,1.218943043774025486e-01
2.400400000000336604e+03,1.220143470001165825e-01
2.400500000000336513e+03,1.221343506935879397e-01
2.400600000000336877e+03,1.222547552760216982e-01
2.400700000000336786e+03,1.223752391424087482e-01
2.400800000000336695e+03,1.224956852073770530e-01
2.400900000000336604e+03,1.226160934775971378e-01
2.401000000000336513e+03,1.227364639595764917e-01
2.401100000000336877e+03,1.228087572811238926e-01
2.401200000000336786e+03,1.228810273533834097e-01
2.401300000000336695e+03,1.229532741790704820e-01
2.401400000000337059e+03,1.230254977609002570e-01
2.401500000000336968e+03,1.230976981015870914e-01
2.401600000000336877e+03,1.231698752038463823e-01
2.401700000000336786e+03,1.232420290703934301e-01
2.401800000000336695e+03,1.233141597039431880e-01
2.401900000000337059e+03,1.233862671072115946e-01
2.402000000000336968e+03,1.234583512827683860e-01
2.402100000000336877e+03,1.234875213186425458e-01
2.402200000000337241e+03,1.235166863318106628e-01
2.402300000000337150e+03,1.235458463223862574e-01
2.402400000000337059e+03,1.235750012904833911e-01
2.402500000000336968e+03,1.236041512362154454e-01
2.402600000000336877e+03,1.236332961596964819e-01
2.402700000000337241e+03,1.236624360610403817e-01
2.402800000000337150e+03,1.236915709403606095e-01
2.402900000000337059e+03,1.237207007977714351e-01
2.403000000000337423e+03,1.237498256332040802e-01
2.403100000000337332e+03,1.237248517510310813e-01
2.403200000000337241e+03,1.236998797491779961e-01
2.403300000000337150e+03,1.236749096280039123e-01
2.403400000000337059e+03,1.236499413878685977e-01
2.403500000000337423e+03,1.236249750291312510e-01
2.403600000000337332e+03,1.236006373187696905e-01
2.403700000000337241e+03,1.235764112979333001e-01
2.403800000000337604e+03,1.235521868729489992e-01
2.403900000000337513e+03,1.235279640442031729e-01
2.404000000000337423e+03,1.235037428118637148e-01
2.404100000000337332e+03,1.234150155032973928e-01
2.404200000000337241e+03,1.233263096526563823e-01
2.404300000000337604e+03,1.232376252566381863e-01
2.404400000000337513e+03,1.231489623119420840e-01
2.404500000000337423e+03,1.230603208152662720e-01
2.404600000000337786e+03,1.229717007633098769e-01
2.404700000000337695e+03,1.228831021527729689e-01
2.404800000000337604e+03,1.227945249803549660e-01
2.404900000000337513e+03,1.227059692427560356e-01
2.405000000000337423e+03,1.226174349364848176e-01
2.405100000000337786e+03,1.224719705113463536e-01
2.405200000000337695e+03,1.223265423447537914e-01
2.405300000000337604e+03,1.221811504332075554e-01
2.405400000000337968e+03,1.220357947732075149e-01
2.405500000000337877e+03,1.218904753612555097e-01
2.405600000000337786e+03,1.217450320476548414e-01
2.405700000000337695e+03,1.215992310176916419e-01
2.405800000000337604e+03,1.214534675402370589e-01
2.405900000000337968e+03,1.213077416113256535e-01
2.406000000000337877e+03,1.211620532268300882e-01
2.406100000000337786e+03,1.209676481268626702e-01
2.406200000000338150e+03,1.207732678886399014e-01
2.406300000000338059e+03,1.205789125118616884e-01
2.406400000000337968e+03,1.203845819962258284e-01
2.406500000000337877e+03,1.201907539876091446e-01
2.406600000000337786e+03,1.199970194689750497e-01
2.406700000000338150e+03,1.198033080531895611e-01
2.406800000000338059e+03,1.196096197402263805e-01
2.406900000000337968e+03,1.194159545300560177e-01
2.407000000000338332e+03,1.192223124224517511e-01
2.407100000000338241e+03,1.189705230715771694e-01
2.407200000000338150e+03,1.187188345527121353e-01
2.407300000000338059e+03,1.184669303813905561e-01
2.407400000000337968e+03,1.182147674107166119e-01
2.407500000000338332e+03,1.179629689651776753e-01
2.407600000000338241e+03,1.177112014236996740e-01
2.407700000000338150e+03,1.174594647894189048e-01
2.407800000000338514e+03,1.172077590654697354e-01
2.407900000000338423e+03,1.169560842549888791e-01
2.408000000000338332e+03,1.167042867792048438e-01
2.408100000000338241e+03,1.163846382147843556e-01
2.408200000000338150e+03,1.160650841931625266e-01
2.408300000000338514e+03,1.157456246972090735e-01
2.408400000000338423e+03,1.154262597098008880e-01
2.408500000000338332e+03,1.151069892138121969e-01
2.408600000000338696e+03,1.147878131921198225e-01
2.408700000000338605e+03,1.144687316276067207e-01
2.408800000000338514e+03,1.141497445031540020e-01
2.408900000000338423e+03,1.138308518016463294e-01
2.409000000000338332e+03,1.135120535057827368e-01
2.409100000000338696e+03,1.131377952157498756e-01
2.409200000000338605e+03,1.127636421372184283e-01
2.409300000000338514e+03,1.123899237152781311e-01
2.409400000000338878e+03,1.120166182027331619e-01
2.409500000000338787e+03,1.116434136058793436e-01
2.409600000000338696e+03,1.112703099141662405e-01
2.409700000000338605e+03,1.108973071170447910e-01
2.409800000000338514e+03,1.105244052039657671e-01
2.409900000000338878e+03,1.101516041643771232e-01
2.410000000000338787e+03,1.097789039875788353e-01
2.410100000000338696e+03,1.093609129187719242e-01
2.410200000000339060e+03,1.089429653723031910e-01
2.410300000000338969e+03,1.085250613501816397e-01
2.410400000000338878e+03,1.081072008544101404e-01
2.410500000000338787e+03,1.076893838869930758e-01
2.410600000000338696e+03,1.072714927954103725e-01
2.410700000000339060e+03,1.068539347976778936e-01
2.410800000000338969e+03,1.064365221220011232e-01
2.410900000000338878e+03,1.060191508427382051e-01
2.411000000000339242e+03,1.056018209619294795e-01
2.411100000000339151e+03,1.051306051025471117e-01
2.411200000000339060e+03,1.046579874712390695e-01
2.411300000000338969e+03,1.041854462505277246e-01
2.411400000000338878e+03,1.037129814413593060e-01
2.411500000000339242e+03,1.032404184625267257e-01
2.411600000000339151e+03,1.027676385271855258e-01
2.411700000000339060e+03,1.022949393065926416e-01
2.411800000000339423e+03,1.018223208007400654e-01
2.411900000000339332e+03,1.013497830096233426e-01
2.412000000000339242e+03,1.008773259330325439e-01
2.412100000000339151e+03,1.003469365174917693e-01
2.412200000000339060e+03,9.981673501270839355e-02
2.412300000000339423e+03,9.928672137757468819e-02
2.412400000000339332e+03,9.875732530289413336e-02
2.412500000000339242e+03,9.822813307030610341e-02
2.412600000000339605e+03,9.769912376561772083e-02
2.412700000000339514e+03,9.717029735014152958e-02
2.412800000000339423e+03,9.664165378518921323e-02
2.412900000000339332e+03,9.611319303208026854e-02
2.413000000000339242e+03,9.558491505199979976e-02
2.413100000000339605e+03,9.501534407888484468e-02
2.413200000000339514e+03,9.444593454663528787e-02
2.413300000000339423e+03,9.387668643447046046e-02
2.413400000000339787e+03,9.330759972161035976e-02
2.413500000000339696e+03,9.273867376353256420e-02
2.413600000000339605e+03,9.216882331657795524e-02
2.413700000000339514e+03,9.159914761167083086e-02
2.413800000000339423e+03,9.102964662233047066e-02
2.413900000000339787e+03,9.046032032207550200e-02
2.414000000000339696e+03,8.989116868432975305e-02
2.414100000000339605e+03,8.929177887216363518e-02
2.414200000000339969e+03,8.869255947971578513e-02
2.414300000000339878e+03,8.809340374598367829e-02
2.414400000000339787e+03,8.749431167629881378e-02
2.414500000000339696e+03,8.689617582873711277e-02
2.414600000000339605e+03,8.629822233107660445e-02
2.414700000000339969e+03,8.570031841658375116e-02
2.414800000000339878e+03,8.510246409234561993e-02
2.414900000000339787e+03,8.450465936543985479e-02
2.415000000000340151e+03,8.390690424281514737e-02
2.415100000000340060e+03,8.327174406075005253e-02
2.415200000000339969e+03,8.263670074637587126e-02
2.415300000000339878e+03,8.200177429435349941e-02
2.415400000000339787e+03,8.136696469934211196e-02
2.415500000000340151e+03,8.073227195599648465e-02
2.415600000000340060e+03,8.009769605897856803e-02
2.415700000000339969e+03,7.946313309356912991e-02
2.415800000000340333e+03,7.882843200064115763e-02
2.415900000000340242e+03,7.819385352018240476e-02
2.416000000000340151e+03,7.755939764526040281e-02
2.416100000000340060e+03,7.689022993819004392e-02
2.416200000000339969e+03,7.622156244321069696e-02
2.416300000000340333e+03,7.555356235460970737e-02
2.416400000000340242e+03,7.488581653571661778e-02
2.416500000000340151e+03,7.421832493032340383e-02
2.416600000000340515e+03,7.355137941086578590e-02
2.416700000000340424e+03,7.288472603128218208e-02
2.416800000000340333e+03,7.221832062052763179e-02
2.416900000000340242e+03,7.155216312567892756e-02
2.417000000000340151e+03,7.088625347194570103e-02
2.417100000000340515e+03,6.379039711211663410e-02
2.417200000000340424e+03,5.669614804392688473e-02
2.417300000000340333e+03,4.960350611717937591e-02
2.417400000000340697e+03,4.251238330920022179e-02
2.417500000000340606e+03,3.542280820224054383e-02
2.417600000000340515e+03,2.833489022210542232e-02
2.417700000000340424e+03,2.124861903310968844e-02
2.417800000000340333e+03,1.416404704938638119e-02
2.417900000000340697e+03,7.081174090442865846e-03
2.418000000000340606e+03,0.000000000000000000e+00
2.418100000000340515e+03,0.000000000000000000e+00
2.418200000000340879e+03,0.000000000000000000e+00
2.418300000000340788e+03,0.000000000000000000e+00
2.418400000000340697e+03,0.000000000000000000e+00
2.418500000000340606e+03,0.000000000000000000e+00
2.418600000000340515e+03,0.000000000000000000e+00
2.418700000000340879e+03,0.000000000000000000e+00
2.418800000000340788e+03,0.000000000000000000e+00
2.418900000000340697e+03,0.000000000000000000e+00
2.419000000000341061e+03,0.000000000000000000e+00
2.419100000000340970e+03,0.000000000000000000e+00
2.419200000000340879e+03,0.000000000000000000e+00
2.419300000000340788e+03,0.000000000000000000e+00
2.419400000000340697e+03,0.000000000000000000e+00
2.419500000000341061e+03,0.000000000000000000e+00
2.419600000000340970e+03,0.000000000000000000e+00
2.419700000000340879e+03,0.000000000000000000e+00
2.419800000000341242e+03,0.000000000000000000e+00
2.419900000000341151e+03,0.000000000000000000e+00
2.420000000000341061e+03,0.000000000000000000e+00
2.420100000000340970e+03,0.000000000000000000e+00
2.420200000000340879e+03,0.000000000000000000e+00
2.420300000000341242e+03,0.000000000000000000e+00
2.420400000000341151e+03,0.000000000000000000e+00
2.420500000000341061e+03,0.000000000000000000e+00
2.420600000000341424e+03,0.000000000000000000e+00
2.420700000000341333e+03,0.000000000000000000e+00
2.420800000000341242e+03,0.000000000000000000e+00
2.420900000000341151e+03,0.000000000000000000e+00
2.421000000000341061e+03,0.000000000000000000e+00
2.421100000000341424e+03,0.000000000000000000e+00
2.421200000000341333e+03,0.000000000000000000e+00
2.421300000000341242e+03,0.000000000000000000e+00
2.421400000000341606e+03,0.000000000000000000e+00
2.421500000000341515e+03,0.000000000000000000e+00
2.421600000000341424e+03,0.000000000000000000e+00
2.421700000000341333e+03,0.000000000000000000e+00
2.421800000000341242e+03,0.000000000000000000e+00
2.421900000000341606e+03,0.000000000000000000e+00
2.422000000000341515e+03,0.000000000000000000e+00
2.422100000000341424e+03,0.000000000000000000e+00
2.422200000000341788e+03,0.000000000000000000e+00
2.422300000000341697e+03,0.000000000000000000e+00
2.422400000000341606e+03,0.000000000000000000e+00
2.422500000000341515e+03,0.000000000000000000e+00
2.422600000000341424e+03,0.000000000000000000e+00
2.422700000000341788e+03,0.000000000000000000e+00
2.422800000000341697e+03,0.000000000000000000e+00
2.422900000000341606e+03,0.000000000000000000e+00
2.423000000000341970e+03,2.226630586569799728e-11
2.423100000000341879e+03,6.510159473866110151e-03
2.423200000000341788e+03,1.301826457379880522e-02
2.423300000000341697e+03,1.952431571120141762e-02
2.423400000000341606e+03,2.602831327515922610e-02
2.423500000000341970e+03,3.253025765473530756e-02
2.423600000000341879e+03,3.903041533441500843e-02
2.423700000000341788e+03,4.552883551290914238e-02
2.423800000000342152e+03,5.202535680925904349e-02
2.423900000000342061e+03,5.851997953967880833e-02
2.424000000000341970e+03,6.501269350527975888e-02
2.424100000000341879e+03,6.542881160968032350e-02
2.424200000000341788e+03,6.584475873977126137e-02
2.424300000000342152e+03,6.626053493536739059e-02
2.424400000000342061e+03,6.667581763982950716e-02
2.424500000000341970e+03,6.709032799266469171e-02
2.424600000000342334e+03,6.750421771212260225e-02
2.424700000000342243e+03,6.791843529247797162e-02
2.424800000000342152e+03,6.833249647332602372e-02
2.424900000000342061e+03,6.874637677168154992e-02
2.425000000000341970e+03,6.916007623357108003e-02
2.425100000000342334e+03,6.958715740116405701e-02
2.425200000000342243e+03,7.001419984974088795e-02
2.425300000000342152e+03,7.044120357389942189e-02
2.425400000000342516e+03,7.086843571207858405e-02
2.425500000000342425e+03,7.129620409469777931e-02
2.425600000000342334e+03,7.172394382183340522e-02
2.425700000000342243e+03,7.215165488707216135e-02
2.425800000000342152e+03,7.257933728400181583e-02
2.425900000000342516e+03,7.300699100621288462e-02
2.426000000000342425e+03,7.343461604728979131e-02
2.426100000000342334e+03,7.386192611365854921e-02
2.426200000000342698e+03,7.428921132714416675e-02
2.426300000000342607e+03,7.471647168086370527e-02
2.426400000000342516e+03,7.514378631689809518e-02
2.426500000000342425e+03,7.557163604238407995e-02
2.426600000000342334e+03,7.599946811656210777e-02
2.426700000000342698e+03,7.642758552085761325e-02
2.426800000000342607e+03,7.685573510083548721e-02
2.426900000000342516e+03,7.728387092509141076e-02
2.427000000000342880e+03,7.771199298611690398e-02
2.427100000000342789e+03,7.812354862933421074e-02
2.427200000000342698e+03,7.853494963121497585e-02
2.427300000000342607e+03,7.894619602256620905e-02
2.427400000000342516e+03,7.935728783419106203e-02
2.427500000000342880e+03,7.976806076081244257e-02
2.427600000000342789e+03,8.017847631708123479e-02
2.427700000000342698e+03,8.058873362807711382e-02
2.427800000000343061e+03,8.099883272661706490e-02
2.427900000000342970e+03,8.140877364550844209e-02
2.428000000000342880e+03,8.181855641755086950e-02
2.428100000000342789e+03,8.222562878761287275e-02
2.428200000000342698e+03,8.263284349599601952e-02
2.428300000000343061e+03,8.304001606980693229e-02
2.428400000000342970e+03,8.344743827810512105e-02
2.428500000000342880e+03,8.385474542277120136e-02
2.428600000000343243e+03,8.426230231088346900e-02
2.428700000000343152e+03,8.467037930808339607e-02
2.428800000000343061e+03,8.507835089089924030e-02
2.428900000000342970e+03,8.548621707339176812e-02
2.429000000000342880e+03,8.589397786963286208e-02
2.429100000000343243e+03,8.630515557252510517e-02
2.429200000000343152e+03,8.671610497083674651e-02
2.429300000000343061e+03,8.712691592336224700e-02
2.429400000000343425e+03,8.753773937867487254e-02
2.429500000000343334e+03,8.794832865798438148e-02
2.429600000000343243e+03,8.835813439220137344e-02
2.429700000000343152e+03,8.876794293249204437e-02
2.429800000000343061e+03,8.917775426699914298e-02
2.429900000000343425e+03,8.958756838386798538e-02
2.430000000000343334e+03,8.999667100620702131e-02
2.430100000000343243e+03,9.038604303176063504e-02
2.430200000000343607e+03,9.077534554051118476e-02
2.430300000000343516e+03,9.116457853593501470e-02
2.430400000000343425e+03,9.155374202151433938e-02
2.430500000000343334e+03,9.194283600072983287e-02
2.430600000000343243e+03,9.233186047706304356e-02
2.430700000000343607e+03,9.272081545399746272e-02
2.430800000000343516e+03,9.310970093501207134e-02
2.430900000000343425e+03,9.349851692359151256e-02
2.431000000000343789e+03,9.388726342313473416e-02
2.431100000000343698e+03,9.425089818810543363e-02
2.431200000000343607e+03,9.461438838067395829e-02
2.431300000000343516e+03,9.497773403178841334e-02
2.431400000000343425e+03,9.534093517239287940e-02
2.431500000000343789e+03,9.570399183342885585e-02
2.431600000000343698e+03,9.606690404582875209e-02
2.431700000000343607e+03,9.642954621405294691e-02
2.431800000000343971e+03,9.679197679164602830e-02
2.431900000000343880e+03,9.715426157533881002e-02
2.432000000000343789e+03,9.751640059691123186e-02
2.432100000000343698e+03,9.786996694044969303e-02
2.432200000000343607e+03,9.822346724622783853e-02
2.432300000000343971e+03,9.857690151635627174e-02
2.432400000000343880e+03,9.893026975294112735e-02
2.432500000000343789e+03,9.928357195809520142e-02
2.432600000000344153e+03,9.963724081159620882e-02
2.432700000000344062e+03,9.999086961785212668e-02
2.432800000000343971e+03,1.003444356388352998e-01
2.432900000000343880e+03,1.006979388758780930e-01
2.433000000000343789e+03,1.010513793302571517e-01
2.433100000000344153e+03,1.013882962528382531e-01
2.433200000000344062e+03,1.017243234089738324e-01
2.433300000000343971e+03,1.020599986891794486e-01
2.433400000000344335e+03,1.023956679092661443e-01
2.433500000000344244e+03,1.027310849365008077e-01
2.433600000000344153e+03,1.030664676400471075e-01
2.433700000000344062e+03,1.034018160155646404e-01
2.433800000000343971e+03,1.037371300587142386e-01
2.433900000000344335e+03,1.040724097651593294e-01
2.434000000000344244e+03,1.044076551304363304e-01
2.434100000000344153e+03,1.047083501122915150e-01
2.434200000000344517e+03,1.050099695237774466e-01
2.434300000000344426e+03,1.053115071914374618e-01
2.434400000000344335e+03,1.056129631219651782e-01
2.434500000000344244e+03,1.059143373220525486e-01
2.434600000000344153e+03,1.062156297983931214e-01
2.434700000000344517e+03,1.065168405576822908e-01
2.434800000000344426e+03,1.068179696066123285e-01
2.434900000000344335e+03,1.071190169518800583e-01
2.435000000000344698e+03,1.074199826000907798e-01
2.435100000000344608e+03,1.076939928928977164e-01
2.435200000000344517e+03,1.079675021788915751e-01
2.435300000000344426e+03,1.082405177540728680e-01
2.435400000000344335e+03,1.085134623429832718e-01
2.435500000000344698e+03,1.087863359558786797e-01
2.435600000000344608e+03,1.090591386030101556e-01
2.435700000000344517e+03,1.093318702946316084e-01
2.435800000000344880e+03,1.096045310409957813e-01
2.435900000000344789e+03,1.098765474680949428e-01
2.436000000000344698e+03,1.101472620139418990e-01
2.436100000000344608e+03,1.103949130808109524e-01
2.436200000000344517e+03,1.106425299422952868e-01
2.436300000000344880e+03,1.108901125932276743e-01
2.436400000000344789e+03,1.111386681160369122e-01
2.436500000000344698e+03,1.113874984394713080e-01
2.436600000000345062e+03,1.116363004060199338e-01
2.436700000000344971e+03,1.118850740095198304e-01
2.436800000000344880e+03,1.121338192438131598e-01
2.436900000000344789e+03,1.123825361027434577e-01
2.437000000000344698e+03,1.126312245800110273e-01
2.437100000000345062e+03,1.128374987024022558e-01
2.437200000000344971e+03,1.130437201006815467e-01
2.437300000000344880e+03,1.132507422873112318e-01
2.437400000000345244e+03,1.134581980654175010e-01
2.437500000000345153e+03,1.136656060017807307e-01
2.437600000000345062e+03,1.138731999271867940e-01
2.437700000000344971e+03,1.140810344692470557e-01
2.437800000000344880e+03,1.142888230972191888e-01
2.437900000000345244e+03,1.144965658158631772e-01
2.438000000000345153e+03,1.147042626297985479e-01
2.438100000000345062e+03,1.148721992457673174e-01
2.438200000000345426e+03,1.150393994820900490e-01
2.438300000000345335e+03,1.152058865440937635e-01
2.438400000000345244e+03,1.153723417054051542e-01
2.438500000000345153e+03,1.155392597108019503e-01
2.438600000000345062e+03,1.157061304372853650e-01
2.438700000000345426e+03,1.158711520969970821e-01
2.438800000000345335e+03,1.160353457150830603e-01
2.438900000000345244e+03,1.161994846904268047e-01
2.439000000000345608e+03,1.163635690305209330e-01
2.439100000000345517e+03,1.164988123948674792e-01
2.439200000000345426e+03,1.166340399715869308e-01
2.439300000000345335e+03,1.167689230856585880e-01
2.439400000000345244e+03,1.169035838481154582e-01
2.439500000000345608e+03,1.170382275724849430e-01
2.439600000000345517e+03,1.171728542572885862e-01
2.439700000000345426e+03,1.173074639010505821e-01
2.439800000000345790e+03,1.174420565022956803e-01
2.439900000000345699e+03,1.175766320595474507e-01
2.440000000000345608e+03,1.177115391676880340e-01
2.440100000000345517e+03,1.177972399614782700e-01
2.440200000000345426e+03,1.178829203430147021e-01
2.440300000000345790e+03,1.179685803140189948e-01
2.440400000000345699e+03,1.180542198762118411e-01
2.440500000000345608e+03,1.181379259063545517e-01
2.440600000000345972e+03,1.182207340993709777e-01
2.440700000000345881e+03,1.183035178511484820e-01
2.440800000000345790e+03,1.183862771648531570e-01
2.440900000000345699e+03,1.184690120436505262e-01
2.441000000000345608e+03,1.185517224905108524e-01
2.441100000000345972e+03,1.185777669200297063e-01
2.441200000000345881e+03,1.186037923710036579e-01
2.441300000000345790e+03,1.186297988489279781e-01
2.441400000000346154e+03,1.186565663102450430e-01
2.441500000000346063e+03,1.186839353686852117e-01
2.441600000000345972e+03,1.187112861489016818e-01
2.441700000000345881e+03,1.187386186557628509e-01
2.441800000000345790e+03,1.187657346566255989e-01
2.441900000000346154e+03,1.187924869339370970e-01
2.442000000000346063e+03,1.188192206915507226e-01
2.442100000000345972e+03,1.188157719506534177e-01
2.442200000000346336e+03,1.188124693581588398e-01
2.442300000000346245e+03,1.188097273667545750e-01
2.442400000000346154e+03,1.188069846133924801e-01
2.442500000000346063e+03,1.188042410981176994e-01
2.442600000000345972e+03,1.188014968209748085e-01
2.442700000000346336e+03,1.187992671889463170e-01
2.442800000000346245e+03,1.187988189013792217e-01
2.442900000000346154e+03,1.187990222380236188e-01
2.443000000000346517e+03,1.187992247849316840e-01
2.443100000000346427e+03,1.187527354405163715e-01
2.443200000000346336e+03,1.187062465443009251e-01
2.443300000000346245e+03,1.186597580974661226e-01
2.443400000000346154e+03,1.186132701011920754e-01
2.443500000000346517e+03,1.185667825566590339e-01
2.443600000000346427e+03,1.185202954650472207e-01
2.443700000000346336e+03,1.184738088275366225e-01
2.443800000000346699e+03,1.184273226453066985e-01
2.443900000000346608e+03,1.183808369195374910e-01
2.444000000000346517e+03,1.183343516511560639e-01
2.444100000000346427e+03,1.182150325109425498e-01
2.444200000000346336e+03,1.180957555298202122e-01
2.444300000000346699e+03,1.179765823901213762e-01
2.444400000000346608e+03,1.178579291708961030e-01
2.444500000000346517e+03,1.177393170057267208e-01
2.444600000000346881e+03,1.176215850385057965e-01
2.444700000000346790e+03,1.175044406864909213e-01
2.444800000000346699e+03,1.173873345662858753e-01
2.444900000000346608e+03,1.172702666706463559e-01
2.445000000000346517e+03,1.171532369921806926e-01
2.445100000000346881e+03,1.169932612012537371e-01
2.445200000000346790e+03,1.168329456228058283e-01
2.445300000000346699e+03,1.166725026543824484e-01
2.445400000000347063e+03,1.165120943702481204e-01
2.445500000000346972e+03,1.163510682616129277e-01
2.445600000000346881e+03,1.161893593038915984e-01
2.445700000000346790e+03,1.160277289405070439e-01
2.445800000000346699e+03,1.158667874786863117e-01
2.445900000000347063e+03,1.157058825646976874e-01
2.446000000000346972e+03,1.155437726775276480e-01
2.446100000000346881e+03,1.153461443195632485e-01
2.446200000000347245e+03,1.151485086857857443e-01
2.446300000000347154e+03,1.149508657832683939e-01
2.446400000000347063e+03,1.147532156190816249e-01
2.446500000000346972e+03,1.145555582002960870e-01
2.446600000000346881e+03,1.143578935339820413e-01
2.446700000000347245e+03,1.141602216272086801e-01
2.446800000000347154e+03,1.139625424870472498e-01
2.446900000000347063e+03,1.137646370667450418e-01
2.447000000000347427e+03,1.135666051307031438e-01
2.447100000000347336e+03,1.132993028358211529e-01
2.447200000000347245e+03,1.130320712084516427e-01
2.447300000000347154e+03,1.127649102390531205e-01
2.447400000000347063e+03,1.124978199180842187e-01
2.447500000000347427e+03,1.122308002360029172e-01
2.447600000000347336e+03,1.119638511832714706e-01
2.447700000000347245e+03,1.116967441578146647e-01
2.447800000000347609e+03,1.114285690788431732e-01
2.447900000000347518e+03,1.111600146533122113e-01
2.448000000000347427e+03,1.108915395251943159e-01
2.448100000000347336e+03,1.105664725179297259e-01
2.448200000000347245e+03,1.102415292282554055e-01
2.448300000000347609e+03,1.099167096265398769e-01
2.448400000000347518e+03,1.095920136831607661e-01
2.448500000000347427e+03,1.092674564119058833e-01
2.448600000000347791e+03,1.089435066173759653e-01
2.448700000000347700e+03,1.086196774363062667e-01
2.448800000000347609e+03,1.082959688406557597e-01
2.448900000000347518e+03,1.079723808023899112e-01
2.449000000000347427e+03,1.076489132933555470e-01
2.449100000000347791e+03,1.072902773333967441e-01
2.449200000000347700e+03,1.069316768022598729e-01
2.449300000000347609e+03,1.065729193694232441e-01
2.449400000000347973e+03,1.062141794022876395e-01
2.449500000000347882e+03,1.058554763219086980e-01
2.449600000000347791e+03,1.054968101384189394e-01
2.449700000000347700e+03,1.051381808619493569e-01
2.449800000000347609e+03,1.047795885026265306e-01
2.449900000000347973e+03,1.044210330705714201e-01
2.450000000000347882e+03,1.040623432220153660e-01
2.450100000000347791e+03,1.036491642092081111e-01
2.450200000000348155e+03,1.032362838621420087e-01
2.450300000000348064e+03,1.028234918384088314e-01
2.450400000000347973e+03,1.024107881293421229e-01
2.450500000000347882e+03,1.019981727262774807e-01
2.450600000000347791e+03,1.015856456205504743e-01
2.450700000000348155e+03,1.011732068034952026e-01
2.450800000000348064e+03,1.007608562664512875e-01
2.450900000000347973e+03,1.003485940007528276e-01
2.451000000000348336e+03,9.993578646872340598e-02
2.451100000000348246e+03,9.947188180003359304e-02
2.451200000000348155e+03,9.900812693308293222e-02
2.451300000000348064e+03,9.854452184344973664e-02
2.451400000000347973e+03,9.808091026411559776e-02
2.451500000000348336e+03,9.761645251348743946e-02
2.451600000000348246e+03,9.715215537946492175e-02
2.451700000000348155e+03,9.668801883271485598e-02
2.451800000000348518e+03,9.622404284390598250e-02
2.451900000000348427e+03,9.576071321185618268e-02
2.452000000000348336e+03,9.529774488335619742e-02
2.452100000000348246e+03,9.480140997379417345e-02
2.452200000000348155e+03,9.430514107614533514e-02
2.452300000000348518e+03,9.380893819903035613e-02
2.452400000000348427e+03,9.331280135107167251e-02
2.452500000000348336e+03,9.281673054088064589e-02
2.452600000000348700e+03,9.232072577706343375e-02
2.452700000000348609e+03,9.182478706822856662e-02
2.452800000000348518e+03,9.132836360264540154e-02
2.452900000000348427e+03,9.083183846551569351e-02
2.453000000000348336e+03,9.033538729462965711e-02
2.453100000000348700e+03,8.979278424197974229e-02
2.453200000000348609e+03,8.925034869089477907e-02
2.453300000000348518e+03,8.870808060937895867e-02
2.453400000000348882e+03,8.816597996544062177e-02
2.453500000000348791e+03,8.762404672710003006e-02
2.453600000000348700e+03,8.708228086237475296e-02
2.453700000000348609e+03,8.654036371402433481e-02
2.453800000000348518e+03,8.599791849710711200e-02
2.453900000000348882e+03,8.545565332242480161e-02
2.454000000000348791e+03,8.491356815241069000e-02
2.454100000000348700e+03,8.433321630459926499e-02
2.454200000000349064e+03,8.375310687826340028e-02
2.454300000000348973e+03,8.317323981607264993e-02
2.454400000000348882e+03,8.259365754391950754e-02
2.454500000000348791e+03,8.201465064658049198e-02
2.454600000000348700e+03,8.143588064377529911e-02
2.454700000000349064e+03,8.085734748129311256e-02
2.454800000000348973e+03,8.027905110493875618e-02
2.454900000000348882e+03,7.970099146051685957e-02
2.455000000000349246e+03,7.912316849378364658e-02
2.455100000000349155e+03,7.852934700834729442e-02
2.455200000000349064e+03,7.793557859314945158e-02
2.455300000000348973e+03,7.734186326083207497e-02
2.455400000000348882e+03,7.674820102403395738e-02
2.455500000000349246e+03,7.615459189538778539e-02
2.455600000000349155e+03,7.556103588753110278e-02
2.455700000000349064e+03,7.496753301308987927e-02
2.455800000000349428e+03,7.437408328468708696e-02
2.455900000000349337e+03,7.378068671495006947e-02
2.456000000000349246e+03,7.318734331639249746e-02
2.456100000000349155e+03,7.256475698451327061e-02
2.456200000000349064e+03,7.194232836450069335e-02
2.456300000000349428e+03,7.132005743508636197e-02
2.456400000000349337e+03,7.069794417501182315e-02
2.456500000000349246e+03,7.007598856301154588e-02
2.456600000000349610e+03,6.945419057782120653e-02
2.456700000000349519e+03,6.883255019818645959e-02
2.456800000000349428e+03,6.821106740284584025e-02
2.456900000000349337e+03,6.758945519438595839e-02
2.457000000000349246e+03,6.696749833710083366e-02
2.457100000000349610e+03,6.025419626759084823e-02
2.457200000000349519e+03,5.354484471848561244e-02
2.457300000000349428e+03,4.683910612846668708e-02
2.457400000000349792e+03,4.013697931999767737e-02
2.457500000000349701e+03,3.343846311590693843e-02
2.457600000000349610e+03,2.674355633920503378e-02
2.457700000000349519e+03,2.005225781320636724e-02
2.457800000000349428e+03,1.336457542576887335e-02
2.457900000000349792e+03,6.680533717970616771e-03
2.458000000000349701e+03,0.000000000000000000e+00
2.458100000000349610e+03,0.000000000000000000e+00
2.458200000000349974e+03,0.000000000000000000e+00
2.458300000000349883e+03,0.000000000000000000e+00
2.458400000000349792e+03,0.000000000000000000e+00
2.458500000000349701e+03,0.000000000000000000e+00
2.458600000000349610e+03,0.000000000000000000e+00
2.458700000000349974e+03,0.000000000000000000e+00
2.458800000000349883e+03,0.000000000000000000e+00
2.458900000000349792e+03,0.000000000000000000e+00
2.459000000000350155e+03,0.000000000000000000e+00
2.459100000000350065e+03,0.000000000000000000e+00
2.459200000000349974e+03,0.000000000000000000e+00
2.459300000000349883e+03,0.000000000000000000e+00
2.459400000000349792e+03,0.000000000000000000e+00
2.459500000000350155e+03,0.000000000000000000e+00
2.459600000000350065e+03,0.000000000000000000e+00
2.459700000000349974e+03,0.000000000000000000e+00
2.459800000000350337e+03,0.000000000000000000e+00
2.459900000000350246e+03,0.000000000000000000e+00
2.460000000000350155e+03,0.000000000000000000e+00
2.460100000000350065e+03,0.000000000000000000e+00
2.460200000000349974e+03,0.000000000000000000e+00
2.460300000000350337e+03,0.000000000000000000e+00
2.460400000000350246e+03,0.000000000000000000e+00
2.460500000000350155e+03,0.000000000000000000e+00
2.460600000000350519e+03,0.000000000000000000e+00
2.460700000000350428e+03,0.000000000000000000e+00
2.460800000000350337e+03,0.000000000000000000e+00
2.460900000000350246e+03,0.000000000000000000e+00
2.461000000000350155e+03,0.000000000000000000e+00
2.461100000000350519e+03,0.000000000000000000e+00
2.461200000000350428e+03,0.000000000000000000e+00
2.461300000000350337e+03,0.000000000000000000e+00
2.461400000000350701e+03,0.000000000000000000e+00
2.461500000000350610e+03,0.000000000000000000e+00
2.461600000000350519e+03,0.000000000000000000e+00
2.461700000000350428e+03,0.000000000000000000e+00
2.461800000000350337e+03,0.000000000000000000e+00
2.461900000000350701e+03,0.000000000000000000e+00
2.462000000000350610e+03,0.000000000000000000e+00
2.462100000000350519e+03,0.000000000000000000e+00
2.462200000000350883e+03,0.000000000000000000e+00
2.462300000000350792e+03,0.000000000000000000e+00
2.462400000000350701e+03,0.000000000000000000e+00
2.462500000000350610e+03,0.000000000000000000e+00
2.462600000000350519e+03,0.000000000000000000e+00
2.462700000000350883e+03,0.000000000000000000e+00
2.462800000000350792e+03,0.000000000000000000e+00
2.462900000000350701e+03,0.000000000000000000e+00
2.463000000000351065e+03,0.000000000000000000e+00
2.463100000000350974e+03,0.000000000000000000e+00
2.463200000000350883e+03,0.000000000000000000e+00
2.463300000000350792e+03,0.000000000000000000e+00
2.463400000000350701e+03,0.000000000000000000e+00
2.463500000000351065e+03,0.000000000000000000e+00
2.463600000000350974e+03,0.000000000000000000e+00
2.463700000000350883e+03,0.000000000000000000e+00
2.463800000000351247e+03,0.000000000000000000e+00
2.463900000000351156e+03,0.000000000000000000e+00
2.464000000000351065e+03,0.000000000000000000e+00
2.464100000000350974e+03,0.000000000000000000e+00
2.464200000000350883e+03,0.000000000000000000e+00
2.464300000000351247e+03,0.000000000000000000e+00
2.464400000000351156e+03,0.000000000000000000e+00
2.464500000000351065e+03,0.000000000000000000e+00
2.464600000000351429e+03,0.000000000000000000e+00
2.464700000000351338e+03,0.000000000000000000e+00
2.464800000000351247e+03,0.000000000000000000e+00
2.464900000000351156e+03,0.000000000000000000e+00
2.465000000000351065e+03,0.000000000000000000e+00
2.465100000000351429e+03,0.000000000000000000e+00
2.465200000000351338e+03,0.000000000000000000e+00
2.465300000000351247e+03,0.000000000000000000e+00
2.465400000000351611e+03,0.000000000000000000e+00
2.465500000000351520e+03,0.000000000000000000e+00
2.465600000000351429e+03,0.000000000000000000e+00
2.465700000000351338e+03,0.000000000000000000e+00
2.465800000000351247e+03,0.000000000000000000e+00
2.465900000000351611e+03,0.000000000000000000e+00
2.466000000000351520e+03,0.000000000000000000e+00
2.466100000000351429e+03,0.000000000000000000e+00
2.466200000000351793e+03,0.000000000000000000e+00
2.466300000000351702e+03,0.000000000000000000e+00
2.466400000000351611e+03,0.000000000000000000e+00
2.466500000000351520e+03,0.000000000000000000e+00
2.466600000000351429e+03,0.000000000000000000e+00
2.466700000000351793e+03,0.000000000000000000e+00
2.466800000000351702e+03,0.000000000000000000e+00
2.466900000000351611e+03,0.000000000000000000e+00
2.467000000000351974e+03,0.000000000000000000e+00
2.467100000000351884e+03,0.000000000000000000e+00
2.467200000000351793e+03,0.000000000000000000e+00
2.467300000000351702e+03,0.000000000000000000e+00
2.467400000000351611e+03,0.000000000000000000e+00
2.467500000000351974e+03,0.000000000000000000e+00
2.467600000000351884e+03,0.000000000000000000e+00
2.467700000000351793e+03,0.000000000000000000e+00
2.467800000000352156e+03,0.000000000000000000e+00
2.467900000000352065e+03,0.000000000000000000e+00
2.468000000000351974e+03,0.000000000000000000e+00
2.468100000000351884e+03,0.000000000000000000e+00
2.468200000000351793e+03,0.000000000000000000e+00
2.468300000000352156e+03,0.000000000000000000e+00
2.468400000000352065e+03,0.000000000000000000e+00
2.468500000000351974e+03,0.000000000000000000e+00
2.468600000000352338e+03,0.000000000000000000e+00
2.468700000000352247e+03,0.000000000000000000e+00
2.468800000000352156e+03,0.000000000000000000e+00
2.468900000000352065e+03,0.000000000000000000e+00
2.469000000000351974e+03,0.000000000000000000e+00
2.469100000000352338e+03,0.000000000000000000e+00
2.469200000000352247e+03,0.000000000000000000e+00
2.469300000000352156e+03,0.000000000000000000e+00
2.469400000000352520e+03,0.000000000000000000e+00
2.469500000000352429e+03,0.000000000000000000e+00
2.469600000000352338e+03,0.000000000000000000e+00
2.469700000000352247e+03,0.000000000000000000e+00
2.469800000000352156e+03,0.000000000000000000e+00
2.469900000000352520e+03,0.000000000000000000e+00
2.470000000000352429e+03,0.000000000000000000e+00
2.470100000000352338e+03,0.000000000000000000e+00
2.470200000000352702e+03,0.000000000000000000e+00
2.470300000000352611e+03,0.000000000000000000e+00
2.470400000000352520e+03,0.000000000000000000e+00
2.470500000000352429e+03,0.000000000000000000e+00
2.470600000000352338e+03,0.000000000000000000e+00
2.470700000000352702e+03,0.000000000000000000e+00
2.470800000000352611e+03,0.000000000000000000e+00
2.470900000000352520e+03,0.000000000000000000e+00
2.471000000000352884e+03,0.000000000000000000e+00
2.471100000000352793e+03,0.000000000000000000e+00
2.471200000000352702e+03,0.000000000000000000e+00
2.471300000000352611e+03,0.000000000000000000e+00
2.471400000000352520e+03,0.000000000000000000e+00
2.471500000000352884e+03,0.000000000000000000e+00
2.471600000000352793e+03,0.000000000000000000e+00
2.471700000000352702e+03,0.000000000000000000e+00
2.471800000000353066e+03,0.000000000000000000e+00
2.471900000000352975e+03,0.000000000000000000e+00
2.472000000000352884e+03,0.000000000000000000e+00
2.472100000000352793e+03,0.000000000000000000e+00
2.472200000000352702e+03,0.000000000000000000e+00
2.472300000000353066e+03,0.000000000000000000e+00
2.472400000000352975e+03,0.000000000000000000e+00
2.472500000000352884e+03,0.000000000000000000e+00
2.472600000000353248e+03,0.000000000000000000e+00
2.472700000000353157e+03,0.000000000000000000e+00
2.472800000000353066e+03,0.000000000000000000e+00
2.472900000000352975e+03,0.000000000000000000e+00
2.473000000000352884e+03,0.000000000000000000e+00
2.473100000000353248e+03,0.000000000000000000e+00
2.473200000000353157e+03,0.000000000000000000e+00
2.473300000000353066e+03,0.000000000000000000e+00
2.473400000000353430e+03,0.000000000000000000e+00
2.473500000000353339e+03,0.000000000000000000e+00
2.473600000000353248e+03,0.000000000000000000e+00
2.473700000000353157e+03,0.000000000000000000e+00
2.473800000000353066e+03,0.000000000000000000e+00
2.473900000000353430e+03,0.000000000000000000e+00
2.474000000000353339e+03,0.000000000000000000e+00
2.474100000000353248e+03,0.000000000000000000e+00
2.474200000000353612e+03,0.000000000000000000e+00
2.474300000000353521e+03,0.000000000000000000e+00
2.474400000000353430e+03,0.000000000000000000e+00
2.474500000000353339e+03,0.000000000000000000e+00
2.474600000000353248e+03,0.000000000000000000e+00
2.474700000000353612e+03,0.000000000000000000e+00
2.474800000000353521e+03,0.000000000000000000e+00
2.474900000000353430e+03,0.000000000000000000e+00
2.475000000000353793e+03,0.000000000000000000e+00
2.475100000000353702e+03,0.000000000000000000e+00
2.475200000000353612e+03,0.000000000000000000e+00
2.475300000000353521e+03,0.000000000000000000e+00
2.475400000000353430e+03,0.000000000000000000e+00
2.475500000000353793e+03,0.000000000000000000e+00
2.475600000000353702e+03,0.000000000000000000e+00
2.475700000000353612e+03,0.000000000000000000e+00
2.475800000000353975e+03,0.000000000000000000e+00
2.475900000000353884e+03,0.000000000000000000e+00
2.476000000000353793e+03,0.000000000000000000e+00
2.476100000000353702e+03,0.000000000000000000e+00
2.476200000000353612e+03,0.000000000000000000e+00
2.476300000000353975e+03,0.000000000000000000e+00
2.476400000000353884e+03,0.000000000000000000e+00
2.476500000000353793e+03,0.000000000000000000e+00
2.476600000000354157e+03,0.000000000000000000e+00
2.476700000000354066e+03,0.000000000000000000e+00
2.476800000000353975e+03,0.000000000000000000e+00
2.476900000000353884e+03,0.000000000000000000e+00
2.477000000000353793e+03,0.000000000000000000e+00
2.477100000000354157e+03,0.000000000000000000e+00
2.477200000000354066e+03,0.000000000000000000e+00
2.477300000000353975e+03,0.000000000000000000e+00
2.477400000000354339e+03,0.000000000000000000e+00
2.477500000000354248e+03,0.000000000000000000e+00
2.477600000000354157e+03,0.000000000000000000e+00
2.477700000000354066e+03,0.000000000000000000e+00
2.477800000000353975e+03,0.000000000000000000e+00
2.477900000000354339e+03,0.000000000000000000e+00
2.478000000000354248e+03,0.000000000000000000e+00
2.478100000000354157e+03,0.000000000000000000e+00
2.478200000000354521e+03,0.000000000000000000e+00
2.478300000000354430e+03,0.000000000000000000e+00
2.478400000000354339e+03,0.000000000000000000e+00
2.478500000000354248e+03,0.000000000000000000e+00
2.478600000000354157e+03,0.000000000000000000e+00
2.478700000000354521e+03,0.000000000000000000e+00
2.478800000000354430e+03,0.000000000000000000e+00
2.478900000000354339e+03,0.000000000000000000e+00
2.479000000000354703e+03,0.000000000000000000e+00
2.479100000000354612e+03,0.000000000000000000e+00
2.479200000000354521e+03,0.000000000000000000e+00
2.479300000000354430e+03,0.000000000000000000e+00
2.479400000000354339e+03,0.000000000000000000e+00
2.479500000000354703e+03,0.000000000000000000e+00
2.479600000000354612e+03,0.000000000000000000e+00
2.479700000000354521e+03,0.000000000000000000e+00
2.479800000000354885e+03,0.000000000000000000e+00
2.479900000000354794e+03,0.000000000000000000e+00
2.480000000000354703e+03,0.000000000000000000e+00
2.480100000000354612e+03,0.000000000000000000e+00
2.480200000000354521e+03,0.000000000000000000e+00
2.480300000000354885e+03,0.000000000000000000e+00
2.480400000000354794e+03,0.000000000000000000e+00
2.480500000000354703e+03,0.000000000000000000e+00
2.480600000000355067e+03,0.000000000000000000e+00
2.480700000000354976e+03,0.000000000000000000e+00
2.480800000000354885e+03,0.000000000000000000e+00
2.480900000000354794e+03,0.000000000000000000e+00
2.481000000000354703e+03,0.000000000000000000e+00
2.481100000000355067e+03,0.000000000000000000e+00
2.481200000000354976e+03,0.000000000000000000e+00
2.481300000000354885e+03,0.000000000000000000e+00
2.481400000000355249e+03,0.000000000000000000e+00
2.481500000000355158e+03,0.000000000000000000e+00
2.481600000000355067e+03,0.000000000000000000e+00
2.481700000000354976e+03,0.000000000000000000e+00
2.481800000000354885e+03,0.000000000000000000e+00
2.481900000000355249e+03,0.000000000000000000e+00
2.482000000000355158e+03,0.000000000000000000e+00
2.482100000000355067e+03,0.000000000000000000e+00
2.482200000000355431e+03,0.000000000000000000e+00
2.482300000000355340e+03,0.000000000000000000e+00
2.482400000000355249e+03,0.000000000000000000e+00
2.482500000000355158e+03,0.000000000000000000e+00
2.482600000000355067e+03,0.000000000000000000e+00
2.482700000000355431e+03,0.000000000000000000e+00
2.482800000000355340e+03,0.000000000000000000e+00
2.482900000000355249e+03,0.000000000000000000e+00
2.483000000000355612e+03,0.000000000000000000e+00
2.483100000000355521e+03,0.000000000000000000e+00
2.483200000000355431e+03,0.000000000000000000e+00
2.483300000000355340e+03,0.000000000000000000e+00
2.483400000000355249e+03,0.000000000000000000e+00
2.483500000000355612e+03,0.000000000000000000e+00
2.483600000000355521e+03,0.000000000000000000e+00
2.483700000000355431e+03,0.000000000000000000e+00
2.483800000000355794e+03,0.000000000000000000e+00
2.483900000000355703e+03,0.000000000000000000e+00
2.484000000000355612e+03,0.000000000000000000e+00
2.484100000000355521e+03,0.000000000000000000e+00
2.484200000000355431e+03,0.000000000000000000e+00
2.484300000000355794e+03,0.000000000000000000e+00
2.484400000000355703e+03,0.000000000000000000e+00
2.484500000000355612e+03,0.000000000000000000e+00
2.484600000000355976e+03,0.000000000000000000e+00
2.484700000000355885e+03,0.000000000000000000e+00
2.484800000000355794e+03,0.000000000000000000e+00
2.484900000000355703e+03,0.000000000000000000e+00
2.485000000000355612e+03,0.000000000000000000e+00
2.485100000000355976e+03,0.000000000000000000e+00
2.485200000000355885e+03,0.000000000000000000e+00
2.485300000000355794e+03,0.000000000000000000e+00
2.485400000000356158e+03,0.000000000000000000e+00
2.485500000000356067e+03,0.000000000000000000e+00
2.485600000000355976e+03,0.000000000000000000e+00
2.485700000000355885e+03,0.000000000000000000e+00
2.485800000000355794e+03,0.000000000000000000e+00
2.485900000000356158e+03,0.000000000000000000e+00
2.486000000000356067e+03,0.000000000000000000e+00
2.486100000000355976e+03,0.000000000000000000e+00
2.486200000000356340e+03,0.000000000000000000e+00
2.486300000000356249e+03,0.000000000000000000e+00
2.486400000000356158e+03,0.000000000000000000e+00
2.486500000000356067e+03,0.000000000000000000e+00
2.486600000000355976e+03,0.000000000000000000e+00
2.486700000000356340e+03,0.000000000000000000e+00
2.486800000000356249e+03,0.000000000000000000e+00
2.486900000000356158e+03,0.000000000000000000e+00
2.487000000000356522e+03,0.000000000000000000e+00
2.487100000000356431e+03,0.000000000000000000e+00
2.487200000000356340e+03,0.000000000000000000e+00
2.487300000000356249e+03,0.000000000000000000e+00
2.487400000000356158e+03,0.000000000000000000e+00
2.487500000000356522e+03,0.000000000000000000e+00
2.487600000000356431e+03,0.000000000000000000e+00
2.487700000000356340e+03,0.000000000000000000e+00
2.487800000000356704e+03,0.000000000000000000e+00
2.487900000000356613e+03,0.000000000000000000e+00
2.488000000000356522e+03,0.000000000000000000e+00
2.488100000000356431e+03,0.000000000000000000e+00
2.488200000000356340e+03,0.000000000000000000e+00
2.488300000000356704e+03,0.000000000000000000e+00
2.488400000000356613e+03,0.000000000000000000e+00
2.488500000000356522e+03,0.000000000000000000e+00
2.488600000000356886e+03,0.000000000000000000e+00
2.488700000000356795e+03,0.000000000000000000e+00
2.488800000000356704e+03,0.000000000000000000e+00
2.488900000000356613e+03,0.000000000000000000e+00
2.489000000000356522e+03,0.000000000000000000e+00
2.489100000000356886e+03,0.000000000000000000e+00
2.489200000000356795e+03,0.000000000000000000e+00
2.489300000000356704e+03,0.000000000000000000e+00
2.489400000000357068e+03,0.000000000000000000e+00
2.489500000000356977e+03,0.000000000000000000e+00
2.489600000000356886e+03,0.000000000000000000e+00
2.489700000000356795e+03,0.000000000000000000e+00
2.489800000000356704e+03,0.000000000000000000e+00
2.489900000000357068e+03,0.000000000000000000e+00
2.490000000000356977e+03,0.000000000000000000e+00
2.490100000000356886e+03,0.000000000000000000e+00
2.490200000000357250e+03,0.000000000000000000e+00
2.490300000000357159e+03,0.000000000000000000e+00
2.490400000000357068e+03,0.000000000000000000e+00
2.490500000000356977e+03,0.000000000000000000e+00
2.490600000000356886e+03,0.000000000000000000e+00
2.490700000000357250e+03,0.000000000000000000e+00
2.490800000000357159e+03,0.000000000000000000e+00
2.490900000000357068e+03,0.000000000000000000e+00
2.491000000000357431e+03,0.000000000000000000e+00
2.491100000000357340e+03,0.000000000000000000e+00
2.491200000000357250e+03,0.000000000000000000e+00
2.491300000000357159e+03,0.000000000000000000e+00
2.491400000000357068e+03,0.000000000000000000e+00
2.491500000000357431e+03,0.000000000000000000e+00
2.491600000000357340e+03,0.000000000000000000e+00
2.491700000000357250e+03,0.000000000000000000e+00
2.491800000000357613e+03,0.000000000000000000e+00
2.491900000000357522e+03,0.000000000000000000e+00
2.492000000000357431e+03,0.000000000000000000e+00
2.492100000000357340e+03,0.000000000000000000e+00
2.492200000000357250e+03,0.000000000000000000e+00
2.492300000000357613e+03,0.000000000000000000e+00
2.492400000000357522e+03,0.000000000000000000e+00
2.492500000000357431e+03,0.000000000000000000e+00
2.492600000000357795e+03,0.000000000000000000e+00
2.492700000000357704e+03,0.000000000000000000e+00
2.492800000000357613e+03,0.000000000000000000e+00
2.492900000000357522e+03,0.000000000000000000e+00
2.493000000000357431e+03,0.000000000000000000e+00
2.493100000000357795e+03,0.000000000000000000e+00
2.493200000000357704e+03,0.000000000000000000e+00
2.493300000000357613e+03,0.000000000000000000e+00
2.493400000000357977e+03,0.000000000000000000e+00
2.493500000000357886e+03,0.000000000000000000e+00
2.493600000000357795e+03,0.000000000000000000e+00
2.493700000000357704e+03,0.000000000000000000e+00
2.493800000000357613e+03,0.000000000000000000e+00
2.493900000000357977e+03,0.000000000000000000e+00
2.494000000000357886e+03,0.000000000000000000e+00
2.494100000000357795e+03,0.000000000000000000e+00
2.494200000000358159e+03,0.000000000000000000e+00
2.494300000000358068e+03,0.000000000000000000e+00
2.494400000000357977e+03,0.000000000000000000e+00
2.494500000000357886e+03,0.000000000000000000e+00
2.494600000000357795e+03,0.000000000000000000e+00
2.494700000000358159e+03,0.000000000000000000e+00
2.494800000000358068e+03,0.000000000000000000e+00
2.494900000000357977e+03,0.000000000000000000e+00
2.495000000000358341e+03,0.000000000000000000e+00
2.495100000000358250e+03,0.000000000000000000e+00
2.495200000000358159e+03,0.000000000000000000e+00
2.495300000000358068e+03,0.000000000000000000e+00
2.495400000000357977e+03,0.000000000000000000e+00
2.495500000000358341e+03,0.000000000000000000e+00
2.495600000000358250e+03,0.000000000000000000e+00
2.495700000000358159e+03,0.000000000000000000e+00
2.495800000000358523e+03,0.000000000000000000e+00
2.495900000000358432e+03,0.000000000000000000e+00
2.496000000000358341e+03,0.000000000000000000e+00
2.496100000000358250e+03,0.000000000000000000e+00
2.496200000000358159e+03,0.000000000000000000e+00
2.496300000000358523e+03,0.000000000000000000e+00
2.496400000000358432e+03,0.000000000000000000e+00
2.496500000000358341e+03,0.000000000000000000e+00
2.496600000000358705e+03,0.000000000000000000e+00
2.496700000000358614e+03,0.000000000000000000e+00
2.496800000000358523e+03,0.000000000000000000e+00
2.496900000000358432e+03,0.000000000000000000e+00
2.497000000000358341e+03,0.000000000000000000e+00
2.497100000000358705e+03,0.000000000000000000e+00
2.497200000000358614e+03,0.000000000000000000e+00
2.497300000000358523e+03,0.000000000000000000e+00
2.497400000000358887e+03,0.000000000000000000e+00
2.497500000000358796e+03,0.000000000000000000e+00
2.497600000000358705e+03,0.000000000000000000e+00
2.497700000000358614e+03,0.000000000000000000e+00
2.497800000000358523e+03,0.000000000000000000e+00
2.497900000000358887e+03,0.000000000000000000e+00
2.498000000000358796e+03,0.000000000000000000e+00
2.498100000000358705e+03,0.000000000000000000e+00
2.498200000000359069e+03,0.000000000000000000e+00
2.498300000000358978e+03,0.000000000000000000e+00
2.498400000000358887e+03,0.000000000000000000e+00
2.498500000000358796e+03,0.000000000000000000e+00
2.498600000000358705e+03,0.000000000000000000e+00
2.498700000000359069e+03,0.000000000000000000e+00
2.498800000000358978e+03,0.000000000000000000e+00
2.498900000000358887e+03,0.000000000000000000e+00
2.499000000000359250e+03,0.000000000000000000e+00
2.499100000000359159e+03,0.000000000000000000e+00
2.499200000000359069e+03,0.000000000000000000e+00
2.499300000000358978e+03,0.000000000000000000e+00
2.499400000000358887e+03,0.000000000000000000e+00
2.499500000000359250e+03,0.000000000000000000e+00
2.499600000000359159e+03,0.000000000000000000e+00
2.499700000000359069e+03,0.000000000000000000e+00
2.499800000000359432e+03,0.000000000000000000e+00
2.499900000000359341e+03,0.000000000000000000e+00
2.500000000000359250e+03,0.000000000000000000e+00
2.500100000000359159e+03,0.000000000000000000e+00
2.500200000000359069e+03,0.000000000000000000e+00
2.500300000000359432e+03,0.000000000000000000e+00
2.500400000000359341e+03,0.000000000000000000e+00
2.500500000000359250e+03,0.000000000000000000e+00
2.500600000000359614e+03,0.000000000000000000e+00
2.500700000000359523e+03,0.000000000000000000e+00
2.500800000000359432e+03,0.000000000000000000e+00
2.500900000000359341e+03,0.000000000000000000e+00
2.501000000000359250e+03,0.000000000000000000e+00
2.501100000000359614e+03,0.000000000000000000e+00
2.501200000000359523e+03,0.000000000000000000e+00
2.501300000000359432e+03,0.000000000000000000e+00
2.501400000000359796e+03,0.000000000000000000e+00
2.501500000000359705e+03,0.000000000000000000e+00
2.501600000000359614e+03,0.000000000000000000e+00
2.501700000000359523e+03,0.000000000000000000e+00
2.501800000000359432e+03,0.000000000000000000e+00
2.501900000000359796e+03,0.000000000000000000e+00
2.502000000000359705e+03,0.000000000000000000e+00
2.502100000000359614e+03,0.000000000000000000e+00
2.502200000000359978e+03,0.000000000000000000e+00
2.502300000000359887e+03,0.000000000000000000e+00
2.502400000000359796e+03,0.000000000000000000e+00
2.502500000000359705e+03,0.000000000000000000e+00
2.502600000000359614e+03,0.000000000000000000e+00
2.502700000000359978e+03,0.000000000000000000e+00
2.502800000000359887e+03,0.000000000000000000e+00
2.502900000000359796e+03,0.000000000000000000e+00
2.503000000000360160e+03,0.000000000000000000e+00
2.503100000000360069e+03,0.000000000000000000e+00
2.503200000000359978e+03,0.000000000000000000e+00
2.503300000000359887e+03,0.000000000000000000e+00
2.503400000000359796e+03,0.000000000000000000e+00
2.503500000000360160e+03,0.000000000000000000e+00
2.503600000000360069e+03,0.000000000000000000e+00
2.503700000000359978e+03,0.000000000000000000e+00
2.503800000000360342e+03,0.000000000000000000e+00
2.503900000000360251e+03,0.000000000000000000e+00
2.504000000000360160e+03,0.000000000000000000e+00
2.504100000000360069e+03,0.000000000000000000e+00
2.504200000000359978e+03,0.000000000000000000e+00
2.504300000000360342e+03,0.000000000000000000e+00
2.504400000000360251e+03,0.000000000000000000e+00
2.504500000000360160e+03,0.000000000000000000e+00
2.504600000000360524e+03,0.000000000000000000e+00
2.504700000000360433e+03,0.000000000000000000e+00
2.504800000000360342e+03,0.000000000000000000e+00
2.504900000000360251e+03,0.000000000000000000e+00
2.505000000000360160e+03,0.000000000000000000e+00
2.505100000000360524e+03,0.000000000000000000e+00
2.505200000000360433e+03,0.000000000000000000e+00
2.505300000000360342e+03,0.000000000000000000e+00
2.505400000000360706e+03,0.000000000000000000e+00
2.505500000000360615e+03,0.000000000000000000e+00
2.505600000000360524e+03,0.000000000000000000e+00
2.505700000000360433e+03,0.000000000000000000e+00
2.505800000000360342e+03,0.000000000000000000e+00
2.505900000000360706e+03,0.000000000000000000e+00
2.506000000000360615e+03,0.000000000000000000e+00
2.506100000000360524e+03,0.000000000000000000e+00
2.506200000000360887e+03,0.000000000000000000e+00
2.506300000000360797e+03,0.000000000000000000e+00
2.506400000000360706e+03,0.000000000000000000e+00
2.506500000000360615e+03,0.000000000000000000e+00
2.506600000000360524e+03,0.000000000000000000e+00
2.506700000000360887e+03,0.000000000000000000e+00
2.506800000000360797e+03,0.000000000000000000e+00
2.506900000000360706e+03,0.000000000000000000e+00
2.507000000000361069e+03,0.000000000000000000e+00
2.507100000000360978e+03,0.000000000000000000e+00
2.507200000000360887e+03,0.000000000000000000e+00
2.507300000000360797e+03,0.000000000000000000e+00
2.507400000000360706e+03,0.000000000000000000e+00
2.507500000000361069e+03,0.000000000000000000e+00
2.507600000000360978e+03,0.000000000000000000e+00
2.507700000000360887e+03,0.000000000000000000e+00
2.507800000000361251e+03,0.000000000000000000e+00
2.507900000000361160e+03,0.000000000000000000e+00
2.508000000000361069e+03,0.000000000000000000e+00
2.508100000000360978e+03,0.000000000000000000e+00
2.508200000000360887e+03,0.000000000000000000e+00
2.508300000000361251e+03,0.000000000000000000e+00
2.508400000000361160e+03,0.000000000000000000e+00
2.508500000000361069e+03,0.000000000000000000e+00
2.508600000000361433e+03,0.000000000000000000e+00
2.508700000000361342e+03,0.000000000000000000e+00
2.508800000000361251e+03,0.000000000000000000e+00
2.508900000000361160e+03,0.000000000000000000e+00
2.509000000000361069e+03,0.000000000000000000e+00
2.509100000000361433e+03,0.000000000000000000e+00
2.509200000000361342e+03,0.000000000000000000e+00
2.509300000000361251e+03,0.000000000000000000e+00
2.509400000000361615e+03,0.000000000000000000e+00
2.509500000000361524e+03,0.000000000000000000e+00
2.509600000000361433e+03,0.000000000000000000e+00
2.509700000000361342e+03,0.000000000000000000e+00
2.509800000000361251e+03,0.000000000000000000e+00
2.509900000000361615e+03,0.000000000000000000e+00
2.510000000000361524e+03,0.000000000000000000e+00
2.510100000000361433e+03,0.000000000000000000e+00
2.510200000000361797e+03,0.000000000000000000e+00
2.510300000000361706e+03,0.000000000000000000e+00
2.510400000000361615e+03,0.000000000000000000e+00
2.510500000000361524e+03,0.000000000000000000e+00
2.510600000000361433e+03,0.000000000000000000e+00
2.510700000000361797e+03,0.000000000000000000e+00
2.510800000000361706e+03,0.000000000000000000e+00
2.510900000000361615e+03,0.000000000000000000e+00
2.511000000000361979e+03,0.000000000000000000e+00
2.511100000000361888e+03,0.000000000000000000e+00
2.511200000000361797e+03,0.000000000000000000e+00
2.511300000000361706e+03,0.000000000000000000e+00
2.511400000000361615e+03,0.000000000000000000e+00
2.511500000000361979e+03,0.000000000000000000e+00
2.511600000000361888e+03,0.000000000000000000e+00
2.511700000000361797e+03,0.000000000000000000e+00
2.511800000000362161e+03,0.000000000000000000e+00
2.511900000000362070e+03,0.000000000000000000e+00
2.512000000000361979e+03,0.000000000000000000e+00
2.512100000000361888e+03,0.000000000000000000e+00
2.512200000000361797e+03,0.000000000000000000e+00
2.512300000000362161e+03,0.000000000000000000e+00
2.512400000000362070e+03,0.000000000000000000e+00
2.512500000000361979e+03,0.000000000000000000e+00
2.512600000000362343e+03,0.000000000000000000e+00
2.512700000000362252e+03,0.000000000000000000e+00
2.512800000000362161e+03,0.000000000000000000e+00
2.512900000000362070e+03,0.000000000000000000e+00
2.513000000000361979e+03,0.000000000000000000e+00
2.513100000000362343e+03,0.000000000000000000e+00
2.513200000000362252e+03,0.000000000000000000e+00
2.513300000000362161e+03,0.000000000000000000e+00
2.513400000000362525e+03,0.000000000000000000e+00
2.513500000000362434e+03,0.000000000000000000e+00
2.513600000000362343e+03,0.000000000000000000e+00
2.513700000000362252e+03,0.000000000000000000e+00
2.513800000000362161e+03,0.000000000000000000e+00
2.513900000000362525e+03,0.000000000000000000e+00
2.514000000000362434e+03,0.000000000000000000e+00
2.514100000000362343e+03,0.000000000000000000e+00
2.514200000000362706e+03,0.000000000000000000e+00
2.514300000000362616e+03,0.000000000000000000e+00
2.514400000000362525e+03,0.000000000000000000e+00
2.514500000000362434e+03,0.000000000000000000e+00
2.514600000000362343e+03,0.000000000000000000e+00
2.514700000000362706e+03,0.000000000000000000e+00
2.514800000000362616e+03,0.000000000000000000e+00
2.514900000000362525e+03,0.000000000000000000e+00
2.515000000000362888e+03,0.000000000000000000e+00
2.515100000000362797e+03,0.000000000000000000e+00
2.515200000000362706e+03,0.000000000000000000e+00
2.515300000000362616e+03,0.000000000000000000e+00
2.515400000000362525e+03,0.000000000000000000e+00
2.515500000000362888e+03,0.000000000000000000e+00
2.515600000000362797e+03,0.000000000000000000e+00
2.515700000000362706e+03,0.000000000000000000e+00
2.515800000000363070e+03,0.000000000000000000e+00
2.515900000000362979e+03,0.000000000000000000e+00
2.516000000000362888e+03,0.000000000000000000e+00
2.516100000000362797e+03,0.000000000000000000e+00
2.516200000000362706e+03,0.000000000000000000e+00
2.516300000000363070e+03,0.000000000000000000e+00
2.516400000000362979e+03,0.000000000000000000e+00
2.516500000000362888e+03,0.000000000000000000e+00
2.516600000000363252e+03,0.000000000000000000e+00
2.516700000000363161e+03,0.000000000000000000e+00
2.516800000000363070e+03,0.000000000000000000e+00
2.516900000000362979e+03,0.000000000000000000e+00
2.517000000000362888e+03,0.000000000000000000e+00
2.517100000000363252e+03,0.000000000000000000e+00
2.517200000000363161e+03,0.000000000000000000e+00
2.517300000000363070e+03,0.000000000000000000e+00
2.517400000000363434e+03,0.000000000000000000e+00
2.517500000000363343e+03,0.000000000000000000e+00
2.517600000000363252e+03,0.000000000000000000e+00
2.517700000000363161e+03,0.000000000000000000e+00
2.517800000000363070e+03,0.000000000000000000e+00
2.517900000000363434e+03,0.000000000000000000e+00
2.518000000000363343e+03,0.000000000000000000e+00
2.518100000000363252e+03,0.000000000000000000e+00
2.518200000000363616e+03,0.000000000000000000e+00
2.518300000000363525e+03,0.000000000000000000e+00
2.518400000000363434e+03,0.000000000000000000e+00
2.518500000000363343e+03,0.000000000000000000e+00
2.518600000000363252e+03,0.000000000000000000e+00
2.518700000000363616e+03,0.000000000000000000e+00
2.518800000000363525e+03,0.000000000000000000e+00
2.518900000000363434e+03,0.000000000000000000e+00
2.519000000000363798e+03,0.000000000000000000e+00
2.519100000000363707e+03,0.000000000000000000e+00
2.519200000000363616e+03,0.000000000000000000e+00
2.519300000000363525e+03,0.000000000000000000e+00
2.519400000000363434e+03,0.000000000000000000e+00
2.519500000000363798e+03,0.000000000000000000e+00
2.519600000000363707e+03,0.000000000000000000e+00
2.519700000000363616e+03,0.000000000000000000e+00
2.519800000000363980e+03,0.000000000000000000e+00
2.519900000000363889e+03,0.000000000000000000e+00
2.520000000000363798e+03,0.000000000000000000e+00
2.520100000000363707e+03,0.000000000000000000e+00
2.520200000000363616e+03,0.000000000000000000e+00
2.520300000000363980e+03,0.000000000000000000e+00
2.520400000000363889e+03,0.000000000000000000e+00
2.520500000000363798e+03,0.000000000000000000e+00
2.520600000000364162e+03,0.000000000000000000e+00
2.520700000000364071e+03,0.000000000000000000e+00
2.520800000000363980e+03,0.000000000000000000e+00
2.520900000000363889e+03,0.000000000000000000e+00
2.521000000000363798e+03,0.000000000000000000e+00
2.521100000000364162e+03,0.000000000000000000e+00
2.521200000000364071e+03,0.000000000000000000e+00
2.521300000000363980e+03,0.000000000000000000e+00
2.521400000000364344e+03,0.000000000000000000e+00
2.521500000000364253e+03,0.000000000000000000e+00
2.521600000000364162e+03,0.000000000000000000e+00
2.521700000000364071e+03,0.000000000000000000e+00
2.521800000000363980e+03,0.000000000000000000e+00
2.521900000000364344e+03,0.000000000000000000e+00
2.522000000000364253e+03,0.000000000000000000e+00
2.522100000000364162e+03,0.000000000000000000e+00
2.522200000000364525e+03,0.000000000000000000e+00
2.522300000000364435e+03,0.000000000000000000e+00
2.522400000000364344e+03,0.000000000000000000e+00
2.522500000000364253e+03,0.000000000000000000e+00
2.522600000000364162e+03,0.000000000000000000e+00
2.522700000000364525e+03,0.000000000000000000e+00
2.522800000000364435e+03,0.000000000000000000e+00
2.522900000000364344e+03,0.000000000000000000e+00
2.523000000000364707e+03,0.000000000000000000e+00
2.523100000000364616e+03,0.000000000000000000e+00
2.523200000000364525e+03,0.000000000000000000e+00
2.523300000000364435e+03,0.000000000000000000e+00
2.523400000000364344e+03,0.000000000000000000e+00
2.523500000000364707e+03,0.000000000000000000e+00
2.523600000000364616e+03,0.000000000000000000e+00
2.523700000000364525e+03,0.000000000000000000e+00
2.523800000000364889e+03,0.000000000000000000e+00
2.523900000000364798e+03,0.000000000000000000e+00
2.524000000000364707e+03,0.000000000000000000e+00
2.524100000000364616e+03,0.000000000000000000e+00
2.524200000000364525e+03,0.000000000000000000e+00
2.524300000000364889e+03,0.000000000000000000e+00
2.524400000000364798e+03,0.000000000000000000e+00
2.524500000000364707e+03,0.000000000000000000e+00
2.524600000000365071e+03,0.000000000000000000e+00
2.524700000000364980e+03,0.000000000000000000e+00
2.524800000000364889e+03,0.000000000000000000e+00
2.524900000000364798e+03,0.000000000000000000e+00
2.525000000000364707e+03,0.000000000000000000e+00
2.525100000000365071e+03,0.000000000000000000e+00
2.525200000000364980e+03,0.000000000000000000e+00
2.525300000000364889e+03,0.000000000000000000e+00
2.525400000000365253e+03,0.000000000000000000e+00
2.525500000000365162e+03,0.000000000000000000e+00
2.525600000000365071e+03,0.000000000000000000e+00
2.525700000000364980e+03,0.000000000000000000e+00
2.525800000000364889e+03,0.000000000000000000e+00
2.525900000000365253e+03,0.000000000000000000e+00
2.526000000000365162e+03,0.000000000000000000e+00
2.526100000000365071e+03,0.000000000000000000e+00
2.526200000000365435e+03,0.000000000000000000e+00
2.526300000000365344e+03,0.000000000000000000e+00
2.526400000000365253e+03,0.000000000000000000e+00
2.526500000000365162e+03,0.000000000000000000e+00
2.526600000000365071e+03,0.000000000000000000e+00
2.526700000000365435e+03,0.000000000000000000e+00
2.526800000000365344e+03,0.000000000000000000e+00
2.526900000000365253e+03,0.000000000000000000e+00
2.527000000000365617e+03,0.000000000000000000e+00
2.527100000000365526e+03,0.000000000000000000e+00
2.527200000000365435e+03,0.000000000000000000e+00
2.527300000000365344e+03,0.000000000000000000e+00
2.527400000000365253e+03,0.000000000000000000e+00
2.527500000000365617e+03,0.000000000000000000e+00
2.527600000000365526e+03,0.000000000000000000e+00
2.527700000000365435e+03,0.000000000000000000e+00
2.527800000000365799e+03,0.000000000000000000e+00
2.527900000000365708e+03,0.000000000000000000e+00
2.528000000000365617e+03,0.000000000000000000e+00
2.528100000000365526e+03,0.000000000000000000e+00
2.528200000000365435e+03,0.000000000000000000e+00
2.528300000000365799e+03,0.000000000000000000e+00
2.528400000000365708e+03,0.000000000000000000e+00
2.528500000000365617e+03,0.000000000000000000e+00
2.528600000000365981e+03,0.000000000000000000e+00
2.528700000000365890e+03,0.000000000000000000e+00
2.528800000000365799e+03,0.000000000000000000e+00
2.528900000000365708e+03,0.000000000000000000e+00
2.529000000000365617e+03,0.000000000000000000e+00
2.529100000000365981e+03,0.000000000000000000e+00
2.529200000000365890e+03,0.000000000000000000e+00
2.529300000000365799e+03,0.000000000000000000e+00
2.529400000000366163e+03,0.000000000000000000e+00
2.529500000000366072e+03,0.000000000000000000e+00
2.529600000000365981e+03,0.000000000000000000e+00
2.529700000000365890e+03,0.000000000000000000e+00
2.529800000000365799e+03,0.000000000000000000e+00
2.529900000000366163e+03,0.000000000000000000e+00
2.530000000000366072e+03,0.000000000000000000e+00
2.530100000000365981e+03,0.000000000000000000e+00
2.530200000000366344e+03,0.000000000000000000e+00
2.530300000000366254e+03,0.000000000000000000e+00
2.530400000000366163e+03,0.000000000000000000e+00
2.530500000000366072e+03,0.000000000000000000e+00
2.530600000000365981e+03,0.000000000000000000e+00
2.530700000000366344e+03,0.000000000000000000e+00
2.530800000000366254e+03,0.000000000000000000e+00
2.530900000000366163e+03,0.000000000000000000e+00
2.531000000000366526e+03,0.000000000000000000e+00
2.531100000000366435e+03,0.000000000000000000e+00
2.531200000000366344e+03,0.000000000000000000e+00
2.531300000000366254e+03,0.000000000000000000e+00
2.531400000000366163e+03,0.000000000000000000e+00
2.531500000000366526e+03,0.000000000000000000e+00
2.531600000000366435e+03,0.000000000000000000e+00
2.531700000000366344e+03,0.000000000000000000e+00
2.531800000000366708e+03,0.000000000000000000e+00
2.531900000000366617e+03,0.000000000000000000e+00
2.532000000000366526e+03,0.000000000000000000e+00
2.532100000000366435e+03,0.000000000000000000e+00
2.532200000000366344e+03,0.000000000000000000e+00
2.532300000000366708e+03,0.000000000000000000e+00
2.532400000000366617e+03,0.000000000000000000e+00
2.532500000000366526e+03,0.000000000000000000e+00
2.532600000000366890e+03,0.000000000000000000e+00
2.532700000000366799e+03,0.000000000000000000e+00
2.532800000000366708e+03,0.000000000000000000e+00
2.532900000000366617e+03,0.000000000000000000e+00
2.533000000000366526e+03,0.000000000000000000e+00
2.533100000000366890e+03,0.000000000000000000e+00
2.533200000000366799e+03,0.000000000000000000e+00
2.533300000000366708e+03,0.000000000000000000e+00
2.533400000000367072e+03,0.000000000000000000e+00
2.533500000000366981e+03,0.000000000000000000e+00
2.533600000000366890e+03,0.000000000000000000e+00
2.533700000000366799e+03,0.000000000000000000e+00
2.533800000000366708e+03,0.000000000000000000e+00
2.533900000000367072e+03,0.000000000000000000e+00
2.534000000000366981e+03,0.000000000000000000e+00
2.534100000000366890e+03,0.000000000000000000e+00
2.534200000000367254e+03,0.000000000000000000e+00
2.534300000000367163e+03,0.000000000000000000e+00
2.534400000000367072e+03,0.000000000000000000e+00
2.534500000000366981e+03,0.000000000000000000e+00
2.534600000000366890e+03,0.000000000000000000e+00
2.534700000000367254e+03,0.000000000000000000e+00
2.534800000000367163e+03,0.000000000000000000e+00
2.534900000000367072e+03,0.000000000000000000e+00
2.535000000000367436e+03,0.000000000000000000e+00
2.535100000000367345e+03,0.000000000000000000e+00
2.535200000000367254e+03,0.000000000000000000e+00
2.535300000000367163e+03,0.000000000000000000e+00
2.535400000000367072e+03,0.000000000000000000e+00
2.535500000000367436e+03,0.000000000000000000e+00
2.535600000000367345e+03,0.000000000000000000e+00
2.535700000000367254e+03,0.000000000000000000e+00
2.535800000000367618e+03,0.000000000000000000e+00
2.535900000000367527e+03,0.000000000000000000e+00
2.536000000000367436e+03,0.000000000000000000e+00
2.536100000000367345e+03,0.000000000000000000e+00
2.536200000000367254e+03,0.000000000000000000e+00
2.536300000000367618e+03,0.000000000000000000e+00
2.536400000000367527e+03,0.000000000000000000e+00
2.536500000000367436e+03,0.000000000000000000e+00
2.536600000000367800e+03,0.000000000000000000e+00
2.536700000000367709e+03,0.000000000000000000e+00
2.536800000000367618e+03,0.000000000000000000e+00
2.536900000000367527e+03,0.000000000000000000e+00
2.537000000000367436e+03,0.000000000000000000e+00
2.537100000000367800e+03,0.000000000000000000e+00
2.537200000000367709e+03,0.000000000000000000e+00
2.537300000000367618e+03,0.000000000000000000e+00
2.537400000000367982e+03,0.000000000000000000e+00
2.537500000000367891e+03,0.000000000000000000e+00
2.537600000000367800e+03,0.000000000000000000e+00
2.537700000000367709e+03,0.000000000000000000e+00
2.537800000000367618e+03,0.000000000000000000e+00
2.537900000000367982e+03,0.000000000000000000e+00
2.538000000000367891e+03,0.000000000000000000e+00
2.538100000000367800e+03,0.000000000000000000e+00
2.538200000000368163e+03,0.000000000000000000e+00
2.538300000000368073e+03,0.000000000000000000e+00
2.538400000000367982e+03,0.000000000000000000e+00
2.538500000000367891e+03,0.000000000000000000e+00
2.538600000000367800e+03,0.000000000000000000e+00
2.538700000000368163e+03,0.000000000000000000e+00
2.538800000000368073e+03,0.000000000000000000e+00
2.538900000000367982e+03,0.000000000000000000e+00
2.539000000000368345e+03,0.000000000000000000e+00
2.539100000000368254e+03,0.000000000000000000e+00
2.539200000000368163e+03,0.000000000000000000e+00
2.539300000000368073e+03,0.000000000000000000e+00
2.539400000000367982e+03,0.000000000000000000e+00
2.539500000000368345e+03,0.000000000000000000e+00
2.539600000000368254e+03,0.000000000000000000e+00
2.539700000000368163e+03,0.000000000000000000e+00
2.539800000000368527e+03,0.000000000000000000e+00
2.539900000000368436e+03,0.000000000000000000e+00
2.540000000000368345e+03,0.000000000000000000e+00
2.540100000000368254e+03,0.000000000000000000e+00
2.540200000000368163e+03,0.000000000000000000e+00
2.540300000000368527e+03,0.000000000000000000e+00
2.540400000000368436e+03,0.000000000000000000e+00
2.540500000000368345e+03,0.000000000000000000e+00
2.540600000000368709e+03,0.000000000000000000e+00
2.540700000000368618e+03,0.000000000000000000e+00
2.540800000000368527e+03,0.000000000000000000e+00
2.540900000000368436e+03,0.000000000000000000e+00
2.541000000000368345e+03,0.000000000000000000e+00
2.541100000000368709e+03,0.000000000000000000e+00
2.541200000000368618e+03,0.000000000000000000e+00
2.541300000000368527e+03,0.000000000000000000e+00
2.541400000000368891e+03,0.000000000000000000e+00
2.541500000000368800e+03,0.000000000000000000e+00
2.541600000000368709e+03,0.000000000000000000e+00
2.541700000000368618e+03,0.000000000000000000e+00
2.541800000000368527e+03,0.000000000000000000e+00
2.541900000000368891e+03,0.000000000000000000e+00
2.542000000000368800e+03,0.000000000000000000e+00
2.542100000000368709e+03,0.000000000000000000e+00
2.542200000000369073e+03,0.000000000000000000e+00
2.542300000000368982e+03,0.000000000000000000e+00
2.542400000000368891e+03,0.000000000000000000e+00
2.542500000000368800e+03,0.000000000000000000e+00
2.542600000000368709e+03,0.000000000000000000e+00
2.542700000000369073e+03,0.000000000000000000e+00
2.542800000000368982e+03,0.000000000000000000e+00
2.542900000000368891e+03,0.000000000000000000e+00
2.543000000000369255e+03,0.000000000000000000e+00
2.543100000000369164e+03,0.000000000000000000e+00
2.543200000000369073e+03,0.000000000000000000e+00
2.543300000000368982e+03,0.000000000000000000e+00
2.543400000000368891e+03,0.000000000000000000e+00
2.543500000000369255e+03,0.000000000000000000e+00
2.543600000000369164e+03,0.000000000000000000e+00
2.543700000000369073e+03,0.000000000000000000e+00
2.543800000000369437e+03,0.000000000000000000e+00
2.543900000000369346e+03,0.000000000000000000e+00
2.544000000000369255e+03,0.000000000000000000e+00
2.544100000000369164e+03,0.000000000000000000e+00
2.544200000000369073e+03,0.000000000000000000e+00
2.544300000000369437e+03,0.000000000000000000e+00
2.544400000000369346e+03,0.000000000000000000e+00
2.544500000000369255e+03,0.000000000000000000e+00
2.544600000000369619e+03,0.000000000000000000e+00
2.544700000000369528e+03,0.000000000000000000e+00
2.544800000000369437e+03,0.000000000000000000e+00
2.544900000000369346e+03,0.000000000000000000e+00
2.545000000000369255e+03,0.000000000000000000e+00
2.545100000000369619e+03,0.000000000000000000e+00
2.545200000000369528e+03,0.000000000000000000e+00
2.545300000000369437e+03,0.000000000000000000e+00
2.545400000000369801e+03,0.000000000000000000e+00
2.545500000000369710e+03,0.000000000000000000e+00
2.545600000000369619e+03,0.000000000000000000e+00
2.545700000000369528e+03,0.000000000000000000e+00
2.545800000000369437e+03,0.000000000000000000e+00
2.545900000000369801e+03,0.000000000000000000e+00
2.546000000000369710e+03,0.000000000000000000e+00
2.546100000000369619e+03,0.000000000000000000e+00
2.546200000000369982e+03,0.000000000000000000e+00
2.546300000000369891e+03,0.000000000000000000e+00
2.546400000000369801e+03,0.000000000000000000e+00
2.546500000000369710e+03,0.000000000000000000e+00
2.546600000000369619e+03,0.000000000000000000e+00
2.546700000000369982e+03,0.000000000000000000e+00
2.546800000000369891e+03,0.000000000000000000e+00
2.546900000000369801e+03,0.000000000000000000e+00
2.547000000000370164e+03,0.000000000000000000e+00
2.547100000000370073e+03,0.000000000000000000e+00
2.547200000000369982e+03,0.000000000000000000e+00
2.547300000000369891e+03,0.000000000000000000e+00
2.547400000000369801e+03,0.000000000000000000e+00
2.547500000000370164e+03,0.000000000000000000e+00
2.547600000000370073e+03,0.000000000000000000e+00
2.547700000000369982e+03,0.000000000000000000e+00
2.547800000000370346e+03,0.000000000000000000e+00
2.547900000000370255e+03,0.000000000000000000e+00
2.548000000000370164e+03,0.000000000000000000e+00
2.548100000000370073e+03,0.000000000000000000e+00
2.548200000000369982e+03,0.000000000000000000e+00
2.548300000000370346e+03,0.000000000000000000e+00
2.548400000000370255e+03,0.000000000000000000e+00
2.548500000000370164e+03,0.000000000000000000e+00
2.548600000000370528e+03,0.000000000000000000e+00
2.548700000000370437e+03,0.000000000000000000e+00
2.548800000000370346e+03,0.000000000000000000e+00
2.548900000000370255e+03,0.000000000000000000e+00
2.549000000000370164e+03,0.000000000000000000e+00
2.549100000000370528e+03,0.000000000000000000e+00
2.549200000000370437e+03,0.000000000000000000e+00
2.549300000000370346e+03,0.000000000000000000e+00
2.549400000000370710e+03,0.000000000000000000e+00
2.549500000000370619e+03,0.000000000000000000e+00
2.549600000000370528e+03,0.000000000000000000e+00
2.549700000000370437e+03,0.000000000000000000e+00
2.549800000000370346e+03,0.000000000000000000e+00
2.549900000000370710e+03,0.000000000000000000e+00
