# wavelength (nm),transmission (I/F) 
9.200000000000000000e+02,0.000000000000000000e+00
9.201000000000000227e+02,0.000000000000000000e+00
9.202000000000000455e+02,0.000000000000000000e+00
9.203000000000000682e+02,0.000000000000000000e+00
9.204000000000000909e+02,0.000000000000000000e+00
9.205000000000001137e+02,0.000000000000000000e+00
9.206000000000001364e+02,0.000000000000000000e+00
9.207000000000001592e+02,0.000000000000000000e+00
9.208000000000001819e+02,0.000000000000000000e+00
9.209000000000002046e+02,0.000000000000000000e+00
9.210000000000002274e+02,0.000000000000000000e+00
9.211000000000002501e+02,0.000000000000000000e+00
9.212000000000002728e+02,0.000000000000000000e+00
9.213000000000002956e+02,0.000000000000000000e+00
9.214000000000003183e+02,0.000000000000000000e+00
9.215000000000003411e+02,0.000000000000000000e+00
9.216000000000003638e+02,0.000000000000000000e+00
9.217000000000003865e+02,0.000000000000000000e+00
9.218000000000004093e+02,0.000000000000000000e+00
9.219000000000004320e+02,0.000000000000000000e+00
9.220000000000004547e+02,0.000000000000000000e+00
9.221000000000004775e+02,0.000000000000000000e+00
9.222000000000005002e+02,0.000000000000000000e+00
9.223000000000005230e+02,0.000000000000000000e+00
9.224000000000005457e+02,0.000000000000000000e+00
9.225000000000005684e+02,0.000000000000000000e+00
9.226000000000005912e+02,0.000000000000000000e+00
9.227000000000006139e+02,0.000000000000000000e+00
9.228000000000006366e+02,0.000000000000000000e+00
9.229000000000006594e+02,0.000000000000000000e+00
9.230000000000006821e+02,0.000000000000000000e+00
9.231000000000007049e+02,0.000000000000000000e+00
9.232000000000007276e+02,0.000000000000000000e+00
9.233000000000007503e+02,0.000000000000000000e+00
9.234000000000007731e+02,0.000000000000000000e+00
9.235000000000007958e+02,0.000000000000000000e+00
9.236000000000008185e+02,0.000000000000000000e+00
9.237000000000008413e+02,0.000000000000000000e+00
9.238000000000008640e+02,0.000000000000000000e+00
9.239000000000008868e+02,0.000000000000000000e+00
9.240000000000009095e+02,0.000000000000000000e+00
9.241000000000009322e+02,0.000000000000000000e+00
9.242000000000009550e+02,0.000000000000000000e+00
9.243000000000009777e+02,0.000000000000000000e+00
9.244000000000010004e+02,0.000000000000000000e+00
9.245000000000010232e+02,0.000000000000000000e+00
9.246000000000010459e+02,0.000000000000000000e+00
9.247000000000010687e+02,0.000000000000000000e+00
9.248000000000010914e+02,0.000000000000000000e+00
9.249000000000011141e+02,0.000000000000000000e+00
9.250000000000011369e+02,0.000000000000000000e+00
9.251000000000011596e+02,0.000000000000000000e+00
9.252000000000011823e+02,0.000000000000000000e+00
9.253000000000012051e+02,0.000000000000000000e+00
9.254000000000012278e+02,0.000000000000000000e+00
9.255000000000012506e+02,0.000000000000000000e+00
9.256000000000012733e+02,0.000000000000000000e+00
9.257000000000012960e+02,0.000000000000000000e+00
9.258000000000013188e+02,0.000000000000000000e+00
9.259000000000013415e+02,0.000000000000000000e+00
9.260000000000013642e+02,0.000000000000000000e+00
9.261000000000013870e+02,0.000000000000000000e+00
9.262000000000014097e+02,0.000000000000000000e+00
9.263000000000014325e+02,0.000000000000000000e+00
9.264000000000014552e+02,0.000000000000000000e+00
9.265000000000014779e+02,0.000000000000000000e+00
9.266000000000015007e+02,0.000000000000000000e+00
9.267000000000015234e+02,0.000000000000000000e+00
9.268000000000015461e+02,0.000000000000000000e+00
9.269000000000015689e+02,0.000000000000000000e+00
9.270000000000015916e+02,0.000000000000000000e+00
9.271000000000016144e+02,0.000000000000000000e+00
9.272000000000016371e+02,0.000000000000000000e+00
9.273000000000016598e+02,0.000000000000000000e+00
9.274000000000016826e+02,0.000000000000000000e+00
9.275000000000017053e+02,0.000000000000000000e+00
9.276000000000017280e+02,0.000000000000000000e+00
9.277000000000017508e+02,0.000000000000000000e+00
9.278000000000017735e+02,0.000000000000000000e+00
9.279000000000017963e+02,0.000000000000000000e+00
9.280000000000018190e+02,0.000000000000000000e+00
9.281000000000018417e+02,0.000000000000000000e+00
9.282000000000018645e+02,0.000000000000000000e+00
9.283000000000018872e+02,0.000000000000000000e+00
9.284000000000019099e+02,0.000000000000000000e+00
9.285000000000019327e+02,0.000000000000000000e+00
9.286000000000019554e+02,0.000000000000000000e+00
9.287000000000019782e+02,0.000000000000000000e+00
9.288000000000020009e+02,0.000000000000000000e+00
9.289000000000020236e+02,0.000000000000000000e+00
9.290000000000020464e+02,0.000000000000000000e+00
9.291000000000020691e+02,0.000000000000000000e+00
9.292000000000020918e+02,0.000000000000000000e+00
9.293000000000021146e+02,0.000000000000000000e+00
9.294000000000021373e+02,0.000000000000000000e+00
9.295000000000021600e+02,0.000000000000000000e+00
9.296000000000021828e+02,0.000000000000000000e+00
9.297000000000022055e+02,0.000000000000000000e+00
9.298000000000022283e+02,0.000000000000000000e+00
9.299000000000022510e+02,0.000000000000000000e+00
9.300000000000022737e+02,0.000000000000000000e+00
9.301000000000022965e+02,0.000000000000000000e+00
9.302000000000023192e+02,0.000000000000000000e+00
9.303000000000023419e+02,0.000000000000000000e+00
9.304000000000023647e+02,0.000000000000000000e+00
9.305000000000023874e+02,0.000000000000000000e+00
9.306000000000024102e+02,0.000000000000000000e+00
9.307000000000024329e+02,0.000000000000000000e+00
9.308000000000024556e+02,0.000000000000000000e+00
9.309000000000024784e+02,0.000000000000000000e+00
9.310000000000025011e+02,0.000000000000000000e+00
9.311000000000025238e+02,0.000000000000000000e+00
9.312000000000025466e+02,0.000000000000000000e+00
9.313000000000025693e+02,0.000000000000000000e+00
9.314000000000025921e+02,0.000000000000000000e+00
9.315000000000026148e+02,0.000000000000000000e+00
9.316000000000026375e+02,0.000000000000000000e+00
9.317000000000026603e+02,0.000000000000000000e+00
9.318000000000026830e+02,0.000000000000000000e+00
9.319000000000027057e+02,0.000000000000000000e+00
9.320000000000027285e+02,0.000000000000000000e+00
9.321000000000027512e+02,0.000000000000000000e+00
9.322000000000027740e+02,0.000000000000000000e+00
9.323000000000027967e+02,0.000000000000000000e+00
9.324000000000028194e+02,0.000000000000000000e+00
9.325000000000028422e+02,0.000000000000000000e+00
9.326000000000028649e+02,0.000000000000000000e+00
9.327000000000028876e+02,0.000000000000000000e+00
9.328000000000029104e+02,0.000000000000000000e+00
9.329000000000029331e+02,0.000000000000000000e+00
9.330000000000029559e+02,0.000000000000000000e+00
9.331000000000029786e+02,0.000000000000000000e+00
9.332000000000030013e+02,0.000000000000000000e+00
9.333000000000030241e+02,0.000000000000000000e+00
9.334000000000030468e+02,0.000000000000000000e+00
9.335000000000030695e+02,0.000000000000000000e+00
9.336000000000030923e+02,0.000000000000000000e+00
9.337000000000031150e+02,0.000000000000000000e+00
9.338000000000031378e+02,0.000000000000000000e+00
9.339000000000031605e+02,0.000000000000000000e+00
9.340000000000031832e+02,0.000000000000000000e+00
9.341000000000032060e+02,0.000000000000000000e+00
9.342000000000032287e+02,0.000000000000000000e+00
9.343000000000032514e+02,0.000000000000000000e+00
9.344000000000032742e+02,0.000000000000000000e+00
9.345000000000032969e+02,0.000000000000000000e+00
9.346000000000033197e+02,0.000000000000000000e+00
9.347000000000033424e+02,0.000000000000000000e+00
9.348000000000033651e+02,0.000000000000000000e+00
9.349000000000033879e+02,0.000000000000000000e+00
9.350000000000034106e+02,0.000000000000000000e+00
9.351000000000034333e+02,0.000000000000000000e+00
9.352000000000034561e+02,0.000000000000000000e+00
9.353000000000034788e+02,0.000000000000000000e+00
9.354000000000035016e+02,0.000000000000000000e+00
9.355000000000035243e+02,0.000000000000000000e+00
9.356000000000035470e+02,0.000000000000000000e+00
9.357000000000035698e+02,0.000000000000000000e+00
9.358000000000035925e+02,0.000000000000000000e+00
9.359000000000036152e+02,0.000000000000000000e+00
9.360000000000036380e+02,0.000000000000000000e+00
9.361000000000036607e+02,0.000000000000000000e+00
9.362000000000036835e+02,0.000000000000000000e+00
9.363000000000037062e+02,0.000000000000000000e+00
9.364000000000037289e+02,0.000000000000000000e+00
9.365000000000037517e+02,0.000000000000000000e+00
9.366000000000037744e+02,0.000000000000000000e+00
9.367000000000037971e+02,0.000000000000000000e+00
9.368000000000038199e+02,0.000000000000000000e+00
9.369000000000038426e+02,0.000000000000000000e+00
9.370000000000038654e+02,0.000000000000000000e+00
9.371000000000038881e+02,0.000000000000000000e+00
9.372000000000039108e+02,0.000000000000000000e+00
9.373000000000039336e+02,0.000000000000000000e+00
9.374000000000039563e+02,0.000000000000000000e+00
9.375000000000039790e+02,0.000000000000000000e+00
9.376000000000040018e+02,0.000000000000000000e+00
9.377000000000040245e+02,0.000000000000000000e+00
9.378000000000040473e+02,0.000000000000000000e+00
9.379000000000040700e+02,0.000000000000000000e+00
9.380000000000040927e+02,0.000000000000000000e+00
9.381000000000041155e+02,0.000000000000000000e+00
9.382000000000041382e+02,0.000000000000000000e+00
9.383000000000041609e+02,0.000000000000000000e+00
9.384000000000041837e+02,0.000000000000000000e+00
9.385000000000042064e+02,0.000000000000000000e+00
9.386000000000042292e+02,0.000000000000000000e+00
9.387000000000042519e+02,0.000000000000000000e+00
9.388000000000042746e+02,0.000000000000000000e+00
9.389000000000042974e+02,0.000000000000000000e+00
9.390000000000043201e+02,0.000000000000000000e+00
9.391000000000043428e+02,0.000000000000000000e+00
9.392000000000043656e+02,0.000000000000000000e+00
9.393000000000043883e+02,0.000000000000000000e+00
9.394000000000044110e+02,0.000000000000000000e+00
9.395000000000044338e+02,0.000000000000000000e+00
9.396000000000044565e+02,0.000000000000000000e+00
9.397000000000044793e+02,0.000000000000000000e+00
9.398000000000045020e+02,0.000000000000000000e+00
9.399000000000045247e+02,0.000000000000000000e+00
9.400000000000045475e+02,0.000000000000000000e+00
9.401000000000045702e+02,0.000000000000000000e+00
9.402000000000045929e+02,0.000000000000000000e+00
9.403000000000046157e+02,0.000000000000000000e+00
9.404000000000046384e+02,0.000000000000000000e+00
9.405000000000046612e+02,0.000000000000000000e+00
9.406000000000046839e+02,0.000000000000000000e+00
9.407000000000047066e+02,0.000000000000000000e+00
9.408000000000047294e+02,0.000000000000000000e+00
9.409000000000047521e+02,0.000000000000000000e+00
9.410000000000047748e+02,0.000000000000000000e+00
9.411000000000047976e+02,0.000000000000000000e+00
9.412000000000048203e+02,0.000000000000000000e+00
9.413000000000048431e+02,0.000000000000000000e+00
9.414000000000048658e+02,0.000000000000000000e+00
9.415000000000048885e+02,0.000000000000000000e+00
9.416000000000049113e+02,0.000000000000000000e+00
9.417000000000049340e+02,0.000000000000000000e+00
9.418000000000049567e+02,0.000000000000000000e+00
9.419000000000049795e+02,0.000000000000000000e+00
9.420000000000050022e+02,0.000000000000000000e+00
9.421000000000050250e+02,0.000000000000000000e+00
9.422000000000050477e+02,0.000000000000000000e+00
9.423000000000050704e+02,0.000000000000000000e+00
9.424000000000050932e+02,0.000000000000000000e+00
9.425000000000051159e+02,0.000000000000000000e+00
9.426000000000051386e+02,0.000000000000000000e+00
9.427000000000051614e+02,0.000000000000000000e+00
9.428000000000051841e+02,0.000000000000000000e+00
9.429000000000052069e+02,0.000000000000000000e+00
9.430000000000052296e+02,0.000000000000000000e+00
9.431000000000052523e+02,0.000000000000000000e+00
9.432000000000052751e+02,0.000000000000000000e+00
9.433000000000052978e+02,0.000000000000000000e+00
9.434000000000053205e+02,0.000000000000000000e+00
9.435000000000053433e+02,0.000000000000000000e+00
9.436000000000053660e+02,0.000000000000000000e+00
9.437000000000053888e+02,0.000000000000000000e+00
9.438000000000054115e+02,0.000000000000000000e+00
9.439000000000054342e+02,0.000000000000000000e+00
9.440000000000054570e+02,0.000000000000000000e+00
9.441000000000054797e+02,0.000000000000000000e+00
9.442000000000055024e+02,0.000000000000000000e+00
9.443000000000055252e+02,0.000000000000000000e+00
9.444000000000055479e+02,0.000000000000000000e+00
9.445000000000055707e+02,0.000000000000000000e+00
9.446000000000055934e+02,0.000000000000000000e+00
9.447000000000056161e+02,0.000000000000000000e+00
9.448000000000056389e+02,0.000000000000000000e+00
9.449000000000056616e+02,0.000000000000000000e+00
9.450000000000056843e+02,0.000000000000000000e+00
9.451000000000057071e+02,0.000000000000000000e+00
9.452000000000057298e+02,0.000000000000000000e+00
9.453000000000057526e+02,0.000000000000000000e+00
9.454000000000057753e+02,0.000000000000000000e+00
9.455000000000057980e+02,0.000000000000000000e+00
9.456000000000058208e+02,0.000000000000000000e+00
9.457000000000058435e+02,0.000000000000000000e+00
9.458000000000058662e+02,0.000000000000000000e+00
9.459000000000058890e+02,0.000000000000000000e+00
9.460000000000059117e+02,0.000000000000000000e+00
9.461000000000059345e+02,0.000000000000000000e+00
9.462000000000059572e+02,0.000000000000000000e+00
9.463000000000059799e+02,0.000000000000000000e+00
9.464000000000060027e+02,0.000000000000000000e+00
9.465000000000060254e+02,0.000000000000000000e+00
9.466000000000060481e+02,0.000000000000000000e+00
9.467000000000060709e+02,0.000000000000000000e+00
9.468000000000060936e+02,0.000000000000000000e+00
9.469000000000061164e+02,0.000000000000000000e+00
9.470000000000061391e+02,0.000000000000000000e+00
9.471000000000061618e+02,0.000000000000000000e+00
9.472000000000061846e+02,0.000000000000000000e+00
9.473000000000062073e+02,0.000000000000000000e+00
9.474000000000062300e+02,0.000000000000000000e+00
9.475000000000062528e+02,0.000000000000000000e+00
9.476000000000062755e+02,0.000000000000000000e+00
9.477000000000062983e+02,0.000000000000000000e+00
9.478000000000063210e+02,0.000000000000000000e+00
9.479000000000063437e+02,0.000000000000000000e+00
9.480000000000063665e+02,0.000000000000000000e+00
9.481000000000063892e+02,0.000000000000000000e+00
9.482000000000064119e+02,0.000000000000000000e+00
9.483000000000064347e+02,0.000000000000000000e+00
9.484000000000064574e+02,0.000000000000000000e+00
9.485000000000064801e+02,0.000000000000000000e+00
9.486000000000065029e+02,0.000000000000000000e+00
9.487000000000065256e+02,0.000000000000000000e+00
9.488000000000065484e+02,0.000000000000000000e+00
9.489000000000065711e+02,0.000000000000000000e+00
9.490000000000065938e+02,0.000000000000000000e+00
9.491000000000066166e+02,0.000000000000000000e+00
9.492000000000066393e+02,0.000000000000000000e+00
9.493000000000066620e+02,0.000000000000000000e+00
9.494000000000066848e+02,0.000000000000000000e+00
9.495000000000067075e+02,0.000000000000000000e+00
9.496000000000067303e+02,0.000000000000000000e+00
9.497000000000067530e+02,0.000000000000000000e+00
9.498000000000067757e+02,0.000000000000000000e+00
9.499000000000067985e+02,0.000000000000000000e+00
9.500000000000068212e+02,0.000000000000000000e+00
9.501000000000068439e+02,0.000000000000000000e+00
9.502000000000068667e+02,0.000000000000000000e+00
9.503000000000068894e+02,0.000000000000000000e+00
9.504000000000069122e+02,0.000000000000000000e+00
9.505000000000069349e+02,0.000000000000000000e+00
9.506000000000069576e+02,0.000000000000000000e+00
9.507000000000069804e+02,0.000000000000000000e+00
9.508000000000070031e+02,0.000000000000000000e+00
9.509000000000070258e+02,0.000000000000000000e+00
9.510000000000070486e+02,0.000000000000000000e+00
9.511000000000070713e+02,0.000000000000000000e+00
9.512000000000070941e+02,0.000000000000000000e+00
9.513000000000071168e+02,0.000000000000000000e+00
9.514000000000071395e+02,0.000000000000000000e+00
9.515000000000071623e+02,0.000000000000000000e+00
9.516000000000071850e+02,0.000000000000000000e+00
9.517000000000072077e+02,0.000000000000000000e+00
9.518000000000072305e+02,0.000000000000000000e+00
9.519000000000072532e+02,0.000000000000000000e+00
9.520000000000072760e+02,0.000000000000000000e+00
9.521000000000072987e+02,0.000000000000000000e+00
9.522000000000073214e+02,0.000000000000000000e+00
9.523000000000073442e+02,0.000000000000000000e+00
9.524000000000073669e+02,0.000000000000000000e+00
9.525000000000073896e+02,0.000000000000000000e+00
9.526000000000074124e+02,0.000000000000000000e+00
9.527000000000074351e+02,0.000000000000000000e+00
9.528000000000074579e+02,0.000000000000000000e+00
9.529000000000074806e+02,0.000000000000000000e+00
9.530000000000075033e+02,0.000000000000000000e+00
9.531000000000075261e+02,0.000000000000000000e+00
9.532000000000075488e+02,0.000000000000000000e+00
9.533000000000075715e+02,0.000000000000000000e+00
9.534000000000075943e+02,0.000000000000000000e+00
9.535000000000076170e+02,0.000000000000000000e+00
9.536000000000076398e+02,0.000000000000000000e+00
9.537000000000076625e+02,0.000000000000000000e+00
9.538000000000076852e+02,0.000000000000000000e+00
9.539000000000077080e+02,0.000000000000000000e+00
9.540000000000077307e+02,0.000000000000000000e+00
9.541000000000077534e+02,0.000000000000000000e+00
9.542000000000077762e+02,0.000000000000000000e+00
9.543000000000077989e+02,0.000000000000000000e+00
9.544000000000078217e+02,0.000000000000000000e+00
9.545000000000078444e+02,0.000000000000000000e+00
9.546000000000078671e+02,0.000000000000000000e+00
9.547000000000078899e+02,0.000000000000000000e+00
9.548000000000079126e+02,0.000000000000000000e+00
9.549000000000079353e+02,0.000000000000000000e+00
9.550000000000079581e+02,4.611533654569427218e-13
9.551000000000079808e+02,5.798960450284584497e-03
9.552000000000080036e+02,1.160615230375411193e-02
9.553000000000080263e+02,1.742158315662330550e-02
9.554000000000080490e+02,2.324527942471278988e-02
9.555000000000080718e+02,2.907727505910686142e-02
9.556000000000080945e+02,3.491795029874315143e-02
9.557000000000081172e+02,4.076754418008578934e-02
9.558000000000081400e+02,4.662571305466315513e-02
9.559000000000081627e+02,5.249246518419965063e-02
9.560000000000081855e+02,5.836780883636955020e-02
9.561000000000082082e+02,6.040217992092603710e-02
9.562000000000082309e+02,6.243941778675619197e-02
9.563000000000082537e+02,6.447952512904137068e-02
9.564000000000082764e+02,6.652250464497133642e-02
9.565000000000082991e+02,6.856835903374566832e-02
9.566000000000083219e+02,7.061709099657534350e-02
9.567000000000083446e+02,7.266870323668356280e-02
9.568000000000083674e+02,7.472319845930702753e-02
9.569000000000083901e+02,7.678057937169777136e-02
9.570000000000084128e+02,7.884084868313087635e-02
9.571000000000084356e+02,8.099113411273886620e-02
9.572000000000084583e+02,8.314400261194444808e-02
9.573000000000084810e+02,8.529903096552626796e-02
9.574000000000085038e+02,8.745655043572114762e-02
9.575000000000085265e+02,8.961674563086306777e-02
9.576000000000085493e+02,9.177961879141990909e-02
9.577000000000085720e+02,9.394517215936099008e-02
9.578000000000085947e+02,9.611340797815717818e-02
9.579000000000086175e+02,9.828508569407466700e-02
9.580000000000086402e+02,1.004598838342485173e-01
9.581000000000086629e+02,1.025668966242912206e-01
9.582000000000086857e+02,1.046761799118007819e-01
9.583000000000087084e+02,1.067871976274971796e-01
9.584000000000087311e+02,1.089013618016644591e-01
9.585000000000087539e+02,1.110178147811555355e-01
9.586000000000087766e+02,1.131365582427364680e-01
9.587000000000087994e+02,1.152575938641629549e-01
9.588000000000088221e+02,1.173804795131540984e-01
9.589000000000088448e+02,1.195056095260765977e-01
9.590000000000088676e+02,1.216332057755560442e-01
9.591000000000088903e+02,1.235191353477357729e-01
9.592000000000089130e+02,1.254070192061990940e-01
9.593000000000089358e+02,1.272980307434259384e-01
9.594000000000089585e+02,1.291908306539303886e-01
9.595000000000089813e+02,1.310853691605563531e-01
9.596000000000090040e+02,1.329816472993793630e-01
9.597000000000090267e+02,1.348796661069505687e-01
9.598000000000090495e+02,1.367794266202963516e-01
9.599000000000090722e+02,1.386809298769187682e-01
9.600000000000090949e+02,1.405841769147581910e-01
9.601000000000091177e+02,1.420765162741185472e-01
9.602000000000091404e+02,1.435714137366564669e-01
9.603000000000091632e+02,1.450668354356440537e-01
9.604000000000091859e+02,1.465614257171675705e-01
9.605000000000092086e+02,1.480571491167493592e-01
9.606000000000092314e+02,1.495535325324023335e-01
9.607000000000092541e+02,1.510497563675232136e-01
9.608000000000092768e+02,1.525470800637219460e-01
9.609000000000092996e+02,1.540455040828959121e-01
9.610000000000093223e+02,1.555453648220994911e-01
9.611000000000093451e+02,1.564916182675201162e-01
9.612000000000093678e+02,1.574390519482136430e-01
9.613000000000093905e+02,1.583871338828533593e-01
9.614000000000094133e+02,1.593358643066006275e-01
9.615000000000094360e+02,1.602852434546446492e-01
9.616000000000094587e+02,1.612352715622040744e-01
9.617000000000094815e+02,1.621859488645254477e-01
9.618000000000095042e+02,1.631372755968840127e-01
9.619000000000095270e+02,1.640892519945836847e-01
9.620000000000095497e+02,1.650418782928946559e-01
9.621000000000095724e+02,1.653384819238142567e-01
9.622000000000095952e+02,1.656352698451745986e-01
9.623000000000096179e+02,1.659322421232925782e-01
9.624000000000096406e+02,1.662293407456370831e-01
9.625000000000096634e+02,1.665244019229321359e-01
9.626000000000096861e+02,1.668196397961886901e-01
9.627000000000097089e+02,1.671150544256598813e-01
9.628000000000097316e+02,1.674106458716060897e-01
9.629000000000097543e+02,1.677064141942962439e-01
9.630000000000097771e+02,1.680017890538863801e-01
9.631000000000097998e+02,1.675972545111932555e-01
9.632000000000098225e+02,1.671924006036933363e-01
9.633000000000098453e+02,1.667872271946734541e-01
9.634000000000098680e+02,1.663817341473838030e-01
9.635000000000098908e+02,1.659759213250371346e-01
9.636000000000099135e+02,1.655697885908108402e-01
9.637000000000099362e+02,1.651633358078446745e-01
9.638000000000099590e+02,1.647565628392417825e-01
9.639000000000099817e+02,1.643494695480688939e-01
9.640000000000100044e+02,1.639420557972884607e-01
9.641000000000100272e+02,1.628573421217630324e-01
9.642000000000100499e+02,1.617717478728021574e-01
9.643000000000100727e+02,1.606838616875088388e-01
9.644000000000100954e+02,1.595946566106709597e-01
9.645000000000101181e+02,1.585045952207972675e-01
9.646000000000101409e+02,1.574136771108537447e-01
9.647000000000101636e+02,1.563215665212624728e-01
9.648000000000101863e+02,1.552298508427379931e-01
9.649000000000102091e+02,1.541372641639689456e-01
9.650000000000102318e+02,1.530438060658111388e-01
9.651000000000102546e+02,1.513660195942141407e-01
9.652000000000102773e+02,1.496867887517766282e-01
9.653000000000103000e+02,1.480061127473699667e-01
9.654000000000103228e+02,1.463239907895250436e-01
9.655000000000103455e+02,1.446404220864331014e-01
9.656000000000103682e+02,1.429555060586234494e-01
9.657000000000103910e+02,1.412706837726299403e-01
9.658000000000104137e+02,1.395843729009731415e-01
9.659000000000104365e+02,1.378965726067696573e-01
9.660000000000104592e+02,1.362070188997465681e-01
9.661000000000104819e+02,1.340910450697482270e-01
9.662000000000105047e+02,1.319729816533256328e-01
9.663000000000105274e+02,1.298528272965398800e-01
9.664000000000105501e+02,1.277305806447510683e-01
9.665000000000105729e+02,1.256083207489775144e-01
9.666000000000105956e+02,1.234843051321296015e-01
9.667000000000106184e+02,1.213581084774030677e-01
9.668000000000106411e+02,1.192297293024801724e-01
9.669000000000106638e+02,1.170991661242337389e-01
9.670000000000106866e+02,1.149669069440236585e-01
9.671000000000107093e+02,1.126128373284944889e-01
9.672000000000107320e+02,1.102559005066544584e-01
9.673000000000107548e+02,1.078960941766041459e-01
9.674000000000107775e+02,1.055334160349798850e-01
9.675000000000108002e+02,1.031669028819770240e-01
9.676000000000108230e+02,1.007973253265170566e-01
9.677000000000108457e+02,9.842492434582315874e-02
9.678000000000108685e+02,9.604969771759214181e-02
9.679000000000108912e+02,9.367164321813255257e-02
9.680000000000109139e+02,9.129075862241331496e-02
9.681000000000109367e+02,8.936566128088278826e-02
9.682000000000109594e+02,8.743805796922958506e-02
9.683000000000109821e+02,8.550794657240493035e-02
9.684000000000110049e+02,8.357514177687580537e-02
9.685000000000110276e+02,8.163944303378672940e-02
9.686000000000110504e+02,7.970090589105775780e-02
9.687000000000110731e+02,7.775989637645448760e-02
9.688000000000110958e+02,7.581641245170162025e-02
9.689000000000111186e+02,7.387045207721563977e-02
9.690000000000111413e+02,7.192201321256010138e-02
9.691000000000111640e+02,7.407121004465579139e-02
9.692000000000111868e+02,7.622268215511082690e-02
9.693000000000112095e+02,7.837593726160099750e-02
9.694000000000112323e+02,8.053101684300563445e-02
9.695000000000112550e+02,8.268846118700597103e-02
9.696000000000112777e+02,8.484817890673705676e-02
9.697000000000113005e+02,8.701013873874910431e-02
9.698000000000113232e+02,8.917333010768593859e-02
9.699000000000113459e+02,9.133869482747218604e-02
9.700000000000113687e+02,9.350625617579461091e-02
9.701000000000113914e+02,9.567805115840953556e-02
9.702000000000114142e+02,9.785048092020394439e-02
9.703000000000114369e+02,1.000230354471664668e-01
9.704000000000114596e+02,1.021967690418621594e-01
9.705000000000114824e+02,1.043716819141492919e-01
9.706000000000115051e+02,1.065477742737502009e-01
9.707000000000115278e+02,1.087261169447906323e-01
9.708000000000115506e+02,1.109058763629297978e-01
9.709000000000115733e+02,1.130868663658587819e-01
9.710000000000115961e+02,1.152690871985329740e-01
9.711000000000116188e+02,1.173107865707699315e-01
9.712000000000116415e+02,1.193524370659093253e-01
9.713000000000116643e+02,1.213949949586807381e-01
9.714000000000116870e+02,1.234384602372974871e-01
9.715000000000117097e+02,1.254805876821464827e-01
9.716000000000117325e+02,1.275226367056321863e-01
9.717000000000117552e+02,1.295654907049331728e-01
9.718000000000117780e+02,1.316091496062338773e-01
9.719000000000118007e+02,1.336536133354752909e-01
9.720000000000118234e+02,1.356986377181632064e-01
9.721000000000118462e+02,1.374670357470307580e-01
9.722000000000118689e+02,1.392370259560706813e-01
9.723000000000118916e+02,1.410083386324301469e-01
9.724000000000119144e+02,1.427809744274446402e-01
9.725000000000119371e+02,1.445559233350655892e-01
9.726000000000119599e+02,1.463336441517111008e-01
9.727000000000119826e+02,1.481132696777382463e-01
9.728000000000120053e+02,1.498942923117791426e-01
9.729000000000120281e+02,1.516766672551735362e-01
9.730000000000120508e+02,1.534585045643801771e-01
9.731000000000120735e+02,1.547687421043730249e-01
9.732000000000120963e+02,1.560797631090994342e-01
9.733000000000121190e+02,1.573915678600522894e-01
9.734000000000121418e+02,1.587041566387978608e-01
9.735000000000121645e+02,1.600175297269749441e-01
9.736000000000121872e+02,1.613316874062966921e-01
9.737000000000122100e+02,1.626466299585484498e-01
9.738000000000122327e+02,1.639623576655896420e-01
9.739000000000122554e+02,1.652787418478231241e-01
9.740000000000122782e+02,1.665955612150943899e-01
9.741000000000123009e+02,1.672933197430782337e-01
9.742000000000123237e+02,1.679912361682358024e-01
9.743000000000123464e+02,1.686893103984730413e-01
9.744000000000123691e+02,1.693875423416111303e-01
9.745000000000123919e+02,1.700859319053864005e-01
9.746000000000124146e+02,1.707844789974497235e-01
9.747000000000124373e+02,1.714831835253679271e-01
9.748000000000124601e+02,1.721805151392796496e-01
9.749000000000124828e+02,1.728775257385551378e-01
9.750000000000125056e+02,1.735746773918032393e-01
9.751000000000125283e+02,1.736535036343553606e-01
9.752000000000125510e+02,1.737323594532985682e-01
9.753000000000125738e+02,1.738112448577195379e-01
9.754000000000125965e+02,1.738901598567059725e-01
9.755000000000126192e+02,1.739691044593490443e-01
9.756000000000126420e+02,1.740480786747410358e-01
9.757000000000126647e+02,1.741270825119775045e-01
9.758000000000126875e+02,1.742065034789267997e-01
9.759000000000127102e+02,1.742860672647129350e-01
9.760000000000127329e+02,1.743656611498117792e-01
9.761000000000127557e+02,1.737425761546186609e-01
9.762000000000127784e+02,1.731189809474899255e-01
9.763000000000128011e+02,1.724948752868068758e-01
9.764000000000128239e+02,1.718702589308718498e-01
9.765000000000128466e+02,1.712447827218131491e-01
9.766000000000128694e+02,1.706164411833425987e-01
9.767000000000128921e+02,1.699866706407786032e-01
9.768000000000129148e+02,1.693568606258687437e-01
9.769000000000129376e+02,1.687265622537363619e-01
9.770000000000129603e+02,1.680957753106082364e-01
9.771000000000129830e+02,1.667848516540496595e-01
9.772000000000130058e+02,1.654733488986566969e-01
9.773000000000130285e+02,1.641612669415858372e-01
9.774000000000130512e+02,1.628486056799959836e-01
9.775000000000130740e+02,1.615353650110506190e-01
9.776000000000130967e+02,1.602211618840553575e-01
9.777000000000131195e+02,1.589053963646002432e-01
9.778000000000131422e+02,1.575890738111968281e-01
9.779000000000131649e+02,1.562721941353712451e-01
9.780000000000131877e+02,1.549547572485909241e-01
9.781000000000132104e+02,1.531419175858755033e-01
9.782000000000132331e+02,1.513270559631053058e-01
9.783000000000132559e+02,1.495101712604720023e-01
9.784000000000132786e+02,1.476908344469950729e-01
9.785000000000133014e+02,1.458682158993633848e-01
9.786000000000133241e+02,1.440436131076667237e-01
9.787000000000133468e+02,1.422170250224845389e-01
9.788000000000133696e+02,1.403884505940677652e-01
9.789000000000133923e+02,1.385578887723373787e-01
9.790000000000134150e+02,1.367248241126856612e-01
9.791000000000134378e+02,1.344563868631253323e-01
9.792000000000134605e+02,1.321872786454087734e-01
9.793000000000134833e+02,1.299174995131367749e-01
9.794000000000135060e+02,1.276470495199938104e-01
9.795000000000135287e+02,1.253764905434353316e-01
9.796000000000135515e+02,1.231053957283491929e-01
9.797000000000135742e+02,1.208336041093183710e-01
9.798000000000135969e+02,1.185603516683443465e-01
9.799000000000136197e+02,1.162858337983534857e-01
9.800000000000136424e+02,1.140105903991000674e-01
9.801000000000136652e+02,1.115853736603122232e-01
9.802000000000136879e+02,1.091581361157836910e-01
9.803000000000137106e+02,1.067288767989996029e-01
9.804000000000137334e+02,1.042975947431328265e-01
9.805000000000137561e+02,1.018642889810436741e-01
9.806000000000137788e+02,9.942895854528062405e-02
9.807000000000138016e+02,9.699160246807957131e-02
9.808000000000138243e+02,9.455221978136373051e-02
9.809000000000138471e+02,9.211080951674416317e-02
9.810000000000138698e+02,8.966737070569205659e-02
9.811000000000138925e+02,8.846814197803375135e-02
9.812000000000139153e+02,8.726865722229149025e-02
9.813000000000139380e+02,8.606884657827559848e-02
9.814000000000139607e+02,8.486860747247249037e-02
9.815000000000139835e+02,8.366811961658578156e-02
9.816000000000140062e+02,8.246738314055490626e-02
9.817000000000140290e+02,8.126639817441795588e-02
9.818000000000140517e+02,8.006516484831174840e-02
9.819000000000140744e+02,7.886368329247217535e-02
9.820000000000140972e+02,7.766195363770665716e-02
9.821000000000141199e+02,7.981509902373963572e-02
9.822000000000141426e+02,8.196913929822031986e-02
9.823000000000141654e+02,8.412431526782519764e-02
9.824000000000141881e+02,8.628062727022707545e-02
9.825000000000142109e+02,8.843824829282792566e-02
9.826000000000142336e+02,9.059788839515446612e-02
9.827000000000142563e+02,9.275871574584140800e-02
9.828000000000142791e+02,9.492073072938647660e-02
9.829000000000143018e+02,9.708393373037570162e-02
9.830000000000143245e+02,9.924763012835721709e-02
9.831000000000143473e+02,1.013894132838153855e-01
9.832000000000143700e+02,1.035316990500911999e-01
9.833000000000143928e+02,1.056741686528853835e-01
9.834000000000144155e+02,1.078166481918906017e-01
9.835000000000144382e+02,1.099579579112949096e-01
9.836000000000144610e+02,1.120992753835515915e-01
9.837000000000144837e+02,1.142406000184041925e-01
9.838000000000145064e+02,1.163819312252756671e-01
9.839000000000145292e+02,1.185239209464953314e-01
9.840000000000145519e+02,1.206666758321697924e-01
9.841000000000145747e+02,1.226930428062194545e-01
9.842000000000145974e+02,1.247205307061182017e-01
9.843000000000146201e+02,1.267484878500830803e-01
9.844000000000146429e+02,1.287763985597130956e-01
9.845000000000146656e+02,1.308053742487678972e-01
9.846000000000146883e+02,1.328354152355786244e-01
9.847000000000147111e+02,1.348665218385371734e-01
9.848000000000147338e+02,1.368986943760961694e-01
9.849000000000147566e+02,1.389292399586661286e-01
9.850000000000147793e+02,1.409603521629791412e-01
9.851000000000148020e+02,1.426418659416997248e-01
9.852000000000148248e+02,1.443231413459050150e-01
9.853000000000148475e+02,1.460041778503272381e-01
9.854000000000148702e+02,1.476849749294879555e-01
9.855000000000148930e+02,1.493655320576970091e-01
9.856000000000149157e+02,1.510458487090528823e-01
9.857000000000149385e+02,1.527255415468564692e-01
9.858000000000149612e+02,1.544035778765221190e-01
9.859000000000149839e+02,1.560813329621577317e-01
9.860000000000150067e+02,1.577588062799504809e-01
9.861000000000150294e+02,1.590473442054247677e-01
9.862000000000150521e+02,1.603379174505408511e-01
9.863000000000150749e+02,1.616299880845075976e-01
9.864000000000150976e+02,1.629229118065868565e-01
9.865000000000151203e+02,1.642167416879686537e-01
9.866000000000151431e+02,1.655119646163449032e-01
9.867000000000151658e+02,1.668062799857539247e-01
9.868000000000151886e+02,1.681014312755413076e-01
9.869000000000152113e+02,1.693978037991610008e-01
9.870000000000152340e+02,1.706951023801522305e-01
9.871000000000152568e+02,1.713706831345740977e-01
9.872000000000152795e+02,1.720472881085883810e-01
9.873000000000153022e+02,1.727239685523331569e-01
9.874000000000153250e+02,1.734007243982073898e-01
9.875000000000153477e+02,1.740775555785824547e-01
9.876000000000153705e+02,1.747564069200368830e-01
9.877000000000153932e+02,1.754354360016678605e-01
9.878000000000154159e+02,1.761145561515838343e-01
9.879000000000154387e+02,1.767937673068869786e-01
9.880000000000154614e+02,1.774722592722295655e-01
9.881000000000154841e+02,1.775310183721627300e-01
9.882000000000155069e+02,1.775897923015632984e-01
9.883000000000155296e+02,1.776485810629788720e-01
9.884000000000155524e+02,1.777073846589574957e-01
9.885000000000155751e+02,1.777662030920481306e-01
9.886000000000155978e+02,1.778250363647989885e-01
9.887000000000156206e+02,1.778834330040521272e-01
9.888000000000156433e+02,1.779407638496837696e-01
9.889000000000156660e+02,1.779986537021650828e-01
9.890000000000156888e+02,1.780580839382308600e-01
9.891000000000157115e+02,1.774633655283310296e-01
9.892000000000157343e+02,1.768680299353097840e-01
9.893000000000157570e+02,1.762722240920482908e-01
9.894000000000157797e+02,1.756745198383074802e-01
9.895000000000158025e+02,1.750757406590142673e-01
9.896000000000158252e+02,1.744765045167399886e-01
9.897000000000158479e+02,1.738768112715883829e-01
9.898000000000158707e+02,1.732769309404512403e-01
9.899000000000158934e+02,1.726783317609847934e-01
9.900000000000159162e+02,1.720792612539694955e-01
9.901000000000159389e+02,1.707895031690732368e-01
9.902000000000159616e+02,1.694995632768089289e-01
9.903000000000159844e+02,1.682094416495866496e-01
9.904000000000160071e+02,1.669191383598371548e-01
9.905000000000160298e+02,1.656286534800105181e-01
9.906000000000160526e+02,1.643376853523510761e-01
9.907000000000160753e+02,1.630465173703662396e-01
9.908000000000160981e+02,1.617570474003391101e-01
9.909000000000161208e+02,1.604673714422089614e-01
9.910000000000161435e+02,1.591774895601913431e-01
9.911000000000161663e+02,1.573757393534184756e-01
9.912000000000161890e+02,1.555722749759488044e-01
9.913000000000162117e+02,1.537669091486967288e-01
9.914000000000162345e+02,1.519606676625222530e-01
9.915000000000162572e+02,1.501535503308658315e-01
9.916000000000162800e+02,1.483455569671649765e-01
9.917000000000163027e+02,1.465366873848552298e-01
9.918000000000163254e+02,1.447269413973714391e-01
9.919000000000163482e+02,1.429163188181458155e-01
9.920000000000163709e+02,1.411048194605467321e-01
9.921000000000163936e+02,1.389147318282421828e-01
9.922000000000164164e+02,1.367243568501963769e-01
9.923000000000164391e+02,1.345325614477531073e-01
9.924000000000164619e+02,1.323395516638544711e-01
9.925000000000164846e+02,1.301458803211643367e-01
9.926000000000165073e+02,1.279496426466496806e-01
9.927000000000165301e+02,1.257516163017934341e-01
9.928000000000165528e+02,1.235521857678698737e-01
9.929000000000165755e+02,1.213513506400661912e-01
9.930000000000165983e+02,1.191491105134980522e-01
9.931000000000166210e+02,1.167140167729524419e-01
9.932000000000166438e+02,1.142786717149735370e-01
9.933000000000166665e+02,1.118430755242317276e-01
9.934000000000166892e+02,1.094072283854489458e-01
9.935000000000167120e+02,1.069718992323038520e-01
9.936000000000167347e+02,1.045367512797475140e-01
9.937000000000167574e+02,1.021012962326202228e-01
9.938000000000167802e+02,9.966553426116170344e-02
9.939000000000168029e+02,9.722946553567073102e-02
9.940000000000168257e+02,9.479309022658528872e-02
9.941000000000168484e+02,9.283187910448628677e-02
9.942000000000168711e+02,9.087056761858254561e-02
9.943000000000168939e+02,8.890915600071479241e-02
9.944000000000169166e+02,8.694764448280353775e-02
9.945000000000169393e+02,8.498603329684870089e-02
9.946000000000169621e+02,8.302432267492942941e-02
9.947000000000169848e+02,8.106251284920451550e-02
9.948000000000170076e+02,7.910060405191238209e-02
9.949000000000170303e+02,7.713859651537065265e-02
9.950000000000170530e+02,7.517617989670756506e-02
9.951000000000170758e+02,7.727948532629495826e-02
9.952000000000170985e+02,7.938362104210142101e-02
9.953000000000171212e+02,8.148892746036011381e-02
9.954000000000171440e+02,8.359570747753040931e-02
9.955000000000171667e+02,8.570336746201842604e-02
9.956000000000171894e+02,8.781190761946240653e-02
9.957000000000172122e+02,8.992132815553503800e-02
9.958000000000172349e+02,9.203162927594427112e-02
9.959000000000172577e+02,9.414281118643239021e-02
9.960000000000172804e+02,9.625487409278341011e-02
9.961000000000173031e+02,9.840642575856135832e-02
9.962000000000173259e+02,1.005587069579523679e-01
9.963000000000173486e+02,1.027121011289104796e-01
9.964000000000173713e+02,1.048666086222255905e-01
9.965000000000173941e+02,1.070222297887691854e-01
9.966000000000174168e+02,1.091789990614414896e-01
9.967000000000174396e+02,1.113382215946819992e-01
9.968000000000174623e+02,1.134990563340992770e-01
9.969000000000174850e+02,1.156610763740529013e-01
9.970000000000175078e+02,1.178242821229505133e-01
9.971000000000175305e+02,1.198711439442978893e-01
9.972000000000175532e+02,1.219175254314695117e-01
9.973000000000175760e+02,1.239646634545297638e-01
9.974000000000175987e+02,1.260125581424008101e-01
9.975000000000176215e+02,1.280612096240105746e-01
9.976000000000176442e+02,1.301115893821996050e-01
9.977000000000176669e+02,1.321635795435693594e-01
9.978000000000176897e+02,1.342163830905513944e-01
9.979000000000177124e+02,1.362700001851044340e-01
9.980000000000177351e+02,1.383244309891541457e-01
9.981000000000177579e+02,1.401178572130751809e-01
9.982000000000177806e+02,1.419118452276779963e-01
9.983000000000178034e+02,1.437063950603472695e-01
9.984000000000178261e+02,1.455015067384317073e-01
9.985000000000178488e+02,1.472971802892457105e-01
9.986000000000178716e+02,1.490934157400679583e-01
9.987000000000178943e+02,1.508902131181416029e-01
9.988000000000179170e+02,1.526875724506748522e-01
9.989000000000179398e+02,1.544854937648403592e-01
9.990000000000179625e+02,1.562839770877053891e-01
9.991000000000179853e+02,1.576921293033436977e-01
9.992000000000180080e+02,1.591002637603858572e-01
9.993000000000180307e+02,1.605088319343891679e-01
9.994000000000180535e+02,1.619179657027725039e-01
9.995000000000180762e+02,1.633276651832167581e-01
9.996000000000180989e+02,1.647379304934156741e-01
9.997000000000181217e+02,1.661487617510746806e-01
9.998000000000181444e+02,1.675597089989183663e-01
9.999000000000181672e+02,1.689702146688912832e-01
1.000000000000018190e+03,1.703808217032364847e-01
1.000100000000018213e+03,1.712840611363385390e-01
1.000200000000018235e+03,1.721877800119690216e-01
1.000300000000018258e+03,1.730918572049366944e-01
1.000400000000018281e+03,1.739963441713225367e-01
1.000500000000018304e+03,1.749013090728916142e-01
1.000600000000018326e+03,1.758067520664517991e-01
1.000700000000018349e+03,1.767126733088488222e-01
1.000800000000018372e+03,1.776190729569659121e-01
1.000900000000018395e+03,1.785259511677236288e-01
1.001000000000018417e+03,1.794333080979686745e-01
1.001100000000018440e+03,1.797389884886297085e-01
1.001200000000018463e+03,1.800449158702982222e-01
1.001300000000018485e+03,1.803551462046304454e-01
1.001400000000018508e+03,1.806655631970838227e-01
1.001500000000018531e+03,1.809761669212745505e-01
1.001600000000018554e+03,1.812869574508400305e-01
1.001700000000018576e+03,1.815969755690368115e-01
1.001800000000018599e+03,1.819060178181105547e-01
1.001900000000018622e+03,1.822152399329603767e-01
1.002000000000018645e+03,1.825246419811436260e-01
1.002100000000018667e+03,1.821793135010541798e-01
1.002200000000018690e+03,1.818336757320570818e-01
1.002300000000018713e+03,1.814875292527833028e-01
1.002400000000018736e+03,1.811411423960798128e-01
1.002500000000018758e+03,1.807946395931568362e-01
1.002600000000018781e+03,1.804485983718149000e-01
1.002700000000018804e+03,1.801023133292987410e-01
1.002800000000018827e+03,1.797557843716021397e-01
1.002900000000018849e+03,1.794090114046955620e-01
1.003000000000018872e+03,1.790619943344006204e-01
1.003100000000018895e+03,1.780648195723476823e-01
1.003200000000018917e+03,1.770671009029548826e-01
1.003300000000018940e+03,1.760701309955071125e-01
1.003400000000018963e+03,1.750722099156453160e-01
1.003500000000018986e+03,1.740732041009016018e-01
1.003600000000019008e+03,1.730729723526976127e-01
1.003700000000019031e+03,1.720721995055553843e-01
1.003800000000019054e+03,1.710708853911709071e-01
1.003900000000019077e+03,1.700690298412051715e-01
1.004000000000019099e+03,1.690678735579747016e-01
1.004100000000019122e+03,1.674844637749195453e-01
1.004200000000019145e+03,1.659004024834417612e-01
1.004300000000019168e+03,1.643156895373594772e-01
1.004400000000019190e+03,1.627303247904707539e-01
1.004500000000019213e+03,1.611443080965511421e-01
1.004600000000019236e+03,1.595576393093558754e-01
1.004700000000019259e+03,1.579703182826184271e-01
1.004800000000019281e+03,1.563823448700508711e-01
1.004900000000019304e+03,1.547928162932653284e-01
1.005000000000019327e+03,1.532017625416145501e-01
1.005100000000019349e+03,1.511517966236380073e-01
1.005200000000019372e+03,1.491013172784872720e-01
1.005300000000019395e+03,1.470508466507544354e-01
1.005400000000019418e+03,1.450005599588034544e-01
1.005500000000019440e+03,1.429497250215722992e-01
1.005600000000019463e+03,1.408983418048502800e-01
1.005700000000019486e+03,1.388464102744361439e-01
1.005800000000019509e+03,1.367945219382390720e-01
1.005900000000019531e+03,1.347430538603471284e-01
1.006000000000019554e+03,1.326909894639343723e-01
1.006100000000019577e+03,1.303482890142325379e-01
1.006200000000019600e+03,1.280051306679780287e-01
1.006300000000019622e+03,1.256603342068998430e-01
1.006400000000019645e+03,1.233148465272330407e-01
1.006500000000019668e+03,1.209689558217417887e-01
1.006600000000019691e+03,1.186226621591779801e-01
1.006700000000019713e+03,1.162762932640801217e-01
1.006800000000019736e+03,1.139305136391788320e-01
1.006900000000019759e+03,1.115842765428054079e-01
1.007000000000019782e+03,1.092375820335775155e-01
1.007100000000019804e+03,1.067924814131192002e-01
1.007200000000019827e+03,1.043470033377039557e-01
1.007300000000019850e+03,1.019011479173768525e-01
1.007400000000019872e+03,9.945491526223000645e-02
1.007500000000019895e+03,9.700830548240292617e-02
1.007600000000019918e+03,9.456131868808233254e-02
1.007700000000019941e+03,9.211395498950250560e-02
1.007800000000019963e+03,8.966621449694495150e-02
1.007900000000019986e+03,8.721809732073851351e-02
1.008000000000020009e+03,8.476960357178525696e-02
1.008100000000020032e+03,8.494776851287857977e-02
1.008200000000020054e+03,8.512580325043681007e-02
1.008300000000020077e+03,8.530386305489202903e-02
1.008400000000020100e+03,8.548194791905365519e-02
1.008500000000020123e+03,8.566005783572841481e-02
1.008600000000020145e+03,8.583917502713304948e-02
1.008700000000020168e+03,8.601833784831587615e-02
1.008800000000020191e+03,8.619752980031950007e-02
1.008900000000020214e+03,8.637675087652556261e-02
1.009000000000020236e+03,8.655642279005443251e-02
1.009100000000020259e+03,8.867743372055231221e-02
1.009200000000020282e+03,9.079883146280781636e-02
1.009300000000020304e+03,9.292074515025805503e-02
1.009400000000020327e+03,9.504317477376816869e-02
1.009500000000020350e+03,9.716515502086964240e-02
1.009600000000020373e+03,9.928744067472344836e-02
1.009700000000020395e+03,1.014101929387738743e-01
1.009800000000020418e+03,1.035334117926512004e-01
1.009900000000020441e+03,1.056567414863857496e-01
1.010000000000020464e+03,1.077796329427508637e-01
1.010100000000020486e+03,1.098853080252009673e-01
1.010200000000020509e+03,1.119915918299615870e-01
1.010300000000020532e+03,1.140984844234666368e-01
1.010400000000020555e+03,1.162069653413335818e-01
1.010500000000020577e+03,1.183164691801032453e-01
1.010600000000020600e+03,1.204266309852723149e-01
1.010700000000020623e+03,1.225374508410909669e-01
1.010800000000020646e+03,1.246486966419786541e-01
1.010900000000020668e+03,1.267593552189287820e-01
1.011000000000020691e+03,1.288706230766761274e-01
1.011100000000020714e+03,1.308320531130757469e-01
1.011200000000020736e+03,1.327943383016349510e-01
1.011300000000020759e+03,1.347574788678512769e-01
1.011400000000020782e+03,1.367214750372654219e-01
1.011500000000020805e+03,1.386863270354611599e-01
1.011600000000020827e+03,1.406520370960176736e-01
1.011700000000020850e+03,1.426188910799718879e-01
1.011800000000020873e+03,1.445866095571436694e-01
1.011900000000020896e+03,1.465551927583744751e-01
1.012000000000020918e+03,1.485246409144915236e-01
1.012100000000020941e+03,1.502095111116856507e-01
1.012200000000020964e+03,1.518954319673130882e-01
1.012300000000020987e+03,1.535824038774445122e-01
1.012400000000021009e+03,1.552704272382547379e-01
1.012500000000021032e+03,1.569595024460245236e-01
1.012600000000021055e+03,1.586496298971395436e-01
1.012700000000021078e+03,1.603408099880899718e-01
1.012800000000021100e+03,1.620330431154711204e-01
1.012900000000021123e+03,1.637263296759836062e-01
1.013000000000021146e+03,1.654206700663451157e-01
1.013100000000021168e+03,1.667013309367439133e-01
1.013200000000021191e+03,1.679830003864430377e-01
1.013300000000021214e+03,1.692655862111340781e-01
1.013400000000021237e+03,1.705487755669976846e-01
1.013500000000021259e+03,1.718320553627261660e-01
1.013600000000021282e+03,1.731142267960023295e-01
1.013700000000021305e+03,1.743968955609539462e-01
1.013800000000021328e+03,1.756805165721205819e-01
1.013900000000021350e+03,1.769650902138272530e-01
1.014000000000021373e+03,1.782510469925484287e-01
1.014100000000021396e+03,1.790060523635355061e-01
1.014200000000021419e+03,1.797616501193532446e-01
1.014300000000021441e+03,1.805181009229811506e-01
1.014400000000021464e+03,1.812757164463794368e-01
1.014500000000021487e+03,1.820325722630216636e-01
1.014600000000021510e+03,1.827892592242796321e-01
1.014700000000021532e+03,1.835465292964517658e-01
1.014800000000021555e+03,1.843043827289377046e-01
1.014900000000021578e+03,1.850628197712078371e-01
1.015000000000021600e+03,1.858218406726663274e-01
1.015100000000021623e+03,1.859529779473062805e-01
1.015200000000021646e+03,1.860838516148710653e-01
1.015300000000021669e+03,1.862147314396770670e-01
1.015400000000021691e+03,1.863456711851288472e-01
1.015500000000021714e+03,1.864766708709423571e-01
1.015600000000021737e+03,1.866077305168381273e-01
1.015700000000021760e+03,1.867388501425417402e-01
1.015800000000021782e+03,1.868700297677831634e-01
1.015900000000021805e+03,1.870012694122978048e-01
1.016000000000021828e+03,1.871325690956800736e-01
1.016100000000021851e+03,1.865980778450957445e-01
1.016200000000021873e+03,1.860634087183065666e-01
1.016300000000021896e+03,1.855285616920159808e-01
1.016400000000021919e+03,1.849935367429288990e-01
1.016500000000021942e+03,1.844583338477516765e-01
1.016600000000021964e+03,1.839229529831914456e-01
1.016700000000021987e+03,1.833873941259576423e-01
1.016800000000022010e+03,1.828498625222150786e-01
1.016900000000022033e+03,1.823109995970265684e-01
1.017000000000022055e+03,1.817719760453817279e-01
1.017100000000022078e+03,1.806163875825444465e-01
1.017200000000022101e+03,1.794605276547396877e-01
1.017300000000022123e+03,1.783043962609417166e-01
1.017400000000022146e+03,1.771479934001372880e-01
1.017500000000022169e+03,1.759913190713243147e-01
1.017600000000022192e+03,1.748343732735135325e-01
1.017700000000022214e+03,1.736785488388808141e-01
1.017800000000022237e+03,1.725230544619719419e-01
1.017900000000022260e+03,1.713672617185223457e-01
1.018000000000022283e+03,1.702111705980171308e-01
1.018100000000022305e+03,1.685428316624532352e-01
1.018200000000022328e+03,1.668719502501594398e-01
1.018300000000022351e+03,1.652002540654904095e-01
1.018400000000022374e+03,1.635277428775332997e-01
1.018500000000022396e+03,1.618545874987092070e-01
1.018600000000022419e+03,1.601811783500424191e-01
1.018700000000022442e+03,1.585067102762133529e-01
1.018800000000022465e+03,1.568313228574755025e-01
1.018900000000022487e+03,1.551551107124614914e-01
1.019000000000022510e+03,1.534780736033329318e-01
1.019100000000022533e+03,1.513876577771603726e-01
1.019200000000022555e+03,1.492962945602030189e-01
1.019300000000022578e+03,1.472039898202647523e-01
1.019400000000022601e+03,1.451107433230913735e-01
1.019500000000022624e+03,1.430165548343919624e-01
1.019600000000022646e+03,1.409210858019689927e-01
1.019700000000022669e+03,1.388238454778466802e-01
1.019800000000022692e+03,1.367256979129622685e-01
1.019900000000022715e+03,1.346266428949690896e-01
1.020000000000022737e+03,1.325280151877232526e-01
1.020100000000022760e+03,1.301505845308610354e-01
1.020200000000022783e+03,1.277730982660898462e-01
1.020300000000022806e+03,1.253955565541030326e-01
1.020400000000022828e+03,1.230175271470475978e-01
1.020500000000022851e+03,1.206384821887508535e-01
1.020600000000022874e+03,1.182594374980794200e-01
1.020700000000022897e+03,1.158803932377888146e-01
1.020800000000022919e+03,1.135013495706649889e-01
1.020900000000022942e+03,1.111223066595248277e-01
1.021000000000022965e+03,1.087432646672013697e-01
1.021100000000022987e+03,1.062991858104643667e-01
1.021200000000023010e+03,1.038548757515142390e-01
1.021300000000023033e+03,1.014103445528922176e-01
1.021400000000023056e+03,9.896559228380948092e-02
1.021500000000023078e+03,9.652061901348971129e-02
1.021600000000023101e+03,9.407542481116891453e-02
1.021700000000023124e+03,9.163000974609601668e-02
1.021800000000023147e+03,8.918437388753214234e-02
1.021900000000023169e+03,8.673851730475144739e-02
1.022000000000023192e+03,8.429244006775644948e-02
1.022100000000023215e+03,8.493467391582508463e-02
1.022200000000023238e+03,8.557723868749647633e-02
1.022300000000023260e+03,8.621922008212894173e-02
1.022400000000023283e+03,8.686156139248210617e-02
1.022500000000023306e+03,8.750426269111631628e-02
1.022600000000023329e+03,8.814732405059380604e-02
1.022700000000023351e+03,8.879074554347841930e-02
1.022800000000023374e+03,8.943452724233587336e-02
1.022900000000023397e+03,9.007866921973352314e-02
1.023000000000023419e+03,9.072317154858872135e-02
1.023100000000023442e+03,9.284900592953009013e-02
1.023200000000023465e+03,9.497635179005278760e-02
1.023300000000023488e+03,9.710434109684645820e-02
1.023400000000023510e+03,9.923288194278595542e-02
1.023500000000023533e+03,1.013619743880603552e-01
1.023600000000023556e+03,1.034911974543281099e-01
1.023700000000023579e+03,1.056201572451708204e-01
1.023800000000023601e+03,1.077496192643115080e-01
1.023900000000023624e+03,1.098795835509755736e-01
1.024000000000023647e+03,1.120100501443779539e-01
1.024100000000023556e+03,1.141092723566138473e-01
1.024200000000023692e+03,1.162085757424584642e-01
1.024300000000023829e+03,1.183082395660730868e-01
1.024400000000023738e+03,1.204084364717245004e-01
1.024500000000023647e+03,1.225097004939633277e-01
1.024600000000023783e+03,1.246124836394236074e-01
1.024700000000023920e+03,1.267156954606459829e-01
1.024800000000023829e+03,1.288193359792719483e-01
1.024900000000023738e+03,1.309234052169487017e-01
1.025000000000023874e+03,1.330268884944101060e-01
1.025100000000024011e+03,1.350101704222083088e-01
1.025200000000023920e+03,1.369949026255742885e-01
1.025300000000023829e+03,1.389810854270283336e-01
1.025400000000023965e+03,1.409687191490994196e-01
1.025500000000024102e+03,1.429578041143157729e-01
1.025600000000024011e+03,1.449483406452142520e-01
1.025700000000023920e+03,1.469404511563279225e-01
1.025800000000024056e+03,1.489341956414871326e-01
1.025900000000024193e+03,1.509284760541148573e-01
1.026000000000024102e+03,1.529233515123075704e-01
1.026100000000024011e+03,1.545816449631745582e-01
1.026200000000024147e+03,1.562401178332116225e-01
1.026300000000024284e+03,1.578987700893499380e-01
1.026400000000024193e+03,1.595593874411435353e-01
1.026500000000024102e+03,1.612202922474220701e-01
1.026600000000024238e+03,1.628814151190694226e-01
1.026700000000024374e+03,1.645427560346568452e-01
1.026800000000024284e+03,1.662043149727494562e-01
1.026900000000024193e+03,1.678660440791630015e-01
1.027000000000024329e+03,1.695272609472759096e-01
1.027100000000024465e+03,1.708007739121805979e-01
1.027200000000024374e+03,1.720748158821319429e-01
1.027300000000024284e+03,1.733493869623392858e-01
1.027400000000024420e+03,1.746244872580190732e-01
1.027500000000024556e+03,1.759001168743888621e-01
1.027600000000024465e+03,1.771767106219145627e-01
1.027700000000024374e+03,1.784539141255425676e-01
1.027800000000024511e+03,1.797316545941475552e-01
1.027900000000024647e+03,1.810099321375608361e-01
1.028000000000024556e+03,1.822887468654921517e-01
1.028100000000024465e+03,1.830435555163002215e-01
1.028200000000024602e+03,1.837986116379376755e-01
1.028300000000024738e+03,1.845539152728054855e-01
1.028400000000024647e+03,1.853094664633087030e-01
1.028500000000024556e+03,1.860652652518578198e-01
1.028600000000024693e+03,1.868212052047626415e-01
1.028700000000024829e+03,1.875761758230052867e-01
1.028800000000024738e+03,1.883313833306602125e-01
1.028900000000024647e+03,1.890868277629199068e-01
1.029000000000024784e+03,1.898425091548204546e-01
1.029100000000024920e+03,1.899739536227521286e-01
1.029200000000024829e+03,1.901062233315153616e-01
1.029300000000024738e+03,1.902381921247853214e-01
1.029400000000024875e+03,1.903703408046270584e-01
1.029500000000025011e+03,1.905028245090498173e-01
1.029600000000024920e+03,1.906352931615916124e-01
1.029700000000024829e+03,1.907677467468421040e-01
1.029800000000024966e+03,1.909001131375662741e-01
1.029900000000025102e+03,1.910309254259333900e-01
1.030000000000025011e+03,1.911617204162449069e-01
1.030100000000024920e+03,1.907155406964490540e-01
1.030200000000025057e+03,1.902692107873572847e-01
1.030300000000025193e+03,1.898227306640398460e-01
1.030400000000025102e+03,1.893761003015659583e-01
1.030500000000025011e+03,1.889293196750011505e-01
1.030600000000025148e+03,1.884823887594091751e-01
1.030700000000025284e+03,1.880353075298546450e-01
1.030800000000025193e+03,1.875880759614006188e-01
1.030900000000025102e+03,1.871406940291062693e-01
1.031000000000025238e+03,1.866931617078632089e-01
1.031100000000025375e+03,1.855854044256231017e-01
1.031200000000025284e+03,1.844780073036417778e-01
1.031300000000025193e+03,1.833709705766650155e-01
1.031400000000025329e+03,1.822626993099702442e-01
1.031500000000025466e+03,1.811542827793143073e-01
1.031600000000025375e+03,1.800462529730270655e-01
1.031700000000025284e+03,1.789386101160774789e-01
1.031800000000025420e+03,1.778317408827683188e-01
1.031900000000025557e+03,1.767278193372825434e-01
1.032000000000025466e+03,1.756248456240064593e-01
1.032100000000025375e+03,1.740459527255487360e-01
1.032200000000025511e+03,1.724666236975076761e-01
1.032300000000025648e+03,1.708864041450502969e-01
1.032400000000025557e+03,1.693052183659041754e-01
1.032500000000025466e+03,1.677236147622846729e-01
1.032600000000025602e+03,1.661415932889901137e-01
1.032700000000025739e+03,1.645591169449926450e-01
1.032800000000025648e+03,1.629758215112750430e-01
1.032900000000025557e+03,1.613914830353890550e-01
1.033000000000025693e+03,1.598067474697227042e-01
1.033100000000025830e+03,1.577502710047535006e-01
1.033200000000025739e+03,1.556945322546533783e-01
1.033300000000025648e+03,1.536395316205607653e-01
1.033400000000025784e+03,1.515852695036717379e-01
1.033500000000025921e+03,1.495317463052482643e-01
1.033600000000025830e+03,1.474789624266105159e-01
1.033700000000025739e+03,1.454269182691259599e-01
1.033800000000025875e+03,1.433756142342200723e-01
1.033900000000026012e+03,1.413250507233836939e-01
1.034000000000025921e+03,1.392752281381060553e-01
1.034100000000025830e+03,1.369918067306660769e-01
1.034200000000025966e+03,1.347087941966561009e-01
1.034300000000026102e+03,1.324251560862317323e-01
1.034400000000026012e+03,1.301408923136727347e-01
1.034500000000025921e+03,1.278561849994784005e-01
1.034600000000026057e+03,1.255700727423370022e-01
1.034700000000026193e+03,1.232830664577099361e-01
1.034800000000026102e+03,1.209954664674130070e-01
1.034900000000026012e+03,1.187072727030887842e-01
1.035000000000026148e+03,1.164184850963453366e-01
1.035100000000026284e+03,1.139953176967275494e-01
1.035200000000026193e+03,1.115724332147391973e-01
1.035300000000026102e+03,1.091498318461006645e-01
1.035400000000026239e+03,1.067275137865512924e-01
1.035500000000026375e+03,1.043062938336846573e-01
1.035600000000026284e+03,1.018857129880379464e-01
1.035700000000026193e+03,9.946535960820417077e-02
1.035800000000026330e+03,9.704523389402283651e-02
1.035900000000026466e+03,9.462533604537361198e-02
1.036000000000026375e+03,9.220566626262813315e-02
1.036100000000026284e+03,9.153630009844590520e-02
1.036200000000026421e+03,9.086679202979200398e-02
1.036300000000026557e+03,9.019714204537049307e-02
1.036400000000026466e+03,8.952735013388631036e-02
1.036500000000026375e+03,8.885741628404082715e-02
1.036600000000026512e+03,8.818734048453656660e-02
1.036700000000026648e+03,8.751712272407893844e-02
1.036800000000026557e+03,8.684676299137383815e-02
1.036900000000026466e+03,8.617724236798529613e-02
1.037000000000026603e+03,8.550758912757769337e-02
1.037100000000026739e+03,8.759144646423260017e-02
1.037200000000026648e+03,8.967609260448160258e-02
1.037300000000026557e+03,9.176152767645541497e-02
1.037400000000026694e+03,9.384775180828913710e-02
1.037500000000026830e+03,9.593476512811331680e-02
1.037600000000026739e+03,9.802256776406265137e-02
1.037700000000026648e+03,1.001111598442862988e-01
1.037800000000026785e+03,1.022005414969377329e-01
1.037900000000026921e+03,1.042907128501658204e-01
1.038000000000026830e+03,1.063816740321213011e-01
1.038100000000026739e+03,1.084644357535312076e-01
1.038200000000026876e+03,1.105472028121272099e-01
1.038300000000027012e+03,1.126299751399007509e-01
1.038400000000026921e+03,1.147127526688390825e-01
1.038500000000026830e+03,1.167955353309357569e-01
1.038600000000026967e+03,1.188783230581794137e-01
1.038700000000027103e+03,1.209611157825465078e-01
1.038800000000027012e+03,1.230439134360089143e-01
1.038900000000026921e+03,1.251267159505447535e-01
1.039000000000027057e+03,1.272095232581095525e-01
1.039100000000027194e+03,1.292255044976845235e-01
1.039200000000027103e+03,1.312426846696511940e-01
1.039300000000027012e+03,1.332610639448906786e-01
1.039400000000027148e+03,1.352806424942685493e-01
1.039500000000027285e+03,1.373014204886275902e-01
1.039600000000027194e+03,1.393233980987963194e-01
1.039700000000027103e+03,1.413465754955973708e-01
1.039800000000027239e+03,1.433709528498393337e-01
1.039900000000027376e+03,1.453965303323074276e-01
1.040000000000027285e+03,1.474233081136994694e-01
1.040100000000027194e+03,1.491866574351798924e-01
1.040200000000027330e+03,1.509502105559598628e-01
1.040300000000027467e+03,1.527139674623315679e-01
1.040400000000027376e+03,1.544782065548152283e-01
1.040500000000027285e+03,1.562430910889650026e-01
1.040600000000027421e+03,1.580081955645682157e-01
1.040700000000027558e+03,1.597735199708720522e-01
1.040800000000027467e+03,1.615390642971200053e-01
1.040900000000027376e+03,1.633048285325590654e-01
1.041000000000027512e+03,1.650725351049678047e-01
1.041100000000027649e+03,1.664874409442857750e-01
1.041200000000027558e+03,1.679024661810335217e-01
1.041300000000027467e+03,1.693176107947093056e-01
1.041400000000027603e+03,1.707328747648088063e-01
1.041500000000027740e+03,1.721482580708177390e-01
1.041600000000027649e+03,1.735637606922185161e-01
1.041700000000027558e+03,1.749793826084974635e-01
1.041800000000027694e+03,1.763951237991370768e-01
1.041900000000027831e+03,1.778109842436107202e-01
1.042000000000027740e+03,1.792269639212721866e-01
1.042100000000027649e+03,1.802249400190844009e-01
1.042200000000027785e+03,1.812233683604574930e-01
1.042300000000027921e+03,1.822222490183188215e-01
1.042400000000027831e+03,1.832215820655962446e-01
1.042500000000027740e+03,1.842213675752217006e-01
1.042600000000027876e+03,1.852216056201277106e-01
1.042700000000028012e+03,1.862222962732413001e-01
1.042800000000027921e+03,1.872248278154037548e-01
1.042900000000027831e+03,1.882285064904925254e-01
1.043000000000027967e+03,1.892319153420973510e-01
1.043100000000028103e+03,1.896599730728579236e-01
1.043200000000028012e+03,1.900882028018248682e-01
1.043300000000027921e+03,1.905185174556949523e-01
1.043400000000028058e+03,1.909488579947095643e-01
1.043500000000028194e+03,1.913792244065754822e-01
1.043600000000028103e+03,1.918096166789976798e-01
1.043700000000028012e+03,1.922400347996802428e-01
1.043800000000028149e+03,1.926704787563253696e-01
1.043900000000028285e+03,1.931009485366304013e-01
1.044000000000028194e+03,1.935314441281221765e-01
1.044100000000028103e+03,1.933645483602021153e-01
1.044200000000028240e+03,1.931959732026540810e-01
1.044300000000028376e+03,1.930269228104441459e-01
1.044400000000028285e+03,1.928578875701686124e-01
1.044500000000028194e+03,1.926888674946956315e-01
1.044600000000028331e+03,1.925198625968961297e-01
1.044700000000028467e+03,1.923508728896426156e-01
1.044800000000028376e+03,1.921818983858101793e-01
1.044900000000028285e+03,1.920129390982746043e-01
1.045000000000028422e+03,1.918439950397572702e-01
1.045100000000028558e+03,1.911268736106009614e-01
1.045200000000028467e+03,1.904095565592342498e-01
1.045300000000028376e+03,1.896920438588826918e-01
1.045400000000028513e+03,1.889743354827697619e-01
1.045500000000028649e+03,1.882564314041222375e-01
1.045600000000028558e+03,1.875383315961652586e-01
1.045700000000028467e+03,1.868200360321195796e-01
1.045800000000028604e+03,1.861015446852046784e-01
1.045900000000028740e+03,1.853828575286420588e-01
1.046000000000028649e+03,1.846639745354967388e-01
1.046100000000028558e+03,1.833997534467690094e-01
1.046200000000028695e+03,1.821350660988358683e-01
1.046300000000028831e+03,1.808699736407308190e-01
1.046400000000028740e+03,1.796044760047277034e-01
1.046500000000028649e+03,1.783385731230913707e-01
1.046600000000028786e+03,1.770722649280818961e-01
1.046700000000028922e+03,1.758055513519605206e-01
1.046800000000028831e+03,1.745384323269844884e-01
1.046900000000028740e+03,1.732720259529074436e-01
1.047000000000028876e+03,1.720060943388771191e-01
1.047100000000029013e+03,1.702461642148611065e-01
1.047200000000028922e+03,1.684860873320521701e-01
1.047300000000028831e+03,1.667258637556376932e-01
1.047400000000028967e+03,1.649635914186659280e-01
1.047500000000029104e+03,1.632011913078232346e-01
1.047600000000029013e+03,1.614386859057202472e-01
1.047700000000028922e+03,1.596760752784187609e-01
1.047800000000029058e+03,1.579133594919950312e-01
1.047900000000029195e+03,1.561505386125505712e-01
1.048000000000029104e+03,1.543876127060992975e-01
1.048100000000029013e+03,1.522715610637838390e-01
1.048200000000029149e+03,1.501553364597999485e-01
1.048300000000029286e+03,1.480389389582099091e-01
1.048400000000029195e+03,1.459223686230941008e-01
1.048500000000029104e+03,1.438056255185397592e-01
1.048600000000029240e+03,1.416887097086521607e-01
1.048700000000029377e+03,1.395721006463103708e-01
1.048800000000029286e+03,1.374564352256764377e-01
1.048900000000029195e+03,1.353405478344052171e-01
1.049000000000029331e+03,1.332244385340431991e-01
1.049100000000029468e+03,1.309163144302505077e-01
1.049200000000029377e+03,1.286061507053908592e-01
1.049300000000029286e+03,1.262946832641415051e-01
1.049400000000029422e+03,1.239823242492509581e-01
1.049500000000029559e+03,1.216690734852944183e-01
1.049600000000029468e+03,1.193549307968334167e-01
1.049700000000029377e+03,1.170398960084052253e-01
1.049800000000029513e+03,1.147239689445331973e-01
1.049900000000029650e+03,1.124071494297372575e-01
1.050000000000029559e+03,1.100894372885117961e-01
1.050100000000029468e+03,1.077295747074107080e-01
1.050200000000029604e+03,1.053683055356942899e-01
1.050300000000029740e+03,1.030057053871133305e-01
1.050400000000029650e+03,1.006418242597075657e-01
1.050500000000029559e+03,9.827674336121423881e-02
1.050600000000029695e+03,9.591158031981986132e-02
1.050700000000029831e+03,9.354492240327638708e-02
1.050800000000029740e+03,9.117676919799341806e-02
1.050900000000029650e+03,8.880712029031469223e-02
1.051000000000029786e+03,8.643550051654418087e-02
1.051100000000029922e+03,8.713180605801167100e-02
1.051200000000029831e+03,8.782851307597468182e-02
1.051300000000029740e+03,8.852562166735275517e-02
1.051400000000029877e+03,8.922313192907561918e-02
1.051500000000030013e+03,8.992104395808028783e-02
1.051600000000029922e+03,9.061935785131385035e-02
1.051700000000029831e+03,9.131807370573695459e-02
1.051800000000029968e+03,9.201719161832072613e-02
1.051900000000030104e+03,9.271671168604304902e-02
1.052000000000030013e+03,9.341663400630957625e-02
1.052100000000029922e+03,9.550650216750751487e-02
1.052200000000030059e+03,9.759731652947123415e-02
1.052300000000030195e+03,9.968897847780242016e-02
1.052400000000030104e+03,1.017817492752560726e-01
1.052500000000030013e+03,1.038757389394174557e-01
1.052600000000030150e+03,1.059706890903062970e-01
1.052700000000030286e+03,1.080665999288440149e-01
1.052800000000030195e+03,1.101631986948567316e-01
1.052900000000030104e+03,1.122597186929776003e-01
1.053000000000030241e+03,1.143571511787907086e-01
1.053100000000030377e+03,1.164305619558515942e-01
1.053200000000030286e+03,1.185045777284658014e-01
1.053300000000030195e+03,1.205791985785081705e-01
1.053400000000030332e+03,1.226544245878547629e-01
1.053500000000030468e+03,1.247302558383733551e-01
1.053600000000030377e+03,1.268066924119336247e-01
1.053700000000030286e+03,1.288837343904156163e-01
1.053800000000030423e+03,1.309613818557011089e-01
1.053900000000030559e+03,1.330396348896634995e-01
1.054000000000030468e+03,1.351184935741364945e-01
1.054100000000030377e+03,1.370616622210952262e-01
1.054200000000030514e+03,1.390060250493402316e-01
1.054300000000030650e+03,1.409515556285720894e-01
1.054400000000030559e+03,1.428974859090263172e-01
1.054500000000030468e+03,1.448438159208720322e-01
1.054600000000030604e+03,1.467906897454888671e-01
1.054700000000030741e+03,1.487367744345057252e-01
1.054800000000030650e+03,1.506831511608685281e-01
1.054900000000030559e+03,1.526298983539347287e-01
1.055000000000030695e+03,1.545770160390287640e-01
1.055100000000030832e+03,1.562742375075956702e-01
1.055200000000030741e+03,1.579716442277996902e-01
1.055300000000030650e+03,1.596692361879248900e-01
1.055400000000030786e+03,1.613670133762510339e-01
1.055500000000030923e+03,1.630649757810462841e-01
1.055600000000030832e+03,1.647647053313127385e-01
1.055700000000030741e+03,1.664649920220924451e-01
1.055800000000030877e+03,1.681655033456809223e-01
1.055900000000031014e+03,1.698662392940398502e-01
1.056000000000030923e+03,1.715671998590139746e-01
1.056100000000030832e+03,1.729081660621154537e-01
1.056200000000030968e+03,1.742492194648756210e-01
1.056300000000031105e+03,1.755903600367995365e-01
1.056400000000031014e+03,1.769315877473870979e-01
1.056500000000030923e+03,1.782714596853373079e-01
1.056600000000031059e+03,1.796107607578593390e-01
1.056700000000031196e+03,1.809501178050609005e-01
1.056800000000031105e+03,1.822895307966362899e-01
1.056900000000031014e+03,1.836289997022812481e-01
1.057000000000031150e+03,1.849685244915463822e-01
1.057100000000031287e+03,1.858535211385446140e-01
1.057200000000031196e+03,1.867385068060279096e-01
1.057300000000031105e+03,1.876234567421576349e-01
1.057400000000031241e+03,1.885067964422821596e-01
1.057500000000031378e+03,1.893891541594329986e-01
1.057600000000031287e+03,1.902714767090454839e-01
1.057700000000031196e+03,1.911537640611561395e-01
1.057800000000031332e+03,1.920360197550531334e-01
1.057900000000031469e+03,1.929204809734561266e-01
1.058000000000031378e+03,1.938049273777306125e-01
1.058100000000031287e+03,1.941651624001650700e-01
1.058200000000031423e+03,1.945253790030292140e-01
1.058300000000031559e+03,1.948845866086357514e-01
1.058400000000031469e+03,1.952424933925162864e-01
1.058500000000031378e+03,1.956003734334382793e-01
1.058600000000031514e+03,1.959582267157709556e-01
1.058700000000031650e+03,1.963160532238797107e-01
1.058800000000031559e+03,1.966738529421286352e-01
1.058900000000031469e+03,1.970316258548831523e-01
1.059000000000031605e+03,1.973893719463292451e-01
1.059100000000031741e+03,1.971864123340589525e-01
1.059200000000031650e+03,1.969834613989409344e-01
1.059300000000031559e+03,1.967805191497632999e-01
1.059400000000031696e+03,1.965775855953134366e-01
1.059500000000031832e+03,1.963746607443827286e-01
1.059600000000031741e+03,1.961717446057627268e-01
1.059700000000031650e+03,1.959671436996145988e-01
1.059800000000031787e+03,1.957619699452890216e-01
1.059900000000031923e+03,1.955568097018317020e-01
1.060000000000031832e+03,1.953516629773887903e-01
1.060100000000031741e+03,1.945868706722533592e-01
1.060200000000031878e+03,1.938221013989850361e-01
1.060300000000032014e+03,1.930573551870141125e-01
1.060400000000031923e+03,1.922926320657749044e-01
1.060500000000031832e+03,1.915279320647020056e-01
1.060600000000031969e+03,1.907632552132339232e-01
1.060700000000032105e+03,1.899986015408175188e-01
1.060800000000032014e+03,1.892339710769027905e-01
1.060900000000031923e+03,1.884697134511822136e-01
1.061000000000032060e+03,1.877055083317843986e-01
1.061100000000032196e+03,1.864211925446398188e-01
1.061200000000032105e+03,1.851368024584248984e-01
1.061300000000032014e+03,1.838523381017996838e-01
1.061400000000032151e+03,1.825677995034317436e-01
1.061500000000032287e+03,1.812842080701178304e-01
1.061600000000032196e+03,1.800016073364661406e-01
1.061700000000032105e+03,1.787189025614857041e-01
1.061800000000032242e+03,1.774360937712867181e-01
1.061900000000032378e+03,1.761531809919934244e-01
1.062000000000032287e+03,1.748682936777843644e-01
1.062100000000032196e+03,1.731385618355633649e-01
1.062200000000032333e+03,1.714085418094857816e-01
1.062300000000032469e+03,1.696782335840785194e-01
1.062400000000032378e+03,1.679469434916864845e-01
1.062500000000032287e+03,1.662141328631276394e-01
1.062600000000032423e+03,1.644810742572163365e-01
1.062700000000032560e+03,1.627477676685462893e-01
1.062800000000032469e+03,1.610142130917144310e-01
1.062900000000032378e+03,1.592804105213127819e-01
1.063000000000032514e+03,1.575463599518273916e-01
1.063100000000032651e+03,1.554761860226803460e-01
1.063200000000032560e+03,1.534054703507232165e-01
1.063300000000032469e+03,1.513342128481907078e-01
1.063400000000032605e+03,1.492624134273080050e-01
1.063500000000032742e+03,1.471900720002994600e-01
1.063600000000032651e+03,1.451171884793787115e-01
1.063700000000032560e+03,1.430437627767399134e-01
1.063800000000032696e+03,1.409697948045673110e-01
1.063900000000032833e+03,1.388952844750434568e-01
1.064000000000032742e+03,1.368202317002744639e-01
1.064100000000032651e+03,1.345405520850269654e-01
1.064200000000032787e+03,1.322600232780575813e-01
1.064300000000032924e+03,1.299786450834355955e-01
1.064400000000032833e+03,1.276966154948729060e-01
1.064500000000032742e+03,1.254137884138327441e-01
1.064600000000032878e+03,1.231301021015110686e-01
1.064700000000033015e+03,1.208448086074654648e-01
1.064800000000032924e+03,1.185580381124121396e-01
1.064900000000032833e+03,1.162704609506015341e-01
1.065000000000032969e+03,1.139820769526729144e-01
1.065100000000033106e+03,1.116343205367073821e-01
1.065200000000033015e+03,1.092855454461875847e-01
1.065300000000032924e+03,1.069357514304828116e-01
1.065400000000033060e+03,1.045849382389227172e-01
1.065500000000033197e+03,1.022331056208078542e-01
1.065600000000033106e+03,9.988025332539854362e-02
1.065700000000033015e+03,9.752638110190478549e-02
1.065800000000033151e+03,9.517148869949615397e-02
1.065900000000033288e+03,9.281557586731338516e-02
1.066000000000033197e+03,9.045864235529613162e-02
1.066100000000033106e+03,9.062779894091622934e-02
1.066200000000033242e+03,9.079685185229119382e-02
1.066300000000033378e+03,9.096597168048915771e-02
1.066400000000033288e+03,9.113515844026623403e-02
1.066500000000033197e+03,9.130470258381673254e-02
1.066600000000033333e+03,9.147508848124848158e-02
1.066700000000033469e+03,9.164554537235812537e-02
1.066800000000033378e+03,9.181607327466896618e-02
1.066900000000033288e+03,9.198667220570812264e-02
1.067000000000033424e+03,9.215810238040415825e-02
1.067100000000033560e+03,9.421051268861713179e-02
1.067200000000033469e+03,9.626373678643884713e-02
1.067300000000033378e+03,9.831777487466804299e-02
1.067400000000033515e+03,1.003724588883744134e-01
1.067500000000033651e+03,1.024269297750768776e-01
1.067600000000033560e+03,1.044821673472666745e-01
1.067700000000033469e+03,1.065381717757583058e-01
1.067800000000033606e+03,1.085949432313906421e-01
1.067900000000033742e+03,1.106526201115395069e-01
1.068000000000033651e+03,1.127111569479901793e-01
1.068100000000033560e+03,1.147609482134428760e-01
1.068200000000033697e+03,1.168111481458234818e-01
1.068300000000033833e+03,1.188617567824934579e-01
1.068400000000033742e+03,1.209127741608137935e-01
1.068500000000033651e+03,1.229642003181542625e-01
1.068600000000033788e+03,1.250160352918845696e-01
1.068700000000033924e+03,1.270682791193640249e-01
1.068800000000033833e+03,1.291209318379520077e-01
1.068900000000033742e+03,1.311739934850161549e-01
1.069000000000033879e+03,1.332274640978845792e-01
1.069100000000034015e+03,1.351646732326832467e-01
1.069200000000033924e+03,1.371018473055631570e-01
1.069300000000033833e+03,1.390389862159156220e-01
1.069400000000033970e+03,1.409760898631112480e-01
1.069500000000034106e+03,1.429131581464891110e-01
1.069600000000034015e+03,1.448501909653660824e-01
1.069700000000033924e+03,1.467866398114575088e-01
1.069800000000034061e+03,1.487218619462715441e-01
1.069900000000034197e+03,1.506570031133692977e-01
1.070000000000034106e+03,1.525920632100000729e-01
1.070100000000034015e+03,1.543089181665008858e-01
1.070200000000034152e+03,1.560268776604812335e-01
1.070300000000034288e+03,1.577450457301018127e-01
1.070400000000034197e+03,1.594629839024741258e-01
1.070500000000034106e+03,1.611806920459352976e-01
1.070600000000034242e+03,1.628978066356221166e-01
1.070700000000034379e+03,1.646131326923804816e-01
1.070800000000034288e+03,1.663281882281059110e-01
1.070900000000034197e+03,1.680429731163065876e-01
1.071000000000034333e+03,1.697574872303709015e-01
1.071100000000034470e+03,1.711673038705927297e-01
1.071200000000034379e+03,1.725762989553143723e-01
1.071300000000034288e+03,1.739852105199981569e-01
1.071400000000034424e+03,1.753938725128315612e-01
1.071500000000034561e+03,1.768022576114572642e-01
1.071600000000034470e+03,1.782105533401406317e-01
1.071700000000034379e+03,1.796187596489400018e-01
1.071800000000034515e+03,1.810268764879117143e-01
1.071900000000034652e+03,1.824349038071035323e-01
1.072000000000034561e+03,1.838428415564255514e-01
1.072100000000034470e+03,1.848599396805039041e-01
1.072200000000034606e+03,1.858771417199329423e-01
1.072300000000034743e+03,1.868944476680190203e-01
1.072400000000034652e+03,1.879118575180651896e-01
1.072500000000034561e+03,1.889273162277053941e-01
1.072600000000034697e+03,1.899427078805621116e-01
1.072700000000034834e+03,1.909581794717614689e-01
1.072800000000034743e+03,1.919737309876102804e-01
1.072900000000034652e+03,1.929901912539774278e-01
1.073000000000034788e+03,1.940081183208993421e-01
1.073100000000034925e+03,1.945338095741858397e-01
1.073200000000034834e+03,1.950594874683123370e-01
1.073300000000034743e+03,1.955851519921832371e-01
1.073400000000034879e+03,1.961089647554103421e-01
1.073500000000035016e+03,1.966323035910865769e-01
1.073600000000034925e+03,1.971556165446623765e-01
1.073700000000034834e+03,1.976789036037635838e-01
1.073800000000034970e+03,1.982027173778734275e-01
1.073900000000035106e+03,1.987282729620251653e-01
1.074000000000035016e+03,1.992538150960978804e-01
1.074100000000034925e+03,1.992227365586362320e-01
1.074200000000035061e+03,1.991916551658424739e-01
1.074300000000035197e+03,1.991590035879502174e-01
1.074400000000035106e+03,1.991255925732906829e-01
1.074500000000035016e+03,1.990921792132148427e-01
1.074600000000035152e+03,1.990587635082724238e-01
1.074700000000035288e+03,1.990256002474487806e-01
1.074800000000035197e+03,1.989945028925138304e-01
1.074900000000035106e+03,1.989632745776572509e-01
1.075000000000035243e+03,1.989317688798594164e-01
1.075100000000035379e+03,1.983721326237839755e-01
1.075200000000035288e+03,1.978113316342935135e-01
1.075300000000035197e+03,1.972495838127323320e-01
1.075400000000035334e+03,1.966879429659933731e-01
1.075500000000035470e+03,1.961264091077507543e-01
1.075600000000035379e+03,1.955649822516754566e-01
1.075700000000035288e+03,1.950036624114322992e-01
1.075800000000035425e+03,1.944424496006835756e-01
1.075900000000035561e+03,1.938813438330907191e-01
1.076000000000035470e+03,1.933203451221436608e-01
1.076100000000035379e+03,1.922844215310047511e-01
1.076200000000035516e+03,1.912481870965286601e-01
1.076300000000035652e+03,1.902116418301653955e-01
1.076400000000035561e+03,1.891747857433774549e-01
1.076500000000035470e+03,1.881376188476359401e-01
1.076600000000035607e+03,1.871020019692360981e-01
1.076700000000035743e+03,1.860663776964121552e-01
1.076800000000035652e+03,1.850304186340462065e-01
1.076900000000035561e+03,1.839941247785547851e-01
1.077000000000035698e+03,1.829568836242404239e-01
1.077100000000035834e+03,1.814431579676919204e-01
1.077200000000035743e+03,1.799291039449484597e-01
1.077300000000035652e+03,1.784147215706071432e-01
1.077400000000035789e+03,1.769000531597348935e-01
1.077500000000035925e+03,1.753872986729412553e-01
1.077600000000035834e+03,1.738747421670497895e-01
1.077700000000035743e+03,1.723618082626639236e-01
1.077800000000035880e+03,1.708484969517015672e-01
1.077900000000036016e+03,1.693348082260975329e-01
1.078000000000035925e+03,1.678207420776492709e-01
1.078100000000035834e+03,1.658987868299257040e-01
1.078200000000035971e+03,1.639769740571487278e-01
1.078300000000036107e+03,1.620553038034213134e-01
1.078400000000036016e+03,1.601349951745011935e-01
1.078500000000035925e+03,1.582160864590901328e-01
1.078600000000036061e+03,1.562972600783693322e-01
1.078700000000036198e+03,1.543785160765405451e-01
1.078800000000036107e+03,1.524598048392202254e-01
1.078900000000036016e+03,1.505390924875980863e-01
1.079000000000036152e+03,1.486176374983310955e-01
1.079100000000036289e+03,1.464668136562969902e-01
1.079200000000036198e+03,1.443151027611139503e-01
1.079300000000036107e+03,1.421632752118508758e-01
1.079400000000036243e+03,1.400114166155105033e-01
1.079500000000036380e+03,1.378586204860296760e-01
1.079600000000036289e+03,1.357048867157769345e-01
1.079700000000036198e+03,1.335502151971141860e-01
1.079800000000036334e+03,1.313959874710404763e-01
1.079900000000036471e+03,1.292409299611087525e-01
1.080000000000036380e+03,1.270848839752367343e-01
1.080100000000036289e+03,1.248014990714144262e-01
1.080200000000036425e+03,1.225163483724413388e-01
1.080300000000036562e+03,1.202289909756362601e-01
1.080400000000036471e+03,1.179403995861706550e-01
1.080500000000036380e+03,1.156505740273820471e-01
1.080600000000036516e+03,1.133595141226031444e-01
1.080700000000036653e+03,1.110672196951747459e-01
1.080800000000036562e+03,1.087736905684336952e-01
1.080900000000036471e+03,1.064789265657032080e-01
1.081000000000036607e+03,1.041829275103246383e-01
1.081100000000036744e+03,1.019464934543759943e-01
1.081200000000036653e+03,9.971106103488493189e-02
1.081300000000036562e+03,9.747566021954523485e-02
1.081400000000036698e+03,9.524029107000504812e-02
1.081500000000036835e+03,9.300495364793213982e-02
1.081600000000036744e+03,9.076896787522614751e-02
1.081700000000036653e+03,8.853267419500931990e-02
1.081800000000036789e+03,8.629646472452982831e-02
1.081900000000036925e+03,8.406033952804299603e-02
1.082000000000036835e+03,8.182429867135879165e-02
1.082100000000036744e+03,8.379147026515347541e-02
1.082200000000036880e+03,8.575954604317140295e-02
1.082300000000037016e+03,8.772852615566908985e-02
1.082400000000036925e+03,8.969841075291001831e-02
1.082500000000036835e+03,9.166919998517397694e-02
1.082600000000036971e+03,9.364089400274767938e-02
1.082700000000037107e+03,9.561349295591643760e-02
1.082800000000037016e+03,9.758699699497215552e-02
1.082900000000036925e+03,9.956140627022312672e-02
1.083000000000037062e+03,1.015378461691429646e-01
1.083100000000037198e+03,1.035571508938992330e-01
1.083200000000037107e+03,1.055769934365806267e-01
1.083300000000037016e+03,1.075973738775869853e-01
1.083400000000037153e+03,1.096182922973249485e-01
1.083500000000037289e+03,1.116397487761985607e-01
1.083600000000037198e+03,1.136617433946183614e-01
1.083700000000037107e+03,1.156842762330109742e-01
1.083800000000037244e+03,1.177073473718092539e-01
1.083900000000037380e+03,1.197309568914440014e-01
1.084000000000037289e+03,1.217551048723292534e-01
1.084100000000037198e+03,1.237193331146204806e-01
1.084200000000037335e+03,1.256832997089602777e-01
1.084300000000037471e+03,1.276473815729527728e-01
1.084400000000037380e+03,1.296123490665810618e-01
1.084500000000037289e+03,1.315771005929354531e-01
1.084600000000037426e+03,1.335416360124885016e-01
1.084700000000037562e+03,1.355059551856784283e-01
1.084800000000037471e+03,1.374700579729171979e-01
1.084900000000037380e+03,1.394339442346002877e-01
1.085000000000037517e+03,1.413974188011487276e-01
1.085100000000037653e+03,1.432686331913066990e-01
1.085200000000037562e+03,1.451406822523452211e-01
1.085300000000037471e+03,1.470135661576683073e-01
1.085400000000037608e+03,1.488872850807007042e-01
1.085500000000037744e+03,1.507615739029579127e-01
1.085600000000037653e+03,1.526366513409006809e-01
1.085700000000037562e+03,1.545135674371236056e-01
1.085800000000037699e+03,1.563921460920998929e-01
1.085900000000037835e+03,1.582715970942036587e-01
1.086000000000037744e+03,1.601519206426477160e-01
1.086100000000037653e+03,1.617382708924598733e-01
1.086200000000037790e+03,1.633222325086563786e-01
1.086300000000037926e+03,1.649056574540876119e-01
1.086400000000037835e+03,1.664885578803989574e-01
1.086500000000037744e+03,1.680709336096286588e-01
1.086600000000037880e+03,1.696527844637907845e-01
1.086700000000038017e+03,1.712344771370419849e-01
1.086800000000037926e+03,1.728160740534805395e-01
1.086900000000037835e+03,1.743971600635983166e-01
1.087000000000037971e+03,1.759777349820232095e-01
1.087100000000038108e+03,1.772886875132788642e-01
1.087200000000038017e+03,1.786000543383179651e-01
1.087300000000037926e+03,1.799118355261109525e-01
1.087400000000038062e+03,1.812240311456357889e-01
1.087500000000038199e+03,1.825366412658715465e-01
1.087600000000038108e+03,1.838496659558045421e-01
1.087700000000038017e+03,1.851631052844339986e-01
1.087800000000038153e+03,1.864769593207668830e-01
1.087900000000038290e+03,1.877912281338108280e-01
1.088000000000038199e+03,1.891059117924074606e-01
1.088100000000038108e+03,1.899650734215742043e-01
1.088200000000038244e+03,1.908240726764711681e-01
1.088300000000038381e+03,1.916829095076893197e-01
1.088400000000038290e+03,1.925415838658137702e-01
1.088500000000038199e+03,1.934000957014279376e-01
1.088600000000038335e+03,1.942586961148771163e-01
1.088700000000038472e+03,1.951174433658427743e-01
1.088800000000038381e+03,1.959760328679242269e-01
1.088900000000038290e+03,1.968358620764811273e-01
1.089000000000038426e+03,1.976964597110915933e-01
1.089100000000038563e+03,1.981278563197087228e-01
1.089200000000038472e+03,1.985593634449375477e-01
1.089300000000038381e+03,1.989909811030066700e-01
1.089400000000038517e+03,1.994227093101447190e-01
1.089500000000038654e+03,1.998545480825808796e-01
1.089600000000038563e+03,2.002864974365459183e-01
1.089700000000038472e+03,2.007185573882740437e-01
1.089800000000038608e+03,2.011507279540013238e-01
1.089900000000038744e+03,2.015830091499631882e-01
1.090000000000038654e+03,2.020154009921909799e-01
1.090100000000038563e+03,2.019140248364014456e-01
1.090200000000038699e+03,2.018126455715133771e-01
1.090300000000038835e+03,2.017134190705467955e-01
1.090400000000038744e+03,2.016143960579446504e-01
1.090500000000038654e+03,2.015159186822678417e-01
1.090600000000038790e+03,2.014174619907450337e-01
1.090700000000038926e+03,2.013189992500234726e-01
1.090800000000038835e+03,2.012205304608584433e-01
1.090900000000038744e+03,2.011220556240053692e-01
1.091000000000038881e+03,2.010235747400311579e-01
1.091100000000039017e+03,2.004405527059753278e-01
1.091200000000038926e+03,1.998572947328187410e-01
1.091300000000038835e+03,1.992738007839007230e-01
1.091400000000038972e+03,1.986900708225557977e-01
1.091500000000039108e+03,1.981061048121194601e-01
1.091600000000039017e+03,1.975219027159240970e-01
1.091700000000038926e+03,1.969374644972951283e-01
1.091800000000039063e+03,1.963527901195565029e-01
1.091900000000039199e+03,1.957678795460302823e-01
1.092000000000039108e+03,1.951827327398329703e-01
1.092100000000039017e+03,1.940774805889631527e-01
1.092200000000039154e+03,1.929728660666354123e-01
1.092300000000039290e+03,1.918680955213642458e-01
1.092400000000039199e+03,1.907631689428795629e-01
1.092500000000039108e+03,1.896582828981190905e-01
1.092600000000039245e+03,1.885552527850398452e-01
1.092700000000039381e+03,1.874520405958771951e-01
1.092800000000039290e+03,1.863486463167046414e-01
1.092900000000039199e+03,1.852450699335900786e-01
1.093000000000039336e+03,1.841401812534523841e-01
1.093100000000039472e+03,1.826353858730507262e-01
1.093200000000039381e+03,1.811296717394764444e-01
1.093300000000039290e+03,1.796230387024689568e-01
1.093400000000039427e+03,1.781154866117591329e-01
1.093500000000039563e+03,1.766070153170760382e-01
1.093600000000039472e+03,1.750976246681397175e-01
1.093700000000039381e+03,1.735873639398704260e-01
1.093800000000039518e+03,1.720762132295966251e-01
1.093900000000039654e+03,1.705641413163747067e-01
1.094000000000039563e+03,1.690511480484483964e-01
1.094100000000039472e+03,1.671342883632233323e-01
1.094200000000039608e+03,1.652173500652335814e-01
1.094300000000039745e+03,1.632997971961676897e-01
1.094400000000039654e+03,1.613835364005482553e-01
1.094500000000039563e+03,1.594674951031099519e-01
1.094600000000039699e+03,1.575513478511085252e-01
1.094700000000039836e+03,1.556350946663174195e-01
1.094800000000039745e+03,1.537187355705132430e-01
1.094900000000039654e+03,1.518022705854669696e-01
1.095000000000039790e+03,1.498856997328750773e-01
1.095100000000039927e+03,1.477702662692386981e-01
1.095200000000039836e+03,1.456537676871357545e-01
1.095300000000039745e+03,1.435357213773215679e-01
1.095400000000039881e+03,1.414161270344129750e-01
1.095500000000040018e+03,1.392949843530122134e-01
1.095600000000039927e+03,1.371722930276958463e-01
1.095700000000039836e+03,1.350482676552865191e-01
1.095800000000039972e+03,1.329240309742720505e-01
1.095900000000040109e+03,1.307981948098166092e-01
1.096000000000040018e+03,1.286707588071538400e-01
1.096100000000039927e+03,1.263708443905708911e-01
1.096200000000040063e+03,1.240709495483554858e-01
1.096300000000040200e+03,1.217710743694976339e-01
1.096400000000040109e+03,1.194712189430010146e-01
1.096500000000040018e+03,1.171713833578731934e-01
1.096600000000040154e+03,1.148715588050249342e-01
1.096700000000040291e+03,1.125704459435608595e-01
1.096800000000040200e+03,1.102694071390054736e-01
1.096900000000040109e+03,1.079684424721381181e-01
1.097000000000040245e+03,1.056675520237650712e-01
1.097100000000040382e+03,1.034049445107374787e-01
1.097200000000040291e+03,1.011413306746335311e-01
1.097300000000040200e+03,9.887671031365131979e-02
1.097400000000040336e+03,9.661108322596517750e-02
1.097500000000040473e+03,9.434444920973561466e-02
1.097600000000040382e+03,9.207775314281040069e-02
1.097700000000040291e+03,8.981013199629515886e-02
1.097800000000040427e+03,8.754145013033595712e-02
1.097900000000040563e+03,8.527170731323009678e-02
1.098000000000040473e+03,8.300090331494616724e-02
1.098100000000040382e+03,8.493112210696311670e-02
1.098200000000040518e+03,8.686175852507282968e-02
1.098300000000040654e+03,8.879281262008952014e-02
1.098400000000040563e+03,9.072428444283153759e-02
1.098500000000040473e+03,9.265536352263148423e-02
1.098600000000040609e+03,9.458654800461790968e-02
1.098700000000040745e+03,9.651810526911688837e-02
1.098800000000040654e+03,9.845003535863014466e-02
1.098900000000040563e+03,1.003823383156712129e-01
1.099000000000040700e+03,1.023150141827723070e-01
1.099100000000040836e+03,1.042848768768399464e-01
1.099200000000040745e+03,1.062544245726850661e-01
1.099300000000040654e+03,1.082236570879379356e-01
1.099400000000040791e+03,1.101933713093692785e-01
1.099500000000040927e+03,1.121632983134516481e-01
1.099600000000040836e+03,1.141329555120261796e-01
1.099700000000040745e+03,1.161021868442608240e-01
1.099800000000040882e+03,1.180709626569029919e-01
1.099900000000041018e+03,1.200394567802520185e-01
1.100000000000040927e+03,1.220076690181464002e-01
1.100100000000040836e+03,1.239815769187072869e-01
1.100200000000040973e+03,1.259562626788403028e-01
1.100300000000041109e+03,1.279309947792392210e-01
1.100400000000041018e+03,1.299057075481266921e-01
1.100500000000040927e+03,1.318811526539335477e-01
1.100600000000041064e+03,1.338573302558496714e-01
1.100700000000041200e+03,1.358342405130795738e-01
1.100800000000041109e+03,1.378133726399226044e-01
1.100900000000041018e+03,1.397934032080830891e-01
1.101000000000041155e+03,1.417742130442978810e-01
1.101100000000041291e+03,1.436060977816543960e-01
1.101200000000041200e+03,1.454378597157600927e-01
1.101300000000041109e+03,1.472694986786448890e-01
1.101400000000041246e+03,1.491010145022947930e-01
1.101500000000041382e+03,1.509324070186440769e-01
1.101600000000041291e+03,1.527636760595834087e-01
1.101700000000041200e+03,1.545948214569690116e-01
1.101800000000041337e+03,1.564258430426131441e-01
1.101900000000041473e+03,1.582567406482766614e-01
1.102000000000041382e+03,1.600875141055886630e-01
1.102100000000041291e+03,1.617052001956939267e-01
1.102200000000041427e+03,1.633226872258660145e-01
1.102300000000041564e+03,1.649399749984823138e-01
1.102400000000041473e+03,1.665570633158686975e-01
1.102500000000041382e+03,1.681739519803070182e-01
1.102600000000041518e+03,1.697919612764494379e-01
1.102700000000041655e+03,1.714104634086995038e-01
1.102800000000041564e+03,1.730288028374837306e-01
1.102900000000041473e+03,1.746469793525981251e-01
1.103000000000041609e+03,1.762649927436752140e-01
1.103100000000041746e+03,1.776319329012421566e-01
1.103200000000041655e+03,1.789994405334445204e-01
1.103300000000041564e+03,1.803675157845669452e-01
1.103400000000041700e+03,1.817364057798808441e-01
1.103500000000041837e+03,1.831049964991682266e-01
1.103600000000041746e+03,1.844731494239282843e-01
1.103700000000041655e+03,1.858418466688440129e-01
1.103800000000041791e+03,1.872110883686230742e-01
1.103900000000041928e+03,1.885808746579908379e-01
1.104000000000041837e+03,1.899490513706060257e-01
1.104100000000041746e+03,1.909193100860581693e-01
1.104200000000041882e+03,1.918897144632566720e-01
1.104300000000042019e+03,1.928602644997778059e-01
1.104400000000041928e+03,1.938309601931929027e-01
1.104500000000041837e+03,1.948018015410727666e-01
1.104600000000041973e+03,1.957727885409837332e-01
1.104700000000042110e+03,1.967439211904822016e-01
1.104800000000042019e+03,1.977151994871206298e-01
1.104900000000041928e+03,1.986866234284498933e-01
1.105000000000042064e+03,1.996581930118239423e-01
1.105100000000042201e+03,2.001717149134365492e-01
1.105200000000042110e+03,2.006852148333219676e-01
1.105300000000042019e+03,2.011987821411328481e-01
1.105400000000042155e+03,2.017140116465001576e-01
1.105500000000042292e+03,2.022292279037352647e-01
1.105600000000042201e+03,2.027444308713808319e-01
1.105700000000042110e+03,2.032596205079695850e-01
1.105800000000042246e+03,2.037731015062706763e-01
1.105900000000042382e+03,2.042858788776168721e-01
1.106000000000042292e+03,2.047986310068442284e-01
1.106100000000042201e+03,2.048729701846012385e-01
1.106200000000042337e+03,2.049476848622220349e-01
1.106300000000042473e+03,2.050244526627589825e-01
1.106400000000042382e+03,2.051012415316920967e-01
1.106500000000042292e+03,2.051780514734468652e-01
1.106600000000042428e+03,2.052548824924500526e-01
1.106700000000042564e+03,2.053303363548678873e-01
1.106800000000042473e+03,2.054048156489107213e-01
1.106900000000042382e+03,2.054793144646105962e-01
1.107000000000042519e+03,2.055538328056757125e-01
1.107100000000042655e+03,2.051497584930427331e-01
1.107200000000042564e+03,2.047474645061262422e-01
1.107300000000042473e+03,2.043449096394713282e-01
1.107400000000042610e+03,2.039420938171092879e-01
1.107500000000042746e+03,2.035390169630588164e-01
1.107600000000042655e+03,2.031356790013243985e-01
1.107700000000042564e+03,2.027320798558938653e-01
1.107800000000042701e+03,2.023282194507413367e-01
1.107900000000042837e+03,2.019240977098279433e-01
1.108000000000042746e+03,2.015197145568811687e-01
1.108100000000042655e+03,2.006031208360936069e-01
1.108200000000042792e+03,1.996864657483999050e-01
1.108300000000042928e+03,1.987694921171690721e-01
1.108400000000042837e+03,1.978521998758457634e-01
1.108500000000042746e+03,1.969345889578598685e-01
1.108600000000042883e+03,1.960166592966313404e-01
1.108700000000043019e+03,1.950984108255746918e-01
1.108800000000042928e+03,1.941798434780935556e-01
1.108900000000042837e+03,1.932609571875774090e-01
1.109000000000042974e+03,1.923395059617613312e-01
1.109100000000043110e+03,1.909572405797212713e-01
1.109200000000043019e+03,1.895747523779028332e-01
1.109300000000042928e+03,1.881920413443433360e-01
1.109400000000043065e+03,1.868088622584582748e-01
1.109500000000043201e+03,1.854243999768034612e-01
1.109600000000043110e+03,1.840388458592901733e-01
1.109700000000043019e+03,1.826524538797469066e-01
1.109800000000043156e+03,1.812658819310564440e-01
1.109900000000043292e+03,1.798791300063537768e-01
1.110000000000043201e+03,1.784921980986191870e-01
1.110100000000043110e+03,1.767432548524053848e-01
1.110200000000043246e+03,1.749936877746751940e-01
1.110300000000043383e+03,1.732429914108234159e-01
1.110400000000043292e+03,1.714916497934085571e-01
1.110500000000043201e+03,1.697398268914369623e-01
1.110600000000043337e+03,1.679875226313060910e-01
1.110700000000043474e+03,1.662347369394148178e-01
1.110800000000043383e+03,1.644814697421538296e-01
1.110900000000043292e+03,1.627277209658994084e-01
1.111000000000043428e+03,1.609734905369011038e-01
1.111100000000043565e+03,1.589467095752265247e-01
1.111200000000043474e+03,1.569190874227890664e-01
1.111300000000043383e+03,1.548889344289324788e-01
1.111400000000043519e+03,1.528578739733394420e-01
1.111500000000043656e+03,1.508260192228463303e-01
1.111600000000043565e+03,1.487933700510686852e-01
1.111700000000043474e+03,1.467599263316005931e-01
1.111800000000043610e+03,1.447256879380258154e-01
1.111900000000043747e+03,1.426906547439249773e-01
1.112000000000043656e+03,1.406548266227909683e-01
1.112100000000043565e+03,1.384410702136466553e-01
1.112200000000043701e+03,1.362253440041660824e-01
1.112300000000043838e+03,1.340086722457685953e-01
1.112400000000043747e+03,1.317913629191764524e-01
1.112500000000043656e+03,1.295734159446066958e-01
1.112600000000043792e+03,1.273548312422717321e-01
1.112700000000043929e+03,1.251356087323883259e-01
1.112800000000043838e+03,1.229157483351687313e-01
1.112900000000043747e+03,1.206952499708098675e-01
1.113000000000043883e+03,1.184741135594756245e-01
1.113100000000044020e+03,1.161892443274326336e-01
1.113200000000043929e+03,1.139042020140945827e-01
1.113300000000043838e+03,1.116189866198635111e-01
1.113400000000043974e+03,1.093335981451425132e-01
1.113500000000044110e+03,1.070481793189786562e-01
1.113600000000044020e+03,1.047635167783545207e-01
1.113700000000043929e+03,1.024779827792794695e-01
1.113800000000044065e+03,1.001919898209518850e-01
1.113900000000044201e+03,9.790581812432913589e-02
1.114000000000044110e+03,9.561946769231280396e-02
1.114100000000044020e+03,9.543183840083513392e-02
1.114200000000044156e+03,9.524422562963080763e-02
1.114300000000044292e+03,9.505662938478398605e-02
1.114400000000044201e+03,9.486904967237970443e-02
1.114500000000044110e+03,9.468040209179026667e-02
1.114600000000044247e+03,9.449175935977621732e-02
1.114700000000044383e+03,9.430313758834427129e-02
1.114800000000044292e+03,9.411453678269686429e-02
1.114900000000044201e+03,9.392595694803580753e-02
1.115000000000044338e+03,9.373739809049837224e-02
1.115100000000044474e+03,9.565728347607700688e-02
1.115200000000044383e+03,9.757682437611168991e-02
1.115300000000044292e+03,9.949602071100148437e-02
1.115400000000044429e+03,1.014138633735476303e-01
1.115500000000044565e+03,1.033311503467911896e-01
1.115600000000044474e+03,1.052480479634721050e-01
1.115700000000044383e+03,1.071647650062518969e-01
1.115800000000044520e+03,1.090821704192787567e-01
1.115900000000044656e+03,1.110001453920494291e-01
1.116000000000044565e+03,1.129178073614128114e-01
1.116100000000044474e+03,1.148559471539797872e-01
1.116200000000044611e+03,1.167938455616910065e-01
1.116300000000044747e+03,1.187315025017887382e-01
1.116400000000044656e+03,1.206696058576494507e-01
1.116500000000044565e+03,1.226074937370948831e-01
1.116600000000044702e+03,1.245454462837903425e-01
1.116700000000044838e+03,1.264832508230032404e-01
1.116800000000044747e+03,1.284208464527905325e-01
1.116900000000044656e+03,1.303582330846018433e-01
1.117000000000044793e+03,1.322954106298483423e-01
1.117100000000044929e+03,1.341771519836346682e-01
1.117200000000044838e+03,1.360589856281466392e-01
1.117300000000044747e+03,1.379407847483246352e-01
1.117400000000044884e+03,1.398225492894648037e-01
1.117500000000045020e+03,1.417042791968433357e-01
1.117600000000044929e+03,1.435859195828720347e-01
1.117700000000044838e+03,1.454658890923917758e-01
1.117800000000044975e+03,1.473457801169854586e-01
1.117900000000045111e+03,1.492255926046241465e-01
1.118000000000045020e+03,1.511053265032083759e-01
1.118100000000044929e+03,1.528473754910030791e-01
1.118200000000045065e+03,1.545895186499679219e-01
1.118300000000045202e+03,1.563317559659516409e-01
1.118400000000045111e+03,1.580740874247990591e-01
1.118500000000045020e+03,1.598165130123590238e-01
1.118600000000045156e+03,1.615573364903047926e-01
1.118700000000045293e+03,1.632980345052561233e-01
1.118800000000045202e+03,1.650387861064770978e-01
1.118900000000045111e+03,1.667795912765222544e-01
1.119000000000045247e+03,1.685211136955418465e-01
1.119100000000045384e+03,1.700419445486812398e-01
1.119200000000045293e+03,1.715629958712579783e-01
1.119300000000045202e+03,1.730842676830873228e-01
1.119400000000045338e+03,1.746057600039859492e-01
1.119500000000045475e+03,1.761290575152287818e-01
1.119600000000045384e+03,1.776530689225887527e-01
1.119700000000045293e+03,1.791773362758092014e-01
1.119800000000045429e+03,1.807013498831988307e-01
1.119900000000045566e+03,1.822241553418667281e-01
1.120000000000045475e+03,1.837454964369287236e-01
1.120100000000045384e+03,1.849648664551509225e-01
1.120200000000045520e+03,1.861844910612150128e-01
1.120300000000045657e+03,1.874043702890729468e-01
1.120400000000045566e+03,1.886230905393692092e-01
1.120500000000045475e+03,1.898412640543071794e-01
1.120600000000045611e+03,1.910596639243667960e-01
1.120700000000045748e+03,1.922782901746330209e-01
1.120800000000045657e+03,1.934971428301931196e-01
1.120900000000045566e+03,1.947162219161414909e-01
1.121000000000045702e+03,1.959355274574050287e-01
1.121100000000045839e+03,1.967839746000203394e-01
1.121200000000045748e+03,1.976326454708735025e-01
1.121300000000045657e+03,1.984803506475995294e-01
1.121400000000045793e+03,1.993271475482012167e-01
1.121500000000045929e+03,2.001741484759640977e-01
1.121600000000045839e+03,2.010213534540102320e-01
1.121700000000045748e+03,2.018687625054670642e-01
1.121800000000045884e+03,2.027163756534628158e-01
1.121900000000046020e+03,2.035657080023750565e-01
1.122000000000045929e+03,2.044154470829491199e-01
1.122100000000045839e+03,2.048392237701077145e-01
1.122200000000045975e+03,2.052622097282128244e-01
1.122300000000046111e+03,2.056838559891429052e-01
1.122400000000046020e+03,2.061056234706738766e-01
1.122500000000045929e+03,2.065275121865160490e-01
1.122600000000046066e+03,2.069495221503793170e-01
1.122700000000046202e+03,2.073736344400119447e-01
1.122800000000046111e+03,2.077983068224558416e-01
1.122900000000046020e+03,2.082236289339940705e-01
1.123000000000046157e+03,2.086495215348424526e-01
1.123100000000046293e+03,2.086125354872385429e-01
1.123200000000046202e+03,2.085737237734230642e-01
1.123300000000046111e+03,2.085348884980213757e-01
1.123400000000046248e+03,2.084960296575538441e-01
1.123500000000046384e+03,2.084571472485411137e-01
1.123600000000046293e+03,2.084182412675038287e-01
1.123700000000046202e+03,2.083793117109624116e-01
1.123800000000046339e+03,2.083403585754369514e-01
1.123900000000046475e+03,2.083006127130123397e-01
1.124000000000046384e+03,2.082598691667475743e-01
1.124100000000046293e+03,2.077433197762856010e-01
1.124200000000046430e+03,2.072262593223150873e-01
1.124300000000046566e+03,2.067090128809446203e-01
1.124400000000046475e+03,2.061915804327980606e-01
1.124500000000046384e+03,2.056753092837478314e-01
1.124600000000046521e+03,2.051592206837955235e-01
1.124700000000046657e+03,2.046426648865397047e-01
1.124800000000046566e+03,2.041259158515352223e-01
1.124900000000046475e+03,2.036089735543076262e-01
1.125000000000046612e+03,2.030918379701658893e-01
1.125100000000046748e+03,2.021112440897234741e-01
1.125200000000046657e+03,2.011303203146072027e-01
1.125300000000046566e+03,2.001490666077872238e-01
1.125400000000046703e+03,1.991674829322312990e-01
1.125500000000046839e+03,1.981855692509112699e-01
1.125600000000046748e+03,1.972036131351290189e-01
1.125700000000046657e+03,1.962216004938247549e-01
1.125800000000046794e+03,1.952392521002331016e-01
1.125900000000046930e+03,1.942565679144615809e-01
1.126000000000046839e+03,1.932735478964180131e-01
1.126100000000046748e+03,1.918667516140823981e-01
1.126200000000046884e+03,1.904595652926395766e-01
1.126300000000047021e+03,1.890526589559771709e-01
1.126400000000046930e+03,1.876468711160491631e-01
1.126500000000046839e+03,1.862406604439315605e-01
1.126600000000046975e+03,1.848340268858003066e-01
1.126700000000047112e+03,1.834269703878345370e-01
1.126800000000047021e+03,1.820194908962089186e-01
1.126900000000046930e+03,1.806115883570874880e-01
1.127000000000047066e+03,1.792032627164619196e-01
1.127100000000047203e+03,1.774367930224701462e-01
1.127200000000047112e+03,1.756695841527869673e-01
1.127300000000047021e+03,1.739003324677755036e-01
1.127400000000047157e+03,1.721307466926307317e-01
1.127500000000047294e+03,1.703613037804114771e-01
1.127600000000047203e+03,1.685914845609071955e-01
1.127700000000047112e+03,1.668210051942130845e-01
1.127800000000047248e+03,1.650501829315487445e-01
1.127900000000047385e+03,1.632790177485971828e-01
1.128000000000047294e+03,1.615082467447141457e-01
1.128100000000047203e+03,1.594701221235681754e-01
1.128200000000047339e+03,1.574300033919896757e-01
1.128300000000047476e+03,1.553896840923131573e-01
1.128400000000047385e+03,1.533491642241624764e-01
1.128500000000047294e+03,1.513084437871544119e-01
1.128600000000047430e+03,1.492675227809074912e-01
1.128700000000047567e+03,1.472264012050524817e-01
1.128800000000047476e+03,1.451854951697804930e-01
1.128900000000047385e+03,1.431446227533028082e-01
1.129000000000047521e+03,1.411035310459961833e-01
1.129100000000047658e+03,1.388983982554224950e-01
1.129200000000047567e+03,1.366931012690401903e-01
1.129300000000047476e+03,1.344877769767920672e-01
1.129400000000047612e+03,1.322824253954471008e-01
1.129500000000047748e+03,1.300775798940867756e-01
1.129600000000047658e+03,1.278736541468810661e-01
1.129700000000047567e+03,1.256696499209475348e-01
1.129800000000047703e+03,1.234655672249497793e-01
1.129900000000047839e+03,1.212614060675629712e-01
1.130000000000047748e+03,1.190560744211596744e-01
1.130100000000047658e+03,1.168029810791337830e-01
1.130200000000047794e+03,1.145499554703298117e-01
1.130300000000047930e+03,1.122969976122678015e-01
1.130400000000047839e+03,1.100441075224686122e-01
1.130500000000047748e+03,1.077908941275227545e-01
1.130600000000047885e+03,1.055376640690601775e-01
1.130700000000048021e+03,1.032845224867664780e-01
1.130800000000047930e+03,1.010314693968782235e-01
1.130900000000047839e+03,9.877850481562143459e-02
1.131000000000047976e+03,9.652562876020942539e-02
1.131100000000048112e+03,9.632911775221680850e-02
1.131200000000048021e+03,9.613243670419195641e-02
1.131300000000047930e+03,9.593575244597069007e-02
1.131400000000048067e+03,9.573907898809690120e-02
1.131500000000048203e+03,9.554241633184200333e-02
1.131600000000048112e+03,9.534576447847681324e-02
1.131700000000048021e+03,9.514912342927171751e-02
1.131800000000048158e+03,9.495307859966455044e-02
1.131900000000048294e+03,9.475756276836909409e-02
1.132000000000048203e+03,9.456205326419445112e-02
1.132100000000048112e+03,9.645208509677188902e-02
1.132200000000048249e+03,9.834205346677378501e-02
1.132300000000048385e+03,1.002330852643000536e-01
1.132400000000048294e+03,1.021241388246239418e-01
1.132500000000048203e+03,1.040151730503985766e-01
1.132600000000048340e+03,1.059061879334901174e-01
1.132700000000048476e+03,1.077971834657560218e-01
1.132800000000048385e+03,1.096881596390534980e-01
1.132900000000048294e+03,1.115791164452480527e-01
1.133000000000048431e+03,1.134698846371149233e-01
1.133100000000048567e+03,1.153804143996895043e-01
1.133200000000048476e+03,1.172908643785637584e-01
1.133300000000048385e+03,1.192012345666498829e-01
1.133400000000048522e+03,1.211115249568607000e-01
1.133500000000048658e+03,1.230217355421001080e-01
1.133600000000048567e+03,1.249318663152725467e-01
1.133700000000048476e+03,1.268419172692914765e-01
1.133800000000048612e+03,1.287518883970698302e-01
1.133900000000048749e+03,1.306617796915130469e-01
1.134000000000048658e+03,1.325715911454987128e-01
1.134100000000048567e+03,1.344262509061931177e-01
1.134200000000048703e+03,1.362802705095227107e-01
1.134300000000048840e+03,1.381340803483722124e-01
1.134400000000048749e+03,1.399876804200720359e-01
1.134500000000048658e+03,1.418408375173029479e-01
1.134600000000048794e+03,1.436923386438838379e-01
1.134700000000048931e+03,1.455438154163531950e-01
1.134800000000048840e+03,1.473951108337650251e-01
1.134900000000048749e+03,1.492461606788388628e-01
1.135000000000048885e+03,1.510969649531370140e-01
1.135100000000049022e+03,1.528110504016139681e-01
1.135200000000048931e+03,1.545247496234532225e-01
1.135300000000048840e+03,1.562380626252234395e-01
1.135400000000048976e+03,1.579510108662322276e-01
1.135500000000049113e+03,1.596654147493064557e-01
1.135600000000049022e+03,1.613794724771562827e-01
1.135700000000048931e+03,1.630931840456422977e-01
1.135800000000049067e+03,1.648065494506261164e-01
1.135900000000049204e+03,1.665195686879635817e-01
1.136000000000049113e+03,1.682322417534102554e-01
1.136100000000049022e+03,1.697383962777063160e-01
1.136200000000049158e+03,1.712453344398374988e-01
1.136300000000049295e+03,1.727523514653032388e-01
1.136400000000049204e+03,1.742566053887256439e-01
1.136500000000049113e+03,1.757602021521146862e-01
1.136600000000049249e+03,1.772634788949582207e-01
1.136700000000049386e+03,1.787664356158621959e-01
1.136800000000049295e+03,1.802690723134341144e-01
1.136900000000049204e+03,1.817713889862898613e-01
1.137000000000049340e+03,1.832733856329170352e-01
1.137100000000049477e+03,1.845101745505732527e-01
1.137200000000049386e+03,1.857473127529709334e-01
1.137300000000049295e+03,1.869865254318498482e-01
1.137400000000049431e+03,1.882262741628109859e-01
1.137500000000049567e+03,1.894660235457871211e-01
1.137600000000049477e+03,1.907057735779970342e-01
1.137700000000049386e+03,1.919455242566646680e-01
1.137800000000049522e+03,1.931852755790139375e-01
1.137900000000049658e+03,1.944250275422640117e-01
1.138000000000049567e+03,1.956647801434716616e-01
1.138100000000049477e+03,1.965800546747789312e-01
1.138200000000049613e+03,1.974957889820099510e-01
1.138300000000049749e+03,1.984120424072574329e-01
1.138400000000049658e+03,1.993292034711088567e-01
1.138500000000049567e+03,2.002465851334376268e-01
1.138600000000049704e+03,2.011643262303119406e-01
1.138700000000049840e+03,2.020845089179497955e-01
1.138800000000049749e+03,2.030049337454671032e-01
1.138900000000049658e+03,2.039256007383777602e-01
1.139000000000049795e+03,2.048465099219984598e-01
1.139100000000049931e+03,2.053683836368007665e-01
1.139200000000049840e+03,2.058903995080119398e-01
1.139300000000049749e+03,2.064125575524024814e-01
1.139400000000049886e+03,2.069348577867454186e-01
1.139500000000050022e+03,2.074573002278120859e-01
1.139600000000049931e+03,2.079798848923757049e-01
1.139700000000049840e+03,2.085026117972121895e-01
1.139800000000049977e+03,2.090254809590999518e-01
1.139900000000050113e+03,2.095484923948156553e-01
1.140000000000050022e+03,2.100707505794097985e-01
1.140100000000049931e+03,2.101277378342768787e-01
1.140200000000050068e+03,2.101847248888391029e-01
1.140300000000050204e+03,2.102402030572156355e-01
1.140400000000050113e+03,2.102954301456813058e-01
1.140500000000050022e+03,2.103526220341679909e-01
1.140600000000050159e+03,2.104103038793077862e-01
1.140700000000050295e+03,2.104679859451253354e-01
1.140800000000050204e+03,2.105256682312631467e-01
1.140900000000050113e+03,2.105833507373642555e-01
1.141000000000050250e+03,2.106410334628386061e-01
1.141100000000050386e+03,2.102358100223062354e-01
1.141200000000050295e+03,2.098306217075227575e-01
1.141300000000050204e+03,2.094254685274417882e-01
1.141400000000050341e+03,2.090203504910166932e-01
1.141500000000050477e+03,2.086152676072036138e-01
1.141600000000050386e+03,2.082102198849599406e-01
1.141700000000050295e+03,2.078054085203933921e-01
1.141800000000050431e+03,2.074005911847290051e-01
1.141900000000050568e+03,2.069936493695400670e-01
1.142000000000050477e+03,2.065867505600354204e-01
1.142100000000050386e+03,2.057648217700300541e-01
1.142200000000050522e+03,2.049427516239824554e-01
1.142300000000050659e+03,2.041218316452507453e-01
1.142400000000050568e+03,2.033018471701353025e-01
1.142500000000050477e+03,2.024817021519024207e-01
1.142600000000050613e+03,2.016613965731888780e-01
1.142700000000050750e+03,2.008409304166331732e-01
1.142800000000050659e+03,2.000203036648722787e-01
1.142900000000050568e+03,1.991995163005391978e-01
1.143000000000050704e+03,1.983785683060581284e-01
1.143100000000050841e+03,1.971501154278229584e-01
1.143200000000050750e+03,1.959227094986200068e-01
1.143300000000050659e+03,1.946963108662263242e-01
1.143400000000050795e+03,1.934695675132905857e-01
1.143500000000050932e+03,1.922424793885178507e-01
1.143600000000050841e+03,1.910150464406088489e-01
1.143700000000050750e+03,1.897872686182526247e-01
1.143800000000050886e+03,1.885591458701336709e-01
1.143900000000051023e+03,1.873306781449361746e-01
1.144000000000050932e+03,1.861018653911363785e-01
1.144100000000050841e+03,1.844725098379666473e-01
1.144200000000050977e+03,1.828431733659987013e-01
1.144300000000051114e+03,1.812141027651554825e-01
1.144400000000051023e+03,1.795852981104346102e-01
1.144500000000050932e+03,1.779567594768345362e-01
1.144600000000051068e+03,1.763284869393628995e-01
1.144700000000051205e+03,1.747004805730432708e-01
1.144800000000051114e+03,1.730721810589483933e-01
1.144900000000051023e+03,1.714439269803554045e-01
1.145000000000051159e+03,1.698162595922419194e-01
1.145100000000051296e+03,1.679055159626933191e-01
1.145200000000051205e+03,1.659951860694992565e-01
1.145300000000051114e+03,1.640853784727881182e-01
1.145400000000051250e+03,1.621758664294809527e-01
1.145500000000051386e+03,1.602666500320370779e-01
1.145600000000051296e+03,1.583577293729262481e-01
1.145700000000051205e+03,1.564491045446204376e-01
1.145800000000051341e+03,1.545407756396026400e-01
1.145900000000051477e+03,1.526327868603350457e-01
1.146000000000051386e+03,1.507268084919813067e-01
1.146100000000051296e+03,1.486551176451585687e-01
1.146200000000051432e+03,1.465829358677068761e-01
1.146300000000051568e+03,1.445102630956256462e-01
1.146400000000051477e+03,1.424370992649091339e-01
1.146500000000051386e+03,1.403634443115365227e-01
1.146600000000051523e+03,1.382892981714825553e-01
1.146700000000051659e+03,1.362146607807256937e-01
1.146800000000051568e+03,1.341395320752393205e-01
1.146900000000051477e+03,1.320639119909823855e-01
1.147000000000051614e+03,1.299878004638480578e-01
1.147100000000051750e+03,1.277947319563493833e-01
1.147200000000051659e+03,1.256019290416333367e-01
1.147300000000051568e+03,1.234089155803473614e-01
1.147400000000051705e+03,1.212152386887193622e-01
1.147500000000051841e+03,1.190218788799112387e-01
1.147600000000051750e+03,1.168288362254750745e-01
1.147700000000051659e+03,1.146361107969587068e-01
1.147800000000051796e+03,1.124437026659153710e-01
1.147900000000051932e+03,1.102516119039141651e-01
1.148000000000051841e+03,1.080598385780557058e-01
1.148100000000051750e+03,9.723981322296058882e-02
1.148200000000051887e+03,8.642311006345559932e-02
1.148300000000052023e+03,7.561017966255718925e-02
1.148400000000051932e+03,6.480011710809348291e-02
1.148500000000051841e+03,5.399292299711715148e-02
1.148600000000051978e+03,4.318859792671224385e-02
1.148700000000052114e+03,3.238713066764472431e-02
1.148800000000052023e+03,2.158850586433885485e-02
1.148900000000051932e+03,1.079279544688141294e-02
1.149000000000052069e+03,5.362779077135722753e-12
1.149100000000052205e+03,1.030072132895236414e-02
1.149200000000052114e+03,2.060375270707886716e-02
1.149300000000052023e+03,3.090909428581639987e-02
1.149400000000052160e+03,4.121674621123615906e-02
1.149500000000052296e+03,5.152670862935924273e-02
1.149600000000052205e+03,6.183898168620383107e-02
1.149700000000052114e+03,7.215356552783205868e-02
1.149800000000052250e+03,8.247046030030290298e-02
1.149900000000052387e+03,9.278966614962551318e-02
1.150000000000052296e+03,1.031111832173735310e-01
1.150100000000052205e+03,1.049594116362488061e-01
1.150200000000052341e+03,1.068074508330211086e-01
1.150300000000052478e+03,1.086552321854612063e-01
1.150400000000052387e+03,1.105027556476366191e-01
1.150500000000052296e+03,1.123495258610984482e-01
1.150600000000052432e+03,1.141951944728344381e-01
1.150700000000052569e+03,1.160405621102160306e-01
1.150800000000052478e+03,1.178856287408397707e-01
1.150900000000052387e+03,1.197303943323121539e-01
1.151000000000052523e+03,1.215748588522400642e-01
1.151100000000052660e+03,1.234184918928436930e-01
1.151200000000052569e+03,1.252619963457758390e-01
1.151300000000052478e+03,1.271053721932908775e-01
1.151400000000052614e+03,1.289489935324399650e-01
1.151500000000052751e+03,1.307936413543289988e-01
1.151600000000052660e+03,1.326382033915388114e-01
1.151700000000052569e+03,1.344826796188327012e-01
1.151800000000052705e+03,1.363270700109734668e-01
1.151900000000052842e+03,1.381713745427169404e-01
1.152000000000052751e+03,1.400155931887951677e-01
1.152100000000052660e+03,1.418142486464196439e-01
1.152200000000052796e+03,1.436135538150700441e-01
1.152300000000052933e+03,1.454132336515196189e-01
1.152400000000052842e+03,1.472135651706406312e-01
1.152500000000052751e+03,1.490145484031701328e-01
1.152600000000052887e+03,1.508161833798386808e-01
1.152700000000053024e+03,1.526184701313607062e-01
1.152800000000052933e+03,1.544214086884433679e-01
1.152900000000052842e+03,1.562249990817943246e-01
1.153000000000052978e+03,1.580292413420139597e-01
1.153100000000053114e+03,1.596437458219306660e-01
1.153200000000053024e+03,1.612579604835129021e-01
1.153300000000052933e+03,1.628737635700806818e-01
1.153400000000053069e+03,1.644893322143801684e-01
1.153500000000053205e+03,1.661046483691570874e-01
1.153600000000053114e+03,1.677197119866191966e-01
1.153700000000053024e+03,1.693345230189866601e-01
1.153800000000053160e+03,1.709490814184833063e-01
1.153900000000053296e+03,1.725633871373292716e-01
1.154000000000053205e+03,1.741774401276612039e-01
1.154100000000053114e+03,1.756264847439205357e-01
1.154200000000053251e+03,1.770743949746822754e-01
1.154300000000053387e+03,1.785226281378698987e-01
1.154400000000053296e+03,1.799714681535478089e-01
1.154500000000053205e+03,1.814209150468521492e-01
1.154600000000053342e+03,1.828715997776516611e-01
1.154700000000053478e+03,1.843244104210910173e-01
1.154800000000053387e+03,1.857778616448941822e-01
1.154900000000053296e+03,1.872319534918315265e-01
1.155000000000053433e+03,1.886866860044930094e-01
1.155100000000053569e+03,1.898198267693836927e-01
1.155200000000053478e+03,1.909530351142459392e-01
1.155300000000053387e+03,1.920863110304317778e-01
1.155400000000053524e+03,1.932196545092922380e-01
1.155500000000053660e+03,1.943526875819073518e-01
1.155600000000053569e+03,1.954838900984976202e-01
1.155700000000053478e+03,1.966151339941529796e-01
1.155800000000053615e+03,1.977467711027363351e-01
1.155900000000053751e+03,1.988785008271426735e-01
1.156000000000053660e+03,2.000116780836995456e-01
1.156100000000053569e+03,2.008188915285216147e-01
1.156200000000053706e+03,2.016262815236648243e-01
1.156300000000053842e+03,2.024338480784891592e-01
1.156400000000053751e+03,2.032415016640167771e-01
1.156500000000053660e+03,2.040470484036665255e-01
1.156600000000053797e+03,2.048527531601177787e-01
1.156700000000053933e+03,2.056586159391558533e-01
1.156800000000053842e+03,2.064646367465641508e-01
1.156900000000053751e+03,2.072696751939689108e-01
1.157000000000053888e+03,2.080735886287250203e-01
1.157100000000054024e+03,2.084914713476387904e-01
1.157200000000053933e+03,2.089094345719912094e-01
1.157300000000053842e+03,2.093274783045006027e-01
1.157400000000053979e+03,2.097456025478847963e-01
1.157500000000054115e+03,2.101638073048592292e-01
1.157600000000054024e+03,2.105820925781387576e-01
1.157700000000053933e+03,2.110004583704399583e-01
1.157800000000054069e+03,2.114197499270698832e-01
1.157900000000054206e+03,2.118407407120800057e-01
1.158000000000054115e+03,2.122618216409198899e-01
1.158100000000054024e+03,2.122361379679790772e-01
1.158200000000054160e+03,2.122104191160657793e-01
1.158300000000054297e+03,2.121837633034661108e-01
1.158400000000054206e+03,2.121571076178289661e-01
1.158500000000054115e+03,2.121304520594599063e-01
1.158600000000054251e+03,2.121037966286641041e-01
1.158700000000054388e+03,2.120766123461164387e-01
1.158800000000054297e+03,2.120474932986724514e-01
1.158900000000054206e+03,2.120190567718890640e-01
1.159000000000054342e+03,2.119911549466468315e-01
1.159100000000054479e+03,2.115646959572374530e-01
1.159200000000054388e+03,2.111397330086532409e-01
1.159300000000054297e+03,2.107155218439347166e-01
1.159400000000054433e+03,2.102912021059406555e-01
1.159500000000054570e+03,2.098667737851832582e-01
1.159600000000054479e+03,2.094422368721744199e-01
1.159700000000054388e+03,2.090175913574246203e-01
1.159800000000054524e+03,2.085928372314451162e-01
1.159900000000054661e+03,2.081679744847477476e-01
1.160000000000054570e+03,2.077430031075882255e-01
1.160100000000054479e+03,2.068454879781939648e-01
1.160200000000054615e+03,2.059470584945400917e-01
1.160300000000054752e+03,2.050488712249237955e-01
1.160400000000054661e+03,2.041509262040758499e-01
1.160500000000054570e+03,2.032532234667237259e-01
1.160600000000054706e+03,2.023557630475959768e-01
1.160700000000054843e+03,2.014585449814259299e-01
1.160800000000054752e+03,2.005622909891480732e-01
1.160900000000054661e+03,1.996664690777905371e-01
1.161000000000054797e+03,1.987726884051402299e-01
1.161100000000054933e+03,1.975493386448653466e-01
1.161200000000054843e+03,1.963255771672547390e-01
1.161300000000054752e+03,1.951014039131657163e-01
1.161400000000054888e+03,1.938768188234511192e-01
1.161500000000055024e+03,1.926499726301325877e-01
1.161600000000054933e+03,1.914223532073285050e-01
1.161700000000054843e+03,1.901943504412889896e-01
1.161800000000054979e+03,1.889659642832126063e-01
1.161900000000055115e+03,1.877366234300613668e-01
1.162000000000055024e+03,1.865053091237835470e-01
1.162100000000054933e+03,1.848783771527738318e-01
1.162200000000055070e+03,1.832519989102708857e-01
1.162300000000055206e+03,1.816261745054602861e-01
1.162400000000055115e+03,1.800009040475332167e-01
1.162500000000055024e+03,1.783761876456810280e-01
1.162600000000055161e+03,1.767520254091007603e-01
1.162700000000055297e+03,1.751284174470044974e-01
1.162800000000055206e+03,1.735058354600127195e-01
1.162900000000055115e+03,1.718856733269822634e-01
1.163000000000055252e+03,1.702660215235279606e-01
1.163100000000055388e+03,1.684206260859720528e-01
1.163200000000055297e+03,1.665749318690454839e-01
1.163300000000055206e+03,1.647278527630063327e-01
1.163400000000055343e+03,1.628796831145871704e-01
1.163500000000055479e+03,1.610312576025596798e-01
1.163600000000055388e+03,1.591825762097140995e-01
1.163700000000055297e+03,1.573336389188326190e-01
1.163800000000055434e+03,1.554844457126972890e-01
1.163900000000055570e+03,1.536349965740985146e-01
1.164000000000055479e+03,1.517852914857146240e-01
1.164100000000055388e+03,1.497339080380911958e-01
1.164200000000055525e+03,1.476834939040908845e-01
1.164300000000055661e+03,1.456342242628873851e-01
1.164400000000055570e+03,1.435851244408321847e-01
1.164500000000055479e+03,1.415361945183009618e-01
1.164600000000055616e+03,1.394874345756769718e-01
1.164700000000055752e+03,1.374388446933610120e-01
1.164800000000055661e+03,1.353904249517613456e-01
1.164900000000055570e+03,1.333421754312845431e-01
1.165000000000055707e+03,1.312940962122988442e-01
1.165100000000055843e+03,1.291626261609250259e-01
1.165200000000055752e+03,1.270300649956995487e-01
1.165300000000055661e+03,1.248974640781643497e-01
1.165400000000055797e+03,1.227648234326262494e-01
1.165500000000055934e+03,1.206321430834043501e-01
1.165600000000055843e+03,1.184994230548207517e-01
1.165700000000055752e+03,1.163666633711899212e-01
1.165800000000055888e+03,1.142338640568295732e-01
1.165900000000056025e+03,1.121010251360691212e-01
1.166000000000055934e+03,1.099681466282884101e-01
1.166100000000055843e+03,9.897998958465874242e-02
1.166200000000055979e+03,8.798990907250721361e-02
1.166300000000056116e+03,7.699783754747914488e-02
1.166400000000056025e+03,6.600378616621181693e-02
1.166500000000055934e+03,5.500785514690458705e-02
1.166600000000056070e+03,4.401004433279590705e-02
1.166700000000056207e+03,3.301035356717124669e-02
1.166800000000056116e+03,2.200878269331375814e-02
1.166900000000056025e+03,1.100532504630761556e-02
1.167000000000056161e+03,5.728640290078990699e-12
1.167100000000056298e+03,1.020050222926713844e-02
1.167200000000056207e+03,2.040133969632873870e-02
1.167300000000056116e+03,3.060251237635819299e-02
1.167400000000056252e+03,4.080402023879692308e-02
1.167500000000056389e+03,5.100586325303641672e-02
1.167600000000056298e+03,6.120804138846489689e-02
1.167700000000056207e+03,7.141055461451358000e-02
1.167800000000056343e+03,8.161340290060997704e-02
1.167900000000056480e+03,9.181560521893160354e-02
1.168000000000056389e+03,1.020178319447875986e-01
1.168100000000056298e+03,1.038447497842235057e-01
1.168200000000056434e+03,1.056722653477831231e-01
1.168300000000056571e+03,1.075003618896777924e-01
1.168400000000056480e+03,1.093285720009293804e-01
1.168500000000056389e+03,1.111573631644378474e-01
1.168600000000056525e+03,1.129867353988755208e-01
1.168700000000056662e+03,1.148166887229046113e-01
1.168800000000056571e+03,1.166472231551856503e-01
1.168900000000056480e+03,1.184783387143854005e-01
1.169000000000056616e+03,1.203100354191646432e-01
1.169100000000056752e+03,1.221343811533661949e-01
1.169200000000056662e+03,1.239589860852444020e-01
1.169300000000056571e+03,1.257838502162782202e-01
1.169400000000056707e+03,1.276089735479457310e-01
1.169500000000056843e+03,1.294343560817155792e-01
1.169600000000056752e+03,1.312599978190555350e-01
1.169700000000056662e+03,1.330858987614403077e-01
1.169800000000056798e+03,1.349119814928755601e-01
1.169900000000056934e+03,1.367381242052222723e-01
1.170000000000056843e+03,1.385645187660376754e-01
1.170100000000056752e+03,1.403588791236597411e-01
1.170200000000056889e+03,1.421541523502815041e-01
1.170300000000057025e+03,1.439503384437874067e-01
1.170400000000056934e+03,1.457474374020575614e-01
1.170500000000056843e+03,1.475454492229760217e-01
1.170600000000056980e+03,1.493443739044231777e-01
1.170700000000057116e+03,1.511441130569381730e-01
1.170800000000057025e+03,1.529446732886141358e-01
1.170900000000056934e+03,1.547461419220185486e-01
1.171000000000057071e+03,1.565485189515641029e-01
1.171100000000057207e+03,1.581859333281429303e-01
1.171200000000057116e+03,1.598233460727034594e-01
1.171300000000057025e+03,1.614607571808214515e-01
1.171400000000057162e+03,1.630981666480717518e-01
1.171500000000057298e+03,1.647355744700216840e-01
1.171600000000057207e+03,1.663729806422387936e-01
1.171700000000057116e+03,1.680103851602970377e-01
1.171800000000057253e+03,1.696477880197711507e-01
1.171900000000057389e+03,1.712851892162276790e-01
1.172000000000057298e+03,1.729242723133982695e-01
1.172100000000057207e+03,1.744159798138348871e-01
1.172200000000057344e+03,1.759084500834404985e-01
1.172300000000057480e+03,1.774016831344249201e-01
1.172400000000057389e+03,1.788945374578224112e-01
1.172500000000057298e+03,1.803851047369016136e-01
1.172600000000057435e+03,1.818763655881215358e-01
1.172700000000057571e+03,1.833683199730254121e-01
1.172800000000057480e+03,1.848609678531519251e-01
1.172900000000057389e+03,1.863543091900426163e-01
1.173000000000057526e+03,1.878472587805818383e-01
1.173100000000057662e+03,1.890631991015854774e-01
1.173200000000057571e+03,1.902794084192988011e-01
1.173300000000057480e+03,1.914958344820541225e-01
1.173400000000057616e+03,1.927121930088627477e-01
1.173500000000057753e+03,1.939288155494452992e-01
1.173600000000057662e+03,1.951457020754425176e-01
1.173700000000057571e+03,1.963628525585003060e-01
1.173800000000057707e+03,1.975802669702627912e-01
1.173900000000057844e+03,1.987979452823676607e-01
1.174000000000057753e+03,2.000158874662522346e-01
1.174100000000057662e+03,2.008899896369053251e-01
1.174200000000057798e+03,2.017639592444551155e-01
1.174300000000057935e+03,2.026355247119477621e-01
1.174400000000057844e+03,2.035069762758135725e-01
1.174500000000057753e+03,2.043783139400242865e-01
1.174600000000057889e+03,2.052495377085520600e-01
1.174700000000058026e+03,2.061206475853660236e-01
1.174800000000057935e+03,2.069916435744351135e-01
1.174900000000057844e+03,2.078625256797327070e-01
1.175000000000057980e+03,2.087332939050531855e-01
1.175100000000058117e+03,2.092940931999384135e-01
1.175200000000058026e+03,2.098553480269305660e-01
1.175300000000057935e+03,2.104167710087407051e-01
1.175400000000058071e+03,2.109783621250385655e-01
1.175500000000058208e+03,2.115400162079327795e-01
1.175600000000058117e+03,2.121007273341177224e-01
1.175700000000058026e+03,2.126616000972022802e-01
1.175800000000058162e+03,2.132226344740261181e-01
1.175900000000058299e+03,2.137838304414258483e-01
1.176000000000058208e+03,2.143451879759617762e-01
1.176100000000058117e+03,2.144314688815797676e-01
1.176200000000058253e+03,2.145170851454801242e-01
1.176300000000058390e+03,2.146026382272026301e-01
1.176400000000058299e+03,2.146881281339786396e-01
1.176500000000058208e+03,2.147740367947075790e-01
1.176600000000058344e+03,2.148618931509841123e-01
1.176700000000058481e+03,2.149496885065891316e-01
1.176800000000058390e+03,2.150374228667830401e-01
1.176900000000058299e+03,2.151246688218965419e-01
1.177000000000058435e+03,2.152118473484177508e-01
1.177100000000058571e+03,2.149482072070896255e-01
1.177200000000058481e+03,2.146845536835227664e-01
1.177300000000058390e+03,2.144208867809416497e-01
1.177400000000058526e+03,2.141572065025703908e-01
1.177500000000058662e+03,2.138935128516354645e-01
1.177600000000058571e+03,2.136298058313626513e-01
1.177700000000058481e+03,2.133660854449762057e-01
1.177800000000058617e+03,2.131023516957009922e-01
1.177900000000058753e+03,2.128373709337987307e-01
1.178000000000058662e+03,2.125711451292963960e-01
1.178100000000058571e+03,2.118397930324787404e-01
1.178200000000058708e+03,2.111088112591796573e-01
1.178300000000058844e+03,2.103781997744494925e-01
1.178400000000058753e+03,2.096502332466384788e-01
1.178500000000058662e+03,2.089227792622127822e-01
1.178600000000058799e+03,2.081956786989240249e-01
1.178700000000058935e+03,2.074689315329553418e-01
1.178800000000058844e+03,2.067416493774534569e-01
1.178900000000058753e+03,2.060132206754049511e-01
1.179000000000058890e+03,2.052851620339662120e-01
1.179100000000059026e+03,2.042027097532398139e-01
1.179200000000058935e+03,2.031216418497210352e-01
1.179300000000058844e+03,2.020408393394471092e-01
1.179400000000058981e+03,2.009603022104810288e-01
1.179500000000059117e+03,1.998800304508878134e-01
1.179600000000059026e+03,1.988000240487319825e-01
1.179700000000058935e+03,1.977197299511803397e-01
1.179800000000059072e+03,1.966379739472406685e-01
1.179900000000059208e+03,1.955565081685242679e-01
1.180000000000059117e+03,1.944753325962317592e-01
1.180100000000059026e+03,1.930269453056038809e-01
1.180200000000059163e+03,1.915807728774838736e-01
1.180300000000059299e+03,1.901360029584367450e-01
1.180400000000059208e+03,1.886922278700592370e-01
1.180500000000059117e+03,1.872491863040167959e-01
1.180600000000059254e+03,1.858068156131122972e-01
1.180700000000059390e+03,1.843651157724173206e-01
1.180800000000059299e+03,1.829240867569976448e-01
1.180900000000059208e+03,1.814837285419063084e-01
1.181000000000059345e+03,1.800440411020305109e-01
1.181100000000059481e+03,1.783349118545619061e-01
1.181200000000059390e+03,1.766262393350278292e-01
1.181300000000059299e+03,1.749180235419203200e-01
1.181400000000059435e+03,1.732102644737268105e-01
1.181500000000059572e+03,1.715029621289385076e-01
1.181600000000059481e+03,1.697941784855973579e-01
1.181700000000059390e+03,1.680858558341809805e-01
1.181800000000059526e+03,1.663780294079127975e-01
1.181900000000059663e+03,1.646706991934757114e-01
1.182000000000059572e+03,1.629646561955619688e-01
1.182100000000059481e+03,1.610291969590332828e-01
1.182200000000059617e+03,1.590945388827159079e-01
1.182300000000059754e+03,1.571606819756992679e-01
1.182400000000059663e+03,1.552276262470632384e-01
1.182500000000059572e+03,1.532938517607973783e-01
1.182600000000059708e+03,1.513606580601720986e-01
1.182700000000059845e+03,1.494276617521563544e-01
1.182800000000059754e+03,1.474954929728515274e-01
1.182900000000059663e+03,1.455646758223569648e-01
1.183000000000059799e+03,1.436358977417154237e-01
1.183100000000059936e+03,1.415964347775181820e-01
1.183200000000059845e+03,1.395565727516892840e-01
1.183300000000059754e+03,1.375162240355397303e-01
1.183400000000059890e+03,1.354748970288895682e-01
1.183500000000060027e+03,1.334333374031197172e-01
1.183600000000059936e+03,1.313919869219767611e-01
1.183700000000059845e+03,1.293508455950833080e-01
1.183800000000059981e+03,1.273101489676200515e-01
1.183900000000060118e+03,1.252707924516615612e-01
1.184000000000060027e+03,1.232315617724418916e-01
1.184100000000059936e+03,1.211236824084839653e-01
1.184200000000060072e+03,1.190165927673000890e-01
1.184300000000060209e+03,1.169102928515251272e-01
1.184400000000060118e+03,1.148047826637823982e-01
1.184500000000060027e+03,1.127000622066755969e-01
1.184600000000060163e+03,1.105961314827973718e-01
1.184700000000060299e+03,1.084929529015409982e-01
1.184800000000060209e+03,1.063893646133092646e-01
1.184900000000060118e+03,1.042866148809241528e-01
1.185000000000060254e+03,1.021847036795967278e-01
1.185100000000060390e+03,9.197594705025230466e-02
1.185200000000060299e+03,8.176503123657839767e-02
1.185300000000060209e+03,7.155195645432452234e-02
1.185400000000060345e+03,6.133672291929126441e-02
1.185500000000060481e+03,5.111933084737633332e-02
1.185600000000060390e+03,4.089978045452837691e-02
1.185700000000060299e+03,3.067807195670026188e-02
1.185800000000060436e+03,2.045420556989581418e-02
1.185900000000060572e+03,1.022818151021616558e-02
1.186000000000060481e+03,6.498246350777191940e-12
1.186100000000060390e+03,1.074257694066432789e-02
1.186200000000060527e+03,2.148189446423861421e-02
1.186300000000060663e+03,3.221795261141147115e-02
1.186400000000060572e+03,4.295075141642899080e-02
1.186500000000060481e+03,5.368029091364210498e-02
1.186600000000060618e+03,6.440716870789246762e-02
1.186700000000060754e+03,7.513137942093309207e-02
1.186800000000060663e+03,8.585264211715076810e-02
1.186900000000060572e+03,9.657095672649411433e-02
1.187000000000060709e+03,1.072860651073374583e-01
1.187100000000060845e+03,1.090613783000866921e-01
1.187200000000060754e+03,1.108373447065423151e-01
1.187300000000060663e+03,1.126139642753740677e-01
1.187400000000060800e+03,1.143912369552378405e-01
1.187500000000060936e+03,1.161700313026525072e-01
1.187600000000060845e+03,1.179499973468989965e-01
1.187700000000060754e+03,1.197306579361899631e-01
1.187800000000060891e+03,1.215120130477573002e-01
1.187900000000061027e+03,1.232940626588134719e-01
1.188000000000060936e+03,1.250768067465365951e-01
1.188100000000060845e+03,1.268215188109273195e-01
1.188200000000060982e+03,1.285661896118134306e-01
1.188300000000061118e+03,1.303108191373433533e-01
1.188400000000061027e+03,1.320554073756655122e-01
1.188500000000060936e+03,1.338001870848901931e-01
1.188600000000061073e+03,1.355450842651616805e-01
1.188700000000061209e+03,1.372899501236450048e-01
1.188800000000061118e+03,1.390347846481535810e-01
1.188900000000061027e+03,1.407795878265085399e-01
1.189000000000061164e+03,1.425243596464949580e-01
1.189100000000061300e+03,1.442109401909344724e-01
1.189200000000061209e+03,1.458977610275707937e-01
1.189300000000061118e+03,1.475848221350558320e-01
1.189400000000061254e+03,1.492721234920377227e-01
1.189500000000061391e+03,1.509596650771527493e-01
1.189600000000061300e+03,1.526474468690341979e-01
1.189700000000061209e+03,1.543354688463181024e-01
1.189800000000061345e+03,1.560252200344825202e-01
1.189900000000061482e+03,1.577155770960889103e-01
1.190000000000061391e+03,1.594062137870546347e-01
1.190100000000061300e+03,1.609841200723251542e-01
1.190200000000061436e+03,1.625621132909537414e-01
1.190300000000061573e+03,1.641391862350837505e-01
1.190400000000061482e+03,1.657163667670421281e-01
1.190500000000061391e+03,1.672940696174407826e-01
1.190600000000061527e+03,1.688722947398711982e-01
1.190700000000061664e+03,1.704510420879118970e-01
1.190800000000061573e+03,1.720303116151354617e-01
1.190900000000061482e+03,1.736101712019872956e-01
1.191000000000061618e+03,1.751906620467456321e-01
1.191100000000061755e+03,1.765336375863197083e-01
1.191200000000061664e+03,1.778781386464003134e-01
1.191300000000061573e+03,1.792223770082009282e-01
1.191400000000061709e+03,1.805673483929132739e-01
1.191500000000061846e+03,1.819125882712274989e-01
1.191600000000061755e+03,1.832575879130250440e-01
1.191700000000061664e+03,1.846023473166791828e-01
1.191800000000061800e+03,1.859468664805638827e-01
1.191900000000061937e+03,1.872911454030490308e-01
1.192000000000061846e+03,1.886351840823754789e-01
1.192100000000061755e+03,1.897660403381068173e-01
1.192200000000061891e+03,1.908967426228909137e-01
1.192300000000062028e+03,1.920274190784331814e-01
1.192400000000061937e+03,1.931582803311118479e-01
1.192500000000061846e+03,1.942893263563030271e-01
1.192600000000061982e+03,1.954205571293805566e-01
1.192700000000062118e+03,1.965519726257118904e-01
1.192800000000062028e+03,1.976835728206609855e-01
1.192900000000061937e+03,1.988153576895958508e-01
1.193000000000062073e+03,1.999493480415512892e-01
1.193100000000062209e+03,2.007752500346572377e-01
1.193200000000062118e+03,2.016011972774441885e-01
1.193300000000062028e+03,2.024271897620331662e-01
1.193400000000062164e+03,2.032532274805442518e-01
1.193500000000062300e+03,2.040793104250930579e-01
1.193600000000062209e+03,2.049054385877950024e-01
1.193700000000062118e+03,2.057316119607688343e-01
1.193800000000062255e+03,2.065578305361324141e-01
1.193900000000062391e+03,2.073840943059995501e-01
1.194000000000062300e+03,2.082105412474399564e-01
1.194100000000062209e+03,2.086535024352991763e-01
1.194200000000062346e+03,2.090962718322786074e-01
1.194300000000062482e+03,2.095388494465596774e-01
1.194400000000062391e+03,2.099813363960756074e-01
1.194500000000062300e+03,2.104239545978325021e-01
1.194600000000062437e+03,2.108663828209741131e-01
1.194700000000062573e+03,2.113086210725212966e-01
1.194800000000062482e+03,2.117506693594965184e-01
1.194900000000062391e+03,2.121925276889265188e-01
1.195000000000062528e+03,2.126341960676323417e-01
1.195100000000062664e+03,2.127463309324072738e-01
1.195200000000062573e+03,2.128584571654351110e-01
1.195300000000062482e+03,2.129705747664195070e-01
1.195400000000062619e+03,2.130826837350643377e-01
1.195500000000062755e+03,2.131947840710720077e-01
1.195600000000062664e+03,2.133068757741467814e-01
1.195700000000062573e+03,2.134189588439917018e-01
1.195800000000062710e+03,2.135310332803116440e-01
1.195900000000062846e+03,2.136430990828088461e-01
1.196000000000062755e+03,2.137551562509496794e-01
1.196100000000062664e+03,2.134879567267864431e-01
1.196200000000062801e+03,2.132207771048476030e-01
1.196300000000062937e+03,2.129536173857137782e-01
1.196400000000062846e+03,2.126865183369088252e-01
1.196500000000062755e+03,2.124194474076642747e-01
1.196600000000062892e+03,2.121515316514645255e-01
1.196700000000063028e+03,2.118820267943326008e-01
1.196800000000062937e+03,2.116125478407563099e-01
1.196900000000062846e+03,2.113430947910645841e-01
1.197000000000062983e+03,2.110736676453223160e-01
1.197100000000063119e+03,2.103844625215119113e-01
1.197200000000063028e+03,2.096955809346503774e-01
1.197300000000062937e+03,2.090070228585898249e-01
1.197400000000063073e+03,2.083187882671806712e-01
1.197500000000063210e+03,2.076297955734988931e-01
1.197600000000063119e+03,2.069380656143896546e-01
1.197700000000063028e+03,2.062466864910374453e-01
1.197800000000063164e+03,2.055556581588868781e-01
1.197900000000063301e+03,2.048649435849945466e-01
1.198000000000063210e+03,2.041742055437680559e-01
1.198100000000063119e+03,2.031423599691564996e-01
1.198200000000063255e+03,2.021108898516365271e-01
1.198300000000063392e+03,2.010797951480735313e-01
1.198400000000063301e+03,2.000492871243992610e-01
1.198500000000063210e+03,1.990212681145138718e-01
1.198600000000063346e+03,1.979936005298822133e-01
1.198700000000063483e+03,1.969662843371783045e-01
1.198800000000063392e+03,1.959393195030738333e-01
1.198900000000063301e+03,1.949127059942352413e-01
1.199000000000063437e+03,1.938864437771415927e-01
1.199100000000063574e+03,1.925680375704025560e-01
1.199200000000063483e+03,1.912496531327783911e-01
1.199300000000063392e+03,1.899312904781717548e-01
1.199400000000063528e+03,1.886129496204862754e-01
1.199500000000063665e+03,1.872946305736312156e-01
1.199600000000063574e+03,1.859760005940666872e-01
1.199700000000063483e+03,1.846571983213442236e-01
1.199800000000063619e+03,1.833384254598725560e-01
1.199900000000063756e+03,1.820196820233233592e-01
1.200000000000063665e+03,1.807009680251855099e-01
1.200100000000063574e+03,1.790949473904131506e-01
1.200200000000063710e+03,1.774891583266722250e-01
1.200300000000063847e+03,1.758853119321531489e-01
1.200400000000063756e+03,1.742820089758887747e-01
1.200500000000063665e+03,1.726789003122325972e-01
1.200600000000063801e+03,1.710759859353912782e-01
1.200700000000063937e+03,1.694737953620201465e-01
1.200800000000063847e+03,1.678732279960868379e-01
1.200900000000063756e+03,1.662728175085793625e-01
1.201000000000063892e+03,1.646725638977502570e-01
1.201100000000064028e+03,1.628471093861383057e-01
1.201200000000063937e+03,1.610220718278340957e-01
1.201300000000063847e+03,1.591974512124488816e-01
1.201400000000063983e+03,1.573733048879514540e-01
1.201500000000064119e+03,1.555502578723840790e-01
1.201600000000064028e+03,1.537278767960525427e-01
1.201700000000063937e+03,1.519074208904155621e-01
1.201800000000064074e+03,1.500873215129527316e-01
1.201900000000064210e+03,1.482675786718339606e-01
1.202000000000064119e+03,1.464481923751474457e-01
1.202100000000064028e+03,1.445042077357608923e-01
1.202200000000064165e+03,1.425601050370851053e-01
1.202300000000064301e+03,1.406158842832831990e-01
1.202400000000064210e+03,1.386715454785191481e-01
1.202500000000064119e+03,1.367271023149907172e-01
1.202600000000064256e+03,1.347841037907416828e-01
1.202700000000064392e+03,1.328409417334631970e-01
1.202800000000064301e+03,1.308976161431832097e-01
1.202900000000064210e+03,1.289541270199213441e-01
1.203000000000064347e+03,1.270104743636714384e-01
1.203100000000064483e+03,1.250228964577103641e-01
1.203200000000064392e+03,1.230344922318732659e-01
1.203300000000064301e+03,1.210450430572442143e-01
1.203400000000064438e+03,1.190546484217758633e-01
1.203500000000064574e+03,1.170634387325091008e-01
1.203600000000064483e+03,1.150714139469302816e-01
1.203700000000064392e+03,1.130785740225216385e-01
1.203800000000064529e+03,1.110849189167703310e-01
1.203900000000064665e+03,1.090908499875360843e-01
1.204000000000064574e+03,1.070968095227272932e-01
1.204100000000064483e+03,9.640965121502627355e-02
1.204200000000064620e+03,8.571748910933051080e-02
1.204300000000064756e+03,7.502032274276042301e-02
1.204400000000064665e+03,6.431815165245852173e-02
1.204500000000064574e+03,5.361097537554029846e-02
1.204600000000064711e+03,4.289879344914280385e-02
1.204700000000064847e+03,3.218160541047382361e-02
1.204800000000064756e+03,2.145941079676245630e-02
1.204900000000064665e+03,1.073220914521111000e-02
1.205000000000064801e+03,6.637371484584504259e-12
1.205100000000064938e+03,1.024429910842958140e-02
1.205200000000064847e+03,2.049190464510035337e-02
1.205300000000064756e+03,3.074281690156488792e-02
1.205400000000064892e+03,4.099703616272121209e-02
1.205500000000065029e+03,5.125456271340347869e-02
1.205600000000064938e+03,6.151539683842892348e-02
1.205700000000064847e+03,7.177985338744249932e-02
1.205800000000064983e+03,8.204803361293847019e-02
1.205900000000065120e+03,9.231969380823744353e-02
1.206000000000065029e+03,1.025948343362624304e-01
1.206100000000064938e+03,1.043059625551294861e-01
1.206200000000065074e+03,1.060181877954830126e-01
1.206300000000065211e+03,1.077315612623342966e-01
1.206400000000065120e+03,1.094454628912680388e-01
1.206500000000065029e+03,1.111598927453996827e-01
1.206600000000065165e+03,1.128748508878452267e-01
1.206700000000065302e+03,1.145890963068991880e-01
1.206800000000065211e+03,1.163037334800163108e-01
1.206900000000065120e+03,1.180188591028841494e-01
1.207000000000065256e+03,1.197346914188066602e-01
1.207100000000065393e+03,1.214620197933310025e-01
1.207200000000065302e+03,1.231900055074954259e-01
1.207300000000065211e+03,1.249186486388956241e-01
1.207400000000065347e+03,1.266479492651263750e-01
1.207500000000065484e+03,1.283779074637741435e-01
1.207600000000065393e+03,1.301085233124241181e-01
1.207700000000065302e+03,1.318397968886689253e-01
1.207800000000065438e+03,1.335717282701003317e-01
1.207900000000065575e+03,1.353043175343012494e-01
1.208000000000065484e+03,1.370375647588280288e-01
1.208100000000065393e+03,1.387318738192458989e-01
1.208200000000065529e+03,1.404269815081669315e-01
1.208300000000065666e+03,1.421228879223520314e-01
1.208400000000065575e+03,1.438195931585604936e-01
1.208500000000065484e+03,1.455170973135577195e-01
1.208600000000065620e+03,1.472154004841079167e-01
1.208700000000065756e+03,1.489145027669658006e-01
1.208800000000065666e+03,1.506144641421602037e-01
1.208900000000065575e+03,1.523156021492300949e-01
1.209000000000065711e+03,1.540175493127194373e-01
1.209100000000065847e+03,1.556185974193561861e-01
1.209200000000065756e+03,1.572203649105975154e-01
1.209300000000065666e+03,1.588228518706649162e-01
1.209400000000065802e+03,1.604260583837795184e-01
1.209500000000065938e+03,1.620299845341521550e-01
1.209600000000065847e+03,1.636346304059928536e-01
1.209700000000065756e+03,1.652399960835175818e-01
1.209800000000065893e+03,1.668452054419605479e-01
1.209900000000066029e+03,1.684525126164937714e-01
1.210000000000065938e+03,1.700606006936241088e-01
1.210100000000065847e+03,1.715015197094610366e-01
1.210200000000065984e+03,1.729428793041067336e-01
1.210300000000066120e+03,1.743846795188398191e-01
1.210400000000066029e+03,1.758269203949358317e-01
1.210500000000065938e+03,1.772696019736745010e-01
1.210600000000066075e+03,1.787127242963321427e-01
1.210700000000066211e+03,1.801556248497836465e-01
1.210800000000066120e+03,1.815985825725897618e-01
1.210900000000066029e+03,1.830419646099029352e-01
1.211000000000066166e+03,1.844857709954239033e-01
1.211100000000066302e+03,1.857057288506140935e-01
1.211200000000066211e+03,1.869264496263805808e-01
1.211300000000066120e+03,1.881489103336760060e-01
1.211400000000066257e+03,1.893715507735754533e-01
1.211500000000066393e+03,1.905943709500873273e-01
1.211600000000066302e+03,1.918173708672166466e-01
1.211700000000066211e+03,1.930405505289735923e-01
1.211800000000066348e+03,1.942639099393648761e-01
1.211900000000066484e+03,1.954874491023907701e-01
1.212000000000066393e+03,1.967113629228987581e-01
1.212100000000066302e+03,1.976619485341706561e-01
1.212200000000066439e+03,1.986125309361226610e-01
1.212300000000066575e+03,1.995631101119329509e-01
1.212400000000066484e+03,2.005136860447788716e-01
1.212500000000066393e+03,2.014642587178415711e-01
1.212600000000066530e+03,2.024148281143025030e-01
1.212700000000066666e+03,2.033653942173381801e-01
1.212800000000066575e+03,2.043159570101243938e-01
1.212900000000066484e+03,2.052665164758420424e-01
1.213000000000066620e+03,2.062162353679601046e-01
1.213100000000066757e+03,2.068581036844444332e-01
1.213200000000066666e+03,2.074999059335919382e-01
1.213300000000066575e+03,2.081416420928720312e-01
1.213400000000066711e+03,2.087833121397567882e-01
1.213500000000066848e+03,2.094249160517152875e-01
1.213600000000066757e+03,2.100664538062183284e-01
1.213700000000066666e+03,2.107079253807418728e-01
1.213800000000066802e+03,2.113493307527618548e-01
1.213900000000066939e+03,2.119906698997532368e-01
1.214000000000066848e+03,2.126297310620895720e-01
1.214100000000066757e+03,2.129308984465171084e-01
1.214200000000066893e+03,2.132320055368193967e-01
1.214300000000067030e+03,2.135330523239517830e-01
1.214400000000066939e+03,2.138332220604171885e-01
1.214500000000066848e+03,2.141316516929870628e-01
1.214600000000066984e+03,2.144300142163073630e-01
1.214700000000067121e+03,2.147283096243951528e-01
1.214800000000067030e+03,2.150259570478443572e-01
1.214900000000066939e+03,2.153232602081165958e-01
1.215000000000067075e+03,2.156204938666139992e-01
1.215100000000067212e+03,2.155639294242149839e-01
1.215200000000067121e+03,2.155073713799990909e-01
1.215300000000067030e+03,2.154508197345708087e-01
1.215400000000067166e+03,2.153942744885345983e-01
1.215500000000067303e+03,2.153377356424954203e-01
1.215600000000067212e+03,2.152812031970582074e-01
1.215700000000067121e+03,2.152246771528267544e-01
1.215800000000067257e+03,2.151697460379223548e-01
1.215900000000067394e+03,2.151157379291244731e-01
1.216000000000067303e+03,2.150617347317520245e-01
1.216100000000067212e+03,2.146499873736471831e-01
1.216200000000067348e+03,2.142383270298058029e-01
1.216300000000067485e+03,2.138254651600539347e-01
1.216400000000067394e+03,2.134126833861869910e-01
1.216500000000067303e+03,2.129999817133911011e-01
1.216600000000067439e+03,2.125873601468534213e-01
1.216700000000067575e+03,2.121760651150925436e-01
1.216800000000067485e+03,2.117660669953136676e-01
1.216900000000067394e+03,2.113561392228344160e-01
1.217000000000067530e+03,2.109462818064233303e-01
1.217100000000067666e+03,2.101877728187172556e-01
1.217200000000067575e+03,2.094293713570274384e-01
1.217300000000067485e+03,2.086710774351955566e-01
1.217400000000067621e+03,2.079128910670607344e-01
1.217500000000067757e+03,2.071548122664623459e-01
1.217600000000067666e+03,2.063968410472373227e-01
1.217700000000067575e+03,2.056389774232169065e-01
1.217800000000067712e+03,2.048812214082289807e-01
1.217900000000067848e+03,2.041235730161018724e-01
1.218000000000067757e+03,2.033660322604417259e-01
1.218100000000067666e+03,2.022822331940013485e-01
1.218200000000067803e+03,2.011983357539497141e-01
1.218300000000067939e+03,2.001145420913632844e-01
1.218400000000067848e+03,1.990308522219117748e-01
1.218500000000067757e+03,1.979478325068195488e-01
1.218600000000067894e+03,1.968666373958186111e-01
1.218700000000068030e+03,1.957855207061859337e-01
1.218800000000067939e+03,1.947044824607518931e-01
1.218900000000067848e+03,1.936235226823393718e-01
1.219000000000067985e+03,1.925441670559392970e-01
1.219100000000068121e+03,1.911754184374023502e-01
1.219200000000068030e+03,1.898066499397547957e-01
1.219300000000067939e+03,1.884378615928195277e-01
1.219400000000068076e+03,1.870687997469167307e-01
1.219500000000068212e+03,1.856978145909522482e-01
1.219600000000068121e+03,1.843268418041831835e-01
1.219700000000068030e+03,1.829558814103883768e-01
1.219800000000068167e+03,1.815849334333447529e-01
1.219900000000068303e+03,1.802128415942446105e-01
1.220000000000068212e+03,1.788398486140848898e-01
1.220100000000068121e+03,1.772248225441227509e-01
1.220200000000068258e+03,1.756097360447509415e-01
1.220300000000068394e+03,1.739945891350359597e-01
1.220400000000068303e+03,1.723793818340445816e-01
1.220500000000068212e+03,1.707642630487307134e-01
1.220600000000068349e+03,1.691497082726283463e-01
1.220700000000068485e+03,1.675350783715203185e-01
1.220800000000068394e+03,1.659203733634965483e-01
1.220900000000068303e+03,1.643055932666404595e-01
1.221000000000068439e+03,1.626907380989115193e-01
1.221100000000068576e+03,1.608921200768712312e-01
1.221200000000068485e+03,1.590932997909781377e-01
1.221300000000068394e+03,1.572942772569977665e-01
1.221400000000068530e+03,1.554950524907008080e-01
1.221500000000068667e+03,1.536956255078696654e-01
1.221600000000068576e+03,1.518959963242913491e-01
1.221700000000068485e+03,1.500961649557489841e-01
1.221800000000068621e+03,1.482961314180296086e-01
1.221900000000068758e+03,1.464958957269330841e-01
1.222000000000068667e+03,1.446954578981819173e-01
1.222100000000068576e+03,1.427774137652698117e-01
1.222200000000068712e+03,1.408590839743808498e-01
1.222300000000068849e+03,1.389403979650335186e-01
1.222400000000068758e+03,1.370213557399314053e-01
1.222500000000068667e+03,1.351019573017772923e-01
1.222600000000068803e+03,1.331822026532809289e-01
1.222700000000068940e+03,1.312620917971681622e-01
1.222800000000068849e+03,1.293416247361725002e-01
1.222900000000068758e+03,1.274208014730254246e-01
1.223000000000068894e+03,1.254996220104341309e-01
1.223100000000069031e+03,1.235307536061691219e-01
1.223200000000068940e+03,1.215608997489478899e-01
1.223300000000068849e+03,1.195906439321246240e-01
1.223400000000068985e+03,1.176199861587242657e-01
1.223500000000069122e+03,1.156489264317880489e-01
1.223600000000069031e+03,1.136774647543652150e-01
1.223700000000068940e+03,1.117056011295031320e-01
1.223800000000069076e+03,1.097333355602574806e-01
1.223900000000069213e+03,1.077606680496999148e-01
1.224000000000069122e+03,1.057881757106660242e-01
1.224100000000069031e+03,9.522078509017838088e-02
1.224200000000069167e+03,8.465049750914040161e-02
1.224300000000069303e+03,7.407776003707669532e-02
1.224400000000069213e+03,6.350257266451178606e-02
1.224500000000069122e+03,5.292493538197465958e-02
1.224600000000069258e+03,4.234484818004657924e-02
1.224700000000069394e+03,3.176231104940941546e-02
1.224800000000069303e+03,2.117732398079736483e-02
1.224900000000069213e+03,1.058984509776843622e-02
1.225000000000069349e+03,0.000000000000000000e+00
1.225100000000069485e+03,0.000000000000000000e+00
1.225200000000069394e+03,0.000000000000000000e+00
1.225300000000069303e+03,0.000000000000000000e+00
1.225400000000069440e+03,0.000000000000000000e+00
1.225500000000069576e+03,0.000000000000000000e+00
1.225600000000069485e+03,0.000000000000000000e+00
1.225700000000069394e+03,0.000000000000000000e+00
1.225800000000069531e+03,0.000000000000000000e+00
1.225900000000069667e+03,0.000000000000000000e+00
1.226000000000069576e+03,8.435266814356133155e-12
1.226100000000069485e+03,1.212464010750941880e-02
1.226200000000069622e+03,2.425103646986674286e-02
1.226300000000069758e+03,3.637946186593641468e-02
1.226400000000069667e+03,4.851002385633007563e-02
1.226500000000069576e+03,6.064262311239466269e-02
1.226600000000069713e+03,7.277725958212243051e-02
1.226700000000069849e+03,8.491385222233578667e-02
1.226800000000069758e+03,9.705142634822783165e-02
1.226900000000069667e+03,1.091907561457298725e-01
1.227000000000069804e+03,1.213318415138692624e-01
1.227100000000069940e+03,1.229963034034451397e-01
1.227200000000069849e+03,1.246608986182327766e-01
1.227300000000069758e+03,1.263251320853050474e-01
1.227400000000069895e+03,1.279894012276714677e-01
1.227500000000070031e+03,1.296537884067564816e-01
1.227600000000069940e+03,1.313182936077908758e-01
1.227700000000069849e+03,1.329829168160100716e-01
1.227800000000069986e+03,1.346476580166473258e-01
1.227900000000070122e+03,1.363125171949243486e-01
1.228000000000070031e+03,1.379774943360259354e-01
1.228100000000069940e+03,1.395919662785828907e-01
1.228200000000070077e+03,1.412053801736717074e-01
1.228300000000070213e+03,1.428187140701196178e-01
1.228400000000070122e+03,1.444319679567490911e-01
1.228500000000070031e+03,1.460451418223900899e-01
1.228600000000070168e+03,1.476582356558733267e-01
1.228700000000070304e+03,1.492712494460216310e-01
1.228800000000070213e+03,1.508841831816590540e-01
1.228900000000070122e+03,1.524970368516168628e-01
1.229000000000070258e+03,1.541098104446561867e-01
1.229100000000070395e+03,1.556214570752734450e-01
1.229200000000070304e+03,1.571328518608709757e-01
1.229300000000070213e+03,1.586439947949276341e-01
1.229400000000070349e+03,1.601548858709265777e-01
1.229500000000070486e+03,1.616655250823461898e-01
1.229600000000070395e+03,1.631759124226688784e-01
1.229700000000070304e+03,1.646860478853870990e-01
1.229800000000070440e+03,1.661959314639963881e-01
1.229900000000070577e+03,1.677058152687381787e-01
1.230000000000070486e+03,1.692171578861764447e-01
1.230100000000070395e+03,1.705785166702203925e-01
1.230200000000070531e+03,1.719395462547578801e-01
1.230300000000070668e+03,1.733002466216272686e-01
1.230400000000070577e+03,1.746583308461269746e-01
1.230500000000070486e+03,1.760142766688669869e-01
1.230600000000070622e+03,1.773698304075146670e-01
1.230700000000070759e+03,1.787249920711848628e-01
1.230800000000070668e+03,1.800797616689975011e-01
1.230900000000070577e+03,1.814341392100836947e-01
1.231000000000070713e+03,1.827881247034442991e-01
1.231100000000070850e+03,1.839496187337805455e-01
1.231200000000070759e+03,1.851107375614916561e-01
1.231300000000070668e+03,1.862724216634022434e-01
1.231400000000070804e+03,1.874349673920452375e-01
1.231500000000070941e+03,1.885971648168783266e-01
1.231600000000070850e+03,1.897590139326484071e-01
1.231700000000070759e+03,1.909205147341140330e-01
1.231800000000070895e+03,1.920816672160385041e-01
1.231900000000071032e+03,1.932424713731853705e-01
1.232000000000070941e+03,1.944029272001615294e-01
1.232100000000070850e+03,1.953343575357635309e-01
1.232200000000070986e+03,1.962655618727401352e-01
1.232300000000071122e+03,1.971976955682017973e-01
1.232400000000071032e+03,1.981301068282989852e-01
1.232500000000070941e+03,1.990623076102602529e-01
1.232600000000071077e+03,1.999942979034287638e-01
1.232700000000071213e+03,2.009260776971488194e-01
1.232800000000071122e+03,2.018576469807676077e-01
1.232900000000071032e+03,2.027886127265089988e-01
1.233000000000071168e+03,2.037191753585574361e-01
1.233100000000071304e+03,2.043885734679053712e-01
1.233200000000071213e+03,2.050557691359880530e-01
1.233300000000071122e+03,2.057228694692420368e-01
1.233400000000071259e+03,2.063898744658079210e-01
1.233500000000071395e+03,2.070567841238224738e-01
1.233600000000071304e+03,2.077235984414249337e-01
1.233700000000071213e+03,2.083903174167573702e-01
1.233800000000071350e+03,2.090569410479638235e-01
1.233900000000071486e+03,2.097234693331855582e-01
1.234000000000071395e+03,2.103897854735907735e-01
1.234100000000071304e+03,2.107591704144662625e-01
1.234200000000071441e+03,2.111285234904720087e-01
1.234300000000071577e+03,2.114978447002985040e-01
1.234400000000071486e+03,2.118671340426367955e-01
1.234500000000071395e+03,2.122375796224442168e-01
1.234600000000071532e+03,2.126092700240951872e-01
1.234700000000071668e+03,2.129809371644704741e-01
1.234800000000071577e+03,2.133526828808058884e-01
1.234900000000071486e+03,2.137252826416790319e-01
1.235000000000071623e+03,2.140978625456545215e-01
1.235100000000071759e+03,2.141429490089714338e-01
1.235200000000071668e+03,2.141880306671969103e-01
1.235300000000071577e+03,2.142331075201297508e-01
1.235400000000071714e+03,2.142764223346747543e-01
1.235500000000071850e+03,2.143165240648376435e-01
1.235600000000071759e+03,2.143566189012552359e-01
1.235700000000071668e+03,2.143967068440604806e-01
1.235800000000071805e+03,2.144367878933856331e-01
1.235900000000071941e+03,2.144768620493637534e-01
1.236000000000071850e+03,2.145169293118800447e-01
1.236100000000071759e+03,2.142126914070585919e-01
1.236200000000071896e+03,2.139085175842852793e-01
1.236300000000072032e+03,2.136044078393524170e-01
1.236400000000071941e+03,2.133003621680511774e-01
1.236500000000071850e+03,2.129963805661722331e-01
1.236600000000071987e+03,2.126924630295049246e-01
1.236700000000072123e+03,2.123886095538400354e-01
1.236800000000072032e+03,2.120848201349677942e-01
1.236900000000071941e+03,2.117810947686770973e-01
1.237000000000072077e+03,2.114774334505180875e-01
1.237100000000072214e+03,2.108433879406194089e-01
1.237200000000072123e+03,2.102097051996384691e-01
1.237300000000072032e+03,2.095783484045709300e-01
1.237400000000072168e+03,2.089471073928043376e-01
1.237500000000072305e+03,2.083159821584266713e-01
1.237600000000072214e+03,2.076849726955251885e-01
1.237700000000072123e+03,2.070528054390874673e-01
1.237800000000072259e+03,2.064196391221615745e-01
1.237900000000072396e+03,2.057866031205801693e-01
1.238000000000072305e+03,2.051536974246959966e-01
1.238100000000072214e+03,2.042244849991923239e-01
1.238200000000072350e+03,2.032952816547509145e-01
1.238300000000072487e+03,2.023660874062399306e-01
1.238400000000072396e+03,2.014370090438295791e-01
1.238500000000072305e+03,2.005084071313196492e-01
1.238600000000072441e+03,1.995788802941600992e-01
1.238700000000072578e+03,1.986479876346806395e-01
1.238800000000072487e+03,1.977171202432389530e-01
1.238900000000072396e+03,1.967862781361114088e-01
1.239000000000072532e+03,1.958554433510228399e-01
1.239100000000072669e+03,1.946519582014572813e-01
1.239200000000072578e+03,1.934482910986216886e-01
1.239300000000072487e+03,1.922444056738215057e-01
1.239400000000072623e+03,1.910401216234095811e-01
1.239500000000072760e+03,1.898362581165407570e-01
1.239600000000072669e+03,1.886338005457066647e-01
1.239700000000072578e+03,1.874311367928345740e-01
1.239800000000072714e+03,1.862282669223509490e-01
1.239900000000072851e+03,1.850251909986840582e-01
1.240000000000072760e+03,1.838204008887660557e-01
1.240100000000072669e+03,1.823556198259385364e-01
1.240200000000072805e+03,1.808910128261620454e-01
1.240300000000072941e+03,1.794266737213493224e-01
1.240400000000072851e+03,1.779624023006527445e-01
1.240500000000072760e+03,1.764966961761452180e-01
1.240600000000072896e+03,1.750307874980852052e-01
1.240700000000073032e+03,1.735648093368032108e-01
1.240800000000072941e+03,1.720987617536711423e-01
1.240900000000072851e+03,1.706326448100489168e-01
1.241000000000072987e+03,1.691664585671308341e-01
1.241100000000073123e+03,1.674814384576556736e-01
1.241200000000073032e+03,1.657966920215225015e-01
1.241300000000072941e+03,1.641121933875647754e-01
1.241400000000073078e+03,1.624261100078232267e-01
1.241500000000073214e+03,1.607403391995154696e-01
1.241600000000073123e+03,1.590548809417726694e-01
1.241700000000073032e+03,1.573697352137183592e-01
1.241800000000073169e+03,1.556857130506328346e-01
1.241900000000073305e+03,1.540029707466681608e-01
1.242000000000073214e+03,1.523205019843211772e-01
1.242100000000073123e+03,1.505055905087941404e-01
1.242200000000073260e+03,1.486907299353863454e-01
1.242300000000073396e+03,1.468744128661810810e-01
1.242400000000073305e+03,1.450579891017439171e-01
1.242500000000073214e+03,1.432416583726571768e-01
1.242600000000073351e+03,1.414254207223394066e-01
1.242700000000073487e+03,1.396097942254054813e-01
1.242800000000073396e+03,1.377953358142275930e-01
1.242900000000073305e+03,1.359809285948280766e-01
1.243000000000073442e+03,1.341665726079477039e-01
1.243100000000073578e+03,1.322855987848252091e-01
1.243200000000073487e+03,1.304031638157176487e-01
1.243300000000073396e+03,1.285200782295101429e-01
1.243400000000073533e+03,1.266367184636966181e-01
1.243500000000073669e+03,1.247530846576650893e-01
1.243600000000073578e+03,1.228691769507913450e-01
1.243700000000073487e+03,1.209849954824311069e-01
1.243800000000073624e+03,1.191005403919281336e-01
1.243900000000073760e+03,1.172158118186227144e-01
1.244000000000073669e+03,1.153308098947305321e-01
1.244100000000073578e+03,1.037909143084165264e-01
1.244200000000073715e+03,9.225253303150918183e-02
1.244300000000073851e+03,8.071566608102033469e-02
1.244400000000073760e+03,6.918031347394849873e-02
1.244500000000073669e+03,5.764647522722703837e-02
1.244600000000073805e+03,4.611415135777666152e-02
1.244700000000073942e+03,3.458334188255727387e-02
1.244800000000073851e+03,2.305404681851611765e-02
1.244900000000073760e+03,1.152626618253504293e-02
1.245000000000073896e+03,0.000000000000000000e+00
1.245100000000074033e+03,0.000000000000000000e+00
1.245200000000073942e+03,0.000000000000000000e+00
1.245300000000073851e+03,0.000000000000000000e+00
1.245400000000073987e+03,0.000000000000000000e+00
1.245500000000074124e+03,0.000000000000000000e+00
1.245600000000074033e+03,0.000000000000000000e+00
1.245700000000073942e+03,0.000000000000000000e+00
1.245800000000074078e+03,0.000000000000000000e+00
1.245900000000074215e+03,0.000000000000000000e+00
1.246000000000074124e+03,8.127866887327095423e-12
1.246100000000074033e+03,1.096496539041585602e-02
1.246200000000074169e+03,2.192934815209958074e-02
1.246300000000074306e+03,3.289314809863286976e-02
1.246400000000074215e+03,4.385636503548348553e-02
1.246500000000074124e+03,5.481899876818281669e-02
1.246600000000074260e+03,6.578104910227611235e-02
1.246700000000074397e+03,7.674251584327254627e-02
1.246800000000074306e+03,8.770339879669514227e-02
1.246900000000074215e+03,9.866369776813062320e-02
1.247000000000074351e+03,1.096234125562030870e-01
1.247100000000074488e+03,1.111994838219407949e-01
1.247200000000074397e+03,1.127750520278057583e-01
1.247300000000074306e+03,1.143503368381564300e-01
1.247400000000074442e+03,1.159253386610343273e-01
1.247500000000074579e+03,1.175000575114886758e-01
1.247600000000074488e+03,1.190744934045700060e-01
1.247700000000074397e+03,1.206486463553369803e-01
1.247800000000074533e+03,1.222225163788486085e-01
1.247900000000074670e+03,1.237961034901589874e-01
1.248000000000074579e+03,1.253694077042991628e-01
1.248100000000074488e+03,1.269109438003863388e-01
1.248200000000074624e+03,1.284517026739494527e-01
1.248300000000074760e+03,1.299916844360936852e-01
1.248400000000074670e+03,1.315308891979256323e-01
1.248500000000074579e+03,1.330693170705612438e-01
1.248600000000074715e+03,1.346069681651194949e-01
1.248700000000074851e+03,1.361438425927131435e-01
1.248800000000074760e+03,1.376799404644585834e-01
1.248900000000074670e+03,1.392152618914802575e-01
1.249000000000074806e+03,1.407498069848832078e-01
1.249100000000074942e+03,1.422532741575682214e-01
1.249200000000074851e+03,1.437555046816390847e-01
1.249300000000074760e+03,1.452574578418092677e-01
1.249400000000074897e+03,1.467591336481707254e-01
1.249500000000075033e+03,1.482605321108099172e-01
1.249600000000074942e+03,1.497631356446620376e-01
1.249700000000074851e+03,1.512657561093178893e-01
1.249800000000074988e+03,1.527681344201980151e-01
1.249900000000075124e+03,1.542702705838500943e-01
1.250000000000075033e+03,1.557716469605472109e-01
1.250100000000074942e+03,1.571701709963290450e-01
1.250200000000075079e+03,1.585683560008945003e-01
1.250300000000075215e+03,1.599662019978792538e-01
1.250400000000075124e+03,1.613637090109219518e-01
1.250500000000075033e+03,1.627622437047541171e-01
1.250600000000075170e+03,1.641609974338631428e-01
1.250700000000075306e+03,1.655585184820422828e-01
1.250800000000075215e+03,1.669552593996794787e-01
1.250900000000075124e+03,1.683516709022395696e-01
1.251000000000075261e+03,1.697477530151550451e-01
1.251100000000075397e+03,1.709835800213352908e-01
1.251200000000075306e+03,1.722188247167420749e-01
1.251300000000075215e+03,1.734534871682736623e-01
1.251400000000075352e+03,1.746875674428348679e-01
1.251500000000075488e+03,1.759210656073303958e-01
1.251600000000075397e+03,1.771539817286709451e-01
1.251700000000075306e+03,1.783863158737785115e-01
1.251800000000075443e+03,1.796180121909488614e-01
1.251900000000075579e+03,1.808470736654430033e-01
1.252000000000075488e+03,1.820755244714945265e-01
1.252100000000075397e+03,1.831635369953098502e-01
1.252200000000075534e+03,1.842515278417272973e-01
1.252300000000075670e+03,1.853404956775407120e-01
1.252400000000075579e+03,1.864306232330524837e-01
1.252500000000075488e+03,1.875207546563972816e-01
1.252600000000075624e+03,1.886108899224662183e-01
1.252700000000075761e+03,1.897010290061445781e-01
1.252800000000075670e+03,1.907891746980438508e-01
1.252900000000075579e+03,1.918770715165742102e-01
1.253000000000075715e+03,1.929649464325167985e-01
1.253100000000075852e+03,1.938102116836643851e-01
1.253200000000075761e+03,1.946560255574575904e-01
1.253300000000075670e+03,1.955031610133194653e-01
1.253400000000075806e+03,1.963501093454710633e-01
1.253500000000075943e+03,1.971968705611858719e-01
1.253600000000075852e+03,1.980434446677390159e-01
1.253700000000075761e+03,1.988880488254250456e-01
1.253800000000075897e+03,1.997319100175926065e-01
1.253900000000076034e+03,2.005755641578020054e-01
1.254000000000075943e+03,2.014190112569060609e-01
1.254100000000075852e+03,2.020163396158459468e-01
1.254200000000075988e+03,2.026159373660141316e-01
1.254300000000076125e+03,2.032159043905286955e-01
1.254400000000076034e+03,2.038157936243710500e-01
1.254500000000075943e+03,2.044156050645311862e-01
1.254600000000076079e+03,2.050138095696121543e-01
1.254700000000076216e+03,2.056110600722422244e-01
1.254800000000076125e+03,2.062082185458361805e-01
1.254900000000076034e+03,2.068052849881200084e-01
1.255000000000076170e+03,2.074021641722010312e-01
1.255100000000076307e+03,2.077498131414473315e-01
1.255200000000076216e+03,2.080973367537850560e-01
1.255300000000076125e+03,2.084449067413877699e-01
1.255400000000076261e+03,2.087925230851267744e-01
1.255500000000076398e+03,2.091401857658702068e-01
1.255600000000076307e+03,2.094878947644847889e-01
1.255700000000076216e+03,2.098356500618385745e-01
1.255800000000076352e+03,2.101834516387984519e-01
1.255900000000076489e+03,2.105312994762279233e-01
1.256000000000076398e+03,2.108815219137357977e-01
1.256100000000076307e+03,2.108935388192135774e-01
1.256200000000076443e+03,2.109055498137209217e-01
1.256300000000076579e+03,2.109175548976024994e-01
1.256400000000076489e+03,2.109295540712031458e-01
1.256500000000076398e+03,2.109415473348677794e-01
1.256600000000076534e+03,2.109535346889423735e-01
1.256700000000076670e+03,2.109655161337715412e-01
1.256800000000076579e+03,2.109774916697005342e-01
1.256900000000076489e+03,2.109913436340219717e-01
1.257000000000076625e+03,2.110051697083083488e-01
1.257100000000076761e+03,2.107610935652725337e-01
1.257200000000076670e+03,2.105169322786211161e-01
1.257300000000076579e+03,2.102720689450273683e-01
1.257400000000076716e+03,2.100252824651289707e-01
1.257500000000076852e+03,2.097784164346156444e-01
1.257600000000076761e+03,2.095314708735045439e-01
1.257700000000076670e+03,2.092851401627792429e-01
1.257800000000076807e+03,2.090409732640152451e-01
1.257900000000076943e+03,2.087974861320570918e-01
1.258000000000076852e+03,2.085539110378763494e-01
1.258100000000076761e+03,2.079656144448750466e-01
1.258200000000076898e+03,2.073773541650486829e-01
1.258300000000077034e+03,2.067891302042275947e-01
1.258400000000076943e+03,2.062009425682418406e-01
1.258500000000076852e+03,2.056127912629184262e-01
1.258600000000076989e+03,2.050246762940851064e-01
1.258700000000077125e+03,2.044365976675703855e-01
1.258800000000077034e+03,2.038485553892044333e-01
1.258900000000076943e+03,2.032620403100488249e-01
1.259000000000077080e+03,2.026757571067158981e-01
1.259100000000077216e+03,2.018177229927684280e-01
1.259200000000077125e+03,2.009595392492477539e-01
1.259300000000077034e+03,2.001012059134972543e-01
1.259400000000077171e+03,1.992427230228630275e-01
1.259500000000077307e+03,1.983840906146975003e-01
1.259600000000077216e+03,1.975262973172821623e-01
1.259700000000077125e+03,1.966696631237022930e-01
1.259800000000077262e+03,1.958128595784602577e-01
1.259900000000077398e+03,1.949558867115712968e-01
1.260000000000077307e+03,1.940987445528326583e-01
1.260100000000077216e+03,1.929551083090817465e-01
1.260200000000077353e+03,1.918111421105819780e-01
1.260300000000077489e+03,1.906671570390470749e-01
1.260400000000077398e+03,1.895231531215102183e-01
1.260500000000077307e+03,1.883791303849991494e-01
1.260600000000077443e+03,1.872350888565414428e-01
1.260700000000077580e+03,1.860910285631701966e-01
1.260800000000077489e+03,1.849469495319184253e-01
1.260900000000077398e+03,1.838028517898143699e-01
1.261000000000077534e+03,1.826587353636983102e-01
1.261100000000077671e+03,1.812722978969699417e-01
1.261200000000077580e+03,1.798860788829172719e-01
1.261300000000077489e+03,1.785001462439095299e-01
1.261400000000077625e+03,1.771142816288395483e-01
1.261500000000077762e+03,1.757284850566948053e-01
1.261600000000077671e+03,1.743427565464619466e-01
1.261700000000077580e+03,1.729570961171209564e-01
1.261800000000077716e+03,1.715715037876508475e-01
1.261900000000077853e+03,1.701859795770364892e-01
1.262000000000077762e+03,1.688005235041123153e-01
1.262100000000077671e+03,1.672229393892303573e-01
1.262200000000077807e+03,1.656454311228703347e-01
1.262300000000077944e+03,1.640679987291605302e-01
1.262400000000077853e+03,1.624906422322279220e-01
1.262500000000077762e+03,1.609133616561908287e-01
1.262600000000077898e+03,1.593361570251668746e-01
1.262700000000078035e+03,1.577590283632793744e-01
1.262800000000077944e+03,1.561819756946504767e-01
1.262900000000077853e+03,1.546049990433938648e-01
1.263000000000077989e+03,1.530280984334999039e-01
1.263100000000078126e+03,1.512947374831355440e-01
1.263200000000078035e+03,1.495618084871454812e-01
1.263300000000077944e+03,1.478293114021013155e-01
1.263400000000078080e+03,1.460972461845750636e-01
1.263500000000078217e+03,1.443656127911450981e-01
1.263600000000078126e+03,1.426344111783896806e-01
1.263700000000078035e+03,1.409036413028788848e-01
1.263800000000078171e+03,1.391733031211818961e-01
1.263900000000078307e+03,1.374433965898750887e-01
1.264000000000078217e+03,1.357139216654715264e-01
1.264100000000078126e+03,1.339042093324039895e-01
1.264200000000078262e+03,1.320960524125284474e-01
1.264300000000078398e+03,1.302885424138105763e-01
1.264400000000078307e+03,1.284813360196825904e-01
1.264500000000078217e+03,1.266744332137259565e-01
1.264600000000078353e+03,1.248675169815630231e-01
1.264700000000078489e+03,1.230597212965893472e-01
1.264800000000078398e+03,1.212520908107245082e-01
1.264900000000078307e+03,1.194448133753509000e-01
1.265000000000078444e+03,1.176378889562903762e-01
1.265100000000078580e+03,1.058555775949928807e-01
1.265200000000078489e+03,9.407776770436104830e-02
1.265300000000078398e+03,8.230397878885460650e-02
1.265400000000078535e+03,7.053421032828308124e-02
1.265500000000078671e+03,5.876852195177963839e-02
1.265600000000078580e+03,4.700733192557243756e-02
1.265700000000078489e+03,3.524988511456354778e-02
1.265800000000078626e+03,2.349618112053825092e-02
1.265900000000078762e+03,1.174621954532876350e-02
1.266000000000078671e+03,0.000000000000000000e+00
1.266100000000078580e+03,0.000000000000000000e+00
1.266200000000078717e+03,0.000000000000000000e+00
1.266300000000078853e+03,0.000000000000000000e+00
1.266400000000078762e+03,0.000000000000000000e+00
1.266500000000078671e+03,0.000000000000000000e+00
1.266600000000078808e+03,0.000000000000000000e+00
1.266700000000078944e+03,0.000000000000000000e+00
1.266800000000078853e+03,0.000000000000000000e+00
1.266900000000078762e+03,0.000000000000000000e+00
1.267000000000078899e+03,0.000000000000000000e+00
1.267100000000079035e+03,0.000000000000000000e+00
1.267200000000078944e+03,0.000000000000000000e+00
1.267300000000078853e+03,0.000000000000000000e+00
1.267400000000078990e+03,0.000000000000000000e+00
1.267500000000079126e+03,0.000000000000000000e+00
1.267600000000079035e+03,0.000000000000000000e+00
1.267700000000078944e+03,0.000000000000000000e+00
1.267800000000079081e+03,0.000000000000000000e+00
1.267900000000079217e+03,0.000000000000000000e+00
1.268000000000079126e+03,9.332055160725810835e-12
1.268100000000079035e+03,1.179192799086353945e-02
1.268200000000079172e+03,2.357987914090064682e-02
1.268300000000079308e+03,3.536372616880012476e-02
1.268400000000079217e+03,4.714351201369510608e-02
1.268500000000079126e+03,5.891923705735251787e-02
1.268600000000079262e+03,7.069090168155872655e-02
1.268700000000079399e+03,8.245850626806598693e-02
1.268800000000079308e+03,9.422205119864605904e-02
1.268900000000079217e+03,1.059815368551434434e-01
1.269000000000079353e+03,1.177369636112852724e-01
1.269100000000079490e+03,1.192358266588249699e-01
1.269200000000079399e+03,1.207338346269072327e-01
1.269300000000079308e+03,1.222311584583973126e-01
1.269400000000079444e+03,1.237283991679909018e-01
1.269500000000079581e+03,1.252255567408869508e-01
1.269600000000079490e+03,1.267226311622857704e-01
1.269700000000079399e+03,1.282196224173940136e-01
1.269800000000079535e+03,1.297165304914192907e-01
1.269900000000079672e+03,1.312133553695625232e-01
1.270000000000079581e+03,1.327100970369833599e-01
1.270100000000079490e+03,1.341540108991364499e-01
1.270200000000079626e+03,1.355978027688817811e-01
1.270300000000079763e+03,1.370413624406902897e-01
1.270400000000079672e+03,1.384844422618050075e-01
1.270500000000079581e+03,1.399270422731040686e-01
1.270600000000079717e+03,1.413706151969253144e-01
1.270700000000079854e+03,1.428139454335208558e-01
1.270800000000079763e+03,1.442568298220313905e-01
1.270900000000079672e+03,1.456992683876624783e-01
1.271000000000079808e+03,1.471411395110613085e-01
1.271100000000079945e+03,1.485497305267502177e-01
1.271200000000079854e+03,1.499586264931300206e-01
1.271300000000079763e+03,1.513678273666058394e-01
1.271400000000079899e+03,1.527773331035778837e-01
1.271500000000080036e+03,1.541871436604338175e-01
1.271600000000079945e+03,1.555972589935560313e-01
1.271700000000079854e+03,1.570076790593273597e-01
1.271800000000079990e+03,1.584181006380809831e-01
1.271900000000080126e+03,1.598288062262790687e-01
1.272000000000080036e+03,1.612398107468229758e-01
1.272100000000079945e+03,1.625149092818684304e-01
1.272200000000080081e+03,1.637898855526667419e-01
1.272300000000080217e+03,1.650647395532713335e-01
1.272400000000080126e+03,1.663394712777373496e-01
1.272500000000080036e+03,1.676140807201260963e-01
1.272600000000080172e+03,1.688885678744989904e-01
1.272700000000080308e+03,1.701629327349131193e-01
1.272800000000080217e+03,1.714372817553437289e-01
1.272900000000080126e+03,1.727134283219498578e-01
1.273000000000080263e+03,1.739894824589540423e-01
1.273100000000080399e+03,1.751440910002919626e-01
1.273200000000080308e+03,1.762989803561817448e-01
1.273300000000080217e+03,1.774541505101755456e-01
1.273400000000080354e+03,1.786096014458190273e-01
1.273500000000080490e+03,1.797653331466451399e-01
1.273600000000080399e+03,1.809213455961803108e-01
1.273700000000080308e+03,1.820776387779487471e-01
1.273800000000080445e+03,1.832342126754679112e-01
1.273900000000080581e+03,1.843910672722427757e-01
1.274000000000080490e+03,1.855482025516272948e-01
1.274100000000080399e+03,1.865265197881151304e-01
1.274200000000080536e+03,1.875051417213398075e-01
1.274300000000080672e+03,1.884840683407471296e-01
1.274400000000080581e+03,1.894632996357744070e-01
1.274500000000080490e+03,1.904428355958568964e-01
1.274600000000080627e+03,1.914226762104209445e-01
1.274700000000080763e+03,1.924028214688824068e-01
1.274800000000080672e+03,1.933832713606488118e-01
1.274900000000080581e+03,1.943640258751253846e-01
1.275000000000080718e+03,1.953450850015119034e-01
1.275100000000080854e+03,1.960816814750508674e-01
1.275200000000080763e+03,1.968183192324934327e-01
1.275300000000080672e+03,1.975546795061100813e-01
1.275400000000080809e+03,1.982910002609548084e-01
1.275500000000080945e+03,1.990273593188147672e-01
1.275600000000080854e+03,1.997637566719285551e-01
1.275700000000080763e+03,2.005001923125362684e-01
1.275800000000080900e+03,2.012366662328760880e-01
1.275900000000081036e+03,2.019731784251820594e-01
1.276000000000080945e+03,2.027099675291766934e-01
1.276100000000080854e+03,2.032404349170368052e-01
1.276200000000080991e+03,2.037711218504374977e-01
1.276300000000081127e+03,2.043020283318881802e-01
1.276400000000081036e+03,2.048331543638930996e-01
1.276500000000080945e+03,2.053644999489529777e-01
1.276600000000081081e+03,2.058960650895629851e-01
1.276700000000081218e+03,2.064278497882105490e-01
1.276800000000081127e+03,2.069598540473776005e-01
1.276900000000081036e+03,2.074920778695422963e-01
1.277000000000081172e+03,2.080268890387237668e-01
1.277100000000081309e+03,2.082609986120388945e-01
1.277200000000081218e+03,2.084951431252254905e-01
1.277300000000081127e+03,2.087278463374672433e-01
1.277400000000081263e+03,2.089603164927705259e-01
1.277500000000081400e+03,2.091928176950845486e-01
1.277600000000081309e+03,2.094253499425267895e-01
1.277700000000081218e+03,2.096579132332153372e-01
1.277800000000081354e+03,2.098905075652669483e-01
1.277900000000081491e+03,2.101231329367961587e-01
1.278000000000081400e+03,2.103557893456740324e-01
1.278100000000081309e+03,2.102901238680439933e-01
1.278200000000081445e+03,2.102244579502057509e-01
1.278300000000081582e+03,2.101587915931012462e-01
1.278400000000081491e+03,2.100931247976730865e-01
1.278500000000081400e+03,2.100274575648629072e-01
1.278600000000081536e+03,2.099617898956133710e-01
1.278700000000081673e+03,2.098961217908664745e-01
1.278800000000081582e+03,2.098304532515649912e-01
1.278900000000081491e+03,2.097647842786510008e-01
1.279000000000081627e+03,2.096991148728511445e-01
1.279100000000081764e+03,2.093692195903273934e-01
1.279200000000081673e+03,2.090392507264268174e-01
1.279300000000081582e+03,2.087092082835675377e-01
1.279400000000081718e+03,2.083790922641710619e-01
1.279500000000081855e+03,2.080489026706629219e-01
1.279600000000081764e+03,2.077186395054700097e-01
1.279700000000081673e+03,2.073883027710202998e-01
1.279800000000081809e+03,2.070578924697445977e-01
1.279900000000081945e+03,2.067274086040769843e-01
1.280000000000081855e+03,2.063968511761878066e-01
1.280100000000081764e+03,2.057417010722384365e-01
1.280200000000081900e+03,2.050866751142273736e-01
1.280300000000082036e+03,2.044317733138015514e-01
1.280400000000081945e+03,2.037769956826049056e-01
1.280500000000081855e+03,2.031223422322767924e-01
1.280600000000081991e+03,2.024678129744518218e-01
1.280700000000082127e+03,2.018134079207663800e-01
1.280800000000082036e+03,2.011591270828530786e-01
1.280900000000081945e+03,2.005049704723391446e-01
1.281000000000082082e+03,1.998509381006154662e-01
1.281100000000082218e+03,1.989126568891581015e-01
1.281200000000082127e+03,1.979746961249783666e-01
1.281300000000082036e+03,1.970370558247761250e-01
1.281400000000082173e+03,1.960997360052438299e-01
1.281500000000082309e+03,1.951627366830707144e-01
1.281600000000082218e+03,1.942260578749374911e-01
1.281700000000082127e+03,1.932896995975126875e-01
1.281800000000082264e+03,1.923536618674570875e-01
1.281900000000082400e+03,1.914179447014282831e-01
1.282000000000082309e+03,1.904825481158910205e-01
1.282100000000082218e+03,1.893233760586453540e-01
1.282200000000082355e+03,1.881643629416693553e-01
1.282300000000082491e+03,1.870055087809075201e-01
1.282400000000082400e+03,1.858472383367399117e-01
1.282500000000082309e+03,1.846908599310964072e-01
1.282600000000082446e+03,1.835346132782724737e-01
1.282700000000082582e+03,1.823784984026489420e-01
1.282800000000082491e+03,1.812223832772755783e-01
1.282900000000082400e+03,1.800646887088598047e-01
1.283000000000082537e+03,1.789063771357628230e-01
1.283100000000082673e+03,1.775143886581341812e-01
1.283200000000082582e+03,1.761229218555060427e-01
1.283300000000082491e+03,1.747319767366187493e-01
1.283400000000082628e+03,1.733422824155675668e-01
1.283500000000082764e+03,1.719538088034670842e-01
1.283600000000082673e+03,1.705658337399894309e-01
1.283700000000082582e+03,1.691783572466452057e-01
1.283800000000082719e+03,1.677913793449332669e-01
1.283900000000082855e+03,1.664049000563466996e-01
1.284000000000082764e+03,1.650189194022101680e-01
1.284100000000082673e+03,1.634451874285335615e-01
1.284200000000082809e+03,1.618723201486872709e-01
1.284300000000082946e+03,1.603003175769419364e-01
1.284400000000082855e+03,1.587291797275474370e-01
1.284500000000082764e+03,1.571589066147247304e-01
1.284600000000082900e+03,1.555894982526730419e-01
1.284700000000083037e+03,1.540209546555777742e-01
1.284800000000082946e+03,1.524532758376019037e-01
1.284900000000082855e+03,1.508864618128804846e-01
1.285000000000082991e+03,1.493205125954394363e-01
1.285100000000083128e+03,1.476504329405293747e-01
1.285200000000083037e+03,1.459808335884968389e-01
1.285300000000082946e+03,1.443117145512699540e-01
1.285400000000083082e+03,1.426430758407663812e-01
1.285500000000083219e+03,1.409749174688999795e-01
1.285600000000083128e+03,1.393072394475736719e-01
1.285700000000083037e+03,1.376400417886719518e-01
1.285800000000083173e+03,1.359734214701297517e-01
1.285900000000083310e+03,1.343074531732867671e-01
1.286000000000083219e+03,1.326419585823029046e-01
1.286100000000083128e+03,1.309116034368809911e-01
1.286200000000083264e+03,1.291819062866032819e-01
1.286300000000083401e+03,1.274526437390247346e-01
1.286400000000083310e+03,1.257236221400816201e-01
1.286500000000083219e+03,1.239948415091397804e-01
1.286600000000083355e+03,1.222663018655604228e-01
1.286700000000083492e+03,1.205380032287075714e-01
1.286800000000083401e+03,1.188099456179411012e-01
1.286900000000083310e+03,1.170821290526082442e-01
1.287000000000083446e+03,1.153551552219331255e-01
1.287100000000083583e+03,1.038059136034987090e-01
1.287200000000083492e+03,9.225972179420881270e-02
1.287300000000083401e+03,8.071657995705339150e-02
1.287400000000083537e+03,6.917648825492886400e-02
1.287500000000083674e+03,5.763944685069084806e-02
1.287600000000083583e+03,4.610545590710132813e-02
1.287700000000083492e+03,3.457451558677654413e-02
1.287800000000083628e+03,2.304662605223921357e-02
1.287900000000083764e+03,1.152182162028626659e-02
1.288000000000083674e+03,0.000000000000000000e+00
1.288100000000083583e+03,0.000000000000000000e+00
1.288200000000083719e+03,0.000000000000000000e+00
1.288300000000083855e+03,0.000000000000000000e+00
1.288400000000083764e+03,0.000000000000000000e+00
1.288500000000083674e+03,0.000000000000000000e+00
1.288600000000083810e+03,0.000000000000000000e+00
1.288700000000083946e+03,0.000000000000000000e+00
1.288800000000083855e+03,0.000000000000000000e+00
1.288900000000083764e+03,0.000000000000000000e+00
1.289000000000083901e+03,0.000000000000000000e+00
1.289100000000084037e+03,0.000000000000000000e+00
1.289200000000083946e+03,0.000000000000000000e+00
1.289300000000083855e+03,0.000000000000000000e+00
1.289400000000083992e+03,0.000000000000000000e+00
1.289500000000084128e+03,0.000000000000000000e+00
1.289600000000084037e+03,0.000000000000000000e+00
1.289700000000083946e+03,0.000000000000000000e+00
1.289800000000084083e+03,0.000000000000000000e+00
1.289900000000084219e+03,0.000000000000000000e+00
1.290000000000084128e+03,9.718741688362333376e-12
1.290100000000084037e+03,1.155423620194529627e-02
1.290200000000084174e+03,2.311236186707299467e-02
1.290300000000084310e+03,3.467437667121812950e-02
1.290400000000084219e+03,4.624028028035889748e-02
1.290500000000084128e+03,5.781007236038763347e-02
1.290600000000084265e+03,6.938372691360063238e-02
1.290700000000084401e+03,8.096034675867899710e-02
1.290800000000084310e+03,9.254058412464240269e-02
1.290900000000084219e+03,1.041244385786510712e-01
1.291000000000084356e+03,1.157119096792124241e-01
1.291100000000084492e+03,1.171670566907394018e-01
1.291200000000084401e+03,1.186218171668356192e-01
1.291300000000084310e+03,1.200769099154233438e-01
1.291400000000084447e+03,1.215323348800937953e-01
1.291500000000084583e+03,1.229880920044249676e-01
1.291600000000084492e+03,1.244441812319864726e-01
1.291700000000084401e+03,1.259006025063471590e-01
1.291800000000084538e+03,1.273573557710681869e-01
1.291900000000084674e+03,1.288144409696961867e-01
1.292000000000084583e+03,1.302718580457449815e-01
1.292100000000084492e+03,1.316988809896080248e-01
1.292200000000084628e+03,1.331261483855208372e-01
1.292300000000084765e+03,1.345536601873935090e-01
1.292400000000084674e+03,1.359814163491293859e-01
1.292500000000084583e+03,1.374106548320068732e-01
1.292600000000084719e+03,1.388405302981030875e-01
1.292700000000084856e+03,1.402706832037101670e-01
1.292800000000084765e+03,1.417011295152576789e-01
1.292900000000084674e+03,1.431318998921405072e-01
1.293000000000084810e+03,1.445625130670167569e-01
1.293100000000084947e+03,1.459365291072319271e-01
1.293200000000084856e+03,1.473108800185434775e-01
1.293300000000084765e+03,1.486855657565042677e-01
1.293400000000084901e+03,1.500605862766568044e-01
1.293500000000085038e+03,1.514359415345272464e-01
1.293600000000084947e+03,1.528116314856307056e-01
1.293700000000084856e+03,1.541876560854790190e-01
1.293800000000084992e+03,1.555638717853069786e-01
1.293900000000085129e+03,1.569387363126497348e-01
1.294000000000085038e+03,1.583139034058068939e-01
1.294100000000084947e+03,1.595982005114136848e-01
1.294200000000085083e+03,1.608828561204039553e-01
1.294300000000085220e+03,1.621678701774203202e-01
1.294400000000085129e+03,1.634532426270970118e-01
1.294500000000085038e+03,1.647389734140654038e-01
1.294600000000085174e+03,1.660254500683122636e-01
1.294700000000085311e+03,1.673126677109611771e-01
1.294800000000085220e+03,1.686021203674452906e-01
1.294900000000085129e+03,1.698920704737166276e-01
1.295000000000085265e+03,1.711824203791828258e-01
1.295100000000085402e+03,1.723356559889622219e-01
1.295200000000085311e+03,1.734891642863475025e-01
1.295300000000085220e+03,1.746429452414372807e-01
1.295400000000085356e+03,1.757969988243211767e-01
1.295500000000085493e+03,1.769513250050741282e-01
1.295600000000085402e+03,1.781059237537635787e-01
1.295700000000085311e+03,1.792607950404515316e-01
1.295800000000085447e+03,1.804159388351922466e-01
1.295900000000085583e+03,1.815713551080253008e-01
1.296000000000085493e+03,1.827270438288237098e-01
1.296100000000085402e+03,1.836978950975959035e-01
1.296200000000085538e+03,1.846687611110575666e-01
1.296300000000085674e+03,1.856396418539728865e-01
1.296400000000085583e+03,1.866112170679042892e-01
1.296500000000085493e+03,1.875828842359883730e-01
1.296600000000085629e+03,1.885530568920346928e-01
1.296700000000085765e+03,1.895225556553777335e-01
1.296800000000085674e+03,1.904920544090747403e-01
1.296900000000085583e+03,1.914615531396066384e-01
1.297000000000085720e+03,1.924310518332615627e-01
1.297100000000085856e+03,1.931792883150285911e-01
1.297200000000085765e+03,1.939273135683048654e-01
1.297300000000085674e+03,1.946751275962014527e-01
1.297400000000085811e+03,1.954227304018322231e-01
1.297500000000085947e+03,1.961714048186924408e-01
1.297600000000085856e+03,1.969208812121430174e-01
1.297700000000085765e+03,1.976701636662741846e-01
1.297800000000085902e+03,1.984192521756357741e-01
1.297900000000086038e+03,1.991681467347802270e-01
1.298000000000085947e+03,1.999168473380540934e-01
1.298100000000085856e+03,2.004221990689773747e-01
1.298200000000085993e+03,2.009272934120174825e-01
1.298300000000086129e+03,2.014321303670841001e-01
1.298400000000086038e+03,2.019367099340920735e-01
1.298500000000085947e+03,2.024410321129662960e-01
1.298600000000086084e+03,2.029450969036371011e-01
1.298700000000086220e+03,2.034489043060401792e-01
1.298800000000086129e+03,2.039524543201169660e-01
1.298900000000086038e+03,2.044536828594929190e-01
1.299000000000086175e+03,2.049543295675528565e-01
1.299100000000086311e+03,2.052013419373923953e-01
1.299200000000086220e+03,2.054481695434212662e-01
1.299300000000086129e+03,2.056948123941869377e-01
1.299400000000086266e+03,2.059412704982406250e-01
1.299500000000086402e+03,2.061875438641364300e-01
1.299600000000086311e+03,2.064336325004315631e-01
1.299700000000086220e+03,2.066795364156879256e-01
1.299800000000086357e+03,2.069252556184714709e-01
1.299900000000086493e+03,2.071711052413068299e-01
1.300000000000086402e+03,2.074168719300586716e-01
1.300100000000086311e+03,2.074049616712363986e-01
1.300200000000086447e+03,2.073926008586751968e-01
1.300300000000086584e+03,2.073782182953695929e-01
1.300400000000086493e+03,2.073638054644487971e-01
1.300500000000086402e+03,2.073499246362857373e-01
1.300600000000086538e+03,2.073364022680396213e-01
1.300700000000086675e+03,2.073228495140776451e-01
1.300800000000086584e+03,2.073092663768144328e-01
1.300900000000086493e+03,2.072956528586653302e-01
1.301000000000086629e+03,2.072820089618223616e-01
1.301100000000086766e+03,2.070113890809121560e-01
1.301200000000086675e+03,2.067408926106940326e-01
1.301300000000086584e+03,2.064703544276606517e-01
1.301400000000086720e+03,2.061991591629756260e-01
1.301500000000086857e+03,2.059280897728356374e-01
1.301600000000086766e+03,2.056559982605514758e-01
1.301700000000086675e+03,2.053827946543939076e-01
1.301800000000086811e+03,2.051089140688915069e-01
1.301900000000086948e+03,2.048342682831511274e-01
1.302000000000086857e+03,2.045597592398087916e-01
1.302100000000086766e+03,2.040346739051894509e-01
1.302200000000086902e+03,2.035098357659174961e-01
1.302300000000087039e+03,2.029852447964855811e-01
1.302400000000086948e+03,2.024609009713835561e-01
1.302500000000086857e+03,2.019368042650976636e-01
1.302600000000086993e+03,2.014129546521119529e-01
1.302700000000087130e+03,2.008893521069110288e-01
1.302800000000087039e+03,2.003659966039780527e-01
1.302900000000086948e+03,1.998428881177909122e-01
1.303000000000087084e+03,1.993218483818591791e-01
1.303100000000087221e+03,1.985639536177317144e-01
1.303200000000087130e+03,1.978063025958934629e-01
1.303300000000087039e+03,1.970488953028768364e-01
1.303400000000087175e+03,1.962917317252110272e-01
1.303500000000087311e+03,1.955348118494264764e-01
1.303600000000087221e+03,1.947781356620492954e-01
1.303700000000087130e+03,1.940217031496004052e-01
1.303800000000087266e+03,1.932655142985965080e-01
1.303900000000087402e+03,1.925095690955557770e-01
1.304000000000087311e+03,1.917538675268021242e-01
1.304100000000087221e+03,1.907797814104165712e-01
1.304200000000087357e+03,1.898056300230556992e-01
1.304300000000087493e+03,1.888316202529499721e-01
1.304400000000087402e+03,1.878577520994130223e-01
1.304500000000087311e+03,1.868840255617546242e-01
1.304600000000087448e+03,1.859104406392823039e-01
1.304700000000087584e+03,1.849369973313080007e-01
1.304800000000087493e+03,1.839625674635173846e-01
1.304900000000087402e+03,1.829872866823400446e-01
1.305000000000087539e+03,1.820118688017481889e-01
1.305100000000087675e+03,1.808437414535757626e-01
1.305200000000087584e+03,1.796755627216373441e-01
1.305300000000087493e+03,1.785073326401584726e-01
1.305400000000087630e+03,1.773390512433662969e-01
1.305500000000087766e+03,1.761707185654925178e-01
1.305600000000087675e+03,1.750023346407702796e-01
1.305700000000087584e+03,1.738338995034266754e-01
1.305800000000087721e+03,1.726654131876902698e-01
1.305900000000087857e+03,1.714968757277943734e-01
1.306000000000087766e+03,1.703282871578309376e-01
1.306100000000087675e+03,1.689970770592674199e-01
1.306200000000087812e+03,1.676638821669483026e-01
1.306300000000087948e+03,1.663300315911787619e-01
1.306400000000087857e+03,1.649958520017667241e-01
1.306500000000087766e+03,1.636613435051942067e-01
1.306600000000087903e+03,1.623265062079402854e-01
1.306700000000088039e+03,1.609913402164870055e-01
1.306800000000087948e+03,1.596558456373126378e-01
1.306900000000087857e+03,1.583200225768865710e-01
1.307000000000087994e+03,1.569838711415605104e-01
1.307100000000088130e+03,1.555180485110535249e-01
1.307200000000088039e+03,1.540515900748871680e-01
1.307300000000087948e+03,1.525844960144851770e-01
1.307400000000088085e+03,1.511167665112644609e-01
1.307500000000088221e+03,1.496484017466414573e-01
1.307600000000088130e+03,1.481794019020266362e-01
1.307700000000088039e+03,1.467097671588160623e-01
1.307800000000088176e+03,1.452394976983995556e-01
1.307900000000088312e+03,1.437685937021668248e-01
1.308000000000088221e+03,1.422970553514173175e-01
1.308100000000088130e+03,1.407306978426121069e-01
1.308200000000088266e+03,1.391634978364563457e-01
1.308300000000088403e+03,1.375954555733094886e-01
1.308400000000088312e+03,1.360265712935196936e-01
1.308500000000088221e+03,1.344568452374163836e-01
1.308600000000088357e+03,1.328862776453175187e-01
1.308700000000088494e+03,1.313148687575366180e-01
1.308800000000088403e+03,1.297426188143753767e-01
1.308900000000088312e+03,1.281695280561175043e-01
1.309000000000088448e+03,1.265955967132587900e-01
1.309100000000088585e+03,1.139653362225447331e-01
1.309200000000088494e+03,1.013285595388588728e-01
1.309300000000088403e+03,8.868526863627923529e-02
1.309400000000088539e+03,7.603546548876337352e-02
1.309500000000088676e+03,6.337915207020580755e-02
1.309600000000088585e+03,5.071633035438045944e-02
1.309700000000088494e+03,3.804700231488356704e-02
1.309800000000088630e+03,2.537116992519041631e-02
1.309900000000088767e+03,1.268883515871360897e-02
1.310000000000088676e+03,0.000000000000000000e+00
1.310100000000088585e+03,0.000000000000000000e+00
1.310200000000088721e+03,0.000000000000000000e+00
1.310300000000088858e+03,0.000000000000000000e+00
1.310400000000088767e+03,0.000000000000000000e+00
1.310500000000088676e+03,0.000000000000000000e+00
1.310600000000088812e+03,0.000000000000000000e+00
1.310700000000088949e+03,0.000000000000000000e+00
1.310800000000088858e+03,0.000000000000000000e+00
1.310900000000088767e+03,0.000000000000000000e+00
1.311000000000088903e+03,0.000000000000000000e+00
1.311100000000089040e+03,0.000000000000000000e+00
1.311200000000088949e+03,0.000000000000000000e+00
1.311300000000088858e+03,0.000000000000000000e+00
1.311400000000088994e+03,0.000000000000000000e+00
1.311500000000089130e+03,0.000000000000000000e+00
1.311600000000089040e+03,0.000000000000000000e+00
1.311700000000088949e+03,0.000000000000000000e+00
1.311800000000089085e+03,0.000000000000000000e+00
1.311900000000089221e+03,0.000000000000000000e+00
1.312000000000089130e+03,0.000000000000000000e+00
1.312100000000089040e+03,0.000000000000000000e+00
1.312200000000089176e+03,0.000000000000000000e+00
1.312300000000089312e+03,0.000000000000000000e+00
1.312400000000089221e+03,0.000000000000000000e+00
1.312500000000089130e+03,0.000000000000000000e+00
1.312600000000089267e+03,0.000000000000000000e+00
1.312700000000089403e+03,0.000000000000000000e+00
1.312800000000089312e+03,0.000000000000000000e+00
1.312900000000089221e+03,0.000000000000000000e+00
1.313000000000089358e+03,1.046264075804989187e-11
1.313100000000089494e+03,1.170588008461648406e-02
1.313200000000089403e+03,2.340612638043482532e-02
1.313300000000089312e+03,3.510074013229189799e-02
1.313400000000089449e+03,4.678972257442785138e-02
1.313500000000089585e+03,5.847307494089559049e-02
1.313600000000089494e+03,7.015079846561404764e-02
1.313700000000089403e+03,8.182289438242107416e-02
1.313800000000089540e+03,9.348936392502060766e-02
1.313900000000089676e+03,1.051499548129507244e-01
1.314000000000089585e+03,1.168040221501955161e-01
1.314100000000089494e+03,1.181380015936838446e-01
1.314200000000089631e+03,1.194709388417521112e-01
1.314300000000089767e+03,1.208031122231122134e-01
1.314400000000089676e+03,1.221352715283513524e-01
1.314500000000089585e+03,1.234668921044775464e-01
1.314600000000089722e+03,1.247975103108815709e-01
1.314700000000089858e+03,1.261271264006733062e-01
1.314800000000089767e+03,1.274557406269346826e-01
1.314900000000089676e+03,1.287833532427246630e-01
1.315000000000089813e+03,1.301099645010415085e-01
1.315100000000089949e+03,1.313981761486930355e-01
1.315200000000089858e+03,1.326852015651971972e-01
1.315300000000089767e+03,1.339701975586908012e-01
1.315400000000089904e+03,1.352532686163934461e-01
1.315500000000090040e+03,1.365351244584666890e-01
1.315600000000089949e+03,1.378157654470724691e-01
1.315700000000089858e+03,1.390951919443285389e-01
1.315800000000089995e+03,1.403749999260044401e-01
1.315900000000090131e+03,1.416536626256812703e-01
1.316000000000090040e+03,1.429311417366964931e-01
1.316100000000089949e+03,1.441465972779329696e-01
1.316200000000090085e+03,1.453601673848770870e-01
1.316300000000090222e+03,1.465715327786695221e-01
1.316400000000090131e+03,1.477816817066619492e-01
1.316500000000090040e+03,1.489910735024259081e-01
1.316600000000090176e+03,1.501994835330830169e-01
1.316700000000090313e+03,1.514066892972623091e-01
1.316800000000090222e+03,1.526126911536321851e-01
1.316900000000090131e+03,1.538174894608188570e-01
1.317000000000090267e+03,1.550210845773190849e-01
1.317100000000090404e+03,1.561333979123621651e-01
1.317200000000090313e+03,1.572432414951450141e-01
1.317300000000090222e+03,1.583517269949700212e-01
1.317400000000090358e+03,1.594584883074452730e-01
1.317500000000090495e+03,1.605637483041880420e-01
1.317600000000090404e+03,1.616678217455830568e-01
1.317700000000090313e+03,1.627707090426757097e-01
1.317800000000090449e+03,1.638724106064404218e-01
1.317900000000090586e+03,1.649729268477755917e-01
1.318000000000090495e+03,1.660722581773847739e-01
1.318100000000090404e+03,1.670330871975597986e-01
1.318200000000090540e+03,1.679926105277595449e-01
1.318300000000090677e+03,1.689508286467468479e-01
1.318400000000090586e+03,1.699077420331982224e-01
1.318500000000090495e+03,1.708633511657091653e-01
1.318600000000090631e+03,1.718176565227882147e-01
1.318700000000090768e+03,1.727706585828545915e-01
1.318800000000090677e+03,1.737223578242405586e-01
1.318900000000090586e+03,1.746727547251974988e-01
1.319000000000090722e+03,1.756218497636916620e-01
1.319100000000090859e+03,1.763500237634589018e-01
1.319200000000090768e+03,1.770763355932710448e-01
1.319300000000090677e+03,1.778007859952828729e-01
1.319400000000090813e+03,1.785243312587156128e-01
1.319500000000090949e+03,1.792471553505661508e-01
1.319600000000090859e+03,1.799681371939967078e-01
1.319700000000090768e+03,1.806872774679559590e-01
1.319800000000090904e+03,1.814045768512757562e-01
1.319900000000091040e+03,1.821181362737092913e-01
1.320000000000090949e+03,1.828296157841071690e-01
1.320100000000090859e+03,1.831927537555633478e-01
1.320200000000090995e+03,1.835530449872639636e-01
1.320300000000091131e+03,1.839108196088630187e-01
1.320400000000091040e+03,1.842671888085380683e-01
1.320500000000090949e+03,1.846207217781711818e-01
1.320600000000091086e+03,1.849714196290500878e-01
1.320700000000091222e+03,1.853192834722652005e-01
1.320800000000091131e+03,1.856626570810225585e-01
1.320900000000091040e+03,1.860026827038962771e-01
1.321000000000091177e+03,1.863395477179813631e-01
1.321100000000091313e+03,1.861789387365500315e-01
1.321200000000091222e+03,1.860150725461730270e-01
1.321300000000091131e+03,1.858492493797433975e-01
1.321400000000091268e+03,1.856797334312460523e-01
1.321500000000091404e+03,1.855065261988005643e-01
1.321600000000091313e+03,1.853296291802590257e-01
1.321700000000091222e+03,1.851490438732044663e-01
1.321800000000091359e+03,1.849647717749525744e-01
1.321900000000091495e+03,1.847768143825517240e-01
1.322000000000091404e+03,1.845851731922601158e-01
1.322100000000091313e+03,1.838180984151611408e-01
1.322200000000091450e+03,1.830497220525308388e-01
1.322300000000091586e+03,1.822780437571045187e-01
1.322400000000091495e+03,1.815030647726400270e-01
1.322500000000091404e+03,1.807247863427020040e-01
1.322600000000091541e+03,1.799421457085710607e-01
1.322700000000091677e+03,1.791551849360675241e-01
1.322800000000091586e+03,1.783649467749283124e-01
1.322900000000091495e+03,1.775714325846321495e-01
1.323000000000091632e+03,1.767746437239828550e-01
1.323100000000091768e+03,1.755002366550444393e-01
1.323200000000091677e+03,1.742248365544169508e-01
1.323300000000091586e+03,1.729484439008608654e-01
1.323400000000091723e+03,1.716710591730507551e-01
1.323500000000091859e+03,1.703919322961391369e-01
1.323600000000091768e+03,1.691105952922577205e-01
1.323700000000091677e+03,1.678282974251272264e-01
1.323800000000091813e+03,1.665450392109080746e-01
1.323900000000091950e+03,1.652608211656658721e-01
1.324000000000091859e+03,1.639772002076637925e-01
1.324100000000091768e+03,1.624588897479147254e-01
1.324200000000091904e+03,1.609428650878131362e-01
1.324300000000092041e+03,1.594291254432915750e-01
1.324400000000091950e+03,1.579176700304034953e-01
1.324500000000091859e+03,1.564080515005248084e-01
1.324600000000091995e+03,1.549005451557755042e-01
1.324700000000092132e+03,1.533953327618448048e-01
1.324800000000092041e+03,1.518924135076418214e-01
1.324900000000091950e+03,1.503917865822034794e-01
1.325000000000092086e+03,1.488934511746755063e-01
1.325100000000092223e+03,1.473708825810066958e-01
1.325200000000092132e+03,1.458533246425331997e-01
1.325300000000092041e+03,1.443407754777354113e-01
1.325400000000092177e+03,1.428332332054037812e-01
1.325500000000092314e+03,1.413306959446444799e-01
1.325600000000092223e+03,1.398331618148734579e-01
1.325700000000092132e+03,1.383406289358093955e-01
1.325800000000092268e+03,1.368522093189672717e-01
1.325900000000092405e+03,1.353681004392552067e-01
1.326000000000092314e+03,1.338890215612729695e-01
1.326100000000092223e+03,1.192039057923070522e-01
1.326200000000092359e+03,1.048120749157960413e-01
1.326300000000092496e+03,9.071156384002312945e-02
1.326400000000092405e+03,7.690040807793066535e-02
1.326500000000092314e+03,6.337664374700652248e-02
1.326600000000092450e+03,5.013830756929637394e-02
1.326700000000092587e+03,3.718343687140875098e-02
1.326800000000092496e+03,2.451006958439797337e-02
1.326900000000092405e+03,1.211624424365514117e-02
1.327000000000092541e+03,0.000000000000000000e+00
1.327100000000092678e+03,0.000000000000000000e+00
1.327200000000092587e+03,0.000000000000000000e+00
1.327300000000092496e+03,0.000000000000000000e+00
1.327400000000092632e+03,0.000000000000000000e+00
1.327500000000092768e+03,0.000000000000000000e+00
1.327600000000092678e+03,0.000000000000000000e+00
1.327700000000092587e+03,0.000000000000000000e+00
1.327800000000092723e+03,0.000000000000000000e+00
1.327900000000092859e+03,0.000000000000000000e+00
1.328000000000092768e+03,0.000000000000000000e+00
1.328100000000092678e+03,0.000000000000000000e+00
1.328200000000092814e+03,0.000000000000000000e+00
1.328300000000092950e+03,0.000000000000000000e+00
1.328400000000092859e+03,0.000000000000000000e+00
1.328500000000092768e+03,0.000000000000000000e+00
1.328600000000092905e+03,0.000000000000000000e+00
1.328700000000093041e+03,0.000000000000000000e+00
1.328800000000092950e+03,0.000000000000000000e+00
1.328900000000092859e+03,0.000000000000000000e+00
1.329000000000092996e+03,0.000000000000000000e+00
1.329100000000093132e+03,0.000000000000000000e+00
1.329200000000093041e+03,0.000000000000000000e+00
1.329300000000092950e+03,0.000000000000000000e+00
1.329400000000093087e+03,0.000000000000000000e+00
1.329500000000093223e+03,0.000000000000000000e+00
1.329600000000093132e+03,0.000000000000000000e+00
1.329700000000093041e+03,0.000000000000000000e+00
1.329800000000093178e+03,0.000000000000000000e+00
1.329900000000093314e+03,0.000000000000000000e+00
1.330000000000093223e+03,0.000000000000000000e+00
1.330100000000093132e+03,0.000000000000000000e+00
1.330200000000093269e+03,0.000000000000000000e+00
1.330300000000093405e+03,0.000000000000000000e+00
1.330400000000093314e+03,0.000000000000000000e+00
1.330500000000093223e+03,0.000000000000000000e+00
1.330600000000093360e+03,0.000000000000000000e+00
1.330700000000093496e+03,0.000000000000000000e+00
1.330800000000093405e+03,0.000000000000000000e+00
1.330900000000093314e+03,0.000000000000000000e+00
1.331000000000093451e+03,0.000000000000000000e+00
1.331100000000093587e+03,0.000000000000000000e+00
1.331200000000093496e+03,0.000000000000000000e+00
1.331300000000093405e+03,0.000000000000000000e+00
1.331400000000093542e+03,0.000000000000000000e+00
1.331500000000093678e+03,0.000000000000000000e+00
1.331600000000093587e+03,0.000000000000000000e+00
1.331700000000093496e+03,0.000000000000000000e+00
1.331800000000093632e+03,0.000000000000000000e+00
1.331900000000093769e+03,0.000000000000000000e+00
1.332000000000093678e+03,0.000000000000000000e+00
1.332100000000093587e+03,0.000000000000000000e+00
1.332200000000093723e+03,0.000000000000000000e+00
1.332300000000093860e+03,0.000000000000000000e+00
1.332400000000093769e+03,0.000000000000000000e+00
1.332500000000093678e+03,0.000000000000000000e+00
1.332600000000093814e+03,0.000000000000000000e+00
1.332700000000093951e+03,0.000000000000000000e+00
1.332800000000093860e+03,0.000000000000000000e+00
1.332900000000093769e+03,0.000000000000000000e+00
1.333000000000093905e+03,0.000000000000000000e+00
1.333100000000094042e+03,0.000000000000000000e+00
1.333200000000093951e+03,0.000000000000000000e+00
1.333300000000093860e+03,0.000000000000000000e+00
1.333400000000093996e+03,0.000000000000000000e+00
1.333500000000094133e+03,0.000000000000000000e+00
1.333600000000094042e+03,0.000000000000000000e+00
1.333700000000093951e+03,0.000000000000000000e+00
1.333800000000094087e+03,0.000000000000000000e+00
1.333900000000094224e+03,0.000000000000000000e+00
1.334000000000094133e+03,0.000000000000000000e+00
1.334100000000094042e+03,0.000000000000000000e+00
1.334200000000094178e+03,0.000000000000000000e+00
1.334300000000094315e+03,0.000000000000000000e+00
1.334400000000094224e+03,0.000000000000000000e+00
1.334500000000094133e+03,0.000000000000000000e+00
1.334600000000094269e+03,0.000000000000000000e+00
1.334700000000094406e+03,0.000000000000000000e+00
1.334800000000094315e+03,0.000000000000000000e+00
1.334900000000094224e+03,0.000000000000000000e+00
1.335000000000094360e+03,0.000000000000000000e+00
1.335100000000094496e+03,0.000000000000000000e+00
1.335200000000094406e+03,0.000000000000000000e+00
1.335300000000094315e+03,0.000000000000000000e+00
1.335400000000094451e+03,0.000000000000000000e+00
1.335500000000094587e+03,0.000000000000000000e+00
1.335600000000094496e+03,0.000000000000000000e+00
1.335700000000094406e+03,0.000000000000000000e+00
1.335800000000094542e+03,0.000000000000000000e+00
1.335900000000094678e+03,0.000000000000000000e+00
1.336000000000094587e+03,0.000000000000000000e+00
1.336100000000094496e+03,0.000000000000000000e+00
1.336200000000094633e+03,0.000000000000000000e+00
1.336300000000094769e+03,0.000000000000000000e+00
1.336400000000094678e+03,0.000000000000000000e+00
1.336500000000094587e+03,0.000000000000000000e+00
1.336600000000094724e+03,0.000000000000000000e+00
1.336700000000094860e+03,0.000000000000000000e+00
1.336800000000094769e+03,0.000000000000000000e+00
1.336900000000094678e+03,0.000000000000000000e+00
1.337000000000094815e+03,0.000000000000000000e+00
1.337100000000094951e+03,0.000000000000000000e+00
1.337200000000094860e+03,0.000000000000000000e+00
1.337300000000094769e+03,0.000000000000000000e+00
1.337400000000094906e+03,0.000000000000000000e+00
1.337500000000095042e+03,0.000000000000000000e+00
1.337600000000094951e+03,0.000000000000000000e+00
1.337700000000094860e+03,0.000000000000000000e+00
1.337800000000094997e+03,0.000000000000000000e+00
1.337900000000095133e+03,0.000000000000000000e+00
1.338000000000095042e+03,0.000000000000000000e+00
1.338100000000094951e+03,0.000000000000000000e+00
1.338200000000095088e+03,0.000000000000000000e+00
1.338300000000095224e+03,0.000000000000000000e+00
1.338400000000095133e+03,0.000000000000000000e+00
1.338500000000095042e+03,0.000000000000000000e+00
1.338600000000095179e+03,0.000000000000000000e+00
1.338700000000095315e+03,0.000000000000000000e+00
1.338800000000095224e+03,0.000000000000000000e+00
1.338900000000095133e+03,0.000000000000000000e+00
1.339000000000095270e+03,0.000000000000000000e+00
1.339100000000095406e+03,0.000000000000000000e+00
1.339200000000095315e+03,0.000000000000000000e+00
1.339300000000095224e+03,0.000000000000000000e+00
1.339400000000095361e+03,0.000000000000000000e+00
1.339500000000095497e+03,0.000000000000000000e+00
1.339600000000095406e+03,0.000000000000000000e+00
1.339700000000095315e+03,0.000000000000000000e+00
1.339800000000095451e+03,0.000000000000000000e+00
1.339900000000095588e+03,0.000000000000000000e+00
1.340000000000095497e+03,0.000000000000000000e+00
1.340100000000095406e+03,0.000000000000000000e+00
1.340200000000095542e+03,0.000000000000000000e+00
1.340300000000095679e+03,0.000000000000000000e+00
1.340400000000095588e+03,0.000000000000000000e+00
1.340500000000095497e+03,0.000000000000000000e+00
1.340600000000095633e+03,0.000000000000000000e+00
1.340700000000095770e+03,0.000000000000000000e+00
1.340800000000095679e+03,0.000000000000000000e+00
1.340900000000095588e+03,0.000000000000000000e+00
1.341000000000095724e+03,0.000000000000000000e+00
1.341100000000095861e+03,0.000000000000000000e+00
1.341200000000095770e+03,0.000000000000000000e+00
1.341300000000095679e+03,0.000000000000000000e+00
1.341400000000095815e+03,0.000000000000000000e+00
1.341500000000095952e+03,0.000000000000000000e+00
1.341600000000095861e+03,0.000000000000000000e+00
1.341700000000095770e+03,0.000000000000000000e+00
1.341800000000095906e+03,0.000000000000000000e+00
1.341900000000096043e+03,0.000000000000000000e+00
1.342000000000095952e+03,0.000000000000000000e+00
1.342100000000095861e+03,0.000000000000000000e+00
1.342200000000095997e+03,0.000000000000000000e+00
1.342300000000096134e+03,0.000000000000000000e+00
1.342400000000096043e+03,0.000000000000000000e+00
1.342500000000095952e+03,0.000000000000000000e+00
1.342600000000096088e+03,0.000000000000000000e+00
1.342700000000096225e+03,0.000000000000000000e+00
1.342800000000096134e+03,0.000000000000000000e+00
1.342900000000096043e+03,0.000000000000000000e+00
1.343000000000096179e+03,0.000000000000000000e+00
1.343100000000096315e+03,0.000000000000000000e+00
1.343200000000096225e+03,0.000000000000000000e+00
1.343300000000096134e+03,0.000000000000000000e+00
1.343400000000096270e+03,0.000000000000000000e+00
1.343500000000096406e+03,0.000000000000000000e+00
1.343600000000096315e+03,0.000000000000000000e+00
1.343700000000096225e+03,0.000000000000000000e+00
1.343800000000096361e+03,0.000000000000000000e+00
1.343900000000096497e+03,0.000000000000000000e+00
1.344000000000096406e+03,0.000000000000000000e+00
1.344100000000096315e+03,0.000000000000000000e+00
1.344200000000096452e+03,0.000000000000000000e+00
1.344300000000096588e+03,0.000000000000000000e+00
1.344400000000096497e+03,0.000000000000000000e+00
1.344500000000096406e+03,0.000000000000000000e+00
1.344600000000096543e+03,0.000000000000000000e+00
1.344700000000096679e+03,0.000000000000000000e+00
1.344800000000096588e+03,0.000000000000000000e+00
1.344900000000096497e+03,0.000000000000000000e+00
1.345000000000096634e+03,0.000000000000000000e+00
1.345100000000096770e+03,0.000000000000000000e+00
1.345200000000096679e+03,0.000000000000000000e+00
1.345300000000096588e+03,0.000000000000000000e+00
1.345400000000096725e+03,0.000000000000000000e+00
1.345500000000096861e+03,0.000000000000000000e+00
1.345600000000096770e+03,0.000000000000000000e+00
1.345700000000096679e+03,0.000000000000000000e+00
1.345800000000096816e+03,0.000000000000000000e+00
1.345900000000096952e+03,0.000000000000000000e+00
1.346000000000096861e+03,0.000000000000000000e+00
1.346100000000096770e+03,0.000000000000000000e+00
1.346200000000096907e+03,0.000000000000000000e+00
1.346300000000097043e+03,0.000000000000000000e+00
1.346400000000096952e+03,0.000000000000000000e+00
1.346500000000096861e+03,0.000000000000000000e+00
1.346600000000096998e+03,0.000000000000000000e+00
1.346700000000097134e+03,0.000000000000000000e+00
1.346800000000097043e+03,0.000000000000000000e+00
1.346900000000096952e+03,0.000000000000000000e+00
1.347000000000097089e+03,0.000000000000000000e+00
1.347100000000097225e+03,0.000000000000000000e+00
1.347200000000097134e+03,0.000000000000000000e+00
1.347300000000097043e+03,0.000000000000000000e+00
1.347400000000097180e+03,0.000000000000000000e+00
1.347500000000097316e+03,0.000000000000000000e+00
1.347600000000097225e+03,0.000000000000000000e+00
1.347700000000097134e+03,0.000000000000000000e+00
1.347800000000097270e+03,0.000000000000000000e+00
1.347900000000097407e+03,0.000000000000000000e+00
1.348000000000097316e+03,0.000000000000000000e+00
1.348100000000097225e+03,0.000000000000000000e+00
1.348200000000097361e+03,0.000000000000000000e+00
1.348300000000097498e+03,0.000000000000000000e+00
1.348400000000097407e+03,0.000000000000000000e+00
1.348500000000097316e+03,0.000000000000000000e+00
1.348600000000097452e+03,0.000000000000000000e+00
1.348700000000097589e+03,0.000000000000000000e+00
1.348800000000097498e+03,0.000000000000000000e+00
1.348900000000097407e+03,0.000000000000000000e+00
1.349000000000097543e+03,0.000000000000000000e+00
1.349100000000097680e+03,0.000000000000000000e+00
1.349200000000097589e+03,0.000000000000000000e+00
1.349300000000097498e+03,0.000000000000000000e+00
1.349400000000097634e+03,0.000000000000000000e+00
1.349500000000097771e+03,0.000000000000000000e+00
1.349600000000097680e+03,0.000000000000000000e+00
1.349700000000097589e+03,0.000000000000000000e+00
1.349800000000097725e+03,0.000000000000000000e+00
1.349900000000097862e+03,0.000000000000000000e+00
1.350000000000097771e+03,0.000000000000000000e+00
1.350100000000097680e+03,0.000000000000000000e+00
1.350200000000097816e+03,0.000000000000000000e+00
1.350300000000097953e+03,0.000000000000000000e+00
1.350400000000097862e+03,0.000000000000000000e+00
1.350500000000097771e+03,0.000000000000000000e+00
1.350600000000097907e+03,0.000000000000000000e+00
1.350700000000098044e+03,0.000000000000000000e+00
1.350800000000097953e+03,0.000000000000000000e+00
1.350900000000097862e+03,0.000000000000000000e+00
1.351000000000097998e+03,0.000000000000000000e+00
1.351100000000098134e+03,0.000000000000000000e+00
1.351200000000098044e+03,0.000000000000000000e+00
1.351300000000097953e+03,0.000000000000000000e+00
1.351400000000098089e+03,0.000000000000000000e+00
1.351500000000098225e+03,0.000000000000000000e+00
1.351600000000098134e+03,0.000000000000000000e+00
1.351700000000098044e+03,0.000000000000000000e+00
1.351800000000098180e+03,0.000000000000000000e+00
1.351900000000098316e+03,0.000000000000000000e+00
1.352000000000098225e+03,0.000000000000000000e+00
1.352100000000098134e+03,0.000000000000000000e+00
1.352200000000098271e+03,0.000000000000000000e+00
1.352300000000098407e+03,0.000000000000000000e+00
1.352400000000098316e+03,0.000000000000000000e+00
1.352500000000098225e+03,0.000000000000000000e+00
1.352600000000098362e+03,0.000000000000000000e+00
1.352700000000098498e+03,0.000000000000000000e+00
1.352800000000098407e+03,0.000000000000000000e+00
1.352900000000098316e+03,0.000000000000000000e+00
1.353000000000098453e+03,0.000000000000000000e+00
1.353100000000098589e+03,0.000000000000000000e+00
1.353200000000098498e+03,0.000000000000000000e+00
1.353300000000098407e+03,0.000000000000000000e+00
1.353400000000098544e+03,0.000000000000000000e+00
1.353500000000098680e+03,0.000000000000000000e+00
1.353600000000098589e+03,0.000000000000000000e+00
1.353700000000098498e+03,0.000000000000000000e+00
1.353800000000098635e+03,0.000000000000000000e+00
1.353900000000098771e+03,0.000000000000000000e+00
1.354000000000098680e+03,0.000000000000000000e+00
1.354100000000098589e+03,0.000000000000000000e+00
1.354200000000098726e+03,0.000000000000000000e+00
1.354300000000098862e+03,0.000000000000000000e+00
1.354400000000098771e+03,0.000000000000000000e+00
1.354500000000098680e+03,0.000000000000000000e+00
1.354600000000098817e+03,0.000000000000000000e+00
1.354700000000098953e+03,0.000000000000000000e+00
1.354800000000098862e+03,0.000000000000000000e+00
1.354900000000098771e+03,0.000000000000000000e+00
1.355000000000098908e+03,0.000000000000000000e+00
1.355100000000099044e+03,0.000000000000000000e+00
1.355200000000098953e+03,0.000000000000000000e+00
1.355300000000098862e+03,0.000000000000000000e+00
1.355400000000098998e+03,0.000000000000000000e+00
1.355500000000099135e+03,0.000000000000000000e+00
1.355600000000099044e+03,0.000000000000000000e+00
1.355700000000098953e+03,0.000000000000000000e+00
1.355800000000099089e+03,0.000000000000000000e+00
1.355900000000099226e+03,0.000000000000000000e+00
1.356000000000099135e+03,0.000000000000000000e+00
1.356100000000099044e+03,0.000000000000000000e+00
1.356200000000099180e+03,0.000000000000000000e+00
1.356300000000099317e+03,0.000000000000000000e+00
1.356400000000099226e+03,0.000000000000000000e+00
1.356500000000099135e+03,0.000000000000000000e+00
1.356600000000099271e+03,0.000000000000000000e+00
1.356700000000099408e+03,0.000000000000000000e+00
1.356800000000099317e+03,0.000000000000000000e+00
1.356900000000099226e+03,0.000000000000000000e+00
1.357000000000099362e+03,0.000000000000000000e+00
1.357100000000099499e+03,0.000000000000000000e+00
1.357200000000099408e+03,0.000000000000000000e+00
1.357300000000099317e+03,0.000000000000000000e+00
1.357400000000099453e+03,0.000000000000000000e+00
1.357500000000099590e+03,0.000000000000000000e+00
1.357600000000099499e+03,0.000000000000000000e+00
1.357700000000099408e+03,0.000000000000000000e+00
1.357800000000099544e+03,0.000000000000000000e+00
1.357900000000099681e+03,0.000000000000000000e+00
1.358000000000099590e+03,0.000000000000000000e+00
1.358100000000099499e+03,0.000000000000000000e+00
1.358200000000099635e+03,0.000000000000000000e+00
1.358300000000099772e+03,0.000000000000000000e+00
1.358400000000099681e+03,0.000000000000000000e+00
1.358500000000099590e+03,0.000000000000000000e+00
1.358600000000099726e+03,0.000000000000000000e+00
1.358700000000099863e+03,0.000000000000000000e+00
1.358800000000099772e+03,0.000000000000000000e+00
1.358900000000099681e+03,0.000000000000000000e+00
1.359000000000099817e+03,0.000000000000000000e+00
1.359100000000099953e+03,0.000000000000000000e+00
1.359200000000099863e+03,0.000000000000000000e+00
1.359300000000099772e+03,0.000000000000000000e+00
1.359400000000099908e+03,0.000000000000000000e+00
1.359500000000100044e+03,0.000000000000000000e+00
1.359600000000099953e+03,0.000000000000000000e+00
1.359700000000099863e+03,0.000000000000000000e+00
1.359800000000099999e+03,0.000000000000000000e+00
1.359900000000100135e+03,0.000000000000000000e+00
1.360000000000100044e+03,0.000000000000000000e+00
1.360100000000099953e+03,0.000000000000000000e+00
1.360200000000100090e+03,0.000000000000000000e+00
1.360300000000100226e+03,0.000000000000000000e+00
1.360400000000100135e+03,0.000000000000000000e+00
1.360500000000100044e+03,0.000000000000000000e+00
1.360600000000100181e+03,0.000000000000000000e+00
1.360700000000100317e+03,0.000000000000000000e+00
1.360800000000100226e+03,0.000000000000000000e+00
1.360900000000100135e+03,0.000000000000000000e+00
1.361000000000100272e+03,0.000000000000000000e+00
1.361100000000100408e+03,0.000000000000000000e+00
1.361200000000100317e+03,0.000000000000000000e+00
1.361300000000100226e+03,0.000000000000000000e+00
1.361400000000100363e+03,0.000000000000000000e+00
1.361500000000100499e+03,0.000000000000000000e+00
1.361600000000100408e+03,0.000000000000000000e+00
1.361700000000100317e+03,0.000000000000000000e+00
1.361800000000100454e+03,0.000000000000000000e+00
1.361900000000100590e+03,0.000000000000000000e+00
1.362000000000100499e+03,0.000000000000000000e+00
1.362100000000100408e+03,0.000000000000000000e+00
1.362200000000100545e+03,0.000000000000000000e+00
1.362300000000100681e+03,0.000000000000000000e+00
1.362400000000100590e+03,0.000000000000000000e+00
1.362500000000100499e+03,0.000000000000000000e+00
1.362600000000100636e+03,0.000000000000000000e+00
1.362700000000100772e+03,0.000000000000000000e+00
1.362800000000100681e+03,0.000000000000000000e+00
1.362900000000100590e+03,0.000000000000000000e+00
1.363000000000100727e+03,0.000000000000000000e+00
1.363100000000100863e+03,0.000000000000000000e+00
1.363200000000100772e+03,0.000000000000000000e+00
1.363300000000100681e+03,0.000000000000000000e+00
1.363400000000100817e+03,0.000000000000000000e+00
1.363500000000100954e+03,0.000000000000000000e+00
1.363600000000100863e+03,0.000000000000000000e+00
1.363700000000100772e+03,0.000000000000000000e+00
1.363800000000100908e+03,0.000000000000000000e+00
1.363900000000101045e+03,0.000000000000000000e+00
1.364000000000100954e+03,0.000000000000000000e+00
1.364100000000100863e+03,0.000000000000000000e+00
1.364200000000100999e+03,0.000000000000000000e+00
1.364300000000101136e+03,0.000000000000000000e+00
1.364400000000101045e+03,0.000000000000000000e+00
1.364500000000100954e+03,0.000000000000000000e+00
1.364600000000101090e+03,0.000000000000000000e+00
1.364700000000101227e+03,0.000000000000000000e+00
1.364800000000101136e+03,0.000000000000000000e+00
1.364900000000101045e+03,0.000000000000000000e+00
1.365000000000101181e+03,0.000000000000000000e+00
1.365100000000101318e+03,0.000000000000000000e+00
1.365200000000101227e+03,0.000000000000000000e+00
1.365300000000101136e+03,0.000000000000000000e+00
1.365400000000101272e+03,0.000000000000000000e+00
1.365500000000101409e+03,0.000000000000000000e+00
1.365600000000101318e+03,0.000000000000000000e+00
1.365700000000101227e+03,0.000000000000000000e+00
1.365800000000101363e+03,0.000000000000000000e+00
1.365900000000101500e+03,0.000000000000000000e+00
1.366000000000101409e+03,0.000000000000000000e+00
1.366100000000101318e+03,0.000000000000000000e+00
1.366200000000101454e+03,0.000000000000000000e+00
1.366300000000101591e+03,0.000000000000000000e+00
1.366400000000101500e+03,0.000000000000000000e+00
1.366500000000101409e+03,0.000000000000000000e+00
1.366600000000101545e+03,0.000000000000000000e+00
1.366700000000101682e+03,0.000000000000000000e+00
1.366800000000101591e+03,0.000000000000000000e+00
1.366900000000101500e+03,0.000000000000000000e+00
1.367000000000101636e+03,0.000000000000000000e+00
1.367100000000101772e+03,0.000000000000000000e+00
1.367200000000101682e+03,0.000000000000000000e+00
1.367300000000101591e+03,0.000000000000000000e+00
1.367400000000101727e+03,0.000000000000000000e+00
1.367500000000101863e+03,0.000000000000000000e+00
1.367600000000101772e+03,0.000000000000000000e+00
1.367700000000101682e+03,0.000000000000000000e+00
1.367800000000101818e+03,0.000000000000000000e+00
1.367900000000101954e+03,0.000000000000000000e+00
1.368000000000101863e+03,0.000000000000000000e+00
1.368100000000101772e+03,0.000000000000000000e+00
1.368200000000101909e+03,0.000000000000000000e+00
1.368300000000102045e+03,0.000000000000000000e+00
1.368400000000101954e+03,0.000000000000000000e+00
1.368500000000101863e+03,0.000000000000000000e+00
1.368600000000102000e+03,0.000000000000000000e+00
1.368700000000102136e+03,0.000000000000000000e+00
1.368800000000102045e+03,0.000000000000000000e+00
1.368900000000101954e+03,0.000000000000000000e+00
1.369000000000102091e+03,0.000000000000000000e+00
1.369100000000102227e+03,0.000000000000000000e+00
1.369200000000102136e+03,0.000000000000000000e+00
1.369300000000102045e+03,0.000000000000000000e+00
1.369400000000102182e+03,0.000000000000000000e+00
1.369500000000102318e+03,0.000000000000000000e+00
1.369600000000102227e+03,0.000000000000000000e+00
1.369700000000102136e+03,0.000000000000000000e+00
1.369800000000102273e+03,0.000000000000000000e+00
1.369900000000102409e+03,0.000000000000000000e+00
1.370000000000102318e+03,0.000000000000000000e+00
1.370100000000102227e+03,0.000000000000000000e+00
1.370200000000102364e+03,0.000000000000000000e+00
1.370300000000102500e+03,0.000000000000000000e+00
1.370400000000102409e+03,0.000000000000000000e+00
1.370500000000102318e+03,0.000000000000000000e+00
1.370600000000102455e+03,0.000000000000000000e+00
1.370700000000102591e+03,0.000000000000000000e+00
1.370800000000102500e+03,0.000000000000000000e+00
1.370900000000102409e+03,0.000000000000000000e+00
1.371000000000102546e+03,0.000000000000000000e+00
1.371100000000102682e+03,0.000000000000000000e+00
1.371200000000102591e+03,0.000000000000000000e+00
1.371300000000102500e+03,0.000000000000000000e+00
1.371400000000102636e+03,0.000000000000000000e+00
1.371500000000102773e+03,0.000000000000000000e+00
1.371600000000102682e+03,0.000000000000000000e+00
1.371700000000102591e+03,0.000000000000000000e+00
1.371800000000102727e+03,0.000000000000000000e+00
1.371900000000102864e+03,0.000000000000000000e+00
1.372000000000102773e+03,0.000000000000000000e+00
1.372100000000102682e+03,0.000000000000000000e+00
1.372200000000102818e+03,0.000000000000000000e+00
1.372300000000102955e+03,0.000000000000000000e+00
1.372400000000102864e+03,0.000000000000000000e+00
1.372500000000102773e+03,0.000000000000000000e+00
1.372600000000102909e+03,0.000000000000000000e+00
1.372700000000103046e+03,0.000000000000000000e+00
1.372800000000102955e+03,0.000000000000000000e+00
1.372900000000102864e+03,0.000000000000000000e+00
1.373000000000103000e+03,0.000000000000000000e+00
1.373100000000103137e+03,0.000000000000000000e+00
1.373200000000103046e+03,0.000000000000000000e+00
1.373300000000102955e+03,0.000000000000000000e+00
1.373400000000103091e+03,0.000000000000000000e+00
1.373500000000103228e+03,0.000000000000000000e+00
1.373600000000103137e+03,0.000000000000000000e+00
1.373700000000103046e+03,0.000000000000000000e+00
1.373800000000103182e+03,0.000000000000000000e+00
1.373900000000103319e+03,0.000000000000000000e+00
1.374000000000103228e+03,0.000000000000000000e+00
1.374100000000103137e+03,0.000000000000000000e+00
1.374200000000103273e+03,0.000000000000000000e+00
1.374300000000103410e+03,0.000000000000000000e+00
1.374400000000103319e+03,0.000000000000000000e+00
1.374500000000103228e+03,0.000000000000000000e+00
1.374600000000103364e+03,0.000000000000000000e+00
1.374700000000103500e+03,0.000000000000000000e+00
1.374800000000103410e+03,0.000000000000000000e+00
1.374900000000103319e+03,0.000000000000000000e+00
1.375000000000103455e+03,0.000000000000000000e+00
1.375100000000103591e+03,0.000000000000000000e+00
1.375200000000103500e+03,0.000000000000000000e+00
1.375300000000103410e+03,0.000000000000000000e+00
1.375400000000103546e+03,0.000000000000000000e+00
1.375500000000103682e+03,0.000000000000000000e+00
1.375600000000103591e+03,0.000000000000000000e+00
1.375700000000103500e+03,0.000000000000000000e+00
1.375800000000103637e+03,0.000000000000000000e+00
1.375900000000103773e+03,0.000000000000000000e+00
1.376000000000103682e+03,0.000000000000000000e+00
1.376100000000103591e+03,0.000000000000000000e+00
1.376200000000103728e+03,0.000000000000000000e+00
1.376300000000103864e+03,0.000000000000000000e+00
1.376400000000103773e+03,0.000000000000000000e+00
1.376500000000103682e+03,0.000000000000000000e+00
1.376600000000103819e+03,0.000000000000000000e+00
1.376700000000103955e+03,0.000000000000000000e+00
1.376800000000103864e+03,0.000000000000000000e+00
1.376900000000103773e+03,0.000000000000000000e+00
1.377000000000103910e+03,0.000000000000000000e+00
1.377100000000104046e+03,0.000000000000000000e+00
1.377200000000103955e+03,0.000000000000000000e+00
1.377300000000103864e+03,0.000000000000000000e+00
1.377400000000104001e+03,0.000000000000000000e+00
1.377500000000104137e+03,0.000000000000000000e+00
1.377600000000104046e+03,0.000000000000000000e+00
1.377700000000103955e+03,0.000000000000000000e+00
1.377800000000104092e+03,0.000000000000000000e+00
1.377900000000104228e+03,0.000000000000000000e+00
1.378000000000104137e+03,0.000000000000000000e+00
1.378100000000104046e+03,0.000000000000000000e+00
1.378200000000104183e+03,0.000000000000000000e+00
1.378300000000104319e+03,0.000000000000000000e+00
1.378400000000104228e+03,0.000000000000000000e+00
1.378500000000104137e+03,0.000000000000000000e+00
1.378600000000104274e+03,0.000000000000000000e+00
1.378700000000104410e+03,0.000000000000000000e+00
1.378800000000104319e+03,0.000000000000000000e+00
1.378900000000104228e+03,0.000000000000000000e+00
1.379000000000104365e+03,0.000000000000000000e+00
1.379100000000104501e+03,0.000000000000000000e+00
1.379200000000104410e+03,0.000000000000000000e+00
1.379300000000104319e+03,0.000000000000000000e+00
1.379400000000104455e+03,0.000000000000000000e+00
1.379500000000104592e+03,0.000000000000000000e+00
1.379600000000104501e+03,0.000000000000000000e+00
1.379700000000104410e+03,0.000000000000000000e+00
1.379800000000104546e+03,0.000000000000000000e+00
1.379900000000104683e+03,0.000000000000000000e+00
1.380000000000104592e+03,0.000000000000000000e+00
1.380100000000104501e+03,0.000000000000000000e+00
1.380200000000104637e+03,0.000000000000000000e+00
1.380300000000104774e+03,0.000000000000000000e+00
1.380400000000104683e+03,0.000000000000000000e+00
1.380500000000104592e+03,0.000000000000000000e+00
1.380600000000104728e+03,0.000000000000000000e+00
1.380700000000104865e+03,0.000000000000000000e+00
1.380800000000104774e+03,0.000000000000000000e+00
1.380900000000104683e+03,0.000000000000000000e+00
1.381000000000104819e+03,0.000000000000000000e+00
1.381100000000104956e+03,0.000000000000000000e+00
1.381200000000104865e+03,0.000000000000000000e+00
1.381300000000104774e+03,0.000000000000000000e+00
1.381400000000104910e+03,0.000000000000000000e+00
1.381500000000105047e+03,0.000000000000000000e+00
1.381600000000104956e+03,0.000000000000000000e+00
1.381700000000104865e+03,0.000000000000000000e+00
1.381800000000105001e+03,0.000000000000000000e+00
1.381900000000105138e+03,0.000000000000000000e+00
1.382000000000105047e+03,0.000000000000000000e+00
1.382100000000104956e+03,0.000000000000000000e+00
1.382200000000105092e+03,0.000000000000000000e+00
1.382300000000105229e+03,0.000000000000000000e+00
1.382400000000105138e+03,0.000000000000000000e+00
1.382500000000105047e+03,0.000000000000000000e+00
1.382600000000105183e+03,0.000000000000000000e+00
1.382700000000105319e+03,0.000000000000000000e+00
1.382800000000105229e+03,0.000000000000000000e+00
1.382900000000105138e+03,0.000000000000000000e+00
1.383000000000105274e+03,0.000000000000000000e+00
1.383100000000105410e+03,0.000000000000000000e+00
1.383200000000105319e+03,0.000000000000000000e+00
1.383300000000105229e+03,0.000000000000000000e+00
1.383400000000105365e+03,0.000000000000000000e+00
1.383500000000105501e+03,0.000000000000000000e+00
1.383600000000105410e+03,0.000000000000000000e+00
1.383700000000105319e+03,0.000000000000000000e+00
1.383800000000105456e+03,0.000000000000000000e+00
1.383900000000105592e+03,0.000000000000000000e+00
1.384000000000105501e+03,0.000000000000000000e+00
1.384100000000105410e+03,0.000000000000000000e+00
1.384200000000105547e+03,0.000000000000000000e+00
1.384300000000105683e+03,0.000000000000000000e+00
1.384400000000105592e+03,0.000000000000000000e+00
1.384500000000105501e+03,0.000000000000000000e+00
1.384600000000105638e+03,0.000000000000000000e+00
1.384700000000105774e+03,0.000000000000000000e+00
1.384800000000105683e+03,0.000000000000000000e+00
1.384900000000105592e+03,0.000000000000000000e+00
1.385000000000105729e+03,0.000000000000000000e+00
1.385100000000105865e+03,0.000000000000000000e+00
1.385200000000105774e+03,0.000000000000000000e+00
1.385300000000105683e+03,0.000000000000000000e+00
1.385400000000105820e+03,0.000000000000000000e+00
1.385500000000105956e+03,0.000000000000000000e+00
1.385600000000105865e+03,0.000000000000000000e+00
1.385700000000105774e+03,0.000000000000000000e+00
1.385800000000105911e+03,0.000000000000000000e+00
1.385900000000106047e+03,0.000000000000000000e+00
1.386000000000105956e+03,0.000000000000000000e+00
1.386100000000105865e+03,0.000000000000000000e+00
1.386200000000106002e+03,0.000000000000000000e+00
1.386300000000106138e+03,0.000000000000000000e+00
1.386400000000106047e+03,0.000000000000000000e+00
1.386500000000105956e+03,0.000000000000000000e+00
1.386600000000106093e+03,0.000000000000000000e+00
1.386700000000106229e+03,0.000000000000000000e+00
1.386800000000106138e+03,0.000000000000000000e+00
1.386900000000106047e+03,0.000000000000000000e+00
1.387000000000106184e+03,0.000000000000000000e+00
1.387100000000106320e+03,0.000000000000000000e+00
1.387200000000106229e+03,0.000000000000000000e+00
1.387300000000106138e+03,0.000000000000000000e+00
1.387400000000106274e+03,0.000000000000000000e+00
1.387500000000106411e+03,0.000000000000000000e+00
1.387600000000106320e+03,0.000000000000000000e+00
1.387700000000106229e+03,0.000000000000000000e+00
1.387800000000106365e+03,0.000000000000000000e+00
1.387900000000106502e+03,0.000000000000000000e+00
1.388000000000106411e+03,0.000000000000000000e+00
1.388100000000106320e+03,0.000000000000000000e+00
1.388200000000106456e+03,0.000000000000000000e+00
1.388300000000106593e+03,0.000000000000000000e+00
1.388400000000106502e+03,0.000000000000000000e+00
1.388500000000106411e+03,0.000000000000000000e+00
1.388600000000106547e+03,0.000000000000000000e+00
1.388700000000106684e+03,0.000000000000000000e+00
1.388800000000106593e+03,0.000000000000000000e+00
1.388900000000106502e+03,0.000000000000000000e+00
1.389000000000106638e+03,0.000000000000000000e+00
1.389100000000106775e+03,0.000000000000000000e+00
1.389200000000106684e+03,0.000000000000000000e+00
1.389300000000106593e+03,0.000000000000000000e+00
1.389400000000106729e+03,0.000000000000000000e+00
1.389500000000106866e+03,0.000000000000000000e+00
1.389600000000106775e+03,0.000000000000000000e+00
1.389700000000106684e+03,0.000000000000000000e+00
1.389800000000106820e+03,0.000000000000000000e+00
1.389900000000106957e+03,0.000000000000000000e+00
1.390000000000106866e+03,0.000000000000000000e+00
1.390100000000106775e+03,0.000000000000000000e+00
1.390200000000106911e+03,0.000000000000000000e+00
1.390300000000107048e+03,0.000000000000000000e+00
1.390400000000106957e+03,0.000000000000000000e+00
1.390500000000106866e+03,0.000000000000000000e+00
1.390600000000107002e+03,0.000000000000000000e+00
1.390700000000107138e+03,0.000000000000000000e+00
1.390800000000107048e+03,0.000000000000000000e+00
1.390900000000106957e+03,0.000000000000000000e+00
1.391000000000107093e+03,0.000000000000000000e+00
1.391100000000107229e+03,0.000000000000000000e+00
1.391200000000107138e+03,0.000000000000000000e+00
1.391300000000107048e+03,0.000000000000000000e+00
1.391400000000107184e+03,0.000000000000000000e+00
1.391500000000107320e+03,0.000000000000000000e+00
1.391600000000107229e+03,0.000000000000000000e+00
1.391700000000107138e+03,0.000000000000000000e+00
1.391800000000107275e+03,0.000000000000000000e+00
1.391900000000107411e+03,0.000000000000000000e+00
1.392000000000107320e+03,0.000000000000000000e+00
1.392100000000107229e+03,0.000000000000000000e+00
1.392200000000107366e+03,0.000000000000000000e+00
1.392300000000107502e+03,0.000000000000000000e+00
1.392400000000107411e+03,0.000000000000000000e+00
1.392500000000107320e+03,0.000000000000000000e+00
1.392600000000107457e+03,0.000000000000000000e+00
1.392700000000107593e+03,0.000000000000000000e+00
1.392800000000107502e+03,0.000000000000000000e+00
1.392900000000107411e+03,0.000000000000000000e+00
1.393000000000107548e+03,0.000000000000000000e+00
1.393100000000107684e+03,0.000000000000000000e+00
1.393200000000107593e+03,0.000000000000000000e+00
1.393300000000107502e+03,0.000000000000000000e+00
1.393400000000107639e+03,0.000000000000000000e+00
1.393500000000107775e+03,0.000000000000000000e+00
1.393600000000107684e+03,0.000000000000000000e+00
1.393700000000107593e+03,0.000000000000000000e+00
1.393800000000107730e+03,0.000000000000000000e+00
1.393900000000107866e+03,0.000000000000000000e+00
1.394000000000107775e+03,0.000000000000000000e+00
1.394100000000107684e+03,0.000000000000000000e+00
1.394200000000107821e+03,0.000000000000000000e+00
1.394300000000107957e+03,0.000000000000000000e+00
1.394400000000107866e+03,0.000000000000000000e+00
1.394500000000107775e+03,0.000000000000000000e+00
1.394600000000107912e+03,0.000000000000000000e+00
1.394700000000108048e+03,0.000000000000000000e+00
1.394800000000107957e+03,0.000000000000000000e+00
1.394900000000107866e+03,0.000000000000000000e+00
1.395000000000108002e+03,0.000000000000000000e+00
1.395100000000108139e+03,0.000000000000000000e+00
1.395200000000108048e+03,0.000000000000000000e+00
1.395300000000107957e+03,0.000000000000000000e+00
1.395400000000108093e+03,0.000000000000000000e+00
1.395500000000108230e+03,0.000000000000000000e+00
1.395600000000108139e+03,0.000000000000000000e+00
1.395700000000108048e+03,0.000000000000000000e+00
1.395800000000108184e+03,0.000000000000000000e+00
1.395900000000108321e+03,0.000000000000000000e+00
1.396000000000108230e+03,0.000000000000000000e+00
1.396100000000108139e+03,0.000000000000000000e+00
1.396200000000108275e+03,0.000000000000000000e+00
1.396300000000108412e+03,0.000000000000000000e+00
1.396400000000108321e+03,0.000000000000000000e+00
1.396500000000108230e+03,0.000000000000000000e+00
1.396600000000108366e+03,0.000000000000000000e+00
1.396700000000108503e+03,0.000000000000000000e+00
1.396800000000108412e+03,0.000000000000000000e+00
1.396900000000108321e+03,0.000000000000000000e+00
1.397000000000108457e+03,0.000000000000000000e+00
1.397100000000108594e+03,0.000000000000000000e+00
1.397200000000108503e+03,0.000000000000000000e+00
1.397300000000108412e+03,0.000000000000000000e+00
1.397400000000108548e+03,0.000000000000000000e+00
1.397500000000108685e+03,0.000000000000000000e+00
1.397600000000108594e+03,0.000000000000000000e+00
1.397700000000108503e+03,0.000000000000000000e+00
1.397800000000108639e+03,0.000000000000000000e+00
1.397900000000108776e+03,0.000000000000000000e+00
1.398000000000108685e+03,0.000000000000000000e+00
1.398100000000108594e+03,0.000000000000000000e+00
1.398200000000108730e+03,0.000000000000000000e+00
1.398300000000108867e+03,0.000000000000000000e+00
1.398400000000108776e+03,0.000000000000000000e+00
1.398500000000108685e+03,0.000000000000000000e+00
1.398600000000108821e+03,0.000000000000000000e+00
1.398700000000108957e+03,0.000000000000000000e+00
1.398800000000108867e+03,0.000000000000000000e+00
1.398900000000108776e+03,0.000000000000000000e+00
1.399000000000108912e+03,0.000000000000000000e+00
1.399100000000109048e+03,0.000000000000000000e+00
1.399200000000108957e+03,0.000000000000000000e+00
1.399300000000108867e+03,0.000000000000000000e+00
1.399400000000109003e+03,0.000000000000000000e+00
1.399500000000109139e+03,0.000000000000000000e+00
1.399600000000109048e+03,0.000000000000000000e+00
1.399700000000108957e+03,0.000000000000000000e+00
1.399800000000109094e+03,0.000000000000000000e+00
1.399900000000109230e+03,0.000000000000000000e+00
1.400000000000109139e+03,0.000000000000000000e+00
1.400100000000109048e+03,0.000000000000000000e+00
1.400200000000109185e+03,0.000000000000000000e+00
1.400300000000109321e+03,0.000000000000000000e+00
1.400400000000109230e+03,0.000000000000000000e+00
1.400500000000109139e+03,0.000000000000000000e+00
1.400600000000109276e+03,0.000000000000000000e+00
1.400700000000109412e+03,0.000000000000000000e+00
1.400800000000109321e+03,0.000000000000000000e+00
1.400900000000109230e+03,0.000000000000000000e+00
1.401000000000109367e+03,0.000000000000000000e+00
1.401100000000109503e+03,0.000000000000000000e+00
1.401200000000109412e+03,0.000000000000000000e+00
1.401300000000109321e+03,0.000000000000000000e+00
1.401400000000109458e+03,0.000000000000000000e+00
1.401500000000109594e+03,0.000000000000000000e+00
1.401600000000109503e+03,0.000000000000000000e+00
1.401700000000109412e+03,0.000000000000000000e+00
1.401800000000109549e+03,0.000000000000000000e+00
1.401900000000109685e+03,0.000000000000000000e+00
1.402000000000109594e+03,0.000000000000000000e+00
1.402100000000109503e+03,0.000000000000000000e+00
1.402200000000109640e+03,0.000000000000000000e+00
1.402300000000109776e+03,0.000000000000000000e+00
1.402400000000109685e+03,0.000000000000000000e+00
1.402500000000109594e+03,0.000000000000000000e+00
1.402600000000109731e+03,0.000000000000000000e+00
1.402700000000109867e+03,0.000000000000000000e+00
1.402800000000109776e+03,0.000000000000000000e+00
1.402900000000109685e+03,0.000000000000000000e+00
1.403000000000109821e+03,0.000000000000000000e+00
1.403100000000109958e+03,0.000000000000000000e+00
1.403200000000109867e+03,0.000000000000000000e+00
1.403300000000109776e+03,0.000000000000000000e+00
1.403400000000109912e+03,0.000000000000000000e+00
1.403500000000110049e+03,0.000000000000000000e+00
1.403600000000109958e+03,0.000000000000000000e+00
1.403700000000109867e+03,0.000000000000000000e+00
1.403800000000110003e+03,0.000000000000000000e+00
1.403900000000110140e+03,0.000000000000000000e+00
1.404000000000110049e+03,0.000000000000000000e+00
1.404100000000109958e+03,0.000000000000000000e+00
1.404200000000110094e+03,0.000000000000000000e+00
1.404300000000110231e+03,0.000000000000000000e+00
1.404400000000110140e+03,0.000000000000000000e+00
1.404500000000110049e+03,0.000000000000000000e+00
1.404600000000110185e+03,0.000000000000000000e+00
1.404700000000110322e+03,0.000000000000000000e+00
1.404800000000110231e+03,0.000000000000000000e+00
1.404900000000110140e+03,0.000000000000000000e+00
1.405000000000110276e+03,0.000000000000000000e+00
1.405100000000110413e+03,0.000000000000000000e+00
1.405200000000110322e+03,0.000000000000000000e+00
1.405300000000110231e+03,0.000000000000000000e+00
1.405400000000110367e+03,0.000000000000000000e+00
1.405500000000110504e+03,0.000000000000000000e+00
1.405600000000110413e+03,0.000000000000000000e+00
1.405700000000110322e+03,0.000000000000000000e+00
1.405800000000110458e+03,0.000000000000000000e+00
1.405900000000110595e+03,0.000000000000000000e+00
1.406000000000110504e+03,0.000000000000000000e+00
1.406100000000110413e+03,0.000000000000000000e+00
1.406200000000110549e+03,0.000000000000000000e+00
1.406300000000110686e+03,0.000000000000000000e+00
1.406400000000110595e+03,0.000000000000000000e+00
1.406500000000110504e+03,0.000000000000000000e+00
1.406600000000110640e+03,0.000000000000000000e+00
1.406700000000110776e+03,0.000000000000000000e+00
1.406800000000110686e+03,0.000000000000000000e+00
1.406900000000110595e+03,0.000000000000000000e+00
1.407000000000110731e+03,0.000000000000000000e+00
1.407100000000110867e+03,0.000000000000000000e+00
1.407200000000110776e+03,0.000000000000000000e+00
1.407300000000110686e+03,0.000000000000000000e+00
1.407400000000110822e+03,0.000000000000000000e+00
1.407500000000110958e+03,0.000000000000000000e+00
1.407600000000110867e+03,0.000000000000000000e+00
1.407700000000110776e+03,0.000000000000000000e+00
1.407800000000110913e+03,0.000000000000000000e+00
1.407900000000111049e+03,0.000000000000000000e+00
1.408000000000110958e+03,0.000000000000000000e+00
1.408100000000110867e+03,0.000000000000000000e+00
1.408200000000111004e+03,0.000000000000000000e+00
1.408300000000111140e+03,0.000000000000000000e+00
1.408400000000111049e+03,0.000000000000000000e+00
1.408500000000110958e+03,0.000000000000000000e+00
1.408600000000111095e+03,0.000000000000000000e+00
1.408700000000111231e+03,0.000000000000000000e+00
1.408800000000111140e+03,0.000000000000000000e+00
1.408900000000111049e+03,0.000000000000000000e+00
1.409000000000111186e+03,0.000000000000000000e+00
1.409100000000111322e+03,0.000000000000000000e+00
1.409200000000111231e+03,0.000000000000000000e+00
1.409300000000111140e+03,0.000000000000000000e+00
1.409400000000111277e+03,0.000000000000000000e+00
1.409500000000111413e+03,0.000000000000000000e+00
1.409600000000111322e+03,0.000000000000000000e+00
1.409700000000111231e+03,0.000000000000000000e+00
1.409800000000111368e+03,0.000000000000000000e+00
1.409900000000111504e+03,0.000000000000000000e+00
1.410000000000111413e+03,0.000000000000000000e+00
1.410100000000111322e+03,0.000000000000000000e+00
1.410200000000111459e+03,0.000000000000000000e+00
1.410300000000111595e+03,0.000000000000000000e+00
1.410400000000111504e+03,0.000000000000000000e+00
1.410500000000111413e+03,0.000000000000000000e+00
1.410600000000111550e+03,0.000000000000000000e+00
1.410700000000111686e+03,0.000000000000000000e+00
1.410800000000111595e+03,0.000000000000000000e+00
1.410900000000111504e+03,0.000000000000000000e+00
1.411000000000111640e+03,0.000000000000000000e+00
1.411100000000111777e+03,0.000000000000000000e+00
1.411200000000111686e+03,0.000000000000000000e+00
1.411300000000111595e+03,0.000000000000000000e+00
1.411400000000111731e+03,0.000000000000000000e+00
1.411500000000111868e+03,0.000000000000000000e+00
1.411600000000111777e+03,0.000000000000000000e+00
1.411700000000111686e+03,0.000000000000000000e+00
1.411800000000111822e+03,0.000000000000000000e+00
1.411900000000111959e+03,0.000000000000000000e+00
1.412000000000111868e+03,0.000000000000000000e+00
1.412100000000111777e+03,0.000000000000000000e+00
1.412200000000111913e+03,0.000000000000000000e+00
1.412300000000112050e+03,0.000000000000000000e+00
1.412400000000111959e+03,0.000000000000000000e+00
1.412500000000111868e+03,0.000000000000000000e+00
1.412600000000112004e+03,0.000000000000000000e+00
1.412700000000112141e+03,0.000000000000000000e+00
1.412800000000112050e+03,0.000000000000000000e+00
1.412900000000111959e+03,0.000000000000000000e+00
1.413000000000112095e+03,0.000000000000000000e+00
1.413100000000112232e+03,0.000000000000000000e+00
1.413200000000112141e+03,0.000000000000000000e+00
1.413300000000112050e+03,0.000000000000000000e+00
1.413400000000112186e+03,0.000000000000000000e+00
1.413500000000112323e+03,0.000000000000000000e+00
1.413600000000112232e+03,0.000000000000000000e+00
1.413700000000112141e+03,0.000000000000000000e+00
1.413800000000112277e+03,0.000000000000000000e+00
1.413900000000112414e+03,0.000000000000000000e+00
1.414000000000112323e+03,0.000000000000000000e+00
1.414100000000112232e+03,0.000000000000000000e+00
1.414200000000112368e+03,0.000000000000000000e+00
1.414300000000112504e+03,0.000000000000000000e+00
1.414400000000112414e+03,0.000000000000000000e+00
1.414500000000112323e+03,0.000000000000000000e+00
1.414600000000112459e+03,0.000000000000000000e+00
1.414700000000112595e+03,0.000000000000000000e+00
1.414800000000112504e+03,0.000000000000000000e+00
1.414900000000112414e+03,0.000000000000000000e+00
1.415000000000112550e+03,0.000000000000000000e+00
1.415100000000112686e+03,0.000000000000000000e+00
1.415200000000112595e+03,0.000000000000000000e+00
1.415300000000112504e+03,0.000000000000000000e+00
1.415400000000112641e+03,0.000000000000000000e+00
1.415500000000112777e+03,0.000000000000000000e+00
1.415600000000112686e+03,0.000000000000000000e+00
1.415700000000112595e+03,0.000000000000000000e+00
1.415800000000112732e+03,0.000000000000000000e+00
1.415900000000112868e+03,0.000000000000000000e+00
1.416000000000112777e+03,0.000000000000000000e+00
1.416100000000112686e+03,0.000000000000000000e+00
1.416200000000112823e+03,0.000000000000000000e+00
1.416300000000112959e+03,0.000000000000000000e+00
1.416400000000112868e+03,0.000000000000000000e+00
1.416500000000112777e+03,0.000000000000000000e+00
1.416600000000112914e+03,0.000000000000000000e+00
1.416700000000113050e+03,0.000000000000000000e+00
1.416800000000112959e+03,0.000000000000000000e+00
1.416900000000112868e+03,0.000000000000000000e+00
1.417000000000113005e+03,0.000000000000000000e+00
1.417100000000113141e+03,0.000000000000000000e+00
1.417200000000113050e+03,0.000000000000000000e+00
1.417300000000112959e+03,0.000000000000000000e+00
1.417400000000113096e+03,0.000000000000000000e+00
1.417500000000113232e+03,0.000000000000000000e+00
1.417600000000113141e+03,0.000000000000000000e+00
1.417700000000113050e+03,0.000000000000000000e+00
1.417800000000113187e+03,0.000000000000000000e+00
1.417900000000113323e+03,0.000000000000000000e+00
1.418000000000113232e+03,0.000000000000000000e+00
1.418100000000113141e+03,0.000000000000000000e+00
1.418200000000113278e+03,0.000000000000000000e+00
1.418300000000113414e+03,0.000000000000000000e+00
1.418400000000113323e+03,0.000000000000000000e+00
1.418500000000113232e+03,0.000000000000000000e+00
1.418600000000113369e+03,0.000000000000000000e+00
1.418700000000113505e+03,0.000000000000000000e+00
1.418800000000113414e+03,0.000000000000000000e+00
1.418900000000113323e+03,0.000000000000000000e+00
1.419000000000113459e+03,0.000000000000000000e+00
1.419100000000113596e+03,0.000000000000000000e+00
1.419200000000113505e+03,0.000000000000000000e+00
1.419300000000113414e+03,0.000000000000000000e+00
1.419400000000113550e+03,0.000000000000000000e+00
1.419500000000113687e+03,0.000000000000000000e+00
1.419600000000113596e+03,0.000000000000000000e+00
1.419700000000113505e+03,0.000000000000000000e+00
1.419800000000113641e+03,0.000000000000000000e+00
1.419900000000113778e+03,0.000000000000000000e+00
1.420000000000113687e+03,0.000000000000000000e+00
1.420100000000113596e+03,0.000000000000000000e+00
1.420200000000113732e+03,0.000000000000000000e+00
1.420300000000113869e+03,0.000000000000000000e+00
1.420400000000113778e+03,0.000000000000000000e+00
1.420500000000113687e+03,0.000000000000000000e+00
1.420600000000113823e+03,0.000000000000000000e+00
1.420700000000113960e+03,0.000000000000000000e+00
1.420800000000113869e+03,0.000000000000000000e+00
1.420900000000113778e+03,0.000000000000000000e+00
1.421000000000113914e+03,0.000000000000000000e+00
1.421100000000114051e+03,0.000000000000000000e+00
1.421200000000113960e+03,0.000000000000000000e+00
1.421300000000113869e+03,0.000000000000000000e+00
1.421400000000114005e+03,0.000000000000000000e+00
1.421500000000114142e+03,0.000000000000000000e+00
1.421600000000114051e+03,0.000000000000000000e+00
1.421700000000113960e+03,0.000000000000000000e+00
1.421800000000114096e+03,0.000000000000000000e+00
1.421900000000114233e+03,0.000000000000000000e+00
1.422000000000114142e+03,0.000000000000000000e+00
1.422100000000114051e+03,0.000000000000000000e+00
1.422200000000114187e+03,0.000000000000000000e+00
1.422300000000114323e+03,0.000000000000000000e+00
1.422400000000114233e+03,0.000000000000000000e+00
1.422500000000114142e+03,0.000000000000000000e+00
1.422600000000114278e+03,0.000000000000000000e+00
1.422700000000114414e+03,0.000000000000000000e+00
1.422800000000114323e+03,0.000000000000000000e+00
1.422900000000114233e+03,0.000000000000000000e+00
1.423000000000114369e+03,0.000000000000000000e+00
1.423100000000114505e+03,0.000000000000000000e+00
1.423200000000114414e+03,0.000000000000000000e+00
1.423300000000114323e+03,0.000000000000000000e+00
1.423400000000114460e+03,0.000000000000000000e+00
1.423500000000114596e+03,0.000000000000000000e+00
1.423600000000114505e+03,0.000000000000000000e+00
1.423700000000114414e+03,0.000000000000000000e+00
1.423800000000114551e+03,0.000000000000000000e+00
1.423900000000114687e+03,0.000000000000000000e+00
1.424000000000114596e+03,0.000000000000000000e+00
1.424100000000114505e+03,0.000000000000000000e+00
1.424200000000114642e+03,0.000000000000000000e+00
1.424300000000114778e+03,0.000000000000000000e+00
1.424400000000114687e+03,0.000000000000000000e+00
1.424500000000114596e+03,0.000000000000000000e+00
1.424600000000114733e+03,0.000000000000000000e+00
1.424700000000114869e+03,0.000000000000000000e+00
1.424800000000114778e+03,0.000000000000000000e+00
1.424900000000114687e+03,0.000000000000000000e+00
1.425000000000114824e+03,0.000000000000000000e+00
1.425100000000114960e+03,0.000000000000000000e+00
1.425200000000114869e+03,0.000000000000000000e+00
1.425300000000114778e+03,0.000000000000000000e+00
1.425400000000114915e+03,0.000000000000000000e+00
1.425500000000115051e+03,0.000000000000000000e+00
1.425600000000114960e+03,0.000000000000000000e+00
1.425700000000114869e+03,0.000000000000000000e+00
1.425800000000115006e+03,0.000000000000000000e+00
1.425900000000115142e+03,0.000000000000000000e+00
1.426000000000115051e+03,0.000000000000000000e+00
1.426100000000114960e+03,0.000000000000000000e+00
1.426200000000115097e+03,0.000000000000000000e+00
1.426300000000115233e+03,0.000000000000000000e+00
1.426400000000115142e+03,0.000000000000000000e+00
1.426500000000115051e+03,0.000000000000000000e+00
1.426600000000115188e+03,0.000000000000000000e+00
1.426700000000115324e+03,0.000000000000000000e+00
1.426800000000115233e+03,0.000000000000000000e+00
1.426900000000115142e+03,0.000000000000000000e+00
1.427000000000115278e+03,0.000000000000000000e+00
1.427100000000115415e+03,0.000000000000000000e+00
1.427200000000115324e+03,0.000000000000000000e+00
1.427300000000115233e+03,0.000000000000000000e+00
1.427400000000115369e+03,0.000000000000000000e+00
1.427500000000115506e+03,0.000000000000000000e+00
1.427600000000115415e+03,0.000000000000000000e+00
1.427700000000115324e+03,0.000000000000000000e+00
1.427800000000115460e+03,0.000000000000000000e+00
1.427900000000115597e+03,0.000000000000000000e+00
1.428000000000115506e+03,0.000000000000000000e+00
1.428100000000115415e+03,0.000000000000000000e+00
1.428200000000115551e+03,0.000000000000000000e+00
1.428300000000115688e+03,0.000000000000000000e+00
1.428400000000115597e+03,0.000000000000000000e+00
1.428500000000115506e+03,0.000000000000000000e+00
1.428600000000115642e+03,0.000000000000000000e+00
1.428700000000115779e+03,0.000000000000000000e+00
1.428800000000115688e+03,0.000000000000000000e+00
1.428900000000115597e+03,0.000000000000000000e+00
1.429000000000115733e+03,0.000000000000000000e+00
1.429100000000115870e+03,0.000000000000000000e+00
1.429200000000115779e+03,0.000000000000000000e+00
1.429300000000115688e+03,0.000000000000000000e+00
1.429400000000115824e+03,0.000000000000000000e+00
1.429500000000115961e+03,0.000000000000000000e+00
1.429600000000115870e+03,0.000000000000000000e+00
1.429700000000115779e+03,0.000000000000000000e+00
1.429800000000115915e+03,0.000000000000000000e+00
1.429900000000116052e+03,0.000000000000000000e+00
1.430000000000115961e+03,0.000000000000000000e+00
1.430100000000115870e+03,0.000000000000000000e+00
1.430200000000116006e+03,0.000000000000000000e+00
1.430300000000116142e+03,0.000000000000000000e+00
1.430400000000116052e+03,0.000000000000000000e+00
1.430500000000115961e+03,0.000000000000000000e+00
1.430600000000116097e+03,0.000000000000000000e+00
1.430700000000116233e+03,0.000000000000000000e+00
1.430800000000116142e+03,0.000000000000000000e+00
1.430900000000116052e+03,0.000000000000000000e+00
1.431000000000116188e+03,0.000000000000000000e+00
1.431100000000116324e+03,0.000000000000000000e+00
1.431200000000116233e+03,0.000000000000000000e+00
1.431300000000116142e+03,0.000000000000000000e+00
1.431400000000116279e+03,0.000000000000000000e+00
1.431500000000116415e+03,0.000000000000000000e+00
1.431600000000116324e+03,0.000000000000000000e+00
1.431700000000116233e+03,0.000000000000000000e+00
1.431800000000116370e+03,0.000000000000000000e+00
1.431900000000116506e+03,0.000000000000000000e+00
1.432000000000116415e+03,0.000000000000000000e+00
1.432100000000116324e+03,0.000000000000000000e+00
1.432200000000116461e+03,0.000000000000000000e+00
1.432300000000116597e+03,0.000000000000000000e+00
1.432400000000116506e+03,0.000000000000000000e+00
1.432500000000116415e+03,0.000000000000000000e+00
1.432600000000116552e+03,0.000000000000000000e+00
1.432700000000116688e+03,0.000000000000000000e+00
1.432800000000116597e+03,0.000000000000000000e+00
1.432900000000116506e+03,0.000000000000000000e+00
1.433000000000116643e+03,0.000000000000000000e+00
1.433100000000116779e+03,0.000000000000000000e+00
1.433200000000116688e+03,0.000000000000000000e+00
1.433300000000116597e+03,0.000000000000000000e+00
1.433400000000116734e+03,0.000000000000000000e+00
1.433500000000116870e+03,0.000000000000000000e+00
1.433600000000116779e+03,0.000000000000000000e+00
1.433700000000116688e+03,0.000000000000000000e+00
1.433800000000116825e+03,0.000000000000000000e+00
1.433900000000116961e+03,0.000000000000000000e+00
1.434000000000116870e+03,0.000000000000000000e+00
1.434100000000116779e+03,0.000000000000000000e+00
1.434200000000116916e+03,0.000000000000000000e+00
1.434300000000117052e+03,0.000000000000000000e+00
1.434400000000116961e+03,0.000000000000000000e+00
1.434500000000116870e+03,0.000000000000000000e+00
1.434600000000117006e+03,0.000000000000000000e+00
1.434700000000117143e+03,0.000000000000000000e+00
1.434800000000117052e+03,0.000000000000000000e+00
1.434900000000116961e+03,0.000000000000000000e+00
1.435000000000117097e+03,0.000000000000000000e+00
1.435100000000117234e+03,0.000000000000000000e+00
1.435200000000117143e+03,0.000000000000000000e+00
1.435300000000117052e+03,0.000000000000000000e+00
1.435400000000117188e+03,0.000000000000000000e+00
1.435500000000117325e+03,0.000000000000000000e+00
1.435600000000117234e+03,0.000000000000000000e+00
1.435700000000117143e+03,0.000000000000000000e+00
1.435800000000117279e+03,0.000000000000000000e+00
1.435900000000117416e+03,0.000000000000000000e+00
1.436000000000117325e+03,0.000000000000000000e+00
1.436100000000117234e+03,0.000000000000000000e+00
1.436200000000117370e+03,0.000000000000000000e+00
1.436300000000117507e+03,0.000000000000000000e+00
1.436400000000117416e+03,0.000000000000000000e+00
1.436500000000117325e+03,0.000000000000000000e+00
1.436600000000117461e+03,0.000000000000000000e+00
1.436700000000117598e+03,0.000000000000000000e+00
1.436800000000117507e+03,0.000000000000000000e+00
1.436900000000117416e+03,0.000000000000000000e+00
1.437000000000117552e+03,0.000000000000000000e+00
1.437100000000117689e+03,0.000000000000000000e+00
1.437200000000117598e+03,0.000000000000000000e+00
1.437300000000117507e+03,0.000000000000000000e+00
1.437400000000117643e+03,0.000000000000000000e+00
1.437500000000117780e+03,0.000000000000000000e+00
1.437600000000117689e+03,0.000000000000000000e+00
1.437700000000117598e+03,0.000000000000000000e+00
1.437800000000117734e+03,0.000000000000000000e+00
1.437900000000117871e+03,0.000000000000000000e+00
1.438000000000117780e+03,0.000000000000000000e+00
1.438100000000117689e+03,0.000000000000000000e+00
1.438200000000117825e+03,0.000000000000000000e+00
1.438300000000117961e+03,0.000000000000000000e+00
1.438400000000117871e+03,0.000000000000000000e+00
1.438500000000117780e+03,0.000000000000000000e+00
1.438600000000117916e+03,0.000000000000000000e+00
1.438700000000118052e+03,0.000000000000000000e+00
1.438800000000117961e+03,0.000000000000000000e+00
1.438900000000117871e+03,0.000000000000000000e+00
1.439000000000118007e+03,0.000000000000000000e+00
1.439100000000118143e+03,0.000000000000000000e+00
1.439200000000118052e+03,0.000000000000000000e+00
1.439300000000117961e+03,0.000000000000000000e+00
1.439400000000118098e+03,0.000000000000000000e+00
1.439500000000118234e+03,0.000000000000000000e+00
1.439600000000118143e+03,0.000000000000000000e+00
1.439700000000118052e+03,0.000000000000000000e+00
1.439800000000118189e+03,0.000000000000000000e+00
1.439900000000118325e+03,0.000000000000000000e+00
1.440000000000118234e+03,0.000000000000000000e+00
1.440100000000118143e+03,0.000000000000000000e+00
1.440200000000118280e+03,0.000000000000000000e+00
1.440300000000118416e+03,0.000000000000000000e+00
1.440400000000118325e+03,0.000000000000000000e+00
1.440500000000118234e+03,0.000000000000000000e+00
1.440600000000118371e+03,0.000000000000000000e+00
1.440700000000118507e+03,0.000000000000000000e+00
1.440800000000118416e+03,0.000000000000000000e+00
1.440900000000118325e+03,0.000000000000000000e+00
1.441000000000118462e+03,0.000000000000000000e+00
1.441100000000118598e+03,0.000000000000000000e+00
1.441200000000118507e+03,0.000000000000000000e+00
1.441300000000118416e+03,0.000000000000000000e+00
1.441400000000118553e+03,0.000000000000000000e+00
1.441500000000118689e+03,0.000000000000000000e+00
1.441600000000118598e+03,0.000000000000000000e+00
1.441700000000118507e+03,0.000000000000000000e+00
1.441800000000118644e+03,0.000000000000000000e+00
1.441900000000118780e+03,0.000000000000000000e+00
1.442000000000118689e+03,0.000000000000000000e+00
1.442100000000118598e+03,0.000000000000000000e+00
1.442200000000118735e+03,0.000000000000000000e+00
1.442300000000118871e+03,0.000000000000000000e+00
1.442400000000118780e+03,0.000000000000000000e+00
1.442500000000118689e+03,0.000000000000000000e+00
1.442600000000118825e+03,0.000000000000000000e+00
1.442700000000118962e+03,0.000000000000000000e+00
1.442800000000118871e+03,0.000000000000000000e+00
1.442900000000118780e+03,0.000000000000000000e+00
1.443000000000118916e+03,0.000000000000000000e+00
1.443100000000119053e+03,0.000000000000000000e+00
1.443200000000118962e+03,0.000000000000000000e+00
1.443300000000118871e+03,0.000000000000000000e+00
1.443400000000119007e+03,0.000000000000000000e+00
1.443500000000119144e+03,0.000000000000000000e+00
1.443600000000119053e+03,0.000000000000000000e+00
1.443700000000118962e+03,0.000000000000000000e+00
1.443800000000119098e+03,0.000000000000000000e+00
1.443900000000119235e+03,0.000000000000000000e+00
1.444000000000119144e+03,0.000000000000000000e+00
1.444100000000119053e+03,0.000000000000000000e+00
1.444200000000119189e+03,0.000000000000000000e+00
1.444300000000119326e+03,0.000000000000000000e+00
1.444400000000119235e+03,0.000000000000000000e+00
1.444500000000119144e+03,0.000000000000000000e+00
1.444600000000119280e+03,0.000000000000000000e+00
1.444700000000119417e+03,0.000000000000000000e+00
1.444800000000119326e+03,0.000000000000000000e+00
1.444900000000119235e+03,0.000000000000000000e+00
1.445000000000119371e+03,0.000000000000000000e+00
1.445100000000119508e+03,0.000000000000000000e+00
1.445200000000119417e+03,0.000000000000000000e+00
1.445300000000119326e+03,0.000000000000000000e+00
1.445400000000119462e+03,0.000000000000000000e+00
1.445500000000119599e+03,0.000000000000000000e+00
1.445600000000119508e+03,0.000000000000000000e+00
1.445700000000119417e+03,0.000000000000000000e+00
1.445800000000119553e+03,0.000000000000000000e+00
1.445900000000119690e+03,0.000000000000000000e+00
1.446000000000119599e+03,0.000000000000000000e+00
1.446100000000119508e+03,0.000000000000000000e+00
1.446200000000119644e+03,0.000000000000000000e+00
1.446300000000119780e+03,0.000000000000000000e+00
1.446400000000119690e+03,0.000000000000000000e+00
1.446500000000119599e+03,0.000000000000000000e+00
1.446600000000119735e+03,0.000000000000000000e+00
1.446700000000119871e+03,0.000000000000000000e+00
1.446800000000119780e+03,0.000000000000000000e+00
1.446900000000119690e+03,0.000000000000000000e+00
1.447000000000119826e+03,0.000000000000000000e+00
1.447100000000119962e+03,0.000000000000000000e+00
1.447200000000119871e+03,0.000000000000000000e+00
1.447300000000119780e+03,0.000000000000000000e+00
1.447400000000119917e+03,0.000000000000000000e+00
1.447500000000120053e+03,0.000000000000000000e+00
1.447600000000119962e+03,0.000000000000000000e+00
1.447700000000119871e+03,0.000000000000000000e+00
1.447800000000120008e+03,0.000000000000000000e+00
1.447900000000120144e+03,0.000000000000000000e+00
1.448000000000120053e+03,0.000000000000000000e+00
1.448100000000119962e+03,0.000000000000000000e+00
1.448200000000120099e+03,0.000000000000000000e+00
1.448300000000120235e+03,0.000000000000000000e+00
1.448400000000120144e+03,0.000000000000000000e+00
1.448500000000120053e+03,0.000000000000000000e+00
1.448600000000120190e+03,0.000000000000000000e+00
1.448700000000120326e+03,0.000000000000000000e+00
1.448800000000120235e+03,0.000000000000000000e+00
1.448900000000120144e+03,0.000000000000000000e+00
1.449000000000120281e+03,0.000000000000000000e+00
1.449100000000120417e+03,0.000000000000000000e+00
1.449200000000120326e+03,0.000000000000000000e+00
1.449300000000120235e+03,0.000000000000000000e+00
1.449400000000120372e+03,0.000000000000000000e+00
1.449500000000120508e+03,0.000000000000000000e+00
1.449600000000120417e+03,0.000000000000000000e+00
1.449700000000120326e+03,0.000000000000000000e+00
1.449800000000120463e+03,0.000000000000000000e+00
1.449900000000120599e+03,0.000000000000000000e+00
1.450000000000120508e+03,0.000000000000000000e+00
1.450100000000120417e+03,0.000000000000000000e+00
1.450200000000120554e+03,0.000000000000000000e+00
1.450300000000120690e+03,0.000000000000000000e+00
1.450400000000120599e+03,0.000000000000000000e+00
1.450500000000120508e+03,0.000000000000000000e+00
1.450600000000120644e+03,0.000000000000000000e+00
1.450700000000120781e+03,0.000000000000000000e+00
1.450800000000120690e+03,0.000000000000000000e+00
1.450900000000120599e+03,0.000000000000000000e+00
1.451000000000120735e+03,0.000000000000000000e+00
1.451100000000120872e+03,0.000000000000000000e+00
1.451200000000120781e+03,0.000000000000000000e+00
1.451300000000120690e+03,0.000000000000000000e+00
1.451400000000120826e+03,0.000000000000000000e+00
1.451500000000120963e+03,0.000000000000000000e+00
1.451600000000120872e+03,0.000000000000000000e+00
1.451700000000120781e+03,0.000000000000000000e+00
1.451800000000120917e+03,0.000000000000000000e+00
1.451900000000121054e+03,0.000000000000000000e+00
1.452000000000120963e+03,0.000000000000000000e+00
1.452100000000120872e+03,0.000000000000000000e+00
1.452200000000121008e+03,0.000000000000000000e+00
1.452300000000121145e+03,0.000000000000000000e+00
1.452400000000121054e+03,0.000000000000000000e+00
1.452500000000120963e+03,0.000000000000000000e+00
1.452600000000121099e+03,0.000000000000000000e+00
1.452700000000121236e+03,0.000000000000000000e+00
1.452800000000121145e+03,0.000000000000000000e+00
1.452900000000121054e+03,0.000000000000000000e+00
1.453000000000121190e+03,0.000000000000000000e+00
1.453100000000121327e+03,0.000000000000000000e+00
1.453200000000121236e+03,0.000000000000000000e+00
1.453300000000121145e+03,0.000000000000000000e+00
1.453400000000121281e+03,0.000000000000000000e+00
1.453500000000121418e+03,0.000000000000000000e+00
1.453600000000121327e+03,0.000000000000000000e+00
1.453700000000121236e+03,0.000000000000000000e+00
1.453800000000121372e+03,0.000000000000000000e+00
1.453900000000121508e+03,0.000000000000000000e+00
1.454000000000121418e+03,0.000000000000000000e+00
1.454100000000121327e+03,0.000000000000000000e+00
1.454200000000121463e+03,0.000000000000000000e+00
1.454300000000121599e+03,0.000000000000000000e+00
1.454400000000121508e+03,0.000000000000000000e+00
1.454500000000121418e+03,0.000000000000000000e+00
1.454600000000121554e+03,0.000000000000000000e+00
1.454700000000121690e+03,0.000000000000000000e+00
1.454800000000121599e+03,0.000000000000000000e+00
1.454900000000121508e+03,0.000000000000000000e+00
1.455000000000121645e+03,0.000000000000000000e+00
1.455100000000121781e+03,0.000000000000000000e+00
1.455200000000121690e+03,0.000000000000000000e+00
1.455300000000121599e+03,0.000000000000000000e+00
1.455400000000121736e+03,0.000000000000000000e+00
1.455500000000121872e+03,0.000000000000000000e+00
1.455600000000121781e+03,0.000000000000000000e+00
1.455700000000121690e+03,0.000000000000000000e+00
1.455800000000121827e+03,0.000000000000000000e+00
1.455900000000121963e+03,0.000000000000000000e+00
1.456000000000121872e+03,0.000000000000000000e+00
1.456100000000121781e+03,0.000000000000000000e+00
1.456200000000121918e+03,0.000000000000000000e+00
1.456300000000122054e+03,0.000000000000000000e+00
1.456400000000121963e+03,0.000000000000000000e+00
1.456500000000121872e+03,0.000000000000000000e+00
1.456600000000122009e+03,0.000000000000000000e+00
1.456700000000122145e+03,0.000000000000000000e+00
1.456800000000122054e+03,0.000000000000000000e+00
1.456900000000121963e+03,0.000000000000000000e+00
1.457000000000122100e+03,0.000000000000000000e+00
1.457100000000122236e+03,0.000000000000000000e+00
1.457200000000122145e+03,0.000000000000000000e+00
1.457300000000122054e+03,0.000000000000000000e+00
1.457400000000122191e+03,0.000000000000000000e+00
1.457500000000122327e+03,0.000000000000000000e+00
1.457600000000122236e+03,0.000000000000000000e+00
1.457700000000122145e+03,0.000000000000000000e+00
1.457800000000122282e+03,0.000000000000000000e+00
1.457900000000122418e+03,0.000000000000000000e+00
1.458000000000122327e+03,0.000000000000000000e+00
1.458100000000122236e+03,0.000000000000000000e+00
1.458200000000122373e+03,0.000000000000000000e+00
1.458300000000122509e+03,0.000000000000000000e+00
1.458400000000122418e+03,0.000000000000000000e+00
1.458500000000122327e+03,0.000000000000000000e+00
1.458600000000122463e+03,0.000000000000000000e+00
1.458700000000122600e+03,0.000000000000000000e+00
1.458800000000122509e+03,0.000000000000000000e+00
1.458900000000122418e+03,0.000000000000000000e+00
1.459000000000122554e+03,0.000000000000000000e+00
1.459100000000122691e+03,0.000000000000000000e+00
1.459200000000122600e+03,0.000000000000000000e+00
1.459300000000122509e+03,0.000000000000000000e+00
1.459400000000122645e+03,0.000000000000000000e+00
1.459500000000122782e+03,0.000000000000000000e+00
1.459600000000122691e+03,0.000000000000000000e+00
1.459700000000122600e+03,0.000000000000000000e+00
1.459800000000122736e+03,0.000000000000000000e+00
1.459900000000122873e+03,0.000000000000000000e+00
1.460000000000122782e+03,0.000000000000000000e+00
1.460100000000122691e+03,0.000000000000000000e+00
1.460200000000122827e+03,0.000000000000000000e+00
1.460300000000122964e+03,0.000000000000000000e+00
1.460400000000122873e+03,0.000000000000000000e+00
1.460500000000122782e+03,0.000000000000000000e+00
1.460600000000122918e+03,0.000000000000000000e+00
1.460700000000123055e+03,0.000000000000000000e+00
1.460800000000122964e+03,0.000000000000000000e+00
1.460900000000122873e+03,0.000000000000000000e+00
1.461000000000123009e+03,0.000000000000000000e+00
1.461100000000123146e+03,0.000000000000000000e+00
1.461200000000123055e+03,0.000000000000000000e+00
1.461300000000122964e+03,0.000000000000000000e+00
1.461400000000123100e+03,0.000000000000000000e+00
1.461500000000123237e+03,0.000000000000000000e+00
1.461600000000123146e+03,0.000000000000000000e+00
1.461700000000123055e+03,0.000000000000000000e+00
1.461800000000123191e+03,0.000000000000000000e+00
1.461900000000123327e+03,0.000000000000000000e+00
1.462000000000123237e+03,0.000000000000000000e+00
1.462100000000123146e+03,0.000000000000000000e+00
1.462200000000123282e+03,0.000000000000000000e+00
1.462300000000123418e+03,0.000000000000000000e+00
1.462400000000123327e+03,0.000000000000000000e+00
1.462500000000123237e+03,0.000000000000000000e+00
1.462600000000123373e+03,0.000000000000000000e+00
1.462700000000123509e+03,0.000000000000000000e+00
1.462800000000123418e+03,0.000000000000000000e+00
1.462900000000123327e+03,0.000000000000000000e+00
1.463000000000123464e+03,0.000000000000000000e+00
1.463100000000123600e+03,0.000000000000000000e+00
1.463200000000123509e+03,0.000000000000000000e+00
1.463300000000123418e+03,0.000000000000000000e+00
1.463400000000123555e+03,0.000000000000000000e+00
1.463500000000123691e+03,0.000000000000000000e+00
1.463600000000123600e+03,0.000000000000000000e+00
1.463700000000123509e+03,0.000000000000000000e+00
1.463800000000123646e+03,0.000000000000000000e+00
1.463900000000123782e+03,0.000000000000000000e+00
1.464000000000123691e+03,0.000000000000000000e+00
1.464100000000123600e+03,0.000000000000000000e+00
1.464200000000123737e+03,0.000000000000000000e+00
1.464300000000123873e+03,0.000000000000000000e+00
1.464400000000123782e+03,0.000000000000000000e+00
1.464500000000123691e+03,0.000000000000000000e+00
1.464600000000123828e+03,0.000000000000000000e+00
1.464700000000123964e+03,0.000000000000000000e+00
1.464800000000123873e+03,0.000000000000000000e+00
1.464900000000123782e+03,0.000000000000000000e+00
1.465000000000123919e+03,0.000000000000000000e+00
1.465100000000124055e+03,0.000000000000000000e+00
1.465200000000123964e+03,0.000000000000000000e+00
1.465300000000123873e+03,0.000000000000000000e+00
1.465400000000124010e+03,0.000000000000000000e+00
1.465500000000124146e+03,0.000000000000000000e+00
1.465600000000124055e+03,0.000000000000000000e+00
1.465700000000123964e+03,0.000000000000000000e+00
1.465800000000124101e+03,0.000000000000000000e+00
1.465900000000124237e+03,0.000000000000000000e+00
1.466000000000124146e+03,0.000000000000000000e+00
1.466100000000124055e+03,0.000000000000000000e+00
1.466200000000124192e+03,0.000000000000000000e+00
1.466300000000124328e+03,0.000000000000000000e+00
1.466400000000124237e+03,0.000000000000000000e+00
1.466500000000124146e+03,0.000000000000000000e+00
1.466600000000124282e+03,0.000000000000000000e+00
1.466700000000124419e+03,0.000000000000000000e+00
1.466800000000124328e+03,0.000000000000000000e+00
1.466900000000124237e+03,0.000000000000000000e+00
1.467000000000124373e+03,0.000000000000000000e+00
1.467100000000124510e+03,0.000000000000000000e+00
1.467200000000124419e+03,0.000000000000000000e+00
1.467300000000124328e+03,0.000000000000000000e+00
1.467400000000124464e+03,0.000000000000000000e+00
1.467500000000124601e+03,0.000000000000000000e+00
1.467600000000124510e+03,0.000000000000000000e+00
1.467700000000124419e+03,0.000000000000000000e+00
1.467800000000124555e+03,0.000000000000000000e+00
1.467900000000124692e+03,0.000000000000000000e+00
1.468000000000124601e+03,0.000000000000000000e+00
1.468100000000124510e+03,0.000000000000000000e+00
1.468200000000124646e+03,0.000000000000000000e+00
1.468300000000124783e+03,0.000000000000000000e+00
1.468400000000124692e+03,0.000000000000000000e+00
1.468500000000124601e+03,0.000000000000000000e+00
1.468600000000124737e+03,0.000000000000000000e+00
1.468700000000124874e+03,0.000000000000000000e+00
1.468800000000124783e+03,0.000000000000000000e+00
1.468900000000124692e+03,0.000000000000000000e+00
1.469000000000124828e+03,0.000000000000000000e+00
1.469100000000124965e+03,0.000000000000000000e+00
1.469200000000124874e+03,0.000000000000000000e+00
1.469300000000124783e+03,0.000000000000000000e+00
1.469400000000124919e+03,0.000000000000000000e+00
1.469500000000125056e+03,0.000000000000000000e+00
1.469600000000124965e+03,0.000000000000000000e+00
1.469700000000124874e+03,0.000000000000000000e+00
1.469800000000125010e+03,0.000000000000000000e+00
1.469900000000125146e+03,0.000000000000000000e+00
1.470000000000125056e+03,0.000000000000000000e+00
1.470100000000124965e+03,0.000000000000000000e+00
1.470200000000125101e+03,0.000000000000000000e+00
1.470300000000125237e+03,0.000000000000000000e+00
1.470400000000125146e+03,0.000000000000000000e+00
1.470500000000125056e+03,0.000000000000000000e+00
1.470600000000125192e+03,0.000000000000000000e+00
1.470700000000125328e+03,0.000000000000000000e+00
1.470800000000125237e+03,0.000000000000000000e+00
1.470900000000125146e+03,0.000000000000000000e+00
1.471000000000125283e+03,0.000000000000000000e+00
1.471100000000125419e+03,0.000000000000000000e+00
1.471200000000125328e+03,0.000000000000000000e+00
1.471300000000125237e+03,0.000000000000000000e+00
1.471400000000125374e+03,0.000000000000000000e+00
1.471500000000125510e+03,0.000000000000000000e+00
1.471600000000125419e+03,0.000000000000000000e+00
1.471700000000125328e+03,0.000000000000000000e+00
1.471800000000125465e+03,0.000000000000000000e+00
1.471900000000125601e+03,0.000000000000000000e+00
1.472000000000125510e+03,0.000000000000000000e+00
1.472100000000125419e+03,0.000000000000000000e+00
1.472200000000125556e+03,0.000000000000000000e+00
1.472300000000125692e+03,0.000000000000000000e+00
1.472400000000125601e+03,0.000000000000000000e+00
1.472500000000125510e+03,0.000000000000000000e+00
1.472600000000125647e+03,0.000000000000000000e+00
1.472700000000125783e+03,0.000000000000000000e+00
1.472800000000125692e+03,0.000000000000000000e+00
1.472900000000125601e+03,0.000000000000000000e+00
1.473000000000125738e+03,0.000000000000000000e+00
1.473100000000125874e+03,0.000000000000000000e+00
1.473200000000125783e+03,0.000000000000000000e+00
1.473300000000125692e+03,0.000000000000000000e+00
1.473400000000125829e+03,0.000000000000000000e+00
1.473500000000125965e+03,0.000000000000000000e+00
1.473600000000125874e+03,0.000000000000000000e+00
1.473700000000125783e+03,0.000000000000000000e+00
1.473800000000125920e+03,0.000000000000000000e+00
1.473900000000126056e+03,0.000000000000000000e+00
1.474000000000125965e+03,0.000000000000000000e+00
1.474100000000125874e+03,0.000000000000000000e+00
1.474200000000126010e+03,0.000000000000000000e+00
1.474300000000126147e+03,0.000000000000000000e+00
1.474400000000126056e+03,0.000000000000000000e+00
1.474500000000125965e+03,0.000000000000000000e+00
1.474600000000126101e+03,0.000000000000000000e+00
1.474700000000126238e+03,0.000000000000000000e+00
1.474800000000126147e+03,0.000000000000000000e+00
1.474900000000126056e+03,0.000000000000000000e+00
1.475000000000126192e+03,0.000000000000000000e+00
1.475100000000126329e+03,0.000000000000000000e+00
1.475200000000126238e+03,0.000000000000000000e+00
1.475300000000126147e+03,0.000000000000000000e+00
1.475400000000126283e+03,0.000000000000000000e+00
1.475500000000126420e+03,0.000000000000000000e+00
1.475600000000126329e+03,0.000000000000000000e+00
1.475700000000126238e+03,0.000000000000000000e+00
1.475800000000126374e+03,0.000000000000000000e+00
1.475900000000126511e+03,0.000000000000000000e+00
1.476000000000126420e+03,0.000000000000000000e+00
1.476100000000126329e+03,0.000000000000000000e+00
1.476200000000126465e+03,0.000000000000000000e+00
1.476300000000126602e+03,0.000000000000000000e+00
1.476400000000126511e+03,0.000000000000000000e+00
1.476500000000126420e+03,0.000000000000000000e+00
1.476600000000126556e+03,0.000000000000000000e+00
1.476700000000126693e+03,0.000000000000000000e+00
1.476800000000126602e+03,0.000000000000000000e+00
1.476900000000126511e+03,0.000000000000000000e+00
1.477000000000126647e+03,0.000000000000000000e+00
1.477100000000126784e+03,0.000000000000000000e+00
1.477200000000126693e+03,0.000000000000000000e+00
1.477300000000126602e+03,0.000000000000000000e+00
1.477400000000126738e+03,0.000000000000000000e+00
1.477500000000126875e+03,0.000000000000000000e+00
1.477600000000126784e+03,0.000000000000000000e+00
1.477700000000126693e+03,0.000000000000000000e+00
1.477800000000126829e+03,0.000000000000000000e+00
1.477900000000126965e+03,0.000000000000000000e+00
1.478000000000126875e+03,0.000000000000000000e+00
1.478100000000126784e+03,0.000000000000000000e+00
1.478200000000126920e+03,0.000000000000000000e+00
1.478300000000127056e+03,0.000000000000000000e+00
1.478400000000126965e+03,0.000000000000000000e+00
1.478500000000126875e+03,0.000000000000000000e+00
1.478600000000127011e+03,0.000000000000000000e+00
1.478700000000127147e+03,0.000000000000000000e+00
1.478800000000127056e+03,0.000000000000000000e+00
1.478900000000126965e+03,0.000000000000000000e+00
1.479000000000127102e+03,0.000000000000000000e+00
1.479100000000127238e+03,0.000000000000000000e+00
1.479200000000127147e+03,0.000000000000000000e+00
1.479300000000127056e+03,0.000000000000000000e+00
1.479400000000127193e+03,0.000000000000000000e+00
1.479500000000127329e+03,0.000000000000000000e+00
1.479600000000127238e+03,0.000000000000000000e+00
1.479700000000127147e+03,0.000000000000000000e+00
1.479800000000127284e+03,0.000000000000000000e+00
1.479900000000127420e+03,0.000000000000000000e+00
1.480000000000127329e+03,0.000000000000000000e+00
1.480100000000127238e+03,0.000000000000000000e+00
1.480200000000127375e+03,0.000000000000000000e+00
1.480300000000127511e+03,0.000000000000000000e+00
1.480400000000127420e+03,0.000000000000000000e+00
1.480500000000127329e+03,0.000000000000000000e+00
1.480600000000127466e+03,0.000000000000000000e+00
1.480700000000127602e+03,0.000000000000000000e+00
1.480800000000127511e+03,0.000000000000000000e+00
1.480900000000127420e+03,0.000000000000000000e+00
1.481000000000127557e+03,0.000000000000000000e+00
1.481100000000127693e+03,0.000000000000000000e+00
1.481200000000127602e+03,0.000000000000000000e+00
1.481300000000127511e+03,0.000000000000000000e+00
1.481400000000127648e+03,0.000000000000000000e+00
1.481500000000127784e+03,0.000000000000000000e+00
1.481600000000127693e+03,0.000000000000000000e+00
1.481700000000127602e+03,0.000000000000000000e+00
1.481800000000127739e+03,0.000000000000000000e+00
1.481900000000127875e+03,0.000000000000000000e+00
1.482000000000127784e+03,0.000000000000000000e+00
1.482100000000127693e+03,0.000000000000000000e+00
1.482200000000127829e+03,0.000000000000000000e+00
1.482300000000127966e+03,0.000000000000000000e+00
1.482400000000127875e+03,0.000000000000000000e+00
1.482500000000127784e+03,0.000000000000000000e+00
1.482600000000127920e+03,0.000000000000000000e+00
1.482700000000128057e+03,0.000000000000000000e+00
1.482800000000127966e+03,0.000000000000000000e+00
1.482900000000127875e+03,0.000000000000000000e+00
1.483000000000128011e+03,0.000000000000000000e+00
1.483100000000128148e+03,0.000000000000000000e+00
1.483200000000128057e+03,0.000000000000000000e+00
1.483300000000127966e+03,0.000000000000000000e+00
1.483400000000128102e+03,0.000000000000000000e+00
1.483500000000128239e+03,0.000000000000000000e+00
1.483600000000128148e+03,0.000000000000000000e+00
1.483700000000128057e+03,0.000000000000000000e+00
1.483800000000128193e+03,0.000000000000000000e+00
1.483900000000128330e+03,0.000000000000000000e+00
1.484000000000128239e+03,0.000000000000000000e+00
1.484100000000128148e+03,0.000000000000000000e+00
1.484200000000128284e+03,0.000000000000000000e+00
1.484300000000128421e+03,0.000000000000000000e+00
1.484400000000128330e+03,0.000000000000000000e+00
1.484500000000128239e+03,0.000000000000000000e+00
1.484600000000128375e+03,0.000000000000000000e+00
1.484700000000128512e+03,0.000000000000000000e+00
1.484800000000128421e+03,0.000000000000000000e+00
1.484900000000128330e+03,0.000000000000000000e+00
1.485000000000128466e+03,0.000000000000000000e+00
1.485100000000128603e+03,0.000000000000000000e+00
1.485200000000128512e+03,0.000000000000000000e+00
1.485300000000128421e+03,0.000000000000000000e+00
1.485400000000128557e+03,0.000000000000000000e+00
1.485500000000128694e+03,0.000000000000000000e+00
1.485600000000128603e+03,0.000000000000000000e+00
1.485700000000128512e+03,0.000000000000000000e+00
1.485800000000128648e+03,0.000000000000000000e+00
1.485900000000128784e+03,0.000000000000000000e+00
1.486000000000128694e+03,0.000000000000000000e+00
1.486100000000128603e+03,0.000000000000000000e+00
1.486200000000128739e+03,0.000000000000000000e+00
1.486300000000128875e+03,0.000000000000000000e+00
1.486400000000128784e+03,0.000000000000000000e+00
1.486500000000128694e+03,0.000000000000000000e+00
1.486600000000128830e+03,0.000000000000000000e+00
1.486700000000128966e+03,0.000000000000000000e+00
1.486800000000128875e+03,0.000000000000000000e+00
1.486900000000128784e+03,0.000000000000000000e+00
1.487000000000128921e+03,0.000000000000000000e+00
1.487100000000129057e+03,0.000000000000000000e+00
1.487200000000128966e+03,0.000000000000000000e+00
1.487300000000128875e+03,0.000000000000000000e+00
1.487400000000129012e+03,0.000000000000000000e+00
1.487500000000129148e+03,0.000000000000000000e+00
1.487600000000129057e+03,0.000000000000000000e+00
1.487700000000128966e+03,0.000000000000000000e+00
1.487800000000129103e+03,0.000000000000000000e+00
1.487900000000129239e+03,0.000000000000000000e+00
1.488000000000129148e+03,0.000000000000000000e+00
1.488100000000129057e+03,0.000000000000000000e+00
1.488200000000129194e+03,0.000000000000000000e+00
1.488300000000129330e+03,0.000000000000000000e+00
1.488400000000129239e+03,0.000000000000000000e+00
1.488500000000129148e+03,0.000000000000000000e+00
1.488600000000129285e+03,0.000000000000000000e+00
1.488700000000129421e+03,0.000000000000000000e+00
1.488800000000129330e+03,0.000000000000000000e+00
1.488900000000129239e+03,0.000000000000000000e+00
1.489000000000129376e+03,0.000000000000000000e+00
1.489100000000129512e+03,0.000000000000000000e+00
1.489200000000129421e+03,0.000000000000000000e+00
1.489300000000129330e+03,0.000000000000000000e+00
1.489400000000129467e+03,0.000000000000000000e+00
1.489500000000129603e+03,0.000000000000000000e+00
1.489600000000129512e+03,0.000000000000000000e+00
1.489700000000129421e+03,0.000000000000000000e+00
1.489800000000129558e+03,0.000000000000000000e+00
1.489900000000129694e+03,0.000000000000000000e+00
1.490000000000129603e+03,0.000000000000000000e+00
1.490100000000129512e+03,0.000000000000000000e+00
1.490200000000129648e+03,0.000000000000000000e+00
1.490300000000129785e+03,0.000000000000000000e+00
1.490400000000129694e+03,0.000000000000000000e+00
1.490500000000129603e+03,0.000000000000000000e+00
1.490600000000129739e+03,0.000000000000000000e+00
1.490700000000129876e+03,0.000000000000000000e+00
1.490800000000129785e+03,0.000000000000000000e+00
1.490900000000129694e+03,0.000000000000000000e+00
1.491000000000129830e+03,0.000000000000000000e+00
1.491100000000129967e+03,0.000000000000000000e+00
1.491200000000129876e+03,0.000000000000000000e+00
1.491300000000129785e+03,0.000000000000000000e+00
1.491400000000129921e+03,0.000000000000000000e+00
1.491500000000130058e+03,0.000000000000000000e+00
1.491600000000129967e+03,0.000000000000000000e+00
1.491700000000129876e+03,0.000000000000000000e+00
1.491800000000130012e+03,0.000000000000000000e+00
1.491900000000130149e+03,0.000000000000000000e+00
1.492000000000130058e+03,0.000000000000000000e+00
1.492100000000129967e+03,0.000000000000000000e+00
1.492200000000130103e+03,0.000000000000000000e+00
1.492300000000130240e+03,0.000000000000000000e+00
1.492400000000130149e+03,0.000000000000000000e+00
1.492500000000130058e+03,0.000000000000000000e+00
1.492600000000130194e+03,0.000000000000000000e+00
1.492700000000130331e+03,0.000000000000000000e+00
1.492800000000130240e+03,0.000000000000000000e+00
1.492900000000130149e+03,0.000000000000000000e+00
1.493000000000130285e+03,3.511798622950138076e-14
1.493100000000130422e+03,2.729582408353258959e-05
1.493200000000130331e+03,5.527599081725886838e-05
1.493300000000130240e+03,8.394343382732473717e-05
1.493400000000130376e+03,1.133011819817570748e-04
1.493500000000130512e+03,1.433533322549001416e-04
1.493600000000130422e+03,1.741035462478032259e-04
1.493700000000130331e+03,2.055554864924273497e-04
1.493800000000130467e+03,2.377149514970998141e-04
1.493900000000130603e+03,2.705848123377291845e-04
1.494000000000130512e+03,3.041681889084144161e-04
1.494100000000130422e+03,3.185320514670854819e-04
1.494200000000130558e+03,3.330807122940678878e-04
1.494300000000130694e+03,3.478139660528014330e-04
1.494400000000130603e+03,3.627316073164362159e-04
1.494500000000130512e+03,3.778334305679193167e-04
1.494600000000130649e+03,3.931192301999550604e-04
1.494700000000130785e+03,4.085857512419940603e-04
1.494800000000130694e+03,4.242337803287944079e-04
1.494900000000130603e+03,4.400647943302399777e-04
1.495000000000130740e+03,4.560785807920748132e-04
1.495100000000130876e+03,4.728460721389810060e-04
1.495200000000130785e+03,4.897271170602066027e-04
1.495300000000130694e+03,5.067210433088702864e-04
1.495400000000130831e+03,5.238271784407403037e-04
1.495500000000130967e+03,5.410448498142341389e-04
1.495600000000130876e+03,5.583767037677241866e-04
1.495700000000130785e+03,5.758223067229682355e-04
1.495800000000130922e+03,5.933802538022308736e-04
1.495900000000131058e+03,6.110479266131616134e-04
1.496000000000130967e+03,6.288243549136242555e-04
1.496100000000130876e+03,6.496635903767101691e-04
1.496200000000131013e+03,6.707064136445274561e-04
1.496300000000131149e+03,6.919540974213996649e-04
1.496400000000131058e+03,7.134074756213881893e-04
1.496500000000130967e+03,7.350673823729289482e-04
1.496600000000131104e+03,7.569346520186557691e-04
1.496700000000131240e+03,7.790101191152175916e-04
1.496800000000131149e+03,8.012946184332902849e-04
1.496900000000131058e+03,8.237889849575967061e-04
1.497000000000131195e+03,8.464940538827827200e-04
1.497100000000131331e+03,8.663058060083150434e-04
1.497200000000131240e+03,8.861301128970855076e-04
1.497300000000131149e+03,9.059668530523967526e-04
1.497400000000131286e+03,9.258174667658869037e-04
1.497500000000131422e+03,9.456814481346671524e-04
1.497600000000131331e+03,9.655576118176534229e-04
1.497700000000131240e+03,9.854458362802129886e-04
1.497800000000131377e+03,1.005345999951220504e-03
1.497900000000131513e+03,1.025257981222986231e-03
1.498000000000131422e+03,1.045181658451562650e-03
1.498100000000131331e+03,1.065272464023081815e-03
1.498200000000131467e+03,1.085361596170495097e-03
1.498300000000131604e+03,1.105449050669731099e-03
1.498400000000131513e+03,1.125534823296260459e-03
1.498500000000131422e+03,1.145618909825202531e-03
1.498600000000131558e+03,1.165701306031218703e-03
1.498700000000131695e+03,1.185782007688433249e-03
1.498800000000131604e+03,1.205868860520560755e-03
1.498900000000131513e+03,1.225960729224325136e-03
1.499000000000131649e+03,1.246051364597633524e-03
1.499100000000131786e+03,1.269232652290323230e-03
1.499200000000131695e+03,1.292518540773854611e-03
1.499300000000131604e+03,1.315893654693538585e-03
1.499400000000131740e+03,1.339372513153098921e-03
1.499500000000131877e+03,1.362955232331242248e-03
1.499600000000131786e+03,1.386641747712157252e-03
1.499700000000131695e+03,1.410431994750497653e-03
1.499800000000131831e+03,1.434325908871273564e-03
1.499900000000131968e+03,1.458323425469748276e-03
1.500000000000131877e+03,1.482424479901635556e-03
1.500100000000131786e+03,1.499015296191581054e-03
1.500200000000131922e+03,1.515547853805682523e-03
1.500300000000132059e+03,1.532022196366446612e-03
1.500400000000131968e+03,1.548438367515387768e-03
1.500500000000131877e+03,1.564796410913091990e-03
1.500600000000132013e+03,1.581096370239145482e-03
1.500700000000132150e+03,1.597338289192048360e-03
1.500800000000132059e+03,1.613522211489282297e-03
1.500900000000131968e+03,1.629648180867385773e-03
1.501000000000132104e+03,1.645716241084100358e-03
1.501100000000132241e+03,1.663467541519921640e-03
1.501200000000132150e+03,1.681247906615930630e-03
1.501300000000132059e+03,1.699057309581351134e-03
1.501400000000132195e+03,1.716895723615394567e-03
1.501500000000132331e+03,1.734766493729202703e-03
1.501600000000132241e+03,1.752683543982871441e-03
1.501700000000132150e+03,1.770629948969164660e-03
1.501800000000132286e+03,1.788605682914464097e-03
1.501900000000132422e+03,1.806610720033969457e-03
1.502000000000132331e+03,1.824645034530523796e-03
1.502100000000132241e+03,1.841765417118262872e-03
1.502200000000132377e+03,1.858944957724505999e-03
1.502300000000132513e+03,1.876183640274785031e-03
1.502400000000132422e+03,1.893480653872579682e-03
1.502500000000132331e+03,1.910815036099351759e-03
1.502600000000132468e+03,1.928208100213285852e-03
1.502700000000132604e+03,1.945659827974840356e-03
1.502800000000132513e+03,1.963170201133476386e-03
1.502900000000132422e+03,1.980738644549679371e-03
1.503000000000132559e+03,1.998360531262221088e-03
1.503100000000132695e+03,2.004428523620183610e-03
1.503200000000132604e+03,2.010475562585375704e-03
1.503300000000132513e+03,2.016500401079620534e-03
1.503400000000132650e+03,2.022517851421575322e-03
1.503500000000132786e+03,2.028516651319492870e-03
1.503600000000132695e+03,2.034494567970029054e-03
1.503700000000132604e+03,2.040451596635910799e-03
1.503800000000132741e+03,2.046387732581053751e-03
1.503900000000132877e+03,2.052302971070536688e-03
1.504000000000132786e+03,2.058197307373774761e-03
1.504100000000132695e+03,2.066474718313050969e-03
1.504200000000132832e+03,2.074769557206811686e-03
1.504300000000132968e+03,2.083081833064187160e-03
1.504400000000132877e+03,2.091411554895000659e-03
1.504500000000132786e+03,2.099758731709816181e-03
1.504600000000132923e+03,2.108123372519892912e-03
1.504700000000133059e+03,2.116505486337155306e-03
1.504800000000132968e+03,2.124901427467091892e-03
1.504900000000132877e+03,2.133312396330287655e-03
1.505000000000133014e+03,2.141740816957367257e-03
1.505100000000133150e+03,2.142482321871264691e-03
1.505200000000133059e+03,2.143215292406600199e-03
1.505300000000132968e+03,2.143939721614398965e-03
1.505400000000133105e+03,2.144655602544856543e-03
1.505500000000133241e+03,2.145362928247290715e-03
1.505600000000133150e+03,2.146059588010621171e-03
1.505700000000133059e+03,2.146724449794986875e-03
1.505800000000133195e+03,2.147380718220180326e-03
1.505900000000133332e+03,2.148028386634769950e-03
1.506000000000133241e+03,2.148667448372004827e-03
1.506100000000133150e+03,2.138179226967150837e-03
1.506200000000133286e+03,2.127699898429854641e-03
1.506300000000133423e+03,2.117229477364894127e-03
1.506400000000133332e+03,2.106767978378910281e-03
1.506500000000133241e+03,2.096315416080386362e-03
1.506600000000133377e+03,2.085895288788461397e-03
1.506700000000133514e+03,2.075485026392903665e-03
1.506800000000133423e+03,2.065083500203019739e-03
1.506900000000133332e+03,2.054690725127574381e-03
1.507000000000133468e+03,2.044306716080427234e-03
1.507100000000133605e+03,2.035748144407541031e-03
1.507200000000133514e+03,2.027091036698023922e-03
1.507300000000133423e+03,2.018335310724898510e-03
1.507400000000133559e+03,2.009480884250625099e-03
1.507500000000133696e+03,2.000528135075958346e-03
1.507600000000133605e+03,1.991485199798609385e-03
1.507700000000133514e+03,1.982343233234451409e-03
1.507800000000133650e+03,1.973102151739738845e-03
1.507900000000133787e+03,1.963755846659735130e-03
1.508000000000133696e+03,1.954293236925588265e-03
1.508100000000133605e+03,1.934037456538331874e-03
1.508200000000133741e+03,1.913758998644176030e-03
1.508300000000133878e+03,1.893457853137093172e-03
1.508400000000133787e+03,1.873149388345131611e-03
1.508500000000133696e+03,1.852827769683536123e-03
1.508600000000133832e+03,1.832484943403853627e-03
1.508700000000133969e+03,1.812118791843690593e-03
1.508800000000133878e+03,1.791729303838615226e-03
1.508900000000133787e+03,1.771316468223054288e-03
1.509000000000133923e+03,1.750880273823965686e-03
1.509100000000134060e+03,1.725648906775894805e-03
1.509200000000133969e+03,1.700404860136297018e-03
1.509300000000133878e+03,1.675148131617085288e-03
1.509400000000134014e+03,1.649878718930309620e-03
1.509500000000134150e+03,1.624596619788283266e-03
1.509600000000134060e+03,1.599301831903460636e-03
1.509700000000133969e+03,1.573994376328790613e-03
1.509800000000134105e+03,1.548692498885359623e-03
1.509900000000134241e+03,1.523377328150857636e-03
1.510000000000134150e+03,1.498048861348155432e-03
1.510100000000134060e+03,1.474296682705744307e-03
1.510200000000134196e+03,1.450370167651109880e-03
1.510300000000134332e+03,1.426269688938345583e-03
1.510400000000134241e+03,1.401998278363729205e-03
1.510500000000134150e+03,1.377552165195480762e-03
1.510600000000134287e+03,1.352931272514966247e-03
1.510700000000134423e+03,1.328135523397782616e-03
1.510800000000134332e+03,1.303164840913653699e-03
1.510900000000134241e+03,1.278019148126326773e-03
1.511000000000134378e+03,1.252698368086590077e-03
1.511100000000134514e+03,1.222043342651762564e-03
1.511200000000134423e+03,1.191427990135008165e-03
1.511300000000134332e+03,1.160852321622504865e-03
1.511400000000134469e+03,1.130316348198708498e-03
1.511500000000134605e+03,1.099820080946510830e-03
1.511600000000134514e+03,1.069363530947081264e-03
1.511700000000134423e+03,1.038946709279738685e-03
1.511800000000134560e+03,1.008569627022090675e-03
1.511900000000134696e+03,9.782322952501649148e-04
1.512000000000134605e+03,9.479347251068297175e-04
1.512100000000134514e+03,9.686075687759763140e-04
1.512200000000134651e+03,9.893287758208839204e-04
1.512300000000134787e+03,1.010098345782504698e-03
1.512400000000134696e+03,1.030916278196514430e-03
1.512500000000134605e+03,1.051782572593409340e-03
1.512600000000134742e+03,1.072697228498413393e-03
1.512700000000134878e+03,1.093660245431382671e-03
1.512800000000134787e+03,1.114671622906900344e-03
1.512900000000134696e+03,1.135731360434373604e-03
1.513000000000134833e+03,1.156839457523078452e-03
1.513100000000134969e+03,1.181823492525076093e-03
1.513200000000134878e+03,1.206897635670011815e-03
1.513300000000134787e+03,1.232061884493675574e-03
1.513400000000134924e+03,1.257323429656585778e-03
1.513500000000135060e+03,1.282683186562835233e-03
1.513600000000134969e+03,1.308133643770040917e-03
1.513700000000134878e+03,1.333674801987240260e-03
1.513800000000135014e+03,1.359306661912860039e-03
1.513900000000135151e+03,1.385029224234612076e-03
1.514000000000135060e+03,1.410842022996914961e-03
1.514100000000134969e+03,1.432094696431607988e-03
1.514200000000135105e+03,1.453292630230102172e-03
1.514300000000135242e+03,1.474435833113007469e-03
1.514400000000135151e+03,1.495524313811524755e-03
1.514500000000135060e+03,1.516558081067535379e-03
1.514600000000135196e+03,1.537537143633506626e-03
1.514700000000135333e+03,1.558461510272409530e-03
1.514800000000135242e+03,1.579316441835830389e-03
1.514900000000135151e+03,1.600112337643433283e-03
1.515000000000135287e+03,1.620853073691113765e-03
1.515100000000135424e+03,1.645925605907500294e-03
1.515200000000135333e+03,1.671086373848519211e-03
1.515300000000135242e+03,1.696340587599418732e-03
1.515400000000135378e+03,1.721688239804561272e-03
1.515500000000135515e+03,1.747129323096489493e-03
1.515600000000135424e+03,1.772663830096043178e-03
1.515700000000135333e+03,1.798291753412469387e-03
1.515800000000135469e+03,1.824013085643324227e-03
1.515900000000135606e+03,1.849827819374342316e-03
1.516000000000135515e+03,1.875735947171896590e-03
1.516100000000135424e+03,1.896041707255732281e-03
1.516200000000135560e+03,1.916383336755426514e-03
1.516300000000135697e+03,1.936740790844274779e-03
1.516400000000135606e+03,1.957114063094301734e-03
1.516500000000135515e+03,1.977503147073988218e-03
1.516600000000135651e+03,1.997908036348189711e-03
1.516700000000135788e+03,2.018328724478036813e-03
1.516800000000135697e+03,2.038765205021030209e-03
1.516900000000135606e+03,2.059217471531133489e-03
1.517000000000135742e+03,2.079685517550905732e-03
1.517100000000135879e+03,2.094428879586933846e-03
1.517200000000135788e+03,2.109152749702347934e-03
1.517300000000135697e+03,2.123857125507891668e-03
1.517400000000135833e+03,2.138542004616092885e-03
1.517500000000135969e+03,2.153197146624493286e-03
1.517600000000135879e+03,2.167817331154148642e-03
1.517700000000135788e+03,2.182417666154910611e-03
1.517800000000135924e+03,2.196998149938150357e-03
1.517900000000136060e+03,2.211558780817068741e-03
1.518000000000135969e+03,2.226099557109324865e-03
1.518100000000135879e+03,2.242543806112775543e-03
1.518200000000136015e+03,2.259040284185544808e-03
1.518300000000136151e+03,2.275588987006165863e-03
1.518400000000136060e+03,2.292189910246740427e-03
1.518500000000135969e+03,2.308843049572976459e-03
1.518600000000136106e+03,2.325548400644144361e-03
1.518700000000136242e+03,2.342305959112988504e-03
1.518800000000136151e+03,2.359115720625800956e-03
1.518900000000136060e+03,2.375997576965448860e-03
1.519000000000136197e+03,2.392940162869932469e-03
1.519100000000136333e+03,2.396569009566788203e-03
1.519200000000136242e+03,2.400187885402173694e-03
1.519300000000136151e+03,2.403803236499339139e-03
1.519400000000136288e+03,2.407441682332216084e-03
1.519500000000136424e+03,2.411070268597311893e-03
1.519600000000136333e+03,2.414693305105018815e-03
1.519700000000136242e+03,2.418309088852940627e-03
1.519800000000136379e+03,2.421915025384701464e-03
1.519900000000136515e+03,2.425511111871813449e-03
1.520000000000136424e+03,2.429097345482090272e-03
1.520100000000136333e+03,2.429796621308948860e-03
1.520200000000136470e+03,2.430495159896859172e-03
1.520300000000136606e+03,2.431192960955062040e-03
1.520400000000136515e+03,2.431890024192783547e-03
1.520500000000136424e+03,2.432586349319247609e-03
1.520600000000136561e+03,2.433281936043672940e-03
1.520700000000136697e+03,2.433976784075248759e-03
1.520800000000136606e+03,2.434670893123169061e-03
1.520900000000136515e+03,2.435364262896610055e-03
1.521000000000136652e+03,2.436056893098562364e-03
1.521100000000136788e+03,2.432216382633640983e-03
1.521200000000136697e+03,2.428352669696457085e-03
1.521300000000136606e+03,2.424465746742422451e-03
1.521400000000136743e+03,2.420555606226755876e-03
1.521500000000136879e+03,2.416622240604526101e-03
1.521600000000136788e+03,2.412665642330587192e-03
1.521700000000136697e+03,2.408685803859605436e-03
1.521800000000136833e+03,2.404682717646055429e-03
1.521900000000136970e+03,2.400656376144239164e-03
1.522000000000136879e+03,2.396606771789554485e-03
1.522100000000136788e+03,2.378867591782191614e-03
1.522200000000136924e+03,2.361158732101473114e-03
1.522300000000137061e+03,2.343487133918820478e-03
1.522400000000136970e+03,2.325852821496201574e-03
1.522500000000136879e+03,2.308261033439511396e-03
1.522600000000137015e+03,2.290726501592057259e-03
1.522700000000137152e+03,2.273211879454832118e-03
1.522800000000137061e+03,2.255734518513513500e-03
1.522900000000136970e+03,2.238294443450656451e-03
1.523000000000137106e+03,2.220891678954436087e-03
1.523100000000137243e+03,2.204140281648476508e-03
1.523200000000137152e+03,2.187318521888559006e-03
1.523300000000137061e+03,2.170426372799113667e-03
1.523400000000137197e+03,2.153462233554694766e-03
1.523500000000137334e+03,2.136403991793903341e-03
1.523600000000137243e+03,2.119275684924101701e-03
1.523700000000137152e+03,2.102077288545229315e-03
1.523800000000137288e+03,2.084808778256067724e-03
1.523900000000137425e+03,2.067482276975330952e-03
1.524000000000137334e+03,2.050097588895485184e-03
1.524100000000137243e+03,2.024045547161939379e-03
1.524200000000137379e+03,1.997992542955252023e-03
1.524300000000137516e+03,1.971938580146086022e-03
1.524400000000137425e+03,1.945883662606083964e-03
1.524500000000137334e+03,1.919827794207762742e-03
1.524600000000137470e+03,1.893770978824617411e-03
1.524700000000137607e+03,1.867713220331256290e-03
1.524800000000137516e+03,1.841654522603270849e-03
1.524900000000137425e+03,1.815594889517116017e-03
1.525000000000137561e+03,1.789534324943497850e-03
1.525100000000137697e+03,1.758594594834803852e-03
1.525200000000137607e+03,1.727691958228185984e-03
1.525300000000137516e+03,1.696830881047720757e-03
1.525400000000137652e+03,1.666011390493279867e-03
1.525500000000137788e+03,1.635233513769509400e-03
1.525600000000137697e+03,1.604497278085704939e-03
1.525700000000137607e+03,1.573807147386772909e-03
1.525800000000137743e+03,1.543172420134527635e-03
1.525900000000137879e+03,1.512578691979042742e-03
1.526000000000137788e+03,1.482025991656472095e-03
1.526100000000137697e+03,1.453529116821914401e-03
1.526200000000137834e+03,1.424929961711230309e-03
1.526300000000137970e+03,1.396222057450133541e-03
1.526400000000137879e+03,1.367399758322508999e-03
1.526500000000137788e+03,1.338463016833288692e-03
1.526600000000137925e+03,1.309410094717721731e-03
1.526700000000138061e+03,1.280229243009275162e-03
1.526800000000137970e+03,1.250934499260418584e-03
1.526900000000137879e+03,1.221523225270439422e-03
1.527000000000138016e+03,1.191992991989450877e-03
1.527100000000138152e+03,1.183940002068474377e-03
1.527200000000138061e+03,1.175903891311994975e-03
1.527300000000137970e+03,1.167884670029328787e-03
1.527400000000138107e+03,1.159882348531491528e-03
1.527500000000138243e+03,1.151896937131236020e-03
1.527600000000138152e+03,1.143928446143012076e-03
1.527700000000138061e+03,1.135976885882936365e-03
1.527800000000138198e+03,1.128042266668825584e-03
1.527900000000138334e+03,1.120124598820229850e-03
1.528000000000138243e+03,1.112223892702385829e-03
1.528100000000138152e+03,1.136162397441394271e-03
1.528200000000138289e+03,1.160129071976492886e-03
1.528300000000138425e+03,1.184123923502241509e-03
1.528400000000138334e+03,1.208146959213137308e-03
1.528500000000138243e+03,1.232198186303725589e-03
1.528600000000138380e+03,1.256277611968491595e-03
1.528700000000138516e+03,1.280385243401748179e-03
1.528800000000138425e+03,1.304521087797750733e-03
1.528900000000138334e+03,1.328685152350798449e-03
1.529000000000138471e+03,1.352877444255674074e-03
1.529100000000138607e+03,1.377490031367600886e-03
1.529200000000138516e+03,1.402131017791471675e-03
1.529300000000138425e+03,1.426800409028742504e-03
1.529400000000138562e+03,1.451498210580182049e-03
1.529500000000138698e+03,1.476224427945786819e-03
1.529600000000138607e+03,1.500979066624864855e-03
1.529700000000138516e+03,1.525762132116171470e-03
1.529800000000138652e+03,1.550573629917778714e-03
1.529900000000138789e+03,1.575413565526977795e-03
1.530000000000138698e+03,1.600281944434770029e-03
1.530100000000138607e+03,1.621082480097344510e-03
1.530200000000138743e+03,1.641809847164703339e-03
1.530300000000138880e+03,1.662464020756866277e-03
1.530400000000138789e+03,1.683044975993615213e-03
1.530500000000138698e+03,1.703552687994594559e-03
1.530600000000138834e+03,1.723987131879224513e-03
1.530700000000138971e+03,1.744355252224356802e-03
1.530800000000138880e+03,1.764674084479806544e-03
1.530900000000138789e+03,1.784920281334320159e-03
1.531000000000138925e+03,1.805093814031380733e-03
1.531100000000139062e+03,1.829089207293847991e-03
1.531200000000138971e+03,1.853148343986734704e-03
1.531300000000138880e+03,1.877271230539536697e-03
1.531400000000139016e+03,1.901457873376666621e-03
1.531500000000139153e+03,1.925708278917329054e-03
1.531600000000139062e+03,1.950022453575646483e-03
1.531700000000138971e+03,1.974400403760756453e-03
1.531800000000139107e+03,1.998842135876704659e-03
1.531900000000139244e+03,2.023347656322339351e-03
1.532000000000139153e+03,2.047926010522009739e-03
1.532100000000139062e+03,2.064380204777197577e-03
1.532200000000139198e+03,2.080793848173331968e-03
1.532300000000139335e+03,2.097166932697608951e-03
1.532400000000139244e+03,2.113499450339693074e-03
1.532500000000139153e+03,2.129791393091839263e-03
1.532600000000139289e+03,2.146042752948781364e-03
1.532700000000139426e+03,2.162253521907680533e-03
1.532800000000139335e+03,2.178423691968195495e-03
1.532900000000139244e+03,2.194553255132541524e-03
1.533000000000139380e+03,2.210642203402106432e-03
1.533100000000139516e+03,2.224314538728150870e-03
1.533200000000139426e+03,2.237976386859277713e-03
1.533300000000139335e+03,2.251627744514144748e-03
1.533400000000139471e+03,2.265268608411771887e-03
1.533500000000139607e+03,2.278916157982219075e-03
1.533600000000139516e+03,2.292563150090070646e-03
1.533700000000139426e+03,2.306199957436542037e-03
1.533800000000139562e+03,2.319826576336726700e-03
1.533900000000139698e+03,2.333440941202191699e-03
1.534000000000139607e+03,2.347019499707812991e-03
1.534100000000139516e+03,2.358779296349984133e-03
1.534200000000139653e+03,2.370558089072602199e-03
1.534300000000139789e+03,2.382355878267464460e-03
1.534400000000139698e+03,2.394172664324339863e-03
1.534500000000139607e+03,2.406008447631027142e-03
1.534600000000139744e+03,2.417863228573298440e-03
1.534700000000139880e+03,2.429737007534852906e-03
1.534800000000139789e+03,2.441629784897354858e-03
1.534900000000139698e+03,2.453541561040504474e-03
1.535000000000139835e+03,2.465472336323877404e-03
1.535100000000139971e+03,2.464466957601219466e-03
1.535200000000139880e+03,2.463447999346786866e-03
1.535300000000139789e+03,2.462415459208798941e-03
1.535400000000139926e+03,2.461369334836214021e-03
1.535500000000140062e+03,2.460309623878745473e-03
1.535600000000139971e+03,2.459236323986849996e-03
1.535700000000139880e+03,2.458149432811723278e-03
1.535800000000140017e+03,2.457048948005308674e-03
1.535900000000140153e+03,2.455934867220297205e-03
1.536000000000140062e+03,2.454807188111584725e-03
1.536100000000139971e+03,2.454709603355218882e-03
1.536200000000140108e+03,2.454598521817679888e-03
1.536300000000140244e+03,2.454459592248859744e-03
1.536400000000140153e+03,2.454314443961463487e-03
1.536500000000140062e+03,2.454163075407233933e-03
1.536600000000140199e+03,2.454005485038012347e-03
1.536700000000140335e+03,2.453861523955150857e-03
1.536800000000140244e+03,2.453720374452764315e-03
1.536900000000140153e+03,2.453572992929830155e-03
1.537000000000140290e+03,2.453419377603886179e-03
1.537100000000140426e+03,2.442463139541160497e-03
1.537200000000140335e+03,2.431517270139895055e-03
1.537300000000140244e+03,2.420581771688629438e-03
1.537400000000140381e+03,2.409656646475268321e-03
1.537500000000140517e+03,2.398741896787120499e-03
1.537600000000140426e+03,2.387821846656128059e-03
1.537700000000140335e+03,2.376899948866023106e-03
1.537800000000140471e+03,2.365988691566245535e-03
1.537900000000140608e+03,2.355088076647518167e-03
1.538000000000140517e+03,2.344198105989702286e-03
1.538100000000140426e+03,2.326104313048254265e-03
1.538200000000140562e+03,2.308039259936437403e-03
1.538300000000140699e+03,2.290002955424993644e-03
1.538400000000140608e+03,2.271995408284356588e-03
1.538500000000140517e+03,2.254027994121937575e-03
1.538600000000140653e+03,2.236104212037305725e-03
1.538700000000140790e+03,2.218208790747434270e-03
1.538800000000140699e+03,2.200341740067936376e-03
1.538900000000140608e+03,2.182503069814354085e-03
1.539000000000140744e+03,2.164692789801374220e-03
1.539100000000140881e+03,2.146243000364143980e-03
1.539200000000140790e+03,2.127733002054410169e-03
1.539300000000140699e+03,2.109162768433511630e-03
1.539400000000140835e+03,2.090532273059149924e-03
1.539500000000140972e+03,2.071839489446861311e-03
1.539600000000140881e+03,2.053078990443540832e-03
1.539700000000140790e+03,2.034258323061688238e-03
1.539800000000140926e+03,2.015377461673538862e-03
1.539900000000141063e+03,1.996453630873609893e-03
1.540000000000140972e+03,1.977475399017198428e-03
1.540100000000140881e+03,1.947840796955941723e-03
1.540200000000141017e+03,1.918292358081397260e-03
1.540300000000141154e+03,1.888830121986485562e-03
1.540400000000141063e+03,1.859454128268594065e-03
1.540500000000140972e+03,1.830164416529416003e-03
1.540600000000141108e+03,1.800961026375100466e-03
1.540700000000141245e+03,1.771843997416392476e-03
1.540800000000141154e+03,1.742800966387682195e-03
1.540900000000141063e+03,1.713836835080091063e-03
1.541000000000141199e+03,1.684960821063659440e-03
1.541100000000141335e+03,1.657489253654185167e-03
1.541200000000141245e+03,1.629964818535106254e-03
1.541300000000141154e+03,1.602387493541410253e-03
1.541400000000141290e+03,1.574757256504783322e-03
1.541500000000141426e+03,1.547074085253732087e-03
1.541600000000141335e+03,1.519337957613455274e-03
1.541700000000141245e+03,1.491557196112596340e-03
1.541800000000141381e+03,1.463732136923779313e-03
1.541900000000141517e+03,1.435853397589182453e-03
1.542000000000141426e+03,1.407920954116545107e-03
1.542100000000141335e+03,1.377580018619398335e-03
1.542200000000141472e+03,1.347234087576067814e-03
1.542300000000141608e+03,1.316883164806699567e-03
1.542400000000141517e+03,1.286527254133128370e-03
1.542500000000141426e+03,1.256166359378733119e-03
1.542600000000141563e+03,1.225800484368569322e-03
1.542700000000141699e+03,1.195429632929521750e-03
1.542800000000141608e+03,1.165053808890156124e-03
1.542900000000141517e+03,1.134673016080578163e-03
1.543000000000141654e+03,1.104287258379061006e-03
1.543100000000141790e+03,1.106697208977534949e-03
1.543200000000141699e+03,1.109097028529977720e-03
1.543300000000141608e+03,1.111489539138203059e-03
1.543400000000141745e+03,1.113874735543154536e-03
1.543500000000141881e+03,1.116252612484491596e-03
1.543600000000141790e+03,1.118623164700592804e-03
1.543700000000141699e+03,1.120987036211253335e-03
1.543800000000141836e+03,1.123348078097273581e-03
1.543900000000141972e+03,1.125701801021930645e-03
1.544000000000141881e+03,1.128048199648520140e-03
1.544100000000141790e+03,1.152319303435999590e-03
1.544200000000141927e+03,1.176663468541621618e-03
1.544300000000142063e+03,1.201080733736957029e-03
1.544400000000141972e+03,1.225571137801862104e-03
1.544500000000141881e+03,1.250134719524574221e-03
1.544600000000142018e+03,1.274771517701624255e-03
1.544700000000142154e+03,1.299481571137700402e-03
1.544800000000142063e+03,1.324264918645778714e-03
1.544900000000141972e+03,1.349121599047229791e-03
1.545000000000142109e+03,1.374051651166315795e-03
1.545100000000142245e+03,1.395199104407005789e-03
1.545200000000142154e+03,1.416283556288096485e-03
1.545300000000142063e+03,1.437304959870660962e-03
1.545400000000142199e+03,1.458279678482622558e-03
1.545500000000142336e+03,1.479192439149775405e-03
1.545600000000142245e+03,1.500042497645670374e-03
1.545700000000142154e+03,1.520829804704170287e-03
1.545800000000142290e+03,1.541554311045014716e-03
1.545900000000142427e+03,1.562220343270035025e-03
1.546000000000142336e+03,1.582833910742275285e-03
1.546100000000142245e+03,1.606387281365058341e-03
1.546200000000142381e+03,1.629983062516014063e-03
1.546300000000142518e+03,1.653621280900931505e-03
1.546400000000142427e+03,1.677301963233389500e-03
1.546500000000142336e+03,1.701025136234881122e-03
1.546600000000142472e+03,1.724790826634695507e-03
1.546700000000142609e+03,1.748593628755598260e-03
1.546800000000142518e+03,1.772423571317415219e-03
1.546900000000142427e+03,1.796295552873396640e-03
1.547000000000142563e+03,1.820209598758892010e-03
1.547100000000142700e+03,1.841337852657650397e-03
1.547200000000142609e+03,1.862495295797245024e-03
1.547300000000142518e+03,1.883671800893674687e-03
1.547400000000142654e+03,1.904853595026158959e-03
1.547500000000142791e+03,1.926049551585866815e-03
1.547600000000142700e+03,1.947259675618916294e-03
1.547700000000142609e+03,1.968483972172458026e-03
1.547800000000142745e+03,1.989722446294581778e-03
1.547900000000142882e+03,2.010975103034221695e-03
1.548000000000142791e+03,2.032241947433470822e-03
1.548100000000142700e+03,2.048050817128747089e-03
1.548200000000142836e+03,2.063825264675787832e-03
1.548300000000142973e+03,2.079565270542413358e-03
1.548400000000142882e+03,2.095270815192552122e-03
1.548500000000142791e+03,2.110941879086334835e-03
1.548600000000142927e+03,2.126578442679996021e-03
1.548700000000143064e+03,2.142180486425828041e-03
1.548800000000142973e+03,2.157747990772234444e-03
1.548900000000142882e+03,2.173280936163805854e-03
1.549000000000143018e+03,2.188779303044090761e-03
1.549100000000143154e+03,2.206269666628175689e-03
1.549200000000143064e+03,2.223808160579368240e-03
1.549300000000142973e+03,2.241394807998818312e-03
1.549400000000143109e+03,2.259030313807302605e-03
1.549500000000143245e+03,2.276717889188850305e-03
1.549600000000143154e+03,2.294453758157052447e-03
1.549700000000143064e+03,2.312237944118927975e-03
1.549800000000143200e+03,2.330070470486121474e-03
1.549900000000143336e+03,2.347942771270319310e-03
1.550000000000143245e+03,2.365844274270291567e-03
1.550100000000143154e+03,2.372039644381155037e-03
1.550200000000143291e+03,2.378212026873430338e-03
1.550300000000143427e+03,2.384361410352010390e-03
1.550400000000143336e+03,2.390487783419873846e-03
1.550500000000143245e+03,2.396591134678125422e-03
1.550600000000143382e+03,2.402671452725961207e-03
1.550700000000143518e+03,2.408728726160642205e-03
1.550800000000143427e+03,2.414768118958181276e-03
1.550900000000143336e+03,2.420807625267271633e-03
1.551000000000143473e+03,2.426825394605704091e-03
1.551100000000143609e+03,2.432380061972791961e-03
1.551200000000143518e+03,2.437941262038717874e-03
1.551300000000143427e+03,2.443504796455789330e-03
1.551400000000143564e+03,2.449067824366743355e-03
1.551500000000143700e+03,2.454637339473670059e-03
1.551600000000143609e+03,2.460213343563132093e-03
1.551700000000143518e+03,2.465795838421768436e-03
1.551800000000143655e+03,2.471384825836268808e-03
1.551900000000143791e+03,2.476980307593344179e-03
1.552000000000143700e+03,2.482582285468704335e-03
1.552100000000143609e+03,2.480495100654092795e-03
1.552200000000143746e+03,2.478392107148433623e-03
1.552300000000143882e+03,2.476272711111754832e-03
1.552400000000143791e+03,2.474151741808436247e-03
1.552500000000143700e+03,2.472029199101545734e-03
1.552600000000143837e+03,2.469905082854246571e-03
1.552700000000143973e+03,2.467779392929788339e-03
1.552800000000143882e+03,2.465652129191512124e-03
1.552900000000143791e+03,2.463523291502831003e-03
1.553000000000143928e+03,2.461392879713990636e-03
1.553100000000144064e+03,2.450061555648925648e-03
1.553200000000143973e+03,2.438745728043039025e-03
1.553300000000143882e+03,2.427445399555022611e-03
1.553400000000144018e+03,2.416160572842526548e-03
1.553500000000144155e+03,2.404891250562229531e-03
1.553600000000144064e+03,2.393637435369763353e-03
1.553700000000143973e+03,2.382399129919686876e-03
1.553800000000144109e+03,2.371176336865528107e-03
1.553900000000144246e+03,2.359969058859823221e-03
1.554000000000144155e+03,2.348777298553610896e-03
1.554100000000144064e+03,2.337238770223000559e-03
1.554200000000144200e+03,2.325650599904352609e-03
1.554300000000144337e+03,2.314012781163200805e-03
1.554400000000144246e+03,2.302325307568168014e-03
1.554500000000144155e+03,2.290606005414753867e-03
1.554600000000144291e+03,2.278845752876595531e-03
1.554700000000144428e+03,2.267035547199005002e-03
1.554800000000144337e+03,2.255175380249905669e-03
1.554900000000144246e+03,2.243265243900195542e-03
1.555000000000144382e+03,2.231305130006529681e-03
1.555100000000144519e+03,2.207373845997835909e-03
1.555200000000144428e+03,2.183494095482706610e-03
1.555300000000144337e+03,2.159665884147774374e-03
1.555400000000144473e+03,2.135875823836996205e-03
1.555500000000144610e+03,2.112128989136901301e-03
1.555600000000144519e+03,2.088440998541868984e-03
1.555700000000144428e+03,2.064804906363769572e-03
1.555800000000144564e+03,2.041220717093515050e-03
1.555900000000144701e+03,2.017688435216916012e-03
1.556000000000144610e+03,1.994208065214479568e-03
1.556100000000144519e+03,1.970666213511927580e-03
1.556200000000144655e+03,1.947072975679474058e-03
1.556300000000144792e+03,1.923437508721026956e-03
1.556400000000144701e+03,1.899763593765498200e-03
1.556500000000144610e+03,1.876037750064774934e-03
1.556600000000144746e+03,1.852259980569667978e-03
1.556700000000144883e+03,1.828430288239682152e-03
1.556800000000144792e+03,1.804548676042908072e-03
1.556900000000144701e+03,1.780615146955906794e-03
1.557000000000144837e+03,1.756629703956987323e-03
1.557100000000144973e+03,1.727894265378759767e-03
1.557200000000144883e+03,1.699152345600054865e-03
1.557300000000144792e+03,1.670403947395781392e-03
1.557400000000144928e+03,1.641649073542393762e-03
1.557500000000145064e+03,1.612887726818013892e-03
1.557600000000144973e+03,1.584119910002304565e-03
1.557700000000144883e+03,1.555332672002188252e-03
1.557800000000145019e+03,1.526534341046213586e-03
1.557900000000145155e+03,1.497730222191082441e-03
1.558000000000145064e+03,1.468920318350936836e-03
1.558100000000144973e+03,1.437735630204434525e-03
1.558200000000145110e+03,1.406599788034412594e-03
1.558300000000145246e+03,1.375498195898840507e-03
1.558400000000145155e+03,1.344430856689877865e-03
1.558500000000145064e+03,1.313397773295049307e-03
1.558600000000145201e+03,1.282390207069826786e-03
1.558700000000145337e+03,1.251411250318116078e-03
1.558800000000145246e+03,1.220467281048615189e-03
1.558900000000145155e+03,1.189558300829909876e-03
1.559000000000145292e+03,1.158684311267419277e-03
1.559100000000145428e+03,1.156201746664933371e-03
1.559200000000145337e+03,1.153706347583467436e-03
1.559300000000145246e+03,1.151198113549722337e-03
1.559400000000145383e+03,1.148677044091743569e-03
1.559500000000145519e+03,1.146143138738923420e-03
1.559600000000145428e+03,1.143596397022000758e-03
1.559700000000145337e+03,1.141036818473041082e-03
1.559800000000145474e+03,1.138464402625452131e-03
1.559900000000145610e+03,1.135879149013995382e-03
1.560000000000145519e+03,1.133274697643301939e-03
1.560100000000145428e+03,1.154511427033053008e-03
1.560200000000145565e+03,1.175694829773449518e-03
1.560300000000145701e+03,1.196827257636784436e-03
1.560400000000145610e+03,1.217902900112461219e-03
1.560500000000145519e+03,1.238915421025141555e-03
1.560600000000145656e+03,1.259874235791183473e-03
1.560700000000145792e+03,1.280779343086173305e-03
1.560800000000145701e+03,1.301630741590957714e-03
1.560900000000145610e+03,1.322440164012589781e-03
1.561000000000145747e+03,1.343199989368186985e-03
1.561100000000145883e+03,1.367712659069340213e-03
1.561200000000145792e+03,1.392284666458966065e-03
1.561300000000145701e+03,1.416912771866182504e-03
1.561400000000145837e+03,1.441586592853835161e-03
1.561500000000145974e+03,1.466319179828020312e-03
1.561600000000145883e+03,1.491110532237551909e-03
1.561700000000145792e+03,1.515960649525504135e-03
1.561800000000145928e+03,1.540869531129089543e-03
1.561900000000146065e+03,1.565837176479539360e-03
1.562000000000145974e+03,1.590863584998139860e-03
1.562100000000145883e+03,1.613111722413836406e-03
1.562200000000146019e+03,1.635351639875151511e-03
1.562300000000146156e+03,1.657583335891885503e-03
1.562400000000146065e+03,1.679806808974507659e-03
1.562500000000145974e+03,1.702022057634233624e-03
1.562600000000146110e+03,1.724229080382949945e-03
1.562700000000146247e+03,1.746438100203770959e-03
1.562800000000146156e+03,1.768649412875367534e-03
1.562900000000146065e+03,1.790853011300434566e-03
1.563000000000146201e+03,1.813048893667666391e-03
1.563100000000146338e+03,1.833970964798371491e-03
1.563200000000146247e+03,1.854866152364204957e-03
1.563300000000146156e+03,1.875756736393682051e-03
1.563400000000146292e+03,1.896644049874522762e-03
1.563500000000146429e+03,1.917530209819788469e-03
1.563600000000146338e+03,1.938414869421596848e-03
1.563700000000146247e+03,1.959296337829037008e-03
1.563800000000146383e+03,1.980174613704956989e-03
1.563900000000146520e+03,2.001049695712263810e-03
1.564000000000146429e+03,2.021917571407897806e-03
1.564100000000146338e+03,2.043083691278597958e-03
1.564200000000146474e+03,2.064298274256165956e-03
1.564300000000146611e+03,2.085561333769584118e-03
1.564400000000146520e+03,2.106872883248490924e-03
1.564500000000146429e+03,2.128238977703372434e-03
1.564600000000146565e+03,2.149672654259039348e-03
1.564700000000146701e+03,2.171155360037579311e-03
1.564800000000146611e+03,2.192687110133158257e-03
1.564900000000146520e+03,2.214267919641148621e-03
1.565000000000146656e+03,2.235880117822152194e-03
1.565100000000146792e+03,2.248873706439917606e-03
1.565200000000146701e+03,2.261836943712499347e-03
1.565300000000146611e+03,2.274769816441727429e-03
1.565400000000146747e+03,2.287675358486665565e-03
1.565500000000146883e+03,2.300574277000003338e-03
1.565600000000146792e+03,2.313443089235271179e-03
1.565700000000146701e+03,2.326281780903331070e-03
1.565800000000146838e+03,2.339090337712728708e-03
1.565900000000146974e+03,2.351868745369626278e-03
1.566000000000146883e+03,2.364616989580309130e-03
1.566100000000146792e+03,2.379043424881728281e-03
1.566200000000146929e+03,2.393505497424939978e-03
1.566300000000147065e+03,2.408003223148122950e-03
1.566400000000146974e+03,2.422508830536150137e-03
1.566500000000146883e+03,2.437049366489839504e-03
1.566600000000147020e+03,2.451625264933981248e-03
1.566700000000147156e+03,2.466236540606017973e-03
1.566800000000147065e+03,2.480871064365429163e-03
1.566900000000146974e+03,2.495524010639718106e-03
1.567000000000147111e+03,2.510210012250034886e-03
1.567100000000147247e+03,2.514208179079972620e-03
1.567200000000147156e+03,2.518200276067600156e-03
1.567300000000147065e+03,2.522191562010857573e-03
1.567400000000147202e+03,2.526183103464559390e-03
1.567500000000147338e+03,2.530168602136061672e-03
1.567600000000147247e+03,2.534148054806569829e-03
1.567700000000147156e+03,2.538124983448619958e-03
1.567800000000147293e+03,2.542114665058650344e-03
1.567900000000147429e+03,2.546098359742079553e-03
1.568000000000147338e+03,2.550076064109841646e-03
1.568100000000147247e+03,2.550840143540296368e-03
1.568200000000147384e+03,2.551603835201208485e-03
1.568300000000147520e+03,2.552367138821499265e-03
1.568400000000147429e+03,2.553130054130043573e-03
1.568500000000147338e+03,2.553892580855665964e-03
1.568600000000147475e+03,2.554649906965302756e-03
1.568700000000147611e+03,2.555381910340927005e-03
1.568800000000147520e+03,2.556113507981937379e-03
1.568900000000147429e+03,2.556844699631704524e-03
1.569000000000147566e+03,2.557575485025078126e-03
1.569100000000147702e+03,2.552564935834523378e-03
1.569200000000147611e+03,2.547543959542116539e-03
1.569300000000147520e+03,2.542512551282898482e-03
1.569400000000147656e+03,2.537470706191193200e-03
1.569500000000147793e+03,2.532418419400644678e-03
1.569600000000147702e+03,2.527355686044168315e-03
1.569700000000147611e+03,2.522282501253958302e-03
1.569800000000147747e+03,2.517198860161485013e-03
1.569900000000147884e+03,2.512104757897530138e-03
1.570000000000147793e+03,2.507000189577487503e-03
1.570100000000147702e+03,2.491962497081251504e-03
1.570200000000147838e+03,2.476941539324556234e-03
1.570300000000147975e+03,2.461937329444513749e-03
1.570400000000147884e+03,2.446949880580551098e-03
1.570500000000147793e+03,2.431977969376704005e-03
1.570600000000147929e+03,2.417019267238512854e-03
1.570700000000148066e+03,2.402077425167387700e-03
1.570800000000147975e+03,2.387152456210940576e-03
1.570900000000147884e+03,2.372253720095534799e-03
1.571000000000148020e+03,2.357389909435393845e-03
1.571100000000148157e+03,2.341963804834489276e-03
1.571200000000148066e+03,2.326477758034508833e-03
1.571300000000147975e+03,2.310931732031412059e-03
1.571400000000148111e+03,2.295325689814130266e-03
1.571500000000148248e+03,2.279659594364649364e-03
1.571600000000148157e+03,2.263933408657931370e-03
1.571700000000148066e+03,2.248147095661848054e-03
1.571800000000148202e+03,2.232295182836148157e-03
1.571900000000148339e+03,2.216362757394625682e-03
1.572000000000148248e+03,2.200370466365289372e-03
1.572100000000148157e+03,2.173910672089713562e-03
1.572200000000148293e+03,2.147492549913894780e-03
1.572300000000148430e+03,2.121116133686002086e-03
1.572400000000148339e+03,2.094781457260083517e-03
1.572500000000148248e+03,2.068488554495942055e-03
1.572600000000148384e+03,2.042237459259253589e-03
1.572700000000148520e+03,2.016028205421687911e-03
1.572800000000148430e+03,1.989860826860794223e-03
1.572900000000148339e+03,1.963735357459868869e-03
1.573000000000148475e+03,1.937651831108156992e-03
1.573100000000148611e+03,1.911606178167904414e-03
1.573200000000148520e+03,1.885499134602667019e-03
1.573300000000148430e+03,1.859330667136039304e-03
1.573400000000148566e+03,1.833100742486693273e-03
1.573500000000148702e+03,1.806809327368474275e-03
1.573600000000148611e+03,1.780456388490300182e-03
1.573700000000148520e+03,1.754041892556027372e-03
1.573800000000148657e+03,1.727565806264583443e-03
1.573900000000148793e+03,1.701028096310081049e-03
1.574000000000148702e+03,1.674429081639698972e-03
1.574100000000148611e+03,1.643702989941030982e-03
1.574200000000148748e+03,1.612977670636904764e-03
1.574300000000148884e+03,1.582253129935281546e-03
1.574400000000148793e+03,1.551529374045386954e-03
1.574500000000148702e+03,1.520806409177587843e-03
1.574600000000148839e+03,1.490084241543517419e-03
1.574700000000148975e+03,1.459362877356230707e-03
1.574800000000148884e+03,1.428642322830051036e-03
1.574900000000148793e+03,1.397918075434925614e-03
1.575000000000148930e+03,1.367188906356290017e-03
1.575100000000149066e+03,1.336529657693435666e-03
1.575200000000148975e+03,1.305881988023839448e-03
1.575300000000148884e+03,1.275244776218233383e-03
1.575400000000149021e+03,1.244618031230533854e-03
1.575500000000149157e+03,1.214001762015837942e-03
1.575600000000149066e+03,1.183395977530299391e-03
1.575700000000148975e+03,1.152800686730972701e-03
1.575800000000149112e+03,1.122215898575966648e-03
1.575900000000149248e+03,1.091641622024569405e-03
1.576000000000149157e+03,1.061077866117595726e-03
1.576100000000149066e+03,1.084492388397704891e-03
1.576200000000149203e+03,1.107951540942452972e-03
1.576300000000149339e+03,1.131455339367675849e-03
1.576400000000149248e+03,1.155003799290247202e-03
1.576500000000149157e+03,1.178596936328194520e-03
1.576600000000149294e+03,1.202234766100582436e-03
1.576700000000149430e+03,1.225917304227412989e-03
1.576800000000149339e+03,1.249644566329726229e-03
1.576900000000149248e+03,1.273416568029715366e-03
1.577000000000149385e+03,1.297233324947817852e-03
1.577100000000149521e+03,1.319180571722251014e-03
1.577200000000149430e+03,1.341077377933414796e-03
1.577300000000149339e+03,1.362923726288214942e-03
1.577400000000149475e+03,1.384722475149532906e-03
1.577500000000149612e+03,1.406474350135991170e-03
1.577600000000149521e+03,1.428175914247392262e-03
1.577700000000149430e+03,1.449827149493279404e-03
1.577800000000149566e+03,1.471428037882141753e-03
1.577900000000149703e+03,1.492978561421306203e-03
1.578000000000149612e+03,1.514478702122236528e-03
1.578100000000149521e+03,1.539454110392411354e-03
1.578200000000149657e+03,1.564485581610110341e-03
1.578300000000149794e+03,1.589573128820406540e-03
1.578400000000149703e+03,1.614716765068438054e-03
1.578500000000149612e+03,1.639916503399510821e-03
1.578600000000149748e+03,1.665172356858982605e-03
1.578700000000149885e+03,1.690469797921706789e-03
1.578800000000149794e+03,1.715817747145009179e-03
1.578900000000149703e+03,1.741221258779332209e-03
1.579000000000149839e+03,1.766680343903460253e-03
1.579100000000149976e+03,1.787471263498034051e-03
1.579200000000149885e+03,1.808219284016279261e-03
1.579300000000149794e+03,1.828924399042370329e-03
1.579400000000149930e+03,1.849586602161511261e-03
1.579500000000150067e+03,1.870205886959853221e-03
1.579600000000149976e+03,1.890782247024570643e-03
1.579700000000149885e+03,1.911315675943971388e-03
1.579800000000150021e+03,1.931806167307385932e-03
1.579900000000150158e+03,1.952253714705096468e-03
1.580000000000150067e+03,1.972658311729577878e-03
1.580100000000149976e+03,1.993827670840963174e-03
1.580200000000150112e+03,2.015012716829692879e-03
1.580300000000150249e+03,2.036213450234475395e-03
1.580400000000150158e+03,2.057429871593536002e-03
1.580500000000150067e+03,2.078661981444704463e-03
1.580600000000150203e+03,2.099911099445758798e-03
1.580700000000150339e+03,2.121180667535273439e-03
1.580800000000150249e+03,2.142466047457380028e-03
1.580900000000150158e+03,2.163767239882844525e-03
1.581000000000150294e+03,2.185084245476140181e-03
1.581100000000150430e+03,2.202538104000564215e-03
1.581200000000150339e+03,2.219989908020861529e-03
1.581300000000150249e+03,2.237439657140153412e-03
1.581400000000150385e+03,2.254887350961700797e-03
1.581500000000150521e+03,2.272332989088818398e-03
1.581600000000150430e+03,2.289776571124957968e-03
1.581700000000150339e+03,2.307218096673794173e-03
1.581800000000150476e+03,2.324657565339127447e-03
1.581900000000150612e+03,2.342094976724830215e-03
1.582000000000150521e+03,2.359530330426531063e-03
1.582100000000150430e+03,2.371399440893413521e-03
1.582200000000150567e+03,2.383247586378839811e-03
1.582300000000150703e+03,2.395074768074410571e-03
1.582400000000150612e+03,2.406880987172955056e-03
1.582500000000150521e+03,2.418666244868592288e-03
1.582600000000150658e+03,2.430430542356662969e-03
1.582700000000150794e+03,2.442173880833684377e-03
1.582800000000150703e+03,2.453915042523449695e-03
1.582900000000150612e+03,2.465645245601704155e-03
1.583000000000150749e+03,2.477354765600653375e-03
1.583100000000150885e+03,2.488081592003756407e-03
1.583200000000150794e+03,2.498821636441053099e-03
1.583300000000150703e+03,2.509574897059677935e-03
1.583400000000150840e+03,2.520341372005779207e-03
1.583500000000150976e+03,2.531121059424454832e-03
1.583600000000150885e+03,2.541913957459815670e-03
1.583700000000150794e+03,2.552720064255011110e-03
1.583800000000150931e+03,2.563539377952211724e-03
1.583900000000151067e+03,2.574371896692525565e-03
1.584000000000150976e+03,2.585217618599448906e-03
1.584100000000150885e+03,2.585048152086456223e-03
1.584200000000151022e+03,2.584869597027465715e-03
1.584300000000151158e+03,2.584681954849891560e-03
1.584400000000151067e+03,2.584485226981911212e-03
1.584500000000150976e+03,2.584279414852461067e-03
1.584600000000151113e+03,2.584055905651411970e-03
1.584700000000151249e+03,2.583807019283039606e-03
1.584800000000151158e+03,2.583549057333287945e-03
1.584900000000151067e+03,2.583282021496755010e-03
1.585000000000151203e+03,2.582997607629194860e-03
1.585100000000151340e+03,2.582427659763989521e-03
1.585200000000151249e+03,2.581853363177507438e-03
1.585300000000151158e+03,2.581274718936992126e-03
1.585400000000151294e+03,2.580691728110033611e-03
1.585500000000151431e+03,2.580104391764575806e-03
1.585600000000151340e+03,2.579512710968916069e-03
1.585700000000151249e+03,2.578916686791686563e-03
1.585800000000151385e+03,2.578316320301881140e-03
1.585900000000151522e+03,2.577711612568834958e-03
1.586000000000151431e+03,2.577102564645553789e-03
1.586100000000151340e+03,2.565482633230638937e-03
1.586200000000151476e+03,2.553882645458439675e-03
1.586300000000151613e+03,2.542302597055784777e-03
1.586400000000151522e+03,2.530742483747927887e-03
1.586500000000151431e+03,2.519202301258495046e-03
1.586600000000151567e+03,2.507682045309532828e-03
1.586700000000151704e+03,2.496181711621556481e-03
1.586800000000151613e+03,2.484701295913517832e-03
1.586900000000151522e+03,2.473240793902728961e-03
1.587000000000151658e+03,2.461800201300127274e-03
1.587100000000151795e+03,2.447199254990259105e-03
1.587200000000151704e+03,2.432597887671678668e-03
1.587300000000151613e+03,2.417996100773736525e-03
1.587400000000151749e+03,2.403393895725948037e-03
1.587500000000151886e+03,2.388791273958055378e-03
1.587600000000151795e+03,2.374188236899959017e-03
1.587700000000151704e+03,2.359584785981649196e-03
1.587800000000151840e+03,2.344968731061260366e-03
1.587900000000151977e+03,2.330337406637255585e-03
1.588000000000151886e+03,2.315706012011816729e-03
1.588100000000151795e+03,2.295039594386242068e-03
1.588200000000151931e+03,2.274381012682203176e-03
1.588300000000152068e+03,2.253732538558423596e-03
1.588400000000151977e+03,2.233094170902192709e-03
1.588500000000151886e+03,2.212465908600110345e-03
1.588600000000152022e+03,2.191847750538187829e-03
1.588700000000152158e+03,2.171247717951725262e-03
1.588800000000152068e+03,2.150674728500105281e-03
1.588900000000151977e+03,2.130111361733432341e-03
1.589000000000152113e+03,2.109557616845500645e-03
1.589100000000152249e+03,2.082965763716709221e-03
1.589200000000152158e+03,2.056421020802436713e-03
1.589300000000152068e+03,2.029923378525472569e-03
1.589400000000152204e+03,2.003472827305165845e-03
1.589500000000152340e+03,1.977069357557562686e-03
1.589600000000152249e+03,1.950712959695271448e-03
1.589700000000152158e+03,1.924403624127361432e-03
1.589800000000152295e+03,1.898141341259466106e-03
1.589900000000152431e+03,1.871926101493911901e-03
1.590000000000152340e+03,1.845759590994960420e-03
1.590100000000152249e+03,1.819104389694356418e-03
1.590200000000152386e+03,1.792418223362217226e-03
1.590300000000152522e+03,1.765701099566471333e-03
1.590400000000152431e+03,1.738953025877509450e-03
1.590500000000152340e+03,1.712172838111514087e-03
1.590600000000152477e+03,1.685343279598452634e-03
1.590700000000152613e+03,1.658483418614638272e-03
1.590800000000152522e+03,1.631593263842362213e-03
1.590900000000152431e+03,1.604672823965950504e-03
1.591000000000152568e+03,1.577722107664382119e-03
1.591100000000152704e+03,1.545874814962334412e-03
1.591200000000152613e+03,1.514113281544194299e-03
1.591300000000152522e+03,1.482437494547696275e-03
1.591400000000152659e+03,1.450847441105181795e-03
1.591500000000152795e+03,1.419327742295637459e-03
1.591600000000152704e+03,1.387893290761863440e-03
1.591700000000152613e+03,1.356544343091358818e-03
1.591800000000152750e+03,1.325278953575113015e-03
1.591900000000152886e+03,1.294105633797337567e-03
1.592000000000152795e+03,1.263027949055450664e-03
1.592100000000152704e+03,1.243185285886612293e-03
1.592200000000152841e+03,1.223313391373151947e-03
1.592300000000152977e+03,1.203412269556037055e-03
1.592400000000152886e+03,1.183481924477841835e-03
1.592500000000152795e+03,1.163522360182658606e-03
1.592600000000152932e+03,1.143533580716185388e-03
1.592700000000153068e+03,1.123515590125826521e-03
1.592800000000152977e+03,1.103468392460585975e-03
1.592900000000152886e+03,1.083391991770989290e-03
1.593000000000153022e+03,1.063286392170702688e-03
1.593100000000153159e+03,1.083355479758772244e-03
1.593200000000153068e+03,1.103373918905693665e-03
1.593300000000152977e+03,1.123341711481733261e-03
1.593400000000153113e+03,1.143258859359544541e-03
1.593500000000153250e+03,1.163125364414073883e-03
1.593600000000153159e+03,1.182938725740942301e-03
1.593700000000153068e+03,1.202698980646495306e-03
1.593800000000153204e+03,1.222395703888211208e-03
1.593900000000153341e+03,1.242041220762740705e-03
1.594000000000153250e+03,1.261635535337734312e-03
1.594100000000153159e+03,1.283601356383858505e-03
1.594200000000153295e+03,1.305574646128532289e-03
1.594300000000153432e+03,1.327555403943925412e-03
1.594400000000153341e+03,1.349543629201946328e-03
1.594500000000153250e+03,1.371539321274335872e-03
1.594600000000153386e+03,1.393542479532571205e-03
1.594700000000153523e+03,1.415569225852309062e-03
1.594800000000153432e+03,1.437604326144360529e-03
1.594900000000153341e+03,1.459647405606230575e-03
1.595000000000153477e+03,1.481698463922002202e-03
1.595100000000153614e+03,1.502813458190419612e-03
1.595200000000153523e+03,1.523908938539416356e-03
1.595300000000153432e+03,1.544987240202371284e-03
1.595400000000153568e+03,1.566048361590493664e-03
1.595500000000153705e+03,1.587092301115443577e-03
1.595600000000153614e+03,1.608134952101745964e-03
1.595700000000153523e+03,1.629163728233564475e-03
1.595800000000153659e+03,1.650175808056924577e-03
1.595900000000153796e+03,1.671171189418620921e-03
1.596000000000153705e+03,1.692149870163894279e-03
1.596100000000153614e+03,1.711830321176714903e-03
1.596200000000153750e+03,1.731485333328431752e-03
1.596300000000153887e+03,1.751114901948054451e-03
1.596400000000153796e+03,1.770719022364924391e-03
1.596500000000153705e+03,1.790297689908796263e-03
1.596600000000153841e+03,1.809850899909748283e-03
1.596700000000153977e+03,1.829378647698098924e-03
1.596800000000153887e+03,1.848880928604493658e-03
1.596900000000153796e+03,1.868354388635515935e-03
1.597000000000153932e+03,1.887783670502079722e-03
1.597100000000154068e+03,1.907453877005437382e-03
1.597200000000153977e+03,1.927140641739354078e-03
1.597300000000153887e+03,1.946848118303817635e-03
1.597400000000154023e+03,1.966573672293747688e-03
1.597500000000154159e+03,1.986315904695711357e-03
1.597600000000154068e+03,2.006070690351363303e-03
1.597700000000153977e+03,2.025836960739092057e-03
1.597800000000154114e+03,2.045620318530146000e-03
1.597900000000154250e+03,2.065443699369091425e-03
1.598000000000154159e+03,2.085284052989412953e-03
1.598100000000154068e+03,2.099039317807777517e-03
1.598200000000154205e+03,2.112755714873326782e-03
1.598300000000154341e+03,2.126433233842451101e-03
1.598400000000154250e+03,2.140071864371534752e-03
1.598500000000154159e+03,2.153671596117008417e-03
1.598600000000154296e+03,2.167232418735292373e-03
1.598700000000154432e+03,2.180754321882737937e-03
1.598800000000154341e+03,2.194214381619230894e-03
1.598900000000154250e+03,2.207632518850019543e-03
1.599000000000154387e+03,2.221011392606383333e-03
1.599100000000154523e+03,2.235400091811213814e-03
1.599200000000154432e+03,2.249814670293388656e-03
1.599300000000154341e+03,2.264250360275139352e-03
1.599400000000154478e+03,2.278707166418096359e-03
1.599500000000154614e+03,2.293185093383609541e-03
1.599600000000154523e+03,2.307684145832797611e-03
1.599700000000154432e+03,2.322204328426613618e-03
1.599800000000154569e+03,2.336745645825795501e-03
1.599900000000154705e+03,2.351308102690783264e-03
1.600000000000154614e+03,2.365891703667285205e-03
1.600100000000154523e+03,2.371080650023717814e-03
1.600200000000154660e+03,2.376225679572006345e-03
1.600300000000154796e+03,2.381348850143065465e-03
1.600400000000154705e+03,2.386450163447377624e-03
1.600500000000154614e+03,2.391529621197032492e-03
1.600600000000154751e+03,2.396587225105663646e-03
1.600700000000154887e+03,2.401622976888452467e-03
1.600800000000154796e+03,2.406636878262140289e-03
1.600900000000154705e+03,2.411628930945049643e-03
1.601000000000154841e+03,2.416601164765922252e-03
1.601100000000154978e+03,2.421102390883233396e-03
1.601200000000154887e+03,2.425606864130153573e-03
1.601300000000154796e+03,2.430114584205944183e-03
1.601400000000154932e+03,2.434625550809647182e-03
1.601500000000155069e+03,2.439125319056136432e-03
1.601600000000154978e+03,2.443614220849603998e-03
1.601700000000154887e+03,2.448106261352313295e-03
1.601800000000155023e+03,2.452605540428332790e-03
1.601900000000155160e+03,2.457115127232998176e-03
1.602000000000155069e+03,2.461627892761762606e-03
1.602100000000154978e+03,2.457576978211273213e-03
1.602200000000155114e+03,2.453529442173767953e-03
1.602300000000155251e+03,2.449485284606269051e-03
1.602400000000155160e+03,2.445444505465504698e-03
1.602500000000155069e+03,2.441407104707908182e-03
1.602600000000155205e+03,2.437373082289635666e-03
1.602700000000155342e+03,2.433342438166571399e-03
1.602800000000155251e+03,2.429315172294330746e-03
1.602900000000155160e+03,2.425314324646934364e-03
1.603000000000155296e+03,2.421322060622314084e-03
1.603100000000155433e+03,2.413358510419364323e-03
1.603200000000155342e+03,2.405397007687718608e-03
1.603300000000155251e+03,2.397437552637464962e-03
1.603400000000155387e+03,2.389480145478491916e-03
1.603500000000155524e+03,2.381524786420552691e-03
1.603600000000155433e+03,2.373571475673212292e-03
1.603700000000155342e+03,2.365620213445824519e-03
1.603800000000155478e+03,2.357652159149414579e-03
1.603900000000155615e+03,2.349677605333155232e-03
1.604000000000155524e+03,2.341705285012735983e-03
1.604100000000155433e+03,2.328555000809459652e-03
1.604200000000155569e+03,2.315405550239076505e-03
1.604300000000155705e+03,2.302256933719027364e-03
1.604400000000155615e+03,2.289109151666655038e-03
1.604500000000155524e+03,2.275962204499135805e-03
1.604600000000155660e+03,2.262816092633548361e-03
1.604700000000155796e+03,2.249670816486925868e-03
1.604800000000155705e+03,2.236526376476195236e-03
1.604900000000155615e+03,2.223382773018135923e-03
1.605000000000155751e+03,2.210240006518799424e-03
1.605100000000155887e+03,2.190304656023332134e-03
1.605200000000155796e+03,2.170399691144773296e-03
1.605300000000155705e+03,2.150525108610157245e-03
1.605400000000155842e+03,2.130680905144926706e-03
1.605500000000155978e+03,2.110867077473019097e-03
1.605600000000155887e+03,2.091094022098095861e-03
1.605700000000155796e+03,2.071365053850454403e-03
1.605800000000155933e+03,2.051665992235340158e-03
1.605900000000156069e+03,2.031996834986929314e-03
1.606000000000155978e+03,2.012357579835636311e-03
1.606100000000155887e+03,1.991329459232183113e-03
1.606200000000156024e+03,1.970275065704500499e-03
1.606300000000156160e+03,1.949194403494523180e-03
1.606400000000156069e+03,1.928087476845136931e-03
1.606500000000155978e+03,1.906954290000063877e-03
1.606600000000156115e+03,1.885794847203971138e-03
1.606700000000156251e+03,1.864609152702559509e-03
1.606800000000156160e+03,1.843397210742473910e-03
1.606900000000156069e+03,1.822159025571199083e-03
1.607000000000156206e+03,1.800894601427118977e-03
1.607100000000156342e+03,1.773217169528907731e-03
1.607200000000156251e+03,1.745601343192901018e-03
1.607300000000156160e+03,1.718047112228065056e-03
1.607400000000156297e+03,1.690554466441865746e-03
1.607500000000156433e+03,1.663123395640391184e-03
1.607600000000156342e+03,1.635753889628236086e-03
1.607700000000156251e+03,1.608445938208362142e-03
1.607800000000156388e+03,1.581199531182240050e-03
1.607900000000156524e+03,1.554014658349966169e-03
1.608000000000156433e+03,1.526891309511980337e-03
1.608100000000156342e+03,1.500953616619043985e-03
1.608200000000156479e+03,1.474973588292825344e-03
1.608300000000156615e+03,1.448951871412623672e-03
1.608400000000156524e+03,1.422903837304105058e-03
1.608500000000156433e+03,1.396812889285294805e-03
1.608600000000156570e+03,1.370679036354884462e-03
1.608700000000156706e+03,1.344502287512195065e-03
1.608800000000156615e+03,1.318282651757060045e-03
1.608900000000156524e+03,1.292020138089704012e-03
1.609000000000156660e+03,1.265714755506545594e-03
1.609100000000156797e+03,1.236660855133764466e-03
1.609200000000156706e+03,1.207667923326731637e-03
1.609300000000156615e+03,1.178735946787199621e-03
1.609400000000156751e+03,1.149861680690749495e-03
1.609500000000156888e+03,1.121046518109007845e-03
1.609600000000156797e+03,1.092292534270131957e-03
1.609700000000156706e+03,1.063595439318768508e-03
1.609800000000156842e+03,1.034951776698960890e-03
1.609900000000156979e+03,1.006369918425242772e-03
1.610000000000156888e+03,9.778498483110824400e-04
1.610100000000156797e+03,9.964304457121971569e-04
1.610200000000156933e+03,1.015029131284772091e-03
1.610300000000157070e+03,1.033645898115904049e-03
1.610400000000156979e+03,1.052280739293435553e-03
1.610500000000156888e+03,1.070933647906051117e-03
1.610600000000157024e+03,1.089604617043181184e-03
1.610700000000157161e+03,1.108293639794923199e-03
1.610800000000157070e+03,1.127000709252126394e-03
1.610900000000156979e+03,1.145725818506472017e-03
1.611000000000157115e+03,1.164468960651717780e-03
1.611100000000157252e+03,1.184048147575571383e-03
1.611200000000157161e+03,1.203602233758542485e-03
1.611300000000157070e+03,1.223131226970262161e-03
1.611400000000157206e+03,1.242635134979590836e-03
1.611500000000157343e+03,1.262112709641726371e-03
1.611600000000157252e+03,1.281551450542706789e-03
1.611700000000157161e+03,1.300964674032233613e-03
1.611800000000157297e+03,1.320352388723871565e-03
1.611900000000157434e+03,1.339716830287224301e-03
1.612000000000157343e+03,1.359068092911046213e-03
1.612100000000157252e+03,1.379296450335404075e-03
1.612200000000157388e+03,1.399523023865930889e-03
1.612300000000157524e+03,1.419747812688278718e-03
1.612400000000157434e+03,1.439970815988365687e-03
1.612500000000157343e+03,1.460192032952462721e-03
1.612600000000157479e+03,1.480411462767113094e-03
1.612700000000157615e+03,1.500629104619030521e-03
1.612800000000157524e+03,1.520844957695195428e-03
1.612900000000157434e+03,1.541059021182951665e-03
1.613000000000157570e+03,1.561271294269158229e-03
1.613100000000157706e+03,1.581012676045465398e-03
1.613200000000157615e+03,1.600755547920597278e-03
1.613300000000157524e+03,1.620499907543058787e-03
1.613400000000157661e+03,1.640245752561868536e-03
1.613500000000157797e+03,1.659993080626481635e-03
1.613600000000157706e+03,1.679741889386874047e-03
1.613700000000157615e+03,1.699492176493636693e-03
1.613800000000157752e+03,1.719249210593560770e-03
1.613900000000157888e+03,1.739021524079389144e-03
1.614000000000157797e+03,1.758792079404784738e-03
1.614100000000157706e+03,1.776024401344869627e-03
1.614200000000157843e+03,1.793234904209904321e-03
1.614300000000157979e+03,1.810423595723442388e-03
1.614400000000157888e+03,1.827590483608126882e-03
1.614500000000157797e+03,1.844735575585773613e-03
1.614600000000157934e+03,1.861858879377292211e-03
1.614700000000158070e+03,1.878960402702600481e-03
1.614800000000157979e+03,1.896040153280710268e-03
1.614900000000157888e+03,1.913098138829799665e-03
1.615000000000158025e+03,1.930134367067384534e-03
1.615100000000158161e+03,1.947328738023096752e-03
1.615200000000158070e+03,1.964528904725991714e-03
1.615300000000157979e+03,1.981737662156931624e-03
1.615400000000158116e+03,1.998964856582691272e-03
1.615500000000158252e+03,2.016210476900908138e-03
1.615600000000158161e+03,2.033474588126762093e-03
1.615700000000158070e+03,2.050781051971533198e-03
1.615800000000158207e+03,2.068101734978651431e-03
1.615900000000158343e+03,2.085439785712612723e-03
1.616000000000158252e+03,2.102796515385077589e-03
1.616100000000158161e+03,2.113927132124560678e-03
1.616200000000158298e+03,2.125032199342138939e-03
1.616300000000158434e+03,2.136110112403758702e-03
1.616400000000158343e+03,2.147163778028958209e-03
1.616500000000158252e+03,2.158193206736225452e-03
1.616600000000158389e+03,2.169176199443559848e-03
1.616700000000158525e+03,2.180131529919035385e-03
1.616800000000158434e+03,2.191062397923535399e-03
1.616900000000158343e+03,2.201968814810146766e-03
1.617000000000158479e+03,2.212850791930358677e-03
1.617100000000158616e+03,2.224062068355162850e-03
1.617200000000158525e+03,2.235288522161922847e-03
1.617300000000158434e+03,2.246530143940377467e-03
1.617400000000158570e+03,2.257786924282308150e-03
1.617500000000158707e+03,2.269058853781488229e-03
1.617600000000158616e+03,2.280345923033745385e-03
1.617700000000158525e+03,2.291648122636998942e-03
1.617800000000158661e+03,2.302965443191215197e-03
1.617900000000158798e+03,2.314297875298362318e-03
1.618000000000158707e+03,2.325645409548926339e-03
1.618100000000158616e+03,2.328475130820711891e-03
1.618200000000158752e+03,2.331296077485750084e-03
1.618300000000158889e+03,2.334108253578561897e-03
1.618400000000158798e+03,2.336911663132923683e-03
1.618500000000158707e+03,2.339706310181860222e-03
1.618600000000158843e+03,2.342492198757646030e-03
1.618700000000158980e+03,2.345269332891798848e-03
1.618800000000158889e+03,2.348037716615058827e-03
1.618900000000158798e+03,2.350797353957446208e-03
1.619000000000158934e+03,2.353548248947099492e-03
1.619100000000159071e+03,2.355592418963924420e-03
1.619200000000158980e+03,2.357636183599753649e-03
1.619300000000158889e+03,2.359692987980965741e-03
1.619400000000159025e+03,2.361763642063877990e-03
1.619500000000159162e+03,2.363832593395151331e-03
1.619600000000159071e+03,2.365898457184285614e-03
1.619700000000158980e+03,2.367963185832475115e-03
1.619800000000159116e+03,2.370023596645408608e-03
1.619900000000159253e+03,2.372083635648147490e-03
1.620000000000159162e+03,2.374143302785132470e-03
1.620100000000159071e+03,2.367801137116512262e-03
1.620200000000159207e+03,2.361465000775951010e-03
1.620300000000159343e+03,2.355134891876391797e-03
1.620400000000159253e+03,2.348810808531003221e-03
1.620500000000159162e+03,2.342492748853158141e-03
1.620600000000159298e+03,2.336180710956452331e-03
1.620700000000159434e+03,2.329896331536504116e-03
1.620800000000159343e+03,2.323623518405997738e-03
1.620900000000159253e+03,2.317356574490087029e-03
1.621000000000159389e+03,2.311095498105421916e-03
1.621100000000159525e+03,2.302171715638380144e-03
1.621200000000159434e+03,2.293216643258560398e-03
1.621300000000159343e+03,2.284251220138821398e-03
1.621400000000159480e+03,2.275275450271027709e-03
1.621500000000159616e+03,2.266289337646591132e-03
1.621600000000159525e+03,2.257292886256403921e-03
1.621700000000159434e+03,2.248286100090826200e-03
1.621800000000159571e+03,2.239268983139698112e-03
1.621900000000159707e+03,2.230241539392404434e-03
1.622000000000159616e+03,2.221203772828066018e-03
1.622100000000159525e+03,2.206050537969678118e-03
1.622200000000159662e+03,2.190898446105597926e-03
1.622300000000159798e+03,2.175747497605032277e-03
1.622400000000159707e+03,2.160597692837086959e-03
1.622500000000159616e+03,2.145449032170682144e-03
1.622600000000159753e+03,2.130301515974645198e-03
1.622700000000159889e+03,2.115155144617750574e-03
1.622800000000159798e+03,2.100007259154985321e-03
1.622900000000159707e+03,2.084845816929827272e-03
1.623000000000159844e+03,2.069685773239497532e-03
1.623100000000159980e+03,2.050350740433633072e-03
1.623200000000159889e+03,2.031013337799145776e-03
1.623300000000159798e+03,2.011669670382520980e-03
1.623400000000159935e+03,1.992323770352379380e-03
1.623500000000160071e+03,1.972975639299724780e-03
1.623600000000159980e+03,1.953625278815318122e-03
1.623700000000159889e+03,1.934277361799207218e-03
1.623800000000160026e+03,1.914931274864574602e-03
1.623900000000160162e+03,1.895582785890794755e-03
1.624000000000160071e+03,1.876231896432125051e-03
1.624100000000159980e+03,1.854134445178743165e-03
1.624200000000160117e+03,1.832013774046764576e-03
1.624300000000160253e+03,1.809869889827601551e-03
1.624400000000160162e+03,1.787702799312302282e-03
1.624500000000160071e+03,1.765512509291457862e-03
1.624600000000160207e+03,1.743299026555283383e-03
1.624700000000160344e+03,1.721062357893745438e-03
1.624800000000160253e+03,1.698802510096436786e-03
1.624900000000160162e+03,1.676519489952494170e-03
1.625000000000160298e+03,1.654213304244579914e-03
1.625100000000160435e+03,1.628098686489204807e-03
1.625200000000160344e+03,1.602002579376356943e-03
1.625300000000160253e+03,1.575937950267229399e-03
1.625400000000160389e+03,1.549888479468790976e-03
1.625500000000160526e+03,1.523854165162848509e-03
1.625600000000160435e+03,1.497835005530874031e-03
1.625700000000160344e+03,1.471830998753883343e-03
1.625800000000160480e+03,1.445842143012552022e-03
1.625900000000160617e+03,1.419868436487343576e-03
1.626000000000160526e+03,1.393909877359289853e-03
1.626100000000160435e+03,1.368501968401813216e-03
1.626200000000160571e+03,1.343043581680617013e-03
1.626300000000160708e+03,1.317534722721338267e-03
1.626400000000160617e+03,1.291975397051688948e-03
1.626500000000160526e+03,1.266365610201323480e-03
1.626600000000160662e+03,1.240705367701969717e-03
1.626700000000160799e+03,1.214994675087534759e-03
1.626800000000160708e+03,1.189233537893991327e-03
1.626900000000160617e+03,1.163421961659259372e-03
1.627000000000160753e+03,1.137559951949539605e-03
1.627100000000160890e+03,1.127985049644004154e-03
1.627200000000160799e+03,1.118418661441292726e-03
1.627300000000160708e+03,1.108860787431671440e-03
1.627400000000160844e+03,1.099311427704794709e-03
1.627500000000160981e+03,1.089770582349757714e-03
1.627600000000160890e+03,1.080238251455040675e-03
1.627700000000160799e+03,1.070714435108476113e-03
1.627800000000160935e+03,1.061199133397283537e-03
1.627900000000161072e+03,1.051692346408123662e-03
1.628000000000160981e+03,1.042194074275453386e-03
1.628100000000160890e+03,1.062793771544429068e-03
1.628200000000161026e+03,1.083438005624386526e-03
1.628300000000161162e+03,1.104126776185665416e-03
1.628400000000161072e+03,1.124860082895111444e-03
1.628500000000160981e+03,1.145637925416189556e-03
1.628600000000161117e+03,1.166460303408877255e-03
1.628700000000161253e+03,1.187327216529576561e-03
1.628800000000161162e+03,1.208238664431210505e-03
1.628900000000161072e+03,1.229194646763313989e-03
1.629000000000161208e+03,1.250195163169490024e-03
1.629100000000161344e+03,1.269689544937195255e-03
1.629200000000161253e+03,1.289165359776948136e-03
1.629300000000161162e+03,1.308622606615809838e-03
1.629400000000161299e+03,1.328061284382562809e-03
1.629500000000161435e+03,1.347481392007612768e-03
1.629600000000161344e+03,1.366882928423073700e-03
1.629700000000161253e+03,1.386265892562872594e-03
1.629800000000161390e+03,1.405630283362639069e-03
1.629900000000161526e+03,1.424976099759635122e-03
1.630000000000161435e+03,1.444303340696226736e-03
1.630100000000161344e+03,1.465743107872392479e-03
1.630200000000161481e+03,1.487225954155518923e-03
1.630300000000161617e+03,1.508754030907224434e-03
1.630400000000161526e+03,1.530326115781116937e-03
1.630500000000161435e+03,1.551941363987776809e-03
1.630600000000161572e+03,1.573599775096998698e-03
1.630700000000161708e+03,1.595301348675092195e-03
1.630800000000161617e+03,1.617046084284951219e-03
1.630900000000161526e+03,1.638833981486176100e-03
1.631000000000161663e+03,1.660665039829987803e-03
1.631100000000161799e+03,1.679434460646347070e-03
1.631200000000161708e+03,1.698193470251273870e-03
1.631300000000161617e+03,1.716935967178068265e-03
1.631400000000161754e+03,1.735666132817548484e-03
1.631500000000161890e+03,1.754385712408297300e-03
1.631600000000161799e+03,1.773094704985523967e-03
1.631700000000161708e+03,1.791793109585608675e-03
1.631800000000161845e+03,1.810480925246023840e-03
1.631900000000161981e+03,1.829158151005250621e-03
1.632000000000161890e+03,1.847824785903706560e-03
1.632100000000161799e+03,1.867038950360406157e-03
1.632200000000161936e+03,1.886290973371981426e-03
1.632300000000162072e+03,1.905573831405320707e-03
1.632400000000161981e+03,1.924887526121693429e-03
1.632500000000161890e+03,1.944232059179569830e-03
1.632600000000162026e+03,1.963607432234529444e-03
1.632700000000162163e+03,1.983013646939165483e-03
1.632800000000162072e+03,2.002450704943190864e-03
1.632900000000161981e+03,2.021918607893513457e-03
1.633000000000162117e+03,2.041417357427631561e-03
1.633100000000162254e+03,2.056914770571453398e-03
1.633200000000162163e+03,2.072414109012176743e-03
1.633300000000162072e+03,2.087915372008694766e-03
1.633400000000162208e+03,2.103418558819906709e-03
1.633500000000162345e+03,2.118923668704648065e-03
1.633600000000162254e+03,2.134430700921753025e-03
1.633700000000162163e+03,2.149939654730134708e-03
1.633800000000162299e+03,2.165455738209270779e-03
1.633900000000162436e+03,2.180978561994412028e-03
1.634000000000162345e+03,2.196503447327614444e-03
1.634100000000162254e+03,2.209936081796183994e-03
1.634200000000162390e+03,2.223382009702158223e-03
1.634300000000162527e+03,2.236841231549580554e-03
1.634400000000162436e+03,2.250336250753850326e-03
1.634500000000162345e+03,2.263848745357888853e-03
1.634600000000162481e+03,2.277374851534536438e-03
1.634700000000162618e+03,2.290914570239958783e-03
1.634800000000162527e+03,2.304467902429194453e-03
1.634900000000162436e+03,2.318034849056207353e-03
1.635000000000162572e+03,2.331615411066968215e-03
1.635100000000162709e+03,2.340988122066671017e-03
1.635200000000162618e+03,2.350367474586129851e-03
1.635300000000162527e+03,2.359753468654030972e-03
1.635400000000162663e+03,2.369146104298613074e-03
1.635500000000162800e+03,2.378545381547620893e-03
1.635600000000162709e+03,2.387951300428352904e-03
1.635700000000162618e+03,2.397363860967698188e-03
1.635800000000162754e+03,2.406783063192105207e-03
1.635900000000162891e+03,2.416208907127522822e-03
1.636000000000162800e+03,2.425641392791327323e-03
1.636100000000162709e+03,2.430085697517494949e-03
1.636200000000162845e+03,2.434509580307139646e-03
1.636300000000162981e+03,2.438923139601865617e-03
1.636400000000162891e+03,2.443337938667794387e-03
1.636500000000162800e+03,2.447753977338520438e-03
1.636600000000162936e+03,2.452171255447571901e-03
1.636700000000163072e+03,2.456589772828407948e-03
1.636800000000162981e+03,2.461009529314407088e-03
1.636900000000162891e+03,2.465430524738919209e-03
1.637000000000163027e+03,2.469852758929318940e-03
1.637100000000163163e+03,2.470631762504697012e-03
1.637200000000163072e+03,2.471394031543141384e-03
1.637300000000162981e+03,2.472153007098473656e-03
1.637400000000163118e+03,2.472907863942220598e-03
1.637500000000163254e+03,2.473661477858349507e-03
1.637600000000163163e+03,2.474413848903394154e-03
1.637700000000163072e+03,2.475164977133945989e-03
1.637800000000163209e+03,2.475914862606687101e-03
1.637900000000163345e+03,2.476663505378366801e-03
1.638000000000163254e+03,2.477416637062903812e-03
1.638100000000163163e+03,2.470998898837908041e-03
1.638200000000163300e+03,2.464582976312697238e-03
1.638300000000163436e+03,2.458168869542223540e-03
1.638400000000163345e+03,2.451756578581316785e-03
1.638500000000163254e+03,2.445346103484658494e-03
1.638600000000163391e+03,2.438937444306823500e-03
1.638700000000163527e+03,2.432530601102287759e-03
1.638800000000163436e+03,2.426125573925417937e-03
1.638900000000163345e+03,2.419722362830433685e-03
1.639000000000163482e+03,2.413320967866929012e-03
1.639100000000163618e+03,2.404151674480734923e-03
1.639200000000163527e+03,2.394963265958633108e-03
1.639300000000163436e+03,2.385755745604099115e-03
1.639400000000163573e+03,2.376529116721006179e-03
1.639500000000163709e+03,2.367283382613649938e-03
1.639600000000163618e+03,2.358018546586717647e-03
1.639700000000163527e+03,2.348734611945230925e-03
1.639800000000163664e+03,2.339435778715385529e-03
1.639900000000163800e+03,2.330147613954722426e-03
1.640000000000163709e+03,2.320840088217942295e-03
1.640100000000163618e+03,2.303741665905913085e-03
1.640200000000163755e+03,2.286655880598875354e-03
1.640300000000163891e+03,2.269582730175720257e-03
1.640400000000163800e+03,2.252522212515277802e-03
1.640500000000163709e+03,2.235474325496225340e-03
1.640600000000163845e+03,2.218439066997171267e-03
1.640700000000163982e+03,2.201416434896729182e-03
1.640800000000163891e+03,2.184407590865940132e-03
1.640900000000163800e+03,2.167414518821954902e-03
1.641000000000163936e+03,2.150433999088593746e-03
1.641100000000164073e+03,2.131895112517326590e-03
1.641200000000163982e+03,2.113330141811583813e-03
1.641300000000163891e+03,2.094757785148307957e-03
1.641400000000164027e+03,2.076139645019853784e-03
1.641500000000164164e+03,2.057481082721729099e-03
1.641600000000164073e+03,2.038784278592183693e-03
1.641700000000163982e+03,2.020049240134358468e-03
1.641800000000164118e+03,2.001275974851697038e-03
1.641900000000164255e+03,1.982464490248028992e-03
1.642000000000164164e+03,1.963614793817296863e-03
1.642100000000164073e+03,1.938537757670285829e-03
1.642200000000164209e+03,1.913482952222612813e-03
1.642300000000164346e+03,1.888450374068714873e-03
1.642400000000164255e+03,1.863440019802760621e-03
1.642500000000164164e+03,1.838451886018550039e-03
1.642600000000164300e+03,1.813485969309613574e-03
1.642700000000164437e+03,1.788542266269333575e-03
1.642800000000164346e+03,1.763620773490828493e-03
1.642900000000164255e+03,1.738721487566849020e-03
1.643000000000164391e+03,1.713844405089697204e-03
1.643100000000164528e+03,1.688849080734966101e-03
1.643200000000164437e+03,1.663806929527930634e-03
1.643300000000164346e+03,1.638717963709594586e-03
1.643400000000164482e+03,1.613582195520653394e-03
1.643500000000164619e+03,1.588399637201597797e-03
1.643600000000164528e+03,1.563170300992605634e-03
1.643700000000164437e+03,1.537894199133421494e-03
1.643800000000164573e+03,1.512571343863476853e-03
1.643900000000164709e+03,1.487205310496304139e-03
1.644000000000164619e+03,1.461778583675491135e-03
1.644100000000164528e+03,1.433260907542956803e-03
1.644200000000164664e+03,1.404770695749264905e-03
1.644300000000164800e+03,1.376307940354304848e-03
1.644400000000164709e+03,1.347879428230408343e-03
1.644500000000164619e+03,1.319486871159509687e-03
1.644600000000164755e+03,1.291121081715478243e-03
1.644700000000164891e+03,1.262782052947731323e-03
1.644800000000164800e+03,1.234469777905941893e-03
1.644900000000164709e+03,1.206184249639907823e-03
1.645000000000164846e+03,1.177925461234853935e-03
1.645100000000164982e+03,1.171005836563043367e-03
1.645200000000164891e+03,1.164074990958400592e-03
1.645300000000164800e+03,1.157137009112568478e-03
1.645400000000164937e+03,1.150197177400063544e-03
1.645500000000165073e+03,1.143245974351708239e-03
1.645600000000164982e+03,1.136283404035215525e-03
1.645700000000164891e+03,1.129309470518145711e-03
1.645800000000165028e+03,1.122324177867933554e-03
1.645900000000165164e+03,1.115327530151929026e-03
1.646000000000165073e+03,1.108319531481363448e-03
1.646100000000164982e+03,1.127955872374423497e-03
1.646200000000165119e+03,1.147577524492693520e-03
1.646300000000165255e+03,1.167184491067165377e-03
1.646400000000165164e+03,1.186776775328924824e-03
1.646500000000165073e+03,1.206354380509245183e-03
1.646600000000165210e+03,1.225917309839491282e-03
1.646700000000165346e+03,1.245456715943344577e-03
1.646800000000165255e+03,1.264975360880535521e-03
1.646900000000165164e+03,1.284478883983823129e-03
1.647000000000165301e+03,1.303967289050365951e-03
1.647100000000165437e+03,1.325085802221202813e-03
1.647200000000165346e+03,1.346224625685087757e-03
1.647300000000165255e+03,1.367383750395398606e-03
1.647400000000165392e+03,1.388563167306374477e-03
1.647500000000165528e+03,1.409762867373026436e-03
1.647600000000165437e+03,1.430982841551217081e-03
1.647700000000165346e+03,1.452223080797776121e-03
1.647800000000165483e+03,1.473483576070397372e-03
1.647900000000165619e+03,1.494770092421282299e-03
1.648000000000165528e+03,1.516077202619251678e-03
1.648100000000165437e+03,1.536136137508620388e-03
1.648200000000165574e+03,1.556186569506571660e-03
1.648300000000165710e+03,1.576226962290490580e-03
1.648400000000165619e+03,1.596257317883639998e-03
1.648500000000165528e+03,1.616271047018610213e-03
1.648600000000165664e+03,1.636262112990583342e-03
1.648700000000165801e+03,1.656242681355694132e-03
1.648800000000165710e+03,1.676212754538559078e-03
1.648900000000165619e+03,1.696172334963822652e-03
1.649000000000165755e+03,1.716121425056164234e-03
1.649100000000165892e+03,1.736128120591768102e-03
1.649200000000165801e+03,1.756144072744249274e-03
1.649300000000165710e+03,1.776169275641959746e-03
1.649400000000165846e+03,1.796199115942959720e-03
1.649500000000165983e+03,1.816221510592792030e-03
1.649600000000165892e+03,1.836252670326703673e-03
1.649700000000165801e+03,1.856292588984987790e-03
1.649800000000165937e+03,1.876341260408940191e-03
1.649900000000166074e+03,1.896413197679476959e-03
1.650000000000165983e+03,1.916501921480073811e-03
1.650100000000165892e+03,1.934469572900093977e-03
1.650200000000166028e+03,1.952434657232768062e-03
1.650300000000166165e+03,1.970397174051512386e-03
1.650400000000166074e+03,1.988357122929897223e-03
1.650500000000165983e+03,2.006314503441718796e-03
1.650600000000166119e+03,2.024269315160930754e-03
1.650700000000166256e+03,2.042221557661543559e-03
1.650800000000166165e+03,2.060171230517719027e-03
1.650900000000166074e+03,2.078118333303855328e-03
1.651000000000166210e+03,2.096062865590973996e-03
1.651100000000166347e+03,2.111886460222222629e-03
1.651200000000166256e+03,2.127710043656400214e-03
1.651300000000166165e+03,2.143533614544636517e-03
1.651400000000166301e+03,2.159364225837033090e-03
1.651500000000166438e+03,2.175188809970910863e-03
1.651600000000166347e+03,2.191011099524935255e-03
1.651700000000166256e+03,2.206843570465389336e-03
1.651800000000166392e+03,2.222691839524674334e-03
1.651900000000166528e+03,2.238540437910882704e-03
1.652000000000166438e+03,2.254389364244433966e-03
1.652100000000166347e+03,2.267381140935520803e-03
1.652200000000166483e+03,2.280352784662811536e-03
1.652300000000166619e+03,2.293321684420515563e-03
1.652400000000166528e+03,2.306292304899172033e-03
1.652500000000166438e+03,2.319264644104737996e-03
1.652600000000166574e+03,2.332238700043477546e-03
1.652700000000166710e+03,2.345214470721884627e-03
1.652800000000166619e+03,2.358191954146761967e-03
1.652900000000166528e+03,2.371171148325267909e-03
1.653000000000166665e+03,2.384152051257562490e-03
1.653100000000166801e+03,2.392750769255338160e-03
1.653200000000166710e+03,2.401345640534785410e-03
1.653300000000166619e+03,2.409936665849406971e-03
1.653400000000166756e+03,2.418523845952691258e-03
1.653500000000166892e+03,2.427111081137805701e-03
1.653600000000166801e+03,2.435719044578272315e-03
1.653700000000166710e+03,2.444323364116731106e-03
1.653800000000166847e+03,2.452924040358008591e-03
1.653900000000166983e+03,2.461521073906936929e-03
1.654000000000166892e+03,2.470103829264767934e-03
1.654100000000166801e+03,2.475537983418357041e-03
1.654200000000166938e+03,2.480974382995186286e-03
1.654300000000167074e+03,2.486413027095081205e-03
1.654400000000166983e+03,2.491853914817934550e-03
1.654500000000166892e+03,2.497297045263717138e-03
1.654600000000167029e+03,2.502740019109453429e-03
1.654700000000167165e+03,2.508180457612720765e-03
1.654800000000167074e+03,2.513623105011866810e-03
1.654900000000166983e+03,2.519071324201712248e-03
1.655000000000167120e+03,2.524523428389373759e-03
1.655100000000167256e+03,2.523607806949368631e-03
1.655200000000167165e+03,2.522692276102087797e-03
1.655300000000167074e+03,2.521776835860758091e-03
1.655400000000167211e+03,2.520887360854302470e-03
1.655500000000167347e+03,2.520001519500445278e-03
1.655600000000167256e+03,2.519095045378593519e-03
1.655700000000167165e+03,2.518188347148599127e-03
1.655800000000167302e+03,2.517272494318687198e-03
1.655900000000167438e+03,2.516336584274397620e-03
1.656000000000167347e+03,2.515400780326440718e-03
1.656100000000167256e+03,2.511356421534957292e-03
1.656200000000167392e+03,2.507308545811008562e-03
1.656300000000167529e+03,2.503257154372567732e-03
1.656400000000167438e+03,2.499202248437493081e-03
1.656500000000167347e+03,2.495137851427416988e-03
1.656600000000167483e+03,2.491068809387005697e-03
1.656700000000167620e+03,2.486996279776337512e-03
1.656800000000167529e+03,2.482920263842854688e-03
1.656900000000167438e+03,2.478840762833881949e-03
1.657000000000167574e+03,2.474757777984613102e-03
1.657100000000167711e+03,2.463514370063642905e-03
1.657200000000167620e+03,2.452281467029358494e-03
1.657300000000167529e+03,2.441059067009841450e-03
1.657400000000167665e+03,2.429847168133130418e-03
1.657500000000167802e+03,2.418645768527292669e-03
1.657600000000167711e+03,2.407454866320350370e-03
1.657700000000167620e+03,2.396274459640248492e-03
1.657800000000167756e+03,2.385104546614895578e-03
1.657900000000167893e+03,2.373945125372221420e-03
1.658000000000167802e+03,2.362796194035729665e-03
1.658100000000167711e+03,2.349033265935921225e-03
1.658200000000167847e+03,2.335257955505989306e-03
1.658300000000167984e+03,2.321470265828349307e-03
1.658400000000167893e+03,2.307672593695543443e-03
1.658500000000167802e+03,2.293864714298760391e-03
1.658600000000167938e+03,2.280044409724227370e-03
1.658700000000168075e+03,2.266211682980683907e-03
1.658800000000167984e+03,2.252366537076830495e-03
1.658900000000167893e+03,2.238508975021239692e-03
1.659000000000168029e+03,2.224648389518999597e-03
1.659100000000168166e+03,2.204117390162158886e-03
1.659200000000168075e+03,2.183610027222815039e-03
1.659300000000167984e+03,2.163126297341707270e-03
1.659400000000168120e+03,2.142666197159193153e-03
1.659500000000168257e+03,2.122209989355680181e-03
1.659600000000168166e+03,2.101772810824419340e-03
1.659700000000168075e+03,2.081359729066920624e-03
1.659800000000168211e+03,2.060970739845509585e-03
1.659900000000168347e+03,2.040605838922500068e-03
1.660000000000168257e+03,2.020265022057684060e-03
1.660100000000168166e+03,1.998492260478449290e-03
1.660200000000168302e+03,1.976703272077366506e-03
1.660300000000168438e+03,1.954894057886717110e-03
1.660400000000168347e+03,1.933078785061829096e-03
1.660500000000168257e+03,1.911249463311696147e-03
1.660600000000168393e+03,1.889398519995546654e-03
1.660700000000168529e+03,1.867525956796876625e-03
1.660800000000168438e+03,1.845631775399915638e-03
1.660900000000168347e+03,1.823715977489537938e-03
1.661000000000168484e+03,1.801778564743472446e-03
1.661100000000168620e+03,1.775164464894972644e-03
1.661200000000168529e+03,1.748583072024866491e-03
1.661300000000168438e+03,1.722034384834960231e-03
1.661400000000168575e+03,1.695518402025872253e-03
1.661500000000168711e+03,1.669035122297152576e-03
1.661600000000168620e+03,1.642578756442531450e-03
1.661700000000168529e+03,1.616153571804698156e-03
1.661800000000168666e+03,1.589743279583114054e-03
1.661900000000168802e+03,1.563364894055359723e-03
1.662000000000168711e+03,1.537019695138691763e-03
1.662100000000168620e+03,1.510875942188112751e-03
1.662200000000168757e+03,1.484709188794588542e-03
1.662300000000168893e+03,1.458519438169383941e-03
1.662400000000168802e+03,1.432306693524268339e-03
1.662500000000168711e+03,1.406070958071390384e-03
1.662600000000168848e+03,1.379812235023391382e-03
1.662700000000168984e+03,1.353530527593538226e-03
1.662800000000168893e+03,1.327225838995590686e-03
1.662900000000168802e+03,1.300898172443685618e-03
1.663000000000168939e+03,1.274547531154045666e-03
1.663100000000169075e+03,1.249139612455037445e-03
1.663200000000168984e+03,1.223764338690074048e-03
1.663300000000168893e+03,1.198426845002077690e-03
1.663400000000169030e+03,1.173122122908957718e-03
1.663500000000169166e+03,1.147849813060967342e-03
1.663600000000169075e+03,1.122600558534470917e-03
1.663700000000168984e+03,1.097380496034690333e-03
1.663800000000169121e+03,1.072193432761188578e-03
1.663900000000169257e+03,1.047039367528911210e-03
1.664000000000169166e+03,1.021920092920903123e-03
1.664100000000169075e+03,1.041327916132405058e-03
1.664200000000169211e+03,1.060751044711142959e-03
1.664300000000169348e+03,1.080189477760997926e-03
1.664400000000169257e+03,1.099643214385235667e-03
1.664500000000169166e+03,1.119104613199734585e-03
1.664600000000169302e+03,1.138575556062312475e-03
1.664700000000169439e+03,1.158061345969588424e-03
1.664800000000169348e+03,1.177561981519351835e-03
1.664900000000169257e+03,1.197077758923081664e-03
1.665000000000169393e+03,1.216622260255777318e-03
1.665100000000169530e+03,1.235508995605071221e-03
1.665200000000169439e+03,1.254369052253086810e-03
1.665300000000169348e+03,1.273202431472697602e-03
1.665400000000169484e+03,1.292009134537714298e-03
1.665500000000169621e+03,1.310789162722801517e-03
1.665600000000169530e+03,1.329542517303559327e-03
1.665700000000169439e+03,1.348269199556613234e-03
1.665800000000169575e+03,1.366969210759529834e-03
1.665900000000169712e+03,1.385642552190719445e-03
1.666000000000169621e+03,1.404289225132204950e-03
1.666100000000169530e+03,1.424499211840277602e-03
1.666200000000169666e+03,1.444722721551155043e-03
1.666300000000169803e+03,1.464959753819531155e-03
1.666400000000169712e+03,1.485210308199471849e-03
1.666500000000169621e+03,1.505474384244485106e-03
1.666600000000169757e+03,1.525751981507430773e-03
1.666700000000169894e+03,1.546043099540447049e-03
1.666800000000169803e+03,1.566347737895019228e-03
1.666900000000169712e+03,1.586665896122089201e-03
1.667000000000169848e+03,1.606997573768457642e-03
1.667100000000169985e+03,1.625266423303940722e-03
1.667200000000169894e+03,1.643510186969984787e-03
1.667300000000169803e+03,1.661728865419154644e-03
1.667400000000169939e+03,1.679922459305025579e-03
1.667500000000170076e+03,1.698090969282100952e-03
1.667600000000169985e+03,1.716234396005904576e-03
1.667700000000169894e+03,1.734365531441075690e-03
1.667800000000170030e+03,1.752479329752601673e-03
1.667900000000170166e+03,1.770568466352778151e-03
1.668000000000170076e+03,1.788632940996726138e-03
1.668100000000169985e+03,1.807168085834343595e-03
1.668200000000170121e+03,1.825672463699842167e-03
1.668300000000170257e+03,1.844184852556305949e-03
1.668400000000170166e+03,1.862705251155649970e-03
1.668500000000170076e+03,1.881233658249686046e-03
1.668600000000170212e+03,1.899781221812893483e-03
1.668700000000170348e+03,1.918348080681363341e-03
1.668800000000170257e+03,1.936923375731296236e-03
1.668900000000170166e+03,1.955507386813847438e-03
1.669000000000170303e+03,1.974103488428715063e-03
1.669100000000170439e+03,1.989215830596630010e-03
1.669200000000170348e+03,2.004306497498946089e-03
1.669300000000170257e+03,2.019376879707826360e-03
1.669400000000170394e+03,2.034426978097610486e-03
1.669500000000170530e+03,2.049456793543372787e-03
1.669600000000170439e+03,2.064466326920971241e-03
1.669700000000170348e+03,2.079455579107136829e-03
1.669800000000170485e+03,2.094424550979391130e-03
1.669900000000170621e+03,2.109373243415985175e-03
1.670000000000170530e+03,2.124321688105652948e-03
1.670100000000170439e+03,2.138400665941799037e-03
1.670200000000170576e+03,2.152483383988441912e-03
1.670300000000170712e+03,2.166569841572798995e-03
1.670400000000170621e+03,2.180660038022010083e-03
1.670500000000170530e+03,2.194753972663208031e-03
1.670600000000170667e+03,2.208851644823456740e-03
1.670700000000170803e+03,2.222953053829666587e-03
1.670800000000170712e+03,2.237056310786553030e-03
1.670900000000170621e+03,2.251154873453415067e-03
1.671000000000170758e+03,2.265257041788215804e-03
1.671100000000170894e+03,2.274578134729558863e-03
1.671200000000170803e+03,2.283886479413872045e-03
1.671300000000170712e+03,2.293182077336184711e-03
1.671400000000170849e+03,2.302464929991765615e-03
1.671500000000170985e+03,2.311735038876072592e-03
1.671600000000170894e+03,2.320992405484788128e-03
1.671700000000170803e+03,2.330237031313871828e-03
1.671800000000170940e+03,2.339468917859522691e-03
1.671900000000171076e+03,2.348688066618124029e-03
1.672000000000170985e+03,2.357894479082608356e-03
1.672100000000170894e+03,2.364945083022612030e-03
1.672200000000171030e+03,2.371996320904916269e-03
1.672300000000171167e+03,2.379075504700139346e-03
1.672400000000171076e+03,2.386155843696717571e-03
1.672500000000170985e+03,2.393228178279631357e-03
1.672600000000171121e+03,2.400300516981594863e-03
1.672700000000171258e+03,2.407361770419750788e-03
1.672800000000171167e+03,2.414407474412471905e-03
1.672900000000171076e+03,2.421453754659018062e-03
1.673000000000171212e+03,2.428500610918427494e-03
1.673100000000171349e+03,2.429839830799665219e-03
1.673200000000171258e+03,2.431175990595961858e-03
1.673300000000171167e+03,2.432509090987588791e-03
1.673400000000171303e+03,2.433849538239661690e-03
1.673500000000171440e+03,2.435187676096836184e-03
1.673600000000171349e+03,2.436522768724712785e-03
1.673700000000171258e+03,2.437854816761513173e-03
1.673800000000171394e+03,2.439183820845453390e-03
1.673900000000171531e+03,2.440509781614714786e-03
1.674000000000171440e+03,2.441852136937555477e-03
1.674100000000171349e+03,2.439984739444892112e-03
1.674200000000171485e+03,2.438109822350427707e-03
1.674300000000171622e+03,2.436235096275846373e-03
1.674400000000171531e+03,2.434360561227813784e-03
1.674500000000171440e+03,2.432486217212977836e-03
1.674600000000171576e+03,2.430612064237988590e-03
1.674700000000171713e+03,2.428738102309495675e-03
1.674800000000171622e+03,2.426864331434147419e-03
1.674900000000171531e+03,2.424990751618576971e-03
1.675000000000171667e+03,2.423117362859382971e-03
1.675100000000171804e+03,2.415400976112412092e-03
1.675200000000171713e+03,2.407691764349553266e-03
1.675300000000171622e+03,2.399989725963299833e-03
1.675400000000171758e+03,2.392294859346264391e-03
1.675500000000171894e+03,2.384607162891198319e-03
1.675600000000171804e+03,2.376926634990946235e-03
1.675700000000171713e+03,2.369253274038433422e-03
1.675800000000171849e+03,2.361587078426680576e-03
1.675900000000171985e+03,2.353928046548853670e-03
1.676000000000171894e+03,2.346276176791871077e-03
1.676100000000171804e+03,2.334938198621554044e-03
1.676200000000171940e+03,2.323603740006696151e-03
1.676300000000172076e+03,2.312272800383344436e-03
1.676400000000171985e+03,2.300945379187572821e-03
1.676500000000171894e+03,2.289621475855434414e-03
1.676600000000172031e+03,2.278301089822996200e-03
1.676700000000172167e+03,2.266984220526401927e-03
1.676800000000172076e+03,2.255668482511430286e-03
1.676900000000171985e+03,2.244352242638011918e-03
1.677000000000172122e+03,2.233039582450005792e-03
1.677100000000172258e+03,2.216629229095839863e-03
1.677200000000172167e+03,2.200234494719530663e-03
1.677300000000172076e+03,2.183875067581902800e-03
1.677400000000172213e+03,2.167536601749093985e-03
1.677500000000172349e+03,2.151213362736951063e-03
1.677600000000172258e+03,2.134905347191134225e-03
1.677700000000172167e+03,2.118607351337521358e-03
1.677800000000172304e+03,2.102305382646514793e-03
1.677900000000172440e+03,2.086019006399310489e-03
1.678000000000172349e+03,2.069748218679900737e-03
1.678100000000172258e+03,2.050221987148298942e-03
1.678200000000172395e+03,2.030704823164070257e-03
1.678300000000172531e+03,2.011196724602436463e-03
1.678400000000172440e+03,1.991697689338837920e-03
1.678500000000172349e+03,1.972207715248839449e-03
1.678600000000172486e+03,1.952726800208212741e-03
1.678700000000172622e+03,1.933250119565884176e-03
1.678800000000172531e+03,1.913781895296460265e-03
1.678900000000172440e+03,1.894322834896038522e-03
1.679000000000172577e+03,1.874872936156979277e-03
1.679100000000172713e+03,1.851886814897614085e-03
1.679200000000172622e+03,1.828922009617169444e-03
1.679300000000172531e+03,1.805978513983348688e-03
1.679400000000172668e+03,1.783056321664658111e-03
1.679500000000172804e+03,1.760151050604863128e-03
1.679600000000172713e+03,1.737264580527418103e-03
1.679700000000172622e+03,1.714399576937840515e-03
1.679800000000172759e+03,1.691556033251373752e-03
1.679900000000172895e+03,1.668733942884271897e-03
1.680000000000172804e+03,1.645933299250538009e-03
1.680100000000172713e+03,1.621317456015832024e-03
1.680200000000172849e+03,1.596715457821157791e-03
1.680300000000172986e+03,1.572127300908765556e-03
1.680400000000172895e+03,1.547552981521389120e-03
1.680500000000172804e+03,1.522992495902150863e-03
1.680600000000172940e+03,1.498445840294659968e-03
1.680700000000173077e+03,1.473913010943137328e-03
1.680800000000172986e+03,1.449394004092289124e-03
1.680900000000172895e+03,1.424887626567730757e-03
1.681000000000173031e+03,1.400389863825919796e-03
1.681100000000173168e+03,1.374601097794766243e-03
1.681200000000173077e+03,1.348835520325931698e-03
1.681300000000172986e+03,1.323093123379694277e-03
1.681400000000173122e+03,1.297363439526842384e-03
1.681500000000173259e+03,1.271652815459168358e-03
1.681600000000173168e+03,1.245965944361694232e-03
1.681700000000173077e+03,1.220302817372781803e-03
1.681800000000173213e+03,1.194669407656655594e-03
1.681900000000173350e+03,1.169072544796103145e-03
1.682000000000173259e+03,1.143498570905921666e-03
1.682100000000173168e+03,1.129645238706921719e-03
1.682200000000173304e+03,1.115800307106006766e-03
1.682300000000173441e+03,1.101963773801625714e-03
1.682400000000173350e+03,1.088138368842434022e-03
1.682500000000173259e+03,1.074321660881949686e-03
1.682600000000173395e+03,1.060513265398635484e-03
1.682700000000173532e+03,1.046713180163791551e-03
1.682800000000173441e+03,1.032921402949000134e-03
1.682900000000173350e+03,1.019137931526050127e-03
1.683000000000173486e+03,1.005360862893295510e-03
1.683100000000173623e+03,1.022657240736354412e-03
1.683200000000173532e+03,1.039939074724811115e-03
1.683300000000173441e+03,1.057206369769883537e-03
1.683400000000173577e+03,1.074459130781990103e-03
1.683500000000173713e+03,1.091697362670675155e-03
1.683600000000173623e+03,1.108921070344685064e-03
1.683700000000173532e+03,1.126118870070836947e-03
1.683800000000173668e+03,1.143300092691484568e-03
1.683900000000173804e+03,1.160466407251614781e-03
1.684000000000173713e+03,1.177617819177013492e-03
1.684100000000173623e+03,1.195370290663850046e-03
1.684200000000173759e+03,1.213110760015781312e-03
1.684300000000173895e+03,1.230839230866000427e-03
1.684400000000173804e+03,1.248555706847102051e-03
1.684500000000173713e+03,1.266260191591158909e-03
1.684600000000173850e+03,1.283952688729637437e-03
1.684700000000173986e+03,1.301633201893329702e-03
1.684800000000173895e+03,1.319301734712421265e-03
1.684900000000173804e+03,1.336958290816576836e-03
1.685000000000173941e+03,1.354602873834847253e-03
1.685100000000174077e+03,1.372227735723828817e-03
1.685200000000173986e+03,1.389839325075427432e-03
1.685300000000173895e+03,1.407437646249220251e-03
1.685400000000174032e+03,1.425022703603997078e-03
1.685500000000174168e+03,1.442594501497690765e-03
1.685600000000174077e+03,1.460153044287454188e-03
1.685700000000173986e+03,1.477698336329732456e-03
1.685800000000174123e+03,1.495230381980191137e-03
1.685900000000174259e+03,1.512749185593637328e-03
1.686000000000174168e+03,1.530254751523341160e-03
1.686100000000174077e+03,1.547311851132367059e-03
1.686200000000174214e+03,1.564356756245556665e-03
1.686300000000174350e+03,1.581389975988404997e-03
1.686400000000174259e+03,1.598411513899390592e-03
1.686500000000174168e+03,1.615420327112401843e-03
1.686600000000174305e+03,1.632415248695087435e-03
1.686700000000174441e+03,1.649398431377788361e-03
1.686800000000174350e+03,1.666369878766222560e-03
1.686900000000174259e+03,1.683329594465556543e-03
1.687000000000174396e+03,1.700277582078564206e-03
1.687100000000174532e+03,1.716200168826054239e-03
1.687200000000174441e+03,1.732112625470235128e-03
1.687300000000174350e+03,1.748014954901649931e-03
1.687400000000174487e+03,1.763907160010379834e-03
1.687500000000174623e+03,1.779789243685966308e-03
1.687600000000174532e+03,1.795661208817481798e-03
1.687700000000174441e+03,1.811523058293606917e-03
1.687800000000174578e+03,1.827374795002560844e-03
1.687900000000174714e+03,1.843216421832017402e-03
1.688000000000174623e+03,1.859047941666283534e-03
1.688100000000174532e+03,1.873204709789570927e-03
1.688200000000174668e+03,1.887357078051725119e-03
1.688300000000174805e+03,1.901517333747579407e-03
1.688400000000174714e+03,1.915668605584407418e-03
1.688500000000174623e+03,1.929810895907369461e-03
1.688600000000174759e+03,1.943944207061322049e-03
1.688700000000174896e+03,1.958053540718135595e-03
1.688800000000174805e+03,1.972145890519079719e-03
1.688900000000174714e+03,1.986228941168246241e-03
1.689000000000174850e+03,2.000302695329440970e-03
1.689100000000174987e+03,2.012269856823538459e-03
1.689200000000174896e+03,2.024230865768638331e-03
1.689300000000174805e+03,2.036185592819434852e-03
1.689400000000174941e+03,2.048124926676990910e-03
1.689500000000175078e+03,2.060058002873164842e-03
1.689600000000174987e+03,2.071984822870984264e-03
1.689700000000174896e+03,2.083905388133347556e-03
1.689800000000175032e+03,2.095819700122983527e-03
1.689900000000175169e+03,2.107727760302375089e-03
1.690000000000175078e+03,2.119629570128795347e-03
1.690100000000174987e+03,2.128649924985622638e-03
1.690200000000175123e+03,2.137664851583352937e-03
1.690300000000175260e+03,2.146674351314618347e-03
1.690400000000175169e+03,2.155678425571862320e-03
1.690500000000175078e+03,2.164677075747368281e-03
1.690600000000175214e+03,2.173670303233221027e-03
1.690700000000175351e+03,2.182658109421271170e-03
1.690800000000175260e+03,2.191640495703180234e-03
1.690900000000175169e+03,2.200617463470439742e-03
1.691000000000175305e+03,2.209589014108907269e-03
1.691100000000175442e+03,2.215447924571127720e-03
1.691200000000175351e+03,2.221304389315998176e-03
1.691300000000175260e+03,2.227158408750393257e-03
1.691400000000175396e+03,2.233009983281166334e-03
1.691500000000175532e+03,2.238859113315140852e-03
1.691600000000175442e+03,2.244705799259120744e-03
1.691700000000175351e+03,2.250550041519924684e-03
1.691800000000175487e+03,2.256391840504360941e-03
1.691900000000175623e+03,2.262220523403595321e-03
1.692000000000175532e+03,2.268041450604793650e-03
1.692100000000175442e+03,2.270052579299242524e-03
1.692200000000175578e+03,2.272062541188028459e-03
1.692300000000175714e+03,2.274067572318459827e-03
1.692400000000175623e+03,2.276048764646337267e-03
1.692500000000175532e+03,2.278028743713651511e-03
1.692600000000175669e+03,2.280007509813363094e-03
1.692700000000175805e+03,2.281985063238374870e-03
1.692800000000175714e+03,2.283976734225157731e-03
1.692900000000175623e+03,2.285978428054771458e-03
1.693000000000175760e+03,2.287978957162972119e-03
1.693100000000175896e+03,2.286160657925428302e-03
1.693200000000175805e+03,2.284342838046406979e-03
1.693300000000175714e+03,2.282525497480575923e-03
1.693400000000175851e+03,2.280708636182593365e-03
1.693500000000175987e+03,2.278892373813620927e-03
1.693600000000175896e+03,2.277081008079488711e-03
1.693700000000175805e+03,2.275270114265000483e-03
1.693800000000175942e+03,2.273459692327595670e-03
1.693900000000176078e+03,2.271649742224716301e-03
1.694000000000175987e+03,2.269840263906331215e-03
1.694100000000175896e+03,2.263795335727035452e-03
1.694200000000176033e+03,2.257752495539842690e-03
1.694300000000176169e+03,2.251711743072574816e-03
1.694400000000176078e+03,2.245673078053039406e-03
1.694500000000175987e+03,2.239636500209005437e-03
1.694600000000176124e+03,2.233602009268220202e-03
1.694700000000176260e+03,2.227569604958446175e-03
1.694800000000176169e+03,2.221539287007431081e-03
1.694900000000176078e+03,2.215511055142874511e-03
1.695000000000176215e+03,2.209484909085424401e-03
1.695100000000176351e+03,2.199466115350259907e-03
1.695200000000176260e+03,2.189449551251828469e-03
1.695300000000176169e+03,2.179435216739864303e-03
1.695400000000176306e+03,2.169423111764005787e-03
1.695500000000176442e+03,2.159413236273854432e-03
1.695600000000176351e+03,2.149405590218924147e-03
1.695700000000176260e+03,2.139400173548593534e-03
1.695800000000176396e+03,2.129396986212156624e-03
1.695900000000176533e+03,2.119396028158861914e-03
1.696000000000176442e+03,2.109397299330907551e-03
1.696100000000176351e+03,2.095451225262517751e-03
1.696200000000176487e+03,2.081508483888434673e-03
1.696300000000176624e+03,2.067569075056254618e-03
1.696400000000176533e+03,2.053632998613462435e-03
1.696500000000176442e+03,2.039700254407376002e-03
1.696600000000176578e+03,2.025770842285199141e-03
1.696700000000176715e+03,2.011844762094097509e-03
1.696800000000176624e+03,1.997922013681127044e-03
1.696900000000176533e+03,1.984002596893165004e-03
1.697000000000176669e+03,1.970086511570904361e-03
1.697100000000176806e+03,1.952726486134632880e-03
1.697200000000176715e+03,1.935374322996754465e-03
1.697300000000176624e+03,1.918025483946896514e-03
1.697400000000176760e+03,1.900679420781708259e-03
1.697500000000176897e+03,1.883336133690707587e-03
1.697600000000176806e+03,1.865995622863231545e-03
1.697700000000176715e+03,1.848657888488379518e-03
1.697800000000176851e+03,1.831322930755070050e-03
1.697900000000176988e+03,1.813990749852132343e-03
1.698000000000176897e+03,1.796661345963149149e-03
1.698100000000176806e+03,1.776462776014223720e-03
1.698200000000176942e+03,1.756266708890434885e-03
1.698300000000177079e+03,1.736056960550763206e-03
1.698400000000176988e+03,1.715846145508737692e-03
1.698500000000176897e+03,1.695638302903136781e-03
1.698600000000177033e+03,1.675433432934319514e-03
1.698700000000177170e+03,1.655231535802567959e-03
1.698800000000177079e+03,1.635032611707991140e-03
1.698900000000176988e+03,1.614836660850442430e-03
1.699000000000177124e+03,1.594641839433288879e-03
1.699100000000177261e+03,1.572327007488358774e-03
1.699200000000177170e+03,1.550015683947654228e-03
1.699300000000177079e+03,1.527707869066417248e-03
1.699400000000177215e+03,1.505403563099653704e-03
1.699500000000177351e+03,1.483102766302239360e-03
1.699600000000177261e+03,1.460807316180854666e-03
1.699700000000177170e+03,1.438530234648957313e-03
1.699800000000177306e+03,1.416256145524207987e-03
1.699900000000177442e+03,1.393985049146872482e-03
1.700000000000177351e+03,1.371716945855075290e-03
1.700100000000177261e+03,1.348370547449421726e-03
1.700200000000177397e+03,1.325024659662968080e-03
1.700300000000177533e+03,1.301679283180228863e-03
1.700400000000177442e+03,1.278334418685609731e-03
1.700500000000177351e+03,1.254988690717935606e-03
1.700600000000177488e+03,1.231634603719946545e-03
1.700700000000177624e+03,1.208281420279202784e-03
1.700800000000177533e+03,1.184929141062912583e-03
1.700900000000177442e+03,1.161577766738049146e-03
1.701000000000177579e+03,1.138227297975453892e-03
1.701100000000177715e+03,1.117126422316964138e-03
1.701200000000177624e+03,1.096028332184530293e-03
1.701300000000177533e+03,1.074933027852549398e-03
1.701400000000177670e+03,1.053840509595238735e-03
1.701500000000177806e+03,1.032740574786622468e-03
1.701600000000177715e+03,1.011642073642890710e-03
1.701700000000177624e+03,9.905468494565093911e-04
1.701800000000177761e+03,9.694549024208261269e-04
1.701900000000177897e+03,9.483662327290880286e-04
1.702000000000177806e+03,9.272808406409982713e-04
1.702100000000177715e+03,9.436861695225939916e-04
1.702200000000177852e+03,9.600921243149572633e-04
1.702300000000177988e+03,9.764987041976214534e-04
1.702400000000177897e+03,9.929142266331722044e-04
1.702500000000177806e+03,1.009333931340928485e-03
1.702600000000177943e+03,1.025754640942198653e-03
1.702700000000178079e+03,1.042177577020723337e-03
1.702800000000177988e+03,1.058601422148823220e-03
1.702900000000177897e+03,1.075015746400645195e-03
1.703000000000178034e+03,1.091430783892626379e-03
1.703100000000178170e+03,1.108300142051491443e-03
1.703200000000178079e+03,1.125166930720357481e-03
1.703300000000177988e+03,1.142031149801423168e-03
1.703400000000178125e+03,1.158892799197008827e-03
1.703500000000178261e+03,1.175751878809472295e-03
1.703600000000178170e+03,1.192608388541292622e-03
1.703700000000178079e+03,1.209461957382830999e-03
1.703800000000178215e+03,1.226299054926676410e-03
1.703900000000178352e+03,1.243133189587108381e-03
1.704000000000178261e+03,1.259964361329957410e-03
1.704100000000178170e+03,1.277126850149984220e-03
1.704200000000178306e+03,1.294306217778257292e-03
1.704300000000178443e+03,1.311504295648296872e-03
1.704400000000178352e+03,1.328705084870719514e-03
1.704500000000178261e+03,1.345908584256882284e-03
1.704600000000178397e+03,1.363114792618210988e-03
1.704700000000178534e+03,1.380309300153525435e-03
1.704800000000178443e+03,1.397504480685782561e-03
1.704900000000178352e+03,1.414701965584053665e-03
1.705000000000178488e+03,1.431901753550686440e-03
1.705100000000178625e+03,1.448580003769267977e-03
1.705200000000178534e+03,1.465255415630452957e-03
1.705300000000178443e+03,1.481927989193413883e-03
1.705400000000178579e+03,1.498597724517395247e-03
1.705500000000178716e+03,1.515264621661637423e-03
1.705600000000178625e+03,1.531942370055357563e-03
1.705700000000178534e+03,1.548621764519999633e-03
1.705800000000178670e+03,1.565298709592339221e-03
1.705900000000178807e+03,1.581973205259942913e-03
1.706000000000178716e+03,1.598641471896186227e-03
1.706100000000178625e+03,1.614787615612058415e-03
1.706200000000178761e+03,1.630937117864916016e-03
1.706300000000178898e+03,1.647089976812390324e-03
1.706400000000178807e+03,1.663250147097013404e-03
1.706500000000178716e+03,1.679419351289557260e-03
1.706600000000178852e+03,1.695592091460425494e-03
1.706700000000178989e+03,1.711768365826873582e-03
1.706800000000178898e+03,1.727948172606400077e-03
1.706900000000178807e+03,1.744133009186566797e-03
1.707000000000178943e+03,1.760338285039007985e-03
1.707100000000179080e+03,1.774826302001976342e-03
1.707200000000178989e+03,1.789311729421007345e-03
1.707300000000178898e+03,1.803794567459547507e-03
1.707400000000179034e+03,1.818264037211135857e-03
1.707500000000179170e+03,1.832720273017944546e-03
1.707600000000179080e+03,1.847172003888132661e-03
1.707700000000178989e+03,1.861618664909840942e-03
1.707800000000179125e+03,1.876062342408251231e-03
1.707900000000179261e+03,1.890510333687948344e-03
1.708000000000179170e+03,1.904956815705525445e-03
1.708100000000179080e+03,1.917971672327793134e-03
1.708200000000179216e+03,1.930990065853371200e-03
1.708300000000179352e+03,1.944011994161391928e-03
1.708400000000179261e+03,1.957037455131455540e-03
1.708500000000179170e+03,1.970066446643698073e-03
1.708600000000179307e+03,1.983098966578714182e-03
1.708700000000179443e+03,1.996135012817518324e-03
1.708800000000179352e+03,2.009174583241584659e-03
1.708900000000179261e+03,2.022217675732924241e-03
1.709000000000179398e+03,2.035264288168709551e-03
1.709100000000179534e+03,2.045355939838385071e-03
1.709200000000179443e+03,2.055445143832314477e-03
1.709300000000179352e+03,2.065531900474344620e-03
1.709400000000179489e+03,2.075616210088313245e-03
1.709500000000179625e+03,2.085698072997986974e-03
1.709600000000179534e+03,2.095777489527115948e-03
1.709700000000179443e+03,2.105854459999482835e-03
1.709800000000179580e+03,2.115928984738849918e-03
1.709900000000179716e+03,2.126001064068916598e-03
1.710000000000179625e+03,2.136070698309259705e-03
1.710100000000179534e+03,2.143856488295807407e-03
1.710200000000179671e+03,2.151666763038103617e-03
1.710300000000179807e+03,2.159479655175897649e-03
1.710400000000179716e+03,2.167295163086666639e-03
1.710500000000179625e+03,2.175113285148321408e-03
1.710600000000179762e+03,2.182934019739198647e-03
1.710700000000179898e+03,2.190757365237999774e-03
1.710800000000179807e+03,2.198583320023836038e-03
1.710900000000179716e+03,2.206411882476264508e-03
1.711000000000179853e+03,2.214243050967985328e-03
1.711100000000179989e+03,2.218007911596650301e-03
1.711200000000179898e+03,2.221771470979262090e-03
1.711300000000179807e+03,2.225533935380856129e-03
1.711400000000179944e+03,2.229295304986350038e-03
1.711500000000180080e+03,2.233066700235498189e-03
1.711600000000179989e+03,2.236851964699610763e-03
1.711700000000179898e+03,2.240636223718302407e-03
1.711800000000180034e+03,2.244419477444373635e-03
1.711900000000180171e+03,2.248201726030606314e-03
1.712000000000180080e+03,2.251960329780876985e-03
1.712100000000179989e+03,2.252819740298908201e-03
1.712200000000180125e+03,2.253679083414487309e-03
1.712300000000180262e+03,2.254538359060214228e-03
1.712400000000180171e+03,2.255389732373254061e-03
1.712500000000180080e+03,2.256222574125736104e-03
1.712600000000180216e+03,2.257055326955950594e-03
1.712700000000180353e+03,2.257887990797497520e-03
1.712800000000180262e+03,2.258720565584020675e-03
1.712900000000180171e+03,2.259572368248317312e-03
1.713000000000180307e+03,2.260431121216883998e-03
1.713100000000180444e+03,2.256565537072101942e-03
1.713200000000180353e+03,2.252701116358630812e-03
1.713300000000180262e+03,2.248833434276854490e-03
1.713400000000180398e+03,2.244945176266212924e-03
1.713500000000180535e+03,2.241058169822332177e-03
1.713600000000180444e+03,2.237172414689966773e-03
1.713700000000180353e+03,2.233287910613888146e-03
1.713800000000180489e+03,2.229401932352546509e-03
1.713900000000180626e+03,2.225513574908972569e-03
1.714000000000180535e+03,2.221626489961003176e-03
1.714100000000180444e+03,2.214658614509180511e-03
1.714200000000180580e+03,2.207686134526490145e-03
1.714300000000180717e+03,2.200685425730568821e-03
1.714400000000180626e+03,2.193681295858983856e-03
1.714500000000180535e+03,2.186673748055584145e-03
1.714600000000180671e+03,2.179663350399750534e-03
1.714700000000180808e+03,2.172653304274959479e-03
1.714800000000180717e+03,2.165639821683096149e-03
1.714900000000180626e+03,2.158622905742864622e-03
1.715000000000180762e+03,2.151602559563225471e-03
1.715100000000180898e+03,2.139827755012446622e-03
1.715200000000180808e+03,2.128080213411485608e-03
1.715300000000180717e+03,2.116339306123372812e-03
1.715400000000180853e+03,2.104602790221530694e-03
1.715500000000180989e+03,2.092870664695220019e-03
1.715600000000180898e+03,2.081142928533859845e-03
1.715700000000180808e+03,2.069419580726975481e-03
1.715800000000180944e+03,2.057700620264244461e-03
1.715900000000181080e+03,2.045986046135544675e-03
1.716000000000180989e+03,2.034275857326043376e-03
1.716100000000180898e+03,2.019887669700858729e-03
1.716200000000181035e+03,2.005496761176079040e-03
1.716300000000181171e+03,1.991097936757748026e-03
1.716400000000181080e+03,1.976691202775723768e-03
1.716500000000180989e+03,1.962276565557689000e-03
1.716600000000181126e+03,1.947854031429228092e-03
1.716700000000181262e+03,1.933423606713891019e-03
1.716800000000181171e+03,1.918985297733128304e-03
1.716900000000181080e+03,1.904539110806221418e-03
1.717000000000181217e+03,1.890085052243148291e-03
1.717100000000181353e+03,1.871657284681038603e-03
1.717200000000181262e+03,1.853236545595797133e-03
1.717300000000181171e+03,1.834822833384380228e-03
1.717400000000181308e+03,1.816416146443973218e-03
1.717500000000181444e+03,1.798016483172088431e-03
1.717600000000181353e+03,1.779623841966476933e-03
1.717700000000181262e+03,1.761238221225049170e-03
1.717800000000181399e+03,1.742859619345949558e-03
1.717900000000181535e+03,1.724488034727652760e-03
1.718000000000181444e+03,1.706123465765803891e-03
1.718100000000181353e+03,1.686069423420159504e-03
1.718200000000181490e+03,1.666007338896570260e-03
1.718300000000181626e+03,1.645933950368786520e-03
1.718400000000181535e+03,1.625867382044772361e-03
1.718500000000181444e+03,1.605789808362550119e-03
1.718600000000181581e+03,1.585700424459275670e-03
1.718700000000181717e+03,1.565599239093176448e-03
1.718800000000181626e+03,1.545486261019758971e-03
1.718900000000181535e+03,1.525362775530554431e-03
1.719000000000181672e+03,1.505238781691320069e-03
1.719100000000181808e+03,1.482733916673238152e-03
1.719200000000181717e+03,1.460236886922562692e-03
1.719300000000181626e+03,1.437747690926600942e-03
1.719400000000181763e+03,1.415266327172821264e-03
1.719500000000181899e+03,1.392792794148963939e-03
1.719600000000181808e+03,1.370327090342932748e-03
1.719700000000181717e+03,1.347865063209425715e-03
1.719800000000181853e+03,1.325399604223854435e-03
1.719900000000181990e+03,1.302942493700855447e-03
1.720000000000181899e+03,1.280493729873004869e-03
1.720100000000181808e+03,1.257896185165790571e-03
1.720200000000181944e+03,1.235285607415045808e-03
1.720300000000182081e+03,1.212662006728042804e-03
1.720400000000181990e+03,1.190025393208748485e-03
1.720500000000181899e+03,1.167375776957718008e-03
1.720600000000182035e+03,1.144713168072204919e-03
1.720700000000182172e+03,1.122037576646260030e-03
1.720800000000182081e+03,1.099349012770627120e-03
1.720900000000181990e+03,1.076647486532645573e-03
1.721000000000182126e+03,1.053933008044307578e-03
1.721100000000182263e+03,1.046562403906779130e-03
1.721200000000182172e+03,1.039194298361686497e-03
1.721300000000182081e+03,1.031829513716556439e-03
1.721400000000182217e+03,1.024471083530526568e-03
1.721500000000182354e+03,1.017115083203254259e-03
1.721600000000182263e+03,1.009761512303734886e-03
1.721700000000182172e+03,1.002407049167276668e-03
1.721800000000182308e+03,9.950543941719522303e-04
1.721900000000182445e+03,9.877042258791672059e-04
1.722000000000182354e+03,9.803565438720736151e-04
1.722100000000182263e+03,9.968110436969707458e-04
1.722200000000182399e+03,1.013274196572113610e-03
1.722300000000182536e+03,1.029745995757208555e-03
1.722400000000182445e+03,1.046226434514145077e-03
1.722500000000182354e+03,1.062715506107082342e-03
1.722600000000182490e+03,1.079213203802362664e-03
1.722700000000182627e+03,1.095719520868436480e-03
1.722800000000182536e+03,1.112234450575946701e-03
1.722900000000182445e+03,1.128753881128134566e-03
1.723000000000182581e+03,1.145270786545639916e-03
1.723100000000182717e+03,1.161735490935977746e-03
1.723200000000182627e+03,1.178194532784145173e-03
1.723300000000182536e+03,1.194648291245260742e-03
1.723400000000182672e+03,1.211096767167591653e-03
1.723500000000182808e+03,1.227539961399309919e-03
1.723600000000182717e+03,1.243977874788566298e-03
1.723700000000182627e+03,1.260410508183569880e-03
1.723800000000182763e+03,1.276840577604005864e-03
1.723900000000182899e+03,1.293277807711666009e-03
1.724000000000182808e+03,1.309710145284028685e-03
1.724100000000182717e+03,1.326683614311732718e-03
1.724200000000182854e+03,1.343664961954740529e-03
1.724300000000182990e+03,1.360654181684919049e-03
1.724400000000182899e+03,1.377651266976401192e-03
1.724500000000182808e+03,1.394656211305665651e-03
1.724600000000182945e+03,1.411669008151457318e-03
1.724700000000183081e+03,1.428688772169500005e-03
1.724800000000182990e+03,1.445700339189194376e-03
1.724900000000182899e+03,1.462719339957867324e-03
1.725000000000183036e+03,1.479745767659059559e-03
1.725100000000183172e+03,1.495844848768315043e-03
1.725200000000183081e+03,1.511938043664241924e-03
1.725300000000182990e+03,1.528026394802216780e-03
1.725400000000183127e+03,1.544110850710730823e-03
1.725500000000183263e+03,1.560191411622751777e-03
1.725600000000183172e+03,1.576268077771388748e-03
1.725700000000183081e+03,1.592358046463184960e-03
1.725800000000183218e+03,1.608445911932352996e-03
1.725900000000183354e+03,1.624530260475007780e-03
1.726000000000183263e+03,1.640611092227199337e-03
1.726100000000183172e+03,1.656332010190096973e-03
1.726200000000183309e+03,1.672059312564856421e-03
1.726300000000183445e+03,1.687792994293829370e-03
1.726400000000183354e+03,1.703533050321062552e-03
1.726500000000183263e+03,1.719279475592352165e-03
1.726600000000183400e+03,1.735032265055191404e-03
1.726700000000183536e+03,1.750791413658682200e-03
1.726800000000183445e+03,1.766561701309181994e-03
1.726900000000183354e+03,1.782338688389231533e-03
1.727000000000183491e+03,1.798122109659037581e-03
1.727100000000183627e+03,1.812012504663326534e-03
1.727200000000183536e+03,1.825901171621835233e-03
1.727300000000183445e+03,1.839788110127904162e-03
1.727400000000183582e+03,1.853673319775099972e-03
1.727500000000183718e+03,1.867556800157155195e-03
1.727600000000183627e+03,1.881438550868022889e-03
1.727700000000183536e+03,1.895318571501951018e-03
1.727800000000183672e+03,1.909196861653415008e-03
1.727900000000183809e+03,1.923073420917049666e-03
1.728000000000183718e+03,1.936948248885095661e-03
1.728100000000183627e+03,1.949396465561252468e-03
1.728200000000183763e+03,1.961848981921307696e-03
1.728300000000183900e+03,1.974305794978135388e-03
1.728400000000183809e+03,1.986754451126841476e-03
1.728500000000183718e+03,1.999196370402774384e-03
1.728600000000183854e+03,2.011644875864690603e-03
1.728700000000183991e+03,2.024100580784254921e-03
1.728800000000183900e+03,2.036560345284208970e-03
1.728900000000183809e+03,2.049043490078521993e-03
1.729000000000183945e+03,2.061526189416990496e-03
1.729100000000184082e+03,2.071193788158595065e-03
1.729200000000183991e+03,2.080860967470520712e-03
1.729300000000183900e+03,2.090527726766775243e-03
1.729400000000184036e+03,2.100194065461581574e-03
1.729500000000184173e+03,2.109859982969335655e-03
1.729600000000184082e+03,2.119525478704657219e-03
1.729700000000183991e+03,2.129190610614965264e-03
1.729800000000184127e+03,2.138865041428434678e-03
1.729900000000184264e+03,2.148539137118315057e-03
1.730000000000184173e+03,2.158212897089984393e-03
1.730100000000184082e+03,2.165386420388000933e-03
1.730200000000184218e+03,2.172554796798515341e-03
1.730300000000184355e+03,2.179706562958360055e-03
1.730400000000184264e+03,2.186860053443734787e-03
1.730500000000184173e+03,2.194015266975031606e-03
1.730600000000184309e+03,2.201172202272988227e-03
1.730700000000184446e+03,2.208330858058636399e-03
1.730800000000184355e+03,2.215491233053357850e-03
1.730900000000184264e+03,2.222653325978892966e-03
1.731000000000184400e+03,2.229817135550868530e-03
1.731100000000184536e+03,2.233488337985953514e-03
1.731200000000184446e+03,2.237182003958286709e-03
1.731300000000184355e+03,2.240875869038544931e-03
1.731400000000184491e+03,2.244569932919581942e-03
1.731500000000184627e+03,2.248264195294322199e-03
1.731600000000184536e+03,2.251958655855762145e-03
1.731700000000184446e+03,2.255653314297006648e-03
1.731800000000184582e+03,2.259348170311229094e-03
1.731900000000184718e+03,2.263043223591670525e-03
1.732000000000184627e+03,2.266738473825339554e-03
1.732100000000184536e+03,2.267014999744528404e-03
1.732200000000184673e+03,2.267291444049417300e-03
1.732300000000184809e+03,2.267567806747455578e-03
1.732400000000184718e+03,2.267844087846093443e-03
1.732500000000184627e+03,2.268120287352783700e-03
1.732600000000184764e+03,2.268396405274975686e-03
1.732700000000184900e+03,2.268672441620126108e-03
1.732800000000184809e+03,2.268948396395679967e-03
1.732900000000184718e+03,2.269224269609092237e-03
1.733000000000184855e+03,2.269500061260831727e-03
1.733100000000184991e+03,2.265998345720118736e-03
1.733200000000184900e+03,2.262495934244674028e-03
1.733300000000184809e+03,2.258992827227856558e-03
1.733400000000184946e+03,2.255489025062951125e-03
1.733500000000185082e+03,2.251984528143189182e-03
1.733600000000184991e+03,2.248479336861728458e-03
1.733700000000184900e+03,2.244973451611639512e-03
1.733800000000185037e+03,2.241466872785930018e-03
1.733900000000185173e+03,2.237939673590116398e-03
1.734000000000185082e+03,2.234405548730175953e-03
1.734100000000184991e+03,2.226971731586347824e-03
1.734200000000185128e+03,2.219537382009979364e-03
1.734300000000185264e+03,2.212107558030652552e-03
1.734400000000185173e+03,2.204697974526524402e-03
1.734500000000185082e+03,2.197287687934746953e-03
1.734600000000185219e+03,2.189876698845608441e-03
1.734700000000185355e+03,2.182465007849316869e-03
1.734800000000185264e+03,2.175052615535964448e-03
1.734900000000185173e+03,2.167639522495489867e-03
1.735000000000185310e+03,2.160225729311115398e-03
1.735100000000185446e+03,2.149242894233202670e-03
1.735200000000185355e+03,2.138259154565328845e-03
1.735300000000185264e+03,2.127296150628402854e-03
1.735400000000185400e+03,2.116330340101774468e-03
1.735500000000185537e+03,2.105361724159178841e-03
1.735600000000185446e+03,2.094391148306071985e-03
1.735700000000185355e+03,2.083414204350684824e-03
1.735800000000185491e+03,2.072422362111468394e-03
1.735900000000185628e+03,2.061427875449941931e-03
1.736000000000185537e+03,2.050430745605245735e-03
1.736100000000185446e+03,2.035739293968369997e-03
1.736200000000185582e+03,2.021047855877211759e-03
1.736300000000185719e+03,2.006356431934227039e-03
1.736400000000185628e+03,1.991665022741767772e-03
1.736500000000185537e+03,1.976973628902016760e-03
1.736600000000185673e+03,1.962290807646626441e-03
1.736700000000185810e+03,1.947622225337849707e-03
1.736800000000185719e+03,1.932953316625153888e-03
1.736900000000185628e+03,1.918284082086733813e-03
1.737000000000185764e+03,1.903614522295532865e-03
1.737100000000185901e+03,1.886152985893058695e-03
1.737200000000185810e+03,1.868686722923799210e-03
1.737300000000185719e+03,1.851213581360819285e-03
1.737400000000185855e+03,1.833729508182324001e-03
1.737500000000185992e+03,1.816240874043170955e-03
1.737600000000185901e+03,1.798747680898050896e-03
1.737700000000185810e+03,1.781249930701315435e-03
1.737800000000185946e+03,1.763747625407051422e-03
1.737900000000186083e+03,1.746240766969158571e-03
1.738000000000185992e+03,1.728743103232109743e-03
1.738100000000185901e+03,1.708534547408916641e-03
1.738200000000186037e+03,1.688327167583881985e-03
1.738300000000186174e+03,1.668120964081451106e-03
1.738400000000186083e+03,1.647915937225998863e-03
1.738500000000185992e+03,1.627712087341749627e-03
1.738600000000186128e+03,1.607509414752866838e-03
1.738700000000186265e+03,1.587307919783548195e-03
1.738800000000186174e+03,1.567107602757926346e-03
1.738900000000186083e+03,1.546898510063096036e-03
1.739000000000186219e+03,1.526682771097034874e-03
1.739100000000186355e+03,1.505035500707610626e-03
1.739200000000186265e+03,1.483383286281041418e-03
1.739300000000186174e+03,1.461728541549891982e-03
1.739400000000186310e+03,1.440051899971064604e-03
1.739500000000186446e+03,1.418370217585600323e-03
1.739600000000186355e+03,1.396683772826794222e-03
1.739700000000186265e+03,1.374992568218911604e-03
1.739800000000186401e+03,1.353303263037072303e-03
1.739900000000186537e+03,1.331618062755093564e-03
1.740000000000186446e+03,1.309927601563477860e-03
1.740100000000186355e+03,1.287165382693581089e-03
1.740200000000186492e+03,1.264407055511243766e-03
1.740300000000186628e+03,1.241652619755471976e-03
1.740400000000186537e+03,1.218902075165255753e-03
1.740500000000186446e+03,1.196155421479460886e-03
1.740600000000186583e+03,1.173412658436932560e-03
1.740700000000186719e+03,1.150673785776602266e-03
1.740800000000186628e+03,1.127938803237377857e-03
1.740900000000186537e+03,1.105207710558050744e-03
1.741000000000186674e+03,1.082480507498615645e-03
1.741100000000186810e+03,1.071125862881848467e-03
1.741200000000186719e+03,1.059760062398237704e-03
1.741300000000186628e+03,1.048388940851138025e-03
1.741400000000186765e+03,1.037015951736904203e-03
1.741500000000186901e+03,1.025641096232992374e-03
1.741600000000186810e+03,1.014264375516640533e-03
1.741700000000186719e+03,1.002885790764811071e-03
1.741800000000186856e+03,9.915053431542447671e-04
1.741900000000186992e+03,9.801230338615163004e-04
1.742000000000186901e+03,9.687388641136119574e-04
1.742100000000186810e+03,9.844452220028753094e-04
1.742200000000186947e+03,1.000147590156832099e-03
1.742300000000187083e+03,1.015845969165927879e-03
1.742400000000186992e+03,1.031540359620559087e-03
1.742500000000186901e+03,1.047230762111146882e-03
1.742600000000187038e+03,1.062917177228057128e-03
1.742700000000187174e+03,1.078599605561539245e-03
1.742800000000187083e+03,1.094278047701791696e-03
1.742900000000186992e+03,1.109952504239033761e-03
1.743000000000187129e+03,1.125629143174907646e-03
1.743100000000187265e+03,1.141937453902455973e-03
1.743200000000187174e+03,1.158247075209848168e-03
1.743300000000187083e+03,1.174558005868662353e-03
1.743400000000187219e+03,1.190868632080047248e-03
1.743500000000187356e+03,1.207178706941865231e-03
1.743600000000187265e+03,1.223489994266826553e-03
1.743700000000187174e+03,1.239802492816998933e-03
1.743800000000187310e+03,1.256116201354733931e-03
1.743900000000187447e+03,1.272426077654185712e-03
1.744000000000187356e+03,1.288727007169205695e-03
1.744100000000187265e+03,1.304896339394933866e-03
1.744200000000187401e+03,1.321060744844669435e-03
1.744300000000187538e+03,1.337220224458659417e-03
1.744400000000187447e+03,1.353387059727408515e-03
1.744500000000187356e+03,1.369552918418120210e-03
1.744600000000187492e+03,1.385714233965265260e-03
1.744700000000187629e+03,1.401871007161976804e-03
1.744800000000187538e+03,1.418023238801287365e-03
1.744900000000187447e+03,1.434170929676211684e-03
1.745000000000187583e+03,1.450314080579412574e-03
1.745100000000187720e+03,1.466316856005398135e-03
1.745200000000187629e+03,1.482318929069438834e-03
1.745300000000187538e+03,1.498327439834825064e-03
1.745400000000187674e+03,1.514341639131934871e-03
1.745500000000187811e+03,1.530355418763401079e-03
1.745600000000187720e+03,1.546368778056308622e-03
1.745700000000187629e+03,1.562381716338005462e-03
1.745800000000187765e+03,1.578394232936019756e-03
1.745900000000187902e+03,1.594406327177998704e-03
1.746000000000187811e+03,1.610417998389947376e-03
1.746100000000187720e+03,1.625453359351749973e-03
1.746200000000187856e+03,1.640484129526526003e-03
1.746300000000187993e+03,1.655510309804450984e-03
1.746400000000187902e+03,1.670531901075583995e-03
1.746500000000187811e+03,1.685548904229920795e-03
1.746600000000187947e+03,1.700561320157339398e-03
1.746700000000188084e+03,1.715569149747521796e-03
1.746800000000187993e+03,1.730572393890027682e-03
1.746900000000187902e+03,1.745571053474360371e-03
1.747000000000188038e+03,1.760565129387865182e-03
1.747100000000188174e+03,1.774473483592580196e-03
1.747200000000188084e+03,1.788379595234326335e-03
1.747300000000187993e+03,1.802283464340838142e-03
1.747400000000188129e+03,1.816185090939915429e-03
1.747500000000188265e+03,1.830084475059354102e-03
1.747600000000188174e+03,1.843968851786819112e-03
1.747700000000188084e+03,1.857848152147144544e-03
1.747800000000188220e+03,1.871724978382241500e-03
1.747900000000188356e+03,1.885599330578596354e-03
1.748000000000188265e+03,1.899476910491058835e-03
1.748100000000188174e+03,1.911522044313101500e-03
1.748200000000188311e+03,1.923563210985474413e-03
1.748300000000188447e+03,1.935600411335399330e-03
1.748400000000188356e+03,1.947633646189976140e-03
1.748500000000188265e+03,1.959647016629866879e-03
1.748600000000188402e+03,1.971649074015484077e-03
1.748700000000188538e+03,1.983646886658428036e-03
1.748800000000188447e+03,1.995640455534795996e-03
1.748900000000188356e+03,2.007629781620558131e-03
1.749000000000188493e+03,2.019620535522164556e-03
1.749100000000188629e+03,2.029497469560335825e-03
1.749200000000188538e+03,2.039371281056622312e-03
1.749300000000188447e+03,2.049241970638028976e-03
1.749400000000188584e+03,2.059109538931470570e-03
1.749500000000188720e+03,2.068973986563718299e-03
1.749600000000188629e+03,2.078835314161460966e-03
1.749700000000188538e+03,2.088693522351332734e-03
1.749800000000188675e+03,2.098551273551478493e-03
1.749900000000188811e+03,2.108382796155864117e-03
1.750000000000188720e+03,2.118220597627076818e-03
1.750100000000188629e+03,2.125414795259204358e-03
1.750200000000188766e+03,2.132606159735666532e-03
1.750300000000188902e+03,2.139794691775917350e-03
1.750400000000188811e+03,2.146980392099273778e-03
1.750500000000188720e+03,2.154163261424946532e-03
1.750600000000188857e+03,2.161343300472006682e-03
1.750700000000188993e+03,2.168520509959358765e-03
1.750800000000188902e+03,2.175689072161635356e-03
1.750900000000188811e+03,2.182850629659437072e-03
1.751000000000188948e+03,2.190009294346587174e-03
1.751100000000189084e+03,2.194161314241108857e-03
1.751200000000188993e+03,2.198319216225341245e-03
1.751300000000188902e+03,2.202493232002739314e-03
1.751400000000189038e+03,2.206665403954572932e-03
1.751500000000189175e+03,2.210835732585515658e-03
1.751600000000189084e+03,2.215004218400122224e-03
1.751700000000188993e+03,2.219151616359447791e-03
1.751800000000189129e+03,2.223290270792946388e-03
1.751900000000189266e+03,2.227426986158495808e-03
1.752000000000189175e+03,2.231561763018947465e-03
1.752100000000189084e+03,2.232440107347953041e-03
1.752200000000189220e+03,2.233317968347718705e-03
1.752300000000189357e+03,2.234195346163503695e-03
1.752400000000189266e+03,2.235072240940516510e-03
1.752500000000189175e+03,2.235948652823947867e-03
1.752600000000189311e+03,2.236824581958955088e-03
1.752700000000189448e+03,2.237700028490654299e-03
1.752800000000189357e+03,2.238574992564134301e-03
1.752900000000189266e+03,2.239449474324453973e-03
1.753000000000189402e+03,2.240323473909852127e-03
1.753100000000189539e+03,2.237613586818020233e-03
1.753200000000189448e+03,2.234904940867354309e-03
1.753300000000189357e+03,2.232201868669298449e-03
1.753400000000189493e+03,2.229504588444477381e-03
1.753500000000189630e+03,2.226808526646013517e-03
1.753600000000189539e+03,2.224113682900963427e-03
1.753700000000189448e+03,2.221420056836447866e-03
1.753800000000189584e+03,2.218727648079676928e-03
1.753900000000189721e+03,2.216036456257961321e-03
1.754000000000189630e+03,2.213370277482028334e-03
1.754100000000189539e+03,2.207207102545546366e-03
1.754200000000189675e+03,2.201046476944729709e-03
1.754300000000189812e+03,2.194888399987983147e-03
1.754400000000189721e+03,2.188732870983845467e-03
1.754500000000189630e+03,2.182579889240974288e-03
1.754600000000189766e+03,2.176429454068159932e-03
1.754700000000189902e+03,2.170281564774364028e-03
1.754800000000189812e+03,2.164136220668686546e-03
1.754900000000189721e+03,2.158013344515658481e-03
1.755000000000189857e+03,2.151898310436576797e-03
1.755100000000189993e+03,2.142137975912181917e-03
1.755200000000189902e+03,2.132382524068003778e-03
1.755300000000189812e+03,2.122626436360645387e-03
1.755400000000189948e+03,2.112855952030307741e-03
1.755500000000190084e+03,2.103090575523242078e-03
1.755600000000189993e+03,2.093330305238590497e-03
1.755700000000189902e+03,2.083575139575792601e-03
1.755800000000190039e+03,2.073841870262198989e-03
1.755900000000190175e+03,2.064130508349555117e-03
1.756000000000190084e+03,2.054423928655819877e-03
1.756100000000189993e+03,2.041426437906094030e-03
1.756200000000190130e+03,2.028434707702276088e-03
1.756300000000190266e+03,2.015448736519549755e-03
1.756400000000190175e+03,2.002468522833359375e-03
1.756500000000190084e+03,1.989494065119370471e-03
1.756600000000190221e+03,1.976525361853520915e-03
1.756700000000190357e+03,1.963562411512093792e-03
1.756800000000190266e+03,1.950605212571634344e-03
1.756900000000190175e+03,1.937653763508902270e-03
1.757000000000190312e+03,1.924708062795040019e-03
1.757100000000190448e+03,1.908666886965774316e-03
1.757200000000190357e+03,1.892634093360501864e-03
1.757300000000190266e+03,1.876609679586543509e-03
1.757400000000190403e+03,1.860593643251683051e-03
1.757500000000190539e+03,1.844583870652999249e-03
1.757600000000190448e+03,1.828576245144386504e-03
1.757700000000190357e+03,1.812577136117679956e-03
1.757800000000190494e+03,1.796586541065250302e-03
1.757900000000190630e+03,1.780604457480039178e-03
1.758000000000190539e+03,1.764630882850685891e-03
1.758100000000190448e+03,1.746147514840486626e-03
1.758200000000190585e+03,1.727673476236836958e-03
1.758300000000190721e+03,1.709208764398587000e-03
1.758400000000190630e+03,1.690753376685089505e-03
1.758500000000190539e+03,1.672307310456123313e-03
1.758600000000190676e+03,1.653870563071970119e-03
1.758700000000190812e+03,1.635443131893505762e-03
1.758800000000190721e+03,1.617025014282104812e-03
1.758900000000190630e+03,1.598616207599570099e-03
1.759000000000190767e+03,1.580203644595324025e-03
1.759100000000190903e+03,1.559836057256826876e-03
1.759200000000190812e+03,1.539479932841263284e-03
1.759300000000190721e+03,1.519135267801731762e-03
1.759400000000190857e+03,1.498802058592093450e-03
1.759500000000190994e+03,1.478480301667064708e-03
1.759600000000190903e+03,1.458169993482128207e-03
1.759700000000190812e+03,1.437871130493432537e-03
1.759800000000190948e+03,1.417583709157893687e-03
1.759900000000191085e+03,1.397307725933286549e-03
1.760000000000190994e+03,1.377043177275864231e-03
1.760100000000190903e+03,1.355597688502571197e-03
1.760200000000191039e+03,1.334164483399176036e-03
1.760300000000191176e+03,1.312743558228247377e-03
1.760400000000191085e+03,1.291334909253142281e-03
1.760500000000190994e+03,1.269938532737904325e-03
1.760600000000191130e+03,1.248554424947353374e-03
1.760700000000191267e+03,1.227182582147193571e-03
1.760800000000191176e+03,1.205823000603912501e-03
1.760900000000191085e+03,1.184475676584679929e-03
1.761000000000191221e+03,1.163140606356741083e-03
1.761100000000191358e+03,1.141447441808311801e-03
1.761200000000191267e+03,1.119766632341499162e-03
1.761300000000191176e+03,1.098098174311252324e-03
1.761400000000191312e+03,1.076442064073253801e-03
1.761500000000191449e+03,1.054798297984014871e-03
1.761600000000191358e+03,1.033166872400775394e-03
1.761700000000191267e+03,1.011548552398651478e-03
1.761800000000191403e+03,9.899463033238371963e-04
1.761900000000191540e+03,9.683561865090091611e-04
1.762000000000191449e+03,9.467781985323355442e-04
1.762100000000191358e+03,9.504768555906992124e-04
1.762200000000191494e+03,9.541732380980047458e-04
1.762300000000191631e+03,9.578673466974304716e-04
1.762400000000191540e+03,9.615591820320408762e-04
1.762500000000191449e+03,9.652487447447939770e-04
1.762600000000191585e+03,9.689360354785331916e-04
1.762700000000191721e+03,9.726210548759698813e-04
1.762800000000191631e+03,9.763038035796930015e-04
1.762900000000191540e+03,9.799842822321963142e-04
1.763000000000191676e+03,9.836624914968639891e-04
1.763100000000191812e+03,9.982975725427536452e-04
1.763200000000191721e+03,1.012924031731356374e-03
1.763300000000191631e+03,1.027541871364674730e-03
1.763400000000191767e+03,1.042149509920921053e-03
1.763500000000191903e+03,1.056745982570634658e-03
1.763600000000191812e+03,1.071345583937711576e-03
1.763700000000191721e+03,1.085936784175501896e-03
1.763800000000191858e+03,1.100519500580919921e-03
1.763900000000191994e+03,1.115091681091825862e-03
1.764000000000191903e+03,1.129655408754080739e-03
1.764100000000191812e+03,1.144512954600342657e-03
1.764200000000191949e+03,1.159361982680060183e-03
1.764300000000192085e+03,1.174202495046906087e-03
1.764400000000191994e+03,1.189034493754267128e-03
1.764500000000191903e+03,1.203857980855328400e-03
1.764600000000192040e+03,1.218672958402988119e-03
1.764700000000192176e+03,1.233479428449802979e-03
1.764800000000192085e+03,1.248277393048049947e-03
1.764900000000191994e+03,1.263066854249794571e-03
1.765000000000192131e+03,1.277847814106718594e-03
1.765100000000192267e+03,1.292563477100027716e-03
1.765200000000192176e+03,1.307270117828964818e-03
1.765300000000192085e+03,1.321967738392019684e-03
1.765400000000192222e+03,1.336668879309719929e-03
1.765500000000192358e+03,1.351364467364100843e-03
1.765600000000192267e+03,1.366049400570750220e-03
1.765700000000192176e+03,1.380723685118525430e-03
1.765800000000192313e+03,1.395389219531631506e-03
1.765900000000192449e+03,1.410046005652436938e-03
1.766000000000192358e+03,1.424703540310179230e-03
1.766100000000192267e+03,1.439003963560193987e-03
1.766200000000192404e+03,1.453297170021190582e-03
1.766300000000192540e+03,1.467583160909989061e-03
1.766400000000192449e+03,1.481861937443376947e-03
1.766500000000192358e+03,1.496133500838174720e-03
1.766600000000192495e+03,1.510397852311174023e-03
1.766700000000192631e+03,1.524654993079065882e-03
1.766800000000192540e+03,1.538904924358516823e-03
1.766900000000192449e+03,1.553147647366217221e-03
1.767000000000192586e+03,1.567383163317133572e-03
1.767100000000192722e+03,1.580728624576253774e-03
1.767200000000192631e+03,1.594065735578671086e-03
1.767300000000192540e+03,1.607394497673673593e-03
1.767400000000192676e+03,1.620714912210564559e-03
1.767500000000192813e+03,1.634026980538597594e-03
1.767600000000192722e+03,1.647332573954543881e-03
1.767700000000192631e+03,1.660616541623446789e-03
1.767800000000192767e+03,1.673891509818600798e-03
1.767900000000192904e+03,1.687157947702267033e-03
1.768000000000192813e+03,1.700415856818140569e-03
1.768100000000192722e+03,1.712606901450443135e-03
1.768200000000192858e+03,1.724804143085866643e-03
1.768300000000192995e+03,1.736995834578545454e-03
1.768400000000192904e+03,1.749181976595458408e-03
1.768500000000192813e+03,1.761362569803709682e-03
1.768600000000192949e+03,1.773537614870463949e-03
1.768700000000193086e+03,1.785707112462907352e-03
1.768800000000192995e+03,1.797871063248282194e-03
1.768900000000192904e+03,1.810029467893958929e-03
1.769000000000193040e+03,1.822182327063919449e-03
1.769100000000193177e+03,1.832541237863815481e-03
1.769200000000193086e+03,1.842893286875406855e-03
1.769300000000192995e+03,1.853234963450617724e-03
1.769400000000193131e+03,1.863564759786735109e-03
1.769500000000193268e+03,1.873871839214513897e-03
1.769600000000193177e+03,1.884165544171817128e-03
1.769700000000193086e+03,1.894452056874943585e-03
1.769800000000193222e+03,1.904731378546421208e-03
1.769900000000193359e+03,1.915003510408753648e-03
1.770000000000193268e+03,1.925268453680957113e-03
1.770100000000193177e+03,1.933718799729273108e-03
1.770200000000193313e+03,1.942165144275832204e-03
1.770300000000193450e+03,1.950607487872506535e-03
1.770400000000193359e+03,1.959045831071202712e-03
1.770500000000193268e+03,1.967480174423900854e-03
1.770600000000193404e+03,1.975910518482630086e-03
1.770700000000193540e+03,1.984336863799404573e-03
1.770800000000193450e+03,1.992759210926281412e-03
1.770900000000193359e+03,2.001183462725574565e-03
1.771000000000193495e+03,2.009605850714958359e-03
1.771100000000193631e+03,2.015439663724431698e-03
1.771200000000193540e+03,2.021269304434347106e-03
1.771300000000193450e+03,2.027105675389389780e-03
1.771400000000193586e+03,2.032950842939504170e-03
1.771500000000193722e+03,2.038791975653249464e-03
1.771600000000193631e+03,2.044629073919264437e-03
1.771700000000193540e+03,2.050462138126303655e-03
1.771800000000193677e+03,2.056291168663219263e-03
1.771900000000193813e+03,2.062116165918947541e-03
1.772000000000193722e+03,2.067937130277683767e-03
1.772100000000193631e+03,2.071260259283116793e-03
1.772200000000193768e+03,2.074573780575104248e-03
1.772300000000193904e+03,2.077869341574690391e-03
1.772400000000193813e+03,2.081163228692273909e-03
1.772500000000193722e+03,2.084455442097354633e-03
1.772600000000193859e+03,2.087745981959471860e-03
1.772700000000193995e+03,2.091034848448188738e-03
1.772800000000193904e+03,2.094322041733097904e-03
1.772900000000193813e+03,2.097607561983851846e-03
1.773000000000193950e+03,2.100897653600108939e-03
1.773100000000194086e+03,2.101083179396114400e-03
1.773200000000193995e+03,2.101287972699072189e-03
1.773300000000193904e+03,2.101492331823372542e-03
1.773400000000194041e+03,2.101696256804605478e-03
1.773500000000194177e+03,2.101902921976438014e-03
1.773600000000194086e+03,2.102115579844635301e-03
1.773700000000193995e+03,2.102327805504901250e-03
1.773800000000194132e+03,2.102539598986934329e-03
1.773900000000194268e+03,2.102750960320441242e-03
1.774000000000194177e+03,2.102961889529244947e-03
1.774100000000194086e+03,2.100134478577744736e-03
1.774200000000194223e+03,2.097308190367811777e-03
1.774300000000194359e+03,2.094483024861252662e-03
1.774400000000194268e+03,2.091658982019843193e-03
1.774500000000194177e+03,2.088848450644083168e-03
1.774600000000194314e+03,2.086051081131931259e-03
1.774700000000194450e+03,2.083254766924526585e-03
1.774800000000194359e+03,2.080459508027683938e-03
1.774900000000194268e+03,2.077665304447156962e-03
1.775000000000194404e+03,2.074872156182420470e-03
1.775100000000194541e+03,2.068873297735402024e-03
1.775200000000194450e+03,2.062872303598378958e-03
1.775300000000194359e+03,2.056869158173085972e-03
1.775400000000194495e+03,2.050859560650908440e-03
1.775500000000194632e+03,2.044837689407680553e-03
1.775600000000194541e+03,2.038818561407691569e-03
1.775700000000194450e+03,2.032802176491521270e-03
1.775800000000194586e+03,2.026788534499651857e-03
1.775900000000194723e+03,2.020777635272515225e-03
1.776000000000194632e+03,2.014769478644129128e-03
1.776100000000194541e+03,2.005504291606351013e-03
1.776200000000194677e+03,1.996244265063091584e-03
1.776300000000194814e+03,1.986989398639443273e-03
1.776400000000194723e+03,1.977739691960345419e-03
1.776500000000194632e+03,1.968495144650557385e-03
1.776600000000194768e+03,1.959255756334704526e-03
1.776700000000194905e+03,1.950021526637304861e-03
1.776800000000194814e+03,1.940792455182739152e-03
1.776900000000194723e+03,1.931568541595203191e-03
1.777000000000194859e+03,1.922349785493293519e-03
1.777100000000194996e+03,1.910330230999207407e-03
1.777200000000194905e+03,1.898312681114403900e-03
1.777300000000194814e+03,1.886280319887690066e-03
1.777400000000194950e+03,1.874252872902133034e-03
1.777500000000195087e+03,1.862230339652326538e-03
1.777600000000194996e+03,1.850212719632784953e-03
1.777700000000194905e+03,1.838200012337890812e-03
1.777800000000195041e+03,1.826192217261934491e-03
1.777900000000195178e+03,1.814190928635566911e-03
1.778000000000195087e+03,1.802196537165692185e-03
1.778100000000194996e+03,1.787223377253489408e-03
1.778200000000195132e+03,1.772281236872412643e-03
1.778300000000195269e+03,1.757349474096644385e-03
1.778400000000195178e+03,1.742427856149963376e-03
1.778500000000195087e+03,1.727516381897624973e-03
1.778600000000195223e+03,1.712606543044175580e-03
1.778700000000195359e+03,1.697695551117192831e-03
1.778800000000195269e+03,1.682795048783136118e-03
1.778900000000195178e+03,1.667905034525971400e-03
1.779000000000195314e+03,1.653025506825710114e-03
1.779100000000195450e+03,1.636174569641839563e-03
1.779200000000195359e+03,1.619329685443897469e-03
1.779300000000195269e+03,1.602490853401868087e-03
1.779400000000195405e+03,1.585661061874624710e-03
1.779500000000195541e+03,1.568841463886166314e-03
1.779600000000195450e+03,1.552027761938116427e-03
1.779700000000195359e+03,1.535219955283822959e-03
1.779800000000195496e+03,1.518418043176613655e-03
1.779900000000195632e+03,1.501622024869868951e-03
1.780000000000195541e+03,1.484844593765913528e-03
1.780100000000195450e+03,1.466015851404367564e-03
1.780200000000195587e+03,1.447201209284016722e-03
1.780300000000195723e+03,1.428400665218705450e-03
1.780400000000195632e+03,1.409614217022248052e-03
1.780500000000195541e+03,1.390841862508329814e-03
1.780600000000195678e+03,1.372083599490606098e-03
1.780700000000195814e+03,1.353339425782779755e-03
1.780800000000195723e+03,1.334609339198515685e-03
1.780900000000195632e+03,1.315893337551360615e-03
1.781000000000195769e+03,1.297191418653222171e-03
1.781100000000195905e+03,1.277679299674415155e-03
1.781200000000195814e+03,1.258171388428317708e-03
1.781300000000195723e+03,1.238670176664207877e-03
1.781400000000195860e+03,1.219175663443966074e-03
1.781500000000195996e+03,1.199687847829566164e-03
1.781600000000195905e+03,1.180206728882996544e-03
1.781700000000195814e+03,1.160732305666169065e-03
1.781800000000195951e+03,1.141270876893433085e-03
1.781900000000196087e+03,1.121822860356362942e-03
1.782000000000195996e+03,1.102381080923227905e-03
1.782100000000195905e+03,1.082354140905268138e-03
1.782200000000196042e+03,1.062341401970203934e-03
1.782300000000196178e+03,1.042329928313107633e-03
1.782400000000196087e+03,1.022325339802931379e-03
1.782500000000195996e+03,1.002335746834872622e-03
1.782600000000196133e+03,9.823611461500815750e-04
1.782700000000196269e+03,9.624015344900708991e-04
1.782800000000196178e+03,9.424569085966372087e-04
1.782900000000196087e+03,9.225272652117637090e-04
1.783000000000196223e+03,9.026126011181929932e-04
1.783100000000196360e+03,9.033357281506783267e-04
1.783200000000196269e+03,9.040584582355258147e-04
1.783300000000196178e+03,9.047807914581789367e-04
1.783400000000196314e+03,9.055027279040716312e-04
1.783500000000196451e+03,9.062242676586263444e-04
1.783600000000196360e+03,9.069467717605384513e-04
1.783700000000196269e+03,9.076716637040030834e-04
1.783800000000196405e+03,9.083961657802514054e-04
1.783900000000196542e+03,9.091202780692207762e-04
1.784000000000196451e+03,9.098440006755836515e-04
1.784100000000196360e+03,9.231594343827561125e-04
1.784200000000196496e+03,9.364662649123243381e-04
1.784300000000196633e+03,9.497644943311890154e-04
1.784400000000196542e+03,9.630541247059950681e-04
1.784500000000196451e+03,9.763351581031960583e-04
1.784600000000196587e+03,9.896075965889880501e-04
1.784700000000196724e+03,1.002871442229252581e-03
1.784800000000196633e+03,1.016126697089614122e-03
1.784900000000196542e+03,1.029373363235507521e-03
1.785000000000196678e+03,1.042611442732708496e-03
1.785100000000196815e+03,1.056145993407163258e-03
1.785200000000196724e+03,1.069671982899912405e-03
1.785300000000196633e+03,1.083189413402678002e-03
1.785400000000196769e+03,1.096698287106877235e-03
1.785500000000196906e+03,1.110210994949677047e-03
1.785600000000196815e+03,1.123716047495517366e-03
1.785700000000196724e+03,1.137212864320587833e-03
1.785800000000196860e+03,1.150701447293276053e-03
1.785900000000196997e+03,1.164176492361074277e-03
1.786000000000196906e+03,1.177634787844196885e-03
1.786100000000196815e+03,1.191200651211046574e-03
1.786200000000196951e+03,1.204760250932595481e-03
1.786300000000197088e+03,1.218313588499419934e-03
1.786400000000196997e+03,1.231860665401892209e-03
1.786500000000196906e+03,1.245401483130229980e-03
1.786600000000197042e+03,1.258936043174444918e-03
1.786700000000197178e+03,1.272464347024273744e-03
1.786800000000197088e+03,1.285986396169242624e-03
1.786900000000196997e+03,1.299502192098732660e-03
1.787000000000197133e+03,1.313007772310996121e-03
1.787100000000197269e+03,1.325983021078567473e-03
1.787200000000197178e+03,1.338947548267483550e-03
1.787300000000197088e+03,1.351912351238608980e-03
1.787400000000197224e+03,1.364871497202824408e-03
1.787500000000197360e+03,1.377820232824615142e-03
1.787600000000197269e+03,1.390758560997184656e-03
1.787700000000197178e+03,1.403686484613403352e-03
1.787800000000197315e+03,1.416604006565747855e-03
1.787900000000197451e+03,1.429511129746242242e-03
1.788000000000197360e+03,1.442407857045978174e-03
1.788100000000197269e+03,1.455024216772559395e-03
1.788200000000197406e+03,1.467627329947630843e-03
1.788300000000197542e+03,1.480219254218809915e-03
1.788400000000197451e+03,1.492807354739120098e-03
1.788500000000197360e+03,1.505388654746565207e-03
1.788600000000197497e+03,1.517966061414444644e-03
1.788700000000197633e+03,1.530539596371749324e-03
1.788800000000197542e+03,1.543109260344111477e-03
1.788900000000197451e+03,1.555675054057132972e-03
1.789000000000197588e+03,1.568236978233444314e-03
1.789100000000197724e+03,1.579332560955874114e-03
1.789200000000197633e+03,1.590417662844510836e-03
1.789300000000197542e+03,1.601492287499304027e-03
1.789400000000197679e+03,1.612556438519477256e-03
1.789500000000197815e+03,1.623613164326165401e-03
1.789600000000197724e+03,1.634646770629726497e-03
1.789700000000197633e+03,1.645658373855881729e-03
1.789800000000197770e+03,1.656659236087829404e-03
1.789900000000197906e+03,1.667649361341386281e-03
1.790000000000197815e+03,1.678628753629846397e-03
1.790100000000197724e+03,1.688804083426481131e-03
1.790200000000197861e+03,1.698976573331489751e-03
1.790300000000197997e+03,1.709146223784002109e-03
1.790400000000197906e+03,1.719313035223113796e-03
1.790500000000197815e+03,1.729477008087936451e-03
1.790600000000197952e+03,1.739638142817542896e-03
1.790700000000198088e+03,1.749796439850927459e-03
1.790800000000197997e+03,1.759951899627049338e-03
1.790900000000197906e+03,1.770108218156224694e-03
1.791000000000198042e+03,1.780278810563150609e-03
1.791100000000198179e+03,1.788208691041642427e-03
1.791200000000198088e+03,1.796126616275813036e-03
1.791300000000197997e+03,1.804033797064383922e-03
1.791400000000198133e+03,1.811920696359445217e-03
1.791500000000198270e+03,1.819789144838854927e-03
1.791600000000198179e+03,1.827647747172772173e-03
1.791700000000198088e+03,1.835498839695522393e-03
1.791800000000198224e+03,1.843343491169349658e-03
1.791900000000198361e+03,1.851201187043799087e-03
1.792000000000198270e+03,1.859054687971117533e-03
1.792100000000198179e+03,1.865355860698886476e-03
1.792200000000198315e+03,1.871654754894144530e-03
1.792300000000198452e+03,1.877951371053012851e-03
1.792400000000198361e+03,1.884245709671529979e-03
1.792500000000198270e+03,1.890537771245696724e-03
1.792600000000198406e+03,1.896827556271440170e-03
1.792700000000198543e+03,1.903115065244584620e-03
1.792800000000198452e+03,1.909420805124723399e-03
1.792900000000198361e+03,1.915726187277370669e-03
1.793000000000198497e+03,1.922029440381001859e-03
1.793100000000198634e+03,1.925729840761179800e-03
1.793200000000198543e+03,1.929427710418587074e-03
1.793300000000198452e+03,1.933122188449472832e-03
1.793400000000198588e+03,1.936798401874418067e-03
1.793500000000198725e+03,1.940472023857079667e-03
1.793600000000198634e+03,1.944143055268257158e-03
1.793700000000198543e+03,1.947811496978593725e-03
1.793800000000198679e+03,1.951477349858562766e-03
1.793900000000198816e+03,1.955140614778429296e-03
1.794000000000198725e+03,1.958801292603380359e-03
1.794100000000198634e+03,1.959980758540837836e-03
1.794200000000198770e+03,1.961159413072881968e-03
1.794300000000198906e+03,1.962337256459530457e-03
1.794400000000198816e+03,1.963514288960759805e-03
1.794500000000198725e+03,1.964690510836492737e-03
1.794600000000198861e+03,1.965865922346606443e-03
1.794700000000198997e+03,1.967040523750919999e-03
1.794800000000198906e+03,1.968214315309206076e-03
1.794900000000198816e+03,1.969387297281193112e-03
1.795000000000198952e+03,1.970559469921512059e-03
1.795100000000199088e+03,1.969198068014087546e-03
1.795200000000198997e+03,1.967855758791972522e-03
1.795300000000198906e+03,1.966528802590323567e-03
1.795400000000199043e+03,1.965206600667288635e-03
1.795500000000199179e+03,1.963891984664081335e-03
1.795600000000199088e+03,1.962578880447465781e-03
1.795700000000198997e+03,1.961266091228697477e-03
1.795800000000199134e+03,1.959953616965290878e-03
1.795900000000199270e+03,1.958641457614780385e-03
1.796000000000199179e+03,1.957307532464339257e-03
1.796100000000199088e+03,1.952720366709480944e-03
1.796200000000199225e+03,1.948136142473480764e-03
1.796300000000199361e+03,1.943554858835729211e-03
1.796400000000199270e+03,1.938976514875772900e-03
1.796500000000199179e+03,1.934401109673331270e-03
1.796600000000199316e+03,1.929828642308279016e-03
1.796700000000199452e+03,1.925259111860689026e-03
1.796800000000199361e+03,1.920692517410803324e-03
1.796900000000199270e+03,1.916110133943970447e-03
1.797000000000199407e+03,1.911527174581750853e-03
1.797100000000199543e+03,1.904738434069679293e-03
1.797200000000199452e+03,1.897947179403845601e-03
1.797300000000199361e+03,1.891156382954390812e-03
1.797400000000199498e+03,1.884366045094150151e-03
1.797500000000199634e+03,1.877576166195852811e-03
1.797600000000199543e+03,1.870786746632069472e-03
1.797700000000199452e+03,1.863997786775202763e-03
1.797800000000199589e+03,1.857224635177049830e-03
1.797900000000199725e+03,1.850458104260969570e-03
1.798000000000199634e+03,1.843691875461635210e-03
1.798100000000199543e+03,1.833471661029562397e-03
1.798200000000199680e+03,1.823259265437610294e-03
1.798300000000199816e+03,1.813054686076218981e-03
1.798400000000199725e+03,1.802857920336354593e-03
1.798500000000199634e+03,1.792668965609452722e-03
1.798600000000199771e+03,1.782487819287470682e-03
1.798700000000199907e+03,1.772314478762927617e-03
1.798800000000199816e+03,1.762148941428869162e-03
1.798900000000199725e+03,1.751991204678802604e-03
1.799000000000199861e+03,1.741843155361731807e-03
1.799100000000199998e+03,1.729887262777360683e-03
1.799200000000199907e+03,1.717911083110560668e-03
1.799300000000199816e+03,1.705934603148958392e-03
1.799400000000199952e+03,1.693957823970210263e-03
1.799500000000200089e+03,1.681980746651679957e-03
1.799600000000199998e+03,1.670006487861404191e-03
1.799700000000199907e+03,1.658036361456462736e-03
1.799800000000200043e+03,1.646065830802418556e-03
1.799900000000200180e+03,1.634094896971618072e-03
1.800000000000200089e+03,1.622123558968761956e-03
1.800100000000199998e+03,1.607343103468385779e-03
1.800200000000200134e+03,1.592572266075466345e-03
1.800300000000200271e+03,1.577811043768721213e-03
1.800400000000200180e+03,1.563059433527477478e-03
1.800500000000200089e+03,1.548317432331600433e-03
1.800600000000200225e+03,1.533585037161567296e-03
1.800700000000200362e+03,1.518864578839429925e-03
1.800800000000200271e+03,1.504163923053956605e-03
1.800900000000200180e+03,1.489472618841512037e-03
1.801000000000200316e+03,1.474803660249913561e-03
1.801100000000200453e+03,1.458751980294050897e-03
1.801200000000200362e+03,1.442701023547457396e-03
1.801300000000200271e+03,1.426650790536291170e-03
1.801400000000200407e+03,1.410601281786582175e-03
1.801500000000200544e+03,1.394552497824300304e-03
1.801600000000200453e+03,1.378504439175287513e-03
1.801700000000200362e+03,1.362457106365183883e-03
1.801800000000200498e+03,1.346410499919490278e-03
1.801900000000200635e+03,1.330364620363658993e-03
1.802000000000200544e+03,1.314319468220102654e-03
1.802100000000200453e+03,1.296828059024477016e-03
1.802200000000200589e+03,1.279341155583271338e-03
1.802300000000200725e+03,1.261858757242561658e-03
1.802400000000200635e+03,1.244380863348470631e-03
1.802500000000200544e+03,1.226906507484852582e-03
1.802600000000200680e+03,1.209435226763237769e-03
1.802700000000200816e+03,1.191968518083119221e-03
1.802800000000200725e+03,1.174506380762569118e-03
1.802900000000200635e+03,1.157048814119626245e-03
1.803000000000200771e+03,1.139591962002553700e-03
1.803100000000200907e+03,1.121405363249324732e-03
1.803200000000200816e+03,1.103224457147781090e-03
1.803300000000200725e+03,1.085049242708718180e-03
1.803400000000200862e+03,1.066879718943029636e-03
1.803500000000200998e+03,1.048715884861779312e-03
1.803600000000200907e+03,1.030557739476124519e-03
1.803700000000200816e+03,1.012405281797231892e-03
1.803800000000200953e+03,9.942585108363600089e-04
1.803900000000201089e+03,9.761174256049410256e-04
1.804000000000200998e+03,9.579820251167730453e-04
1.804100000000200907e+03,9.409811544592192002e-04
1.804200000000201044e+03,9.239777337505087913e-04
1.804300000000201180e+03,9.069717643045865398e-04
1.804400000000201089e+03,8.899632474352074316e-04
1.804500000000200998e+03,8.729521844558591967e-04
1.804600000000201135e+03,8.559385766798389625e-04
1.804700000000201271e+03,8.389224254203332676e-04
1.804800000000201180e+03,8.219037319903373974e-04
1.804900000000201089e+03,8.048824977025790563e-04
1.805000000000201226e+03,7.878587239281306621e-04
1.805100000000201362e+03,7.999124086237117525e-04
1.805200000000201271e+03,8.119562424406515013e-04
1.805300000000201180e+03,8.239932087672891241e-04
1.805400000000201317e+03,8.360233091921926568e-04
1.805500000000201453e+03,8.480495317035929631e-04
1.805600000000201362e+03,8.600798792323032047e-04
1.805700000000201271e+03,8.721037545217576225e-04
1.805800000000201408e+03,8.841211588200747953e-04
1.805900000000201544e+03,8.961320933752255254e-04
1.806000000000201453e+03,9.081312406468717430e-04
1.806100000000201362e+03,9.209634183278208545e-04
1.806200000000201499e+03,9.338005751298914490e-04
1.806300000000201635e+03,9.466427093250380856e-04
1.806400000000201544e+03,9.594898191854279350e-04
1.806500000000201453e+03,9.723419029835013872e-04
1.806600000000201590e+03,9.851989589919113357e-04
1.806700000000201726e+03,9.980609854834681001e-04
1.806800000000201635e+03,1.010927980731192010e-03
1.806900000000201544e+03,1.023792759851846956e-03
1.807000000000201680e+03,1.036660941416132995e-03
1.807100000000201817e+03,1.049223386714538599e-03
1.807200000000201726e+03,1.061775453731817571e-03
1.807300000000201635e+03,1.074318573258586755e-03
1.807400000000201771e+03,1.086854387297219631e-03
1.807500000000201908e+03,1.099382897513305089e-03
1.807600000000201817e+03,1.111904105572238382e-03
1.807700000000201726e+03,1.124418013139268611e-03
1.807800000000201862e+03,1.136924621879451024e-03
1.807900000000201999e+03,1.149423933457582392e-03
1.808000000000201908e+03,1.161915949539170075e-03
1.808100000000201817e+03,1.174854414028708152e-03
1.808200000000201953e+03,1.187800147615243737e-03
1.808300000000202090e+03,1.200750079713560833e-03
1.808400000000201999e+03,1.213704208718294946e-03
1.808500000000201908e+03,1.226662533024348292e-03
1.808600000000202044e+03,1.239625051026836894e-03
1.808700000000202181e+03,1.252591761121025094e-03
1.808800000000202090e+03,1.265562661702387568e-03
1.808900000000201999e+03,1.278537751166666358e-03
1.809000000000202135e+03,1.291517027908302678e-03
1.809100000000202272e+03,1.303747646934174699e-03
1.809200000000202181e+03,1.315974955570117528e-03
1.809300000000202090e+03,1.328198954286769233e-03
1.809400000000202226e+03,1.340419643554739476e-03
1.809500000000202363e+03,1.352636763676728351e-03
1.809600000000202272e+03,1.364847668044963077e-03
1.809700000000202181e+03,1.377042201563457961e-03
1.809800000000202317e+03,1.389236900014790416e-03
1.809900000000202454e+03,1.401428070627540627e-03
1.810000000000202363e+03,1.413622714662609052e-03
1.810100000000202272e+03,1.425363276072069522e-03
1.810200000000202408e+03,1.437113149971165106e-03
1.810300000000202544e+03,1.448863518129178988e-03
1.810400000000202454e+03,1.460614380103208510e-03
1.810500000000202363e+03,1.472365735450453577e-03
1.810600000000202499e+03,1.484117583728160935e-03
1.810700000000202635e+03,1.495869924493563666e-03
1.810800000000202544e+03,1.507622757303942124e-03
1.810900000000202454e+03,1.519376081716677278e-03
1.811000000000202590e+03,1.531129897287465463e-03
1.811100000000202726e+03,1.542036258668349862e-03
1.811200000000202635e+03,1.552944972028600518e-03
1.811300000000202544e+03,1.563856036571536134e-03
1.811400000000202681e+03,1.574769451500519215e-03
1.811500000000202817e+03,1.585685216018914434e-03
1.811600000000202726e+03,1.596603329330133518e-03
1.811700000000202635e+03,1.607523790637677098e-03
1.811800000000202772e+03,1.618444355044528415e-03
1.811900000000202908e+03,1.629341577244796096e-03
1.812000000000202817e+03,1.640240771144758566e-03
1.812100000000202726e+03,1.649391788878400806e-03
1.812200000000202863e+03,1.658539539266083718e-03
1.812300000000202999e+03,1.667684022822306551e-03
1.812400000000202908e+03,1.676837725828991561e-03
1.812500000000202817e+03,1.685995347398263179e-03
1.812600000000202954e+03,1.695149915608420207e-03
1.812700000000203090e+03,1.704301430852648127e-03
1.812800000000202999e+03,1.713449893524143916e-03
1.812900000000202908e+03,1.722595304016165917e-03
1.813000000000203045e+03,1.731737662720315811e-03
1.813100000000203181e+03,1.740051509665323020e-03
1.813200000000203090e+03,1.748367771715911246e-03
1.813300000000202999e+03,1.756688505406281886e-03
1.813400000000203136e+03,1.765013709474201348e-03
1.813500000000203272e+03,1.773343382657439730e-03
1.813600000000203181e+03,1.781677523693825458e-03
1.813700000000203090e+03,1.790016131321275645e-03
1.813800000000203227e+03,1.798359204277753809e-03
1.813900000000203363e+03,1.806706741301244501e-03
1.814000000000203272e+03,1.815058741123897314e-03
1.814100000000203181e+03,1.820519069010814251e-03
1.814200000000203318e+03,1.825968476701263828e-03
1.814300000000203454e+03,1.831401862389074077e-03
1.814400000000203363e+03,1.836832306062293396e-03
1.814500000000203272e+03,1.842259808274671539e-03
1.814600000000203408e+03,1.847684369579938096e-03
1.814700000000203545e+03,1.853105990531783839e-03
1.814800000000203454e+03,1.858524671683870052e-03
1.814900000000203363e+03,1.863940413589874716e-03
1.815000000000203499e+03,1.869353216801141740e-03
1.815100000000203636e+03,1.873627783603544787e-03
1.815200000000203545e+03,1.877904476511110202e-03
1.815300000000203454e+03,1.882183294833021658e-03
1.815400000000203590e+03,1.886464237878517471e-03
1.815500000000203727e+03,1.890747304956870000e-03
1.815600000000203636e+03,1.895036721650588361e-03
1.815700000000203545e+03,1.899332706898590765e-03
1.815800000000203681e+03,1.903630853219973095e-03
1.815900000000203818e+03,1.907931159953110732e-03
1.816000000000203727e+03,1.912233626429773016e-03
1.816100000000203636e+03,1.913269303179561528e-03
1.816200000000203772e+03,1.914304631552673141e-03
1.816300000000203909e+03,1.915339611595922621e-03
1.816400000000203818e+03,1.916374243356137961e-03
1.816500000000203727e+03,1.917396082364291633e-03
1.816600000000203863e+03,1.918401631764874707e-03
1.816700000000204000e+03,1.919405259875982825e-03
1.816800000000203909e+03,1.920408508456177303e-03
1.816900000000203818e+03,1.921411377569815946e-03
1.817000000000203954e+03,1.922413867277119465e-03
1.817100000000204091e+03,1.921390828520726235e-03
1.817200000000204000e+03,1.920367407422226029e-03
1.817300000000203909e+03,1.919337868030861725e-03
1.817400000000204045e+03,1.918304937259011521e-03
1.817500000000204182e+03,1.917271634043516380e-03
1.817600000000204091e+03,1.916237958540245763e-03
1.817700000000204000e+03,1.915203910905045707e-03
1.817800000000204136e+03,1.914169491293740569e-03
1.817900000000204273e+03,1.913134699862136922e-03
1.818000000000204182e+03,1.912099536760454447e-03
1.818100000000204091e+03,1.908338734604608572e-03
1.818200000000204227e+03,1.904577226694187907e-03
1.818300000000204363e+03,1.900815013418391541e-03
1.818400000000204273e+03,1.897052095166361970e-03
1.818500000000204182e+03,1.893288472327156469e-03
1.818600000000204318e+03,1.889524145289770730e-03
1.818700000000204454e+03,1.885759114443151009e-03
1.818800000000204363e+03,1.881993380176177856e-03
1.818900000000204273e+03,1.878226942877653108e-03
1.819000000000204409e+03,1.874459802930051634e-03
1.819100000000204545e+03,1.867627431242516916e-03
1.819200000000204454e+03,1.860797777041070782e-03
1.819300000000204363e+03,1.853979459392659070e-03
1.819400000000204500e+03,1.847162797884371052e-03
1.819500000000204636e+03,1.840347792294840402e-03
1.819600000000204545e+03,1.833534442402712282e-03
1.819700000000204454e+03,1.826722747986611259e-03
1.819800000000204591e+03,1.819916068480296068e-03
1.819900000000204727e+03,1.813115940068082532e-03
1.820000000000204636e+03,1.806317404367161709e-03
1.820100000000204545e+03,1.797729511315320459e-03
1.820200000000204682e+03,1.789134377323022603e-03
1.820300000000204818e+03,1.780533267423096196e-03
1.820400000000204727e+03,1.771926183840709856e-03
1.820500000000204636e+03,1.763313128800660752e-03
1.820600000000204773e+03,1.754694104527407999e-03
1.820700000000204909e+03,1.746069113245127735e-03
1.820800000000204818e+03,1.737438157177655443e-03
1.820900000000204727e+03,1.728801238548451904e-03
1.821000000000204864e+03,1.720158359573671029e-03
1.821100000000205000e+03,1.708105581324495829e-03
1.821200000000204909e+03,1.696059027310229577e-03
1.821300000000204818e+03,1.684018696070195857e-03
1.821400000000204955e+03,1.671984586143909724e-03
1.821500000000205091e+03,1.659956696071133867e-03
1.821600000000205000e+03,1.647935024391803576e-03
1.821700000000204909e+03,1.635919569645994656e-03
1.821800000000205046e+03,1.623910330373970262e-03
1.821900000000205182e+03,1.611907305116227519e-03
1.822000000000205091e+03,1.599925044765975954e-03
1.822100000000205000e+03,1.586823797232116487e-03
1.822200000000205137e+03,1.573712267700189170e-03
1.822300000000205273e+03,1.560590459694776973e-03
1.822400000000205182e+03,1.547458376739979744e-03
1.822500000000205091e+03,1.534316022359335716e-03
1.822600000000205227e+03,1.521163400075901517e-03
1.822700000000205364e+03,1.508000513412308769e-03
1.822800000000205273e+03,1.494827365890690797e-03
1.822900000000205182e+03,1.481643961032643158e-03
1.823000000000205318e+03,1.468450302354057423e-03
1.823100000000205455e+03,1.452719306372524674e-03
1.823200000000205364e+03,1.436988755040250745e-03
1.823300000000205273e+03,1.421261883891444030e-03
1.823400000000205409e+03,1.405540430788707268e-03
1.823500000000205546e+03,1.389824394673455600e-03
1.823600000000205455e+03,1.374109682411364490e-03
1.823700000000205364e+03,1.358396419051420079e-03
1.823800000000205500e+03,1.342680580054563585e-03
1.823900000000205637e+03,1.326963199016984981e-03
1.824000000000205546e+03,1.311253698852512389e-03
1.824100000000205455e+03,1.294728364074008336e-03
1.824200000000205591e+03,1.278197790516297401e-03
1.824300000000205728e+03,1.261661981025866087e-03
1.824400000000205637e+03,1.245120938448553627e-03
1.824500000000205546e+03,1.228574665629480643e-03
1.824600000000205682e+03,1.212023165413122225e-03
1.824700000000205819e+03,1.195466440643389461e-03
1.824800000000205728e+03,1.178904494163545086e-03
1.824900000000205637e+03,1.162337328816136477e-03
1.825000000000205773e+03,1.145764947441386700e-03
1.825100000000205910e+03,1.128373631193684565e-03
1.825200000000205819e+03,1.110990239221839454e-03
1.825300000000205728e+03,1.093613268740281988e-03
1.825400000000205864e+03,1.076234587272527181e-03
1.825500000000206001e+03,1.058852425835848888e-03
1.825600000000205910e+03,1.041463572482445631e-03
1.825700000000205819e+03,1.024062615145270722e-03
1.825800000000205955e+03,1.006658587874387960e-03
1.825900000000206091e+03,9.892514926761778685e-04
1.826000000000206001e+03,9.718413315558903625e-04
1.826100000000205910e+03,9.540948360997948165e-04
1.826200000000206046e+03,9.363502682084112825e-04
1.826300000000206182e+03,9.186110020071144768e-04
1.826400000000206091e+03,9.008770364567089770e-04
1.826500000000206001e+03,8.831483705180657139e-04
1.826600000000206137e+03,8.654250031522148874e-04
1.826700000000206273e+03,8.477069333204193674e-04
1.826800000000206182e+03,8.299941599840967394e-04
1.826900000000206091e+03,8.122866821047354958e-04
1.827000000000206228e+03,7.945844987001092919e-04
1.827100000000206364e+03,8.041046728405203169e-04
1.827200000000206273e+03,8.136296975971835359e-04
1.827300000000206182e+03,8.231605973671036721e-04
1.827400000000206319e+03,8.326948888969401379e-04
1.827500000000206455e+03,8.422336609964912232e-04
1.827600000000206364e+03,8.517782113679435224e-04
1.827700000000206273e+03,8.613285366978783771e-04
1.827800000000206410e+03,8.708846336738074829e-04
1.827900000000206546e+03,8.804510247433613079e-04
1.828000000000206455e+03,8.900290449563093721e-04
1.828100000000206364e+03,9.020105446268827281e-04
1.828200000000206501e+03,9.139842833091110438e-04
1.828300000000206637e+03,9.259502635043063024e-04
1.828400000000206546e+03,9.379084877132255922e-04
1.828500000000206455e+03,9.498589584361248834e-04
1.828600000000206592e+03,9.618016781727064439e-04
1.828700000000206728e+03,9.737366494220608352e-04
1.828800000000206637e+03,9.856638746827250247e-04
1.828900000000206546e+03,9.975833564527356208e-04
1.829000000000206683e+03,1.009495097231411084e-03
1.829100000000206819e+03,1.022296890377768271e-03
1.829200000000206728e+03,1.035107268339552355e-03
1.829300000000206637e+03,1.047926226319989247e-03
1.829400000000206774e+03,1.060753759523642330e-03
1.829500000000206910e+03,1.073589863156350875e-03
1.829600000000206819e+03,1.086434532425292710e-03
1.829700000000206728e+03,1.099287762539038430e-03
1.829800000000206865e+03,1.112149548707496750e-03
1.829900000000207001e+03,1.125021951913751737e-03
1.830000000000206910e+03,1.137906046632770288e-03
1.830100000000206819e+03,1.150124958863732103e-03
1.830200000000206956e+03,1.162338628203225940e-03
1.830300000000207092e+03,1.174547056067706862e-03
1.830400000000207001e+03,1.186750243873349337e-03
1.830500000000206910e+03,1.198948193036090395e-03
1.830600000000207046e+03,1.211140904971583438e-03
1.830700000000207183e+03,1.223328381095140993e-03
1.830800000000207092e+03,1.235510622821791313e-03
1.830900000000207001e+03,1.247687631566329327e-03
1.831000000000207137e+03,1.259859408743516139e-03
1.831100000000207274e+03,1.272150547645431277e-03
1.831200000000207183e+03,1.284444182435002038e-03
1.831300000000207092e+03,1.296740311019205835e-03
1.831400000000207228e+03,1.309038931305664963e-03
1.831500000000207365e+03,1.321340041202570927e-03
1.831600000000207274e+03,1.333640178828979271e-03
1.831700000000207183e+03,1.345940094713668012e-03
1.831800000000207319e+03,1.358242381792934246e-03
1.831900000000207456e+03,1.370547037945506934e-03
1.832000000000207365e+03,1.382854061049595485e-03
1.832100000000207274e+03,1.394591669142876671e-03
1.832200000000207410e+03,1.406331320397676953e-03
1.832300000000207547e+03,1.418073012845003219e-03
1.832400000000207456e+03,1.429816744516500954e-03
1.832500000000207365e+03,1.441562513444508880e-03
1.832600000000207501e+03,1.453310317662006267e-03
1.832700000000207638e+03,1.465060155202552649e-03
1.832800000000207547e+03,1.476812024100352446e-03
1.832900000000207456e+03,1.488565922390296375e-03
1.833000000000207592e+03,1.500321848105131035e-03
1.833100000000207729e+03,1.510733732033287501e-03
1.833200000000207638e+03,1.521140631622439499e-03
1.833300000000207547e+03,1.531547682539225515e-03
1.833400000000207683e+03,1.541939737688750346e-03
1.833500000000207820e+03,1.552320734663639864e-03
1.833600000000207729e+03,1.562696606387221389e-03
1.833700000000207638e+03,1.573067354446649373e-03
1.833800000000207774e+03,1.583434857372214124e-03
1.833900000000207910e+03,1.593813893584575606e-03
1.834000000000207820e+03,1.604188051959015747e-03
1.834100000000207729e+03,1.614344329808003586e-03
1.834200000000207865e+03,1.624507089308487766e-03
1.834300000000208001e+03,1.634666120093638273e-03
1.834400000000207910e+03,1.644822656131822046e-03
1.834500000000207820e+03,1.654985425367320453e-03
1.834600000000207956e+03,1.665154423643250975e-03
1.834700000000208092e+03,1.675329646804024760e-03
1.834800000000208001e+03,1.685511090695386745e-03
1.834900000000207910e+03,1.695698751164474846e-03
1.835000000000208047e+03,1.705892624054180812e-03
1.835100000000208183e+03,1.713407517481812300e-03
1.835200000000208092e+03,1.720916266384016043e-03
1.835300000000208001e+03,1.728418873161662126e-03
1.835400000000208138e+03,1.735915340214969895e-03
1.835500000000208274e+03,1.743405669943485408e-03
1.835600000000208183e+03,1.750889864746101162e-03
1.835700000000208092e+03,1.758367927021098603e-03
1.835800000000208229e+03,1.765839859166116240e-03
1.835900000000208365e+03,1.773299400430291889e-03
1.836000000000208274e+03,1.780748884216408175e-03
1.836100000000208183e+03,1.787698220612286143e-03
1.836200000000208320e+03,1.794651093023979333e-03
1.836300000000208456e+03,1.801607498824005530e-03
1.836400000000208365e+03,1.808567435385793030e-03
1.836500000000208274e+03,1.815530900083706014e-03
1.836600000000208411e+03,1.822497890293025245e-03
1.836700000000208547e+03,1.829468403389902320e-03
1.836800000000208456e+03,1.836442436751401517e-03
1.836900000000208365e+03,1.843419987755525163e-03
1.837000000000208502e+03,1.850401053775102425e-03
1.837100000000208638e+03,1.854463143511426255e-03
1.837200000000208547e+03,1.858523416029240951e-03
1.837300000000208456e+03,1.862581871857520079e-03
1.837400000000208593e+03,1.866638511525123582e-03
1.837500000000208729e+03,1.870693335560763082e-03
1.837600000000208638e+03,1.874746344493042217e-03
1.837700000000208547e+03,1.878794169188396836e-03
1.837800000000208684e+03,1.882839796670188236e-03
1.837900000000208820e+03,1.886883594522037293e-03
1.838000000000208729e+03,1.890925563278926438e-03
1.838100000000208638e+03,1.893108619593269386e-03
1.838200000000208775e+03,1.895291484125413272e-03
1.838300000000208911e+03,1.897474156728486865e-03
1.838400000000208820e+03,1.899656637255693527e-03
1.838500000000208729e+03,1.901838925560322708e-03
1.838600000000208865e+03,1.904021021495742568e-03
1.838700000000209002e+03,1.906202924915381550e-03
1.838800000000208911e+03,1.908384635672742908e-03
1.838900000000208820e+03,1.910566153621420966e-03
1.839000000000208956e+03,1.912747478610823514e-03
1.839100000000209093e+03,1.912890581048433966e-03
1.839200000000209002e+03,1.913033477663277819e-03
1.839300000000208911e+03,1.913176168536690185e-03
1.839400000000209047e+03,1.913318653749975819e-03
1.839500000000209184e+03,1.913460933384424946e-03
1.839600000000209093e+03,1.913606418445786689e-03
1.839700000000209002e+03,1.913753751630525206e-03
1.839800000000209138e+03,1.913900880301752996e-03
1.839900000000209275e+03,1.914047804538919094e-03
1.840000000000209184e+03,1.914194524414121858e-03
1.840100000000209093e+03,1.910844581428744861e-03
1.840200000000209229e+03,1.907496790239238257e-03
1.840300000000209366e+03,1.904151150036069700e-03
1.840400000000209275e+03,1.900807660009925853e-03
1.840500000000209184e+03,1.897466319351707184e-03
1.840600000000209320e+03,1.894127127252530785e-03
1.840700000000209457e+03,1.890790082903755958e-03
1.840800000000209366e+03,1.887455185496963181e-03
1.840900000000209275e+03,1.884113986989019787e-03
1.841000000000209411e+03,1.880774826376167353e-03
1.841100000000209548e+03,1.876276713570272170e-03
1.841200000000209457e+03,1.871751592174016477e-03
1.841300000000209366e+03,1.867221748760508528e-03
1.841400000000209502e+03,1.862688111063350287e-03
1.841500000000209639e+03,1.858150681798188906e-03
1.841600000000209548e+03,1.853605966402628417e-03
1.841700000000209457e+03,1.849045527262529760e-03
1.841800000000209593e+03,1.844481380788669071e-03
1.841900000000209729e+03,1.839913529786635013e-03
1.842000000000209639e+03,1.835341977052711406e-03
1.842100000000209548e+03,1.826855632709746416e-03
1.842200000000209684e+03,1.818376343781635341e-03
1.842300000000209820e+03,1.809904107153851747e-03
1.842400000000209729e+03,1.801438919712866887e-03
1.842500000000209639e+03,1.792988572844274320e-03
1.842600000000209775e+03,1.784558195996577799e-03
1.842700000000209911e+03,1.776134663544223216e-03
1.842800000000209820e+03,1.767717972609577541e-03
1.842900000000209729e+03,1.759308120315844536e-03
1.843000000000209866e+03,1.750905103784382213e-03
1.843100000000210002e+03,1.741207752133137497e-03
1.843200000000209911e+03,1.731506585296701791e-03
1.843300000000209820e+03,1.721801606384514667e-03
1.843400000000209957e+03,1.712098539998757737e-03
1.843500000000210093e+03,1.702393670149414222e-03
1.843600000000210002e+03,1.692684908976284288e-03
1.843700000000209911e+03,1.682972259532599432e-03
1.843800000000210048e+03,1.673255724870500441e-03
1.843900000000210184e+03,1.663522151864798692e-03
1.844000000000210093e+03,1.653778692278521679e-03
1.844100000000210002e+03,1.641364055560628121e-03
1.844200000000210139e+03,1.628952655310449702e-03
1.844300000000210275e+03,1.616544491112716173e-03
1.844400000000210184e+03,1.604139562552161623e-03
1.844500000000210093e+03,1.591737869213434705e-03
1.844600000000210230e+03,1.579339410681180819e-03
1.844700000000210366e+03,1.566942307036003597e-03
1.844800000000210275e+03,1.554547238480284872e-03
1.844900000000210184e+03,1.542155452762139761e-03
1.845000000000210321e+03,1.529766949443130348e-03
1.845100000000210457e+03,1.515362779148695565e-03
1.845200000000210366e+03,1.500964665982123646e-03
1.845300000000210275e+03,1.486590361634742641e-03
1.845400000000210412e+03,1.472222721596408304e-03
1.845500000000210548e+03,1.457861496753262622e-03
1.845600000000210457e+03,1.443506685162603735e-03
1.845700000000210366e+03,1.429158284882139397e-03
1.845800000000210503e+03,1.414816293970040965e-03
1.845900000000210639e+03,1.400480710485019296e-03
1.846000000000210548e+03,1.386151532484540148e-03
1.846100000000210457e+03,1.371009695585053822e-03
1.846200000000210593e+03,1.355859953634192287e-03
1.846300000000210730e+03,1.340702312181259832e-03
1.846400000000210639e+03,1.325536776773679438e-03
1.846500000000210548e+03,1.310363352956919920e-03
1.846600000000210684e+03,1.295182046274568786e-03
1.846700000000210821e+03,1.279992862268400757e-03
1.846800000000210730e+03,1.264795806478307728e-03
1.846900000000210639e+03,1.249590884442234586e-03
1.847000000000210775e+03,1.234378101692168959e-03
1.847100000000210912e+03,1.217227316181947573e-03
1.847200000000210821e+03,1.200089682112451045e-03
1.847300000000210730e+03,1.182969110779626219e-03
1.847400000000210866e+03,1.165865594781406072e-03
1.847500000000211003e+03,1.148779126718008645e-03
1.847600000000210912e+03,1.131713046709318174e-03
1.847700000000210821e+03,1.114665679782308278e-03
1.847800000000210957e+03,1.097635183431274527e-03
1.847900000000211094e+03,1.080621550498348004e-03
1.848000000000211003e+03,1.063632178663869625e-03
1.848100000000210912e+03,1.047042602273640446e-03
1.848200000000211048e+03,1.030443824637999623e-03
1.848300000000211185e+03,1.013836138488978262e-03
1.848400000000211094e+03,9.972172726094698323e-04
1.848500000000211003e+03,9.805872336243054432e-04
1.848600000000211139e+03,9.639460281563537979e-04
1.848700000000211276e+03,9.472936628265952444e-04
1.848800000000211185e+03,9.306301442540530376e-04
1.848900000000211094e+03,9.139554790557141923e-04
1.849000000000211230e+03,8.972696738598537856e-04
1.849100000000211367e+03,8.868556679022557244e-04
1.849200000000211276e+03,8.764489615011812401e-04
1.849300000000211185e+03,8.660495521127763163e-04
1.849400000000211321e+03,8.556484298195120991e-04
1.849500000000211458e+03,8.452538732557122276e-04
1.849600000000211367e+03,8.348668474588042754e-04
1.849700000000211276e+03,8.244873496412743162e-04
1.849800000000211412e+03,8.141153770163259487e-04
1.849900000000211548e+03,8.037509267979302784e-04
1.850000000000211458e+03,7.933939962466875608e-04
1.850100000000211367e+03,8.047541899178558287e-04
1.850200000000211503e+03,8.161119054142142041e-04
1.850300000000211639e+03,8.274671422386423300e-04
1.850400000000211548e+03,8.388198998945571800e-04
1.850500000000211458e+03,8.501701778859627147e-04
1.850600000000211594e+03,8.615179757173985989e-04
1.850700000000211730e+03,8.728632928938847993e-04
1.850800000000211639e+03,8.842061289209843591e-04
1.850900000000211548e+03,8.955464833048370089e-04
1.851000000000211685e+03,9.068802993275895067e-04
1.851100000000211821e+03,9.186250385148401424e-04
1.851200000000211730e+03,9.303760876305363020e-04
1.851300000000211639e+03,9.421305176674638071e-04
1.851400000000211776e+03,9.538845325448705101e-04
1.851500000000211912e+03,9.656381303768686976e-04
1.851600000000211821e+03,9.773913092786098641e-04
1.851700000000211730e+03,9.891446659465320378e-04
1.851800000000211867e+03,1.000901576954699515e-03
1.851900000000212003e+03,1.012660176484533664e-03
1.852000000000211912e+03,1.024418503405491801e-03
1.852100000000211821e+03,1.035783881661473836e-03
1.852200000000211958e+03,1.047137007323171651e-03
1.852300000000212094e+03,1.058477886573183082e-03
1.852400000000212003e+03,1.069806525592048802e-03
1.852500000000211912e+03,1.081122930558298719e-03
1.852600000000212049e+03,1.092414996870577724e-03
1.852700000000212185e+03,1.103693967135984571e-03
1.852800000000212094e+03,1.114960458853721855e-03
1.852900000000212003e+03,1.126214478611609927e-03
1.853000000000212140e+03,1.137456032996882150e-03
1.853100000000212276e+03,1.149517070783519310e-03
1.853200000000212185e+03,1.161583932314670664e-03
1.853300000000212094e+03,1.173656611345141529e-03
1.853400000000212231e+03,1.185735101632470713e-03
1.853500000000212367e+03,1.197830874215116519e-03
1.853600000000212276e+03,1.209935184748704923e-03
1.853700000000212185e+03,1.222045570484676155e-03
1.853800000000212322e+03,1.234162025413459551e-03
1.853900000000212458e+03,1.246284543527888993e-03
1.854000000000212367e+03,1.258413118820261465e-03
1.854100000000212276e+03,1.269137636071345160e-03
1.854200000000212412e+03,1.279848686039509586e-03
1.854300000000212549e+03,1.290546275685319896e-03
1.854400000000212458e+03,1.301219903461856052e-03
1.854500000000212367e+03,1.311875216810087352e-03
1.854600000000212503e+03,1.322516842030427514e-03
1.854700000000212640e+03,1.333144786535225054e-03
1.854800000000212549e+03,1.343759057734244177e-03
1.854900000000212458e+03,1.354359663034704255e-03
1.855000000000212594e+03,1.364946609841972839e-03
1.855100000000212731e+03,1.375872360000677695e-03
1.855200000000212640e+03,1.386794047441921056e-03
1.855300000000212549e+03,1.397718531297859491e-03
1.855400000000212685e+03,1.408644134079754806e-03
1.855500000000212822e+03,1.419570852998483469e-03
1.855600000000212731e+03,1.430498685266275031e-03
1.855700000000212640e+03,1.441427628096750941e-03
1.855800000000212776e+03,1.452357678704872292e-03
1.855900000000212913e+03,1.463288834306902299e-03
1.856000000000212822e+03,1.474224321109237398e-03
1.856100000000212731e+03,1.483886782296365506e-03
1.856200000000212867e+03,1.493543892674760020e-03
1.856300000000213004e+03,1.503192639599305576e-03
1.856400000000212913e+03,1.512836624371289521e-03
1.856500000000212822e+03,1.522475848474138518e-03
1.856600000000212958e+03,1.532110313390952234e-03
1.856700000000213095e+03,1.541755656202265607e-03
1.856800000000213004e+03,1.551398796412179750e-03
1.856900000000212913e+03,1.561037407060529526e-03
1.857000000000213049e+03,1.570671489475555837e-03
1.857100000000213186e+03,1.578894991592343783e-03
1.857200000000213095e+03,1.587111112127106852e-03
1.857300000000213004e+03,1.595319854497442413e-03
1.857400000000213140e+03,1.603521222119886399e-03
1.857500000000213277e+03,1.611715218409875798e-03
1.857600000000213186e+03,1.619901846781799607e-03
1.857700000000213095e+03,1.628081110649023337e-03
1.857800000000213231e+03,1.636253013423851930e-03
1.857900000000213367e+03,1.644417558517501142e-03
1.858000000000213277e+03,1.652571362187611748e-03
1.858100000000213186e+03,1.660360211299485335e-03
1.858200000000213322e+03,1.668151415178169067e-03
1.858300000000213458e+03,1.675944970722027241e-03
1.858400000000213367e+03,1.683740874830831451e-03
1.858500000000213277e+03,1.691551181589757893e-03
1.858600000000213413e+03,1.699371651420135366e-03
1.858700000000213549e+03,1.707194643506735514e-03
1.858800000000213458e+03,1.715020154849475516e-03
1.858900000000213367e+03,1.722848182449577496e-03
1.859000000000213504e+03,1.730678723302811993e-03
1.859100000000213640e+03,1.735362319188610714e-03
1.859200000000213549e+03,1.740038045056264233e-03
1.859300000000213458e+03,1.744705905340959793e-03
1.859400000000213595e+03,1.749365904476323820e-03
1.859500000000213731e+03,1.754018046894403925e-03
1.859600000000213640e+03,1.758662337025686251e-03
1.859700000000213549e+03,1.763298779299129733e-03
1.859800000000213686e+03,1.767927378142124251e-03
1.859900000000213822e+03,1.772548137980486287e-03
1.860000000000213731e+03,1.777163954682455492e-03
1.860100000000213640e+03,1.781493744908903970e-03
1.860200000000213777e+03,1.785824614437263530e-03
1.860300000000213913e+03,1.790156561796353357e-03
1.860400000000213822e+03,1.794489585515640986e-03
1.860500000000213731e+03,1.798823684125240357e-03
1.860600000000213868e+03,1.803158856155918097e-03
1.860700000000214004e+03,1.807495100139055576e-03
1.860800000000213913e+03,1.811832414606668641e-03
1.860900000000213822e+03,1.816170798091437536e-03
1.861000000000213959e+03,1.820510249119971407e-03
1.861100000000214095e+03,1.821711757972139644e-03
1.861200000000214004e+03,1.822906950260057713e-03
1.861300000000213913e+03,1.824084035096471641e-03
1.861400000000214050e+03,1.825259524162427304e-03
1.861500000000214186e+03,1.826433418327626582e-03
1.861600000000214095e+03,1.827605718461460622e-03
1.861700000000214004e+03,1.828776425433005287e-03
1.861800000000214141e+03,1.829945540111027440e-03
1.861900000000214277e+03,1.831113063363975406e-03
1.862000000000214186e+03,1.832278996055841224e-03
1.862100000000214095e+03,1.831513070927069881e-03
1.862200000000214231e+03,1.830766781786888646e-03
1.862300000000214368e+03,1.830017636073853066e-03
1.862400000000214277e+03,1.829268229376664360e-03
1.862500000000214186e+03,1.828519086814983825e-03
1.862600000000214322e+03,1.827770208309560836e-03
1.862700000000214459e+03,1.827021593781163198e-03
1.862800000000214368e+03,1.826273243150585606e-03
1.862900000000214277e+03,1.825525156338633163e-03
1.863000000000214413e+03,1.824777333262697036e-03
1.863100000000214550e+03,1.822406472521066701e-03
1.863200000000214459e+03,1.820034604713269147e-03
1.863300000000214368e+03,1.817662483925601034e-03
1.863400000000214504e+03,1.815290110806744859e-03
1.863500000000214641e+03,1.812917486005038341e-03
1.863600000000214550e+03,1.810545446790183836e-03
1.863700000000214459e+03,1.808177481828550804e-03
1.863800000000214595e+03,1.805809253587092097e-03
1.863900000000214732e+03,1.803440762710576675e-03
1.864000000000214641e+03,1.801072009835393050e-03
1.864100000000214550e+03,1.794956585845922234e-03
1.864200000000214686e+03,1.788849030089132049e-03
1.864300000000214823e+03,1.782749337875803430e-03
1.864400000000214732e+03,1.776657504518616617e-03
1.864500000000214641e+03,1.770573525332107788e-03
1.864600000000214777e+03,1.764497395632720232e-03
1.864700000000214914e+03,1.758429110738811939e-03
1.864800000000214823e+03,1.752368665970630013e-03
1.864900000000214732e+03,1.746316056650284651e-03
1.865000000000214868e+03,1.740271278100478242e-03
1.865100000000215005e+03,1.733618417163427204e-03
1.865200000000214914e+03,1.726962869531018657e-03
1.865300000000214823e+03,1.720304638713135523e-03
1.865400000000214959e+03,1.713643728217853143e-03
1.865500000000215095e+03,1.706983381099854606e-03
1.865600000000215005e+03,1.700321963496708930e-03
1.865700000000214914e+03,1.693657838651993009e-03
1.865800000000215050e+03,1.686993382766281474e-03
1.865900000000215186e+03,1.680327189632597508e-03
1.866000000000215095e+03,1.673658273125285369e-03
1.866100000000215005e+03,1.663426263926950140e-03
1.866200000000215141e+03,1.653195038936775127e-03
1.866300000000215277e+03,1.642974445265227420e-03
1.866400000000215186e+03,1.632766545585885186e-03
1.866500000000215095e+03,1.622571332182210510e-03
1.866600000000215232e+03,1.612388797340918306e-03
1.866700000000215368e+03,1.602218933352023145e-03
1.866800000000215277e+03,1.592061732508790470e-03
1.866900000000215186e+03,1.581916739783663416e-03
1.867000000000215323e+03,1.571777690674043895e-03
1.867100000000215459e+03,1.560342228180085005e-03
1.867200000000215368e+03,1.548928372005619215e-03
1.867300000000215277e+03,1.537522015468559093e-03
1.867400000000215414e+03,1.526121020522127258e-03
1.867500000000215550e+03,1.514725385514832916e-03
1.867600000000215459e+03,1.503335108795563662e-03
1.867700000000215368e+03,1.491950188713536251e-03
1.867800000000215505e+03,1.480574972256656170e-03
1.867900000000215641e+03,1.469207414345617213e-03
1.868000000000215550e+03,1.457845104625152006e-03
1.868100000000215459e+03,1.444910434101833461e-03
1.868200000000215596e+03,1.431975186100378425e-03
1.868300000000215732e+03,1.419043559344084328e-03
1.868400000000215641e+03,1.406115553973932364e-03
1.868500000000215550e+03,1.393191170130298091e-03
1.868600000000215687e+03,1.380270407953011931e-03
1.868700000000215823e+03,1.367353267581422702e-03
1.868800000000215732e+03,1.354439749154330184e-03
1.868900000000215641e+03,1.341529852809938712e-03
1.869000000000215778e+03,1.328623578681079314e-03
1.869100000000215914e+03,1.313494532573932774e-03
1.869200000000215823e+03,1.298388044451245348e-03
1.869300000000215732e+03,1.283304099684702418e-03
1.869400000000215869e+03,1.268243566633169266e-03
1.869500000000216005e+03,1.253219301752649638e-03
1.869600000000215914e+03,1.238217186049642062e-03
1.869700000000215823e+03,1.223237205685487805e-03
1.869800000000215960e+03,1.208279346827358320e-03
1.869900000000216096e+03,1.193343595648323771e-03
1.870000000000216005e+03,1.178429938327596547e-03
1.870100000000215914e+03,1.163670561951733956e-03
1.870200000000216050e+03,1.148905656267227605e-03
1.870300000000216187e+03,1.134135228920234856e-03
1.870400000000216096e+03,1.119347115537928103e-03
1.870500000000216005e+03,1.104552916694932600e-03
1.870600000000216141e+03,1.089753564565931277e-03
1.870700000000216278e+03,1.074949066985524072e-03
1.870800000000216187e+03,1.060139431783928580e-03
1.870900000000216096e+03,1.045324666786915432e-03
1.871000000000216232e+03,1.030504779812559590e-03
1.871100000000216369e+03,1.014160099528406628e-03
1.871200000000216278e+03,9.978365325289484476e-04
1.871300000000216187e+03,9.815385493851429624e-04
1.871400000000216323e+03,9.652662344535399130e-04
1.871500000000216460e+03,9.490195703565459029e-04
1.871600000000216369e+03,9.327985397245811992e-04
1.871700000000216278e+03,9.166031251960049227e-04
1.871800000000216414e+03,9.004333094171808587e-04
1.871900000000216551e+03,8.842890750425592061e-04
1.872000000000216460e+03,8.681726216889462623e-04
1.872100000000216369e+03,8.527310098837781677e-04
1.872200000000216505e+03,8.373012637386945513e-04
1.872300000000216642e+03,8.218797194000185833e-04
1.872400000000216551e+03,8.064631027626299959e-04
1.872500000000216460e+03,7.910514135655658799e-04
1.872600000000216596e+03,7.756446515474019979e-04
1.872700000000216733e+03,7.602428164463219569e-04
1.872800000000216642e+03,7.448465126339016539e-04
1.872900000000216551e+03,7.294559703608146511e-04
1.873000000000216687e+03,7.140702930114171303e-04
1.873100000000216824e+03,7.241410062654155726e-04
1.873200000000216733e+03,7.342062264069025004e-04
1.873300000000216642e+03,7.442659554007532248e-04
1.873400000000216778e+03,7.543201952113048588e-04
1.873500000000216914e+03,7.643689478023075285e-04
1.873600000000216824e+03,7.744033591765964565e-04
1.873700000000216733e+03,7.844318533002791072e-04
1.873800000000216869e+03,7.944546312570651683e-04
1.873900000000217005e+03,8.044716951925519246e-04
1.874000000000216914e+03,8.144830472515656849e-04
1.874100000000216824e+03,8.244152041850984084e-04
1.874200000000216960e+03,8.343311581196643937e-04
1.874300000000217096e+03,8.442309201509042146e-04
1.874400000000217005e+03,8.541145013693368909e-04
1.874500000000216914e+03,8.639819128604030391e-04
1.874600000000217051e+03,8.738331657044161923e-04
1.874700000000217187e+03,8.836682709765349359e-04
1.874800000000217096e+03,8.934872397467899042e-04
1.874900000000217005e+03,9.032900830801481821e-04
1.875000000000217142e+03,9.130768120386793243e-04
1.875100000000217278e+03,9.238783952463683422e-04
1.875200000000217187e+03,9.346829491676289818e-04
1.875300000000217096e+03,9.454904684100806905e-04
1.875400000000217233e+03,9.562970584367643748e-04
1.875500000000217369e+03,9.671060477139465294e-04
1.875600000000217278e+03,9.779178877614951981e-04
1.875700000000217187e+03,9.887325731612257081e-04
1.875800000000217324e+03,9.995500984982120651e-04
1.875900000000217460e+03,1.010370458360745861e-03
1.876000000000217369e+03,1.021193647338047850e-03
1.876100000000217278e+03,1.030937656757819568e-03
1.876200000000217415e+03,1.040662833388151598e-03
1.876300000000217551e+03,1.050370271083785534e-03
1.876400000000217460e+03,1.060062053086687460e-03
1.876500000000217369e+03,1.069735119314985669e-03
1.876600000000217506e+03,1.079389482874513204e-03
1.876700000000217642e+03,1.089025156865002734e-03
1.876800000000217551e+03,1.098642154380118649e-03
1.876900000000217460e+03,1.108240488507514958e-03
1.877000000000217597e+03,1.117820172330275105e-03
1.877100000000217733e+03,1.128072317448288071e-03
1.877200000000217642e+03,1.138322137562968383e-03
1.877300000000217551e+03,1.148569631936607102e-03
1.877400000000217688e+03,1.158814799832307788e-03
1.877500000000217824e+03,1.169057640513934898e-03
1.877600000000217733e+03,1.179298153246161052e-03
1.877700000000217642e+03,1.189548814243310704e-03
1.877800000000217779e+03,1.199798823010803572e-03
1.877900000000217915e+03,1.210050283570707121e-03
1.878000000000217824e+03,1.220301693962916670e-03
1.878100000000217733e+03,1.229820094697336302e-03
1.878200000000217869e+03,1.239331609171999719e-03
1.878300000000218006e+03,1.248836240593268095e-03
1.878400000000217915e+03,1.258333992166352699e-03
1.878500000000217824e+03,1.267824867095368674e-03
1.878600000000217960e+03,1.277320333814996453e-03
1.878700000000218097e+03,1.286812616723186000e-03
1.878800000000218006e+03,1.296298254655441247e-03
1.878900000000217915e+03,1.305777250578015955e-03
1.879000000000218051e+03,1.315249607453625701e-03
1.879100000000218188e+03,1.323545906303746217e-03
1.879200000000218097e+03,1.331828794498117865e-03
1.879300000000218006e+03,1.340098280630071768e-03
1.879400000000218142e+03,1.348354373289293532e-03
1.879500000000218279e+03,1.356597081061782688e-03
1.879600000000218188e+03,1.364821385334330636e-03
1.879700000000218097e+03,1.373031072166467931e-03
1.879800000000218233e+03,1.381227624948778120e-03
1.879900000000218370e+03,1.389412038427491683e-03
1.880000000000218279e+03,1.397567880418378776e-03
1.880100000000218188e+03,1.406126196502941036e-03
1.880200000000218324e+03,1.414686630923430105e-03
1.880300000000218461e+03,1.423246384967901063e-03
1.880400000000218370e+03,1.431806939781993422e-03
1.880500000000218279e+03,1.440369551793237342e-03
1.880600000000218415e+03,1.448934216907698212e-03
1.880700000000218552e+03,1.457500931033880228e-03
1.880800000000218461e+03,1.466069690082742868e-03
1.880900000000218370e+03,1.474640489967767466e-03
1.881000000000218506e+03,1.483213326598988892e-03
1.881100000000218643e+03,1.489078591977197313e-03
1.881200000000218552e+03,1.494930587556064132e-03
1.881300000000218461e+03,1.500769329956262504e-03
1.881400000000218597e+03,1.506584025727951285e-03
1.881500000000218733e+03,1.512385396683155929e-03
1.881600000000218643e+03,1.518173452696891090e-03
1.881700000000218552e+03,1.523948203639405048e-03
1.881800000000218688e+03,1.529709659376160633e-03
1.881900000000218824e+03,1.535457829767800314e-03
1.882000000000218733e+03,1.541192724670369758e-03
1.882100000000218643e+03,1.547007931267660842e-03
1.882200000000218779e+03,1.552818575277955344e-03
1.882300000000218915e+03,1.558628216194406831e-03
1.882400000000218824e+03,1.564436853276782559e-03
1.882500000000218733e+03,1.570244485785527843e-03
1.882600000000218870e+03,1.576051112981722907e-03
1.882700000000219006e+03,1.581869423778702955e-03
1.882800000000218915e+03,1.587692683578354651e-03
1.882900000000218824e+03,1.593515072693465389e-03
1.883000000000218961e+03,1.599336590357478428e-03
1.883100000000219097e+03,1.603144929349255678e-03
1.883200000000219006e+03,1.606933408436973538e-03
1.883300000000218915e+03,1.610718513492442709e-03
1.883400000000219052e+03,1.614500246297709491e-03
1.883500000000219188e+03,1.618278608634090730e-03
1.883600000000219097e+03,1.622053602282195073e-03
1.883700000000219006e+03,1.625825229021950289e-03
1.883800000000219143e+03,1.629593490632577461e-03
1.883900000000219279e+03,1.633358388892571043e-03
1.884000000000219188e+03,1.637119925574832954e-03
1.884100000000219097e+03,1.638683845864882848e-03
1.884200000000219234e+03,1.640244562595803614e-03
1.884300000000219370e+03,1.641801727797812058e-03
1.884400000000219279e+03,1.643355343742314333e-03
1.884500000000219188e+03,1.644905412699794803e-03
1.884600000000219325e+03,1.646463218110382756e-03
1.884700000000219461e+03,1.648019983307066547e-03
1.884800000000219370e+03,1.649573234167826937e-03
1.884900000000219279e+03,1.651122972871150053e-03
1.885000000000219416e+03,1.652669201594041647e-03
1.885100000000219552e+03,1.653932773905116308e-03
1.885200000000219461e+03,1.655196449683932073e-03
1.885300000000219370e+03,1.656460228575489056e-03
1.885400000000219507e+03,1.657724110224978844e-03
1.885500000000219643e+03,1.658988094277782108e-03
1.885600000000219552e+03,1.660252180379460148e-03
1.885700000000219461e+03,1.661516368175774191e-03
1.885800000000219597e+03,1.662780657312675847e-03
1.885900000000219734e+03,1.664045047436297142e-03
1.886000000000219643e+03,1.665309538184572662e-03
1.886100000000219552e+03,1.662757856861763568e-03
1.886200000000219688e+03,1.660208677082461969e-03
1.886300000000219825e+03,1.657661997498579773e-03
1.886400000000219734e+03,1.655117816762541284e-03
1.886500000000219643e+03,1.652576133527263683e-03
1.886600000000219779e+03,1.650036946446165054e-03
1.886700000000219916e+03,1.647500254173189099e-03
1.886800000000219825e+03,1.644954433176507805e-03
1.886900000000219734e+03,1.642406148246472724e-03
1.887000000000219870e+03,1.639861024612221168e-03
1.887100000000220007e+03,1.636890152517599464e-03
1.887200000000219916e+03,1.633920094534668365e-03
1.887300000000219825e+03,1.630968492920609712e-03
1.887400000000219961e+03,1.628016903191363204e-03
1.887500000000220098e+03,1.625065325874690920e-03
1.887600000000220007e+03,1.622113761498064155e-03
1.887700000000219916e+03,1.619162210588653665e-03
1.887800000000220052e+03,1.616210673673346360e-03
1.887900000000220189e+03,1.613259151278745090e-03
1.888000000000220098e+03,1.610307643925607338e-03
1.888100000000220007e+03,1.604830237439920388e-03
1.888200000000220143e+03,1.599339428132047145e-03
1.888300000000220280e+03,1.593850668708320442e-03
1.888400000000220189e+03,1.588365667836288226e-03
1.888500000000220098e+03,1.582884423858725359e-03
1.888600000000220234e+03,1.577406935118945116e-03
1.888700000000220371e+03,1.571933199960841906e-03
1.888800000000220280e+03,1.566461617758542349e-03
1.888900000000220189e+03,1.560988291302423071e-03
1.889000000000220325e+03,1.555518763218337363e-03
1.889100000000220462e+03,1.547558799586684717e-03
1.889200000000220371e+03,1.539609324010986820e-03
1.889300000000220280e+03,1.531670330657141157e-03
1.889400000000220416e+03,1.523741813693171116e-03
1.889500000000220552e+03,1.515824642695899139e-03
1.889600000000220462e+03,1.507921360901050755e-03
1.889700000000220371e+03,1.500034002270652549e-03
1.889800000000220507e+03,1.492158299326801132e-03
1.889900000000220643e+03,1.484292927176949486e-03
1.890000000000220552e+03,1.476437880232332484e-03
1.890100000000220462e+03,1.468228995335791025e-03
1.890200000000220598e+03,1.460015580740369042e-03
1.890300000000220734e+03,1.451797640752214204e-03
1.890400000000220643e+03,1.443573281303258326e-03
1.890500000000220552e+03,1.435343457850410094e-03
1.890600000000220689e+03,1.427109154706298960e-03
1.890700000000220825e+03,1.418870376196634418e-03
1.890800000000220734e+03,1.410627126645353294e-03
1.890900000000220643e+03,1.402379410374602611e-03
1.891000000000220780e+03,1.394127231697490834e-03
1.891100000000220916e+03,1.382588374370647679e-03
1.891200000000220825e+03,1.371069204976786346e-03
1.891300000000220734e+03,1.359569712370386563e-03
1.891400000000220871e+03,1.348089885409838344e-03
1.891500000000221007e+03,1.336629712957511157e-03
1.891600000000220916e+03,1.325189183879673912e-03
1.891700000000220825e+03,1.313768287046465904e-03
1.891800000000220962e+03,1.302367011331935845e-03
1.891900000000221098e+03,1.290985345614091518e-03
1.892000000000221007e+03,1.279623278774400397e-03
1.892100000000220916e+03,1.268064518688929217e-03
1.892200000000221053e+03,1.256505942051550691e-03
1.892300000000221189e+03,1.244947550700237519e-03
1.892400000000221098e+03,1.233389346472027600e-03
1.892500000000221007e+03,1.221831331202968092e-03
1.892600000000221144e+03,1.210273506728175253e-03
1.892700000000221280e+03,1.198719565149657541e-03
1.892800000000221189e+03,1.187176010701146422e-03
1.892900000000221098e+03,1.175632381871104205e-03
1.893000000000221235e+03,1.164087937959179357e-03
1.893100000000221371e+03,1.151115672577054244e-03
1.893200000000221280e+03,1.138150499304379192e-03
1.893300000000221189e+03,1.125192415696345738e-03
1.893400000000221326e+03,1.112241419308747587e-03
1.893500000000221462e+03,1.099297507698033301e-03
1.893600000000221371e+03,1.086362376041527565e-03
1.893700000000221280e+03,1.073445191374899780e-03
1.893800000000221416e+03,1.060534781157784854e-03
1.893900000000221553e+03,1.047633523218892979e-03
1.894000000000221462e+03,1.034739271912956792e-03
1.894100000000221371e+03,1.020607052016721857e-03
1.894200000000221507e+03,1.006489665975913257e-03
1.894300000000221644e+03,9.923923369650651527e-04
1.894400000000221553e+03,9.783150554671263353e-04
1.894500000000221462e+03,9.642578119675353568e-04
1.894600000000221598e+03,9.502205969542725731e-04
1.894700000000221735e+03,9.362034009179317010e-04
1.894800000000221644e+03,9.222062143516520554e-04
1.894900000000221553e+03,9.082290277510590270e-04
1.895000000000221689e+03,8.942718316156568481e-04
1.895100000000221826e+03,8.809239166289412970e-04
1.895200000000221735e+03,8.675666067164783347e-04
1.895300000000221644e+03,8.541999087125870960e-04
1.895400000000221780e+03,8.408238294495914587e-04
1.895500000000221917e+03,8.274383757578702417e-04
1.895600000000221826e+03,8.140435544658046214e-04
1.895700000000221735e+03,8.006393723997112365e-04
1.895800000000221871e+03,7.872258363839110349e-04
1.895900000000222008e+03,7.738029532407819655e-04
1.896000000000221917e+03,7.603707297975319896e-04
1.896100000000221826e+03,7.500192165652503143e-04
1.896200000000221962e+03,7.396850564629758049e-04
1.896300000000222099e+03,7.293682409885101671e-04
1.896400000000222008e+03,7.190687616419689024e-04
1.896500000000221917e+03,7.087866099257330611e-04
1.896600000000222053e+03,6.985217773444980316e-04
1.896700000000222190e+03,6.882742554053189682e-04
1.896800000000222099e+03,6.780425987607025971e-04
1.896900000000222008e+03,6.678218650334739707e-04
1.897000000000222144e+03,6.576186555442392308e-04
1.897100000000222281e+03,6.666273397886748843e-04
1.897200000000222190e+03,6.756352746075818504e-04
1.897300000000222099e+03,6.846375136133684000e-04
1.897400000000222235e+03,6.936347497564956509e-04
1.897500000000222371e+03,7.026292125349571606e-04
1.897600000000222281e+03,7.116226391343185740e-04
1.897700000000222190e+03,7.206150286291276852e-04
1.897800000000222326e+03,7.296063800944914109e-04
1.897900000000222462e+03,7.385966926060339409e-04
1.898000000000222371e+03,7.475859652403233713e-04
1.898100000000222281e+03,7.567466457136197075e-04
1.898200000000222417e+03,7.659126800278994373e-04
1.898300000000222553e+03,7.750848621819752225e-04
1.898400000000222462e+03,7.842540847811530890e-04
1.898500000000222371e+03,7.934203482583624453e-04
1.898600000000222508e+03,8.025836530465510227e-04
1.898700000000222644e+03,8.117439995786371711e-04
1.898800000000222553e+03,8.209013882875535514e-04
1.898900000000222462e+03,8.300558196062908295e-04
1.899000000000222599e+03,8.392072939669366393e-04
1.899100000000222735e+03,8.479379973131657500e-04
1.899200000000222644e+03,8.566537077344040397e-04
1.899300000000222553e+03,8.653544325934350682e-04
1.899400000000222690e+03,8.740401792510866033e-04
1.899500000000222826e+03,8.827109550662038404e-04
1.899600000000222735e+03,8.913584797172705455e-04
1.899700000000222644e+03,8.999887016110293689e-04
1.899800000000222781e+03,9.086037725622479137e-04
1.899900000000222917e+03,9.172037004475300627e-04
1.900000000000222826e+03,9.257884931436261748e-04
1.900100000000222735e+03,9.354640180587128371e-04
1.900200000000222872e+03,9.451464250615508513e-04
1.900300000000223008e+03,9.548357085532749875e-04
1.900400000000222917e+03,9.645318629368910233e-04
1.900500000000222826e+03,9.742424645498018931e-04
1.900600000000222963e+03,9.839645762325444685e-04
1.900700000000223099e+03,9.936959958532704581e-04
1.900800000000223008e+03,1.003434548077710483e-03
1.900900000000222917e+03,1.013177795455644367e-03
1.901000000000223054e+03,1.022919989484769466e-03
1.901100000000223190e+03,1.031227913209025989e-03
1.901200000000223099e+03,1.039520809168495387e-03
1.901300000000223008e+03,1.047798685426767386e-03
1.901400000000223145e+03,1.056068167389936831e-03
1.901500000000223281e+03,1.064328562098666676e-03
1.901600000000223190e+03,1.072574154294361542e-03
1.901700000000223099e+03,1.080804951503283812e-03
1.901800000000223235e+03,1.089020961249555219e-03
1.901900000000223372e+03,1.097222191055119119e-03
1.902000000000223281e+03,1.105408648440720171e-03
1.902100000000223190e+03,1.114005760376745235e-03
1.902200000000223326e+03,1.122600723551396605e-03
1.902300000000223463e+03,1.131188165700351862e-03
1.902400000000223372e+03,1.139765425130250713e-03
1.902500000000223281e+03,1.148340334707171131e-03
1.902600000000223417e+03,1.156912894515803184e-03
1.902700000000223554e+03,1.165483104640950996e-03
1.902800000000223463e+03,1.174062534741655275e-03
1.902900000000223372e+03,1.182641998148350982e-03
1.903000000000223508e+03,1.191219312935215590e-03
1.903100000000223645e+03,1.199400768455324753e-03
1.903200000000223554e+03,1.207578332943880966e-03
1.903300000000223463e+03,1.215745530991721576e-03
1.903400000000223599e+03,1.223912548001555335e-03
1.903500000000223736e+03,1.232079382761389280e-03
1.903600000000223645e+03,1.240246034059804860e-03
1.903700000000223554e+03,1.248422909691926722e-03
1.903800000000223690e+03,1.256603993042248275e-03
1.903900000000223827e+03,1.264785080808461960e-03
1.904000000000223736e+03,1.272966171770670545e-03
1.904100000000223645e+03,1.279284106451642096e-03
1.904200000000223781e+03,1.285589337409934153e-03
1.904300000000223918e+03,1.291881039716233489e-03
1.904400000000223827e+03,1.298157172865835231e-03
1.904500000000223736e+03,1.304420585556437468e-03
1.904600000000223872e+03,1.310662344231385782e-03
1.904700000000224009e+03,1.316884852883302114e-03
1.904800000000223918e+03,1.323092683250943124e-03
1.904900000000223827e+03,1.329283455742470569e-03
1.905000000000223963e+03,1.335461339237395580e-03
1.905100000000224099e+03,1.342462699639036154e-03
1.905200000000224009e+03,1.349468973628020589e-03
1.905300000000223918e+03,1.356480156862357924e-03
1.905400000000224054e+03,1.363496245001720800e-03
1.905500000000224190e+03,1.370517233707397534e-03
1.905600000000224099e+03,1.377543118642331156e-03
1.905700000000224009e+03,1.384579481648446969e-03
1.905800000000224145e+03,1.391621498714721650e-03
1.905900000000224281e+03,1.398668463007095818e-03
1.906000000000224190e+03,1.405720370255363321e-03
1.906100000000224099e+03,1.410073550534904959e-03
1.906200000000224236e+03,1.414416336073928389e-03
1.906300000000224372e+03,1.418750553335997771e-03
1.906400000000224281e+03,1.423077300112807241e-03
1.906500000000224190e+03,1.427396580765035502e-03
1.906600000000224327e+03,1.431708399651756636e-03
1.906700000000224463e+03,1.436012761130409966e-03
1.906800000000224372e+03,1.440309669556833014e-03
1.906900000000224281e+03,1.444586281746547190e-03
1.907000000000224418e+03,1.448851271428431946e-03
1.907100000000224554e+03,1.452482575615341148e-03
1.907200000000224463e+03,1.456111514306399285e-03
1.907300000000224372e+03,1.459741406954820396e-03
1.907400000000224509e+03,1.463382784408287290e-03
1.907500000000224645e+03,1.467021884612432778e-03
1.907600000000224554e+03,1.470658708457509359e-03
1.907700000000224463e+03,1.474293256833522549e-03
1.907800000000224600e+03,1.477936434721158600e-03
1.907900000000224736e+03,1.481583833253041511e-03
1.908000000000224645e+03,1.485226343148247745e-03
1.908100000000224554e+03,1.488160317723135435e-03
1.908200000000224691e+03,1.491095116187400420e-03
1.908300000000224827e+03,1.494030737510730362e-03
1.908400000000224736e+03,1.496967180663223186e-03
1.908500000000224645e+03,1.499904444615420256e-03
1.908600000000224782e+03,1.502842528338286425e-03
1.908700000000224918e+03,1.505781430803189869e-03
1.908800000000224827e+03,1.508721150981922905e-03
1.908900000000224736e+03,1.511661687846715431e-03
1.909000000000224873e+03,1.514601523243242756e-03
1.909100000000225009e+03,1.514245617526772773e-03
1.909200000000224918e+03,1.513888157006642405e-03
1.909300000000224827e+03,1.513529142738295578e-03
1.909400000000224964e+03,1.513168575776788075e-03
1.909500000000225100e+03,1.512806457176800977e-03
1.909600000000225009e+03,1.512442787992627439e-03
1.909700000000224918e+03,1.512077569278179193e-03
1.909800000000225054e+03,1.511710802086979827e-03
1.909900000000225191e+03,1.511354339642209449e-03
1.910000000000225100e+03,1.510999966960923941e-03
1.910100000000225009e+03,1.511014710624964882e-03
1.910200000000225145e+03,1.511028698387487578e-03
1.910300000000225282e+03,1.511041930734409976e-03
1.910400000000225191e+03,1.511054408151472428e-03
1.910500000000225100e+03,1.511066131124230759e-03
1.910600000000225236e+03,1.511077100138058212e-03
1.910700000000225373e+03,1.511087315678153256e-03
1.910800000000225282e+03,1.511096778229518555e-03
1.910900000000225191e+03,1.511105488276989588e-03
1.911000000000225327e+03,1.511113446298326980e-03
1.911100000000225464e+03,1.508066158736804481e-03
1.911200000000225373e+03,1.505021507356105528e-03
1.911300000000225282e+03,1.501979490843244596e-03
1.911400000000225418e+03,1.498942076585255351e-03
1.911500000000225555e+03,1.495920578172367597e-03
1.911600000000225464e+03,1.492907527725306294e-03
1.911700000000225373e+03,1.489897224296780160e-03
1.911800000000225509e+03,1.486889462382263039e-03
1.911900000000225646e+03,1.483865202321150729e-03
1.912000000000225555e+03,1.480827851170174155e-03
1.912100000000225464e+03,1.476142951274760085e-03
1.912200000000225600e+03,1.471462133464365414e-03
1.912300000000225737e+03,1.466785395740471606e-03
1.912400000000225646e+03,1.462112736105233195e-03
1.912500000000225555e+03,1.457444152561471066e-03
1.912600000000225691e+03,1.452779643112687199e-03
1.912700000000225828e+03,1.448119205763085705e-03
1.912800000000225737e+03,1.443462838517547021e-03
1.912900000000225646e+03,1.438810539381622702e-03
1.913000000000225782e+03,1.434162306360565933e-03
1.913100000000225918e+03,1.429084861516671540e-03
1.913200000000225828e+03,1.424001759430510057e-03
1.913300000000225737e+03,1.418908324505124136e-03
1.913400000000225873e+03,1.413810168499429190e-03
1.913500000000226009e+03,1.408707295586858303e-03
1.913600000000225918e+03,1.403599709939078177e-03
1.913700000000225828e+03,1.398492149292461734e-03
1.913800000000225964e+03,1.393391462271230093e-03
1.913900000000226100e+03,1.388285954960896771e-03
1.914000000000226009e+03,1.383175631353071111e-03
1.914100000000225918e+03,1.374557499544234746e-03
1.914200000000226055e+03,1.365942436561682185e-03
1.914300000000226191e+03,1.357337784170136070e-03
1.914400000000226100e+03,1.348747975780352102e-03
1.914500000000226009e+03,1.340173002019807340e-03
1.914600000000226146e+03,1.331612853519827978e-03
1.914700000000226282e+03,1.323067520915636834e-03
1.914800000000226191e+03,1.314536994846304558e-03
1.914900000000226100e+03,1.306021265954707784e-03
1.915000000000226237e+03,1.297518736455421061e-03
1.915100000000226373e+03,1.289119288874177429e-03
1.915200000000226282e+03,1.280721697851977450e-03
1.915300000000226191e+03,1.272319808825202615e-03
1.915400000000226328e+03,1.263913626884695602e-03
1.915500000000226464e+03,1.255502712226554346e-03
1.915600000000226373e+03,1.247073349818034367e-03
1.915700000000226282e+03,1.238639907396675089e-03
1.915800000000226419e+03,1.230207339958690194e-03
1.915900000000226555e+03,1.221771268926319983e-03
1.916000000000226464e+03,1.213337676345493596e-03
1.916100000000226373e+03,1.203046628868565228e-03
1.916200000000226510e+03,1.192760142685790224e-03
1.916300000000226646e+03,1.182478216514555678e-03
1.916400000000226555e+03,1.172200849072494800e-03
1.916500000000226464e+03,1.161928039077460891e-03
1.916600000000226601e+03,1.151659785247554886e-03
1.916700000000226737e+03,1.141396086301183898e-03
1.916800000000226646e+03,1.131136940957006573e-03
1.916900000000226555e+03,1.120882347933894931e-03
1.917000000000226692e+03,1.110632305947340231e-03
1.917100000000226828e+03,1.098789874719413411e-03
1.917200000000226737e+03,1.086963344523586995e-03
1.917300000000226646e+03,1.075150418273068719e-03
1.917400000000226783e+03,1.063352401817677702e-03
1.917500000000226919e+03,1.051565805066401096e-03
1.917600000000226828e+03,1.039795247543349142e-03
1.917700000000226737e+03,1.028040719943133351e-03
1.917800000000226873e+03,1.016299748301147414e-03
1.917900000000227010e+03,1.004565512375128235e-03
1.918000000000226919e+03,9.928475529962035601e-04
1.918100000000226828e+03,9.815625532722132597e-04
1.918200000000226964e+03,9.702654737669334480e-04
1.918300000000227101e+03,9.589707605003475535e-04
1.918400000000227010e+03,9.476715934535517903e-04
1.918500000000226919e+03,9.363598542109588009e-04
1.918600000000227055e+03,9.250355548646360584e-04
1.918700000000227192e+03,9.136987075010484212e-04
1.918800000000227101e+03,9.023493242010149819e-04
1.918900000000227010e+03,8.909874170396555075e-04
1.919000000000227146e+03,8.796129980826128620e-04
1.919100000000227283e+03,8.665559897246985456e-04
1.919200000000227192e+03,8.535125673202649402e-04
1.919300000000227101e+03,8.404877744274216094e-04
1.919400000000227237e+03,8.274905462179847496e-04
1.919500000000227374e+03,8.145151987500655897e-04
1.919600000000227283e+03,8.015617173066911551e-04
1.919700000000227192e+03,7.886300871773718919e-04
1.919800000000227328e+03,7.757202936581603222e-04
1.919900000000227465e+03,7.628323220517012424e-04
1.920000000000227374e+03,7.499688878883476427e-04
1.920100000000227283e+03,7.376618885485203758e-04
1.920200000000227419e+03,7.253548121546806327e-04
1.920300000000227556e+03,7.130476614139668549e-04
1.920400000000227465e+03,7.007404390319337895e-04
1.920500000000227374e+03,6.884331477125037006e-04
1.920600000000227510e+03,6.761257901580236150e-04
1.920700000000227647e+03,6.638183690693144363e-04
1.920800000000227556e+03,6.515108871456253004e-04
1.920900000000227465e+03,6.392033470845707999e-04
1.921000000000227601e+03,6.268952279348563540e-04
1.921100000000227737e+03,6.296107480441079504e-04
1.921200000000227647e+03,6.323267623708076542e-04
1.921300000000227556e+03,6.350432698822627625e-04
1.921400000000227692e+03,6.377602695463578013e-04
1.921500000000227828e+03,6.404829341717096581e-04
1.921600000000227737e+03,6.432084689737722905e-04
1.921700000000227647e+03,6.459345565073400198e-04
1.921800000000227783e+03,6.486611957597416709e-04
1.921900000000227919e+03,6.513883857188227993e-04
1.922000000000227828e+03,6.541165373255691806e-04
1.922100000000227737e+03,6.617909034465508517e-04
1.922200000000227874e+03,6.694502654732188566e-04
1.922300000000228010e+03,6.770946337081262768e-04
1.922400000000227919e+03,6.847195244055497747e-04
1.922500000000227828e+03,6.923257795958697759e-04
1.922600000000227965e+03,6.999168942057764535e-04
1.922700000000228101e+03,7.074928790509846677e-04
1.922800000000228010e+03,7.150537449421542945e-04
1.922900000000227919e+03,7.225995026849179811e-04
1.923000000000228056e+03,7.301301630826809901e-04
1.923100000000228192e+03,7.388971418664560522e-04
1.923200000000228101e+03,7.476725551290405074e-04
1.923300000000228010e+03,7.564563934644562976e-04
1.923400000000228147e+03,7.652466666103733715e-04
1.923500000000228283e+03,7.740408332595222901e-04
1.923600000000228192e+03,7.828432495327327734e-04
1.923700000000228101e+03,7.916539058352538294e-04
1.923800000000228238e+03,8.004809149592810895e-04
1.923900000000228374e+03,8.093175882015942466e-04
1.924000000000228283e+03,8.181626797073824914e-04
1.924100000000228192e+03,8.261641528854268661e-04
1.924200000000228329e+03,8.341559906273397600e-04
1.924300000000228465e+03,8.421381985407536954e-04
1.924400000000228374e+03,8.501107822310629680e-04
1.924500000000228283e+03,8.580737473014575815e-04
1.924600000000228420e+03,8.660270993528925657e-04
1.924700000000228556e+03,8.739708439840464509e-04
1.924800000000228465e+03,8.819049867913653952e-04
1.924900000000228374e+03,8.898295333690916988e-04
1.925000000000228511e+03,8.977444893095178329e-04
1.925100000000228647e+03,9.057775180443480584e-04
1.925200000000228556e+03,9.138136463842367989e-04
1.925300000000228465e+03,9.218441813638504840e-04
1.925400000000228601e+03,9.298691254567995144e-04
1.925500000000228738e+03,9.378891046668670975e-04
1.925600000000228647e+03,9.458999140902805101e-04
1.925700000000228556e+03,9.539007131645653101e-04
1.925800000000228692e+03,9.618958081059445116e-04
1.925900000000228829e+03,9.698852015247993183e-04
1.926000000000228738e+03,9.778688960318318579e-04
1.926100000000228647e+03,9.863881700777311305e-04
1.926200000000228783e+03,9.949140977914196649e-04
1.926300000000228920e+03,1.003446671257722652e-03
1.926400000000228829e+03,1.011985882565719693e-03
1.926500000000228738e+03,1.020530208648963303e-03
1.926600000000228874e+03,1.029076785488628647e-03
1.926700000000229011e+03,1.037629878786588185e-03
1.926800000000228920e+03,1.046189480536807064e-03
1.926900000000228829e+03,1.054755582737716907e-03
1.927000000000228965e+03,1.063328177387946665e-03
1.927100000000229102e+03,1.070047032717314937e-03
1.927200000000229011e+03,1.076751477719334500e-03
1.927300000000228920e+03,1.083441522244619169e-03
1.927400000000229056e+03,1.090121634076787705e-03
1.927500000000229193e+03,1.096795770150105383e-03
1.927600000000229102e+03,1.103455690490374010e-03
1.927700000000229011e+03,1.110101404421263245e-03
1.927800000000229147e+03,1.116732921262591658e-03
1.927900000000229284e+03,1.123339934190934570e-03
1.928000000000229193e+03,1.129929802128494271e-03
1.928100000000229102e+03,1.137479083814374545e-03
1.928200000000229238e+03,1.145033294113723121e-03
1.928300000000229375e+03,1.152592427536868348e-03
1.928400000000229284e+03,1.160156478596853198e-03
1.928500000000229193e+03,1.167725441809473654e-03
1.928600000000229329e+03,1.175299311693239019e-03
1.928700000000229466e+03,1.182878082769340264e-03
1.928800000000229375e+03,1.190461749561682117e-03
1.928900000000229284e+03,1.198050306596917108e-03
1.929000000000229420e+03,1.205643790589132954e-03
1.929100000000229556e+03,1.211885771899094124e-03
1.929200000000229466e+03,1.218125505444222524e-03
1.929300000000229375e+03,1.224362991441066070e-03
1.929400000000229511e+03,1.230598230106333141e-03
1.929500000000229647e+03,1.236831221656873496e-03
1.929600000000229556e+03,1.243061966309697355e-03
1.929700000000229466e+03,1.249298155127001337e-03
1.929800000000229602e+03,1.255539133656042141e-03
1.929900000000229738e+03,1.261778011213475752e-03
1.930000000000229647e+03,1.268014787929513335e-03
1.930100000000229556e+03,1.272706654326835737e-03
1.930200000000229693e+03,1.277391103460128602e-03
1.930300000000229829e+03,1.282068139948486967e-03
1.930400000000229738e+03,1.286737768409133452e-03
1.930500000000229647e+03,1.291399993457440377e-03
1.930600000000229784e+03,1.296048802785522034e-03
1.930700000000229920e+03,1.300680999465288114e-03
1.930800000000229829e+03,1.305305698770695914e-03
1.930900000000229738e+03,1.309920629646982781e-03
1.931000000000229875e+03,1.314524373925992024e-03
1.931100000000230011e+03,1.319940330512976061e-03
1.931200000000229920e+03,1.325364484556915308e-03
1.931300000000229829e+03,1.330794251858931224e-03
1.931400000000229966e+03,1.336229627446206729e-03
1.931500000000230102e+03,1.341666407386460326e-03
1.931600000000230011e+03,1.347097213312157659e-03
1.931700000000229920e+03,1.352533485815492816e-03
1.931800000000230057e+03,1.357981173770863876e-03
1.931900000000230193e+03,1.363434576594650021e-03
1.932000000000230102e+03,1.368893480051382476e-03
1.932100000000230011e+03,1.371238962230751776e-03
1.932200000000230148e+03,1.373579702390170321e-03
1.932300000000230284e+03,1.375915703617697217e-03
1.932400000000230193e+03,1.378246969000093344e-03
1.932500000000230102e+03,1.380573501622844564e-03
1.932600000000230239e+03,1.382900085526638781e-03
1.932700000000230375e+03,1.385222685939255238e-03
1.932800000000230284e+03,1.387540581251616107e-03
1.932900000000230193e+03,1.389853774487721056e-03
1.933000000000230330e+03,1.392162268669714254e-03
1.933100000000230466e+03,1.394198669771945726e-03
1.933200000000230375e+03,1.396234854503986987e-03
1.933300000000230284e+03,1.398270822541222702e-03
1.933400000000230420e+03,1.400306573559255896e-03
1.933500000000230557e+03,1.402342107233899493e-03
1.933600000000230466e+03,1.404377423241188029e-03
1.933700000000230375e+03,1.406412521257383074e-03
1.933800000000230511e+03,1.408440083264413546e-03
1.933900000000230648e+03,1.410459336188142404e-03
1.934000000000230557e+03,1.412481262000989850e-03
1.934100000000230466e+03,1.413676768649790080e-03
1.934200000000230602e+03,1.414872442437017323e-03
1.934300000000230739e+03,1.416082848384802662e-03
1.934400000000230648e+03,1.417295438444695970e-03
1.934500000000230557e+03,1.418508222505525905e-03
1.934600000000230693e+03,1.419721200203220846e-03
1.934700000000230830e+03,1.420939605437628386e-03
1.934800000000230739e+03,1.422169600485657546e-03
1.934900000000230648e+03,1.423399816066928981e-03
1.935000000000230784e+03,1.424630251816220517e-03
1.935100000000230921e+03,1.422577876775595442e-03
1.935200000000230830e+03,1.420510395150213811e-03
1.935300000000230739e+03,1.418440700892417434e-03
1.935400000000230875e+03,1.416372943473138968e-03
1.935500000000231012e+03,1.414307121888836762e-03
1.935600000000230921e+03,1.412243235136327602e-03
1.935700000000230830e+03,1.410181282212774568e-03
1.935800000000230966e+03,1.408124374771324181e-03
1.935900000000231103e+03,1.406070294658566359e-03
1.936000000000231012e+03,1.404023752172551143e-03
1.936100000000230921e+03,1.402515058332106518e-03
1.936200000000231057e+03,1.400998653952800418e-03
1.936300000000231194e+03,1.399479187444937090e-03
1.936400000000231103e+03,1.397956661434425572e-03
1.936500000000231012e+03,1.396432000583931960e-03
1.936600000000231148e+03,1.394919667428660623e-03
1.936700000000231285e+03,1.393404246831495127e-03
1.936800000000231194e+03,1.391885741306652822e-03
1.936900000000231103e+03,1.390364153367262519e-03
1.937000000000231239e+03,1.388847469651631949e-03
1.937100000000231375e+03,1.384645758109910888e-03
1.937200000000231285e+03,1.380446081012369573e-03
1.937300000000231194e+03,1.376248437730549995e-03
1.937400000000231330e+03,1.372052827636125773e-03
1.937500000000231466e+03,1.367859250100920791e-03
1.937600000000231375e+03,1.363667704496901185e-03
1.937700000000231285e+03,1.359478190196130448e-03
1.937800000000231421e+03,1.355290706570821263e-03
1.937900000000231557e+03,1.351105252993332027e-03
1.938000000000231466e+03,1.346921828831916350e-03
1.938100000000231375e+03,1.340911633280923113e-03
1.938200000000231512e+03,1.334906857525421185e-03
1.938300000000231648e+03,1.328907499128311430e-03
1.938400000000231557e+03,1.322901222143217041e-03
1.938500000000231466e+03,1.316897360146092018e-03
1.938600000000231603e+03,1.310899048678111807e-03
1.938700000000231739e+03,1.304906285105584098e-03
1.938800000000231648e+03,1.298922606773458832e-03
1.938900000000231557e+03,1.292956021213638321e-03
1.939000000000231694e+03,1.286994835669089121e-03
1.939100000000231830e+03,1.281128426184470611e-03
1.939200000000231739e+03,1.275252045829433287e-03
1.939300000000231648e+03,1.269365702530663364e-03
1.939400000000231785e+03,1.263469404211670132e-03
1.939500000000231921e+03,1.257563158792819992e-03
1.939600000000231830e+03,1.251646974191306756e-03
1.939700000000231739e+03,1.245720858321124318e-03
1.939800000000231876e+03,1.239784819093097236e-03
1.939900000000232012e+03,1.233838864414908048e-03
1.940000000000231921e+03,1.227883002183785847e-03
1.940100000000231830e+03,1.218787698810382646e-03
1.940200000000231967e+03,1.209713048841473465e-03
1.940300000000232103e+03,1.200657771185002082e-03
1.940400000000232012e+03,1.191615301432176997e-03
1.940500000000231921e+03,1.182585633475591747e-03
1.940600000000232058e+03,1.173568761209436463e-03
1.940700000000232194e+03,1.164551423282317181e-03
1.940800000000232103e+03,1.155546732579099513e-03
1.940900000000232012e+03,1.146555029738948123e-03
1.941000000000232149e+03,1.137576308192852050e-03
1.941100000000232285e+03,1.128533108442690948e-03
1.941200000000232194e+03,1.119478774356650556e-03
1.941300000000232103e+03,1.110421146657420257e-03
1.941400000000232239e+03,1.101360228863436245e-03
1.941500000000232376e+03,1.092296024491801361e-03
1.941600000000232285e+03,1.083217844597668747e-03
1.941700000000232194e+03,1.074134625115136764e-03
1.941800000000232330e+03,1.065050822064909312e-03
1.941900000000232467e+03,1.055970287790066993e-03
1.942000000000232376e+03,1.046889976540678249e-03
1.942100000000232285e+03,1.036977084312937615e-03
1.942200000000232421e+03,1.027058003636995617e-03
1.942300000000232558e+03,1.017132740542058900e-03
1.942400000000232467e+03,1.007201301054776264e-03
1.942500000000232376e+03,9.972636911991981067e-04
1.942600000000232512e+03,9.873199169968165448e-04
1.942700000000232649e+03,9.773699844666198372e-04
1.942800000000232558e+03,9.674138996250395859e-04
1.942900000000232467e+03,9.574499757016734008e-04
1.943000000000232603e+03,9.474705599294359947e-04
1.943100000000232740e+03,9.357017782147580886e-04
1.943200000000232649e+03,9.239509886752278293e-04
1.943300000000232558e+03,9.122192745877179352e-04
1.943400000000232694e+03,9.005066255355623954e-04
1.943500000000232831e+03,8.888130311055944619e-04
1.943600000000232740e+03,8.771384808880938484e-04
1.943700000000232649e+03,8.654829644767347971e-04
1.943800000000232785e+03,8.538464714686359522e-04
1.943900000000232922e+03,8.422289914644140278e-04
1.944000000000232831e+03,8.306305140701161814e-04
1.944100000000232740e+03,8.198866455734653757e-04
1.944200000000232876e+03,8.091270680785659850e-04
1.944300000000233013e+03,7.983560575384892298e-04
1.944400000000232922e+03,7.875742344415943711e-04
1.944500000000232831e+03,7.767764849508444194e-04
1.944600000000232967e+03,7.659628201856754758e-04
1.944700000000233103e+03,7.551332512619210544e-04
1.944800000000233013e+03,7.442800311689616675e-04
1.944900000000232922e+03,7.334102382485696223e-04
1.945000000000233058e+03,7.225248288227757070e-04
1.945100000000233194e+03,7.107626830209735295e-04
1.945200000000233103e+03,6.990090312527279465e-04
1.945300000000233013e+03,6.872638697066796353e-04
1.945400000000233149e+03,6.755271945727259718e-04
1.945500000000233285e+03,6.637990020420725303e-04
1.945600000000233194e+03,6.520792883071844029e-04
1.945700000000233103e+03,6.403794663020222254e-04
1.945800000000233240e+03,6.286911690064340801e-04
1.945900000000233376e+03,6.170107931344622713e-04
1.946000000000233285e+03,6.053383355051366634e-04
1.946100000000233194e+03,6.059948680472320749e-04
1.946200000000233331e+03,6.066450535527283900e-04
1.946300000000233467e+03,6.072945532704624068e-04
1.946400000000233376e+03,6.079433675089971961e-04
1.946500000000233285e+03,6.085914965768150558e-04
1.946600000000233422e+03,6.092395970919711615e-04
1.946700000000233558e+03,6.098887849446393969e-04
1.946800000000233467e+03,6.105372936842091936e-04
1.946900000000233376e+03,6.111838401999009247e-04
1.947000000000233513e+03,6.118282149694910174e-04
1.947100000000233649e+03,6.198861502004374222e-04
1.947200000000233558e+03,6.279551072432665955e-04
1.947300000000233467e+03,6.360350782563009260e-04
1.947400000000233604e+03,6.441260554004629366e-04
1.947500000000233740e+03,6.522318748616672381e-04
1.947600000000233649e+03,6.603525955987440531e-04
1.947700000000233558e+03,6.684846282447816151e-04
1.947800000000233695e+03,6.766307567123608542e-04
1.947900000000233831e+03,6.847881163960974895e-04
1.948000000000233740e+03,6.929512833026068783e-04
1.948100000000233649e+03,7.001973043466962329e-04
1.948200000000233786e+03,7.074305523419198091e-04
1.948300000000233922e+03,7.146510345058552710e-04
1.948400000000233831e+03,7.218555936530905324e-04
1.948500000000233740e+03,7.290420272302056701e-04
1.948600000000233877e+03,7.362155494579364226e-04
1.948700000000234013e+03,7.433761680014948966e-04
1.948800000000233922e+03,7.505238905232505288e-04
1.948900000000233831e+03,7.576658946289818210e-04
1.949000000000233968e+03,7.647968390081553644e-04
1.949100000000234104e+03,7.728019289059781137e-04
1.949200000000234013e+03,7.808104843696635732e-04
1.949300000000233922e+03,7.888225023080978979e-04
1.949400000000234058e+03,7.968379796311598302e-04
1.949500000000234195e+03,8.048569132496824268e-04
1.949600000000234104e+03,8.128793000754945845e-04
1.949700000000234013e+03,8.209051370214528066e-04
1.949800000000234149e+03,8.289278285637328427e-04
1.949900000000234286e+03,8.369507291248771616e-04
1.950000000000234195e+03,8.449768834944232322e-04
1.950100000000234104e+03,8.530402984222924161e-04
1.950200000000234240e+03,8.611084529250423837e-04
1.950300000000234377e+03,8.691813427059307028e-04
1.950400000000234286e+03,8.772589634698321369e-04
1.950500000000234195e+03,8.853413109232754000e-04
1.950600000000234331e+03,8.934263471865590235e-04
1.950700000000234468e+03,9.015213536344768080e-04
1.950800000000234377e+03,9.096258805857400202e-04
1.950900000000234286e+03,9.177352595331013168e-04
1.951000000000234422e+03,9.258494863045724221e-04
1.951100000000234559e+03,9.326652628983384636e-04
1.951200000000234468e+03,9.394651812921340876e-04
1.951300000000234377e+03,9.462518578782080914e-04
1.951400000000234513e+03,9.530253004246531760e-04
1.951500000000234650e+03,9.597855166967631749e-04
1.951600000000234559e+03,9.665277448706778443e-04
1.951700000000234468e+03,9.732501486823017618e-04
1.951800000000234604e+03,9.799591933499264291e-04
1.951900000000234741e+03,9.866548871002881957e-04
1.952000000000234650e+03,9.933415716382918391e-04
1.952100000000234559e+03,1.001302233943779200e-03
1.952200000000234695e+03,1.009272715466152546e-03
1.952300000000234832e+03,1.017253009215351219e-03
1.952400000000234741e+03,1.025242228875335561e-03
1.952500000000234650e+03,1.033235630521744594e-03
1.952600000000234786e+03,1.041230149018601905e-03
1.952700000000234922e+03,1.049234219309068752e-03
1.952800000000234832e+03,1.057247833997023443e-03
1.952900000000234741e+03,1.065270985689055873e-03
1.953000000000234877e+03,1.073312793528408441e-03
1.953100000000235013e+03,1.079831566123738229e-03
1.953200000000234922e+03,1.086346110343361371e-03
1.953300000000234832e+03,1.092856427870671741e-03
1.953400000000234968e+03,1.099362520388586385e-03
1.953500000000235104e+03,1.105864389579501277e-03
1.953600000000235013e+03,1.112362037125334911e-03
1.953700000000234922e+03,1.118857628003874175e-03
1.953800000000235059e+03,1.125349088627525121e-03
1.953900000000235195e+03,1.131836358423369973e-03
1.954000000000235104e+03,1.138319439043923012e-03
1.954100000000235013e+03,1.143959008518973669e-03
1.954200000000235150e+03,1.149592261607274533e-03
1.954300000000235286e+03,1.155219201601811064e-03
1.954400000000235195e+03,1.160839831794435294e-03
1.954500000000235104e+03,1.166454155475892289e-03
1.954600000000235241e+03,1.172062175935797805e-03
1.954700000000235377e+03,1.177663896462608807e-03
1.954800000000235286e+03,1.183252828226829872e-03
1.954900000000235195e+03,1.188828068198794332e-03
1.955000000000235332e+03,1.194396888285188156e-03
1.955100000000235468e+03,1.200778958267410736e-03
1.955200000000235377e+03,1.207168896106503670e-03
1.955300000000235286e+03,1.213566695722762077e-03
1.955400000000235423e+03,1.219972351038691545e-03
1.955500000000235559e+03,1.226385855978982331e-03
1.955600000000235468e+03,1.232807204470537767e-03
1.955700000000235377e+03,1.239241321734166302e-03
1.955800000000235514e+03,1.245692887424508727e-03
1.955900000000235650e+03,1.252152428765771017e-03
1.956000000000235559e+03,1.258619939960358780e-03
1.956100000000235468e+03,1.262204643122935609e-03
1.956200000000235605e+03,1.265782139419503304e-03
1.956300000000235741e+03,1.269352433321549066e-03
1.956400000000235650e+03,1.272915529298830790e-03
1.956500000000235559e+03,1.276471431819389216e-03
1.956600000000235696e+03,1.280023309122715414e-03
1.956700000000235832e+03,1.283579809451926247e-03
1.956800000000235741e+03,1.287129211750882808e-03
1.956900000000235650e+03,1.290671520226896463e-03
1.957000000000235787e+03,1.294206739086104386e-03
1.957100000000235923e+03,1.297869669805906592e-03
1.957200000000235832e+03,1.301525466881037945e-03
1.957300000000235741e+03,1.305181105331332941e-03
1.957400000000235877e+03,1.308837042499333241e-03
1.957500000000236014e+03,1.312493277501039154e-03
1.957600000000235923e+03,1.316149809452870365e-03
1.957700000000235832e+03,1.319806637471691076e-03
1.957800000000235968e+03,1.323463760674789200e-03
1.957900000000236105e+03,1.327121178179862908e-03
1.958000000000236014e+03,1.330786924560888171e-03
1.958100000000235923e+03,1.333811072382207717e-03
1.958200000000236059e+03,1.336837009957744056e-03
1.958300000000236196e+03,1.339864735643738489e-03
1.958400000000236105e+03,1.342894247797053568e-03
1.958500000000236014e+03,1.345925544775176995e-03
1.958600000000236150e+03,1.348958624936227478e-03
1.958700000000236287e+03,1.351993486638919818e-03
1.958800000000236196e+03,1.355030128242591149e-03
1.958900000000236105e+03,1.358068548107213081e-03
1.959000000000236241e+03,1.361108744585915256e-03
1.959100000000236378e+03,1.360992783871646300e-03
1.959200000000236287e+03,1.360874990742719400e-03
1.959300000000236196e+03,1.360755366565003562e-03
1.959400000000236332e+03,1.360633912703788613e-03
1.959500000000236469e+03,1.360510630523788234e-03
1.959600000000236378e+03,1.360385521389148415e-03
1.959700000000236287e+03,1.360258586663426429e-03
1.959800000000236423e+03,1.360128138719031649e-03
1.959900000000236560e+03,1.359989475077788990e-03
1.960000000000236469e+03,1.359848992104822213e-03
1.960100000000236378e+03,1.360518039661716850e-03
1.960200000000236514e+03,1.361186556437286345e-03
1.960300000000236651e+03,1.361854542645336017e-03
1.960400000000236560e+03,1.362521998499614155e-03
1.960500000000236469e+03,1.363188924213806818e-03
1.960600000000236605e+03,1.363855320001550403e-03
1.960700000000236741e+03,1.364523255673287310e-03
1.960800000000236651e+03,1.365204495520166419e-03
1.960900000000236560e+03,1.365885221197577892e-03
1.961000000000236696e+03,1.366565432894270701e-03
1.961100000000236832e+03,1.364868946235956327e-03
1.961200000000236741e+03,1.363163968591383233e-03
1.961300000000236651e+03,1.361452613214656979e-03
1.961400000000236787e+03,1.359741786455017677e-03
1.961500000000236923e+03,1.358031488249022587e-03
1.961600000000236832e+03,1.356321718533215958e-03
1.961700000000236741e+03,1.354612477244112115e-03
1.961800000000236878e+03,1.352903764318211504e-03
1.961900000000237014e+03,1.351195579692001563e-03
1.962000000000236923e+03,1.349487923296768593e-03
1.962100000000236832e+03,1.345587885108119912e-03
1.962200000000236969e+03,1.341683823845145731e-03
1.962300000000237105e+03,1.337784596425009706e-03
1.962400000000237014e+03,1.333890199904744353e-03
1.962500000000236923e+03,1.330000631342586519e-03
1.962600000000237060e+03,1.326115887798001887e-03
1.962700000000237196e+03,1.322235966331694081e-03
1.962800000000237105e+03,1.318360864005595993e-03
1.962900000000237014e+03,1.314487341878304129e-03
1.963000000000237151e+03,1.310615937567601030e-03
1.963100000000237287e+03,1.307336658771108932e-03
1.963200000000237196e+03,1.304050507543370353e-03
1.963300000000237105e+03,1.300757489515080639e-03
1.963400000000237242e+03,1.297457610314499800e-03
1.963500000000237378e+03,1.294150875567473330e-03
1.963600000000237287e+03,1.290837290897415071e-03
1.963700000000237196e+03,1.287517598757884811e-03
1.963800000000237333e+03,1.284196150290304109e-03
1.963900000000237469e+03,1.280867838512028461e-03
1.964000000000237378e+03,1.277532668936285547e-03
1.964100000000237287e+03,1.270941209036153445e-03
1.964200000000237424e+03,1.264357239844808968e-03
1.964300000000237560e+03,1.257780894894952855e-03
1.964400000000237469e+03,1.251213372011430276e-03
1.964500000000237378e+03,1.244654665450447553e-03
1.964600000000237515e+03,1.238104769470782952e-03
1.964700000000237651e+03,1.231563678333809451e-03
1.964800000000237560e+03,1.225030695998143666e-03
1.964900000000237469e+03,1.218493010138387055e-03
1.965000000000237605e+03,1.211964263656285443e-03
1.965100000000237742e+03,1.204757509615720376e-03
1.965200000000237651e+03,1.197554567775162586e-03
1.965300000000237560e+03,1.190368849707374582e-03
1.965400000000237696e+03,1.183201007636977033e-03
1.965500000000237833e+03,1.176036639331852962e-03
1.965600000000237742e+03,1.168875743687910508e-03
1.965700000000237651e+03,1.161718319601287878e-03
1.965800000000237787e+03,1.154564365968382402e-03
1.965900000000237924e+03,1.147413881685891736e-03
1.966000000000237833e+03,1.140266865650220581e-03
1.966100000000237742e+03,1.132886623729286151e-03
1.966200000000237878e+03,1.125496959518009236e-03
1.966300000000238015e+03,1.118097881737587646e-03
1.966400000000237924e+03,1.110697794376843068e-03
1.966500000000237833e+03,1.103289088462412011e-03
1.966600000000237969e+03,1.095870870880300474e-03
1.966700000000238106e+03,1.088443150098438806e-03
1.966800000000238015e+03,1.081005934581014908e-03
1.966900000000237924e+03,1.073559232788451031e-03
1.967000000000238060e+03,1.066103053171008064e-03
1.967100000000238197e+03,1.055951920097851059e-03
1.967200000000238106e+03,1.045817272569610429e-03
1.967300000000238015e+03,1.035701712425270886e-03
1.967400000000238151e+03,1.025605227100820534e-03
1.967500000000238288e+03,1.015527804037566354e-03
1.967600000000238197e+03,1.005469430682109054e-03
1.967700000000238106e+03,9.954278720673080238e-04
1.967800000000238242e+03,9.854017057820407821e-04
1.967900000000238379e+03,9.753948569320206562e-04
1.968000000000238288e+03,9.654113139979972032e-04
1.968100000000238197e+03,9.559077064026046859e-04
1.968200000000238333e+03,9.463983702906711599e-04
1.968300000000238470e+03,9.368833113143800991e-04
1.968400000000238379e+03,9.273625351235274556e-04
1.968500000000238288e+03,9.178360473654628964e-04
1.968600000000238424e+03,9.083038536851511689e-04
1.968700000000238560e+03,8.987659597252064701e-04
1.968800000000238470e+03,8.892223711258483198e-04
1.968900000000238379e+03,8.796730935248650227e-04
1.969000000000238515e+03,8.701181325558956419e-04
1.969100000000238651e+03,8.598219155745062724e-04
1.969200000000238560e+03,8.495235970584491536e-04
1.969300000000238470e+03,8.392231812727030636e-04
1.969400000000238606e+03,8.289167941587786319e-04
1.969500000000238742e+03,8.186027153907454289e-04
1.969600000000238651e+03,8.082867923209214028e-04
1.969700000000238560e+03,7.979690292689335662e-04
1.969800000000238697e+03,7.876494305518100996e-04
1.969900000000238833e+03,7.773280004840356448e-04
1.970000000000238742e+03,7.670047433747858310e-04
1.970100000000238651e+03,7.555569469365687636e-04
1.970200000000238788e+03,7.441306049611472228e-04
1.970300000000238924e+03,7.327257041070876732e-04
1.970400000000238833e+03,7.213422310382124666e-04
1.970500000000238742e+03,7.099801724235425956e-04
1.970600000000238879e+03,6.986395149373504946e-04
1.970700000000239015e+03,6.873202452592102382e-04
1.970800000000238924e+03,6.760279216275223973e-04
1.970900000000238833e+03,6.647590331004158640e-04
1.971000000000238970e+03,6.535112305829670655e-04
1.971100000000239106e+03,6.432820102185860802e-04
1.971200000000239015e+03,6.330393713856423540e-04
1.971300000000238924e+03,6.227833263138108418e-04
1.971400000000239061e+03,6.125138872272151667e-04
1.971500000000239197e+03,6.022310663444767342e-04
1.971600000000239106e+03,5.919348758786685451e-04
1.971700000000239015e+03,5.816253280372706350e-04
1.971800000000239152e+03,5.713024350222192967e-04
1.971900000000239288e+03,5.609662090299551108e-04
1.972000000000239197e+03,5.506166622883773261e-04
1.972100000000239106e+03,5.557271211205230084e-04
1.972200000000239243e+03,5.608331140397651007e-04
1.972300000000239379e+03,5.659346432774464263e-04
1.972400000000239288e+03,5.710317110641195334e-04
1.972500000000239197e+03,5.761243196295677289e-04
1.972600000000239334e+03,5.812124712027845865e-04
1.972700000000239470e+03,5.862961680119528054e-04
1.972800000000239379e+03,5.913754122844616656e-04
1.972900000000239288e+03,5.964502062469372772e-04
1.973000000000239424e+03,6.015205521291352997e-04
1.973100000000239561e+03,6.082208753695056425e-04
1.973200000000239470e+03,6.149120145291726890e-04
1.973300000000239379e+03,6.215939745433227050e-04
1.973400000000239515e+03,6.282667603454774891e-04
1.973500000000239652e+03,6.349280116973679989e-04
1.973600000000239561e+03,6.415749728119764890e-04
1.973700000000239470e+03,6.482126200492470880e-04
1.973800000000239606e+03,6.548409586610202081e-04
1.973900000000239743e+03,6.614599938972071406e-04
1.974000000000239652e+03,6.680697310082849135e-04
1.974100000000239561e+03,6.757120825407579448e-04
1.974200000000239697e+03,6.833637713283143532e-04
1.974300000000239834e+03,6.910247879320838803e-04
1.974400000000239743e+03,6.986966743365916185e-04
1.974500000000239652e+03,7.063838940743634703e-04
1.974600000000239788e+03,7.140752735393439497e-04
1.974700000000239925e+03,7.217761019460460425e-04
1.974800000000239834e+03,7.294876044152087636e-04
1.974900000000239743e+03,7.372030878300318444e-04
1.975000000000239879e+03,7.449245613106509527e-04
1.975100000000240016e+03,7.515563484041071175e-04
1.975200000000239925e+03,7.581758769971514789e-04
1.975300000000239834e+03,7.647831542589019838e-04
1.975400000000239970e+03,7.713781873559061525e-04
1.975500000000240107e+03,7.779609834521069266e-04
1.975600000000240016e+03,7.845315497088774714e-04
1.975700000000239925e+03,7.910898932850502331e-04
1.975800000000240061e+03,7.976360213368839788e-04
1.975900000000240198e+03,8.041699410180409196e-04
1.976000000000240107e+03,8.106916594806961749e-04
1.976100000000240016e+03,8.176569130274730091e-04
1.976200000000240152e+03,8.246188878551004731e-04
1.976300000000240289e+03,8.315775848960352615e-04
1.976400000000240198e+03,8.385330050825680771e-04
1.976500000000240107e+03,8.454811058692782199e-04
1.976600000000240243e+03,8.524250780036761888e-04
1.976700000000240379e+03,8.593693726560924177e-04
1.976800000000240289e+03,8.663167499299268643e-04
1.976900000000240198e+03,8.732609372716932522e-04
1.977000000000240334e+03,8.802019355535838736e-04
1.977100000000240470e+03,8.875990013282479335e-04
1.977200000000240379e+03,8.949942232122987725e-04
1.977300000000240289e+03,9.023937495284982185e-04
1.977400000000240425e+03,9.097996096521605500e-04
1.977500000000240561e+03,9.172117974710940680e-04
1.977600000000240470e+03,9.246328705186274447e-04
1.977700000000240379e+03,9.320685615816455332e-04
1.977800000000240516e+03,9.395107349779328529e-04
1.977900000000240652e+03,9.469593848262992291e-04
1.978000000000240561e+03,9.544145052436796848e-04
1.978100000000240470e+03,9.600643717540202019e-04
1.978200000000240607e+03,9.656999260039400698e-04
1.978300000000240743e+03,9.713193887347636732e-04
1.978400000000240652e+03,9.769243931987130636e-04
1.978500000000240561e+03,9.825138443341195106e-04
1.978600000000240698e+03,9.880787395088162523e-04
1.978700000000240834e+03,9.936292161514229289e-04
1.978800000000240743e+03,9.991652838190797758e-04
1.978900000000240652e+03,1.004684115614876442e-03
1.979000000000240789e+03,1.010186802448549822e-03
1.979100000000240925e+03,1.016644386936303018e-03
1.979200000000240834e+03,1.023104651049164607e-03
1.979300000000240743e+03,1.029567591126085910e-03
1.979400000000240880e+03,1.036033203507957020e-03
1.979500000000241016e+03,1.042501484537575792e-03
1.979600000000240925e+03,1.048972430559674731e-03
1.979700000000240834e+03,1.055447024769300699e-03
1.979800000000240971e+03,1.061928106148106975e-03
1.979900000000241107e+03,1.068411900252944254e-03
1.980000000000241016e+03,1.074898403470363585e-03
1.980100000000240925e+03,1.080668559029820171e-03
1.980200000000241062e+03,1.086439374144847507e-03
1.980300000000241198e+03,1.092210847305058073e-03
1.980400000000241107e+03,1.097982977000765831e-03
1.980500000000241016e+03,1.103755761723007904e-03
1.980600000000241153e+03,1.109529199963517907e-03
1.980700000000241289e+03,1.115303290214706214e-03
1.980800000000241198e+03,1.121074303767735257e-03
1.980900000000241107e+03,1.126836563404403843e-03
1.981000000000241243e+03,1.132599336118146312e-03
1.981100000000241380e+03,1.136375220088053049e-03
1.981200000000241289e+03,1.140140515981733675e-03
1.981300000000241198e+03,1.143914427269594487e-03
1.981400000000241334e+03,1.147685340829127142e-03
1.981500000000241471e+03,1.151445863818863951e-03
1.981600000000241380e+03,1.155196003262562790e-03
1.981700000000241289e+03,1.158935766181058962e-03
1.981800000000241425e+03,1.162665159592253267e-03
1.981900000000241562e+03,1.166384190511098127e-03
1.982000000000241471e+03,1.170092865952557237e-03
1.982100000000241380e+03,1.175019508064318501e-03
1.982200000000241516e+03,1.179950947041345007e-03
1.982300000000241653e+03,1.184887179208787052e-03
1.982400000000241562e+03,1.189828200893007937e-03
1.982500000000241471e+03,1.194774008421599582e-03
1.982600000000241607e+03,1.199724598123365175e-03
1.982700000000241744e+03,1.204679966328292074e-03
1.982800000000241653e+03,1.209640109367576518e-03
1.982900000000241562e+03,1.214605023573644450e-03
1.983000000000241698e+03,1.219574705274871452e-03
1.983100000000241835e+03,1.222359210212177428e-03
1.983200000000241744e+03,1.225130670973535035e-03
1.983300000000241653e+03,1.227899260722375941e-03
1.983400000000241789e+03,1.230664981036605704e-03
1.983500000000241926e+03,1.233427833493500178e-03
1.983600000000241835e+03,1.236187819669719171e-03
1.983700000000241744e+03,1.238944941141318810e-03
1.983800000000241880e+03,1.241699199483737876e-03
1.983900000000242017e+03,1.244454302067348654e-03
1.984000000000241926e+03,1.247212053900606998e-03
1.984100000000241835e+03,1.248552098757529927e-03
1.984200000000241971e+03,1.249888828985630139e-03
1.984300000000242107e+03,1.251222246456113948e-03
1.984400000000242017e+03,1.252552353039608274e-03
1.984500000000241926e+03,1.253879150606144587e-03
1.984600000000242062e+03,1.255202641025168894e-03
1.984700000000242198e+03,1.256522826165523514e-03
1.984800000000242107e+03,1.257839707895466817e-03
1.984900000000242017e+03,1.259153288082671051e-03
1.985000000000242153e+03,1.260463568596058770e-03
1.985100000000242289e+03,1.262534967512700650e-03
1.985200000000242198e+03,1.264607527652348087e-03
1.985300000000242107e+03,1.266678088476793848e-03
1.985400000000242244e+03,1.268738483076406508e-03
1.985500000000242380e+03,1.270794655101919546e-03
1.985600000000242289e+03,1.272851918630963589e-03
1.985700000000242198e+03,1.274910272361868928e-03
1.985800000000242335e+03,1.276969714993601629e-03
1.985900000000242471e+03,1.279030245225750958e-03
1.986000000000242380e+03,1.281091861751017594e-03
1.986100000000242289e+03,1.280048013343720219e-03
1.986200000000242426e+03,1.279004490282743042e-03
1.986300000000242562e+03,1.277961292516287652e-03
1.986400000000242471e+03,1.276918419992554990e-03
1.986500000000242380e+03,1.275875872659733637e-03
1.986600000000242517e+03,1.274833650466014124e-03
1.986700000000242653e+03,1.273791753359591753e-03
1.986800000000242562e+03,1.272764180410347916e-03
1.986900000000242471e+03,1.271737718673357368e-03
1.987000000000242608e+03,1.270711557991305611e-03
1.987100000000242744e+03,1.269064052423291272e-03
1.987200000000242653e+03,1.267423224819740242e-03
1.987300000000242562e+03,1.265792567041461271e-03
1.987400000000242699e+03,1.264162934264784557e-03
1.987500000000242835e+03,1.262534326085115776e-03
1.987600000000242744e+03,1.260906742097969019e-03
1.987700000000242653e+03,1.259280181898953140e-03
1.987800000000242790e+03,1.257654645083781291e-03
1.987900000000242926e+03,1.256030131248288056e-03
1.988000000000242835e+03,1.254406639988249472e-03
1.988100000000242744e+03,1.252718675405551469e-03
1.988200000000242881e+03,1.251027750259919554e-03
1.988300000000243017e+03,1.249333866864264222e-03
1.988400000000242926e+03,1.247637027530589145e-03
1.988500000000242835e+03,1.245937234569982274e-03
1.988600000000242972e+03,1.244234490292623002e-03
1.988700000000243108e+03,1.242528797007791484e-03
1.988800000000243017e+03,1.240820157023860611e-03
1.988900000000242926e+03,1.239108572648286695e-03
1.989000000000243062e+03,1.237394046179650766e-03
1.989100000000243199e+03,1.232402888105214650e-03
1.989200000000243108e+03,1.227420238606247290e-03
1.989300000000243017e+03,1.222446093324233403e-03
1.989400000000243153e+03,1.217480447901830810e-03
1.989500000000243290e+03,1.212523297982889738e-03
1.989600000000243199e+03,1.207574639212425716e-03
1.989700000000243108e+03,1.202634467236603959e-03
1.989800000000243244e+03,1.197702777702759971e-03
1.989900000000243381e+03,1.192779566259418193e-03
1.990000000000243290e+03,1.187851111666915916e-03
1.990100000000243199e+03,1.183065976297124596e-03
1.990200000000243335e+03,1.178280778856121173e-03
1.990300000000243472e+03,1.173495520384575368e-03
1.990400000000243381e+03,1.168710201922568614e-03
1.990500000000243290e+03,1.163924824509574105e-03
1.990600000000243426e+03,1.159139389184472846e-03
1.990700000000243563e+03,1.154353896985582922e-03
1.990800000000243472e+03,1.149568348950634564e-03
1.990900000000243381e+03,1.144771248146124248e-03
1.991000000000243517e+03,1.139972379998206893e-03
1.991100000000243654e+03,1.134321141526407764e-03
1.991200000000243563e+03,1.128666810867956722e-03
1.991300000000243472e+03,1.123009391003418995e-03
1.991400000000243608e+03,1.117348884912275830e-03
1.991500000000243745e+03,1.111685295572955711e-03
1.991600000000243654e+03,1.106018625962804655e-03
1.991700000000243563e+03,1.100348879058060843e-03
1.991800000000243699e+03,1.094676057833885406e-03
1.991900000000243836e+03,1.089000165264379563e-03
1.992000000000243745e+03,1.083321204316039718e-03
1.992100000000243654e+03,1.074971858792930736e-03
1.992200000000243790e+03,1.066640631396901986e-03
1.992300000000243926e+03,1.058328201082550440e-03
1.992400000000243836e+03,1.050035254484177382e-03
1.992500000000243745e+03,1.041760355867390542e-03
1.992600000000243881e+03,1.033503492931299797e-03
1.992700000000244017e+03,1.025264653380396134e-03
1.992800000000243926e+03,1.017043824924506335e-03
1.992900000000243836e+03,1.008841677502633760e-03
1.993000000000243972e+03,1.000665201905690275e-03
1.993100000000244108e+03,9.932128704346946356e-04
1.993200000000244017e+03,9.857541827076629452e-04
1.993300000000243926e+03,9.782891437893294264e-04
1.993400000000244063e+03,9.708177587428428726e-04
1.993500000000244199e+03,9.633400326297963554e-04
1.993600000000244108e+03,9.558559705101958917e-04
1.993700000000244017e+03,9.483655774424228210e-04
1.993800000000244154e+03,9.408688584832733794e-04
1.993900000000244290e+03,9.333658186879885150e-04
1.994000000000244199e+03,9.258564631070225317e-04
1.994100000000244108e+03,9.170462812290148223e-04
1.994200000000244245e+03,9.082402003657269853e-04
1.994300000000244381e+03,8.994372610970932744e-04
1.994400000000244290e+03,8.906374629036905351e-04
1.994500000000244199e+03,8.818408052660283922e-04
1.994600000000244336e+03,8.730472876645815590e-04
1.994700000000244472e+03,8.642569095798425301e-04
1.994800000000244381e+03,8.554696704922682381e-04
1.994900000000244290e+03,8.466828739117712591e-04
1.995000000000244427e+03,8.378981462690975350e-04
1.995100000000244563e+03,8.277900201834668915e-04
1.995200000000244472e+03,8.177021146424482160e-04
1.995300000000244381e+03,8.076344191659740653e-04
1.995400000000244518e+03,7.975869232766544335e-04
1.995500000000244654e+03,7.875596164998128557e-04
1.995600000000244563e+03,7.775524883634471604e-04
1.995700000000244472e+03,7.675665241031510858e-04
1.995800000000244609e+03,7.576031383144942203e-04
1.995900000000244745e+03,7.476598097342235932e-04
1.996000000000244654e+03,7.377365281768632609e-04
1.996100000000244563e+03,7.286718340934422809e-04
1.996200000000244700e+03,7.195961178460012677e-04
1.996300000000244836e+03,7.105093893361558817e-04
1.996400000000244745e+03,7.014116584611484366e-04
1.996500000000244654e+03,6.923029351138005206e-04
1.996600000000244790e+03,6.831832291825576647e-04
1.996700000000244927e+03,6.740525505515373734e-04
1.996800000000244836e+03,6.649109091004800102e-04
1.996900000000244745e+03,6.557583147047150790e-04
1.997000000000244881e+03,6.465937762852986236e-04
1.997100000000245018e+03,6.365771629548827018e-04
1.997200000000244927e+03,6.265713320282763213e-04
1.997300000000244836e+03,6.165762784313561775e-04
1.997400000000244972e+03,6.065919970913228850e-04
1.997500000000245109e+03,5.966184829367471645e-04
1.997600000000245018e+03,5.866557308975193195e-04
1.997700000000244927e+03,5.767063785176828727e-04
1.997800000000245063e+03,5.667716845698701766e-04
1.997900000000245200e+03,5.568475064896996445e-04
1.998000000000245109e+03,5.469338396053213466e-04
1.998100000000245018e+03,5.443808416143496249e-04
1.998200000000245154e+03,5.418369230937804173e-04
1.998300000000245291e+03,5.392978772056419975e-04
1.998400000000245200e+03,5.367626197675588696e-04
1.998500000000245109e+03,5.342311486252667449e-04
1.998600000000245245e+03,5.317034616252579995e-04
1.998700000000245382e+03,5.291795566148009729e-04
1.998800000000245291e+03,5.266594314419188261e-04
1.998900000000245200e+03,5.241430839553839040e-04
1.999000000000245336e+03,5.216305120270412410e-04
1.999100000000245473e+03,5.282175619841872555e-04
1.999200000000245382e+03,5.348119875189779942e-04
1.999300000000245291e+03,5.414147138761948560e-04
1.999400000000245427e+03,5.480267606444989533e-04
1.999500000000245564e+03,5.546470907050553550e-04
1.999600000000245473e+03,5.612756982632229269e-04
1.999700000000245382e+03,5.679125775260570946e-04
1.999800000000245518e+03,5.745577227022812200e-04
1.999900000000245655e+03,5.812116604292332086e-04
2.000000000000245564e+03,5.878759868175977617e-04
2.000100000000245473e+03,5.937831340825447260e-04
2.000200000000245609e+03,5.996792221049460775e-04
2.000300000000245745e+03,6.055642560672172938e-04
2.000400000000245655e+03,6.114381989575499348e-04
2.000500000000245564e+03,6.172932999903342098e-04
2.000600000000245700e+03,6.231361044644109087e-04
2.000700000000245836e+03,6.289677069632758138e-04
2.000800000000245745e+03,6.347881131519338485e-04
2.000900000000245655e+03,6.405973286936375403e-04
2.001000000000245791e+03,6.463953592507377943e-04
2.001100000000245927e+03,6.525401397534960580e-04
2.001200000000245836e+03,6.586790154183400125e-04
2.001300000000245745e+03,6.648119884047014707e-04
2.001400000000245882e+03,6.709458998150408856e-04
2.001500000000246018e+03,6.770750086262875824e-04
2.001600000000245927e+03,6.831983631969966615e-04
2.001700000000245836e+03,6.893159654743904541e-04
2.001800000000245973e+03,6.954252948693225933e-04
2.001900000000246109e+03,7.015232202924472733e-04
2.002000000000246018e+03,7.076152578230307001e-04
2.002100000000245927e+03,7.144549196517908105e-04
2.002200000000246064e+03,7.213020193067320486e-04
2.002300000000246200e+03,7.281502252408806339e-04
2.002400000000246109e+03,7.350035808937681152e-04
2.002500000000246018e+03,7.418641996277849622e-04
2.002600000000246155e+03,7.487320761390987151e-04
2.002700000000246291e+03,7.556072051258291280e-04
2.002800000000246200e+03,7.624895812880779855e-04
2.002900000000246109e+03,7.693778527951804095e-04
2.003000000000246246e+03,7.762731523424860241e-04
2.003100000000246382e+03,7.817517433965469201e-04
2.003200000000246291e+03,7.872106678384774379e-04
2.003300000000246200e+03,7.926519906293318313e-04
2.003400000000246337e+03,7.980791902077249370e-04
2.003500000000246473e+03,8.034922737154829480e-04
2.003600000000246382e+03,8.088912482923483289e-04
2.003700000000246291e+03,8.142761210759992237e-04
2.003800000000246428e+03,8.196468992020252775e-04
2.003900000000246564e+03,8.250035898039060614e-04
2.004000000000246473e+03,8.303462000145732987e-04
2.004100000000246382e+03,8.363064739339198719e-04
2.004200000000246519e+03,8.422647610476494996e-04
2.004300000000246655e+03,8.482210617059323787e-04
2.004400000000246564e+03,8.541753762589253699e-04
2.004500000000246473e+03,8.601277050567982365e-04
2.004600000000246609e+03,8.660873547171814941e-04
2.004700000000246746e+03,8.720459168538866523e-04
2.004800000000246655e+03,8.780026327902496841e-04
2.004900000000246564e+03,8.839575028120023143e-04
2.005000000000246700e+03,8.899105272053463777e-04
2.005100000000246837e+03,8.960545817646257006e-04
2.005200000000246746e+03,9.022029652114908716e-04
2.005300000000246655e+03,9.083556745016689409e-04
2.005400000000246791e+03,9.145127065918698958e-04
2.005500000000246928e+03,9.206655497421880599e-04
2.005600000000246837e+03,9.268203844329396578e-04
2.005700000000246746e+03,9.329793892760628949e-04
2.005800000000246882e+03,9.391425610818671804e-04
2.005900000000247019e+03,9.453098966617627143e-04
2.006000000000246928e+03,9.514813928233738791e-04
2.006100000000246837e+03,9.556606331959365420e-04
2.006200000000246973e+03,9.598262755391931281e-04
2.006300000000247110e+03,9.639783283543263597e-04
2.006400000000247019e+03,9.681139863593859248e-04
2.006500000000246928e+03,9.722350085725991239e-04
2.006600000000247064e+03,9.763424340998344726e-04
2.006700000000247201e+03,9.804362715905559286e-04
2.006800000000247110e+03,9.845165296907272112e-04
2.006900000000247019e+03,9.885832170428365210e-04
2.007000000000247155e+03,9.926363422883249365e-04
2.007100000000247292e+03,9.976743971135872829e-04
2.007200000000247201e+03,1.002714089196814033e-03
2.007300000000247110e+03,1.007761701605415939e-03
2.007400000000247246e+03,1.012816473619173110e-03
2.007500000000247383e+03,1.017872995316622267e-03
2.007600000000247292e+03,1.022931265026730090e-03
2.007700000000247201e+03,1.027991281079113561e-03
2.007800000000247337e+03,1.033053041804022840e-03
2.007900000000247474e+03,1.038116545532318923e-03
2.008000000000247383e+03,1.043181790593614893e-03
2.008100000000247292e+03,1.047490975796449598e-03
2.008200000000247428e+03,1.051800422418737446e-03
2.008300000000247564e+03,1.056110129506676945e-03
2.008400000000247474e+03,1.060420096106967072e-03
2.008500000000247383e+03,1.064730321266840665e-03
2.008600000000247519e+03,1.069040804034031679e-03
2.008700000000247655e+03,1.073351543456761963e-03
2.008800000000247564e+03,1.077662538583764673e-03
2.008900000000247474e+03,1.081973788464290782e-03
2.009000000000247610e+03,1.086285292142829010e-03
2.009100000000247746e+03,1.088462562470797479e-03
2.009200000000247655e+03,1.090631256800086730e-03
2.009300000000247564e+03,1.092791380063156152e-03
2.009400000000247701e+03,1.094942937190737349e-03
2.009500000000247837e+03,1.097085933111815927e-03
2.009600000000247746e+03,1.099220372753648405e-03
2.009700000000247655e+03,1.101346261041777179e-03
2.009800000000247792e+03,1.103463602900010138e-03
2.009900000000247928e+03,1.105571124796027966e-03
2.010000000000247837e+03,1.107667273154707734e-03
2.010100000000247746e+03,1.110833273924794829e-03
2.010200000000247883e+03,1.114001097381730815e-03
2.010300000000248019e+03,1.117170741390035530e-03
2.010400000000247928e+03,1.120342203815356602e-03
2.010500000000247837e+03,1.123523109967590125e-03
2.010600000000247974e+03,1.126711328862523443e-03
2.010700000000248110e+03,1.129901433997042726e-03
2.010800000000248019e+03,1.133093423307034121e-03
2.010900000000247928e+03,1.136283267069219038e-03
2.011000000000248065e+03,1.139473852646211670e-03
2.011100000000248201e+03,1.141037881451159369e-03
2.011200000000248110e+03,1.142600988265133699e-03
2.011300000000248019e+03,1.144162697886575136e-03
2.011400000000248156e+03,1.145714371945753861e-03
2.011500000000248292e+03,1.147265098946296646e-03
2.011600000000248201e+03,1.148814879250712340e-03
2.011700000000248110e+03,1.150363713221413953e-03
2.011800000000248247e+03,1.151911601220704118e-03
2.011900000000248383e+03,1.153458543610767946e-03
2.012000000000248292e+03,1.155004540748592878e-03
2.012100000000248201e+03,1.154497722656290266e-03
2.012200000000248338e+03,1.153989339476780467e-03
2.012300000000248474e+03,1.153475030897939098e-03
2.012400000000248383e+03,1.152950113805105339e-03
2.012500000000248292e+03,1.152423647661784522e-03
2.012600000000248428e+03,1.151895633886378719e-03
2.012700000000248565e+03,1.151366073896547756e-03
2.012800000000248474e+03,1.150834969109191218e-03
2.012900000000248383e+03,1.150302320940456684e-03
2.013000000000248519e+03,1.149768130808471924e-03
2.013100000000248656e+03,1.150333509011583445e-03
2.013200000000248565e+03,1.150898391939782954e-03
2.013300000000248474e+03,1.151462779821721969e-03
2.013400000000248610e+03,1.152028460556514186e-03
2.013500000000248747e+03,1.152594782088119368e-03
2.013600000000248656e+03,1.153160612068518777e-03
2.013700000000248565e+03,1.153725950722223796e-03
2.013800000000248701e+03,1.154290798273668829e-03
2.013900000000248838e+03,1.154855154947210215e-03
2.014000000000248747e+03,1.155419020961016971e-03
2.014100000000248656e+03,1.153529385720107256e-03
2.014200000000248792e+03,1.151654060997857158e-03
2.014300000000248929e+03,1.149780499004513477e-03
2.014400000000248838e+03,1.147908698712844311e-03
2.014500000000248747e+03,1.146038659096053174e-03
2.014600000000248883e+03,1.144163698927400021e-03
2.014700000000249020e+03,1.142283899916444329e-03
2.014800000000248929e+03,1.140405901878479818e-03
2.014900000000248838e+03,1.138529703727205302e-03
2.015000000000248974e+03,1.136655304373147867e-03
2.015100000000249111e+03,1.133309123536947694e-03
2.015200000000249020e+03,1.129966329426313962e-03
2.015300000000248929e+03,1.126628464524423662e-03
2.015400000000249065e+03,1.123296972448659548e-03
2.015500000000249202e+03,1.119978327759279125e-03
2.015600000000249111e+03,1.116664547907161766e-03
2.015700000000249020e+03,1.113355630060596044e-03
2.015800000000249156e+03,1.110051571388991814e-03
2.015900000000249292e+03,1.106752369062889317e-03
2.016000000000249202e+03,1.103458020255740964e-03
2.016100000000249111e+03,1.100883502247089387e-03
2.016200000000249247e+03,1.098304632341210894e-03
2.016300000000249383e+03,1.095721415011600411e-03
2.016400000000249292e+03,1.093136949279940656e-03
2.016500000000249202e+03,1.090557732501038369e-03
2.016600000000249338e+03,1.087974121567826351e-03
2.016700000000249474e+03,1.085386120790648784e-03
2.016800000000249383e+03,1.082793734477569339e-03
2.016900000000249292e+03,1.080198182379433266e-03
2.017000000000249429e+03,1.077601320238837047e-03
2.017100000000249565e+03,1.072396869785189385e-03
2.017200000000249474e+03,1.067200066712727709e-03
2.017300000000249383e+03,1.062009498020668585e-03
2.017400000000249520e+03,1.056815686957952123e-03
2.017500000000249656e+03,1.051629630885884221e-03
2.017600000000249565e+03,1.046453449864816546e-03
2.017700000000249474e+03,1.041287589203947249e-03
2.017800000000249611e+03,1.036129423271112387e-03
2.017900000000249747e+03,1.030978947652704024e-03
2.018000000000249656e+03,1.025836157934492329e-03
2.018100000000249565e+03,1.019772396172886984e-03
2.018200000000249702e+03,1.013717545427647191e-03
2.018300000000249838e+03,1.007671599717404774e-03
2.018400000000249747e+03,1.001634553063578386e-03
2.018500000000249656e+03,9.956063994903542168e-04
2.018600000000249793e+03,9.895871330247029037e-04
2.018700000000249929e+03,9.835815558819768160e-04
2.018800000000249838e+03,9.775913931121930651e-04
2.018900000000249747e+03,9.716099603731110203e-04
2.019000000000249884e+03,9.656372520086975312e-04
2.019100000000250020e+03,9.601795753224821699e-04
2.019200000000249929e+03,9.547040495885816260e-04
2.019300000000249838e+03,9.492186971738542827e-04
2.019400000000249975e+03,9.437251405063264847e-04
2.019500000000250111e+03,9.382233864100383717e-04
2.019600000000250020e+03,9.327134417059472623e-04
2.019700000000249929e+03,9.271953132119067301e-04
2.019800000000250066e+03,9.216690077426848175e-04
2.019900000000250202e+03,9.161345321100023082e-04
2.020000000000250111e+03,9.105918931164854813e-04
2.020100000000250020e+03,9.026495356500874876e-04
2.020200000000250157e+03,8.947231905855535699e-04
2.020300000000250293e+03,8.868128466731445237e-04
2.020400000000250202e+03,8.789187261048247209e-04
2.020500000000250111e+03,8.710420807166226621e-04
2.020600000000250247e+03,8.631813715073996876e-04
2.020700000000250384e+03,8.553365873435309595e-04
2.020800000000250293e+03,8.475077170965895218e-04
2.020900000000250202e+03,8.396947496433075945e-04
2.021000000000250338e+03,8.318889544515121028e-04
2.021100000000250475e+03,8.239295986789733038e-04
2.021200000000250384e+03,8.159784568213216283e-04
2.021300000000250293e+03,8.080355241770847919e-04
2.021400000000250429e+03,8.001013955170174687e-04
2.021500000000250566e+03,7.921933053769481849e-04
2.021600000000250475e+03,7.842930424907819777e-04
2.021700000000250384e+03,7.764006027113810274e-04
2.021800000000250520e+03,7.685172494192530745e-04
2.021900000000250657e+03,7.606438700525736899e-04
2.022000000000250566e+03,7.527782301992908985e-04
2.022100000000250475e+03,7.452076854296235502e-04
2.022200000000250611e+03,7.376279146958601013e-04
2.022300000000250748e+03,7.300389263754707104e-04
2.022400000000250657e+03,7.224407288419331784e-04
2.022500000000250566e+03,7.148333304647105056e-04
2.022600000000250702e+03,7.072167396092784303e-04
2.022700000000250839e+03,6.995926027765494515e-04
2.022800000000250748e+03,6.919561329309203675e-04
2.022900000000250657e+03,6.842999852395532196e-04
2.023000000000250793e+03,6.766349473705273636e-04
2.023100000000250930e+03,6.674135041408249536e-04
2.023200000000250839e+03,6.582137922012990753e-04
2.023300000000250748e+03,6.490416420057640301e-04
2.023400000000250884e+03,6.398927148145848887e-04
2.023500000000251021e+03,6.307652612167176723e-04
2.023600000000250930e+03,6.216573816518477808e-04
2.023700000000250839e+03,6.125677311951477832e-04
2.023800000000250975e+03,6.034996627955254572e-04
2.023900000000251111e+03,5.944531615147232492e-04
2.024000000000251021e+03,5.854270666897509615e-04
2.024100000000250930e+03,5.768782810267021957e-04
2.024200000000251066e+03,5.683380380776880758e-04
2.024300000000251202e+03,5.598042631617135669e-04
2.024400000000251111e+03,5.512745657267400113e-04
2.024500000000251021e+03,5.427489444346283911e-04
2.024600000000251157e+03,5.342269024775712482e-04
2.024700000000251293e+03,5.257033161830606139e-04
2.024800000000251202e+03,5.171840002692785912e-04
2.024900000000251111e+03,5.086689532573000164e-04
2.025000000000251248e+03,5.001581736807267061e-04
2.025100000000251384e+03,4.964710820593676126e-04
2.025200000000251293e+03,4.927834318891034749e-04
2.025300000000251202e+03,4.890924021197581720e-04
2.025400000000251339e+03,4.853979962717587635e-04
2.025500000000251475e+03,4.817002178637357860e-04
2.025600000000251384e+03,4.779990704125024366e-04
2.025700000000251293e+03,4.742945574330416705e-04
2.025800000000251430e+03,4.705866824385220850e-04
2.025900000000251566e+03,4.668754489403155916e-04
2.026000000000251475e+03,4.631608604694931880e-04
2.026100000000251384e+03,4.679837209482879345e-04
2.026200000000251521e+03,4.727923947442462787e-04
2.026300000000251657e+03,4.775868904522639576e-04
2.026400000000251566e+03,4.823672166639465884e-04
2.026500000000251475e+03,4.871333819676312436e-04
2.026600000000251612e+03,4.918853949483656353e-04
2.026700000000251748e+03,4.966232641878878936e-04
2.026800000000251657e+03,5.013469982646505830e-04
2.026900000000251566e+03,5.060566057538387532e-04
2.027000000000251703e+03,5.107520952293986448e-04
2.027100000000251839e+03,5.162523690932243302e-04
2.027200000000251748e+03,5.217523240344441350e-04
2.027300000000251657e+03,5.272519589712272537e-04
2.027400000000251794e+03,5.327512728224883783e-04
2.027500000000251930e+03,5.382502645078611351e-04
2.027600000000251839e+03,5.437489329477217205e-04
2.027700000000251748e+03,5.492472770632170903e-04
2.027800000000251885e+03,5.547452957762357946e-04
2.027900000000252021e+03,5.602429880093847759e-04
2.028000000000251930e+03,5.657403526866964854e-04
2.028100000000251839e+03,5.715098391020571444e-04
2.028200000000251976e+03,5.772826414079686554e-04
2.028300000000252112e+03,5.830549377834404797e-04
2.028400000000252021e+03,5.888274684557388188e-04
2.028500000000251930e+03,5.946031713482061035e-04
2.028600000000252066e+03,6.003820433554379454e-04
2.028700000000252203e+03,6.061640813733750171e-04
2.028800000000252112e+03,6.119563930029923255e-04
2.028900000000252021e+03,6.177520147225493011e-04
2.029000000000252157e+03,6.235509282397721066e-04
2.029100000000252294e+03,6.282912288501060804e-04
2.029200000000252203e+03,6.330161135832603359e-04
2.029300000000252112e+03,6.377255935461640518e-04
2.029400000000252248e+03,6.424178990092569569e-04
2.029500000000252385e+03,6.470936646035443506e-04
2.029600000000252294e+03,6.517540166330272524e-04
2.029700000000252203e+03,6.563924292475115585e-04
2.029800000000252339e+03,6.610197793874303483e-04
2.029900000000252476e+03,6.656317197405994465e-04
2.030000000000252385e+03,6.702282617387226357e-04
2.030100000000252294e+03,6.758784138021757754e-04
2.030200000000252430e+03,6.815310560452587972e-04
2.030300000000252567e+03,6.871861858200300479e-04
2.030400000000252476e+03,6.928438004797491702e-04
2.030500000000252385e+03,6.985038973789110383e-04
2.030600000000252521e+03,7.041604114234390529e-04
2.030700000000252658e+03,7.098171490814419180e-04
2.030800000000252567e+03,7.154762288210042911e-04
2.030900000000252476e+03,7.211376479104802083e-04
2.031000000000252612e+03,7.268018908995514064e-04
2.031100000000252749e+03,7.322382455970401736e-04
2.031200000000252658e+03,7.376754954230253314e-04
2.031300000000252567e+03,7.431136385591230031e-04
2.031400000000252703e+03,7.485526731879644504e-04
2.031500000000252840e+03,7.539979544145343406e-04
2.031600000000252749e+03,7.594476513217946834e-04
2.031700000000252658e+03,7.648983612623149516e-04
2.031800000000252794e+03,7.703500824580981248e-04
2.031900000000252930e+03,7.758036757449901684e-04
2.032000000000252840e+03,7.812518515179658982e-04
2.032100000000252749e+03,7.853332702425456103e-04
2.032200000000252885e+03,7.894010393158066999e-04
2.032300000000253021e+03,7.934551678130637772e-04
2.032400000000252930e+03,7.974956648057774386e-04
2.032500000000252840e+03,8.015225393615720484e-04
2.032600000000252976e+03,8.055358005442219685e-04
2.032700000000253112e+03,8.095354574136290077e-04
2.032800000000253021e+03,8.135180408506610152e-04
2.032900000000252930e+03,8.174868042201145204e-04
2.033000000000253067e+03,8.214419547477121077e-04
2.033100000000253203e+03,8.265722744161666836e-04
2.033200000000253112e+03,8.317063350509846598e-04
2.033300000000253021e+03,8.368475587722919379e-04
2.033400000000253158e+03,8.419989214595084660e-04
2.033500000000253294e+03,8.471541351379988007e-04
2.033600000000253203e+03,8.523131965766212424e-04
2.033700000000253112e+03,8.574761025455693948e-04
2.033800000000253249e+03,8.626349435948290440e-04
2.033900000000253385e+03,8.677953716746752847e-04
2.034000000000253294e+03,8.729595140038331775e-04
2.034100000000253203e+03,8.773099724094862110e-04
2.034200000000253340e+03,8.816596477056678777e-04
2.034300000000253476e+03,8.860085395162381949e-04
2.034400000000253385e+03,8.903566474653959928e-04
2.034500000000253294e+03,8.947030172675475828e-04
2.034600000000253431e+03,8.990477634917675700e-04
2.034700000000253567e+03,9.033986271796370275e-04
2.034800000000253476e+03,9.077523781003735527e-04
2.034900000000253385e+03,9.121054274290987026e-04
2.035000000000253522e+03,9.164577747680978468e-04
2.035100000000253658e+03,9.192335336833947716e-04
2.035200000000253567e+03,9.219996255416662697e-04
2.035300000000253476e+03,9.247589621843544608e-04
2.035400000000253613e+03,9.275099366142377458e-04
2.035500000000253749e+03,9.302512846297313455e-04
2.035600000000253658e+03,9.329772705102828837e-04
2.035700000000253567e+03,9.356884625201648039e-04
2.035800000000253704e+03,9.383899805000057081e-04
2.035900000000253840e+03,9.410818299596701879e-04
2.036000000000253749e+03,9.437640164100963031e-04
2.036100000000253658e+03,9.476163638815485657e-04
2.036200000000253794e+03,9.514723483099846689e-04
2.036300000000253931e+03,9.553315649934891870e-04
2.036400000000253840e+03,9.591940107904349706e-04
2.036500000000253749e+03,9.630596825607189333e-04
2.036600000000253885e+03,9.669285771657377656e-04
2.036700000000254022e+03,9.708006914683699369e-04
2.036800000000253931e+03,9.746760223329977053e-04
2.036900000000253840e+03,9.785545666255199108e-04
2.037000000000253976e+03,9.824363212099721920e-04
2.037100000000254113e+03,9.849964091072124350e-04
2.037200000000254022e+03,9.875555362467757035e-04
2.037300000000253931e+03,9.901137028446047126e-04
2.037400000000254067e+03,9.926677915111574262e-04
2.037500000000254204e+03,9.952124335706996183e-04
2.037600000000254113e+03,9.977560561923531045e-04
2.037700000000254022e+03,1.000298659625480915e-03
2.037800000000254158e+03,1.002840244119399026e-03
2.037900000000254295e+03,1.005389067846218639e-03
2.038000000000254204e+03,1.007941931507953933e-03
2.038100000000254113e+03,1.008734680869134356e-03
2.038200000000254249e+03,1.009522955764019904e-03
2.038300000000254386e+03,1.010306758924823904e-03
2.038400000000254295e+03,1.011086093082740533e-03
2.038500000000254204e+03,1.011860960967944385e-03
2.038600000000254340e+03,1.012631365309599142e-03
2.038700000000254477e+03,1.013397308835840014e-03
2.038800000000254386e+03,1.014158794273788263e-03
2.038900000000254295e+03,1.014915824349550558e-03
2.039000000000254431e+03,1.015668401791160625e-03
2.039100000000254568e+03,1.017574739805747518e-03
2.039200000000254477e+03,1.019482355594959885e-03
2.039300000000254386e+03,1.021391247991578844e-03
2.039400000000254522e+03,1.023295949492189754e-03
2.039500000000254659e+03,1.025198701347400029e-03
2.039600000000254568e+03,1.027100889550824686e-03
2.039700000000254477e+03,1.028998959331567679e-03
2.039800000000254613e+03,1.030891589832790825e-03
2.039900000000254749e+03,1.032785406442707655e-03
2.040000000000254659e+03,1.034680407911972490e-03
2.040100000000254568e+03,1.034762714294656461e-03
2.040200000000254704e+03,1.034855467647450601e-03
2.040300000000254840e+03,1.034949465135974944e-03
2.040400000000254749e+03,1.035043279917987257e-03
2.040500000000254659e+03,1.035136912076000965e-03
2.040600000000254795e+03,1.035230361692504771e-03
2.040700000000254931e+03,1.035323628849964825e-03
2.040800000000254840e+03,1.035416713630823863e-03
2.040900000000254749e+03,1.035509616117499462e-03
2.041000000000254886e+03,1.035602336387918656e-03
2.041100000000255022e+03,1.033942293997882397e-03
2.041200000000254931e+03,1.032287454937766500e-03
2.041300000000254840e+03,1.030635215648227371e-03
2.041400000000254977e+03,1.028984536005475613e-03
2.041500000000255113e+03,1.027336385008439630e-03
2.041600000000255022e+03,1.025692901723094554e-03
2.041700000000254931e+03,1.024050962522804389e-03
2.041800000000255068e+03,1.022410566597015472e-03
2.041900000000255204e+03,1.020771713135489207e-03
2.042000000000255113e+03,1.019134401331086301e-03
2.042100000000255022e+03,1.018591037440385542e-03
2.042200000000255159e+03,1.018045282357429729e-03
2.042300000000255295e+03,1.017497137444008234e-03
2.042400000000255204e+03,1.016946604061501466e-03
2.042500000000255113e+03,1.016393683570881090e-03
2.042600000000255250e+03,1.015838377332711328e-03
2.042700000000255386e+03,1.015280686707154814e-03
2.042800000000255295e+03,1.014720613053963702e-03
2.042900000000255204e+03,1.014147997063451949e-03
2.043000000000255341e+03,1.013566776125808403e-03
2.043100000000255477e+03,1.010837028918417681e-03
2.043200000000255386e+03,1.008109578714028827e-03
2.043300000000255295e+03,1.005384424373811925e-03
2.043400000000255432e+03,1.002661564759347538e-03
2.043500000000255568e+03,9.999409987326514284e-04
2.043600000000255477e+03,9.972227251561539569e-04
2.043700000000255386e+03,9.945067428926866390e-04
2.043800000000255523e+03,9.917972637543299996e-04
2.043900000000255659e+03,9.890973763429051699e-04
2.044000000000255568e+03,9.863997139632090828e-04
2.044100000000255477e+03,9.822294792321292854e-04
2.044200000000255613e+03,9.780662244800516093e-04
2.044300000000255750e+03,9.739008675578883587e-04
2.044400000000255659e+03,9.697402980629589398e-04
2.044500000000255568e+03,9.655867934081856620e-04
2.044600000000255704e+03,9.614403494779455352e-04
2.044700000000255841e+03,9.573009621582168277e-04
2.044800000000255750e+03,9.531686273365602008e-04
2.044900000000255659e+03,9.490433409021007110e-04
2.045000000000255795e+03,9.449254291297545143e-04
2.045100000000255932e+03,9.417228204212440505e-04
2.045200000000255841e+03,9.385060567803324731e-04
2.045300000000255750e+03,9.352789362317720121e-04
2.045400000000255886e+03,9.320479995220030088e-04
2.045500000000256023e+03,9.288115977842451541e-04
2.045600000000255932e+03,9.255695825027370188e-04
2.045700000000255841e+03,9.223304205854189908e-04
2.045800000000255977e+03,9.190844363147365357e-04
2.045900000000256114e+03,9.158316340387117043e-04
2.046000000000256023e+03,9.125720180985929944e-04
2.046100000000255932e+03,9.072258497370809397e-04
2.046200000000256068e+03,9.018854586754777554e-04
2.046300000000256205e+03,8.965508417333516123e-04
2.046400000000256114e+03,8.912219957315156704e-04
2.046500000000256023e+03,8.858989174920035761e-04
2.046600000000256159e+03,8.805816038380965671e-04
2.046700000000256296e+03,8.752700515943421210e-04
2.046800000000256205e+03,8.699642575865357405e-04
2.046900000000256114e+03,8.646642186416908125e-04
2.047000000000256250e+03,8.593740590138683249e-04
2.047100000000256387e+03,8.530374018380147520e-04
2.047200000000256296e+03,8.467112558885681387e-04
2.047300000000256205e+03,8.403956163004575736e-04
2.047400000000256341e+03,8.340904782098994188e-04
2.047500000000256478e+03,8.277958367544252819e-04
2.047600000000256387e+03,8.215116870728465630e-04
2.047700000000256296e+03,8.152380243052390583e-04
2.047800000000256432e+03,8.089748435929570557e-04
2.047900000000256568e+03,8.027221400786695464e-04
2.048000000000256478e+03,7.964799089082687461e-04
2.048100000000256387e+03,7.909927771521229473e-04
2.048200000000256296e+03,7.854949746750501671e-04
2.048300000000256659e+03,7.799865091200695443e-04
2.048400000000256568e+03,7.744673881272839304e-04
2.048500000000256478e+03,7.689376193337336312e-04
2.048600000000256841e+03,7.633972103734688311e-04
2.048700000000256750e+03,7.578460796869771312e-04
2.048800000000256659e+03,7.522810155339168612e-04
2.048900000000256568e+03,7.467053844828022181e-04
2.049000000000256478e+03,7.411191942945146577e-04
2.049100000000256841e+03,7.339021503095236520e-04
2.049200000000256750e+03,7.266937841418383108e-04
2.049300000000256659e+03,7.194990296333132361e-04
2.049400000000257023e+03,7.123162605762925871e-04
2.049500000000256932e+03,7.051419883708435598e-04
2.049600000000256841e+03,6.979762088049708182e-04
2.049700000000256750e+03,6.908187237521182938e-04
2.049800000000256659e+03,6.836619487907140847e-04
2.049900000000257023e+03,6.765138205030005094e-04
2.050000000000256932e+03,6.693743343789283328e-04
2.050100000000256841e+03,6.616790730695462685e-04
2.050200000000257205e+03,6.539961690397975719e-04
2.050300000000257114e+03,6.463256163780601400e-04
2.050400000000257023e+03,6.386674091742758309e-04
2.050500000000256932e+03,6.310215415200971572e-04
2.050600000000256841e+03,6.233880075088440260e-04
2.050700000000257205e+03,6.157668012354765253e-04
2.050800000000257114e+03,6.081579167967278475e-04
2.050900000000257023e+03,6.005613482908968813e-04
2.051000000000257387e+03,5.929770898198781634e-04
2.051100000000257296e+03,5.861395453279514764e-04
2.051200000000257205e+03,5.792893646504663737e-04
2.051300000000257114e+03,5.724285635095179535e-04
2.051400000000257023e+03,5.655556720506250317e-04
2.051500000000257387e+03,5.586701130857869802e-04
2.051600000000257296e+03,5.517718967549426010e-04
2.051700000000257205e+03,5.448610331934916834e-04
2.051800000000257569e+03,5.379375325323923658e-04
2.051900000000257478e+03,5.310014048982557864e-04
2.052000000000257387e+03,5.240526604108864620e-04
2.052100000000257296e+03,5.162173845621127527e-04
2.052200000000257205e+03,5.083913044403570031e-04
2.052300000000257569e+03,5.005714473599759970e-04
2.052400000000257478e+03,4.927617366971855485e-04
2.052500000000257387e+03,4.849621674209675208e-04
2.052600000000257751e+03,4.771727345019001563e-04
2.052700000000257660e+03,4.693934329122610217e-04
2.052800000000257569e+03,4.616242576258143418e-04
2.052900000000257478e+03,4.538652036179548731e-04
2.053000000000257387e+03,4.461143679463723229e-04
2.053100000000257751e+03,4.435251422964008516e-04
2.053200000000257660e+03,4.409397315017462757e-04
2.053300000000257569e+03,4.383581334194009273e-04
2.053400000000257933e+03,4.357803459071623751e-04
2.053500000000257842e+03,4.332063668236684991e-04
2.053600000000257751e+03,4.306361940283254448e-04
2.053700000000257660e+03,4.280698253813556534e-04
2.053800000000257569e+03,4.255072587437860442e-04
2.053900000000257933e+03,4.229438460034721983e-04
2.054000000000257842e+03,4.203840041565146428e-04
2.054100000000257751e+03,4.255038252976938275e-04
2.054200000000258115e+03,4.306314575030102524e-04
2.054300000000258024e+03,4.357668935564455530e-04
2.054400000000257933e+03,4.409101262456683571e-04
2.054500000000257842e+03,4.460611483619417476e-04
2.054600000000257751e+03,4.512199527001403937e-04
2.054700000000258115e+03,4.563865320587786852e-04
2.054800000000258024e+03,4.615608792399110405e-04
2.054900000000257933e+03,4.667429870492725819e-04
2.055000000000258296e+03,4.719328482946277326e-04
2.055100000000258206e+03,4.765113442107983652e-04
2.055200000000258115e+03,4.810828959786830916e-04
2.055300000000258024e+03,4.856475073007753560e-04
2.055400000000257933e+03,4.902051818783155360e-04
2.055500000000258296e+03,4.947574683888263884e-04
2.055600000000258206e+03,4.993041852692979522e-04
2.055700000000258115e+03,5.038443900933973997e-04
2.055800000000258478e+03,5.083777318506207564e-04
2.055900000000258387e+03,5.129042141010394223e-04
2.056000000000258296e+03,5.174238404036847223e-04
2.056100000000258206e+03,5.219582894145679327e-04
2.056200000000258115e+03,5.264903343047618338e-04
2.056300000000258478e+03,5.310146643772602464e-04
2.056400000000258387e+03,5.355312844051401781e-04
2.056500000000258296e+03,5.400401991595534185e-04
2.056600000000258660e+03,5.445414134096600777e-04
2.056700000000258569e+03,5.490349319225745935e-04
2.056800000000258478e+03,5.535207594634820654e-04
2.056900000000258387e+03,5.579989007955629037e-04
2.057000000000258296e+03,5.624693606825086111e-04
2.057100000000258660e+03,5.679074556827702538e-04
2.057200000000258569e+03,5.733540992210814239e-04
2.057300000000258478e+03,5.788092845444755543e-04
2.057400000000258842e+03,5.842730049028670202e-04
2.057500000000258751e+03,5.897452535489681969e-04
2.057600000000258660e+03,5.952260237384465616e-04
2.057700000000258569e+03,6.007153087298155135e-04
2.057800000000258478e+03,6.062131017844665749e-04
2.057900000000258842e+03,6.117193961666871722e-04
2.058000000000258751e+03,6.172403781809613927e-04
2.058100000000258660e+03,6.217210707130970456e-04
2.058200000000259024e+03,6.261948141827294303e-04
2.058300000000258933e+03,6.306616120724130694e-04
2.058400000000258842e+03,6.351214678636726016e-04
2.058500000000258751e+03,6.395743850369254788e-04
2.058600000000258660e+03,6.440203670714996376e-04
2.058700000000259024e+03,6.484594174456555097e-04
2.058800000000258933e+03,6.528914687328475196e-04
2.058900000000258842e+03,6.573136973590540475e-04
2.059000000000259206e+03,6.617289648821749089e-04
2.059100000000259115e+03,6.659982750160783806e-04
2.059200000000259024e+03,6.702604511166360135e-04
2.059300000000258933e+03,6.745141883129513599e-04
2.059400000000258842e+03,6.787541879051168679e-04
2.059500000000259206e+03,6.829869682434875668e-04
2.059600000000259115e+03,6.872125340654191466e-04
2.059700000000259024e+03,6.914308901062024343e-04
2.059800000000259388e+03,6.956420410990141710e-04
2.059900000000259297e+03,6.998459917748516348e-04
2.060000000000259206e+03,7.040427468652997412e-04
2.060100000000259115e+03,7.092599022139234235e-04
2.060200000000259024e+03,7.144851085507303084e-04
2.060300000000259388e+03,7.197183597728130456e-04
2.060400000000259297e+03,7.249614715188481499e-04
2.060500000000259206e+03,7.302169258762956656e-04
2.060600000000259570e+03,7.354804950311996789e-04
2.060700000000259479e+03,7.407521730938106726e-04
2.060800000000259388e+03,7.460319541767137424e-04
2.060900000000259297e+03,7.513198323947339451e-04
2.061000000000259206e+03,7.566158018610591928e-04
2.061100000000259570e+03,7.604072601552651139e-04
2.061200000000259479e+03,7.641924234421189517e-04
2.061300000000259388e+03,7.679712952579069874e-04
2.061400000000259752e+03,7.717465749007376046e-04
2.061500000000259661e+03,7.755163894715950230e-04
2.061600000000259570e+03,7.792799571003762929e-04
2.061700000000259479e+03,7.830372812329843739e-04
2.061800000000259388e+03,7.867883653140768027e-04
2.061900000000259752e+03,7.905332127870925811e-04
2.062000000000259661e+03,7.942718270933358084e-04
2.062100000000259570e+03,7.976817223888701394e-04
2.062200000000259934e+03,8.010858909078749169e-04
2.062300000000259843e+03,8.044843361844204212e-04
2.062400000000259752e+03,8.078770617511671446e-04
2.062500000000259661e+03,8.112620472966384881e-04
2.062600000000259570e+03,8.146349424438640045e-04
2.062700000000259934e+03,8.180042034822134975e-04
2.062800000000259843e+03,8.213677071541482114e-04
2.062900000000259752e+03,8.247254571154736223e-04
2.063000000000260115e+03,8.280837263780563024e-04
2.063100000000260025e+03,8.324610523475823752e-04
2.063200000000259934e+03,8.368446427130713482e-04
2.063300000000259843e+03,8.412347178843545582e-04
2.063400000000259752e+03,8.456321083537341040e-04
2.063500000000260115e+03,8.500450555235665494e-04
2.063600000000260025e+03,8.544645771903700265e-04
2.063700000000259934e+03,8.588906692025755811e-04
2.063800000000260297e+03,8.633233274099347092e-04
2.063900000000260206e+03,8.677625476634643871e-04
2.064000000000260115e+03,8.722083258105244692e-04
2.064100000000260025e+03,8.747184758574371366e-04
2.064200000000259934e+03,8.772242474921430064e-04
2.064300000000260297e+03,8.797256431752131052e-04
2.064400000000260206e+03,8.822128390053925618e-04
2.064500000000260115e+03,8.846951482901961074e-04
2.064600000000260479e+03,8.871730312721612909e-04
2.064700000000260388e+03,8.896464905629414104e-04
2.064800000000260297e+03,8.921155287732160421e-04
2.064900000000260206e+03,8.945801485126326016e-04
2.065000000000260115e+03,8.970403523884572716e-04
2.065100000000260479e+03,8.989689655445352650e-04
2.065200000000260388e+03,9.008940045197855444e-04
2.065300000000260297e+03,9.028154715120314134e-04
2.065400000000260661e+03,9.047333687182108159e-04
2.065500000000260570e+03,9.066476983343399075e-04
2.065600000000260479e+03,9.085584625555707342e-04
2.065700000000260388e+03,9.104656635761575146e-04
2.065800000000260297e+03,9.123693035894619519e-04
2.065900000000260661e+03,9.142693847879642928e-04
2.066000000000260570e+03,9.161659093657582940e-04
2.066100000000260479e+03,9.190336209566589030e-04
2.066200000000260843e+03,9.219106987091884491e-04
2.066300000000260752e+03,9.247912481245673362e-04
2.066400000000260661e+03,9.276752668636136564e-04
2.066500000000260570e+03,9.305627525879142008e-04
2.066600000000260479e+03,9.334476616176683216e-04
2.066700000000260843e+03,9.363451253858454722e-04
2.066800000000260752e+03,9.392460679505786753e-04
2.066900000000260661e+03,9.421504870091865561e-04
2.067000000000261025e+03,9.450583802538739921e-04
2.067100000000260934e+03,9.457096887963212847e-04
2.067200000000260843e+03,9.463511792222596523e-04
2.067300000000260752e+03,9.469946390611562546e-04
2.067400000000260661e+03,9.476370330508664943e-04
2.067500000000261025e+03,9.482777458029177696e-04
2.067600000000260934e+03,9.489167784271318419e-04
2.067700000000260843e+03,9.495541320328703370e-04
2.067800000000261207e+03,9.501898077290180490e-04
2.067900000000261116e+03,9.508238066239791449e-04
2.068000000000261025e+03,9.514561298237813290e-04
2.068100000000260934e+03,9.513547783031058415e-04
2.068200000000260843e+03,9.512527649022567465e-04
2.068300000000261207e+03,9.511500901099632184e-04
2.068400000000261116e+03,9.510467544147374825e-04
2.068500000000261025e+03,9.509524442128425336e-04
2.068600000000261389e+03,9.508588739979848339e-04
2.068700000000261298e+03,9.507646421402850571e-04
2.068800000000261207e+03,9.506697491042771049e-04
2.068900000000261116e+03,9.505741007538925707e-04
2.069000000000261025e+03,9.504735958069178729e-04
2.069100000000261389e+03,9.512711447664520337e-04
2.069200000000261298e+03,9.520680373242155830e-04
2.069300000000261207e+03,9.528642737582443617e-04
2.069400000000261571e+03,9.536598543464900766e-04
2.069500000000261480e+03,9.544547793668073984e-04
2.069600000000261389e+03,9.552489689838629958e-04
2.069700000000261298e+03,9.560406827234208893e-04
2.069800000000261207e+03,9.568317386032689333e-04
2.069900000000261571e+03,9.576221369049191376e-04
2.070000000000261480e+03,9.584118779036163898e-04
2.070100000000261389e+03,9.568437261401407197e-04
2.070200000000261753e+03,9.552771025762330252e-04
2.070300000000261662e+03,9.537120063508932330e-04
2.070400000000261571e+03,9.521484366034537947e-04
2.070500000000261480e+03,9.505863924736046230e-04
2.070600000000261389e+03,9.490263532712504184e-04
2.070700000000261753e+03,9.474758537389423117e-04
2.070800000000261662e+03,9.459386336693350033e-04
2.070900000000261571e+03,9.444042552233621176e-04
2.071000000000261934e+03,9.428713273715175550e-04
2.071100000000261844e+03,9.404552143930848627e-04
2.071200000000261753e+03,9.380472889098994890e-04
2.071300000000261662e+03,9.356478207366202221e-04
2.071400000000261571e+03,9.332511689582035069e-04
2.071500000000261934e+03,9.308573321718163068e-04
2.071600000000261844e+03,9.284663089751181387e-04
2.071700000000261753e+03,9.260780979661785645e-04
2.071800000000262116e+03,9.236926977435272815e-04
2.071900000000262025e+03,9.213101069061761317e-04
2.072000000000261934e+03,9.189303240557402351e-04
2.072100000000261844e+03,9.173776859712222441e-04
2.072200000000261753e+03,9.158129010226331379e-04
2.072300000000262116e+03,9.142428666319011221e-04
2.072400000000262025e+03,9.126675859388510767e-04
2.072500000000261934e+03,9.110870620822737699e-04
2.072600000000262298e+03,9.094929049280832314e-04
2.072700000000262207e+03,9.078913365323201031e-04
2.072800000000262116e+03,9.062845718883159310e-04
2.072900000000262025e+03,9.046726143123939509e-04
2.073000000000261934e+03,9.030554671139148695e-04
2.073100000000262298e+03,8.992232433489372396e-04
2.073200000000262207e+03,8.953974972384311269e-04
2.073300000000262116e+03,8.915760658991225742e-04
2.073400000000262480e+03,8.877588864077283525e-04
2.073500000000262389e+03,8.839459563787856492e-04
2.073600000000262298e+03,8.801372734277095305e-04
2.073700000000262207e+03,8.763328351708705695e-04
2.073800000000262116e+03,8.725326392255703441e-04
2.073900000000262480e+03,8.687366832100262577e-04
2.074000000000262389e+03,8.649449647410270602e-04
2.074100000000262298e+03,8.602392186248831183e-04
2.074200000000262662e+03,8.555403686955813467e-04
2.074300000000262571e+03,8.508484110881052572e-04
2.074400000000262480e+03,8.461686003521554740e-04
2.074500000000262389e+03,8.415001950991433466e-04
2.074600000000262298e+03,8.368385617264620163e-04
2.074700000000262662e+03,8.321836966152277529e-04
2.074800000000262571e+03,8.275352068967631878e-04
2.074900000000262480e+03,8.228808663687094214e-04
2.075000000000262844e+03,8.182331296896014220e-04
2.075100000000262753e+03,8.143692123149029721e-04
2.075200000000262662e+03,8.104958966724390423e-04
2.075300000000262571e+03,8.066131889278119497e-04
2.075400000000262480e+03,8.027210952444354406e-04
2.075500000000262844e+03,7.988196217835261256e-04
2.075600000000262753e+03,7.949087747041630025e-04
2.075700000000262662e+03,7.909885601631939976e-04
2.075800000000263026e+03,7.870589843152781418e-04
2.075900000000262935e+03,7.831200533129479115e-04
2.076000000000262844e+03,7.791717733017691338e-04
2.076100000000262753e+03,7.734220220474636361e-04
2.076200000000262662e+03,7.676781374735883309e-04
2.076300000000263026e+03,7.619401163735572882e-04
2.076400000000262935e+03,7.562079555421157614e-04
2.076500000000262844e+03,7.504816517751816771e-04
2.076600000000263208e+03,7.447612018699212039e-04
2.076700000000263117e+03,7.390427806566790330e-04
2.076800000000263026e+03,7.333289570319581271e-04
2.076900000000262935e+03,7.276210570486557486e-04
2.077000000000262844e+03,7.219190773833641592e-04
2.077100000000263208e+03,7.154197734942510873e-04
2.077200000000263117e+03,7.089383624472256557e-04
2.077300000000263026e+03,7.024676462177603144e-04
2.077400000000263390e+03,6.960076187045943991e-04
2.077500000000263299e+03,6.895582738088239759e-04
2.077600000000263208e+03,6.831196054337397528e-04
2.077700000000263117e+03,6.766916074849284530e-04
2.077800000000263026e+03,6.702742738702566596e-04
2.077900000000263390e+03,6.638675984998316766e-04
2.078000000000263299e+03,6.574714528735476574e-04
2.078100000000263208e+03,6.518529762465059092e-04
2.078200000000263572e+03,6.462223241192725526e-04
2.078300000000263481e+03,6.405795046932154495e-04
2.078400000000263390e+03,6.349245261666610577e-04
2.078500000000263299e+03,6.292573967349999239e-04
2.078600000000263208e+03,6.235781245906615302e-04
2.078700000000263572e+03,6.178867179230871894e-04
2.078800000000263481e+03,6.121831849188368382e-04
2.078900000000263390e+03,6.064675337614321539e-04
2.079000000000263753e+03,6.007397726284112102e-04
2.079100000000263663e+03,5.938611578029882312e-04
2.079200000000263572e+03,5.869883597386954142e-04
2.079300000000263481e+03,5.801213754884038901e-04
2.079400000000263390e+03,5.732602021061003255e-04
2.079500000000263753e+03,5.664048366468522281e-04
2.079600000000263663e+03,5.595552761669317626e-04
2.079700000000263572e+03,5.527115177236327373e-04
2.079800000000263935e+03,5.458735583753582081e-04
2.079900000000263844e+03,5.390428626843812810e-04
2.080000000000263753e+03,5.322188761434911916e-04
2.080100000000263663e+03,5.249263476447239840e-04
2.080200000000263572e+03,5.176472642345069817e-04
2.080300000000263935e+03,5.103827642898446084e-04
2.080400000000263844e+03,5.031363941203728955e-04
2.080500000000263753e+03,4.959032761523969688e-04
2.080600000000264117e+03,4.886834027968407594e-04
2.080700000000264026e+03,4.814763614890751604e-04
2.080800000000263935e+03,4.742808201829855938e-04
2.080900000000263844e+03,4.670985655608908093e-04
2.081000000000263753e+03,4.599295898671407353e-04
2.081100000000264117e+03,4.536012961502076924e-04
2.081200000000264026e+03,4.472598325936242344e-04
2.081300000000263935e+03,4.409007354210871298e-04
2.081400000000264299e+03,4.345289634658322867e-04
2.081500000000264208e+03,4.281445250975673554e-04
2.081600000000264117e+03,4.217474286830117628e-04
2.081700000000264026e+03,4.153376825860139137e-04
2.081800000000263935e+03,4.089152951675195332e-04
2.081900000000264299e+03,4.024796975420177111e-04
2.082000000000264208e+03,3.960309323598395766e-04
2.082100000000264117e+03,3.974686705908030983e-04
2.082200000000264481e+03,3.989141894967741168e-04
2.082300000000264390e+03,4.003594816444379085e-04
2.082400000000264299e+03,4.018039373962778980e-04
2.082500000000264208e+03,4.032475570599352590e-04
2.082600000000264117e+03,4.046885986069759440e-04
2.082700000000264481e+03,4.061258088746096725e-04
2.082800000000264390e+03,4.075621506199324185e-04
2.082900000000264299e+03,4.089963455850854088e-04
2.083000000000264663e+03,4.104275062975056487e-04
2.083100000000264572e+03,4.143870849585840066e-04
2.083200000000264481e+03,4.183364687984175668e-04
2.083300000000264390e+03,4.222765971033062187e-04
2.083400000000264299e+03,4.262074760177216666e-04
2.083500000000264663e+03,4.301291116834751456e-04
2.083600000000264572e+03,4.340415102396507968e-04
2.083700000000264481e+03,4.379448640996009613e-04
2.083800000000264845e+03,4.418379874540491838e-04
2.083900000000264754e+03,4.457218776593669459e-04
2.084000000000264663e+03,4.495965408979484706e-04
2.084100000000264572e+03,4.544399501592531472e-04
2.084200000000264481e+03,4.592908538367223561e-04
2.084300000000264845e+03,4.641492465555740435e-04
2.084400000000264754e+03,4.690151229429521864e-04
2.084500000000264663e+03,4.738884776280550539e-04
2.084600000000265027e+03,4.787693052420734620e-04
2.084700000000264936e+03,4.836576004181199749e-04
2.084800000000264845e+03,4.885533577913630209e-04
2.084900000000264754e+03,4.934565719989379880e-04
2.085000000000264663e+03,4.983711024148735139e-04
2.085100000000265027e+03,5.028392024206380191e-04
2.085200000000264936e+03,5.073059824076860125e-04
2.085300000000264845e+03,5.117714425049464796e-04
2.085400000000265209e+03,5.162355828413990383e-04
2.085500000000265118e+03,5.206984035460151747e-04
2.085600000000265027e+03,5.251606665924258904e-04
2.085700000000264936e+03,5.296223653309257680e-04
2.085800000000264845e+03,5.340853649762691575e-04
2.085900000000265209e+03,5.385507724634828802e-04
2.086000000000265118e+03,5.430149902456881577e-04
2.086100000000265027e+03,5.469345542611713613e-04
2.086200000000265391e+03,5.508441053515058259e-04
2.086300000000265300e+03,5.547381412018056058e-04
2.086400000000265209e+03,5.586211385130677998e-04
2.086500000000265118e+03,5.624940515674895078e-04
2.086600000000265027e+03,5.663568869824187838e-04
2.086700000000265391e+03,5.702077402118336516e-04
2.086800000000265300e+03,5.740437393427791574e-04
2.086900000000265209e+03,5.778695913991919401e-04
2.087000000000265572e+03,5.816853033413839922e-04
2.087100000000265482e+03,5.865788668634544251e-04
2.087200000000265391e+03,5.914844349263397114e-04
2.087300000000265300e+03,5.963995210731910584e-04
2.087400000000265209e+03,6.013213865109250838e-04
2.087500000000265572e+03,6.062483371051275447e-04
2.087600000000265482e+03,6.111831772543104653e-04
2.087700000000265391e+03,6.161308340315400098e-04
2.087800000000265754e+03,6.210853583195396826e-04
2.087900000000265663e+03,6.260467456408636173e-04
2.088000000000265572e+03,6.310149915180505520e-04
2.088100000000265482e+03,6.354115384068166400e-04
2.088200000000265391e+03,6.398084665387572360e-04
2.088300000000265754e+03,6.442057751110518565e-04
2.088400000000265663e+03,6.486034633211464062e-04
2.088500000000265572e+03,6.530013089957650146e-04
2.088600000000265936e+03,6.573920940825040728e-04
2.088700000000265845e+03,6.617831540911905345e-04
2.088800000000265754e+03,6.661744882110593163e-04
2.088900000000265663e+03,6.705660956316892435e-04
2.089000000000265572e+03,6.749616275996206741e-04
2.089100000000265936e+03,6.783532075922424701e-04
2.089200000000265845e+03,6.817350696363415515e-04
2.089300000000265754e+03,6.851072198645282883e-04
2.089400000000266118e+03,6.884696644069757641e-04
2.089500000000266027e+03,6.918224093913707701e-04
2.089600000000265936e+03,6.951654609430108411e-04
2.089700000000265845e+03,6.984988251847410465e-04
2.089800000000265754e+03,7.018225082369733978e-04
2.089900000000266118e+03,7.051337632827779514e-04
2.090000000000266027e+03,7.084298372346287424e-04
2.090100000000265936e+03,7.128280163860632821e-04
2.090200000000266300e+03,7.172311432479665802e-04
2.090300000000266209e+03,7.216392140375036974e-04
2.090400000000266118e+03,7.260522249733701540e-04
2.090500000000266027e+03,7.304701722757045435e-04
2.090600000000265936e+03,7.348930521661137943e-04
2.090700000000266300e+03,7.393208608676869395e-04
2.090800000000266209e+03,7.437553781582539750e-04
2.090900000000266118e+03,7.482017591706868059e-04
2.091000000000266482e+03,7.526531611818602224e-04
2.091100000000266391e+03,7.565031702063003925e-04
2.091200000000266300e+03,7.603548781978552345e-04
2.091300000000266209e+03,7.642082838040045473e-04
2.091400000000266118e+03,7.680633856726507523e-04
2.091500000000266482e+03,7.719201824521320114e-04
2.091600000000266391e+03,7.757786727911585847e-04
2.091700000000266300e+03,7.796381600105830494e-04
2.091800000000266664e+03,7.834909043880327467e-04
2.091900000000266573e+03,7.873452484865761008e-04
2.092000000000266482e+03,7.912011908967721881e-04
2.092100000000266391e+03,7.935382194736072476e-04
2.092200000000266300e+03,7.958674347573761656e-04
2.092300000000266664e+03,7.981888417075280262e-04
2.092400000000266573e+03,8.005024452814995259e-04
2.092500000000266482e+03,8.028082504347790497e-04
2.092600000000266846e+03,8.051062621208758801e-04
2.092700000000266755e+03,8.074053935243748420e-04
2.092800000000266664e+03,8.096972889250235103e-04
2.092900000000266573e+03,8.119814586088308465e-04
2.093000000000266482e+03,8.142579072524626978e-04
2.093100000000266846e+03,8.175220006070338429e-04
2.093200000000266755e+03,8.207827497347339749e-04
2.093300000000266664e+03,8.240460071652054314e-04
2.093400000000267028e+03,8.273152564292358263e-04
2.093500000000266937e+03,8.305872847755237272e-04
2.093600000000266846e+03,8.338618440742190255e-04
2.093700000000266755e+03,8.371389320722299110e-04
2.093800000000266664e+03,8.404185465174278868e-04
2.093900000000267028e+03,8.437006851586760676e-04
2.094000000000266937e+03,8.469853457443879494e-04
2.094100000000266846e+03,8.497606091469167957e-04
2.094200000000267210e+03,8.525377820575867670e-04
2.094300000000267119e+03,8.553185564591815615e-04
2.094400000000267028e+03,8.581012545960540940e-04
2.094500000000266937e+03,8.608858691421731983e-04
2.094600000000266846e+03,8.636723987256079852e-04
2.094700000000267210e+03,8.664608419748652578e-04
2.094800000000267119e+03,8.692511402005277579e-04
2.094900000000267028e+03,8.720409195075980256e-04
2.095000000000267391e+03,8.748321969629485302e-04
2.095100000000267300e+03,8.756442719395600297e-04
2.095200000000267210e+03,8.764470840435862513e-04
2.095300000000267119e+03,8.772433506992058849e-04
2.095400000000267028e+03,8.780353836208503555e-04
2.095500000000267391e+03,8.788231853888918855e-04
2.095600000000267300e+03,8.796067585827515266e-04
2.095700000000267210e+03,8.803861057809181335e-04
2.095800000000267573e+03,8.811612295609381725e-04
2.095900000000267482e+03,8.819321324994082402e-04
2.096000000000267391e+03,8.826988171739865840e-04
2.096100000000267300e+03,8.842091164575186001e-04
2.096200000000267210e+03,8.857199001206969265e-04
2.096300000000267573e+03,8.872311674889836637e-04
2.096400000000267482e+03,8.887429178881708349e-04
2.096500000000267391e+03,8.902551506444193090e-04
2.096600000000267755e+03,8.917678650842364657e-04
2.096700000000267664e+03,8.932810605344566803e-04
2.096800000000267573e+03,8.948037556249212538e-04
2.096900000000267482e+03,8.963283654082802952e-04
2.097000000000267391e+03,8.978534894697163832e-04
2.097100000000267755e+03,8.990508352962868705e-04
2.097200000000267664e+03,9.002455559111979724e-04
2.097300000000267573e+03,9.014334560602158377e-04
2.097400000000267937e+03,9.026218561107841962e-04
2.097500000000267846e+03,9.038107555421038240e-04
2.097600000000267755e+03,9.050001538336129372e-04
2.097700000000267664e+03,9.061900504649667010e-04
2.097800000000267573e+03,9.073789179959548855e-04
2.097900000000267937e+03,9.085680028660293598e-04
2.098000000000267846e+03,9.097575797920984166e-04
2.098100000000267755e+03,9.086832939009826257e-04
2.098200000000268119e+03,9.076093880050708660e-04
2.098300000000268028e+03,9.065358620169010903e-04
2.098400000000267937e+03,9.054627158490126610e-04
2.098500000000267846e+03,9.043900239594666055e-04
2.098600000000267755e+03,9.033202133017709853e-04
2.098700000000268119e+03,9.022507760960158524e-04
2.098800000000268028e+03,9.011817122580209312e-04
2.098900000000267937e+03,9.001130217036007420e-04
2.099000000000268301e+03,8.990442622591881009e-04
2.099100000000268210e+03,8.983701998417509011e-04
2.099200000000268119e+03,8.976960504080286818e-04
2.099300000000268028e+03,8.970218141347658042e-04
2.099400000000267937e+03,8.963474911986062327e-04
2.099500000000268301e+03,8.956730817761049184e-04
2.099600000000268210e+03,8.949985860437306186e-04
2.099700000000268119e+03,8.943240041778503921e-04
2.099800000000268483e+03,8.936493363547396828e-04
2.099900000000268392e+03,8.929745827505912101e-04
2.100000000000268301e+03,8.923092316505039931e-04
2.100100000000268210e+03,8.915546661842101411e-04
2.100200000000268119e+03,8.907977303044210251e-04
2.100300000000268483e+03,8.900384258471453125e-04
2.100400000000268392e+03,8.892817107819849312e-04
2.100500000000268301e+03,8.885305532895646690e-04
2.100600000000268665e+03,8.877770105500320608e-04
2.100700000000268574e+03,8.870210842932896777e-04
2.100800000000268483e+03,8.862627762485173616e-04
2.100900000000268392e+03,8.854932779948958754e-04
2.101000000000268301e+03,8.847159243037125637e-04
2.101100000000268665e+03,8.816206066769347689e-04
2.101200000000268574e+03,8.785303191048791102e-04
2.101300000000268483e+03,8.754473745205176892e-04
2.101400000000268847e+03,8.723811418211333771e-04
2.101500000000268756e+03,8.693198327060242675e-04
2.101600000000268665e+03,8.662634447969024725e-04
2.101700000000268574e+03,8.632119757161673800e-04
2.101800000000268483e+03,8.601683934216156199e-04
2.101900000000268847e+03,8.571306107482781246e-04
2.102000000000268756e+03,8.540977124037870630e-04
2.102100000000268665e+03,8.511349975248653620e-04
2.102200000000269029e+03,8.481732775659442131e-04
2.102300000000268938e+03,8.452103098826392906e-04
2.102400000000268847e+03,8.422484374100303733e-04
2.102500000000268756e+03,8.392876598933687654e-04
2.102600000000268665e+03,8.363279770779481629e-04
2.102700000000269029e+03,8.333693887090865482e-04
2.102800000000268938e+03,8.304118945321822430e-04
2.102900000000268847e+03,8.274554942926318343e-04
2.103000000000269210e+03,8.245001877363570967e-04
2.103100000000269119e+03,8.217227709426283035e-04
2.103200000000269029e+03,8.189482262032663027e-04
2.103300000000268938e+03,8.161677137547364335e-04
2.103400000000268847e+03,8.133808592510673738e-04
2.103500000000269210e+03,8.105876672351203282e-04
2.103600000000269119e+03,8.077881422480399920e-04
2.103700000000269029e+03,8.049822888291788747e-04
2.103800000000269392e+03,8.021701115161337286e-04
2.103900000000269301e+03,7.993516148447838213e-04
2.104000000000269210e+03,7.965268033436141617e-04
2.104100000000269119e+03,7.916124617234235154e-04
2.104200000000269029e+03,7.867038837791772614e-04
2.104300000000269392e+03,7.818036813941993879e-04
2.104400000000269301e+03,7.769118498451835133e-04
2.104500000000269210e+03,7.720235948873822385e-04
2.104600000000269574e+03,7.671306603010747587e-04
2.104700000000269483e+03,7.622463093666722060e-04
2.104800000000269392e+03,7.573713616430871771e-04
2.104900000000269301e+03,7.525056514460615837e-04
2.105000000000269210e+03,7.476545983046709379e-04
2.105100000000269574e+03,7.426116194577410791e-04
2.105200000000269483e+03,7.375731591872601014e-04
2.105300000000269392e+03,7.325392155246736705e-04
2.105400000000269756e+03,7.275097865019787688e-04
2.105500000000269665e+03,7.224848701517918919e-04
2.105600000000269574e+03,7.174644645072148245e-04
2.105700000000269483e+03,7.124485676019220266e-04
2.105800000000269392e+03,7.074371774701407930e-04
2.105900000000269756e+03,7.024303732048370243e-04
2.106000000000269665e+03,6.974299791815000496e-04
2.106100000000269574e+03,6.928857288589148093e-04
2.106200000000269938e+03,6.883314658897572540e-04
2.106300000000269847e+03,6.837671973279383329e-04
2.106400000000269756e+03,6.791929302246177240e-04
2.106500000000269665e+03,6.746086716282860161e-04
2.106600000000269574e+03,6.700144285847413990e-04
2.106700000000269938e+03,6.654102081370771946e-04
2.106800000000269847e+03,6.607960173257579686e-04
2.106900000000269756e+03,6.561718631884995087e-04
2.107000000000270120e+03,6.515377527561207758e-04
2.107100000000270029e+03,6.453448588850282637e-04
2.107200000000269938e+03,6.391612290915992759e-04
2.107300000000269847e+03,6.329933321228699934e-04
2.107400000000269756e+03,6.268354479676115304e-04
2.107500000000270120e+03,6.206866678794625228e-04
2.107600000000270029e+03,6.145469865942624439e-04
2.107700000000269938e+03,6.084141753689931370e-04
2.107800000000270302e+03,6.022856869975858106e-04
2.107900000000270211e+03,5.961664240855815092e-04
2.108000000000270120e+03,5.900563810540127149e-04
2.108100000000270029e+03,5.836349783961489049e-04
2.108200000000269938e+03,5.772229506960606773e-04
2.108300000000270302e+03,5.708216496141100106e-04
2.108400000000270211e+03,5.644317040529229536e-04
2.108500000000270120e+03,5.580510417823185453e-04
2.108600000000270484e+03,5.516808435629117196e-04
2.108700000000270393e+03,5.453250672317884289e-04
2.108800000000270302e+03,5.389784112099094008e-04
2.108900000000270211e+03,5.326408707935677018e-04
2.109000000000270120e+03,5.263124412824587333e-04
2.109100000000270484e+03,5.206631893298751135e-04
2.109200000000270393e+03,5.149996756216158704e-04
2.109300000000270302e+03,5.093242035972440082e-04
2.109400000000270666e+03,5.036345741355738098e-04
2.109500000000270575e+03,4.979307873702439264e-04
2.109600000000270484e+03,4.922134090480600977e-04
2.109700000000270393e+03,4.864856042947925249e-04
2.109800000000270302e+03,4.807460265693908876e-04
2.109900000000270666e+03,4.749946837317105849e-04
2.110000000000270575e+03,4.692315836364398707e-04
2.110100000000270484e+03,4.625326219164713746e-04
2.110200000000270848e+03,4.558445512529730732e-04
2.110300000000270757e+03,4.491673647186831967e-04
2.110400000000270666e+03,4.425010553892304581e-04
2.110500000000270575e+03,4.358409180340172963e-04
2.110600000000270484e+03,4.291914178472790663e-04
2.110700000000270848e+03,4.225529284333101338e-04
2.110800000000270757e+03,4.159254425009157241e-04
2.110900000000270666e+03,4.093106748075308406e-04
2.111000000000271029e+03,4.027098341244923058e-04
2.111100000000270938e+03,3.622033886078378185e-04
2.111200000000270848e+03,3.217493352382349843e-04
2.111300000000270757e+03,2.813476487885190991e-04
2.111400000000270666e+03,2.409960687314150038e-04
2.111500000000271029e+03,2.006973921459939063e-04
2.111600000000270938e+03,1.604520236084906249e-04
2.111700000000270848e+03,1.202596266692661638e-04
2.111800000000271211e+03,8.012047068042452537e-05
2.111900000000271120e+03,4.003455214430241658e-05
2.112000000000271029e+03,1.095583463652944212e-13
2.112100000000270938e+03,4.046066431367539444e-05
2.112200000000270848e+03,8.099652915702502314e-05
2.112300000000271211e+03,1.216084846119137137e-04
2.112400000000271120e+03,1.622967913601713820e-04
2.112500000000271029e+03,2.030610835270614198e-04
2.112600000000271393e+03,2.439013088181506660e-04
2.112700000000271302e+03,2.848174149574175286e-04
2.112800000000271211e+03,3.258093496883602289e-04
2.112900000000271120e+03,3.668770607732493253e-04
2.113000000000271029e+03,4.080204958910820900e-04
2.113100000000271393e+03,4.114774465437470653e-04
2.113200000000271302e+03,4.149220253595799104e-04
2.113300000000271211e+03,4.183542401275517535e-04
2.113400000000271575e+03,4.217740986336519500e-04
2.113500000000271484e+03,4.251816086608389681e-04
2.113600000000271393e+03,4.285791304741602887e-04
2.113700000000271302e+03,4.319607142346828491e-04
2.113800000000271211e+03,4.353298188686595990e-04
2.113900000000271575e+03,4.386865843429737827e-04
2.114000000000271484e+03,4.420310185501294333e-04
2.114100000000271393e+03,4.462845493104550037e-04
2.114200000000271757e+03,4.505408653045834448e-04
2.114300000000271666e+03,4.547999646939034622e-04
2.114400000000271575e+03,4.590618456403632096e-04
2.114500000000271484e+03,4.633265063063950998e-04
2.114600000000271393e+03,4.675985398020868775e-04
2.114700000000271757e+03,4.718742888217968847e-04
2.114800000000271666e+03,4.761529115531529244e-04
2.114900000000271575e+03,4.804344062574066911e-04
2.115000000000271939e+03,4.847171938437117673e-04
2.115100000000271848e+03,4.889874484852470672e-04
2.115200000000271757e+03,4.932597585393069025e-04
2.115300000000271666e+03,4.975341218125881168e-04
2.115400000000271575e+03,5.018105361127772135e-04
2.115500000000271939e+03,5.060889992485697632e-04
2.115600000000271848e+03,5.103695090295927743e-04
2.115700000000271757e+03,5.146520632665169083e-04
2.115800000000272121e+03,5.189366597710049801e-04
2.115900000000272030e+03,5.232232963556479903e-04
2.116000000000271939e+03,5.275119708313065524e-04
2.116100000000271848e+03,5.307746527188581540e-04
2.116200000000271757e+03,5.340240090951274511e-04
2.116300000000272121e+03,5.372600480519527325e-04
2.116400000000272030e+03,5.404790934819670269e-04
2.116500000000271939e+03,5.436821717869552966e-04
2.116600000000272303e+03,5.468718826191667614e-04
2.116700000000272212e+03,5.500482345223412471e-04
2.116800000000272121e+03,5.532112360369183766e-04
2.116900000000272030e+03,5.563608956999736019e-04
2.117000000000271939e+03,5.594971298205275376e-04
2.117100000000272303e+03,5.641547164969366304e-04
2.117200000000272212e+03,5.688212131604029106e-04
2.117300000000272121e+03,5.734966141063900340e-04
2.117400000000272485e+03,5.781809136322044749e-04
2.117500000000272394e+03,5.828741060369268959e-04
2.117600000000272303e+03,5.875761856215475651e-04
2.117700000000272212e+03,5.922871466888776680e-04
2.117800000000272121e+03,5.970131808189365090e-04
2.117900000000272485e+03,6.017489419829374388e-04
2.118000000000272394e+03,6.064936781071828681e-04
2.118100000000272303e+03,6.099363620192476375e-04
2.118200000000272667e+03,6.133727000774650152e-04
2.118300000000272576e+03,6.168026964334286750e-04
2.118400000000272485e+03,6.202263552370073253e-04
2.118500000000272394e+03,6.236436806362880047e-04
2.118600000000272303e+03,6.270546767775857320e-04
2.118700000000272667e+03,6.304649433457676713e-04
2.118800000000272576e+03,6.338707024036979503e-04
2.118900000000272485e+03,6.372690209524798635e-04
2.119000000000272848e+03,6.406610301464246877e-04
2.119100000000272757e+03,6.437667863168777555e-04
2.119200000000272667e+03,6.468591173813223894e-04
2.119300000000272576e+03,6.499440102137480973e-04
2.119400000000272485e+03,6.530214334302714314e-04
2.119500000000272848e+03,6.560885031788681303e-04
2.119600000000272757e+03,6.591481191611190402e-04
2.119700000000272667e+03,6.622002854969769123e-04
2.119800000000273030e+03,6.652450063050015152e-04
2.119900000000272939e+03,6.682822857023241808e-04
2.120000000000272848e+03,6.713121278083237923e-04
2.120100000000272757e+03,6.756598709902810959e-04
2.120200000000272667e+03,6.800158538420798988e-04
2.120300000000273030e+03,6.843800689497921141e-04
2.120400000000272939e+03,6.887525089030279487e-04
2.120500000000272848e+03,6.931331662950512623e-04
2.120600000000273212e+03,6.975220337227190691e-04
2.120700000000273121e+03,7.019192310608375228e-04
2.120800000000273030e+03,7.063265114068612623e-04
2.120900000000272939e+03,7.107420047768640099e-04
2.121000000000272848e+03,7.151657038469648973e-04
2.121100000000273212e+03,7.177149663253307816e-04
2.121200000000273121e+03,7.202604452168884404e-04
2.121300000000273030e+03,7.227994942240621636e-04
2.121400000000273394e+03,7.253352790246447726e-04
2.121500000000273303e+03,7.278699622311928571e-04
2.121600000000273212e+03,7.303982844757267705e-04
2.121700000000273121e+03,7.329202489610684183e-04
2.121800000000273030e+03,7.354358588891121706e-04
2.121900000000273394e+03,7.379451174608366807e-04
2.122000000000273303e+03,7.404480278754102009e-04
2.122100000000273212e+03,7.426360976618143683e-04
2.122200000000273576e+03,7.448185590667376300e-04
2.122300000000273485e+03,7.469954150452778495e-04
2.122400000000273394e+03,7.491654771648933054e-04
2.122500000000273303e+03,7.513296368074802445e-04
2.122600000000273212e+03,7.534869741566468850e-04
2.122700000000273576e+03,7.556377682524029670e-04
2.122800000000273485e+03,7.577769485045682263e-04
2.122900000000273394e+03,7.599076616845468765e-04
2.123000000000273758e+03,7.620327201372955510e-04
2.123100000000273667e+03,7.655233313390363359e-04
2.123200000000273576e+03,7.690207547400017577e-04
2.123300000000273485e+03,7.725319053465996844e-04
2.123400000000273394e+03,7.760489012745952053e-04
2.123500000000273758e+03,7.795717373212949011e-04
2.123600000000273667e+03,7.831004082863760691e-04
2.123700000000273576e+03,7.866349089719867948e-04
2.123800000000273940e+03,7.901724841727425985e-04
2.123900000000273849e+03,7.937119569182140514e-04
2.124000000000273758e+03,7.972571841987527138e-04
2.124100000000273667e+03,7.987874939250305629e-04
2.124200000000273576e+03,8.003147793738457291e-04
2.124300000000273940e+03,8.018390424019948299e-04
2.124400000000273849e+03,8.033602848655100118e-04
2.124500000000273758e+03,8.048785086197077394e-04
2.124600000000274122e+03,8.063897555311968710e-04
2.124700000000274031e+03,8.078925387401254777e-04
2.124800000000273940e+03,8.093922739118495063e-04
2.124900000000273849e+03,8.108889630050476185e-04
2.125000000000273758e+03,8.123826079750906841e-04
2.125100000000274122e+03,8.129688972329992278e-04
2.125200000000274031e+03,8.135512481062663571e-04
2.125300000000273940e+03,8.141296628930255437e-04
2.125400000000274304e+03,8.147041438906390664e-04
2.125500000000274213e+03,8.152719164122558754e-04
2.125600000000274122e+03,8.158290409822150291e-04
2.125700000000274031e+03,8.163822255679275544e-04
2.125800000000273940e+03,8.169314726006746477e-04
2.125900000000274304e+03,8.174746694949213072e-04
2.126000000000274213e+03,8.180128014148237321e-04
2.126100000000274122e+03,8.201080507721468515e-04
2.126200000000274486e+03,8.222054189369456872e-04
2.126300000000274395e+03,8.243035587122767190e-04
2.126400000000274304e+03,8.264027983125190159e-04
2.126500000000274213e+03,8.285041385703419223e-04
2.126600000000274122e+03,8.306075774176476835e-04
2.126700000000274486e+03,8.327131127873737410e-04
2.126800000000274395e+03,8.348207426134607485e-04
2.126900000000274304e+03,8.369362973294031073e-04
2.127000000000274667e+03,8.390578901859793324e-04
2.127100000000274576e+03,8.392659835495839627e-04
2.127200000000274486e+03,8.394736942976191571e-04
2.127300000000274395e+03,8.396810226749669382e-04
2.127400000000274304e+03,8.398879689263992823e-04
2.127500000000274667e+03,8.400945332965792031e-04
2.127600000000274576e+03,8.403007160300611858e-04
2.127700000000274486e+03,8.405065173712865248e-04
2.127800000000274849e+03,8.407119375645948165e-04
2.127900000000274758e+03,8.409206390622075500e-04
2.128000000000274667e+03,8.411323568181141956e-04
2.128100000000274576e+03,8.397827975106538336e-04
2.128200000000274486e+03,8.384338299350031819e-04
2.128300000000274849e+03,8.370854539064813025e-04
2.128400000000274758e+03,8.357376692404757789e-04
2.128500000000274667e+03,8.343904757523997818e-04
2.128600000000275031e+03,8.330438732577152708e-04
2.128700000000274940e+03,8.316995538711675516e-04
2.128800000000274849e+03,8.303600505384116023e-04
2.128900000000274758e+03,8.290211184077482228e-04
2.129000000000274667e+03,8.276827573121917385e-04
2.129100000000275031e+03,8.279595162340900542e-04
2.129200000000274940e+03,8.282346181765728229e-04
2.129300000000274849e+03,8.285080640555757747e-04
2.129400000000275213e+03,8.287790283777598599e-04
2.129500000000275122e+03,8.290475199304352593e-04
2.129600000000275031e+03,8.293143571135537300e-04
2.129700000000274940e+03,8.295795408517535677e-04
2.129800000000274849e+03,8.298430720693793575e-04
2.129900000000275213e+03,8.301049516904831669e-04
2.130000000000275122e+03,8.303651806347322247e-04
2.130100000000275031e+03,8.291380914170222698e-04
2.130200000000275395e+03,8.279109389962684964e-04
2.130300000000275304e+03,8.266837236315645408e-04
2.130400000000275213e+03,8.254564455818450951e-04
2.130500000000275122e+03,8.242283225552294711e-04
2.130600000000275031e+03,8.229913445828184642e-04
2.130700000000275395e+03,8.217543334896670404e-04
2.130800000000275304e+03,8.205172895353193222e-04
2.130900000000275213e+03,8.192802129791574520e-04
2.131000000000275577e+03,8.180381833021883051e-04
2.131100000000275486e+03,8.146842393807777680e-04
2.131200000000275395e+03,8.113378867622751288e-04
2.131300000000275304e+03,8.079991198079954475e-04
2.131400000000275213e+03,8.046679328820225113e-04
2.131500000000275577e+03,8.013443203512007028e-04
2.131600000000275486e+03,7.980282765851844399e-04
2.131700000000275395e+03,7.947197959563544753e-04
2.131800000000275759e+03,7.914188728398564941e-04
2.131900000000275668e+03,7.881255016136481679e-04
2.132000000000275577e+03,7.848396766623073071e-04
2.132100000000275486e+03,7.829703878818007005e-04
2.132200000000275395e+03,7.810972530495172324e-04
2.132300000000275759e+03,7.792202752587205038e-04
2.132400000000275668e+03,7.773394576013282955e-04
2.132500000000275577e+03,7.754548031678659475e-04
2.132600000000275941e+03,7.735663150474865251e-04
2.132700000000275850e+03,7.716739963280016103e-04
2.132800000000275759e+03,7.697778500958273084e-04
2.132900000000275668e+03,7.678773413544452871e-04
2.133000000000275577e+03,7.659720312382221506e-04
2.133100000000275941e+03,7.632621860592660960e-04
2.133200000000275850e+03,7.605494167139422281e-04
2.133300000000275759e+03,7.578337254677202598e-04
2.133400000000276123e+03,7.551151145852092643e-04
2.133500000000276032e+03,7.523935863301925864e-04
2.133600000000275941e+03,7.496691429655561768e-04
2.133700000000275850e+03,7.469417867533334780e-04
2.133800000000275759e+03,7.442146264875201594e-04
2.133900000000276123e+03,7.414847829627552222e-04
2.134000000000276032e+03,7.387520086887858738e-04
2.134100000000275941e+03,7.337400263162037516e-04
2.134200000000276304e+03,7.287422672035604896e-04
2.134300000000276214e+03,7.237587216999750821e-04
2.134400000000276123e+03,7.187893801587042723e-04
2.134500000000276032e+03,7.138342329372252774e-04
2.134600000000275941e+03,7.088932703972148633e-04
2.134700000000276304e+03,7.039746761163792523e-04
2.134800000000276214e+03,6.990701349472666724e-04
2.134900000000276123e+03,6.941796358710896784e-04
2.135000000000276486e+03,6.893031697589724468e-04
2.135100000000276395e+03,6.854134887332159580e-04
2.135200000000276304e+03,6.815212338290044811e-04
2.135300000000276214e+03,6.776264079774226446e-04
2.135400000000276123e+03,6.737290141080315561e-04
2.135500000000276486e+03,6.698290551488418057e-04
2.135600000000276395e+03,6.659265340263965157e-04
2.135700000000276304e+03,6.620214536656576082e-04
2.135800000000276668e+03,6.581138169900606653e-04
2.135900000000276577e+03,6.542036269215723921e-04
2.136000000000276486e+03,6.502908863802876185e-04
2.136100000000276395e+03,6.462671344272699452e-04
2.136200000000276304e+03,6.422354935202733740e-04
2.136300000000276668e+03,6.381959695788764261e-04
2.136400000000276577e+03,6.341483120754361994e-04
2.136500000000276486e+03,6.300917915944172351e-04
2.136600000000276850e+03,6.260274219496097213e-04
2.136700000000276759e+03,6.219552090977281634e-04
2.136800000000276668e+03,6.178751589929793071e-04
2.136900000000276577e+03,6.137872775871407432e-04
2.137000000000276486e+03,6.096915708240996726e-04
2.137100000000276850e+03,6.036333758950115274e-04
2.137200000000276759e+03,5.975930128591646837e-04
2.137300000000276668e+03,5.915704720650224102e-04
2.137400000000277032e+03,5.855657438640374463e-04
2.137500000000276941e+03,5.795788186107344014e-04
2.137600000000276850e+03,5.736096866625439803e-04
2.137700000000276759e+03,5.676583383799128132e-04
2.137800000000276668e+03,5.617247641262746154e-04
2.137900000000277032e+03,5.558089542680260103e-04
2.138000000000276941e+03,5.499108991761869842e-04
2.138100000000276850e+03,5.445851071767266859e-04
2.138200000000277214e+03,5.392578418495306419e-04
2.138300000000277123e+03,5.339324284005457066e-04
2.138400000000277032e+03,5.286088665103190823e-04
2.138500000000276941e+03,5.232871558594153188e-04
2.138600000000276850e+03,5.179672961283845458e-04
2.138700000000277214e+03,5.126492869977476198e-04
2.138800000000277123e+03,5.073277067817857835e-04
2.138900000000277032e+03,5.020076106006832488e-04
2.139000000000277396e+03,4.966894877292987081e-04
2.139100000000277305e+03,4.917772737835029127e-04
2.139200000000277214e+03,4.868548918944792217e-04
2.139300000000277123e+03,4.819239392729103046e-04
2.139400000000277032e+03,4.769807250596098491e-04
2.139500000000277396e+03,4.720252608029503567e-04
2.139600000000277305e+03,4.670575580452864645e-04
2.139700000000277214e+03,4.620776283228222392e-04
2.139800000000277578e+03,4.570854831656818670e-04
2.139900000000277487e+03,4.520809386715967174e-04
2.140000000000277396e+03,4.470608521676789704e-04
2.140100000000277305e+03,4.407376896818118424e-04
2.140200000000277214e+03,4.344325784763065196e-04
2.140300000000277578e+03,4.281455060609134990e-04
2.140400000000277487e+03,4.218764599510636836e-04
2.140500000000277396e+03,4.156254276676920917e-04
2.140600000000277760e+03,4.093892541753151471e-04
2.140700000000277669e+03,4.031695661361030464e-04
2.140800000000277578e+03,3.969679986715510776e-04
2.140900000000277487e+03,3.907845386976738482e-04
2.141000000000277396e+03,3.846191730462912160e-04
2.141100000000277760e+03,3.459163332896336707e-04
2.141200000000277669e+03,3.072671112056411151e-04
2.141300000000277578e+03,2.686712658623285747e-04
2.141400000000277942e+03,2.301281827278909404e-04
2.141500000000277851e+03,1.916389749295259958e-04
2.141600000000277760e+03,1.532036119963572679e-04
2.141700000000277669e+03,1.148220634688969601e-04
2.141800000000277578e+03,7.649429889886970172e-05
2.141900000000277942e+03,3.822028784903468439e-05
2.142000000000277851e+03,9.866712311543226623e-14
2.142100000000277760e+03,3.555736834725985098e-05
2.142200000000278123e+03,7.120794787357651522e-05
2.142300000000278033e+03,1.069522135028153233e-04
2.142400000000277942e+03,1.427899042503844138e-04
2.142500000000277851e+03,1.787209431285182858e-04
2.142600000000277760e+03,2.147452531849735745e-04
2.142700000000278123e+03,2.508627575031799990e-04
2.142800000000278033e+03,2.870733792015713959e-04
2.142900000000277942e+03,3.233801900640462723e-04
2.143000000000278305e+03,3.597813599615140904e-04
2.143100000000278214e+03,3.629407442210404980e-04
2.143200000000278123e+03,3.660916116789337160e-04
2.143300000000278033e+03,3.692328013714041225e-04
2.143400000000277942e+03,3.723623081124207736e-04
2.143500000000278305e+03,3.754818958040932221e-04
2.143600000000278214e+03,3.785927545816293008e-04
2.143700000000278123e+03,3.816950313701315193e-04
2.143800000000278487e+03,3.847887328760341138e-04
2.143900000000278396e+03,3.878738658022478801e-04
2.144000000000278305e+03,3.909504368484116002e-04
2.144100000000278214e+03,3.940787655353482919e-04
2.144200000000278123e+03,3.971981137646640042e-04
2.144300000000278487e+03,4.003084882793003915e-04
2.144400000000278396e+03,4.034098958188162888e-04
2.144500000000278305e+03,4.065023431194774296e-04
2.144600000000278669e+03,4.095858369142111265e-04
2.144700000000278578e+03,4.126631597011264172e-04
2.144800000000278487e+03,4.157336292603331838e-04
2.144900000000278396e+03,4.187952367481642224e-04
2.145000000000278305e+03,4.218479885780203223e-04
2.145100000000278669e+03,4.260482815157806821e-04
2.145200000000278578e+03,4.302580915465448533e-04
2.145300000000278487e+03,4.344774116075503516e-04
2.145400000000278851e+03,4.387062346388219598e-04
2.145500000000278760e+03,4.429445535831113374e-04
2.145600000000278669e+03,4.471923613860146027e-04
2.145700000000278578e+03,4.514496509958935652e-04
2.145800000000278487e+03,4.557164153638910671e-04
2.145900000000278851e+03,4.599926474439553783e-04
2.146000000000278760e+03,4.642783401902403329e-04
2.146100000000278669e+03,4.676586314906323286e-04
2.146200000000279033e+03,4.710336821700578970e-04
2.146300000000278942e+03,4.744041242288249741e-04
2.146400000000278851e+03,4.777699602618914456e-04
2.146500000000278760e+03,4.811311928632357833e-04
2.146600000000278669e+03,4.844878246258761808e-04
2.146700000000279033e+03,4.878398581418809626e-04
2.146800000000278942e+03,4.911872960023126386e-04
2.146900000000278851e+03,4.945301407973152910e-04
2.147000000000279215e+03,4.978676485258747486e-04
2.147100000000279124e+03,5.006393049183843671e-04
2.147200000000279033e+03,5.033990226799200853e-04
2.147300000000278942e+03,5.061468111157556857e-04
2.147400000000278851e+03,5.088826795264955087e-04
2.147500000000279215e+03,5.116066372080903908e-04
2.147600000000279124e+03,5.143186934517889834e-04
2.147700000000279033e+03,5.170188575442135389e-04
2.147800000000279397e+03,5.197071387673265173e-04
2.147900000000279306e+03,5.223835463983923138e-04
2.148000000000279215e+03,5.250480897139597498e-04
2.148100000000279124e+03,5.291085233426899613e-04
2.148200000000279033e+03,5.331760401117667785e-04
2.148300000000279397e+03,5.372506325927446473e-04
2.148400000000279306e+03,5.413322933613756108e-04
2.148500000000279215e+03,5.454210149977161033e-04
2.148600000000279579e+03,5.495167900860669936e-04
2.148700000000279488e+03,5.536196112149190498e-04
2.148800000000279397e+03,5.577294709770630942e-04
2.148900000000279306e+03,5.618463619695111821e-04
2.149000000000279215e+03,5.659702767914601444e-04
2.149100000000279579e+03,5.693611555572385304e-04
2.149200000000279488e+03,5.727516384110647139e-04
2.149300000000279397e+03,5.761417249107687400e-04
2.149400000000279761e+03,5.795314146145004930e-04
2.149500000000279670e+03,5.829207070806875215e-04
2.149600000000279579e+03,5.863096018681220999e-04
2.149700000000279488e+03,5.896955808134644872e-04
2.149800000000279397e+03,5.930767538618352593e-04
2.149900000000279761e+03,5.964574488030658901e-04
2.150000000000279670e+03,5.998376652048146088e-04
2.150100000000279579e+03,6.019348414186352202e-04
2.150200000000279942e+03,6.040255488720216222e-04
2.150300000000279852e+03,6.061057810880590441e-04
2.150400000000279761e+03,6.081724880980496394e-04
2.150500000000279670e+03,6.102265251247334732e-04
2.150600000000279579e+03,6.122694739921721472e-04
2.150700000000279942e+03,6.143003921050236042e-04
2.150800000000279852e+03,6.163192872641105489e-04
2.150900000000279761e+03,6.183261672673512170e-04
2.151000000000280124e+03,6.203210399137608399e-04
2.151100000000280033e+03,6.237524029626441424e-04
2.151200000000279942e+03,6.271876236917587992e-04
2.151300000000279852e+03,6.306266985253126955e-04
2.151400000000279761e+03,6.340696238891994343e-04
2.151500000000280124e+03,6.375163962110194779e-04
2.151600000000280033e+03,6.409670119200119517e-04
2.151700000000279942e+03,6.444214674471500544e-04
2.151800000000280306e+03,6.478797592250961713e-04
2.151900000000280215e+03,6.513418836881489657e-04
2.152000000000280124e+03,6.548078372713968340e-04
2.152100000000280033e+03,6.579407642173053022e-04
2.152200000000279942e+03,6.610775542305717418e-04
2.152300000000280306e+03,6.642177936081296655e-04
2.152400000000280215e+03,6.673607525934917382e-04
2.152500000000280124e+03,6.705064280458958954e-04
2.152600000000280488e+03,6.736548168263502495e-04
2.152700000000280397e+03,6.768059157975941671e-04
2.152800000000280306e+03,6.799597218241831614e-04
2.152900000000280215e+03,6.831162317724266599e-04
2.153000000000280124e+03,6.862754425047029897e-04
2.153100000000280488e+03,6.873953520844207962e-04
2.153200000000280397e+03,6.885058761845872953e-04
2.153300000000280306e+03,6.896070222993081920e-04
2.153400000000280670e+03,6.906987979189465254e-04
2.153500000000280579e+03,6.917812105301067308e-04
2.153600000000280488e+03,6.928542676156659733e-04
2.153700000000280397e+03,6.939179766547549574e-04
2.153800000000280306e+03,6.949746509800416860e-04
2.153900000000280670e+03,6.960278040559173289e-04
2.154000000000280579e+03,6.970722881211139591e-04
2.154100000000280488e+03,6.992689002705917587e-04
2.154200000000280852e+03,7.014658491893606147e-04
2.154300000000280761e+03,7.036690402619725495e-04
2.154400000000280670e+03,7.058749082080996527e-04
2.154500000000280579e+03,7.080811623731995746e-04
2.154600000000280488e+03,7.102878021694689634e-04
2.154700000000280852e+03,7.124935370294256188e-04
2.154800000000280761e+03,7.146926109822958513e-04
2.154900000000280670e+03,7.168920175256952030e-04
2.155000000000281034e+03,7.190917560622837879e-04
2.155100000000280943e+03,7.216702183479413923e-04
2.155200000000280852e+03,7.242523017472843761e-04
2.155300000000280761e+03,7.268380036477850321e-04
2.155400000000280670e+03,7.294273214378327796e-04
2.155500000000281034e+03,7.320202525067508615e-04
2.155600000000280943e+03,7.346167942447441937e-04
2.155700000000280852e+03,7.372169440429687543e-04
2.155800000000281216e+03,7.398206992935029607e-04
2.155900000000281125e+03,7.424280573893060359e-04
2.156000000000281034e+03,7.450390157171439152e-04
2.156100000000280943e+03,7.451072910882813611e-04
2.156200000000280852e+03,7.451713681971304298e-04
2.156300000000281216e+03,7.452312499924367527e-04
2.156400000000281125e+03,7.452869394217014054e-04
2.156500000000281034e+03,7.453399933876907104e-04
2.156600000000281398e+03,7.453935659543924107e-04
2.156700000000281307e+03,7.454429557898572221e-04
2.156800000000281216e+03,7.454881657313665528e-04
2.156900000000281125e+03,7.455291986150626394e-04
2.157000000000281034e+03,7.455660572769968629e-04
2.157100000000281398e+03,7.459732907892042747e-04
2.157200000000281307e+03,7.463795328689017041e-04
2.157300000000281216e+03,7.467856409556951217e-04
2.157400000000281580e+03,7.471932708301410285e-04
2.157500000000281489e+03,7.476003714402141556e-04
2.157600000000281398e+03,7.480075157920456535e-04
2.157700000000281307e+03,7.484136773108492980e-04
2.157800000000281216e+03,7.488188566494310234e-04
2.157900000000281580e+03,7.492230544603099927e-04
2.158000000000281489e+03,7.496262713987257402e-04
2.158100000000281398e+03,7.510982250423868089e-04
2.158200000000281761e+03,7.525707885374614955e-04
2.158300000000281671e+03,7.540439611062477870e-04
2.158400000000281580e+03,7.555065014690642714e-04
2.158500000000281489e+03,7.569632190007917136e-04
2.158600000000281398e+03,7.584204744888976011e-04
2.158700000000281761e+03,7.598782671149211833e-04
2.158800000000281671e+03,7.613372483699782896e-04
2.158900000000281580e+03,7.628050073621115432e-04
2.159000000000281943e+03,7.642733354783331481e-04
2.159100000000281852e+03,7.632584957221634622e-04
2.159200000000281761e+03,7.622442192444289560e-04
2.159300000000281671e+03,7.612305058263432690e-04
2.159400000000281580e+03,7.602173552491856348e-04
2.159500000000281943e+03,7.592047672942907983e-04
2.159600000000281852e+03,7.581927417430801321e-04
2.159700000000281761e+03,7.571812783770200030e-04
2.159800000000282125e+03,7.561703769776450829e-04
2.159900000000282034e+03,7.551600373265707081e-04
2.160000000000281943e+03,7.541502592038651668e-04
2.160100000000281852e+03,7.525762336312367788e-04
2.160200000000281761e+03,7.510041292867467759e-04
2.160300000000282125e+03,7.494339451797560553e-04
2.160400000000282034e+03,7.478656803199746272e-04
2.160500000000281943e+03,7.462993337174115248e-04
2.160600000000282307e+03,7.447327000134811113e-04
2.160700000000282216e+03,7.431639508857419175e-04
2.160800000000282125e+03,7.415971432723067599e-04
2.160900000000282034e+03,7.400322761361292131e-04
2.161000000000281943e+03,7.384693484447153082e-04
2.161100000000282307e+03,7.383925096373449536e-04
2.161200000000282216e+03,7.383120127524487025e-04
2.161300000000282125e+03,7.382278605124998434e-04
2.161400000000282489e+03,7.381400556387638636e-04
2.161500000000282398e+03,7.380486008512945461e-04
2.161600000000282307e+03,7.379534988689372219e-04
2.161700000000282216e+03,7.378547524093281200e-04
2.161800000000282125e+03,7.377523641888917650e-04
2.161900000000282489e+03,7.376463369228473737e-04
2.162000000000282398e+03,7.375366733196693416e-04
2.162100000000282307e+03,7.354660691987587517e-04
2.162200000000282671e+03,7.333974882401940410e-04
2.162300000000282580e+03,7.313309292472652693e-04
2.162400000000282489e+03,7.292663910237617711e-04
2.162500000000282398e+03,7.272038723740166088e-04
2.162600000000282307e+03,7.251433721028912845e-04
2.162700000000282671e+03,7.230848890157695608e-04
2.162800000000282580e+03,7.210284219185930221e-04
2.162900000000282489e+03,7.189739696178083827e-04
2.163000000000282853e+03,7.169215309161581801e-04
2.163100000000282762e+03,7.133797696976001317e-04
2.163200000000282671e+03,7.098470230991201597e-04
2.163300000000282580e+03,7.063232843656804373e-04
2.163400000000282489e+03,7.028085467455861667e-04
2.163500000000282853e+03,6.993028034904706170e-04
2.163600000000282762e+03,6.958060478553637542e-04
2.163700000000282671e+03,6.923182730985845803e-04
2.163800000000283035e+03,6.888394724817976196e-04
2.163900000000282944e+03,6.853696392700524926e-04
2.164000000000282853e+03,6.819087667359811878e-04
2.164100000000282762e+03,6.799661513567118332e-04
2.164200000000282671e+03,6.780176737219745274e-04
2.164300000000283035e+03,6.760633386571018952e-04
2.164400000000282944e+03,6.741031509851993933e-04
2.164500000000282853e+03,6.721371155270983644e-04
2.164600000000283217e+03,6.701652371013814072e-04
2.164700000000283126e+03,6.681875205244086147e-04
2.164800000000283035e+03,6.662039706102670499e-04
2.164900000000282944e+03,6.642130863606345503e-04
2.165000000000282853e+03,6.622149041109674610e-04
2.165100000000283217e+03,6.592628480084723394e-04
2.165200000000283126e+03,6.563086792003868832e-04
2.165300000000283035e+03,6.533523996772257246e-04
2.165400000000283399e+03,6.503940114286384114e-04
2.165500000000283308e+03,6.474335164434468111e-04
2.165600000000283217e+03,6.444709167095683498e-04
2.165700000000283126e+03,6.415016948365231128e-04
2.165800000000283035e+03,6.385274619113508101e-04
2.165900000000283399e+03,6.355511993208125005e-04
2.166000000000283308e+03,6.325729091196374007e-04
2.166100000000283217e+03,6.276352007703505168e-04
2.166200000000283580e+03,6.227132567071313541e-04
2.166300000000283489e+03,6.178070660237809002e-04
2.166400000000283399e+03,6.129166178187719699e-04
2.166500000000283308e+03,6.080419011953355074e-04
2.166600000000283217e+03,6.031862454253950892e-04
2.166700000000283580e+03,5.983499155983214171e-04
2.166800000000283489e+03,5.935291724172695642e-04
2.166900000000283399e+03,5.887240055457533061e-04
2.167000000000283762e+03,5.839333460412478695e-04
2.167100000000283671e+03,5.801696252314731024e-04
2.167200000000283580e+03,5.764032482905108359e-04
2.167300000000283489e+03,5.726342183505993538e-04
2.167400000000283399e+03,5.688625385422333260e-04
2.167500000000283762e+03,5.650882119941410403e-04
2.167600000000283671e+03,5.613112418333589954e-04
2.167700000000283580e+03,5.575316311851277089e-04
2.167800000000283944e+03,5.537493831729463616e-04
2.167900000000283853e+03,5.499645009186199598e-04
2.168000000000283762e+03,5.461720114051842392e-04
2.168100000000283671e+03,5.423952790013919631e-04
2.168200000000283580e+03,5.386098360245536280e-04
2.168300000000283944e+03,5.348156917040791138e-04
2.168400000000283853e+03,5.310128552639657457e-04
2.168500000000283762e+03,5.272013359227002835e-04
2.168600000000284126e+03,5.233811428933104202e-04
2.168700000000284035e+03,5.195522853834208359e-04
2.168800000000283944e+03,5.157169981673202222e-04
2.168900000000283853e+03,5.118736628625754131e-04
2.169000000000283762e+03,5.080216478853734905e-04
2.169100000000284126e+03,5.024182100809067991e-04
2.169200000000284035e+03,4.968332262452943276e-04
2.169300000000283944e+03,4.912661850084536208e-04
2.169400000000284308e+03,4.857123997149056117e-04
2.169500000000284217e+03,4.801771536095751267e-04
2.169600000000284126e+03,4.746604315278881423e-04
2.169700000000284035e+03,4.691622183133908213e-04
2.169800000000283944e+03,4.636853252070312023e-04
2.169900000000284308e+03,4.582294023872141996e-04
2.170000000000284217e+03,4.527918163699502330e-04
2.170100000000284126e+03,4.478059929600400509e-04
2.170200000000284490e+03,4.428254418730023160e-04
2.170300000000284399e+03,4.378501601050185346e-04
2.170400000000284308e+03,4.328801446534319354e-04
2.170500000000284217e+03,4.279153925168413075e-04
2.170600000000284126e+03,4.229559006950725942e-04
2.170700000000284490e+03,4.180016661891616000e-04
2.170800000000284399e+03,4.130526860014395885e-04
2.170900000000284308e+03,4.081089571353998168e-04
2.171000000000284672e+03,4.031704765977474911e-04
2.171100000000284581e+03,3.989241227775823084e-04
2.171200000000284490e+03,3.946631183794788666e-04
2.171300000000284399e+03,3.903874749462044502e-04
2.171400000000284308e+03,3.860972040154888696e-04
2.171500000000284672e+03,3.817923171200021258e-04
2.171600000000284581e+03,3.774733581272964500e-04
2.171700000000284490e+03,3.731400089197248714e-04
2.171800000000284854e+03,3.687920610245863737e-04
2.171900000000284763e+03,3.644295258674946675e-04
2.172000000000284672e+03,3.600524147777029349e-04
2.172100000000284581e+03,3.236251863918742310e-04
2.172200000000284490e+03,2.872929110387777564e-04
2.172300000000284854e+03,2.510542596974996285e-04
2.172400000000284763e+03,2.149091707491448565e-04
2.172500000000284672e+03,1.788575826002727518e-04
2.172600000000285036e+03,1.428994336833870962e-04
2.172700000000284945e+03,1.070346624574148708e-04
2.172800000000284854e+03,7.126320740671818210e-05
2.172900000000284763e+03,3.558500704173989115e-05
2.173000000000284672e+03,0.000000000000000000e+00
2.173100000000285036e+03,0.000000000000000000e+00
2.173200000000284945e+03,0.000000000000000000e+00
2.173300000000284854e+03,0.000000000000000000e+00
2.173400000000285218e+03,0.000000000000000000e+00
2.173500000000285127e+03,0.000000000000000000e+00
2.173600000000285036e+03,0.000000000000000000e+00
2.173700000000284945e+03,0.000000000000000000e+00
2.173800000000284854e+03,0.000000000000000000e+00
2.173900000000285218e+03,0.000000000000000000e+00
2.174000000000285127e+03,9.703651663830450905e-14
2.174100000000285036e+03,3.408163290168456669e-05
2.174200000000285399e+03,6.826089970100534762e-05
2.174300000000285308e+03,1.025377056121864349e-04
2.174400000000285218e+03,1.369119558050703759e-04
2.174500000000285127e+03,1.713835555015128128e-04
2.174600000000285036e+03,2.059524099755160968e-04
2.174700000000285399e+03,2.406184245533656680e-04
2.174800000000285308e+03,2.753805040501663341e-04
2.174900000000285218e+03,3.102368020777014320e-04
2.175000000000285581e+03,3.451891587683044165e-04
2.175100000000285490e+03,3.482046706997761151e-04
2.175200000000285399e+03,3.512176864728074944e-04
2.175300000000285308e+03,3.542279064172559585e-04
2.175400000000285218e+03,3.572353321267073391e-04
2.175500000000285581e+03,3.602399651940680530e-04
2.175600000000285490e+03,3.632418072115066628e-04
2.175700000000285399e+03,3.662408597705376322e-04
2.175800000000285763e+03,3.692371244619802885e-04
2.175900000000285672e+03,3.722306028759197376e-04
2.176000000000285581e+03,3.752212966002475814e-04
2.176100000000285490e+03,3.776658076797311035e-04
2.176200000000285399e+03,3.800978506216257926e-04
2.176300000000285763e+03,3.825174346298120366e-04
2.176400000000285672e+03,3.849245689038915280e-04
2.176500000000285581e+03,3.873192626392603388e-04
2.176600000000285945e+03,3.897015250270712992e-04
2.176700000000285854e+03,3.920713652542081392e-04
2.176800000000285763e+03,3.944287925033493477e-04
2.176900000000285672e+03,3.967738159529260521e-04
2.177000000000285581e+03,3.991038656785183885e-04
2.177100000000285945e+03,4.026542088990050930e-04
2.177200000000285854e+03,4.062129594029991906e-04
2.177300000000285763e+03,4.097777207175677151e-04
2.177400000000286127e+03,4.133484878134107191e-04
2.177500000000286036e+03,4.169247849496121399e-04
2.177600000000285945e+03,4.205056492495745668e-04
2.177700000000285854e+03,4.240924719046485413e-04
2.177800000000285763e+03,4.276852478136111257e-04
2.177900000000286127e+03,4.312839718775723680e-04
2.178000000000286036e+03,4.348868164110633702e-04
2.178100000000285945e+03,4.383008814770957711e-04
2.178200000000286309e+03,4.417182641366368401e-04
2.178300000000286218e+03,4.451389609598768640e-04
2.178400000000286127e+03,4.485629685188153378e-04
2.178500000000286036e+03,4.519860871530088009e-04
2.178600000000285945e+03,4.554117186673065673e-04
2.178700000000286309e+03,4.588411122538911123e-04
2.178800000000286218e+03,4.622737357790962032e-04
2.178900000000286127e+03,4.657108335678563802e-04
2.179000000000286491e+03,4.691566709865723265e-04
2.179100000000286400e+03,4.712833265805063654e-04
2.179200000000286309e+03,4.733969444310195062e-04
2.179300000000286218e+03,4.754975349183921513e-04
2.179400000000286127e+03,4.775851084177021050e-04
2.179500000000286491e+03,4.796596752988323796e-04
2.179600000000286400e+03,4.817212459264375848e-04
2.179700000000286309e+03,4.837698306600015535e-04
2.179800000000286673e+03,4.858048728805216057e-04
2.179900000000286582e+03,4.878218060550755953e-04
2.180000000000286491e+03,4.898257370985828474e-04
2.180100000000286400e+03,4.928351230448355580e-04
2.180200000000286309e+03,4.958445550310835439e-04
2.180300000000286673e+03,4.988509079903561978e-04
2.180400000000286582e+03,5.018545362752330251e-04
2.180500000000286491e+03,5.048581367144838739e-04
2.180600000000286855e+03,5.078617082935983282e-04
2.180700000000286764e+03,5.108652499988278412e-04
2.180800000000286673e+03,5.138687608172629300e-04
2.180900000000286582e+03,5.168722397367815679e-04
2.181000000000286491e+03,5.198756857476156392e-04
2.181100000000286855e+03,5.234257839114482298e-04
2.181200000000286764e+03,5.269827128580400165e-04
2.181300000000286673e+03,5.305464648485575538e-04
2.181400000000287037e+03,5.341170321488886629e-04
2.181500000000286946e+03,5.376944070295877880e-04
2.181600000000286855e+03,5.412785817659729239e-04
2.181700000000286764e+03,5.448695486380611061e-04
2.181800000000286673e+03,5.484672999305780601e-04
2.181900000000287037e+03,5.520718279329761991e-04
2.182000000000286946e+03,5.556831249341450188e-04
2.182100000000286855e+03,5.574740140163006756e-04
2.182200000000287218e+03,5.592540182251440730e-04
2.182300000000287127e+03,5.610247749205900724e-04
2.182400000000287037e+03,5.627862918879674792e-04
2.182500000000286946e+03,5.645385769084592179e-04
2.182600000000286855e+03,5.662863607158498142e-04
2.182700000000287218e+03,5.680268751802513075e-04
2.182800000000287127e+03,5.697582219812841187e-04
2.182900000000287037e+03,5.714804085659923143e-04
2.183000000000287400e+03,5.731934423783661969e-04
2.183100000000287309e+03,5.751678376431954920e-04
2.183200000000287218e+03,5.771374857955170138e-04
2.183300000000287127e+03,5.791023901175973649e-04
2.183400000000287037e+03,5.810625538902379570e-04
2.183500000000287400e+03,5.830139998014300783e-04
2.183600000000287309e+03,5.849578228563151938e-04
2.183700000000287218e+03,5.868968691285544447e-04
2.183800000000287582e+03,5.888311420544534332e-04
2.183900000000287491e+03,5.907606450686968790e-04
2.184000000000287400e+03,5.926853816082375444e-04
2.184100000000287309e+03,5.959451547135293827e-04
2.184200000000287218e+03,5.992117987472856452e-04
2.184300000000287582e+03,6.024853074376430948e-04
2.184400000000287491e+03,6.057688938794278518e-04
2.184500000000287400e+03,6.090632721172897128e-04
2.184600000000287764e+03,6.123645741746845846e-04
2.184700000000287673e+03,6.156727940433991174e-04
2.184800000000287582e+03,6.189879257180525484e-04
2.184900000000287491e+03,6.223099631960340343e-04
2.185000000000287400e+03,6.256389004723856510e-04
2.185100000000287764e+03,6.271855912214453288e-04
2.185200000000287673e+03,6.287252791242775194e-04
2.185300000000287582e+03,6.302591791253976585e-04
2.185400000000287946e+03,6.317847849948004255e-04
2.185500000000287855e+03,6.333070839531229363e-04
2.185600000000287764e+03,6.348257946693023615e-04
2.185700000000287673e+03,6.363389579304948741e-04
2.185800000000287582e+03,6.378488093665818891e-04
2.185900000000287946e+03,6.393553513837964969e-04
2.186000000000287855e+03,6.408585863844677927e-04
2.186100000000287764e+03,6.414091846854285284e-04
2.186200000000288128e+03,6.419538091957701894e-04
2.186300000000288037e+03,6.424924652479942514e-04
2.186400000000287946e+03,6.430251581716528355e-04
2.186500000000287855e+03,6.435518932933455630e-04
2.186600000000287764e+03,6.440726759367195560e-04
2.186700000000288128e+03,6.445827451599180254e-04
2.186800000000288037e+03,6.450840634196931952e-04
2.186900000000287946e+03,6.455794326801544752e-04
2.187000000000288310e+03,6.460688584651317398e-04
2.187100000000288219e+03,6.482598900151773222e-04
2.187200000000288128e+03,6.504465755021864330e-04
2.187300000000288037e+03,6.526359990744965691e-04
2.187400000000287946e+03,6.548281569320219420e-04
2.187500000000288310e+03,6.570230452772832935e-04
2.187600000000288219e+03,6.592245367657512340e-04
2.187700000000288128e+03,6.614326557199700675e-04
2.187800000000288492e+03,6.636435466472281365e-04
2.187900000000288401e+03,6.658572058672349936e-04
2.188000000000288310e+03,6.680736296992384297e-04
2.188100000000288219e+03,6.692737995634687794e-04
2.188200000000288128e+03,6.704742166219543201e-04
2.188300000000288492e+03,6.716748801315001582e-04
2.188400000000288401e+03,6.728757893494569705e-04
2.188500000000288310e+03,6.740740016583620167e-04
2.188600000000288674e+03,6.752674600526585233e-04
2.188700000000288583e+03,6.764611327562477811e-04
2.188800000000288492e+03,6.776550190150572046e-04
2.188900000000288401e+03,6.788491180756056403e-04
2.189000000000288310e+03,6.800369804389762816e-04
2.189100000000288674e+03,6.791645980390153409e-04
2.189200000000288583e+03,6.782900984144694034e-04
2.189300000000288492e+03,6.774134841154597162e-04
2.189400000000288856e+03,6.765366838904459442e-04
2.189500000000288765e+03,6.756637902593170359e-04
2.189600000000288674e+03,6.747887701297059426e-04
2.189700000000288583e+03,6.739116259660419325e-04
2.189800000000288492e+03,6.730323602311907459e-04
2.189900000000288856e+03,6.721456192486454945e-04
2.190000000000288765e+03,6.712542286062375988e-04
2.190100000000288674e+03,6.717248115992184489e-04
2.190200000000289037e+03,6.721953364785015258e-04
2.190300000000288946e+03,6.726658030932143508e-04
2.190400000000288856e+03,6.731362112926258254e-04
2.190500000000288765e+03,6.736065609261307268e-04
2.190600000000288674e+03,6.740768518432561050e-04
2.190700000000289037e+03,6.745470838936610657e-04
2.190800000000288946e+03,6.750172569271290727e-04
2.190900000000288856e+03,6.754873707935831265e-04
2.191000000000289219e+03,6.759574253435900269e-04
2.191100000000289128e+03,6.766052414921414331e-04
2.191200000000289037e+03,6.772520768695867999e-04
2.191300000000288946e+03,6.778979321594643141e-04
2.191400000000288856e+03,6.785428080449799632e-04
2.191500000000289219e+03,6.791867052090128478e-04
2.191600000000289128e+03,6.798296243341066161e-04
2.191700000000289037e+03,6.804715661024831252e-04
2.191800000000289401e+03,6.811125311960360444e-04
2.191900000000289310e+03,6.817525202963209885e-04
2.192000000000289219e+03,6.823915340771431531e-04
2.192100000000289128e+03,6.804620072848281817e-04
2.192200000000289037e+03,6.785356107606961085e-04
2.192300000000289401e+03,6.766123421237238205e-04
2.192400000000289310e+03,6.746921989941354709e-04
2.192500000000289219e+03,6.727751789933474015e-04
2.192600000000289583e+03,6.708635701484038077e-04
2.192700000000289492e+03,6.689617508734438606e-04
2.192800000000289401e+03,6.670632447340971031e-04
2.192900000000289310e+03,6.651690837382985902e-04
2.193000000000289219e+03,6.632785878796154319e-04
2.193100000000289583e+03,6.616613288521437783e-04
2.193200000000289492e+03,6.600461678815376263e-04
2.193300000000289401e+03,6.584331034703966821e-04
2.193400000000289765e+03,6.568221341220816531e-04
2.193500000000289674e+03,6.552107800521196146e-04
2.193600000000289583e+03,6.535885819471141727e-04
2.193700000000289492e+03,6.519685479527897532e-04
2.193800000000289401e+03,6.503506764432977032e-04
2.193900000000289765e+03,6.487349657936446971e-04
2.194000000000289674e+03,6.471214143831093826e-04
2.194100000000289583e+03,6.466748927347446040e-04
2.194200000000289947e+03,6.462227701553567051e-04
2.194300000000289856e+03,6.457650529123786561e-04
2.194400000000289765e+03,6.453017472691777775e-04
2.194500000000289674e+03,6.448328594850669072e-04
2.194600000000289583e+03,6.443583958153066777e-04
2.194700000000289947e+03,6.438786914680798062e-04
2.194800000000289856e+03,6.433949289376668466e-04
2.194900000000289765e+03,6.429056064621498524e-04
2.195000000000290129e+03,6.424107302269180470e-04
2.195100000000290038e+03,6.397821654139920549e-04
2.195200000000289947e+03,6.371581127135478870e-04
2.195300000000289856e+03,6.345385682608098562e-04
2.195400000000289765e+03,6.319235281933043621e-04
2.195500000000290129e+03,6.293129886508481811e-04
2.195600000000290038e+03,6.267069457755910762e-04
2.195700000000289947e+03,6.241053957119484675e-04
2.195800000000290311e+03,6.215058579512532880e-04
2.195900000000290220e+03,6.189059750428377001e-04
2.196000000000290129e+03,6.163106331903994315e-04
2.196100000000290038e+03,6.127549938771646720e-04
2.196200000000289947e+03,6.092109276837224868e-04
2.196300000000290311e+03,6.056776057264546664e-04
2.196400000000290220e+03,6.021542008699852858e-04
2.196500000000290129e+03,5.986407035326097746e-04
2.196600000000290493e+03,5.951371041386022869e-04
2.196700000000290402e+03,5.916433931182560335e-04
2.196800000000290311e+03,5.881595609077891734e-04
2.196900000000290220e+03,5.846855979494042276e-04
2.197000000000290129e+03,5.812214946955665583e-04
2.197100000000290493e+03,5.792394107729019687e-04
2.197200000000290402e+03,5.772496712047651100e-04
2.197300000000290311e+03,5.752522852182733164e-04
2.197400000000290675e+03,5.732472620345435135e-04
2.197500000000290584e+03,5.712346108687258285e-04
2.197600000000290493e+03,5.692148702357276244e-04
2.197700000000290402e+03,5.671937073201447450e-04
2.197800000000290311e+03,5.651648972306938740e-04
2.197900000000290675e+03,5.631284488737653936e-04
2.198000000000290584e+03,5.610843711472994141e-04
2.198100000000290493e+03,5.580714395413648296e-04
2.198200000000290856e+03,5.550600650458166214e-04
2.198300000000290765e+03,5.520470185314647286e-04
2.198400000000290675e+03,5.490320131281204146e-04
2.198500000000290584e+03,5.460140754570132985e-04
2.198600000000290493e+03,5.429944909828657859e-04
2.198700000000290856e+03,5.399732623827458626e-04
2.198800000000290765e+03,5.369503923320348210e-04
2.198900000000290675e+03,5.339258835043449690e-04
2.199000000000291038e+03,5.308997385666629470e-04
2.199100000000290947e+03,5.261982340137591821e-04
2.199200000000290856e+03,5.215133842535475250e-04
2.199300000000290765e+03,5.168451751121619017e-04
2.199400000000290675e+03,5.121926392668321422e-04
2.199500000000291038e+03,5.075553895343790653e-04
2.199600000000290947e+03,5.029347795551231647e-04
2.199700000000290856e+03,4.983302849675874582e-04
2.199800000000291220e+03,4.937419348119358826e-04
2.199900000000291129e+03,4.891701994769796736e-04
2.200000000000291038e+03,4.846150645211682825e-04
2.200100000000290947e+03,4.810402654087525000e-04
2.200200000000290856e+03,4.774632468733352704e-04
2.200300000000291220e+03,4.738840208993117323e-04
2.200400000000291129e+03,4.703064474701018583e-04
2.200500000000291038e+03,4.667283305275403632e-04
2.200600000000291402e+03,4.631479334656137957e-04
2.200700000000291311e+03,4.595652600390710005e-04
2.200800000000291220e+03,4.559796318030845874e-04
2.200900000000291129e+03,4.523870494981799186e-04
2.201000000000291038e+03,4.487922865815531883e-04
2.201100000000291402e+03,4.454017229521483419e-04
2.201200000000291311e+03,4.420005438121475043e-04
2.201300000000291220e+03,4.385887622370402057e-04
2.201400000000291584e+03,4.351663912936443103e-04
2.201500000000291493e+03,4.317334440401532337e-04
2.201600000000291402e+03,4.282899335260525130e-04
2.201700000000291311e+03,4.248358727921821491e-04
2.201800000000291220e+03,4.213762664106757453e-04
2.201900000000291584e+03,4.179060707950483784e-04
2.202000000000291493e+03,4.144252818520141710e-04
2.202100000000291402e+03,4.094460969626408748e-04
2.202200000000291766e+03,4.044814290403018673e-04
2.202300000000291675e+03,3.995306922134603169e-04
2.202400000000291584e+03,3.945966343470728500e-04
2.202500000000291493e+03,3.896792388677207766e-04
2.202600000000291402e+03,3.847784892126039744e-04
2.202700000000291766e+03,3.798982879783568056e-04
2.202800000000291675e+03,3.750351911993788831e-04
2.202900000000291584e+03,3.701885761175160256e-04
2.203000000000291948e+03,3.653584267759039310e-04
2.203100000000291857e+03,3.607453646155634255e-04
2.203200000000291766e+03,3.561443460348821420e-04
2.203300000000291675e+03,3.515521545086184490e-04
2.203400000000291584e+03,3.469692366894443886e-04
2.203500000000291948e+03,3.423955843344611387e-04
2.203600000000291857e+03,3.378338774292421131e-04
2.203700000000291766e+03,3.332814971214810747e-04
2.203800000000292130e+03,3.287382812495261326e-04
2.203900000000292039e+03,3.242042218221001591e-04
2.204000000000291948e+03,3.196793107740921835e-04
2.204100000000291857e+03,2.881929258012173129e-04
2.204200000000291766e+03,2.565991766869279880e-04
2.204300000000292130e+03,2.248981963020091671e-04
2.204400000000292039e+03,1.930901174257768755e-04
2.204500000000291948e+03,1.611750727452572203e-04
2.204600000000292312e+03,1.291531948556651199e-04
2.204700000000292221e+03,9.702461626088970171e-05
2.204800000000292130e+03,6.478946937266789538e-05
2.204900000000292039e+03,3.244788651121242369e-05
2.205000000000291948e+03,0.000000000000000000e+00
2.205100000000292312e+03,0.000000000000000000e+00
2.205200000000292221e+03,0.000000000000000000e+00
2.205300000000292130e+03,0.000000000000000000e+00
2.205400000000292493e+03,0.000000000000000000e+00
2.205500000000292403e+03,0.000000000000000000e+00
2.205600000000292312e+03,0.000000000000000000e+00
2.205700000000292221e+03,0.000000000000000000e+00
2.205800000000292130e+03,0.000000000000000000e+00
2.205900000000292493e+03,0.000000000000000000e+00
2.206000000000292403e+03,8.875422181666857182e-14
2.206100000000292312e+03,3.028979477465990386e-05
2.206200000000292675e+03,6.045238907742109567e-05
2.206300000000292584e+03,9.048828605931100947e-05
2.206400000000292493e+03,1.203984155167821095e-04
2.206500000000292403e+03,1.501824300311352194e-04
2.206600000000292312e+03,1.798404502847312267e-04
2.206700000000292675e+03,2.093725968857347271e-04
2.206800000000292584e+03,2.387789903676127443e-04
2.206900000000292493e+03,2.680597511899752029e-04
2.207000000000292857e+03,2.972158858435433549e-04
2.207100000000292766e+03,3.002477995689288755e-04
2.207200000000292675e+03,3.032848637231822962e-04
2.207300000000292584e+03,3.063250081010830423e-04
2.207400000000292493e+03,3.093710145321354943e-04
2.207500000000292857e+03,3.124228756666782452e-04
2.207600000000292766e+03,3.154805841598469409e-04
2.207700000000292675e+03,3.185466263001995911e-04
2.207800000000293039e+03,3.216198681432014088e-04
2.207900000000292948e+03,3.246990092170376854e-04
2.208000000000292857e+03,3.277840424172587426e-04
2.208100000000292766e+03,3.307546902069528416e-04
2.208200000000292675e+03,3.337359397097010467e-04
2.208300000000293039e+03,3.367206827627723057e-04
2.208400000000292948e+03,3.397089152951505249e-04
2.208500000000292857e+03,3.427006332382170526e-04
2.208600000000293221e+03,3.456958325257115396e-04
2.208700000000293130e+03,3.486945090936871615e-04
2.208800000000293039e+03,3.516966588805929637e-04
2.208900000000292948e+03,3.547022778272186216e-04
2.209000000000292857e+03,3.577113618737312616e-04
2.209100000000293221e+03,3.597047752812212442e-04
2.209200000000293130e+03,3.616863111017713035e-04
2.209300000000293039e+03,3.636558182517223470e-04
2.209400000000293403e+03,3.656133063876034232e-04
2.209500000000293312e+03,3.675585731640286426e-04
2.209600000000293221e+03,3.694909977255092406e-04
2.209700000000293130e+03,3.714095389773541833e-04
2.209800000000293039e+03,3.733148225706898636e-04
2.209900000000293403e+03,3.752080928005227761e-04
2.210000000000293312e+03,3.770893597018527160e-04
2.210100000000293221e+03,3.797886655552463759e-04
2.210200000000293585e+03,3.824874787267516936e-04
2.210300000000293494e+03,3.851857988681472176e-04
2.210400000000293403e+03,3.878836256315636448e-04
2.210500000000293312e+03,3.905809586694331892e-04
2.210600000000293221e+03,3.932777976345043264e-04
2.210700000000293585e+03,3.959741421798525815e-04
2.210800000000293494e+03,3.986699919588307644e-04
2.210900000000293403e+03,4.013653466251424244e-04
2.211000000000293767e+03,4.040602058347934141e-04
2.211100000000293676e+03,4.074349647556341886e-04
2.211200000000293585e+03,4.108182211129296382e-04
2.211300000000293494e+03,4.142106541016904887e-04
2.211400000000293403e+03,4.176150304101742487e-04
2.211500000000293767e+03,4.210275924222883423e-04
2.211600000000293676e+03,4.244486799426509154e-04
2.211700000000293585e+03,4.278782846619670925e-04
2.211800000000293949e+03,4.313163982753481416e-04
2.211900000000293858e+03,4.347630124822611129e-04
2.212000000000293767e+03,4.382178022318836477e-04
2.212100000000293676e+03,4.402458997589882598e-04
2.212200000000293585e+03,4.422662148216551176e-04
2.212300000000293949e+03,4.442735542130557850e-04
2.212400000000293858e+03,4.462731278176360473e-04
2.212500000000293767e+03,4.482649422721623447e-04
2.212600000000294131e+03,4.502490042097571682e-04
2.212700000000294040e+03,4.522277233279866238e-04
2.212800000000293949e+03,4.542017322943064082e-04
2.212900000000293858e+03,4.561680555233330156e-04
2.213000000000293767e+03,4.581266993584408396e-04
2.213100000000294131e+03,4.600032006576594405e-04
2.213200000000294040e+03,4.618726610704862196e-04
2.213300000000293949e+03,4.637358619962466300e-04
2.213400000000294312e+03,4.655917710751758315e-04
2.213500000000294222e+03,4.674403944764354141e-04
2.213600000000294131e+03,4.692835077930218503e-04
2.213700000000294040e+03,4.711232088356752021e-04
2.213800000000293949e+03,4.729619485675216092e-04
2.213900000000294312e+03,4.747950011656734844e-04
2.214000000000294222e+03,4.766209015073537671e-04
2.214100000000294131e+03,4.798561856955998691e-04
2.214200000000294494e+03,4.830991931062099138e-04
2.214300000000294403e+03,4.863499160715029036e-04
2.214400000000294312e+03,4.896083469279695257e-04
2.214500000000294222e+03,4.928744780162106235e-04
2.214600000000294131e+03,4.961483016809492856e-04
2.214700000000294494e+03,4.994298102710485179e-04
2.214800000000294403e+03,5.027189961394463004e-04
2.214900000000294312e+03,5.060158516432428652e-04
2.215000000000294676e+03,5.093203691405813385e-04
2.215100000000294585e+03,5.115852338758240369e-04
2.215200000000294494e+03,5.138500325681309667e-04
2.215300000000294403e+03,5.161143453141843907e-04
2.215400000000294312e+03,5.183781718733059549e-04
2.215500000000294676e+03,5.206415120050724181e-04
2.215600000000294585e+03,5.229043654692683805e-04
2.215700000000294494e+03,5.251667320259575163e-04
2.215800000000294858e+03,5.274286114354399639e-04
2.215900000000294767e+03,5.296931174389418436e-04
2.216000000000294676e+03,5.319603830036686524e-04
2.216100000000294585e+03,5.328958824360650014e-04
2.216200000000294494e+03,5.338223453188059792e-04
2.216300000000294858e+03,5.347397790492943717e-04
2.216400000000294767e+03,5.356481910213079347e-04
2.216500000000294676e+03,5.365475886250237886e-04
2.216600000000295040e+03,5.374379792470088775e-04
2.216700000000294949e+03,5.383193702702072838e-04
2.216800000000294858e+03,5.391894316764587157e-04
2.216900000000294767e+03,5.400463988201658835e-04
2.217000000000294676e+03,5.408943684558740897e-04
2.217100000000295040e+03,5.431755353972981268e-04
2.217200000000294949e+03,5.454591274302659750e-04
2.217300000000294858e+03,5.477511973664860772e-04
2.217400000000295222e+03,5.500473119252519182e-04
2.217500000000295131e+03,5.523459068902478869e-04
2.217600000000295040e+03,5.546469795809612705e-04
2.217700000000294949e+03,5.569505273182654001e-04
2.217800000000294858e+03,5.592565474244345046e-04
2.217900000000295222e+03,5.615650372231427347e-04
2.218000000000295131e+03,5.638759940397207937e-04
2.218100000000295040e+03,5.662878363334815889e-04
2.218200000000295404e+03,5.687035894790520981e-04
2.218300000000295313e+03,5.711232496754299484e-04
2.218400000000295222e+03,5.735468131235321298e-04
2.218500000000295131e+03,5.759742760261505430e-04
2.218600000000295040e+03,5.784063572389802101e-04
2.218700000000295404e+03,5.808485378170703036e-04
2.218800000000295313e+03,5.832946643207090548e-04
2.218900000000295222e+03,5.857447330950576623e-04
2.219000000000295586e+03,5.881987404805373012e-04
2.219100000000295495e+03,5.884760533678305488e-04
2.219200000000295404e+03,5.887482623178302669e-04
2.219300000000295313e+03,5.890153711125325478e-04
2.219400000000295222e+03,5.892773835323494641e-04
2.219500000000295586e+03,5.895343033561137314e-04
2.219600000000295495e+03,5.897872216291204749e-04
2.219700000000295404e+03,5.900366287140603599e-04
2.219800000000295768e+03,5.902809567180956896e-04
2.219900000000295677e+03,5.905202093450729380e-04
2.220000000000295586e+03,5.907543902985987541e-04
2.220100000000295495e+03,5.914142655730554761e-04
2.220200000000295404e+03,5.920725685848230151e-04
2.220300000000295768e+03,5.927293003264094218e-04
2.220400000000295677e+03,5.933844617899386139e-04
2.220500000000295586e+03,5.940380539671686992e-04
2.220600000000295950e+03,5.946897054561992328e-04
2.220700000000295859e+03,5.953384644069638918e-04
2.220800000000295768e+03,5.959856533513243704e-04
2.220900000000295677e+03,5.966312732929487375e-04
2.221000000000295586e+03,5.972753252389845918e-04
2.221100000000295950e+03,5.992283607561599062e-04
2.221200000000295859e+03,6.011838913883063009e-04
2.221300000000295768e+03,6.031419149107553014e-04
2.221400000000296131e+03,6.051024290997794120e-04
2.221500000000296041e+03,6.070654317325655533e-04
2.221600000000295950e+03,6.090309205872705732e-04
2.221700000000295859e+03,6.109988934429805892e-04
2.221800000000295768e+03,6.129693480797218305e-04
2.221900000000296131e+03,6.149422822784725642e-04
2.222000000000296041e+03,6.169176938154597584e-04
2.222100000000295950e+03,6.169811279292053766e-04
2.222200000000296313e+03,6.170417214300592769e-04
2.222300000000296222e+03,6.171061348750583571e-04
2.222400000000296131e+03,6.171730818242894719e-04
2.222500000000296041e+03,6.172395315250958593e-04
2.222600000000295950e+03,6.173054842985234436e-04
2.222700000000296313e+03,6.173707718355105501e-04
2.222800000000296222e+03,6.174283795204173154e-04
2.222900000000296131e+03,6.174854904057303214e-04
2.223000000000296495e+03,6.175421048263491025e-04
2.223100000000296404e+03,6.164129682523257492e-04
2.223200000000296313e+03,6.152872506804624511e-04
2.223300000000296222e+03,6.141655434007426556e-04
2.223400000000296131e+03,6.130438708245589119e-04
2.223500000000296495e+03,6.119222331362487912e-04
2.223600000000296404e+03,6.108006305200705012e-04
2.223700000000296313e+03,6.096790631601717693e-04
2.223800000000296677e+03,6.085575312406045880e-04
2.223900000000296586e+03,6.074360349453415860e-04
2.224000000000296495e+03,6.063145744631393257e-04
2.224100000000296404e+03,6.068414796317888205e-04
2.224200000000296313e+03,6.073625144170100368e-04
2.224300000000296677e+03,6.078825214317004622e-04
2.224400000000296586e+03,6.084015013127852881e-04
2.224500000000296495e+03,6.089194546969516151e-04
2.224600000000296859e+03,6.094363822206466099e-04
2.224700000000296768e+03,6.099522845200660128e-04
2.224800000000296677e+03,6.104671622311688825e-04
2.224900000000296586e+03,6.109810159896715250e-04
2.225000000000296495e+03,6.114952992731403263e-04
2.225100000000296859e+03,6.114424157367555866e-04
2.225200000000296768e+03,6.113880483437453836e-04
2.225300000000296677e+03,6.113321981560474730e-04
2.225400000000297041e+03,6.112748662351914081e-04
2.225500000000296950e+03,6.112114368074398956e-04
2.225600000000296859e+03,6.111438763819072298e-04
2.225700000000296768e+03,6.110748395773814377e-04
2.225800000000296677e+03,6.110043275061667785e-04
2.225900000000297041e+03,6.109323412801057496e-04
2.226000000000296950e+03,6.108587819435276536e-04
2.226100000000296859e+03,6.084997365276019043e-04
2.226200000000297223e+03,6.061458274398140314e-04
2.226300000000297132e+03,6.037970511668093888e-04
2.226400000000297041e+03,6.014534041966880041e-04
2.226500000000296950e+03,5.991148830190545609e-04
2.226600000000296859e+03,5.967814841250017018e-04
2.226700000000297223e+03,5.944532040071025475e-04
2.226800000000297132e+03,5.921300391594483186e-04
2.226900000000297041e+03,5.898119860775924992e-04
2.227000000000297405e+03,5.874990412607306251e-04
2.227100000000297314e+03,5.859155340268955162e-04
2.227200000000297223e+03,5.843330293250920821e-04
2.227300000000297132e+03,5.827489189220777651e-04
2.227400000000297041e+03,5.811615171907153453e-04
2.227500000000297405e+03,5.795751547325722749e-04
2.227600000000297314e+03,5.779898310768964275e-04
2.227700000000297223e+03,5.764055457530783575e-04
2.227800000000297587e+03,5.748274791655362190e-04
2.227900000000297496e+03,5.732509282439828468e-04
2.228000000000297405e+03,5.716753826130974592e-04
2.228100000000297314e+03,5.709901004569129229e-04
2.228200000000297223e+03,5.702996335062340393e-04
2.228300000000297587e+03,5.696019274221936039e-04
2.228400000000297496e+03,5.688969881208655625e-04
2.228500000000297405e+03,5.681848215156225712e-04
2.228600000000297769e+03,5.674654335171490068e-04
2.228700000000297678e+03,5.667388300334461710e-04
2.228800000000297587e+03,5.660050169698177622e-04
2.228900000000297496e+03,5.652640002288807173e-04
2.229000000000297405e+03,5.645157857045083162e-04
2.229100000000297769e+03,5.617293508890318756e-04
2.229200000000297678e+03,5.589479782218240329e-04
2.229300000000297587e+03,5.561716643011276138e-04
2.229400000000297950e+03,5.534004057266365397e-04
2.229500000000297860e+03,5.506341990995351852e-04
2.229600000000297769e+03,5.478730410224229167e-04
2.229700000000297678e+03,5.451169280993617980e-04
2.229800000000297587e+03,5.423658569358657481e-04
2.229900000000297950e+03,5.396186948138680713e-04
2.230000000000297860e+03,5.368761721714425091e-04
2.230100000000297769e+03,5.333865681704886902e-04
2.230200000000298132e+03,5.299067389685118345e-04
2.230300000000298041e+03,5.264366774077298711e-04
2.230400000000297950e+03,5.229763763335388508e-04
2.230500000000297860e+03,5.195232134057923114e-04
2.230600000000297769e+03,5.160763015923498049e-04
2.230700000000298132e+03,5.126392106810407105e-04
2.230800000000298041e+03,5.092119331748572392e-04
2.230900000000297950e+03,5.057944615803557000e-04
2.231000000000298314e+03,5.023919137306886952e-04
2.231100000000298223e+03,5.003756008553038315e-04
2.231200000000298132e+03,4.983504089403820430e-04
2.231300000000298041e+03,4.963165140070395238e-04
2.231400000000297950e+03,4.942745692975195580e-04
2.231500000000298314e+03,4.922237609232021265e-04
2.231600000000298223e+03,4.901640966688182053e-04
2.231700000000298132e+03,4.880959140924044930e-04
2.231800000000298496e+03,4.860199455924394426e-04
2.231900000000298405e+03,4.839309398147311750e-04
2.232000000000298314e+03,4.818315898599086406e-04
2.232100000000298223e+03,4.789965580760323057e-04
2.232200000000298132e+03,4.761577191864842392e-04
2.232300000000298496e+03,4.733150771698981614e-04
2.232400000000298405e+03,4.704686360028590840e-04
2.232500000000298314e+03,4.676183996598285548e-04
2.232600000000298678e+03,4.647643721131814116e-04
2.232700000000298587e+03,4.619065573332491507e-04
2.232800000000298496e+03,4.590449592882380695e-04
2.232900000000298405e+03,4.561795819442864041e-04
2.233000000000298314e+03,4.533104292607634451e-04
2.233100000000298678e+03,4.488766662967704868e-04
2.233200000000298587e+03,4.444591501796521017e-04
2.233300000000298496e+03,4.400578683547004739e-04
2.233400000000298860e+03,4.356728082731866746e-04
2.233500000000298769e+03,4.313039573924231664e-04
2.233600000000298678e+03,4.269522037513346258e-04
2.233700000000298587e+03,4.226169293448579669e-04
2.233800000000298496e+03,4.182978019504221220e-04
2.233900000000298860e+03,4.139948091872661237e-04
2.234000000000298769e+03,4.097079386827700621e-04
2.234100000000298678e+03,4.061844315939993353e-04
2.234200000000299042e+03,4.026652593221240173e-04
2.234300000000298951e+03,3.991464570735413046e-04
2.234400000000298860e+03,3.956275765288210064e-04
2.234500000000298769e+03,3.921086185955969541e-04
2.234600000000298678e+03,3.885895841809684130e-04
2.234700000000299042e+03,3.850704741914795916e-04
2.234800000000298951e+03,3.815513055261185037e-04
2.234900000000298860e+03,3.780327982926648162e-04
2.235000000000299224e+03,3.745142042108817650e-04
2.235100000000299133e+03,3.715107698316092930e-04
2.235200000000299042e+03,3.684925537756335258e-04
2.235300000000298951e+03,3.654605563757930536e-04
2.235400000000298860e+03,3.624147896668327676e-04
2.235500000000299224e+03,3.593552656776810854e-04
2.235600000000299133e+03,3.562812106041796166e-04
2.235700000000299042e+03,3.531926217676867102e-04
2.235800000000299406e+03,3.500903397026546818e-04
2.235900000000299315e+03,3.469743766004479315e-04
2.236000000000299224e+03,3.438447446428223348e-04
2.236100000000299133e+03,3.395254780271368894e-04
2.236200000000299042e+03,3.352170758549764470e-04
2.236300000000299406e+03,3.309195302695282595e-04
2.236400000000299315e+03,3.266328334176108426e-04
2.236500000000299224e+03,3.223569774495531966e-04
2.236600000000299588e+03,3.180919545192552496e-04
2.236700000000299497e+03,3.138377567842430983e-04
2.236800000000299406e+03,3.095943764055511006e-04
2.236900000000299315e+03,3.053618055477995050e-04
2.237000000000299224e+03,3.011400363001657610e-04
2.237100000000299588e+03,2.705703606737380881e-04
2.237200000000299497e+03,2.401021456504435960e-04
2.237300000000299406e+03,2.097363819654213138e-04
2.237400000000299769e+03,1.794720302635291421e-04
2.237500000000299679e+03,1.493084702966637962e-04
2.237600000000299588e+03,1.192456292734482917e-04
2.237700000000299497e+03,8.928343443462390062e-05
2.237800000000299406e+03,5.942181305290139163e-05
2.237900000000299769e+03,2.966069243281724461e-05
2.238000000000299679e+03,0.000000000000000000e+00
2.238100000000299588e+03,0.000000000000000000e+00
2.238200000000299951e+03,0.000000000000000000e+00
2.238300000000299860e+03,0.000000000000000000e+00
2.238400000000299769e+03,0.000000000000000000e+00
2.238500000000299679e+03,0.000000000000000000e+00
2.238600000000299588e+03,0.000000000000000000e+00
2.238700000000299951e+03,0.000000000000000000e+00
2.238800000000299860e+03,0.000000000000000000e+00
2.238900000000299769e+03,0.000000000000000000e+00
2.239000000000300133e+03,0.000000000000000000e+00
2.239100000000300042e+03,0.000000000000000000e+00
2.239200000000299951e+03,0.000000000000000000e+00
2.239300000000299860e+03,0.000000000000000000e+00
2.239400000000299769e+03,0.000000000000000000e+00
2.239500000000300133e+03,0.000000000000000000e+00
2.239600000000300042e+03,0.000000000000000000e+00
2.239700000000299951e+03,0.000000000000000000e+00
2.239800000000300315e+03,0.000000000000000000e+00
2.239900000000300224e+03,0.000000000000000000e+00
2.240000000000300133e+03,9.089881273112759176e-14
2.240100000000300042e+03,3.021512113419334500e-05
2.240200000000299951e+03,6.028825104289065447e-05
2.240300000000300315e+03,9.021949590256595744e-05
2.240400000000300224e+03,1.200089617509163129e-04
2.240500000000300133e+03,1.496567545785928792e-04
2.240600000000300497e+03,1.791629803288035305e-04
2.240700000000300406e+03,2.085277448969293402e-04
2.240800000000300315e+03,2.377511541313440753e-04
2.240900000000300224e+03,2.668333138328912182e-04
2.241000000000300133e+03,2.957743296758955824e-04
2.241100000000300497e+03,2.982771622139168905e-04
2.241200000000300406e+03,3.007809354064376953e-04
2.241300000000300315e+03,3.032856479196495533e-04
2.241400000000300679e+03,3.057912984204323812e-04
2.241500000000300588e+03,3.082970911875847382e-04
2.241600000000300497e+03,3.108032050135012508e-04
2.241700000000300406e+03,3.133102301924001556e-04
2.241800000000300315e+03,3.158181653811953826e-04
2.241900000000300679e+03,3.183279230623975442e-04
2.242000000000300588e+03,3.208389565481935117e-04
2.242100000000300497e+03,3.238899863179331992e-04
2.242200000000300861e+03,3.269495622958840521e-04
2.242300000000300770e+03,3.300176771474462372e-04
2.242400000000300679e+03,3.330943235413908691e-04
2.242500000000300588e+03,3.361794941497998359e-04
2.242600000000300497e+03,3.392731816480835266e-04
2.242700000000300861e+03,3.423753787149895586e-04
2.242800000000300770e+03,3.454860780325493810e-04
2.242900000000300679e+03,3.486052722861578547e-04
2.243000000000301043e+03,3.517329541611019083e-04
2.243100000000300952e+03,3.537214613180292787e-04
2.243200000000300861e+03,3.557038841314337204e-04
2.243300000000300770e+03,3.576794809745795700e-04
2.243400000000300679e+03,3.596478378938308641e-04
2.243500000000301043e+03,3.616089599030218398e-04
2.243600000000300952e+03,3.635628520139032229e-04
2.243700000000300861e+03,3.655095192361969801e-04
2.243800000000301225e+03,3.674489665775684008e-04
2.243900000000301134e+03,3.693811990436002930e-04
2.244000000000301043e+03,3.713062216377003926e-04
2.244100000000300952e+03,3.731741247182203858e-04
2.244200000000300861e+03,3.750344623474854934e-04
2.244300000000301225e+03,3.768872397747791451e-04
2.244400000000301134e+03,3.787324622472199444e-04
2.244500000000301043e+03,3.805733001184961797e-04
2.244600000000301407e+03,3.824066616072637230e-04
2.244700000000301316e+03,3.842325145254630648e-04
2.244800000000301225e+03,3.860508639221441963e-04
2.244900000000301134e+03,3.878617148443848361e-04
2.245000000000301043e+03,3.896650723411532267e-04
2.245100000000301407e+03,3.927519084503329656e-04
2.245200000000301316e+03,3.958499540872780788e-04
2.245300000000301225e+03,3.989562305557944064e-04
2.245400000000301588e+03,4.020702739263403553e-04
2.245500000000301497e+03,4.051921847430257472e-04
2.245600000000301407e+03,4.083184767073175713e-04
2.245700000000301316e+03,4.114518845183204733e-04
2.245800000000301225e+03,4.145934053090949271e-04
2.245900000000301588e+03,4.177430325259554955e-04
2.246000000000301497e+03,4.209007596159278154e-04
2.246100000000301407e+03,4.234086685210531405e-04
2.246200000000301770e+03,4.259180988275180113e-04
2.246300000000301679e+03,4.284290489019680062e-04
2.246400000000301588e+03,4.309415171118128490e-04
2.246500000000301497e+03,4.334555018251811981e-04
2.246600000000301407e+03,4.359710014109311089e-04
2.246700000000301770e+03,4.384880142386633696e-04
2.246800000000301679e+03,4.410065386786715192e-04
2.246900000000301588e+03,4.435260661575031634e-04
2.247000000000301952e+03,4.460423315582823581e-04
2.247100000000301861e+03,4.472630803615136575e-04
2.247200000000301770e+03,4.484735387702782424e-04
2.247300000000301679e+03,4.496737143818254397e-04
2.247400000000301588e+03,4.508622856991455013e-04
2.247500000000301952e+03,4.520398752847914234e-04
2.247600000000301861e+03,4.532071943179795804e-04
2.247700000000301770e+03,4.543642505216211503e-04
2.247800000000302134e+03,4.555110516152302341e-04
2.247900000000302043e+03,4.566528284332690784e-04
2.248000000000301952e+03,4.577845678669962442e-04
2.248100000000301861e+03,4.600103613945674924e-04
2.248200000000301770e+03,4.622370726524976242e-04
2.248300000000302134e+03,4.644647004584088763e-04
2.248400000000302043e+03,4.666922285912253180e-04
2.248500000000301952e+03,4.689203444325578903e-04
2.248600000000302316e+03,4.711493605665019739e-04
2.248700000000302225e+03,4.733792758052020365e-04
2.248800000000302134e+03,4.756100889614127891e-04
2.248900000000302043e+03,4.778417988484592329e-04
2.249000000000301952e+03,4.800744042821344470e-04
2.249100000000302316e+03,4.829388234222367843e-04
2.249200000000302225e+03,4.858104048922533909e-04
2.249300000000302134e+03,4.886887522299835241e-04
2.249400000000302498e+03,4.915738597043409512e-04
2.249500000000302407e+03,4.944657215867109866e-04
2.249600000000302316e+03,4.973643321510273080e-04
2.249700000000302225e+03,5.002696856737183419e-04
2.249800000000302134e+03,5.031817764337224433e-04
2.249900000000302498e+03,5.061005987124964599e-04
2.250000000000302407e+03,5.090261467884326339e-04
2.250100000000302316e+03,5.101226555588430018e-04
2.250200000000302680e+03,5.112136329725325149e-04
2.250300000000302589e+03,5.122983964852170606e-04
2.250400000000302498e+03,5.133780172540693652e-04
2.250500000000302407e+03,5.144524989709457112e-04
2.250600000000302316e+03,5.155218453261327816e-04
2.250700000000302680e+03,5.165860600083645735e-04
2.250800000000302589e+03,5.176451467047932329e-04
2.250900000000302498e+03,5.186991091010248337e-04
2.251000000000302862e+03,5.197479508802647008e-04
2.251100000000302771e+03,5.205150843417706953e-04
2.251200000000302680e+03,5.212771653276707193e-04
2.251300000000302589e+03,5.220341975275455317e-04
2.251400000000302498e+03,5.227861846294057499e-04
2.251500000000302862e+03,5.235331303196948853e-04
2.251600000000302771e+03,5.242750382832769840e-04
2.251700000000302680e+03,5.250119122034588521e-04
2.251800000000303044e+03,5.257437557619753111e-04
2.251900000000302953e+03,5.264705726389871379e-04
2.252000000000302862e+03,5.271868519498457573e-04
2.252100000000302771e+03,5.295005412379503139e-04
2.252200000000302680e+03,5.318185403384404234e-04
2.252300000000303044e+03,5.341408452182047845e-04
2.252400000000302953e+03,5.364691930787717509e-04
2.252500000000302862e+03,5.388053987781416410e-04
2.252600000000303226e+03,5.411450481029497208e-04
2.252700000000303135e+03,5.434853507597733500e-04
2.252800000000303044e+03,5.458299455059531079e-04
2.252900000000302953e+03,5.481837244428424587e-04
2.253000000000302862e+03,5.505434140973994002e-04
2.253100000000303226e+03,5.519794418392311858e-04
2.253200000000303135e+03,5.534163840017554577e-04
2.253300000000303044e+03,5.548529841684904026e-04
2.253400000000303407e+03,5.562851800392220334e-04
2.253500000000303316e+03,5.577182536936865168e-04
2.253600000000303226e+03,5.591522040702994389e-04
2.253700000000303135e+03,5.605870301080088372e-04
2.253800000000303044e+03,5.620227307463033324e-04
2.253900000000303407e+03,5.634593049252171158e-04
2.254000000000303316e+03,5.648967515796478626e-04
2.254100000000303226e+03,5.644667850899714534e-04
2.254200000000303589e+03,5.640313340397340187e-04
2.254300000000303498e+03,5.635921386429909889e-04
2.254400000000303407e+03,5.631492020246473213e-04
2.254500000000303316e+03,5.627025273081435412e-04
2.254600000000303226e+03,5.622521176154541157e-04
2.254700000000303589e+03,5.618012764930509044e-04
2.254800000000303498e+03,5.613500297597235050e-04
2.254900000000303407e+03,5.608950461751862357e-04
2.255000000000303771e+03,5.604386097609719833e-04
2.255100000000303680e+03,5.610833486404951439e-04
2.255200000000303589e+03,5.617280801106491793e-04
2.255300000000303498e+03,5.623728040178285542e-04
2.255400000000303407e+03,5.630175202085193481e-04
2.255500000000303771e+03,5.636622285292990390e-04
2.255600000000303680e+03,5.643069288268247937e-04
2.255700000000303589e+03,5.649516209478507066e-04
2.255800000000303953e+03,5.655963047392215115e-04
2.255900000000303862e+03,5.662408397033158588e-04
2.256000000000303771e+03,5.668843802084328008e-04
2.256100000000303680e+03,5.683066236773672139e-04
2.256200000000303589e+03,5.697308718579779116e-04
2.256300000000303953e+03,5.711558110502051346e-04
2.256400000000303862e+03,5.725814404318785343e-04
2.256500000000303771e+03,5.740061403498312098e-04
2.256600000000304135e+03,5.754263559100240844e-04
2.256700000000304044e+03,5.768486870682713397e-04
2.256800000000303953e+03,5.782750822945829884e-04
2.256900000000303862e+03,5.797021545339465934e-04
2.257000000000303771e+03,5.811252803722139881e-04
2.257100000000304135e+03,5.803881612485829950e-04
2.257200000000304044e+03,5.796513482250154840e-04
2.257300000000303953e+03,5.789148412191726968e-04
2.257400000000304317e+03,5.781786401487262837e-04
2.257500000000304226e+03,5.774410474385892333e-04
2.257600000000304135e+03,5.767028571653847954e-04
2.257700000000304044e+03,5.759649792113930586e-04
2.257800000000303953e+03,5.752274134902315159e-04
2.257900000000304317e+03,5.744938528644869631e-04
2.258000000000304226e+03,5.737636720746650465e-04
2.258100000000304135e+03,5.723713286751693418e-04
2.258200000000304499e+03,5.709806646155128097e-04
2.258300000000304408e+03,5.695916789239643995e-04
2.258400000000304317e+03,5.682043706291372946e-04
2.258500000000304226e+03,5.668187387600165600e-04
2.258600000000304135e+03,5.654347823459503599e-04
2.258700000000304499e+03,5.640525004166429103e-04
2.258800000000304408e+03,5.626691337878082138e-04
2.258900000000304317e+03,5.612835883797648176e-04
2.259000000000304681e+03,5.598997474806317399e-04
2.259100000000304590e+03,5.601427621015834645e-04
2.259200000000304499e+03,5.603832540180671241e-04
2.259300000000304408e+03,5.606268497996952892e-04
2.259400000000304317e+03,5.608689148787596212e-04
2.259500000000304681e+03,5.611084681634043603e-04
2.259600000000304590e+03,5.613455114813755776e-04
2.259700000000304499e+03,5.615800466596721115e-04
2.259800000000304863e+03,5.618120755245409065e-04
2.259900000000304772e+03,5.620415999014731099e-04
2.260000000000304681e+03,5.622686216128289097e-04
2.260100000000304590e+03,5.617105309415879912e-04
2.260200000000304499e+03,5.611458846742219900e-04
2.260300000000304863e+03,5.605776304600806632e-04
2.260400000000304772e+03,5.600076105193472695e-04
2.260500000000304681e+03,5.594358263577528956e-04
2.260600000000305045e+03,5.588622794803394011e-04
2.260700000000304954e+03,5.582869713914688503e-04
2.260800000000304863e+03,5.577099035948071418e-04
2.260900000000304772e+03,5.571310775933340908e-04
2.261000000000304681e+03,5.565504948830331559e-04
2.261100000000305045e+03,5.539053226268356644e-04
2.261200000000304954e+03,5.512697095070572288e-04
2.261300000000304863e+03,5.486409798257504619e-04
2.261400000000305226e+03,5.460191290315131400e-04
2.261500000000305135e+03,5.434041525747535482e-04
2.261600000000305045e+03,5.407960459076189240e-04
2.261700000000304954e+03,5.381961824076969200e-04
2.261800000000304863e+03,5.356042129754796629e-04
2.261900000000305226e+03,5.330190763822744478e-04
2.262000000000305135e+03,5.304407681820271815e-04
2.262100000000305045e+03,5.286132903666376781e-04
2.262200000000305408e+03,5.267870015386794721e-04
2.262300000000305317e+03,5.249619012043157127e-04
2.262400000000305226e+03,5.231379888698262093e-04
2.262500000000305135e+03,5.213152640416484143e-04
2.262600000000305045e+03,5.194937262263623528e-04
2.262700000000305408e+03,5.176733749306821654e-04
2.262800000000305317e+03,5.158542096614936222e-04
2.262900000000305226e+03,5.140362299258025144e-04
2.263000000000305590e+03,5.122211159311962705e-04
2.263100000000305499e+03,5.113061172354810887e-04
2.263200000000305408e+03,5.103825528753595147e-04
2.263300000000305317e+03,5.094504290863501603e-04
2.263400000000305226e+03,5.085034631199390927e-04
2.263500000000305590e+03,5.075459854677023212e-04
2.263600000000305499e+03,5.065799988478911740e-04
2.263700000000305408e+03,5.056055099005833534e-04
2.263800000000305772e+03,5.046225252630116148e-04
2.263900000000305681e+03,5.036310515695843672e-04
2.264000000000305590e+03,5.026310954464364728e-04
2.264100000000305499e+03,4.998573908195574162e-04
2.264200000000305408e+03,4.970881313498627576e-04
2.264300000000305772e+03,4.943270379108384485e-04
2.264400000000305681e+03,4.915724244458347233e-04
2.264500000000305590e+03,4.888221827586908610e-04
2.264600000000305954e+03,4.860763102534809460e-04
2.264700000000305863e+03,4.833348043352521882e-04
2.264800000000305772e+03,4.805976624099540708e-04
2.264900000000305681e+03,4.778648818844852416e-04
2.265000000000305590e+03,4.751364601639859893e-04
2.265100000000305954e+03,4.715360169564315859e-04
2.265200000000305863e+03,4.679445459163543626e-04
2.265300000000305772e+03,4.643620072099188161e-04
2.265400000000306136e+03,4.607911069490679286e-04
2.265500000000306045e+03,4.572318372301192716e-04
2.265600000000305954e+03,4.536841901525105335e-04
2.265700000000305863e+03,4.501531678807653989e-04
2.265800000000305772e+03,4.466339567515630569e-04
2.265900000000306136e+03,4.431262618229995999e-04
2.266000000000306045e+03,4.396300756258808735e-04
2.266100000000305954e+03,4.373999288678701979e-04
2.266200000000306318e+03,4.351592588432154286e-04
2.266300000000306227e+03,4.329112697901308987e-04
2.266400000000306136e+03,4.306559676636189412e-04
2.266500000000306045e+03,4.283939340720166228e-04
2.266600000000305954e+03,4.261248668663102351e-04
2.266700000000306318e+03,4.238484953780323212e-04
2.266800000000306227e+03,4.215648255086547379e-04
2.266900000000306136e+03,4.192736466273288935e-04
2.267000000000306500e+03,4.169731250359913336e-04
2.267100000000306409e+03,4.144277430673043374e-04
2.267200000000306318e+03,4.118747225571550122e-04
2.267300000000306227e+03,4.093140696845667427e-04
2.267400000000306136e+03,4.067457906259929206e-04
2.267500000000306500e+03,4.041698915553078916e-04
2.267600000000306409e+03,4.015852013187715336e-04
2.267700000000306318e+03,3.989922868016334721e-04
2.267800000000306682e+03,3.963917942642029174e-04
2.267900000000306591e+03,3.937837299730629335e-04
2.268000000000306500e+03,3.911681001874638000e-04
2.268100000000306409e+03,3.870478697819812572e-04
2.268200000000306318e+03,3.829423331235153657e-04
2.268300000000306682e+03,3.788514799561517894e-04
2.268400000000306591e+03,3.747753000282147721e-04
2.268500000000306500e+03,3.707137830921538929e-04
2.268600000000306864e+03,3.666669189045993057e-04
2.268700000000306773e+03,3.626346972264142695e-04
2.268800000000306682e+03,3.586171078225856433e-04
2.268900000000306591e+03,3.546141404622944683e-04
2.269000000000306500e+03,3.506257849198551576e-04
2.269100000000306864e+03,3.469601349998938035e-04
2.269200000000306773e+03,3.433008261169881274e-04
2.269300000000306682e+03,3.396478542200613809e-04
2.269400000000307045e+03,3.360012152596496206e-04
2.269500000000306954e+03,3.323609051879532618e-04
2.269600000000306864e+03,3.287269199587365188e-04
2.269700000000306773e+03,3.250992555273923487e-04
2.269800000000306682e+03,3.214779078509263509e-04
2.269900000000307045e+03,3.178628728879403956e-04
2.270000000000306954e+03,3.142544756052013575e-04
2.270100000000306864e+03,3.114860630528943730e-04
2.270200000000307227e+03,3.087033401667410365e-04
2.270300000000307136e+03,3.059063186135499803e-04
2.270400000000307045e+03,3.030950100549967903e-04
2.270500000000306954e+03,3.002694261476784865e-04
2.270600000000306864e+03,2.974295785430997540e-04
2.270700000000307227e+03,2.945754788876636188e-04
2.270800000000307136e+03,2.917071388227243569e-04
2.270900000000307045e+03,2.888245699845098653e-04
2.271000000000307409e+03,2.859294503651147010e-04
2.271100000000307318e+03,2.572496907576051167e-04
2.271200000000307227e+03,2.285870181917547283e-04
2.271300000000307136e+03,1.999442094234384656e-04
2.271400000000307045e+03,1.713212557047891519e-04
2.271500000000307409e+03,1.427181482906471344e-04
2.271600000000307318e+03,1.141348784390775704e-04
2.271700000000307227e+03,8.557143741059091335e-05
2.271800000000307591e+03,5.702767092848805438e-05
2.271900000000307500e+03,2.850380541238954399e-05
2.272000000000307409e+03,0.000000000000000000e+00
2.272100000000307318e+03,0.000000000000000000e+00
2.272200000000307227e+03,0.000000000000000000e+00
2.272300000000307591e+03,0.000000000000000000e+00
2.272400000000307500e+03,0.000000000000000000e+00
2.272500000000307409e+03,0.000000000000000000e+00
2.272600000000307773e+03,0.000000000000000000e+00
2.272700000000307682e+03,0.000000000000000000e+00
2.272800000000307591e+03,0.000000000000000000e+00
2.272900000000307500e+03,0.000000000000000000e+00
2.273000000000307409e+03,0.000000000000000000e+00
2.273100000000307773e+03,0.000000000000000000e+00
2.273200000000307682e+03,0.000000000000000000e+00
2.273300000000307591e+03,0.000000000000000000e+00
2.273400000000307955e+03,0.000000000000000000e+00
2.273500000000307864e+03,0.000000000000000000e+00
2.273600000000307773e+03,0.000000000000000000e+00
2.273700000000307682e+03,0.000000000000000000e+00
2.273800000000307591e+03,0.000000000000000000e+00
2.273900000000307955e+03,0.000000000000000000e+00
2.274000000000307864e+03,8.427416151547410821e-14
2.274100000000307773e+03,2.741951327825471711e-05
2.274200000000308137e+03,5.493033686075019526e-05
2.274300000000308046e+03,8.253258116217654448e-05
2.274400000000307955e+03,1.102261671054649480e-04
2.274500000000307864e+03,1.380109860779199353e-04
2.274600000000307773e+03,1.658869602749053459e-04
2.274700000000308137e+03,1.938540119272790744e-04
2.274800000000308046e+03,2.219120633008723554e-04
2.274900000000307955e+03,2.500610366972436495e-04
2.275000000000308319e+03,2.783008543714858736e-04
2.275100000000308228e+03,2.800509746080740987e-04
2.275200000000308137e+03,2.817943935861979003e-04
2.275300000000308046e+03,2.835301192829442984e-04
2.275400000000307955e+03,2.852580280047451551e-04
2.275500000000308319e+03,2.869781253321464784e-04
2.275600000000308228e+03,2.886904168433336972e-04
2.275700000000308137e+03,2.903949081141781190e-04
2.275800000000308501e+03,2.920916047182137284e-04
2.275900000000308410e+03,2.937805122266161535e-04
2.276000000000308319e+03,2.954609943589698315e-04
2.276100000000308228e+03,2.972202023468334116e-04
2.276200000000308137e+03,2.989764205632118653e-04
2.276300000000308501e+03,3.007258891543893357e-04
2.276400000000308410e+03,3.024684707730849217e-04
2.276500000000308319e+03,3.042041700773491530e-04
2.276600000000308683e+03,3.059315761295679985e-04
2.276700000000308592e+03,3.076499095000312313e-04
2.276800000000308501e+03,3.093613345871896818e-04
2.276900000000308410e+03,3.110658562875172556e-04
2.277000000000308319e+03,3.127633376461707074e-04
2.277100000000308683e+03,3.155521927133985468e-04
2.277200000000308592e+03,3.183488648207363813e-04
2.277300000000308501e+03,3.211533473246644919e-04
2.277400000000308864e+03,3.239656335846169063e-04
2.277500000000308773e+03,3.267847005182561893e-04
2.277600000000308683e+03,3.296087015341947826e-04
2.277700000000308592e+03,3.324404200760060256e-04
2.277800000000308501e+03,3.352798492461021656e-04
2.277900000000308864e+03,3.381269821501938096e-04
2.278000000000308773e+03,3.409846126383970577e-04
2.278100000000308683e+03,3.433685562682020024e-04
2.278200000000309046e+03,3.457542830481179132e-04
2.278300000000308955e+03,3.481417910714471172e-04
2.278400000000308864e+03,3.505310784324168743e-04
2.278500000000308773e+03,3.529221432261363343e-04
2.278600000000308683e+03,3.553149835486060781e-04
2.278700000000309046e+03,3.577095974967306404e-04
2.278800000000308955e+03,3.601059831682726473e-04
2.278900000000308864e+03,3.625041386619183028e-04
2.279000000000309228e+03,3.649040620738717468e-04
2.279100000000309137e+03,3.662083826915553939e-04
2.279200000000309046e+03,3.675009144376473365e-04
2.279300000000308955e+03,3.687808697673030235e-04
2.279400000000308864e+03,3.700501875181961436e-04
2.279500000000309228e+03,3.713088757183437500e-04
2.279600000000309137e+03,3.725569423922461235e-04
2.279700000000309046e+03,3.737943955609188650e-04
2.279800000000309410e+03,3.750212432418805896e-04
2.279900000000309319e+03,3.762374934491338990e-04
2.280000000000309228e+03,3.774431541958620092e-04
2.280100000000309137e+03,3.795041651238784011e-04
2.280200000000309046e+03,3.815645424627862057e-04
2.280300000000309410e+03,3.836242862153325744e-04
2.280400000000309319e+03,3.856833963843087315e-04
2.280500000000309228e+03,3.877419338425950896e-04
2.280600000000309592e+03,3.898005509269862568e-04
2.280700000000309501e+03,3.918585426013503265e-04
2.280800000000309410e+03,3.939159088649826757e-04
2.280900000000309319e+03,3.959726497172392883e-04
2.281000000000309228e+03,3.980287651600274384e-04
2.281100000000309592e+03,4.008903105332264579e-04
2.281200000000309501e+03,4.037597479343247794e-04
2.281300000000309410e+03,4.066370707206706965e-04
2.281400000000309774e+03,4.095222722525113340e-04
2.281500000000309683e+03,4.124153458929486838e-04
2.281600000000309592e+03,4.153162850080196187e-04
2.281700000000309501e+03,4.182250829666404358e-04
2.281800000000309410e+03,4.211417331406204631e-04
2.281900000000309774e+03,4.240662289046753949e-04
2.282000000000309683e+03,4.269985636320485791e-04
2.282100000000309592e+03,4.285366790522390583e-04
2.282200000000309956e+03,4.300707050056920707e-04
2.282300000000309865e+03,4.316006442220767002e-04
2.282400000000309774e+03,4.331264994299960434e-04
2.282500000000309683e+03,4.346479974620462016e-04
2.282600000000309592e+03,4.361605843994805203e-04
2.282700000000309956e+03,4.376690603016112659e-04
2.282800000000309865e+03,4.391734280382234143e-04
2.282900000000309774e+03,4.406736904778946824e-04
2.283000000000310138e+03,4.421698504860556737e-04
2.283100000000310047e+03,4.430419045300195997e-04
2.283200000000309956e+03,4.439060881139300402e-04
2.283300000000309865e+03,4.447624072192647325e-04
2.283400000000309774e+03,4.456108678248593214e-04
2.283500000000310138e+03,4.464563108214462950e-04
2.283600000000310047e+03,4.472943184390835774e-04
2.283700000000309956e+03,4.481245045871948838e-04
2.283800000000310320e+03,4.489468749582625068e-04
2.283900000000310229e+03,4.497614352424152617e-04
2.284000000000310138e+03,4.505681911319769310e-04
2.284100000000310047e+03,4.528340645710217556e-04
2.284200000000309956e+03,4.551038946197757712e-04
2.284300000000310320e+03,4.573776777621513289e-04
2.284400000000310229e+03,4.596511293867601433e-04
2.284500000000310138e+03,4.619273795957907786e-04
2.284600000000310501e+03,4.642075190673011407e-04
2.284700000000310411e+03,4.664915441568440180e-04
2.284800000000310320e+03,4.687794512217358166e-04
2.284900000000310229e+03,4.710712366210106439e-04
2.285000000000310138e+03,4.733668967150031080e-04
2.285100000000310501e+03,4.755273415662202431e-04
2.285200000000310411e+03,4.776913597412270731e-04
2.285300000000310320e+03,4.798590698240687421e-04
2.285400000000310683e+03,4.820342850459322244e-04
2.285500000000310592e+03,4.842131000358196823e-04
2.285600000000310501e+03,4.863955114722297844e-04
2.285700000000310411e+03,4.885815160351964295e-04
2.285800000000310320e+03,4.907711104062953064e-04
2.285900000000310683e+03,4.929642912686538680e-04
2.286000000000310592e+03,4.951610553010538139e-04
2.286100000000310501e+03,4.954694554830726006e-04
2.286200000000310865e+03,4.957690677044756687e-04
2.286300000000310774e+03,4.960603208859771769e-04
2.286400000000310683e+03,4.963459044018295012e-04
2.286500000000310592e+03,4.966258228681444961e-04
2.286600000000310501e+03,4.969000808988238704e-04
2.286700000000310865e+03,4.971799994170334434e-04
2.286800000000310774e+03,4.974546002490789955e-04
2.286900000000310683e+03,4.977237061199898905e-04
2.287000000000311047e+03,4.979892922401136244e-04
2.287100000000310956e+03,4.985854992083900775e-04
2.287200000000310865e+03,4.991792046802273966e-04
2.287300000000310774e+03,4.997704104271397238e-04
2.287400000000310683e+03,5.003566641538220857e-04
2.287500000000311047e+03,5.009386533691136210e-04
2.287600000000310956e+03,5.015131907836786578e-04
2.287700000000310865e+03,5.020842928111458534e-04
2.287800000000311229e+03,5.026514153581760312e-04
2.287900000000311138e+03,5.032152161852692296e-04
2.288000000000311047e+03,5.037765020584530212e-04
2.288100000000310956e+03,5.057454537519101134e-04
2.288200000000310865e+03,5.077176092549482269e-04
2.288300000000311229e+03,5.096929652285343186e-04
2.288400000000311138e+03,5.116715183353979330e-04
2.288500000000311047e+03,5.136532652400844362e-04
2.288600000000311411e+03,5.156382026089300795e-04
2.288700000000311320e+03,5.176263271100291479e-04
2.288800000000311229e+03,5.196176354132912064e-04
2.288900000000311138e+03,5.216121241904042366e-04
2.289000000000311047e+03,5.236097901107767934e-04
2.289100000000311411e+03,5.243022007285073113e-04
2.289200000000311320e+03,5.249944552916082155e-04
2.289300000000311229e+03,5.256865537163320440e-04
2.289400000000311593e+03,5.263784959190125415e-04
2.289500000000311502e+03,5.270702818160636835e-04
2.289600000000311411e+03,5.277619113239863987e-04
2.289700000000311320e+03,5.284533843593677014e-04
2.289800000000311229e+03,5.291447008388757041e-04
2.289900000000311593e+03,5.298358606792688335e-04
2.290000000000311502e+03,5.305268637924127288e-04
2.290100000000311411e+03,5.296235253119442338e-04
2.290200000000311775e+03,5.287184309035871874e-04
2.290300000000311684e+03,5.278115824241146796e-04
2.290400000000311593e+03,5.269029817292371744e-04
2.290500000000311502e+03,5.259926306736260361e-04
2.290600000000311411e+03,5.250805311109039888e-04
2.290700000000311775e+03,5.241666848936477182e-04
2.290800000000311684e+03,5.232456432233196413e-04
2.290900000000311593e+03,5.223217187331781865e-04
2.291000000000311957e+03,5.213950801422160154e-04
2.291100000000311866e+03,5.216923081319300515e-04
2.291200000000311775e+03,5.219918648135723951e-04
2.291300000000311684e+03,5.222954987015220128e-04
2.291400000000311593e+03,5.225990962578007772e-04
2.291500000000311957e+03,5.229026574001708694e-04
2.291600000000311866e+03,5.232061820464568120e-04
2.291700000000311775e+03,5.235096701145531672e-04
2.291800000000312139e+03,5.238131215224260543e-04
2.291900000000312048e+03,5.241165361881025249e-04
2.292000000000311957e+03,5.244199140316638686e-04
2.292100000000311866e+03,5.253580012837042292e-04
2.292200000000311775e+03,5.262951902548814852e-04
2.292300000000312139e+03,5.272314814571773698e-04
2.292400000000312048e+03,5.281668754023438736e-04
2.292500000000311957e+03,5.291013726019216760e-04
2.292600000000312320e+03,5.300349735672340743e-04
2.292700000000312230e+03,5.309676788093668168e-04
2.292800000000312139e+03,5.318982270202357761e-04
2.292900000000312048e+03,5.328276215562274256e-04
2.293000000000311957e+03,5.337561166006586297e-04
2.293100000000312320e+03,5.326488094535509945e-04
2.293200000000312230e+03,5.315429052189568409e-04
2.293300000000312139e+03,5.304384029340936894e-04
2.293400000000312502e+03,5.293353016366497124e-04
2.293500000000312411e+03,5.282336003647930588e-04
2.293600000000312320e+03,5.271332981571457245e-04
2.293700000000312230e+03,5.260326643117611530e-04
2.293800000000312139e+03,5.249327881079886814e-04
2.293900000000312502e+03,5.238343179758695248e-04
2.294000000000312411e+03,5.227429866593772236e-04
2.294100000000312320e+03,5.209619084407833339e-04
2.294200000000312684e+03,5.191842439503047352e-04
2.294300000000312593e+03,5.174099906898982056e-04
2.294400000000312502e+03,5.156391461626933046e-04
2.294500000000312411e+03,5.138717078730216468e-04
2.294600000000312320e+03,5.121071840412397486e-04
2.294700000000312684e+03,5.103455398562415724e-04
2.294800000000312593e+03,5.085873014077123885e-04
2.294900000000312502e+03,5.068324661844497963e-04
2.295000000000312866e+03,5.050810316812656816e-04
2.295100000000312775e+03,5.048638930953740570e-04
2.295200000000312684e+03,5.046437643584766181e-04
2.295300000000312593e+03,5.044192087926399528e-04
2.295400000000312502e+03,5.041892518248208095e-04
2.295500000000312866e+03,5.039565582928685981e-04
2.295600000000312775e+03,5.037208886679781080e-04
2.295700000000312684e+03,5.034822456209511786e-04
2.295800000000313048e+03,5.032406318211948230e-04
2.295900000000312957e+03,5.029960499367314196e-04
2.296000000000312866e+03,5.027485026329128488e-04
2.296100000000312775e+03,5.020906603562076079e-04
2.296200000000312684e+03,5.014296869101246600e-04
2.296300000000313048e+03,5.007655851428060830e-04
2.296400000000312957e+03,5.000983579009552187e-04
2.296500000000312866e+03,4.994280080298156392e-04
2.296600000000313230e+03,4.987545383731852413e-04
2.296700000000313139e+03,4.980779517734183065e-04
2.296800000000313048e+03,4.973982510714162857e-04
2.296900000000312957e+03,4.967154391066365806e-04
2.297000000000312866e+03,4.960295187108423355e-04
2.297100000000313230e+03,4.933496739387560615e-04
2.297200000000313139e+03,4.906775380256293839e-04
2.297300000000313048e+03,4.880131051990837425e-04
2.297400000000313412e+03,4.853563696894297235e-04
2.297500000000313321e+03,4.827073257297025133e-04
2.297600000000313230e+03,4.800673539854107908e-04
2.297700000000313139e+03,4.774376911406295258e-04
2.297800000000313048e+03,4.748156583828642995e-04
2.297900000000313412e+03,4.721998767662784723e-04
2.298000000000313321e+03,4.695909719052853456e-04
2.298100000000313230e+03,4.672666476204939429e-04
2.298200000000313594e+03,4.649447440151390073e-04
2.298300000000313503e+03,4.626272912521104427e-04
2.298400000000313412e+03,4.603142861100816691e-04
2.298500000000313321e+03,4.580057253692606319e-04
2.298600000000313230e+03,4.557016058113819959e-04
2.298700000000313594e+03,4.534023884631373019e-04
2.298800000000313503e+03,4.511091789802538967e-04
2.298900000000313412e+03,4.488203803551747673e-04
2.299000000000313776e+03,4.465359894389715300e-04
2.299100000000313685e+03,4.454209561156202983e-04
2.299200000000313594e+03,4.442971693447857716e-04
2.299300000000313503e+03,4.431646369538256355e-04
2.299400000000313412e+03,4.420242049765521790e-04
2.299500000000313776e+03,4.408793546194780203e-04
2.299600000000313685e+03,4.397257550025894415e-04
2.299700000000313594e+03,4.385634136318401462e-04
2.299800000000313958e+03,4.373923380095737158e-04
2.299900000000313867e+03,4.362125356345416074e-04
2.300000000000313776e+03,4.350240139983004581e-04
2.300100000000313685e+03,4.326925712634151905e-04
2.300200000000313594e+03,4.303613390501391826e-04
2.300300000000313958e+03,4.280303177947791327e-04
2.300400000000313867e+03,4.256995079333617980e-04
2.300500000000313776e+03,4.233689099015653648e-04
2.300600000000314139e+03,4.210385241347562027e-04
2.300700000000314049e+03,4.187083510680203067e-04
2.300800000000313958e+03,4.163783911360954262e-04
2.300900000000313867e+03,4.140486447734189864e-04
2.301000000000313776e+03,4.117191124100298585e-04
2.301100000000314139e+03,4.080946309923077879e-04
2.301200000000314049e+03,4.044842374513702918e-04
2.301300000000313958e+03,4.008879204344754357e-04
2.301400000000314321e+03,3.973056685945748645e-04
2.301500000000314230e+03,3.937374705903641092e-04
2.301600000000314139e+03,3.901834565653725865e-04
2.301700000000314049e+03,3.866440979786054874e-04
2.301800000000313958e+03,3.831187452516472865e-04
2.301900000000314321e+03,3.796073871492860042e-04
2.302000000000314230e+03,3.761100124446066810e-04
2.302100000000314139e+03,3.734650518240022459e-04
2.302200000000314503e+03,3.708164061308881379e-04
2.302300000000314412e+03,3.681665086836907221e-04
2.302400000000314321e+03,3.655163448850337550e-04
2.302500000000314230e+03,3.628659158378068805e-04
2.302600000000314139e+03,3.602152226441162437e-04
2.302700000000314503e+03,3.575642664052793951e-04
2.302800000000314412e+03,3.549130482218682795e-04
2.302900000000314321e+03,3.522615691936411479e-04
2.303000000000314685e+03,3.496098304211796488e-04
2.303100000000314594e+03,3.474642483496767262e-04
2.303200000000314503e+03,3.453085006843475057e-04
2.303300000000314412e+03,3.431411495260393231e-04
2.303400000000314321e+03,3.409622064525108412e-04
2.303500000000314685e+03,3.387713646577516667e-04
2.303600000000314594e+03,3.365653429432119556e-04
2.303700000000314503e+03,3.343478158261639242e-04
2.303800000000314867e+03,3.321149096166875806e-04
2.303900000000314776e+03,3.298701620528695071e-04
2.304000000000314685e+03,3.276140034056137878e-04
2.304100000000314594e+03,3.241756213898578688e-04
2.304200000000314503e+03,3.207453896536889733e-04
2.304300000000314867e+03,3.173233011261825803e-04
2.304400000000314776e+03,3.139093487405917628e-04
2.304500000000314685e+03,3.105035254342528072e-04
2.304600000000315049e+03,3.071058241486298288e-04
2.304700000000314958e+03,3.037162378293600373e-04
2.304800000000314867e+03,3.003347594261569710e-04
2.304900000000314776e+03,2.969613818928725142e-04
2.305000000000314685e+03,2.935960981862037683e-04
2.305100000000315049e+03,2.898371249049884620e-04
2.305200000000314958e+03,2.860933069630227765e-04
2.305300000000314867e+03,2.823646302831445869e-04
2.305400000000315231e+03,2.786510807966120079e-04
2.305500000000315140e+03,2.749537534978008105e-04
2.305600000000315049e+03,2.712716283631616998e-04
2.305700000000314958e+03,2.676045551620032364e-04
2.305800000000314867e+03,2.639537460107500128e-04
2.305900000000315231e+03,2.603189121371714547e-04
2.306000000000315140e+03,2.566990277079390145e-04
2.306100000000315049e+03,2.312966172537338596e-04
2.306200000000315413e+03,2.058345892268265999e-04
2.306300000000315322e+03,1.803144680404913686e-04
2.306400000000315231e+03,1.547350022679395542e-04
2.306500000000315140e+03,1.290955161792385901e-04
2.306600000000315049e+03,1.033960732084063212e-04
2.306700000000315413e+03,7.763673675316739881e-05
2.306800000000315322e+03,5.181757017543747214e-05
2.306900000000315231e+03,2.593863680063462484e-05
2.307000000000315595e+03,0.000000000000000000e+00
2.307100000000315504e+03,0.000000000000000000e+00
2.307200000000315413e+03,0.000000000000000000e+00
2.307300000000315322e+03,0.000000000000000000e+00
2.307400000000315231e+03,0.000000000000000000e+00
2.307500000000315595e+03,0.000000000000000000e+00
2.307600000000315504e+03,0.000000000000000000e+00
2.307700000000315413e+03,0.000000000000000000e+00
2.307800000000315777e+03,0.000000000000000000e+00
2.307900000000315686e+03,0.000000000000000000e+00
2.308000000000315595e+03,0.000000000000000000e+00
2.308100000000315504e+03,0.000000000000000000e+00
2.308200000000315413e+03,0.000000000000000000e+00
2.308300000000315777e+03,0.000000000000000000e+00
2.308400000000315686e+03,0.000000000000000000e+00
2.308500000000315595e+03,0.000000000000000000e+00
2.308600000000315958e+03,0.000000000000000000e+00
2.308700000000315868e+03,0.000000000000000000e+00
2.308800000000315777e+03,0.000000000000000000e+00
2.308900000000315686e+03,0.000000000000000000e+00
2.309000000000315595e+03,0.000000000000000000e+00
2.309100000000315958e+03,0.000000000000000000e+00
2.309200000000315868e+03,0.000000000000000000e+00
2.309300000000315777e+03,0.000000000000000000e+00
2.309400000000316140e+03,0.000000000000000000e+00
2.309500000000316049e+03,0.000000000000000000e+00
2.309600000000315958e+03,0.000000000000000000e+00
2.309700000000315868e+03,0.000000000000000000e+00
2.309800000000315777e+03,0.000000000000000000e+00
2.309900000000316140e+03,0.000000000000000000e+00
2.310000000000316049e+03,8.172826599175024945e-14
2.310100000000315958e+03,2.590894171836734565e-05
2.310200000000316322e+03,5.191704066973790665e-05
2.310300000000316231e+03,7.802420409941570993e-05
2.310400000000316140e+03,1.042303392191652999e-04
2.310500000000316049e+03,1.305353532884495843e-04
2.310600000000315958e+03,1.569391536145308276e-04
2.310700000000316322e+03,1.834416475525731485e-04
2.310800000000316231e+03,2.100427425051452240e-04
2.310900000000316140e+03,2.367423459229222964e-04
2.311000000000316504e+03,2.635403652258867390e-04
2.311100000000316413e+03,2.656096891103445633e-04
2.311200000000316322e+03,2.676804619218218768e-04
2.311300000000316231e+03,2.697526817824257104e-04
2.311400000000316140e+03,2.718275446916152555e-04
2.311500000000316504e+03,2.739039014923563332e-04
2.311600000000316413e+03,2.759817185326997151e-04
2.311700000000316322e+03,2.780609939590276102e-04
2.311800000000316686e+03,2.801417259187594295e-04
2.311900000000316595e+03,2.822234192203480090e-04
2.312000000000316504e+03,2.843046588052885147e-04
2.312100000000316413e+03,2.855219471276403739e-04
2.312200000000316322e+03,2.867282153831733561e-04
2.312300000000316686e+03,2.879239981604822616e-04
2.312400000000316595e+03,2.891096052343540752e-04
2.312500000000316504e+03,2.902850457830929640e-04
2.312600000000316868e+03,2.914503289799101637e-04
2.312700000000316777e+03,2.926054639929091795e-04
2.312800000000316686e+03,2.937504599851204260e-04
2.312900000000316595e+03,2.948853261144831215e-04
2.313000000000316504e+03,2.960098836394386024e-04
2.313100000000316868e+03,2.977776243447721087e-04
2.313200000000316777e+03,2.995438966150895080e-04
2.313300000000316686e+03,3.013081653716671209e-04
2.313400000000317050e+03,3.030704319541094815e-04
2.313500000000316959e+03,3.048306977013257708e-04
2.313600000000316868e+03,3.065889639515757326e-04
2.313700000000316777e+03,3.083452320424411052e-04
2.313800000000316686e+03,3.100995033108323428e-04
2.313900000000317050e+03,3.118517790929962595e-04
2.314000000000316959e+03,3.136017179468375007e-04
2.314100000000316868e+03,3.161529969143481557e-04
2.314200000000317232e+03,3.187116073069909969e-04
2.314300000000317141e+03,3.212775402537270297e-04
2.314400000000317050e+03,3.238507868895051456e-04
2.314500000000316959e+03,3.264313383552171276e-04
2.314600000000316868e+03,3.290191857977020954e-04
2.314700000000317232e+03,3.316147805089930353e-04
2.314800000000317141e+03,3.342187094887236350e-04
2.314900000000317050e+03,3.368299315760413205e-04
2.315000000000317414e+03,3.394484380376057062e-04
2.315100000000317323e+03,3.410978658105024526e-04
2.315200000000317232e+03,3.427445619222625967e-04
2.315300000000317141e+03,3.443885285701260872e-04
2.315400000000317050e+03,3.460297679500723249e-04
2.315500000000317414e+03,3.476682822568344746e-04
2.315600000000317323e+03,3.493026670924042221e-04
2.315700000000317232e+03,3.509341430235110148e-04
2.315800000000317596e+03,3.525628857012525776e-04
2.315900000000317505e+03,3.541888973520378008e-04
2.316000000000317414e+03,3.558121801986494060e-04
2.316100000000317323e+03,3.566873070388019442e-04
2.316200000000317232e+03,3.575531021815184923e-04
2.316300000000317596e+03,3.584095749966897644e-04
2.316400000000317505e+03,3.592567348483455486e-04
2.316500000000317414e+03,3.600945910946833843e-04
2.316600000000317777e+03,3.609231530880582621e-04
2.316700000000317686e+03,3.617424301749753600e-04
2.316800000000317596e+03,3.625524316961152506e-04
2.316900000000317505e+03,3.633531669863184518e-04
2.317000000000317414e+03,3.641446453782011322e-04
2.317100000000317777e+03,3.660675351011338980e-04
2.317200000000317686e+03,3.679921918992019696e-04
2.317300000000317596e+03,3.699201012990332169e-04
2.317400000000317959e+03,3.718496970589832851e-04
2.317500000000317868e+03,3.737809768373436957e-04
2.317600000000317777e+03,3.757139382939436397e-04
2.317700000000317686e+03,3.776511228515652446e-04
2.317800000000317596e+03,3.795918895840532086e-04
2.317900000000317959e+03,3.815343763942209633e-04
2.318000000000317868e+03,3.834785810094486452e-04
2.318100000000317777e+03,3.858392508684916873e-04
2.318200000000318141e+03,3.882048921005987543e-04
2.318300000000318050e+03,3.905761250265840927e-04
2.318400000000317959e+03,3.929529438480449288e-04
2.318500000000317868e+03,3.953353427698003586e-04
2.318600000000317777e+03,3.977253940390048531e-04
2.318700000000318141e+03,4.001236240080864180e-04
2.318800000000318050e+03,4.025274728116035798e-04
2.318900000000317959e+03,4.049369348620878621e-04
2.319000000000318323e+03,4.073520045702347468e-04
2.319100000000318232e+03,4.082573465374297514e-04
2.319200000000318141e+03,4.091576003583284257e-04
2.319300000000318050e+03,4.100534362347753119e-04
2.319400000000317959e+03,4.109444012497205168e-04
2.319500000000318323e+03,4.118304993923836395e-04
2.319600000000318232e+03,4.127117346499859321e-04
2.319700000000318141e+03,4.135881110077766994e-04
2.319800000000318505e+03,4.144596324490235962e-04
2.319900000000318414e+03,4.153263029549995617e-04
2.320000000000318323e+03,4.161881265039221451e-04
2.320100000000318232e+03,4.167040863415315266e-04
2.320200000000318141e+03,4.172142083662148059e-04
2.320300000000318505e+03,4.177184975999837608e-04
2.320400000000318414e+03,4.182160377714156155e-04
2.320500000000318323e+03,4.187037826689699775e-04
2.320600000000318687e+03,4.191864362473562674e-04
2.320700000000318596e+03,4.196644288712549011e-04
2.320800000000318505e+03,4.201366070962897882e-04
2.320900000000318414e+03,4.206060424817058881e-04
2.321000000000318323e+03,4.210715312843658605e-04
2.321100000000318687e+03,4.229479612984520963e-04
2.321200000000318596e+03,4.248276107329679589e-04
2.321300000000318505e+03,4.267104759968284996e-04
2.321400000000318869e+03,4.285965535010399785e-04
2.321500000000318778e+03,4.304839454000526275e-04
2.321600000000318687e+03,4.323744707795767984e-04
2.321700000000318596e+03,4.342681804526888397e-04
2.321800000000318505e+03,4.361650707951503637e-04
2.321900000000318869e+03,4.380651381848842856e-04
2.322000000000318778e+03,4.399683790011100636e-04
2.322100000000318687e+03,4.416147846854814722e-04
2.322200000000319051e+03,4.432670317655875119e-04
2.322300000000318960e+03,4.449216476822219057e-04
2.322400000000318869e+03,4.465785099761792796e-04
2.322500000000318778e+03,4.482376158310705304e-04
2.322600000000318687e+03,4.498989624322900132e-04
2.322700000000319051e+03,4.515592050726761572e-04
2.322800000000318960e+03,4.532162179145202423e-04
2.322900000000318869e+03,4.548753982417657747e-04
2.323000000000319233e+03,4.565367431106227944e-04
2.323100000000319142e+03,4.564085411011809500e-04
2.323200000000319051e+03,4.562806013882479456e-04
2.323300000000318960e+03,4.561497193351459053e-04
2.323400000000318869e+03,4.560148358061635659e-04
2.323500000000319233e+03,4.558759550690883312e-04
2.323600000000319142e+03,4.557330813889741146e-04
2.323700000000319051e+03,4.555862190281392788e-04
2.323800000000319415e+03,4.554353722461741173e-04
2.323900000000319324e+03,4.552805452999393360e-04
2.324000000000319233e+03,4.551217424443409327e-04
2.324100000000319142e+03,4.552028348877694701e-04
2.324200000000319051e+03,4.552820059993648461e-04
2.324300000000319415e+03,4.553592577687491237e-04
2.324400000000319324e+03,4.554345921842811620e-04
2.324500000000319233e+03,4.555085793428253712e-04
2.324600000000319596e+03,4.555854104385679486e-04
2.324700000000319505e+03,4.556603318870735804e-04
2.324800000000319415e+03,4.557333456047485908e-04
2.324900000000319324e+03,4.558044535068261969e-04
2.325000000000319233e+03,4.558678806473081060e-04
2.325100000000319596e+03,4.573150629146647650e-04
2.325200000000319505e+03,4.587637495268108954e-04
2.325300000000319415e+03,4.602139382804337699e-04
2.325400000000319778e+03,4.616656269737641309e-04
2.325500000000319687e+03,4.631241051665530169e-04
2.325600000000319596e+03,4.645842351102755772e-04
2.325700000000319505e+03,4.660458927178744507e-04
2.325800000000319415e+03,4.675090758484151264e-04
2.325900000000319778e+03,4.689737823624061668e-04
2.326000000000319687e+03,4.704400101187452264e-04
2.326100000000319596e+03,4.709576320214726845e-04
2.326200000000319960e+03,4.714753426146331243e-04
2.326300000000319869e+03,4.719931416244183345e-04
2.326400000000319778e+03,4.725110287772162901e-04
2.326500000000319687e+03,4.730290037996068698e-04
2.326600000000319596e+03,4.735470664183586580e-04
2.326700000000319960e+03,4.740652163604350158e-04
2.326800000000319869e+03,4.745834533529831849e-04
2.326900000000319778e+03,4.751017771233497920e-04
2.327000000000320142e+03,4.756201873937287387e-04
2.327100000000320051e+03,4.744701958707821612e-04
2.327200000000319960e+03,4.733201516414533563e-04
2.327300000000319869e+03,4.721700550691977920e-04
2.327400000000319778e+03,4.710199065172302976e-04
2.327500000000320142e+03,4.698697063485232747e-04
2.327600000000320051e+03,4.687194549258251832e-04
2.327700000000319960e+03,4.675691526116315926e-04
2.327800000000320324e+03,4.664187997681979217e-04
2.327900000000320233e+03,4.652683967575591711e-04
2.328000000000320142e+03,4.641179439440492834e-04
2.328100000000320051e+03,4.637650797098228240e-04
2.328200000000319960e+03,4.634124256514944259e-04
2.328300000000320324e+03,4.630599816711161265e-04
2.328400000000320233e+03,4.627077476707791028e-04
2.328500000000320142e+03,4.623557235526069495e-04
2.328600000000320506e+03,4.620039092187606662e-04
2.328700000000320415e+03,4.616523045714397418e-04
2.328800000000320324e+03,4.613009095128766789e-04
2.328900000000320233e+03,4.609497239453420902e-04
2.329000000000320142e+03,4.605987477743884680e-04
2.329100000000320506e+03,4.612638179693887334e-04
2.329200000000320415e+03,4.619297455827025937e-04
2.329300000000320324e+03,4.625936245873774446e-04
2.329400000000320688e+03,4.632554565714084834e-04
2.329500000000320597e+03,4.639152431220041023e-04
2.329600000000320506e+03,4.645681198625366184e-04
2.329700000000320415e+03,4.652183724816659439e-04
2.329800000000320324e+03,4.658653873321359686e-04
2.329900000000320688e+03,4.665101986079213457e-04
2.330000000000320597e+03,4.671511454193551195e-04
2.330100000000320506e+03,4.662872452784292570e-04
2.330200000000320870e+03,4.654241795894689280e-04
2.330300000000320779e+03,4.645619477998576404e-04
2.330400000000320688e+03,4.637005493572510912e-04
2.330500000000320597e+03,4.628399837095944049e-04
2.330600000000320506e+03,4.619802503051162251e-04
2.330700000000320870e+03,4.611221565418823832e-04
2.330800000000320779e+03,4.602661695491447715e-04
2.330900000000320688e+03,4.594120891203010083e-04
2.331000000000321052e+03,4.585631098153047924e-04
2.331100000000320961e+03,4.564528450199237036e-04
2.331200000000320870e+03,4.543480625429168981e-04
2.331300000000320779e+03,4.522487574113286807e-04
2.331400000000320688e+03,4.501549246552083309e-04
2.331500000000321052e+03,4.480665593075940567e-04
2.331600000000320961e+03,4.459816966906650360e-04
2.331700000000320870e+03,4.439022493490339129e-04
2.331800000000321234e+03,4.418282732691962921e-04
2.331900000000321143e+03,4.397597634223837561e-04
2.332000000000321052e+03,4.376967147864973574e-04
2.332100000000320961e+03,4.367615500034658683e-04
2.332200000000320870e+03,4.358257022927590311e-04
2.332300000000321234e+03,4.348891727668676961e-04
2.332400000000321143e+03,4.339519625374894571e-04
2.332500000000321052e+03,4.330140727155057747e-04
2.332600000000321415e+03,4.320755044109945531e-04
2.332700000000321324e+03,4.311362587332421203e-04
2.332800000000321234e+03,4.301963367907192678e-04
2.332900000000321143e+03,4.292557396910994102e-04
2.333000000000321052e+03,4.283144685428346365e-04
2.333100000000321415e+03,4.278628983896956344e-04
2.333200000000321324e+03,4.274059017339956377e-04
2.333300000000321234e+03,4.269420509427631163e-04
2.333400000000321597e+03,4.264719765279195523e-04
2.333500000000321506e+03,4.259962328353818803e-04
2.333600000000321415e+03,4.255148258686817023e-04
2.333700000000321324e+03,4.250277616275798735e-04
2.333800000000321234e+03,4.245350461080639004e-04
2.333900000000321597e+03,4.240366853023509763e-04
2.334000000000321506e+03,4.235326851936492250e-04
2.334100000000321415e+03,4.213966989612318720e-04
2.334200000000321779e+03,4.192684733071256275e-04
2.334300000000321688e+03,4.171448213757530466e-04
2.334400000000321597e+03,4.150257396302243812e-04
2.334500000000321506e+03,4.129112245354608262e-04
2.334600000000321415e+03,4.108012725581796113e-04
2.334700000000321779e+03,4.086958801668886350e-04
2.334800000000321688e+03,4.065950438319190980e-04
2.334900000000321597e+03,4.044987600253728663e-04
2.335000000000321961e+03,4.024064609463361229e-04
2.335100000000321870e+03,3.996575470819355657e-04
2.335200000000321779e+03,3.969178807686116845e-04
2.335300000000321688e+03,3.941874546295467898e-04
2.335400000000321597e+03,3.914662612915583589e-04
2.335500000000321961e+03,3.887542933850888995e-04
2.335600000000321870e+03,3.860515435442532744e-04
2.335700000000321779e+03,3.833580044067604227e-04
2.335800000000322143e+03,3.806736686139551551e-04
2.335900000000322052e+03,3.779985288108462897e-04
2.336000000000321961e+03,3.753325776497545038e-04
2.336100000000321870e+03,3.738232747289976505e-04
2.336200000000321779e+03,3.723095013565804671e-04
2.336300000000322143e+03,3.707912619806840891e-04
2.336400000000322052e+03,3.692685610471114544e-04
2.336500000000321961e+03,3.677414029992439898e-04
2.336600000000322325e+03,3.662105705209271105e-04
2.336700000000322234e+03,3.646761609451372389e-04
2.336800000000322143e+03,3.631353083395925723e-04
2.336900000000322052e+03,3.615854814278421326e-04
2.337000000000321961e+03,3.600306764619530292e-04
2.337100000000322325e+03,3.584591337024811523e-04
2.337200000000322234e+03,3.568805558462722878e-04
2.337300000000322143e+03,3.552949507032180038e-04
2.337400000000322507e+03,3.537022425572529925e-04
2.337500000000322416e+03,3.521010109113418261e-04
2.337600000000322325e+03,3.504927899318314717e-04
2.337700000000322234e+03,3.488775875040414426e-04
2.337800000000322143e+03,3.472554115081965317e-04
2.337900000000322507e+03,3.456262698194209572e-04
2.338000000000322416e+03,3.439901703032039577e-04
2.338100000000322325e+03,3.409388852668509217e-04
2.338200000000322689e+03,3.378979107725975112e-04
2.338300000000322598e+03,3.348672364893888129e-04
2.338400000000322507e+03,3.318468520929836359e-04
2.338500000000322416e+03,3.288356806214148375e-04
2.338600000000322325e+03,3.258331068137770977e-04
2.338700000000322689e+03,3.228408423628945177e-04
2.338800000000322598e+03,3.198588767124353012e-04
2.338900000000322507e+03,3.168871993132138455e-04
2.339000000000322871e+03,3.139257996228098611e-04
2.339100000000322780e+03,3.108458100143005032e-04
2.339200000000322689e+03,3.077799638344888870e-04
2.339300000000322598e+03,3.047247134676579240e-04
2.339400000000322507e+03,3.016800480515020931e-04
2.339500000000322871e+03,2.986459567310776058e-04
2.339600000000322780e+03,2.956224286588512496e-04
2.339700000000322689e+03,2.926094529946146280e-04
2.339800000000323053e+03,2.896070189055228658e-04
2.339900000000322962e+03,2.866151155661300089e-04
2.340000000000322871e+03,2.836337321613641290e-04
2.340100000000322780e+03,2.816012965766062940e-04
2.340200000000322689e+03,2.795605056777473291e-04
2.340300000000323053e+03,2.775116666733436796e-04
2.340400000000322962e+03,2.754547398132226824e-04
2.340500000000322871e+03,2.733883778906760591e-04
2.340600000000323234e+03,2.713116247798665059e-04
2.340700000000323143e+03,2.692266071592315426e-04
2.340800000000323053e+03,2.671328694031036032e-04
2.340900000000322962e+03,2.650301559150571528e-04
2.341000000000322871e+03,2.629216285489473725e-04
2.341100000000323234e+03,2.605769191905152001e-04
2.341200000000323143e+03,2.582268244132948100e-04
2.341300000000323053e+03,2.558713503781860632e-04
2.341400000000323416e+03,2.535105032422639180e-04
2.341500000000323325e+03,2.511442891588159978e-04
2.341600000000323234e+03,2.487727142772767799e-04
2.341700000000323143e+03,2.463968659320371927e-04
2.341800000000323053e+03,2.440156836608897684e-04
2.341900000000323416e+03,2.416291373675897832e-04
2.342000000000323325e+03,2.392372330416031861e-04
2.342100000000323234e+03,2.147789505085129854e-04
2.342200000000323598e+03,1.904397214702448584e-04
2.342300000000323507e+03,1.662194473822515271e-04
2.342400000000323416e+03,1.421180297487901253e-04
2.342500000000323325e+03,1.181353701233477078e-04
2.342600000000323234e+03,9.427137010851415453e-05
2.342700000000323598e+03,7.052593135585592896e-05
2.342800000000323507e+03,4.689895556633152382e-05
2.342900000000323416e+03,2.339034448962544260e-05
2.343000000000323780e+03,0.000000000000000000e+00
2.343100000000323689e+03,0.000000000000000000e+00
2.343200000000323598e+03,0.000000000000000000e+00
2.343300000000323507e+03,0.000000000000000000e+00
2.343400000000323416e+03,0.000000000000000000e+00
2.343500000000323780e+03,0.000000000000000000e+00
2.343600000000323689e+03,0.000000000000000000e+00
2.343700000000323598e+03,0.000000000000000000e+00
2.343800000000323962e+03,0.000000000000000000e+00
2.343900000000323871e+03,0.000000000000000000e+00
2.344000000000323780e+03,0.000000000000000000e+00
2.344100000000323689e+03,0.000000000000000000e+00
2.344200000000323598e+03,0.000000000000000000e+00
2.344300000000323962e+03,0.000000000000000000e+00
2.344400000000323871e+03,0.000000000000000000e+00
2.344500000000323780e+03,0.000000000000000000e+00
2.344600000000324144e+03,0.000000000000000000e+00
2.344700000000324053e+03,0.000000000000000000e+00
2.344800000000323962e+03,0.000000000000000000e+00
2.344900000000323871e+03,0.000000000000000000e+00
2.345000000000323780e+03,0.000000000000000000e+00
2.345100000000324144e+03,0.000000000000000000e+00
2.345200000000324053e+03,0.000000000000000000e+00
2.345300000000323962e+03,0.000000000000000000e+00
2.345400000000324326e+03,0.000000000000000000e+00
2.345500000000324235e+03,0.000000000000000000e+00
2.345600000000324144e+03,0.000000000000000000e+00
2.345700000000324053e+03,0.000000000000000000e+00
2.345800000000323962e+03,0.000000000000000000e+00
2.345900000000324326e+03,0.000000000000000000e+00
2.346000000000324235e+03,7.387310308987322681e-14
2.346100000000324144e+03,2.271952097478654206e-05
2.346200000000324508e+03,4.531052393857697716e-05
2.346300000000324417e+03,6.777314403734970472e-05
2.346400000000324326e+03,9.010751625311685790e-05
2.346500000000324235e+03,1.123137754774318828e-04
2.346600000000324144e+03,1.343920565115392057e-04
2.346700000000324508e+03,1.563428251474586767e-04
2.346800000000324417e+03,1.781664080940050692e-04
2.346900000000324326e+03,1.998626132501069778e-04
2.347000000000324690e+03,2.214315732635806092e-04
2.347100000000324599e+03,2.228917669917341400e-04
2.347200000000324508e+03,2.243494935307672686e-04
2.347300000000324417e+03,2.258047548438869086e-04
2.347400000000324326e+03,2.272575528931989393e-04
2.347500000000324690e+03,2.287078376706023206e-04
2.347600000000324599e+03,2.301546708686928115e-04
2.347700000000324508e+03,2.315990335598805991e-04
2.347800000000324872e+03,2.330409277350716044e-04
2.347900000000324781e+03,2.344803553840184827e-04
2.348000000000324690e+03,2.359173184976884666e-04
2.348100000000324599e+03,2.380728037980320473e-04
2.348200000000324508e+03,2.402351049191425400e-04
2.348300000000324872e+03,2.424063331353240374e-04
2.348400000000324781e+03,2.445858351902022794e-04
2.348500000000324690e+03,2.467726065621426101e-04
2.348600000000325053e+03,2.489662373777067799e-04
2.348700000000324962e+03,2.511670284212211084e-04
2.348800000000324872e+03,2.533764985143506033e-04
2.348900000000324781e+03,2.555928455327536914e-04
2.349000000000324690e+03,2.578160630164072096e-04
2.349100000000325053e+03,2.594295031760128316e-04
2.349200000000324962e+03,2.610421710166337009e-04
2.349300000000324872e+03,2.626540667406724737e-04
2.349400000000325235e+03,2.642651905505113692e-04
2.349500000000325144e+03,2.658755426484862567e-04
2.349600000000325053e+03,2.674851232369318131e-04
2.349700000000324962e+03,2.690939325181530080e-04
2.349800000000324872e+03,2.707019706944317175e-04
2.349900000000325235e+03,2.723092379680327416e-04
2.350000000000325144e+03,2.739157345388521154e-04
2.350100000000325053e+03,2.748036547376347732e-04
2.350200000000325417e+03,2.756843286549854406e-04
2.350300000000325326e+03,2.765561136327660788e-04
2.350400000000325235e+03,2.774190170940162470e-04
2.350500000000325144e+03,2.782730464580990292e-04
2.350600000000325053e+03,2.791182091407089488e-04
2.350700000000325417e+03,2.799545125538760882e-04
2.350800000000325326e+03,2.807820150325728253e-04
2.350900000000325235e+03,2.816011811558064774e-04
2.351000000000325599e+03,2.824103301074668351e-04
2.351100000000325508e+03,2.839615612015126706e-04
2.351200000000325417e+03,2.855122943637076441e-04
2.351300000000325326e+03,2.870625294890152791e-04
2.351400000000325235e+03,2.886122664725936592e-04
2.351500000000325599e+03,2.901588073539610791e-04
2.351600000000325508e+03,2.917041110228222808e-04
2.351700000000325417e+03,2.932488798328368169e-04
2.351800000000325781e+03,2.947931136962114165e-04
2.351900000000325690e+03,2.963368125253323525e-04
2.352000000000325599e+03,2.978799762349034885e-04
2.352100000000325508e+03,3.000701822054073291e-04
2.352200000000325417e+03,3.022664355107758621e-04
2.352300000000325781e+03,3.044687283340323123e-04
2.352400000000325690e+03,3.066770528637098201e-04
2.352500000000325599e+03,3.088914012939110725e-04
2.352600000000325963e+03,3.111125409112515524e-04
2.352700000000325872e+03,3.133403409759758125e-04
2.352800000000325781e+03,3.155741618519005863e-04
2.352900000000325690e+03,3.178139958372781597e-04
2.353000000000325599e+03,3.200598352325492268e-04
2.353100000000325963e+03,3.213261027185748361e-04
2.353200000000325872e+03,3.225898357177192817e-04
2.353300000000325781e+03,3.238510363138498763e-04
2.353400000000326145e+03,3.251095114829467294e-04
2.353500000000326054e+03,3.263641719359239887e-04
2.353600000000325963e+03,3.276162948456802352e-04
2.353700000000325872e+03,3.288658823256215445e-04
2.353800000000325781e+03,3.301129364879432093e-04
2.353900000000326145e+03,3.313574594436380881e-04
2.354000000000326054e+03,3.325994533002535531e-04
2.354100000000325963e+03,3.331559348633674009e-04
2.354200000000326327e+03,3.337048494159286418e-04
2.354300000000326236e+03,3.342462034510897541e-04
2.354400000000326145e+03,3.347775000908689131e-04
2.354500000000326054e+03,3.353010869725853095e-04
2.354600000000325963e+03,3.358171246394956919e-04
2.354700000000326327e+03,3.363256197513050743e-04
2.354800000000326236e+03,3.368265789642726593e-04
2.354900000000326145e+03,3.373177281759119389e-04
2.355000000000326509e+03,3.378007820786711095e-04
2.355100000000326418e+03,3.393122627674285637e-04
2.355200000000326327e+03,3.408277408894147412e-04
2.355300000000326236e+03,3.423443409694212772e-04
2.355400000000326145e+03,3.438620616331393019e-04
2.355500000000326509e+03,3.453809015069735674e-04
2.355600000000326418e+03,3.469037542662436698e-04
2.355700000000326327e+03,3.484307806787801352e-04
2.355800000000326690e+03,3.499591125962331741e-04
2.355900000000326600e+03,3.514886115594757559e-04
2.356000000000326509e+03,3.530192762601614916e-04
2.356100000000326418e+03,3.550249621565352252e-04
2.356200000000326327e+03,3.570354251478149153e-04
2.356300000000326690e+03,3.590506603718742894e-04
2.356400000000326600e+03,3.610706629691872089e-04
2.356500000000326509e+03,3.630954280828825294e-04
2.356600000000326872e+03,3.651249508587160741e-04
2.356700000000326781e+03,3.671592264450413605e-04
2.356800000000326690e+03,3.691974709767802901e-04
2.356900000000326600e+03,3.712405825639519428e-04
2.357000000000326509e+03,3.732861519587499623e-04
2.357100000000326872e+03,3.739756964880546993e-04
2.357200000000326781e+03,3.746622532546715727e-04
2.357300000000326690e+03,3.753458251362774660e-04
2.357400000000327054e+03,3.760264150087583236e-04
2.357500000000326963e+03,3.767040257462036211e-04
2.357600000000326872e+03,3.773786602209236582e-04
2.357700000000326781e+03,3.780503213034386084e-04
2.357800000000326690e+03,3.787190118624823138e-04
2.357900000000327054e+03,3.793829443647635203e-04
2.358000000000326963e+03,3.800434365562405320e-04
2.358100000000326872e+03,3.801022791534334425e-04
2.358200000000327236e+03,3.801561281127274956e-04
2.358300000000327145e+03,3.802049889620497656e-04
2.358400000000327054e+03,3.802488672255883474e-04
2.358500000000326963e+03,3.802888580805955125e-04
2.358600000000326872e+03,3.803245141649154231e-04
2.358700000000327236e+03,3.803552044975974850e-04
2.358800000000327145e+03,3.803809345203780609e-04
2.358900000000327054e+03,3.804017096713646889e-04
2.359000000000327418e+03,3.804175353890919199e-04
2.359100000000327327e+03,3.816698678988753339e-04
2.359200000000327236e+03,3.829235494696189672e-04
2.359300000000327145e+03,3.841782043867093192e-04
2.359400000000327054e+03,3.854328279238731819e-04
2.359500000000327418e+03,3.866887837733472169e-04
2.359600000000327327e+03,3.879460701492311119e-04
2.359700000000327236e+03,3.892046852667929453e-04
2.359800000000327600e+03,3.904646273424542237e-04
2.359900000000327509e+03,3.917258945937717764e-04
2.360000000000327418e+03,3.929884852402937864e-04
2.360100000000327327e+03,3.945042194664115723e-04
2.360200000000327236e+03,3.960224253846587016e-04
2.360300000000327600e+03,3.975431005132007206e-04
2.360400000000327509e+03,3.990662423713806735e-04
2.360500000000327418e+03,4.005918484797606812e-04
2.360600000000327782e+03,4.021199163601017756e-04
2.360700000000327691e+03,4.036504435353406974e-04
2.360800000000327600e+03,4.051834275296325593e-04
2.360900000000327509e+03,4.067188658683240665e-04
2.361000000000327418e+03,4.082567560727620856e-04
2.361100000000327782e+03,4.082086199215262954e-04
2.361200000000327691e+03,4.081586464612029191e-04
2.361300000000327600e+03,4.081068372012422907e-04
2.361400000000327964e+03,4.080526726390906419e-04
2.361500000000327873e+03,4.079963864929714041e-04
2.361600000000327782e+03,4.079382692941563066e-04
2.361700000000327691e+03,4.078783225603051536e-04
2.361800000000327600e+03,4.078165478083976836e-04
2.361900000000327964e+03,4.077529465547287987e-04
2.362000000000327873e+03,4.076875203134763879e-04
2.362100000000327782e+03,4.071825934038489185e-04
2.362200000000328146e+03,4.066760192626896089e-04
2.362300000000328055e+03,4.061677996573788635e-04
2.362400000000327964e+03,4.056579363542300691e-04
2.362500000000327873e+03,4.051464311184983227e-04
2.362600000000327782e+03,4.046332857143788595e-04
2.362700000000328146e+03,4.041195058166272285e-04
2.362800000000328055e+03,4.036049167538673251e-04
2.362900000000327964e+03,4.030886881375229437e-04
2.363000000000328328e+03,4.025708217094166449e-04
2.363100000000328237e+03,4.033471803072561312e-04
2.363200000000328146e+03,4.041238197063936840e-04
2.363300000000328055e+03,4.049007392399443534e-04
2.363400000000327964e+03,4.056779382415480516e-04
2.363500000000328328e+03,4.064551756239341888e-04
2.363600000000328237e+03,4.072310818641965515e-04
2.363700000000328146e+03,4.080072584892621658e-04
2.363800000000328509e+03,4.087810767308447022e-04
2.363900000000328419e+03,4.095529739825235242e-04
2.364000000000328328e+03,4.103251212386603455e-04
2.364100000000328237e+03,4.110531109735168168e-04
2.364200000000328146e+03,4.117809138204432977e-04
2.364300000000328509e+03,4.125085296472424750e-04
2.364400000000328419e+03,4.132372971691455747e-04
2.364500000000328328e+03,4.139664208941459117e-04
2.364600000000328691e+03,4.146953638449745209e-04
2.364700000000328600e+03,4.154241258877200741e-04
2.364800000000328509e+03,4.161527068886382102e-04
2.364900000000328419e+03,4.168823329679109311e-04
2.365000000000328328e+03,4.176130410410549415e-04
2.365100000000328691e+03,4.166799563189046941e-04
2.365200000000328600e+03,4.157512849251594322e-04
2.365300000000328509e+03,4.148227918424387531e-04
2.365400000000328873e+03,4.138950883536811494e-04
2.365500000000328782e+03,4.129681740324856820e-04
2.365600000000328691e+03,4.120420484526001099e-04
2.365700000000328600e+03,4.111167111879425202e-04
2.365800000000328509e+03,4.101921618125961783e-04
2.365900000000328873e+03,4.092683999008041610e-04
2.366000000000328782e+03,4.083454250263266415e-04
2.366100000000328691e+03,4.072229225765414736e-04
2.366200000000329055e+03,4.061019783069010590e-04
2.366300000000328964e+03,4.049825912864363914e-04
2.366400000000328873e+03,4.038647605844826374e-04
2.366500000000328782e+03,4.027484852707008747e-04
2.366600000000328691e+03,4.016337644150700151e-04
2.366700000000329055e+03,4.005205970878860993e-04
2.366800000000328964e+03,3.994089823597782351e-04
2.366900000000328873e+03,3.982989193016817629e-04
2.367000000000329237e+03,3.971904069889965511e-04
2.367100000000329146e+03,3.973408537830949911e-04
2.367200000000329055e+03,3.974864221335447085e-04
2.367300000000328964e+03,3.976300839038208481e-04
2.367400000000328873e+03,3.977717009320727972e-04
2.367500000000329237e+03,3.979068755801483783e-04
2.367600000000329146e+03,3.980401453338312909e-04
2.367700000000329055e+03,3.981715119380925647e-04
2.367800000000329419e+03,3.983009771369470172e-04
2.367900000000329328e+03,3.984307226226638200e-04
2.368000000000329237e+03,3.985610780921332590e-04
2.368100000000329146e+03,3.983707345328919716e-04
2.368200000000329055e+03,3.981782662168819893e-04
2.368300000000329419e+03,3.979836755378093134e-04
2.368400000000329328e+03,3.977883252729046875e-04
2.368500000000329237e+03,3.975934436986955280e-04
2.368600000000329601e+03,3.973975790195054822e-04
2.368700000000329510e+03,3.972002653984728435e-04
2.368800000000329419e+03,3.970008354811632029e-04
2.368900000000329328e+03,3.967992915600027375e-04
2.369000000000329237e+03,3.965956359206117623e-04
2.369100000000329601e+03,3.947725458347708764e-04
2.369200000000329510e+03,3.929542572106323964e-04
2.369300000000329419e+03,3.911407656441547379e-04
2.369400000000329783e+03,3.893316909926495227e-04
2.369500000000329692e+03,3.875260214444906765e-04
2.369600000000329601e+03,3.857251520812975988e-04
2.369700000000329510e+03,3.839290784449503812e-04
2.369800000000329419e+03,3.821377960801011493e-04
2.369900000000329783e+03,3.803513005341603473e-04
2.370000000000329692e+03,3.785695873573338721e-04
2.370100000000329601e+03,3.767936565777787409e-04
2.370200000000329965e+03,3.750220932695638677e-04
2.370300000000329874e+03,3.732548939973935847e-04
2.370400000000329783e+03,3.714920553276685670e-04
2.370500000000329692e+03,3.697335738285221531e-04
2.370600000000329601e+03,3.679794460698070633e-04
2.370700000000329965e+03,3.662296686230917682e-04
2.370800000000329874e+03,3.644842380616856417e-04
2.370900000000329783e+03,3.627431509605984119e-04
2.371000000000330147e+03,3.610064039003367661e-04
2.371100000000330056e+03,3.604149985476807214e-04
2.371200000000329965e+03,3.598186477262089620e-04
2.371300000000329874e+03,3.592173554187511790e-04
2.371400000000329783e+03,3.586111256065506047e-04
2.371500000000330147e+03,3.579999622692643375e-04
2.371600000000330056e+03,3.573878557153453966e-04
2.371700000000329965e+03,3.567710277711255446e-04
2.371800000000330328e+03,3.561492635461876348e-04
2.371900000000330238e+03,3.555224291365984782e-04
2.372000000000330147e+03,3.548900993619733056e-04
2.372100000000330056e+03,3.538086902319531883e-04
2.372200000000329965e+03,3.527239092136309154e-04
2.372300000000330328e+03,3.516348443805082506e-04
2.372400000000330238e+03,3.505413341935973326e-04
2.372500000000330147e+03,3.494444740306149153e-04
2.372600000000330510e+03,3.483442670829387162e-04
2.372700000000330419e+03,3.472407165403544106e-04
2.372800000000330328e+03,3.461338255910242977e-04
2.372900000000330238e+03,3.450225658341043479e-04
2.373000000000330147e+03,3.439049608722833436e-04
2.373100000000330510e+03,3.413905953097358696e-04
2.373200000000330419e+03,3.388851262946593335e-04
2.373300000000330328e+03,3.363907321414882196e-04
2.373400000000330692e+03,3.339058325079269710e-04
2.373500000000330601e+03,3.314297615774811469e-04
2.373600000000330510e+03,3.289625108879555017e-04
2.373700000000330419e+03,3.265040719824577851e-04
2.373800000000330328e+03,3.240544364093893639e-04
2.373900000000330692e+03,3.216135957224289590e-04
2.374000000000330601e+03,3.191815414809807462e-04
2.374100000000330510e+03,3.168795444179907774e-04
2.374200000000330874e+03,3.145837980742214072e-04
2.374300000000330783e+03,3.122922379763660820e-04
2.374400000000330692e+03,3.100053424931789158e-04
2.374500000000330601e+03,3.077257285853650663e-04
2.374600000000330510e+03,3.054527810426004432e-04
2.374700000000330874e+03,3.031860872266979178e-04
2.374800000000330783e+03,3.009256411265528444e-04
2.374900000000330692e+03,2.986714367349058087e-04
2.375000000000331056e+03,2.964234680514583539e-04
2.375100000000330965e+03,2.951064225843964069e-04
2.375200000000330874e+03,2.937817159423060484e-04
2.375300000000330783e+03,2.924489641067631765e-04
2.375400000000330692e+03,2.911074779584098596e-04
2.375500000000331056e+03,2.897550731098512823e-04
2.375600000000330965e+03,2.883950821358985525e-04
2.375700000000330874e+03,2.870275129884079118e-04
2.375800000000331238e+03,2.856523736145081551e-04
2.375900000000331147e+03,2.842696719566229109e-04
2.376000000000331056e+03,2.828794159510583596e-04
2.376100000000330965e+03,2.810686941887266706e-04
2.376200000000330874e+03,2.792543706370824875e-04
2.376300000000331238e+03,2.774364488460671300e-04
2.376400000000331147e+03,2.756149323639952892e-04
2.376500000000331056e+03,2.737898247375033654e-04
2.376600000000331420e+03,2.719634891894825534e-04
2.376700000000331329e+03,2.701343744656591094e-04
2.376800000000331238e+03,2.683016361148717467e-04
2.376900000000331147e+03,2.664652775477968833e-04
2.377000000000331056e+03,2.646253021702765339e-04
2.377100000000331420e+03,2.617814709559847068e-04
2.377200000000331329e+03,2.589491928382400767e-04
2.377300000000331238e+03,2.561284580695334201e-04
2.377400000000331602e+03,2.533192569073936928e-04
2.377500000000331511e+03,2.505215796144258139e-04
2.377600000000331420e+03,2.477354164582314111e-04
2.377700000000331329e+03,2.449607577114573925e-04
2.377800000000331238e+03,2.421975936517829363e-04
2.377900000000331602e+03,2.394459145619039870e-04
2.378000000000331511e+03,2.367057107302431094e-04
2.378100000000331420e+03,2.341742231357910107e-04
2.378200000000331784e+03,2.316493640239357279e-04
2.378300000000331693e+03,2.291311270381916920e-04
2.378400000000331602e+03,2.266207824257303750e-04
2.378500000000331511e+03,2.241183956922713323e-04
2.378600000000331420e+03,2.216225532965030018e-04
2.378700000000331784e+03,2.191338741221767860e-04
2.378800000000331693e+03,2.166520801189235519e-04
2.378900000000331602e+03,2.141767896570486568e-04
2.379000000000331966e+03,2.117091271024712908e-04
2.379100000000331875e+03,1.909171210841462108e-04
2.379200000000331784e+03,1.700406500856021760e-04
2.379300000000331693e+03,1.490798130311217701e-04
2.379400000000331602e+03,1.280347087792587692e-04
2.379500000000331966e+03,1.069053338325453412e-04
2.379600000000331875e+03,8.569162213321158223e-05
2.379700000000331784e+03,6.439413318344211945e-05
2.379800000000332147e+03,4.301296672649308105e-05
2.379900000000332057e+03,2.154822243858009568e-05
2.380000000000331966e+03,0.000000000000000000e+00
2.380100000000331875e+03,0.000000000000000000e+00
2.380200000000331784e+03,0.000000000000000000e+00
2.380300000000332147e+03,0.000000000000000000e+00
2.380400000000332057e+03,0.000000000000000000e+00
2.380500000000331966e+03,0.000000000000000000e+00
2.380600000000332329e+03,0.000000000000000000e+00
2.380700000000332238e+03,0.000000000000000000e+00
2.380800000000332147e+03,0.000000000000000000e+00
2.380900000000332057e+03,0.000000000000000000e+00
2.381000000000331966e+03,0.000000000000000000e+00
2.381100000000332329e+03,0.000000000000000000e+00
2.381200000000332238e+03,0.000000000000000000e+00
2.381300000000332147e+03,0.000000000000000000e+00
2.381400000000332511e+03,0.000000000000000000e+00
2.381500000000332420e+03,0.000000000000000000e+00
2.381600000000332329e+03,0.000000000000000000e+00
2.381700000000332238e+03,0.000000000000000000e+00
2.381800000000332147e+03,0.000000000000000000e+00
2.381900000000332511e+03,0.000000000000000000e+00
2.382000000000332420e+03,0.000000000000000000e+00
2.382100000000332329e+03,0.000000000000000000e+00
2.382200000000332693e+03,0.000000000000000000e+00
2.382300000000332602e+03,0.000000000000000000e+00
2.382400000000332511e+03,0.000000000000000000e+00
2.382500000000332420e+03,0.000000000000000000e+00
2.382600000000332329e+03,0.000000000000000000e+00
2.382700000000332693e+03,0.000000000000000000e+00
2.382800000000332602e+03,0.000000000000000000e+00
2.382900000000332511e+03,0.000000000000000000e+00
2.383000000000332875e+03,0.000000000000000000e+00
2.383100000000332784e+03,0.000000000000000000e+00
2.383200000000332693e+03,0.000000000000000000e+00
2.383300000000332602e+03,0.000000000000000000e+00
2.383400000000332511e+03,0.000000000000000000e+00
2.383500000000332875e+03,0.000000000000000000e+00
2.383600000000332784e+03,0.000000000000000000e+00
2.383700000000332693e+03,0.000000000000000000e+00
2.383800000000333057e+03,0.000000000000000000e+00
2.383900000000332966e+03,0.000000000000000000e+00
2.384000000000332875e+03,6.825970216586865263e-14
2.384100000000332784e+03,2.051488957349764886e-05
2.384200000000332693e+03,4.104733466428704122e-05
2.384300000000333057e+03,6.159730861079350923e-05
2.384400000000332966e+03,8.216478470165088815e-05
2.384500000000332875e+03,1.027497362445123385e-04
2.384600000000333239e+03,1.233525346626913931e-04
2.384700000000333148e+03,1.439730786292711835e-04
2.384800000000333057e+03,1.646112059251992287e-04
2.384900000000332966e+03,1.852668901756332768e-04
2.385000000000332875e+03,2.059401049580281324e-04
2.385100000000333239e+03,2.068150441487468915e-04
2.385200000000333148e+03,2.076826310522090992e-04
2.385300000000333057e+03,2.085404577930184786e-04
2.385400000000333421e+03,2.093906659626427243e-04
2.385500000000333330e+03,2.102330082504085126e-04
2.385600000000333239e+03,2.110696507373153595e-04
2.385700000000333148e+03,2.118989775931709614e-04
2.385800000000333057e+03,2.127209946372967699e-04
2.385900000000333421e+03,2.135357076864618077e-04
2.386000000000333330e+03,2.143436313307278262e-04
2.386100000000333239e+03,2.155142430510720362e-04
2.386200000000333603e+03,2.166820225052982672e-04
2.386300000000333512e+03,2.178469716715335453e-04
2.386400000000333421e+03,2.190090925271241358e-04
2.386500000000333330e+03,2.201683870486120971e-04
2.386600000000333239e+03,2.213248572117423819e-04
2.386700000000333603e+03,2.224785049914672558e-04
2.386800000000333512e+03,2.236293323619262664e-04
2.386900000000333421e+03,2.247773412964771430e-04
2.387000000000333785e+03,2.259225337700586529e-04
2.387100000000333694e+03,2.277811830165443090e-04
2.387200000000333603e+03,2.296452600258313257e-04
2.387300000000333512e+03,2.315147582965411388e-04
2.387400000000333421e+03,2.333896713316141035e-04
2.387500000000333785e+03,2.352699926383161892e-04
2.387600000000333694e+03,2.371557157282034450e-04
2.387700000000333603e+03,2.390468341171697315e-04
2.387800000000333966e+03,2.409433413254207543e-04
2.387900000000333876e+03,2.428452308774440313e-04
2.388000000000333785e+03,2.447524963005944703e-04
2.388100000000333694e+03,2.462235116645800125e-04
2.388200000000333603e+03,2.476952351769323235e-04
2.388300000000333966e+03,2.491676652648954263e-04
2.388400000000333876e+03,2.506408003569784992e-04
2.388500000000333785e+03,2.521146388829977806e-04
2.388600000000334148e+03,2.535891792740542884e-04
2.388700000000334057e+03,2.550644199625130035e-04
2.388800000000333966e+03,2.565403593820420091e-04
2.388900000000333876e+03,2.580169959675854404e-04
2.389000000000333785e+03,2.594943281526789457e-04
2.389100000000334148e+03,2.601617783046810306e-04
2.389200000000334057e+03,2.608220605745189429e-04
2.389300000000333966e+03,2.614751816607219464e-04
2.389400000000334330e+03,2.621240107018415664e-04
2.389500000000334239e+03,2.627661663345591883e-04
2.389600000000334148e+03,2.634014855931134840e-04
2.389700000000334057e+03,2.640296875428360212e-04
2.389800000000333966e+03,2.646507785695860894e-04
2.389900000000334330e+03,2.652647650557820994e-04
2.390000000000334239e+03,2.658716533819255930e-04
2.390100000000334148e+03,2.669336326827819925e-04
2.390200000000334512e+03,2.679932123639012652e-04
2.390300000000334421e+03,2.690503939830195560e-04
2.390400000000334330e+03,2.701051790973411004e-04
2.390500000000334239e+03,2.711585462366906669e-04
2.390600000000334148e+03,2.722097857973932280e-04
2.390700000000334512e+03,2.732586430752325692e-04
2.390800000000334421e+03,2.743047400896099389e-04
2.390900000000334330e+03,2.753480513550691979e-04
2.391000000000334694e+03,2.763889789755959799e-04
2.391100000000334603e+03,2.782543039872153600e-04
2.391200000000334512e+03,2.801247045725959893e-04
2.391300000000334421e+03,2.819996944575272994e-04
2.391400000000334330e+03,2.838789350806245255e-04
2.391500000000334694e+03,2.857632183807841809e-04
2.391600000000334603e+03,2.876521878856301800e-04
2.391700000000334512e+03,2.895431268833414148e-04
2.391800000000334876e+03,2.914390479061694278e-04
2.391900000000334785e+03,2.933399454863771703e-04
2.392000000000334694e+03,2.952458141574847259e-04
2.392100000000334603e+03,2.965519513544670883e-04
2.392200000000334512e+03,2.978585395690042429e-04
2.392300000000334876e+03,2.991655775605148214e-04
2.392400000000334785e+03,3.004730640894687525e-04
2.392500000000334694e+03,3.017809979174216305e-04
2.392600000000335058e+03,3.030928575386379500e-04
2.392700000000334967e+03,3.044035695349825085e-04
2.392800000000334876e+03,3.057147211418764191e-04
2.392900000000334785e+03,3.070263311021873996e-04
2.393000000000334694e+03,3.083383981881491890e-04
2.393100000000335058e+03,3.086526282524652679e-04
2.393200000000334967e+03,3.089608493253594417e-04
2.393300000000334876e+03,3.092630677537568660e-04
2.393400000000335240e+03,3.095592898804527533e-04
2.393500000000335149e+03,3.098495220441082536e-04
2.393600000000335058e+03,3.101337705792627593e-04
2.393700000000334967e+03,3.104120418163292981e-04
2.393800000000334876e+03,3.106841663310920022e-04
2.393900000000335240e+03,3.109490860627276711e-04
2.394000000000335149e+03,3.112080450743779790e-04
2.394100000000335058e+03,3.119867953232375972e-04
2.394200000000335422e+03,3.127636490920423498e-04
2.394300000000335331e+03,3.135386077423592916e-04
2.394400000000335240e+03,3.143090218138397721e-04
2.394500000000335149e+03,3.150786806795712416e-04
2.394600000000335058e+03,3.158487301418661593e-04
2.394700000000335422e+03,3.166179135496697172e-04
2.394800000000335331e+03,3.173856401891597115e-04
2.394900000000335240e+03,3.181514905967901589e-04
2.395000000000335604e+03,3.189154660934907532e-04
2.395100000000335513e+03,3.205967121597564913e-04
2.395200000000335422e+03,3.222818225144453335e-04
2.395300000000335331e+03,3.239707933686878879e-04
2.395400000000335240e+03,3.256636209354961788e-04
2.395500000000335604e+03,3.273598682631269179e-04
2.395600000000335513e+03,3.290588972016947398e-04
2.395700000000335422e+03,3.307618409151654088e-04
2.395800000000335785e+03,3.324724443362508963e-04
2.395900000000335694e+03,3.341869103176039460e-04
2.396000000000335604e+03,3.359052351647987163e-04
2.396100000000335513e+03,3.368956644264921568e-04
2.396200000000335422e+03,3.378864316119387047e-04
2.396300000000335785e+03,3.388775358785004431e-04
2.396400000000335694e+03,3.398703287817163537e-04
2.396500000000335604e+03,3.408633575475229533e-04
2.396600000000335967e+03,3.418549952622013718e-04
2.396700000000335876e+03,3.428433577571012437e-04
2.396800000000335785e+03,3.438315938877705672e-04
2.396900000000335694e+03,3.448201358913725043e-04
2.397000000000335604e+03,3.458089829132276636e-04
2.397100000000335967e+03,3.456322006921813119e-04
2.397200000000335876e+03,3.454508840601828827e-04
2.397300000000335785e+03,3.452649031800913374e-04
2.397400000000336149e+03,3.450751175394463550e-04
2.397500000000336058e+03,3.448815317201506096e-04
2.397600000000335967e+03,3.446841503007912850e-04
2.397700000000335876e+03,3.444829778566499412e-04
2.397800000000335785e+03,3.442768695438495983e-04
2.397900000000336149e+03,3.440652237168985287e-04
2.398000000000336058e+03,3.438498041849325339e-04
2.398100000000335967e+03,3.441699366767515876e-04
2.398200000000336331e+03,3.444889197808151502e-04
2.398300000000336240e+03,3.448067544535104263e-04
2.398400000000336149e+03,3.451234416507353202e-04
2.398500000000336058e+03,3.454415636137320622e-04
2.398600000000335967e+03,3.457600368321509052e-04
2.398700000000336331e+03,3.460773729126614441e-04
2.398800000000336240e+03,3.463935727690031405e-04
2.398900000000336149e+03,3.467086373144646449e-04
2.399000000000336513e+03,3.470225674651844332e-04
2.399100000000336422e+03,3.483169996254257736e-04
2.399200000000336331e+03,3.496133127502749254e-04
2.399300000000336240e+03,3.509115049016658071e-04
2.399400000000336149e+03,3.522115741424644802e-04
2.399500000000336513e+03,3.535135185364712091e-04
2.399600000000336422e+03,3.548173361484021379e-04
2.399700000000336331e+03,3.561230250439186180e-04
2.399800000000336695e+03,3.574305832896136560e-04
2.399900000000336604e+03,3.587428795192517555e-04
2.400000000000336513e+03,3.600572221520545089e-04
2.400100000000336422e+03,3.605747797262918411e-04
2.400200000000336331e+03,3.610924508064455906e-04
2.400300000000336695e+03,3.616102350180906569e-04
2.400400000000336604e+03,3.621281319871047575e-04
2.400500000000336513e+03,3.626461413396773721e-04
2.400600000000336877e+03,3.631655691891310322e-04
2.400700000000336786e+03,3.636854611135451726e-04
2.400800000000336695e+03,3.642054690674046964e-04
2.400900000000336604e+03,3.647255926798135812e-04
2.401000000000336513e+03,3.652458315758704368e-04
2.401100000000336877e+03,3.644868224701466419e-04
2.401200000000336786e+03,3.637270766968587121e-04
2.401300000000336695e+03,3.629665954976160559e-04
2.401400000000337059e+03,3.622053801130579922e-04
2.401500000000336968e+03,3.614434317828648085e-04
2.401600000000336877e+03,3.606807517457369990e-04
2.401700000000336786e+03,3.599173412394112564e-04
2.401800000000336695e+03,3.591532015006555388e-04
2.401900000000337059e+03,3.583883337652676057e-04
2.402000000000336968e+03,3.576227392697360163e-04
2.402100000000336877e+03,3.573459534061182831e-04
2.402200000000337241e+03,3.570691306735667000e-04
2.402300000000337150e+03,3.567922711785102927e-04
2.402400000000337059e+03,3.565153750273059334e-04
2.402500000000336968e+03,3.562384423262429482e-04
2.402600000000336877e+03,3.559614731815424673e-04
2.402700000000337241e+03,3.556844676993571532e-04
2.402800000000337150e+03,3.554074259857730443e-04
2.402900000000337059e+03,3.551303481468068442e-04
2.403000000000337423e+03,3.548532342917737250e-04
2.403100000000337332e+03,3.555742919766514010e-04
2.403200000000337241e+03,3.562947114747939026e-04
2.403300000000337150e+03,3.570144930974120307e-04
2.403400000000337059e+03,3.577336371556198756e-04
2.403500000000337423e+03,3.584521439604385572e-04
2.403600000000337332e+03,3.591718351476666060e-04
2.403700000000337241e+03,3.598912175064101137e-04
2.403800000000337604e+03,3.606099721171233605e-04
2.403900000000337513e+03,3.613280992792489458e-04
2.404000000000337423e+03,3.620455992895489422e-04
2.404100000000337332e+03,3.619927723382967782e-04
2.404200000000337241e+03,3.619396012069183203e-04
2.404300000000337604e+03,3.618860862603001834e-04
2.404400000000337513e+03,3.618322278630995109e-04
2.404500000000337423e+03,3.617780263797420234e-04
2.404600000000337786e+03,3.617234821744237530e-04
2.404700000000337695e+03,3.616685956111108271e-04
2.404800000000337604e+03,3.616133670535381667e-04
2.404900000000337513e+03,3.615577968652111131e-04
2.405000000000337423e+03,3.615018854049532058e-04
2.405100000000337786e+03,3.601277453032419363e-04
2.405200000000337695e+03,3.587564198329634300e-04
2.405300000000337604e+03,3.573879063359195352e-04
2.405400000000337968e+03,3.560222021556388550e-04
2.405500000000337877e+03,3.546593046373956661e-04
2.405600000000337786e+03,3.532987463909290885e-04
2.405700000000337695e+03,3.519398517516813987e-04
2.405800000000337604e+03,3.505837681399227228e-04
2.405900000000337968e+03,3.492304928698658668e-04
2.406000000000337877e+03,3.478800232588260275e-04
2.406100000000337786e+03,3.469198964424029513e-04
2.406200000000338150e+03,3.459613021676987842e-04
2.406300000000338059e+03,3.450042393182258188e-04
2.406400000000337968e+03,3.440487067780329195e-04
2.406500000000337877e+03,3.430960669186739810e-04
2.406600000000337786e+03,3.421451476525735696e-04
2.406700000000338150e+03,3.411957467257285348e-04
2.406800000000338059e+03,3.402478630449270384e-04
2.406900000000337968e+03,3.393014955174683892e-04
2.407000000000338332e+03,3.383566430544432424e-04
2.407100000000338241e+03,3.383760619011242960e-04
2.407200000000338150e+03,3.383923600368667160e-04
2.407300000000338059e+03,3.384046372677928919e-04
2.407400000000337968e+03,3.384127680790824442e-04
2.407500000000338332e+03,3.384185379046232393e-04
2.407600000000338241e+03,3.384209963037282951e-04
2.407700000000338150e+03,3.384201458430969060e-04
2.407800000000338514e+03,3.384159890883983203e-04
2.407900000000338423e+03,3.384085286042730952e-04
2.408000000000338332e+03,3.383973216246044372e-04
2.408100000000338241e+03,3.377213182211995278e-04
2.408200000000338150e+03,3.370440864039539724e-04
2.408300000000338514e+03,3.363656278014618404e-04
2.408400000000338423e+03,3.356859440411848064e-04
2.408500000000338332e+03,3.350050367494361039e-04
2.408600000000338696e+03,3.343229075513870843e-04
2.408700000000338605e+03,3.336395580710786561e-04
2.408800000000338514e+03,3.329549899314035574e-04
2.408900000000338423e+03,3.322692047541198545e-04
2.409000000000338332e+03,3.315822041556219031e-04
2.409100000000338696e+03,3.296491433949793226e-04
2.409200000000338605e+03,3.277223528907520652e-04
2.409300000000338514e+03,3.258027811136688994e-04
2.409400000000338878e+03,3.238903513165923716e-04
2.409500000000338787e+03,3.219841503254137777e-04
2.409600000000338696e+03,3.200841716797800320e-04
2.409700000000338605e+03,3.181904089237250015e-04
2.409800000000338514e+03,3.163028556056544905e-04
2.409900000000338878e+03,3.144215052783361024e-04
2.410000000000338787e+03,3.125463514998171803e-04
2.410100000000338696e+03,3.109367520308079533e-04
2.410200000000339060e+03,3.093306649811869988e-04
2.410300000000338969e+03,3.077280877105750280e-04
2.410400000000338878e+03,3.061290175798303688e-04
2.410500000000338787e+03,3.045334519510791067e-04
2.410600000000338696e+03,3.029410559243536204e-04
2.410700000000339060e+03,3.013529766588663675e-04
2.410800000000338969e+03,2.997686793497697511e-04
2.410900000000338878e+03,2.981878678923132972e-04
2.411000000000339242e+03,2.966105396843830605e-04
2.411100000000339151e+03,2.959017533334703642e-04
2.411200000000339060e+03,2.951832482144800258e-04
2.411300000000338969e+03,2.944591810393805431e-04
2.411400000000338878e+03,2.937295566554641883e-04
2.411500000000339242e+03,2.929938844477460169e-04
2.411600000000339151e+03,2.922518283927056054e-04
2.411700000000339060e+03,2.915042364532813182e-04
2.411800000000339423e+03,2.907511135437691220e-04
2.411900000000339332e+03,2.899924645761573134e-04
2.412000000000339242e+03,2.892282944584893736e-04
2.412100000000339151e+03,2.879822730996301990e-04
2.412200000000339060e+03,2.867337574770630689e-04
2.412300000000339423e+03,2.854827511289111195e-04
2.412400000000339332e+03,2.842304943891318545e-04
2.412500000000339242e+03,2.829758025903266437e-04
2.412600000000339605e+03,2.817186192041964640e-04
2.412700000000339514e+03,2.804589477239311564e-04
2.412800000000339423e+03,2.791967916401122971e-04
2.412900000000339332e+03,2.779321544407333628e-04
2.413000000000339242e+03,2.766650396076260386e-04
2.413100000000339605e+03,2.743482155685716159e-04
2.413200000000339514e+03,2.720401896283279912e-04
2.413300000000339423e+03,2.697409523978916467e-04
2.413400000000339787e+03,2.674504944947873712e-04
2.413500000000339696e+03,2.651688047595933623e-04
2.413600000000339605e+03,2.628927784589780818e-04
2.413700000000339514e+03,2.606255567563692038e-04
2.413800000000339423e+03,2.583671299862279596e-04
2.413900000000339787e+03,2.561174884899543118e-04
2.414000000000339696e+03,2.538766226164125214e-04
2.414100000000339605e+03,2.517869674922519401e-04
2.414200000000339969e+03,2.497032959086506552e-04
2.414300000000339878e+03,2.476253018683046737e-04
2.414400000000339787e+03,2.455529809126476672e-04
2.414500000000339696e+03,2.434888295770699994e-04
2.414600000000339605e+03,2.414306665096311753e-04
2.414700000000339969e+03,2.393781148266749671e-04
2.414800000000339878e+03,2.373311702765247273e-04
2.414900000000339787e+03,2.352898286094241202e-04
2.415000000000340151e+03,2.332540855800150389e-04
2.415100000000340060e+03,2.319389320815934950e-04
2.415200000000339969e+03,2.306170431864136647e-04
2.415300000000339878e+03,2.292884251685266240e-04
2.415400000000339787e+03,2.279530842988187708e-04
2.415500000000340151e+03,2.266110268450092233e-04
2.415600000000340060e+03,2.252622590716733743e-04
2.415700000000339969e+03,2.239064944505583582e-04
2.415800000000340333e+03,2.225433111130694567e-04
2.415900000000340242e+03,2.211734487158475374e-04
2.416000000000340151e+03,2.197969136017619723e-04
2.416100000000340060e+03,2.181615199812249892e-04
2.416200000000339969e+03,2.165228860671516964e-04
2.416300000000340333e+03,2.148814956251571988e-04
2.416400000000340242e+03,2.132361821985742916e-04
2.416500000000340151e+03,2.115869513643663178e-04
2.416600000000340515e+03,2.099346419350329074e-04
2.416700000000340424e+03,2.082785369167607537e-04
2.416800000000340333e+03,2.066185160447901173e-04
2.416900000000340242e+03,2.049545848253476305e-04
2.417000000000340151e+03,2.032867486954308253e-04
2.417100000000340515e+03,1.825223120809570359e-04
2.417200000000340424e+03,1.618549727022476994e-04
2.417300000000340333e+03,1.412846324633080012e-04
2.417400000000340697e+03,1.208109436169856597e-04
2.417500000000340606e+03,1.004338913704844551e-04
2.417600000000340515e+03,8.015368893675854276e-05
2.417700000000340424e+03,5.997020874325650251e-05
2.417800000000340333e+03,3.988350023833538485e-05
2.417900000000340697e+03,1.989346381506173337e-05
2.418000000000340606e+03,0.000000000000000000e+00
2.418100000000340515e+03,0.000000000000000000e+00
2.418200000000340879e+03,0.000000000000000000e+00
2.418300000000340788e+03,0.000000000000000000e+00
2.418400000000340697e+03,0.000000000000000000e+00
2.418500000000340606e+03,0.000000000000000000e+00
2.418600000000340515e+03,0.000000000000000000e+00
2.418700000000340879e+03,0.000000000000000000e+00
2.418800000000340788e+03,0.000000000000000000e+00
2.418900000000340697e+03,0.000000000000000000e+00
2.419000000000341061e+03,0.000000000000000000e+00
2.419100000000340970e+03,0.000000000000000000e+00
2.419200000000340879e+03,0.000000000000000000e+00
2.419300000000340788e+03,0.000000000000000000e+00
2.419400000000340697e+03,0.000000000000000000e+00
2.419500000000341061e+03,0.000000000000000000e+00
2.419600000000340970e+03,0.000000000000000000e+00
2.419700000000340879e+03,0.000000000000000000e+00
2.419800000000341242e+03,0.000000000000000000e+00
2.419900000000341151e+03,0.000000000000000000e+00
2.420000000000341061e+03,0.000000000000000000e+00
2.420100000000340970e+03,0.000000000000000000e+00
2.420200000000340879e+03,0.000000000000000000e+00
2.420300000000341242e+03,0.000000000000000000e+00
2.420400000000341151e+03,0.000000000000000000e+00
2.420500000000341061e+03,0.000000000000000000e+00
2.420600000000341424e+03,0.000000000000000000e+00
2.420700000000341333e+03,0.000000000000000000e+00
2.420800000000341242e+03,0.000000000000000000e+00
2.420900000000341151e+03,0.000000000000000000e+00
2.421000000000341061e+03,0.000000000000000000e+00
2.421100000000341424e+03,0.000000000000000000e+00
2.421200000000341333e+03,0.000000000000000000e+00
2.421300000000341242e+03,0.000000000000000000e+00
2.421400000000341606e+03,0.000000000000000000e+00
2.421500000000341515e+03,0.000000000000000000e+00
2.421600000000341424e+03,0.000000000000000000e+00
2.421700000000341333e+03,0.000000000000000000e+00
2.421800000000341242e+03,0.000000000000000000e+00
2.421900000000341606e+03,0.000000000000000000e+00
2.422000000000341515e+03,0.000000000000000000e+00
2.422100000000341424e+03,0.000000000000000000e+00
2.422200000000341788e+03,0.000000000000000000e+00
2.422300000000341697e+03,0.000000000000000000e+00
2.422400000000341606e+03,0.000000000000000000e+00
2.422500000000341515e+03,0.000000000000000000e+00
2.422600000000341424e+03,0.000000000000000000e+00
2.422700000000341788e+03,0.000000000000000000e+00
2.422800000000341697e+03,0.000000000000000000e+00
2.422900000000341606e+03,0.000000000000000000e+00
2.423000000000341970e+03,6.067895525939396736e-14
2.423100000000341879e+03,1.776761870274352236e-05
2.423200000000341788e+03,3.558255413549710395e-05
2.423300000000341697e+03,5.344474761883237995e-05
2.423400000000341606e+03,7.135414045250422250e-05
2.423500000000341970e+03,8.931067397619208662e-05
2.423600000000341879e+03,1.073150212049990044e-04
2.423700000000341788e+03,1.253672611979514862e-04
2.423800000000342152e+03,1.434668931411349144e-04
2.423900000000342061e+03,1.616138601916064065e-04
2.424000000000341970e+03,1.798080764616528427e-04
2.424100000000341879e+03,1.812732863588436172e-04
2.424200000000341788e+03,1.827418855536569247e-04
2.424300000000342152e+03,1.842138691789340602e-04
2.424400000000342061e+03,1.856883339585543749e-04
2.424500000000341970e+03,1.871644923321296534e-04
2.424600000000342334e+03,1.886427546651159759e-04
2.424700000000342243e+03,1.901257646763247831e-04
2.424800000000342152e+03,1.916121666573680760e-04
2.424900000000342061e+03,1.931018870923244496e-04
2.425000000000341970e+03,1.945949210140258425e-04
2.425100000000342334e+03,1.954529394303056665e-04
2.425200000000342243e+03,1.963067876903159278e-04
2.425300000000342152e+03,1.971564691697411781e-04
2.425400000000342516e+03,1.980027336287043277e-04
2.425500000000342425e+03,1.988464390488448334e-04
2.425600000000342334e+03,1.996860075856324518e-04
2.425700000000342243e+03,2.005214424621901506e-04
2.425800000000342152e+03,2.013527469002005345e-04
2.425900000000342516e+03,2.021799241199098577e-04
2.426000000000342425e+03,2.030029773397238593e-04
2.426100000000342334e+03,2.037074821547694178e-04
2.426200000000342698e+03,2.044066307216785467e-04
2.426300000000342607e+03,2.051004273680017440e-04
2.426400000000342516e+03,2.057890931769783716e-04
2.426500000000342425e+03,2.064739446041945193e-04
2.426600000000342334e+03,2.071534685554305799e-04
2.426700000000342698e+03,2.078284931285422489e-04
2.426800000000342607e+03,2.084983299078827456e-04
2.426900000000342516e+03,2.091628578257627490e-04
2.427000000000342880e+03,2.098220809910595870e-04
2.427100000000342789e+03,2.111757126951599917e-04
2.427200000000342698e+03,2.125313683625024088e-04
2.427300000000342607e+03,2.138890449096794212e-04
2.427400000000342516e+03,2.152487392555855355e-04
2.427500000000342880e+03,2.166100020671450405e-04
2.427600000000342789e+03,2.179727240316946312e-04
2.427700000000342698e+03,2.193374420651154205e-04
2.427800000000343061e+03,2.207041530677194489e-04
2.427900000000342970e+03,2.220728539421512279e-04
2.428000000000342880e+03,2.234435415940585904e-04
2.428100000000342789e+03,2.250024935395384730e-04
2.428200000000342698e+03,2.265660776870524957e-04
2.428300000000343061e+03,2.281337868492100754e-04
2.428400000000342970e+03,2.297064207839088687e-04
2.428500000000342880e+03,2.312829749608920750e-04
2.428600000000343243e+03,2.328644529649414598e-04
2.428700000000343152e+03,2.344516047931591795e-04
2.428800000000343061e+03,2.360427007368176664e-04
2.428900000000342970e+03,2.376377364087535720e-04
2.429000000000342880e+03,2.392367074217158901e-04
2.429100000000343243e+03,2.400491346142934722e-04
2.429200000000343152e+03,2.408579018857469670e-04
2.429300000000343061e+03,2.416632631391858765e-04
2.429400000000343425e+03,2.424656400993540045e-04
2.429500000000343334e+03,2.432643523304867605e-04
2.429600000000343243e+03,2.440578871186226725e-04
2.429700000000343152e+03,2.448484245126902837e-04
2.429800000000343061e+03,2.456359664602823702e-04
2.429900000000343425e+03,2.464205149083926864e-04
2.430000000000343334e+03,2.472001098810200186e-04
2.430100000000343243e+03,2.476351388461999013e-04
2.430200000000343607e+03,2.480648202907227598e-04
2.430300000000343516e+03,2.484891595587539713e-04
2.430400000000343425e+03,2.489081619911938381e-04
2.430500000000343334e+03,2.493218329256692394e-04
2.430600000000343243e+03,2.497301776965392146e-04
2.430700000000343607e+03,2.501332016348966985e-04
2.430800000000343516e+03,2.505309100685632626e-04
2.430900000000343425e+03,2.509233083221015835e-04
2.431000000000343789e+03,2.513104017194741778e-04
2.431100000000343698e+03,2.524697852503045704e-04
2.431200000000343607e+03,2.536301236505689193e-04
2.431300000000343516e+03,2.547914151007109459e-04
2.431400000000343425e+03,2.559536577826495912e-04
2.431500000000343789e+03,2.571168498797831358e-04
2.431600000000343698e+03,2.582809895769675704e-04
2.431700000000343607e+03,2.594457370598587508e-04
2.431800000000343971e+03,2.606112470771765376e-04
2.431900000000343880e+03,2.617776946251586462e-04
2.432000000000343789e+03,2.629450778902989172e-04
2.432100000000343698e+03,2.644788402912075578e-04
2.432200000000343607e+03,2.660163800184381540e-04
2.432300000000343971e+03,2.675576933976504682e-04
2.432400000000343880e+03,2.691027767562993766e-04
2.432500000000343789e+03,2.706516264236764478e-04
2.432600000000344153e+03,2.722054207909771766e-04
2.432700000000344062e+03,2.737630503803333698e-04
2.432800000000343971e+03,2.753244495899724782e-04
2.432900000000343880e+03,2.768896148084158183e-04
2.433000000000343789e+03,2.784585424228028911e-04
2.433100000000344153e+03,2.791178298065565347e-04
2.433200000000344062e+03,2.797729908921345841e-04
2.433300000000343971e+03,2.804255117521104140e-04
2.433400000000344335e+03,2.810763455032299794e-04
2.433500000000344244e+03,2.817248182623773587e-04
2.433600000000344153e+03,2.823715299815119208e-04
2.433700000000344062e+03,2.830164819711198363e-04
2.433800000000343971e+03,2.836596755411092876e-04
2.433900000000344335e+03,2.843011120008133419e-04
2.434000000000344244e+03,2.849407926569395627e-04
2.434100000000344153e+03,2.849887954112570042e-04
2.434200000000344517e+03,2.850352501314542836e-04
2.434300000000344426e+03,2.850774158070946019e-04
2.434400000000344335e+03,2.851152974084825088e-04
2.434500000000344244e+03,2.851488999024969092e-04
2.434600000000344153e+03,2.851782282525936645e-04
2.434700000000344517e+03,2.852032874188087375e-04
2.434800000000344426e+03,2.852240823577573245e-04
2.434900000000344335e+03,2.852406180226378131e-04
2.435000000000344698e+03,2.852528993659639712e-04
2.435100000000344608e+03,2.860559215956196542e-04
2.435200000000344517e+03,2.868579470191448067e-04
2.435300000000344426e+03,2.876589936149681788e-04
2.435400000000344335e+03,2.884601837127028054e-04
2.435500000000344698e+03,2.892615168320330837e-04
2.435600000000344608e+03,2.900629924930001134e-04
2.435700000000344517e+03,2.908646102160246274e-04
2.435800000000344880e+03,2.916663695218935483e-04
2.435900000000344789e+03,2.924667437113696845e-04
2.436000000000344698e+03,2.932639803434083274e-04
2.436100000000344608e+03,2.946085888157370762e-04
2.436200000000344517e+03,2.959559032268019264e-04
2.436300000000344880e+03,2.973059211319139497e-04
2.436400000000344789e+03,2.986613464193669121e-04
2.436500000000344698e+03,3.000203151407467950e-04
2.436600000000345062e+03,3.013820121760063466e-04
2.436700000000344971e+03,3.027464351807537422e-04
2.436800000000344880e+03,3.041135818114718914e-04
2.436900000000344789e+03,3.054834497254962119e-04
2.437000000000344698e+03,3.068560365777248892e-04
2.437100000000345062e+03,3.072736323564910607e-04
2.437200000000344971e+03,3.076906043570461820e-04
2.437300000000344880e+03,3.081092750910072522e-04
2.437400000000345244e+03,3.085286432116700946e-04
2.437500000000345153e+03,3.089473987525240641e-04
2.437600000000345062e+03,3.093661774089127479e-04
2.437700000000344971e+03,3.097851270583191910e-04
2.437800000000344880e+03,3.102034693254250380e-04
2.437900000000345244e+03,3.106212046489721591e-04
2.438000000000345153e+03,3.110383334646286036e-04
2.438100000000345062e+03,3.106306924270375814e-04
2.438200000000345426e+03,3.102189690018286638e-04
2.438300000000345335e+03,3.098032438937494228e-04
2.438400000000345244e+03,3.093853617864530297e-04
2.438500000000345153e+03,3.089666481120676312e-04
2.438600000000345062e+03,3.085457338568256438e-04
2.438700000000345426e+03,3.081178305810417200e-04
2.438800000000345335e+03,3.076856889289067399e-04
2.438900000000345244e+03,3.072513741738937222e-04
2.439000000000345608e+03,3.068148892392992002e-04
2.439100000000345517e+03,3.070863952747293233e-04
2.439200000000345426e+03,3.073576824386225581e-04
2.439300000000345335e+03,3.076278849372684164e-04
2.439400000000345244e+03,3.078973252039266775e-04
2.439500000000345608e+03,3.081665443907097746e-04
2.439600000000345517e+03,3.084355425971541890e-04
2.439700000000345426e+03,3.087043199227700561e-04
2.439800000000345790e+03,3.089728764670362864e-04
2.439900000000345699e+03,3.092412123294010530e-04
2.440000000000345608e+03,3.095102442099452716e-04
2.440100000000345517e+03,3.104650544780509797e-04
2.440200000000345426e+03,3.114205778092482796e-04
2.440300000000345790e+03,3.123768132567687913e-04
2.440400000000345699e+03,3.133337598743699730e-04
2.440500000000345608e+03,3.142863271652071360e-04
2.440600000000345972e+03,3.152372404046299096e-04
2.440700000000345881e+03,3.161888167142947337e-04
2.440800000000345790e+03,3.171410551000772835e-04
2.440900000000345699e+03,3.180939545684778971e-04
2.441000000000345608e+03,3.190475141236910855e-04
2.441100000000345972e+03,3.191524366040206879e-04
2.441200000000345881e+03,3.192572895223332822e-04
2.441300000000345790e+03,3.193620728654963069e-04
2.441400000000346154e+03,3.194688865468611489e-04
2.441500000000346063e+03,3.195773020477701842e-04
2.441600000000345972e+03,3.196856505797304954e-04
2.441700000000345881e+03,3.197939321275044340e-04
2.441800000000345790e+03,3.199016127129705690e-04
2.441900000000346154e+03,3.200082955535691839e-04
2.442000000000346063e+03,3.201149103418154170e-04
2.442100000000345972e+03,3.192391443281217440e-04
2.442200000000346336e+03,3.183642467158790800e-04
2.442300000000346245e+03,3.174913216558981378e-04
2.442400000000346154e+03,3.166188606957594655e-04
2.442500000000346063e+03,3.157468636767277333e-04
2.442600000000345972e+03,3.148753304401024689e-04
2.442700000000346336e+03,3.140056231308781276e-04
2.442800000000346245e+03,3.131410692381217625e-04
2.442900000000346154e+03,3.122786601570865287e-04
2.443000000000346517e+03,3.114166713281015767e-04
2.443100000000346427e+03,3.110095796867517288e-04
2.443200000000346336e+03,3.106028270397832749e-04
2.443300000000346245e+03,3.101964132199906102e-04
2.443400000000346154e+03,3.097903380602181657e-04
2.443500000000346517e+03,3.093846013933567222e-04
2.443600000000346427e+03,3.089792030523518126e-04
2.443700000000346336e+03,3.085741428701927716e-04
2.443800000000346699e+03,3.081694206799176147e-04
2.443900000000346608e+03,3.077650363146182963e-04
2.444000000000346517e+03,3.073609896101336513e-04
2.444100000000346427e+03,3.077359870313153031e-04
2.444200000000346336e+03,3.081094320966444762e-04
2.444300000000346699e+03,3.084814877381075412e-04
2.444400000000346608e+03,3.088532470308272097e-04
2.444500000000346517e+03,3.092234622441990982e-04
2.444600000000346881e+03,3.095943437285050273e-04
2.444700000000346790e+03,3.099651358495219438e-04
2.444800000000346699e+03,3.103343973005493936e-04
2.444900000000346608e+03,3.107021296223881211e-04
2.445000000000346517e+03,3.110683343529380878e-04
2.445100000000346881e+03,3.108796149640273088e-04
2.445200000000346790e+03,3.106892292215220866e-04
2.445300000000346699e+03,3.104977408329718646e-04
2.445400000000347063e+03,3.103055811938868315e-04
2.445500000000346972e+03,3.101110118940154079e-04
2.445600000000346881e+03,3.099138562762640721e-04
2.445700000000346790e+03,3.097161432785917640e-04
2.445800000000346699e+03,3.095195042307760723e-04
2.445900000000347063e+03,3.093221998345817747e-04
2.446000000000346972e+03,3.091209093094466091e-04
2.446100000000346881e+03,3.078264266631305836e-04
2.446200000000347245e+03,3.065349192515597629e-04
2.446300000000347154e+03,3.052463852057891525e-04
2.446400000000347063e+03,3.039608226574160759e-04
2.446500000000346972e+03,3.026782297386057074e-04
2.446600000000346881e+03,3.013986045820815315e-04
2.446700000000347245e+03,3.001219453211232280e-04
2.446800000000347154e+03,2.988482500895878690e-04
2.446900000000347063e+03,2.975775170218759825e-04
2.447000000000347427e+03,2.963097442533218118e-04
2.447100000000347336e+03,2.951525119789290014e-04
2.447200000000347245e+03,2.939978350370403256e-04
2.447300000000347154e+03,2.928457110497100164e-04
2.447400000000347063e+03,2.916961376404974497e-04
2.447500000000347427e+03,2.905491124344616698e-04
2.447600000000347336e+03,2.894046330581821519e-04
2.447700000000347245e+03,2.882621071980404417e-04
2.447800000000347609e+03,2.871191902677966488e-04
2.447900000000347518e+03,2.859776655497549866e-04
2.448000000000347427e+03,2.848387142376687772e-04
2.448100000000347336e+03,2.845476588946218178e-04
2.448200000000347245e+03,2.842534988731012396e-04
2.448300000000347609e+03,2.839562379690625631e-04
2.448400000000347518e+03,2.836558799757293360e-04
2.448500000000347427e+03,2.833524676941692071e-04
2.448600000000347791e+03,2.830472232165943806e-04
2.448700000000347700e+03,2.827388902148973921e-04
2.448800000000347609e+03,2.824274724288973514e-04
2.448900000000347518e+03,2.821129735957539288e-04
2.449000000000347427e+03,2.817953974491756706e-04
2.449100000000347791e+03,2.812476576547451551e-04
2.449200000000347700e+03,2.806972250737488090e-04
2.449300000000347609e+03,2.801435962894185624e-04
2.449400000000347973e+03,2.795872303413105648e-04
2.449500000000347882e+03,2.790281803791602971e-04
2.449600000000347791e+03,2.784664485979569041e-04
2.449700000000347700e+03,2.779020371918902569e-04
2.449800000000347609e+03,2.773349483543449895e-04
2.449900000000347973e+03,2.767651842779004449e-04
2.450000000000347882e+03,2.761922923599744199e-04
2.450100000000347791e+03,2.745266378353685408e-04
2.450200000000348155e+03,2.728665725608743356e-04
2.450300000000348064e+03,2.712115335709824708e-04
2.450400000000347973e+03,2.695615161507318859e-04
2.450500000000347882e+03,2.679165155880746090e-04
2.450600000000347791e+03,2.662765271738682217e-04
2.450700000000348155e+03,2.646415462018659385e-04
2.450800000000348064e+03,2.630115679687457177e-04
2.450900000000347973e+03,2.613865877740632611e-04
2.451000000000348336e+03,2.597649541764792585e-04
2.451100000000348246e+03,2.580102410693252326e-04
2.451200000000348155e+03,2.562612896878949066e-04
2.451300000000348064e+03,2.545180938341194752e-04
2.451400000000347973e+03,2.527802446361529986e-04
2.451500000000348336e+03,2.510455790939452475e-04
2.451600000000348246e+03,2.493166912007412517e-04
2.451700000000348155e+03,2.475935745744524690e-04
2.451800000000348518e+03,2.458762228376639184e-04
2.451900000000348427e+03,2.441658683579004687e-04
2.452000000000348336e+03,2.424617715880293038e-04
2.452100000000348246e+03,2.415389948295612490e-04
2.452200000000348155e+03,2.406126771639613177e-04
2.452300000000348518e+03,2.396828217114258040e-04
2.452400000000348427e+03,2.387494315908519655e-04
2.452500000000348336e+03,2.378125099198137907e-04
2.452600000000348700e+03,2.368720598145729230e-04
2.452700000000348609e+03,2.359280843900950317e-04
2.452800000000348518e+03,2.349791695518497071e-04
2.452900000000348427e+03,2.340262994948466189e-04
2.453000000000348336e+03,2.330699286676829018e-04
2.453100000000348700e+03,2.321144188266178988e-04
2.453200000000348609e+03,2.311537880614468834e-04
2.453300000000348518e+03,2.301880421642415661e-04
2.453400000000348882e+03,2.292171869233065157e-04
2.453500000000348791e+03,2.282412281231957745e-04
2.453600000000348700e+03,2.272601715446868919e-04
2.453700000000348609e+03,2.262731898696783634e-04
2.453800000000348518e+03,2.252792972156647544e-04
2.453900000000348882e+03,2.242803476001140170e-04
2.454000000000348791e+03,2.232763469664858784e-04
2.454100000000348700e+03,2.214202566577941973e-04
2.454200000000349064e+03,2.195694885604768489e-04
2.454300000000348973e+03,2.177240366509748486e-04
2.454400000000348882e+03,2.158840059533359231e-04
2.454500000000348791e+03,2.140501485024649895e-04
2.454600000000348700e+03,2.122215724569821401e-04
2.454700000000349064e+03,2.103982718838066338e-04
2.454800000000348973e+03,2.085802408543894506e-04
2.454900000000348882e+03,2.067674734446639604e-04
2.455000000000349246e+03,2.049599637341749565e-04
2.455100000000349155e+03,2.029043029691768264e-04
2.455200000000349064e+03,2.008568519807756318e-04
2.455300000000348973e+03,1.988176040115983642e-04
2.455400000000348882e+03,1.967865523074803589e-04
2.455500000000349246e+03,1.947636901174550495e-04
2.455600000000349155e+03,1.927490106937888793e-04
2.455700000000349064e+03,1.907425072919266302e-04
2.455800000000349428e+03,1.887441731705173078e-04
2.455900000000349337e+03,1.867540015914405968e-04
2.456000000000349246e+03,1.847719858216374811e-04
2.456100000000349155e+03,1.833331665741141632e-04
2.456200000000349064e+03,1.818923985061290688e-04
2.456300000000349428e+03,1.804496841492248275e-04
2.456400000000349337e+03,1.790050260333299901e-04
2.456500000000349246e+03,1.775584266867185062e-04
2.456600000000349610e+03,1.761098886360299993e-04
2.456700000000349519e+03,1.746594144062909085e-04
2.456800000000349428e+03,1.732070065208761347e-04
2.456900000000349337e+03,1.717519382648378023e-04
2.457000000000349246e+03,1.702936633131621729e-04
2.457100000000349610e+03,1.535724283122754438e-04
2.457200000000349519e+03,1.367831190546847523e-04
2.457300000000349428e+03,1.199249871561836723e-04
2.457400000000349792e+03,1.029981395403570986e-04
2.457500000000349701e+03,8.600268303914209984e-05
2.457600000000349610e+03,6.893872439242527224e-05
2.457700000000349519e+03,5.180637024840716758e-05
2.457800000000349428e+03,3.460575063427885362e-05
2.457900000000349792e+03,1.733703891267330893e-05
2.458000000000349701e+03,0.000000000000000000e+00
2.458100000000349610e+03,0.000000000000000000e+00
2.458200000000349974e+03,0.000000000000000000e+00
2.458300000000349883e+03,0.000000000000000000e+00
2.458400000000349792e+03,0.000000000000000000e+00
2.458500000000349701e+03,0.000000000000000000e+00
2.458600000000349610e+03,0.000000000000000000e+00
2.458700000000349974e+03,0.000000000000000000e+00
2.458800000000349883e+03,0.000000000000000000e+00
2.458900000000349792e+03,0.000000000000000000e+00
2.459000000000350155e+03,0.000000000000000000e+00
2.459100000000350065e+03,0.000000000000000000e+00
2.459200000000349974e+03,0.000000000000000000e+00
2.459300000000349883e+03,0.000000000000000000e+00
2.459400000000349792e+03,0.000000000000000000e+00
2.459500000000350155e+03,0.000000000000000000e+00
2.459600000000350065e+03,0.000000000000000000e+00
2.459700000000349974e+03,0.000000000000000000e+00
2.459800000000350337e+03,0.000000000000000000e+00
2.459900000000350246e+03,0.000000000000000000e+00
2.460000000000350155e+03,0.000000000000000000e+00
2.460100000000350065e+03,0.000000000000000000e+00
2.460200000000349974e+03,0.000000000000000000e+00
2.460300000000350337e+03,0.000000000000000000e+00
2.460400000000350246e+03,0.000000000000000000e+00
2.460500000000350155e+03,0.000000000000000000e+00
2.460600000000350519e+03,0.000000000000000000e+00
2.460700000000350428e+03,0.000000000000000000e+00
2.460800000000350337e+03,0.000000000000000000e+00
2.460900000000350246e+03,0.000000000000000000e+00
2.461000000000350155e+03,0.000000000000000000e+00
2.461100000000350519e+03,0.000000000000000000e+00
2.461200000000350428e+03,0.000000000000000000e+00
2.461300000000350337e+03,0.000000000000000000e+00
2.461400000000350701e+03,0.000000000000000000e+00
2.461500000000350610e+03,0.000000000000000000e+00
2.461600000000350519e+03,0.000000000000000000e+00
2.461700000000350428e+03,0.000000000000000000e+00
2.461800000000350337e+03,0.000000000000000000e+00
2.461900000000350701e+03,0.000000000000000000e+00
2.462000000000350610e+03,0.000000000000000000e+00
2.462100000000350519e+03,0.000000000000000000e+00
2.462200000000350883e+03,0.000000000000000000e+00
2.462300000000350792e+03,0.000000000000000000e+00
2.462400000000350701e+03,0.000000000000000000e+00
2.462500000000350610e+03,0.000000000000000000e+00
2.462600000000350519e+03,0.000000000000000000e+00
2.462700000000350883e+03,0.000000000000000000e+00
2.462800000000350792e+03,0.000000000000000000e+00
2.462900000000350701e+03,0.000000000000000000e+00
2.463000000000351065e+03,0.000000000000000000e+00
2.463100000000350974e+03,0.000000000000000000e+00
2.463200000000350883e+03,0.000000000000000000e+00
2.463300000000350792e+03,0.000000000000000000e+00
2.463400000000350701e+03,0.000000000000000000e+00
2.463500000000351065e+03,0.000000000000000000e+00
2.463600000000350974e+03,0.000000000000000000e+00
2.463700000000350883e+03,0.000000000000000000e+00
2.463800000000351247e+03,0.000000000000000000e+00
2.463900000000351156e+03,0.000000000000000000e+00
2.464000000000351065e+03,0.000000000000000000e+00
2.464100000000350974e+03,0.000000000000000000e+00
2.464200000000350883e+03,0.000000000000000000e+00
2.464300000000351247e+03,0.000000000000000000e+00
2.464400000000351156e+03,0.000000000000000000e+00
2.464500000000351065e+03,0.000000000000000000e+00
2.464600000000351429e+03,0.000000000000000000e+00
2.464700000000351338e+03,0.000000000000000000e+00
2.464800000000351247e+03,0.000000000000000000e+00
2.464900000000351156e+03,0.000000000000000000e+00
2.465000000000351065e+03,0.000000000000000000e+00
2.465100000000351429e+03,0.000000000000000000e+00
2.465200000000351338e+03,0.000000000000000000e+00
2.465300000000351247e+03,0.000000000000000000e+00
2.465400000000351611e+03,0.000000000000000000e+00
2.465500000000351520e+03,0.000000000000000000e+00
2.465600000000351429e+03,0.000000000000000000e+00
2.465700000000351338e+03,0.000000000000000000e+00
2.465800000000351247e+03,0.000000000000000000e+00
2.465900000000351611e+03,0.000000000000000000e+00
2.466000000000351520e+03,0.000000000000000000e+00
2.466100000000351429e+03,0.000000000000000000e+00
2.466200000000351793e+03,0.000000000000000000e+00
2.466300000000351702e+03,0.000000000000000000e+00
2.466400000000351611e+03,0.000000000000000000e+00
2.466500000000351520e+03,0.000000000000000000e+00
2.466600000000351429e+03,0.000000000000000000e+00
2.466700000000351793e+03,0.000000000000000000e+00
2.466800000000351702e+03,0.000000000000000000e+00
2.466900000000351611e+03,0.000000000000000000e+00
2.467000000000351974e+03,0.000000000000000000e+00
2.467100000000351884e+03,0.000000000000000000e+00
2.467200000000351793e+03,0.000000000000000000e+00
2.467300000000351702e+03,0.000000000000000000e+00
2.467400000000351611e+03,0.000000000000000000e+00
2.467500000000351974e+03,0.000000000000000000e+00
2.467600000000351884e+03,0.000000000000000000e+00
2.467700000000351793e+03,0.000000000000000000e+00
2.467800000000352156e+03,0.000000000000000000e+00
2.467900000000352065e+03,0.000000000000000000e+00
2.468000000000351974e+03,0.000000000000000000e+00
2.468100000000351884e+03,0.000000000000000000e+00
2.468200000000351793e+03,0.000000000000000000e+00
2.468300000000352156e+03,0.000000000000000000e+00
2.468400000000352065e+03,0.000000000000000000e+00
2.468500000000351974e+03,0.000000000000000000e+00
2.468600000000352338e+03,0.000000000000000000e+00
2.468700000000352247e+03,0.000000000000000000e+00
2.468800000000352156e+03,0.000000000000000000e+00
2.468900000000352065e+03,0.000000000000000000e+00
2.469000000000351974e+03,0.000000000000000000e+00
2.469100000000352338e+03,0.000000000000000000e+00
2.469200000000352247e+03,0.000000000000000000e+00
2.469300000000352156e+03,0.000000000000000000e+00
2.469400000000352520e+03,0.000000000000000000e+00
2.469500000000352429e+03,0.000000000000000000e+00
2.469600000000352338e+03,0.000000000000000000e+00
2.469700000000352247e+03,0.000000000000000000e+00
2.469800000000352156e+03,0.000000000000000000e+00
2.469900000000352520e+03,0.000000000000000000e+00
2.470000000000352429e+03,0.000000000000000000e+00
2.470100000000352338e+03,0.000000000000000000e+00
2.470200000000352702e+03,0.000000000000000000e+00
2.470300000000352611e+03,0.000000000000000000e+00
2.470400000000352520e+03,0.000000000000000000e+00
2.470500000000352429e+03,0.000000000000000000e+00
2.470600000000352338e+03,0.000000000000000000e+00
2.470700000000352702e+03,0.000000000000000000e+00
2.470800000000352611e+03,0.000000000000000000e+00
2.470900000000352520e+03,0.000000000000000000e+00
2.471000000000352884e+03,0.000000000000000000e+00
2.471100000000352793e+03,0.000000000000000000e+00
2.471200000000352702e+03,0.000000000000000000e+00
2.471300000000352611e+03,0.000000000000000000e+00
2.471400000000352520e+03,0.000000000000000000e+00
2.471500000000352884e+03,0.000000000000000000e+00
2.471600000000352793e+03,0.000000000000000000e+00
2.471700000000352702e+03,0.000000000000000000e+00
2.471800000000353066e+03,0.000000000000000000e+00
2.471900000000352975e+03,0.000000000000000000e+00
2.472000000000352884e+03,0.000000000000000000e+00
2.472100000000352793e+03,0.000000000000000000e+00
2.472200000000352702e+03,0.000000000000000000e+00
2.472300000000353066e+03,0.000000000000000000e+00
2.472400000000352975e+03,0.000000000000000000e+00
2.472500000000352884e+03,0.000000000000000000e+00
2.472600000000353248e+03,0.000000000000000000e+00
2.472700000000353157e+03,0.000000000000000000e+00
2.472800000000353066e+03,0.000000000000000000e+00
2.472900000000352975e+03,0.000000000000000000e+00
2.473000000000352884e+03,0.000000000000000000e+00
2.473100000000353248e+03,0.000000000000000000e+00
2.473200000000353157e+03,0.000000000000000000e+00
2.473300000000353066e+03,0.000000000000000000e+00
2.473400000000353430e+03,0.000000000000000000e+00
2.473500000000353339e+03,0.000000000000000000e+00
2.473600000000353248e+03,0.000000000000000000e+00
2.473700000000353157e+03,0.000000000000000000e+00
2.473800000000353066e+03,0.000000000000000000e+00
2.473900000000353430e+03,0.000000000000000000e+00
2.474000000000353339e+03,0.000000000000000000e+00
2.474100000000353248e+03,0.000000000000000000e+00
2.474200000000353612e+03,0.000000000000000000e+00
2.474300000000353521e+03,0.000000000000000000e+00
2.474400000000353430e+03,0.000000000000000000e+00
2.474500000000353339e+03,0.000000000000000000e+00
2.474600000000353248e+03,0.000000000000000000e+00
2.474700000000353612e+03,0.000000000000000000e+00
2.474800000000353521e+03,0.000000000000000000e+00
2.474900000000353430e+03,0.000000000000000000e+00
2.475000000000353793e+03,0.000000000000000000e+00
2.475100000000353702e+03,0.000000000000000000e+00
2.475200000000353612e+03,0.000000000000000000e+00
2.475300000000353521e+03,0.000000000000000000e+00
2.475400000000353430e+03,0.000000000000000000e+00
2.475500000000353793e+03,0.000000000000000000e+00
2.475600000000353702e+03,0.000000000000000000e+00
2.475700000000353612e+03,0.000000000000000000e+00
2.475800000000353975e+03,0.000000000000000000e+00
2.475900000000353884e+03,0.000000000000000000e+00
2.476000000000353793e+03,0.000000000000000000e+00
2.476100000000353702e+03,0.000000000000000000e+00
2.476200000000353612e+03,0.000000000000000000e+00
2.476300000000353975e+03,0.000000000000000000e+00
2.476400000000353884e+03,0.000000000000000000e+00
2.476500000000353793e+03,0.000000000000000000e+00
2.476600000000354157e+03,0.000000000000000000e+00
2.476700000000354066e+03,0.000000000000000000e+00
2.476800000000353975e+03,0.000000000000000000e+00
2.476900000000353884e+03,0.000000000000000000e+00
2.477000000000353793e+03,0.000000000000000000e+00
2.477100000000354157e+03,0.000000000000000000e+00
2.477200000000354066e+03,0.000000000000000000e+00
2.477300000000353975e+03,0.000000000000000000e+00
2.477400000000354339e+03,0.000000000000000000e+00
2.477500000000354248e+03,0.000000000000000000e+00
2.477600000000354157e+03,0.000000000000000000e+00
2.477700000000354066e+03,0.000000000000000000e+00
2.477800000000353975e+03,0.000000000000000000e+00
2.477900000000354339e+03,0.000000000000000000e+00
2.478000000000354248e+03,0.000000000000000000e+00
2.478100000000354157e+03,0.000000000000000000e+00
2.478200000000354521e+03,0.000000000000000000e+00
2.478300000000354430e+03,0.000000000000000000e+00
2.478400000000354339e+03,0.000000000000000000e+00
2.478500000000354248e+03,0.000000000000000000e+00
2.478600000000354157e+03,0.000000000000000000e+00
2.478700000000354521e+03,0.000000000000000000e+00
2.478800000000354430e+03,0.000000000000000000e+00
2.478900000000354339e+03,0.000000000000000000e+00
2.479000000000354703e+03,0.000000000000000000e+00
2.479100000000354612e+03,0.000000000000000000e+00
2.479200000000354521e+03,0.000000000000000000e+00
2.479300000000354430e+03,0.000000000000000000e+00
2.479400000000354339e+03,0.000000000000000000e+00
2.479500000000354703e+03,0.000000000000000000e+00
2.479600000000354612e+03,0.000000000000000000e+00
2.479700000000354521e+03,0.000000000000000000e+00
2.479800000000354885e+03,0.000000000000000000e+00
2.479900000000354794e+03,0.000000000000000000e+00
2.480000000000354703e+03,0.000000000000000000e+00
2.480100000000354612e+03,0.000000000000000000e+00
2.480200000000354521e+03,0.000000000000000000e+00
2.480300000000354885e+03,0.000000000000000000e+00
2.480400000000354794e+03,0.000000000000000000e+00
2.480500000000354703e+03,0.000000000000000000e+00
2.480600000000355067e+03,0.000000000000000000e+00
2.480700000000354976e+03,0.000000000000000000e+00
2.480800000000354885e+03,0.000000000000000000e+00
2.480900000000354794e+03,0.000000000000000000e+00
2.481000000000354703e+03,0.000000000000000000e+00
2.481100000000355067e+03,0.000000000000000000e+00
2.481200000000354976e+03,0.000000000000000000e+00
2.481300000000354885e+03,0.000000000000000000e+00
2.481400000000355249e+03,0.000000000000000000e+00
2.481500000000355158e+03,0.000000000000000000e+00
2.481600000000355067e+03,0.000000000000000000e+00
2.481700000000354976e+03,0.000000000000000000e+00
2.481800000000354885e+03,0.000000000000000000e+00
2.481900000000355249e+03,0.000000000000000000e+00
2.482000000000355158e+03,0.000000000000000000e+00
2.482100000000355067e+03,0.000000000000000000e+00
2.482200000000355431e+03,0.000000000000000000e+00
2.482300000000355340e+03,0.000000000000000000e+00
2.482400000000355249e+03,0.000000000000000000e+00
2.482500000000355158e+03,0.000000000000000000e+00
2.482600000000355067e+03,0.000000000000000000e+00
2.482700000000355431e+03,0.000000000000000000e+00
2.482800000000355340e+03,0.000000000000000000e+00
2.482900000000355249e+03,0.000000000000000000e+00
2.483000000000355612e+03,0.000000000000000000e+00
2.483100000000355521e+03,0.000000000000000000e+00
2.483200000000355431e+03,0.000000000000000000e+00
2.483300000000355340e+03,0.000000000000000000e+00
2.483400000000355249e+03,0.000000000000000000e+00
2.483500000000355612e+03,0.000000000000000000e+00
2.483600000000355521e+03,0.000000000000000000e+00
2.483700000000355431e+03,0.000000000000000000e+00
2.483800000000355794e+03,0.000000000000000000e+00
2.483900000000355703e+03,0.000000000000000000e+00
2.484000000000355612e+03,0.000000000000000000e+00
2.484100000000355521e+03,0.000000000000000000e+00
2.484200000000355431e+03,0.000000000000000000e+00
2.484300000000355794e+03,0.000000000000000000e+00
2.484400000000355703e+03,0.000000000000000000e+00
2.484500000000355612e+03,0.000000000000000000e+00
2.484600000000355976e+03,0.000000000000000000e+00
2.484700000000355885e+03,0.000000000000000000e+00
2.484800000000355794e+03,0.000000000000000000e+00
2.484900000000355703e+03,0.000000000000000000e+00
2.485000000000355612e+03,0.000000000000000000e+00
2.485100000000355976e+03,0.000000000000000000e+00
2.485200000000355885e+03,0.000000000000000000e+00
2.485300000000355794e+03,0.000000000000000000e+00
2.485400000000356158e+03,0.000000000000000000e+00
2.485500000000356067e+03,0.000000000000000000e+00
2.485600000000355976e+03,0.000000000000000000e+00
2.485700000000355885e+03,0.000000000000000000e+00
2.485800000000355794e+03,0.000000000000000000e+00
2.485900000000356158e+03,0.000000000000000000e+00
2.486000000000356067e+03,0.000000000000000000e+00
2.486100000000355976e+03,0.000000000000000000e+00
2.486200000000356340e+03,0.000000000000000000e+00
2.486300000000356249e+03,0.000000000000000000e+00
2.486400000000356158e+03,0.000000000000000000e+00
2.486500000000356067e+03,0.000000000000000000e+00
2.486600000000355976e+03,0.000000000000000000e+00
2.486700000000356340e+03,0.000000000000000000e+00
2.486800000000356249e+03,0.000000000000000000e+00
2.486900000000356158e+03,0.000000000000000000e+00
2.487000000000356522e+03,0.000000000000000000e+00
2.487100000000356431e+03,0.000000000000000000e+00
2.487200000000356340e+03,0.000000000000000000e+00
2.487300000000356249e+03,0.000000000000000000e+00
2.487400000000356158e+03,0.000000000000000000e+00
2.487500000000356522e+03,0.000000000000000000e+00
2.487600000000356431e+03,0.000000000000000000e+00
2.487700000000356340e+03,0.000000000000000000e+00
2.487800000000356704e+03,0.000000000000000000e+00
2.487900000000356613e+03,0.000000000000000000e+00
2.488000000000356522e+03,0.000000000000000000e+00
2.488100000000356431e+03,0.000000000000000000e+00
2.488200000000356340e+03,0.000000000000000000e+00
2.488300000000356704e+03,0.000000000000000000e+00
2.488400000000356613e+03,0.000000000000000000e+00
2.488500000000356522e+03,0.000000000000000000e+00
2.488600000000356886e+03,0.000000000000000000e+00
2.488700000000356795e+03,0.000000000000000000e+00
2.488800000000356704e+03,0.000000000000000000e+00
2.488900000000356613e+03,0.000000000000000000e+00
2.489000000000356522e+03,0.000000000000000000e+00
2.489100000000356886e+03,0.000000000000000000e+00
2.489200000000356795e+03,0.000000000000000000e+00
2.489300000000356704e+03,0.000000000000000000e+00
2.489400000000357068e+03,0.000000000000000000e+00
2.489500000000356977e+03,0.000000000000000000e+00
2.489600000000356886e+03,0.000000000000000000e+00
2.489700000000356795e+03,0.000000000000000000e+00
2.489800000000356704e+03,0.000000000000000000e+00
2.489900000000357068e+03,0.000000000000000000e+00
2.490000000000356977e+03,0.000000000000000000e+00
2.490100000000356886e+03,0.000000000000000000e+00
2.490200000000357250e+03,0.000000000000000000e+00
2.490300000000357159e+03,0.000000000000000000e+00
2.490400000000357068e+03,0.000000000000000000e+00
2.490500000000356977e+03,0.000000000000000000e+00
2.490600000000356886e+03,0.000000000000000000e+00
2.490700000000357250e+03,0.000000000000000000e+00
2.490800000000357159e+03,0.000000000000000000e+00
2.490900000000357068e+03,0.000000000000000000e+00
2.491000000000357431e+03,0.000000000000000000e+00
2.491100000000357340e+03,0.000000000000000000e+00
2.491200000000357250e+03,0.000000000000000000e+00
2.491300000000357159e+03,0.000000000000000000e+00
2.491400000000357068e+03,0.000000000000000000e+00
2.491500000000357431e+03,0.000000000000000000e+00
2.491600000000357340e+03,0.000000000000000000e+00
2.491700000000357250e+03,0.000000000000000000e+00
2.491800000000357613e+03,0.000000000000000000e+00
2.491900000000357522e+03,0.000000000000000000e+00
2.492000000000357431e+03,0.000000000000000000e+00
2.492100000000357340e+03,0.000000000000000000e+00
2.492200000000357250e+03,0.000000000000000000e+00
2.492300000000357613e+03,0.000000000000000000e+00
2.492400000000357522e+03,0.000000000000000000e+00
2.492500000000357431e+03,0.000000000000000000e+00
2.492600000000357795e+03,0.000000000000000000e+00
2.492700000000357704e+03,0.000000000000000000e+00
2.492800000000357613e+03,0.000000000000000000e+00
2.492900000000357522e+03,0.000000000000000000e+00
2.493000000000357431e+03,0.000000000000000000e+00
2.493100000000357795e+03,0.000000000000000000e+00
2.493200000000357704e+03,0.000000000000000000e+00
2.493300000000357613e+03,0.000000000000000000e+00
2.493400000000357977e+03,0.000000000000000000e+00
2.493500000000357886e+03,0.000000000000000000e+00
2.493600000000357795e+03,0.000000000000000000e+00
2.493700000000357704e+03,0.000000000000000000e+00
2.493800000000357613e+03,0.000000000000000000e+00
2.493900000000357977e+03,0.000000000000000000e+00
2.494000000000357886e+03,0.000000000000000000e+00
2.494100000000357795e+03,0.000000000000000000e+00
2.494200000000358159e+03,0.000000000000000000e+00
2.494300000000358068e+03,0.000000000000000000e+00
2.494400000000357977e+03,0.000000000000000000e+00
2.494500000000357886e+03,0.000000000000000000e+00
2.494600000000357795e+03,0.000000000000000000e+00
2.494700000000358159e+03,0.000000000000000000e+00
2.494800000000358068e+03,0.000000000000000000e+00
2.494900000000357977e+03,0.000000000000000000e+00
2.495000000000358341e+03,0.000000000000000000e+00
2.495100000000358250e+03,0.000000000000000000e+00
2.495200000000358159e+03,0.000000000000000000e+00
2.495300000000358068e+03,0.000000000000000000e+00
2.495400000000357977e+03,0.000000000000000000e+00
2.495500000000358341e+03,0.000000000000000000e+00
2.495600000000358250e+03,0.000000000000000000e+00
2.495700000000358159e+03,0.000000000000000000e+00
2.495800000000358523e+03,0.000000000000000000e+00
2.495900000000358432e+03,0.000000000000000000e+00
2.496000000000358341e+03,0.000000000000000000e+00
2.496100000000358250e+03,0.000000000000000000e+00
2.496200000000358159e+03,0.000000000000000000e+00
2.496300000000358523e+03,0.000000000000000000e+00
2.496400000000358432e+03,0.000000000000000000e+00
2.496500000000358341e+03,0.000000000000000000e+00
2.496600000000358705e+03,0.000000000000000000e+00
2.496700000000358614e+03,0.000000000000000000e+00
2.496800000000358523e+03,0.000000000000000000e+00
2.496900000000358432e+03,0.000000000000000000e+00
2.497000000000358341e+03,0.000000000000000000e+00
2.497100000000358705e+03,0.000000000000000000e+00
2.497200000000358614e+03,0.000000000000000000e+00
2.497300000000358523e+03,0.000000000000000000e+00
2.497400000000358887e+03,0.000000000000000000e+00
2.497500000000358796e+03,0.000000000000000000e+00
2.497600000000358705e+03,0.000000000000000000e+00
2.497700000000358614e+03,0.000000000000000000e+00
2.497800000000358523e+03,0.000000000000000000e+00
2.497900000000358887e+03,0.000000000000000000e+00
2.498000000000358796e+03,0.000000000000000000e+00
2.498100000000358705e+03,0.000000000000000000e+00
2.498200000000359069e+03,0.000000000000000000e+00
2.498300000000358978e+03,0.000000000000000000e+00
2.498400000000358887e+03,0.000000000000000000e+00
2.498500000000358796e+03,0.000000000000000000e+00
2.498600000000358705e+03,0.000000000000000000e+00
2.498700000000359069e+03,0.000000000000000000e+00
2.498800000000358978e+03,0.000000000000000000e+00
2.498900000000358887e+03,0.000000000000000000e+00
2.499000000000359250e+03,0.000000000000000000e+00
2.499100000000359159e+03,0.000000000000000000e+00
2.499200000000359069e+03,0.000000000000000000e+00
2.499300000000358978e+03,0.000000000000000000e+00
2.499400000000358887e+03,0.000000000000000000e+00
2.499500000000359250e+03,0.000000000000000000e+00
2.499600000000359159e+03,0.000000000000000000e+00
2.499700000000359069e+03,0.000000000000000000e+00
2.499800000000359432e+03,0.000000000000000000e+00
2.499900000000359341e+03,0.000000000000000000e+00
2.500000000000359250e+03,0.000000000000000000e+00
2.500100000000359159e+03,0.000000000000000000e+00
2.500200000000359069e+03,0.000000000000000000e+00
2.500300000000359432e+03,0.000000000000000000e+00
2.500400000000359341e+03,0.000000000000000000e+00
2.500500000000359250e+03,0.000000000000000000e+00
2.500600000000359614e+03,0.000000000000000000e+00
2.500700000000359523e+03,0.000000000000000000e+00
2.500800000000359432e+03,0.000000000000000000e+00
2.500900000000359341e+03,0.000000000000000000e+00
2.501000000000359250e+03,0.000000000000000000e+00
2.501100000000359614e+03,0.000000000000000000e+00
2.501200000000359523e+03,0.000000000000000000e+00
2.501300000000359432e+03,0.000000000000000000e+00
2.501400000000359796e+03,0.000000000000000000e+00
2.501500000000359705e+03,0.000000000000000000e+00
2.501600000000359614e+03,0.000000000000000000e+00
2.501700000000359523e+03,0.000000000000000000e+00
2.501800000000359432e+03,0.000000000000000000e+00
2.501900000000359796e+03,0.000000000000000000e+00
2.502000000000359705e+03,0.000000000000000000e+00
2.502100000000359614e+03,0.000000000000000000e+00
2.502200000000359978e+03,0.000000000000000000e+00
2.502300000000359887e+03,0.000000000000000000e+00
2.502400000000359796e+03,0.000000000000000000e+00
2.502500000000359705e+03,0.000000000000000000e+00
2.502600000000359614e+03,0.000000000000000000e+00
2.502700000000359978e+03,0.000000000000000000e+00
2.502800000000359887e+03,0.000000000000000000e+00
2.502900000000359796e+03,0.000000000000000000e+00
2.503000000000360160e+03,0.000000000000000000e+00
2.503100000000360069e+03,0.000000000000000000e+00
2.503200000000359978e+03,0.000000000000000000e+00
2.503300000000359887e+03,0.000000000000000000e+00
2.503400000000359796e+03,0.000000000000000000e+00
2.503500000000360160e+03,0.000000000000000000e+00
2.503600000000360069e+03,0.000000000000000000e+00
2.503700000000359978e+03,0.000000000000000000e+00
2.503800000000360342e+03,0.000000000000000000e+00
2.503900000000360251e+03,0.000000000000000000e+00
2.504000000000360160e+03,0.000000000000000000e+00
2.504100000000360069e+03,0.000000000000000000e+00
2.504200000000359978e+03,0.000000000000000000e+00
2.504300000000360342e+03,0.000000000000000000e+00
2.504400000000360251e+03,0.000000000000000000e+00
2.504500000000360160e+03,0.000000000000000000e+00
2.504600000000360524e+03,0.000000000000000000e+00
2.504700000000360433e+03,0.000000000000000000e+00
2.504800000000360342e+03,0.000000000000000000e+00
2.504900000000360251e+03,0.000000000000000000e+00
2.505000000000360160e+03,0.000000000000000000e+00
2.505100000000360524e+03,0.000000000000000000e+00
2.505200000000360433e+03,0.000000000000000000e+00
2.505300000000360342e+03,0.000000000000000000e+00
2.505400000000360706e+03,0.000000000000000000e+00
2.505500000000360615e+03,0.000000000000000000e+00
2.505600000000360524e+03,0.000000000000000000e+00
2.505700000000360433e+03,0.000000000000000000e+00
2.505800000000360342e+03,0.000000000000000000e+00
2.505900000000360706e+03,0.000000000000000000e+00
2.506000000000360615e+03,0.000000000000000000e+00
2.506100000000360524e+03,0.000000000000000000e+00
2.506200000000360887e+03,0.000000000000000000e+00
2.506300000000360797e+03,0.000000000000000000e+00
2.506400000000360706e+03,0.000000000000000000e+00
2.506500000000360615e+03,0.000000000000000000e+00
2.506600000000360524e+03,0.000000000000000000e+00
2.506700000000360887e+03,0.000000000000000000e+00
2.506800000000360797e+03,0.000000000000000000e+00
2.506900000000360706e+03,0.000000000000000000e+00
2.507000000000361069e+03,0.000000000000000000e+00
2.507100000000360978e+03,0.000000000000000000e+00
2.507200000000360887e+03,0.000000000000000000e+00
2.507300000000360797e+03,0.000000000000000000e+00
2.507400000000360706e+03,0.000000000000000000e+00
2.507500000000361069e+03,0.000000000000000000e+00
2.507600000000360978e+03,0.000000000000000000e+00
2.507700000000360887e+03,0.000000000000000000e+00
2.507800000000361251e+03,0.000000000000000000e+00
2.507900000000361160e+03,0.000000000000000000e+00
2.508000000000361069e+03,0.000000000000000000e+00
2.508100000000360978e+03,0.000000000000000000e+00
2.508200000000360887e+03,0.000000000000000000e+00
2.508300000000361251e+03,0.000000000000000000e+00
2.508400000000361160e+03,0.000000000000000000e+00
2.508500000000361069e+03,0.000000000000000000e+00
2.508600000000361433e+03,0.000000000000000000e+00
2.508700000000361342e+03,0.000000000000000000e+00
2.508800000000361251e+03,0.000000000000000000e+00
2.508900000000361160e+03,0.000000000000000000e+00
2.509000000000361069e+03,0.000000000000000000e+00
2.509100000000361433e+03,0.000000000000000000e+00
2.509200000000361342e+03,0.000000000000000000e+00
2.509300000000361251e+03,0.000000000000000000e+00
2.509400000000361615e+03,0.000000000000000000e+00
2.509500000000361524e+03,0.000000000000000000e+00
2.509600000000361433e+03,0.000000000000000000e+00
2.509700000000361342e+03,0.000000000000000000e+00
2.509800000000361251e+03,0.000000000000000000e+00
2.509900000000361615e+03,0.000000000000000000e+00
2.510000000000361524e+03,0.000000000000000000e+00
2.510100000000361433e+03,0.000000000000000000e+00
2.510200000000361797e+03,0.000000000000000000e+00
2.510300000000361706e+03,0.000000000000000000e+00
2.510400000000361615e+03,0.000000000000000000e+00
2.510500000000361524e+03,0.000000000000000000e+00
2.510600000000361433e+03,0.000000000000000000e+00
2.510700000000361797e+03,0.000000000000000000e+00
2.510800000000361706e+03,0.000000000000000000e+00
2.510900000000361615e+03,0.000000000000000000e+00
2.511000000000361979e+03,0.000000000000000000e+00
2.511100000000361888e+03,0.000000000000000000e+00
2.511200000000361797e+03,0.000000000000000000e+00
2.511300000000361706e+03,0.000000000000000000e+00
2.511400000000361615e+03,0.000000000000000000e+00
2.511500000000361979e+03,0.000000000000000000e+00
2.511600000000361888e+03,0.000000000000000000e+00
2.511700000000361797e+03,0.000000000000000000e+00
2.511800000000362161e+03,0.000000000000000000e+00
2.511900000000362070e+03,0.000000000000000000e+00
2.512000000000361979e+03,0.000000000000000000e+00
2.512100000000361888e+03,0.000000000000000000e+00
2.512200000000361797e+03,0.000000000000000000e+00
2.512300000000362161e+03,0.000000000000000000e+00
2.512400000000362070e+03,0.000000000000000000e+00
2.512500000000361979e+03,0.000000000000000000e+00
2.512600000000362343e+03,0.000000000000000000e+00
2.512700000000362252e+03,0.000000000000000000e+00
2.512800000000362161e+03,0.000000000000000000e+00
2.512900000000362070e+03,0.000000000000000000e+00
2.513000000000361979e+03,0.000000000000000000e+00
2.513100000000362343e+03,0.000000000000000000e+00
2.513200000000362252e+03,0.000000000000000000e+00
2.513300000000362161e+03,0.000000000000000000e+00
2.513400000000362525e+03,0.000000000000000000e+00
2.513500000000362434e+03,0.000000000000000000e+00
2.513600000000362343e+03,0.000000000000000000e+00
2.513700000000362252e+03,0.000000000000000000e+00
2.513800000000362161e+03,0.000000000000000000e+00
2.513900000000362525e+03,0.000000000000000000e+00
2.514000000000362434e+03,0.000000000000000000e+00
2.514100000000362343e+03,0.000000000000000000e+00
2.514200000000362706e+03,0.000000000000000000e+00
2.514300000000362616e+03,0.000000000000000000e+00
2.514400000000362525e+03,0.000000000000000000e+00
2.514500000000362434e+03,0.000000000000000000e+00
2.514600000000362343e+03,0.000000000000000000e+00
2.514700000000362706e+03,0.000000000000000000e+00
2.514800000000362616e+03,0.000000000000000000e+00
2.514900000000362525e+03,0.000000000000000000e+00
2.515000000000362888e+03,0.000000000000000000e+00
2.515100000000362797e+03,0.000000000000000000e+00
2.515200000000362706e+03,0.000000000000000000e+00
2.515300000000362616e+03,0.000000000000000000e+00
2.515400000000362525e+03,0.000000000000000000e+00
2.515500000000362888e+03,0.000000000000000000e+00
2.515600000000362797e+03,0.000000000000000000e+00
2.515700000000362706e+03,0.000000000000000000e+00
2.515800000000363070e+03,0.000000000000000000e+00
2.515900000000362979e+03,0.000000000000000000e+00
2.516000000000362888e+03,0.000000000000000000e+00
2.516100000000362797e+03,0.000000000000000000e+00
2.516200000000362706e+03,0.000000000000000000e+00
2.516300000000363070e+03,0.000000000000000000e+00
2.516400000000362979e+03,0.000000000000000000e+00
2.516500000000362888e+03,0.000000000000000000e+00
2.516600000000363252e+03,0.000000000000000000e+00
2.516700000000363161e+03,0.000000000000000000e+00
2.516800000000363070e+03,0.000000000000000000e+00
2.516900000000362979e+03,0.000000000000000000e+00
2.517000000000362888e+03,0.000000000000000000e+00
2.517100000000363252e+03,0.000000000000000000e+00
2.517200000000363161e+03,0.000000000000000000e+00
2.517300000000363070e+03,0.000000000000000000e+00
2.517400000000363434e+03,0.000000000000000000e+00
2.517500000000363343e+03,0.000000000000000000e+00
2.517600000000363252e+03,0.000000000000000000e+00
2.517700000000363161e+03,0.000000000000000000e+00
2.517800000000363070e+03,0.000000000000000000e+00
2.517900000000363434e+03,0.000000000000000000e+00
2.518000000000363343e+03,0.000000000000000000e+00
2.518100000000363252e+03,0.000000000000000000e+00
2.518200000000363616e+03,0.000000000000000000e+00
2.518300000000363525e+03,0.000000000000000000e+00
2.518400000000363434e+03,0.000000000000000000e+00
2.518500000000363343e+03,0.000000000000000000e+00
2.518600000000363252e+03,0.000000000000000000e+00
2.518700000000363616e+03,0.000000000000000000e+00
2.518800000000363525e+03,0.000000000000000000e+00
2.518900000000363434e+03,0.000000000000000000e+00
2.519000000000363798e+03,0.000000000000000000e+00
2.519100000000363707e+03,0.000000000000000000e+00
2.519200000000363616e+03,0.000000000000000000e+00
2.519300000000363525e+03,0.000000000000000000e+00
2.519400000000363434e+03,0.000000000000000000e+00
2.519500000000363798e+03,0.000000000000000000e+00
2.519600000000363707e+03,0.000000000000000000e+00
2.519700000000363616e+03,0.000000000000000000e+00
2.519800000000363980e+03,0.000000000000000000e+00
2.519900000000363889e+03,0.000000000000000000e+00
2.520000000000363798e+03,0.000000000000000000e+00
2.520100000000363707e+03,0.000000000000000000e+00
2.520200000000363616e+03,0.000000000000000000e+00
2.520300000000363980e+03,0.000000000000000000e+00
2.520400000000363889e+03,0.000000000000000000e+00
2.520500000000363798e+03,0.000000000000000000e+00
2.520600000000364162e+03,0.000000000000000000e+00
2.520700000000364071e+03,0.000000000000000000e+00
2.520800000000363980e+03,0.000000000000000000e+00
2.520900000000363889e+03,0.000000000000000000e+00
2.521000000000363798e+03,0.000000000000000000e+00
2.521100000000364162e+03,0.000000000000000000e+00
2.521200000000364071e+03,0.000000000000000000e+00
2.521300000000363980e+03,0.000000000000000000e+00
2.521400000000364344e+03,0.000000000000000000e+00
2.521500000000364253e+03,0.000000000000000000e+00
2.521600000000364162e+03,0.000000000000000000e+00
2.521700000000364071e+03,0.000000000000000000e+00
2.521800000000363980e+03,0.000000000000000000e+00
2.521900000000364344e+03,0.000000000000000000e+00
2.522000000000364253e+03,0.000000000000000000e+00
2.522100000000364162e+03,0.000000000000000000e+00
2.522200000000364525e+03,0.000000000000000000e+00
2.522300000000364435e+03,0.000000000000000000e+00
2.522400000000364344e+03,0.000000000000000000e+00
2.522500000000364253e+03,0.000000000000000000e+00
2.522600000000364162e+03,0.000000000000000000e+00
2.522700000000364525e+03,0.000000000000000000e+00
2.522800000000364435e+03,0.000000000000000000e+00
2.522900000000364344e+03,0.000000000000000000e+00
2.523000000000364707e+03,0.000000000000000000e+00
2.523100000000364616e+03,0.000000000000000000e+00
2.523200000000364525e+03,0.000000000000000000e+00
2.523300000000364435e+03,0.000000000000000000e+00
2.523400000000364344e+03,0.000000000000000000e+00
2.523500000000364707e+03,0.000000000000000000e+00
2.523600000000364616e+03,0.000000000000000000e+00
2.523700000000364525e+03,0.000000000000000000e+00
2.523800000000364889e+03,0.000000000000000000e+00
2.523900000000364798e+03,0.000000000000000000e+00
2.524000000000364707e+03,0.000000000000000000e+00
2.524100000000364616e+03,0.000000000000000000e+00
2.524200000000364525e+03,0.000000000000000000e+00
2.524300000000364889e+03,0.000000000000000000e+00
2.524400000000364798e+03,0.000000000000000000e+00
2.524500000000364707e+03,0.000000000000000000e+00
2.524600000000365071e+03,0.000000000000000000e+00
2.524700000000364980e+03,0.000000000000000000e+00
2.524800000000364889e+03,0.000000000000000000e+00
2.524900000000364798e+03,0.000000000000000000e+00
2.525000000000364707e+03,0.000000000000000000e+00
2.525100000000365071e+03,0.000000000000000000e+00
2.525200000000364980e+03,0.000000000000000000e+00
2.525300000000364889e+03,0.000000000000000000e+00
2.525400000000365253e+03,0.000000000000000000e+00
2.525500000000365162e+03,0.000000000000000000e+00
2.525600000000365071e+03,0.000000000000000000e+00
2.525700000000364980e+03,0.000000000000000000e+00
2.525800000000364889e+03,0.000000000000000000e+00
2.525900000000365253e+03,0.000000000000000000e+00
2.526000000000365162e+03,0.000000000000000000e+00
2.526100000000365071e+03,0.000000000000000000e+00
2.526200000000365435e+03,0.000000000000000000e+00
2.526300000000365344e+03,0.000000000000000000e+00
2.526400000000365253e+03,0.000000000000000000e+00
2.526500000000365162e+03,0.000000000000000000e+00
2.526600000000365071e+03,0.000000000000000000e+00
2.526700000000365435e+03,0.000000000000000000e+00
2.526800000000365344e+03,0.000000000000000000e+00
2.526900000000365253e+03,0.000000000000000000e+00
2.527000000000365617e+03,0.000000000000000000e+00
2.527100000000365526e+03,0.000000000000000000e+00
2.527200000000365435e+03,0.000000000000000000e+00
2.527300000000365344e+03,0.000000000000000000e+00
2.527400000000365253e+03,0.000000000000000000e+00
2.527500000000365617e+03,0.000000000000000000e+00
2.527600000000365526e+03,0.000000000000000000e+00
2.527700000000365435e+03,0.000000000000000000e+00
2.527800000000365799e+03,0.000000000000000000e+00
2.527900000000365708e+03,0.000000000000000000e+00
2.528000000000365617e+03,0.000000000000000000e+00
2.528100000000365526e+03,0.000000000000000000e+00
2.528200000000365435e+03,0.000000000000000000e+00
2.528300000000365799e+03,0.000000000000000000e+00
2.528400000000365708e+03,0.000000000000000000e+00
2.528500000000365617e+03,0.000000000000000000e+00
2.528600000000365981e+03,0.000000000000000000e+00
2.528700000000365890e+03,0.000000000000000000e+00
2.528800000000365799e+03,0.000000000000000000e+00
2.528900000000365708e+03,0.000000000000000000e+00
2.529000000000365617e+03,0.000000000000000000e+00
2.529100000000365981e+03,0.000000000000000000e+00
2.529200000000365890e+03,0.000000000000000000e+00
2.529300000000365799e+03,0.000000000000000000e+00
2.529400000000366163e+03,0.000000000000000000e+00
2.529500000000366072e+03,0.000000000000000000e+00
2.529600000000365981e+03,0.000000000000000000e+00
2.529700000000365890e+03,0.000000000000000000e+00
2.529800000000365799e+03,0.000000000000000000e+00
2.529900000000366163e+03,0.000000000000000000e+00
2.530000000000366072e+03,0.000000000000000000e+00
2.530100000000365981e+03,0.000000000000000000e+00
2.530200000000366344e+03,0.000000000000000000e+00
2.530300000000366254e+03,0.000000000000000000e+00
2.530400000000366163e+03,0.000000000000000000e+00
2.530500000000366072e+03,0.000000000000000000e+00
2.530600000000365981e+03,0.000000000000000000e+00
2.530700000000366344e+03,0.000000000000000000e+00
2.530800000000366254e+03,0.000000000000000000e+00
2.530900000000366163e+03,0.000000000000000000e+00
2.531000000000366526e+03,0.000000000000000000e+00
2.531100000000366435e+03,0.000000000000000000e+00
2.531200000000366344e+03,0.000000000000000000e+00
2.531300000000366254e+03,0.000000000000000000e+00
2.531400000000366163e+03,0.000000000000000000e+00
2.531500000000366526e+03,0.000000000000000000e+00
2.531600000000366435e+03,0.000000000000000000e+00
2.531700000000366344e+03,0.000000000000000000e+00
2.531800000000366708e+03,0.000000000000000000e+00
2.531900000000366617e+03,0.000000000000000000e+00
2.532000000000366526e+03,0.000000000000000000e+00
2.532100000000366435e+03,0.000000000000000000e+00
2.532200000000366344e+03,0.000000000000000000e+00
2.532300000000366708e+03,0.000000000000000000e+00
2.532400000000366617e+03,0.000000000000000000e+00
2.532500000000366526e+03,0.000000000000000000e+00
2.532600000000366890e+03,0.000000000000000000e+00
2.532700000000366799e+03,0.000000000000000000e+00
2.532800000000366708e+03,0.000000000000000000e+00
2.532900000000366617e+03,0.000000000000000000e+00
2.533000000000366526e+03,0.000000000000000000e+00
2.533100000000366890e+03,0.000000000000000000e+00
2.533200000000366799e+03,0.000000000000000000e+00
2.533300000000366708e+03,0.000000000000000000e+00
2.533400000000367072e+03,0.000000000000000000e+00
2.533500000000366981e+03,0.000000000000000000e+00
2.533600000000366890e+03,0.000000000000000000e+00
2.533700000000366799e+03,0.000000000000000000e+00
2.533800000000366708e+03,0.000000000000000000e+00
2.533900000000367072e+03,0.000000000000000000e+00
2.534000000000366981e+03,0.000000000000000000e+00
2.534100000000366890e+03,0.000000000000000000e+00
2.534200000000367254e+03,0.000000000000000000e+00
2.534300000000367163e+03,0.000000000000000000e+00
2.534400000000367072e+03,0.000000000000000000e+00
2.534500000000366981e+03,0.000000000000000000e+00
2.534600000000366890e+03,0.000000000000000000e+00
2.534700000000367254e+03,0.000000000000000000e+00
2.534800000000367163e+03,0.000000000000000000e+00
2.534900000000367072e+03,0.000000000000000000e+00
2.535000000000367436e+03,0.000000000000000000e+00
2.535100000000367345e+03,0.000000000000000000e+00
2.535200000000367254e+03,0.000000000000000000e+00
2.535300000000367163e+03,0.000000000000000000e+00
2.535400000000367072e+03,0.000000000000000000e+00
2.535500000000367436e+03,0.000000000000000000e+00
2.535600000000367345e+03,0.000000000000000000e+00
2.535700000000367254e+03,0.000000000000000000e+00
2.535800000000367618e+03,0.000000000000000000e+00
2.535900000000367527e+03,0.000000000000000000e+00
2.536000000000367436e+03,0.000000000000000000e+00
2.536100000000367345e+03,0.000000000000000000e+00
2.536200000000367254e+03,0.000000000000000000e+00
2.536300000000367618e+03,0.000000000000000000e+00
2.536400000000367527e+03,0.000000000000000000e+00
2.536500000000367436e+03,0.000000000000000000e+00
2.536600000000367800e+03,0.000000000000000000e+00
2.536700000000367709e+03,0.000000000000000000e+00
2.536800000000367618e+03,0.000000000000000000e+00
2.536900000000367527e+03,0.000000000000000000e+00
2.537000000000367436e+03,0.000000000000000000e+00
2.537100000000367800e+03,0.000000000000000000e+00
2.537200000000367709e+03,0.000000000000000000e+00
2.537300000000367618e+03,0.000000000000000000e+00
2.537400000000367982e+03,0.000000000000000000e+00
2.537500000000367891e+03,0.000000000000000000e+00
2.537600000000367800e+03,0.000000000000000000e+00
2.537700000000367709e+03,0.000000000000000000e+00
2.537800000000367618e+03,0.000000000000000000e+00
2.537900000000367982e+03,0.000000000000000000e+00
2.538000000000367891e+03,0.000000000000000000e+00
2.538100000000367800e+03,0.000000000000000000e+00
2.538200000000368163e+03,0.000000000000000000e+00
2.538300000000368073e+03,0.000000000000000000e+00
2.538400000000367982e+03,0.000000000000000000e+00
2.538500000000367891e+03,0.000000000000000000e+00
2.538600000000367800e+03,0.000000000000000000e+00
2.538700000000368163e+03,0.000000000000000000e+00
2.538800000000368073e+03,0.000000000000000000e+00
2.538900000000367982e+03,0.000000000000000000e+00
2.539000000000368345e+03,0.000000000000000000e+00
2.539100000000368254e+03,0.000000000000000000e+00
2.539200000000368163e+03,0.000000000000000000e+00
2.539300000000368073e+03,0.000000000000000000e+00
2.539400000000367982e+03,0.000000000000000000e+00
2.539500000000368345e+03,0.000000000000000000e+00
2.539600000000368254e+03,0.000000000000000000e+00
2.539700000000368163e+03,0.000000000000000000e+00
2.539800000000368527e+03,0.000000000000000000e+00
2.539900000000368436e+03,0.000000000000000000e+00
2.540000000000368345e+03,0.000000000000000000e+00
2.540100000000368254e+03,0.000000000000000000e+00
2.540200000000368163e+03,0.000000000000000000e+00
2.540300000000368527e+03,0.000000000000000000e+00
2.540400000000368436e+03,0.000000000000000000e+00
2.540500000000368345e+03,0.000000000000000000e+00
2.540600000000368709e+03,0.000000000000000000e+00
2.540700000000368618e+03,0.000000000000000000e+00
2.540800000000368527e+03,0.000000000000000000e+00
2.540900000000368436e+03,0.000000000000000000e+00
2.541000000000368345e+03,0.000000000000000000e+00
2.541100000000368709e+03,0.000000000000000000e+00
2.541200000000368618e+03,0.000000000000000000e+00
2.541300000000368527e+03,0.000000000000000000e+00
2.541400000000368891e+03,0.000000000000000000e+00
2.541500000000368800e+03,0.000000000000000000e+00
2.541600000000368709e+03,0.000000000000000000e+00
2.541700000000368618e+03,0.000000000000000000e+00
2.541800000000368527e+03,0.000000000000000000e+00
2.541900000000368891e+03,0.000000000000000000e+00
2.542000000000368800e+03,0.000000000000000000e+00
2.542100000000368709e+03,0.000000000000000000e+00
2.542200000000369073e+03,0.000000000000000000e+00
2.542300000000368982e+03,0.000000000000000000e+00
2.542400000000368891e+03,0.000000000000000000e+00
2.542500000000368800e+03,0.000000000000000000e+00
2.542600000000368709e+03,0.000000000000000000e+00
2.542700000000369073e+03,0.000000000000000000e+00
2.542800000000368982e+03,0.000000000000000000e+00
2.542900000000368891e+03,0.000000000000000000e+00
2.543000000000369255e+03,0.000000000000000000e+00
2.543100000000369164e+03,0.000000000000000000e+00
2.543200000000369073e+03,0.000000000000000000e+00
2.543300000000368982e+03,0.000000000000000000e+00
2.543400000000368891e+03,0.000000000000000000e+00
2.543500000000369255e+03,0.000000000000000000e+00
2.543600000000369164e+03,0.000000000000000000e+00
2.543700000000369073e+03,0.000000000000000000e+00
2.543800000000369437e+03,0.000000000000000000e+00
2.543900000000369346e+03,0.000000000000000000e+00
2.544000000000369255e+03,0.000000000000000000e+00
2.544100000000369164e+03,0.000000000000000000e+00
2.544200000000369073e+03,0.000000000000000000e+00
2.544300000000369437e+03,0.000000000000000000e+00
2.544400000000369346e+03,0.000000000000000000e+00
2.544500000000369255e+03,0.000000000000000000e+00
2.544600000000369619e+03,0.000000000000000000e+00
2.544700000000369528e+03,0.000000000000000000e+00
2.544800000000369437e+03,0.000000000000000000e+00
2.544900000000369346e+03,0.000000000000000000e+00
2.545000000000369255e+03,0.000000000000000000e+00
2.545100000000369619e+03,0.000000000000000000e+00
2.545200000000369528e+03,0.000000000000000000e+00
2.545300000000369437e+03,0.000000000000000000e+00
2.545400000000369801e+03,0.000000000000000000e+00
2.545500000000369710e+03,0.000000000000000000e+00
2.545600000000369619e+03,0.000000000000000000e+00
2.545700000000369528e+03,0.000000000000000000e+00
2.545800000000369437e+03,0.000000000000000000e+00
2.545900000000369801e+03,0.000000000000000000e+00
2.546000000000369710e+03,0.000000000000000000e+00
2.546100000000369619e+03,0.000000000000000000e+00
2.546200000000369982e+03,0.000000000000000000e+00
2.546300000000369891e+03,0.000000000000000000e+00
2.546400000000369801e+03,0.000000000000000000e+00
2.546500000000369710e+03,0.000000000000000000e+00
2.546600000000369619e+03,0.000000000000000000e+00
2.546700000000369982e+03,0.000000000000000000e+00
2.546800000000369891e+03,0.000000000000000000e+00
2.546900000000369801e+03,0.000000000000000000e+00
2.547000000000370164e+03,0.000000000000000000e+00
2.547100000000370073e+03,0.000000000000000000e+00
2.547200000000369982e+03,0.000000000000000000e+00
2.547300000000369891e+03,0.000000000000000000e+00
2.547400000000369801e+03,0.000000000000000000e+00
2.547500000000370164e+03,0.000000000000000000e+00
2.547600000000370073e+03,0.000000000000000000e+00
2.547700000000369982e+03,0.000000000000000000e+00
2.547800000000370346e+03,0.000000000000000000e+00
2.547900000000370255e+03,0.000000000000000000e+00
2.548000000000370164e+03,0.000000000000000000e+00
2.548100000000370073e+03,0.000000000000000000e+00
2.548200000000369982e+03,0.000000000000000000e+00
2.548300000000370346e+03,0.000000000000000000e+00
2.548400000000370255e+03,0.000000000000000000e+00
2.548500000000370164e+03,0.000000000000000000e+00
2.548600000000370528e+03,0.000000000000000000e+00
2.548700000000370437e+03,0.000000000000000000e+00
2.548800000000370346e+03,0.000000000000000000e+00
2.548900000000370255e+03,0.000000000000000000e+00
2.549000000000370164e+03,0.000000000000000000e+00
2.549100000000370528e+03,0.000000000000000000e+00
2.549200000000370437e+03,0.000000000000000000e+00
2.549300000000370346e+03,0.000000000000000000e+00
2.549400000000370710e+03,0.000000000000000000e+00
2.549500000000370619e+03,0.000000000000000000e+00
2.549600000000370528e+03,0.000000000000000000e+00
2.549700000000370437e+03,0.000000000000000000e+00
2.549800000000370346e+03,0.000000000000000000e+00
2.549900000000370710e+03,0.000000000000000000e+00
