wavelength_um,emissivity
0.8,0.71221527951854
0.800332066413283,0.713264042471114
0.800664132826565,0.714290289456974
0.800996199239848,0.715324573635274
0.801328265653131,0.716341114901431
0.801660332066413,0.717399837451394
0.801992398479696,0.718471183051313
0.802324464892979,0.719519143574738
0.802656531306261,0.720544837040298
0.802988597719544,0.72156360662978
0.803320664132827,0.722666630821678
0.803652730546109,0.723814935273772
0.803984796959392,0.724960557040595
0.804316863372674,0.72606663566249
0.804648929785957,0.727147953187743
0.80498099619924,0.728108691198399
0.805313062612522,0.729046062794744
0.805645129025805,0.729932987266894
0.805977195439088,0.73079113967021
0.806309261852371,0.731655878849204
0.806641328265653,0.732495978390011
0.806973394678936,0.733328925707458
0.807305461092218,0.734170327111439
0.807637527505501,0.735008027144718
0.807969593918784,0.735832894126341
0.808301660332066,0.736644921620684
0.808633726745349,0.737444930526199
0.808965793158632,0.738184498923965
0.809297859571914,0.73890615826168
0.809629925985197,0.739622141057491
0.80996199239848,0.740338077234492
0.810294058811762,0.74105954679854
0.810626125225045,0.741788505409842
0.810958191638328,0.742520099565124
0.81129025805161,0.743248759747744
0.811622324464893,0.743970374064773
0.811954390878176,0.744679695462251
0.812286457291458,0.745347543522775
0.812618523704741,0.746028059051572
0.812950590118024,0.746717433279671
0.813282656531306,0.747399812385394
0.813614722944589,0.747994094918407
0.813946789357872,0.748424573886663
0.814278855771154,0.748832694129804
0.814610922184437,0.749232828525762
0.81494298859772,0.749638261765143
0.815275055011002,0.750104817258937
0.815607121424285,0.750628552182415
0.815939187837567,0.751159884997301
0.81627125425085,0.751861885904341
0.816603320664133,0.752555063032081
0.816935387077415,0.753241063379981
0.817267453490698,0.753921307070293
0.817599519903981,0.754589762408719
0.817931586317263,0.755231310203977
0.818263652730546,0.755866857389893
0.818595719143829,0.756430384873153
0.818927785557111,0.756971775526924
0.819259851970394,0.757370800175072
0.819591918383677,0.757547586728631
0.819923984796959,0.757720225683512
0.820256051210242,0.757890506989681
0.820588117623525,0.758060211068157
0.820920184036807,0.758231043788166
0.82125225045009,0.758404664116831
0.821584316863373,0.75858268786283
0.821916383276655,0.758763307661677
0.822248449689938,0.758938717215078
0.822580516103221,0.759100515262412
0.822912582516503,0.759242094297713
0.823244648929786,0.759366784372125
0.823576715343069,0.759481349072049
0.823908781756351,0.759592375464432
0.824240848169634,0.759702380845573
0.824572914582917,0.75980974421928
0.824904980996199,0.759912661012789
0.825237047409482,0.760013744942024
0.825569113822765,0.760118935862558
0.825901180236047,0.760219064734881
0.82623324664933,0.760314585291896
0.826565313062612,0.760405586757774
0.826897379475895,0.760491942961659
0.827229445889178,0.760573525757147
0.82756151230246,0.760650269582588
0.827893578715743,0.760722214296857
0.828225645129026,0.760789409724795
0.828557711542308,0.760851893186302
0.828889777955591,0.760909636214017
0.829221844368874,0.760962588467782
0.829553910782156,0.761010704294648
0.829885977195439,0.761322753607598
0.830218043608722,0.76165468138134
0.830550110022004,0.761955499273228
0.830882176435287,0.762224720114279
0.83121424284857,0.762486806707595
0.831546309261852,0.762718540755406
0.831878375675135,0.762944137089108
0.832210442088418,0.763147573582096
0.8325425085017,0.76333926361555
0.832874574914983,0.763481429260887
0.833206641328266,0.763462050551794
0.833538707741548,0.763443826362204
0.833870774154831,0.763426587779733
0.834202840568114,0.763409982043485
0.834534906981396,0.763392720655296
0.834866973394679,0.763373218099454
0.835199039807962,0.763349884507527
0.835531106221244,0.763321044369652
0.835863172634527,0.763284941327914
0.83619523904781,0.763239818725302
0.836527305461092,0.763186375189587
0.836859371874375,0.763132076832671
0.837191438287658,0.763085547774308
0.83752350470094,0.763054462709914
0.837855571114223,0.763018821096403
0.838187637527505,0.762983578077642
0.838519703940788,0.762942760522178
0.838851770354071,0.762878928455699
0.839183836767354,0.762804890559113
0.839515903180636,0.762691501324821
0.839847969593919,0.762554415861727
0.840180036007201,0.762404864569399
0.840512102420484,0.76225401779052
0.840844168833767,0.762110625944412
0.841176235247049,0.76190013049241
0.841508301660332,0.761693478373179
0.841840368073615,0.761483413865816
0.842172434486897,0.76126474697466
0.84250450090018,0.761037783998377
0.842836567313463,0.76080373112828
0.843168633726745,0.760563877672342
0.843500700140028,0.760320224282465
0.843832766553311,0.760075148694267
0.844164832966593,0.75987316304376
0.844496899379876,0.759754054001023
0.844828965793159,0.759634360735451
0.845161032206441,0.759511647661667
0.845493098619724,0.7593836779964
0.845825165033007,0.759249150651891
0.846157231446289,0.759107035294861
0.846489297859572,0.758956512842463
0.846821364272854,0.758800630483876
0.847153430686137,0.758645809815643
0.84748549709942,0.758498585211134
0.847817563512703,0.758361699449971
0.848149629925985,0.758179518098576
0.848481696339268,0.7578357118483
0.84881376275255,0.757478994305503
0.849145829165833,0.757130052284374
0.849477895579116,0.756773449941971
0.849809961992398,0.756416700615194
0.850142028405681,0.756067082735935
0.850474094818964,0.755709587046634
0.850806161232247,0.755611545939294
0.851138227645529,0.755515573906628
0.851470294058812,0.755264760631245
0.851802360472094,0.754889555890287
0.852134426885377,0.754505275463
0.85246649329866,0.754073675601728
0.852798559711942,0.753644743476543
0.853130626125225,0.753122134657653
0.853462692538508,0.752553071874562
0.85379475895179,0.751995394082667
0.854126825365073,0.751457450621308
0.854458891778356,0.750916228542185
0.854790958191638,0.75036586787285
0.855123024604921,0.749799341280399
0.855455091018204,0.749234860426154
0.855787157431486,0.74867953034981
0.856119223844769,0.748115850817447
0.856451290258052,0.74756801745682
0.856783356671334,0.747039633141882
0.857115423084617,0.746483020856801
0.8574474894979,0.74589584715322
0.857779555911182,0.745227811638522
0.858111622324465,0.744282775515379
0.858443688737747,0.743320702999876
0.85877575515103,0.742569100937208
0.859107821564313,0.741882366219908
0.859439887977596,0.741182099309594
0.859771954390878,0.740455894793525
0.860104020804161,0.739719539543666
0.860436087217443,0.739109007510646
0.860768153630726,0.738507238234015
0.861100220044009,0.73790858163555
0.861432286457291,0.737312662019498
0.861764352870574,0.736714360181326
0.862096419283857,0.73612976828949
0.862428485697139,0.73552702421523
0.862760552110422,0.734897383725982
0.863092618523705,0.734264966577821
0.863424684936987,0.733638390356729
0.86375675135027,0.733015361005671
0.864088817763553,0.732385093334858
0.864420884176835,0.7317608276298
0.864752950590118,0.731120394384826
0.865085017003401,0.730270353326207
0.865417083416683,0.729125770959909
0.865749149829966,0.728001608545851
0.866081216243249,0.726947714490797
0.866413282656531,0.725887544817085
0.866745349069814,0.724817620373087
0.867077415483097,0.723729473822994
0.867409481896379,0.722623258592676
0.867741548309662,0.721513752140607
0.868073614722945,0.72041292444142
0.868405681136227,0.71932121702678
0.86873774754951,0.718236230929029
0.869069813962793,0.717146614953412
0.869401880376075,0.71604134123721
0.869733946789358,0.714946536195751
0.87006601320264,0.713839433873533
0.870398079615923,0.712742137809137
0.870730146029206,0.71163042663959
0.871062212442488,0.710485837769774
0.871394278855771,0.709310828672404
0.871726345269054,0.708078226766131
0.872058411682336,0.706827598449077
0.872390478095619,0.705901575365961
0.872722544508902,0.705182754189982
0.873054610922184,0.704454002245634
0.873386677335467,0.703693024173802
0.87371874374875,0.70292361322826
0.874050810162032,0.702220715709175
0.874382876575315,0.701532505716518
0.874714942988598,0.700837617036659
0.87504700940188,0.700126618136697
0.875379075815163,0.699401652587558
0.875711142228446,0.698639624302151
0.876043208641728,0.69787136764914
0.876375275055011,0.697074452449808
0.876707341468294,0.696259598383007
0.877039407881576,0.695462865278198
0.877371474294859,0.694646330507709
0.877703540708142,0.693821751742725
0.878035607121424,0.692971235576161
0.878367673534707,0.692090505621928
0.87869973994799,0.691191516606683
0.879031806361272,0.690287259410042
0.879363872774555,0.689385812838588
0.879695939187838,0.688394007076462
0.88002800560112,0.687363579617847
0.880360072014403,0.68629953604123
0.880692138427686,0.68520919668116
0.881024204840968,0.684113612235123
0.881356271254251,0.682933236993805
0.881688337667533,0.681775386888601
0.882020404080816,0.680565750001973
0.882352470494099,0.679296431658331
0.882684536907381,0.677989227596854
0.883016603320664,0.676620899852014
0.883348669733947,0.67523021889803
0.883680736147229,0.673877127994693
0.884012802560512,0.672537679521727
0.884344868973795,0.671207327495601
0.884676935387077,0.66990411482418
0.88500900180036,0.668605974823018
0.885341068213643,0.667341350223556
0.885673134626925,0.666079122371764
0.886005201040208,0.664778139451514
0.886337267453491,0.663432080321622
0.886669333866773,0.662075603222532
0.887001400280056,0.660577444989212
0.887333466693339,0.659081976890707
0.887665533106621,0.657632639200448
0.887997599519904,0.656211419902825
0.888329665933187,0.654779631803507
0.888661732346469,0.6532354360655
0.888993798759752,0.651677100389292
0.889325865173035,0.650114692373512
0.889657931586317,0.648524175513967
0.8899899979996,0.646924047405388
0.890322064412883,0.645339601227475
0.890654130826165,0.64377314831599
0.890986197239448,0.642033742611521
0.89131826365273,0.640275959357883
0.891650330066013,0.638448671529368
0.891982396479296,0.636563457554865
0.892314462892579,0.634689000121256
0.892646529305861,0.632811176785468
0.892978595719144,0.630970914553138
0.893310662132426,0.629101001285981
0.893642728545709,0.627211094584404
0.893974794958992,0.62539161542844
0.894306861372274,0.623799318186478
0.894638927785557,0.62220495754077
0.89497099419884,0.620646260324029
0.895303060612122,0.619086622450397
0.895635127025405,0.617608531088197
0.895967193438688,0.6162353411003
0.89629925985197,0.614787323132968
0.896631326265253,0.613367874069654
0.896963392678536,0.611929085602553
0.897295459091818,0.610499813937745
0.897627525505101,0.609090805915803
0.897959591918384,0.607731818088106
0.898291658331666,0.606566050850805
0.898623724744949,0.605414050374345
0.898955791158232,0.604262029290734
0.899287857571514,0.603095282910242
0.899619923984797,0.601825331158891
0.89995199039808,0.600344393834724
0.900284056811362,0.59884422929281
0.900616123224645,0.597527899573907
0.900948189637928,0.59623799244965
0.90128025605121,0.594967211233622
0.901612322464493,0.593714861745897
0.901944388877776,0.592460331826673
0.902276455291058,0.591283897364078
0.902608521704341,0.590108825568209
0.902940588117623,0.588653376654625
0.903272654530906,0.587041524920556
0.903604720944189,0.58537313141833
0.903936787357472,0.583469162215523
0.904268853770754,0.581566752143257
0.904600920184037,0.579660178443686
0.904932986597319,0.57774325732288
0.905265053010602,0.575829431840805
0.905597119423885,0.573948704835885
0.905929185837167,0.572097835416314
0.90626125225045,0.570509094396012
0.906593318663733,0.568980518316322
0.906925385077015,0.567623590539917
0.907257451490298,0.566386685216723
0.907589517903581,0.565088941396305
0.907921584316863,0.563703861143133
0.908253650730146,0.56228774708297
0.908585717143429,0.560826848703215
0.908917783556711,0.559361089567453
0.909249849969994,0.557885934867289
0.909581916383277,0.556341035055255
0.909913982796559,0.554871272031707
0.910246049209842,0.553803862337669
0.910578115623125,0.552840850160077
0.910910182036407,0.552010717897078
0.91124224844969,0.551347638088601
0.911574314862973,0.550681227824608
0.911906381276255,0.549910048216995
0.912238447689538,0.549117148305014
0.912570514102821,0.548297846711348
0.912902580516103,0.547477465760962
0.913234646929386,0.54664985242723
0.913566713342669,0.545767956881233
0.913898779755951,0.544853315858273
0.914230846169234,0.543890789846588
0.914562912582516,0.542889436153958
0.914894978995799,0.541871505461623
0.915227045409082,0.540859349615759
0.915559111822364,0.539841668182979
0.915891178235647,0.538837772863466
0.91622324464893,0.537846074576495
0.916555311062212,0.536864228724518
0.916887377475495,0.535896632155196
0.917219443888778,0.534949740612181
0.91755151030206,0.534029302612714
0.917883576715343,0.533126873495052
0.918215643128626,0.532100798849136
0.918547709541908,0.5309783314099
0.918879775955191,0.529836253765713
0.919211842368474,0.528738033056259
0.919543908781756,0.527618915131584
0.919875975195039,0.526261144331022
0.920208041608322,0.524838021159842
0.920540108021604,0.523398527052196
0.920872174434887,0.52193530476375
0.92120424084817,0.520480329224986
0.921536307261452,0.519028521826722
0.921868373674735,0.517574230639605
0.922200440088018,0.516112966619797
0.9225325065013,0.514645815679698
0.922864572914583,0.513170285425245
0.923196639327866,0.511650156273151
0.923528705741148,0.510135817244258
0.923860772154431,0.508602405757652
0.924192838567714,0.507077507855952
0.924524904980996,0.505607542941441
0.924856971394279,0.504231495587587
0.925189037807562,0.5028651095456
0.925521104220844,0.501668704485919
0.925853170634127,0.50050472735062
0.926185237047409,0.499367799066355
0.926517303460692,0.498270719290481
0.926849369873975,0.497184202078671
0.927181436287257,0.496303233023925
0.92751350270054,0.495416806596416
0.927845569113823,0.494504182856565
0.928177635527105,0.493584432466249
0.928509701940388,0.492678708690609
0.928841768353671,0.49180048366674
0.929173834766953,0.490945578404135
0.929505901180236,0.490133056798296
0.929837967593519,0.489319003539405
0.930170034006801,0.488476617178876
0.930502100420084,0.487607151825848
0.930834166833367,0.486714032278563
0.931166233246649,0.485940258569051
0.931498299659932,0.485167576737805
0.931830366073215,0.484360786974029
0.932162432486497,0.483522825766925
0.93249449889978,0.482685983686587
0.932826565313063,0.481855047215646
0.933158631726345,0.481034795174992
0.933490698139628,0.479995273662881
0.933822764552911,0.478827674340111
0.934154830966193,0.477644280636527
0.934486897379476,0.476482159345835
0.934818963792758,0.475304049362261
0.935151030206041,0.474154034447916
0.935483096619324,0.473003612414919
0.935815163032606,0.471843567518081
0.936147229445889,0.470673961039858
0.936479295859172,0.469494629814982
0.936811362272455,0.468353446203435
0.937143428685737,0.467178924761086
0.93747549509902,0.465963874578044
0.937807561512302,0.464672647387588
0.938139627925585,0.463283616725666
0.938471694338868,0.461847717214918
0.93880376075215,0.460419494757395
0.939135827165433,0.459079787593883
0.939467893578716,0.457805925036408
0.939799959991998,0.45658182575473
0.940132026405281,0.455419259569462
0.940464092818564,0.454273651682789
0.940796159231846,0.453471236391284
0.941128225645129,0.452748455338393
0.941460292058412,0.452069628372012
0.941792358471694,0.451435107446959
0.942124424884977,0.450805359940175
0.94245649129826,0.450226861614551
0.942788557711542,0.44964347170786
0.943120624124825,0.448991644748231
0.943452690538108,0.448291188090786
0.94378475695139,0.447581067861641
0.944116823364673,0.446828590275375
0.944448889777955,0.446084306710011
0.944780956191238,0.445227579488303
0.945113022604521,0.444337437716265
0.945445089017804,0.443381222978659
0.945777155431086,0.442276674804424
0.946109221844369,0.441168116606102
0.946441288257652,0.439997203771573
0.946773354670934,0.438800951015018
0.947105421084217,0.437594234111098
0.947437487497499,0.436423304139749
0.947769553910782,0.435339375663762
0.948101620324065,0.434384453238248
0.948433686737348,0.433535279293986
0.94876575315063,0.432740860870625
0.949097819563913,0.431950414673894
0.949429885977195,0.431132198787698
0.949761952390478,0.430277789418473
0.950094018803761,0.42938013553377
0.950426085217043,0.428481485683888
0.950758151630326,0.427558978046526
0.951090218043609,0.426593968151474
0.951422284456891,0.425586176590343
0.951754350870174,0.424575592353415
0.952086417283457,0.423779735440639
0.952418483696739,0.422987342819858
0.952750550110022,0.42230861531084
0.953082616523305,0.421721257233798
0.953414682936587,0.421092762834915
0.95374674934987,0.420284083700227
0.954078815763153,0.419441397674968
0.954410882176435,0.418518171038875
0.954742948589718,0.417530705772941
0.955075015003001,0.416499736967022
0.955407081416283,0.415439280353583
0.955739147829566,0.414364034560623
0.956071214242849,0.413232479573795
0.956403280656131,0.412070806561268
0.956735347069414,0.410842249069818
0.957067413482697,0.409520249814517
0.957399479895979,0.408138897288344
0.957731546309262,0.406712565784094
0.958063612722544,0.405255878454873
0.958395679135827,0.40380656162691
0.95872774554911,0.40233354791007
0.959059811962392,0.400779286371101
0.959391878375675,0.399086136460329
0.959723944788958,0.397317226106368
0.96005601120224,0.395499179676901
0.960388077615523,0.393658414108443
0.960720144028806,0.391868501181222
0.961052210442088,0.390192144273325
0.961384276855371,0.388507872182947
0.961716343268654,0.386927245923051
0.962048409681936,0.385378562225911
0.962380476095219,0.383855959961241
0.962712542508502,0.382352456939274
0.963044608921784,0.380875112711951
0.963376675335067,0.379476563045626
0.96370874174835,0.378099065190857
0.964040808161632,0.376387358165726
0.964372874574915,0.374511885356642
0.964704940988197,0.372694532960266
0.96503700740148,0.370979017637451
0.965369073814763,0.369312354646924
0.965701140228046,0.367684099445865
0.966033206641328,0.366084448951837
0.966365273054611,0.364522973401354
0.966697339467894,0.363030354566011
0.967029405881176,0.361638514506689
0.967361472294459,0.360367285374409
0.967693538707741,0.359197086677253
0.968025605121024,0.358134581330899
0.968357671534307,0.357568069828404
0.968689737947589,0.357197674974652
0.969021804360872,0.356882506793924
0.969353870774155,0.356632992595328
0.969685937187438,0.356463435928178
0.97001800360072,0.35639508685283
0.970350070014003,0.356449902578414
0.970682136427285,0.356642109408581
0.971014202840568,0.356941946280648
0.971346269253851,0.357304078750034
0.971678335667133,0.357684403735626
0.972010402080416,0.358068807222404
0.972342468493699,0.358474297511027
0.972674534906981,0.358919304820526
0.973006601320264,0.359415914850385
0.973338667733547,0.359956771124156
0.973670734146829,0.360530804926944
0.974002800560112,0.361128014201765
0.974334866973395,0.361749589256279
0.974666933386677,0.362403463695614
0.97499899979996,0.363097596032104
0.975331066213243,0.363835865302425
0.975663132626525,0.364615153543676
0.975995199039808,0.365431656217905
0.976327265453091,0.366280747206091
0.976659331866373,0.367153298488853
0.976991398279656,0.36803867568033
0.977323464692939,0.368926362257025
0.977655531106221,0.369807942040458
0.977987597519504,0.370677090740291
0.978319663932786,0.371527595560949
0.978651730346069,0.372358692569605
0.978983796759352,0.373185600186921
0.979315863172635,0.374026420360133
0.979647929585917,0.374896300905129
0.9799799959992,0.375781016437919
0.980312062412482,0.376649377011313
0.980644128825765,0.377470412226841
0.980976195239048,0.378237817012208
0.98130826165233,0.37916417930571
0.981640328065613,0.381139802338156
0.981972394478896,0.383232515372564
0.982304460892178,0.385348295182793
0.982636527305461,0.387628679844944
0.982968593718744,0.389869779684112
0.983300660132026,0.391397481109465
0.983632726545309,0.392341963872718
0.983964792958592,0.393262828770934
0.984296859371874,0.394169828987897
0.984628925785157,0.395063302469236
0.98496099219844,0.395941947157152
0.985293058611722,0.396804071463204
0.985625125025005,0.397644212859245
0.985957191438288,0.398454825473798
0.98628925785157,0.399228589285062
0.986621324264853,0.399972557552699
0.986953390678136,0.400716536246984
0.987285457091418,0.40149225682277
0.987617523504701,0.402324693700021
0.987949589917984,0.40323623605107
0.988281656331266,0.405504236954967
0.988613722744549,0.407777919051278
0.988945789157832,0.410043976297033
0.989277855571114,0.412293616964207
0.989609921984397,0.414528863410174
0.98994198839768,0.416781025675022
0.990274054810962,0.419004202837796
0.990606121224245,0.421201542555885
0.990938187637527,0.423375752365499
0.99127025405081,0.425195107535423
0.991602320464093,0.426346735923695
0.991934386877376,0.427473118276098
0.992266453290658,0.428576053795437
0.992598519703941,0.429664480279244
0.992930586117224,0.430719572507379
0.993262652530506,0.431749010370046
0.993594718943789,0.432772621389038
0.993926785357071,0.433692330356918
0.994258851770354,0.434610664315116
0.994590918183637,0.435378307639229
0.994922984596919,0.436066230468742
0.995255051010202,0.436964342092604
0.995587117423485,0.438548083436875
0.995919183836767,0.440129561792873
0.99625125025005,0.441711304951544
0.996583316663333,0.443293808527235
0.996915383076615,0.44483826437133
0.997247449489898,0.446307427049438
0.997579515903181,0.447710003817283
0.997911582316463,0.449039263933663
0.998243648729746,0.45031510344525
0.998575715143029,0.451528904514906
0.998907781556311,0.452705416251069
0.999239847969594,0.453867069885567
0.999571914382877,0.455001448942613
0.999903980796159,0.456133463585991
1.00023604720944,0.457497936608541
1.00056811362272,0.458956792269003
1.00090018003601,0.460416261449506
1.00123224644929,0.46187539672186
1.00156431286257,0.463327856460652
1.00189637927586,0.464907590294704
1.00222844568914,0.466488505074173
1.00256051210242,0.467596638394203
1.0028925785157,0.468140817886079
1.00322464492899,0.468696386620741
1.00355671134227,0.469215611833062
1.00388877775555,0.469741683878398
1.00422084416883,0.470297139982808
1.00455291058212,0.470861644803377
1.0048849769954,0.471420550016168
1.00521704340868,0.472005334510185
1.00554910982196,0.47257048001841
1.00588117623525,0.473525729509947
1.00621324264853,0.474589831770517
1.00654530906181,0.47562243096924
1.0068773754751,0.476610611584671
1.00720944188838,0.477593095615759
1.00754150830166,0.478230846389821
1.00787357471494,0.478842473179312
1.00820564112823,0.47942829406383
1.00853770754151,0.479985229760124
1.00886977395479,0.48053612244763
1.00920184036807,0.481076997377728
1.00953390678136,0.481603212170115
1.00986597319464,0.482110093810216
1.01019803960792,0.482594941622458
1.0105301060212,0.483075863875129
1.01086217243449,0.483587638497599
1.01119423884777,0.484097644385137
1.01152630526105,0.484568515486722
1.01185837167433,0.485038351234795
1.01219043808762,0.485500006998722
1.0125225045009,0.485943212787513
1.01285457091418,0.486390548437728
1.01318663732747,0.486370399134687
1.01351870374075,0.486325497435433
1.01385077015403,0.486268126210586
1.01418283656731,0.486205316841211
1.0145149029806,0.486151194803838
1.01484696939388,0.486146507067652
1.01517903580716,0.486143066005638
1.01551110222044,0.486137566215044
1.01584316863373,0.486128289969066
1.01617523504701,0.486119831145427
1.01650730146029,0.486118351694518
1.01683936787357,0.486129540887563
1.01717143428686,0.48610629250434
1.01750350070014,0.486081396956781
1.01783556711342,0.486054824501353
1.01816763352671,0.486023494381777
1.01849969993999,0.485990297931041
1.01883176635327,0.485911867164794
1.01916383276655,0.485843963894747
1.01949589917984,0.48575515132799
1.01982796559312,0.485656003504085
1.0201600320064,0.485555623524136
1.02049209841968,0.485420574634378
1.02082416483297,0.485292478091899
1.02115623124625,0.485130047332368
1.02148829765953,0.484959229191908
1.02182036407281,0.484746505224067
1.0221524304861,0.484449966510731
1.02248449689938,0.484128493917617
1.02281656331266,0.483785167468535
1.02314862972595,0.483432235031661
1.02348069613923,0.48308214415731
1.02381276255251,0.482740648944973
1.02414482896579,0.482404049660038
1.02447689537908,0.482105767525514
1.02480896179236,0.481789750673989
1.02514102820564,0.481462855833791
1.02547309461892,0.481138137048462
1.02580516103221,0.480841367186555
1.02613722744549,0.480601103295245
1.02646929385877,0.480365782147503
1.02680136027205,0.480166534464405
1.02713342668534,0.479961350403111
1.02746549309862,0.479793402252282
1.0277975595119,0.479652087336495
1.02812962592519,0.479512783809692
1.02846169233847,0.479481614335013
1.02879375875175,0.479454489023826
1.02912582516503,0.479427984481254
1.02945789157832,0.479400772731237
1.0297899579916,0.479372259849662
1.03012202440488,0.479341939645468
1.03045409081816,0.479309724817239
1.03078615723145,0.479278247696652
1.03111822364473,0.479251226651811
1.03145029005801,0.479232336741255
1.03178235647129,0.479223839246957
1.03211442288458,0.479226358434588
1.03244648929786,0.479287052682102
1.03277855571114,0.479364969786713
1.03311062212442,0.479448805696662
1.03344268853771,0.479532709215753
1.03377475495099,0.479613489152606
1.03410682136427,0.479742646854903
1.03443888777756,0.479877089513687
1.03477095419084,0.480155439364779
1.03510302060412,0.480529677882744
1.0354350870174,0.480909018531921
1.03576715343069,0.481282401430617
1.03609921984397,0.48164063361685
1.03643128625725,0.481944970953139
1.03676335267053,0.48223113071324
1.03709541908382,0.482536105562855
1.0374274854971,0.482878475749688
1.03775955191038,0.483224113888508
1.03809161832366,0.483572736017814
1.03842368473695,0.48392303599984
1.03875575115023,0.484270312622989
1.03908781756351,0.484609171835596
1.0394198839768,0.48492996910399
1.03975195039008,0.485192338928234
1.04008401680336,0.485451006541569
1.04041608321664,0.485713021204307
1.04074814962993,0.485980405810422
1.04108021604321,0.486232737708125
1.04141228245649,0.48643571409826
1.04174434886977,0.486622529619474
1.04207641528306,0.486669141584524
1.04240848169634,0.486690646890829
1.04274054810962,0.48672452350914
1.0430726145229,0.486773231569566
1.04340468093619,0.486830285084113
1.04373674734947,0.486940579261759
1.04406881376275,0.487047767550924
1.04440088017604,0.487151962234994
1.04473294658932,0.487255003166887
1.0450650130026,0.487358609530003
1.04539707941588,0.487463178318168
1.04572914582917,0.487568283795223
1.04606121224245,0.487673489459328
1.04639327865573,0.487778477320381
1.04672534506901,0.48788313939786
1.0470574114823,0.487987389357192
1.04738947789558,0.488091241691387
1.04772154430886,0.488195279861067
1.04805361072214,0.488300286373655
1.04838567713543,0.488406968801806
1.04871774354871,0.48851422756471
1.04904980996199,0.488616831584602
1.04938187637527,0.488664024959827
1.04971394278856,0.488702718848994
1.05004600920184,0.488729682430271
1.05037807561512,0.488741658320216
1.05071014202841,0.488735651939815
1.05104220844169,0.488711428518967
1.05137427485497,0.488670403518224
1.05170634126825,0.488613996440522
1.05203840768154,0.488542266499958
1.05237047409482,0.488415259638279
1.0527025405081,0.488201236425271
1.05303460692138,0.487965917285014
1.05336667333467,0.487715367044759
1.05369873974795,0.487458085016734
1.05403080616123,0.487175157146145
1.05436287257451,0.486871625706217
1.0546949389878,0.48656553402788
1.05502700540108,0.486212421745201
1.05535907181436,0.485857954537056
1.05569113822765,0.485466660201168
1.05602320464093,0.485057577429834
1.05635527105421,0.484607603311588
1.05668733746749,0.484040088361137
1.05701940388078,0.483472791801613
1.05735147029406,0.482906121351708
1.05768353670734,0.482339573948452
1.05801560312062,0.481727252157948
1.05834766953391,0.481048864082791
1.05867973594719,0.480365402754466
1.05901180236047,0.479682833161693
1.05934386877375,0.479009336517076
1.05967593518704,0.478413904386186
1.06000800160032,0.477884681362869
1.0603400680136,0.477375712817539
1.06067213442689,0.476886200014122
1.06100420084017,0.476414413198022
1.06133626725345,0.475995091796325
1.06166833366673,0.475598758940365
1.06200040008002,0.475223565266872
1.0623324664933,0.474891583840396
1.06266453290658,0.474571187006703
1.06299659931986,0.474315106670327
1.06332866573315,0.474078955137959
1.06366073214643,0.4738922753506
1.06399279855971,0.473745677935705
1.06432486497299,0.473570372699894
1.06465693138628,0.473373985270275
1.06498899779956,0.473170186038664
1.06532106421284,0.473039438171555
1.06565313062613,0.472956229743658
1.06598519703941,0.472872270514932
1.06631726345269,0.472778783702706
1.06664932986597,0.472670687542117
1.06698139627926,0.472552775501528
1.06731346269254,0.472431474238019
1.06764552910582,0.472312649871368
1.0679775955191,0.472197095521419
1.06830966193239,0.472082916369046
1.06864172834567,0.471917445943202
1.06897379475895,0.471747756299487
1.06930586117223,0.471577909345886
1.06963792758552,0.47140915576361
1.0699699939988,0.47124213648556
1.07030206041208,0.471074616350614
1.07063412682537,0.470903512244269
1.07096619323865,0.470762877373347
1.07129825965193,0.470637594905091
1.07163032606521,0.470507343070371
1.0719623924785,0.470357514870705
1.07229445889178,0.470233340317326
1.07262652530506,0.470080599190312
1.07295859171834,0.469924870059885
1.07329065813163,0.469764603560917
1.07362272454491,0.46959865929363
1.07395479095819,0.469410098940586
1.07428685737147,0.469267078795383
1.07461892378476,0.469126312171363
1.07495099019804,0.46901658891355
1.07528305661132,0.468926732957511
1.0756151230246,0.468841303917939
1.07594718943789,0.468802724163771
1.07627925585117,0.468772838349894
1.07661132226445,0.468758411943821
1.07694338867774,0.468756445189542
1.07727545509102,0.468755670115592
1.0776075215043,0.468744574113817
1.07793958791758,0.468716914983308
1.07827165433087,0.468679368017912
1.07860372074415,0.468640551491088
1.07893578715743,0.468633494152791
1.07926785357071,0.468658080556598
1.079599919984,0.468678093127458
1.07993198639728,0.46868580789201
1.08026405281056,0.468679690868922
1.08059611922384,0.468666846512884
1.08092818563713,0.468655019214892
1.08126025205041,0.468626535889067
1.08159231846369,0.468513970393561
1.08192438487698,0.468394440938621
1.08225645129026,0.468174787574153
1.08258851770354,0.467919734519591
1.08292058411682,0.467660936587524
1.08325265053011,0.467407729749755
1.08358471694339,0.467167162509838
1.08391678335667,0.466940885037035
1.08424884976995,0.46672977308583
1.08458091618324,0.466533602490027
1.08491298259652,0.466343599492567
1.0852450490098,0.466146978502187
1.08557711542308,0.465931087989803
1.08590918183637,0.465690506026144
1.08624124824965,0.465429530950657
1.08657331466293,0.465153149037093
1.08690538107622,0.464866830112914
1.0872374474895,0.464578013863753
1.08756951390278,0.464294656334098
1.08790158031606,0.464024221450509
1.08823364672935,0.463766437076729
1.08856571314263,0.463538165689349
1.08889777955591,0.463341069494633
1.08922984596919,0.463140473251166
1.08956191238248,0.463046626365104
1.08989397879576,0.462953830819255
1.09022604520904,0.462832428068174
1.09055811162232,0.462688724331253
1.09089017803561,0.46254032714348
1.09122224444889,0.46238219426108
1.09155431086217,0.462212398557976
1.09188637727546,0.46203303567069
1.09221844368874,0.461846468824523
1.09255051010202,0.461636325274632
1.0928825765153,0.46137978933609
1.09321464292859,0.461109612574098
1.09354670934187,0.460871522789043
1.09387877575515,0.460628545842062
1.09421084216843,0.460416433719708
1.09454290858172,0.46025243567735
1.094874974995,0.460115753800816
1.09520704140828,0.459998296934764
1.09553910782156,0.459889909450667
1.09587117423485,0.45974721203152
1.09620324064813,0.459590100103813
1.09653530706141,0.459448743763813
1.09686737347469,0.459333170178014
1.09719943988798,0.459242212030866
1.09753150630126,0.45920462396229
1.09786357271454,0.459171835350483
1.09819563912783,0.459141603859226
1.09852770554111,0.459131494697874
1.09885977195439,0.459114827721802
1.09919183836767,0.459151491774442
1.09952390478096,0.459194923012651
1.09985597119424,0.459243423765606
1.10018803760752,0.459297697904234
1.1005201040208,0.459347171583159
1.10085217043409,0.459311395216882
1.10118423684737,0.459292673685332
1.10151630326065,0.459256803534466
1.10184836967393,0.459236836699518
1.10218043608722,0.459247183220773
1.1025125025005,0.45926673598128
1.10284456891378,0.45929244641273
1.10317663532707,0.459370113049046
1.10350870174035,0.459460149415514
1.10384076815363,0.459505019329552
1.10417283456691,0.459483574323475
1.1045049009802,0.459452172998667
1.10483696739348,0.459458768427875
1.10516903380676,0.459453972378476
1.10550110022004,0.459418090082367
1.10583316663333,0.459373717128512
1.10616523304661,0.459338624636964
1.10649729945989,0.459264147348055
1.10682936587317,0.459181864641565
1.10716143228646,0.459121492346582
1.10749349869974,0.459062059403549
1.10782556511302,0.459002931073856
1.10815763152631,0.458957055789818
1.10848969793959,0.45892772012912
1.10882176435287,0.458907124538126
1.10915383076615,0.458886857608714
1.10948589717944,0.458861119412521
1.10981796359272,0.458833097887676
1.110150030006,0.458811461505841
1.11048209641928,0.458848463652489
1.11081416283257,0.458887190372551
1.11114622924585,0.458951111091202
1.11147829565913,0.459012413551872
1.11181036207241,0.459022861724655
1.1121424284857,0.458932409105057
1.11247449489898,0.45883915878763
1.11280656131226,0.458710032007055
1.11313862772555,0.458579853252456
1.11347069413883,0.458457498763721
1.11380276055211,0.458340949164253
1.11413482696539,0.458228183264871
1.11446689337868,0.458117178153024
1.11479895979196,0.458005909244251
1.11513102620524,0.457922094970674
1.11546309261852,0.45785932955811
1.11579515903181,0.457796793049469
1.11612722544509,0.457774722305226
1.11645929185837,0.457745963880297
1.11679135827165,0.457713930886578
1.11712342468494,0.45768205420757
1.11745549109822,0.45763690714365
1.1177875575115,0.457552963744275
1.11811962392479,0.457468754063835
1.11845169033807,0.457383320426131
1.11878375675135,0.45729767701231
1.11911582316463,0.457237600482422
1.11944788957792,0.457211762609324
1.1197799559912,0.457188065032113
1.12011202240448,0.457214546437166
1.12044408881776,0.457231253434603
1.12077615523105,0.457234892455011
1.12110822164433,0.45722950504644
1.12144028805761,0.457220570809198
1.12177235447089,0.457213224278699
1.12210442088418,0.457208834006427
1.12243648729746,0.457206446050318
1.12276855371074,0.457205070349683
1.12310062012402,0.457185211806746
1.12343268653731,0.45712683847741
1.12376475295059,0.457065276224647
1.12409681936387,0.457000008764862
1.12442888577716,0.45693616868292
1.12476095219044,0.456880850553892
1.12509301860372,0.456840780938141
1.125425085017,0.4568138363501
1.12575715143029,0.456788865372111
1.12608921784357,0.456754311715521
1.12642128425685,0.456703008770617
1.12675335067013,0.456641012942836
1.12708541708342,0.456576861112518
1.1274174834967,0.456518193289009
1.12774954990998,0.45646332063051
1.12808161632326,0.456405025647553
1.12841368273655,0.456336074431618
1.12874574914983,0.456275002195285
1.12907781556311,0.456238948664441
1.1294098819764,0.456199331190972
1.12974194838968,0.456160974826229
1.13007401480296,0.456126085968003
1.13040608121624,0.456096000961916
1.13073814762953,0.456071794240104
1.13107021404281,0.456048737383343
1.13140228045609,0.456016410971529
1.13173434686937,0.455964162151014
1.13206641328266,0.455886188849482
1.13239847969594,0.455790671831652
1.13273054610922,0.455688296683772
1.1330626125225,0.455589014385159
1.13339467893579,0.455495523587919
1.13372674534907,0.455406395905419
1.13405881176235,0.455320137525857
1.13439087817564,0.455234067648287
1.13472294458892,0.455143580187899
1.1350550110022,0.455043892435273
1.13538707741548,0.454931526068422
1.13571914382877,0.454809658119955
1.13605121024205,0.454617062129161
1.13638327665533,0.45438093042337
1.13671534306861,0.45414766016498
1.1370474094819,0.453916279372226
1.13737947589518,0.453685698971914
1.13771154230846,0.453454864320618
1.13804360872174,0.453222817879505
1.13837567513503,0.452988617903189
1.13870774154831,0.452751694984327
1.13903980796159,0.452514975178511
1.13937187437488,0.45223225203189
1.13970394078816,0.451954693833542
1.14003600720144,0.451688818353877
1.14036807361472,0.45143189552386
1.14070014002801,0.451184975707202
1.14103220644129,0.450993843280708
1.14136427285457,0.450812430799095
1.14169633926785,0.450794565716523
1.14202840568114,0.450878595739982
1.14236047209442,0.450972330532471
1.1426925385077,0.451112922854506
1.14302460492098,0.451251065420392
1.14335667133427,0.451425469753515
1.14368873774755,0.451609494384954
1.14402080416083,0.451803367488203
1.14435287057411,0.452015989847345
1.1446849369874,0.452240545362467
1.14501700340068,0.452461998915082
1.14534906981396,0.452665504633969
1.14568113622725,0.452818514955286
1.14601320264053,0.452944105045855
1.14634526905381,0.453079129911694
1.14667733546709,0.453196479601947
1.14700940188038,0.453336136990575
1.14734146829366,0.453483034614023
1.14767353470694,0.453622839663615
1.14800560112022,0.453738318251386
1.14833766753351,0.453816110952984
1.14866973394679,0.453906422554321
1.14900180036007,0.453772849767247
1.14933386677335,0.453609854960941
1.14966593318664,0.453417441713027
1.14999799959992,0.453178927374662
1.1503300660132,0.45292765891897
1.15066213242649,0.452723570636318
1.15099419883977,0.452519470676314
1.15132626525305,0.452386666870889
1.15165833166633,0.452323854581292
1.15199039807962,0.452240264647803
1.1523224644929,0.452020841762544
1.15265453090618,0.45179965810208
1.15298659731946,0.451616645028885
1.15331866373275,0.45143973710936
1.15365073014603,0.451290813620411
1.15398279655931,0.451201503085533
1.15431486297259,0.451094849161143
1.15464692938588,0.451024193295571
1.15497899579916,0.450957415105211
1.15531106221244,0.450935076437905
1.15564312862573,0.450970123717328
1.15597519503901,0.451016432395904
1.15630726145229,0.451040649300416
1.15663932786557,0.451009848200958
1.15697139427886,0.450877443217401
1.15730346069214,0.450683550052138
1.15763552710542,0.450458515860133
1.1579675935187,0.450193307967349
1.15829965993199,0.449931713090185
1.15863172634527,0.449532493427343
1.15896379275855,0.449098784966309
1.15929585917183,0.448729656289932
1.15962792558512,0.448465733128745
1.1599599919984,0.448211634059179
1.16029205841168,0.447970419625251
1.16062412482496,0.447738322326192
1.16095619123825,0.447448156986534
1.16128825765153,0.447109037648118
1.16162032406481,0.446771132380073
1.1619523904781,0.446406307149128
1.16228445689138,0.446075968971832
1.16261652330466,0.445700402342093
1.16294858971794,0.445312503057454
1.16328065613123,0.444944640716632
1.16361272254451,0.444607459588046
1.16394478895779,0.444263458245745
1.16427685537107,0.443968117751273
1.16460892178436,0.443685093542429
1.16494098819764,0.443405048445134
1.16527305461092,0.443119763403033
1.1656051210242,0.442824391411866
1.16593718743749,0.442626888820671
1.16626925385077,0.442441914664906
1.16660132026405,0.4423313783893
1.16693338667734,0.442305823380275
1.16726545309062,0.442355649670815
1.1675975195039,0.442528004701461
1.16792958591718,0.442708118530014
1.16826165233047,0.442971170667322
1.16859371874375,0.443258817020335
1.16892578515703,0.443548295360356
1.16925785157031,0.443841410273635
1.1695899179836,0.444133669538519
1.16992198439688,0.444471376939967
1.17025405081016,0.444819276439321
1.17058611722344,0.44516780197427
1.17091818363673,0.44550933574453
1.17125025005001,0.445848978104603
1.17158231646329,0.446186087816676
1.17191438287658,0.446507777024222
1.17224644928986,0.446799607185299
1.17257851570314,0.447050478909076
1.17291058211642,0.447244980903111
1.17324264852971,0.447340010274837
1.17357471494299,0.447425655082316
1.17390678135627,0.447440418900232
1.17423884776955,0.447446912594796
1.17457091418284,0.447386092768011
1.17490298059612,0.447217188686797
1.1752350470094,0.447045223014457
1.17556711342268,0.446822112004974
1.17589917983597,0.446608110441645
1.17623124624925,0.446396810540652
1.17656331266253,0.446171029168498
1.17689537907582,0.445913410914237
1.1772274454891,0.445616689588362
1.17755951190238,0.445294354776654
1.17789157831566,0.444962470134964
1.17822364472895,0.444635530815471
1.17855571114223,0.444334258845481
1.17888777755551,0.444080965023309
1.17921984396879,0.443835617683542
1.17955191038208,0.443582231185844
1.17988397679536,0.443323483456111
1.18021604320864,0.443101532308653
1.18054810962192,0.442921466829954
1.18088017603521,0.442748582314358
1.18121224244849,0.442577932193879
1.18154430886177,0.442404910764183
1.18187637527505,0.442264158074557
1.18220844168834,0.442145466900852
1.18254050810162,0.441996877459313
1.1828725745149,0.441714455835129
1.18320464092819,0.441429044610251
1.18353670734147,0.441002327434378
1.18386877375475,0.440522145479778
1.18420084016803,0.440011257165123
1.18453290658132,0.439461017718568
1.1848649729946,0.438916003259088
1.18519703940788,0.438375845711593
1.18552910582116,0.437830787552474
1.18586117223445,0.437270527295343
1.18619323864773,0.436690112304029
1.18652530506101,0.436102918385242
1.18685737147429,0.435526274389955
1.18718943788758,0.434976191994919
1.18752150430086,0.434490434998201
1.18785357071414,0.434037984291396
1.18818563712743,0.433630967954757
1.18851770354071,0.433347262333311
1.18884976995399,0.433055735105688
1.18918183636727,0.432707452956967
1.18951390278056,0.432338979984177
1.18984596919384,0.432054709944252
1.19017803560712,0.43189885529936
1.1905101020204,0.43173715445423
1.19084216843369,0.431802388367542
1.19117423484697,0.431881146104652
1.19150630126025,0.431948488367664
1.19183836767353,0.432017923138014
1.19217043408682,0.432113362712523
1.1925025005001,0.43226308539483
1.19283456691338,0.432406537871316
1.19316663332667,0.432502237259584
1.19349869973995,0.432583442640189
1.19383076615323,0.432673516067032
1.19416283256651,0.432776803641966
1.1944948989798,0.432891862082061
1.19482696539308,0.432965968376222
1.19515903180636,0.433041340080175
1.19549109821964,0.433098166143286
1.19582316463293,0.433132730019294
1.19615523104621,0.433178864983118
1.19648729745949,0.4332892923049
1.19681936387277,0.433408612688783
1.19715143028606,0.43357198444054
1.19748349669934,0.433762094471904
1.19781556311262,0.433932845632261
1.19814762952591,0.434035146682487
1.19847969593919,0.434101592803911
1.19881176235247,0.434179112396556
1.19914382876575,0.434247528919004
1.19947589517904,0.434285546493335
1.19980796159232,0.434284239183785
1.2001400280056,0.434279701861964
1.20047209441888,0.434270476238944
1.20080416083217,0.434254553761206
1.20113622724545,0.434256490191884
1.20146829365873,0.434268277900905
1.20180036007201,0.434245474427437
1.2021324264853,0.434097402834414
1.20246449289858,0.43393734872216
1.20279655931186,0.433620481493128
1.20312862572515,0.433234285746822
1.20346069213843,0.432735295183547
1.20379275855171,0.431894764208666
1.20412482496499,0.431052469522687
1.20445689137828,0.430159680324599
1.20478895779156,0.429255081553846
1.20512102420484,0.428372477926063
1.20545309061812,0.427522679313954
1.20578515703141,0.426672894705836
1.20611722344469,0.426111845044751
1.20644928985797,0.425555198204977
1.20678135627125,0.424997054186029
1.20711342268454,0.424432473156856
1.20744548909782,0.42385702133841
1.2077775555111,0.423277713944269
1.20810962192438,0.422712741173008
1.20844168833767,0.422138268800671
1.20877375475095,0.421590545594923
1.20910582116423,0.421104603354326
1.20943788757752,0.420703618946322
1.2097699539908,0.420286902320637
1.21010202040408,0.420004934274782
1.21043408681736,0.419724720427101
1.21076615323065,0.419648511671886
1.21109821964393,0.419806249371795
1.21143028605721,0.419944859060604
1.21176235247049,0.420110236788456
1.21209441888378,0.420241674672797
1.21242648529706,0.420271892596287
1.21275855171034,0.420239626401269
1.21309061812362,0.420149751683962
1.21342268453691,0.419869801204366
1.21375475095019,0.419588032309198
1.21408681736347,0.419352604110374
1.21441888377676,0.419131453770708
1.21475095019004,0.418910379882295
1.21508301660332,0.418687337721279
1.2154150830166,0.418459750208674
1.21574714942989,0.418220127129791
1.21607921584317,0.417958315140265
1.21641128225645,0.417664254909362
1.21674334866973,0.417343089344829
1.21707541508302,0.417027810196393
1.2174074814963,0.416750715011002
1.21773954790958,0.416468072792969
1.21807161432286,0.41614234834786
1.21840368073615,0.415795331881134
1.21873574714943,0.41541585685178
1.21906781356271,0.414949154718813
1.219399879976,0.414485814686283
1.21973194638928,0.414029186294493
1.22006401280256,0.413582345876421
1.22039607921584,0.413147644688267
1.22072814562913,0.412727319613132
1.22106021204241,0.412323732251832
1.22139227845569,0.411881137341848
1.22172434486897,0.41146247673193
1.22205641128226,0.41107187717802
1.22238847769554,0.410711068833107
1.22272054410882,0.410378453040057
1.2230526105221,0.41007215692664
1.22338467693539,0.409786413326352
1.22371674334867,0.409497517146869
1.22404880976195,0.409176567718922
1.22438087617524,0.408758543229887
1.22471294258852,0.4081964733235
1.2250450090018,0.407591155189463
1.22537707541508,0.407015840550316
1.22570914182837,0.406442083531086
1.22604120824165,0.405878575813321
1.22637327465493,0.405339871605923
1.22670534106821,0.404841661965302
1.2270374074815,0.404433514940287
1.22736947389478,0.404045953273458
1.22770154030806,0.403666379349246
1.22803360672134,0.403288627653991
1.22836567313463,0.402928380162958
1.22869773954791,0.402624262550511
1.22902980596119,0.402329164307014
1.22936187237448,0.402028630513191
1.22969393878776,0.401704105967342
1.23002600520104,0.401338245195618
1.23035807161432,0.400934469236162
1.23069013802761,0.400513487058793
1.23102220444089,0.400096516134467
1.23135427085417,0.399690169863373
1.23168633726745,0.399297810845838
1.23201840368074,0.398882442324835
1.23235047009402,0.398373853148484
1.2326825365073,0.397688314742587
1.23301460292058,0.39696524119266
1.23334666933387,0.396235962886785
1.23367873574715,0.395528621554431
1.23401080216043,0.3948507984137
1.23434286857371,0.394197224848536
1.234674934987,0.393628383672786
1.23500700140028,0.39302398404357
1.23533906781356,0.392442155295368
1.23567113422685,0.391799088946281
1.23600320064013,0.391053747172943
1.23633526705341,0.390308926520307
1.23666733346669,0.389440003642763
1.23699939987998,0.388563546013661
1.23733146629326,0.387630590501366
1.23766353270654,0.38663683186823
1.23799559911982,0.385605513831039
1.23832766553311,0.384580756841624
1.23865973194639,0.383519746270637
1.23899179835967,0.382431667029077
1.23932386477295,0.381333550265945
1.23965593118624,0.380292545288502
1.23998799759952,0.379382040357879
1.2403200640128,0.378534961478779
1.24065213042609,0.37772486533075
1.24098419683937,0.376914115641851
1.24131626325265,0.376067666782843
1.24164832966593,0.375191388777476
1.24198039607922,0.37432275691929
1.2423124624925,0.373500121745194
1.24264452890578,0.372742211802213
1.24297659531906,0.371984086931643
1.24330866173235,0.371211942461323
1.24364072814563,0.370094159908557
1.24397279455891,0.36775797935371
1.24430486097219,0.365387830122546
1.24463692738548,0.36303393737265
1.24496899379876,0.360629695748946
1.24530106021204,0.358185752337409
1.24563312662533,0.355698801548508
1.24596519303861,0.35321658885802
1.24629725945189,0.350725990644931
1.24662932586517,0.348208610738063
1.24696139227846,0.346742794541807
1.24729345869174,0.346207697619851
1.24762552510502,0.345668122959534
1.2479575915183,0.345149027455867
1.24828965793159,0.344664793920019
1.24862172434487,0.344207330793142
1.24895379075815,0.343765663913418
1.24928585717143,0.343329937243378
1.24961792358472,0.342898127415697
1.249949989998,0.34247151791293
1.25028205641128,0.342051011628289
1.25061412282456,0.341624204971929
1.25094618923785,0.341162467753632
1.25127825565113,0.340636136807589
1.25161032206441,0.340029207075519
1.2519423884777,0.339376166945605
1.25227445489098,0.338723209890837
1.25260652130426,0.338111171394515
1.25293858771754,0.33750835325908
1.25327065413083,0.336831408645973
1.25360272054411,0.335996028310335
1.25393478695739,0.334967106697192
1.25426685337067,0.333809956165384
1.25459891978396,0.332602300865032
1.25493098619724,0.331413243412114
1.25526305261052,0.330253450107523
1.2555951190238,0.329109886471949
1.25592718543709,0.327969733782572
1.25625925185037,0.3268304874349
1.25659131826365,0.325701773497912
1.25692338467694,0.324593944335356
1.25725545109022,0.323542395343303
1.2575875175035,0.322564769233667
1.25791958391678,0.321671383934389
1.25825165033007,0.320885367287208
1.25858371674335,0.320191442516077
1.25891578315663,0.319548038625255
1.25924784956991,0.318913546272536
1.2595799159832,0.318315881049613
1.25991198239648,0.317918742890509
1.26024404880976,0.317901666607489
1.26057611522304,0.318410068547695
1.26090818163633,0.319375852554546
1.26124024804961,0.320648275333207
1.26157231446289,0.322078802207886
1.26190438087618,0.323581351234268
1.26223644728946,0.325139847925193
1.26256851370274,0.326741990566143
1.26290058011602,0.328392087770448
1.26323264652931,0.33015010212876
1.26356471294259,0.332087363548682
1.26389677935587,0.334264988240566
1.26422884576915,0.336627863620872
1.26456091218244,0.339045420096096
1.26489297859572,0.341387019899306
1.265225045009,0.343561621992175
1.26555711142228,0.345551040752854
1.26588917783557,0.347345055520804
1.26622124424885,0.348934293259632
1.26655331066213,0.35031455429886
1.26688537707542,0.351457666597377
1.2672174434887,0.350441893471843
1.26754950990198,0.349231559578684
1.26788157631526,0.347903100748799
1.26821364272855,0.346484430786128
1.26854570914183,0.345010503852911
1.26887777555511,0.343602482324198
1.26920984196839,0.343289713887354
1.26954190838168,0.343769787400039
1.26987397479496,0.344123908936958
1.27020604120824,0.344182207717476
1.27053810762152,0.343743905952775
1.27087017403481,0.342772144015522
1.27120224044809,0.341525326284051
1.27153430686137,0.340293434116338
1.27186637327466,0.339323276323618
1.27219843968794,0.3386091136327
1.27253050610122,0.338055101792616
1.2728625725145,0.337566595466336
1.27319463892779,0.337087559300563
1.27352670534107,0.336602254087892
1.27385877175435,0.336433304759581
1.27419083816763,0.336499767789805
1.27452290458092,0.336601059317841
1.2748549709942,0.336798766938132
1.27518703740748,0.337152013683021
1.27551910382076,0.33769508929667
1.27585117023405,0.338447211233155
1.27618323664733,0.339427155908912
1.27651530306061,0.340648314452872
1.27684736947389,0.342114948229121
1.27717943588718,0.34383026864435
1.27751150230046,0.345752970187818
1.27784356871374,0.347832409134801
1.27817563512703,0.349930753143856
1.27850770154031,0.351396932462519
1.27883976795359,0.352894521225862
1.27917183436687,0.354665848155295
1.27950390078016,0.356608226181765
1.27983596719344,0.35866459999966
1.28016803360672,0.360809571047142
1.28050010002,0.363009711376745
1.28083216643329,0.365229118963606
1.28116423284657,0.367404955763857
1.28149629925985,0.369459043186305
1.28182836567313,0.371314121694836
1.28216043208642,0.372938522026101
1.2824924984997,0.374375411727818
1.28282456491298,0.375674688367645
1.28315663132627,0.376882362930864
1.28348869773955,0.378025335410828
1.28382076415283,0.379124250262772
1.28415283056611,0.380198992741301
1.2844848969794,0.381254830506452
1.28481696339268,0.382283020835108
1.28514902980596,0.383274284259667
1.28548109621924,0.384241877367684
1.28581316263253,0.38520449975488
1.28614522904581,0.386121393640262
1.28647729545909,0.38699303029098
1.28680936187237,0.387826403092086
1.28714142828566,0.388632121306826
1.28747349469894,0.389420699706327
1.28780556111222,0.390196064835774
1.28813762752551,0.390951705238824
1.28846969393879,0.391680197743613
1.28880176035207,0.392370852119527
1.28913382676535,0.392996622047811
1.28946589317864,0.393525418790266
1.28979795959192,0.393927240678154
1.2901300260052,0.394213184298162
1.29046209241848,0.394432325797034
1.29079415883177,0.3946350782849
1.29112622524505,0.394851915455289
1.29145829165833,0.395059527535145
1.29179035807161,0.395225633586426
1.2921224244849,0.395321932017064
1.29245449089818,0.395356286807485
1.29278655731146,0.395323109867836
1.29311862372474,0.395255329057441
1.29345069013803,0.395193611078248
1.29378275655131,0.395130919662711
1.29411482296459,0.395058471976251
1.29444688937788,0.398221533237703
1.29477895579116,0.402701280246888
1.29511102220444,0.407287289031112
1.29544308861772,0.412185805234576
1.29577515503101,0.417067684542134
1.29610722144429,0.422044341132388
1.29643928785757,0.427040807296945
1.29677135427085,0.432018565185192
1.29710342068414,0.436953812876559
1.29743548709742,0.441857875249265
1.2977675535107,0.446741601877094
1.29809961992398,0.451576240412407
1.29843168633727,0.456333231217811
1.29876375275055,0.461031113895422
1.29909581916383,0.465693956184134
1.29942788557712,0.470317263727411
1.2997599519904,0.47489619803295
1.30009201840368,0.47942684088013
1.30042408481696,0.483908778238769
1.30075615123025,0.488342571620421
1.30108821764353,0.492729353264903
1.30142028405681,0.497080313308928
1.30175235047009,0.497783864462875
1.30208441688338,0.498199821844267
1.30241648329666,0.498421493863404
1.30274854970994,0.498431066004879
1.30308061612322,0.49842604148271
1.30341268253651,0.498211959620857
1.30374474894979,0.497979480834518
1.30407681536307,0.497736112226371
1.30440888177636,0.497489411184064
1.30474094818964,0.497208842613593
1.30507301460292,0.496816851263459
1.3054050810162,0.496437612219552
1.30573714742949,0.496031265632149
1.30606921384277,0.495624359973461
1.30640128025605,0.495196951324956
1.30673334666933,0.494729088938638
1.30706541308262,0.494219050046781
1.3073974794959,0.493678210980246
1.30772954590918,0.493101503798733
1.30806161232246,0.492514859144599
1.30839367873575,0.491923676476266
1.30872574514903,0.491317569291262
1.30905781156231,0.490708256934532
1.3093898779756,0.490096703955121
1.30972194438888,0.489553897113856
1.31005401080216,0.489031146258219
1.31038607721544,0.488512455709073
1.31071814362873,0.488023178522864
1.31105021004201,0.48752941162869
1.31138227645529,0.487080961132102
1.31171434286857,0.4866429487881
1.31204640928186,0.486260690642075
1.31237847569514,0.485949063201144
1.31271054210842,0.485649264084678
1.3130426085217,0.485400429004412
1.31337467493499,0.485123656347687
1.31370674134827,0.484840998673508
1.31403880776155,0.484559733289559
1.31437087417483,0.484288513608678
1.31470294058812,0.484034172887985
1.3150350070014,0.483789809777404
1.31536707341468,0.483501397350399
1.31569913982797,0.483184255591868
1.31603120624125,0.482824961960191
1.31636327265453,0.482406975517807
1.31669533906781,0.481965676371558
1.3170274054811,0.481354803977136
1.31735947189438,0.480719907043834
1.31769153830766,0.480030100979886
1.31802360472094,0.479296846661843
1.31835567113423,0.478568208145218
1.31868773754751,0.47775309835542
1.31901980396079,0.476948498812816
1.31935187037407,0.476151872563205
1.31968393678736,0.475358359417333
1.32001600320064,0.474575856701016
1.32034806961392,0.473828307600129
1.32068013602721,0.47307878328643
1.32101220244049,0.472379495695809
1.32134426885377,0.471703137993776
1.32167633526705,0.471039773020885
1.32200840168034,0.470379479467492
1.32234046809362,0.469711679147625
1.3226725345069,0.469028476518772
1.32300460092018,0.468332341575443
1.32333666733347,0.467628232751296
1.32366873374675,0.4669205604224
1.32400080016003,0.466213408399302
1.32433286657331,0.46553726172517
1.3246649329866,0.464835488120998
1.32499699939988,0.464225073390435
1.32532906581316,0.463650111922115
1.32566113222645,0.463135806475103
1.32599319863973,0.462730235131556
1.32632526505301,0.462351099629276
1.32665733146629,0.462045422099062
1.32698939787958,0.461770268711502
1.32732146429286,0.461512591913978
1.32765353070614,0.461260560989891
1.32798559711942,0.461001995376672
1.32831766353271,0.460727848025862
1.32864972994599,0.460440525906001
1.32898179635927,0.460043092346765
1.32931386277255,0.459578163669362
1.32964592918584,0.459084209955686
1.32997799559912,0.458465799694342
1.3303100620124,0.457864411158181
1.33064212842569,0.457112136306274
1.33097419483897,0.456327005417521
1.33130626125225,0.455497662938613
1.33163832766553,0.454570047802894
1.33197039407882,0.453614885686257
1.3323024604921,0.452601899400863
1.33263452690538,0.451570507296682
1.33296659331866,0.450516291527932
1.33329865973195,0.449431319643967
1.33363072614523,0.448307626939853
1.33396279255851,0.447143379913557
1.33429485897179,0.445958328292788
1.33462692538508,0.444777075311679
1.33495899179836,0.443622644434635
1.33529105821164,0.442496347796307
1.33562312462493,0.441384694698228
1.33595519103821,0.440273853643884
1.33628725745149,0.439248718824925
1.33661932386477,0.438233864679014
1.33695139027806,0.437279010330697
1.33728345669134,0.436416690976344
1.33761552310462,0.43554402064014
1.3379475895179,0.434886553796681
1.33827965593119,0.434220784153791
1.33861172234447,0.433674603792924
1.33894378875775,0.433222818234351
1.33927585517103,0.432777418575247
1.33960792158432,0.432382974964584
1.3399399879976,0.431990747014855
1.34027205441088,0.431559070454332
1.34060412082416,0.431113484763084
1.34093618723745,0.430649745190919
1.34126825365073,0.430169781083034
1.34160032006401,0.429682316556947
1.3419323864773,0.429085680982819
1.34226445289058,0.428484941061558
1.34259651930386,0.427778459706554
1.34292858571714,0.426958410902359
1.34326065213043,0.426177392346913
1.34359271854371,0.425322443372183
1.34392478495699,0.424499929942606
1.34425685137027,0.423665103030372
1.34458891778356,0.422819899762059
1.34492098419684,0.421962961794983
1.34525305061012,0.421050438874932
1.3455851170234,0.420133049353892
1.34591718343669,0.419171225332906
1.34624924984997,0.418202665008126
1.34658131626325,0.417255835433574
1.34691338267654,0.416335285469534
1.34724544908982,0.415390470251368
1.3475775155031,0.414527866234499
1.34790958191638,0.413655097453383
1.34824164832967,0.412807184868011
1.34857371474295,0.411992830040323
1.34890578115623,0.411194474118997
1.34923784756951,0.410505294835813
1.3495699139828,0.409814085195215
1.34990198039608,0.409320886610209
1.35023404680936,0.408924928776658
1.35056611322264,0.408576263820209
1.35089817963593,0.408364323561257
1.35123024604921,0.408150751620671
1.35156231246249,0.407930094260201
1.35189437887578,0.407697377187574
1.35222644528906,0.407403580629681
1.35255851170234,0.407030469270988
1.35289057811562,0.406651684034967
1.35322264452891,0.406266689312344
1.35355471094219,0.405852092734936
1.35388677735547,0.405365935817468
1.35421884376875,0.404827800332258
1.35455091018204,0.404261038877919
1.35488297659532,0.403633785417956
1.3552150430086,0.403007049155346
1.35554710942188,0.402157656204479
1.35587917583517,0.40120473386287
1.35621124224845,0.400193492245996
1.35654330866173,0.399092783616972
1.35687537507502,0.397967776285759
1.3572074414883,0.396901408760999
1.35753950790158,0.39587354696991
1.35787157431486,0.395018820283528
1.35820364072815,0.394343153259142
1.35853570714143,0.393678935737794
1.35886777355471,0.393239002154336
1.35919983996799,0.392790895211484
1.35953190638128,0.392450534781197
1.35986397279456,0.392201800813557
1.36019603920784,0.391964860810311
1.36052810562112,0.391742320220809
1.36086017203441,0.391543014098779
1.36119223844769,0.391254588353828
1.36152430486097,0.39090545046715
1.36185637127425,0.390391896226403
1.36218843768754,0.389622974076716
1.36252050410082,0.3887858683042
1.3628525705141,0.38815226694198
1.36318463692739,0.387544111315464
1.36351670334067,0.387002169397102
1.36384876975395,0.38653892410986
1.36418083616723,0.386132970407584
1.36451290258052,0.385719593199244
1.3648449689938,0.385292804637761
1.36517703540708,0.384492772019502
1.36550910182036,0.383420256665282
1.36584116823365,0.38217714507076
1.36617323464693,0.380703022314313
1.36650530106021,0.379166023579416
1.36683736747349,0.377533273432521
1.36716943388678,0.375856416945728
1.36750150030006,0.374181217176201
1.36783356671334,0.372500389795252
1.36816563312663,0.370685284053735
1.36849769953991,0.368757030243391
1.36882976595319,0.366498769732492
1.36916183236647,0.364088560449829
1.36949389877976,0.361588552504401
1.36982596519304,0.358999907264374
1.37015803160632,0.356426274401157
1.3704900980196,0.353809762790707
1.37082216443289,0.351141399647785
1.37115423084617,0.348420952920791
1.37148629725945,0.345648924050229
1.37181836367273,0.342829459560104
1.37215043008602,0.340104721413597
1.3724824964993,0.337482436029964
1.37281456291258,0.334930594291611
1.37314662932587,0.332384015605206
1.37347869573915,0.329798252330171
1.37381076215243,0.32714553474624
1.37414282856571,0.324244532856964
1.374474894979,0.321175025166492
1.37480696139228,0.31764984458778
1.37513902780556,0.313916574477146
1.37547109421884,0.31018788145616
1.37580316063213,0.30623611203238
1.37613522704541,0.302417948563546
1.37646729345869,0.29864752280695
1.37679935987197,0.294935055344113
1.37713142628526,0.291273402061243
1.37746349269854,0.287642508518575
1.37779555911182,0.284026086657357
1.37812762552511,0.280478810062999
1.37845969193839,0.277116747512109
1.37879175835167,0.274135114717123
1.37912382476495,0.271587469380758
1.37945589117824,0.269331814831571
1.37978795759152,0.267370822731491
1.3801200240048,0.265563686797389
1.38045209041808,0.264104823896211
1.38078415683137,0.262643788691477
1.38111622324465,0.261257554746378
1.38144828965793,0.260085511530309
1.38178035607121,0.258912074248456
1.3821124224845,0.258232060842583
1.38244448889778,0.257644415033546
1.38277655531106,0.257273217399816
1.38310862172434,0.257199709576558
1.38344068813763,0.257126234745426
1.38377275455091,0.257126234745426
1.38410482096419,0.257126234745426
1.38443688737748,0.257126234745426
1.38476895379076,0.257126234745426
1.38510102020404,0.257114547816155
1.38543308661732,0.257041028215686
1.38576515303061,0.256967503158456
1.38609721944389,0.256893972644196
1.38642928585717,0.256820436672634
1.38676135227045,0.256746895243501
1.38709341868374,0.256673348356527
1.38742548509702,0.256599796011441
1.3877575515103,0.256130414768578
1.38808961792358,0.25561515165703
1.38842168433687,0.255064565050566
1.38875375075015,0.254475038407869
1.38908581716343,0.253885161929899
1.38941788357672,0.253294935478283
1.38974994999,0.252704358914623
1.39008201640328,0.252113432100492
1.39041408281656,0.251522154897438
1.39074614922985,0.250930527166979
1.39107821564313,0.250338548770606
1.39141028205641,0.249746219569785
1.39174234846969,0.249153539425953
1.39207441488298,0.248560508200519
1.39240648129626,0.247994724573578
1.39273854770954,0.247649042122247
1.39307061412282,0.247649042122247
1.39340268053611,0.247649042122247
1.39373474694939,0.247649042122247
1.39406681336267,0.24761340380347
1.39439887977596,0.247571363008954
1.39473094618924,0.247529321039922
1.39506301260252,0.247487277896376
1.3953950790158,0.247445233578314
1.39572714542909,0.247403188085738
1.39605921184237,0.247361141418645
1.39639127825565,0.247319093577038
1.39672334466893,0.247277044560916
1.39705541108222,0.247234994370278
1.3973874774955,0.247192943005125
1.39771954390878,0.247649586254066
1.39805161032206,0.248294576155023
1.39838367673535,0.249067765944373
1.39871574314863,0.249913393387352
1.39904780956191,0.250773399583133
1.39937987597519,0.251609751300814
1.39971194238848,0.252459437220457
1.40004400880176,0.25337699987298
1.40037607521504,0.254413600912991
1.40070814162833,0.255575859896896
1.40104020804161,0.25683821353734
1.40137227445489,0.258174473995016
1.40170434086817,0.259563936405387
1.40203640728146,0.260997173125472
1.40236847369474,0.262466179727109
1.40270054010802,0.263961932551035
1.4030326065213,0.265468395036769
1.40336467293459,0.266966686095811
1.40369673934787,0.268439105417083
1.40402880576115,0.269904152737489
1.40436087217443,0.271423371092036
1.40469293858772,0.273060576559548
1.405025005001,0.274844691888882
1.40535707141428,0.276680011148756
1.40568913782757,0.278443301228139
1.40602120424085,0.280019424483593
1.40635327065413,0.281407497654266
1.40668533706741,0.282663962943591
1.4070174034807,0.283816480499641
1.40734946989398,0.28491620723853
1.40768153630726,0.286014677313221
1.40801360272054,0.287163329323412
1.40834566913383,0.288405167857362
1.40867773554711,0.289729936708247
1.40900980196039,0.291106405860851
1.40934186837367,0.29250328079965
1.40967393478696,0.293885685874609
1.41000600120024,0.295214633641915
1.41033806761352,0.296451047115639
1.41067013402681,0.297567396314064
1.41100220044009,0.298575537310042
1.41133426685337,0.299495722437343
1.41166633326665,0.300347893095762
1.41199839967994,0.301149007199996
1.41233046609322,0.301914021766905
1.4126625325065,0.302657818031781
1.41299459891978,0.303394825392414
1.41332666533307,0.30413864276768
1.41365873174635,0.304902749903461
1.41399079815963,0.305695825498992
1.41432286457291,0.306497263198586
1.4146549309862,0.307275413790578
1.41498699739948,0.307999536134772
1.41531906381276,0.308662733335248
1.41565113022605,0.309271090087017
1.41598319663933,0.30983334619171
1.41631526305261,0.310392192249641
1.41664732946589,0.310954297832285
1.41697939587918,0.311524122380193
1.41731146229246,0.312103987808664
1.41764352870574,0.312671563997138
1.41797559511902,0.313188710202529
1.41830766153231,0.31361732874518
1.41863972794559,0.313944693305148
1.41897179435887,0.314204543987546
1.41930386077215,0.314435561528328
1.41963592718544,0.314671461842485
1.41996799359872,0.314917005983053
1.420300060012,0.315166446279818
1.42063212642529,0.315414178352503
1.42096419283857,0.315658576589079
1.42129625925185,0.315902238332526
1.42162832566513,0.316147962762605
1.42196039207842,0.316420821153697
1.4222924584917,0.316706550364969
1.42262452490498,0.316985568893884
1.42295659131826,0.317252761340565
1.42328865773155,0.317506522775889
1.42362072414483,0.317747415125642
1.42395279055811,0.31797596983201
1.42428485697139,0.318187345949144
1.42461692338468,0.318367245795885
1.42494898979796,0.318500415264538
1.42528105621124,0.318576170603607
1.42561312262452,0.318609389714334
1.42594518903781,0.318623832648094
1.42627725545109,0.318643031744378
1.42660932186437,0.318684928944596
1.42694138827766,0.31876175453918
1.42727345469094,0.319903246111499
1.42760552110422,0.321889157196171
1.4279375875175,0.323967083916182
1.42826965393079,0.326072157926389
1.42860172034407,0.328179175142365
1.42893378675735,0.330281900683995
1.42926585317063,0.332351398064165
1.42959791958392,0.332709535669493
1.4299299859972,0.333067070374143
1.43026205241048,0.33342464597999
1.43059411882376,0.333782980960099
1.43092618523705,0.334142425593868
1.43125825165033,0.33450136740681
1.43159031806361,0.334857543407984
1.4319223844769,0.335208923295946
1.43225445089018,0.335558600871682
1.43258651730346,0.33591469488545
1.43291858371674,0.336285519429676
1.43325065013003,0.336674514239784
1.43358271654331,0.337071080289682
1.43391478295659,0.337462117659993
1.43424684936987,0.337828483106195
1.43457891578316,0.338148869379463
1.43491098219644,0.338461025590926
1.43524304860972,0.338773112802895
1.435575115023,0.339089673259504
1.43590718143629,0.339409382350556
1.43623924784957,0.339730380184794
1.43657131426285,0.340048639126118
1.43690338067614,0.340349054797341
1.43723544708942,0.340613011345562
1.4375675135027,0.340822889250848
1.43789957991598,0.340981483285535
1.43823164632927,0.341110854056338
1.43856371274255,0.341233791979726
1.43889577915583,0.341367435677708
1.43922784556911,0.341513330933504
1.4395599119824,0.34167035253924
1.43989197839568,0.341837418339003
1.44022404480896,0.342013845855147
1.44055611122224,0.342199171267967
1.44088817763553,0.342392953659659
1.44122024404881,0.342596004885422
1.44155231046209,0.342811090357123
1.44188437687538,0.343041142389091
1.44221644328866,0.343809706154408
1.44254850970194,0.345900891121609
1.44288057611522,0.347983199927862
1.44321264252851,0.350045942940321
1.44354470894179,0.35209200951674
1.44387677535507,0.354126221181267
1.44420884176835,0.356116334090027
1.44454090818164,0.358102499596071
1.44487297459492,0.360026430766854
1.4452050410082,0.361953352189374
1.44553710742148,0.363044386695921
1.44586917383477,0.363586524637494
1.44620124024805,0.36411784262806
1.44653330666133,0.364558062838517
1.44686537307461,0.365009558827825
1.4471974394879,0.365465846495581
1.44752950590118,0.36592008574259
1.44786157231446,0.366386705384255
1.44819363872775,0.366878199350777
1.44852570514103,0.367344411267448
1.44885777155431,0.367719481482338
1.44918983796759,0.368055449411675
1.44952190438088,0.368299836848359
1.44985397079416,0.368457236022153
1.45018603720744,0.368591517032235
1.45051810362072,0.368653404346374
1.45085017003401,0.368705499172408
1.45118223644729,0.368752577967664
1.45151430286057,0.368804397584974
1.45184636927385,0.368873222456752
1.45217843568714,0.368971085908755
1.45251050210042,0.369097858214919
1.4528425685137,0.369201627996667
1.45317463492699,0.369289833186654
1.45350670134027,0.36935598523489
1.45383876775355,0.369406534573318
1.45417083416683,0.369453720679006
1.45450290058012,0.369509020832308
1.4548349669934,0.369570898313239
1.45516703340668,0.369684898282955
1.45549909981996,0.369827392525846
1.45583116623325,0.369934774080834
1.45616323264653,0.369963471176632
1.45649529905981,0.369973039838759
1.45682736547309,0.369923875354883
1.45715943188638,0.369851673914804
1.45749149829966,0.369785906485123
1.45782356471294,0.369737671281591
1.45815563112623,0.369714415345851
1.45848769753951,0.369718526194
1.45881976395279,0.369752017967171
1.45915183036607,0.369844507315711
1.45948389677936,0.370001227169465
1.45981596319264,0.370188570599983
1.46014802960592,0.370522942240382
1.4604800960192,0.3708649261239
1.46081216243249,0.371225145189229
1.46114422884577,0.37156242333769
1.46147629525905,0.371846420579772
1.46180836167233,0.372124182056769
1.46214042808562,0.372355327176076
1.4624724944989,0.372551386312338
1.46280456091218,0.372728711670402
1.46313662732547,0.372927483574441
1.46346869373875,0.373185715409333
1.46380076015203,0.373472973069036
1.46413282656531,0.373848080427971
1.4644648929786,0.37425801269237
1.46479695939188,0.374729162445509
1.46512902580516,0.375259249763921
1.46546109221844,0.375814623411005
1.46579315863173,0.376392701369415
1.46612522504501,0.376987924035796
1.46645729145829,0.377406560323281
1.46678935787157,0.377731370563068
1.46712142428486,0.378052273483034
1.46745349069814,0.378368550171102
1.46778555711142,0.378680149797409
1.46811762352471,0.379062930295948
1.46844968993799,0.379450761505904
1.46878175635127,0.379793094188971
1.46911382276455,0.380068621381105
1.46944588917784,0.380310543490603
1.46977795559112,0.380459168637147
1.4701100220044,0.380575547371625
1.47044208841768,0.380631040535273
1.47077415483097,0.380649374601942
1.47110622124425,0.380660817695781
1.47143828765753,0.380593005998617
1.47177035407081,0.38055448218234
1.4721024204841,0.380488563722476
1.47243448689738,0.380409619408289
1.47276655331066,0.380307231612665
1.47309861972394,0.380151522164575
1.47343068613723,0.379982940994096
1.47376275255051,0.379797627929896
1.47409481896379,0.379589350300756
1.47442688537708,0.379350857271609
1.47475895179036,0.379075166880195
1.47509101820364,0.378765061820906
1.47542308461692,0.378435361716655
1.47575515103021,0.378101647052141
1.47608721744349,0.377814162055231
1.47641928385677,0.377557701935577
1.47675135027005,0.377303513313498
1.47708341668334,0.377047413744375
1.47741548309662,0.37678890761942
1.4777475495099,0.376578375240939
1.47807961592318,0.376384293870899
1.47841168233647,0.376197589217389
1.47874374874975,0.376030018132673
1.47907581516303,0.375894130278337
1.47940788157632,0.375801121489066
1.4797399479896,0.375753141051422
1.48007201440288,0.375716803601839
1.48040408081616,0.375691400951247
1.48073614722945,0.375704157660976
1.48106821364273,0.37574895366891
1.48140028005601,0.375819525013915
1.48173234646929,0.375909421624515
1.48206441288258,0.376011535781415
1.48239647929586,0.376118613814145
1.48272854570914,0.376223783395899
1.48306061212242,0.376325024908811
1.48339267853571,0.376423665555392
1.48372474494899,0.376521099419444
1.48405681136227,0.376593538503243
1.48438887777556,0.376630563336143
1.48472094418884,0.376671220675763
1.48505301060212,0.37671619724284
1.4853850770154,0.376759862904035
1.48571714342869,0.376864458841421
1.48604920984197,0.377006411457032
1.48638127625525,0.377125074661774
1.48671334266853,0.377217197412476
1.48704540908182,0.377279666176227
1.4873774754951,0.377355740986973
1.48770954190838,0.377420545789598
1.48804160832166,0.377460246962479
1.48837367473495,0.377478584311404
1.48870574114823,0.377480324080023
1.48903780756151,0.377415948827251
1.4893698739748,0.377338249545713
1.48970194038808,0.376997780013161
1.49003400680136,0.376339285449411
1.49036607321464,0.375659214570867
1.49069813962793,0.374951112492804
1.49103020604121,0.374221749905882
1.49136227245449,0.373521656232579
1.49169433886777,0.372847833179886
1.49202640528106,0.372192510738499
1.49235847169434,0.371589746225139
1.49269053810762,0.370984172763618
1.4930226045209,0.370471259671587
1.49335467093419,0.36998733702519
1.49368673734747,0.369488844935329
1.49401880376075,0.368963809577716
1.49435087017403,0.368451388997179
1.49468293658732,0.368003849713277
1.4950150030006,0.367559487870164
1.49534706941388,0.367175582378992
1.49567913582717,0.366851765253652
1.49601120224045,0.366535503793637
1.49634326865373,0.366282817834854
1.49667533506701,0.366044999606154
1.4970074014803,0.366216026753017
1.49733946789358,0.366610506560694
1.49767153430686,0.367024529313167
1.49800360072014,0.367415698367974
1.49833566713343,0.367820334125111
1.49866773354671,0.367966931200094
1.49899979995999,0.368062865700771
1.49933186637327,0.368110341186615
1.49966393278656,0.368085903944354
1.49999599919984,0.368060720378044
1.50032806561312,0.36777870590555
1.50066013202641,0.367481238526619
1.50099219843969,0.367241571464717
1.50132426485297,0.367048159337262
1.50165633126625,0.366833733538233
1.50198839767954,0.366513790192874
1.50232046409282,0.366196676571844
1.5026525305061,0.365788597752998
1.50298459691938,0.365345143498377
1.50331666333267,0.364919906994642
1.50364872974595,0.364538146850347
1.50398079615923,0.364156155051261
1.50431286257251,0.363830518163301
1.5046449289858,0.363512307752194
1.50497699539908,0.363193982628835
1.50530906181236,0.362875398065328
1.50564112822564,0.362570179367379
1.50597319463893,0.362570185152018
1.50630526105221,0.362570534422317
1.50663732746549,0.362610752522259
1.50696939387878,0.362674704463167
1.50730146029206,0.362763232275544
1.50763352670534,0.362952261754425
1.50796559311862,0.363141707061884
1.50829765953191,0.363284318125109
1.50862972594519,0.363417979881255
1.50896179235847,0.363576160219864
1.50929385877175,0.363767892881926
1.50962592518504,0.363943330227183
1.50995799159832,0.364099301855337
1.5102900580116,0.364249429850338
1.51062212442488,0.364344423329048
1.51095419083817,0.364404066080381
1.51128625725145,0.364485522544676
1.51161832366473,0.364532091123475
1.51195039007802,0.364595719895114
1.5122824564913,0.364588939582497
1.51261452290458,0.364561585216317
1.51294658931786,0.364544148282716
1.51327865573115,0.364508205075482
1.51361072214443,0.364489014245969
1.51394278855771,0.364469844299464
1.51427485497099,0.36443458843968
1.51460692138428,0.364380187626357
1.51493898779756,0.364315805027932
1.51527105421084,0.364251076170743
1.51560312062412,0.364192260559123
1.51593518703741,0.364136363237399
1.51626725345069,0.364042421685446
1.51659931986397,0.363915929318558
1.51693138627726,0.363788329737622
1.51726345269054,0.363668209486601
1.51759551910382,0.363564075152343
1.5179275855171,0.363523027811304
1.51825965193039,0.363504091571433
1.51859171834367,0.363497206540585
1.51892378475695,0.363516609037262
1.51925585117023,0.363521815629316
1.51958791758352,0.363576783543292
1.5199199839968,0.36363922140988
1.52025205041008,0.363765306753093
1.52058411682336,0.363963429626155
1.52091618323665,0.364166322990842
1.52124824964993,0.364372073615765
1.52158031606321,0.364572948147301
1.5219123824765,0.364760277871043
1.52224444888978,0.36492598691506
1.52257651530306,0.365093334353928
1.52290858171634,0.365336617767779
1.52324064812963,0.365554978333785
1.52357271454291,0.365801783463392
1.52390478095619,0.366049882048105
1.52423684736947,0.366295168370001
1.52456891378276,0.366545297098863
1.52490098019604,0.366799472939844
1.52523304660932,0.367054469844285
1.5255651130226,0.367307255966912
1.52589717943589,0.367525115014792
1.52622924584917,0.36771430945041
1.52656131226245,0.367914880750902
1.52689337867574,0.368176946894411
1.52722544508902,0.368434695054726
1.5275575115023,0.368634672346171
1.52788957791558,0.368790503742598
1.52822164432887,0.368921753384244
1.52855371074215,0.369032241802607
1.52888577715543,0.369125884670919
1.52921784356871,0.369156837936495
1.529549909982,0.36917991381277
1.52988197639528,0.369164496900405
1.53021404280856,0.369099868409701
1.53054610922184,0.369057894518557
1.53087817563513,0.36903401726558
1.53121024204841,0.369023677320405
1.53154230846169,0.369058800514785
1.53187437487498,0.369125010527005
1.53220644128826,0.369191071805727
1.53253850770154,0.36925242568075
1.53287057411482,0.369304515246314
1.53320264052811,0.36938926108967
1.53353470694139,0.369472288424693
1.53386677335467,0.369552295092908
1.53419883976795,0.369648045399499
1.53453090618124,0.369711935438907
1.53486297259452,0.369746397778282
1.5351950390078,0.369763205881894
1.53552710542108,0.369804709684378
1.53585917183437,0.369881881473355
1.53619123824765,0.369949039232121
1.53652330466093,0.369988426228532
1.53685537107421,0.369983709072525
1.5371874374875,0.369900990275888
1.53751950390078,0.369780844010953
1.53785157031406,0.369670831834438
1.53818363672735,0.369585470721868
1.53851570314063,0.369516626314182
1.53884776955391,0.369403001480044
1.53917983596719,0.369271257257783
1.53951190238048,0.36913400848928
1.53984396879376,0.3689949824245
1.54017603520704,0.368858028023512
1.54050810162032,0.368550705166339
1.54084016803361,0.368256556270727
1.54117223444689,0.367864757864135
1.54150430086017,0.367399741234426
1.54183636727345,0.366978260236699
1.54216843368674,0.366594277095835
1.54250050010002,0.366241735157556
1.5428325665133,0.365914537679864
1.54316463292659,0.365606554785939
1.54349669933987,0.365328559607792
1.54382876575315,0.365104913659578
1.54416083216643,0.364885182370316
1.54449289857972,0.364719569556272
1.544824964993,0.364561190667718
1.54515703140628,0.364401555693444
1.54548909781956,0.364243929056342
1.54582116423285,0.364091637738756
1.54615323064613,0.363949879550503
1.54648529705941,0.363826225759615
1.54681736347269,0.363728407107994
1.54714942988598,0.363659903708083
1.54748149629926,0.363628433302975
1.54781356271254,0.363703148733658
1.54814562912583,0.363761387174788
1.54847769553911,0.363800932703091
1.54880976195239,0.363829716374999
1.54914182836567,0.363855896255238
1.54947389477896,0.363885661400021
1.54980596119224,0.363921024074632
1.55013802760552,0.363963463691944
1.5504700940188,0.364013022971284
1.55080216043209,0.364029339766429
1.55113422684537,0.363995677147794
1.55146629325865,0.363931304937476
1.55179835967193,0.363829744135541
1.55213042608522,0.363693544366701
1.5524624924985,0.363566385937454
1.55279455891178,0.363433614210455
1.55312662532506,0.363329203698985
1.55345869173835,0.363399132181542
1.55379075815163,0.363445776520989
1.55412282456491,0.363372983540945
1.5544548909782,0.363263705484503
1.55478695739148,0.363151556015096
1.55511902380476,0.363042554927367
1.55545109021804,0.362939456014373
1.55578315663133,0.363027123652856
1.55611522304461,0.363133938192516
1.55644728945789,0.363217925806493
1.55677935587117,0.36328357104341
1.55711142228446,0.363346609294183
1.55744348869774,0.363314851352927
1.55777555511102,0.363315034682342
1.5581076215243,0.363405335608814
1.55843968793759,0.363568513292458
1.55877175435087,0.363785452222726
1.55910382076415,0.364063223184416
1.55943588717744,0.364334590131371
1.55976795359072,0.364594009756228
1.560100020004,0.364846350161514
1.56043208641728,0.364932655687395
1.56076415283057,0.364797917335947
1.56109621924385,0.364646881392734
1.56142828565713,0.364589049818387
1.56176035207041,0.364467713296989
1.5620924184837,0.36429834057811
1.56242448489698,0.364119632368702
1.56275655131026,0.36395351304207
1.56308861772354,0.363809596572837
1.56342068413683,0.363683604103664
1.56375275055011,0.363618078461462
1.56408481696339,0.363577128589255
1.56441688337668,0.363562755444321
1.56474894978996,0.363594925574294
1.56508101620324,0.363628404742335
1.56541308261652,0.363602642282257
1.56574514902981,0.363565968543902
1.56607721544309,0.363521196306007
1.56640928185637,0.363471138656245
1.56674134826965,0.363425897109244
1.56707341468294,0.36334522955566
1.56740548109622,0.363299979946631
1.5677375475095,0.363398729371005
1.56806961392278,0.363563065093381
1.56840168033607,0.363729744904679
1.56873374674935,0.363962329015713
1.56906581316263,0.364171668970302
1.56939787957592,0.364368623713082
1.5697299459892,0.364561334093362
1.57006201240248,0.364749213237096
1.57039407881576,0.36492992120509
1.57072614522905,0.365102048863285
1.57105821164233,0.365274650125014
1.57139027805561,0.365463364738471
1.57172234446889,0.365718084062322
1.57205441088218,0.366041174357817
1.57238647729546,0.366410758969384
1.57271854370874,0.366914707379672
1.57305061012202,0.367431290009141
1.57338267653531,0.367903559618944
1.57371474294859,0.368342783789921
1.57404680936187,0.368754887548818
1.57437887577516,0.369139160167356
1.57471094218844,0.369507952304003
1.57504300860172,0.369820064555104
1.575375075015,0.370129909514264
1.57570714142829,0.370390036580579
1.57603920784157,0.3705803735528
1.57637127425485,0.370769893650004
1.57670334066813,0.371019816387902
1.57703540708142,0.37126963245988
1.5773674734947,0.371521139148173
1.57769953990798,0.371774267643349
1.57803160632126,0.372025731923765
1.57836367273455,0.372271931689506
1.57869573914783,0.372511212730973
1.57902780556111,0.372657747929339
1.57935987197439,0.372787671798297
1.57969193838768,0.37292345616998
1.58002400480096,0.373043765129698
1.58035607121424,0.373178575014399
1.58068813762753,0.373315177822085
1.58102020404081,0.373444642558575
1.58135227045409,0.373569178657772
1.58168433686737,0.373693040328844
1.58201640328066,0.37381997973336
1.58234846969394,0.373948675969959
1.58268053610722,0.374074857693413
1.5830126025205,0.374194303222029
1.58334466893379,0.374308901847046
1.58367673534707,0.374416385196059
1.58400880176035,0.374495423336647
1.58434086817363,0.37460424261504
1.58467293458692,0.374734923421838
1.5850050010002,0.374873834090553
1.58533706741348,0.375007824334569
1.58566913382677,0.375134103736894
1.58600120024005,0.375259866186664
1.58633326665333,0.375513871223494
1.58666533306661,0.375781242494555
1.5869973994799,0.375975327636732
1.58732946589318,0.376090502463748
1.58766153230646,0.376168815476428
1.58799359871974,0.37621025307989
1.58832566513303,0.37622327159657
1.58865773154631,0.376216367409278
1.58898979795959,0.376194753500267
1.58932186437287,0.376158410947621
1.58965393078616,0.376117919413933
1.58998599719944,0.376084548417881
1.59031806361272,0.376029317043938
1.59065013002601,0.375945608665227
1.59098219643929,0.375827212149978
1.59131426285257,0.375676160804967
1.59164632926585,0.375502136045891
1.59197839567914,0.375315108564185
1.59231046209242,0.375122805542417
1.5926425285057,0.374926868841843
1.59297459491898,0.374727920470823
1.59330666133227,0.374515651417257
1.59363872774555,0.374252746573343
1.59397079415883,0.373995375849048
1.59430286057211,0.373795671739303
1.5946349269854,0.373623472398379
1.59496699339868,0.373462164553353
1.59529905981196,0.373310124231194
1.59563112622525,0.373166231914674
1.59596319263853,0.372974067712862
1.59629525905181,0.372788010919409
1.59662732546509,0.372552759250047
1.59695939187838,0.372264463874797
1.59729145829166,0.371980552410671
1.59762352470494,0.371694605177257
1.59795559111822,0.371403462846924
1.59828765753151,0.371112445334723
1.59861972394479,0.370828238625815
1.59895179035807,0.370571541553637
1.59928385677135,0.370376137811159
1.59961592318464,0.370190282269423
1.59994798959792,0.370062166907798
1.6002800560112,0.369952855522859
1.60061212242448,0.369856331129621
1.60094418883777,0.369778928056037
1.60127625525105,0.369725335291679
1.60160832166433,0.369692719161078
1.60194038807762,0.369676097707907
1.6022724544909,0.369670531138511
1.60260452090418,0.369671863048949
1.60293658731746,0.369676609029171
1.60326865373075,0.369681309459299
1.60360072014403,0.369683854991051
1.60393278655731,0.369775102469748
1.60426485297059,0.369904172632199
1.60459691938388,0.370035429666924
1.60492898579716,0.370166938700243
1.60526105221044,0.370313731894239
1.60559311862372,0.370470052049285
1.60592518503701,0.370615513736243
1.60625725145029,0.370717469315829
1.60658931786357,0.370764509634216
1.60692138427686,0.370789604123264
1.60725345069014,0.370749613143324
1.60758551710342,0.370727893387278
1.6079175835167,0.370745031963637
1.60824964992999,0.370796809628252
1.60858171634327,0.370846759070529
1.60891378275655,0.370909768624824
1.60924584916983,0.370975668675307
1.60957791558312,0.371043527989539
1.6099099819964,0.371113760939211
1.61024204840968,0.371186380959662
1.61057411482296,0.37125823920459
1.61090618123625,0.371324687658408
1.61123824764953,0.371381123629518
1.61157031406281,0.371425287220531
1.6119023804761,0.371458102488895
1.61223444688938,0.371480720839166
1.61256651330266,0.371499119425762
1.61289857971594,0.371566637082781
1.61323064612923,0.371625212460768
1.61356271254251,0.371633302465722
1.61389477895579,0.371610167968047
1.61422684536907,0.371546026713754
1.61455891178236,0.371373318575198
1.61489097819564,0.371188736352828
1.61522304460892,0.370997023098717
1.6155551110222,0.370803516102049
1.61588717743549,0.370612865536377
1.61621924384877,0.370424513906609
1.61655131026205,0.370235531711243
1.61688337667534,0.369981235246523
1.61721544308862,0.369715463307633
1.6175475095019,0.369429352343335
1.61787957591518,0.369112182536213
1.61821164232847,0.368739970276419
1.61854370874175,0.368227628159249
1.61887577515503,0.367696200620586
1.61920784156831,0.367201924390354
1.6195399079816,0.366722161014348
1.61987197439488,0.366219371537197
1.62020404080816,0.365666213604953
1.62053610722144,0.365109645861184
1.62086817363473,0.364613608046857
1.62120024004801,0.364140215783653
1.62153230646129,0.363747107094749
1.62186437287457,0.363448191155879
1.62219643928786,0.363171631923047
1.62252850570114,0.362915555744913
1.62286057211442,0.362678154618069
1.62319263852771,0.36245770435376
1.62352470494099,0.362252483320284
1.62385677135427,0.3620716287025
1.62418883776755,0.361947591987095
1.62452090418084,0.361820112882719
1.62485297059412,0.361730160808987
1.6251850370074,0.361640603303849
1.62551710342068,0.361581731445232
1.62584916983397,0.361593610103229
1.62618123624725,0.361594844555483
1.62651330266053,0.361589973943394
1.62684536907381,0.361583846622322
1.6271774354871,0.361580577580406
1.62750950190038,0.361579278802693
1.62784156831366,0.361571570236578
1.62817363472695,0.361501481796332
1.62850570114023,0.361429032055974
1.62883776755351,0.361233682057797
1.62916983396679,0.360985280170372
1.62950190038008,0.360752654346576
1.62983396679336,0.36053002546169
1.63016603320664,0.36030929819646
1.63049809961992,0.360135697749847
1.63083016603321,0.359969527976201
1.63116223244649,0.359884398672706
1.63149429885977,0.35992618522302
1.63182636527305,0.359983378255218
1.63215843168634,0.360050541479614
1.63249049809962,0.360121166633892
1.6328225645129,0.36015361065119
1.63315463092619,0.360143259189403
1.63348669733947,0.360096741334313
1.63381876375275,0.359993038049962
1.63415083016603,0.359889347781356
1.63448289657932,0.359789284537774
1.6348149629926,0.359696551024416
1.63514702940588,0.359633562045543
1.63547909581916,0.359628383232405
1.63581116223245,0.359637843697321
1.63614322864573,0.359831712123198
1.63647529505901,0.36009305472726
1.63680736147229,0.360325615217814
1.63713942788558,0.360511187325318
1.63747149429886,0.360679548577823
1.63780356071214,0.360837081808107
1.63813562712543,0.360991470330266
1.63846769353871,0.361031452931061
1.63879975995199,0.361001106808774
1.63913182636527,0.360972075584586
1.63946389277856,0.360942071302214
1.63979595919184,0.360910655802049
1.64012802560512,0.360928897177291
1.6404600920184,0.360963620543251
1.64079215843169,0.361000774322209
1.64112422484497,0.361036638289474
1.64145629125825,0.361066618156367
1.64178835767153,0.361086310874206
1.64212042408482,0.361093556287138
1.6424524904981,0.361087652437493
1.64278455691138,0.361067947025827
1.64311662332467,0.361036389957918
1.64344868973795,0.360999760017248
1.64378075615123,0.360965361177973
1.64411282256451,0.36098315746765
1.6444448889778,0.36103791645446
1.64477695539108,0.361098684040655
1.64510902180436,0.361138990849654
1.64544108821764,0.36120319717104
1.64577315463093,0.361277425680871
1.64610522104421,0.361347303708103
1.64643728745749,0.361404913372615
1.64676935387077,0.361462928701127
1.64710142028406,0.36153812008501
1.64743348669734,0.361645437390588
1.64776555311062,0.361779607708089
1.6480976195239,0.361958823086865
1.64842968593719,0.362156736669116
1.64876175235047,0.362344090880476
1.64909381876375,0.362568605990381
1.64942588517704,0.362779320363698
1.64975795159032,0.363026024595883
1.6500900180036,0.363283654656834
1.65042208441688,0.363557296508334
1.65075415083017,0.363875413767058
1.65108621724345,0.36419526139306
1.65141828365673,0.364685269571392
1.65175035007001,0.36519929976432
1.6520824164833,0.365714073099813
1.65241448289658,0.36622682123711
1.65274654930986,0.366734397170541
1.65307861572314,0.367233587137355
1.65341068213643,0.367720383225458
1.65374274854971,0.368190307127721
1.65407481496299,0.368638923607096
1.65440688137628,0.369052172330764
1.65473894778956,0.369395545864346
1.65507101420284,0.369723844737873
1.65540308061612,0.370041298736096
1.65573514702941,0.370353085350615
1.65606721344269,0.370664692969901
1.65639927985597,0.370981294835863
1.65673134626925,0.371301165136588
1.65706341268254,0.371556622691902
1.65739547909582,0.371793991570348
1.6577275455091,0.371980784010925
1.65805961192238,0.372129296431878
1.65839167833567,0.37226496314421
1.65872374474895,0.372246077635575
1.65905581116223,0.372242813564311
1.65938787757552,0.372204215920029
1.6597199439888,0.372143826519125
1.66005201040208,0.372078255477439
1.66038407681536,0.372010947241048
1.66071614322865,0.37194603397206
1.66104820964193,0.371623233443633
1.66138027605521,0.371246987073582
1.66171234246849,0.37086206134705
1.66204440888178,0.370460837771652
1.66237647529506,0.370045001578583
1.66270854170834,0.369499648022117
1.66304060812162,0.368959977495681
1.66337267453491,0.368399000442698
1.66370474094819,0.367825355024932
1.66403680736147,0.367264609765243
1.66436887377475,0.366714943236454
1.66470094018804,0.366172988519404
1.66503300660132,0.365588148545283
1.6653650730146,0.364985240053464
1.66569713942789,0.364379397432141
1.66602920584117,0.363771866778286
1.66636127225445,0.363164195412347
1.66669333866773,0.362614122316787
1.66702540508102,0.362071061722865
1.6673574714943,0.361555708883591
1.66768953790758,0.361070674557866
1.66802160432086,0.360601733643538
1.66835367073415,0.360504010341029
1.66868573714743,0.360417339872309
1.66901780356071,0.36030506805745
1.669349869974,0.360178954326772
1.66968193638728,0.360057528190799
1.67001400280056,0.359935565615151
1.67034606921384,0.359810218082788
1.67067813562713,0.359529304727089
1.67101020204041,0.359200192232323
1.67134226845369,0.358868045703806
1.67167433486697,0.358544027202599
1.67200640128026,0.358239957974577
1.67233846769354,0.358024956790826
1.67267053410682,0.357835915663386
1.6730026005201,0.357658224238937
1.67333466693339,0.357481206206104
1.67366673334667,0.357304614070756
1.67399879975995,0.35717666007669
1.67433086617323,0.357036513307743
1.67466293258652,0.356926983612125
1.6749949989998,0.356829747172481
1.67532706541308,0.356696569252975
1.67565913182637,0.35647045727478
1.67599119823965,0.356247079196297
1.67632326465293,0.356078318082829
1.67665533106621,0.355918711670613
1.6769873974795,0.355784438165062
1.67731946389278,0.35568850893408
1.67765153030606,0.35559596536449
1.67798359671934,0.355764276770551
1.67831566313263,0.355931729020561
1.67864772954591,0.356126297457016
1.67897979595919,0.35633073853959
1.67931186237247,0.35653085575138
1.67964392878576,0.356783194293126
1.67997599519904,0.357045843451169
1.68030806161232,0.357279044682101
1.68064012802561,0.357507912355903
1.68097219443889,0.357702469156568
1.68130426085217,0.357808293923811
1.68163632726545,0.357909735053099
1.68196839367874,0.357946980144714
1.68230046009202,0.357967905016585
1.6826325265053,0.358068527581685
1.68296459291858,0.358259159485209
1.68329665933187,0.358440906000088
1.68362872574515,0.35867165160843
1.68396079215843,0.358894021176126
1.68429285857171,0.358950819339655
1.684624924985,0.358913069692705
1.68495699139828,0.358864320151496
1.68528905781156,0.358767732783729
1.68562112422485,0.358674366183913
1.68595319063813,0.358582901344647
1.68628525705141,0.358488021480705
1.68661732346469,0.358383831467949
1.68694938987798,0.358265370470133
1.68728145629126,0.358134984508673
1.68761352270454,0.35824156849117
1.68794558911782,0.358361362176624
1.68827765553111,0.358517962621088
1.68860972194439,0.358708280057324
1.68894178835767,0.358888465748023
1.68927385477095,0.358956427878325
1.68960592118424,0.359021849325087
1.68993798759752,0.358990808126868
1.6902700540108,0.358905016935355
1.69060212042408,0.358806255937493
1.69093418683737,0.358701386570715
1.69126625325065,0.35859740605712
1.69159831966393,0.358606285307259
1.69193038607722,0.358636400100616
1.6922624524905,0.358608855568362
1.69259451890378,0.358500498085776
1.69292658531706,0.358391971315708
1.69325865173035,0.358166502311072
1.69359071814363,0.357963304732915
1.69392278455691,0.357749119875976
1.69425485097019,0.3575292758952
1.69458691738348,0.357294183166674
1.69491898379676,0.356906959887968
1.69525105021004,0.356523578968656
1.69558311662332,0.3561380340941
1.69591518303661,0.35574498891327
1.69624724944989,0.355369566504896
1.69657931586317,0.355047316050529
1.69691138227646,0.354746632244485
1.69724344868974,0.354526672669464
1.69757551510302,0.354313503056878
1.6979075815163,0.354074695096528
1.69823964792959,0.353788580549471
1.69857171434287,0.3534668909451
1.69890378075615,0.353187950224804
1.69923584716943,0.352911594383822
1.69956791358272,0.352729219690153
1.699899979996,0.352600809224882
1.70023204640928,0.352501033918791
1.70056411282256,0.352499274941935
1.70089617923585,0.352495398312519
1.70122824564913,0.352543501954873
1.70156031206241,0.352608043434001
1.7018923784757,0.3526979159481
1.70222444488898,0.352824467502659
1.70255651130226,0.352942062297351
1.70288857771554,0.353108726738702
1.70322064412883,0.353265796206571
1.70355271054211,0.353444743786417
1.70388477695539,0.353642086467808
1.70421684336867,0.353823620877292
1.70454890978196,0.353943374463912
1.70488097619524,0.354063005139675
1.70521304260852,0.354184932153721
1.7055451090218,0.354309413496257
1.70587717543509,0.354453955483688
1.70620924184837,0.354647559214749
1.70654130826165,0.354838983810278
1.70687337467493,0.354968694498768
1.70720544108822,0.355077897777432
1.7075375075015,0.355158368294956
1.70786957391478,0.355219652224682
1.70820164032807,0.355317190354823
1.70853370674135,0.355394501367637
1.70886577315463,0.355499210803501
1.70919783956791,0.355574303523381
1.7095299059812,0.355614160149569
1.70986197239448,0.355634042854122
1.71019403880776,0.355596345273693
1.71052610522104,0.355560330073438
1.71085817163433,0.355479572846572
1.71119023804761,0.355382775567664
1.71152230446089,0.35528333458151
1.71185437087417,0.355180060674089
1.71218643728746,0.355078286722899
1.71251850370074,0.354984754566708
1.71285057011402,0.354905597856708
1.71318263652731,0.354808334305343
1.71351470294059,0.354684280535485
1.71384676935387,0.354564373053099
1.71417883576715,0.35450141629082
1.71451090218044,0.354435983682036
1.71484296859372,0.354369810370857
1.715175035007,0.354304400213579
1.71550710142028,0.354225627503682
1.71583916783357,0.354096832335211
1.71617123424685,0.353967944184943
1.71650330066013,0.35378713225137
1.71683536707341,0.353593144746556
1.7171674334867,0.3533990864202
1.71749949989998,0.353205050310388
1.71783156631326,0.353011024523913
1.71816363272655,0.352816975503358
1.71849569913983,0.352622871782795
1.71882776555311,0.352393960119355
1.71915983196639,0.352134985655584
1.71949189837968,0.351875934281079
1.71982396479296,0.351616810922431
1.72015603120624,0.351357612307114
1.72048809761952,0.35114340441855
1.72082016403281,0.350948900453801
1.72115223044609,0.350754352607498
1.72148429685937,0.350559768000965
1.72181636327265,0.350365153200341
1.72214842968594,0.350170500143847
1.72248049609922,0.349975785185209
1.7228125625125,0.349780983904082
1.72314462892579,0.34958609589371
1.72347669533907,0.349391984344014
1.72380876175235,0.349262133956461
1.72414082816563,0.349132455261024
1.72447289457892,0.349002766976675
1.7248049609922,0.34887273338366
1.72513702740548,0.348742022391344
1.72546909381876,0.348610843083716
1.72580116023205,0.348480360002141
1.72613322664533,0.348400597649138
1.72646529305861,0.348339643923946
1.72679735947189,0.348299281188778
1.72712942588518,0.348297042439316
1.72746149229846,0.348284669811924
1.72779355871174,0.348377912790346
1.72812562512503,0.348470448376052
1.72845769153831,0.348582035090402
1.72878975795159,0.348715327001725
1.72912182436487,0.348841157724229
1.72945389077816,0.34896427443099
1.72978595719144,0.349089073523333
1.73011802360472,0.349300281681594
1.730450090018,0.349558572884381
1.73078215643129,0.34981654671309
1.73111422284457,0.350073590817801
1.73144628925785,0.350330382010182
1.73177835567113,0.350587720503062
1.73211042208442,0.350846083729911
1.7324424884977,0.351104227974192
1.73277455491098,0.351360338494287
1.73310662132426,0.351612782288431
1.73343868773755,0.351863924283891
1.73377075415083,0.352120054177747
1.73410282056411,0.352352508323532
1.7344348869774,0.352570249215247
1.73476695339068,0.352774386160641
1.73509901980396,0.352811311177995
1.73543108621724,0.352845710472684
1.73576315263053,0.352831427900582
1.73609521904381,0.352796563910964
1.73642728545709,0.352762665119696
1.73675935187037,0.352730318690574
1.73709141828366,0.352697555472416
1.73742348469694,0.352550929832075
1.73775555111022,0.352382316300336
1.7380876175235,0.352214755861271
1.73841968393679,0.352054889091962
1.73875175035007,0.351909043952594
1.73908381676335,0.351776891162799
1.73941588317664,0.351651795574722
1.73974794958992,0.351488187901377
1.7400800160032,0.351294119503771
1.74041208241648,0.351098023654294
1.74074414882977,0.350903341947299
1.74107621524305,0.350712858659637
1.74140828165633,0.35052314231165
1.74174034806961,0.350327347973279
1.7420724144829,0.350111588113711
1.74240448089618,0.349916964832077
1.74273654730946,0.349713482638106
1.74306861372274,0.349448324570468
1.74340068013603,0.349180635192292
1.74373274654931,0.34891589590078
1.74406481296259,0.348652263957558
1.74439687937588,0.348392644167972
1.74472894578916,0.348192333584261
1.74506101220244,0.347991710648899
1.74539307861572,0.347791586023986
1.74572514502901,0.347592230472421
1.74605721144229,0.347392480371429
1.74638927785557,0.347190935560381
1.74672134426885,0.346986615901841
1.74705341068214,0.346835112080575
1.74738547709542,0.34670083683832
1.7477175435087,0.346576135303722
1.74804960992198,0.346463899902213
1.74838167633527,0.346364215031746
1.74871374274855,0.346276933268456
1.74904580916183,0.346201334605815
1.74937787557512,0.346169748033367
1.7497099419884,0.346171825653394
1.75004200840168,0.346165674252458
1.75037407481496,0.346100200703542
1.75070614122825,0.346031623575223
1.75103820764153,0.34595920249167
1.75137027405481,0.345910510139287
1.75170234046809,0.345875647345484
1.75203440688138,0.345851734586153
1.75236647329466,0.345844674637637
1.75269853970794,0.34584965604508
1.75303060612122,0.345856455666164
1.75336267253451,0.345854909861597
1.75369473894779,0.345839993846495
1.75402680536107,0.345814102193797
1.75435887177435,0.345780208184007
1.75469093818764,0.345741285809715
1.75502300460092,0.345700309923806
1.7553550710142,0.345660256320069
1.75568713742749,0.345623955912805
1.75601920384077,0.345591735937554
1.75635127025405,0.345561816156402
1.75668333666733,0.34548269862154
1.75701540308062,0.34538703249922
1.7573474694939,0.345334707578286
1.75767953590718,0.34536772280145
1.75801160232046,0.345399975789027
1.75834366873375,0.345432594850527
1.75867573514703,0.345467166875874
1.75900780156031,0.345505211110366
1.75933986797359,0.34554505587523
1.75967193438688,0.345580603426816
1.76000400080016,0.3456054307285
1.76033606721344,0.345615122731836
1.76066813362673,0.34559016881688
1.76100020004001,0.345547996995521
1.76133226645329,0.345507484599948
1.76166433286657,0.345470497862122
1.76199639927986,0.345435408965593
1.76232846569314,0.345400491742268
1.76266053210642,0.345364616683362
1.7629925985197,0.345328047240445
1.76332466493299,0.345291245286296
1.76365673134627,0.345254625590601
1.76398879775955,0.345218239245445
1.76432086417283,0.345181968296128
1.76465293058612,0.345145695138049
1.7649849969994,0.345109356250679
1.76531706341268,0.34507296025985
1.76564912982597,0.345036520808522
1.76598119623925,0.345000059817102
1.76631326265253,0.344963633007909
1.76664532906581,0.344927304743436
1.7669773954791,0.344891127561423
1.76730946189238,0.344854974047678
1.76764152830566,0.344818576766018
1.76797359471894,0.344781666231686
1.76830566113223,0.344744337141193
1.76863772754551,0.344707499128196
1.76896979395879,0.344672172640273
1.76930186037207,0.344635317751263
1.76963392678536,0.344470986510681
1.76996599319864,0.344323537698619
1.77029805961192,0.344143761955796
1.77063012602521,0.343926626633919
1.77096219243849,0.343706543538386
1.77129425885177,0.343521123165961
1.77162632526505,0.343314221269615
1.77195839167834,0.343185525555677
1.77229045809162,0.343065456043956
1.7726225245049,0.342991172829604
1.77295459091818,0.343025831685276
1.77328665733147,0.343044229327546
1.77361872374475,0.34304999166948
1.77395079015803,0.343046640922163
1.77428285657131,0.343037480257554
1.7746149229846,0.343025782825459
1.77494698939788,0.343003804298721
1.77527905581116,0.34286364087644
1.77561112222445,0.342726583882961
1.77594318863773,0.342593750260038
1.77627525505101,0.342470291388712
1.77660732146429,0.342413759713993
1.77693938787758,0.342536626163561
1.77727145429086,0.342696072450336
1.77760352070414,0.342938465020555
1.77793558711742,0.343211075252656
1.77826765353071,0.343491410477878
1.77859971994399,0.343768800566552
1.77893178635727,0.344032594989799
1.77926385277055,0.34407987988978
1.77959591918384,0.34409380247769
1.77992798559712,0.343938861213095
1.7802600520104,0.343653152842497
1.78059211842368,0.343350718028366
1.78092418483697,0.342986030757189
1.78125625125025,0.342615733521559
1.78158831766353,0.342240015363046
1.78192038407682,0.3418631959834
1.7822524504901,0.341533349771945
1.78258451690338,0.34131385954237
1.78291658331666,0.34111936635264
1.78324864972995,0.340948987032828
1.78358071614323,0.340800021624131
1.78391278255651,0.340640067352998
1.78424484896979,0.340462781605372
1.78457691538308,0.340305421826474
1.78490898179636,0.340169328222458
1.78524104820964,0.340054606210406
1.78557311462292,0.33991858077318
1.78590518103621,0.339773419894796
1.78623724744949,0.339654062720399
1.78656931386277,0.339594129170599
1.78690138027606,0.33953181139743
1.78723344668934,0.339509510391851
1.78756551310262,0.339487551519339
1.7878975795159,0.339474945173326
1.78822964592919,0.339492783191583
1.78856171234247,0.339515792017604
1.78889377875575,0.339551894482258
1.78922584516903,0.339583526026634
1.78955791158232,0.339613942954784
1.7898899779956,0.339646507119839
1.79022204440888,0.339684650184222
1.79055411082216,0.339731796528987
1.79088617723545,0.339790512916126
1.79121824364873,0.339817814613033
1.79155031006201,0.339833712133114
1.7918823764753,0.339828965282103
1.79221444288858,0.339832778584382
1.79254650930186,0.339838666855315
1.79287857571514,0.339840373956299
1.79321064212843,0.339838013058818
1.79354270854171,0.33986532243989
1.79387477495499,0.33994231365401
1.79420684136827,0.340034581957644
1.79453890778156,0.340138312809271
1.79487097419484,0.340247935562625
1.79520304060812,0.340358014628864
1.7955351070214,0.340464642848003
1.79586717343469,0.340564888098034
1.79619923984797,0.340655843090973
1.79653130626125,0.340735400550925
1.79686337267453,0.340755462774042
1.79719543908782,0.340744665251603
1.7975275055011,0.340701656138534
1.79785957191438,0.340603860204718
1.79819163832767,0.340502179483787
1.79852370474095,0.340459301032915
1.79885577115423,0.340427083955049
1.79918783756751,0.340426538659577
1.7995199039808,0.340461593748795
1.79985197039408,0.34050328360519
1.80018403680736,0.340734312418115
1.80051610322064,0.340965756115369
1.80084816963393,0.341117138307379
1.80118023604721,0.341218465712603
1.80151230246049,0.341318050049806
1.80184436887377,0.341413950941433
1.80217643528706,0.341507306175688
1.80250850170034,0.341604627920773
1.80284056811362,0.341712966237527
1.80317263452691,0.341860855452101
1.80350470094019,0.342062285567554
1.80383676735347,0.342266400860515
1.80416883376675,0.342526365615149
1.80450090018004,0.34278544961445
1.80483296659332,0.343081923414684
1.8051650330066,0.343423205374637
1.80549709941988,0.343782211199445
1.80582916583317,0.344150516913909
1.80616123224645,0.34451725434001
1.80649329865973,0.344829174162558
1.80682536507301,0.345115735530802
1.8071574314863,0.345355041620709
1.80748949789958,0.345450477737806
1.80782156431286,0.345578393784005
1.80815363072615,0.345775205652583
1.80848569713943,0.345977785980388
1.80881776355271,0.346185680530462
1.80914982996599,0.346414298122894
1.80948189637928,0.346635275630192
1.80981396279256,0.346987540984693
1.81014602920584,0.347346757993581
1.81047809561912,0.34767150315666
1.81081016203241,0.347967505041142
1.81114222844569,0.348261052269023
1.81147429485897,0.348554148519729
1.81180636127225,0.348849480858267
1.81213842768554,0.349054553007823
1.81247049409882,0.349224386029214
1.8128025605121,0.349387051733976
1.81313462692538,0.349535114517746
1.81346669333867,0.349667426369635
1.81379875975195,0.349735432425049
1.81413082616523,0.349799108695294
1.81446289257852,0.349872628021102
1.8147949589918,0.34994659863393
1.81512702540508,0.350000879530551
1.81545909181836,0.349903471049747
1.81579115823165,0.349787462797041
1.81612322464493,0.34964203621759
1.81645529105821,0.349521343639968
1.81678735747149,0.349441365190849
1.81711942388478,0.349212190719442
1.81745149029806,0.348934589084817
1.81778355671134,0.348560321037033
1.81811562312463,0.348103252999233
1.81844768953791,0.34775195913704
1.81877975595119,0.347663405687946
1.81911182236447,0.347612363247787
1.81944388877776,0.347771142340038
1.81977595519104,0.347984424915271
1.82010802160432,0.348203467216594
1.8204400880176,0.348427778899289
1.82077215443089,0.348666834697923
1.82110422084417,0.34892969230283
1.82143628725745,0.34921763489392
1.82176835367073,0.349392864652306
1.82210042008402,0.349518713836163
1.8224324864973,0.349652811728422
1.82276455291058,0.349791569831047
1.82309661932386,0.349931676686077
1.82342868573715,0.350070162189498
1.82376075215043,0.350207055369436
1.82409281856371,0.35034394656996
1.824424884977,0.350482405466702
1.82475695139028,0.350622209482049
1.82508901780356,0.350760471538482
1.82542108421684,0.350894089491922
1.82575315063013,0.351019440261459
1.82608521704341,0.351130486495351
1.82641728345669,0.351220495435326
1.82674934986997,0.351283283584885
1.82708141628326,0.351322531635144
1.82741348269654,0.351350468004191
1.82774554910982,0.351379587665195
1.8280776155231,0.351437243700228
1.82840968193639,0.351541744456726
1.82874174834967,0.351640242000692
1.82907381476295,0.351667661332277
1.82940588117624,0.351673981323724
1.82973794758952,0.351699505526024
1.8300700140028,0.35175106655134
1.83040208041608,0.351804947715689
1.83073414682937,0.351933580209773
1.83106621324265,0.352089846019786
1.83139827965593,0.352162818528537
1.83173034606921,0.352198212818681
1.8320624124825,0.352273432163557
1.83239447889578,0.352418383128927
1.83272654530906,0.352578594856862
1.83305861172234,0.35275492336504
1.83339067813563,0.352948333904632
1.83372274454891,0.3531796682004
1.83405481096219,0.353454381605893
1.83438687737548,0.353718273620987
1.83471894378876,0.354143507877148
1.83505101020204,0.354562911980666
1.83538307661532,0.354951636245073
1.83571514302861,0.355359544737234
1.83604720944189,0.35576874097086
1.83637927585517,0.356008500866577
1.83671134226845,0.356233179028583
1.83704340868174,0.356436133245208
1.83737547509502,0.356662723711744
1.8377075415083,0.356955159356723
1.83803960792158,0.357337277342071
1.83837167433487,0.357838347391965
1.83870374074815,0.358220127839041
1.83903580716143,0.358536434937429
1.83936787357471,0.358930374842467
1.839699939988,0.359479744798429
1.84003200640128,0.359987644853023
1.84036407281456,0.360605132062158
1.84069613922785,0.361205342669516
1.84102820564113,0.36181614034214
1.84136027205441,0.362418355582128
1.84169233846769,0.362956851111941
1.84202440488098,0.363337662624025
1.84235647129426,0.363661413968395
1.84268853770754,0.36402805312904
1.84302060412082,0.364435110720173
1.84335267053411,0.365020722641214
1.84368473694739,0.36596690235029
1.84401680336067,0.367045664683821
1.84434886977395,0.368244983552259
1.84468093618724,0.369409968267034
1.84501300260052,0.370529553520172
1.8453450690138,0.371631070520903
1.84567713542709,0.372747015780525
1.84600920184037,0.373846010393148
1.84634126825365,0.374932084733121
1.84667333466693,0.375477960959851
1.84700540108022,0.375579765021557
1.8473374674935,0.375256805638323
1.84766953390678,0.373997510078126
1.84800160032006,0.372662964441092
1.84833366673335,0.371316922312806
1.84866573314663,0.369991150203361
1.84899779955991,0.368756730158613
1.84932986597319,0.36766939109265
1.84966193238648,0.366651721528734
1.84999399879976,0.365690228225621
1.85032606521304,0.364770952467126
1.85065813162633,0.364080447108261
1.85099019803961,0.363577901507546
1.85132226445289,0.363113019047333
1.85165433086617,0.363019318616728
1.85198639727946,0.362910505296866
1.85231846369274,0.362808644098834
1.85265053010602,0.362734697724485
1.8529825965193,0.362704422712368
1.85331466293259,0.362710947076381
1.85364672934587,0.362591748880554
1.85397879575915,0.36214278714786
1.85431086217243,0.361553982980048
1.85464292858572,0.361288822680007
1.854974994999,0.361546973382942
1.85530706141228,0.361855401831919
1.85563912782557,0.36185331514291
1.85597119423885,0.361813018863867
1.85630326065213,0.361734005173872
1.85663532706541,0.36170703166485
1.8569673934787,0.361833864081958
1.85729945989198,0.362196315212846
1.85763152630526,0.362745545609234
1.85796359271854,0.363095859070383
1.85829565913183,0.36333352994824
1.85862772554511,0.363370558259968
1.85895979195839,0.363071120764923
1.85929185837167,0.362764959206606
1.85962392478496,0.362469515618698
1.85995599119824,0.362168026268841
1.86028805761152,0.361805466558836
1.86062012402481,0.361355174252772
1.86095219043809,0.360857118425179
1.86128425685137,0.360689018619867
1.86161632326465,0.360413636708183
1.86194838967794,0.360113454512513
1.86228045609122,0.359787677907158
1.8626125225045,0.359484429970654
1.86294458891778,0.359383235372467
1.86327665533107,0.359324799920599
1.86360872174435,0.359183565222649
1.86394078815763,0.359031642846077
1.86427285457091,0.358843017145086
1.8646049209842,0.358576374876497
1.86493698739748,0.358301908422658
1.86526905381076,0.357708760026799
1.86560112022404,0.357105281947872
1.86593318663733,0.356216299909811
1.86626525305061,0.355099607061323
1.86659731946389,0.354013179155685
1.86692938587718,0.352888130762275
1.86726145229046,0.35176246914605
1.86759351870374,0.350636035116292
1.86792558511702,0.349544548404939
1.86825765153031,0.348510198758458
1.86858971794359,0.347535490303872
1.86892178435687,0.346652257684227
1.86925385077015,0.345771651790207
1.86958591718344,0.344906560369445
1.86991798359672,0.344080296537786
1.87025005001,0.343307555991546
1.87058211642328,0.342567675627789
1.87091418283657,0.342833007267442
1.87124624924985,0.343155221403661
1.87157831566313,0.34363679253373
1.87191038207642,0.344275529969944
1.8722424484897,0.345047215807217
1.87257451490298,0.346112634988559
1.87290658131626,0.347145548934222
1.87323864772955,0.34855220999232
1.87357071414283,0.350054689380985
1.87390278055611,0.351565298687072
1.87423484696939,0.353144324427898
1.87456691338268,0.354710983676282
1.87489897979596,0.356617571191411
1.87523104620924,0.358552081528615
1.87556311262252,0.360443202126784
1.87589517903581,0.362278274667137
1.87622724544909,0.364058477870407
1.87655931186237,0.365493067957149
1.87689137827566,0.366855890956834
1.87722344468894,0.367998528910516
1.87755551110222,0.368951354093687
1.8778875775155,0.369573764529323
1.87821964392879,0.369373220448388
1.87855171034207,0.369034411159142
1.87888377675535,0.368416356860432
1.87921584316863,0.367669973015595
1.87954790958192,0.366823246616855
1.8798799759952,0.365880403807644
1.88021204240848,0.364930012229758
1.88054410882176,0.363912661623839
1.88087617523505,0.362888810828166
1.88120824164833,0.361795455858306
1.88154030806161,0.360647717092708
1.8818723744749,0.359456117949992
1.88220444088818,0.35788449263748
1.88253650730146,0.356338722214878
1.88286857371474,0.354560244928517
1.88320064012803,0.352711687331183
1.88353270654131,0.350992659466268
1.88386477295459,0.349530965240596
1.88419683936787,0.348075330728633
1.88452890578116,0.346616622133473
1.88486097219444,0.345159759818309
1.88519303860772,0.343711036084473
1.885525105021,0.342275087560348
1.88585717143429,0.340849660327284
1.88618923784757,0.339555148011531
1.88652130426085,0.338256188562374
1.88685337067414,0.337009224052698
1.88718543708742,0.335841881105328
1.8875175035007,0.334768508907008
1.88784956991398,0.333813861671516
1.88818163632727,0.332955893098407
1.88851370274055,0.332264161689292
1.88884576915383,0.331641370832054
1.88917783556711,0.331049455218046
1.8895099019804,0.330485022668749
1.88984196839368,0.329878154749661
1.89017403480696,0.329646909035952
1.89050610122024,0.329431136706369
1.89083816763353,0.329182663645354
1.89117023404681,0.32892194024586
1.89150230046009,0.328688777382868
1.89183436687337,0.328535355097555
1.89216643328666,0.328394479845153
1.89249849969994,0.328261061113079
1.89283056611322,0.3281301074937
1.89316263252651,0.327996632084741
1.89349469893979,0.327858544168263
1.89382676535307,0.32772161895241
1.89415883176635,0.327646860556485
1.89449089817964,0.32759951047437
1.89482296459292,0.327617132408562
1.8951550310062,0.327724688596734
1.89548709741948,0.327835127436976
1.89581916383277,0.327886056815939
1.89615123024605,0.327952836420455
1.89648329665933,0.32805183566976
1.89681536307261,0.328193126909718
1.8971474294859,0.328367533112833
1.89747949589918,0.328560130654985
1.89781156231246,0.328757134835505
1.89814362872575,0.329013067738652
1.89847569513903,0.329327519844491
1.89880776155231,0.329726943415677
1.89913982796559,0.330255066042695
1.89947189437888,0.330846663505208
1.89980396079216,0.331536342071821
1.90013602720544,0.33225424713698
1.90046809361872,0.332977565781011
1.90080016003201,0.333696788696234
1.90113222644529,0.334401222978607
1.90146429285857,0.335024260061473
1.90179635927185,0.335636333715651
1.90212842568514,0.336164657331159
1.90246049209842,0.33664142464651
1.9027925585117,0.337122442724747
1.90312462492499,0.337609911025048
1.90345669133827,0.338106043869297
1.90378875775155,0.338613375750684
1.90412082416483,0.339134714827566
1.90445289057812,0.339672861991594
1.9047849569914,0.340226393485353
1.90511702340468,0.340783389658319
1.90544908981796,0.341270362312122
1.90578115623125,0.341729272535389
1.90611322264453,0.342159711845985
1.90644528905781,0.342559179751898
1.90677735547109,0.342929874662752
1.90710942188438,0.343313655204172
1.90744148829766,0.343621202952754
1.90777355471094,0.34403567060418
1.90810562112422,0.344433235912343
1.90843768753751,0.344708857563561
1.90876975395079,0.344878474928596
1.90910182036407,0.344958682763404
1.90943388677736,0.345030743652826
1.90976595319064,0.345091974769962
1.91009801960392,0.34516842781603
1.9104300860172,0.345285776977953
1.91076215243049,0.34543982527436
1.91109421884377,0.345369100752547
1.91142628525705,0.345312254894494
1.91175835167033,0.345176215155532
1.91209041808362,0.344994183685825
1.9124224844969,0.344867198831334
1.91275455091018,0.344791716754816
1.91308661732346,0.344741367841134
1.91341868373675,0.344734339118066
1.91375075015003,0.34471852067335
1.91408281656331,0.344681971050684
1.9144148829766,0.344643996704193
1.91474694938988,0.344550435076631
1.91507901580316,0.344402132451057
1.91541108221644,0.344206771265585
1.91574314862973,0.343972225121199
1.91607521504301,0.343707622019007
1.91640728145629,0.343423276433475
1.91673934786957,0.343069614747614
1.91707141428286,0.342724249226472
1.91740348069614,0.342413240808438
1.91773554710942,0.342168155297437
1.9180676135227,0.342068552877605
1.91839967993599,0.342299654841448
1.91873174634927,0.342652727008386
1.91906381276255,0.342897057050423
1.91939587917584,0.343206736618626
1.91972794558912,0.343643628007092
1.9200600120024,0.344201324539472
1.92039207841568,0.344747287858931
1.92072414482897,0.345245220625672
1.92105621124225,0.345666697713921
1.92138827765553,0.345950977911683
1.92172034406881,0.346083453398582
1.9220524104821,0.346100541409465
1.92238447689538,0.345911239692923
1.92271654330866,0.345654126776801
1.92304860972194,0.345396278726756
1.92338067613523,0.345143361640124
1.92371274254851,0.344914923699725
1.92404480896179,0.344760178698891
1.92437687537508,0.344630810526112
1.92470894178836,0.344473865986853
1.92504100820164,0.344332451470139
1.92537307461492,0.344069832090082
1.92570514102821,0.343640804776402
1.92603720744149,0.343259048028917
1.92636927385477,0.343356240272542
1.92670134026805,0.343466497487505
1.92703340668134,0.343512277973917
1.92736547309462,0.343487081302634
1.9276975395079,0.343432487623627
1.92802960592118,0.343326638305278
1.92836167233447,0.343244318331778
1.92869373874775,0.343105637782126
1.92902580516103,0.342883707138596
1.92935787157431,0.342486043352742
1.9296899379876,0.341823636705635
1.93002200440088,0.341082710714432
1.93035407081416,0.340200004294995
1.93068613722745,0.33932013680589
1.93101820364073,0.338402697609618
1.93135027005401,0.337456989486443
1.93168233646729,0.336616876961297
1.93201440288058,0.335870239820354
1.93234646929386,0.33517797588302
1.93267853570714,0.334742124660673
1.93301060212042,0.334449656326468
1.93334266853371,0.334198276796295
1.93367473494699,0.334157477778553
1.93400680136027,0.334117991392688
1.93433886777355,0.334081704916453
1.93467093418684,0.334049308430538
1.93500300060012,0.334021622292439
1.9353350670134,0.334003563975306
1.93566713342669,0.334004816189839
1.93599919983997,0.334035328778602
1.93633126625325,0.334102312735736
1.93666333266653,0.334203413878971
1.93699539907982,0.334334189036498
1.9373274654931,0.334489931772619
1.93765953190638,0.334662666631205
1.93799159831966,0.334842205531672
1.93832366473295,0.335018375102254
1.93865573114623,0.335187171967976
1.93898779755951,0.3353887189392
1.93931986397279,0.335699766568193
1.93965193038608,0.336026094960058
1.93998399679936,0.336349780590363
1.94031606321264,0.336643919881623
1.94064812962593,0.336882473886456
1.94098019603921,0.337063555659818
1.94131226245249,0.337212252333073
1.94164432886577,0.337161300940601
1.94197639527906,0.337120676299462
1.94230846169234,0.337091535496263
1.94264052810562,0.337066783491738
1.9429725945189,0.33703976106993
1.94330466093219,0.337008964209022
1.94363672734547,0.336976247538145
1.94396879375875,0.33689617692868
1.94430086017203,0.336798722898604
1.94463292658532,0.336682303427781
1.9449649929986,0.336519846856328
1.94529705941188,0.336355080982481
1.94562912582517,0.336232222608407
1.94596119223845,0.336083814678698
1.94629325865173,0.335914807501163
1.94662532506501,0.335729942753997
1.9469573914783,0.335507545372485
1.94728945789158,0.335364752252792
1.94762152430486,0.335218492582086
1.94795359071814,0.335032409184396
1.94828565713143,0.334823963042088
1.94861772354471,0.334620208772387
1.94894978995799,0.334416693064722
1.94928185637127,0.334205107083808
1.94961392278456,0.333977223186337
1.94994598919784,0.333738098411291
1.95027805561112,0.333516512535009
1.95061012202441,0.333343720687291
1.95094218843769,0.333244359411096
1.95127425485097,0.333328728746227
1.95160632126425,0.333456070704331
1.95193838767754,0.33362545216729
1.95227045409082,0.333822861564235
1.9526025205041,0.334011361046871
1.95293458691738,0.334138884386676
1.95326665333067,0.33428487839098
1.95359871974395,0.334407096006127
1.95393078615723,0.33450912507896
1.95426285257051,0.334596418117632
1.9545949189838,0.334633879578356
1.95492698539708,0.334667824811139
1.95525905181036,0.334695042602889
1.95559111822364,0.334717879243668
1.95592318463693,0.334748201699335
1.95625525105021,0.334798810774885
1.95658731746349,0.334879514080676
1.95691938387678,0.334983893700898
1.95725145029006,0.335100058058064
1.95758351670334,0.335216339016978
1.95791558311662,0.335326178609706
1.95824764952991,0.335408915274777
1.95857971594319,0.335369754840334
1.95891178235647,0.335320213171131
1.95924384876975,0.335259184189787
1.95957591518304,0.335185582437108
1.95990798159632,0.335118763044995
1.9602400480096,0.335087873309291
1.96057211442288,0.335052545110348
1.96090418083617,0.335076579513692
1.96123624724945,0.335111831185664
1.96156831366273,0.335117337729364
1.96190038007602,0.335084897259414
1.9622324464893,0.335048091364287
1.96256451290258,0.335012012378834
1.96289657931586,0.334984008849878
1.96322864572915,0.334930120356619
1.96356071214243,0.334865693498307
1.96389277855571,0.334794708549155
1.96422484496899,0.334669436013437
1.96455691138228,0.334538086866875
1.96488897779556,0.334406092180329
1.96522104420884,0.334280629005565
1.96555311062212,0.3341907979942
1.96588517703541,0.334144069373056
1.96621724344869,0.334077616778636
1.96654930986197,0.333909178145876
1.96688137627526,0.333691335656396
1.96721344268854,0.333481134822446
1.96754550910182,0.333297291729108
1.9678775755151,0.333131200174572
1.96820964192839,0.333033445417399
1.96854170834167,0.33293535631996
1.96887377475495,0.332873239639476
1.96920584116823,0.332827422774045
1.96953790758152,0.332790849513767
1.9698699739948,0.332778323907642
1.97020204040808,0.332797643796923
1.97053410682136,0.33289292984108
1.97086617323465,0.333005896794431
1.97119823964793,0.33314004032702
1.97153030606121,0.333305964896175
1.9718623724745,0.333470330541289
1.97219443888778,0.333638568359486
1.97252650530106,0.333811044719131
1.97285857171434,0.333980442590203
1.97319063812763,0.334138808885945
1.97352270454091,0.334290413725923
1.97385477095419,0.334486432988337
1.97418683736747,0.334679041865414
1.97451890378076,0.334876064580491
1.97485097019404,0.335077603209395
1.97518303660732,0.335236173716312
1.9755151030206,0.335294527239588
1.97584716943389,0.335343512274128
1.97617923584717,0.335399984186572
1.97651130226045,0.335483506339649
1.97684336867374,0.335611014144655
1.97717543508702,0.335776869087166
1.9775075015003,0.335960829147069
1.97783956791358,0.336086189004323
1.97817163432687,0.336210537210958
1.97850370074015,0.336345850668818
1.97883576715343,0.33650546207847
1.97916783356671,0.336698075880174
1.97949989998,0.33691148279908
1.97983196639328,0.337127570096693
1.98016403280656,0.337328921735228
1.98049609921984,0.337510112072662
1.98082816563313,0.337675907859508
1.98116023204641,0.337831392091353
1.98149229845969,0.337979738598522
1.98182436487297,0.338119423402709
1.98215643128626,0.338248212762396
1.98248849769954,0.338364333992078
1.98282056411282,0.338469791086084
1.98315263052611,0.338575088987265
1.98348469693939,0.338736402140767
1.98381676335267,0.338898979365261
1.98414882976595,0.339022910989689
1.98448089617924,0.339136657354507
1.98481296259252,0.339264432085283
1.9851450290058,0.339403053041624
1.98547709541908,0.339547596944328
1.98580916183237,0.339638235901591
1.98614122824565,0.339715541498711
1.98647329465893,0.339786996867201
1.98680536107221,0.339849563878464
1.9871374274855,0.339900786565118
1.98746949389878,0.339939583613506
1.98780156031206,0.339965071677584
1.98813362672535,0.339976962992835
1.98846569313863,0.339979625484008
1.98879775955191,0.339979616895076
1.98912982596519,0.339983374762453
1.98946189237848,0.339991659129589
1.98979395879176,0.339997573176454
1.99012602520504,0.339993677906018
1.99045809161832,0.339953992782209
1.99079015803161,0.339857240657737
1.99112222444489,0.339753507027733
1.99145429085817,0.339706491375986
1.99178635727145,0.33966950401537
1.99211842368474,0.339671112867547
1.99245049009802,0.339719429587578
1.9927825565113,0.339785083142311
1.99311462292459,0.339922089863532
1.99344668933787,0.340062882438211
1.99377875575115,0.340243684110949
1.99411082216443,0.340445331386101
1.99444288857772,0.340656901860874
1.994774954991,0.340915775220101
1.99510702140428,0.341173275179951
1.99543908781756,0.341436801656513
1.99577115423085,0.341714039690802
1.99610322064413,0.342012320400698
1.99643528705741,0.34233760903902
1.99676735347069,0.342695525433781
1.99709941988398,0.343152814495053
1.99743148629726,0.343646124176572
1.99776355271054,0.344159845318597
1.99809561912383,0.344681598493195
1.99842768553711,0.345172024874294
1.99875975195039,0.345416629221663
1.99909181836367,0.345637990912469
1.99942388477696,0.345828580461273
1.99975595119024,0.345997336681064
2.00008801760352,0.346160310306183
2.0004200840168,0.346333369036433
2.00075215043009,0.346525172687781
2.00108421684337,0.346680648330961
2.00141628325665,0.34684361177101
2.00174834966993,0.347021226805895
2.00208041608322,0.347202753640676
2.0024124824965,0.347375612770405
2.00274454890978,0.347528354019845
2.00307661532307,0.347664994496799
2.00340868173635,0.347763115097402
2.00374074814963,0.347848798335315
2.00407281456291,0.347945389642609
2.0044048809762,0.347997548828069
2.00473694738948,0.348045791538872
2.00506901380276,0.348030113916249
2.00540108021604,0.347980837836705
2.00573314662933,0.348001360391513
2.00606521304261,0.348188579622743
2.00639727945589,0.348359737435617
2.00672934586917,0.348553887554405
2.00706141228246,0.348699692717348
2.00739347869574,0.34877849478389
2.00772554510902,0.348805720229124
2.0080576115223,0.348803006617798
2.00838967793559,0.348791251400626
2.00872174434887,0.348781836993101
2.00905381076215,0.348738368943052
2.00938587717543,0.34868306485311
2.00971794358872,0.348641229041623
2.010050010002,0.348609157583437
2.01038207641528,0.348582489488442
2.01071414282857,0.348556800463098
2.01104620924185,0.348527260313758
2.01137827565513,0.348464687413506
2.01171034206841,0.34834798201652
2.0120424084817,0.348217873817802
2.01237447489498,0.348142190318083
2.01270654130826,0.348068790951668
2.01303860772154,0.347999306500154
2.01337067413483,0.347931981122324
2.01370274054811,0.347863676429042
2.01403480696139,0.347790854225257
2.01436687337468,0.347705074434744
2.01469893978796,0.347639336568649
2.01503100620124,0.34755719749805
2.01536307261452,0.347435342662689
2.01569513902781,0.347286548062783
2.01602720544109,0.347125411758147
2.01635927185437,0.346965729742323
2.01669133826765,0.346816339034785
2.01702340468094,0.346684190518944
2.01735547109422,0.346576010360179
2.0176875375075,0.346491821386672
2.01801960392078,0.346361479111688
2.01835167033407,0.346242641812955
2.01868373674735,0.346130354412505
2.01901580316063,0.346025329742966
2.01934786957391,0.345929451144261
2.0196799359872,0.345843584791558
2.02001200240048,0.345756768889816
2.02034406881376,0.345650407900072
2.02067613522705,0.345505897151062
2.02100820164033,0.345274914792278
2.02134026805361,0.3449287889431
2.02167233446689,0.344574606065067
2.02200440088018,0.344170217220117
2.02233646729346,0.343768764520601
2.02266853370674,0.343402719891893
2.02300060012002,0.343069160405759
2.02333266653331,0.342740657038175
2.02366473294659,0.342532822569896
2.02399679935987,0.342325101031691
2.02432886577316,0.342122268719521
2.02466093218644,0.341939022918066
2.02499299859972,0.341792025233121
2.025325065013,0.341696300746455
2.02565713142629,0.341648792303353
2.02598919783957,0.341635230503
2.02632126425285,0.341641250309427
2.02665333066613,0.341634354484083
2.02698539707942,0.341602828597166
2.0273174634927,0.341592436075413
2.02764952990598,0.341607047334935
2.02798159631926,0.341642857592244
2.02831366273255,0.341693383011934
2.02864572914583,0.341752318391823
2.02897779555911,0.341825387286896
2.02930986197239,0.341965136916111
2.02964192838568,0.342116696710243
2.02997399479896,0.342285133075258
2.03030606121224,0.342482456042883
2.03063812762552,0.34270401234337
2.03097019403881,0.34293198180818
2.03130226045209,0.343205288950818
2.03163432686537,0.343503873534402
2.03196639327866,0.343807602684793
2.03229845969194,0.344073678560904
2.03263052610522,0.344288413885227
2.0329625925185,0.34448527008578
2.03329465893179,0.344723949908843
2.03362672534507,0.344940369863042
2.03395879175835,0.345180905941185
2.03429085817163,0.345457841613039
2.03462292458492,0.345715173339967
2.0349549909982,0.345952054769434
2.03528705741148,0.346167596007376
2.03561912382476,0.346410302415816
2.03595119023805,0.346649578700216
2.03628325665133,0.346850240079684
2.03661532306461,0.346992000995265
2.0369473894779,0.347113551460827
2.03727945589118,0.347117790219098
2.03761152230446,0.347072946944868
2.03794358871774,0.346959127563925
2.03827565513103,0.346787096427265
2.03860772154431,0.34660339743909
2.03893978795759,0.346418506905233
2.03927185437087,0.346227677563316
2.03960392078416,0.346063229993437
2.03993598719744,0.345896891470527
2.04026805361072,0.345704777690829
2.040600120024,0.345493683330801
2.04093218643729,0.345270712714718
2.04126425285057,0.345041082077227
2.04159631926385,0.344804757350251
2.04192838567714,0.344585789454849
2.04226045209042,0.34439923843743
2.0425925185037,0.344214517773182
2.04292458491698,0.344108783022145
2.04325665133027,0.344036183542875
2.04358871774355,0.343966879357918
2.04392078415683,0.343903936946872
2.04425285057011,0.343865668640048
2.0445849169834,0.343799875548895
2.04491698339668,0.34376230926297
2.04524904980996,0.343752184468324
2.04558111622325,0.343768444144302
2.04591318263653,0.343804747309867
2.04624524904981,0.343849937298202
2.04657731546309,0.343892689896657
2.04690938187638,0.343926950656788
2.04724144828966,0.343960666827374
2.04757351470294,0.343946977734583
2.04790558111622,0.343878852230982
2.04823764752951,0.343825797041599
2.04856971394279,0.343838768516841
2.04890178035607,0.343842321516981
2.04923384676935,0.343829516983276
2.04956591318264,0.343800483719252
2.04989797959592,0.343744433492009
2.0502300460092,0.343621225567264
2.05056211242248,0.343491623684153
2.05089417883577,0.343364481475757
2.05122624524905,0.343248409309771
2.05155831166233,0.343125588890586
2.05189037807562,0.342974541036146
2.0522224444889,0.342838290873423
2.05255451090218,0.342655148406215
2.05288657731546,0.342471798482006
2.05321864372875,0.342285744619151
2.05355071014203,0.342089244550826
2.05388277655531,0.341882047448173
2.05421484296859,0.341716138669935
2.05454690938188,0.341527622590435
2.05487897579516,0.34144351515567
2.05521104220844,0.341408389500832
2.05554310862172,0.341358709501778
2.05587517503501,0.341298822740493
2.05620724144829,0.341232792308525
2.05653930786157,0.341217423569534
2.05687137427485,0.341216029309296
2.05720344068814,0.341216807322348
2.05753550710142,0.341217534516932
2.0578675735147,0.341215907770875
2.05819963992799,0.341274750532858
2.05853170634127,0.341337453228525
2.05886377275455,0.341478693097733
2.05919583916783,0.341690624025546
2.05952790558112,0.341923844417768
2.0598599719944,0.342226172759724
2.06019203840768,0.342540126653185
2.06052410482096,0.342772295053318
2.06085617123425,0.342973944119089
2.06118823764753,0.343161938314616
2.06152030406081,0.343305186386673
2.06185237047409,0.34344415765681
2.06218443688738,0.34353708968877
2.06251650330066,0.343611722462261
2.06284856971394,0.343672780356012
2.06318063612723,0.343731336102259
2.06351270254051,0.343798665898883
2.06384476895379,0.343882282371654
2.06417683536707,0.343980907353518
2.06450890178036,0.344131153472793
2.06484096819364,0.344317211238011
2.06517303460692,0.344533765717999
2.0655051010202,0.344771890337307
2.06583716743349,0.345016156491852
2.06616923384677,0.34526889202625
2.06650130026005,0.34553699704276
2.06683336667333,0.345827681422779
2.06716543308662,0.346145376820669
2.0674974994999,0.346483186022834
2.06782956591318,0.346890823928652
2.06816163232647,0.347304345425056
2.06849369873975,0.34774432421617
2.06882576515303,0.348206743776989
2.06915783156631,0.348650178069714
2.0694898979796,0.349019625130425
2.06982196439288,0.349381521031574
2.07015403080616,0.349786172187833
2.07048609721944,0.350219626423371
2.07081816363273,0.350624518070881
2.07115023004601,0.350923349874891
2.07148229645929,0.351204860206333
2.07181436287257,0.351416795859629
2.07214642928586,0.351612534426965
2.07247849569914,0.351842826582782
2.07281056211242,0.35213084976339
2.07314262852571,0.352432706724029
2.07347469493899,0.352656397698634
2.07380676135227,0.352875007335667
2.07413882776555,0.353088948847099
2.07447089417884,0.353301225916906
2.07480296059212,0.353514944016542
2.0751350270054,0.35373117436543
2.07546709341868,0.353946621855946
2.07579915983197,0.354172628240664
2.07613122624525,0.354396127453409
2.07646329265853,0.354605953615157
2.07679535907181,0.354796655360325
2.0771274254851,0.354962947885191
2.07745949189838,0.355049597252157
2.07779155831166,0.35511151307491
2.07812362472495,0.355136145951516
2.07845569113823,0.355125243986622
2.07878775755151,0.35511936670639
2.07911982396479,0.355007325782966
2.07945189037808,0.354921836934459
2.07978395679136,0.354899924662679
2.08011602320464,0.354918367476783
2.08044808961792,0.354990532721842
2.08078015603121,0.355272954354889
2.08111222244449,0.355567306429597
2.08144428885777,0.355786787614395
2.08177635527105,0.356007998540928
2.08210842168434,0.356250996507455
2.08244048809762,0.356498581177693
2.0827725545109,0.356733838114761
2.08310462092418,0.356949328718739
2.08343668733747,0.357148850162896
2.08376875375075,0.35733684916652
2.08410082016403,0.357516839993802
2.08443288657732,0.357694330953577
2.0847649529906,0.357921785995227
2.08509701940388,0.358140204935813
2.08542908581716,0.358390202955329
2.08576115223045,0.358648851226086
2.08609321864373,0.358877139911442
2.08642528505701,0.359043720298341
2.08675735147029,0.359205338147599
2.08708941788358,0.359371366296571
2.08742148429686,0.359550238377262
2.08775355071014,0.359668151334776
2.08808561712342,0.359687360913123
2.08841768353671,0.359722089694837
2.08874974994999,0.359892198490289
2.08908181636327,0.360066200913609
2.08941388277656,0.360231588608137
2.08974594918984,0.360381175550389
2.09007801560312,0.360517131493349
2.0904100820164,0.360643622539348
2.09074214842969,0.36076430226892
2.09107421484297,0.360876636739429
2.09140628125625,0.360973979610722
2.09173834766953,0.361049645693063
2.09207041408282,0.361100721363055
2.0924024804961,0.361131450312151
2.09273454690938,0.361091394555563
2.09306661332266,0.361033117839911
2.09339867973595,0.360997757481889
2.09373074614923,0.360995266412835
2.09406281256251,0.360990882970405
2.0943948789758,0.360866737659492
2.09472694538908,0.360741078790329
2.09505901180236,0.360570675489258
2.09539107821564,0.360369079441078
2.09572314462893,0.360171556743071
2.09605521104221,0.359991253807515
2.09638727745549,0.359840030098392
2.09671934386877,0.359812768427685
2.09705141028206,0.359827851050596
2.09738347669534,0.35986587332798
2.09771554310862,0.359938050665515
2.0980476095219,0.360004789780468
2.09837967593519,0.360068644531327
2.09871174234847,0.360132170617862
2.09904380876175,0.360165628203354
2.09937587517504,0.36017281123824
2.09970794158832,0.360187109222886
2.1000400080016,0.36020362431316
2.10037207441488,0.360209868198253
2.10070414082817,0.360192989577633
2.10103620724145,0.360145666713381
2.10136827365473,0.360077896352274
2.10170034006801,0.360003058511793
2.1020324064813,0.35993354026792
2.10236447289458,0.359923289204371
2.10269653930786,0.359925774150863
2.10302860572114,0.3598990880345
2.10336067213443,0.359830426912812
2.10369273854771,0.359764229466743
2.10402480496099,0.359645539219747
2.10435687137427,0.359541662187199
2.10468893778756,0.35948555998683
2.10502100420084,0.359461995324434
2.10535307061412,0.359454602069225
2.10568513702741,0.359517851662331
2.10601720344069,0.359578505778092
2.10634926985397,0.359732922018797
2.10668133626725,0.359925842715229
2.10701340268054,0.360136681730552
2.10734546909382,0.360384956599746
2.1076775355071,0.360621214015903
2.10800960192038,0.360788636220415
2.10834166833367,0.360936967944083
2.10867373474695,0.361104360324641
2.10900580116023,0.361296686144257
2.10933786757351,0.361479587529037
2.1096699339868,0.361652796084104
2.11000200040008,0.36181822736085
2.11033406681336,0.362224223751377
2.11066613322665,0.362797721095504
2.11099819963993,0.363397918094771
2.11133026605321,0.363987034574332
2.11166233246649,0.36460893438381
2.11199439887978,0.365167816252275
2.11232646529306,0.365697262510138
2.11265853170634,0.36616610315275
2.11299059811962,0.366531385362983
2.11332266453291,0.366924498203492
2.11365473094619,0.367224204912046
2.11398679735947,0.3675289860114
2.11431886377275,0.367803429093167
2.11465093018604,0.368041824820368
2.11498299659932,0.368284600640114
2.1153150630126,0.36863228406072
2.11564712942589,0.368969816643458
2.11597919583917,0.36933840201944
2.11631126225245,0.369715365239403
2.11664332866573,0.370142696394699
2.11697539507902,0.370746362765946
2.1173074614923,0.371343959251894
2.11763952790558,0.371628700727588
2.11797159431886,0.371853084695559
2.11830366073215,0.372079297710617
2.11863572714543,0.372305663802255
2.11896779355871,0.372530727246212
2.11929985997199,0.372878623273938
2.11963192638528,0.373228606512056
2.11996399279856,0.373687558499884
2.12029605921184,0.374228498568413
2.12062812562512,0.374784614666981
2.12096019203841,0.375438212450282
2.12129225845169,0.37607905601697
2.12162432486497,0.376707161048727
2.12195639127826,0.377323806098481
2.12228845769154,0.377911199411156
2.12262052410482,0.37844613042749
2.1229525905181,0.378971711479078
2.12328465693139,0.37948804630236
2.12361672334467,0.379994831789881
2.12394878975795,0.380375621348678
2.12428085617123,0.380611975756736
2.12461292258452,0.380843359736968
2.1249449889978,0.381242151406208
2.12527705541108,0.381637420941927
2.12560912182437,0.38199676487882
2.12594118823765,0.382336996195769
2.12627325465093,0.38261333610673
2.12660532106421,0.382636977482643
2.1269373874775,0.38264854649613
2.12726945389078,0.38255072548184
2.12760152030406,0.382413481101247
2.12793358671734,0.382219496875371
2.12826565313063,0.381937171296121
2.12859771954391,0.381649666850353
2.12892978595719,0.381419581131199
2.12926185237047,0.381195555267936
2.12959391878376,0.380780478741418
2.12992598519704,0.380187726019511
2.13025805161032,0.379587903778677
2.1305901180236,0.378931195168133
2.13092218443689,0.378273619158511
2.13125425085017,0.377573386965958
2.13158631726345,0.376852729116269
2.13191838367674,0.376083460405843
2.13225045009002,0.375174911204463
2.1325825165033,0.374265312207757
2.13291458291658,0.373354597172546
2.13324664932987,0.37244269916845
2.13357871574315,0.371633105823771
2.13391078215643,0.370958604988699
2.13424284856971,0.370256398226557
2.134574914983,0.369571668015429
2.13490698139628,0.368834005731695
2.13523904780956,0.368128251143228
2.13557111422284,0.367452018549747
2.13590318063613,0.366775584055003
2.13623524704941,0.366138441456363
2.13656731346269,0.365474538188679
2.13689937987598,0.365048652257278
2.13723144628926,0.364684403253847
2.13756351270254,0.364297264984174
2.13789557911582,0.363904901572517
2.13822764552911,0.363521417704789
2.13855971194239,0.363089376435074
2.13889177835567,0.362653204010173
2.13922384476895,0.362185136653375
2.13955591118224,0.361679752100387
2.13988797759552,0.361142384106482
2.1402200440088,0.360667201288226
2.14055211042208,0.360189551992172
2.14088417683537,0.359689096662137
2.14121624324865,0.359143214292585
2.14154830966193,0.358532513462724
2.14188037607522,0.357862555108347
2.1422124424885,0.35715043119089
2.14254450890178,0.356362865997718
2.14287657531506,0.355549291835012
2.14320864172835,0.354706839521287
2.14354070814163,0.353825041717253
2.14387277455491,0.352951541289186
2.14420484096819,0.352034144557861
2.14453690738148,0.351139207790765
2.14486897379476,0.350278745727734
2.14520104020804,0.349452449334057
2.14553310662132,0.34865314278225
2.14586517303461,0.347873461706573
2.14619723944789,0.347108938714633
2.14652930586117,0.346405938684312
2.14686137227446,0.345743607386082
2.14719343868774,0.345103743950483
2.14752550510102,0.344484376997066
2.1478575715143,0.343881640891875
2.14818963792759,0.343291638096748
2.14852170434087,0.34270995509571
2.14885377075415,0.342048987934921
2.14918583716743,0.341272579040288
2.14951790358072,0.340487738744031
2.149849969994,0.339749372032637
2.15018203640728,0.338980607524918
2.15051410282056,0.338172269626295
2.15084616923385,0.337349479371336
2.15117823564713,0.33657339777832
2.15151030206041,0.335940202237032
2.15184236847369,0.335411096433384
2.15217443488698,0.334852758770561
2.15250650130026,0.334253555740867
2.15283856771354,0.333554045114564
2.15317063412683,0.332739165998045
2.15350270054011,0.331891613604843
2.15383476695339,0.330989013801725
2.15416683336667,0.330091894904219
2.15449889977996,0.329147958848793
2.15483096619324,0.328124092330167
2.15516303260652,0.327027845283591
2.1554950990198,0.325757918300768
2.15582716543309,0.324466129291552
2.15615923184637,0.323346689478462
2.15649129825965,0.322326641824485
2.15682336467293,0.321259321745455
2.15715543108622,0.320046914903544
2.1574874974995,0.318780625024736
2.15781956391278,0.317459751450754
2.15815163032607,0.316085241350677
2.15848369673935,0.314659495169043
2.15881576315263,0.313194547228725
2.15914782956591,0.311706413168024
2.1594798959792,0.310340663568397
2.15981196239248,0.308987459306912
2.16014402880576,0.307721222824652
2.16047609521904,0.306542283017795
2.16080816163233,0.305402665146444
2.16114022804561,0.304384624986005
2.16147229445889,0.303355594645761
2.16180436087217,0.302287168061992
2.16213642728546,0.301184393037369
2.16246849369874,0.300142571162374
2.16280056011202,0.299284738104391
2.16313262652531,0.298527149330855
2.16346469293859,0.297805230519137
2.16379675935187,0.297044777811445
2.16412882576515,0.296215728481751
2.16446089217844,0.295361183123148
2.16479295859172,0.294510306680245
2.165125025005,0.293729795476843
2.16545709141828,0.293015244154403
2.16578915783157,0.292281663607369
2.16612122424485,0.291439585724744
2.16645329065813,0.29043287268879
2.16678535707141,0.28931875339647
2.1671174234847,0.288178597209273
2.16744948989798,0.28703640072149
2.16778155631126,0.285939536413234
2.16811362272455,0.284854880569138
2.16844568913783,0.283728185323458
2.16877775555111,0.28258657668191
2.16910982196439,0.281553469264273
2.16944188837768,0.280512539872822
2.16977395479096,0.279445664900908
2.17010602120424,0.278339343262007
2.17043808761752,0.277172275576287
2.17077015403081,0.275847438723207
2.17110222044409,0.274433774921345
2.17143428685737,0.27298439134323
2.17176635327065,0.271531621948211
2.17209841968394,0.270097734861185
2.17243048609722,0.268672053698873
2.1727625525105,0.267237181710189
2.17309461892378,0.265198955713727
2.17342668533707,0.263066586372165
2.17375875175035,0.261582123202105
2.17409081816363,0.260113439571536
2.17442288457692,0.258667073444333
2.1747549509902,0.257228744585388
2.17508701740348,0.255781927674515
2.17541908381676,0.254319565906343
2.17575115023005,0.252889466762182
2.17608321664333,0.251559225722748
2.17641528305661,0.250394294906946
2.17674734946989,0.249400510363771
2.17707941588318,0.248521122686413
2.17741148229646,0.247696277053893
2.17774354870974,0.2468866002981
2.17807561512302,0.246116547880537
2.17840768153631,0.245422964803129
2.17873974794959,0.244839187699821
2.17907181436287,0.244360276372235
2.17940388077616,0.243957967577802
2.17973594718944,0.243603823941587
2.18006801360272,0.243270198071287
2.180400080016,0.242963337464437
2.18073214642929,0.242729092356503
2.18106421284257,0.24258115621907
2.18139627925585,0.242500519145453
2.18172834566913,0.24245698268613
2.18206041208242,0.242421029039252
2.1823924784957,0.242379443001519
2.18272454490898,0.242335408728514
2.18305661132226,0.24229283330522
2.18338867773555,0.242257997242811
2.18372074414883,0.242244214882249
2.18405281056211,0.242266098798551
2.1843848769754,0.242336052765741
2.18471694338868,0.242443989673483
2.18504900980196,0.242566692528681
2.18538107621524,0.242680900816631
2.18571314262853,0.242771945729193
2.18604520904181,0.242839450278167
2.18637727545509,0.242912066891643
2.18670934186837,0.242972347015
2.18704140828166,0.242975674561208
2.18737347469494,0.242883102820677
2.18770554110822,0.242657385480884
2.1880376075215,0.242298707564444
2.18836967393479,0.241843480343239
2.18870174034807,0.24132960998823
2.18903380676135,0.240787199097914
2.18936587317464,0.240211402719049
2.18969793958792,0.239589482628662
2.1900300060012,0.238954800292932
2.19036207241448,0.238311717695755
2.19069413882777,0.23766480203864
2.19102620524105,0.237018590108581
2.19135827165433,0.236374960521666
2.19169033806761,0.235731530997829
2.1920224044809,0.235085532407559
2.19235447089418,0.234613651281558
2.19268653730746,0.234571248856595
2.19301860372074,0.234528845257115
2.19335067013403,0.234486440483121
2.19368273654731,0.234444034534611
2.19401480296059,0.234401627411586
2.19434686937388,0.234359219114046
2.19467893578716,0.23431680964199
2.19501100220044,0.234274398995419
2.19534306861372,0.234231987174334
2.19567513502701,0.234189574178732
2.19600720144029,0.234147160008616
2.19633926785357,0.234104744663985
2.19667133426685,0.234062328144838
2.19700340068014,0.234019910451176
2.19733546709342,0.233977491582999
2.1976675335067,0.233935071540306
2.19799959991998,0.233892650323099
2.19833166633327,0.233850227931376
2.19866373274655,0.233817534657926
2.19899579915983,0.233817534657926
2.19932786557311,0.233817534657926
2.1996599319864,0.233817534657926
2.19999199839968,0.233817534657926
2.20032406481296,0.233817534657926
2.20065613122625,0.233817534657926
2.20098819763953,0.233817534657926
2.20132026405281,0.233817534657926
2.20165233046609,0.233817534657926
2.20198439687938,0.233854517581301
2.20231646329266,0.233896939854261
2.20264852970594,0.233939360952707
2.20298059611922,0.233981780876636
2.20331266253251,0.234024199626051
2.20364472894579,0.23406661720095
2.20397679535907,0.234109033601335
2.20430886177235,0.234151448827203
2.20464092818564,0.234193862878557
2.20497299459892,0.234236275755395
2.2053050610122,0.234278687457719
2.20563712742549,0.234321097985527
2.20596919383877,0.23436350733882
2.20630126025205,0.234405915517598
2.20663332666533,0.23444832252186
2.20696539307862,0.234490728351607
2.2072974594919,0.234533133006839
2.20762952590518,0.234575536487556
2.20796159231846,0.234611300432513
2.20829365873175,0.234611300432513
2.20862572514503,0.234611300432513
2.20895779155831,0.234611300432513
2.20928985797159,0.234611300432513
2.20962192438488,0.234611300432513
2.20995399079816,0.234611300432513
2.21028605721144,0.234611300432513
2.21061812362473,0.234611300432513
2.21095019003801,0.234611300432513
2.21128225645129,0.234611300432513
2.21161432286457,0.234611300432513
2.21194638927786,0.234611300432513
2.21227845569114,0.234611300432513
2.21261052210442,0.234611300432513
2.2129425885177,0.234611300432513
2.21327465493099,0.234611300432513
2.21360672134427,0.234611300432513
2.21393878775755,0.234611300432513
2.21427085417083,0.234592585871318
2.21460292058412,0.234550182862854
2.2149349869974,0.234507778679875
2.21526705341068,0.234465373322381
2.21559911982397,0.234422966790371
2.21593118623725,0.234380559083846
2.21626325265053,0.234338150202805
2.21659531906381,0.23429574014725
2.2169273854771,0.234253328917179
2.21725945189038,0.234214468968242
2.21759151830366,0.234214468968242
2.21792358471694,0.234214468968242
2.21825565113023,0.234214468968242
2.21858771754351,0.234214468968242
2.21891978395679,0.234214468968242
2.21925185037007,0.234214468968242
2.21958391678336,0.234214468968242
2.21991598319664,0.234214468968242
2.22024804960992,0.234214468968242
2.22058011602321,0.234214468968242
2.22091218243649,0.234214468968242
2.22124424884977,0.234214468968242
2.22157631526305,0.234214468968242
2.22190838167633,0.234214468968242
2.22224044808962,0.234214468968242
2.2225725145029,0.234214468968242
2.22290458091618,0.234214468968242
2.22323664732947,0.234214468968242
2.22356871374275,0.234214468968242
2.22390078015603,0.234214468968242
2.22423284656931,0.234214468968242
2.2245649129826,0.234214468968242
2.22489697939588,0.234214468968242
2.22522904580916,0.234214468968242
2.22556111222244,0.234214468968242
2.22589317863573,0.234214468968242
2.22622524504901,0.234214468968242
2.22655731146229,0.234214468968242
2.22688937787558,0.234214468968242
2.22722144428886,0.234214468968242
2.22755351070214,0.234214468968242
2.22788557711542,0.234214468968242
2.22821764352871,0.234214468968242
2.22854970994199,0.234214468968242
2.22888177635527,0.234214468968242
2.22921384276855,0.234214468968242
2.22954590918184,0.234214468968242
2.22987797559512,0.234214468968242
2.2302100420084,0.234214468968242
2.23054210842168,0.234214468968242
2.23087417483497,0.234214468968242
2.23120624124825,0.234214468968242
2.23153830766153,0.234214468968242
2.23187037407481,0.234214468968242
2.2322024404881,0.234214468968242
2.23253450690138,0.234214468968242
2.23286657331466,0.234214468968242
2.23319863972795,0.234214468968242
2.23353070614123,0.234214468968242
2.23386277255451,0.234214468968242
2.23419483896779,0.234214468968242
2.23452690538108,0.234214468968242
2.23485897179436,0.234214468968242
2.23519103820764,0.234214468968242
2.23552310462092,0.234214468968242
2.23585517103421,0.234214468968242
2.23618723744749,0.234254258506794
2.23651930386077,0.234296669711121
2.23685137027406,0.234339079740934
2.23718343668734,0.234381488596231
2.23751550310062,0.234423896277012
2.2378475695139,0.234466302783279
2.23817963592719,0.234508708115031
2.23851170234047,0.234551112272267
2.23884376875375,0.234593515254988
2.23917583516703,0.234635917063193
2.23950790158032,0.234678317696884
2.2398399679936,0.234720717156058
2.24017203440688,0.234763115440718
2.24050410082016,0.234805512550863
2.24083616723345,0.234847908486492
2.24116823364673,0.234890303247606
2.24150030006001,0.234932696834205
2.24183236647329,0.234975089246289
2.24216443288658,0.235008029050738
2.24249649929986,0.235008029050738
2.24282856571314,0.235008029050738
2.24316063212643,0.235008029050738
2.24349269853971,0.235008029050738
2.24382476495299,0.235008029050738
2.24415683136627,0.235008029050738
2.24448889777956,0.235008029050738
2.24482096419284,0.235008029050738
2.24515303060612,0.235008029050738
2.2454850970194,0.235008029050738
2.24581716343269,0.235008029050738
2.24614922984597,0.235008029050738
2.24648129625925,0.235008029050738
2.24681336267253,0.235008029050738
2.24714542908582,0.235008029050738
2.2474774954991,0.235008029050738
2.24780956191238,0.235008029050738
2.24814162832567,0.235008029050738
2.24847369473895,0.235008029050738
2.24880576115223,0.235008029050738
2.24913782756551,0.235008029050738
2.2494698939788,0.235008029050738
2.24980196039208,0.235008029050738
2.25013402680536,0.235008029050738
2.25046609321864,0.235008029050738
2.25079815963193,0.235008029050738
2.25113022604521,0.235008029050738
2.25146229245849,0.235008029050738
2.25179435887177,0.235008029050738
2.25212642528506,0.235008029050738
2.25245849169834,0.235008029050738
2.25279055811162,0.235008029050738
2.2531226245249,0.235008029050738
2.25345469093819,0.235008029050738
2.25378675735147,0.235008029050738
2.25411882376475,0.235008029050738
2.25445089017804,0.235008029050738
2.25478295659132,0.235008029050738
2.2551150230046,0.235008029050738
2.25544708941788,0.235008029050738
2.25577915583117,0.235008029050738
2.25611122224445,0.235008029050738
2.25644328865773,0.235008029050738
2.25677535507101,0.235008029050738
2.2571074214843,0.235008029050738
2.25743948789758,0.235008029050738
2.25777155431086,0.234989590580855
2.25810362072415,0.234947198570549
2.25843568713743,0.234904805385729
2.25876775355071,0.234862411026393
2.25909981996399,0.234820015492542
2.25943188637728,0.234777618784176
2.25976395279056,0.234735220901295
2.26009601920384,0.234692821843898
2.26042808561712,0.234650421611986
2.26076015203041,0.234608020205559
2.26109221844369,0.234565617624616
2.26142428485697,0.234523213869158
2.26175635127025,0.234480808939185
2.26208841768354,0.234438402834697
2.26242048409682,0.234395995555693
2.2627525505101,0.234353587102174
2.26308461692338,0.23431117747414
2.26341668333667,0.234268766671591
2.26374874974995,0.234226354694527
2.26408081616323,0.234183941542947
2.26441288257652,0.234141527216853
2.2647449489898,0.234099111716242
2.26507701540308,0.234056695041117
2.26540908181636,0.234014277191477
2.26574114822965,0.233971858167321
2.26607321464293,0.23392943796865
2.26640528105621,0.233887016595464
2.26673734746949,0.233844594047763
2.26706941388278,0.233802170325546
2.26740148029606,0.233759745428815
2.26773354670934,0.233717319357568
2.26806561312262,0.233674892111806
2.26839767953591,0.233632463691528
2.26872974594919,0.233590034096736
2.26906181236247,0.233547603327428
2.26939387877575,0.233505171383605
2.26972594518904,0.233462738265267
2.27005801160232,0.233420497501567
2.2703900780156,0.233420497501567
2.27072214442889,0.233420497501567
2.27105421084217,0.233420497501567
2.27138627725545,0.233420497501567
2.27171834366873,0.233420497501567
2.27205041008202,0.233420497501567
2.2723824764953,0.233420497501567
2.27271454290858,0.233420497501567
2.27304660932186,0.233420497501567
2.27337867573515,0.233420497501567
2.27371074214843,0.233420497501567
2.27404280856171,0.233420497501567
2.274374874975,0.233420497501567
2.27470694138828,0.233420497501567
2.27503900780156,0.233420497501567
2.27537107421484,0.233420497501567
2.27570314062813,0.233420497501567
2.27603520704141,0.233420497501567
2.27636727345469,0.23343277644311
2.27669933986797,0.233475210390748
2.27703140628126,0.233517643163871
2.27736347269454,0.233560074762479
2.27769553910782,0.233602505186571
2.2780276055211,0.233644934436149
2.27835967193439,0.233687362511211
2.27869173834767,0.233729789411758
2.27902380476095,0.233772215137789
2.27935587117423,0.233814639689305
2.27968793758752,0.233857063066307
2.2800200040008,0.233899485268793
2.28035207041408,0.233941906296764
2.28068413682737,0.23398432615022
2.28101620324065,0.234026744829161
2.28134826965393,0.234069162333586
2.28168033606721,0.234111578663496
2.2820124024805,0.234153993818891
2.28234446889378,0.234196407799771
2.28267653530706,0.234238820606135
2.28300860172034,0.234281232237984
2.28334066813363,0.234323642695318
2.28367273454691,0.234366051978137
2.28400480096019,0.234408460086441
2.28433686737347,0.234450867020228
2.28466893378676,0.234493272779502
2.28500100020004,0.234535677364259
2.28533306661332,0.234578080774502
2.28566513302661,0.234620483010229
2.28599719943989,0.234662884071441
2.28632926585317,0.234705283958138
2.28666133226645,0.234747682670319
2.28699339867974,0.234790080207985
2.28732546509302,0.234832476571136
2.2876575315063,0.234874871759772
2.28798959791958,0.234917265773893
2.28832166433287,0.235962598936934
2.28865373074615,0.238204472489131
2.28898579715943,0.240500919901891
2.28931786357271,0.242792109716941
2.289649929986,0.245698957209989
2.28998199639928,0.249526558250884
2.29031406281256,0.253403795586479
2.29064612922585,0.257276539274481
2.29097819563913,0.261214667092294
2.29131026205241,0.265211185399493
2.29164232846569,0.26914846328126
2.29197439487898,0.273139868344865
2.29230646129226,0.277242545369315
2.29263852770554,0.281453402895358
2.29297059411882,0.285813784635002
2.29330266053211,0.29018674602197
2.29363472694539,0.294403791672852
2.29396679335867,0.298483269933757
2.29429885977195,0.302555994980998
2.29463092618524,0.306747521698036
2.29496299259852,0.311007053467995
2.2952950590118,0.31500033627176
2.29562712542509,0.319007514532866
2.29595919183837,0.323175310594528
2.29629125825165,0.327505822791104
2.29662332466493,0.331819923818294
2.29695539107822,0.335454112991865
2.2972874574915,0.338973420875487
2.29761952390478,0.342362428121322
2.29795159031806,0.34566969586676
2.29828365673135,0.348939101021637
2.29861572314463,0.352105499236718
2.29894778955791,0.35529632331635
2.29927985597119,0.358287275497804
2.29961192238448,0.361231133850768
2.29994398879776,0.364170796328409
2.30027605521104,0.367058309300341
2.30060812162432,0.369854331325933
2.30094018803761,0.372405377438407
2.30127225445089,0.374905833911519
2.30160432086417,0.37723621305623
2.30193638727746,0.379379217383477
2.30226845369074,0.38146698039362
2.30260052010402,0.383111922572391
2.3029325865173,0.38463948904613
2.30326465293059,0.385885403540339
2.30359671934387,0.38698235689225
2.30392878575715,0.388103608526684
2.30426085217043,0.389276076438092
2.30459291858372,0.390377840639838
2.304924984997,0.391200138065132
2.30525705141028,0.391861304080402
2.30558911782357,0.392400785162224
2.30592118423685,0.392817567064216
2.30625325065013,0.393165829314185
2.30658531706341,0.393228092619509
2.3069173834767,0.393243947197713
2.30724944988998,0.393047312387356
2.30758151630326,0.392660123367131
2.30791358271654,0.392224951101494
2.30824564912983,0.391624906805069
2.30857771554311,0.390955973766126
2.30890978195639,0.39022530822086
2.30924184836967,0.389444952326677
2.30957391478296,0.3886094377762
2.30990598119624,0.387686720384574
2.31023804760952,0.386709365057955
2.3105701140228,0.38561169969816
2.31090218043609,0.384434274813208
2.31123424684937,0.383073874712398
2.31156631326265,0.381505089357476
2.31189837967594,0.379927273660593
2.31223044608922,0.378587210336123
2.3125625125025,0.377224823743051
2.31289457891578,0.375865978950721
2.31322664532907,0.374496066731455
2.31355871174235,0.373081918027055
2.31389077815563,0.371584465888655
2.31422284456891,0.370058622210195
2.3145549109822,0.368453581621344
2.31488697739548,0.366794823463157
2.31521904380876,0.365135548862851
2.31555111022204,0.363529061215322
2.31588317663533,0.361903774623965
2.31621524304861,0.360390384766255
2.31654730946189,0.358895617024338
2.31687937587518,0.357619616666048
2.31721144228846,0.356577694664198
2.31754350870174,0.355580578971846
2.31787557511502,0.355371846960134
2.31820764152831,0.355164423978145
2.31853970794159,0.35525001219675
2.31887177435487,0.355510421745068
2.31920384076815,0.355791507603848
2.31953590718144,0.356103285988716
2.31986797359472,0.356452023114382
2.320200040008,0.356934461412544
2.32053210642128,0.357465437243508
2.32086417283457,0.358131801740185
2.32119623924785,0.359014578141785
2.32152830566113,0.359918703878324
2.32186037207441,0.361464247861247
2.3221924384877,0.363069068156191
2.32252450490098,0.364737218078869
2.32285657131426,0.366462848531917
2.32318863772755,0.368214589839861
2.32352070414083,0.369990207772109
2.32385277055411,0.371787205718923
2.32418483696739,0.373603333218117
2.32451690338068,0.375442087212222
2.32484896979396,0.377158974895536
2.32518103620724,0.378505716143137
2.32551310262052,0.37989985255968
2.32584516903381,0.381270636171763
2.32617723544709,0.382640971646784
2.32650930186037,0.384001522982159
2.32684136827365,0.385360161205393
2.32717343468694,0.386740509232599
2.32750550110022,0.388105555419902
2.3278375675135,0.389523621414218
2.32816963392679,0.390970449940331
2.32850170034007,0.392418842806826
2.32883376675335,0.393814165923237
2.32916583316663,0.395029128675406
2.32949789957992,0.396220143477636
2.3298299659932,0.397389242793448
2.33016203240648,0.398538950277665
2.33049409881976,0.399652332181728
2.33082616523305,0.40071122660618
2.33115823164633,0.40175986406219
2.33149029805961,0.402580045906204
2.33182236447289,0.403372507216313
2.33215443088618,0.404103971282438
2.33248649729946,0.404773828659275
2.33281856371274,0.40544429408482
2.33315063012603,0.406065672063779
2.33348269653931,0.406697160624814
2.33381476295259,0.407339385127782
2.33414682936587,0.407992809092189
2.33447889577916,0.408686005828166
2.33481096219244,0.409494486983004
2.33514302860572,0.410334777914281
2.335475095019,0.411217031063377
2.33580716143229,0.412140612809819
2.33613922784557,0.413048590347421
2.33647129425885,0.413900875981492
2.33680336067213,0.414760234409711
2.33713542708542,0.415614387540119
2.3374674934987,0.416451004479432
2.33779955991198,0.417259339130112
2.33813162632527,0.418043920382609
2.33846369273855,0.418817972510443
2.33879575915183,0.419594655236681
2.33912782556511,0.420379091875561
2.3394598919784,0.421204741253019
2.33979195839168,0.422038967051298
2.34012402480496,0.422889609937525
2.34045609121824,0.423813287968751
2.34078815763153,0.424731686534211
2.34112022404481,0.425601452244749
2.34145229045809,0.426465806386158
2.34178435687137,0.427277602951689
2.34211642328466,0.428017093299486
2.34244848969794,0.428746222522703
2.34278055611122,0.429460816876349
2.34311262252451,0.430156779701874
2.34344468893779,0.430865355699354
2.34377675535107,0.431577947424953
2.34410882176435,0.432276433254343
2.34444088817764,0.432966347943537
2.34477295459092,0.433644368112756
2.3451050210042,0.434380814306689
2.34543708741748,0.435098562602387
2.34576915383077,0.43585203047421
2.34610122024405,0.436752334886626
2.34643328665733,0.437626794301075
2.34676535307061,0.438496200803075
2.3470974194839,0.439367674034235
2.34742948589718,0.440179443717749
2.34776155231046,0.440923627972762
2.34809361872374,0.441655274326224
2.34842568513703,0.442375185925061
2.34875775155031,0.443084931215677
2.34908981796359,0.443748728847397
2.34942188437688,0.444383910218138
2.34975395079016,0.444997276217854
2.35008601720344,0.445557238903015
2.35041808361672,0.446107950215435
2.35075015003001,0.446603444958372
2.35108221644329,0.447079049291238
2.35141428285657,0.447523925757006
2.35174634926985,0.447924934141964
2.35207841568314,0.448316963205675
2.35241048209642,0.448534677271692
2.3527425485097,0.448737688373855
2.35307461492298,0.448777572261473
2.35340668133627,0.448680358717012
2.35373874774955,0.448561771582835
2.35407081416283,0.448322616319322
2.35440288057612,0.448050744510117
2.3547349469894,0.447722901141767
2.35506701340268,0.447358319751057
2.35539907981596,0.446937402354091
2.35573114622925,0.446405870283175
2.35606321264253,0.445845119299306
2.35639527905581,0.445012636877415
2.35672734546909,0.444119898737698
2.35705941188238,0.443160124563431
2.35739147829566,0.44211986713181
2.35772354470894,0.441061807182837
2.35805561112222,0.439930263624332
2.35838767753551,0.438788038728297
2.35871974394879,0.43764692360319
2.35905181036207,0.436518950575819
2.35938387677536,0.435423012710199
2.35971594318864,0.434396516830033
2.36004800960192,0.433390192133714
2.3603800760152,0.432446483514939
2.36071214242849,0.431531109683666
2.36104420884177,0.43064402631477
2.36137627525505,0.429798992491322
2.36170834166833,0.428957384399702
2.36204040808162,0.4280735724417
2.3623724744949,0.427205203425954
2.36270454090818,0.426420969659562
2.36303660732146,0.425712387381246
2.36336867373475,0.425027836724273
2.36370074014803,0.424606087144788
2.36403280656131,0.4241766901638
2.36436487297459,0.423832820613549
2.36469693938788,0.423554449677953
2.36502900580116,0.423330369327417
2.36536107221444,0.423193565865226
2.36569313862773,0.423018034008841
2.36602520504101,0.422773911654284
2.36635727145429,0.422472167025212
2.36668933786757,0.422201696538591
2.36702140428086,0.421938694976613
2.36735347069414,0.421692593697378
2.36768553710742,0.421400006332164
2.3680176035207,0.421109629168945
2.36834966993399,0.420816979411243
2.36868173634727,0.420519514442925
2.36901380276055,0.420215640300857
2.36934586917383,0.419903739858748
2.36967793558712,0.41958186922096
2.3700100020004,0.418909966686308
2.37034206841368,0.418083595211898
2.37067413482697,0.417191803317452
2.37100620124025,0.416167190035507
2.37133826765353,0.415147926046262
2.37167033406681,0.414141567997746
2.3720024004801,0.413134085838261
2.37233446689338,0.412074835419584
2.37266653330666,0.410933639288918
2.37299859971994,0.409739093198457
2.37333066613323,0.408510748230931
2.37366273254651,0.407269888728293
2.37399479895979,0.406029212766126
2.37432686537307,0.404767237224081
2.37465893178636,0.403431568238865
2.37499099819964,0.401917413132332
2.37532306461292,0.400340354541105
2.37565513102621,0.398655836472498
2.37598719743949,0.396978002978898
2.37631926385277,0.395385588428555
2.37665133026605,0.39387949597324
2.37698339667934,0.392394036763024
2.37731546309262,0.391077810331486
2.3776475295059,0.389769373207098
2.37797959591918,0.388549650288211
2.37831166233247,0.387421240293355
2.37864372874575,0.386282378473573
2.37897579515903,0.385028109111112
2.37930786157231,0.383773577488187
2.3796399279856,0.382435700920961
2.37997199439888,0.381051069341528
2.38030406081216,0.379569019696261
2.38063612722545,0.377786045977143
2.38096819363873,0.375976685276802
2.38130026005201,0.373757900234369
2.38163232646529,0.371389392753196
2.38196439287858,0.368998305339749
2.38229645929186,0.366639572186874
2.38262852570514,0.364268503855847
2.38296059211842,0.362096105730584
2.38329265853171,0.359891477714573
2.38362472494499,0.357572387715979
2.38395679135827,0.355062820623738
2.38428885777155,0.352409948712015
2.38462092418484,0.349953551501055
2.38495299059812,0.347517766926181
2.3852850570114,0.344617986121602
2.38561712342469,0.341571661252453
2.38594918983797,0.33845109196666
2.38628125625125,0.335051122742027
2.38661332266453,0.331623045709322
2.38694538907782,0.328141645421524
2.3872774554911,0.324581473020896
2.38760952190438,0.321112929991018
2.38794158831766,0.317789407978194
2.38827365473095,0.314416107124436
2.38860572114423,0.311459051395824
2.38893778755751,0.308459753232997
2.38926985397079,0.305378170001644
2.38960192038408,0.302231403397701
2.38993398679736,0.299039596018689
2.39026605321064,0.295769784705669
2.39059811962392,0.292489798153366
2.39093018603721,0.288992860580223
2.39126225245049,0.285436166821392
2.39159431886377,0.281818005878318
2.39192638527706,0.278078391110606
2.39225845169034,0.274358356456694
2.39259051810362,0.271326044215646
2.3929225845169,0.268368826836886
2.39325465093019,0.265702611452558
2.39358671734347,0.263361228129696
2.39391878375675,0.261108721413781
2.39425085017003,0.25873075971622
2.39458291658332,0.256372534840139
2.3949149829966,0.253924902804209
2.39524704940988,0.251413220011251
2.39557911582316,0.248851634901535
2.39591118223645,0.246231326370164
2.39624324864973,0.243640643306433
2.39657531506301,0.241226987428683
2.3969073814763,0.239854486707152
2.39723944788958,0.238991390554563
2.39757151430286,0.238167706874896
2.39790358071614,0.238064528433535
2.39823564712943,0.237979913801109
2.39856771354271,0.237895294470622
2.39889977995599,0.237810670442074
2.39923184636927,0.237726041715465
2.39956391278256,0.237641408290795
2.39989597919584,0.237556770168064
2.40022804560912,0.237472127347273
2.4005601120224,0.23738747982842
2.40089217843569,0.237302827611507
2.40122424484897,0.237218170696533
2.40155631126225,0.237133509083497
2.40188837767554,0.237048842772401
2.40222044408882,0.236964171763244
2.4025525105021,0.236879496056026
2.40288457691538,0.236794815650747
2.40321664332867,0.236710130547407
2.40354870974195,0.236625440746007
2.40388077615523,0.236540746246545
2.40421284256851,0.236456047049022
2.4045449089818,0.236371343153439
2.40487697539508,0.236286634559795
2.40520904180836,0.236201921268089
2.40554110822164,0.236117203278323
2.40587317463493,0.236032480590496
2.40620524104821,0.235947753204609
2.40653730746149,0.23586302112066
2.40686937387478,0.23577828433865
2.40720144028806,0.235693542858579
2.40753350670134,0.235608796680447
2.40786557311462,0.235524045804255
2.40819763952791,0.235439290230002
2.40852970594119,0.235354529957687
2.40886177235447,0.235269764987312
2.40919383876775,0.235184995318875
2.40952590518104,0.235100220952378
2.40985797159432,0.23501544188782
2.4101900380076,0.234969344077024
2.41052210442088,0.234926951505763
2.41085417083417,0.234884557759988
2.41118623724745,0.234842162839698
2.41151830366073,0.234799766744892
2.41185037007402,0.234757369475571
2.4121824364873,0.234714971031735
2.41251450290058,0.234672571413384
2.41284656931386,0.234630170620517
2.41317863572715,0.234587768653135
2.41351070214043,0.234545365511237
2.41384276855371,0.234502961194825
2.41417483496699,0.234460555703897
2.41450690138028,0.234418149038454
2.41483896779356,0.234375741198496
2.41517103420684,0.234333332184022
2.41550310062012,0.234290921995033
2.41583516703341,0.234248510631529
2.41616723344669,0.23420609809351
2.41649929985997,0.234163684380976
2.41683136627326,0.234121269493926
2.41716343268654,0.234078853432362
2.41749549909982,0.234036436196282
2.4178275655131,0.233994017785687
2.41815963192639,0.233951598200576
2.41849169833967,0.233909177440951
2.41882376475295,0.233866755506809
2.41915583116623,0.233824332398154
2.41948789757952,0.233781908114982
2.4198199639928,0.233739482657296
2.42015203040608,0.233697056025094
2.42048409681936,0.233654628218377
2.42081616323265,0.233612199237146
2.42114822964593,0.233569769081398
2.42148029605921,0.233527337751136
2.42181236247249,0.233484905246358
2.42214442888578,0.233442471567065
2.42247649529906,0.233440958016821
2.42280856171234,0.233483391738006
2.42314062812563,0.233525824284676
2.42347269453891,0.233568255656832
2.42380476095219,0.233610685854472
2.42413682736547,0.233653114877597
2.42446889377876,0.233695542726206
2.42480096019204,0.2337379694003
2.42513302660532,0.233780394899879
2.4254650930186,0.233822819224944
2.42579715943189,0.233865242375492
2.42612922584517,0.233907664351526
2.42646129225845,0.233950085153044
2.42679335867173,0.233992504780047
2.42712542508502,0.234034923232535
2.4274574914983,0.234077340510508
2.42778955791158,0.234119756613965
2.42812162432487,0.234162171542908
2.42845369073815,0.234204585297335
2.42878575715143,0.234246997877246
2.42911782356471,0.234289409282643
2.429449889978,0.234331819513524
2.42978195639128,0.23437422856989
2.43011402280456,0.234416636451741
2.43044608921784,0.234459043159077
2.43077815563113,0.234501448691897
2.43111022204441,0.234543853050202
2.43144228845769,0.234586256233993
2.43177435487097,0.234611300432513
2.43210642128426,0.234611300432513
2.43243848769754,0.234611300432513
2.43277055411082,0.234611300432513
2.43310262052411,0.234611300432513
2.43343468693739,0.234611300432513
2.43376675335067,0.234611300432513
2.43409881976395,0.234611300432513
2.43443088617724,0.234611300432513
2.43476295259052,0.234611300432513
2.4350950190038,0.234611300432513
2.43542708541708,0.234611300432513
2.43575915183037,0.234611300432513
2.43609121824365,0.234611300432513
2.43642328465693,0.234611300432513
2.43675535107021,0.234611300432513
2.4370874174835,0.234611300432513
2.43741948389678,0.234611300432513
2.43775155031006,0.234611300432513
2.43808361672334,0.234611300432513
2.43841568313663,0.234611300432513
2.43874774954991,0.234611300432513
2.43907981596319,0.234611300432513
2.43941188237648,0.234611300432513
2.43974394878976,0.234611300432513
2.44007601520304,0.234611300432513
2.44040808161632,0.234611300432513
2.44074014802961,0.234611300432513
2.44107221444289,0.234625571430487
2.44140428085617,0.23466797235075
2.44173634726945,0.234710372096499
2.44206841368274,0.234752770667732
2.44240048009602,0.23479516806445
2.4427325465093,0.234837564286653
2.44306461292258,0.23487995933434
2.44339667933587,0.234922353207513
2.44372874574915,0.23496474590617
2.44406081216243,0.235007137430311
2.44439287857572,0.235049527779938
2.444724944989,0.23509191695505
2.44505701140228,0.235134304955646
2.44538907781556,0.235176691781728
2.44572114422885,0.235219077433293
2.44605321064213,0.235261461910344
2.44638527705541,0.23530384521288
2.44671734346869,0.2353462273409
2.44704940988198,0.235388608294405
2.44738147629526,0.235430988073394
2.44771354270854,0.235473366677869
2.44804560912182,0.235515744107828
2.44837767553511,0.235558120363272
2.44870974194839,0.235600495444201
2.44904180836167,0.235642869350615
2.44937387477496,0.235685242082513
2.44970594118824,0.235727613639897
2.45003800760152,0.235769984022764
2.4503700740148,0.235801177749055
2.45070214042809,0.235801177749055
2.45103420684137,0.235801177749055
2.45136627325465,0.235801177749055
2.45169833966793,0.235801177749055
2.45203040608122,0.235801177749055
2.4523624724945,0.235801177749055
2.45269453890778,0.235801177749055
2.45302660532106,0.235801177749055
2.45335867173435,0.235801177749055
2.45369073814763,0.235801177749055
2.45402280456091,0.235801177749055
2.4543548709742,0.235801177749055
2.45468693738748,0.235801177749055
2.45501900380076,0.235801177749055
2.45535107021404,0.235801177749055
2.45568313662733,0.235801177749055
2.45601520304061,0.235801177749055
2.45634726945389,0.235801177749055
2.45667933586717,0.235801177749055
2.45701140228046,0.235801177749055
2.45734346869374,0.235801177749055
2.45767553510702,0.235801177749055
2.4580076015203,0.235801177749055
2.45833966793359,0.235801177749055
2.45867173434687,0.235801177749055
2.45900380076015,0.235801177749055
2.45933586717343,0.235801177749055
2.45966793358672,0.235801177749055
2.46,0.235801177749055
