3.499999999999999778e-01,0.000000000000000000e+00
3.519999999999999796e-01,0.000000000000000000e+00
3.539999999999999813e-01,0.000000000000000000e+00
3.559999999999999831e-01,0.000000000000000000e+00
3.579999999999999849e-01,0.000000000000000000e+00
3.599999999999999867e-01,0.000000000000000000e+00
3.619999999999999885e-01,0.000000000000000000e+00
3.639999999999999902e-01,0.000000000000000000e+00
3.659999999999999920e-01,0.000000000000000000e+00
3.679999999999999938e-01,0.000000000000000000e+00
3.699999999999999956e-01,0.000000000000000000e+00
3.719999999999999973e-01,0.000000000000000000e+00
3.739999999999999991e-01,0.000000000000000000e+00
3.760000000000000009e-01,0.000000000000000000e+00
3.780000000000000027e-01,0.000000000000000000e+00
3.800000000000000044e-01,0.000000000000000000e+00
3.820000000000000062e-01,0.000000000000000000e+00
3.840000000000000080e-01,0.000000000000000000e+00
3.860000000000000098e-01,0.000000000000000000e+00
3.880000000000000115e-01,0.000000000000000000e+00
3.900000000000000133e-01,0.000000000000000000e+00
3.920000000000000151e-01,0.000000000000000000e+00
3.940000000000000169e-01,0.000000000000000000e+00
3.960000000000000187e-01,0.000000000000000000e+00
3.980000000000000204e-01,0.000000000000000000e+00
4.000000000000000222e-01,0.000000000000000000e+00
4.020000000000000240e-01,0.000000000000000000e+00
4.040000000000000258e-01,0.000000000000000000e+00
4.060000000000000275e-01,0.000000000000000000e+00
4.079999999999999738e-01,0.000000000000000000e+00
4.099999999999999756e-01,0.000000000000000000e+00
4.119999999999999774e-01,0.000000000000000000e+00
4.139999999999999791e-01,0.000000000000000000e+00
4.159999999999999809e-01,0.000000000000000000e+00
4.179999999999999827e-01,0.000000000000000000e+00
4.199999999999999845e-01,0.000000000000000000e+00
4.219999999999999862e-01,0.000000000000000000e+00
4.239999999999999880e-01,0.000000000000000000e+00
4.259999999999999898e-01,0.000000000000000000e+00
4.279999999999999916e-01,0.000000000000000000e+00
4.299999999999999933e-01,0.000000000000000000e+00
4.319999999999999951e-01,0.000000000000000000e+00
4.339999999999999969e-01,0.000000000000000000e+00
4.359999999999999987e-01,0.000000000000000000e+00
4.380000000000000004e-01,0.000000000000000000e+00
4.400000000000000022e-01,0.000000000000000000e+00
4.420000000000000040e-01,0.000000000000000000e+00
4.440000000000000058e-01,0.000000000000000000e+00
4.460000000000000075e-01,0.000000000000000000e+00
4.480000000000000093e-01,0.000000000000000000e+00
4.500000000000000111e-01,0.000000000000000000e+00
4.520000000000000129e-01,0.000000000000000000e+00
4.540000000000000147e-01,0.000000000000000000e+00
4.560000000000000164e-01,0.000000000000000000e+00
4.580000000000000182e-01,0.000000000000000000e+00
4.600000000000000200e-01,0.000000000000000000e+00
4.620000000000000218e-01,0.000000000000000000e+00
4.640000000000000235e-01,0.000000000000000000e+00
4.660000000000000253e-01,0.000000000000000000e+00
4.680000000000000271e-01,0.000000000000000000e+00
4.699999999999999734e-01,0.000000000000000000e+00
4.719999999999999751e-01,0.000000000000000000e+00
4.739999999999999769e-01,0.000000000000000000e+00
4.759999999999999787e-01,0.000000000000000000e+00
4.779999999999999805e-01,0.000000000000000000e+00
4.799999999999999822e-01,0.000000000000000000e+00
4.819999999999999840e-01,0.000000000000000000e+00
4.839999999999999858e-01,0.000000000000000000e+00
4.859999999999999876e-01,0.000000000000000000e+00
4.879999999999999893e-01,0.000000000000000000e+00
4.899999999999999911e-01,0.000000000000000000e+00
4.919999999999999929e-01,0.000000000000000000e+00
4.939999999999999947e-01,0.000000000000000000e+00
4.959999999999999964e-01,0.000000000000000000e+00
4.979999999999999982e-01,0.000000000000000000e+00
5.000000000000000000e-01,0.000000000000000000e+00
5.020000000000000018e-01,0.000000000000000000e+00
5.040000000000000036e-01,0.000000000000000000e+00
5.060000000000000053e-01,0.000000000000000000e+00
5.080000000000000071e-01,0.000000000000000000e+00
5.100000000000000089e-01,0.000000000000000000e+00
5.120000000000000107e-01,0.000000000000000000e+00
5.140000000000000124e-01,0.000000000000000000e+00
5.160000000000000142e-01,0.000000000000000000e+00
5.180000000000000160e-01,0.000000000000000000e+00
5.200000000000000178e-01,0.000000000000000000e+00
5.220000000000000195e-01,0.000000000000000000e+00
5.240000000000000213e-01,0.000000000000000000e+00
5.260000000000000231e-01,0.000000000000000000e+00
5.280000000000000249e-01,0.000000000000000000e+00
5.300000000000000266e-01,0.000000000000000000e+00
5.320000000000000284e-01,0.000000000000000000e+00
5.340000000000000302e-01,0.000000000000000000e+00
5.360000000000000320e-01,0.000000000000000000e+00
5.380000000000000338e-01,0.000000000000000000e+00
5.400000000000000355e-01,0.000000000000000000e+00
5.420000000000000373e-01,0.000000000000000000e+00
5.440000000000000391e-01,0.000000000000000000e+00
5.460000000000000409e-01,0.000000000000000000e+00
5.480000000000000426e-01,0.000000000000000000e+00
5.500000000000000444e-01,0.000000000000000000e+00
5.520000000000000462e-01,0.000000000000000000e+00
5.540000000000000480e-01,0.000000000000000000e+00
5.560000000000000497e-01,0.000000000000000000e+00
5.580000000000000515e-01,0.000000000000000000e+00
5.600000000000000533e-01,0.000000000000000000e+00
5.620000000000000551e-01,0.000000000000000000e+00
5.639999999999999458e-01,0.000000000000000000e+00
5.659999999999999476e-01,0.000000000000000000e+00
5.679999999999999494e-01,0.000000000000000000e+00
5.699999999999999512e-01,0.000000000000000000e+00
5.719999999999999529e-01,0.000000000000000000e+00
5.739999999999999547e-01,0.000000000000000000e+00
5.759999999999999565e-01,0.000000000000000000e+00
5.779999999999999583e-01,0.000000000000000000e+00
5.799999999999999600e-01,0.000000000000000000e+00
5.819999999999999618e-01,0.000000000000000000e+00
5.839999999999999636e-01,0.000000000000000000e+00
5.859999999999999654e-01,0.000000000000000000e+00
5.879999999999999671e-01,0.000000000000000000e+00
5.899999999999999689e-01,0.000000000000000000e+00
5.919999999999999707e-01,0.000000000000000000e+00
5.939999999999999725e-01,0.000000000000000000e+00
5.959999999999999742e-01,0.000000000000000000e+00
5.979999999999999760e-01,0.000000000000000000e+00
5.999999999999999778e-01,0.000000000000000000e+00
6.019999999999999796e-01,0.000000000000000000e+00
6.039999999999999813e-01,0.000000000000000000e+00
6.059999999999999831e-01,0.000000000000000000e+00
6.079999999999999849e-01,0.000000000000000000e+00
6.099999999999999867e-01,0.000000000000000000e+00
6.119999999999999885e-01,0.000000000000000000e+00
6.139999999999999902e-01,0.000000000000000000e+00
6.159999999999999920e-01,0.000000000000000000e+00
6.179999999999999938e-01,0.000000000000000000e+00
6.199999999999999956e-01,0.000000000000000000e+00
6.219999999999999973e-01,0.000000000000000000e+00
6.239999999999999991e-01,0.000000000000000000e+00
6.260000000000000009e-01,0.000000000000000000e+00
6.280000000000000027e-01,0.000000000000000000e+00
6.300000000000000044e-01,0.000000000000000000e+00
6.320000000000000062e-01,0.000000000000000000e+00
6.340000000000000080e-01,0.000000000000000000e+00
6.360000000000000098e-01,0.000000000000000000e+00
6.380000000000000115e-01,0.000000000000000000e+00
6.400000000000000133e-01,0.000000000000000000e+00
6.420000000000000151e-01,0.000000000000000000e+00
6.440000000000000169e-01,0.000000000000000000e+00
6.460000000000000187e-01,0.000000000000000000e+00
6.480000000000000204e-01,0.000000000000000000e+00
6.500000000000000222e-01,0.000000000000000000e+00
6.520000000000000240e-01,0.000000000000000000e+00
6.540000000000000258e-01,0.000000000000000000e+00
6.560000000000000275e-01,0.000000000000000000e+00
6.580000000000000293e-01,0.000000000000000000e+00
6.600000000000000311e-01,0.000000000000000000e+00
6.620000000000000329e-01,0.000000000000000000e+00
6.640000000000000346e-01,0.000000000000000000e+00
6.660000000000000364e-01,0.000000000000000000e+00
6.680000000000000382e-01,0.000000000000000000e+00
6.700000000000000400e-01,0.000000000000000000e+00
6.720000000000000417e-01,0.000000000000000000e+00
6.740000000000000435e-01,0.000000000000000000e+00
6.760000000000000453e-01,0.000000000000000000e+00
6.780000000000000471e-01,0.000000000000000000e+00
6.800000000000000488e-01,0.000000000000000000e+00
6.820000000000000506e-01,0.000000000000000000e+00
6.840000000000000524e-01,0.000000000000000000e+00
6.860000000000000542e-01,0.000000000000000000e+00
6.879999999999999449e-01,0.000000000000000000e+00
6.899999999999999467e-01,0.000000000000000000e+00
6.919999999999999485e-01,0.000000000000000000e+00
6.939999999999999503e-01,0.000000000000000000e+00
6.959999999999999520e-01,0.000000000000000000e+00
6.979999999999999538e-01,0.000000000000000000e+00
6.999999999999999556e-01,0.000000000000000000e+00
7.019999999999999574e-01,0.000000000000000000e+00
7.039999999999999591e-01,0.000000000000000000e+00
7.059999999999999609e-01,0.000000000000000000e+00
7.079999999999999627e-01,0.000000000000000000e+00
7.099999999999999645e-01,0.000000000000000000e+00
7.119999999999999662e-01,0.000000000000000000e+00
7.139999999999999680e-01,0.000000000000000000e+00
7.159999999999999698e-01,0.000000000000000000e+00
7.179999999999999716e-01,0.000000000000000000e+00
7.199999999999999734e-01,0.000000000000000000e+00
7.219999999999999751e-01,0.000000000000000000e+00
7.239999999999999769e-01,0.000000000000000000e+00
7.259999999999999787e-01,0.000000000000000000e+00
7.279999999999999805e-01,0.000000000000000000e+00
7.299999999999999822e-01,0.000000000000000000e+00
7.319999999999999840e-01,0.000000000000000000e+00
7.339999999999999858e-01,0.000000000000000000e+00
7.359999999999999876e-01,0.000000000000000000e+00
7.379999999999999893e-01,0.000000000000000000e+00
7.399999999999999911e-01,0.000000000000000000e+00
7.419999999999999929e-01,0.000000000000000000e+00
7.439999999999999947e-01,0.000000000000000000e+00
7.459999999999999964e-01,0.000000000000000000e+00
7.479999999999999982e-01,0.000000000000000000e+00
7.500000000000000000e-01,0.000000000000000000e+00
7.520000000000000018e-01,0.000000000000000000e+00
7.540000000000000036e-01,0.000000000000000000e+00
7.560000000000000053e-01,0.000000000000000000e+00
7.580000000000000071e-01,0.000000000000000000e+00
7.600000000000000089e-01,0.000000000000000000e+00
7.620000000000000107e-01,0.000000000000000000e+00
7.640000000000000124e-01,0.000000000000000000e+00
7.660000000000000142e-01,0.000000000000000000e+00
7.680000000000000160e-01,0.000000000000000000e+00
7.700000000000000178e-01,0.000000000000000000e+00
7.720000000000000195e-01,0.000000000000000000e+00
7.740000000000000213e-01,0.000000000000000000e+00
7.760000000000000231e-01,0.000000000000000000e+00
7.780000000000000249e-01,0.000000000000000000e+00
7.800000000000000266e-01,0.000000000000000000e+00
7.820000000000000284e-01,0.000000000000000000e+00
7.840000000000000302e-01,0.000000000000000000e+00
7.860000000000000320e-01,0.000000000000000000e+00
7.880000000000000338e-01,0.000000000000000000e+00
7.900000000000000355e-01,0.000000000000000000e+00
7.920000000000000373e-01,0.000000000000000000e+00
7.940000000000000391e-01,0.000000000000000000e+00
7.960000000000000409e-01,0.000000000000000000e+00
7.980000000000000426e-01,0.000000000000000000e+00
8.000000000000000444e-01,5.755694409629200786e-02
8.020000000000000462e-01,5.632411298988704990e-02
8.040000000000000480e-01,5.499760018425271096e-02
8.060000000000000497e-01,5.382972796422304945e-02
8.080000000000000515e-01,5.275774364308014747e-02
8.100000000000000533e-01,5.206112307289263719e-02
8.120000000000000551e-01,5.097377387043383612e-02
8.139999999999999458e-01,5.030188412982149887e-02
8.159999999999999476e-01,4.981913307893395121e-02
8.179999999999999494e-01,4.892716677259644625e-02
8.199999999999999512e-01,4.844805904278002423e-02
8.219999999999999529e-01,4.823840482647763495e-02
8.239999999999999547e-01,4.814166333427515043e-02
8.259999999999999565e-01,4.788880954268445039e-02
8.279999999999999583e-01,4.791086684558019254e-02
8.299999999999999600e-01,4.765665560414278357e-02
8.319999999999999618e-01,4.739617800869793535e-02
8.339999999999999636e-01,4.736785897104300869e-02
8.359999999999999654e-01,4.724908199689759752e-02
8.379999999999999671e-01,4.744766656975056562e-02
8.399999999999999689e-01,4.745624069955743651e-02
8.419999999999999707e-01,4.777040517986500673e-02
8.439999999999999725e-01,4.796109275530910376e-02
8.459999999999999742e-01,4.816516036354622637e-02
8.479999999999999760e-01,4.834770997390445274e-02
8.499999999999999778e-01,4.879804222716281614e-02
8.519999999999999796e-01,4.906795506492471481e-02
8.539999999999999813e-01,4.970504742894392425e-02
8.559999999999999831e-01,5.033658852781121296e-02
8.579999999999999849e-01,5.114561447469594818e-02
8.599999999999999867e-01,5.201037646948523940e-02
8.619999999999999885e-01,5.282004517929655280e-02
8.639999999999999902e-01,5.353551713157848196e-02
8.659999999999999920e-01,5.461809578147482774e-02
8.679999999999999938e-01,5.593415890229759546e-02
8.699999999999999956e-01,5.726723882625678330e-02
8.719999999999999973e-01,5.868285367610005104e-02
8.739999999999999991e-01,5.961734894673292873e-02
8.760000000000000009e-01,6.049121743637235482e-02
8.780000000000000027e-01,6.145960007398623692e-02
8.800000000000000044e-01,6.255604839427876540e-02
8.820000000000000062e-01,6.388876963993998792e-02
8.840000000000000080e-01,6.544946977143531464e-02
8.860000000000000098e-01,6.703407033924629888e-02
8.880000000000000115e-01,6.875538038893813653e-02
8.900000000000000133e-01,7.060538048485122398e-02
8.920000000000000151e-01,7.267198405022830265e-02
8.940000000000000169e-01,7.496982818578647179e-02
8.960000000000000187e-01,7.675487589796005372e-02
8.980000000000000204e-01,7.849672898971032931e-02
9.000000000000000222e-01,7.999020726869636444e-02
9.020000000000000240e-01,8.157426752371581269e-02
9.040000000000000258e-01,8.347320963862525645e-02
9.060000000000000275e-01,8.573265179699414429e-02
9.080000000000000293e-01,8.740767124424560219e-02
9.100000000000000311e-01,8.915139326914099660e-02
9.120000000000000329e-01,9.017814549037539429e-02
9.140000000000000346e-01,9.116183213040283950e-02
9.160000000000000364e-01,9.239841347207063127e-02
9.180000000000000382e-01,9.357439073983501998e-02
9.200000000000000400e-01,9.489758271127760048e-02
9.220000000000000417e-01,9.664465250676050612e-02
9.240000000000000435e-01,9.851454512134295849e-02
9.260000000000000453e-01,1.000410467372836038e-01
9.280000000000000471e-01,1.011467133656578088e-01
9.300000000000000488e-01,1.023106937377069037e-01
9.320000000000000506e-01,1.033854084957359365e-01
9.340000000000000524e-01,1.044082212527136233e-01
9.360000000000000542e-01,1.058880142854814466e-01
9.379999999999999449e-01,1.073881661340846116e-01
9.399999999999999467e-01,1.089529506277992499e-01
9.419999999999999485e-01,1.099282113396425481e-01
9.439999999999999503e-01,1.107336662155870843e-01
9.459999999999999520e-01,1.118512848380220498e-01
9.479999999999999538e-01,1.132345098421640855e-01
9.499999999999999556e-01,1.142543799489733336e-01
9.519999999999999574e-01,1.153744922909800408e-01
9.539999999999999591e-01,1.162348981446838375e-01
9.559999999999999609e-01,1.174474572262586003e-01
9.579999999999999627e-01,1.190116057896470902e-01
9.599999999999999645e-01,1.209273308706447503e-01
9.619999999999999662e-01,1.229384326823939610e-01
9.639999999999999680e-01,1.247134149501117062e-01
9.659999999999999698e-01,1.267603521227477770e-01
9.679999999999999716e-01,1.283517466933317974e-01
9.699999999999999734e-01,1.287089997457639134e-01
9.719999999999999751e-01,1.283790061498097379e-01
9.739999999999999769e-01,1.277723226743869012e-01
9.759999999999999787e-01,1.269060056122128521e-01
9.779999999999999805e-01,1.258465652890877751e-01
9.799999999999999822e-01,4.892897068836121743e-01
9.819999999999999840e-01,4.872400518041683504e-01
9.839999999999999858e-01,4.791542751361151931e-01
9.859999999999999876e-01,4.728474848512364548e-01
9.879999999999999893e-01,4.662403783446641969e-01
9.899999999999999911e-01,4.538906722228996937e-01
9.919999999999999929e-01,4.456539055705153185e-01
9.939999999999999947e-01,4.428056357584116420e-01
9.959999999999999964e-01,4.414917477445968741e-01
9.979999999999999982e-01,4.401680161000835478e-01
1.000000000000000000e+00,4.417815415822433645e-01
1.002000000000000002e+00,4.431625056595185908e-01
1.004000000000000004e+00,4.488844229489475923e-01
1.006000000000000005e+00,4.554463951039617875e-01
1.008000000000000007e+00,4.610082417521695897e-01
1.010000000000000009e+00,4.676391041857120290e-01
1.012000000000000011e+00,4.733209447320315122e-01
1.014000000000000012e+00,4.793220377194557513e-01
1.016000000000000014e+00,4.847116640714340119e-01
1.018000000000000016e+00,4.881922670511475992e-01
1.020000000000000018e+00,4.903204065485020080e-01
1.022000000000000020e+00,4.916926548377753559e-01
1.024000000000000021e+00,4.925133152526594005e-01
1.026000000000000023e+00,4.920070604081134835e-01
1.028000000000000025e+00,4.900710053743603245e-01
1.030000000000000027e+00,4.867347122971455442e-01
1.032000000000000028e+00,4.828660316040886968e-01
1.034000000000000030e+00,4.785321287187882522e-01
1.036000000000000032e+00,4.733279005697754171e-01
1.038000000000000034e+00,4.686072698544027082e-01
1.040000000000000036e+00,4.644637894247967136e-01
1.042000000000000037e+00,4.616752711714656177e-01
1.044000000000000039e+00,4.606221449214922825e-01
1.046000000000000041e+00,4.601544825584183984e-01
1.048000000000000043e+00,4.603564122299483863e-01
1.050000000000000044e+00,4.614380032638946139e-01
1.052000000000000046e+00,4.637381584026678549e-01
1.054000000000000048e+00,4.675213656397307349e-01
1.056000000000000050e+00,4.722297257046344510e-01
1.058000000000000052e+00,4.782873919434217913e-01
1.060000000000000053e+00,4.848754421574539841e-01
1.062000000000000055e+00,4.900882277164969048e-01
1.064000000000000057e+00,4.938913976696092112e-01
1.066000000000000059e+00,4.966076070780221507e-01
1.068000000000000060e+00,4.986688479673009877e-01
1.070000000000000062e+00,5.003706757507870861e-01
1.072000000000000064e+00,5.014682208302638777e-01
1.074000000000000066e+00,5.019939798825124866e-01
1.076000000000000068e+00,5.013838989318998296e-01
1.078000000000000069e+00,4.995069590630524803e-01
1.080000000000000071e+00,4.970829250749684292e-01
1.082000000000000073e+00,4.943787198289325557e-01
1.084000000000000075e+00,4.924338693788392063e-01
1.086000000000000076e+00,4.902409550582246256e-01
1.088000000000000078e+00,4.883989435848176686e-01
1.090000000000000080e+00,4.860120030624018872e-01
1.092000000000000082e+00,4.836418793869697863e-01
1.094000000000000083e+00,4.818481596461663408e-01
1.096000000000000085e+00,4.798675142531185767e-01
1.098000000000000087e+00,4.779582087079968233e-01
1.100000000000000089e+00,4.759167921813786117e-01
1.102000000000000091e+00,4.744341117479844994e-01
1.104000000000000092e+00,4.733428564795696958e-01
1.106000000000000094e+00,4.731399293994483779e-01
1.108000000000000096e+00,4.736841929444205457e-01
1.110000000000000098e+00,4.745277956973603661e-01
1.112000000000000099e+00,4.756382259486818809e-01
1.114000000000000101e+00,4.779865852744139554e-01
1.116000000000000103e+00,4.806922378566214626e-01
1.118000000000000105e+00,4.836478815549773991e-01
1.120000000000000107e+00,4.868322804365844414e-01
1.122000000000000108e+00,4.897592242493228887e-01
1.124000000000000110e+00,4.928656930126041336e-01
1.125999999999999890e+00,4.960870354022540174e-01
1.127999999999999892e+00,4.994879007921085856e-01
1.129999999999999893e+00,5.025820106309666357e-01
1.131999999999999895e+00,5.054600259923233141e-01
1.133999999999999897e+00,5.083754350940642430e-01
1.135999999999999899e+00,5.108205792055811045e-01
1.137999999999999901e+00,5.133858486338889193e-01
1.139999999999999902e+00,5.155968085364017739e-01
1.141999999999999904e+00,5.166643941158489683e-01
1.143999999999999906e+00,5.152571569621973158e-01
1.145999999999999908e+00,5.131936594909562999e-01
1.147999999999999909e+00,5.108100681503859875e-01
1.149999999999999911e+00,5.093101208385105716e-01
1.151999999999999913e+00,5.077223312476197847e-01
1.153999999999999915e+00,5.057742008600245587e-01
1.155999999999999917e+00,5.025902817718839177e-01
1.157999999999999918e+00,4.997902254128765431e-01
1.159999999999999920e+00,4.975195328427926000e-01
1.161999999999999922e+00,4.951245345958946720e-01
1.163999999999999924e+00,4.931472768642636839e-01
1.165999999999999925e+00,4.906291565565990553e-01
1.167999999999999927e+00,4.864764410334375122e-01
1.169999999999999929e+00,4.812442225021977826e-01
1.171999999999999931e+00,4.759975180913839088e-01
1.173999999999999932e+00,4.718991462879285059e-01
1.175999999999999934e+00,4.697297650988722095e-01
1.177999999999999936e+00,4.685619908580210824e-01
1.179999999999999938e+00,4.678530216867812230e-01
1.181999999999999940e+00,4.669972357154575371e-01
1.183999999999999941e+00,4.674555960783667308e-01
1.185999999999999943e+00,4.693657560363900250e-01
1.187999999999999945e+00,4.715601011745170767e-01
1.189999999999999947e+00,4.731680312548869338e-01
1.191999999999999948e+00,4.733931832638518800e-01
1.193999999999999950e+00,4.735743213362038073e-01
1.195999999999999952e+00,4.743007131018883715e-01
1.197999999999999954e+00,4.752269051074214934e-01
1.199999999999999956e+00,4.767469176691281896e-01
1.201999999999999957e+00,4.789933430608874221e-01
1.203999999999999959e+00,4.836953146362039657e-01
1.205999999999999961e+00,4.907876303115767946e-01
1.207999999999999963e+00,4.964285212579674922e-01
1.209999999999999964e+00,5.017429783317792769e-01
1.211999999999999966e+00,5.047199666901844850e-01
1.213999999999999968e+00,5.087074981564307929e-01
1.215999999999999970e+00,5.131893279141888087e-01
1.217999999999999972e+00,5.180513547161790244e-01
1.219999999999999973e+00,5.235339592241954332e-01
1.221999999999999975e+00,5.289663020162728158e-01
1.223999999999999977e+00,5.335251495660855436e-01
1.225999999999999979e+00,5.390996319343988041e-01
1.227999999999999980e+00,5.439797179717565934e-01
1.229999999999999982e+00,5.478091675152629847e-01
1.231999999999999984e+00,5.521011648770670632e-01
1.233999999999999986e+00,5.573813639860527580e-01
1.235999999999999988e+00,5.622327692498351182e-01
1.237999999999999989e+00,5.682047175879688661e-01
1.239999999999999991e+00,5.749645358466567435e-01
1.241999999999999993e+00,5.799197929627539772e-01
1.243999999999999995e+00,5.860730773633744395e-01
1.245999999999999996e+00,5.990974357719931476e-01
1.247999999999999998e+00,6.057846482910118624e-01
1.250000000000000000e+00,6.071517093730467440e-01
1.252000000000000002e+00,6.088031502235502490e-01
1.254000000000000004e+00,6.117048963596424249e-01
1.256000000000000005e+00,6.168111655066457200e-01
1.258000000000000007e+00,6.209742934114378388e-01
1.260000000000000009e+00,6.224781029514420139e-01
1.262000000000000011e+00,6.153286086822300494e-01
1.264000000000000012e+00,6.036235568709568122e-01
1.266000000000000014e+00,5.903057023154183458e-01
1.268000000000000016e+00,5.891721989254892211e-01
1.270000000000000018e+00,5.905965012853953144e-01
1.272000000000000020e+00,5.936884606308733270e-01
1.274000000000000021e+00,5.947268059229136039e-01
1.276000000000000023e+00,5.912420966936906552e-01
1.278000000000000025e+00,5.812506746670634827e-01
1.280000000000000027e+00,5.706272135919052690e-01
1.282000000000000028e+00,5.589768021932610687e-01
1.284000000000000030e+00,5.518252649739912030e-01
1.286000000000000032e+00,5.462914083295649093e-01
1.288000000000000034e+00,5.420343888543186495e-01
1.290000000000000036e+00,5.392499099482489511e-01
1.292000000000000037e+00,5.385067799911998909e-01
1.294000000000000039e+00,5.392225499004078548e-01
1.296000000000000041e+00,5.171435269286797087e-01
1.298000000000000043e+00,4.911550888438714346e-01
1.300000000000000044e+00,4.667876410730984471e-01
1.302000000000000046e+00,4.499649508071496551e-01
1.304000000000000048e+00,4.514359031401105060e-01
1.306000000000000050e+00,4.545677794689184092e-01
1.308000000000000052e+00,4.586161952267533426e-01
1.310000000000000053e+00,4.630105753319316286e-01
1.312000000000000055e+00,4.666302232459034194e-01
1.314000000000000057e+00,4.691797780221135805e-01
1.316000000000000059e+00,4.719955832652249494e-01
1.318000000000000060e+00,4.764998431568737147e-01
1.320000000000000062e+00,4.821471438431945700e-01
1.322000000000000064e+00,4.873412198311641297e-01
1.324000000000000066e+00,4.924698953869582896e-01
1.326000000000000068e+00,4.968733673329804867e-01
1.328000000000000069e+00,4.993915567260070465e-01
1.330000000000000071e+00,5.025265709000746872e-01
1.332000000000000073e+00,5.078381589290686948e-01
1.334000000000000075e+00,5.145539172644076897e-01
1.336000000000000076e+00,5.214567057011935125e-01
1.338000000000000078e+00,5.268942239706750907e-01
1.340000000000000080e+00,5.299034243897573493e-01
1.342000000000000082e+00,5.326568214440390303e-01
1.344000000000000083e+00,5.367675366888656763e-01
1.346000000000000085e+00,5.413813982857520468e-01
1.348000000000000087e+00,5.460433712384258342e-01
1.350000000000000089e+00,5.494972999370942857e-01
1.352000000000000091e+00,5.504416152818464303e-01
1.354000000000000092e+00,5.518122100286340093e-01
1.356000000000000094e+00,5.549333830233241782e-01
1.358000000000000096e+00,5.593507478084503992e-01
1.360000000000000098e+00,5.602338044898951264e-01
1.362000000000000099e+00,5.604793864188549746e-01
1.364000000000000101e+00,5.623425844927550932e-01
1.366000000000000103e+00,5.652106795256605087e-01
1.368000000000000105e+00,5.726090159497285725e-01
1.370000000000000107e+00,5.836942056875179530e-01
1.372000000000000108e+00,5.966697714099107319e-01
1.374000000000000110e+00,6.088804612402172189e-01
1.375999999999999890e+00,6.261483769780574749e-01
1.377999999999999892e+00,6.438999004080318000e-01
1.379999999999999893e+00,6.557140274451692674e-01
1.381999999999999895e+00,6.605700020124085636e-01
1.383999999999999897e+00,6.598947656756365410e-01
1.385999999999999899e+00,6.582216888918099862e-01
1.387999999999999901e+00,6.573251433290010493e-01
1.389999999999999902e+00,6.586892856475136115e-01
1.391999999999999904e+00,6.602482003001871602e-01
1.393999999999999906e+00,6.596090326711869789e-01
1.395999999999999908e+00,6.581816158215335610e-01
1.397999999999999909e+00,6.560289303135501404e-01
1.399999999999999911e+00,6.503413312745119912e-01
1.401999999999999913e+00,6.425529923969390822e-01
1.403999999999999915e+00,6.336932544883544516e-01
1.405999999999999917e+00,6.242384232907666197e-01
1.407999999999999918e+00,6.173573116331276811e-01
1.409999999999999920e+00,6.097316394581897558e-01
1.411999999999999922e+00,6.042933769047295067e-01
1.413999999999999924e+00,6.002064500790731394e-01
1.415999999999999925e+00,5.964197851560008035e-01
1.417999999999999927e+00,5.935837710760554220e-01
1.419999999999999929e+00,5.921639670650590270e-01
1.421999999999999931e+00,5.908587661917678036e-01
1.423999999999999932e+00,5.896547546656651928e-01
1.425999999999999934e+00,5.893892024681793851e-01
1.427999999999999936e+00,5.847623171914936302e-01
1.429999999999999938e+00,5.774356204549004890e-01
1.431999999999999940e+00,5.759785444681909672e-01
1.433999999999999941e+00,5.746721371350596019e-01
1.435999999999999943e+00,5.737132715597166310e-01
1.437999999999999945e+00,5.731871947265688716e-01
1.439999999999999947e+00,5.734094398038855900e-01
1.441999999999999948e+00,5.732183271770128208e-01
1.443999999999999950e+00,5.639821506939191043e-01
1.445999999999999952e+00,5.571289830938869203e-01
1.447999999999999954e+00,5.557525023764361416e-01
1.449999999999999956e+00,5.551450709634904168e-01
1.451999999999999957e+00,5.560511117721903540e-01
1.453999999999999959e+00,5.569803514552966739e-01
1.455999999999999961e+00,5.578468300359950005e-01
1.457999999999999963e+00,5.593713910608510975e-01
1.459999999999999964e+00,5.601757422067571435e-01
1.461999999999999966e+00,5.598181291139047167e-01
1.463999999999999968e+00,5.597886642019116454e-01
1.465999999999999970e+00,5.582976754101498518e-01
1.467999999999999972e+00,5.576634664995011592e-01
1.469999999999999973e+00,5.575740905065468267e-01
1.471999999999999975e+00,5.588451243266332469e-01
1.473999999999999977e+00,5.609215496492166997e-01
1.475999999999999979e+00,5.638186113438893310e-01
1.477999999999999980e+00,5.664483621327481844e-01
1.479999999999999982e+00,5.683420101036539274e-01
1.481999999999999984e+00,5.694043029018835966e-01
1.483999999999999986e+00,5.700556653547624864e-01
1.485999999999999988e+00,5.709305963029920328e-01
1.487999999999999989e+00,5.717450764217908432e-01
1.489999999999999991e+00,5.739533698298371345e-01
1.491999999999999993e+00,5.789144991883415914e-01
1.493999999999999995e+00,5.829237747410771497e-01
1.495999999999999996e+00,5.861988600617921152e-01
1.497999999999999998e+00,5.865362086765908423e-01
1.500000000000000000e+00,5.871378176731012477e-01
1.502000000000000002e+00,5.897226301593263553e-01
1.504000000000000004e+00,5.930679730668705352e-01
1.506000000000000005e+00,5.955482935758608098e-01
1.508000000000000007e+00,5.958307910569321519e-01
1.510000000000000009e+00,5.957587332307960892e-01
1.512000000000000011e+00,5.961994460213467795e-01
1.514000000000000012e+00,5.971528523921501019e-01
1.516000000000000014e+00,5.984252105190068782e-01
1.518000000000000016e+00,5.998161868754913195e-01
1.520000000000000018e+00,6.003738607873009281e-01
1.522000000000000020e+00,5.998831927251778717e-01
1.524000000000000021e+00,5.993333255109611901e-01
1.526000000000000023e+00,5.986452651221836341e-01
1.528000000000000025e+00,5.981558724287524553e-01
1.530000000000000027e+00,5.985513229271420821e-01
1.532000000000000028e+00,5.990576189644845062e-01
1.534000000000000030e+00,5.992040261588831296e-01
1.536000000000000032e+00,5.994596134507479412e-01
1.538000000000000034e+00,6.001096941258400319e-01
1.540000000000000036e+00,6.011566849208039853e-01
1.542000000000000037e+00,6.035740637832426314e-01
1.544000000000000039e+00,6.056022421598125094e-01
1.546000000000000041e+00,6.067372852920360771e-01
1.548000000000000043e+00,6.073777595399530993e-01
1.550000000000000044e+00,6.075589487211318085e-01
1.552000000000000046e+00,6.081280629675508420e-01
1.554000000000000048e+00,6.087855963508690404e-01
1.556000000000000050e+00,6.095043081959189424e-01
1.558000000000000052e+00,6.093787410600965959e-01
1.560000000000000053e+00,6.082346126152440302e-01
1.562000000000000055e+00,6.088871077576910595e-01
1.564000000000000057e+00,6.096830907537558186e-01
1.566000000000000059e+00,6.098060249848377135e-01
1.568000000000000060e+00,6.100560708389775044e-01
1.570000000000000062e+00,6.091104914124202407e-01
1.572000000000000064e+00,6.080172818735943840e-01
1.574000000000000066e+00,6.055447626502067360e-01
1.576000000000000068e+00,6.038238061713961935e-01
1.578000000000000069e+00,6.024996793605871259e-01
1.580000000000000071e+00,6.014460631079483477e-01
1.582000000000000073e+00,6.005126531427896763e-01
1.584000000000000075e+00,5.996735141932110214e-01
1.586000000000000076e+00,5.988138913302207822e-01
1.588000000000000078e+00,5.978394613331963203e-01
1.590000000000000080e+00,5.977772992760548298e-01
1.592000000000000082e+00,5.985831582177401078e-01
1.594000000000000083e+00,5.997309240687545007e-01
1.596000000000000085e+00,6.007075210579574387e-01
1.598000000000000087e+00,6.020429652182032187e-01
1.600000000000000089e+00,6.030558766512110758e-01
1.602000000000000091e+00,6.031609812521003811e-01
1.604000000000000092e+00,6.029077884608922133e-01
1.606000000000000094e+00,6.018547712387025683e-01
1.608000000000000096e+00,6.013686416776887755e-01
1.610000000000000098e+00,6.006912695344887032e-01
1.612000000000000099e+00,5.999954165937674277e-01
1.614000000000000101e+00,5.993730879212399998e-01
1.616000000000000103e+00,5.997433732016002050e-01
1.618000000000000105e+00,6.006681683756859291e-01
1.620000000000000107e+00,6.028672672460684279e-01
1.622000000000000108e+00,6.048340714456724720e-01
1.624000000000000110e+00,6.055749868438627947e-01
1.625999999999999890e+00,6.055305567136455291e-01
1.627999999999999892e+00,6.051953596603243390e-01
1.629999999999999893e+00,6.058051794071659391e-01
1.631999999999999895e+00,6.056171492256794409e-01
1.633999999999999897e+00,6.051748177964912934e-01
1.635999999999999899e+00,6.047075068160254752e-01
1.637999999999999901e+00,6.027161128937505996e-01
1.639999999999999902e+00,6.020141182331737451e-01
1.641999999999999904e+00,6.012085325909110045e-01
1.643999999999999906e+00,6.005584719027053930e-01
1.645999999999999908e+00,5.995971220297336979e-01
1.647999999999999909e+00,5.986464724834925644e-01
1.649999999999999911e+00,5.966728431649577225e-01
1.651999999999999913e+00,5.938131947731704052e-01
1.653999999999999915e+00,5.904802683771506189e-01
1.655999999999999917e+00,5.879789128813183163e-01
1.657999999999999918e+00,5.858343870810459597e-01
1.659999999999999920e+00,5.853321894269626346e-01
1.661999999999999922e+00,5.859856243873098336e-01
1.663999999999999924e+00,5.880127035157808324e-01
1.665999999999999925e+00,5.906865067551200221e-01
1.667999999999999927e+00,5.929490068316589646e-01
1.669999999999999929e+00,5.928237731739682825e-01
1.671999999999999931e+00,5.937515711319100165e-01
1.673999999999999932e+00,5.942904922259117928e-01
1.675999999999999934e+00,5.944464044275494796e-01
1.677999999999999936e+00,5.943642477907629118e-01
1.679999999999999938e+00,5.926603196072536273e-01
1.681999999999999940e+00,5.913932022944630162e-01
1.683999999999999941e+00,5.900655544775695871e-01
1.685999999999999943e+00,5.897966082601305837e-01
1.687999999999999945e+00,5.894483865076948215e-01
1.689999999999999947e+00,5.883313220764907481e-01
1.691999999999999948e+00,5.880039126518014081e-01
1.693999999999999950e+00,5.880993184454500478e-01
1.695999999999999952e+00,5.894460892285720011e-01
1.697999999999999954e+00,5.902611631150135318e-01
1.699999999999999956e+00,5.910336280763525130e-01
1.701999999999999957e+00,5.902467889008078394e-01
1.703999999999999959e+00,5.889612747381044455e-01
1.705999999999999961e+00,5.876424292057172982e-01
1.707999999999999963e+00,5.864522547169193079e-01
1.709999999999999964e+00,5.854903418459673770e-01
1.711999999999999966e+00,5.854133288522154199e-01
1.713999999999999968e+00,5.855655543949938036e-01
1.715999999999999970e+00,5.856324034159305914e-01
1.717999999999999972e+00,5.862531247041655735e-01
1.719999999999999973e+00,5.869786640384708765e-01
1.721999999999999975e+00,5.875594623714289755e-01
1.723999999999999977e+00,5.879466909378022743e-01
1.725999999999999979e+00,5.881073329601038679e-01
1.727999999999999980e+00,5.876511667594327415e-01
1.729999999999999982e+00,5.866108714820630343e-01
1.731999999999999984e+00,5.849650904808130214e-01
1.733999999999999986e+00,5.833338579694845594e-01
1.735999999999999988e+00,5.825388138024679696e-01
1.737999999999999989e+00,5.827161863741956438e-01
1.739999999999999991e+00,5.834688751763829062e-01
1.741999999999999993e+00,5.844617993645006004e-01
1.743999999999999995e+00,5.855170519252816952e-01
1.745999999999999996e+00,5.864659027155958437e-01
1.747999999999999998e+00,5.870564153470162472e-01
1.750000000000000000e+00,5.870771423074236939e-01
1.752000000000000002e+00,5.870978618318857256e-01
1.754000000000000004e+00,5.869983246287883150e-01
1.756000000000000005e+00,5.870043174316139645e-01
1.758000000000000007e+00,5.871768660811600427e-01
1.760000000000000009e+00,5.869266281410095987e-01
1.762000000000000011e+00,5.869485248506866037e-01
1.764000000000000012e+00,5.870791325480090306e-01
1.766000000000000014e+00,5.873379721039400092e-01
1.768000000000000016e+00,5.873411713899691078e-01
1.770000000000000018e+00,5.876377485911803422e-01
1.772000000000000020e+00,5.887831769848217434e-01
1.774000000000000021e+00,5.890899175479230587e-01
1.776000000000000023e+00,5.896481584004052978e-01
1.778000000000000025e+00,5.892222329085504695e-01
1.780000000000000027e+00,5.888686335485846524e-01
1.782000000000000028e+00,5.908843898385639504e-01
1.784000000000000030e+00,5.922087356400824731e-01
1.786000000000000032e+00,5.931166265918041969e-01
1.788000000000000034e+00,5.936112612150286072e-01
1.790000000000000036e+00,5.937736383510303639e-01
1.792000000000000037e+00,5.938226306982780089e-01
1.794000000000000039e+00,5.938963181698714289e-01
1.796000000000000041e+00,5.937252415842421138e-01
1.798000000000000043e+00,5.942179393222043471e-01
1.800000000000000044e+00,5.945753185330751034e-01
1.802000000000000046e+00,5.941972660787486760e-01
1.804000000000000048e+00,5.936180313973427047e-01
1.806000000000000050e+00,5.920562717588301327e-01
1.808000000000000052e+00,5.909207441203094824e-01
1.810000000000000053e+00,5.898202626563350259e-01
1.812000000000000055e+00,5.885996905479500274e-01
1.814000000000000057e+00,5.883218858070692336e-01
1.816000000000000059e+00,5.887902835407924362e-01
1.818000000000000060e+00,5.906021697094665512e-01
1.820000000000000062e+00,5.911717652636958586e-01
1.822000000000000064e+00,5.902184775807201023e-01
1.824000000000000066e+00,5.897903264208899099e-01
1.826000000000000068e+00,5.893312273353156217e-01
1.828000000000000069e+00,5.893592930093035642e-01
1.830000000000000071e+00,5.893365696336398951e-01
1.832000000000000073e+00,5.892546428088036858e-01
1.834000000000000075e+00,5.887872043571649172e-01
1.836000000000000076e+00,5.873355441669285693e-01
1.838000000000000078e+00,5.865998586138060356e-01
1.840000000000000080e+00,5.848843144057523924e-01
1.842000000000000082e+00,5.822532989500994738e-01
1.844000000000000083e+00,5.793297605713626508e-01
1.846000000000000085e+00,5.735226086253064626e-01
1.848000000000000087e+00,5.750739155944215586e-01
1.850000000000000089e+00,5.819312148329706114e-01
1.852000000000000091e+00,5.849789902504043404e-01
1.854000000000000092e+00,5.861615460937802391e-01
1.856000000000000094e+00,5.868830517022655124e-01
1.858000000000000096e+00,5.861178652260081723e-01
1.860000000000000098e+00,5.874261544731733675e-01
1.862000000000000099e+00,5.898314981705631288e-01
1.864000000000000101e+00,5.913900013242879838e-01
1.866000000000000103e+00,5.948061733288320108e-01
1.868000000000000105e+00,6.016235763429035321e-01
1.870000000000000107e+00,6.072242622095207487e-01
1.872000000000000108e+00,6.070735449218375157e-01
1.874000000000000110e+00,6.004782219139865873e-01
1.875999999999999890e+00,5.908973750340844600e-01
1.877999999999999892e+00,5.850425415744796576e-01
1.879999999999999893e+00,5.892283541728279284e-01
1.881999999999999895e+00,5.960086359276800527e-01
1.883999999999999897e+00,6.057479558348747295e-01
1.885999999999999899e+00,6.143139514325707262e-01
1.887999999999999901e+00,6.211171720075340241e-01
1.889999999999999902e+00,6.249912496500583670e-01
1.891999999999999904e+00,6.266708093091135634e-01
1.893999999999999906e+00,6.277427406663550480e-01
1.895999999999999908e+00,6.278576379334357416e-01
1.897999999999999909e+00,6.273393247161693775e-01
1.899999999999999911e+00,6.248203239271962195e-01
1.901999999999999913e+00,6.214799430879639486e-01
1.903999999999999915e+00,6.192127208949389505e-01
1.905999999999999917e+00,6.169286458777698545e-01
1.907999999999999918e+00,6.153657118742840160e-01
1.909999999999999920e+00,6.150977052953726654e-01
1.911999999999999922e+00,6.155300427066285884e-01
1.913999999999999924e+00,6.162586134073967381e-01
1.915999999999999925e+00,6.177077880586785419e-01
1.917999999999999927e+00,6.197576349314281030e-01
1.919999999999999929e+00,6.185180173279191118e-01
1.921999999999999931e+00,6.174754757381099024e-01
1.923999999999999932e+00,6.193733872861785228e-01
1.925999999999999934e+00,6.211697243514106015e-01
1.927999999999999936e+00,6.214667388855494856e-01
1.929999999999999938e+00,6.238822946024203953e-01
1.931999999999999940e+00,6.291667715663955551e-01
1.933999999999999941e+00,6.313221874770055253e-01
1.935999999999999943e+00,6.319337233413749866e-01
1.937999999999999945e+00,6.316958514491158860e-01
1.939999999999999947e+00,6.307196946704981544e-01
1.941999999999999948e+00,6.304664951557688024e-01
1.943999999999999950e+00,6.311499991080727900e-01
1.945999999999999952e+00,6.323360018789870862e-01
1.947999999999999954e+00,6.339427076226924473e-01
1.949999999999999956e+00,6.358451174634953684e-01
1.951999999999999957e+00,6.364176720320019465e-01
1.953999999999999959e+00,6.360569631876200614e-01
1.955999999999999961e+00,6.362277667734396180e-01
1.957999999999999963e+00,6.358089488225450170e-01
1.959999999999999964e+00,6.362374697798689471e-01
1.961999999999999966e+00,6.366002913946892106e-01
1.963999999999999968e+00,6.372413126461524691e-01
1.965999999999999970e+00,6.382524391205494085e-01
1.967999999999999972e+00,6.398233514832570856e-01
1.969999999999999973e+00,6.405843499308702116e-01
1.971999999999999975e+00,6.401428265400717077e-01
1.973999999999999977e+00,6.396079478613488911e-01
1.975999999999999979e+00,6.392443518526104151e-01
1.977999999999999980e+00,6.389564635439209939e-01
1.979999999999999982e+00,6.383143031410158930e-01
1.981999999999999984e+00,6.377886624696745832e-01
1.983999999999999986e+00,6.374283378748597517e-01
1.985999999999999988e+00,6.370027743125882269e-01
1.987999999999999989e+00,6.368661160841190272e-01
1.989999999999999991e+00,6.371078367599483094e-01
1.991999999999999993e+00,6.378122262385997887e-01
1.993999999999999995e+00,6.375221900742271686e-01
1.995999999999999996e+00,6.363660800408248441e-01
1.997999999999999998e+00,6.342314466418721430e-01
2.000000000000000000e+00,6.330830642346347847e-01
2.001999999999999780e+00,6.322747176762213428e-01
2.004000000000000004e+00,6.316713780241399734e-01
2.005999999999999783e+00,6.317678450064735385e-01
2.008000000000000007e+00,6.313334782888624375e-01
2.009999999999999787e+00,6.316545503437904774e-01
2.012000000000000011e+00,6.324092813038396654e-01
2.013999999999999790e+00,6.332825890645625844e-01
2.016000000000000014e+00,6.340597945065178376e-01
2.017999999999999794e+00,6.350035535426503674e-01
2.020000000000000018e+00,6.359194786618107553e-01
2.021999999999999797e+00,6.374614819530265430e-01
2.024000000000000021e+00,6.393278783181576275e-01
2.025999999999999801e+00,6.401943994644359037e-01
2.028000000000000025e+00,6.405117949288313683e-01
2.029999999999999805e+00,6.400738569090955732e-01
2.032000000000000028e+00,6.388417085301208997e-01
2.033999999999999808e+00,6.376960257267724197e-01
2.036000000000000032e+00,6.365264978983782296e-01
2.037999999999999812e+00,6.363560912360261002e-01
2.040000000000000036e+00,6.376558129052402046e-01
2.041999999999999815e+00,6.391954920548791330e-01
2.044000000000000039e+00,6.399689623322347698e-01
2.045999999999999819e+00,6.403059017752599225e-01
2.048000000000000043e+00,6.405813716021939719e-01
2.049999999999999822e+00,6.409361548339468362e-01
2.052000000000000046e+00,6.418872865505275138e-01
2.053999999999999826e+00,6.430334684437976067e-01
2.056000000000000050e+00,6.435119935095661159e-01
2.057999999999999829e+00,6.435511222633821804e-01
2.060000000000000053e+00,6.426445464093109017e-01
2.061999999999999833e+00,6.416826804853105193e-01
2.064000000000000057e+00,6.414959759805471951e-01
2.065999999999999837e+00,6.403274550407894727e-01
2.068000000000000060e+00,6.385250769429056117e-01
2.069999999999999840e+00,6.360330250058731094e-01
2.072000000000000064e+00,6.342047014366343216e-01
2.073999999999999844e+00,6.327821620399822766e-01
2.076000000000000068e+00,6.318615667314017026e-01
2.077999999999999847e+00,6.311297228103577295e-01
2.080000000000000071e+00,6.312186828946826367e-01
2.081999999999999851e+00,6.298713727331990420e-01
2.084000000000000075e+00,6.288404728513556918e-01
2.085999999999999854e+00,6.274719941671434986e-01
2.088000000000000078e+00,6.267530305891779729e-01
2.089999999999999858e+00,6.263990282315300417e-01
2.092000000000000082e+00,6.260644705812506983e-01
2.093999999999999861e+00,6.262936502395389793e-01
2.096000000000000085e+00,6.274322394556893778e-01
2.097999999999999865e+00,6.275220753866778134e-01
2.100000000000000089e+00,6.272684483735768701e-01
2.101999999999999869e+00,6.280190671155896354e-01
2.104000000000000092e+00,6.283070975802821367e-01
2.105999999999999872e+00,6.283867427104441461e-01
2.108000000000000096e+00,6.274555204484578708e-01
2.109999999999999876e+00,6.268861092794506540e-01
2.112000000000000099e+00,6.232065125995035482e-01
2.113999999999999879e+00,6.206959442730813903e-01
2.116000000000000103e+00,6.186552462871025559e-01
2.117999999999999883e+00,6.158766319016309998e-01
2.120000000000000107e+00,6.135478716092294116e-01
2.121999999999999886e+00,6.098968564107484225e-01
2.124000000000000110e+00,6.068284426156539402e-01
2.125999999999999890e+00,6.049559606285708213e-01
2.128000000000000114e+00,6.053583056352975778e-01
2.129999999999999893e+00,6.076603406362017790e-01
2.132000000000000117e+00,6.116685817533247249e-01
2.133999999999999897e+00,6.168909968278029066e-01
2.136000000000000121e+00,6.210565149743365598e-01
2.137999999999999901e+00,6.238026476779853224e-01
2.140000000000000124e+00,6.263795960838464127e-01
2.141999999999999904e+00,6.298525473643846739e-01
2.144000000000000128e+00,6.345915841982247008e-01
2.145999999999999908e+00,6.395708766097870646e-01
2.148000000000000131e+00,6.431916993443334007e-01
2.149999999999999911e+00,6.473832869750132391e-01
2.152000000000000135e+00,6.515706360849587986e-01
2.153999999999999915e+00,6.563862998857893372e-01
2.156000000000000139e+00,6.628786502906358624e-01
2.157999999999999918e+00,6.701595784776832598e-01
2.160000000000000142e+00,6.785147135604920887e-01
2.161999999999999922e+00,6.850069640346762023e-01
2.164000000000000146e+00,6.896127304600623287e-01
2.165999999999999925e+00,6.940770277037067171e-01
2.168000000000000149e+00,6.999888249758204894e-01
2.169999999999999929e+00,7.061729862363883559e-01
2.172000000000000153e+00,7.142991096689723651e-01
2.173999999999999932e+00,7.241133622441153772e-01
2.176000000000000156e+00,7.328367031349376504e-01
2.177999999999999936e+00,7.383258538858679110e-01
2.180000000000000160e+00,7.409985738059786664e-01
2.181999999999999940e+00,7.416708968299562388e-01
2.184000000000000163e+00,7.418905745204327218e-01
2.185999999999999943e+00,7.409737008725157947e-01
2.188000000000000167e+00,7.414492595293076249e-01
2.189999999999999947e+00,7.448528309857813667e-01
2.192000000000000171e+00,7.486524231947505603e-01
2.193999999999999950e+00,7.490623049937604749e-01
2.196000000000000174e+00,7.493852945520079745e-01
2.197999999999999954e+00,7.494827477286523099e-01
2.200000000000000178e+00,7.487913199705069633e-01
2.201999999999999957e+00,7.482969027459329681e-01
2.204000000000000181e+00,7.481877247976888023e-01
2.205999999999999961e+00,7.473446392402854910e-01
2.208000000000000185e+00,7.472567863956353085e-01
2.209999999999999964e+00,7.478506808359196567e-01
2.212000000000000188e+00,7.479275146885042691e-01
2.213999999999999968e+00,7.475757090999910481e-01
2.216000000000000192e+00,7.480702815267830097e-01
2.217999999999999972e+00,7.476341613666737107e-01
2.220000000000000195e+00,7.469688341247786578e-01
2.221999999999999975e+00,7.469573674869243174e-01
2.224000000000000199e+00,7.472348737659366691e-01
2.225999999999999979e+00,7.470404317876213618e-01
2.228000000000000203e+00,7.472563926942743517e-01
2.229999999999999982e+00,7.475421034504536877e-01
2.232000000000000206e+00,7.474036524783856938e-01
2.233999999999999986e+00,7.471738596597453652e-01
2.236000000000000210e+00,7.468693369137984206e-01
2.237999999999999989e+00,7.466731130726308452e-01
2.240000000000000213e+00,7.462994641206230906e-01
2.241999999999999993e+00,7.463389044184549626e-01
2.244000000000000217e+00,7.465714924416638754e-01
2.245999999999999996e+00,7.471550867122320749e-01
2.248000000000000220e+00,7.474705480677028557e-01
2.250000000000000000e+00,7.476786935779310417e-01
2.251999999999999780e+00,7.473296403657421205e-01
2.254000000000000004e+00,7.471589021308209233e-01
2.255999999999999783e+00,7.467908206474710431e-01
2.258000000000000007e+00,7.466048457949087114e-01
2.259999999999999787e+00,7.467139221103337166e-01
2.262000000000000011e+00,7.472288211811999314e-01
2.263999999999999790e+00,7.470645674386865442e-01
2.266000000000000014e+00,7.475137839891725644e-01
2.267999999999999794e+00,7.477073319358046311e-01
2.270000000000000018e+00,7.483222018297718270e-01
2.271999999999999797e+00,7.485013370386303100e-01
2.274000000000000021e+00,7.492376543530721023e-01
2.275999999999999801e+00,7.491014898414688483e-01
2.278000000000000025e+00,7.487265262144289224e-01
2.279999999999999805e+00,7.478734180012737154e-01
2.282000000000000028e+00,7.473902063283079933e-01
2.283999999999999808e+00,7.468358698201511547e-01
2.286000000000000032e+00,7.465863265365766388e-01
2.287999999999999812e+00,7.465350076779652122e-01
2.290000000000000036e+00,7.321774335063813144e-01
2.291999999999999815e+00,7.085998862884054228e-01
2.294000000000000039e+00,6.835085079508299577e-01
2.295999999999999819e+00,6.588502312524046056e-01
2.298000000000000043e+00,6.368615747205197408e-01
2.299999999999999822e+00,6.190817880758512359e-01
2.302000000000000046e+00,6.047773012184229913e-01
2.303999999999999826e+00,5.968567818807710701e-01
2.306000000000000050e+00,5.932894116485605274e-01
2.307999999999999829e+00,5.940645377851110354e-01
2.310000000000000053e+00,5.983778995110361487e-01
2.311999999999999833e+00,6.058350222708153154e-01
2.314000000000000057e+00,6.137044990989934945e-01
2.315999999999999837e+00,6.230088664403139465e-01
2.318000000000000060e+00,6.294138088779729356e-01
2.319999999999999840e+00,6.283169677418716237e-01
2.322000000000000064e+00,6.235090243021363943e-01
2.323999999999999844e+00,6.138349672296554704e-01
2.326000000000000068e+00,6.047785165059802459e-01
2.327999999999999847e+00,5.961809670456768018e-01
2.330000000000000071e+00,5.883461896220475440e-01
2.331999999999999851e+00,5.822271383442410020e-01
2.334000000000000075e+00,5.779771139624506615e-01
2.335999999999999854e+00,5.730718015619700179e-01
2.338000000000000078e+00,5.683393213635788976e-01
2.339999999999999858e+00,5.635720710994960303e-01
2.342000000000000082e+00,5.585083616271961926e-01
2.343999999999999861e+00,5.543278390630733687e-01
2.346000000000000085e+00,5.501725571467694920e-01
2.347999999999999865e+00,5.456503310044115151e-01
2.350000000000000089e+00,5.421579646465505276e-01
2.351999999999999869e+00,5.395879767465511234e-01
2.354000000000000092e+00,5.398092889622811974e-01
2.355999999999999872e+00,5.421318447915570715e-01
2.358000000000000096e+00,5.476214422534487758e-01
2.359999999999999876e+00,5.539489401100927690e-01
2.362000000000000099e+00,5.592327761144116893e-01
2.363999999999999879e+00,5.628249631184286672e-01
2.366000000000000103e+00,5.638760789704407861e-01
2.367999999999999883e+00,5.653341272914083060e-01
2.370000000000000107e+00,5.678792313638096889e-01
2.371999999999999886e+00,5.738886365570143866e-01
2.374000000000000110e+00,5.808642760941958860e-01
2.375999999999999890e+00,5.901152437391543604e-01
2.378000000000000114e+00,5.984284731174482896e-01
2.379999999999999893e+00,6.053923758015867795e-01
2.382000000000000117e+00,6.168629941953825968e-01
2.383999999999999897e+00,6.301839519475799234e-01
2.386000000000000121e+00,6.462470859832942782e-01
2.387999999999999901e+00,6.662167492182540229e-01
2.390000000000000124e+00,6.844873989730295705e-01
2.391999999999999904e+00,7.048965046983030058e-01
2.394000000000000128e+00,7.210599872342760008e-01
2.395999999999999908e+00,7.355369027220131084e-01
2.398000000000000131e+00,7.430503973653128647e-01
2.399999999999999911e+00,7.434270654070147533e-01
2.402000000000000135e+00,7.442894469222253173e-01
2.403999999999999915e+00,7.452393453713125338e-01
2.406000000000000139e+00,7.461222836344099107e-01
2.407999999999999918e+00,7.470090986350027551e-01
2.410000000000000142e+00,7.479994171153825366e-01
2.411999999999999922e+00,7.482760704036029997e-01
2.414000000000000146e+00,7.485801772620687133e-01
2.415999999999999925e+00,7.484692605164151580e-01
2.418000000000000149e+00,7.484125398170402566e-01
2.419999999999999929e+00,7.484291131993029422e-01
2.422000000000000153e+00,7.484487497120364541e-01
2.423999999999999932e+00,7.480575076925711775e-01
2.426000000000000156e+00,7.477807012073743875e-01
2.427999999999999936e+00,7.470870056905761780e-01
2.430000000000000160e+00,7.463019927083054395e-01
2.431999999999999940e+00,7.454885933787327446e-01
2.434000000000000163e+00,7.448922205567960475e-01
2.435999999999999943e+00,7.447308004772171808e-01
2.438000000000000167e+00,7.447901667871253961e-01
2.439999999999999947e+00,7.445790994581764632e-01
2.442000000000000171e+00,7.445237628060549229e-01
2.443999999999999950e+00,7.445637082900894432e-01
2.446000000000000174e+00,7.441822235530506369e-01
2.447999999999999954e+00,7.441726871830581791e-01
2.450000000000000178e+00,7.450448528198297948e-01
2.451999999999999957e+00,7.456978227316091168e-01
2.454000000000000181e+00,7.458564274759618140e-01
2.455999999999999961e+00,7.458569418938595375e-01
2.458000000000000185e+00,7.457029403148365265e-01
2.459999999999999964e+00,7.449410119302209976e-01
2.462000000000000188e+00,0.000000000000000000e+00
2.463999999999999968e+00,0.000000000000000000e+00
2.466000000000000192e+00,0.000000000000000000e+00
2.467999999999999972e+00,0.000000000000000000e+00
2.470000000000000195e+00,0.000000000000000000e+00
2.471999999999999975e+00,0.000000000000000000e+00
2.474000000000000199e+00,0.000000000000000000e+00
2.475999999999999979e+00,0.000000000000000000e+00
2.478000000000000203e+00,0.000000000000000000e+00
2.479999999999999982e+00,0.000000000000000000e+00
2.482000000000000206e+00,0.000000000000000000e+00
2.483999999999999986e+00,0.000000000000000000e+00
2.486000000000000210e+00,0.000000000000000000e+00
2.487999999999999989e+00,0.000000000000000000e+00
2.490000000000000213e+00,0.000000000000000000e+00
2.491999999999999993e+00,0.000000000000000000e+00
2.494000000000000217e+00,0.000000000000000000e+00
2.495999999999999996e+00,0.000000000000000000e+00
2.498000000000000220e+00,0.000000000000000000e+00
2.500000000000000000e+00,0.000000000000000000e+00
2.500000000000000000e+00,0.000000000000000000e+00
2.503000000000000114e+00,0.000000000000000000e+00
2.507000000000000117e+00,0.000000000000000000e+00
2.509999999999999787e+00,0.000000000000000000e+00
2.513999999999999790e+00,0.000000000000000000e+00
2.516999999999999904e+00,0.000000000000000000e+00
2.520000000000000018e+00,0.000000000000000000e+00
2.524000000000000021e+00,0.000000000000000000e+00
2.527000000000000135e+00,0.000000000000000000e+00
2.531000000000000139e+00,0.000000000000000000e+00
2.533999999999999808e+00,0.000000000000000000e+00
2.536999999999999922e+00,0.000000000000000000e+00
2.540999999999999925e+00,0.000000000000000000e+00
2.544000000000000039e+00,0.000000000000000000e+00
2.548000000000000043e+00,0.000000000000000000e+00
2.551000000000000156e+00,0.000000000000000000e+00
2.553999999999999826e+00,0.000000000000000000e+00
2.557999999999999829e+00,0.000000000000000000e+00
2.560999999999999943e+00,0.000000000000000000e+00
2.564999999999999947e+00,0.000000000000000000e+00
2.568000000000000060e+00,0.000000000000000000e+00
2.571000000000000174e+00,0.000000000000000000e+00
2.575000000000000178e+00,0.000000000000000000e+00
2.577999999999999847e+00,0.000000000000000000e+00
2.581999999999999851e+00,0.000000000000000000e+00
2.584999999999999964e+00,0.000000000000000000e+00
2.588000000000000078e+00,0.000000000000000000e+00
2.592000000000000082e+00,0.000000000000000000e+00
2.595000000000000195e+00,0.000000000000000000e+00
2.599000000000000199e+00,0.000000000000000000e+00
2.601999999999999869e+00,0.000000000000000000e+00
2.604999999999999982e+00,0.000000000000000000e+00
2.608999999999999986e+00,0.000000000000000000e+00
2.612000000000000099e+00,0.000000000000000000e+00
2.616000000000000103e+00,0.000000000000000000e+00
2.619000000000000217e+00,0.000000000000000000e+00
2.621999999999999886e+00,0.000000000000000000e+00
2.625999999999999890e+00,0.000000000000000000e+00
2.629000000000000004e+00,0.000000000000000000e+00
2.633000000000000007e+00,0.000000000000000000e+00
2.636000000000000121e+00,0.000000000000000000e+00
2.638999999999999790e+00,0.000000000000000000e+00
2.642999999999999794e+00,0.000000000000000000e+00
2.645999999999999908e+00,0.000000000000000000e+00
2.649999999999999911e+00,0.000000000000000000e+00
2.653000000000000025e+00,0.000000000000000000e+00
2.656000000000000139e+00,0.000000000000000000e+00
2.660000000000000142e+00,0.000000000000000000e+00
2.662999999999999812e+00,0.000000000000000000e+00
2.666999999999999815e+00,0.000000000000000000e+00
2.669999999999999929e+00,0.000000000000000000e+00
2.673000000000000043e+00,0.000000000000000000e+00
2.677000000000000046e+00,0.000000000000000000e+00
2.680000000000000160e+00,0.000000000000000000e+00
2.684000000000000163e+00,0.000000000000000000e+00
2.686999999999999833e+00,0.000000000000000000e+00
2.689999999999999947e+00,0.000000000000000000e+00
2.693999999999999950e+00,0.000000000000000000e+00
2.697000000000000064e+00,0.000000000000000000e+00
2.701000000000000068e+00,0.000000000000000000e+00
2.704000000000000181e+00,0.000000000000000000e+00
2.706999999999999851e+00,0.000000000000000000e+00
2.710999999999999854e+00,0.000000000000000000e+00
2.713999999999999968e+00,0.000000000000000000e+00
2.717999999999999972e+00,0.000000000000000000e+00
2.721000000000000085e+00,0.000000000000000000e+00
2.724000000000000199e+00,0.000000000000000000e+00
2.728000000000000203e+00,0.000000000000000000e+00
2.730999999999999872e+00,0.000000000000000000e+00
2.734999999999999876e+00,0.000000000000000000e+00
2.737999999999999989e+00,0.000000000000000000e+00
2.741000000000000103e+00,0.000000000000000000e+00
2.745000000000000107e+00,0.000000000000000000e+00
2.748000000000000220e+00,0.000000000000000000e+00
2.751999999999999780e+00,0.000000000000000000e+00
2.754999999999999893e+00,0.000000000000000000e+00
2.758000000000000007e+00,0.000000000000000000e+00
2.762000000000000011e+00,0.000000000000000000e+00
2.765000000000000124e+00,0.000000000000000000e+00
2.769000000000000128e+00,0.000000000000000000e+00
2.771999999999999797e+00,0.000000000000000000e+00
2.774999999999999911e+00,0.000000000000000000e+00
2.778999999999999915e+00,0.000000000000000000e+00
2.782000000000000028e+00,0.000000000000000000e+00
2.786000000000000032e+00,0.000000000000000000e+00
2.789000000000000146e+00,0.000000000000000000e+00
2.791999999999999815e+00,0.000000000000000000e+00
2.795999999999999819e+00,0.000000000000000000e+00
2.798999999999999932e+00,0.000000000000000000e+00
2.802999999999999936e+00,0.000000000000000000e+00
2.806000000000000050e+00,0.000000000000000000e+00
2.809000000000000163e+00,0.000000000000000000e+00
2.813000000000000167e+00,0.000000000000000000e+00
2.815999999999999837e+00,0.000000000000000000e+00
2.819999999999999840e+00,0.000000000000000000e+00
2.822999999999999954e+00,0.000000000000000000e+00
2.826000000000000068e+00,0.000000000000000000e+00
2.830000000000000071e+00,0.000000000000000000e+00
2.833000000000000185e+00,0.000000000000000000e+00
2.837000000000000188e+00,0.000000000000000000e+00
2.839999999999999858e+00,0.000000000000000000e+00
2.842999999999999972e+00,0.000000000000000000e+00
2.846999999999999975e+00,0.000000000000000000e+00
2.850000000000000089e+00,0.000000000000000000e+00
2.854000000000000092e+00,0.000000000000000000e+00
2.857000000000000206e+00,0.000000000000000000e+00
2.859999999999999876e+00,0.000000000000000000e+00
2.863999999999999879e+00,0.000000000000000000e+00
2.866999999999999993e+00,0.000000000000000000e+00
2.870999999999999996e+00,0.000000000000000000e+00
2.874000000000000110e+00,0.000000000000000000e+00
2.876999999999999780e+00,0.000000000000000000e+00
2.880999999999999783e+00,0.000000000000000000e+00
2.883999999999999897e+00,0.000000000000000000e+00
2.887999999999999901e+00,0.000000000000000000e+00
2.891000000000000014e+00,0.000000000000000000e+00
2.894000000000000128e+00,0.000000000000000000e+00
2.898000000000000131e+00,0.000000000000000000e+00
2.900999999999999801e+00,0.000000000000000000e+00
2.904999999999999805e+00,0.000000000000000000e+00
2.907999999999999918e+00,0.000000000000000000e+00
2.911000000000000032e+00,0.000000000000000000e+00
2.915000000000000036e+00,0.000000000000000000e+00
2.918000000000000149e+00,0.000000000000000000e+00
2.922000000000000153e+00,0.000000000000000000e+00
2.924999999999999822e+00,0.000000000000000000e+00
2.927999999999999936e+00,0.000000000000000000e+00
2.931999999999999940e+00,0.000000000000000000e+00
2.935000000000000053e+00,0.000000000000000000e+00
2.939000000000000057e+00,0.000000000000000000e+00
2.942000000000000171e+00,0.000000000000000000e+00
2.944999999999999840e+00,0.000000000000000000e+00
2.948999999999999844e+00,0.000000000000000000e+00
2.951999999999999957e+00,0.000000000000000000e+00
2.955999999999999961e+00,0.000000000000000000e+00
2.959000000000000075e+00,0.000000000000000000e+00
2.962000000000000188e+00,0.000000000000000000e+00
2.966000000000000192e+00,0.000000000000000000e+00
2.968999999999999861e+00,0.000000000000000000e+00
2.972999999999999865e+00,0.000000000000000000e+00
2.975999999999999979e+00,0.000000000000000000e+00
2.979000000000000092e+00,0.000000000000000000e+00
2.983000000000000096e+00,0.000000000000000000e+00
2.986000000000000210e+00,0.000000000000000000e+00
2.990000000000000213e+00,0.000000000000000000e+00
2.992999999999999883e+00,0.000000000000000000e+00
2.995999999999999996e+00,0.000000000000000000e+00
3.000000000000000000e+00,0.000000000000000000e+00
3.003000000000000114e+00,0.000000000000000000e+00
3.007000000000000117e+00,0.000000000000000000e+00
3.009999999999999787e+00,0.000000000000000000e+00
3.012999999999999901e+00,0.000000000000000000e+00
3.016999999999999904e+00,0.000000000000000000e+00
3.020000000000000018e+00,0.000000000000000000e+00
3.024000000000000021e+00,0.000000000000000000e+00
3.027000000000000135e+00,0.000000000000000000e+00
3.029999999999999805e+00,0.000000000000000000e+00
3.033999999999999808e+00,0.000000000000000000e+00
3.036999999999999922e+00,0.000000000000000000e+00
3.040999999999999925e+00,0.000000000000000000e+00
3.044000000000000039e+00,0.000000000000000000e+00
3.047000000000000153e+00,0.000000000000000000e+00
3.051000000000000156e+00,0.000000000000000000e+00
3.053999999999999826e+00,0.000000000000000000e+00
3.057999999999999829e+00,0.000000000000000000e+00
3.060999999999999943e+00,0.000000000000000000e+00
3.064000000000000057e+00,0.000000000000000000e+00
3.068000000000000060e+00,0.000000000000000000e+00
3.071000000000000174e+00,0.000000000000000000e+00
3.075000000000000178e+00,0.000000000000000000e+00
3.077999999999999847e+00,0.000000000000000000e+00
3.080999999999999961e+00,0.000000000000000000e+00
3.084999999999999964e+00,0.000000000000000000e+00
3.088000000000000078e+00,0.000000000000000000e+00
3.092000000000000082e+00,0.000000000000000000e+00
3.095000000000000195e+00,0.000000000000000000e+00
3.097999999999999865e+00,0.000000000000000000e+00
3.101999999999999869e+00,0.000000000000000000e+00
3.104999999999999982e+00,0.000000000000000000e+00
3.108999999999999986e+00,0.000000000000000000e+00
3.112000000000000099e+00,0.000000000000000000e+00
3.115000000000000213e+00,0.000000000000000000e+00
3.119000000000000217e+00,0.000000000000000000e+00
3.121999999999999886e+00,0.000000000000000000e+00
3.125999999999999890e+00,0.000000000000000000e+00
3.129000000000000004e+00,0.000000000000000000e+00
3.132000000000000117e+00,0.000000000000000000e+00
3.136000000000000121e+00,0.000000000000000000e+00
3.138999999999999790e+00,0.000000000000000000e+00
3.142999999999999794e+00,0.000000000000000000e+00
3.145999999999999908e+00,0.000000000000000000e+00
3.149000000000000021e+00,0.000000000000000000e+00
3.153000000000000025e+00,0.000000000000000000e+00
3.156000000000000139e+00,0.000000000000000000e+00
3.160000000000000142e+00,0.000000000000000000e+00
3.162999999999999812e+00,0.000000000000000000e+00
3.165999999999999925e+00,0.000000000000000000e+00
3.169999999999999929e+00,0.000000000000000000e+00
3.173000000000000043e+00,0.000000000000000000e+00
3.177000000000000046e+00,0.000000000000000000e+00
3.180000000000000160e+00,0.000000000000000000e+00
3.182999999999999829e+00,0.000000000000000000e+00
3.186999999999999833e+00,0.000000000000000000e+00
3.189999999999999947e+00,0.000000000000000000e+00
3.193999999999999950e+00,0.000000000000000000e+00
3.197000000000000064e+00,0.000000000000000000e+00
3.200000000000000178e+00,0.000000000000000000e+00
3.204000000000000181e+00,0.000000000000000000e+00
3.206999999999999851e+00,0.000000000000000000e+00
3.210999999999999854e+00,0.000000000000000000e+00
3.213999999999999968e+00,0.000000000000000000e+00
3.217000000000000082e+00,0.000000000000000000e+00
3.221000000000000085e+00,0.000000000000000000e+00
3.224000000000000199e+00,0.000000000000000000e+00
3.228000000000000203e+00,0.000000000000000000e+00
3.230999999999999872e+00,0.000000000000000000e+00
3.233999999999999986e+00,0.000000000000000000e+00
3.237999999999999989e+00,0.000000000000000000e+00
3.241000000000000103e+00,0.000000000000000000e+00
3.245000000000000107e+00,0.000000000000000000e+00
3.248000000000000220e+00,0.000000000000000000e+00
3.250999999999999890e+00,0.000000000000000000e+00
3.254999999999999893e+00,0.000000000000000000e+00
3.258000000000000007e+00,0.000000000000000000e+00
3.262000000000000011e+00,0.000000000000000000e+00
3.265000000000000124e+00,0.000000000000000000e+00
3.267999999999999794e+00,0.000000000000000000e+00
3.271999999999999797e+00,0.000000000000000000e+00
3.274999999999999911e+00,0.000000000000000000e+00
3.278999999999999915e+00,0.000000000000000000e+00
3.282000000000000028e+00,0.000000000000000000e+00
3.285000000000000142e+00,0.000000000000000000e+00
3.289000000000000146e+00,0.000000000000000000e+00
3.291999999999999815e+00,0.000000000000000000e+00
3.295999999999999819e+00,0.000000000000000000e+00
3.298999999999999932e+00,0.000000000000000000e+00
3.302000000000000046e+00,0.000000000000000000e+00
3.306000000000000050e+00,0.000000000000000000e+00
3.309000000000000163e+00,0.000000000000000000e+00
3.313000000000000167e+00,0.000000000000000000e+00
3.315999999999999837e+00,0.000000000000000000e+00
3.318999999999999950e+00,0.000000000000000000e+00
3.322999999999999954e+00,0.000000000000000000e+00
3.326000000000000068e+00,0.000000000000000000e+00
3.330000000000000071e+00,0.000000000000000000e+00
3.333000000000000185e+00,0.000000000000000000e+00
3.335999999999999854e+00,0.000000000000000000e+00
3.339999999999999858e+00,0.000000000000000000e+00
3.342999999999999972e+00,0.000000000000000000e+00
3.346999999999999975e+00,0.000000000000000000e+00
3.350000000000000089e+00,0.000000000000000000e+00
3.353000000000000203e+00,0.000000000000000000e+00
3.357000000000000206e+00,0.000000000000000000e+00
3.359999999999999876e+00,0.000000000000000000e+00
3.363999999999999879e+00,0.000000000000000000e+00
3.366999999999999993e+00,0.000000000000000000e+00
3.370000000000000107e+00,0.000000000000000000e+00
3.374000000000000110e+00,0.000000000000000000e+00
3.376999999999999780e+00,0.000000000000000000e+00
3.380999999999999783e+00,0.000000000000000000e+00
3.383999999999999897e+00,0.000000000000000000e+00
3.387000000000000011e+00,0.000000000000000000e+00
3.391000000000000014e+00,0.000000000000000000e+00
3.394000000000000128e+00,0.000000000000000000e+00
3.398000000000000131e+00,0.000000000000000000e+00
3.400999999999999801e+00,0.000000000000000000e+00
3.403999999999999915e+00,0.000000000000000000e+00
3.407999999999999918e+00,0.000000000000000000e+00
3.411000000000000032e+00,0.000000000000000000e+00
3.415000000000000036e+00,0.000000000000000000e+00
3.418000000000000149e+00,0.000000000000000000e+00
3.420999999999999819e+00,0.000000000000000000e+00
3.424999999999999822e+00,0.000000000000000000e+00
3.427999999999999936e+00,0.000000000000000000e+00
3.431999999999999940e+00,0.000000000000000000e+00
3.435000000000000053e+00,0.000000000000000000e+00
3.438000000000000167e+00,0.000000000000000000e+00
3.442000000000000171e+00,0.000000000000000000e+00
3.444999999999999840e+00,0.000000000000000000e+00
3.448999999999999844e+00,0.000000000000000000e+00
3.451999999999999957e+00,0.000000000000000000e+00
3.455000000000000071e+00,0.000000000000000000e+00
3.459000000000000075e+00,0.000000000000000000e+00
3.462000000000000188e+00,0.000000000000000000e+00
3.466000000000000192e+00,0.000000000000000000e+00
3.468999999999999861e+00,0.000000000000000000e+00
3.471999999999999975e+00,0.000000000000000000e+00
3.475999999999999979e+00,0.000000000000000000e+00
3.479000000000000092e+00,0.000000000000000000e+00
3.483000000000000096e+00,0.000000000000000000e+00
3.486000000000000210e+00,0.000000000000000000e+00
3.488999999999999879e+00,0.000000000000000000e+00
3.492999999999999883e+00,0.000000000000000000e+00
3.495999999999999996e+00,0.000000000000000000e+00
3.500000000000000000e+00,0.000000000000000000e+00
3.503000000000000114e+00,0.000000000000000000e+00
3.505999999999999783e+00,0.000000000000000000e+00
3.509999999999999787e+00,0.000000000000000000e+00
3.512999999999999901e+00,0.000000000000000000e+00
3.516999999999999904e+00,0.000000000000000000e+00
3.520000000000000018e+00,0.000000000000000000e+00
3.523000000000000131e+00,0.000000000000000000e+00
3.527000000000000135e+00,0.000000000000000000e+00
3.529999999999999805e+00,0.000000000000000000e+00
3.533999999999999808e+00,0.000000000000000000e+00
3.536999999999999922e+00,0.000000000000000000e+00
3.540000000000000036e+00,0.000000000000000000e+00
3.544000000000000039e+00,0.000000000000000000e+00
3.547000000000000153e+00,0.000000000000000000e+00
3.551000000000000156e+00,0.000000000000000000e+00
3.553999999999999826e+00,0.000000000000000000e+00
3.556999999999999940e+00,0.000000000000000000e+00
3.560999999999999943e+00,0.000000000000000000e+00
3.564000000000000057e+00,0.000000000000000000e+00
3.568000000000000060e+00,0.000000000000000000e+00
3.571000000000000174e+00,0.000000000000000000e+00
3.573999999999999844e+00,0.000000000000000000e+00
3.577999999999999847e+00,0.000000000000000000e+00
3.580999999999999961e+00,0.000000000000000000e+00
3.584999999999999964e+00,0.000000000000000000e+00
3.588000000000000078e+00,0.000000000000000000e+00
3.591000000000000192e+00,0.000000000000000000e+00
3.595000000000000195e+00,0.000000000000000000e+00
3.597999999999999865e+00,0.000000000000000000e+00
3.601999999999999869e+00,0.000000000000000000e+00
3.604999999999999982e+00,0.000000000000000000e+00
3.608000000000000096e+00,0.000000000000000000e+00
3.612000000000000099e+00,0.000000000000000000e+00
3.615000000000000213e+00,0.000000000000000000e+00
3.619000000000000217e+00,0.000000000000000000e+00
3.621999999999999886e+00,0.000000000000000000e+00
3.625000000000000000e+00,0.000000000000000000e+00
3.629000000000000004e+00,0.000000000000000000e+00
3.632000000000000117e+00,0.000000000000000000e+00
3.636000000000000121e+00,0.000000000000000000e+00
3.638999999999999790e+00,0.000000000000000000e+00
3.641999999999999904e+00,0.000000000000000000e+00
3.645999999999999908e+00,0.000000000000000000e+00
3.649000000000000021e+00,0.000000000000000000e+00
3.653000000000000025e+00,0.000000000000000000e+00
3.656000000000000139e+00,0.000000000000000000e+00
3.658999999999999808e+00,0.000000000000000000e+00
3.662999999999999812e+00,0.000000000000000000e+00
3.665999999999999925e+00,0.000000000000000000e+00
3.669999999999999929e+00,0.000000000000000000e+00
3.673000000000000043e+00,0.000000000000000000e+00
3.676000000000000156e+00,0.000000000000000000e+00
3.680000000000000160e+00,0.000000000000000000e+00
3.682999999999999829e+00,0.000000000000000000e+00
3.686999999999999833e+00,0.000000000000000000e+00
3.689999999999999947e+00,0.000000000000000000e+00
3.693000000000000060e+00,0.000000000000000000e+00
3.697000000000000064e+00,0.000000000000000000e+00
3.700000000000000178e+00,0.000000000000000000e+00
3.704000000000000181e+00,0.000000000000000000e+00
3.706999999999999851e+00,0.000000000000000000e+00
3.709999999999999964e+00,0.000000000000000000e+00
3.713999999999999968e+00,0.000000000000000000e+00
3.717000000000000082e+00,0.000000000000000000e+00
3.721000000000000085e+00,0.000000000000000000e+00
3.724000000000000199e+00,0.000000000000000000e+00
3.726999999999999869e+00,0.000000000000000000e+00
3.730999999999999872e+00,0.000000000000000000e+00
3.733999999999999986e+00,0.000000000000000000e+00
3.737999999999999989e+00,0.000000000000000000e+00
3.741000000000000103e+00,0.000000000000000000e+00
3.744000000000000217e+00,0.000000000000000000e+00
3.748000000000000220e+00,0.000000000000000000e+00
3.750999999999999890e+00,0.000000000000000000e+00
3.754999999999999893e+00,0.000000000000000000e+00
3.758000000000000007e+00,0.000000000000000000e+00
3.761000000000000121e+00,0.000000000000000000e+00
3.765000000000000124e+00,0.000000000000000000e+00
3.767999999999999794e+00,0.000000000000000000e+00
3.771999999999999797e+00,0.000000000000000000e+00
3.774999999999999911e+00,0.000000000000000000e+00
3.778000000000000025e+00,0.000000000000000000e+00
3.782000000000000028e+00,0.000000000000000000e+00
3.785000000000000142e+00,0.000000000000000000e+00
3.789000000000000146e+00,0.000000000000000000e+00
3.791999999999999815e+00,0.000000000000000000e+00
3.794999999999999929e+00,0.000000000000000000e+00
3.798999999999999932e+00,0.000000000000000000e+00
3.802000000000000046e+00,0.000000000000000000e+00
3.806000000000000050e+00,0.000000000000000000e+00
3.809000000000000163e+00,0.000000000000000000e+00
3.811999999999999833e+00,0.000000000000000000e+00
3.815999999999999837e+00,0.000000000000000000e+00
3.818999999999999950e+00,0.000000000000000000e+00
3.822999999999999954e+00,0.000000000000000000e+00
3.826000000000000068e+00,0.000000000000000000e+00
3.829000000000000181e+00,0.000000000000000000e+00
3.833000000000000185e+00,0.000000000000000000e+00
3.835999999999999854e+00,0.000000000000000000e+00
3.839999999999999858e+00,0.000000000000000000e+00
3.842999999999999972e+00,0.000000000000000000e+00
3.846000000000000085e+00,0.000000000000000000e+00
3.850000000000000089e+00,0.000000000000000000e+00
3.853000000000000203e+00,0.000000000000000000e+00
3.857000000000000206e+00,0.000000000000000000e+00
3.859999999999999876e+00,0.000000000000000000e+00
3.862999999999999989e+00,0.000000000000000000e+00
3.866999999999999993e+00,0.000000000000000000e+00
3.870000000000000107e+00,0.000000000000000000e+00
3.874000000000000110e+00,0.000000000000000000e+00
3.876999999999999780e+00,0.000000000000000000e+00
3.879999999999999893e+00,0.000000000000000000e+00
3.883999999999999897e+00,0.000000000000000000e+00
3.887000000000000011e+00,0.000000000000000000e+00
3.891000000000000014e+00,0.000000000000000000e+00
3.894000000000000128e+00,0.000000000000000000e+00
3.896999999999999797e+00,0.000000000000000000e+00
3.900999999999999801e+00,0.000000000000000000e+00
3.903999999999999915e+00,0.000000000000000000e+00
3.907999999999999918e+00,0.000000000000000000e+00
3.911000000000000032e+00,0.000000000000000000e+00
3.914000000000000146e+00,0.000000000000000000e+00
3.918000000000000149e+00,0.000000000000000000e+00
3.920999999999999819e+00,0.000000000000000000e+00
3.924999999999999822e+00,0.000000000000000000e+00
3.927999999999999936e+00,0.000000000000000000e+00
3.931000000000000050e+00,0.000000000000000000e+00
3.935000000000000053e+00,0.000000000000000000e+00
3.938000000000000167e+00,0.000000000000000000e+00
3.942000000000000171e+00,0.000000000000000000e+00
3.944999999999999840e+00,0.000000000000000000e+00
3.947999999999999954e+00,0.000000000000000000e+00
3.951999999999999957e+00,0.000000000000000000e+00
3.955000000000000071e+00,0.000000000000000000e+00
3.959000000000000075e+00,0.000000000000000000e+00
3.962000000000000188e+00,0.000000000000000000e+00
3.964999999999999858e+00,0.000000000000000000e+00
3.968999999999999861e+00,0.000000000000000000e+00
3.971999999999999975e+00,0.000000000000000000e+00
3.975999999999999979e+00,0.000000000000000000e+00
3.979000000000000092e+00,0.000000000000000000e+00
3.982000000000000206e+00,0.000000000000000000e+00
3.986000000000000210e+00,0.000000000000000000e+00
3.988999999999999879e+00,0.000000000000000000e+00
3.992999999999999883e+00,0.000000000000000000e+00
3.995999999999999996e+00,0.000000000000000000e+00
3.999000000000000110e+00,0.000000000000000000e+00
4.003000000000000114e+00,0.000000000000000000e+00
4.006000000000000227e+00,0.000000000000000000e+00
4.009999999999999787e+00,0.000000000000000000e+00
4.012999999999999901e+00,0.000000000000000000e+00
4.016000000000000014e+00,0.000000000000000000e+00
4.019999999999999574e+00,0.000000000000000000e+00
4.022999999999999687e+00,0.000000000000000000e+00
4.027000000000000135e+00,0.000000000000000000e+00
4.030000000000000249e+00,0.000000000000000000e+00
4.033000000000000362e+00,0.000000000000000000e+00
4.036999999999999922e+00,0.000000000000000000e+00
4.040000000000000036e+00,0.000000000000000000e+00
4.043999999999999595e+00,0.000000000000000000e+00
4.046999999999999709e+00,0.000000000000000000e+00
4.049999999999999822e+00,0.000000000000000000e+00
4.054000000000000270e+00,0.000000000000000000e+00
4.057000000000000384e+00,0.000000000000000000e+00
4.060999999999999943e+00,0.000000000000000000e+00
4.064000000000000057e+00,0.000000000000000000e+00
4.067000000000000171e+00,0.000000000000000000e+00
4.070999999999999730e+00,0.000000000000000000e+00
4.073999999999999844e+00,0.000000000000000000e+00
4.078000000000000291e+00,0.000000000000000000e+00
4.081000000000000405e+00,0.000000000000000000e+00
4.083999999999999631e+00,0.000000000000000000e+00
4.088000000000000078e+00,0.000000000000000000e+00
4.091000000000000192e+00,0.000000000000000000e+00
4.094999999999999751e+00,0.000000000000000000e+00
4.097999999999999865e+00,0.000000000000000000e+00
4.100999999999999979e+00,0.000000000000000000e+00
4.105000000000000426e+00,0.000000000000000000e+00
4.107999999999999652e+00,0.000000000000000000e+00
4.112000000000000099e+00,0.000000000000000000e+00
4.115000000000000213e+00,0.000000000000000000e+00
4.118000000000000327e+00,0.000000000000000000e+00
4.121999999999999886e+00,0.000000000000000000e+00
4.125000000000000000e+00,0.000000000000000000e+00
4.128999999999999559e+00,0.000000000000000000e+00
4.131999999999999673e+00,0.000000000000000000e+00
4.134999999999999787e+00,0.000000000000000000e+00
4.139000000000000234e+00,0.000000000000000000e+00
4.142000000000000348e+00,0.000000000000000000e+00
4.145999999999999908e+00,0.000000000000000000e+00
4.149000000000000021e+00,0.000000000000000000e+00
4.152000000000000135e+00,0.000000000000000000e+00
4.155999999999999694e+00,0.000000000000000000e+00
4.158999999999999808e+00,0.000000000000000000e+00
4.163000000000000256e+00,0.000000000000000000e+00
4.166000000000000369e+00,0.000000000000000000e+00
4.168999999999999595e+00,0.000000000000000000e+00
4.173000000000000043e+00,0.000000000000000000e+00
4.176000000000000156e+00,0.000000000000000000e+00
4.179999999999999716e+00,0.000000000000000000e+00
4.182999999999999829e+00,0.000000000000000000e+00
4.185999999999999943e+00,0.000000000000000000e+00
4.190000000000000391e+00,0.000000000000000000e+00
4.192999999999999616e+00,0.000000000000000000e+00
4.197000000000000064e+00,0.000000000000000000e+00
4.200000000000000178e+00,0.000000000000000000e+00
4.203000000000000291e+00,0.000000000000000000e+00
4.206999999999999851e+00,0.000000000000000000e+00
4.209999999999999964e+00,0.000000000000000000e+00
4.214000000000000412e+00,0.000000000000000000e+00
4.216999999999999638e+00,0.000000000000000000e+00
4.219999999999999751e+00,0.000000000000000000e+00
4.224000000000000199e+00,0.000000000000000000e+00
4.227000000000000313e+00,0.000000000000000000e+00
4.230999999999999872e+00,0.000000000000000000e+00
4.233999999999999986e+00,0.000000000000000000e+00
4.237000000000000099e+00,0.000000000000000000e+00
4.240999999999999659e+00,0.000000000000000000e+00
4.243999999999999773e+00,0.000000000000000000e+00
4.248000000000000220e+00,0.000000000000000000e+00
4.251000000000000334e+00,0.000000000000000000e+00
4.253999999999999559e+00,0.000000000000000000e+00
4.258000000000000007e+00,0.000000000000000000e+00
4.261000000000000121e+00,0.000000000000000000e+00
4.264999999999999680e+00,0.000000000000000000e+00
4.267999999999999794e+00,0.000000000000000000e+00
4.270999999999999908e+00,0.000000000000000000e+00
4.275000000000000355e+00,0.000000000000000000e+00
4.277999999999999581e+00,0.000000000000000000e+00
4.282000000000000028e+00,0.000000000000000000e+00
4.285000000000000142e+00,0.000000000000000000e+00
4.288000000000000256e+00,0.000000000000000000e+00
4.291999999999999815e+00,0.000000000000000000e+00
4.294999999999999929e+00,0.000000000000000000e+00
4.299000000000000377e+00,0.000000000000000000e+00
4.301999999999999602e+00,0.000000000000000000e+00
4.304999999999999716e+00,0.000000000000000000e+00
4.309000000000000163e+00,0.000000000000000000e+00
4.312000000000000277e+00,0.000000000000000000e+00
4.315999999999999837e+00,0.000000000000000000e+00
4.318999999999999950e+00,0.000000000000000000e+00
4.322000000000000064e+00,0.000000000000000000e+00
4.325999999999999623e+00,0.000000000000000000e+00
4.328999999999999737e+00,0.000000000000000000e+00
4.333000000000000185e+00,0.000000000000000000e+00
4.336000000000000298e+00,0.000000000000000000e+00
4.339000000000000412e+00,0.000000000000000000e+00
4.342999999999999972e+00,0.000000000000000000e+00
4.346000000000000085e+00,0.000000000000000000e+00
4.349999999999999645e+00,0.000000000000000000e+00
4.352999999999999758e+00,0.000000000000000000e+00
4.355999999999999872e+00,0.000000000000000000e+00
4.360000000000000320e+00,0.000000000000000000e+00
4.363000000000000433e+00,0.000000000000000000e+00
4.366999999999999993e+00,0.000000000000000000e+00
4.370000000000000107e+00,0.000000000000000000e+00
4.373000000000000220e+00,0.000000000000000000e+00
4.376999999999999780e+00,0.000000000000000000e+00
4.379999999999999893e+00,0.000000000000000000e+00
4.384000000000000341e+00,0.000000000000000000e+00
4.386999999999999567e+00,0.000000000000000000e+00
4.389999999999999680e+00,0.000000000000000000e+00
4.394000000000000128e+00,0.000000000000000000e+00
4.397000000000000242e+00,0.000000000000000000e+00
4.400999999999999801e+00,0.000000000000000000e+00
4.403999999999999915e+00,0.000000000000000000e+00
4.407000000000000028e+00,0.000000000000000000e+00
4.410999999999999588e+00,0.000000000000000000e+00
4.413999999999999702e+00,0.000000000000000000e+00
4.418000000000000149e+00,0.000000000000000000e+00
4.421000000000000263e+00,0.000000000000000000e+00
4.424000000000000377e+00,0.000000000000000000e+00
4.427999999999999936e+00,0.000000000000000000e+00
4.431000000000000050e+00,0.000000000000000000e+00
4.434999999999999609e+00,0.000000000000000000e+00
4.437999999999999723e+00,0.000000000000000000e+00
4.440999999999999837e+00,0.000000000000000000e+00
4.445000000000000284e+00,0.000000000000000000e+00
4.448000000000000398e+00,0.000000000000000000e+00
4.451999999999999957e+00,0.000000000000000000e+00
4.455000000000000071e+00,0.000000000000000000e+00
4.458000000000000185e+00,0.000000000000000000e+00
4.461999999999999744e+00,0.000000000000000000e+00
4.464999999999999858e+00,0.000000000000000000e+00
4.469000000000000306e+00,0.000000000000000000e+00
4.472000000000000419e+00,0.000000000000000000e+00
4.474999999999999645e+00,0.000000000000000000e+00
4.479000000000000092e+00,0.000000000000000000e+00
4.482000000000000206e+00,0.000000000000000000e+00
4.485999999999999766e+00,0.000000000000000000e+00
4.488999999999999879e+00,0.000000000000000000e+00
4.491999999999999993e+00,0.000000000000000000e+00
4.496000000000000441e+00,0.000000000000000000e+00
4.498999999999999666e+00,0.000000000000000000e+00
4.503000000000000114e+00,0.000000000000000000e+00
4.506000000000000227e+00,0.000000000000000000e+00
4.509000000000000341e+00,0.000000000000000000e+00
4.512999999999999901e+00,0.000000000000000000e+00
4.516000000000000014e+00,0.000000000000000000e+00
4.519999999999999574e+00,0.000000000000000000e+00
4.522999999999999687e+00,0.000000000000000000e+00
4.525999999999999801e+00,0.000000000000000000e+00
4.530000000000000249e+00,0.000000000000000000e+00
4.533000000000000362e+00,0.000000000000000000e+00
4.536999999999999922e+00,0.000000000000000000e+00
4.540000000000000036e+00,0.000000000000000000e+00
4.543000000000000149e+00,0.000000000000000000e+00
4.546999999999999709e+00,0.000000000000000000e+00
4.549999999999999822e+00,0.000000000000000000e+00
4.554000000000000270e+00,0.000000000000000000e+00
4.557000000000000384e+00,0.000000000000000000e+00
4.559999999999999609e+00,0.000000000000000000e+00
4.564000000000000057e+00,0.000000000000000000e+00
4.567000000000000171e+00,0.000000000000000000e+00
4.570999999999999730e+00,0.000000000000000000e+00
4.573999999999999844e+00,0.000000000000000000e+00
4.576999999999999957e+00,0.000000000000000000e+00
4.581000000000000405e+00,0.000000000000000000e+00
4.583999999999999631e+00,0.000000000000000000e+00
4.588000000000000078e+00,0.000000000000000000e+00
4.591000000000000192e+00,0.000000000000000000e+00
4.594000000000000306e+00,0.000000000000000000e+00
4.597999999999999865e+00,0.000000000000000000e+00
4.600999999999999979e+00,0.000000000000000000e+00
4.605000000000000426e+00,0.000000000000000000e+00
4.607999999999999652e+00,0.000000000000000000e+00
4.610999999999999766e+00,0.000000000000000000e+00
4.615000000000000213e+00,0.000000000000000000e+00
4.618000000000000327e+00,0.000000000000000000e+00
4.621999999999999886e+00,0.000000000000000000e+00
4.625000000000000000e+00,0.000000000000000000e+00
4.628000000000000114e+00,0.000000000000000000e+00
4.631999999999999673e+00,0.000000000000000000e+00
4.634999999999999787e+00,0.000000000000000000e+00
4.639000000000000234e+00,0.000000000000000000e+00
4.642000000000000348e+00,0.000000000000000000e+00
4.644999999999999574e+00,0.000000000000000000e+00
4.649000000000000021e+00,0.000000000000000000e+00
4.652000000000000135e+00,0.000000000000000000e+00
4.655999999999999694e+00,0.000000000000000000e+00
4.658999999999999808e+00,0.000000000000000000e+00
4.661999999999999922e+00,0.000000000000000000e+00
4.666000000000000369e+00,0.000000000000000000e+00
4.668999999999999595e+00,0.000000000000000000e+00
4.673000000000000043e+00,0.000000000000000000e+00
4.676000000000000156e+00,0.000000000000000000e+00
4.679000000000000270e+00,0.000000000000000000e+00
4.682999999999999829e+00,0.000000000000000000e+00
4.685999999999999943e+00,0.000000000000000000e+00
4.690000000000000391e+00,0.000000000000000000e+00
4.692999999999999616e+00,0.000000000000000000e+00
4.695999999999999730e+00,0.000000000000000000e+00
4.700000000000000178e+00,0.000000000000000000e+00
4.703000000000000291e+00,0.000000000000000000e+00
4.706999999999999851e+00,0.000000000000000000e+00
4.709999999999999964e+00,0.000000000000000000e+00
4.713000000000000078e+00,0.000000000000000000e+00
4.716999999999999638e+00,0.000000000000000000e+00
4.719999999999999751e+00,0.000000000000000000e+00
4.724000000000000199e+00,0.000000000000000000e+00
4.727000000000000313e+00,0.000000000000000000e+00
4.730000000000000426e+00,0.000000000000000000e+00
4.733999999999999986e+00,0.000000000000000000e+00
4.737000000000000099e+00,0.000000000000000000e+00
4.740999999999999659e+00,0.000000000000000000e+00
4.743999999999999773e+00,0.000000000000000000e+00
4.746999999999999886e+00,0.000000000000000000e+00
4.751000000000000334e+00,0.000000000000000000e+00
4.753999999999999559e+00,0.000000000000000000e+00
4.758000000000000007e+00,0.000000000000000000e+00
4.761000000000000121e+00,0.000000000000000000e+00
4.764000000000000234e+00,0.000000000000000000e+00
4.767999999999999794e+00,0.000000000000000000e+00
4.770999999999999908e+00,0.000000000000000000e+00
4.775000000000000355e+00,0.000000000000000000e+00
4.777999999999999581e+00,0.000000000000000000e+00
4.780999999999999694e+00,0.000000000000000000e+00
4.785000000000000142e+00,0.000000000000000000e+00
4.788000000000000256e+00,0.000000000000000000e+00
4.791999999999999815e+00,0.000000000000000000e+00
4.794999999999999929e+00,0.000000000000000000e+00
4.798000000000000043e+00,0.000000000000000000e+00
4.801999999999999602e+00,0.000000000000000000e+00
4.804999999999999716e+00,0.000000000000000000e+00
4.809000000000000163e+00,0.000000000000000000e+00
4.812000000000000277e+00,0.000000000000000000e+00
4.815000000000000391e+00,0.000000000000000000e+00
4.818999999999999950e+00,0.000000000000000000e+00
4.822000000000000064e+00,0.000000000000000000e+00
4.825999999999999623e+00,0.000000000000000000e+00
4.828999999999999737e+00,0.000000000000000000e+00
4.831999999999999851e+00,0.000000000000000000e+00
4.836000000000000298e+00,0.000000000000000000e+00
4.839000000000000412e+00,0.000000000000000000e+00
4.842999999999999972e+00,0.000000000000000000e+00
4.846000000000000085e+00,0.000000000000000000e+00
4.849000000000000199e+00,0.000000000000000000e+00
4.852999999999999758e+00,0.000000000000000000e+00
4.855999999999999872e+00,0.000000000000000000e+00
4.860000000000000320e+00,0.000000000000000000e+00
4.863000000000000433e+00,0.000000000000000000e+00
4.865999999999999659e+00,0.000000000000000000e+00
4.870000000000000107e+00,0.000000000000000000e+00
4.873000000000000220e+00,0.000000000000000000e+00
4.876999999999999780e+00,0.000000000000000000e+00
4.879999999999999893e+00,0.000000000000000000e+00
4.883000000000000007e+00,0.000000000000000000e+00
4.886999999999999567e+00,0.000000000000000000e+00
4.889999999999999680e+00,0.000000000000000000e+00
4.894000000000000128e+00,0.000000000000000000e+00
4.897000000000000242e+00,0.000000000000000000e+00
4.900000000000000355e+00,0.000000000000000000e+00
4.903999999999999915e+00,0.000000000000000000e+00
4.907000000000000028e+00,0.000000000000000000e+00
4.910999999999999588e+00,0.000000000000000000e+00
4.913999999999999702e+00,0.000000000000000000e+00
4.916999999999999815e+00,0.000000000000000000e+00
4.921000000000000263e+00,0.000000000000000000e+00
4.924000000000000377e+00,0.000000000000000000e+00
4.927999999999999936e+00,0.000000000000000000e+00
4.931000000000000050e+00,0.000000000000000000e+00
4.934000000000000163e+00,0.000000000000000000e+00
4.937999999999999723e+00,0.000000000000000000e+00
4.940999999999999837e+00,0.000000000000000000e+00
4.945000000000000284e+00,0.000000000000000000e+00
4.948000000000000398e+00,0.000000000000000000e+00
4.950999999999999623e+00,0.000000000000000000e+00
4.955000000000000071e+00,0.000000000000000000e+00
4.958000000000000185e+00,0.000000000000000000e+00
4.961999999999999744e+00,0.000000000000000000e+00
4.964999999999999858e+00,0.000000000000000000e+00
4.967999999999999972e+00,0.000000000000000000e+00
4.972000000000000419e+00,0.000000000000000000e+00
4.974999999999999645e+00,0.000000000000000000e+00
4.979000000000000092e+00,0.000000000000000000e+00
4.982000000000000206e+00,0.000000000000000000e+00
4.985000000000000320e+00,0.000000000000000000e+00
4.988999999999999879e+00,0.000000000000000000e+00
4.991999999999999993e+00,0.000000000000000000e+00
4.996000000000000441e+00,0.000000000000000000e+00
4.998999999999999666e+00,0.000000000000000000e+00
5.001999999999999780e+00,0.000000000000000000e+00
5.006000000000000227e+00,0.000000000000000000e+00
5.009000000000000341e+00,0.000000000000000000e+00
5.012999999999999901e+00,0.000000000000000000e+00
5.016000000000000014e+00,0.000000000000000000e+00
5.019000000000000128e+00,0.000000000000000000e+00
5.022999999999999687e+00,0.000000000000000000e+00
5.025999999999999801e+00,0.000000000000000000e+00
5.030000000000000249e+00,0.000000000000000000e+00
5.033000000000000362e+00,0.000000000000000000e+00
5.035999999999999588e+00,0.000000000000000000e+00
5.040000000000000036e+00,0.000000000000000000e+00
5.043000000000000149e+00,0.000000000000000000e+00
5.046999999999999709e+00,0.000000000000000000e+00
5.049999999999999822e+00,0.000000000000000000e+00
5.052999999999999936e+00,0.000000000000000000e+00
5.057000000000000384e+00,0.000000000000000000e+00
5.059999999999999609e+00,0.000000000000000000e+00
5.064000000000000057e+00,0.000000000000000000e+00
5.067000000000000171e+00,0.000000000000000000e+00
5.070000000000000284e+00,0.000000000000000000e+00
5.073999999999999844e+00,0.000000000000000000e+00
5.076999999999999957e+00,0.000000000000000000e+00
5.081000000000000405e+00,0.000000000000000000e+00
5.083999999999999631e+00,0.000000000000000000e+00
5.086999999999999744e+00,0.000000000000000000e+00
5.091000000000000192e+00,0.000000000000000000e+00
5.094000000000000306e+00,0.000000000000000000e+00
5.097999999999999865e+00,0.000000000000000000e+00
5.100999999999999979e+00,0.000000000000000000e+00
5.104000000000000092e+00,0.000000000000000000e+00
5.107999999999999652e+00,0.000000000000000000e+00
5.110999999999999766e+00,0.000000000000000000e+00
5.115000000000000213e+00,0.000000000000000000e+00
5.118000000000000327e+00,0.000000000000000000e+00
5.121000000000000441e+00,0.000000000000000000e+00
5.125000000000000000e+00,0.000000000000000000e+00
5.128000000000000114e+00,0.000000000000000000e+00
5.131999999999999673e+00,0.000000000000000000e+00
5.134999999999999787e+00,0.000000000000000000e+00
5.137999999999999901e+00,0.000000000000000000e+00
5.142000000000000348e+00,0.000000000000000000e+00
5.144999999999999574e+00,0.000000000000000000e+00
5.149000000000000021e+00,0.000000000000000000e+00
5.152000000000000135e+00,0.000000000000000000e+00
5.155000000000000249e+00,0.000000000000000000e+00
5.158999999999999808e+00,0.000000000000000000e+00
5.161999999999999922e+00,0.000000000000000000e+00
5.166000000000000369e+00,0.000000000000000000e+00
5.168999999999999595e+00,0.000000000000000000e+00
5.171999999999999709e+00,0.000000000000000000e+00
5.176000000000000156e+00,0.000000000000000000e+00
5.179000000000000270e+00,0.000000000000000000e+00
5.182999999999999829e+00,0.000000000000000000e+00
5.185999999999999943e+00,0.000000000000000000e+00
5.189000000000000057e+00,0.000000000000000000e+00
5.192999999999999616e+00,0.000000000000000000e+00
5.195999999999999730e+00,0.000000000000000000e+00
5.200000000000000178e+00,0.000000000000000000e+00
5.203000000000000291e+00,0.000000000000000000e+00
5.206000000000000405e+00,0.000000000000000000e+00
5.209999999999999964e+00,0.000000000000000000e+00
5.213000000000000078e+00,0.000000000000000000e+00
5.216999999999999638e+00,0.000000000000000000e+00
5.219999999999999751e+00,0.000000000000000000e+00
5.222999999999999865e+00,0.000000000000000000e+00
5.227000000000000313e+00,0.000000000000000000e+00
5.230000000000000426e+00,0.000000000000000000e+00
5.233999999999999986e+00,0.000000000000000000e+00
5.237000000000000099e+00,0.000000000000000000e+00
5.240000000000000213e+00,0.000000000000000000e+00
5.243999999999999773e+00,0.000000000000000000e+00
5.246999999999999886e+00,0.000000000000000000e+00
5.251000000000000334e+00,0.000000000000000000e+00
5.253999999999999559e+00,0.000000000000000000e+00
5.256999999999999673e+00,0.000000000000000000e+00
5.261000000000000121e+00,0.000000000000000000e+00
5.264000000000000234e+00,0.000000000000000000e+00
5.267999999999999794e+00,0.000000000000000000e+00
5.270999999999999908e+00,0.000000000000000000e+00
5.274000000000000021e+00,0.000000000000000000e+00
5.277999999999999581e+00,0.000000000000000000e+00
5.280999999999999694e+00,0.000000000000000000e+00
5.285000000000000142e+00,0.000000000000000000e+00
5.288000000000000256e+00,0.000000000000000000e+00
5.291000000000000369e+00,0.000000000000000000e+00
5.294999999999999929e+00,0.000000000000000000e+00
5.298000000000000043e+00,0.000000000000000000e+00
5.301999999999999602e+00,0.000000000000000000e+00
5.304999999999999716e+00,0.000000000000000000e+00
5.307999999999999829e+00,0.000000000000000000e+00
5.312000000000000277e+00,0.000000000000000000e+00
5.315000000000000391e+00,0.000000000000000000e+00
5.318999999999999950e+00,0.000000000000000000e+00
5.322000000000000064e+00,0.000000000000000000e+00
5.325000000000000178e+00,0.000000000000000000e+00
5.328999999999999737e+00,0.000000000000000000e+00
5.331999999999999851e+00,0.000000000000000000e+00
5.336000000000000298e+00,0.000000000000000000e+00
5.339000000000000412e+00,0.000000000000000000e+00
5.341999999999999638e+00,0.000000000000000000e+00
5.346000000000000085e+00,0.000000000000000000e+00
5.349000000000000199e+00,0.000000000000000000e+00
5.352999999999999758e+00,0.000000000000000000e+00
5.355999999999999872e+00,0.000000000000000000e+00
5.358999999999999986e+00,0.000000000000000000e+00
5.363000000000000433e+00,0.000000000000000000e+00
5.365999999999999659e+00,0.000000000000000000e+00
5.370000000000000107e+00,0.000000000000000000e+00
5.373000000000000220e+00,0.000000000000000000e+00
5.376000000000000334e+00,0.000000000000000000e+00
5.379999999999999893e+00,0.000000000000000000e+00
5.383000000000000007e+00,0.000000000000000000e+00
5.386999999999999567e+00,0.000000000000000000e+00
5.389999999999999680e+00,0.000000000000000000e+00
5.392999999999999794e+00,0.000000000000000000e+00
5.397000000000000242e+00,0.000000000000000000e+00
5.400000000000000355e+00,0.000000000000000000e+00
5.403999999999999915e+00,0.000000000000000000e+00
5.407000000000000028e+00,0.000000000000000000e+00
5.410000000000000142e+00,0.000000000000000000e+00
5.413999999999999702e+00,0.000000000000000000e+00
5.416999999999999815e+00,0.000000000000000000e+00
5.421000000000000263e+00,0.000000000000000000e+00
5.424000000000000377e+00,0.000000000000000000e+00
5.426999999999999602e+00,0.000000000000000000e+00
5.431000000000000050e+00,0.000000000000000000e+00
5.434000000000000163e+00,0.000000000000000000e+00
5.437999999999999723e+00,0.000000000000000000e+00
5.440999999999999837e+00,0.000000000000000000e+00
5.443999999999999950e+00,0.000000000000000000e+00
5.448000000000000398e+00,0.000000000000000000e+00
5.450999999999999623e+00,0.000000000000000000e+00
5.455000000000000071e+00,0.000000000000000000e+00
5.458000000000000185e+00,0.000000000000000000e+00
5.461000000000000298e+00,0.000000000000000000e+00
5.464999999999999858e+00,0.000000000000000000e+00
5.467999999999999972e+00,0.000000000000000000e+00
5.472000000000000419e+00,0.000000000000000000e+00
5.474999999999999645e+00,0.000000000000000000e+00
5.477999999999999758e+00,0.000000000000000000e+00
5.482000000000000206e+00,0.000000000000000000e+00
5.485000000000000320e+00,0.000000000000000000e+00
5.488999999999999879e+00,0.000000000000000000e+00
5.491999999999999993e+00,0.000000000000000000e+00
5.495000000000000107e+00,0.000000000000000000e+00
5.498999999999999666e+00,0.000000000000000000e+00
5.501999999999999780e+00,0.000000000000000000e+00
5.506000000000000227e+00,0.000000000000000000e+00
5.509000000000000341e+00,0.000000000000000000e+00
5.511999999999999567e+00,0.000000000000000000e+00
5.516000000000000014e+00,0.000000000000000000e+00
5.519000000000000128e+00,0.000000000000000000e+00
5.522999999999999687e+00,0.000000000000000000e+00
5.525999999999999801e+00,0.000000000000000000e+00
5.528999999999999915e+00,0.000000000000000000e+00
5.533000000000000362e+00,0.000000000000000000e+00
5.535999999999999588e+00,0.000000000000000000e+00
5.540000000000000036e+00,0.000000000000000000e+00
5.543000000000000149e+00,0.000000000000000000e+00
5.546000000000000263e+00,0.000000000000000000e+00
5.549999999999999822e+00,0.000000000000000000e+00
5.552999999999999936e+00,0.000000000000000000e+00
5.557000000000000384e+00,0.000000000000000000e+00
5.559999999999999609e+00,0.000000000000000000e+00
5.562999999999999723e+00,0.000000000000000000e+00
5.567000000000000171e+00,0.000000000000000000e+00
5.570000000000000284e+00,0.000000000000000000e+00
5.573999999999999844e+00,0.000000000000000000e+00
5.576999999999999957e+00,0.000000000000000000e+00
5.580000000000000071e+00,0.000000000000000000e+00
5.583999999999999631e+00,0.000000000000000000e+00
5.586999999999999744e+00,0.000000000000000000e+00
5.591000000000000192e+00,0.000000000000000000e+00
5.594000000000000306e+00,0.000000000000000000e+00
5.597000000000000419e+00,0.000000000000000000e+00
5.600999999999999979e+00,0.000000000000000000e+00
5.604000000000000092e+00,0.000000000000000000e+00
5.607999999999999652e+00,0.000000000000000000e+00
5.610999999999999766e+00,0.000000000000000000e+00
5.613999999999999879e+00,0.000000000000000000e+00
5.618000000000000327e+00,0.000000000000000000e+00
5.621000000000000441e+00,0.000000000000000000e+00
5.625000000000000000e+00,0.000000000000000000e+00
5.628000000000000114e+00,0.000000000000000000e+00
5.631000000000000227e+00,0.000000000000000000e+00
5.634999999999999787e+00,0.000000000000000000e+00
5.637999999999999901e+00,0.000000000000000000e+00
5.642000000000000348e+00,0.000000000000000000e+00
5.644999999999999574e+00,0.000000000000000000e+00
5.647999999999999687e+00,0.000000000000000000e+00
5.652000000000000135e+00,0.000000000000000000e+00
5.655000000000000249e+00,0.000000000000000000e+00
5.658999999999999808e+00,0.000000000000000000e+00
5.661999999999999922e+00,0.000000000000000000e+00
5.665000000000000036e+00,0.000000000000000000e+00
5.668999999999999595e+00,0.000000000000000000e+00
5.671999999999999709e+00,0.000000000000000000e+00
5.676000000000000156e+00,0.000000000000000000e+00
5.679000000000000270e+00,0.000000000000000000e+00
5.682000000000000384e+00,0.000000000000000000e+00
5.685999999999999943e+00,0.000000000000000000e+00
5.689000000000000057e+00,0.000000000000000000e+00
5.692999999999999616e+00,0.000000000000000000e+00
5.695999999999999730e+00,0.000000000000000000e+00
5.698999999999999844e+00,0.000000000000000000e+00
5.703000000000000291e+00,0.000000000000000000e+00
5.706000000000000405e+00,0.000000000000000000e+00
5.709999999999999964e+00,0.000000000000000000e+00
5.713000000000000078e+00,0.000000000000000000e+00
5.716000000000000192e+00,0.000000000000000000e+00
5.719999999999999751e+00,0.000000000000000000e+00
5.722999999999999865e+00,0.000000000000000000e+00
5.727000000000000313e+00,0.000000000000000000e+00
5.730000000000000426e+00,0.000000000000000000e+00
5.732999999999999652e+00,0.000000000000000000e+00
5.737000000000000099e+00,0.000000000000000000e+00
5.740000000000000213e+00,0.000000000000000000e+00
5.743999999999999773e+00,0.000000000000000000e+00
5.746999999999999886e+00,0.000000000000000000e+00
5.750000000000000000e+00,0.000000000000000000e+00
5.753999999999999559e+00,0.000000000000000000e+00
5.756999999999999673e+00,0.000000000000000000e+00
5.761000000000000121e+00,0.000000000000000000e+00
5.764000000000000234e+00,0.000000000000000000e+00
5.767000000000000348e+00,0.000000000000000000e+00
5.770999999999999908e+00,0.000000000000000000e+00
5.774000000000000021e+00,0.000000000000000000e+00
5.777999999999999581e+00,0.000000000000000000e+00
5.780999999999999694e+00,0.000000000000000000e+00
5.783999999999999808e+00,0.000000000000000000e+00
5.788000000000000256e+00,0.000000000000000000e+00
5.791000000000000369e+00,0.000000000000000000e+00
5.794999999999999929e+00,0.000000000000000000e+00
5.798000000000000043e+00,0.000000000000000000e+00
5.801000000000000156e+00,0.000000000000000000e+00
5.804999999999999716e+00,0.000000000000000000e+00
5.807999999999999829e+00,0.000000000000000000e+00
5.812000000000000277e+00,0.000000000000000000e+00
5.815000000000000391e+00,0.000000000000000000e+00
5.817999999999999616e+00,0.000000000000000000e+00
5.822000000000000064e+00,0.000000000000000000e+00
5.825000000000000178e+00,0.000000000000000000e+00
5.828999999999999737e+00,0.000000000000000000e+00
5.831999999999999851e+00,0.000000000000000000e+00
5.834999999999999964e+00,0.000000000000000000e+00
5.839000000000000412e+00,0.000000000000000000e+00
5.841999999999999638e+00,0.000000000000000000e+00
5.846000000000000085e+00,0.000000000000000000e+00
5.849000000000000199e+00,0.000000000000000000e+00
5.852000000000000313e+00,0.000000000000000000e+00
5.855999999999999872e+00,0.000000000000000000e+00
5.858999999999999986e+00,0.000000000000000000e+00
5.863000000000000433e+00,0.000000000000000000e+00
5.865999999999999659e+00,0.000000000000000000e+00
5.868999999999999773e+00,0.000000000000000000e+00
5.873000000000000220e+00,0.000000000000000000e+00
5.876000000000000334e+00,0.000000000000000000e+00
5.879999999999999893e+00,0.000000000000000000e+00
5.883000000000000007e+00,0.000000000000000000e+00
5.886000000000000121e+00,0.000000000000000000e+00
5.889999999999999680e+00,0.000000000000000000e+00
5.892999999999999794e+00,0.000000000000000000e+00
5.897000000000000242e+00,0.000000000000000000e+00
5.900000000000000355e+00,0.000000000000000000e+00
5.902999999999999581e+00,0.000000000000000000e+00
5.907000000000000028e+00,0.000000000000000000e+00
5.910000000000000142e+00,0.000000000000000000e+00
5.913999999999999702e+00,0.000000000000000000e+00
5.916999999999999815e+00,0.000000000000000000e+00
5.919999999999999929e+00,0.000000000000000000e+00
5.924000000000000377e+00,0.000000000000000000e+00
5.926999999999999602e+00,0.000000000000000000e+00
5.931000000000000050e+00,0.000000000000000000e+00
5.934000000000000163e+00,0.000000000000000000e+00
5.937000000000000277e+00,0.000000000000000000e+00
5.940999999999999837e+00,0.000000000000000000e+00
5.943999999999999950e+00,0.000000000000000000e+00
5.948000000000000398e+00,0.000000000000000000e+00
5.950999999999999623e+00,0.000000000000000000e+00
5.953999999999999737e+00,0.000000000000000000e+00
5.958000000000000185e+00,0.000000000000000000e+00
5.961000000000000298e+00,0.000000000000000000e+00
5.964999999999999858e+00,0.000000000000000000e+00
5.967999999999999972e+00,0.000000000000000000e+00
5.971000000000000085e+00,0.000000000000000000e+00
5.974999999999999645e+00,0.000000000000000000e+00
5.977999999999999758e+00,0.000000000000000000e+00
5.982000000000000206e+00,0.000000000000000000e+00
5.985000000000000320e+00,0.000000000000000000e+00
5.988000000000000433e+00,0.000000000000000000e+00
5.991999999999999993e+00,0.000000000000000000e+00
5.995000000000000107e+00,0.000000000000000000e+00
5.998999999999999666e+00,0.000000000000000000e+00
6.001999999999999780e+00,0.000000000000000000e+00
6.004999999999999893e+00,0.000000000000000000e+00
6.009000000000000341e+00,0.000000000000000000e+00
6.011999999999999567e+00,0.000000000000000000e+00
6.016000000000000014e+00,0.000000000000000000e+00
6.019000000000000128e+00,0.000000000000000000e+00
6.022000000000000242e+00,0.000000000000000000e+00
6.025999999999999801e+00,0.000000000000000000e+00
6.028999999999999915e+00,0.000000000000000000e+00
6.033000000000000362e+00,0.000000000000000000e+00
6.035999999999999588e+00,0.000000000000000000e+00
6.038999999999999702e+00,0.000000000000000000e+00
6.043000000000000149e+00,0.000000000000000000e+00
6.046000000000000263e+00,0.000000000000000000e+00
6.049999999999999822e+00,0.000000000000000000e+00
6.052999999999999936e+00,0.000000000000000000e+00
6.056000000000000050e+00,0.000000000000000000e+00
6.059999999999999609e+00,0.000000000000000000e+00
6.062999999999999723e+00,0.000000000000000000e+00
6.067000000000000171e+00,0.000000000000000000e+00
6.070000000000000284e+00,0.000000000000000000e+00
6.073000000000000398e+00,0.000000000000000000e+00
6.076999999999999957e+00,0.000000000000000000e+00
6.080000000000000071e+00,0.000000000000000000e+00
6.083999999999999631e+00,0.000000000000000000e+00
6.086999999999999744e+00,0.000000000000000000e+00
6.089999999999999858e+00,0.000000000000000000e+00
6.094000000000000306e+00,0.000000000000000000e+00
6.097000000000000419e+00,0.000000000000000000e+00
6.100999999999999979e+00,0.000000000000000000e+00
6.104000000000000092e+00,0.000000000000000000e+00
6.107000000000000206e+00,0.000000000000000000e+00
6.110999999999999766e+00,0.000000000000000000e+00
6.113999999999999879e+00,0.000000000000000000e+00
6.118000000000000327e+00,0.000000000000000000e+00
6.121000000000000441e+00,0.000000000000000000e+00
6.123999999999999666e+00,0.000000000000000000e+00
6.128000000000000114e+00,0.000000000000000000e+00
6.131000000000000227e+00,0.000000000000000000e+00
6.134999999999999787e+00,0.000000000000000000e+00
6.137999999999999901e+00,0.000000000000000000e+00
6.141000000000000014e+00,0.000000000000000000e+00
6.144999999999999574e+00,0.000000000000000000e+00
6.147999999999999687e+00,0.000000000000000000e+00
6.152000000000000135e+00,0.000000000000000000e+00
6.155000000000000249e+00,0.000000000000000000e+00
6.158000000000000362e+00,0.000000000000000000e+00
6.161999999999999922e+00,0.000000000000000000e+00
6.165000000000000036e+00,0.000000000000000000e+00
6.168999999999999595e+00,0.000000000000000000e+00
6.171999999999999709e+00,0.000000000000000000e+00
6.174999999999999822e+00,0.000000000000000000e+00
6.179000000000000270e+00,0.000000000000000000e+00
6.182000000000000384e+00,0.000000000000000000e+00
6.185999999999999943e+00,0.000000000000000000e+00
6.189000000000000057e+00,0.000000000000000000e+00
6.192000000000000171e+00,0.000000000000000000e+00
6.195999999999999730e+00,0.000000000000000000e+00
6.198999999999999844e+00,0.000000000000000000e+00
6.203000000000000291e+00,0.000000000000000000e+00
6.206000000000000405e+00,0.000000000000000000e+00
6.208999999999999631e+00,0.000000000000000000e+00
6.213000000000000078e+00,0.000000000000000000e+00
6.216000000000000192e+00,0.000000000000000000e+00
6.219999999999999751e+00,0.000000000000000000e+00
6.222999999999999865e+00,0.000000000000000000e+00
6.225999999999999979e+00,0.000000000000000000e+00
6.230000000000000426e+00,0.000000000000000000e+00
6.232999999999999652e+00,0.000000000000000000e+00
6.237000000000000099e+00,0.000000000000000000e+00
6.240000000000000213e+00,0.000000000000000000e+00
6.243000000000000327e+00,0.000000000000000000e+00
6.246999999999999886e+00,0.000000000000000000e+00
6.250000000000000000e+00,0.000000000000000000e+00
6.253999999999999559e+00,0.000000000000000000e+00
6.256999999999999673e+00,0.000000000000000000e+00
6.259999999999999787e+00,0.000000000000000000e+00
6.264000000000000234e+00,0.000000000000000000e+00
6.267000000000000348e+00,0.000000000000000000e+00
6.270999999999999908e+00,0.000000000000000000e+00
6.274000000000000021e+00,0.000000000000000000e+00
6.277000000000000135e+00,0.000000000000000000e+00
6.280999999999999694e+00,0.000000000000000000e+00
6.283999999999999808e+00,0.000000000000000000e+00
6.288000000000000256e+00,0.000000000000000000e+00
6.291000000000000369e+00,0.000000000000000000e+00
6.293999999999999595e+00,0.000000000000000000e+00
6.298000000000000043e+00,0.000000000000000000e+00
6.301000000000000156e+00,0.000000000000000000e+00
6.304999999999999716e+00,0.000000000000000000e+00
6.307999999999999829e+00,0.000000000000000000e+00
6.310999999999999943e+00,0.000000000000000000e+00
6.315000000000000391e+00,0.000000000000000000e+00
6.317999999999999616e+00,0.000000000000000000e+00
6.322000000000000064e+00,0.000000000000000000e+00
6.325000000000000178e+00,0.000000000000000000e+00
6.328000000000000291e+00,0.000000000000000000e+00
6.331999999999999851e+00,0.000000000000000000e+00
6.334999999999999964e+00,0.000000000000000000e+00
6.339000000000000412e+00,0.000000000000000000e+00
6.341999999999999638e+00,0.000000000000000000e+00
6.344999999999999751e+00,0.000000000000000000e+00
6.349000000000000199e+00,0.000000000000000000e+00
6.352000000000000313e+00,0.000000000000000000e+00
6.355999999999999872e+00,0.000000000000000000e+00
6.358999999999999986e+00,0.000000000000000000e+00
6.362000000000000099e+00,0.000000000000000000e+00
6.365999999999999659e+00,0.000000000000000000e+00
6.368999999999999773e+00,0.000000000000000000e+00
6.373000000000000220e+00,0.000000000000000000e+00
6.376000000000000334e+00,0.000000000000000000e+00
6.378999999999999559e+00,0.000000000000000000e+00
6.383000000000000007e+00,0.000000000000000000e+00
6.386000000000000121e+00,0.000000000000000000e+00
6.389999999999999680e+00,0.000000000000000000e+00
6.392999999999999794e+00,0.000000000000000000e+00
6.395999999999999908e+00,0.000000000000000000e+00
6.400000000000000355e+00,0.000000000000000000e+00
6.402999999999999581e+00,0.000000000000000000e+00
6.407000000000000028e+00,0.000000000000000000e+00
6.410000000000000142e+00,0.000000000000000000e+00
6.413000000000000256e+00,0.000000000000000000e+00
6.416999999999999815e+00,0.000000000000000000e+00
6.419999999999999929e+00,0.000000000000000000e+00
6.424000000000000377e+00,0.000000000000000000e+00
6.426999999999999602e+00,0.000000000000000000e+00
6.429999999999999716e+00,0.000000000000000000e+00
6.434000000000000163e+00,0.000000000000000000e+00
6.437000000000000277e+00,0.000000000000000000e+00
6.440999999999999837e+00,0.000000000000000000e+00
6.443999999999999950e+00,0.000000000000000000e+00
6.447000000000000064e+00,0.000000000000000000e+00
6.450999999999999623e+00,0.000000000000000000e+00
6.453999999999999737e+00,0.000000000000000000e+00
6.458000000000000185e+00,0.000000000000000000e+00
6.461000000000000298e+00,0.000000000000000000e+00
6.464000000000000412e+00,0.000000000000000000e+00
6.467999999999999972e+00,0.000000000000000000e+00
6.471000000000000085e+00,0.000000000000000000e+00
6.474999999999999645e+00,0.000000000000000000e+00
6.477999999999999758e+00,0.000000000000000000e+00
6.480999999999999872e+00,0.000000000000000000e+00
6.485000000000000320e+00,0.000000000000000000e+00
6.488000000000000433e+00,0.000000000000000000e+00
6.491999999999999993e+00,0.000000000000000000e+00
6.495000000000000107e+00,0.000000000000000000e+00
6.498000000000000220e+00,0.000000000000000000e+00
6.501999999999999780e+00,0.000000000000000000e+00
6.504999999999999893e+00,0.000000000000000000e+00
6.509000000000000341e+00,0.000000000000000000e+00
6.511999999999999567e+00,0.000000000000000000e+00
6.514999999999999680e+00,0.000000000000000000e+00
6.519000000000000128e+00,0.000000000000000000e+00
6.522000000000000242e+00,0.000000000000000000e+00
6.525999999999999801e+00,0.000000000000000000e+00
6.528999999999999915e+00,0.000000000000000000e+00
6.532000000000000028e+00,0.000000000000000000e+00
6.535999999999999588e+00,0.000000000000000000e+00
6.538999999999999702e+00,0.000000000000000000e+00
6.543000000000000149e+00,0.000000000000000000e+00
6.546000000000000263e+00,0.000000000000000000e+00
6.549000000000000377e+00,0.000000000000000000e+00
6.552999999999999936e+00,0.000000000000000000e+00
6.556000000000000050e+00,0.000000000000000000e+00
6.559999999999999609e+00,0.000000000000000000e+00
6.562999999999999723e+00,0.000000000000000000e+00
6.565999999999999837e+00,0.000000000000000000e+00
6.570000000000000284e+00,0.000000000000000000e+00
6.573000000000000398e+00,0.000000000000000000e+00
6.576999999999999957e+00,0.000000000000000000e+00
6.580000000000000071e+00,0.000000000000000000e+00
6.583000000000000185e+00,0.000000000000000000e+00
6.586999999999999744e+00,0.000000000000000000e+00
6.589999999999999858e+00,0.000000000000000000e+00
6.594000000000000306e+00,0.000000000000000000e+00
6.597000000000000419e+00,0.000000000000000000e+00
6.599999999999999645e+00,0.000000000000000000e+00
6.604000000000000092e+00,0.000000000000000000e+00
6.607000000000000206e+00,0.000000000000000000e+00
6.610999999999999766e+00,0.000000000000000000e+00
6.613999999999999879e+00,0.000000000000000000e+00
6.616999999999999993e+00,0.000000000000000000e+00
6.621000000000000441e+00,0.000000000000000000e+00
6.623999999999999666e+00,0.000000000000000000e+00
6.628000000000000114e+00,0.000000000000000000e+00
6.631000000000000227e+00,0.000000000000000000e+00
6.634000000000000341e+00,0.000000000000000000e+00
6.637999999999999901e+00,0.000000000000000000e+00
6.641000000000000014e+00,0.000000000000000000e+00
6.644999999999999574e+00,0.000000000000000000e+00
6.647999999999999687e+00,0.000000000000000000e+00
6.650999999999999801e+00,0.000000000000000000e+00
6.655000000000000249e+00,0.000000000000000000e+00
6.658000000000000362e+00,0.000000000000000000e+00
6.661999999999999922e+00,0.000000000000000000e+00
6.665000000000000036e+00,0.000000000000000000e+00
6.668000000000000149e+00,0.000000000000000000e+00
6.671999999999999709e+00,0.000000000000000000e+00
6.674999999999999822e+00,0.000000000000000000e+00
6.679000000000000270e+00,0.000000000000000000e+00
6.682000000000000384e+00,0.000000000000000000e+00
6.684999999999999609e+00,0.000000000000000000e+00
6.689000000000000057e+00,0.000000000000000000e+00
6.692000000000000171e+00,0.000000000000000000e+00
6.695999999999999730e+00,0.000000000000000000e+00
6.698999999999999844e+00,0.000000000000000000e+00
6.701999999999999957e+00,0.000000000000000000e+00
6.706000000000000405e+00,0.000000000000000000e+00
6.708999999999999631e+00,0.000000000000000000e+00
6.713000000000000078e+00,0.000000000000000000e+00
6.716000000000000192e+00,0.000000000000000000e+00
6.719000000000000306e+00,0.000000000000000000e+00
6.722999999999999865e+00,0.000000000000000000e+00
6.725999999999999979e+00,0.000000000000000000e+00
6.730000000000000426e+00,0.000000000000000000e+00
6.732999999999999652e+00,0.000000000000000000e+00
6.735999999999999766e+00,0.000000000000000000e+00
6.740000000000000213e+00,0.000000000000000000e+00
6.743000000000000327e+00,0.000000000000000000e+00
6.746999999999999886e+00,0.000000000000000000e+00
6.750000000000000000e+00,0.000000000000000000e+00
6.753000000000000114e+00,0.000000000000000000e+00
6.756999999999999673e+00,0.000000000000000000e+00
6.759999999999999787e+00,0.000000000000000000e+00
6.764000000000000234e+00,0.000000000000000000e+00
6.767000000000000348e+00,0.000000000000000000e+00
6.769999999999999574e+00,0.000000000000000000e+00
6.774000000000000021e+00,0.000000000000000000e+00
6.777000000000000135e+00,0.000000000000000000e+00
6.780999999999999694e+00,0.000000000000000000e+00
6.783999999999999808e+00,0.000000000000000000e+00
6.786999999999999922e+00,0.000000000000000000e+00
6.791000000000000369e+00,0.000000000000000000e+00
6.793999999999999595e+00,0.000000000000000000e+00
6.798000000000000043e+00,0.000000000000000000e+00
6.801000000000000156e+00,0.000000000000000000e+00
6.804000000000000270e+00,0.000000000000000000e+00
6.807999999999999829e+00,0.000000000000000000e+00
6.810999999999999943e+00,0.000000000000000000e+00
6.815000000000000391e+00,0.000000000000000000e+00
6.817999999999999616e+00,0.000000000000000000e+00
6.820999999999999730e+00,0.000000000000000000e+00
6.825000000000000178e+00,0.000000000000000000e+00
6.828000000000000291e+00,0.000000000000000000e+00
6.831999999999999851e+00,0.000000000000000000e+00
6.834999999999999964e+00,0.000000000000000000e+00
6.838000000000000078e+00,0.000000000000000000e+00
6.841999999999999638e+00,0.000000000000000000e+00
6.844999999999999751e+00,0.000000000000000000e+00
6.849000000000000199e+00,0.000000000000000000e+00
6.852000000000000313e+00,0.000000000000000000e+00
6.855000000000000426e+00,0.000000000000000000e+00
6.858999999999999986e+00,0.000000000000000000e+00
6.862000000000000099e+00,0.000000000000000000e+00
6.865999999999999659e+00,0.000000000000000000e+00
6.868999999999999773e+00,0.000000000000000000e+00
6.871999999999999886e+00,0.000000000000000000e+00
6.876000000000000334e+00,0.000000000000000000e+00
6.878999999999999559e+00,0.000000000000000000e+00
6.883000000000000007e+00,0.000000000000000000e+00
6.886000000000000121e+00,0.000000000000000000e+00
6.889000000000000234e+00,0.000000000000000000e+00
6.892999999999999794e+00,0.000000000000000000e+00
6.895999999999999908e+00,0.000000000000000000e+00
6.900000000000000355e+00,0.000000000000000000e+00
6.902999999999999581e+00,0.000000000000000000e+00
6.905999999999999694e+00,0.000000000000000000e+00
6.910000000000000142e+00,0.000000000000000000e+00
6.913000000000000256e+00,0.000000000000000000e+00
6.916999999999999815e+00,0.000000000000000000e+00
6.919999999999999929e+00,0.000000000000000000e+00
6.923000000000000043e+00,0.000000000000000000e+00
6.926999999999999602e+00,0.000000000000000000e+00
6.929999999999999716e+00,0.000000000000000000e+00
6.934000000000000163e+00,0.000000000000000000e+00
6.937000000000000277e+00,0.000000000000000000e+00
6.940000000000000391e+00,0.000000000000000000e+00
6.943999999999999950e+00,0.000000000000000000e+00
6.947000000000000064e+00,0.000000000000000000e+00
6.950999999999999623e+00,0.000000000000000000e+00
6.953999999999999737e+00,0.000000000000000000e+00
6.956999999999999851e+00,0.000000000000000000e+00
6.961000000000000298e+00,0.000000000000000000e+00
6.964000000000000412e+00,0.000000000000000000e+00
6.967999999999999972e+00,0.000000000000000000e+00
6.971000000000000085e+00,0.000000000000000000e+00
6.974000000000000199e+00,0.000000000000000000e+00
6.977999999999999758e+00,0.000000000000000000e+00
6.980999999999999872e+00,0.000000000000000000e+00
6.985000000000000320e+00,0.000000000000000000e+00
6.988000000000000433e+00,0.000000000000000000e+00
6.990999999999999659e+00,0.000000000000000000e+00
6.995000000000000107e+00,0.000000000000000000e+00
6.998000000000000220e+00,0.000000000000000000e+00
7.001999999999999780e+00,0.000000000000000000e+00
7.004999999999999893e+00,0.000000000000000000e+00
7.008000000000000007e+00,0.000000000000000000e+00
7.011999999999999567e+00,0.000000000000000000e+00
7.014999999999999680e+00,0.000000000000000000e+00
7.019000000000000128e+00,0.000000000000000000e+00
7.022000000000000242e+00,0.000000000000000000e+00
7.025000000000000355e+00,0.000000000000000000e+00
7.028999999999999915e+00,0.000000000000000000e+00
7.032000000000000028e+00,0.000000000000000000e+00
7.035999999999999588e+00,0.000000000000000000e+00
7.038999999999999702e+00,0.000000000000000000e+00
7.041999999999999815e+00,0.000000000000000000e+00
7.046000000000000263e+00,0.000000000000000000e+00
7.049000000000000377e+00,0.000000000000000000e+00
7.052999999999999936e+00,0.000000000000000000e+00
7.056000000000000050e+00,0.000000000000000000e+00
7.059000000000000163e+00,0.000000000000000000e+00
7.062999999999999723e+00,0.000000000000000000e+00
7.065999999999999837e+00,0.000000000000000000e+00
7.070000000000000284e+00,0.000000000000000000e+00
7.073000000000000398e+00,0.000000000000000000e+00
7.075999999999999623e+00,0.000000000000000000e+00
7.080000000000000071e+00,0.000000000000000000e+00
7.083000000000000185e+00,0.000000000000000000e+00
7.086999999999999744e+00,0.000000000000000000e+00
7.089999999999999858e+00,0.000000000000000000e+00
7.092999999999999972e+00,0.000000000000000000e+00
7.097000000000000419e+00,0.000000000000000000e+00
7.099999999999999645e+00,0.000000000000000000e+00
7.104000000000000092e+00,0.000000000000000000e+00
7.107000000000000206e+00,0.000000000000000000e+00
7.110000000000000320e+00,0.000000000000000000e+00
7.113999999999999879e+00,0.000000000000000000e+00
7.116999999999999993e+00,0.000000000000000000e+00
7.121000000000000441e+00,0.000000000000000000e+00
7.123999999999999666e+00,0.000000000000000000e+00
7.126999999999999780e+00,0.000000000000000000e+00
7.131000000000000227e+00,0.000000000000000000e+00
7.134000000000000341e+00,0.000000000000000000e+00
7.137999999999999901e+00,0.000000000000000000e+00
7.141000000000000014e+00,0.000000000000000000e+00
7.144000000000000128e+00,0.000000000000000000e+00
7.147999999999999687e+00,0.000000000000000000e+00
7.150999999999999801e+00,0.000000000000000000e+00
