# wavelength_um, throughput
8.000000000000000444e-01,8.765076829034375500e-05
8.003320664132830276e-01,8.743998857347258134e-05
8.006641328265650115e-01,8.720445741306268169e-05
8.009961992398479946e-01,8.698413283567500156e-05
8.013282656531309778e-01,8.681601506633159523e-05
8.016603320664129617e-01,8.662967020253543675e-05
8.019923984796959449e-01,8.636257540959717824e-05
8.023244648929790390e-01,8.752859484898217106e-05
8.026565313062610230e-01,8.866020335303923634e-05
8.029885977195440061e-01,8.980790956223750135e-05
8.033206641328269892e-01,9.101216062147598779e-05
8.036527305461089732e-01,9.224085825473782513e-05
8.039847969593919563e-01,9.342890625598032162e-05
8.043168633726740513e-01,9.453140580189068676e-05
8.046489297859570344e-01,9.560655851077277869e-05
8.049809961992400176e-01,9.679042075016643782e-05
8.053130626125220015e-01,9.812562894244280392e-05
8.056451290258049847e-01,9.955739662039216433e-05
8.059771954390879678e-01,1.009652940583592392e-04
8.063092618523709509e-01,1.022370131504644046e-04
8.066413282656530459e-01,1.033801821094476825e-04
8.069733946789360290e-01,1.044149383984224782e-04
8.073054610922180130e-01,1.053651300672792720e-04
8.076375275055009961e-01,1.062717597554617763e-04
8.079695939187839793e-01,1.071779989495122692e-04
8.083016603320659632e-01,1.067853625294021432e-04
8.086337267453489464e-01,1.063711576135730602e-04
8.089657931586320405e-01,1.061498297733209662e-04
8.092978595719140245e-01,1.061334723094907342e-04
8.096299259851970076e-01,1.061837234827437760e-04
8.099619923984799907e-01,1.061101353974647639e-04
8.102940588117619747e-01,1.083586261446787034e-04
8.106261252250449578e-01,1.107418472586705596e-04
8.109581916383280520e-01,1.131069073904883741e-04
8.112902580516100359e-01,1.156202455657405199e-04
8.116223244648930191e-01,1.182566438971812615e-04
8.119543908781760022e-01,1.209125243835040641e-04
8.122864572914579862e-01,1.222638277187986715e-04
8.126185237047409693e-01,1.233282891181714566e-04
8.129505901180239524e-01,1.243400823778364507e-04
8.132826565313060474e-01,1.253408352261719595e-04
8.136147229445890305e-01,1.263906900472773086e-04
8.139467893578720137e-01,1.275446185569839780e-04
8.142788557711539976e-01,1.287398327927271691e-04
8.146109221844369808e-01,1.299226613181153210e-04
8.149429885977199639e-01,1.310161904421741771e-04
8.152750550110019478e-01,1.319400506875314431e-04
8.156071214242850420e-01,1.327842454549722870e-04
8.159391878375670260e-01,1.337261835699576830e-04
8.162712542508500091e-01,1.359430024006013607e-04
8.166033206641329922e-01,1.386188857474083278e-04
8.169353870774149762e-01,1.413982396649764129e-04
8.172674534906979593e-01,1.441709988550792930e-04
8.175995199039810535e-01,1.468176593582418480e-04
8.179315863172630374e-01,1.492137334982093105e-04
8.182636527305460206e-01,1.512366340271326754e-04
8.185957191438290037e-01,1.530503518826581096e-04
8.189277855571109876e-01,1.548649883742616933e-04
8.192598519703939708e-01,1.569871427128905297e-04
8.195919183836769539e-01,1.595133475764791160e-04
8.199239847969590489e-01,1.622511815605442976e-04
8.202560512102420320e-01,1.651373179327916807e-04
8.205881176235250152e-01,1.680679909060679082e-04
8.209201840368069991e-01,1.709144439868820193e-04
8.212522504500899823e-01,1.735578953314093726e-04
8.215843168633729654e-01,1.760307855009789115e-04
8.219163832766549493e-01,1.784511015640416443e-04
8.222484496899380435e-01,1.809328311067051262e-04
8.225805161032210266e-01,1.834530491790612209e-04
8.229125825165030106e-01,1.859106029352002888e-04
8.232446489297859937e-01,1.882171484215426518e-04
8.235767153430689769e-01,1.905246398504840868e-04
8.239087817563509608e-01,1.931247511829287968e-04
8.242408481696340550e-01,1.972517570217499324e-04
8.245729145829170381e-01,2.020674778793182856e-04
8.249049809961990221e-01,2.066513002787568807e-04
8.252370474094820052e-01,2.104671005833453257e-04
8.255691138227649883e-01,2.136517333475684128e-04
8.259011802360469723e-01,2.167816431937603071e-04
8.262332466493299554e-01,2.194739230461259473e-04
8.265653130626120504e-01,2.222933399192583844e-04
8.268973794758950335e-01,2.253184771865494298e-04
8.272294458891780167e-01,2.282330317464099933e-04
8.275615123024600006e-01,2.309356811625228815e-04
8.278935787157429838e-01,2.334626426318979541e-04
8.282256451290259669e-01,2.367699282730591508e-04
8.285577115423079508e-01,2.404784053880219493e-04
8.288897779555910450e-01,2.443050154870425833e-04
8.292218443688740281e-01,2.483886824186343450e-04
8.295539107821560121e-01,2.526641615848832694e-04
8.298859771954389952e-01,2.566330874115763843e-04
8.302180436087219784e-01,2.594663302299722455e-04
8.305501100220039623e-01,2.616847484133782921e-04
8.308821764352869454e-01,2.639695008981734364e-04
8.312142428485700396e-01,2.665050568961951092e-04
8.315463092618520236e-01,2.692808953054946688e-04
8.318783756751350067e-01,2.720552491607826058e-04
8.322104420884179898e-01,2.746372102474622825e-04
8.325425085016999738e-01,2.770283390235242786e-04
8.328745749149829569e-01,2.794511126985725928e-04
8.332066413282660511e-01,2.822127548704017022e-04
8.335387077415480350e-01,2.850862029779902516e-04
8.338707741548310182e-01,2.878800234498691234e-04
8.342028405681140013e-01,2.912225623526761421e-04
8.345349069813959852e-01,2.948904833050481266e-04
8.348669733946789684e-01,2.986434596365174525e-04
8.351990398079619515e-01,3.027603512140305772e-04
8.355311062212440465e-01,3.072455476647249209e-04
8.358631726345270296e-01,3.118768410604746770e-04
8.361952390478100128e-01,3.148539940056696335e-04
8.365273054610919967e-01,3.166093381929669889e-04
8.368593718743749799e-01,3.183685202342087105e-04
8.371914382876579630e-01,3.202536393572237919e-04
8.375235047009399469e-01,3.221701028535228859e-04
8.378555711142230411e-01,3.238786820433182446e-04
8.381876375275050250e-01,3.258767197829722201e-04
8.385197039407880082e-01,3.280800841577679022e-04
8.388517703540709913e-01,3.303047565540566128e-04
8.391838367673539745e-01,3.329133081092027586e-04
8.395159031806359584e-01,3.359915623145776076e-04
8.398479695939190526e-01,3.392593603422170150e-04
8.401800360072010365e-01,3.417038061295647440e-04
8.405121024204840197e-01,3.433751116941158549e-04
8.408441688337670028e-01,3.450388120203692248e-04
8.411762352470489867e-01,3.469670315453177362e-04
8.415083016603319699e-01,3.490462828472796607e-04
8.418403680736149530e-01,3.511109080818872099e-04
8.421724344868970480e-01,3.536964493484463334e-04
8.425045009001800311e-01,3.567442050523981145e-04
8.428365673134630143e-01,3.597574111308877889e-04
8.431686337267449982e-01,3.628986542650410236e-04
8.435007001400279814e-01,3.662086114675728384e-04
8.438327665533109645e-01,3.696008488403300959e-04
8.441648329665929484e-01,3.722374828991846497e-04
8.444968993798760426e-01,3.740025763104929952e-04
8.448289657931590257e-01,3.757258296443302713e-04
8.451610322064410097e-01,3.774232638873678981e-04
8.454930986197239928e-01,3.791160544308601354e-04
8.458251650330069760e-01,3.808243489381807432e-04
8.461572314462889599e-01,3.825678442636229861e-04
8.464892978595720541e-01,3.843608035266510726e-04
8.468213642728540380e-01,3.862073302503816856e-04
8.471534306861370212e-01,3.881013396552940331e-04
8.474854970994200043e-01,3.899963716983860301e-04
8.478175635127029874e-01,3.918056311323754809e-04
8.481496299259849714e-01,3.935375056599128775e-04
8.484816963392679545e-01,3.954162844143993094e-04
8.488137627525500495e-01,3.973783222422970713e-04
8.491458291658330326e-01,3.995708679107042678e-04
8.494778955791160158e-01,4.020493500849345921e-04
8.498099619923979997e-01,4.046502146935389310e-04
8.501420284056809828e-01,4.078013487900176005e-04
8.504740948189639660e-01,4.116561732107940595e-04
8.508061612322469491e-01,4.149824336914713450e-04
8.511382276455290441e-01,4.182422142985976234e-04
8.514702940588120272e-01,4.217399620644464138e-04
8.518023604720940112e-01,4.254664150070263523e-04
8.521344268853769943e-01,4.292608050001758867e-04
8.524664932986599775e-01,4.331913564434704766e-04
8.527985597119419614e-01,4.371231190765617982e-04
8.531306261252249445e-01,4.411759835162058991e-04
8.534626925385080387e-01,4.452501640456091358e-04
8.537947589517900226e-01,4.492677069978484963e-04
8.541268253650730058e-01,4.537949940823217615e-04
8.544588917783559889e-01,4.592770537880239623e-04
8.547909581916379729e-01,4.649307569576105340e-04
8.551230246049209560e-01,4.708692963026961452e-04
8.554550910182040502e-01,4.770504466562086230e-04
8.557871574314860341e-01,4.832867032563387772e-04
8.561192238447690173e-01,4.894183539174124485e-04
8.564512902580520004e-01,4.953022489582006079e-04
8.567833566713339843e-01,5.009847538954058464e-04
8.571154230846169675e-01,5.066316074928346909e-04
8.574474894978999506e-01,5.123102435662018001e-04
8.577795559111820456e-01,5.181688268514547668e-04
8.581116223244650287e-01,5.256656213779006609e-04
8.584436887377470127e-01,5.353266757811816958e-04
8.587757551510299958e-01,5.447544598945582494e-04
8.591078215643129790e-01,5.543080018324175653e-04
8.594398879775959621e-01,5.641005604860191381e-04
8.597719543908779460e-01,5.739097780937473621e-04
8.601040208041610402e-01,5.834205382446150780e-04
8.604360872174430241e-01,5.922967330244910096e-04
8.607681536307260073e-01,6.012191721945503442e-04
8.611002200440089904e-01,6.106874622152189559e-04
8.614322864572909744e-01,6.208833626022450215e-04
8.617643528705739575e-01,6.314346233678094647e-04
8.620964192838570517e-01,6.431990067374919722e-04
8.624284856971390356e-01,6.579852670427541574e-04
8.627605521104220188e-01,6.726553590013890308e-04
8.630926185237050019e-01,6.873570541599039775e-04
8.634246849369869858e-01,7.021910768424186175e-04
8.637567513502699690e-01,7.171090443091446319e-04
8.640888177635529521e-01,7.329136876121180363e-04
8.644208841768350471e-01,7.510282050239529402e-04
8.647529505901180302e-01,7.692492181648309885e-04
8.650850170034010134e-01,7.882228935358940279e-04
8.654170834166829973e-01,8.082861103154371975e-04
8.657491498299659805e-01,8.285121459260082546e-04
8.660812162432489636e-01,8.499065444101615817e-04
8.664132826565309475e-01,8.752153067449993436e-04
8.667453490698140417e-01,9.008117098202838820e-04
8.670774154830970248e-01,9.267714787876339504e-04
8.674094818963790088e-01,9.531329354397794374e-04
8.677415483096619919e-01,9.798517226686778367e-04
8.680736147229449751e-01,1.008373701786561280e-03
8.684056811362269590e-01,1.042417924148260431e-03
8.687377475495100532e-01,1.076604994161179047e-03
8.690698139627930363e-01,1.110755182043187761e-03
8.694018803760750203e-01,1.144845082071738965e-03
8.697339467893580034e-01,1.179098310818529286e-03
8.700660132026399873e-01,1.216093193136566540e-03
8.703980796159229705e-01,1.262243335271479115e-03
8.707301460292059536e-01,1.308958609313278041e-03
8.710622124424880486e-01,1.355753134672104537e-03
8.713942788557710317e-01,1.402352353185831431e-03
8.717263452690540149e-01,1.449509679060429282e-03
8.720584116823359988e-01,1.500693116481192088e-03
8.723904780956189819e-01,1.565032610428181582e-03
8.727225445089019651e-01,1.629152562921276247e-03
8.730546109221839490e-01,1.693168017887775566e-03
8.733866773354670432e-01,1.756556738945043005e-03
8.737187437487500263e-01,1.819710348912214433e-03
8.740508101620320103e-01,1.886030705507467462e-03
8.743828765753149934e-01,1.970380565648795039e-03
8.747149429885979766e-01,2.055832303281497197e-03
8.750470094018799605e-01,2.142120821383894456e-03
8.753790758151630547e-01,2.228960781433683702e-03
8.757111422284460378e-01,2.316550315898084720e-03
8.760432086417280217e-01,2.408611735597605136e-03
8.763752750550110049e-01,2.527586187046232738e-03
8.767073414682939880e-01,2.647974353363821698e-03
8.770394078815759720e-01,2.769891357758895879e-03
8.773714742948589551e-01,2.893841130513686959e-03
8.777035407081420493e-01,3.018971687572139483e-03
8.780356071214240332e-01,3.148490701961353510e-03
8.783676735347070164e-01,3.311890572954088313e-03
8.786997399479899995e-01,3.476109251148582196e-03
8.790318063612719834e-01,3.642459403856706992e-03
8.793638727745549666e-01,3.812031433102594600e-03
8.796959391878379497e-01,3.985707501658393437e-03
8.800280056011200447e-01,4.165487988515684942e-03
8.803600720144030278e-01,4.383394473638122305e-03
8.806921384276860110e-01,4.603202121939249311e-03
8.810242048409679949e-01,4.824071682987701205e-03
8.813562712542509781e-01,5.046800287130930734e-03
8.816883376675329620e-01,5.269862347768355069e-03
8.820204040808159451e-01,5.496191636701582180e-03
8.823524704940990393e-01,5.747715057121900555e-03
8.826845369073810232e-01,6.002042005523599774e-03
8.830166033206640064e-01,6.260340951676726662e-03
8.833486697339469895e-01,6.522418130964839113e-03
8.836807361472289735e-01,6.786792707230555194e-03
8.840128025605119566e-01,7.049643698884938171e-03
8.843448689737950508e-01,7.221371367008397497e-03
8.846769353870770347e-01,7.391724470323759663e-03
8.850090018003600179e-01,7.559557918834747606e-03
8.853410682136430010e-01,7.723292944903391299e-03
8.856731346269249849e-01,7.885969556046149714e-03
8.860052010402079681e-01,8.051154857519764868e-03
8.863372674534909512e-01,8.173553441798835431e-03
8.866693338667730462e-01,8.297193485617084321e-03
8.870014002800560293e-01,8.420504225014700111e-03
8.873334666933390125e-01,8.536912431583384281e-03
8.876655331066209964e-01,8.650299559370775576e-03
8.879975995199039795e-01,8.768420884997000023e-03
8.883296659331869627e-01,8.819637586647926381e-03
8.886617323464689466e-01,8.879714295300876123e-03
8.889937987597520408e-01,8.940449988546575813e-03
8.893258651730350239e-01,8.996525773842054680e-03
8.896579315863170079e-01,9.049156226387911062e-03
8.899899979995999910e-01,9.100008175149559494e-03
8.903220644128829742e-01,9.067500712020091364e-03
8.906541308261649581e-01,9.031749877638637486e-03
8.909861972394480523e-01,9.000344120973766127e-03
8.913182636527300362e-01,8.969631755714508811e-03
8.916503300660130193e-01,8.941594795140788907e-03
8.919823964792960025e-01,8.916809803750234270e-03
8.923144628925789856e-01,8.812916002889290001e-03
8.926465293058609696e-01,8.704260998376353933e-03
8.929785957191439527e-01,8.592267528541497681e-03
8.933106621324260477e-01,8.477060395572220616e-03
8.936427285457090308e-01,8.359743720501869313e-03
8.939747949589920140e-01,8.240404196452385394e-03
8.943068613722739979e-01,8.152497440815942645e-03
8.946389277855569810e-01,8.067405315678944505e-03
8.949709941988399642e-01,7.978963013678831012e-03
8.953030606121219481e-01,7.885995126162906321e-03
8.956351270254050423e-01,7.787305225038476143e-03
8.959671934386880254e-01,7.683738885137379911e-03
8.962992598519700094e-01,7.553729442671091969e-03
8.966313262652529925e-01,7.420637409220360615e-03
8.969633926785359757e-01,7.290380248014077108e-03
8.972954590918179596e-01,7.163695951282069048e-03
8.976275255051010538e-01,7.038072010969891046e-03
8.979595919183840369e-01,6.909629537809606342e-03
8.982916583316660208e-01,6.784372172719630584e-03
8.986237247449490040e-01,6.656418834841685249e-03
8.989557911582319871e-01,6.525749373348358265e-03
8.992878575715139711e-01,6.393641190075705430e-03
8.996199239847969542e-01,6.261618661987241978e-03
8.999519903980800484e-01,6.131062337083540391e-03
9.002840568113620323e-01,6.007746525024958845e-03
9.006161232246450155e-01,5.882918065312464639e-03
9.009481896379279986e-01,5.759414043334392524e-03
9.012802560512099825e-01,5.638607535235015504e-03
9.016123224644929657e-01,5.518723538150518623e-03
9.019443888777759488e-01,5.397233744926953868e-03
9.022764552910580438e-01,5.281833845566347510e-03
9.026085217043410269e-01,5.165122613939454252e-03
9.029405881176230109e-01,5.049473147701040270e-03
9.032726545309059940e-01,4.934124946095154278e-03
9.036047209441889771e-01,4.818641693151159110e-03
9.039367873574719603e-01,4.705753025472278819e-03
9.042688537707540553e-01,4.621593187083603178e-03
9.046009201840370384e-01,4.544137803880053846e-03
9.049329865973190223e-01,4.465695030522013297e-03
9.052650530106020055e-01,4.385244509753333242e-03
9.055971194238849886e-01,4.302888231634255552e-03
9.059291858371669726e-01,4.219594305760762318e-03
9.062612522504499557e-01,4.153599243722301028e-03
9.065933186637330499e-01,4.092345038245971331e-03
9.069253850770150338e-01,4.028553368945383614e-03
9.072574514902980169e-01,3.962000349942139746e-03
9.075895179035810001e-01,3.894407284278880287e-03
9.079215843168629840e-01,3.826373004134439853e-03
9.082536507301459672e-01,3.773037203354478140e-03
9.085857171434289503e-01,3.724546692021431932e-03
9.089177835567110453e-01,3.676339819712977873e-03
9.092498499699940284e-01,3.628821788292779967e-03
9.095819163832770116e-01,3.581973459702032531e-03
9.099139827965589955e-01,3.533715295516681645e-03
9.102460492098419786e-01,3.491597644660697150e-03
9.105781156231249618e-01,3.451106543103137341e-03
9.109101820364069457e-01,3.408691726540820279e-03
9.112422484496900399e-01,3.364550433765485342e-03
9.115743148629730230e-01,3.320458053577248630e-03
9.119063812762550070e-01,3.277663842247430757e-03
9.122384476895379901e-01,3.250865241317657181e-03
9.125705141028209733e-01,3.230780479835623428e-03
9.129025805161029572e-01,3.210648550266911438e-03
9.132346469293860514e-01,3.189876476825009941e-03
9.135667133426690345e-01,3.168845585506903807e-03
9.138987797559510184e-01,3.147853498674271517e-03
9.142308461692340016e-01,3.135797605232582864e-03
9.145629125825159855e-01,3.127753366053508729e-03
9.148949789957989687e-01,3.119321001639261196e-03
9.152270454090819518e-01,3.109892685795198359e-03
9.155591118223640468e-01,3.099968216430409006e-03
9.158911782356470299e-01,3.090365767854744063e-03
9.162232446489300131e-01,3.092255424632777642e-03
9.165553110622119970e-01,3.099827103648594793e-03
9.168873774754949801e-01,3.106467951535746373e-03
9.172194438887779633e-01,3.110730351464162814e-03
9.175515103020599472e-01,3.113265379700271701e-03
9.178835767153430414e-01,3.116195766364117121e-03
9.182156431286260245e-01,3.134565085814818540e-03
9.185477095419080085e-01,3.162412944254790539e-03
9.188797759551909916e-01,3.190883452133993266e-03
9.192118423684739748e-01,3.217778505216888421e-03
9.195439087817559587e-01,3.243198963776355252e-03
9.198759751950390529e-01,3.269350268466312409e-03
9.202080416083220360e-01,3.299764060973084823e-03
9.205401080216040199e-01,3.332911337273730245e-03
9.208721744348870031e-01,3.366620714429101238e-03
9.212042408481699862e-01,3.400815678951457297e-03
9.215363072614519702e-01,3.435623631759060926e-03
9.218683736747349533e-01,3.471158162609168981e-03
9.222004400880180475e-01,3.511438690787659685e-03
9.225325065013000314e-01,3.554883820259825342e-03
9.228645729145830146e-01,3.598418993260377955e-03
9.231966393278659977e-01,3.641797788346363019e-03
9.235287057411479816e-01,3.684833785111489048e-03
9.238607721544309648e-01,3.728468625087012073e-03
9.241928385677139479e-01,3.782918803910738023e-03
9.245249049809960429e-01,3.845051220788373633e-03
9.248569713942790260e-01,3.906594147872861737e-03
9.251890378075620092e-01,3.967181496433307836e-03
9.255211042208439931e-01,4.025570664455946010e-03
9.258531706341269762e-01,4.083852206236922300e-03
9.261852370474089602e-01,4.146913031844510870e-03
9.265173034606920544e-01,4.214141026144156525e-03
9.268493698739750375e-01,4.282275874718638985e-03
9.271814362872570214e-01,4.349087220721407909e-03
9.275135027005400046e-01,4.416007659808891990e-03
9.278455691138229877e-01,4.483070081049539066e-03
9.281776355271049717e-01,4.546271331599796399e-03
9.285097019403879548e-01,4.605824116747978154e-03
9.288417683536710490e-01,4.664853504219972254e-03
9.291738347669530329e-01,4.723455324957444301e-03
9.295059011802360160e-01,4.781729069859881956e-03
9.298379675935189992e-01,4.840583547301113149e-03
9.301700340068009831e-01,4.909750843067954042e-03
9.305021004200839663e-01,4.988622153976917870e-03
9.308341668333669494e-01,5.067619643079698637e-03
9.311662332466490444e-01,5.144268814057462516e-03
9.314982996599320275e-01,5.220197092010840992e-03
9.318303660732150107e-01,5.297884703401911470e-03
9.321624324864969946e-01,5.396890945232002586e-03
9.324944988997799777e-01,5.517480707489802808e-03
9.328265653130629609e-01,5.638338644394445473e-03
9.331586317263449448e-01,5.755930338403931860e-03
9.334906981396280390e-01,5.872485117837365938e-03
9.338227645529110221e-01,5.990348911272082473e-03
9.341548309661930061e-01,6.116917125009928985e-03
9.344868973794759892e-01,6.253144596394456800e-03
9.348189637927579732e-01,6.390690666383081614e-03
9.351510302060409563e-01,6.525666948137561797e-03
9.354830966193240505e-01,6.657407732033932338e-03
9.358151630326060344e-01,6.787958798383212158e-03
9.361472294458890175e-01,6.934181525203626448e-03
9.364792958591720007e-01,7.101340528765489116e-03
9.368113622724549838e-01,7.270791724499848542e-03
9.371434286857369678e-01,7.443767523173953383e-03
9.374754950990199509e-01,7.620168440008178411e-03
9.378075615123020459e-01,7.799652296507916110e-03
9.381396279255850290e-01,8.002003995572428904e-03
9.384716943388680122e-01,8.233547221546344552e-03
9.388037607521499961e-01,8.464570451113194796e-03
9.391358271654329792e-01,8.692840010106122825e-03
9.394678935787159624e-01,8.918608383009526616e-03
9.397999599919979463e-01,9.143378357379709775e-03
9.401320264052810405e-01,9.386507419109452535e-03
9.404640928185640236e-01,9.659396593131750960e-03
9.407961592318460076e-01,9.929466832236624740e-03
9.411282256451289907e-01,1.020191416435265244e-02
9.414602920584119738e-01,1.047702513437371447e-02
9.417923584716939578e-01,1.075276104125613523e-02
9.421244248849770520e-01,1.104919859914578473e-02
9.424564912982600351e-01,1.137912529665213550e-02
9.427885577115420190e-01,1.170905647916241181e-02
9.431206241248250022e-01,1.204207859615381501e-02
9.434526905381079853e-01,1.237809911278915827e-02
9.437847569513899693e-01,1.271402186327498518e-02
9.441168233646729524e-01,1.307526627441291805e-02
9.444488897779550474e-01,1.348418458062737579e-02
9.447809561912380305e-01,1.389895142773837217e-02
9.451130226045210136e-01,1.432420190298969685e-02
9.454450890178039968e-01,1.476222144756781339e-02
9.457771554310859807e-01,1.520771286492168979e-02
9.461092218443689639e-01,1.568002392502570314e-02
9.464412882576519470e-01,1.621140592969773711e-02
9.467733546709340420e-01,1.674273787330518917e-02
9.471054210842170251e-01,1.728342477314482456e-02
9.474374874974990091e-01,1.783579618551573570e-02
9.477695539107819922e-01,1.839018076883690636e-02
9.481016203240649753e-01,1.897542558383134501e-02
9.484336867373479585e-01,1.963975745089157482e-02
9.487657531506300534e-01,2.030214380378881842e-02
9.490978195639130366e-01,2.097569158728367772e-02
9.494298859771950205e-01,2.166632435046164304e-02
9.497619523904780037e-01,2.236514418264744924e-02
9.500940188037609868e-01,2.311098718009010899e-02
9.504260852170429708e-01,2.397437021170639032e-02
9.507581516303259539e-01,2.483732471721368171e-02
9.510902180436090481e-01,2.571200038803614363e-02
9.514222844568910320e-01,2.660524071159222834e-02
9.517543508701740151e-01,2.751103099419006590e-02
9.520864172834569983e-01,2.846891221061299826e-02
9.524184836967389822e-01,2.958833604708165088e-02
9.527505501100219654e-01,3.070111747540728644e-02
9.530826165233049485e-01,3.180611891453650336e-02
9.534146829365870435e-01,3.290961277952884206e-02
9.537467493498700266e-01,3.402155727798887586e-02
9.540788157631530098e-01,3.520017640033763773e-02
9.544108821764349937e-01,3.659394488032442772e-02
9.547429485897179768e-01,3.800294674992751170e-02
9.550750150030009600e-01,3.943289324185969558e-02
9.554070814162830549e-01,4.088601282097619610e-02
9.557391478295660381e-01,4.235462448610240183e-02
9.560712142428490212e-01,4.389944734270809917e-02
9.564032806561310052e-01,4.568948561265612912e-02
9.567353470694139883e-01,4.748038169991080498e-02
9.570674134826969714e-01,4.927148864526297023e-02
9.573994798959789554e-01,5.106265843046243341e-02
9.577315463092620496e-01,5.286888248668167312e-02
9.580636127225440335e-01,5.477520632156435143e-02
9.583956791358270166e-01,5.700299578199716916e-02
9.587277455491099998e-01,5.925746178130680830e-02
9.590598119623919837e-01,6.151803720762825251e-02
9.593918783756749669e-01,6.377442635992207343e-02
9.597239447889579500e-01,6.603486968536130541e-02
9.600560112022400450e-01,6.837673172412563061e-02
9.603880776155230281e-01,7.104545777087553637e-02
9.607201440288060112e-01,7.374094515148310602e-02
9.610522104420879952e-01,7.644821800582198013e-02
9.613842768553709783e-01,7.917529841307366367e-02
9.617163432686539615e-01,8.190304981316830213e-02
9.620484096819359454e-01,8.468229204813045030e-02
9.623804760952190396e-01,8.773830095273517371e-02
9.627125425085020227e-01,9.080030353267840026e-02
9.630446089217840067e-01,9.386931804795597967e-02
9.633766753350669898e-01,9.694362623955392333e-02
9.637087417483499729e-01,1.000506171874516181e-01
9.640408081616319569e-01,1.033023662754584404e-01
9.643728745749150510e-01,1.068686451785120783e-01
9.647049409881970350e-01,1.104569723625239558e-01
9.650370074014800181e-01,1.140016310854063408e-01
9.653690738147630013e-01,1.174711770681593076e-01
9.657011402280459844e-01,1.208939499050897953e-01
9.660332066413279684e-01,1.243246998848873269e-01
9.663652730546109515e-01,1.278744642998699554e-01
9.666973394678940457e-01,1.314646087875752656e-01
9.670294058811760296e-01,1.350933874311301686e-01
9.673614722944590127e-01,1.387527912351062542e-01
9.676935387077409967e-01,1.424152597615955251e-01
9.680256051210239798e-01,1.460323004623360621e-01
9.683576715343069630e-01,1.494160480566034122e-01
9.686897379475889469e-01,1.527413283974884683e-01
9.690218043608720411e-01,1.560878983687643551e-01
9.693538707741550242e-01,1.594850373666207854e-01
9.696859371874380074e-01,1.628955235210034214e-01
9.700180036007199913e-01,1.662481543054107891e-01
9.703500700140029744e-01,1.692459010183888779e-01
9.706821364272849584e-01,1.721661878398965395e-01
9.710142028405680525e-01,1.750437238637145287e-01
9.713462692538510357e-01,1.779179092940533502e-01
9.716783356671330196e-01,1.808215904349160241e-01
9.720104020804160028e-01,1.837649642927989546e-01
9.723424684936989859e-01,1.863265205305529026e-01
9.726745349069809699e-01,1.888961561397394795e-01
9.730066013202639530e-01,1.914130403153529170e-01
9.733386677335470472e-01,1.938398947639755621e-01
9.736707341468290311e-01,1.962202084378716627e-01
9.740028005601120142e-01,1.986143881409501710e-01
9.743348669733949974e-01,2.005007263425201414e-01
9.746669333866769813e-01,2.023815104680635191e-01
9.749989997999599645e-01,2.041659747814046078e-01
9.753310662132429476e-01,2.057948248127096647e-01
9.756631326265250426e-01,2.073441326080145419e-01
9.759951990398080257e-01,2.089270554654536760e-01
9.763272654530910089e-01,2.100371463512133718e-01
9.766593318663729928e-01,2.112074952119649962e-01
9.769913982796559759e-01,2.123595963797309805e-01
9.773234646929389591e-01,2.134308185380391076e-01
9.776555311062210540e-01,2.144708619523784665e-01
9.779875975195040372e-01,2.155597503128500181e-01
9.783196639327860211e-01,2.162221787567290832e-01
9.786517303460690043e-01,2.169196898488073566e-01
9.789837967593519874e-01,2.175831861571774217e-01
9.793158631726349705e-01,2.181432890126724089e-01
9.796479295859169545e-01,2.186359860381501818e-01
9.799799959992000487e-01,2.191371875533923430e-01
9.803120624124820326e-01,2.192881189570355660e-01
9.806441288257650157e-01,2.194628441989595335e-01
9.809761952390479989e-01,2.196312995206540497e-01
9.813082616523299828e-01,2.196707927147457939e-01
9.816403280656129660e-01,2.192800844475216171e-01
9.819723944788959491e-01,2.188222562197191245e-01
9.823044608921780441e-01,2.180819748800962576e-01
9.826365273054610272e-01,2.172965773712274840e-01
9.829685937187440103e-01,2.165928207782559511e-01
9.833006601320259943e-01,2.162248517533395809e-01
9.836327265453089774e-01,2.160917052974398456e-01
9.839647929585919606e-01,2.159173142342053209e-01
9.842968593718739445e-01,2.155069378420579884e-01
9.846289257851570387e-01,2.150289726667767298e-01
9.849609921984400218e-01,2.145865766087219628e-01
9.852930586117220058e-01,2.142464895236211031e-01
9.856251250250049889e-01,2.139620248335244446e-01
9.859571914382879720e-01,2.136472007428569519e-01
9.862892578515699560e-01,2.132064812161908740e-01
9.866213242648530501e-01,2.127234055825981129e-01
9.869533906781360333e-01,2.122965779286034027e-01
9.872854570914180172e-01,2.119954630616366631e-01
9.876175235047010004e-01,2.117499363244230437e-01
9.879495899179839835e-01,2.114374095642193307e-01
9.882816563312659675e-01,2.105684336071509677e-01
9.886137227445489506e-01,2.096052007107832571e-01
9.889457891578320448e-01,2.086199338194402453e-01
9.892778555711140287e-01,2.076852183926597706e-01
9.896099219843970118e-01,2.068222745621309533e-01
9.899419883976799950e-01,2.060239081667492866e-01
9.902740548109619789e-01,2.054065369578499389e-01
9.906061212242449621e-01,2.048209749282690062e-01
9.909381876375269460e-01,2.041552263913128940e-01
9.912702540508100402e-01,2.034591327459633892e-01
9.916023204640930233e-01,2.029171888799272128e-01
9.919343868773760065e-01,2.024352621261976959e-01
9.922664532906579904e-01,2.022479753366293598e-01
9.925985197039409735e-01,2.022089548616665677e-01
9.929305861172239567e-01,2.021749707029907861e-01
9.932626525305060516e-01,2.020429512864429511e-01
9.935947189437890348e-01,2.018514596757816915e-01
9.939267853570710187e-01,2.017481114924710439e-01
9.942588517703540019e-01,2.019026132694992648e-01
9.945909181836369850e-01,2.022212522767959375e-01
9.949229845969189689e-01,2.025058203643777532e-01
9.952550510102019521e-01,2.025295454015314245e-01
9.955871174234850463e-01,2.021567438240911008e-01
9.959191838367670302e-01,2.017483055944234160e-01
9.962512502500500133e-01,2.015177936525027746e-01
9.965833166633329965e-01,2.014329236941133361e-01
9.969153830766149804e-01,2.014837970403280110e-01
9.972474494898979636e-01,2.016830926806761903e-01
9.975795159031809467e-01,2.019254340242012391e-01
9.979115823164630417e-01,2.020578152627649504e-01
9.982436487297460248e-01,2.020402496648060764e-01
9.985757151430290079e-01,2.019120381291181210e-01
9.989077815563109919e-01,2.018517103672328450e-01
9.992398479695939750e-01,2.020492941827652933e-01
9.995719143828769582e-01,2.024553812253414853e-01
9.999039807961590531e-01,2.028671883194339831e-01
1.000236047209440038e+00,2.030966403940626663e-01
1.000568113622720023e+00,2.031584272621041742e-01
1.000900180036010001e+00,2.031735247570970182e-01
1.001232246449289987e+00,2.032518329138655877e-01
1.001564312862569972e+00,2.034135042951269734e-01
1.001896379275859950e+00,2.035710942123377942e-01
1.002228445689139935e+00,2.037865329182113328e-01
1.002560512102419921e+00,2.041928958889004664e-01
1.002892578515699906e+00,2.047926058727587983e-01
1.003224644928990106e+00,2.053558802976093445e-01
1.003556711342270091e+00,2.059099213638265480e-01
1.003888777755550077e+00,2.064581796262050239e-01
1.004220844168830062e+00,2.070380434842173656e-01
1.004552910582120040e+00,2.076489316843538602e-01
1.004884976995400026e+00,2.082791302887930518e-01
1.005217043408680011e+00,2.089115984557739780e-01
1.005549109821959997e+00,2.095492033255749453e-01
1.005881176235249974e+00,2.100065457882418773e-01
1.006213242648529960e+00,2.103851777866173334e-01
1.006545309061809945e+00,2.107521213685385197e-01
1.006877375475099923e+00,2.111472356748054779e-01
1.007209441888379908e+00,2.115925584529816106e-01
1.007541508301659894e+00,2.122166711865649535e-01
1.007873574714940101e+00,2.128480207862026297e-01
1.008205641128230079e+00,2.134230352188344060e-01
1.008537707541510065e+00,2.139495424255191958e-01
1.008869773954790050e+00,2.144583774070811522e-01
1.009201840368070036e+00,2.149764184143058143e-01
1.009533906781360013e+00,2.154989475669487342e-01
1.009865973194639999e+00,2.159983221772206474e-01
1.010198039607919984e+00,2.163987757523483657e-01
1.010530106021199970e+00,2.167567635687557281e-01
1.010862172434489947e+00,2.171970004723153824e-01
1.011194238847769933e+00,2.178300135103540813e-01
1.011526305261049918e+00,2.186177718760417554e-01
1.011858371674329904e+00,2.193678446041699148e-01
1.012190438087620104e+00,2.198504136116685714e-01
1.012522504500900089e+00,2.200861282770656679e-01
1.012854570914180075e+00,2.202548564653996344e-01
1.013186637327470052e+00,2.207021605189289082e-01
1.013518703740750038e+00,2.212784105530940515e-01
1.013850770154030023e+00,2.219297943157670649e-01
1.014182836567310009e+00,2.225330219270930943e-01
1.014514902980599986e+00,2.230675707892800230e-01
1.014846969393879972e+00,2.235662858383530849e-01
1.015179035807159957e+00,2.240446544245538463e-01
1.015511102220439943e+00,2.245026234312071378e-01
1.015843168633729920e+00,2.249430007912081309e-01
1.016175235047009906e+00,2.252887318151401974e-01
1.016507301460289892e+00,2.255500475009751260e-01
1.016839367873570099e+00,2.258008459034285542e-01
1.017171434286860077e+00,2.260697473523933798e-01
1.017503500700140062e+00,2.263636926352567691e-01
1.017835567113420048e+00,2.267169787640496148e-01
1.018167633526710025e+00,2.270967681075474753e-01
1.018499699939990011e+00,2.274647242535244585e-01
1.018831766353269996e+00,2.277970089455797764e-01
1.019163832766549982e+00,2.279628268747644348e-01
1.019495899179839959e+00,2.279920884709867313e-01
1.019827965593119945e+00,2.280207321428863454e-01
1.020160032006399931e+00,2.281385797604417731e-01
1.020492098419679916e+00,2.283802935900589859e-01
1.020824164832969894e+00,2.286780130730917682e-01
1.021156231246250101e+00,2.289454756670423197e-01
1.021488297659530087e+00,2.291309592747125812e-01
1.021820364072810072e+00,2.292790874867225992e-01
1.022152430486100050e+00,2.293864244286241416e-01
1.022484496899380035e+00,2.294384775918198172e-01
1.022816563312660021e+00,2.295076573922226748e-01
1.023148629725949998e+00,2.295967339781795347e-01
1.023480696139229984e+00,2.297035788787870347e-01
1.023812762552509970e+00,2.298235084744980061e-01
1.024144828965789955e+00,2.299167743483203075e-01
1.024476895379079933e+00,2.299394337040240044e-01
1.024808961792359918e+00,2.299308912923388182e-01
1.025141028205639904e+00,2.298534898672253690e-01
1.025473094618919889e+00,2.297207818132742663e-01
1.025805161032210089e+00,2.296062858330372991e-01
1.026137227445490074e+00,2.295605575000735921e-01
1.026469293858770060e+00,2.295978760185490575e-01
1.026801360272050045e+00,2.296321196706064827e-01
1.027133426685340023e+00,2.295719598515242321e-01
1.027465493098620009e+00,2.293721668736732888e-01
1.027797559511899994e+00,2.291196184272729364e-01
1.028129625925189972e+00,2.288969800964901213e-01
1.028461692338469957e+00,2.286837305545550147e-01
1.028793758751749943e+00,2.285164916610751273e-01
1.029125825165029928e+00,2.283586968670764383e-01
1.029457891578319906e+00,2.281909125531693672e-01
1.029789957991599891e+00,2.280173719577301694e-01
1.030122024404880099e+00,2.278299088521391069e-01
1.030454090818160084e+00,2.276123807347981975e-01
1.030786157231450062e+00,2.273634193016229876e-01
1.031118223644730048e+00,2.270576806443609652e-01
1.031450290058010033e+00,2.267044298584889039e-01
1.031782356471290019e+00,2.263636780079885669e-01
1.032114422884579996e+00,2.261015014613299012e-01
1.032446489297859982e+00,2.259036889940241599e-01
1.032778555711139967e+00,2.256970053206614757e-01
1.033110622124419953e+00,2.253948425499414099e-01
1.033442688537709930e+00,2.249811029365967052e-01
1.033774754950989916e+00,2.245507133456161875e-01
1.034106821364269901e+00,2.241920834531872242e-01
1.034438887777560101e+00,2.239657325923996856e-01
1.034770954190840087e+00,2.237141237012016948e-01
1.035103020604120072e+00,2.233706372349232860e-01
1.035435087017400058e+00,2.229408877469400141e-01
1.035767153430690035e+00,2.224841900834856889e-01
1.036099219843970021e+00,2.220796604253269246e-01
1.036431286257250006e+00,2.217899299063371688e-01
1.036763352670529992e+00,2.215400987075279993e-01
1.037095419083819969e+00,2.212808319577709293e-01
1.037427485497099955e+00,2.209880478492266820e-01
1.037759551910379940e+00,2.206903580030711298e-01
1.038091618323659926e+00,2.204158035669822324e-01
1.038423684736949903e+00,2.201826045011586186e-01
1.038755751150229889e+00,2.199322239874241802e-01
1.039087817563510097e+00,2.196327295504466037e-01
1.039419883976800074e+00,2.192728840504514221e-01
1.039751950390080060e+00,2.188894392049302029e-01
1.040084016803360045e+00,2.184977366307902791e-01
1.040416083216640031e+00,2.181609063514534097e-01
1.040748149629930008e+00,2.178945015981546274e-01
1.041080216043209994e+00,2.177708658404700071e-01
1.041412282456489979e+00,2.178113360437680390e-01
1.041744348869769965e+00,2.178958572505801938e-01
1.042076415283059942e+00,2.179749030148061539e-01
1.042408481696339928e+00,2.179729318493265899e-01
1.042740548109619914e+00,2.178611371697357357e-01
1.043072614522899899e+00,2.176946222104924333e-01
1.043404680936190099e+00,2.175184768731006080e-01
1.043736747349470084e+00,2.173267730997441582e-01
1.044068813762750070e+00,2.171661167963029049e-01
1.044400880176040047e+00,2.170939521027409891e-01
1.044732946589320033e+00,2.171022134044092722e-01
1.045065013002600018e+00,2.172372637368384651e-01
1.045397079415880004e+00,2.174914073400212866e-01
1.045729145829169981e+00,2.177344433791077727e-01
1.046061212242449967e+00,2.178287025102957630e-01
1.046393278655729953e+00,2.177447891072648856e-01
1.046725345069009938e+00,2.175759500916179812e-01
1.047057411482299916e+00,2.174855337442432313e-01
1.047389477895579901e+00,2.175685407901313539e-01
1.047721544308860109e+00,2.177556530353818576e-01
1.048053610722140094e+00,2.179623803485728206e-01
1.048385677135430072e+00,2.181613066260940648e-01
1.048717743548710057e+00,2.183103374013874998e-01
1.049049809961990043e+00,2.184270843212154090e-01
1.049381876375270028e+00,2.185427277735139118e-01
1.049713942788560006e+00,2.186314796963831353e-01
1.050046009201839992e+00,2.186938013816713544e-01
1.050378075615119977e+00,2.187744516459573796e-01
1.050710142028409955e+00,2.188717929297181453e-01
1.051042208441689940e+00,2.190341401020874101e-01
1.051374274854969926e+00,2.192825533148000383e-01
1.051706341268249911e+00,2.195647676895669531e-01
1.052038407681540111e+00,2.198201375836212057e-01
1.052370474094820096e+00,2.200550393884512235e-01
1.052702540508100082e+00,2.203015516543056773e-01
1.053034606921380067e+00,2.205930355883866933e-01
1.053366673334670045e+00,2.209670152575677615e-01
1.053698739747950031e+00,2.213961254104050702e-01
1.054030806161230016e+00,2.218544869851751256e-01
1.054362872574510002e+00,2.223217647296100441e-01
1.054694938987799979e+00,2.227574174383980532e-01
1.055027005401079965e+00,2.231650922894125311e-01
1.055359071814359950e+00,2.235272673104387320e-01
1.055691138227649928e+00,2.239183755461021663e-01
1.056023204640929913e+00,2.244018241957503323e-01
1.056355271054209899e+00,2.250295604514261361e-01
1.056687337467490106e+00,2.257073212672811025e-01
1.057019403880780084e+00,2.262412226762705314e-01
1.057351470294060070e+00,2.265516060380103613e-01
1.057683536707340055e+00,2.267751752196918158e-01
1.058015603120620041e+00,2.271148798741444430e-01
1.058347669533910018e+00,2.277065412944247469e-01
1.058679735947190004e+00,2.284522149361718490e-01
1.059011802360469989e+00,2.292339867997303104e-01
1.059343868773749975e+00,2.299548473547333716e-01
1.059675935187039952e+00,2.305736583394003558e-01
1.060008001600319938e+00,2.311031326310040435e-01
1.060340068013599923e+00,2.315489235830839043e-01
1.060672134426889901e+00,2.319471466404450788e-01
1.061004200840170109e+00,2.323108571525130950e-01
1.061336267253450094e+00,2.326429663106047707e-01
1.061668333666730080e+00,2.329979340126379084e-01
1.062000400080020057e+00,2.334237363123164710e-01
1.062332466493300043e+00,2.339082700761257738e-01
1.062664532906580028e+00,2.344136524132957589e-01
1.062996599319860014e+00,2.348141342544108889e-01
1.063328665733149991e+00,2.350634789628787968e-01
1.063660732146429977e+00,2.352342290241123124e-01
1.063992798559709962e+00,2.354559346387190555e-01
1.064324864972989948e+00,2.358076713912315159e-01
1.064656931386279926e+00,2.362580657280272944e-01
1.064988997799559911e+00,2.366916909717093620e-01
1.065321064212839897e+00,2.369864510642230582e-01
1.065653130626130096e+00,2.371778896460430830e-01
1.065985197039410082e+00,2.373425424841086040e-01
1.066317263452690067e+00,2.374953526507347368e-01
1.066649329865970053e+00,2.376831122567419352e-01
1.066981396279260030e+00,2.379050487456445262e-01
1.067313462692540016e+00,2.381532771455249775e-01
1.067645529105820001e+00,2.383978760907436434e-01
1.067977595519099987e+00,2.386045231957808765e-01
1.068309661932389965e+00,2.387050828877678721e-01
1.068641728345669950e+00,2.388036626838170862e-01
1.068973794758949936e+00,2.389372336079314540e-01
1.069305861172229921e+00,2.391439005707897136e-01
1.069637927585519899e+00,2.393867744466628422e-01
1.069969993998800106e+00,2.396049446105747716e-01
1.070302060412080092e+00,2.397154051064530333e-01
1.070634126825370069e+00,2.397872485070656201e-01
1.070966193238650055e+00,2.398680692700425610e-01
1.071298259651930040e+00,2.400120329570698263e-01
1.071630326065210026e+00,2.402103853331065686e-01
1.071962392478500004e+00,2.404296343237785627e-01
1.072294458891779989e+00,2.405690334300212285e-01
1.072626525305059975e+00,2.406846541303190867e-01
1.072958591718339960e+00,2.407726838315793760e-01
1.073290658131629938e+00,2.408355400707825056e-01
1.073622724544909923e+00,2.408732775932692916e-01
1.073954790958189909e+00,2.408923377543729094e-01
1.074286857371469894e+00,2.408086419662069932e-01
1.074618923784760094e+00,2.407070896444090946e-01
1.074950990198040079e+00,2.406088650449829947e-01
1.075283056611320065e+00,2.405419307914438420e-01
1.075615123024600051e+00,2.405192547634211753e-01
1.075947189437890028e+00,2.405210798364448288e-01
1.076279255851170014e+00,2.405096504202837715e-01
1.076611322264449999e+00,2.405164565880916760e-01
1.076943388677739977e+00,2.405414644912805266e-01
1.077275455091019962e+00,2.405744747111615012e-01
1.077607521504299948e+00,2.405797116868599872e-01
1.077939587917579933e+00,2.405084563148114640e-01
1.078271654330869911e+00,2.402869734217042141e-01
1.078603720744149896e+00,2.399801953756079409e-01
1.078935787157430104e+00,2.396602162263039015e-01
1.079267853570710090e+00,2.393974730810173035e-01
1.079599919984000067e+00,2.392097228908759698e-01
1.079931986397280053e+00,2.390716975669958666e-01
1.080264052810560038e+00,2.389198756168250670e-01
1.080596119223840024e+00,2.387641600299752476e-01
1.080928185637130001e+00,2.386019587493031502e-01
1.081260252050409987e+00,2.384339933757019525e-01
1.081592318463689972e+00,2.382941854354292399e-01
1.081924384876979950e+00,2.381566977896833748e-01
1.082256451290259935e+00,2.380538843754724521e-01
1.082588517703539921e+00,2.379614026329159304e-01
1.082920584116819906e+00,2.378563441010327073e-01
1.083252650530110106e+00,2.377238228181224045e-01
1.083584716943390092e+00,2.375740534454345576e-01
1.083916783356670077e+00,2.374316421846631164e-01
1.084248849769950063e+00,2.373140802811716521e-01
1.084580916183240040e+00,2.372072437351114838e-01
1.084912982596520026e+00,2.370805198838090710e-01
1.085245049009800011e+00,2.369095340638521507e-01
1.085577115423079997e+00,2.367207339456755266e-01
1.085909181836369974e+00,2.365643012493618136e-01
1.086241248249649960e+00,2.364793433097828745e-01
1.086573314662929945e+00,2.364397062454251519e-01
1.086905381076219923e+00,2.363834555105772950e-01
1.087237447489499909e+00,2.362546998596229408e-01
1.087569513902779894e+00,2.360678435622089177e-01
1.087901580316060102e+00,2.358773070161803431e-01
1.088233646729350079e+00,2.357377646380998948e-01
1.088565713142630065e+00,2.356284769694786119e-01
1.088897779555910050e+00,2.354990225590933017e-01
1.089229845969190036e+00,2.353213309520564289e-01
1.089561912382480013e+00,2.350600756628483945e-01
1.089893978795759999e+00,2.348075796707499163e-01
1.090226045209039984e+00,2.346245543583990734e-01
1.090558111622319970e+00,2.344940091777396318e-01
1.090890178035609948e+00,2.343617983760899470e-01
1.091222244448889933e+00,2.341907192592542208e-01
1.091554310862169919e+00,2.339947909247895863e-01
1.091886377275459896e+00,2.338206302672208026e-01
1.092218443688740104e+00,2.337193727043130609e-01
1.092550510102020089e+00,2.336858732158187124e-01
1.092882576515300075e+00,2.336832878521702683e-01
1.093214642928590052e+00,2.336565611266391007e-01
1.093546709341870038e+00,2.335704483330573733e-01
1.093878775755150023e+00,2.334428649893798280e-01
1.094210842168430009e+00,2.332795329477659052e-01
1.094542908581719987e+00,2.331024624940590539e-01
1.094874974994999972e+00,2.329698120543232664e-01
1.095207041408279958e+00,2.329370111521443798e-01
1.095539107821559943e+00,2.329641724327528030e-01
1.095871174234849921e+00,2.329562349933771148e-01
1.096203240648129906e+00,2.328167117039023903e-01
1.096535307061409892e+00,2.325425030004869276e-01
1.096867373474690099e+00,2.322258762664126674e-01
1.097199439887980077e+00,2.319720280188808936e-01
1.097531506301260062e+00,2.317907838530314513e-01
1.097863572714540048e+00,2.316619863376830624e-01
1.098195639127830026e+00,2.315659790761911418e-01
1.098527705541110011e+00,2.314693203623100215e-01
1.098859771954389997e+00,2.313663017991691717e-01
1.099191838367669982e+00,2.312289196008752434e-01
1.099523904780959960e+00,2.310763525919613259e-01
1.099855971194239945e+00,2.309105449726426840e-01
1.100188037607519931e+00,2.307530281589200705e-01
1.100520104020799916e+00,2.306263706497535260e-01
1.100852170434089894e+00,2.305896278334624294e-01
1.101184236847370101e+00,2.306349879451524976e-01
1.101516303260650087e+00,2.307321790488114643e-01
1.101848369673930073e+00,2.307518516952567766e-01
1.102180436087220050e+00,2.306065864179660252e-01
1.102512502500500036e+00,2.303380442511583914e-01
1.102844568913780021e+00,2.300915713353817449e-01
1.103176635327069999e+00,2.300110882609285312e-01
1.103508701740349984e+00,2.301122883109542328e-01
1.103840768153629970e+00,2.302671942139821737e-01
1.104172834566909955e+00,2.303548137612955460e-01
1.104504900980199933e+00,2.303089445458280926e-01
1.104836967393479918e+00,2.301541842024652229e-01
1.105169033806759904e+00,2.299811654986504694e-01
1.105501100220039890e+00,2.298523519103416179e-01
1.105833166633330089e+00,2.297969592364302316e-01
1.106165233046610075e+00,2.298646869253572755e-01
1.106497299459890060e+00,2.300540121285868933e-01
1.106829365873170046e+00,2.302474100085931397e-01
1.107161432286460023e+00,2.303503585303678103e-01
1.107493498699740009e+00,2.303665687326439671e-01
1.107825565113019994e+00,2.303707595208338843e-01
1.108157631526309972e+00,2.304522741488216897e-01
1.108489697939589957e+00,2.306148574930248774e-01
1.108821764352869943e+00,2.307666829705337097e-01
1.109153830766149929e+00,2.308356434348022290e-01
1.109485897179439906e+00,2.308282728293597486e-01
1.109817963592719892e+00,2.308361494569687311e-01
1.110150030006000099e+00,2.309694130371747756e-01
1.110482096419280085e+00,2.312181047105201781e-01
1.110814162832570062e+00,2.314929461500716268e-01
1.111146229245850048e+00,2.316908842024710258e-01
1.111478295659130033e+00,2.317973890730266606e-01
1.111810362072410019e+00,2.318848278108274485e-01
1.112142428485699996e+00,2.320464103517760057e-01
1.112474494898979982e+00,2.322542090518930902e-01
1.112806561312259968e+00,2.324524536851266254e-01
1.113138627725549945e+00,2.325769761787420120e-01
1.113470694138829931e+00,2.326349057565190448e-01
1.113802760552109916e+00,2.327129242938520137e-01
1.114134826965389902e+00,2.329184687804449760e-01
1.114466893378680101e+00,2.332788919263776295e-01
1.114798959791960087e+00,2.336966800362888785e-01
1.115131026205240072e+00,2.340818398293908198e-01
1.115463092618520058e+00,2.343848313357522195e-01
1.115795159031810035e+00,2.345969499461680874e-01
1.116127225445090021e+00,2.347003104537522533e-01
1.116459291858370007e+00,2.347562249326242412e-01
1.116791358271649992e+00,2.348400987760824454e-01
1.117123424684939970e+00,2.350521925627366282e-01
1.117455491098219955e+00,2.354210875013774129e-01
1.117787557511499941e+00,2.358695332128795952e-01
1.118119623924789918e+00,2.362902362681799651e-01
1.118451690338069904e+00,2.366376665595158191e-01
1.118783756751349889e+00,2.369157976073403560e-01
1.119115823164630097e+00,2.371343631277826325e-01
1.119447889577920074e+00,2.373146481291385224e-01
1.119779955991200060e+00,2.375023713105852419e-01
1.120112022404480046e+00,2.377082456206832395e-01
1.120444088817760031e+00,2.379717619127164063e-01
1.120776155231050009e+00,2.382790626307715043e-01
1.121108221644329994e+00,2.386105999746756523e-01
1.121440288057609980e+00,2.389557433713511425e-01
1.121772354470889965e+00,2.393179698911423459e-01
1.122104420884179943e+00,2.397031620182340783e-01
1.122436487297459928e+00,2.400804801631303553e-01
1.122768553710739914e+00,2.403572583164114707e-01
1.123100620124019899e+00,2.404444660885244611e-01
1.123432686537310099e+00,2.403642414279952289e-01
1.123764752950590085e+00,2.403009904751784720e-01
1.124096819363870070e+00,2.404727195679580709e-01
1.124428885777160048e+00,2.409542575683286669e-01
1.124760952190440033e+00,2.415684101536620665e-01
1.125093018603720019e+00,2.421164954529639035e-01
1.125425085017000004e+00,2.424928749811661455e-01
1.125757151430289982e+00,2.427577619276435617e-01
1.126089217843569967e+00,2.429912300126566282e-01
1.126421284256849953e+00,2.432525111155059150e-01
1.126753350670129938e+00,2.435482510684288115e-01
1.127085417083419916e+00,2.438863613515482864e-01
1.127417483496699901e+00,2.442566778226082091e-01
1.127749549909980109e+00,2.446178233433773941e-01
1.128081616323260095e+00,2.449203923783921100e-01
1.128413682736550072e+00,2.451312556053823200e-01
1.128745749149830058e+00,2.452761840478210054e-01
1.129077815563110043e+00,2.453700442363420386e-01
1.129409881976400021e+00,2.454620600911498751e-01
1.129741948389680006e+00,2.456141218514332480e-01
1.130074014802959992e+00,2.458895949394928060e-01
1.130406081216239977e+00,2.462942581046631274e-01
1.130738147629529955e+00,2.467387370552586445e-01
1.131070214042809940e+00,2.471115359350820051e-01
1.131402280456089926e+00,2.473609621864657493e-01
1.131734346869369912e+00,2.475602477612639796e-01
1.132066413282659889e+00,2.477924086382770064e-01
1.132398479695940097e+00,2.480852076447818133e-01
1.132730546109220082e+00,2.484063342975300070e-01
1.133062612522500068e+00,2.486945167798097212e-01
1.133394678935790045e+00,2.489191149008264103e-01
1.133726745349070031e+00,2.491157929503127200e-01
1.134058811762350016e+00,2.493207025432729873e-01
1.134390878175639994e+00,2.495349138701178360e-01
1.134722944588919979e+00,2.498020941387335825e-01
1.135055011002199965e+00,2.501211549663871492e-01
1.135387077415479951e+00,2.504696638217364102e-01
1.135719143828769928e+00,2.507709338913565178e-01
1.136051210242049914e+00,2.509631739912920878e-01
1.136383276655329899e+00,2.509820042144685903e-01
1.136715343068610107e+00,2.509806077574529004e-01
1.137047409481900084e+00,2.511211199524478466e-01
1.137379475895180070e+00,2.514846828909514942e-01
1.137711542308460055e+00,2.519386761248954554e-01
1.138043608721740041e+00,2.523098666312221239e-01
1.138375675135030018e+00,2.524737863005942495e-01
1.138707741548310004e+00,2.525708006406922057e-01
1.139039807961589990e+00,2.527387613921217024e-01
1.139371874374879967e+00,2.530753382719883593e-01
1.139703940788159953e+00,2.534559884034431887e-01
1.140036007201439938e+00,2.537410589473961808e-01
1.140368073614719924e+00,2.538240432317993012e-01
1.140700140028009901e+00,2.538282737144327839e-01
1.141032206441290109e+00,2.538501919741020796e-01
1.141364272854570094e+00,2.539880467895776484e-01
1.141696339267850080e+00,2.541253962253242626e-01
1.142028405681140057e+00,2.542167335329577060e-01
1.142360472094420043e+00,2.541928047916743316e-01
1.142692538507700029e+00,2.540796147947259609e-01
1.143024604920980014e+00,2.538890442530075120e-01
1.143356671334269992e+00,2.536143234588272288e-01
1.143688737747549977e+00,2.533494227917079678e-01
1.144020804160829963e+00,2.531873170883733870e-01
1.144352870574109948e+00,2.531446802134498242e-01
1.144684936987399926e+00,2.531698896627451179e-01
1.145017003400679911e+00,2.531517845128948840e-01
1.145349069813959897e+00,2.530090527288473834e-01
1.145681136227250096e+00,2.527709125292313397e-01
1.146013202640530082e+00,2.524606061313372507e-01
1.146345269053810068e+00,2.520590370948208037e-01
1.146677335467090053e+00,2.517169114959688092e-01
1.147009401880380031e+00,2.515108933291439475e-01
1.147341468293660016e+00,2.514986279672964398e-01
1.147673534706940002e+00,2.515752149941400950e-01
1.148005601120219987e+00,2.515994677142144864e-01
1.148337667533509965e+00,2.514419188403779759e-01
1.148669733946789950e+00,2.511687147948898358e-01
1.149001800360069936e+00,2.509857618163897630e-01
1.149333866773349921e+00,2.508791438193235246e-01
1.149665933186639899e+00,2.508404751753768314e-01
1.149997999599920107e+00,2.508484426495721231e-01
1.150330066013200092e+00,2.508244268924392228e-01
1.150662132426490070e+00,2.507534506461539525e-01
1.150994198839770055e+00,2.506358321331634276e-01
1.151326265253050041e+00,2.504314360098141568e-01
1.151658331666330026e+00,2.501923174635294900e-01
1.151990398079620004e+00,2.500266943391752927e-01
1.152322464492899989e+00,2.499965270854321020e-01
1.152654530906179975e+00,2.500216564970162980e-01
1.152986597319459960e+00,2.500058926245219415e-01
1.153318663732749938e+00,2.498984230094795089e-01
1.153650730146029924e+00,2.496849014513259912e-01
1.153982796559309909e+00,2.493638544524740819e-01
1.154314862972589895e+00,2.489622947586214441e-01
1.154646929385880094e+00,2.485756369825001533e-01
1.154978995799160080e+00,2.483251816827101721e-01
1.155311062212440065e+00,2.482600130298373842e-01
1.155643128625730043e+00,2.482623473227939248e-01
1.155975195039010028e+00,2.481872148481943374e-01
1.156307261452290014e+00,2.479056917306659003e-01
1.156639327865569999e+00,2.475116970819139506e-01
1.156971394278859977e+00,2.471504133608845855e-01
1.157303460692139963e+00,2.469051073136610264e-01
1.157635527105419948e+00,2.467551252512962812e-01
1.157967593518699934e+00,2.466626148089796633e-01
1.158299659931989911e+00,2.465306668137668411e-01
1.158631726345269897e+00,2.464203748231118818e-01
1.158963792758550104e+00,2.462568386534912113e-01
1.159295859171830090e+00,2.459785055644560514e-01
1.159627925585120067e+00,2.456271083493490326e-01
1.159959991998400053e+00,2.453333640202106924e-01
1.160292058411680038e+00,2.451672419454097029e-01
1.160624124824960024e+00,2.450768727963782978e-01
1.160956191238250002e+00,2.449996655155144420e-01
1.161288257651529987e+00,2.448584292519799810e-01
1.161620324064809973e+00,2.446689579330712516e-01
1.161952390478099950e+00,2.445225910458105056e-01
1.162284456891379936e+00,2.444672479085983341e-01
1.162616523304659921e+00,2.444965753920915474e-01
1.162948589717939907e+00,2.445259830709353988e-01
1.163280656131230106e+00,2.444812149338372043e-01
1.163612722544510092e+00,2.443498139036138217e-01
1.163944788957790077e+00,2.441611016782679333e-01
1.164276855371070063e+00,2.439032141888701766e-01
1.164608921784360041e+00,2.436343673504156870e-01
1.164940988197640026e+00,2.434077502379526081e-01
1.165273054610920012e+00,2.432625421689601219e-01
1.165605121024199997e+00,2.431496706960619980e-01
1.165937187437489975e+00,2.429345612316405056e-01
1.166269253850769960e+00,2.425819778233698765e-01
1.166601320264049946e+00,2.421311757373899309e-01
1.166933386677339923e+00,2.416987335277852866e-01
1.167265453090619909e+00,2.413907330193326428e-01
1.167597519503899894e+00,2.411561460343978891e-01
1.167929585917180102e+00,2.409549688543058954e-01
1.168261652330470080e+00,2.406938853841588954e-01
1.168593718743750065e+00,2.403546015808863401e-01
1.168925785157030051e+00,2.399387491905227432e-01
1.169257851570310036e+00,2.394460981006351352e-01
1.169589917983600014e+00,2.389008496699953354e-01
1.169921984396879999e+00,2.383155971426291209e-01
1.170254050810159985e+00,2.377480233163353218e-01
1.170586117223439970e+00,2.372247091524442020e-01
1.170918183636729948e+00,2.367742237264400806e-01
1.171250250050009933e+00,2.364162795799480687e-01
1.171582316463289919e+00,2.361176233056020146e-01
1.171914382876579896e+00,2.358222831933321773e-01
1.172246449289860104e+00,2.354886556826500110e-01
1.172578515703140090e+00,2.351238217022927901e-01
1.172910582116420075e+00,2.347707153232166943e-01
1.173242648529710053e+00,2.344807888570052123e-01
1.173574714942990038e+00,2.341969004421945444e-01
1.173906781356270024e+00,2.338982076950192890e-01
1.174238847769550009e+00,2.335461230542222044e-01
1.174570914182839987e+00,2.331962915891563071e-01
1.174902980596119972e+00,2.329492897107452720e-01
1.175235047009399958e+00,2.328423422722531166e-01
1.175567113422679943e+00,2.328536079841414252e-01
1.175899179835969921e+00,2.328434464584134000e-01
1.176231246249249907e+00,2.327321577736049807e-01
1.176563312662529892e+00,2.325295391063296468e-01
1.176895379075820092e+00,2.323167879214503573e-01
1.177227445489100077e+00,2.321737475691040553e-01
1.177559511902380063e+00,2.321053069806348346e-01
1.177891578315660048e+00,2.320747260990814187e-01
1.178223644728950026e+00,2.320774789935060034e-01
1.178555711142230011e+00,2.320748557718367022e-01
1.178887777555509997e+00,2.320378546782782547e-01
1.179219843968789982e+00,2.319792730025520000e-01
1.179551910382079960e+00,2.319102409029930867e-01
1.179883976795359946e+00,2.318395714783188788e-01
1.180216043208639931e+00,2.317786709504371379e-01
1.180548109621919917e+00,2.317412254018447748e-01
1.180880176035209894e+00,2.317648471057840720e-01
1.181212242448490102e+00,2.318777887966128881e-01
1.181544308861770087e+00,2.320214014896075372e-01
1.181876375275050073e+00,2.320603790439446923e-01
1.182208441688340050e+00,2.319201770443673760e-01
1.182540508101620036e+00,2.316535261532064183e-01
1.182872574514900021e+00,2.314389843894880117e-01
1.183204640928189999e+00,2.313690792077527369e-01
1.183536707341469985e+00,2.315151463537739318e-01
1.183868773754749970e+00,2.317570460807377997e-01
1.184200840168029956e+00,2.320162346861743830e-01
1.184532906581319933e+00,2.322533180491484772e-01
1.184864972994599919e+00,2.324367483291099323e-01
1.185197039407879904e+00,2.325649287825810596e-01
1.185529105821159890e+00,2.326610940723763121e-01
1.185861172234450089e+00,2.327653342495900890e-01
1.186193238647730075e+00,2.329328705511392039e-01
1.186525305061010060e+00,2.331616841612176305e-01
1.186857371474290046e+00,2.334190073083711459e-01
1.187189437887580024e+00,2.336857642085924391e-01
1.187521504300860009e+00,2.339373422050689821e-01
1.187853570714139995e+00,2.341788414325543521e-01
1.188185637127429972e+00,2.344215213903508288e-01
1.188517703540709958e+00,2.346180226108053601e-01
1.188849769953989943e+00,2.347913440827369413e-01
1.189181836367269929e+00,2.349499783996012725e-01
1.189513902780559906e+00,2.350787631712954462e-01
1.189845969193839892e+00,2.351460875263041428e-01
1.190178035607120099e+00,2.351560834693832980e-01
1.190510102020400085e+00,2.351816239160836874e-01
1.190842168433690063e+00,2.351414990489315016e-01
1.191174234846970048e+00,2.351478796759181866e-01
1.191506301260250034e+00,2.352059370384080583e-01
1.191838367673530019e+00,2.352783351464587669e-01
1.192170434086819997e+00,2.353423263159048762e-01
1.192502500500099982e+00,2.353686182447240760e-01
1.192834566913379968e+00,2.353644501544159273e-01
1.193166633326669945e+00,2.353483862823347594e-01
1.193498699739949931e+00,2.353309762606324018e-01
1.193830766153229916e+00,2.353498060611015352e-01
1.194162832566509902e+00,2.354634067655450858e-01
1.194494898979800102e+00,2.356483142737502701e-01
1.194826965393080087e+00,2.358181878805906129e-01
1.195159031806360073e+00,2.358620728133591637e-01
1.195491098219640058e+00,2.357943032219289026e-01
1.195823164632930036e+00,2.357278815842300257e-01
1.196155231046210021e+00,2.357831430625742519e-01
1.196487297459490007e+00,2.359555148422960991e-01
1.196819363872769992e+00,2.361502619655080348e-01
1.197151430286059970e+00,2.362572364506413392e-01
1.197483496699339955e+00,2.362735870466288468e-01
1.197815563112619941e+00,2.363045333422694183e-01
1.198147629525909919e+00,2.364622291866548265e-01
1.198479695939189904e+00,2.367100680453283479e-01
1.198811762352469890e+00,2.368698207508039832e-01
1.199143828765750097e+00,2.367935472954741105e-01
1.199475895179040075e+00,2.364941628265396500e-01
1.199807961592320060e+00,2.361688814658076951e-01
1.200140028005600046e+00,2.360168006365960802e-01
1.200472094418880031e+00,2.361174076734308680e-01
1.200804160832170009e+00,2.363715458655930024e-01
1.201136227245449994e+00,2.366788171496931881e-01
1.201468293658729980e+00,2.369735640560351186e-01
1.201800360072009966e+00,2.372323214846830952e-01
1.202132426485299943e+00,2.374592956328636928e-01
1.202464492898579929e+00,2.376109980818645884e-01
1.202796559311859914e+00,2.377936080127235896e-01
1.203128625725149892e+00,2.380274674614696329e-01
1.203460692138430099e+00,2.383612839025364416e-01
1.203792758551710085e+00,2.388857664295666594e-01
1.204124824964990070e+00,2.394637473603041244e-01
1.204456891378280048e+00,2.401238554627348198e-01
1.204788957791560033e+00,2.408330021058494030e-01
1.205121024204840019e+00,2.415835208135624912e-01
1.205453090618120005e+00,2.423505383225820209e-01
1.205785157031409982e+00,2.430883801124485988e-01
1.206117223444689968e+00,2.436099125465854276e-01
1.206449289857969953e+00,2.440171932064986726e-01
1.206781356271249939e+00,2.443719827438803893e-01
1.207113422684539916e+00,2.447350118622615700e-01
1.207445489097819902e+00,2.451436990323072607e-01
1.207777555511100109e+00,2.455928083770644310e-01
1.208109621924380095e+00,2.460745869745853132e-01
1.208441688337670072e+00,2.465954720780699216e-01
1.208773754750950058e+00,2.471158155605862883e-01
1.209105821164230044e+00,2.476060225695654593e-01
1.209437887577520021e+00,2.480381514440453405e-01
1.209769953990800007e+00,2.484351851226816177e-01
1.210102020404079992e+00,2.487170019572414181e-01
1.210434086817359978e+00,2.489568504290672057e-01
1.210766153230649955e+00,2.491188623102577326e-01
1.211098219643929941e+00,2.492580790082853659e-01
1.211430286057209926e+00,2.495015846405493620e-01
1.211762352470489912e+00,2.497652359611301776e-01
1.212094418883779889e+00,2.500082727109532721e-01
1.212426485297060097e+00,2.502375710710422196e-01
1.212758551710340083e+00,2.504676460569368324e-01
1.213090618123620068e+00,2.507485485130631631e-01
1.213422684536910046e+00,2.511574646839535019e-01
1.213754750950190031e+00,2.515734727843068064e-01
1.214086817363470017e+00,2.519286755742583539e-01
1.214418883776759994e+00,2.522352699668153897e-01
1.214750950190039980e+00,2.525914359897725170e-01
1.215083016603319965e+00,2.530960675784174052e-01
1.215415083016599951e+00,2.537579609007729053e-01
1.215747149429889928e+00,2.544117178097943799e-01
1.216079215843169914e+00,2.548704540403773366e-01
1.216411282256449899e+00,2.550697983482068665e-01
1.216743348669730107e+00,2.551851282554921663e-01
1.217075415083020085e+00,2.554091443375099968e-01
1.217407481496300070e+00,2.558282099177056068e-01
1.217739547909580056e+00,2.563381554686399166e-01
1.218071614322860041e+00,2.568034782251829573e-01
1.218403680736150019e+00,2.571443773834876101e-01
1.218735747149430004e+00,2.574823106510155113e-01
1.219067813562709990e+00,2.579772680934804829e-01
1.219399879975999967e+00,2.586395920916225166e-01
1.219731946389279953e+00,2.593244947229976782e-01
1.220064012802559938e+00,2.598595824369291929e-01
1.220396079215839924e+00,2.601654440991320039e-01
1.220728145629129902e+00,2.603881418983693963e-01
1.221060212042410109e+00,2.607006462889033815e-01
1.221392278455690095e+00,2.612224055098580910e-01
1.221724344868970080e+00,2.618317732159323175e-01
1.222056411282260058e+00,2.624004430751709083e-01
1.222388477695540043e+00,2.628345252977815627e-01
1.222720544108820029e+00,2.632028122073717946e-01
1.223052610522100014e+00,2.635679704835268145e-01
1.223384676935389992e+00,2.639685960031286638e-01
1.223716743348669977e+00,2.643857604615358348e-01
1.224048809761949963e+00,2.647897396600119024e-01
1.224380876175239941e+00,2.651728223851341770e-01
1.224712942588519926e+00,2.655933778886560015e-01
1.225045009001799912e+00,2.660340052056467952e-01
1.225377075415079897e+00,2.664855575467154902e-01
1.225709141828370097e+00,2.669734504339257852e-01
1.226041208241650082e+00,2.675034082001481184e-01
1.226373274654930068e+00,2.680519320430881924e-01
1.226705341068210053e+00,2.685539564234423193e-01
1.227037407481500031e+00,2.689103366981951959e-01
1.227369473894780016e+00,2.691269183593922310e-01
1.227701540308060002e+00,2.693318205065663440e-01
1.228033606721339988e+00,2.696730936127279543e-01
1.228365673134629965e+00,2.701851336029267303e-01
1.228697739547909951e+00,2.707301267325893934e-01
1.229029805961189936e+00,2.711305781128325321e-01
1.229361872374479914e+00,2.712797436263644779e-01
1.229693938787759899e+00,2.713375613843298506e-01
1.230026005201040107e+00,2.715144555733319809e-01
1.230358071614320092e+00,2.719341401759414190e-01
1.230690138027610070e+00,2.724658371748898134e-01
1.231022204440890055e+00,2.729288895539122017e-01
1.231354270854170041e+00,2.732119423800340452e-01
1.231686337267450027e+00,2.734136855923085530e-01
1.232018403680740004e+00,2.736922294346401663e-01
1.232350470094019990e+00,2.741414137033831855e-01
1.232682536507299975e+00,2.747771787156303991e-01
1.233014602920579961e+00,2.754421424712571453e-01
1.233346669333869938e+00,2.760498088742467382e-01
1.233678735747149924e+00,2.765936505569027704e-01
1.234010802160429909e+00,2.770929056437206328e-01
1.234342868573709895e+00,2.775509134182664317e-01
1.234674934987000094e+00,2.779615868427800507e-01
1.235007001400280080e+00,2.783785102763878250e-01
1.235339067813560066e+00,2.787700387787089285e-01
1.235671134226850043e+00,2.791565745004580545e-01
1.236003200640130029e+00,2.795354266772542839e-01
1.236335267053410014e+00,2.798159145739161358e-01
1.236667333466690000e+00,2.801291441487779865e-01
1.236999399879979977e+00,2.804726011805519503e-01
1.237331466293259963e+00,2.809084684287462275e-01
1.237663532706539948e+00,2.814312495876735154e-01
1.237995599119819934e+00,2.820110559508572923e-01
1.238327665533109911e+00,2.826167112265824399e-01
1.238659731946389897e+00,2.832611730468301281e-01
1.238991798359670105e+00,2.839428544913312202e-01
1.239323864772950090e+00,2.846476619095891780e-01
1.239655931186240068e+00,2.853065350044926007e-01
1.239987997599520053e+00,2.858384226973495479e-01
1.240320064012800039e+00,2.861839495478866735e-01
1.240652130426090016e+00,2.864562741809669744e-01
1.240984196839370002e+00,2.867383810241303510e-01
1.241316263252649987e+00,2.871007077850496469e-01
1.241648329665929973e+00,2.875485231508863038e-01
1.241980396079219950e+00,2.880591596692325118e-01
1.242312462492499936e+00,2.885774919325284071e-01
1.242644528905779922e+00,2.890674994927329156e-01
1.242976595319059907e+00,2.894992163268599872e-01
1.243308661732350107e+00,2.898354328651759904e-01
1.243640728145630092e+00,2.902750437839307085e-01
1.243972794558910078e+00,2.912941145493335160e-01
1.244304860972190063e+00,2.923691164732751258e-01
1.244636927385480041e+00,2.934674497990014119e-01
1.244968993798760026e+00,2.945513444910474177e-01
1.245301060212040012e+00,2.955668854152606606e-01
1.245633126625329989e+00,2.965909102224393301e-01
1.245965193038609975e+00,2.977192612500814128e-01
1.246297259451889961e+00,2.990360899078937651e-01
1.246629325865169946e+00,3.004357390838537367e-01
1.246961392278459924e+00,3.012317363996805386e-01
1.247293458691739909e+00,3.013308917703903522e-01
1.247625525105019895e+00,3.012614485236232431e-01
1.247957591518300102e+00,3.011958613054348533e-01
1.248289657931590080e+00,3.012437925560531027e-01
1.248621724344870065e+00,3.014176819579602040e-01
1.248953790758150051e+00,3.016398012119226868e-01
1.249285857171430036e+00,3.018349656849075302e-01
1.249617923584720014e+00,3.019782382367285356e-01
1.249949989998000000e+00,3.020635051299013218e-01
1.250282056411279985e+00,3.020823443803463682e-01
1.250614122824559971e+00,3.020916094370622584e-01
1.250946189237849948e+00,3.021661605217497160e-01
1.251278255651129934e+00,3.023642005178387993e-01
1.251610322064409919e+00,3.026355542035164548e-01
1.251942388477699897e+00,3.028655591662842150e-01
1.252274454890980104e+00,3.029575207662484337e-01
1.252606521304260090e+00,3.029782314650338315e-01
1.252938587717540075e+00,3.030948852280086481e-01
1.253270654130830053e+00,3.034676503559531335e-01
1.253602720544110039e+00,3.040380371886688970e-01
1.253934786957390024e+00,3.046300486163664445e-01
1.254266853370670010e+00,3.050490863742342240e-01
1.254598919783959987e+00,3.053441137993189169e-01
1.254930986197239973e+00,3.056740376282155447e-01
1.255263052610519958e+00,3.061915402606013581e-01
1.255595119023799944e+00,3.068070582825304093e-01
1.255927185437089921e+00,3.073155527924221198e-01
1.256259251850369907e+00,3.075271265552694255e-01
1.256591318263649892e+00,3.075465156763881880e-01
1.256923384676940092e+00,3.076046387177509556e-01
1.257255451090220078e+00,3.078886019823595110e-01
1.257587517503500063e+00,3.083564954932729307e-01
1.257919583916780049e+00,3.088519199994432252e-01
1.258251650330070026e+00,3.092124349158935082e-01
1.258583716743350012e+00,3.094347614417721215e-01
1.258915783156629997e+00,3.095839954261238036e-01
1.259247849569909983e+00,3.097193157918775031e-01
1.259579915983199960e+00,3.098468028738231017e-01
1.259911982396479946e+00,3.098996905786728928e-01
1.260244048809759931e+00,3.098155947556058276e-01
1.260576115223039917e+00,3.095193198471730134e-01
1.260908181636329894e+00,3.090317772202138547e-01
1.261240248049610102e+00,3.084141545156930397e-01
1.261572314462890088e+00,3.077111574160766305e-01
1.261904380876180065e+00,3.069307855523714101e-01
1.262236447289460051e+00,3.060429498123061753e-01
1.262568513702740036e+00,3.050883182009892503e-01
1.262900580116020022e+00,3.041275827492687100e-01
1.263232646529309999e+00,3.031833467995905251e-01
1.263564712942589985e+00,3.021932148901259052e-01
1.263896779355869970e+00,3.010533005117678740e-01
1.264228845769149956e+00,2.997287099084242623e-01
1.264560912182439933e+00,2.983424637776175836e-01
1.264892978595719919e+00,2.970944908437126997e-01
1.265225045008999905e+00,2.961495115253873767e-01
1.265557111422279890e+00,2.954408232973960713e-01
1.265889177835570090e+00,2.947751874164560304e-01
1.266221244248850075e+00,2.939813771310152979e-01
1.266553310662130061e+00,2.930945334423127879e-01
1.266885377075420038e+00,2.922967861975764303e-01
1.267217443488700024e+00,2.926140468132819583e-01
1.267549509901980009e+00,2.931758771088971427e-01
1.267881576315259995e+00,2.938676421066849231e-01
1.268213642728549972e+00,2.945995947693735295e-01
1.268545709141829958e+00,2.952948968139055275e-01
1.268877775555109944e+00,2.958519188201101380e-01
1.269209841968389929e+00,2.957683586141033882e-01
1.269541908381679907e+00,2.952265823516298515e-01
1.269873974794959892e+00,2.947448312504935553e-01
1.270206041208240100e+00,2.944974902661499638e-01
1.270538107621520085e+00,2.945805040788856966e-01
1.270870174034810063e+00,2.949493965522230754e-01
1.271202240448090048e+00,2.954301763569545658e-01
1.271534306861370034e+00,2.958987059277233822e-01
1.271866373274660011e+00,2.962986990585974034e-01
1.272198439687939997e+00,2.966948050837803774e-01
1.272530506101219983e+00,2.970704829831288252e-01
1.272862572514499968e+00,2.973229039127327500e-01
1.273194638927789946e+00,2.973484807047324652e-01
1.273526705341069931e+00,2.971862768355020834e-01
1.273858771754349917e+00,2.968523592805935030e-01
1.274190838167629902e+00,2.965367472735978005e-01
1.274522904580920102e+00,2.963658420424506446e-01
1.274854970994200087e+00,2.962512698483988904e-01
1.275187037407480073e+00,2.961031950159406789e-01
1.275519103820760058e+00,2.958873547265709059e-01
1.275851170234050036e+00,2.956138106754298001e-01
1.276183236647330022e+00,2.952996974654987228e-01
1.276515303060610007e+00,2.948943965705136949e-01
1.276847369473889993e+00,2.942943630155538948e-01
1.277179435887179970e+00,2.934088274328153778e-01
1.277511502300459956e+00,2.922768414697149431e-01
1.277843568713739941e+00,2.910389405025260445e-01
1.278175635127029919e+00,2.898809478525189998e-01
1.278507701540309904e+00,2.891288190510714062e-01
1.278839767953589890e+00,2.884440586613620239e-01
1.279171834366870097e+00,2.876812913163689367e-01
1.279503900780160075e+00,2.868430235716404320e-01
1.279835967193440061e+00,2.859059745088206594e-01
1.280168033606720046e+00,2.848496239214174941e-01
1.280500100020000032e+00,2.837104772826258281e-01
1.280832166433290009e+00,2.825784568450975809e-01
1.281164232846569995e+00,2.815667138245174228e-01
1.281496299259849980e+00,2.807161281796188845e-01
1.281828365673129966e+00,2.799884614499394964e-01
1.282160432086419943e+00,2.793288477900711109e-01
1.282492498499699929e+00,2.786839296832286927e-01
1.282824564912979914e+00,2.780315096390111873e-01
1.283156631326269892e+00,2.773587111627456303e-01
1.283488697739550100e+00,2.766737822315402662e-01
1.283820764152830085e+00,2.760008173987247848e-01
1.284152830566110071e+00,2.753747345044539885e-01
1.284484896979400048e+00,2.748264801868313678e-01
1.284816963392680034e+00,2.743779511141222760e-01
1.285149029805960019e+00,2.740602812658873844e-01
1.285481096219240005e+00,2.738391411630803907e-01
1.285813162632529982e+00,2.736146999184694284e-01
1.286145229045809968e+00,2.733238791315662497e-01
1.286477295459089953e+00,2.729463225769581669e-01
1.286809361872369939e+00,2.725220654032852186e-01
1.287141428285659916e+00,2.721076762801824533e-01
1.287473494698939902e+00,2.717351942245411767e-01
1.287805561112220110e+00,2.714105248501815781e-01
1.288137627525510087e+00,2.711484605144217075e-01
1.288469693938790073e+00,2.709488532231984492e-01
1.288801760352070058e+00,2.707882892873360037e-01
1.289133826765350044e+00,2.706564293485891892e-01
1.289465893178640021e+00,2.705430895035459415e-01
1.289797959591920007e+00,2.704337700379442211e-01
1.290130026005199992e+00,2.702964030836940701e-01
1.290462092418479978e+00,2.701222933833699047e-01
1.290794158831769955e+00,2.699556312169915651e-01
1.291126225245049941e+00,2.698518918453614024e-01
1.291458291658329927e+00,2.698381372966456859e-01
1.291790358071609912e+00,2.698738457817519421e-01
1.292122424484899890e+00,2.699196750975643710e-01
1.292454490898180097e+00,2.699490429527297564e-01
1.292786557311460083e+00,2.699671611024420104e-01
1.293118623724740068e+00,2.699783250376956989e-01
1.293450690138030046e+00,2.699971375841473398e-01
1.293782756551310031e+00,2.700795324983015222e-01
1.294114822964590017e+00,2.702825508158138157e-01
1.294446889377879994e+00,2.691346620318284533e-01
1.294778955791159980e+00,2.673606366536933066e-01
1.295111022204439966e+00,2.653669141971085610e-01
1.295443088617719951e+00,2.630451299959540856e-01
1.295775155031009929e+00,2.607023234396926292e-01
1.296107221444289914e+00,2.584560390977115873e-01
1.296439287857569900e+00,2.563826061070823559e-01
1.296771354270850107e+00,2.543526615257230561e-01
1.297103420684140085e+00,2.522199048204850635e-01
1.297435487097420070e+00,2.499342053815021558e-01
1.297767553510700056e+00,2.476210027228802624e-01
1.298099619923980041e+00,2.454393559821637927e-01
1.298431686337270019e+00,2.434637609571668471e-01
1.298763752750550005e+00,2.415893655260056283e-01
1.299095819163829990e+00,2.397116573132507256e-01
1.299427885577119968e+00,2.377728050036710394e-01
1.299759951990399953e+00,2.357707250057685389e-01
1.300092018403679939e+00,2.337172116801348731e-01
1.300424084816959924e+00,2.316546042101030600e-01
1.300756151230249902e+00,2.296373860862264416e-01
1.301088217643530109e+00,2.277439425009125940e-01
1.301420284056810095e+00,2.259961597386992982e-01
1.301752350470090080e+00,2.259538011974613625e-01
1.302084416883380058e+00,2.260406623903543355e-01
1.302416483296660044e+00,2.261668134427708421e-01
1.302748549709940029e+00,2.263019455529637902e-01
1.303080616123220015e+00,2.263346201253087220e-01
1.303412682536509992e+00,2.263639460494024647e-01
1.303744748949789978e+00,2.263821507241070285e-01
1.304076815363069963e+00,2.264730224930655289e-01
1.304408881776359941e+00,2.266813386443244371e-01
1.304740948189639926e+00,2.269810317582222625e-01
1.305073014602919912e+00,2.273603744920607572e-01
1.305405081016199897e+00,2.277251507383896700e-01
1.305737147429490097e+00,2.280775443258847845e-01
1.306069213842770083e+00,2.283918783508633865e-01
1.306401280256050068e+00,2.286736630774655887e-01
1.306733346669330054e+00,2.289513296229709893e-01
1.307065413082620031e+00,2.292481413965807013e-01
1.307397479495900017e+00,2.295739683159427336e-01
1.307729545909180002e+00,2.299291546645856887e-01
1.308061612322459988e+00,2.302968780131581517e-01
1.308393678735749965e+00,2.306736601401339348e-01
1.308725745149029951e+00,2.310831561096065023e-01
1.309057811562309936e+00,2.315375450318176154e-01
1.309389877975599914e+00,2.320309459285558040e-01
1.309721944388879900e+00,2.324700474099652692e-01
1.310054010802160107e+00,2.328054287552805968e-01
1.310386077215440093e+00,2.330117499529523739e-01
1.310718143628730070e+00,2.331779287014059121e-01
1.311050210042010056e+00,2.334268049820336643e-01
1.311382276455290041e+00,2.337985272450461283e-01
1.311714342868570027e+00,2.342566018090506408e-01
1.312046409281860004e+00,2.347085791505206520e-01
1.312378475695139990e+00,2.350839940556848917e-01
1.312710542108419975e+00,2.353972489617458530e-01
1.313042608521699961e+00,2.356168714770418837e-01
1.313374674934989939e+00,2.357746828640858716e-01
1.313706741348269924e+00,2.358821829302335249e-01
1.314038807761549910e+00,2.359636759335465850e-01
1.314370874174829895e+00,2.360620369501094107e-01
1.314702940588120095e+00,2.361997790151997567e-01
1.315035007001400080e+00,2.364272889991506366e-01
1.315367073414680066e+00,2.367909430794328807e-01
1.315699139827970043e+00,2.372286894983436922e-01
1.316031206241250029e+00,2.376779712185538851e-01
1.316363272654530014e+00,2.380935296113709521e-01
1.316695339067810000e+00,2.384380598276778229e-01
1.317027405481099978e+00,2.387691547811594539e-01
1.317359471894379963e+00,2.390312590938636350e-01
1.317691538307659949e+00,2.393165507999920616e-01
1.318023604720939934e+00,2.397111251496008011e-01
1.318355671134229912e+00,2.402461734778230384e-01
1.318687737547509897e+00,2.408919819118590933e-01
1.319019803960790105e+00,2.415061809218996547e-01
1.319351870374070090e+00,2.420217368223734067e-01
1.319683936787360068e+00,2.424742069911192399e-01
1.320016003200640053e+00,2.429149222388158058e-01
1.320348069613920039e+00,2.433723686965244826e-01
1.320680136027210017e+00,2.438485207511131847e-01
1.321012202440490002e+00,2.442920880858515942e-01
1.321344268853769988e+00,2.447028013983798544e-01
1.321676335267049973e+00,2.451240735888783884e-01
1.322008401680339951e+00,2.456110939650227865e-01
1.322340468093619936e+00,2.461891208468221515e-01
1.322672534506899922e+00,2.467923061491022474e-01
1.323004600920179907e+00,2.473221484540205350e-01
1.323336667333470107e+00,2.477105460517633750e-01
1.323668733746750092e+00,2.480135067024903106e-01
1.324000800160030078e+00,2.483174131089402326e-01
1.324332866573310064e+00,2.486686762144184604e-01
1.324664932986600041e+00,2.490956292776191350e-01
1.324996999399880027e+00,2.495177577862166818e-01
1.325329065813160012e+00,2.499351230037039906e-01
1.325661132226449990e+00,2.503111054771185451e-01
1.325993198639729975e+00,2.505985734505492002e-01
1.326325265053009961e+00,2.508034015507152326e-01
1.326657331466289946e+00,2.509758207026325794e-01
1.326989397879579924e+00,2.512033377960574687e-01
1.327321464292859909e+00,2.515342858856695063e-01
1.327653530706139895e+00,2.519063672752580030e-01
1.327985597119420103e+00,2.522267827312766886e-01
1.328317663532710080e+00,2.524122820758809560e-01
1.328649729945990066e+00,2.525103195624976427e-01
1.328981796359270051e+00,2.526354728504487945e-01
1.329313862772550037e+00,2.528263005870478586e-01
1.329645929185840014e+00,2.530752720824416824e-01
1.329977995599120000e+00,2.534234008133745553e-01
1.330310062012399985e+00,2.537976248529547063e-01
1.330642128425689963e+00,2.542571813225080191e-01
1.330974194838969948e+00,2.547231613954454299e-01
1.331306261252249934e+00,2.551815166281238834e-01
1.331638327665529919e+00,2.556617376189743163e-01
1.331970394078819897e+00,2.561420438078674811e-01
1.332302460492100105e+00,2.566409101614958166e-01
1.332634526905380090e+00,2.571638859134749988e-01
1.332966593318660076e+00,2.577316702001417603e-01
1.333298659731950053e+00,2.583604603803503763e-01
1.333630726145230039e+00,2.590370527345752238e-01
1.333962792558510024e+00,2.597345591651586960e-01
1.334294858971790010e+00,2.604070675060305429e-01
1.334626925385079987e+00,2.610502732939256609e-01
1.334958991798359973e+00,2.616586763071301336e-01
1.335291058211639958e+00,2.622356494379729508e-01
1.335623124624929936e+00,2.627864116910766379e-01
1.335955191038209922e+00,2.633151156249001756e-01
1.336287257451489907e+00,2.637784111917256258e-01
1.336619323864769893e+00,2.642320321554808560e-01
1.336951390278060092e+00,2.646762150822792869e-01
1.337283456691340078e+00,2.651134486113609356e-01
1.337615523104620063e+00,2.655765103381440562e-01
1.337947589517900049e+00,2.659306144748359579e-01
1.338279655931190026e+00,2.662510479208913261e-01
1.338611722344470012e+00,2.665072553580360437e-01
1.338943788757749997e+00,2.667538181806136111e-01
1.339275855171029983e+00,2.670629562962082426e-01
1.339607921584319961e+00,2.673732832429522310e-01
1.339939987997599946e+00,2.676378329362345543e-01
1.340272054410879932e+00,2.677968872341098816e-01
1.340604120824159917e+00,2.679002378658630890e-01
1.340936187237449895e+00,2.680410859964827419e-01
1.341268253650730102e+00,2.682924749486789162e-01
1.341600320064010088e+00,2.686346286956345919e-01
1.341932386477300065e+00,2.690603071440876848e-01
1.342264452890580051e+00,2.694525921041010519e-01
1.342596519303860036e+00,2.698437587252368597e-01
1.342928585717140022e+00,2.702258488802435910e-01
1.343260652130430000e+00,2.705163677239753039e-01
1.343592718543709985e+00,2.707973253998011698e-01
1.343924784956989971e+00,2.710658860406236492e-01
1.344256851370269956e+00,2.713759354743201513e-01
1.344588917783559934e+00,2.717495016085453297e-01
1.344920984196839919e+00,2.721915475254811367e-01
1.345253050610119905e+00,2.727178976950065947e-01
1.345585117023399890e+00,2.732510444084741974e-01
1.345917183436690090e+00,2.737312823948846452e-01
1.346249249849970075e+00,2.740704431119169171e-01
1.346581316263250061e+00,2.742974627054688974e-01
1.346913382676540039e+00,2.745066321990873859e-01
1.347245449089820024e+00,2.748084966603253632e-01
1.347577515503100010e+00,2.751561615045178266e-01
1.347909581916379995e+00,2.755516245458595748e-01
1.348241648329669973e+00,2.759401038652227189e-01
1.348573714742949958e+00,2.763140836586133742e-01
1.348905781156229944e+00,2.766976062677719561e-01
1.349237847569509929e+00,2.770586589229696028e-01
1.349569913982799907e+00,2.774194217560386755e-01
1.349901980396079892e+00,2.776319639895570290e-01
1.350234046809360100e+00,2.776918216467569311e-01
1.350566113222640086e+00,2.776404476187662729e-01
1.350898179635930063e+00,2.774905128904120999e-01
1.351230246049210049e+00,2.773607104698748160e-01
1.351562312462490034e+00,2.773101371666397141e-01
1.351894378875780012e+00,2.773985672522907286e-01
1.352226445289059997e+00,2.776742674158764190e-01
1.352558511702339983e+00,2.780556359365731200e-01
1.352890578115619968e+00,2.783249333650298918e-01
1.353222644528909946e+00,2.783087814311745456e-01
1.353554710942189931e+00,2.780849199571887032e-01
1.353886777355469917e+00,2.778932638925703524e-01
1.354218843768749903e+00,2.779303014741758004e-01
1.354550910182040102e+00,2.781889960433279740e-01
1.354882976595320088e+00,2.785551647811659315e-01
1.355215043008600073e+00,2.788765660023353465e-01
1.355547109421880059e+00,2.792337888973165372e-01
1.355879175835170036e+00,2.796157698015521720e-01
1.356211242248450022e+00,2.800274277518056132e-01
1.356543308661730007e+00,2.804788471614146905e-01
1.356875375075019985e+00,2.808999713520856645e-01
1.357207441488299970e+00,2.812094104499563985e-01
1.357539507901579956e+00,2.814701452950220673e-01
1.357871574314859942e+00,2.817429456803567378e-01
1.358203640728149919e+00,2.821208417731548845e-01
1.358535707141429905e+00,2.826458370017493338e-01
1.358867773554709890e+00,2.830688400205690902e-01
1.359199839967990098e+00,2.833411518128131634e-01
1.359531906381280075e+00,2.833725006918894618e-01
1.359863972794560061e+00,2.832271255271147092e-01
1.360196039207840046e+00,2.829997564073622462e-01
1.360528105621120032e+00,2.827687465850066695e-01
1.360860172034410009e+00,2.826250417926561287e-01
1.361192238447689995e+00,2.827058196524068756e-01
1.361524304860969981e+00,2.829477026730261580e-01
1.361856371274249966e+00,2.832385684797728564e-01
1.362188437687539944e+00,2.834718023400206732e-01
1.362520504100819929e+00,2.835620601669681107e-01
1.362852570514099915e+00,2.835147733624597266e-01
1.363184636927389892e+00,2.835480413479344319e-01
1.363516703340670100e+00,2.836919050833573430e-01
1.363848769753950085e+00,2.839147506945028376e-01
1.364180836167230071e+00,2.841940375140744046e-01
1.364512902580520048e+00,2.845060047126576341e-01
1.364844968993800034e+00,2.847796690615412296e-01
1.365177035407080020e+00,2.851075360387694269e-01
1.365509101820360005e+00,2.854256753232258803e-01
1.365841168233649983e+00,2.857220898080566340e-01
1.366173234646929968e+00,2.860630480483596361e-01
1.366505301060209954e+00,2.864328496467954399e-01
1.366837367473489939e+00,2.869313917601761799e-01
1.367169433886779917e+00,2.876159137372177876e-01
1.367501500300059902e+00,2.884318806365434584e-01
1.367833566713340110e+00,2.892362784555253530e-01
1.368165633126630087e+00,2.899446628423015815e-01
1.368497699539910073e+00,2.905428412296510721e-01
1.368829765953190059e+00,2.912674648021478796e-01
1.369161832366470044e+00,2.921781737533094558e-01
1.369493898779760022e+00,2.932534048581932895e-01
1.369825965193040007e+00,2.943581890324541428e-01
1.370158031606319993e+00,2.953004759223447628e-01
1.370490098019599978e+00,2.961268252667393353e-01
1.370822164432889956e+00,2.970411889803180605e-01
1.371154230846169941e+00,2.982380503275445238e-01
1.371486297259449927e+00,2.996989094214351224e-01
1.371818363672729912e+00,3.011655838862163370e-01
1.372150430086019890e+00,3.022978234119973462e-01
1.372482496499300098e+00,3.030519430863427011e-01
1.372814562912580083e+00,3.036785470530398712e-01
1.373146629325870061e+00,3.044430653953616450e-01
1.373478695739150046e+00,3.054547778786024237e-01
1.373810762152430032e+00,3.066422805610315439e-01
1.374142828565710017e+00,3.079961542990042878e-01
1.374474894978999995e+00,3.093989732847409191e-01
1.374806961392279980e+00,3.109119337334315669e-01
1.375139027805559966e+00,3.123577151613587954e-01
1.375471094218839951e+00,3.136749482067748285e-01
1.375803160632129929e+00,3.151282725594092837e-01
1.376135227045409914e+00,3.167251894814679947e-01
1.376467293458689900e+00,3.185103064316217591e-01
1.376799359871970108e+00,3.202668528437130346e-01
1.377131426285260085e+00,3.217759942832925102e-01
1.377463492698540071e+00,3.230097551523354316e-01
1.377795559111820056e+00,3.241872634467340974e-01
1.378127625525110034e+00,3.255126818024421387e-01
1.378459691938390019e+00,3.270221042557859281e-01
1.378791758351670005e+00,3.285202392715102504e-01
1.379123824764949990e+00,3.298602735943180764e-01
1.379455891178239968e+00,3.310147844323189648e-01
1.379787957591519953e+00,3.319354942542128706e-01
1.380120024004799939e+00,3.326480453601471377e-01
1.380452090418079925e+00,3.330604310009384617e-01
1.380784156831369902e+00,3.333678605031538678e-01
1.381116223244650110e+00,3.335845767449381882e-01
1.381448289657930095e+00,3.336978831166531601e-01
1.381780356071210081e+00,3.338569861922408011e-01
1.382112422484500058e+00,3.338962029172632406e-01
1.382444488897780044e+00,3.340065734160138633e-01
1.382776555311060029e+00,3.340531138876822181e-01
1.383108621724340015e+00,3.339272488533787664e-01
1.383440688137629992e+00,3.337408787606239713e-01
1.383772754550909978e+00,3.335179094395815946e-01
1.384104820964189964e+00,3.333545302997063531e-01
1.384436887377479941e+00,3.332771580133260803e-01
1.384768953790759927e+00,3.332526884631076269e-01
1.385101020204039912e+00,3.332480699034123806e-01
1.385433086617319898e+00,3.332633693134386954e-01
1.385765153030610097e+00,3.332749751945130456e-01
1.386097219443890083e+00,3.332875771458365111e-01
1.386429285857170068e+00,3.332938731149883704e-01
1.386761352270450054e+00,3.332741746880377720e-01
1.387093418683740031e+00,3.332026165850416333e-01
1.387425485097020017e+00,3.330666949426281387e-01
1.387757551510300003e+00,3.330549098923100693e-01
1.388089617923579988e+00,3.330290767904252047e-01
1.388421684336869966e+00,3.330064828182447978e-01
1.388753750750149951e+00,3.329879240297171639e-01
1.389085817163429937e+00,3.329691232984595128e-01
1.389417883576719914e+00,3.329751153114607343e-01
1.389749949989999900e+00,3.330538098228771338e-01
1.390082016403280107e+00,3.332578151040396786e-01
1.390414082816560093e+00,3.335832716690098065e-01
1.390746149229850070e+00,3.338919962786339735e-01
1.391078215643130056e+00,3.340414147719468763e-01
1.391410282056410042e+00,3.339886299289582805e-01
1.391742348469690027e+00,3.338921238635170208e-01
1.392074414882980005e+00,3.339347709774733719e-01
1.392406481296259990e+00,3.341825231609377722e-01
1.392738547709539976e+00,3.344083290283844101e-01
1.393070614122819961e+00,3.343876892225165487e-01
1.393402680536109939e+00,3.341856986250767436e-01
1.393734746949389924e+00,3.338840214997045308e-01
1.394066813362669910e+00,3.336004223164817928e-01
1.394398879775960109e+00,3.333981450983085626e-01
1.394730946189240095e+00,3.333071036281869404e-01
1.395063012602520081e+00,3.333478414331242368e-01
1.395395079015800066e+00,3.334880065020337514e-01
1.395727145429090044e+00,3.335737461781472235e-01
1.396059211842370029e+00,3.334380706641166259e-01
1.396391278255650015e+00,3.330413292933114278e-01
1.396723344668930000e+00,3.325957504509630680e-01
1.397055411082219978e+00,3.323692044614835472e-01
1.397387477495499963e+00,3.324930899592849487e-01
1.397719543908779949e+00,3.325443366371946263e-01
1.398051610322059934e+00,3.324092080111892278e-01
1.398383676735349912e+00,3.319822450120109569e-01
1.398715743148629898e+00,3.314199785009466215e-01
1.399047809561910105e+00,3.309338072016731469e-01
1.399379875975190091e+00,3.306328710490880618e-01
1.399711942388480068e+00,3.303522380760877120e-01
1.400044008801760054e+00,3.298820710868615724e-01
1.400376075215040039e+00,3.291034213089199523e-01
1.400708141628330017e+00,3.281357490810841160e-01
1.401040208041610002e+00,3.271551401654633207e-01
1.401372274454889988e+00,3.262983511458656949e-01
1.401704340868169973e+00,3.255929536178421846e-01
1.402036407281459951e+00,3.250437853143512412e-01
1.402368473694739937e+00,3.246288156888728071e-01
1.402700540108019922e+00,3.242285248352571592e-01
1.403032606521299908e+00,3.237170888685049763e-01
1.403364672934590107e+00,3.230191784470278771e-01
1.403696739347870093e+00,3.222014034050297293e-01
1.404028805761150078e+00,3.213432041628312419e-01
1.404360872174430064e+00,3.205143693065957700e-01
1.404692938587720041e+00,3.196649042678210706e-01
1.405025005001000027e+00,3.187840052373234756e-01
1.405357071414280012e+00,3.179146939481147238e-01
1.405689137827569990e+00,3.171107442853856595e-01
1.406021204240849976e+00,3.164226424902927270e-01
1.406353270654129961e+00,3.158444032275832258e-01
1.406685337067409947e+00,3.153246215876481795e-01
1.407017403480699924e+00,3.148199080745895939e-01
1.407349469893979910e+00,3.142846212829312202e-01
1.407681536307259895e+00,3.137015843773361956e-01
1.408013602720540103e+00,3.130596433748135676e-01
1.408345669133830080e+00,3.123594890941306379e-01
1.408677735547110066e+00,3.116517285690949546e-01
1.409009801960390051e+00,3.110014065153575702e-01
1.409341868373670037e+00,3.104449144006283245e-01
1.409673934786960015e+00,3.099153815939313383e-01
1.410006001200240000e+00,3.093244497695212814e-01
1.410338067613519986e+00,3.086581381956942094e-01
1.410670134026809963e+00,3.080102249528434699e-01
1.411002200440089949e+00,3.075251539528596756e-01
1.411334266853369934e+00,3.072894040617026312e-01
1.411666333266649920e+00,3.071796246407182962e-01
1.411998399679939897e+00,3.070233494734627144e-01
1.412330466093220105e+00,3.067071093842628771e-01
1.412662532506500090e+00,3.062791574030703234e-01
1.412994598919780076e+00,3.058461619141150667e-01
1.413326665333070054e+00,3.054885064637383185e-01
1.413658731746350039e+00,3.051765275905016783e-01
1.413990798159630025e+00,3.048540166026659781e-01
1.414322864572910010e+00,3.044835155804322957e-01
1.414654930986199988e+00,3.040931091025435573e-01
1.414986997399479973e+00,3.037184298791354431e-01
1.415319063812759959e+00,3.033806930377908051e-01
1.415651130226049936e+00,3.030788195674847252e-01
1.415983196639329922e+00,3.028059269558606714e-01
1.416315263052609907e+00,3.025622112352027715e-01
1.416647329465889893e+00,3.023201283809066053e-01
1.416979395879180093e+00,3.020727143474908338e-01
1.417311462292460078e+00,3.018185085306480109e-01
1.417643528705740064e+00,3.015831269298308026e-01
1.417975595119020049e+00,3.014039673366173400e-01
1.418307661532310027e+00,3.013110191809937333e-01
1.418639727945590012e+00,3.012866871843467020e-01
1.418971794358869998e+00,3.012816937850238963e-01
1.419303860772149983e+00,3.012482239858802480e-01
1.419635927185439961e+00,3.011596413895417657e-01
1.419967993598719946e+00,3.010077290293256547e-01
1.420300060011999932e+00,3.007954877333339772e-01
1.420632126425289909e+00,3.005967472797160811e-01
1.420964192838569895e+00,3.004990695117766841e-01
1.421296259251850103e+00,3.005598630396073001e-01
1.421628325665130088e+00,3.006827026069250342e-01
1.421960392078420066e+00,3.007090290064939331e-01
1.422292458491700051e+00,3.005408153608030708e-01
1.422624524904980037e+00,3.002501415570025256e-01
1.422956591318260022e+00,2.999765227342164886e-01
1.423288657731550000e+00,2.998331467230455627e-01
1.423620724144829985e+00,2.997784555503427151e-01
1.423952790558109971e+00,2.997144916233540068e-01
1.424284856971389956e+00,2.995777497689443014e-01
1.424616923384679934e+00,2.994276072849443304e-01
1.424948989797959920e+00,2.993827184800119112e-01
1.425281056211239905e+00,2.995336412435285478e-01
1.425613122624519891e+00,2.997841977986951401e-01
1.425945189037810090e+00,2.999655944575818634e-01
1.426277255451090076e+00,2.999459685563460321e-01
1.426609321864370061e+00,2.998020429151026511e-01
1.426941388277660039e+00,2.997030006289510551e-01
1.427273454690940024e+00,2.993369589326996816e-01
1.427605521104220010e+00,2.987069686685413505e-01
1.427937587517499995e+00,2.979531513683394417e-01
1.428269653930789973e+00,2.969438285563013036e-01
1.428601720344069959e+00,2.957776360979803010e-01
1.428933786757349944e+00,2.946438054970966780e-01
1.429265853170629930e+00,2.937134580187955035e-01
1.429597919583919907e+00,2.936989483234493936e-01
1.429929985997199893e+00,2.937409693983193404e-01
1.430262052410480100e+00,2.937512264113197324e-01
1.430594118823760086e+00,2.937028707610683798e-01
1.430926185237050063e+00,2.936088759836517625e-01
1.431258251650330049e+00,2.934837968475171310e-01
1.431590318063610034e+00,2.933277980817357022e-01
1.431922384476900012e+00,2.931339603216082668e-01
1.432254450890179998e+00,2.929141594587269526e-01
1.432586517303459983e+00,2.926807849132319062e-01
1.432918583716739969e+00,2.924685095118457201e-01
1.433250650130029946e+00,2.923154505741423215e-01
1.433582716543309932e+00,2.922319118159174001e-01
1.433914782956589917e+00,2.922120837099901336e-01
1.434246849369869903e+00,2.922532615886995200e-01
1.434578915783160102e+00,2.923145292438242837e-01
1.434910982196440088e+00,2.923132319127411116e-01
1.435243048609720073e+00,2.921923247737655549e-01
1.435575115023000059e+00,2.920004182669306281e-01
1.435907181436290037e+00,2.918448575754911678e-01
1.436239247849570022e+00,2.918247692586246056e-01
1.436571314262850008e+00,2.919101586642886548e-01
1.436903380676139985e+00,2.920079133904425750e-01
1.437235447089419971e+00,2.920353168267004196e-01
1.437567513502699956e+00,2.919896923940430988e-01
1.437899579915979942e+00,2.919056623541042561e-01
1.438231646329269919e+00,2.918209148333971714e-01
1.438563712742549905e+00,2.917483874002976263e-01
1.438895779155829890e+00,2.917014310871838267e-01
1.439227845569110098e+00,2.917019411268172990e-01
1.439559911982400076e+00,2.917365390754096399e-01
1.439891978395680061e+00,2.917694975968080917e-01
1.440224044808960047e+00,2.917722550535079007e-01
1.440556111222240032e+00,2.917547731045820880e-01
1.440888177635530010e+00,2.917551244559749568e-01
1.441220244048809995e+00,2.918086429057362707e-01
1.441552310462089981e+00,2.918973045406107469e-01
1.441884376875379958e+00,2.919692528183334690e-01
1.442216443288659944e+00,2.917322609072381945e-01
1.442548509701939929e+00,2.908198500442045753e-01
1.442880576115219915e+00,2.898249897821312815e-01
1.443212642528509893e+00,2.887538475394522131e-01
1.443544708941790100e+00,2.876793206437018857e-01
1.443876775355070086e+00,2.867227195699869613e-01
1.444208841768350071e+00,2.860173079736771373e-01
1.444540908181640049e+00,2.855108163291186774e-01
1.444872974594920034e+00,2.850926643248379855e-01
1.445205041008200020e+00,2.846041974921335593e-01
1.445537107421480005e+00,2.843472871707072303e-01
1.445869173834769983e+00,2.841637144830814199e-01
1.446201240248049968e+00,2.837972365211060000e-01
1.446533306661329954e+00,2.833665583441921654e-01
1.446865373074609940e+00,2.829876057313137072e-01
1.447197439487899917e+00,2.828193849802101423e-01
1.447529505901179903e+00,2.828591061251366501e-01
1.447861572314460110e+00,2.829680659882173877e-01
1.448193638727750088e+00,2.830111482736398232e-01
1.448525705141030073e+00,2.829742120192694776e-01
1.448857771554310059e+00,2.829247908159155389e-01
1.449189837967590044e+00,2.828779852052674126e-01
1.449521904380880022e+00,2.828603680935189435e-01
1.449853970794160007e+00,2.828437340654529897e-01
1.450186037207439993e+00,2.827832401538469265e-01
1.450518103620719979e+00,2.827061060767900313e-01
1.450850170034009956e+00,2.826119460925247129e-01
1.451182236447289942e+00,2.825353857095576071e-01
1.451514302860569927e+00,2.825307498170848142e-01
1.451846369273849913e+00,2.826706054026233428e-01
1.452178435687139890e+00,2.830264972002800583e-01
1.452510502100420098e+00,2.835189025663622520e-01
1.452842568513700083e+00,2.839505863668918551e-01
1.453174634926990061e+00,2.841067873170624591e-01
1.453506701340270046e+00,2.839826340449869146e-01
1.453838767753550032e+00,2.837582477286806348e-01
1.454170834166830018e+00,2.836099754840676335e-01
1.454502900580119995e+00,2.835955938949495936e-01
1.454834966993399981e+00,2.836640525933367685e-01
1.455167033406679966e+00,2.837374577960493638e-01
1.455499099819959952e+00,2.838071261481575625e-01
1.455831166233249929e+00,2.839202444652799140e-01
1.456163232646529915e+00,2.841153755662339520e-01
1.456495299059809900e+00,2.843532267068995534e-01
1.456827365473090108e+00,2.846070332535699521e-01
1.457159431886380085e+00,2.848157551433863621e-01
1.457491498299660071e+00,2.849536656966679127e-01
1.457823564712940057e+00,2.850377327480524414e-01
1.458155631126230034e+00,2.850911830193774699e-01
1.458487697539510020e+00,2.851484968799131159e-01
1.458819763952790005e+00,2.852532395770988050e-01
1.459151830366069991e+00,2.854372876736437914e-01
1.459483896779359968e+00,2.856670742930401685e-01
1.459815963192639954e+00,2.858409303798221668e-01
1.460148029605919939e+00,2.857858658287671938e-01
1.460480096019199925e+00,2.855619184766460816e-01
1.460812162432489902e+00,2.852970677665059851e-01
1.461144228845770110e+00,2.851435709550876885e-01
1.461476295259050096e+00,2.851421154967225813e-01
1.461808361672330081e+00,2.851722725665558067e-01
1.462140428085620059e+00,2.851469213316476514e-01
1.462472494498900044e+00,2.850530361713540239e-01
1.462804560912180030e+00,2.849972715686367453e-01
1.463136627325470007e+00,2.850764581421023625e-01
1.463468693738749993e+00,2.852881334322862616e-01
1.463800760152029978e+00,2.855348692851762404e-01
1.464132826565309964e+00,2.856712185227618939e-01
1.464464892978599941e+00,2.856579423032692411e-01
1.464796959391879927e+00,2.854913899842792535e-01
1.465129025805159912e+00,2.851868164540799500e-01
1.465461092218439898e+00,2.848057957476561319e-01
1.465793158631730098e+00,2.844372955595940167e-01
1.466125225045010083e+00,2.841744349495538557e-01
1.466457291458290069e+00,2.841160727176669232e-01
1.466789357871570054e+00,2.841210972313794048e-01
1.467121424284860032e+00,2.840421984019072532e-01
1.467453490698140017e+00,2.838672567824110371e-01
1.467785557111420003e+00,2.837169384111651316e-01
1.468117623524709980e+00,2.836876317129067848e-01
1.468449689937989966e+00,2.838339704817162135e-01
1.468781756351269951e+00,2.840420565673981712e-01
1.469113822764549937e+00,2.841778837022716497e-01
1.469445889177839915e+00,2.841604726838738437e-01
1.469777955591119900e+00,2.840695904681241890e-01
1.470110022004400108e+00,2.839360652146488695e-01
1.470442088417680093e+00,2.838356205216348016e-01
1.470774154830970071e+00,2.838365074774981123e-01
1.471106221244250056e+00,2.839965149410467737e-01
1.471438287657530042e+00,2.843501814732573019e-01
1.471770354070810027e+00,2.847356472387150284e-01
1.472102420484100005e+00,2.850585797159227441e-01
1.472434486897379990e+00,2.852483716611208808e-01
1.472766553310659976e+00,2.853335170854797154e-01
1.473098619723939962e+00,2.853641575029563504e-01
1.473430686137229939e+00,2.853695025800262464e-01
1.473762752550509925e+00,2.854186690045710795e-01
1.474094818963789910e+00,2.855833095022672352e-01
1.474426885377080110e+00,2.858864986765513039e-01
1.474758951790360095e+00,2.862644082729686734e-01
1.475091018203640081e+00,2.866399158423109661e-01
1.475423084616920066e+00,2.869594293596965939e-01
1.475755151030210044e+00,2.872223739520866626e-01
1.476087217443490029e+00,2.874180259422388639e-01
1.476419283856770015e+00,2.875820718727893355e-01
1.476751350270050001e+00,2.877868277124053797e-01
1.477083416683339978e+00,2.880963420383376716e-01
1.477415483096619964e+00,2.885203102897130889e-01
1.477747549509899949e+00,2.889423449789157439e-01
1.478079615923179935e+00,2.892709199594018510e-01
1.478411682336469912e+00,2.894591354823689566e-01
1.478743748749749898e+00,2.895708142819445330e-01
1.479075815163030105e+00,2.896788435187672150e-01
1.479407881576320083e+00,2.898175239112965595e-01
1.479739947989600068e+00,2.899442224879270613e-01
1.480072014402880054e+00,2.900240328461305417e-01
1.480404080816160040e+00,2.900388552289743238e-01
1.480736147229450017e+00,2.900147391542932662e-01
1.481068213642730003e+00,2.900055186281240149e-01
1.481400280056009988e+00,2.900423197933287844e-01
1.481732346469289974e+00,2.901062795818083462e-01
1.482064412882579951e+00,2.901701623167460276e-01
1.482396479295859937e+00,2.902124978215753770e-01
1.482728545709139922e+00,2.902495923352399476e-01
1.483060612122419908e+00,2.902901142891134434e-01
1.483392678535710107e+00,2.903511514769013258e-01
1.483724744948990093e+00,2.904733375934804296e-01
1.484056811362270079e+00,2.907130458494276981e-01
1.484388877775560056e+00,2.910690914016114128e-01
1.484720944188840042e+00,2.913777066654471004e-01
1.485053010602120027e+00,2.914778216405614075e-01
1.485385077015400013e+00,2.913090726551001430e-01
1.485717143428689990e+00,2.910193540550318203e-01
1.486049209841969976e+00,2.908333217231270362e-01
1.486381276255249961e+00,2.909086478765287032e-01
1.486713342668529947e+00,2.911593354417020829e-01
1.487045409081819924e+00,2.914647983696965761e-01
1.487377475495099910e+00,2.917054896375501638e-01
1.487709541908379896e+00,2.918550803617763201e-01
1.488041608321660103e+00,2.918925743642640236e-01
1.488373674734950081e+00,2.918195294052246536e-01
1.488705741148230066e+00,2.917211850580431753e-01
1.489037807561510052e+00,2.917232404881818231e-01
1.489369873974800029e+00,2.918629210885060887e-01
1.489701940388080015e+00,2.922034453387469255e-01
1.490034006801360000e+00,2.926954848548690147e-01
1.490366073214639986e+00,2.931371974780827006e-01
1.490698139627929963e+00,2.935464910389504190e-01
1.491030206041209949e+00,2.939366900709454167e-01
1.491362272454489935e+00,2.943040676251562626e-01
1.491694338867769920e+00,2.946805736935624864e-01
1.492026405281059898e+00,2.951016942031224333e-01
1.492358471694340105e+00,2.955518284877753921e-01
1.492690538107620091e+00,2.960019251284139452e-01
1.493022604520900076e+00,2.963272221602371026e-01
1.493354670934190054e+00,2.965153168557251862e-01
1.493686737347470039e+00,2.966677767630712115e-01
1.494018803760750025e+00,2.968967322443709644e-01
1.494350870174030010e+00,2.972539961152328991e-01
1.494682936587319988e+00,2.976616322743240173e-01
1.495015003000599974e+00,2.980689549496274848e-01
1.495347069413879959e+00,2.983937713945080672e-01
1.495679135827169937e+00,2.986679499916300995e-01
1.496011202240449922e+00,2.989675134236539078e-01
1.496343268653729908e+00,2.992981822228265032e-01
1.496675335067009893e+00,2.995897647283509713e-01
1.497007401480300093e+00,2.995488867490623264e-01
1.497339467893580078e+00,2.992148399692497462e-01
1.497671534306860064e+00,2.988546484781696710e-01
1.498003600720140049e+00,2.987097674495367561e-01
1.498335667133430027e+00,2.988993543334840242e-01
1.498667733546710013e+00,2.993285757063741115e-01
1.498999799959989998e+00,2.995971095790812555e-01
1.499331866373269984e+00,2.994920783137204889e-01
1.499663932786559961e+00,2.991787188526273122e-01
1.499995999199839947e+00,2.988690241559768812e-01
1.500328065613119932e+00,2.988743692624805659e-01
1.500660132026409910e+00,2.990752621373446440e-01
1.500992198439689895e+00,2.993733590785707110e-01
1.501324264852970103e+00,2.997117859399479611e-01
1.501656331266250088e+00,3.000666735590007961e-01
1.501988397679540066e+00,3.004240374297127425e-01
1.502320464092820052e+00,3.006999030154281494e-01
1.502652530506100037e+00,3.010022521126321515e-01
1.502984596919380023e+00,3.013949103634744886e-01
1.503316663332670000e+00,3.019086143216654916e-01
1.503648729745949986e+00,3.024306343926985718e-01
1.503980796159229971e+00,3.028342963876790583e-01
1.504312862572509957e+00,3.029741191087387819e-01
1.504644928985799934e+00,3.029633246462037910e-01
1.504976995399079920e+00,3.029429329195517107e-01
1.505309061812359905e+00,3.030293575897320402e-01
1.505641128225639891e+00,3.032257887337173607e-01
1.505973194638930091e+00,3.033703765570206490e-01
1.506305261052210076e+00,3.035651375872622793e-01
1.506637327465490062e+00,3.037510967942201878e-01
1.506969393878780039e+00,3.038754229962290498e-01
1.507301460292060025e+00,3.038901249653865322e-01
1.507633526705340010e+00,3.037873318228934694e-01
1.507965593118619996e+00,3.036682954299923520e-01
1.508297659531909973e+00,3.036033242386839692e-01
1.508629725945189959e+00,3.035897220230920901e-01
1.508961792358469944e+00,3.036165747673716941e-01
1.509293858771749930e+00,3.036806564496103422e-01
1.509625925185039907e+00,3.037846987168091317e-01
1.509957991598319893e+00,3.039014025960509735e-01
1.510290058011600101e+00,3.040036378430521213e-01
1.510622124424880086e+00,3.041125438182180618e-01
1.510954190838170064e+00,3.042291595810290850e-01
1.511286257251450049e+00,3.043304144607603123e-01
1.511618323664730035e+00,3.044051191785405175e-01
1.511950390078020012e+00,3.043734932993423792e-01
1.512282456491299998e+00,3.042370729032323196e-01
1.512614522904579983e+00,3.040584525793133541e-01
1.512946589317859969e+00,3.039523561037316690e-01
1.513278655731149946e+00,3.040366557193158736e-01
1.513610722144429932e+00,3.042408975494498291e-01
1.513942788557709918e+00,3.044556860966038947e-01
1.514274854970989903e+00,3.045955884767632682e-01
1.514606921384280103e+00,3.046591544889681313e-01
1.514938987797560088e+00,3.046883607404492489e-01
1.515271054210840074e+00,3.047257150200889386e-01
1.515603120624120059e+00,3.048004581085280162e-01
1.515935187037410037e+00,3.049401200499878839e-01
1.516267253450690022e+00,3.051729636895517683e-01
1.516599319863970008e+00,3.054557282518365335e-01
1.516931386277259985e+00,3.056995399781937683e-01
1.517263452690539971e+00,3.058369432466469529e-01
1.517595519103819957e+00,3.058977810048141288e-01
1.517927585517099942e+00,3.059378834055260787e-01
1.518259651930389920e+00,3.060340490676688452e-01
1.518591718343669905e+00,3.061590167864680079e-01
1.518923784756949891e+00,3.062211317822803869e-01
1.519255851170230098e+00,3.061682897204508480e-01
1.519587917583520076e+00,3.060279394756394988e-01
1.519919983996800061e+00,3.059418185572704285e-01
1.520252050410080047e+00,3.059766170243629069e-01
1.520584116823360032e+00,3.060782020294035566e-01
1.520916183236650010e+00,3.061463448445846947e-01
1.521248249649929996e+00,3.060654624040206051e-01
1.521580316063209981e+00,3.058920314822589082e-01
1.521912382476499959e+00,3.057705431890784809e-01
1.522244448889779944e+00,3.058344720478180512e-01
1.522576515303059930e+00,3.060136914431048072e-01
1.522908581716339915e+00,3.061217239135529122e-01
1.523240648129629893e+00,3.060758473055933959e-01
1.523572714542910100e+00,3.058846987855449728e-01
1.523904780956190086e+00,3.056871045482261184e-01
1.524236847369470071e+00,3.055997487343933838e-01
1.524568913782760049e+00,3.056173447975533697e-01
1.524900980196040035e+00,3.056725387812521122e-01
1.525233046609320020e+00,3.057016214363265649e-01
1.525565113022600006e+00,3.056655353130224850e-01
1.525897179435889983e+00,3.055543955565933611e-01
1.526229245849169969e+00,3.053477548527808727e-01
1.526561312262449954e+00,3.050965939898564461e-01
1.526893378675739932e+00,3.049011738673733096e-01
1.527225445089019917e+00,3.049019012715789567e-01
1.527557511502299903e+00,3.050586735836526286e-01
1.527889577915580110e+00,3.051899282520792456e-01
1.528221644328870088e+00,3.051282851032651178e-01
1.528553710742150074e+00,3.049347116224525034e-01
1.528885777155430059e+00,3.048113879751727096e-01
1.529217843568710045e+00,3.049663789097987743e-01
1.529549909982000022e+00,3.053133880287894342e-01
1.529881976395280008e+00,3.056440177843843808e-01
1.530214042808559993e+00,3.057442340808753101e-01
1.530546109221839979e+00,3.056097470344341649e-01
1.530878175635129956e+00,3.054350230801983201e-01
1.531210242048409942e+00,3.053997798418297549e-01
1.531542308461689927e+00,3.055036557189420021e-01
1.531874374874979905e+00,3.056521799891686597e-01
1.532206441288259890e+00,3.057661264935132572e-01
1.532538507701540098e+00,3.058202332607304896e-01
1.532870574114820084e+00,3.058405691187269793e-01
1.533202640528110061e+00,3.058331086612710026e-01
1.533534706941390047e+00,3.058297656965868194e-01
1.533866773354670032e+00,3.058381290671338681e-01
1.534198839767950018e+00,3.058551785257641042e-01
1.534530906181239995e+00,3.058999657881493195e-01
1.534862972594519981e+00,3.059594488701484205e-01
1.535195039007799966e+00,3.060158928632173980e-01
1.535527105421079952e+00,3.060375326305685983e-01
1.535859171834369929e+00,3.060084938963354428e-01
1.536191238247649915e+00,3.059330550514346991e-01
1.536523304660929901e+00,3.058437962527777998e-01
1.536855371074210108e+00,3.058016942557456597e-01
1.537187437487500086e+00,3.058665484803656520e-01
1.537519503900780071e+00,3.059992186002276626e-01
1.537851570314060057e+00,3.061040198134194479e-01
1.538183636727350034e+00,3.061052176137977754e-01
1.538515703140630020e+00,3.060409953424115259e-01
1.538847769553910005e+00,3.060649720187907930e-01
1.539179835967189991e+00,3.062833591347512985e-01
1.539511902380479968e+00,3.066607635920369224e-01
1.539843968793759954e+00,3.070324894948392447e-01
1.540176035207039940e+00,3.072355941264264256e-01
1.540508101620319925e+00,3.073351523104041472e-01
1.540840168033609903e+00,3.073547977626043259e-01
1.541172234446890110e+00,3.074627435715150958e-01
1.541504300860170096e+00,3.076812645431504234e-01
1.541836367273450081e+00,3.079113155665986201e-01
1.542168433686740059e+00,3.081090938392181400e-01
1.542500500100020044e+00,3.082646825957693903e-01
1.542832566513300030e+00,3.084013643166440000e-01
1.543164632926590008e+00,3.085406379202119687e-01
1.543496699339869993e+00,3.086844638582016964e-01
1.543828765753149979e+00,3.088167203022468832e-01
1.544160832166429964e+00,3.089523609715408847e-01
1.544492898579719942e+00,3.090728075184977497e-01
1.544824964992999927e+00,3.092236121765668533e-01
1.545157031406279913e+00,3.094254193438262801e-01
1.545489097819559898e+00,3.096607146653847509e-01
1.545821164232850098e+00,3.098770324190610048e-01
1.546153230646130083e+00,3.100279378686884302e-01
1.546485297059410069e+00,3.100986842455157322e-01
1.546817363472690054e+00,3.101087811900851143e-01
1.547149429885980032e+00,3.100898429279599910e-01
1.547481496299260018e+00,3.100553212499712052e-01
1.547813562712540003e+00,3.099701010313465899e-01
1.548145629125829981e+00,3.098917535961764336e-01
1.548477695539109966e+00,3.098464607916063263e-01
1.548809761952389952e+00,3.098840519143925554e-01
1.549141828365669937e+00,3.100533313296237603e-01
1.549473894778959915e+00,3.103154054296913267e-01
1.549805961192239900e+00,3.105259015479821527e-01
1.550138027605520108e+00,3.105379403719960574e-01
1.550470094018800093e+00,3.103470710468579918e-01
1.550802160432090071e+00,3.101451693251238151e-01
1.551134226845370057e+00,3.101199646131757581e-01
1.551466293258650042e+00,3.103042984616009581e-01
1.551798359671930028e+00,3.105653680128250271e-01
1.552130426085220005e+00,3.107548893831105774e-01
1.552462492498499991e+00,3.107929722111086868e-01
1.552794558911779976e+00,3.107489250540644288e-01
1.553126625325059962e+00,3.106728936184010026e-01
1.553458691738349939e+00,3.105509350825400028e-01
1.553790758151629925e+00,3.105237875174924889e-01
1.554122824564909910e+00,3.106843149174311480e-01
1.554454890978200110e+00,3.109703076849407166e-01
1.554786957391480096e+00,3.112400939607107841e-01
1.555119023804760081e+00,3.113672269791179503e-01
1.555451090218040067e+00,3.113443699107771301e-01
1.555783156631330044e+00,3.112458602389573392e-01
1.556115223044610030e+00,3.113211641017923359e-01
1.556447289457890015e+00,3.115893797654757935e-01
1.556779355871170001e+00,3.118213407094033163e-01
1.557111422284459978e+00,3.117476663060556596e-01
1.557443488697739964e+00,3.113816381199010497e-01
1.557775555111019949e+00,3.109831153813570337e-01
1.558107621524299935e+00,3.108726162698673967e-01
1.558439687937589913e+00,3.111455820261993521e-01
1.558771754350869898e+00,3.114770617300786637e-01
1.559103820764150106e+00,3.114987670429669175e-01
1.559435887177440083e+00,3.111150097100821577e-01
1.559767953590720069e+00,3.105869961769390231e-01
1.560100020004000054e+00,3.102044763445914177e-01
1.560432086417280040e+00,3.101759810914323512e-01
1.560764152830570017e+00,3.103813152073349180e-01
1.561096219243850003e+00,3.105522921655183288e-01
1.561428285657129988e+00,3.105645821477988067e-01
1.561760352070409974e+00,3.105929573129945775e-01
1.562092418483699952e+00,3.107401571039024035e-01
1.562424484896979937e+00,3.110089682543461520e-01
1.562756551310259923e+00,3.112743199675688799e-01
1.563088617723539908e+00,3.113898852601437728e-01
1.563420684136830108e+00,3.113208487183884987e-01
1.563752750550110093e+00,3.112030870092777346e-01
1.564084816963390079e+00,3.112308647004655704e-01
1.564416883376680056e+00,3.114673494112189522e-01
1.564748949789960042e+00,3.117512890788331492e-01
1.565081016203240027e+00,3.119305137025022989e-01
1.565413082616520013e+00,3.119428759609739754e-01
1.565745149029809991e+00,3.118374162277922079e-01
1.566077215443089976e+00,3.117083540048147250e-01
1.566409281856369962e+00,3.116220278157655899e-01
1.566741348269649947e+00,3.115534984897964099e-01
1.567073414682939925e+00,3.115068743056844669e-01
1.567405481096219910e+00,3.114483618606251891e-01
1.567737547509499896e+00,3.113602064979807404e-01
1.568069613922780103e+00,3.113186221380008223e-01
1.568401680336070081e+00,3.113568678565073466e-01
1.568733746749350066e+00,3.113768057445432391e-01
1.569065813162630052e+00,3.113410467792208092e-01
1.569397879575920030e+00,3.112113597400648635e-01
1.569729945989200015e+00,3.110585560432372887e-01
1.570062012402480001e+00,3.109710709372600079e-01
1.570394078815759986e+00,3.109885724573857035e-01
1.570726145229049964e+00,3.110488009551156119e-01
1.571058211642329949e+00,3.110647258348976374e-01
1.571390278055609935e+00,3.109874154981266403e-01
1.571722344468889920e+00,3.108499938651238526e-01
1.572054410882179898e+00,3.107231419211295420e-01
1.572386477295460105e+00,3.106436954308400833e-01
1.572718543708740091e+00,3.104819874756291065e-01
1.573050610122020077e+00,3.101943941558967799e-01
1.573382676535310054e+00,3.097727359868390207e-01
1.573714742948590040e+00,3.093458971219782416e-01
1.574046809361870025e+00,3.090706711292751652e-01
1.574378875775160003e+00,3.090262444748750892e-01
1.574710942188439988e+00,3.090900369504208656e-01
1.575043008601719974e+00,3.091271971940907082e-01
1.575375075014999959e+00,3.090092797601273755e-01
1.575707141428289937e+00,3.088016224368650420e-01
1.576039207841569922e+00,3.085803697892428032e-01
1.576371274254849908e+00,3.083670196116729545e-01
1.576703340668129893e+00,3.081549038081041192e-01
1.577035407081420093e+00,3.079918417001602515e-01
1.577367473494700079e+00,3.078833429249775988e-01
1.577699539907980064e+00,3.078016306682163084e-01
1.578031606321260050e+00,3.077133480509323116e-01
1.578363672734550027e+00,3.075926907125362542e-01
1.578695739147830013e+00,3.074762506540507645e-01
1.579027805561109998e+00,3.074406348168453040e-01
1.579359871974389984e+00,3.074649073423544321e-01
1.579691938387679961e+00,3.074978739028285113e-01
1.580024004800959947e+00,3.074976592700852662e-01
1.580356071214239932e+00,3.074163957918671919e-01
1.580688137627529910e+00,3.073340675477899131e-01
1.581020204040809896e+00,3.073366286453677043e-01
1.581352270454090103e+00,3.074568921505113628e-01
1.581684336867370089e+00,3.075649004667685982e-01
1.582016403280660066e+00,3.074981114985846919e-01
1.582348469693940052e+00,3.071675717327340682e-01
1.582680536107220037e+00,3.067304849054088289e-01
1.583012602520500023e+00,3.063961474059843648e-01
1.583344668933790000e+00,3.063065328303963830e-01
1.583676735347069986e+00,3.063782062559362029e-01
1.584008801760349971e+00,3.064866696426259973e-01
1.584340868173629957e+00,3.065038666865451678e-01
1.584672934586919935e+00,3.064368330343338886e-01
1.585005001000199920e+00,3.063266646836994567e-01
1.585337067413479906e+00,3.062147026528021510e-01
1.585669133826770105e+00,3.061390915725963890e-01
1.586001200240050091e+00,3.061335329155872587e-01
1.586333266653330076e+00,3.061567184963357446e-01
1.586665333066610062e+00,3.061944164403106461e-01
1.586997399479900039e+00,3.062037329100900096e-01
1.587329465893180025e+00,3.061256295083766843e-01
1.587661532306460010e+00,3.059740787733219447e-01
1.587993598719739996e+00,3.058083155399401454e-01
1.588325665133029974e+00,3.056682821487869406e-01
1.588657731546309959e+00,3.055946442770411942e-01
1.588989797959589945e+00,3.056144537649780335e-01
1.589321864372869930e+00,3.057364231765184459e-01
1.589653930786159908e+00,3.058730711504572541e-01
1.589985997199439893e+00,3.059115302667451131e-01
1.590318063612720101e+00,3.058162381909308447e-01
1.590650130026010078e+00,3.056702454201850605e-01
1.590982196439290064e+00,3.056227985444701090e-01
1.591314262852570049e+00,3.057799376868180485e-01
1.591646329265850035e+00,3.060585635823241391e-01
1.591978395679140013e+00,3.063200418672210046e-01
1.592310462092419998e+00,3.064382599866964929e-01
1.592642528505699984e+00,3.064483525862684576e-01
1.592974594918979969e+00,3.064120007798053491e-01
1.593306661332269947e+00,3.063934149334353596e-01
1.593638727745549932e+00,3.064525147669044380e-01
1.593970794158829918e+00,3.065982272321167712e-01
1.594302860572109903e+00,3.068362933945267268e-01
1.594634926985400103e+00,3.071161540068707563e-01
1.594966993398680088e+00,3.073639333755058267e-01
1.595299059811960074e+00,3.075110491234829824e-01
1.595631126225250052e+00,3.075555270032641064e-01
1.595963192638530037e+00,3.075450848792289915e-01
1.596295259051810023e+00,3.074645300719487939e-01
1.596627325465090008e+00,3.074091937459633161e-01
1.596959391878379986e+00,3.074492552555462832e-01
1.597291458291659971e+00,3.076049372571936780e-01
1.597623524704939957e+00,3.078220409016160231e-01
1.597955591118219942e+00,3.080072759805447813e-01
1.598287657531509920e+00,3.080788541140926928e-01
1.598619723944789905e+00,3.080959137231769618e-01
1.598951790358069891e+00,3.081567477982081749e-01
1.599283856771350099e+00,3.083302876201107767e-01
1.599615923184640076e+00,3.085882102040715669e-01
1.599947989597920062e+00,3.087978692443283935e-01
1.600280056011200047e+00,3.088862334076674654e-01
1.600612122424480033e+00,3.088700800770811106e-01
1.600944188837770010e+00,3.088022125680875973e-01
1.601276255251049996e+00,3.087332248596001971e-01
1.601608321664329981e+00,3.086964457779465265e-01
1.601940388077619959e+00,3.087176746811088335e-01
1.602272454490899944e+00,3.088220657304394656e-01
1.602604520904179930e+00,3.089536193729901514e-01
1.602936587317459916e+00,3.090333367454257130e-01
1.603268653730749893e+00,3.089991949420439754e-01
1.603600720144030101e+00,3.088976843301414754e-01
1.603932786557310086e+00,3.087774157496093186e-01
1.604264852970590072e+00,3.087332039669459238e-01
1.604596919383880049e+00,3.087568600549399078e-01
1.604928985797160035e+00,3.087696930120237271e-01
1.605261052210440020e+00,3.086912074064976363e-01
1.605593118623720006e+00,3.085198974203573474e-01
1.605925185037009983e+00,3.082934680254712512e-01
1.606257251450289969e+00,3.080499770813020510e-01
1.606589317863569955e+00,3.078513061806331108e-01
1.606921384276859932e+00,3.077437366967869514e-01
1.607253450690139918e+00,3.077962161587539658e-01
1.607585517103419903e+00,3.079142101390813235e-01
1.607917583516700111e+00,3.079833722724055756e-01
1.608249649929990088e+00,3.079198104106706801e-01
1.608581716343270074e+00,3.077759078281714911e-01
1.608913782756550059e+00,3.076453759619299233e-01
1.609245849169830045e+00,3.076243068194471908e-01
1.609577915583120022e+00,3.076998598197426271e-01
1.609909981996400008e+00,3.078033836309437277e-01
1.610242048409679994e+00,3.078652921816974475e-01
1.610574114822959979e+00,3.078546428623084585e-01
1.610906181236249957e+00,3.077570411464249367e-01
1.611238247649529942e+00,3.075627927225346170e-01
1.611570314062809928e+00,3.073188372110106092e-01
1.611902380476099905e+00,3.071029329598657376e-01
1.612234446889379891e+00,3.069785891017391410e-01
1.612566513302660098e+00,3.069500297943679179e-01
1.612898579715940084e+00,3.069570244883934040e-01
1.613230646129230061e+00,3.069921845546682015e-01
1.613562712542510047e+00,3.070573626330093120e-01
1.613894778955790033e+00,3.071351731512137473e-01
1.614226845369070018e+00,3.072139346119672210e-01
1.614558911782359996e+00,3.073066016152522506e-01
1.614890978195639981e+00,3.073382316624146404e-01
1.615223044608919967e+00,3.072805481241085435e-01
1.615555111022199952e+00,3.071742652428908205e-01
1.615887177435489930e+00,3.071044680264175541e-01
1.616219243848769915e+00,3.071555339675904328e-01
1.616551310262049901e+00,3.073300502622696162e-01
1.616883376675340100e+00,3.076076992858020609e-01
1.617215443088620086e+00,3.079100880258585082e-01
1.617547509501900072e+00,3.081757478558659891e-01
1.617879575915180057e+00,3.083347892490373443e-01
1.618211642328470035e+00,3.083294118278327445e-01
1.618543708741750020e+00,3.082571367969228482e-01
1.618875775155030006e+00,3.081994652805902790e-01
1.619207841568309991e+00,3.082606782025373304e-01
1.619539907981599969e+00,3.084646588086131236e-01
1.619871974394879954e+00,3.087547878455401684e-01
1.620204040808159940e+00,3.090758191874278249e-01
1.620536107221439925e+00,3.093917881514919865e-01
1.620868173634729903e+00,3.097022445300254279e-01
1.621200240048010111e+00,3.100544816292752359e-01
1.621532306461290096e+00,3.103714456953615142e-01
1.621864372874570082e+00,3.105380303538151643e-01
1.622196439287860059e+00,3.104918077511963359e-01
1.622528505701140045e+00,3.102754314352462184e-01
1.622860572114420030e+00,3.100431020923140046e-01
1.623192638527710008e+00,3.099462589265029600e-01
1.623524704940989993e+00,3.100101321621800965e-01
1.623856771354269979e+00,3.101524442651608093e-01
1.624188837767549964e+00,3.102829979778521374e-01
1.624520904180839942e+00,3.104092521364480439e-01
1.624852970594119927e+00,3.105350530560679889e-01
1.625185037007399913e+00,3.107026764882476755e-01
1.625517103420679899e+00,3.108613301896091530e-01
1.625849169833970098e+00,3.109034580112731705e-01
1.626181236247250084e+00,3.107875874861624754e-01
1.626513302660530069e+00,3.105327848873186136e-01
1.626845369073810055e+00,3.102497500573280775e-01
1.627177435487100032e+00,3.100517764002898580e-01
1.627509501900380018e+00,3.099906092756207210e-01
1.627841568313660003e+00,3.100633517414249085e-01
1.628173634726949981e+00,3.102825398505090759e-01
1.628505701140229966e+00,3.105490612763521230e-01
1.628837767553509952e+00,3.107986928039109809e-01
1.629169833966789938e+00,3.108758585096658700e-01
1.629501900380079915e+00,3.107610511572366230e-01
1.629833966793359901e+00,3.106028593291134121e-01
1.630166033206640108e+00,3.105457491877030018e-01
1.630498099619920094e+00,3.105952943067311622e-01
1.630830166033210071e+00,3.106853504931946230e-01
1.631162232446490057e+00,3.106871663353255597e-01
1.631494298859770042e+00,3.105592357846508333e-01
1.631826365273050028e+00,3.104124549882528172e-01
1.632158431686340005e+00,3.103106584709103832e-01
1.632490498099619991e+00,3.102754202424727881e-01
1.632822564512899977e+00,3.102994207712422847e-01
1.633154630926189954e+00,3.103585355042629002e-01
1.633486697339469940e+00,3.104324595902538952e-01
1.633818763752749925e+00,3.105244319134522479e-01
1.634150830166029911e+00,3.105947307849488137e-01
1.634482896579320110e+00,3.106173223718453058e-01
1.634814962992600096e+00,3.105547818048376985e-01
1.635147029405880081e+00,3.103562045452478713e-01
1.635479095819160067e+00,3.100432505110105597e-01
1.635811162232450044e+00,3.097592248504749679e-01
1.636143228645730030e+00,3.095356795558816820e-01
1.636475295059010016e+00,3.094498799504161179e-01
1.636807361472290001e+00,3.094631272103401942e-01
1.637139427885579979e+00,3.094808777618929807e-01
1.637471494298859964e+00,3.094268402034342502e-01
1.637803560712139950e+00,3.092876822564250006e-01
1.638135627125429927e+00,3.090591863772488290e-01
1.638467693538709913e+00,3.088277307488007106e-01
1.638799759951989898e+00,3.086377763069874103e-01
1.639131826365270106e+00,3.085315979972033107e-01
1.639463892778560083e+00,3.085319978660153728e-01
1.639795959191840069e+00,3.085859124289332400e-01
1.640128025605120055e+00,3.086140224408563393e-01
1.640460092018400040e+00,3.086044081096557257e-01
1.640792158431690018e+00,3.085685248367596722e-01
1.641124224844970003e+00,3.085191653130738287e-01
1.641456291258249989e+00,3.084685508411952326e-01
1.641788357671529974e+00,3.084287594862103465e-01
1.642120424084819952e+00,3.084065366447023560e-01
1.642452490498099937e+00,3.083952571413579591e-01
1.642784556911379923e+00,3.083786785237311312e-01
1.643116623324669900e+00,3.083313509679404540e-01
1.643448689737950108e+00,3.082510437637908107e-01
1.643780756151230094e+00,3.081730039077332228e-01
1.644112822564510079e+00,3.081179847840937458e-01
1.644444888977800057e+00,3.081015829212886414e-01
1.644776955391080042e+00,3.080808926929667346e-01
1.645109021804360028e+00,3.080141212544470486e-01
1.645441088217640013e+00,3.078697198857923700e-01
1.645773154630929991e+00,3.077138757832273974e-01
1.646105221044209976e+00,3.076252640217483347e-01
1.646437287457489962e+00,3.076367982150295943e-01
1.646769353870769947e+00,3.076779388760433886e-01
1.647101420284059925e+00,3.076850896148478065e-01
1.647433486697339911e+00,3.076321155968695376e-01
1.647765553110619896e+00,3.075637317961752437e-01
1.648097619523900104e+00,3.075089438712745316e-01
1.648429685937190081e+00,3.074679662418658976e-01
1.648761752350470067e+00,3.073990968581555294e-01
1.649093818763750052e+00,3.071935518735370851e-01
1.649425885177040030e+00,3.068669398392450121e-01
1.649757951590320015e+00,3.065223651296757890e-01
1.650090018003600001e+00,3.063144358560275782e-01
1.650422084416879986e+00,3.062812462179441697e-01
1.650754150830169964e+00,3.062467479280582827e-01
1.651086217243449950e+00,3.060580187174535283e-01
1.651418283656729935e+00,3.055757880796242110e-01
1.651750350070009921e+00,3.050293971855199127e-01
1.652082416483299898e+00,3.046127447041071523e-01
1.652414482896580106e+00,3.044070848718120614e-01
1.652746549309860091e+00,3.042854865632768080e-01
1.653078615723140077e+00,3.041028116803822789e-01
1.653410682136430054e+00,3.037914597792770732e-01
1.653742748549710040e+00,3.034387377566702959e-01
1.654074814962990025e+00,3.031497045270460378e-01
1.654406881376280003e+00,3.029681841426390410e-01
1.654738947789559989e+00,3.028142734389761004e-01
1.655071014202839974e+00,3.025485424957019553e-01
1.655403080616119960e+00,3.021361469112386899e-01
1.655735147029409937e+00,3.017133922496917919e-01
1.656067213442689923e+00,3.014335045173800465e-01
1.656399279855969908e+00,3.013508909290034676e-01
1.656731346269249894e+00,3.013373244258006345e-01
1.657063412682540093e+00,3.012560918440952418e-01
1.657395479095820079e+00,3.010068176861925848e-01
1.657727545509100064e+00,3.007341571296329175e-01
1.658059611922380050e+00,3.005940321205533006e-01
1.658391678335670028e+00,3.006628215964893269e-01
1.658723744748950013e+00,3.008705873217145665e-01
1.659055811162229999e+00,3.009875119294137535e-01
1.659387877575519976e+00,3.009532696027909515e-01
1.659719943988799962e+00,3.008307365658520194e-01
1.660052010402079947e+00,3.007004948355498364e-01
1.660384076815359933e+00,3.006073041661044276e-01
1.660716143228649910e+00,3.005662102497074772e-01
1.661048209641929896e+00,3.006860690036116113e-01
1.661380276055210103e+00,3.008442598092133657e-01
1.661712342468490089e+00,3.009754047102430330e-01
1.662044408881780067e+00,3.010346257394694303e-01
1.662376475295060052e+00,3.010069443621506968e-01
1.662708541708340038e+00,3.010608583459357668e-01
1.663040608121620023e+00,3.012531992501674694e-01
1.663372674534910001e+00,3.016477629772862379e-01
1.663704740948189986e+00,3.020924607282531871e-01
1.664036807361469972e+00,3.023957159196029032e-01
1.664368873774749957e+00,3.024771651348217016e-01
1.664700940188039935e+00,3.024249961282274857e-01
1.665033006601319920e+00,3.024186085949596148e-01
1.665365073014599906e+00,3.025569846015906950e-01
1.665697139427890106e+00,3.028112484432064488e-01
1.666029205841170091e+00,3.031336002152914544e-01
1.666361272254450077e+00,3.034689294148484873e-01
1.666693338667730062e+00,3.037569565750082301e-01
1.667025405081020040e+00,3.039795753800802469e-01
1.667357471494300025e+00,3.041093074674069419e-01
1.667689537907580011e+00,3.042059355917836605e-01
1.668021604320859996e+00,3.043526403661631630e-01
1.668353670734149974e+00,3.044160710938653702e-01
1.668685737147429959e+00,3.044930769045778862e-01
1.669017803560709945e+00,3.044966726843180149e-01
1.669349869973999922e+00,3.043692263810973686e-01
1.669681936387279908e+00,3.042284097267966003e-01
1.670014002800559894e+00,3.042415024868884155e-01
1.670346069213840101e+00,3.045135950566374428e-01
1.670678135627130079e+00,3.049514365162065976e-01
1.671010202040410064e+00,3.052934250645902847e-01
1.671342268453690050e+00,3.053720051107352007e-01
1.671674334866970035e+00,3.052737031292135361e-01
1.672006401280260013e+00,3.051395184525573234e-01
1.672338467693539998e+00,3.050721724686454861e-01
1.672670534106819984e+00,3.051052426735934020e-01
1.673002600520099969e+00,3.052417661865046150e-01
1.673334666933389947e+00,3.054676748617002890e-01
1.673666733346669933e+00,3.057041599356976613e-01
1.673998799759949918e+00,3.058345870847790082e-01
1.674330866173229904e+00,3.057993652227318226e-01
1.674662932586520103e+00,3.056432281421980202e-01
1.674994998999800089e+00,3.054460561078459757e-01
1.675327065413080074e+00,3.052947740946029831e-01
1.675659131826370052e+00,3.052512006686410317e-01
1.675991198239650037e+00,3.052968274328200504e-01
1.676323264652930023e+00,3.054326105937348879e-01
1.676655331066210008e+00,3.055957225568525226e-01
1.676987397479499986e+00,3.056879650154090133e-01
1.677319463892779972e+00,3.056360503613193003e-01
1.677651530306059957e+00,3.054920139182435990e-01
1.677983596719339943e+00,3.051996781604103814e-01
1.678315663132629920e+00,3.049416973233944894e-01
1.678647729545909906e+00,3.047323652668691429e-01
1.678979795959189891e+00,3.045984388148033073e-01
1.679311862372470099e+00,3.045484369291207583e-01
1.679643928785760076e+00,3.044811189390430051e-01
1.679975995199040062e+00,3.043182443516604940e-01
1.680308061612320047e+00,3.040198010836926423e-01
1.680640128025610025e+00,3.036745481100976973e-01
1.680972194438890011e+00,3.034536534548666897e-01
1.681304260852169996e+00,3.035005618208873046e-01
1.681636327265449982e+00,3.036909689090317999e-01
1.681968393678739959e+00,3.039038640973486527e-01
1.682300460092019945e+00,3.039944152207515460e-01
1.682632526505299930e+00,3.039412814883821201e-01
1.682964592918579916e+00,3.038105384917195728e-01
1.683296659331869893e+00,3.037073000249899679e-01
1.683628725745150101e+00,3.035894549981852375e-01
1.683960792158430086e+00,3.034444321791455179e-01
1.684292858571710072e+00,3.033058890416881481e-01
1.684624924985000050e+00,3.031666963169097340e-01
1.684956991398280035e+00,3.030241865899188092e-01
1.685289057811560021e+00,3.029285409475716562e-01
1.685621124224849998e+00,3.028719110478915177e-01
1.685953190638129984e+00,3.028645204683027004e-01
1.686285257051409969e+00,3.029168116212762052e-01
1.686617323464689955e+00,3.029839091096657722e-01
1.686949389877979932e+00,3.030058925535284997e-01
1.687281456291259918e+00,3.029347680349635530e-01
1.687613522704539903e+00,3.026992299687037424e-01
1.687945589117820111e+00,3.024877921489430022e-01
1.688277655531110089e+00,3.023543147178180401e-01
1.688609721944390074e+00,3.022870913739774679e-01
1.688941788357670060e+00,3.022559885850020778e-01
1.689273854770950045e+00,3.022623757905727460e-01
1.689605921184240023e+00,3.022417051889454975e-01
1.689937987597520008e+00,3.022395947889494061e-01
1.690270054010799994e+00,3.022356531906066901e-01
1.690602120424079979e+00,3.022340106104002833e-01
1.690934186837369957e+00,3.022600646612625952e-01
1.691266253250649942e+00,3.023295720271856335e-01
1.691598319663929928e+00,3.023456612932167720e-01
1.691930386077219906e+00,3.022792654506277765e-01
1.692262452490499891e+00,3.021023559456273988e-01
1.692594518903780099e+00,3.018957219564146754e-01
1.692926585317060084e+00,3.017423510045122437e-01
1.693258651730350062e+00,3.017996412676572926e-01
1.693590718143630047e+00,3.019752774515404581e-01
1.693922784556910033e+00,3.021965659834500717e-01
1.694254850970190018e+00,3.023977298508375156e-01
1.694586917383479996e+00,3.025631442157819539e-01
1.694918983796759981e+00,3.027789738117007690e-01
1.695251050210039967e+00,3.029921800462861414e-01
1.695583116623319953e+00,3.031686080987036624e-01
1.695915183036609930e+00,3.032447218587916993e-01
1.696247249449889916e+00,3.031440699280723572e-01
1.696579315863169901e+00,3.029311614359676552e-01
1.696911382276460101e+00,3.027636888100191381e-01
1.697243448689740086e+00,3.027383284573780808e-01
1.697575515103020072e+00,3.028803170390233501e-01
1.697907581516300057e+00,3.031215974577078365e-01
1.698239647929590035e+00,3.034031230766993104e-01
1.698571714342870020e+00,3.036544177757255492e-01
1.698903780756150006e+00,3.037893757311437293e-01
1.699235847169429992e+00,3.037907630492975852e-01
1.699567913582719969e+00,3.036739049153594494e-01
1.699899979995999955e+00,3.035686437860985465e-01
1.700232046409279940e+00,3.035793542033574099e-01
1.700564112822559926e+00,3.036617105330940425e-01
1.700896179235849903e+00,3.037809259768607939e-01
1.701228245649130111e+00,3.038295311111126606e-01
1.701560312062410096e+00,3.037843273610222883e-01
1.701892378475700074e+00,3.036271131728641159e-01
1.702224444888980059e+00,3.033604799591032575e-01
1.702556511302260045e+00,3.030650647994574953e-01
1.702888577715540031e+00,3.028184342813073915e-01
1.703220644128830008e+00,3.027493019527224272e-01
1.703552710542109994e+00,3.028096926658872534e-01
1.703884776955389979e+00,3.028807639665702101e-01
1.704216843368669965e+00,3.028530472381457672e-01
1.704548909781959942e+00,3.027245051228973360e-01
1.704880976195239928e+00,3.025012091954287219e-01
1.705213042608519913e+00,3.022157757345992346e-01
1.705545109021799899e+00,3.019454662886096874e-01
1.705877175435090098e+00,3.017902470827046879e-01
1.706209241848370084e+00,3.018350593718282515e-01
1.706541308261650070e+00,3.020375497124785369e-01
1.706873374674930055e+00,3.022448266945938489e-01
1.707205441088220033e+00,3.022675167274762598e-01
1.707537507501500018e+00,3.020964569135475841e-01
1.707869573914780004e+00,3.018275618224328660e-01
1.708201640328069981e+00,3.015275327671068095e-01
1.708533706741349967e+00,3.012673122852475571e-01
1.708865773154629952e+00,3.010278786873203383e-01
1.709197839567909938e+00,3.008341358887620665e-01
1.709529905981199915e+00,3.006930843122164743e-01
1.709861972394479901e+00,3.006067546023701298e-01
1.710194038807760109e+00,3.006067168952820112e-01
1.710526105221040094e+00,3.006442183662600409e-01
1.710858171634330072e+00,3.006955383941459781e-01
1.711190238047610057e+00,3.007091357262582920e-01
1.711522304460890043e+00,3.006953658921763251e-01
1.711854370874170028e+00,3.007166577333162949e-01
1.712186437287460006e+00,3.008347559799871007e-01
1.712518503700739991e+00,3.010121413851799543e-01
1.712850570114019977e+00,3.011305720474958258e-01
1.713182636527309954e+00,3.010987334493566703e-01
1.713514702940589940e+00,3.009373894246799575e-01
1.713846769353869925e+00,3.007569085422535649e-01
1.714178835767149911e+00,3.006545957356635546e-01
1.714510902180440111e+00,3.006700858224134465e-01
1.714842968593720096e+00,3.007137633088779460e-01
1.715175035007000082e+00,3.006970634559146816e-01
1.715507101420280067e+00,3.006349054255673670e-01
1.715839167833570045e+00,3.006423120447904718e-01
1.716171234246850030e+00,3.007918169468890568e-01
1.716503300660130016e+00,3.010831070674592214e-01
1.716835367073410001e+00,3.013580218570503511e-01
1.717167433486699979e+00,3.014709954137130832e-01
1.717499499899979964e+00,3.014105722817126964e-01
1.717831566313259950e+00,3.012922245839922408e-01
1.718163632726549928e+00,3.012254178076093081e-01
1.718495699139829913e+00,3.012502496696656262e-01
1.718827765553109899e+00,3.013529186148439232e-01
1.719159831966390106e+00,3.014895647087007524e-01
1.719491898379680084e+00,3.016110949101049044e-01
1.719823964792960069e+00,3.016892059186342956e-01
1.720156031206240055e+00,3.017006906559033808e-01
1.720488097619520040e+00,3.016572847137108937e-01
1.720820164032810018e+00,3.016631099208036959e-01
1.721152230446090003e+00,3.018215236986332983e-01
1.721484296859369989e+00,3.021058801572285568e-01
1.721816363272649975e+00,3.023545474321792104e-01
1.722148429685939952e+00,3.024011784738181441e-01
1.722480496099219938e+00,3.022359087603466721e-01
1.722812562512499923e+00,3.020324410904746681e-01
1.723144628925789901e+00,3.019663096268584423e-01
1.723476695339070108e+00,3.020723452306188217e-01
1.723808761752350094e+00,3.021906636493654763e-01
1.724140828165630079e+00,3.022157013627652100e-01
1.724472894578920057e+00,3.021176561974675545e-01
1.724804960992200042e+00,3.019914861862215694e-01
1.725137027405480028e+00,3.019413213429158471e-01
1.725469093818760014e+00,3.020141420886188754e-01
1.725801160232049991e+00,3.021853103450037326e-01
1.726133226645329977e+00,3.024039416937809310e-01
1.726465293058609962e+00,3.026207071166016060e-01
1.726797359471889948e+00,3.027203590685831336e-01
1.727129425885179925e+00,3.025835319393537226e-01
1.727461492298459911e+00,3.022437516902601873e-01
1.727793558711739896e+00,3.018193752621955994e-01
1.728125625125030096e+00,3.015444589985825652e-01
1.728457691538310081e+00,3.014838817580778318e-01
1.728789757951590067e+00,3.015511432278365489e-01
1.729121824364870053e+00,3.016716972587173418e-01
1.729453890778160030e+00,3.017770640807238003e-01
1.729785957191440016e+00,3.018313846596581418e-01
1.730118023604720001e+00,3.017665312786959042e-01
1.730450090017999987e+00,3.015905370505088667e-01
1.730782156431289964e+00,3.013377307090175927e-01
1.731114222844569950e+00,3.010269373661377257e-01
1.731446289257849935e+00,3.006996610713873475e-01
1.731778355671129921e+00,3.004323049519804778e-01
1.732110422084419898e+00,3.003028431775242035e-01
1.732442488497700106e+00,3.003134569389618314e-01
1.732774554910980092e+00,3.003478282051023074e-01
1.733106621324260077e+00,3.002805861481888661e-01
1.733438687737550055e+00,3.000634288901554148e-01
1.733770754150830040e+00,2.997724568611964679e-01
1.734102820564110026e+00,2.995088700744416577e-01
1.734434886977400003e+00,2.993198367091086665e-01
1.734766953390679989e+00,2.992025889548632356e-01
1.735099019803959974e+00,2.992164662705737999e-01
1.735431086217239960e+00,2.992660697677562154e-01
1.735763152630529937e+00,2.993404539655285523e-01
1.736095219043809923e+00,2.993931490156719333e-01
1.736427285457089909e+00,2.993887864577138291e-01
1.736759351870369894e+00,2.993159197195031651e-01
1.737091418283660094e+00,2.991661753594042072e-01
1.737423484696940079e+00,2.990222163144073408e-01
1.737755551110220065e+00,2.989433565334985166e-01
1.738087617523500050e+00,2.990332415442242264e-01
1.738419683936790028e+00,2.993154358683549066e-01
1.738751750350070013e+00,2.996140622307439938e-01
1.739083816763349999e+00,2.997541052422126318e-01
1.739415883176639976e+00,2.996738039235443130e-01
1.739747949589919962e+00,2.995427687774726566e-01
1.740080016003199948e+00,2.995293534962741866e-01
1.740412082416479933e+00,2.996964343058319824e-01
1.740744148829769911e+00,2.999271141059288714e-01
1.741076215243049896e+00,3.000823802291713860e-01
1.741408281656330104e+00,3.000961152058704284e-01
1.741740348069610089e+00,3.000481577314300652e-01
1.742072414482900067e+00,3.000355500314657586e-01
1.742404480896180052e+00,3.000860740256632853e-01
1.742736547309460038e+00,3.002025400813251865e-01
1.743068613722740023e+00,3.003749831968514639e-01
1.743400680136030001e+00,3.005445187391693751e-01
1.743732746549309987e+00,3.006832911904490646e-01
1.744064812962589972e+00,3.007682034516776515e-01
1.744396879375879950e+00,3.008011426039609026e-01
1.744728945789159935e+00,3.008058750705726037e-01
1.745061012202439921e+00,3.008707781709975548e-01
1.745393078615719906e+00,3.010193161096377801e-01
1.745725145029010106e+00,3.011880627874210514e-01
1.746057211442290091e+00,3.013018818190691950e-01
1.746389277855570077e+00,3.013191795619277746e-01
1.746721344268850062e+00,3.012939002000677435e-01
1.747053410682140040e+00,3.012622069618666742e-01
1.747385477095420026e+00,3.012759910363989602e-01
1.747717543508700011e+00,3.013085746896816408e-01
1.748049609921979997e+00,3.013183860419978433e-01
1.748381676335269974e+00,3.012843512729982964e-01
1.748713742748549960e+00,3.012349787630086428e-01
1.749045809161829945e+00,3.012075126177665152e-01
1.749377875575119923e+00,3.012125954038477049e-01
1.749709941988399908e+00,3.012531314549209416e-01
1.750042008401679894e+00,3.013422766087627824e-01
1.750374074814960101e+00,3.014856314030868178e-01
1.750706141228250079e+00,3.016068260637129184e-01
1.751038207641530065e+00,3.016501128118976305e-01
1.751370274054810050e+00,3.015807420026908603e-01
1.751702340468090036e+00,3.014781181099846497e-01
1.752034406881380013e+00,3.014365755671511438e-01
1.752366473294659999e+00,3.015113786581095079e-01
1.752698539707939984e+00,3.016184262444883135e-01
1.753030606121219970e+00,3.016631371253591931e-01
1.753362672534509947e+00,3.015875890659767689e-01
1.753694738947789933e+00,3.014431314702813447e-01
1.754026805361069918e+00,3.012983365430531579e-01
1.754358871774349904e+00,3.012042530177981292e-01
1.754690938187640104e+00,3.011809595375998794e-01
1.755023004600920089e+00,3.012354430480486678e-01
1.755355071014200075e+00,3.013598414002353065e-01
1.755687137427490052e+00,3.014979347075394944e-01
1.756019203840770038e+00,3.015857349967046019e-01
1.756351270254050023e+00,3.015922284207217530e-01
1.756683336667330009e+00,3.015399820241601025e-01
1.757015403080619986e+00,3.014414469254316220e-01
1.757347469493899972e+00,3.013016528643926994e-01
1.757679535907179957e+00,3.011516285236736090e-01
1.758011602320459943e+00,3.010849404082807657e-01
1.758343668733749920e+00,3.011316087073588887e-01
1.758675735147029906e+00,3.012658353110571618e-01
1.759007801560309892e+00,3.014415846607350069e-01
1.759339867973590099e+00,3.016126999943901099e-01
1.759671934386880077e+00,3.017292327483524494e-01
1.760004000800160062e+00,3.017399405945188073e-01
1.760336067213440048e+00,3.016127127355817117e-01
1.760668133626730025e+00,3.014313807831748293e-01
1.761000200040010011e+00,3.012807624483896385e-01
1.761332266453289996e+00,3.012242752978746552e-01
1.761664332866569982e+00,3.012507654070459284e-01
1.761996399279859959e+00,3.013301638826808571e-01
1.762328465693139945e+00,3.014422308047893795e-01
1.762660532106419931e+00,3.015730564924517521e-01
1.762992598519699916e+00,3.017180251442417305e-01
1.763324664932989894e+00,3.018655819818032993e-01
1.763656731346270101e+00,3.019746460499973528e-01
1.763988797759550087e+00,3.019963751782535066e-01
1.764320864172830072e+00,3.019118214097653019e-01
1.764652930586120050e+00,3.017649034837106004e-01
1.764984996999400035e+00,3.016327827110794058e-01
1.765317063412680021e+00,3.015745645825436694e-01
1.765649129825969998e+00,3.015647850107704975e-01
1.765981196239249984e+00,3.015548674442177224e-01
1.766313262652529970e+00,3.014887351013251227e-01
1.766645329065809955e+00,3.014153829466232892e-01
1.766977395479099933e+00,3.013843423302483004e-01
1.767309461892379918e+00,3.014317725833785544e-01
1.767641528305659904e+00,3.015344030701294087e-01
1.767973594718939889e+00,3.016507033482700439e-01
1.768305661132230089e+00,3.017484385951239578e-01
1.768637727545510074e+00,3.018073994025820550e-01
1.768969793958790060e+00,3.018186347131307512e-01
1.769301860372070045e+00,3.017785957222354765e-01
1.769633926785360023e+00,3.017564941054873273e-01
1.769965993198640009e+00,3.017023712998850860e-01
1.770298059611919994e+00,3.016798331179903481e-01
1.770630126025209972e+00,3.017181047135634731e-01
1.770962192438489957e+00,3.018518873829724170e-01
1.771294258851769943e+00,3.020998252283996210e-01
1.771626325265049928e+00,3.024277877128722647e-01
1.771958391678339906e+00,3.026960587980165873e-01
1.772290458091619891e+00,3.028610377604484816e-01
1.772622524504900099e+00,3.028957007274750146e-01
1.772954590918180084e+00,3.027920752010139216e-01
1.773286657331470062e+00,3.026329988805924742e-01
1.773618723744750048e+00,3.024591165274453375e-01
1.773950790158030033e+00,3.023181688181555415e-01
1.774282856571310019e+00,3.022481114143769076e-01
1.774614922984599996e+00,3.022697782768851704e-01
1.774946989397879982e+00,3.023963769535744639e-01
1.775279055811159967e+00,3.026722008096262573e-01
1.775611122224449945e+00,3.029431717116278788e-01
1.775943188637729930e+00,3.030730719414718721e-01
1.776275255051009916e+00,3.029597728670607171e-01
1.776607321464289901e+00,3.026813311930750539e-01
1.776939387877580101e+00,3.023810432978960017e-01
1.777271454290860087e+00,3.022915442584871437e-01
1.777603520704140072e+00,3.023559270028229884e-01
1.777935587117420058e+00,3.024766696029159707e-01
1.778267653530710035e+00,3.025530855354100490e-01
1.778599719943990021e+00,3.025591011051093071e-01
1.778931786357270006e+00,3.025039482522890455e-01
1.779263852770549992e+00,3.024863793191645556e-01
1.779595919183839969e+00,3.024321745338056644e-01
1.779927985597119955e+00,3.024163296641881327e-01
1.780260052010399940e+00,3.024292561215106701e-01
1.780592118423679926e+00,3.024329891420223793e-01
1.780924184836969904e+00,3.024607130213826656e-01
1.781256251250249889e+00,3.025028423161640334e-01
1.781588317663530097e+00,3.026203084614624284e-01
1.781920384076820074e+00,3.028938740240544325e-01
1.782252450490100060e+00,3.033726550330364535e-01
1.782584516903380045e+00,3.039116834812821133e-01
1.782916583316660031e+00,3.043504127025087325e-01
1.783248649729950008e+00,3.045168631243866386e-01
1.783580716143229994e+00,3.044687919616919647e-01
1.783912782556509979e+00,3.043962793876773265e-01
1.784244848969789965e+00,3.044500437107495183e-01
1.784576915383079943e+00,3.045922328581777694e-01
1.784908981796359928e+00,3.047020180803964862e-01
1.785241048209639914e+00,3.046706749427627869e-01
1.785573114622919899e+00,3.045559257839159928e-01
1.785905181036210099e+00,3.044708439234805053e-01
1.786237247449490084e+00,3.045149035572040641e-01
1.786569313862770070e+00,3.046579927662760312e-01
1.786901380276060047e+00,3.048490149917857384e-01
1.787233446689340033e+00,3.049958424708728022e-01
1.787565513102620018e+00,3.050921801251865184e-01
1.787897579515900004e+00,3.051373797190192194e-01
1.788229645929189982e+00,3.051314715322093196e-01
1.788561712342469967e+00,3.051110144043746031e-01
1.788893778755749953e+00,3.051098809847431759e-01
1.789225845169029938e+00,3.051702916461145887e-01
1.789557911582319916e+00,3.052574892147137398e-01
1.789889977995599901e+00,3.052942872494314175e-01
1.790222044408880109e+00,3.052049145615632897e-01
1.790554110822160094e+00,3.050353668593955847e-01
1.790886177235450072e+00,3.049044270881832719e-01
1.791218243648730057e+00,3.049369190127163565e-01
1.791550310062010043e+00,3.050772498240371111e-01
1.791882376475300021e+00,3.051835171266829572e-01
1.792214442888580006e+00,3.051082340699715068e-01
1.792546509301859992e+00,3.049081671735059951e-01
1.792878575715139977e+00,3.047673946789034027e-01
1.793210642128429955e+00,3.048519758616144992e-01
1.793542708541709940e+00,3.050917452194310542e-01
1.793874774954989926e+00,3.052665209648017242e-01
1.794206841368269911e+00,3.052061108860758543e-01
1.794538907781560111e+00,3.049380087692252772e-01
1.794870974194840096e+00,3.046514949790166127e-01
1.795203040608120082e+00,3.045339916422854509e-01
1.795535107021400067e+00,3.046117426666982153e-01
1.795867173434690045e+00,3.047845336022214635e-01
1.796199239847970031e+00,3.049547998351618272e-01
1.796531306261250016e+00,3.050705169277537765e-01
1.796863372674530002e+00,3.051371140258974934e-01
1.797195439087819979e+00,3.051311002434043962e-01
1.797527505501099965e+00,3.050956587444900725e-01
1.797859571914379950e+00,3.051256793586685223e-01
1.798191638327669928e+00,3.052747953719368024e-01
1.798523704740949913e+00,3.055097192464544809e-01
1.798855771154229899e+00,3.057798792408081834e-01
1.799187837567510106e+00,3.059995679133099555e-01
1.799519903980800084e+00,3.061164596559632356e-01
1.799851970394080070e+00,3.061150813912013602e-01
1.800184036807360055e+00,3.058868715107980196e-01
1.800516103220640041e+00,3.055746033937535855e-01
1.800848169633930018e+00,3.053387468701139196e-01
1.801180236047210004e+00,3.052841559992435783e-01
1.801512302460489989e+00,3.053864787409181769e-01
1.801844368873769975e+00,3.055367312072300168e-01
1.802176435287059952e+00,3.056187991512164803e-01
1.802508501700339938e+00,3.056035868160178470e-01
1.802840568113619923e+00,3.055427392792168240e-01
1.803172634526909901e+00,3.054736840924457963e-01
1.803504700940190109e+00,3.054022735376492603e-01
1.803836767353470094e+00,3.053281003140481675e-01
1.804168833766750080e+00,3.051995115253506308e-01
1.804500900180040057e+00,3.050476943507455796e-01
1.804832966593320043e+00,3.048905905647960601e-01
1.805165033006600028e+00,3.047576867740336426e-01
1.805497099419880014e+00,3.046680006428019727e-01
1.805829165833169991e+00,3.046052645720256913e-01
1.806161232246449977e+00,3.045476810013095781e-01
1.806493298659729962e+00,3.044960914344130298e-01
1.806825365073009948e+00,3.044167310717809660e-01
1.807157431486299926e+00,3.042952137517451194e-01
1.807489497899579911e+00,3.041823518950205196e-01
1.807821564312859897e+00,3.040347845785674186e-01
1.808153630726150096e+00,3.038826316180671117e-01
1.808485697139430082e+00,3.037672380787639348e-01
1.808817763552710067e+00,3.036599363821705366e-01
1.809149829965990053e+00,3.035326223628446729e-01
1.809481896379280030e+00,3.034179935807497785e-01
1.809813962792560016e+00,3.033179000536428416e-01
1.810146029205840001e+00,3.033604988120487955e-01
1.810478095619119987e+00,3.035309042584604100e-01
1.810810162032409965e+00,3.036641457829195589e-01
1.811142228445689950e+00,3.035890186703367188e-01
1.811474294858969936e+00,3.032952190039692741e-01
1.811806361272249921e+00,3.029513854598929190e-01
1.812138427685539899e+00,3.027766426253979404e-01
1.812470494098820106e+00,3.028040471796598077e-01
1.812802560512100092e+00,3.029285536937026957e-01
1.813134626925380077e+00,3.030544922324625579e-01
1.813466693338670055e+00,3.031251003474286221e-01
1.813798759751950040e+00,3.031593639751369862e-01
1.814130826165230026e+00,3.031275775474378542e-01
1.814462892578520004e+00,3.030453699877692642e-01
1.814794958991799989e+00,3.029742018676817028e-01
1.815127025405079975e+00,3.029780695999090834e-01
1.815459091818359960e+00,3.031236293526672898e-01
1.815791158231649938e+00,3.032866337765062759e-01
1.816123224644929923e+00,3.034103727109395687e-01
1.816455291058209909e+00,3.034647064898720048e-01
1.816787357471489894e+00,3.035090994333356496e-01
1.817119423884780094e+00,3.037107050328042290e-01
1.817451490298060079e+00,3.040228570485272175e-01
1.817783556711340065e+00,3.043550283368132714e-01
1.818115623124630043e+00,3.045782124748465103e-01
1.818447689537910028e+00,3.045748849542354031e-01
1.818779755951190014e+00,3.043874240777008078e-01
1.819111822364469999e+00,3.042427966584254628e-01
1.819443888777759977e+00,3.041330324841533539e-01
1.819775955191039962e+00,3.041285079782807266e-01
1.820108021604319948e+00,3.042375282001297254e-01
1.820440088017599933e+00,3.044079941799141542e-01
1.820772154430889911e+00,3.045397168794901077e-01
1.821104220844169896e+00,3.045169682712351444e-01
1.821436287257450104e+00,3.043109137080303728e-01
1.821768353670730090e+00,3.040930481320496814e-01
1.822100420084020067e+00,3.039538145369047317e-01
1.822432486497300053e+00,3.039170638871187546e-01
1.822764552910580038e+00,3.039119119179002904e-01
1.823096619323860024e+00,3.038606525517988377e-01
1.823428685737150001e+00,3.037396958240640155e-01
1.823760752150429987e+00,3.036182440997398091e-01
1.824092818563709972e+00,3.035720784329092869e-01
1.824424884976999950e+00,3.036323197844900679e-01
1.824756951390279935e+00,3.037590326799327056e-01
1.825089017803559921e+00,3.039014103693379876e-01
1.825421084216839906e+00,3.040120885515077420e-01
1.825753150630130106e+00,3.040501696322026048e-01
1.826085217043410092e+00,3.039783449362448153e-01
1.826417283456690077e+00,3.037992670299241582e-01
1.826749349869970063e+00,3.035815161839832133e-01
1.827081416283260040e+00,3.034010639069193438e-01
1.827413482696540026e+00,3.033031702444399236e-01
1.827745549109820011e+00,3.032806081392792064e-01
1.828077615523099997e+00,3.033118305619786903e-01
1.828409681936389974e+00,3.033773673866226872e-01
1.828741748349669960e+00,3.034972100489921609e-01
1.829073814762949945e+00,3.036926593150582887e-01
1.829405881176239923e+00,3.039141153138431584e-01
1.829737947589519909e+00,3.040806184112241906e-01
1.830070014002799894e+00,3.041248495801681662e-01
1.830402080416080102e+00,3.040394059423603412e-01
1.830734146829370079e+00,3.038464461220155011e-01
1.831066213242650065e+00,3.036445868003129211e-01
1.831398279655930050e+00,3.035432282629925704e-01
1.831730346069210036e+00,3.035359450542313153e-01
1.832062412482500013e+00,3.035987951571498811e-01
1.832394478895779999e+00,3.037103674348731186e-01
1.832726545309059984e+00,3.038026204157098231e-01
1.833058611722339970e+00,3.037864943975675525e-01
1.833390678135629948e+00,3.036364653090117827e-01
1.833722744548909933e+00,3.034691460164767873e-01
1.834054810962189919e+00,3.034309223023749502e-01
1.834386877375479896e+00,3.036097368392887130e-01
1.834718943788760104e+00,3.037592860120548743e-01
1.835051010202040089e+00,3.037641841738000781e-01
1.835383076615320075e+00,3.035313865529487565e-01
1.835715143028610052e+00,3.031613775398450117e-01
1.836047209441890038e+00,3.028231550457485821e-01
1.836379275855170023e+00,3.027074794666363422e-01
1.836711342268450009e+00,3.027065837370558343e-01
1.837043408681739987e+00,3.027706708767433641e-01
1.837375475095019972e+00,3.028343870841538332e-01
1.837707541508299958e+00,3.028573241814910832e-01
1.838039607921579943e+00,3.028112440887996692e-01
1.838371674334869921e+00,3.026743432372212550e-01
1.838703740748149906e+00,3.025763692643547720e-01
1.839035807161429892e+00,3.025136353107691356e-01
1.839367873574710099e+00,3.024301886590824995e-01
1.839699939988000077e+00,3.022722599342451133e-01
1.840032006401280062e+00,3.021084423918559136e-01
1.840364072814560048e+00,3.018325479680524226e-01
1.840696139227850026e+00,3.015208595252675261e-01
1.841028205641130011e+00,3.011591107008724788e-01
1.841360272054409997e+00,3.007657864426303007e-01
1.841692338467689982e+00,3.004080646126117693e-01
1.842024404880979960e+00,3.001773691843575564e-01
1.842356471294259945e+00,3.000550515650892702e-01
1.842688537707539931e+00,2.999642932356327840e-01
1.843020604120819916e+00,2.998648975215711943e-01
1.843352670534109894e+00,2.996618185753796570e-01
1.843684736947390101e+00,2.992773124244192395e-01
1.844016803360670087e+00,2.988349893455972683e-01
1.844348869773950073e+00,2.983551850230447000e-01
1.844680936187240050e+00,2.979211882775695819e-01
1.845013002600520036e+00,2.975474043944492109e-01
1.845345069013800021e+00,2.972155992993106288e-01
1.845677135427089999e+00,2.968537350852886170e-01
1.846009201840369984e+00,2.964090444039012562e-01
1.846341268253649970e+00,2.958424140132398517e-01
1.846673334666929955e+00,2.954481350351506608e-01
1.847005401080219933e+00,2.952512425762415238e-01
1.847337467493499918e+00,2.953023435581162426e-01
1.847669533906779904e+00,2.958629674206717519e-01
1.848001600320059890e+00,2.965366888134015055e-01
1.848333666733350089e+00,2.972907724043977185e-01
1.848665733146630075e+00,2.980859238613436379e-01
1.848997799559910060e+00,2.988505836769630997e-01
1.849329865973190046e+00,2.995232986066934111e-01
1.849661932386480023e+00,3.001188056950191418e-01
1.849993998799760009e+00,3.006249114742498008e-01
1.850326065213039994e+00,3.010494010264563314e-01
1.850658131626329972e+00,3.013556836652907522e-01
1.850990198039609957e+00,3.016365312466410820e-01
1.851322264452889943e+00,3.020123978338880022e-01
1.851654330866169929e+00,3.022669540750966832e-01
1.851986397279459906e+00,3.024956122743688303e-01
1.852318463692739892e+00,3.026129699973792442e-01
1.852650530106020099e+00,3.026267013442975884e-01
1.852982596519300085e+00,3.025655149829944990e-01
1.853314662932590062e+00,3.024666577207267282e-01
1.853646729345870048e+00,3.024317202498337798e-01
1.853978795759150033e+00,3.025791245764559712e-01
1.854310862172430019e+00,3.028346077528126234e-01
1.854642928585719996e+00,3.029659749797118384e-01
1.854974994998999982e+00,3.028575435017988871e-01
1.855307061412279968e+00,3.027183957034130235e-01
1.855639127825569945e+00,3.027340173242849541e-01
1.855971194238849931e+00,3.027990270472262768e-01
1.856303260652129916e+00,3.029322339723359292e-01
1.856635327065409902e+00,3.030828677728464871e-01
1.856967393478700101e+00,3.031860598468418266e-01
1.857299459891980087e+00,3.031834281662148523e-01
1.857631526305260072e+00,3.030625335076581051e-01
1.857963592718540058e+00,3.029654872415695754e-01
1.858295659131830035e+00,3.028186606814654014e-01
1.858627725545110021e+00,3.027151742989165339e-01
1.858959791958390007e+00,3.027929478495793303e-01
1.859291858371669992e+00,3.029568557834147469e-01
1.859623924784959970e+00,3.031958511527543809e-01
1.859955991198239955e+00,3.034920360037920428e-01
1.860288057611519941e+00,3.038530446644838179e-01
1.860620124024809918e+00,3.042427987337857354e-01
1.860952190438089904e+00,3.045952083455757409e-01
1.861284256851369889e+00,3.046976878186989368e-01
1.861616323264650097e+00,3.048081986971146184e-01
1.861948389677940074e+00,3.049685764145512179e-01
1.862280456091220060e+00,3.052455677561217162e-01
1.862612522504500046e+00,3.055480251544424042e-01
1.862944588917780031e+00,3.056748280334614654e-01
1.863276655331070009e+00,3.056114203561025588e-01
1.863608721744349994e+00,3.054897320073483025e-01
1.863940788157629980e+00,3.054132658907447451e-01
1.864272854570909965e+00,3.055164020927063628e-01
1.864604920984199943e+00,3.057952945758646845e-01
1.864936987397479928e+00,3.061372778633732472e-01
1.865269053810759914e+00,3.066192964504605989e-01
1.865601120224039899e+00,3.070713987820524737e-01
1.865933186637330099e+00,3.076228173521505793e-01
1.866265253050610085e+00,3.082436904546729250e-01
1.866597319463890070e+00,3.088033788229169740e-01
1.866929385877180048e+00,3.093252095921169564e-01
1.867261452290460033e+00,3.097907460077883868e-01
1.867593518703740019e+00,3.102725116193064125e-01
1.867925585117020004e+00,3.108603658106112166e-01
1.868257651530309982e+00,3.116246230596286804e-01
1.868589717943589967e+00,3.124715031233277762e-01
1.868921784356869953e+00,3.132031839389609051e-01
1.869253850770149938e+00,3.137006501869215591e-01
1.869585917183439916e+00,3.139968962763112215e-01
1.869917983596719901e+00,3.142201873921461885e-01
1.870250050010000109e+00,3.144777400444200843e-01
1.870582116423280095e+00,3.147963389657508770e-01
1.870914182836570072e+00,3.146620460468053659e-01
1.871246249249850058e+00,3.144827080431284450e-01
1.871578315663130043e+00,3.142250799955054741e-01
1.871910382076420021e+00,3.139386371128486952e-01
1.872242448489700006e+00,3.136739748752836454e-01
1.872574514902979992e+00,3.133044012293170200e-01
1.872906581316259977e+00,3.128886976637229589e-01
1.873238647729549955e+00,3.121482395594069037e-01
1.873570714142829940e+00,3.112623089172501523e-01
1.873902780556109926e+00,3.103908859365022699e-01
1.874234846969389912e+00,3.096176268926655872e-01
1.874566913382679889e+00,3.089964475196315674e-01
1.874898979795960097e+00,3.083224453654394015e-01
1.875231046209240082e+00,3.077049763152098216e-01
1.875563112622520068e+00,3.070855977451477092e-01
1.875895179035810045e+00,3.063470625421780280e-01
1.876227245449090031e+00,3.053756721667637009e-01
1.876559311862370016e+00,3.043934853359523962e-01
1.876891378275659994e+00,3.034620054341684581e-01
1.877223444688939979e+00,3.028265010394980417e-01
1.877555511102219965e+00,3.024745321499680561e-01
1.877887577515499951e+00,3.023678669887761017e-01
1.878219643928789928e+00,3.026501957240996243e-01
1.878551710342069914e+00,3.029224079092202038e-01
1.878883776755349899e+00,3.032055809440964977e-01
1.879215843168630107e+00,3.033959230802245610e-01
1.879547909581920084e+00,3.035672561917147072e-01
1.879879975995200070e+00,3.038852916077645627e-01
1.880212042408480055e+00,3.044660956832761500e-01
1.880544108821760041e+00,3.053023728832398587e-01
1.880876175235050018e+00,3.061965205842230309e-01
1.881208241648330004e+00,3.070160661102152577e-01
1.881540308061609990e+00,3.077068420932149162e-01
1.881872374474899967e+00,3.083004542892728295e-01
1.882204440888179953e+00,3.089944739450577460e-01
1.882536507301459938e+00,3.096376187983390649e-01
1.882868573714739924e+00,3.104010023998536316e-01
1.883200640128029901e+00,3.112493498667222025e-01
1.883532706541310109e+00,3.120987028625152315e-01
1.883864772954590094e+00,3.128758103462306317e-01
1.884196839367870080e+00,3.136894862768574987e-01
1.884528905781160057e+00,3.145374656984243344e-01
1.884860972194440043e+00,3.154150543898318060e-01
1.885193038607720029e+00,3.163134770427064590e-01
1.885525105021000014e+00,3.171678995916971111e-01
1.885857171434289992e+00,3.178701537862581583e-01
1.886189237847569977e+00,3.182558507631475520e-01
1.886521304260849963e+00,3.184869953273262722e-01
1.886853370674139940e+00,3.188000728533352257e-01
1.887185437087419926e+00,3.194320542639236260e-01
1.887517503500699911e+00,3.203617369405679649e-01
1.887849569913979897e+00,3.213334992062058526e-01
1.888181636327270096e+00,3.221162697586396062e-01
1.888513702740550082e+00,3.225921066445338603e-01
1.888845769153830068e+00,3.228656123664215838e-01
1.889177835567110053e+00,3.230213012526682581e-01
1.889509901980400031e+00,3.231398047768958004e-01
1.889841968393680016e+00,3.233453146310726889e-01
1.890174034806960002e+00,3.235220196749654109e-01
1.890506101220239987e+00,3.238176826005483844e-01
1.890838167633529965e+00,3.241236350095221264e-01
1.891170234046809950e+00,3.242987784547933794e-01
1.891502300460089936e+00,3.242950717804367611e-01
1.891834366873369921e+00,3.241579661783415833e-01
1.892166433286659899e+00,3.239887071626747495e-01
1.892498499699940107e+00,3.238585696421659721e-01
1.892830566113220092e+00,3.238387449435076726e-01
1.893162632526510070e+00,3.239907713200811390e-01
1.893494698939790055e+00,3.242852701264894444e-01
1.893826765353070041e+00,3.245968615074045771e-01
1.894158831766350026e+00,3.247725988642346517e-01
1.894490898179640004e+00,3.247986975342975757e-01
1.894822964592919989e+00,3.247250847181448741e-01
1.895155031006199975e+00,3.246111550217410380e-01
1.895487097419479960e+00,3.245319237842594351e-01
1.895819163832769938e+00,3.245085713702939856e-01
1.896151230246049924e+00,3.244971357138858314e-01
1.896483296659329909e+00,3.245042210509773151e-01
1.896815363072609895e+00,3.245629958695380735e-01
1.897147429485900094e+00,3.247185301998457563e-01
1.897479495899180080e+00,3.249579247690989603e-01
1.897811562312460065e+00,3.251973092002363730e-01
1.898143628725750043e+00,3.253147591656407323e-01
1.898475695139030028e+00,3.252687162084244021e-01
1.898807761552310014e+00,3.250709232614233390e-01
1.899139827965589999e+00,3.247254029930288777e-01
1.899471894378879977e+00,3.242954028359905094e-01
1.899803960792159963e+00,3.238034833751537445e-01
1.900136027205439948e+00,3.233256952967806797e-01
1.900468093618719934e+00,3.229134587581497517e-01
1.900800160032009911e+00,3.226062095042234179e-01
1.901132226445289897e+00,3.224456635069899990e-01
1.901464292858570104e+00,3.224214664550216769e-01
1.901796359271850090e+00,3.223538052293590805e-01
1.902128425685140067e+00,3.221331284185945387e-01
1.902460492098420053e+00,3.217283030121566023e-01
1.902792558511700038e+00,3.212636651116925202e-01
1.903124624924990016e+00,3.209062619693816010e-01
1.903456691338270002e+00,3.207283356874782165e-01
1.903788757751549987e+00,3.206715785877551905e-01
1.904120824164829973e+00,3.206707562555757840e-01
1.904452890578119950e+00,3.206648557640538466e-01
1.904784956991399936e+00,3.205968687029597808e-01
1.905117023404679921e+00,3.204194738638973528e-01
1.905449089817959907e+00,3.201486357370805225e-01
1.905781156231250106e+00,3.197940194786417223e-01
1.906113222644530092e+00,3.193893728430227119e-01
1.906445289057810077e+00,3.189829884920993841e-01
1.906777355471090063e+00,3.186411737626408391e-01
1.907109421884380041e+00,3.184119123532814233e-01
1.907441488297660026e+00,3.183693602925060651e-01
1.907773554710940012e+00,3.183956022681279641e-01
1.908105621124219997e+00,3.185144538590232166e-01
1.908437687537509975e+00,3.187235784866468968e-01
1.908769753950789960e+00,3.189402505100711882e-01
1.909101820364069946e+00,3.190755362184441446e-01
1.909433886777359923e+00,3.190695391719805540e-01
1.909765953190639909e+00,3.190040678854174083e-01
1.910098019603919894e+00,3.189514523407352975e-01
1.910430086017200102e+00,3.189314303410019091e-01
1.910762152430490080e+00,3.189079308810103264e-01
1.911094218843770065e+00,3.189514626040635958e-01
1.911426285257050051e+00,3.189340231516317736e-01
1.911758351670330036e+00,3.189692242310323556e-01
1.912090418083620014e+00,3.191182937603613268e-01
1.912422484496899999e+00,3.193468256318566234e-01
1.912754550910179985e+00,3.195481220219656415e-01
1.913086617323459970e+00,3.196187999762396537e-01
1.913418683736749948e+00,3.195108194567141124e-01
1.913750750150029933e+00,3.193558702748121592e-01
1.914082816563309919e+00,3.192857332661417913e-01
1.914414882976599896e+00,3.193527527038143021e-01
1.914746949389880104e+00,3.194908392125920815e-01
1.915079015803160090e+00,3.196048159160572721e-01
1.915411082216440075e+00,3.196524905148703244e-01
1.915743148629730053e+00,3.197049037487564305e-01
1.916075215043010038e+00,3.198433072364114116e-01
1.916407281456290024e+00,3.201023635743212026e-01
1.916739347869570009e+00,3.204725253686777631e-01
1.917071414282859987e+00,3.208624584944392288e-01
1.917403480696139972e+00,3.212189624666561549e-01
1.917735547109419958e+00,3.215123735928193116e-01
1.918067613522699943e+00,3.216964138161865772e-01
1.918399679935989921e+00,3.216762787916123689e-01
1.918731746349269907e+00,3.215188947949164100e-01
1.919063812762549892e+00,3.213152726381257596e-01
1.919395879175840092e+00,3.210017176476206990e-01
1.919727945589120077e+00,3.206684422787011712e-01
1.920060012002400063e+00,3.204552456306217767e-01
1.920392078415680048e+00,3.204846748426365965e-01
1.920724144828970026e+00,3.206039288659868203e-01
1.921056211242250011e+00,3.206416939036614289e-01
1.921388277655529997e+00,3.205274812993162414e-01
1.921720344068809982e+00,3.203749899770908516e-01
1.922052410482099960e+00,3.203007956947401258e-01
1.922384476895379946e+00,3.204156687657126468e-01
1.922716543308659931e+00,3.205968230556192622e-01
1.923048609721939917e+00,3.207194680632917128e-01
1.923380676135229894e+00,3.207451281370832796e-01
1.923712742548510102e+00,3.207750246294395202e-01
1.924044808961790087e+00,3.209163025251523527e-01
1.924376875375080065e+00,3.212341518790814976e-01
1.924708941788360050e+00,3.216266355289382206e-01
1.925041008201640036e+00,3.218906665284723134e-01
1.925373074614920021e+00,3.219827679794028952e-01
1.925705141028209999e+00,3.220139768624546983e-01
1.926037207441489985e+00,3.220019640947260342e-01
1.926369273854769970e+00,3.218227347372177860e-01
1.926701340268049956e+00,3.217110654377138279e-01
1.927033406681339933e+00,3.216898543295670376e-01
1.927365473094619919e+00,3.217543755480367085e-01
1.927697539507899904e+00,3.218898893960184249e-01
1.928029605921179890e+00,3.221155242035470545e-01
1.928361672334470089e+00,3.223824277183516829e-01
1.928693738747750075e+00,3.226543036741265080e-01
1.929025805161030060e+00,3.228566185925501597e-01
1.929357871574310046e+00,3.229872921697694577e-01
1.929689937987600024e+00,3.231706750184554777e-01
1.930022004400880009e+00,3.234214745443019789e-01
1.930354070814159995e+00,3.238450553712515778e-01
1.930686137227449972e+00,3.243390833609383628e-01
1.931018203640729958e+00,3.248701568050807453e-01
1.931350270054009943e+00,3.253902961332151289e-01
1.931682336467289929e+00,3.258245466661550127e-01
1.932014402880579906e+00,3.261774238221798461e-01
1.932346469293859892e+00,3.264852425256057344e-01
1.932678535707140099e+00,3.266746869146002208e-01
1.933010602120420085e+00,3.268448226595457307e-01
1.933342668533710063e+00,3.270796384012067959e-01
1.933674734946990048e+00,3.272932355031559770e-01
1.934006801360270034e+00,3.275768111507421643e-01
1.934338867773550019e+00,3.279083675482861171e-01
1.934670934186839997e+00,3.281974806763525709e-01
1.935003000600119982e+00,3.283457106020069571e-01
1.935335067013399968e+00,3.282893442885436719e-01
1.935667133426689945e+00,3.281039281113938832e-01
1.935999199839969931e+00,3.279002745778112904e-01
1.936331266253249916e+00,3.277659722974974876e-01
1.936663332666529902e+00,3.276948950608473132e-01
1.936995399079820102e+00,3.276572793411030027e-01
1.937327465493100087e+00,3.276272926859047918e-01
1.937659531906380073e+00,3.275994182161330870e-01
1.937991598319660058e+00,3.275740086815386309e-01
1.938323664732950036e+00,3.275496252793930752e-01
1.938655731146230021e+00,3.275491736156723177e-01
1.938987797559510007e+00,3.275729317640841409e-01
1.939319863972789992e+00,3.275907359799430929e-01
1.939651930386079970e+00,3.276021841859164119e-01
1.939983996799359955e+00,3.275541125456128966e-01
1.940316063212639941e+00,3.274113784609983258e-01
1.940648129625929919e+00,3.272009484931541201e-01
1.940980196039209904e+00,3.269558725294476886e-01
1.941312262452489890e+00,3.267089013157695176e-01
1.941644328865770097e+00,3.266500226488607272e-01
1.941976395279060075e+00,3.268019815976521691e-01
1.942308461692340060e+00,3.272361636626708314e-01
1.942640528105620046e+00,3.277572291523394021e-01
1.942972594518900031e+00,3.280849848783705669e-01
1.943304660932190009e+00,3.280041770338952278e-01
1.943636727345469994e+00,3.276479492240628177e-01
1.943968793758749980e+00,3.272846730105427038e-01
1.944300860172029966e+00,3.270987495899296271e-01
1.944632926585319943e+00,3.270818692855351206e-01
1.944964992998599929e+00,3.271622730273791579e-01
1.945297059411879914e+00,3.272495851231970732e-01
1.945629125825169892e+00,3.273459044499627546e-01
1.945961192238450099e+00,3.275401739748896590e-01
1.946293258651730085e+00,3.278809811335744451e-01
1.946625325065010070e+00,3.282750790372904182e-01
1.946957391478300048e+00,3.286128479115305034e-01
1.947289457891580033e+00,3.287438909769082040e-01
1.947621524304860019e+00,3.287718588267862785e-01
1.947953590718140005e+00,3.288341599662018555e-01
1.948285657131429982e+00,3.290237056732972509e-01
1.948617723544709968e+00,3.292789487576198715e-01
1.948949789957989953e+00,3.295039138048563299e-01
1.949281856371269939e+00,3.296244462155795696e-01
1.949613922784559916e+00,3.296893955680131327e-01
1.949945989197839902e+00,3.297890578624735336e-01
1.950278055611120109e+00,3.299757483052440099e-01
1.950610122024410087e+00,3.302093128542995526e-01
1.950942188437690072e+00,3.304021989943162763e-01
1.951274254850970058e+00,3.304334398923258753e-01
1.951606321264250044e+00,3.303825242892013403e-01
1.951938387677540021e+00,3.302911785844654391e-01
1.952270454090820007e+00,3.301963120196481638e-01
1.952602520504099992e+00,3.300977179454551713e-01
1.952934586917379978e+00,3.299760573663542695e-01
1.953266653330669955e+00,3.297631122485029653e-01
1.953598719743949941e+00,3.295790131204786588e-01
1.953930786157229926e+00,3.295786832673379685e-01
1.954262852570509912e+00,3.298755639867670952e-01
1.954594918983799889e+00,3.303380599600242995e-01
1.954926985397080097e+00,3.306660857684970978e-01
1.955259051810360083e+00,3.306245538109342519e-01
1.955591118223640068e+00,3.303145277906925359e-01
1.955923184636930046e+00,3.299928619558546439e-01
1.956255251050210031e+00,3.298678066449463042e-01
1.956587317463490017e+00,3.299252628981046986e-01
1.956919383876779994e+00,3.300282676409058147e-01
1.957251450290059980e+00,3.300512865308693478e-01
1.957583516703339965e+00,3.299951043251462823e-01
1.957915583116619951e+00,3.299218023614222672e-01
1.958247649529909928e+00,3.298997866594088335e-01
1.958579715943189914e+00,3.299793375883806612e-01
1.958911782356469899e+00,3.300846440394512027e-01
1.959243848769750107e+00,3.301975324329962658e-01
1.959575915183040085e+00,3.303038040802006026e-01
1.959907981596320070e+00,3.303816499190648237e-01
1.960240048009600056e+00,3.304167972858269575e-01
1.960572114422880041e+00,3.304451893333633095e-01
1.960904180836170019e+00,3.304721893386752818e-01
1.961236247249450004e+00,3.305558592957347219e-01
1.961568313662729990e+00,3.306880990662049435e-01
1.961900380076019967e+00,3.308086795132135216e-01
1.962232446489299953e+00,3.308436941493418937e-01
1.962564512902579938e+00,3.308118583688973158e-01
1.962896579315859924e+00,3.307770835892936412e-01
1.963228645729149902e+00,3.308171095610107915e-01
1.963560712142430109e+00,3.309064736285595165e-01
1.963892778555710095e+00,3.309774622504156882e-01
1.964224844968990080e+00,3.309991028025286997e-01
1.964556911382280058e+00,3.309747446422905970e-01
1.964888977795560043e+00,3.309844383439358162e-01
1.965221044208840029e+00,3.311006413497811218e-01
1.965553110622120014e+00,3.312743527107258612e-01
1.965885177035409992e+00,3.313956606870424593e-01
1.966217243448689977e+00,3.314109457425605254e-01
1.966549309861969963e+00,3.313979426067514833e-01
1.966881376275259941e+00,3.314588971178760723e-01
1.967213442688539926e+00,3.316878102984922028e-01
1.967545509101819912e+00,3.320223055297596981e-01
1.967877575515099897e+00,3.322925305317834810e-01
1.968209641928390097e+00,3.323051641620372587e-01
1.968541708341670082e+00,3.321498690871894088e-01
1.968873774754950068e+00,3.320164619663971139e-01
1.969205841168230053e+00,3.321060133142955118e-01
1.969537907581520031e+00,3.323988380536850862e-01
1.969869973994800016e+00,3.327075088169737516e-01
1.970202040408080002e+00,3.328439957178460640e-01
1.970534106821359988e+00,3.327670405022595812e-01
1.970866173234649965e+00,3.326031899127113167e-01
1.971198239647929951e+00,3.324422660339514946e-01
1.971530306061209936e+00,3.323416488412140879e-01
1.971862372474499914e+00,3.323582444506205658e-01
1.972194438887779899e+00,3.325326442536138405e-01
1.972526505301060107e+00,3.327911098282938518e-01
1.972858571714340092e+00,3.329763107470110062e-01
1.973190638127630070e+00,3.329453600208650554e-01
1.973522704540910055e+00,3.327066660658253849e-01
1.973854770954190041e+00,3.323748625589247885e-01
1.974186837367470027e+00,3.321088630516179085e-01
1.974518903780760004e+00,3.319465449090023834e-01
1.974850970194039990e+00,3.318491783777848814e-01
1.975183036607319975e+00,3.317989036255655777e-01
1.975515103020599961e+00,3.318227934048101346e-01
1.975847169433889938e+00,3.319089133654055668e-01
1.976179235847169924e+00,3.320833673660242291e-01
1.976511302260449909e+00,3.323056276486133220e-01
1.976843368673740109e+00,3.324777818170197019e-01
1.977175435087020094e+00,3.325202508883303709e-01
1.977507501500300080e+00,3.324282145910376629e-01
1.977839567913580066e+00,3.322893847026764935e-01
1.978171634326870043e+00,3.321228778121751990e-01
1.978503700740150029e+00,3.319564650962388286e-01
1.978835767153430014e+00,3.318032344614370577e-01
1.979167833566710000e+00,3.316746238917017142e-01
1.979499899979999977e+00,3.315810247657066667e-01
1.979831966393279963e+00,3.315244584086350921e-01
1.980164032806559948e+00,3.315059366525044959e-01
1.980496099219839934e+00,3.315157898759563682e-01
1.980828165633129911e+00,3.315344817168201508e-01
1.981160232046409897e+00,3.315424863128347832e-01
1.981492298459690105e+00,3.315308005409145498e-01
1.981824364872970090e+00,3.315027885543822550e-01
1.982156431286260068e+00,3.314623879017561392e-01
1.982488497699540053e+00,3.314065703323109680e-01
1.982820564112820039e+00,3.313231577148119111e-01
1.983152630526110016e+00,3.311969061691630856e-01
1.983484696939390002e+00,3.310307095076171491e-01
1.983816763352669987e+00,3.309271890875198352e-01
1.984148829765949973e+00,3.309764545157573568e-01
1.984480896179239950e+00,3.311560295436072332e-01
1.984812962592519936e+00,3.313588069223014076e-01
1.985145029005799922e+00,3.314820514426340403e-01
1.985477095419079907e+00,3.314857891086581132e-01
1.985809161832370107e+00,3.314319445527418861e-01
1.986141228245650092e+00,3.313317235333236854e-01
1.986473294658930078e+00,3.312244973644744017e-01
1.986805361072210063e+00,3.311733714880497059e-01
1.987137427485500041e+00,3.312334026733458336e-01
1.987469493898780026e+00,3.313943075131263738e-01
1.987801560312060012e+00,3.315646472115137966e-01
1.988133626725349989e+00,3.316540558178258102e-01
1.988465693138629975e+00,3.316445023352972976e-01
1.988797759551909961e+00,3.316073525083156892e-01
1.989129825965189946e+00,3.316257187731807554e-01
1.989461892378479924e+00,3.317146243236924197e-01
1.989793958791759909e+00,3.317985387194546942e-01
1.990126025205039895e+00,3.318015415176666094e-01
1.990458091618320102e+00,3.317255372996191221e-01
1.990790158031610080e+00,3.316563352789229646e-01
1.991122224444890065e+00,3.316568772293705947e-01
1.991454290858170051e+00,3.317344591383193375e-01
1.991786357271450036e+00,3.318828116726348920e-01
1.992118423684740014e+00,3.320526207521978801e-01
1.992450490098020000e+00,3.322052545841038818e-01
1.992782556511299985e+00,3.323215716613641679e-01
1.993114622924589963e+00,3.323409038226165513e-01
1.993446689337869948e+00,3.322861248683179336e-01
1.993778755751149934e+00,3.321614138894357082e-01
1.994110822164429919e+00,3.319996379584543855e-01
1.994442888577719897e+00,3.318258894329516040e-01
1.994774954991000104e+00,3.316410264484593862e-01
1.995107021404280090e+00,3.314846023571738631e-01
1.995439087817560075e+00,3.313483295778277271e-01
1.995771154230850053e+00,3.311925185189332210e-01
1.996103220644130039e+00,3.309771771289495845e-01
1.996435287057410024e+00,3.306980039632120838e-01
1.996767353470690010e+00,3.304016393594940149e-01
1.997099419883979987e+00,3.301127441738803681e-01
1.997431486297259973e+00,3.298958149997799905e-01
1.997763552710539958e+00,3.297482009396094926e-01
1.998095619123829936e+00,3.296613480723402656e-01
1.998427685537109921e+00,3.296272017175730928e-01
1.998759751950389907e+00,3.297030151300036627e-01
1.999091818363669892e+00,3.297241314578239768e-01
1.999423884776960092e+00,3.296810401570680615e-01
1.999755951190240078e+00,3.296269957168160847e-01
2.000088017603519841e+00,3.296137930726466547e-01
2.000420084016799827e+00,3.296459599078878089e-01
2.000752150430090026e+00,3.296680296349923101e-01
2.001084216843370012e+00,3.296354613503275077e-01
2.001416283256649997e+00,3.294943701630004829e-01
2.001748349669929983e+00,3.292870350606111884e-01
2.002080416083220182e+00,3.290728800990628256e-01
2.002412482496500168e+00,3.288980129319803991e-01
2.002744548909780153e+00,3.287909214684603953e-01
2.003076615323069909e+00,3.287650907031111069e-01
2.003408681736349894e+00,3.288352147471643172e-01
2.003740748149629880e+00,3.289667012386772171e-01
2.004072814562909866e+00,3.291268437528580559e-01
2.004404880976200065e+00,3.293038046603178892e-01
2.004736947389480051e+00,3.293625172299389225e-01
2.005069013802760036e+00,3.292258174231129653e-01
2.005401080216040022e+00,3.288809249305568727e-01
2.005733146629330221e+00,3.285178612457360647e-01
2.006065213042610207e+00,3.283581199203012280e-01
2.006397279455890192e+00,3.285896536898722520e-01
2.006729345869170178e+00,3.289226635831845602e-01
2.007061412282459933e+00,3.290619791491310453e-01
2.007393478695739919e+00,3.288589563723595122e-01
2.007725545109019905e+00,3.285512586158371162e-01
2.008057611522299890e+00,3.284287953722916376e-01
2.008389677935590090e+00,3.286294277151348697e-01
2.008721744348870075e+00,3.289448481967753302e-01
2.009053810762150061e+00,3.291332809605688747e-01
2.009385877175430046e+00,3.290457188182726034e-01
2.009717943588719802e+00,3.288365598057526595e-01
2.010050010001999787e+00,3.287244874705112507e-01
2.010382076415280217e+00,3.288472268633164108e-01
2.010714142828569972e+00,3.290678521000167667e-01
2.011046209241849958e+00,3.292307855156549889e-01
2.011378275655129944e+00,3.292542873897090216e-01
2.011710342068409929e+00,3.292162846421198275e-01
2.012042408481700129e+00,3.291910267007611690e-01
2.012374474894980114e+00,3.292149764597846473e-01
2.012706541308260100e+00,3.293004104234985019e-01
2.013038607721540085e+00,3.294245096669565775e-01
2.013370674134829841e+00,3.295687255704533580e-01
2.013702740548109826e+00,3.297224854057068111e-01
2.014034806961389812e+00,3.298737328528180135e-01
2.014366873374680011e+00,3.299948687602574648e-01
2.014698939787959997e+00,3.300887717385401765e-01
2.015031006201239983e+00,3.301689202765106246e-01
2.015363072614519968e+00,3.302380891985121636e-01
2.015695139027810168e+00,3.302684618833794383e-01
2.016027205441090153e+00,3.302294430819152082e-01
2.016359271854370139e+00,3.301251612947035952e-01
2.016691338267650124e+00,3.300464832484651390e-01
2.017023404680939880e+00,3.301087751769526402e-01
2.017355471094219865e+00,3.303677978815064420e-01
2.017687537507499851e+00,3.306887355540182871e-01
2.018019603920779836e+00,3.309333755975100710e-01
2.018351670334070036e+00,3.309723487225226801e-01
2.018683736747350022e+00,3.309037799900018118e-01
2.019015803160630007e+00,3.308789732894895641e-01
2.019347869573909993e+00,3.310023626512911266e-01
2.019679935987200192e+00,3.312183100902742483e-01
2.020012002400480178e+00,3.314412484370058420e-01
2.020344068813760163e+00,3.315817085944982034e-01
2.020676135227049919e+00,3.316670216556232842e-01
2.021008201640329904e+00,3.317265162128607003e-01
2.021340268053609890e+00,3.317850526841202852e-01
2.021672334466889875e+00,3.318194502025192394e-01
2.022004400880180075e+00,3.318862247048351977e-01
2.022336467293460061e+00,3.319987379557775009e-01
2.022668533706740046e+00,3.321667463477597226e-01
2.023000600120020032e+00,3.324229462018123415e-01
2.023332666533309787e+00,3.327863181716709806e-01
2.023664732946590217e+00,3.330902062955223286e-01
2.023996799359870202e+00,3.332614147826241102e-01
2.024328865773159958e+00,3.332217077208166067e-01
2.024660932186439943e+00,3.330602306848985394e-01
2.024992998599719929e+00,3.329263618770129107e-01
2.025325065012999914e+00,3.329361622579056212e-01
2.025657131426290114e+00,3.330691748661663842e-01
2.025989197839570100e+00,3.332718334989604458e-01
2.026321264252850085e+00,3.335036882000342873e-01
2.026653330666130071e+00,3.337210308107000922e-01
2.026985397079419826e+00,3.338823873358623406e-01
2.027317463492699812e+00,3.339288855244432752e-01
2.027649529905979797e+00,3.338751043833047549e-01
2.027981596319259783e+00,3.337544589930175332e-01
2.028313662732549982e+00,3.336004114110701080e-01
2.028645729145829968e+00,3.335117388079417156e-01
2.028977795559109953e+00,3.335847187572982819e-01
2.029309861972389939e+00,3.338462358432878752e-01
2.029641928385680139e+00,3.341568828122303825e-01
2.029973994798960124e+00,3.342791221190928863e-01
2.030306061212240110e+00,3.340431204192289560e-01
2.030638127625520095e+00,3.336122983855902002e-01
2.030970194038809851e+00,3.332662810307959189e-01
2.031302260452089836e+00,3.331916483338915325e-01
2.031634326865369822e+00,3.332695004544078410e-01
2.031966393278660021e+00,3.332716717154654007e-01
2.032298459691940007e+00,3.330323512664888908e-01
2.032630526105219992e+00,3.326838996191096576e-01
2.032962592518499978e+00,3.324327274608548932e-01
2.033294658931790178e+00,3.324244933983635519e-01
2.033626725345070163e+00,3.326062588617717530e-01
2.033958791758350149e+00,3.327778526800919123e-01
2.034290858171630134e+00,3.327854790494437776e-01
2.034622924584919890e+00,3.326426962281506805e-01
2.034954990998199875e+00,3.323898867367874876e-01
2.035287057411479861e+00,3.320750128514995958e-01
2.035619123824759846e+00,3.317618405762178813e-01
2.035951190238050046e+00,3.315693643074537067e-01
2.036283256651330031e+00,3.315777577813152077e-01
2.036615323064610017e+00,3.317201733731873770e-01
2.036947389477900217e+00,3.318263698367644454e-01
2.037279455891180202e+00,3.318183666768958484e-01
2.037611522304460188e+00,3.317024331831208706e-01
2.037943588717740173e+00,3.315966459972117808e-01
2.038275655131029929e+00,3.316033409773697649e-01
2.038607721544309914e+00,3.316882168442095158e-01
2.038939787957589900e+00,3.318045711155542810e-01
2.039271854370869885e+00,3.319227585847755457e-01
2.039603920784160085e+00,3.320402780265802045e-01
2.039935987197440070e+00,3.322033344246819730e-01
2.040268053610720056e+00,3.324491183831231322e-01
2.040600120024000041e+00,3.327230316822556988e-01
2.040932186437289797e+00,3.329374099276856125e-01
2.041264252850569783e+00,3.330220858416305663e-01
2.041596319263850212e+00,3.330358512887396927e-01
2.041928385677139968e+00,3.330826506614620319e-01
2.042260452090419953e+00,3.332444521636572787e-01
2.042592518503699939e+00,3.335015112687237382e-01
2.042924584916979924e+00,3.337094290301278465e-01
2.043256651330270124e+00,3.337968544003029892e-01
2.043588717743550109e+00,3.337935019473506904e-01
2.043920784156830095e+00,3.337652035447900012e-01
2.044252850570110080e+00,3.337718315866231023e-01
2.044584916983399836e+00,3.338340752206177542e-01
2.044916983396679822e+00,3.338907683183834907e-01
2.045249049809959807e+00,3.339139959943003833e-01
2.045581116223250007e+00,3.338935740143467168e-01
2.045913182636529992e+00,3.338310775076989700e-01
2.046245249049809978e+00,3.337387811957264749e-01
2.046577315463089963e+00,3.336580429035130302e-01
2.046909381876380163e+00,3.336478180337833499e-01
2.047241448289660148e+00,3.337527808771791338e-01
2.047573514702940134e+00,3.339624750002457287e-01
2.047905581116220119e+00,3.342006294478060968e-01
2.048237647529509875e+00,3.343496163364166329e-01
2.048569713942789861e+00,3.343766228900932891e-01
2.048901780356069846e+00,3.343469547918402340e-01
2.049233846769349832e+00,3.342898368654698138e-01
2.049565913182640031e+00,3.342474210063913209e-01
2.049897979595920017e+00,3.342770559507335371e-01
2.050230046009200002e+00,3.344423934202324644e-01
2.050562112422479988e+00,3.346623818033384046e-01
2.050894178835770187e+00,3.348261048009521512e-01
2.051226245249050173e+00,3.348341246269065374e-01
2.051558311662330158e+00,3.347359733994635378e-01
2.051890378075619914e+00,3.346671198724144314e-01
2.052222444488899900e+00,3.347130648658750984e-01
2.052554510902179885e+00,3.349009143139268785e-01
2.052886577315459871e+00,3.351235900939765755e-01
2.053218643728750070e+00,3.352991189684763063e-01
2.053550710142030056e+00,3.354109541597895539e-01
2.053882776555310041e+00,3.354802096134707479e-01
2.054214842968590027e+00,3.354936813207951563e-01
2.054546909381879782e+00,3.354944257863495816e-01
2.054878975795160212e+00,3.354196882675336555e-01
2.055211042208440197e+00,3.352973664883470151e-01
2.055543108621720183e+00,3.351837518128721327e-01
2.055875175035009939e+00,3.351175593394863372e-01
2.056207241448289924e+00,3.351398327582768566e-01
2.056539307861569910e+00,3.352364580792016602e-01
2.056871374274849895e+00,3.354232965622848672e-01
2.057203440688140095e+00,3.356989491112559731e-01
2.057535507101420080e+00,3.359657345806610351e-01
2.057867573514700066e+00,3.360577247280234214e-01
2.058199639927989821e+00,3.358018191683641018e-01
2.058531706341269807e+00,3.353310279552895179e-01
2.058863772754549792e+00,3.349060964185733291e-01
2.059195839167830222e+00,3.348214942322053078e-01
2.059527905581119978e+00,3.350921303986027500e-01
2.059859971994399963e+00,3.354460616948246043e-01
2.060192038407679949e+00,3.356635498615390123e-01
2.060524104820959934e+00,3.356893928971674268e-01
2.060856171234250134e+00,3.355120282977145929e-01
2.061188237647530119e+00,3.351427104458814532e-01
2.061520304060810105e+00,3.346873909591630003e-01
2.061852370474090090e+00,3.342740618802224617e-01
2.062184436887379846e+00,3.340735656549795873e-01
2.062516503300659831e+00,3.340933076357875953e-01
2.062848569713939817e+00,3.342447299693878660e-01
2.063180636127230017e+00,3.344390981457895928e-01
2.063512702540510002e+00,3.346135287791326962e-01
2.063844768953789988e+00,3.347302053978346015e-01
2.064176835367069973e+00,3.347457400361649182e-01
2.064508901780360173e+00,3.346359787430008836e-01
2.064840968193640158e+00,3.344356418057039537e-01
2.065173034606920144e+00,3.341655500917745103e-01
2.065505101020200129e+00,3.338734994467265071e-01
2.065837167433489885e+00,3.336342658388757876e-01
2.066169233846769870e+00,3.335168198354843683e-01
2.066501300260049856e+00,3.335095411270108667e-01
2.066833366673329841e+00,3.335235614578265229e-01
2.067165433086620041e+00,3.334774324574169557e-01
2.067497499499900027e+00,3.333632312482178728e-01
2.067829565913180012e+00,3.332121246097101697e-01
2.068161632326470212e+00,3.331048700917191296e-01
2.068493698739750197e+00,3.329992573088761953e-01
2.068825765153030183e+00,3.327857242531653825e-01
2.069157831566310168e+00,3.323671971393096780e-01
2.069489897979599924e+00,3.318053060945723720e-01
2.069821964392879909e+00,3.312609552367365984e-01
2.070154030806159895e+00,3.309096292969780362e-01
2.070486097219439880e+00,3.308076224371649943e-01
2.070818163632730080e+00,3.308650456670929607e-01
2.071150230046010066e+00,3.310014773027808443e-01
2.071482296459290051e+00,3.310846077249074981e-01
2.071814362872570037e+00,3.310888517628740590e-01
2.072146429285859792e+00,3.309374817094870025e-01
2.072478495699140222e+00,3.306373893660916052e-01
2.072810562112420207e+00,3.303069465162392637e-01
2.073142628525709963e+00,3.300974031899960304e-01
2.073474694938989948e+00,3.300818842905462458e-01
2.073806761352269934e+00,3.301263989759528061e-01
2.074138827765549919e+00,3.301425191669993264e-01
2.074470894178840119e+00,3.300907850751693129e-01
2.074802960592120105e+00,3.299794851104034810e-01
2.075135027005400090e+00,3.298419563094510121e-01
2.075467093418680076e+00,3.297108238601509922e-01
2.075799159831969831e+00,3.296074972955468363e-01
2.076131226245249817e+00,3.295533674923082912e-01
2.076463292658529802e+00,3.295276721614895377e-01
2.076795359071809788e+00,3.294685243052454804e-01
2.077127425485099987e+00,3.292954455157908189e-01
2.077459491898379973e+00,3.290600001644053418e-01
2.077791558311659958e+00,3.289016919392588889e-01
2.078123624724950158e+00,3.289949273186628664e-01
2.078455691138230144e+00,3.293529208456167368e-01
2.078787757551510129e+00,3.297657485157384216e-01
2.079119823964790115e+00,3.300763318924527789e-01
2.079451890378079870e+00,3.301294837522218972e-01
2.079783956791359856e+00,3.300021552502478417e-01
2.080116023204639841e+00,3.298157597553114107e-01
2.080448089617919827e+00,3.296311895306068274e-01
2.080780156031210026e+00,3.293741820703092738e-01
2.081112222444490012e+00,3.291469171264732041e-01
2.081444288857769997e+00,3.290032485184024580e-01
2.081776355271049983e+00,3.289288216757116912e-01
2.082108421684340183e+00,3.289489563445347486e-01
2.082440488097620168e+00,3.290516080899270057e-01
2.082772554510900154e+00,3.291003561122053389e-01
2.083104620924180139e+00,3.289693755051245616e-01
2.083436687337469895e+00,3.286408381244280141e-01
2.083768753750749880e+00,3.282780670631154085e-01
2.084100820164029866e+00,3.280509516259786373e-01
2.084432886577320065e+00,3.280031117239693428e-01
2.084764952990600051e+00,3.279788366905759811e-01
2.085097019403880036e+00,3.278422730970909083e-01
2.085429085817160022e+00,3.275286298519534123e-01
2.085761152230450222e+00,3.272164237347929827e-01
2.086093218643730207e+00,3.271160336579626571e-01
2.086425285057010193e+00,3.273002688266299920e-01
2.086757351470290178e+00,3.275332892273734031e-01
2.087089417883579934e+00,3.275916117484796164e-01
2.087421484296859919e+00,3.273906497389616477e-01
2.087753550710139905e+00,3.271429122482385488e-01
2.088085617123419890e+00,3.270749264657633604e-01
2.088417683536710090e+00,3.272211844841959594e-01
2.088749749949990075e+00,3.273469828466556431e-01
2.089081816363270061e+00,3.273413616863152242e-01
2.089413882776559817e+00,3.271394939811430591e-01
2.089745949189839802e+00,3.268834636362358270e-01
2.090078015603119788e+00,3.267303155700128081e-01
2.090410082016400217e+00,3.267658539708896415e-01
2.090742148429689973e+00,3.269659083843426406e-01
2.091074214842969958e+00,3.272807267072505022e-01
2.091406281256249944e+00,3.276261936138629705e-01
2.091738347669529929e+00,3.278417918931902930e-01
2.092070414082820129e+00,3.277537282107396699e-01
2.092402480496100114e+00,3.273221106631928334e-01
2.092734546909380100e+00,3.268549074526053144e-01
2.093066613322660086e+00,3.266365219960403188e-01
2.093398679735949841e+00,3.267936596310177522e-01
2.093730746149229827e+00,3.271056499543725793e-01
2.094062812562509812e+00,3.273268530252115283e-01
2.094394878975800012e+00,3.273741313611066572e-01
2.094726945389079997e+00,3.273060222709179845e-01
2.095059011802359983e+00,3.273074293229542020e-01
2.095391078215639968e+00,3.274614743191892607e-01
2.095723144628930168e+00,3.276684923144231321e-01
2.096055211042210153e+00,3.278133397907896374e-01
2.096387277455490139e+00,3.278243223686573282e-01
2.096719343868770125e+00,3.277238659214793404e-01
2.097051410282059880e+00,3.276333561795612415e-01
2.097383476695339866e+00,3.276131424550881577e-01
2.097715543108619851e+00,3.276341532986394300e-01
2.098047609521899837e+00,3.276807494553837796e-01
2.098379675935190036e+00,3.277160938421118663e-01
2.098711742348470022e+00,3.277411033234278737e-01
2.099043808761750007e+00,3.277670338193069410e-01
2.099375875175040207e+00,3.277851179805555404e-01
2.099707941588320192e+00,3.277645042170658218e-01
2.100040008001600178e+00,3.276972416019944823e-01
2.100372074414880164e+00,3.276345811518505124e-01
2.100704140828169919e+00,3.276102332186563437e-01
2.101036207241449905e+00,3.277100996903386521e-01
2.101368273654729890e+00,3.279708872857490798e-01
2.101700340068009876e+00,3.283095690945987410e-01
2.102032406481300075e+00,3.286180537330997131e-01
2.102364472894580061e+00,3.287553569665566111e-01
2.102696539307860046e+00,3.287684108175677467e-01
2.103028605721140032e+00,3.286722344001615226e-01
2.103360672134429787e+00,3.284848995027743190e-01
2.103692738547710217e+00,3.282455844644031617e-01
2.104024804960990203e+00,3.280540689303213520e-01
2.104356871374270188e+00,3.279353157159020649e-01
2.104688937787559944e+00,3.278927603340288099e-01
2.105021004200839929e+00,3.279479541529434772e-01
2.105353070614119915e+00,3.281122118545446997e-01
2.105685137027410114e+00,3.283258657154283777e-01
2.106017203440690100e+00,3.285886408746717668e-01
2.106349269853970085e+00,3.288222687589228421e-01
2.106681336267250071e+00,3.289475100716212075e-01
2.107013402680539826e+00,3.288812340687617408e-01
2.107345469093819812e+00,3.285714611728678958e-01
2.107677535507099797e+00,3.281838759461123134e-01
2.108009601920379783e+00,3.279282370268796765e-01
2.108341668333669983e+00,3.279164623007169155e-01
2.108673734746949968e+00,3.280221498429269356e-01
2.109005801160229954e+00,3.281029658085226064e-01
2.109337867573509939e+00,3.280742382461607765e-01
2.109669933986800139e+00,3.279751718741921729e-01
2.110002000400080124e+00,3.278753550348184054e-01
2.110334066813360110e+00,3.276264425369544431e-01
2.110666133226649865e+00,3.273054610381724294e-01
2.110998199639929851e+00,3.269324133700203805e-01
2.111330266053209836e+00,3.264930329811380205e-01
2.111662332466489822e+00,3.260016548015628457e-01
2.111994398879780022e+00,3.255627807383941197e-01
2.112326465293060007e+00,3.252212328164173494e-01
2.112658531706339993e+00,3.249833268965189870e-01
2.112990598119619978e+00,3.248670226001816874e-01
2.113322664532910178e+00,3.247936481123669394e-01
2.113654730946190163e+00,3.247828834814741605e-01
2.113986797359470149e+00,3.247332474572175998e-01
2.114318863772750134e+00,3.246151118850196804e-01
2.114650930186039890e+00,3.244317550510534276e-01
2.114982996599319875e+00,3.241685827187726354e-01
2.115315063012599861e+00,3.237885255944968899e-01
2.115647129425890061e+00,3.234048048646094853e-01
2.115979195839170046e+00,3.230618090864919023e-01
2.116311262252450032e+00,3.228173964653573424e-01
2.116643328665730017e+00,3.226412245070388041e-01
2.116975395079020217e+00,3.224355804095723199e-01
2.117307461492300202e+00,3.222570846917828802e-01
2.117639527905580188e+00,3.222099067596434496e-01
2.117971594318860173e+00,3.221060012011842111e-01
2.118303660732149929e+00,3.218642892248921306e-01
2.118635727145429914e+00,3.215862396584404093e-01
2.118967793558709900e+00,3.213998506155654189e-01
2.119299859971989886e+00,3.213279619191974912e-01
2.119631926385280085e+00,3.213090366613048365e-01
2.119963992798560071e+00,3.210948085161809407e-01
2.120296059211840056e+00,3.205961155185643174e-01
2.120628125625120042e+00,3.199910513631385456e-01
2.120960192038409797e+00,3.195128663913985312e-01
2.121292258451689783e+00,3.194267244433779407e-01
2.121624324864970212e+00,3.195373642519896973e-01
2.121956391278259968e+00,3.195060952007287569e-01
2.122288457691539953e+00,3.190709187048263451e-01
2.122620524104819939e+00,3.184049328991472305e-01
2.122952590518099925e+00,3.177979156375173031e-01
2.123284656931390124e+00,3.175046861730550507e-01
2.123616723344670110e+00,3.174333857052685226e-01
2.123948789757950095e+00,3.174203244688781345e-01
2.124280856171230081e+00,3.173035576805681712e-01
2.124612922584519836e+00,3.170591792477420179e-01
2.124944988997799822e+00,3.167509018693532852e-01
2.125277055411079807e+00,3.165934970165482643e-01
2.125609121824370007e+00,3.165513872066713641e-01
2.125941188237649992e+00,3.164910974643242447e-01
2.126273254650929978e+00,3.163419848665651180e-01
2.126605321064209964e+00,3.162520227377851878e-01
2.126937387477500163e+00,3.162206281275997677e-01
2.127269453890780149e+00,3.163984908461537349e-01
2.127601520304060134e+00,3.166808346094578952e-01
2.127933586717340120e+00,3.169335526948438564e-01
2.128265653130629875e+00,3.170598283680599039e-01
2.128597719543909861e+00,3.170892002166798562e-01
2.128929785957189846e+00,3.171505586313091429e-01
2.129261852370469832e+00,3.174052916831771043e-01
2.129593918783760031e+00,3.178778402771174627e-01
2.129925985197040017e+00,3.183863103431361363e-01
2.130258051610320003e+00,3.186659871310787984e-01
2.130590118023599988e+00,3.188037665342670635e-01
2.130922184436890188e+00,3.189154210295206404e-01
2.131254250850170173e+00,3.191459172799146482e-01
2.131586317263450159e+00,3.194857691158929369e-01
2.131918383676739914e+00,3.198911734625619063e-01
2.132250450090019900e+00,3.203809292235257900e-01
2.132582516503299885e+00,3.208724987950496987e-01
2.132914582916579871e+00,3.213919935240542869e-01
2.133246649329870070e+00,3.219653336022443302e-01
2.133578715743150056e+00,3.224883450025140541e-01
2.133910782156430042e+00,3.228522135986644503e-01
2.134242848569710027e+00,3.230540312406998127e-01
2.134574914982999783e+00,3.231728336434277482e-01
2.134906981396280212e+00,3.234358495466282402e-01
2.135239047809560198e+00,3.239618356983524627e-01
2.135571114222840183e+00,3.246632046678444294e-01
2.135903180636129939e+00,3.253247402304912939e-01
2.136235247049409924e+00,3.257115869749530046e-01
2.136567313462689910e+00,3.258777647098744512e-01
2.136899379875980109e+00,3.258394073949293368e-01
2.137231446289260095e+00,3.258299935872021047e-01
2.137563512702540081e+00,3.259349846678942231e-01
2.137895579115820066e+00,3.261274959671640050e-01
2.138227645529109822e+00,3.263685186878794164e-01
2.138559711942389807e+00,3.266535550501704077e-01
2.138891778355669793e+00,3.269127865492833518e-01
2.139223844768949778e+00,3.271158048312653444e-01
2.139555911182239978e+00,3.273104170727960116e-01
2.139887977595519963e+00,3.275958639610860312e-01
2.140220044008799949e+00,3.280346783289443402e-01
2.140552110422079934e+00,3.285672085379269802e-01
2.140884176835370134e+00,3.289984796466415840e-01
2.141216243248650120e+00,3.291631187857981811e-01
2.141548309661930105e+00,3.291392498023185120e-01
2.141880376075219861e+00,3.291575130423360362e-01
2.142212442488499846e+00,3.294079777169854895e-01
2.142544508901779832e+00,3.299227301896833220e-01
2.142876575315059817e+00,3.305449984013769660e-01
2.143208641728350017e+00,3.311362947329063999e-01
2.143540708141630002e+00,3.316591695364882741e-01
2.143872774554909988e+00,3.321162312548585627e-01
2.144204840968189973e+00,3.325767422479071200e-01
2.144536907381480173e+00,3.330277295755915690e-01
2.144868973794760159e+00,3.334790608018280977e-01
2.145201040208040144e+00,3.339531805761320471e-01
2.145533106621320130e+00,3.344401068947261968e-01
2.145865173034609885e+00,3.349024679918841674e-01
2.146197239447889871e+00,3.352860941458150612e-01
2.146529305861169856e+00,3.355703391106221734e-01
2.146861372274460056e+00,3.358048015108122120e-01
2.147193438687740041e+00,3.360265683600772157e-01
2.147525505101020027e+00,3.362561260123425044e-01
2.147857571514300012e+00,3.365082523770838163e-01
2.148189637927590212e+00,3.368133737250021964e-01
2.148521704340870198e+00,3.371733265858428696e-01
2.148853770754150183e+00,3.376173051686343629e-01
2.149185837167430169e+00,3.381580414896209197e-01
2.149517903580719924e+00,3.386974126960679010e-01
2.149849969993999910e+00,3.391309402013323315e-01
2.150182036407279895e+00,3.394230101182663106e-01
2.150514102820559881e+00,3.396113496673077159e-01
2.150846169233850080e+00,3.398105257520379063e-01
2.151178235647130066e+00,3.401132313190632361e-01
2.151510302060410051e+00,3.404936505361504939e-01
2.151842368473690037e+00,3.409046015540535546e-01
2.152174434886979792e+00,3.413597395692570813e-01
2.152506501300259778e+00,3.418037563180281735e-01
2.152838567713540208e+00,3.422035579047864595e-01
2.153170634126829963e+00,3.425206754092772199e-01
2.153502700540109949e+00,3.427641581600665566e-01
2.153834766953389934e+00,3.430917715846945604e-01
2.154166833366669920e+00,3.435993094201179043e-01
2.154498899779960119e+00,3.443125761425686049e-01
2.154830966193240105e+00,3.451191888598216795e-01
2.155163032606520090e+00,3.458662438701396447e-01
2.155495099019800076e+00,3.465766012048513423e-01
2.155827165433089831e+00,3.472669241571949561e-01
2.156159231846369817e+00,3.479480814262570498e-01
2.156491298259649803e+00,3.486429341688992989e-01
2.156823364672929788e+00,3.492759558536521758e-01
2.157155431086219988e+00,3.497606997646819926e-01
2.157487497499499973e+00,3.500609742621734743e-01
2.157819563912779959e+00,3.503494322814845185e-01
2.158151630326070158e+00,3.507953619549747382e-01
2.158483696739350144e+00,3.514780744505778820e-01
2.158815763152630129e+00,3.523752516754229402e-01
2.159147829565910115e+00,3.534453937129511392e-01
2.159479895979199870e+00,3.545275219157373314e-01
2.159811962392479856e+00,3.555299169581487284e-01
2.160144028805759842e+00,3.562633041360118713e-01
2.160476095219039827e+00,3.567247404925937837e-01
2.160808161632330027e+00,3.571161709623759672e-01
2.161140228045610012e+00,3.575760900048658431e-01
2.161472294458889998e+00,3.582055162982978325e-01
2.161804360872169983e+00,3.588694170600046363e-01
2.162136427285460183e+00,3.593920762790187573e-01
2.162468493698740168e+00,3.596932675302980664e-01
2.162800560112020154e+00,3.598765234072151542e-01
2.163132626525309909e+00,3.601388508953847767e-01
2.163464692938589895e+00,3.605588821870231442e-01
2.163796759351869881e+00,3.610785173789756164e-01
2.164128825765149866e+00,3.616152611999925992e-01
2.164460892178440066e+00,3.620891420705684149e-01
2.164792958591720051e+00,3.624702129956886010e-01
2.165125025005000037e+00,3.627257592126902908e-01
2.165457091418280022e+00,3.629107674690875140e-01
2.165789157831570222e+00,3.631923929845083387e-01
2.166121224244850207e+00,3.637336365663256244e-01
2.166453290658130193e+00,3.645508380682335736e-01
2.166785357071410179e+00,3.654344511015777397e-01
2.167117423484699934e+00,3.661335843011563340e-01
2.167449489897979920e+00,3.665808045252377245e-01
2.167781556311259905e+00,3.669243918012587979e-01
2.168113622724550105e+00,3.673806765384450279e-01
2.168445689137830090e+00,3.680520759348957505e-01
2.168777755551110076e+00,3.687855215994763070e-01
2.169109821964390061e+00,3.693791677268721818e-01
2.169441888377679817e+00,3.698157407533803065e-01
2.169773954790959802e+00,3.701262758244022733e-01
2.170106021204239788e+00,3.703588219154207439e-01
2.170438087617520218e+00,3.706171701437916410e-01
2.170770154030809973e+00,3.710928878073299075e-01
2.171102220444089959e+00,3.719199403554919736e-01
2.171434286857369944e+00,3.730732998084036467e-01
2.171766353270649930e+00,3.742576623565222471e-01
2.172098419683940129e+00,3.751520344858784717e-01
2.172430486097220115e+00,3.756474153698080576e-01
2.172762552510500100e+00,3.759934347721591852e-01
2.173094618923780086e+00,3.767601615437080054e-01
2.173426685337069841e+00,3.778334528054383967e-01
2.173758751750349827e+00,3.787690688910728132e-01
2.174090818163629812e+00,3.798118977994691114e-01
2.174422884576920012e+00,3.808924320247055739e-01
2.174754950990199998e+00,3.819373460357179395e-01
2.175087017403479983e+00,3.828944552892758479e-01
2.175419083816759969e+00,3.837210763397001512e-01
2.175751150230050168e+00,3.843740181415250534e-01
2.176083216643330154e+00,3.847970284719275380e-01
2.176415283056610139e+00,3.849910635819860927e-01
2.176747349469890125e+00,3.851417565538594601e-01
2.177079415883179880e+00,3.854608659881699206e-01
2.177411482296459866e+00,3.860461263536384968e-01
2.177743548709739851e+00,3.867523175027879900e-01
2.178075615123019837e+00,3.873688671004011930e-01
2.178407681536310037e+00,3.877576709180557968e-01
2.178739747949590022e+00,3.879862138917539727e-01
2.179071814362870008e+00,3.881486895180865093e-01
2.179403880776160207e+00,3.883211339567091414e-01
2.179735947189440193e+00,3.885150000974014750e-01
2.180068013602720178e+00,3.887329294162317761e-01
2.180400080016000164e+00,3.889458371222255795e-01
2.180732146429289919e+00,3.890727651446185265e-01
2.181064212842569905e+00,3.890452652907800402e-01
2.181396279255849890e+00,3.888649628781669643e-01
2.181728345669129876e+00,3.886601638238923462e-01
2.182060412082420076e+00,3.885799353818204516e-01
2.182392478495700061e+00,3.887133378613014112e-01
2.182724544908980047e+00,3.889535705458332937e-01
2.183056611322260032e+00,3.891936577076814396e-01
2.183388677735549788e+00,3.893536632812234499e-01
2.183720744148830217e+00,3.894189033234361497e-01
2.184052810562110203e+00,3.893780319810848378e-01
2.184384876975399958e+00,3.892090285161707852e-01
2.184716943388679944e+00,3.889839373563018787e-01
2.185049009801959929e+00,3.887515679893983611e-01
2.185381076215239915e+00,3.885525987430341055e-01
2.185713142628530115e+00,3.884023616030998771e-01
2.186045209041810100e+00,3.883099987823493970e-01
2.186377275455090086e+00,3.882862933494742319e-01
2.186709341868370071e+00,3.883053243767001228e-01
2.187041408281659827e+00,3.883822722339059230e-01
2.187373474694939812e+00,3.885311416225316061e-01
2.187705541108219798e+00,3.887698120363299870e-01
2.188037607521499783e+00,3.890992656914933900e-01
2.188369673934789983e+00,3.894876462576862264e-01
2.188701740348069968e+00,3.898145526115224802e-01
2.189033806761349954e+00,3.899633739770956287e-01
2.189365873174640154e+00,3.899115978531059734e-01
2.189697939587920139e+00,3.898662978176800631e-01
2.190030006001200125e+00,3.900513415997634570e-01
2.190362072414480110e+00,3.905904749198879089e-01
2.190694138827769866e+00,3.913064784566028798e-01
2.191026205241049851e+00,3.919474094287960786e-01
2.191358271654329837e+00,3.923378002593044256e-01
2.191690338067609822e+00,3.925456349863810646e-01
2.192022404480900022e+00,3.926853643002315430e-01
2.192354470894180007e+00,3.927450627977757125e-01
2.192686537307459993e+00,3.926776425178211682e-01
2.193018603720739979e+00,3.927526564273495224e-01
2.193350670134030178e+00,3.929804113940201793e-01
2.193682736547310164e+00,3.932403348219687400e-01
2.194014802960590149e+00,3.933854238748115129e-01
2.194346869373879905e+00,3.933480413105511775e-01
2.194678935787159890e+00,3.931718354820375461e-01
2.195011002200439876e+00,3.929704388436837115e-01
2.195343068613719861e+00,3.928412371471661224e-01
2.195675135027010061e+00,3.928216739483030850e-01
2.196007201440290046e+00,3.929355112017594021e-01
2.196339267853570032e+00,3.931602272557622735e-01
2.196671334266850018e+00,3.934096627171523308e-01
2.197003400680140217e+00,3.935541066729363324e-01
2.197335467093420203e+00,3.935123745434970788e-01
2.197667533506700188e+00,3.933916254534689516e-01
2.197999599919980174e+00,3.933452196965050440e-01
2.198331666333269929e+00,3.934215356603246727e-01
2.198663732746549915e+00,3.935630538553410163e-01
2.198995799159829900e+00,3.936001709618331956e-01
2.199327865573109886e+00,3.934403214679161875e-01
2.199659931986400085e+00,3.931781762301006511e-01
2.199991998399680071e+00,3.929611268938887902e-01
2.200324064812960057e+00,3.929236815890313483e-01
2.200656131226249812e+00,3.929834885116750276e-01
2.200988197639529798e+00,3.930385819350582510e-01
2.201320264052809783e+00,3.930131145127724879e-01
2.201652330466090213e+00,3.929446737831893688e-01
2.201984396879379968e+00,3.928834083325507542e-01
2.202316463292659954e+00,3.929392346287265414e-01
2.202648529705939939e+00,3.929883435599900721e-01
2.202980596119219925e+00,3.929151978693668501e-01
2.203312662532510124e+00,3.926484481277890959e-01
2.203644728945790110e+00,3.923151008156461339e-01
2.203976795359070096e+00,3.921009054608274869e-01
2.204308861772350081e+00,3.920929768922631342e-01
2.204640928185639837e+00,3.923180380980826332e-01
2.204972994598919822e+00,3.926949453396209599e-01
2.205305061012199808e+00,3.931201725990139395e-01
2.205637127425490007e+00,3.933995514318756603e-01
2.205969193838769993e+00,3.933098732067104586e-01
2.206301260252049978e+00,3.927712948138074589e-01
2.206633326665329964e+00,3.920239345292307331e-01
2.206965393078620163e+00,3.914980896287694190e-01
2.207297459491900149e+00,3.915287612743197920e-01
2.207629525905180135e+00,3.919022615690667122e-01
2.207961592318460120e+00,3.922212931545529524e-01
2.208293658731749876e+00,3.922140459422720493e-01
2.208625725145029861e+00,3.919598955799269424e-01
2.208957791558309847e+00,3.917414622912478439e-01
2.209289857971589832e+00,3.917984848948031784e-01
2.209621924384880032e+00,3.920962659918335591e-01
2.209953990798160017e+00,3.925001076173003645e-01
2.210286057211440003e+00,3.928431459760620137e-01
2.210618123624730202e+00,3.930861726248381371e-01
2.210950190038010188e+00,3.931823219399150915e-01
2.211282256451290174e+00,3.930975549096042965e-01
2.211614322864570159e+00,3.929137971667072127e-01
2.211946389277859915e+00,3.927574736968021396e-01
2.212278455691139900e+00,3.927008396365655463e-01
2.212610522104419886e+00,3.927423474338460618e-01
2.212942588517699871e+00,3.928055471281333144e-01
2.213274654930990071e+00,3.928147937551050295e-01
2.213606721344270056e+00,3.927451972828004956e-01
2.213938787757550042e+00,3.925929316859755880e-01
2.214270854170830027e+00,3.924249604479131404e-01
2.214602920584119783e+00,3.922940308874334203e-01
2.214934986997400213e+00,3.922993514204485277e-01
2.215267053410680198e+00,3.925376011137008958e-01
2.215599119823969954e+00,3.929130566706792171e-01
2.215931186237249939e+00,3.932448730663914427e-01
2.216263252650529925e+00,3.933141383394375135e-01
2.216595319063809910e+00,3.932153775839058452e-01
2.216927385477100110e+00,3.931060850238829452e-01
2.217259451890380095e+00,3.931055064057338844e-01
2.217591518303660081e+00,3.931579425245930737e-01
2.217923584716940066e+00,3.931708761090279558e-01
2.218255651130229822e+00,3.930407532370903678e-01
2.218587717543509807e+00,3.927908725756836250e-01
2.218919783956789793e+00,3.924999561057483377e-01
2.219251850370069779e+00,3.922420792483807817e-01
2.219583916783359978e+00,3.920633894479496617e-01
2.219915983196639964e+00,3.919960013904308926e-01
2.220248049609919949e+00,3.921082317896802394e-01
2.220580116023210149e+00,3.923188045448639527e-01
2.220912182436490134e+00,3.925211819358162546e-01
2.221244248849770120e+00,3.926338948810167984e-01
2.221576315263050105e+00,3.926625003458489305e-01
2.221908381676330091e+00,3.926585897198900943e-01
2.222240448089619846e+00,3.926859422327103055e-01
2.222572514502899832e+00,3.927045463856609908e-01
2.222904580916179818e+00,3.926389502234803319e-01
2.223236647329470017e+00,3.924352786681042371e-01
2.223568713742750003e+00,3.921837101694542471e-01
2.223900780156029988e+00,3.920563488299999011e-01
2.224232846569309974e+00,3.921719372769210676e-01
2.224564912982600173e+00,3.924801072569222282e-01
2.224896979395880159e+00,3.927957481444077081e-01
2.225229045809160144e+00,3.929348745640242613e-01
2.225561112222440130e+00,3.928962335510867154e-01
2.225893178635729885e+00,3.927895683332193189e-01
2.226225245049009871e+00,3.927440131090595421e-01
2.226557311462289857e+00,3.927429213080257941e-01
2.226889377875580056e+00,3.927058803257622577e-01
2.227221444288860042e+00,3.925737878477645326e-01
2.227553510702140027e+00,3.923966102145862167e-01
2.227885577115420013e+00,3.922945469958802334e-01
2.228217643528710212e+00,3.923830422669167817e-01
2.228549709941990198e+00,3.926470930684355931e-01
2.228881776355270183e+00,3.929889919199345272e-01
2.229213842768550169e+00,3.933136107037566442e-01
2.229545909181839924e+00,3.935549870623772928e-01
2.229877975595119910e+00,3.936671212097724304e-01
2.230210042008399896e+00,3.935856933982930794e-01
2.230542108421679881e+00,3.933743391055992689e-01
2.230874174834970081e+00,3.931655585902721350e-01
2.231206241248250066e+00,3.930708566061585363e-01
2.231538307661530052e+00,3.930982912584113365e-01
2.231870374074810037e+00,3.931806195353425015e-01
2.232202440488099793e+00,3.932462371317091976e-01
2.232534506901379778e+00,3.932501321713215425e-01
2.232866573314660208e+00,3.931631008061173826e-01
2.233198639727949963e+00,3.929586402843742166e-01
2.233530706141229949e+00,3.926902874061309334e-01
2.233862772554509935e+00,3.924729401130617745e-01
2.234194838967789920e+00,3.924119824845119786e-01
2.234526905381080120e+00,3.924988852139551510e-01
2.234858971794360105e+00,3.926320609251827687e-01
2.235191038207640091e+00,3.927106658064604128e-01
2.235523104620920076e+00,3.927291763904691702e-01
2.235855171034209832e+00,3.927604557910697736e-01
2.236187237447489817e+00,3.928732315385665141e-01
2.236519303860769803e+00,3.930683026726790597e-01
2.236851370274060002e+00,3.932470874422627771e-01
2.237183436687339988e+00,3.933262278562674186e-01
2.237515503100619974e+00,3.933017733496697588e-01
2.237847569513899959e+00,3.932378312097161155e-01
2.238179635927190159e+00,3.931867582229641722e-01
2.238511702340470144e+00,3.931617022620156332e-01
2.238843768753750130e+00,3.931364468406364776e-01
2.239175835167030115e+00,3.930756855699918950e-01
2.239507901580319871e+00,3.929800121457506790e-01
2.239839967993599856e+00,3.928832375039137403e-01
2.240172034406879842e+00,3.928400087243488770e-01
2.240504100820159827e+00,3.928577261647336893e-01
2.240836167233450027e+00,3.929020756232310951e-01
2.241168233646730013e+00,3.929566087952299225e-01
2.241500300060009998e+00,3.929931625222724545e-01
2.241832366473289984e+00,3.929720583792603028e-01
2.242164432886580183e+00,3.928577705272004450e-01
2.242496499299860169e+00,3.926976778724436401e-01
2.242828565713140154e+00,3.925869041513630475e-01
2.243160632126429910e+00,3.926327346545641639e-01
2.243492698539709895e+00,3.928286047598015251e-01
2.243824764952989881e+00,3.930490917656955796e-01
2.244156831366269866e+00,3.931815300880674435e-01
2.244488897779560066e+00,3.931701046288925139e-01
2.244820964192840052e+00,3.930157584065960275e-01
2.245153030606120037e+00,3.927433529694278058e-01
2.245485097019400023e+00,3.924451001817529927e-01
2.245817163432689778e+00,3.922876036720823190e-01
2.246149229845970208e+00,3.924228095032568642e-01
2.246481296259250193e+00,3.928214545601673158e-01
2.246813362672530179e+00,3.932538549110799475e-01
2.247145429085819934e+00,3.934689415715292848e-01
2.247477495499099920e+00,3.933975277797281955e-01
2.247809561912379905e+00,3.931854300195143370e-01
2.248141628325670105e+00,3.929859032923347928e-01
2.248473694738950091e+00,3.928795711247227151e-01
2.248805761152230076e+00,3.928620499717285219e-01
2.249137827565510062e+00,3.929189514505807002e-01
2.249469893978799817e+00,3.930270412604406904e-01
2.249801960392079803e+00,3.931518052017857201e-01
2.250134026805359788e+00,3.932362182439251286e-01
2.250466093218640218e+00,3.932485216818925045e-01
2.250798159631929973e+00,3.932167498241798675e-01
2.251130226045209959e+00,3.931392293447455999e-01
2.251462292458489944e+00,3.930349297582975132e-01
2.251794358871769930e+00,3.929491401433647391e-01
2.252126425285060130e+00,3.929352173076390842e-01
2.252458491698340115e+00,3.929835297987018805e-01
2.252790558111620101e+00,3.929850633152759953e-01
2.253122624524900086e+00,3.928397059929916169e-01
2.253454690938189842e+00,3.925603428411057472e-01
2.253786757351469827e+00,3.923187876387779216e-01
2.254118823764749813e+00,3.922888408310497010e-01
2.254450890178040012e+00,3.925161730880281641e-01
2.254782956591319998e+00,3.928769118400536886e-01
2.255115023004599983e+00,3.932199412483348144e-01
2.255447089417879969e+00,3.934244688678916746e-01
2.255779155831170169e+00,3.934154599042744560e-01
2.256111222244450154e+00,3.931284837913897601e-01
2.256443288657730140e+00,3.926279060705237245e-01
2.256775355071010125e+00,3.921628615248551886e-01
2.257107421484299881e+00,3.920046180969876115e-01
2.257439487897579866e+00,3.922339258538121709e-01
2.257771554310859852e+00,3.926383672673312009e-01
2.258103620724150051e+00,3.929754110521571642e-01
2.258435687137430037e+00,3.931063766058134346e-01
2.258767753550710022e+00,3.930931253386447111e-01
2.259099819963990008e+00,3.930200643654834791e-01
2.259431886377280208e+00,3.929463779879591168e-01
2.259763952790560193e+00,3.928885334319421885e-01
2.260096019203840179e+00,3.928703611577397115e-01
2.260428085617120164e+00,3.929122519555726667e-01
2.260760152030409920e+00,3.929738887274215053e-01
2.261092218443689905e+00,3.930419065510922239e-01
2.261424284856969891e+00,3.931010847492596993e-01
2.261756351270249876e+00,3.931328663273262469e-01
2.262088417683540076e+00,3.931009335012606853e-01
2.262420484096820061e+00,3.929965754013111656e-01
2.262752550510100047e+00,3.929676113992365272e-01
2.263084616923380032e+00,3.931201036301802398e-01
2.263416683336669788e+00,3.934475649707268596e-01
2.263748749749950218e+00,3.937273894712903788e-01
2.264080816163230203e+00,3.937282407827795705e-01
2.264412882576519959e+00,3.934143957455627505e-01
2.264744948989799944e+00,3.930281429284790407e-01
2.265077015403079930e+00,3.928972329198126001e-01
2.265409081816359915e+00,3.931638004281240439e-01
2.265741148229650115e+00,3.935916789218148470e-01
2.266073214642930100e+00,3.938929289174066262e-01
2.266405281056210086e+00,3.938977730198064409e-01
2.266737347469490071e+00,3.937417261534821300e-01
2.267069413882779827e+00,3.935733732088129710e-01
2.267401480296059813e+00,3.934985299193743957e-01
2.267733546709339798e+00,3.935301976091639675e-01
2.268065613122619784e+00,3.936770465057692348e-01
2.268397679535909983e+00,3.939353634895788048e-01
2.268729745949189969e+00,3.941800559327238163e-01
2.269061812362469954e+00,3.943094871003358648e-01
2.269393878775749940e+00,3.942769486468971629e-01
2.269725945189040139e+00,3.941633849318569860e-01
2.270058011602320125e+00,3.940640828665734063e-01
2.270390078015600110e+00,3.940123507633363498e-01
2.270722144428889866e+00,3.940405449728969223e-01
2.271054210842169852e+00,3.941318576763930825e-01
2.271386277255449837e+00,3.942594519223023841e-01
2.271718343668729823e+00,3.943716149979908936e-01
2.272050410082020022e+00,3.944210251037835735e-01
2.272382476495300008e+00,3.944175862015634193e-01
2.272714542908579993e+00,3.943600080228350513e-01
2.273046609321859979e+00,3.943037911483538438e-01
2.273378675735150178e+00,3.942896968835904459e-01
2.273710742148430164e+00,3.943195476533360444e-01
2.274042808561710149e+00,3.943788866814683658e-01
2.274374874974999905e+00,3.943951512390301284e-01
2.274706941388279891e+00,3.944017084538204432e-01
2.275039007801559876e+00,3.943585713593388276e-01
2.275371074214839862e+00,3.942507859940648784e-01
2.275703140628130061e+00,3.941345269033733056e-01
2.276035207041410047e+00,3.940779103446006015e-01
2.276367273454690032e+00,3.941133193614146935e-01
2.276699339867970018e+00,3.941871990644047474e-01
2.277031406281260217e+00,3.942555068931897777e-01
2.277363472694540203e+00,3.942762576438594291e-01
2.277695539107820188e+00,3.942598928616158349e-01
2.278027605521100174e+00,3.942231338849941369e-01
2.278359671934389930e+00,3.941536653983608862e-01
2.278691738347669915e+00,3.941124086712372021e-01
2.279023804760949901e+00,3.941239705871998900e-01
2.279355871174229886e+00,3.941894638815918173e-01
2.279687937587520086e+00,3.942341156202072150e-01
2.280020004000800071e+00,3.941698925788171826e-01
2.280352070414080057e+00,3.939810031002897173e-01
2.280684136827369812e+00,3.937400592199645222e-01
2.281016203240649798e+00,3.935821601295431127e-01
2.281348269653929783e+00,3.935939553022800297e-01
2.281680336067210213e+00,3.936951537358684416e-01
2.282012402480499969e+00,3.937691807574393299e-01
2.282344468893779954e+00,3.937254836427235838e-01
2.282676535307059940e+00,3.936006437537805103e-01
2.283008601720339925e+00,3.934503691880821274e-01
2.283340668133630125e+00,3.933225355559762937e-01
2.283672734546910110e+00,3.932361804376529602e-01
2.284004800960190096e+00,3.932040621506471822e-01
2.284336867373470081e+00,3.932570379867311172e-01
2.284668933786759837e+00,3.933447964377827510e-01
2.285001000200039822e+00,3.934365075708615711e-01
2.285333066613319808e+00,3.935014681875296794e-01
2.285665133026610008e+00,3.935095280905061554e-01
2.285997199439889993e+00,3.934306888082058640e-01
2.286329265853169979e+00,3.932796248039385212e-01
2.286661332266449964e+00,3.931327375256525869e-01
2.286993398679740164e+00,3.931119217698980650e-01
2.287325465093020149e+00,3.932945842512358681e-01
2.287657531506300135e+00,3.935685164132493585e-01
2.287989597919580120e+00,3.937710023933379544e-01
2.288321664332869876e+00,3.932592121763642812e-01
2.288653730746149861e+00,3.920493034745832772e-01
2.288985797159429847e+00,3.908915016482286675e-01
2.289317863572709832e+00,3.899282226036164256e-01
2.289649929986000032e+00,3.887296952148001083e-01
2.289981996399280018e+00,3.869670355306900622e-01
2.290314062812560003e+00,3.849201110535113157e-01
2.290646129225850203e+00,3.827342533734853780e-01
2.290978195639130188e+00,3.805089820140575840e-01
2.291310262052410174e+00,3.783534842872996462e-01
2.291642328465690159e+00,3.763084778696121901e-01
2.291974394878979915e+00,3.742591027585825403e-01
2.292306461292259900e+00,3.721337503988930151e-01
2.292638527705539886e+00,3.698798027873200223e-01
2.292970594118819871e+00,3.674364256091444680e-01
2.293302660532110071e+00,3.648641809673319747e-01
2.293634726945390057e+00,3.623859891697838731e-01
2.293966793358670042e+00,3.601721428059729280e-01
2.294298859771950028e+00,3.582608571245285423e-01
2.294630926185239783e+00,3.564324745090670654e-01
2.294962992598520213e+00,3.544514654298348555e-01
2.295295059011800198e+00,3.522871361586747407e-01
2.295627125425089954e+00,3.499027890338790026e-01
2.295959191838369939e+00,3.474335353001108406e-01
2.296291258251649925e+00,3.450780128333730268e-01
2.296623324664929910e+00,3.428941709201586696e-01
2.296955391078220110e+00,3.411432592291098187e-01
2.297287457491500096e+00,3.394684219650671575e-01
2.297619523904780081e+00,3.378528569175766050e-01
2.297951590318060067e+00,3.362624818674716520e-01
2.298283656731349822e+00,3.346902417302168309e-01
2.298615723144629808e+00,3.331019254206103453e-01
2.298947789557909793e+00,3.313733554565840289e-01
2.299279855971189779e+00,3.295894527481459946e-01
2.299611922384479978e+00,3.277845738329424052e-01
2.299943988797759964e+00,3.261037030436672590e-01
2.300276055211039949e+00,3.247202515772384390e-01
2.300608121624319935e+00,3.235834453544202405e-01
2.300940188037610135e+00,3.226320468841561429e-01
2.301272254450890120e+00,3.216399584808228851e-01
2.301604320864170106e+00,3.206075069914768316e-01
2.301936387277459861e+00,3.195101209144060594e-01
2.302268453690739847e+00,3.182629746897430723e-01
2.302600520104019832e+00,3.171648105442794185e-01
2.302932586517299818e+00,3.161966561850352853e-01
2.303264652930590017e+00,3.155684729970645308e-01
2.303596719343870003e+00,3.151758393094159505e-01
2.303928785757149988e+00,3.148212638591224577e-01
2.304260852170429974e+00,3.144255108933312615e-01
2.304592918583720174e+00,3.139996169952173344e-01
2.304924984997000159e+00,3.136481871515823250e-01
2.305257051410280145e+00,3.133198475974816044e-01
2.305589117823569900e+00,3.130294606535275470e-01
2.305921184236849886e+00,3.128249748239330663e-01
2.306253250650129871e+00,3.126548055257694081e-01
2.306585317063409857e+00,3.126646513100467817e-01
2.306917383476700056e+00,3.127142800987777194e-01
2.307249449889980042e+00,3.128551428452153726e-01
2.307581516303260027e+00,3.130677403725938279e-01
2.307913582716540013e+00,3.132836756458895477e-01
2.308245649129830213e+00,3.135584598184745220e-01
2.308577715543110198e+00,3.138743914738886254e-01
2.308909781956390184e+00,3.142652106836359982e-01
2.309241848369670169e+00,3.147524002514209829e-01
2.309573914782959925e+00,3.153117900743988566e-01
2.309905981196239910e+00,3.159027536469166675e-01
2.310238047609519896e+00,3.164549158950071828e-01
2.310570114022799881e+00,3.169897704085985479e-01
2.310902180436090081e+00,3.174973620497982263e-01
2.311234246849370066e+00,3.180446994916391601e-01
2.311566313262650052e+00,3.186841808131372078e-01
2.311898379675939807e+00,3.193675939619525783e-01
2.312230446089219793e+00,3.200110685817713629e-01
2.312562512502499779e+00,3.207544877791726479e-01
2.312894578915780208e+00,3.215595081908368957e-01
2.313226645329069964e+00,3.224040985619816002e-01
2.313558711742349949e+00,3.232661743534353538e-01
2.313890778155629935e+00,3.241207345568833942e-01
2.314222844568909920e+00,3.249077129737439340e-01
2.314554910982200120e+00,3.256364855851152651e-01
2.314886977395480105e+00,3.262983841111758987e-01
2.315219043808760091e+00,3.268800570270058992e-01
2.315551110222040077e+00,3.274123663537127360e-01
2.315883176635329832e+00,3.280199404993857648e-01
2.316215243048609818e+00,3.287575430799800635e-01
2.316547309461889803e+00,3.296511917780247658e-01
2.316879375875180003e+00,3.305134357869243256e-01
2.317211442288459988e+00,3.312720394051936745e-01
2.317543508701739974e+00,3.319660191015131878e-01
2.317875575115019959e+00,3.321580327378317321e-01
2.318207641528310159e+00,3.321888825602697937e-01
2.318539707941590144e+00,3.319658191942232994e-01
2.318871774354870130e+00,3.316807990886601609e-01
2.319203840768150116e+00,3.315267226241358500e-01
2.319535907181439871e+00,3.314963602981916835e-01
2.319867973594719857e+00,3.314988362863418025e-01
2.320200040007999842e+00,3.314184699361178432e-01
2.320532106421279828e+00,3.312566156845513921e-01
2.320864172834570027e+00,3.309582335286584964e-01
2.321196239247850013e+00,3.304860265099040517e-01
2.321528305661129998e+00,3.299491096583920258e-01
2.321860372074409984e+00,3.290396201232725915e-01
2.322192438487700183e+00,3.280718978367467287e-01
2.322524504900980169e+00,3.270964735100607701e-01
2.322856571314260155e+00,3.261996239829360600e-01
2.323188637727549910e+00,3.254740283832767145e-01
2.323520704140829896e+00,3.248819449085044164e-01
2.323852770554109881e+00,3.242903055201820650e-01
2.324184836967389867e+00,3.235459329790854044e-01
2.324516903380680066e+00,3.226350040187479506e-01
2.324848969793960052e+00,3.217306528000400956e-01
2.325181036207240037e+00,3.210392955829510231e-01
2.325513102620520023e+00,3.203650640285022888e-01
2.325845169033809778e+00,3.197130716236662451e-01
2.326177235447090208e+00,3.190145351318748324e-01
2.326509301860370194e+00,3.182863122489609231e-01
2.326841368273650179e+00,3.175914848603338947e-01
2.327173434686939935e+00,3.169593718698802132e-01
2.327505501100219920e+00,3.163718783750192332e-01
2.327837567513499906e+00,3.156829489156531277e-01
2.328169633926790105e+00,3.148090220398158112e-01
2.328501700340070091e+00,3.137790044731621486e-01
2.328833766753350076e+00,3.127432375289970201e-01
2.329165833166630062e+00,3.118995007039683243e-01
2.329497899579919817e+00,3.112134360675498090e-01
2.329829965993199803e+00,3.106449619894909864e-01
2.330162032406479788e+00,3.101395068722034853e-01
2.330494098819760218e+00,3.096463860208072405e-01
2.330826165233049974e+00,3.091105767136929083e-01
2.331158231646329959e+00,3.084390001323394914e-01
2.331490298059609945e+00,3.077906029192882809e-01
2.331822364472889930e+00,3.072316678634394727e-01
2.332154430886180130e+00,3.069498081152640667e-01
2.332486497299460115e+00,3.069318947605819692e-01
2.332818563712740101e+00,3.069309755346071311e-01
2.333150630126029856e+00,3.067565680103118697e-01
2.333482696539309842e+00,3.063250531736979032e-01
2.333814762952589827e+00,3.057665053864533355e-01
2.334146829365869813e+00,3.052318820576662706e-01
2.334478895779160013e+00,3.047809888007404489e-01
2.334810962192439998e+00,3.043519521449363774e-01
2.335143028605719984e+00,3.039777363627195195e-01
2.335475095018999969e+00,3.036345609869871010e-01
2.335807161432290169e+00,3.032940817411657886e-01
2.336139227845570154e+00,3.029672135263439259e-01
2.336471294258850140e+00,3.026446148227914801e-01
2.336803360672130125e+00,3.022386543918789137e-01
2.337135427085419881e+00,3.017169383674927485e-01
2.337467493498699866e+00,3.011090091301723559e-01
2.337799559911979852e+00,3.005217102979604871e-01
2.338131626325270052e+00,3.000465590674448180e-01
2.338463692738550037e+00,2.997075917447413751e-01
2.338795759151830023e+00,2.994612785718045456e-01
2.339127825565110008e+00,2.992472466298798928e-01
2.339459891978400208e+00,2.989961049868939957e-01
2.339791958391680193e+00,2.986800772875640164e-01
2.340124024804960179e+00,2.982541915262627574e-01
2.340456091218240164e+00,2.976959643199440508e-01
2.340788157631529920e+00,2.971149789248256345e-01
2.341120224044809905e+00,2.966092670734190029e-01
2.341452290458089891e+00,2.961785077894261153e-01
2.341784356871369877e+00,2.957927421937918133e-01
2.342116423284660076e+00,2.954033405441461868e-01
2.342448489697940062e+00,2.949753363706864584e-01
2.342780556111220047e+00,2.945900408853160957e-01
2.343112622524509803e+00,2.943333355345053026e-01
2.343444688937789788e+00,2.941795266994512992e-01
2.343776755351070218e+00,2.939817034776838200e-01
2.344108821764350203e+00,2.935935860678292042e-01
2.344440888177639959e+00,2.929928351165834166e-01
2.344772954590919944e+00,2.923588702744805978e-01
2.345105021004199930e+00,2.918586701405516126e-01
2.345437087417479916e+00,2.916081228476634091e-01
2.345769153830770115e+00,2.914507706088977357e-01
2.346101220244050101e+00,2.911881617504076813e-01
2.346433286657330086e+00,2.908428924808016958e-01
2.346765353070610072e+00,2.904431280750815469e-01
2.347097419483899827e+00,2.900452854949493453e-01
2.347429485897179813e+00,2.897057199698375718e-01
2.347761552310459798e+00,2.893918210104395317e-01
2.348093618723739784e+00,2.890342534822260556e-01
2.348425685137029983e+00,2.886225805581000836e-01
2.348757751550309969e+00,2.881934844637806803e-01
2.349089817963589955e+00,2.878116004235981573e-01
2.349421884376880154e+00,2.874982466589929286e-01
2.349753950790160140e+00,2.872514602461728184e-01
2.350086017203440125e+00,2.870808770398987075e-01
2.350418083616720111e+00,2.869322237844305623e-01
2.350750150030009866e+00,2.867831582885011499e-01
2.351082216443289852e+00,2.865509850115566248e-01
2.351414282856569837e+00,2.862214472001106680e-01
2.351746349269849823e+00,2.858681120988849078e-01
2.352078415683140022e+00,2.855537980157813460e-01
2.352410482096420008e+00,2.854224247969021633e-01
2.352742548509699994e+00,2.853683559589399454e-01
2.353074614922979979e+00,2.854535053988980220e-01
2.353406681336270179e+00,2.856387698965990318e-01
2.353738747749550164e+00,2.858159905991246030e-01
2.354070814162830150e+00,2.859773377212592727e-01
2.354402880576119905e+00,2.860391900418507993e-01
2.354734946989399891e+00,2.861041334894421917e-01
2.355067013402679876e+00,2.862319801025881016e-01
2.355399079815959862e+00,2.864730190192141812e-01
2.355731146229250061e+00,2.868290038912639228e-01
2.356063212642530047e+00,2.872176959291045106e-01
2.356395279055810033e+00,2.877194978221378485e-01
2.356727345469090018e+00,2.882004269426007292e-01
2.357059411882380218e+00,2.886277640403029920e-01
2.357391478295660203e+00,2.890093000795745382e-01
2.357723544708940189e+00,2.894012248036645363e-01
2.358055611122220174e+00,2.899361103958086328e-01
2.358387677535509930e+00,2.906326062259954046e-01
2.358719743948789915e+00,2.913785616989375549e-01
2.359051810362069901e+00,2.920476105060941796e-01
2.359383876775360100e+00,2.925562803613697138e-01
2.359715943188640086e+00,2.929312617998311441e-01
2.360048009601920072e+00,2.932654349903381918e-01
2.360380076015200057e+00,2.936095705874966488e-01
2.360712142428489813e+00,2.940219818800721696e-01
2.361044208841769798e+00,2.945548058763872157e-01
2.361376275255049784e+00,2.952129369642589873e-01
2.361708341668330213e+00,2.959190009556116330e-01
2.362040408081619969e+00,2.965765889544893508e-01
2.362372474494899954e+00,2.970566281779859485e-01
2.362704540908179940e+00,2.973878439504149540e-01
2.363036607321459925e+00,2.976326733292528059e-01
2.363368673734750125e+00,2.978593289654396514e-01
2.363700740148030111e+00,2.979370746297058115e-01
2.364032806561310096e+00,2.979897355181526097e-01
2.364364872974590082e+00,2.979639871771644910e-01
2.364696939387879837e+00,2.979178470797315126e-01
2.365029005801159823e+00,2.979083686100822415e-01
2.365361072214439808e+00,2.979530821621354519e-01
2.365693138627730008e+00,2.981001924868145747e-01
2.366025205041009993e+00,2.983395298302096155e-01
2.366357271454289979e+00,2.986428788928160993e-01
2.366689337867569964e+00,2.988868270121162740e-01
2.367021404280860164e+00,2.990145584626019426e-01
2.367353470694140150e+00,2.989876692950243497e-01
2.367685537107420135e+00,2.989230849468152429e-01
2.368017603520700121e+00,2.989067352573791525e-01
2.368349669933989876e+00,2.990636036598569025e-01
2.368681736347269862e+00,2.993175210751252702e-01
2.369013802760549847e+00,2.996171412659602851e-01
2.369345869173829833e+00,2.999165895813754035e-01
2.369677935587120032e+00,3.001898368286125551e-01
2.370010002000400018e+00,3.005898980425074640e-01
2.370342068413680003e+00,3.010038444324076301e-01
2.370674134826970203e+00,3.014415322666996744e-01
2.371006201240250189e+00,3.020023822553226100e-01
2.371338267653530174e+00,3.026533326709222038e-01
2.371670334066810160e+00,3.033282250026774762e-01
2.372002400480099915e+00,3.039470947883786689e-01
2.372334466893379901e+00,3.044488735002860991e-01
2.372666533306659886e+00,3.049484073263704631e-01
2.372998599719939872e+00,3.055289482950077073e-01
2.373330666133230071e+00,3.062430178692754912e-01
2.373662732546510057e+00,3.069957718126771762e-01
2.373994798959790042e+00,3.076586138093673206e-01
2.374326865373070028e+00,3.081893015866894459e-01
2.374658931786359783e+00,3.086601547153615122e-01
2.374990998199640213e+00,3.092430861853617263e-01
2.375323064612920199e+00,3.099739124935176338e-01
2.375655131026209954e+00,3.108698594589450748e-01
2.375987197439489940e+00,3.118383055536044224e-01
2.376319263852769925e+00,3.127774675535542892e-01
2.376651330266049911e+00,3.136681718743254965e-01
2.376983396679340110e+00,3.144999449281891124e-01
2.377315463092620096e+00,3.151659806342605452e-01
2.377647529505900081e+00,3.157943718899156038e-01
2.377979595919180067e+00,3.164098860570323524e-01
2.378311662332469822e+00,3.170180157568884827e-01
2.378643728745749808e+00,3.176603911841002770e-01
2.378975795159029794e+00,3.183160551943047811e-01
2.379307861572309779e+00,3.188667318993294031e-01
2.379639927985599979e+00,3.193954031190100462e-01
2.379971994398879964e+00,3.199542510035991993e-01
2.380304060812159950e+00,3.206334222614007912e-01
2.380636127225450149e+00,3.215628133758718921e-01
2.380968193638730135e+00,3.226128632755947412e-01
2.381300260052010120e+00,3.239745288217169561e-01
2.381632326465290106e+00,3.254005121155298941e-01
2.381964392878579861e+00,3.266746395516954005e-01
2.382296459291859847e+00,3.276607578704499590e-01
2.382628525705139833e+00,3.284855251527680764e-01
2.382960592118419818e+00,3.292252412644984805e-01
2.383292658531710018e+00,3.301489408479280074e-01
2.383624724944990003e+00,3.312300990322621375e-01
2.383956791358269989e+00,3.323595549470340083e-01
2.384288857771549974e+00,3.334125313625231346e-01
2.384620924184840174e+00,3.343719297518606415e-01
2.384952990598120159e+00,3.355909103317173958e-01
2.385285057011400145e+00,3.375210706204195832e-01
2.385617123424689900e+00,3.398020697549256064e-01
2.385949189837969886e+00,3.420409656610993165e-01
2.386281256251249872e+00,3.440375266767353168e-01
2.386613322664529857e+00,3.456796257888425927e-01
2.386945389077820057e+00,3.471360907872244050e-01
2.387277455491100042e+00,3.485698505795697399e-01
2.387609521904380028e+00,3.499763288104034697e-01
2.387941588317660013e+00,3.513848700529645930e-01
2.388273654730950213e+00,3.529614325949836373e-01
2.388605721144230198e+00,3.544584840429292338e-01
2.388937787557510184e+00,3.560928005802006524e-01
2.389269853970790169e+00,3.578631022062284672e-01
2.389601920384079925e+00,3.596996359749078942e-01
2.389933986797359911e+00,3.615130610323387117e-01
2.390266053210639896e+00,3.632417531580426906e-01
2.390598119623919882e+00,3.648763560878338086e-01
2.390930186037210081e+00,3.665855515749407711e-01
2.391262252450490067e+00,3.683437119165812179e-01
2.391594318863770052e+00,3.701714565776239030e-01
2.391926385277059808e+00,3.721025112946188540e-01
2.392258451690339793e+00,3.740650255707778649e-01
2.392590518103619779e+00,3.756613250539782012e-01
2.392922584516900208e+00,3.771307156545983252e-01
2.393254650930189964e+00,3.783030722887494868e-01
2.393586717343469950e+00,3.792457403356941370e-01
2.393918783756749935e+00,3.802377940726918149e-01
2.394250850170029921e+00,3.815247317218979362e-01
2.394582916583320120e+00,3.829814954846604835e-01
2.394914982996600106e+00,3.845173017244184477e-01
2.395247049409880091e+00,3.859839564742633122e-01
2.395579115823160077e+00,3.873651382651825958e-01
2.395911182236449832e+00,3.887174265160425746e-01
2.396243248649729818e+00,3.900685578705274104e-01
2.396575315063009803e+00,3.913097574553484059e-01
2.396907381476300003e+00,3.919325466250762613e-01
2.397239447889579989e+00,3.921671199696706300e-01
2.397571514302859974e+00,3.923111869990065781e-01
2.397903580716139960e+00,3.921251979786517516e-01
2.398235647129430159e+00,3.920483448319402875e-01
2.398567713542710145e+00,3.921015666147631973e-01
2.398899779955990130e+00,3.922323516044871061e-01
2.399231846369270116e+00,3.923850380749708266e-01
2.399563912782559871e+00,3.925793983017156208e-01
2.399895979195839857e+00,3.928800151535391527e-01
2.400228045609119842e+00,3.933640252513374014e-01
2.400560112022399828e+00,3.938381590569725033e-01
2.400892178435690028e+00,3.939761614179513871e-01
2.401224244848970013e+00,3.935095196183691080e-01
2.401556311262249999e+00,3.926781283205409978e-01
2.401888377675540198e+00,3.920405251863470775e-01
2.402220444088820184e+00,3.921114496509001124e-01
2.402552510502100169e+00,3.927975726206736629e-01
2.402884576915380155e+00,3.936143327146957582e-01
2.403216643328669910e+00,3.941024044793141612e-01
2.403548709741949896e+00,3.941906888183797641e-01
2.403880776155229881e+00,3.940697565099280930e-01
2.404212842568509867e+00,3.939232835883547668e-01
2.404544908981800067e+00,3.938423164466760551e-01
2.404876975395080052e+00,3.938501719731027917e-01
2.405209041808360038e+00,3.939634444875363961e-01
2.405541108221640023e+00,3.941587666296613168e-01
2.405873174634929779e+00,3.943842566128850646e-01
2.406205241048210208e+00,3.945902423448418017e-01
2.406537307461490194e+00,3.947674237158149135e-01
2.406869373874779949e+00,3.949362972591751730e-01
2.407201440288059935e+00,3.951148936696675662e-01
2.407533506701339920e+00,3.952662188608873084e-01
2.407865573114619906e+00,3.953132937419132076e-01
2.408197639527910106e+00,3.951963456156751264e-01
2.408529705941190091e+00,3.950013197390475073e-01
2.408861772354470077e+00,3.949339329052606873e-01
2.409193838767750062e+00,3.951895084201085262e-01
2.409525905181039818e+00,3.957068435703066656e-01
2.409857971594319803e+00,3.962167415129804193e-01
2.410190038007599789e+00,3.964096608162562818e-01
2.410522104420880218e+00,3.962749614124060349e-01
2.410854170834169974e+00,3.959909952135384215e-01
2.411186237247449959e+00,3.957151482716466107e-01
2.411518303660729945e+00,3.955487467547875169e-01
2.411850370074020145e+00,3.955450201487895057e-01
2.412182436487300130e+00,3.957497992236895801e-01
2.412514502900580116e+00,3.960750404453999285e-01
2.412846569313860101e+00,3.963078092244503026e-01
2.413178635727149857e+00,3.962465503810460588e-01
2.413510702140429842e+00,3.959360994896889419e-01
2.413842768553709828e+00,3.956442798076769130e-01
2.414174834966989813e+00,3.956127204940459996e-01
2.414506901380280013e+00,3.958492333802469121e-01
2.414838967793559998e+00,3.961386736112657014e-01
2.415171034206839984e+00,3.962460539563369410e-01
2.415503100620119969e+00,3.961236313463163405e-01
2.415835167033410169e+00,3.959039426003650997e-01
2.416167233446690155e+00,3.957264572620007304e-01
2.416499299859970140e+00,3.956444033345622446e-01
2.416831366273259896e+00,3.956258453755552851e-01
2.417163432686539881e+00,3.956392062400170828e-01
2.417495499099819867e+00,3.956645612675903090e-01
2.417827565513099852e+00,3.956938703802807544e-01
2.418159631926390052e+00,3.957235762031106052e-01
2.418491698339670037e+00,3.957651821783628732e-01
2.418823764752950023e+00,3.958454099679140081e-01
2.419155831166230008e+00,3.959932681431880819e-01
2.419487897579520208e+00,3.961809907010294118e-01
2.419819963992800194e+00,3.963192103184793869e-01
2.420152030406080179e+00,3.963182840815455688e-01
2.420484096819360165e+00,3.961699895402621130e-01
2.420816163232649920e+00,3.959570010112207217e-01
2.421148229645929906e+00,3.957656317469998020e-01
2.421480296059209891e+00,3.956500650602290947e-01
2.421812362472489877e+00,3.956276236183957074e-01
2.422144428885780076e+00,3.957122318864634281e-01
2.422476495299060062e+00,3.958520843146207113e-01
2.422808561712340047e+00,3.959619822851530579e-01
2.423140628125629803e+00,3.959802228954287240e-01
2.423472694538909789e+00,3.959020904339001778e-01
2.423804760952190218e+00,3.958201692042086495e-01
2.424136827365470204e+00,3.958385984188190210e-01
2.424468893778759959e+00,3.959613496030945923e-01
2.424800960192039945e+00,3.960568862130332546e-01
2.425133026605319930e+00,3.960005995309552884e-01
2.425465093018599916e+00,3.957746105312884288e-01
2.425797159431890115e+00,3.954993848717088811e-01
2.426129225845170101e+00,3.952870549205128592e-01
2.426461292258450086e+00,3.951871579477508889e-01
2.426793358671730072e+00,3.951903226732442764e-01
2.427125425085019828e+00,3.952562550664098784e-01
2.427457491498299813e+00,3.953495754188510181e-01
2.427789557911579799e+00,3.954416393671641439e-01
2.428121624324869998e+00,3.955015078248009797e-01
2.428453690738149984e+00,3.954840523701498300e-01
2.428785757151429969e+00,3.953291669272903097e-01
2.429117823564709955e+00,3.949731072766073936e-01
2.429449889978000154e+00,3.944596367860041530e-01
2.429781956391280140e+00,3.939892456447597335e-01
2.430114022804560125e+00,3.937694083468227801e-01
2.430446089217840111e+00,3.938661330350648471e-01
2.430778155631129867e+00,3.941387464213022551e-01
2.431110222044409852e+00,3.944256493307040645e-01
2.431442288457689838e+00,3.946350057419188984e-01
2.431774354870969823e+00,3.947927512362630065e-01
2.432106421284260023e+00,3.949287123016752554e-01
2.432438487697540008e+00,3.950125435474831637e-01
2.432770554110819994e+00,3.949576905916666325e-01
2.433102620524110193e+00,3.946729400011609323e-01
2.433434686937390179e+00,3.941722585247262600e-01
2.433766753350670164e+00,3.936437802038671996e-01
2.434098819763950150e+00,3.932998858473672477e-01
2.434430886177239906e+00,3.932588215825220113e-01
2.434762952590519891e+00,3.934254051306588229e-01
2.435095019003799877e+00,3.937163567008310494e-01
2.435427085417079862e+00,3.940424580102791507e-01
2.435759151830370062e+00,3.943039350506070129e-01
2.436091218243650047e+00,3.944060674860790927e-01
2.436423284656930033e+00,3.943267637478815590e-01
2.436755351070210018e+00,3.941456696364740164e-01
2.437087417483500218e+00,3.939699485743183294e-01
2.437419483896780203e+00,3.938690672463222020e-01
2.437751550310060189e+00,3.938420645005574761e-01
2.438083616723340175e+00,3.938734303890414346e-01
2.438415683136629930e+00,3.939326712987762380e-01
2.438747749549909916e+00,3.940064739883861744e-01
2.439079815963189901e+00,3.940595795500709264e-01
2.439411882376480101e+00,3.940613520865868802e-01
2.439743948789760086e+00,3.939904026746559595e-01
2.440076015203040072e+00,3.938329100519362691e-01
2.440408081616320057e+00,3.936262246483093752e-01
2.440740148029609813e+00,3.934602672599410433e-01
2.441072214442889798e+00,3.934485592326389947e-01
2.441404280856169784e+00,3.936152006779369272e-01
2.441736347269450214e+00,3.938153779611367478e-01
2.442068413682739969e+00,3.938700108067675898e-01
2.442400480096019955e+00,3.937189264435815850e-01
2.442732546509299940e+00,3.935181913699689615e-01
2.443064612922579926e+00,3.934715934364812484e-01
2.443396679335870125e+00,3.936663721176266728e-01
2.443728745749150111e+00,3.939258935380153259e-01
2.444060812162430096e+00,3.940299643267062835e-01
2.444392878575719852e+00,3.938480764188757588e-01
2.444724944988999837e+00,3.935609488168401726e-01
2.445057011402279823e+00,3.933520063547597534e-01
2.445389077815559808e+00,3.933360089625688727e-01
2.445721144228850008e+00,3.934624297195247755e-01
2.446053210642129994e+00,3.936617020797669730e-01
2.446385277055409979e+00,3.938734032466610913e-01
2.446717343468689965e+00,3.939653187403448498e-01
2.447049409881980164e+00,3.938304576517314692e-01
2.447381476295260150e+00,3.934635860229638848e-01
2.447713542708540135e+00,3.931213005718613429e-01
2.448045609121820121e+00,3.931120528635203004e-01
2.448377675535109876e+00,3.936190856522743253e-01
2.448709741948389862e+00,3.942375269186916276e-01
2.449041808361669847e+00,3.945550690810614158e-01
2.449373874774960047e+00,3.943501799706283784e-01
2.449705941188240033e+00,3.939298694188740901e-01
2.450038007601520018e+00,3.936862148809769368e-01
2.450370074014800004e+00,3.938386502169202164e-01
2.450702140428090203e+00,3.942518253415617235e-01
2.451034206841370189e+00,3.946513001511126051e-01
2.451366273254650174e+00,3.948505356589782078e-01
2.451698339667930160e+00,3.948763147916858340e-01
2.452030406081219915e+00,3.947904023612482938e-01
2.452362472494499901e+00,3.946180765363978549e-01
2.452694538907779886e+00,3.944581893294055175e-01
2.453026605321059872e+00,3.943653747430679868e-01
2.453358671734350072e+00,3.943836020327329828e-01
2.453690738147630057e+00,3.945233450434244560e-01
2.454022804560910043e+00,3.947876365507088647e-01
2.454354870974199798e+00,3.951430288427851267e-01
2.454686937387479784e+00,3.954957677225954260e-01
2.455019003800760213e+00,3.957221999164864390e-01
2.455351070214040199e+00,3.957369857559102644e-01
2.455683136627329954e+00,3.955845189376964166e-01
2.456015203040609940e+00,3.953359644844213761e-01
2.456347269453889925e+00,3.950492778673298511e-01
2.456679335867169911e+00,3.948018651101969367e-01
2.457011402280460111e+00,3.946569884007100071e-01
2.457343468693740096e+00,3.946460397397895115e-01
2.457675535107020082e+00,3.946855498736211998e-01
2.458007601520300067e+00,3.946649242317001316e-01
2.458339667933589823e+00,3.944695975538338728e-01
2.458671734346869808e+00,3.942606462011424839e-01
2.459003800760149794e+00,3.941865773645388815e-01
2.459335867173429779e+00,3.943318156595668200e-01
2.459667933586719979e+00,3.945334339356285080e-01
2.459999999999999964e+00,3.945686086330071896e-01
