3.499999999999999964e-04,0.000000000000000000e+00
3.519999999999999908e-04,0.000000000000000000e+00
3.539999999999999853e-04,0.000000000000000000e+00
3.559999999999999797e-04,0.000000000000000000e+00
3.579999999999999741e-04,0.000000000000000000e+00
3.599999999999999685e-04,0.000000000000000000e+00
3.619999999999999629e-04,0.000000000000000000e+00
3.640000000000000115e-04,0.000000000000000000e+00
3.660000000000000059e-04,0.000000000000000000e+00
3.680000000000000003e-04,0.000000000000000000e+00
3.699999999999999947e-04,0.000000000000000000e+00
3.719999999999999891e-04,0.000000000000000000e+00
3.739999999999999835e-04,0.000000000000000000e+00
3.759999999999999779e-04,0.000000000000000000e+00
3.780000000000000265e-04,0.000000000000000000e+00
3.800000000000000209e-04,0.000000000000000000e+00
3.820000000000000153e-04,0.000000000000000000e+00
3.840000000000000097e-04,0.000000000000000000e+00
3.860000000000000041e-04,0.000000000000000000e+00
3.879999999999999985e-04,0.000000000000000000e+00
3.899999999999999929e-04,0.000000000000000000e+00
3.920000000000000416e-04,0.000000000000000000e+00
3.940000000000000360e-04,0.000000000000000000e+00
3.960000000000000304e-04,0.000000000000000000e+00
3.980000000000000248e-04,0.000000000000000000e+00
4.000000000000000192e-04,0.000000000000000000e+00
4.020000000000000136e-04,0.000000000000000000e+00
4.040000000000000080e-04,0.000000000000000000e+00
4.060000000000000024e-04,0.000000000000000000e+00
4.079999999999999968e-04,0.000000000000000000e+00
4.099999999999999912e-04,0.000000000000000000e+00
4.119999999999999856e-04,0.000000000000000000e+00
4.139999999999999800e-04,0.000000000000000000e+00
4.159999999999999744e-04,0.000000000000000000e+00
4.179999999999999688e-04,0.000000000000000000e+00
4.199999999999999632e-04,0.000000000000000000e+00
4.220000000000000118e-04,0.000000000000000000e+00
4.240000000000000062e-04,0.000000000000000000e+00
4.260000000000000006e-04,0.000000000000000000e+00
4.279999999999999950e-04,0.000000000000000000e+00
4.299999999999999894e-04,0.000000000000000000e+00
4.319999999999999838e-04,0.000000000000000000e+00
4.339999999999999782e-04,0.000000000000000000e+00
4.359999999999999726e-04,0.000000000000000000e+00
4.380000000000000213e-04,0.000000000000000000e+00
4.400000000000000157e-04,0.000000000000000000e+00
4.420000000000000101e-04,0.000000000000000000e+00
4.440000000000000045e-04,0.000000000000000000e+00
4.459999999999999989e-04,0.000000000000000000e+00
4.479999999999999933e-04,0.000000000000000000e+00
4.499999999999999877e-04,0.000000000000000000e+00
4.520000000000000363e-04,0.000000000000000000e+00
4.540000000000000307e-04,0.000000000000000000e+00
4.560000000000000251e-04,0.000000000000000000e+00
4.580000000000000195e-04,0.000000000000000000e+00
4.600000000000000139e-04,0.000000000000000000e+00
4.620000000000000083e-04,0.000000000000000000e+00
4.640000000000000027e-04,0.000000000000000000e+00
4.660000000000000513e-04,0.000000000000000000e+00
4.680000000000000457e-04,0.000000000000000000e+00
4.699999999999999859e-04,0.000000000000000000e+00
4.719999999999999803e-04,0.000000000000000000e+00
4.739999999999999747e-04,0.000000000000000000e+00
4.759999999999999691e-04,0.000000000000000000e+00
4.779999999999999635e-04,0.000000000000000000e+00
4.799999999999999580e-04,0.000000000000000000e+00
4.820000000000000066e-04,0.000000000000000000e+00
4.840000000000000010e-04,0.000000000000000000e+00
4.859999999999999954e-04,0.000000000000000000e+00
4.879999999999999898e-04,0.000000000000000000e+00
4.899999999999999842e-04,0.000000000000000000e+00
4.920000000000000328e-04,0.000000000000000000e+00
4.939999999999999730e-04,0.000000000000000000e+00
4.960000000000000216e-04,0.000000000000000000e+00
4.979999999999999618e-04,0.000000000000000000e+00
5.000000000000000104e-04,0.000000000000000000e+00
5.019999999999999506e-04,0.000000000000000000e+00
5.039999999999999992e-04,0.000000000000000000e+00
5.060000000000000478e-04,0.000000000000000000e+00
5.079999999999999880e-04,0.000000000000000000e+00
5.100000000000000366e-04,0.000000000000000000e+00
5.119999999999999768e-04,0.000000000000000000e+00
5.140000000000000254e-04,0.000000000000000000e+00
5.159999999999999656e-04,0.000000000000000000e+00
5.180000000000000143e-04,0.000000000000000000e+00
5.200000000000000629e-04,0.000000000000000000e+00
5.220000000000000031e-04,0.000000000000000000e+00
5.240000000000000517e-04,0.000000000000000000e+00
5.259999999999999919e-04,0.000000000000000000e+00
5.280000000000000405e-04,0.000000000000000000e+00
5.299999999999999807e-04,0.000000000000000000e+00
5.320000000000000293e-04,0.000000000000000000e+00
5.340000000000000779e-04,0.000000000000000000e+00
5.360000000000000181e-04,0.000000000000000000e+00
5.380000000000000667e-04,0.000000000000000000e+00
5.400000000000000069e-04,0.000000000000000000e+00
5.420000000000000555e-04,0.000000000000000000e+00
5.439999999999999957e-04,0.000000000000000000e+00
5.460000000000000443e-04,0.000000000000000000e+00
5.480000000000000929e-04,0.000000000000000000e+00
5.500000000000000331e-04,0.000000000000000000e+00
5.520000000000000817e-04,0.000000000000000000e+00
5.540000000000000219e-04,0.000000000000000000e+00
5.560000000000000706e-04,0.000000000000000000e+00
5.580000000000000107e-04,0.000000000000000000e+00
5.600000000000000594e-04,0.000000000000000000e+00
5.620000000000001080e-04,0.000000000000000000e+00
5.639999999999999397e-04,0.000000000000000000e+00
5.659999999999999884e-04,0.000000000000000000e+00
5.679999999999999286e-04,0.000000000000000000e+00
5.699999999999999772e-04,0.000000000000000000e+00
5.719999999999999174e-04,0.000000000000000000e+00
5.739999999999999660e-04,0.000000000000000000e+00
5.759999999999999062e-04,0.000000000000000000e+00
5.779999999999999548e-04,0.000000000000000000e+00
5.800000000000000034e-04,0.000000000000000000e+00
5.819999999999999436e-04,0.000000000000000000e+00
5.839999999999999922e-04,0.000000000000000000e+00
5.859999999999999324e-04,0.000000000000000000e+00
5.879999999999999810e-04,0.000000000000000000e+00
5.899999999999999212e-04,0.000000000000000000e+00
5.919999999999999698e-04,0.000000000000000000e+00
5.940000000000000184e-04,0.000000000000000000e+00
5.959999999999999586e-04,0.000000000000000000e+00
5.980000000000000072e-04,0.000000000000000000e+00
5.999999999999999474e-04,0.000000000000000000e+00
6.019999999999999961e-04,0.000000000000000000e+00
6.039999999999999362e-04,0.000000000000000000e+00
6.059999999999999849e-04,0.000000000000000000e+00
6.080000000000000335e-04,0.000000000000000000e+00
6.099999999999999737e-04,0.000000000000000000e+00
6.120000000000000223e-04,0.000000000000000000e+00
6.139999999999999625e-04,0.000000000000000000e+00
6.160000000000000111e-04,0.000000000000000000e+00
6.179999999999999513e-04,0.000000000000000000e+00
6.199999999999999999e-04,0.000000000000000000e+00
6.220000000000000485e-04,0.000000000000000000e+00
6.239999999999999887e-04,0.000000000000000000e+00
6.260000000000000373e-04,0.000000000000000000e+00
6.279999999999999775e-04,0.000000000000000000e+00
6.300000000000000261e-04,0.000000000000000000e+00
6.319999999999999663e-04,0.000000000000000000e+00
6.340000000000000149e-04,0.000000000000000000e+00
6.360000000000000635e-04,0.000000000000000000e+00
6.380000000000000037e-04,0.000000000000000000e+00
6.400000000000000524e-04,0.000000000000000000e+00
6.419999999999999925e-04,0.000000000000000000e+00
6.440000000000000412e-04,0.000000000000000000e+00
6.459999999999999814e-04,0.000000000000000000e+00
6.480000000000000300e-04,0.000000000000000000e+00
6.499999999999999702e-04,0.000000000000000000e+00
6.520000000000000188e-04,0.000000000000000000e+00
6.540000000000000674e-04,0.000000000000000000e+00
6.560000000000000076e-04,0.000000000000000000e+00
6.580000000000000562e-04,0.000000000000000000e+00
6.599999999999999964e-04,0.000000000000000000e+00
6.620000000000000450e-04,0.000000000000000000e+00
6.639999999999999852e-04,0.000000000000000000e+00
6.660000000000000338e-04,0.000000000000000000e+00
6.680000000000000824e-04,0.000000000000000000e+00
6.700000000000000226e-04,0.000000000000000000e+00
6.720000000000000712e-04,0.000000000000000000e+00
6.740000000000000114e-04,0.000000000000000000e+00
6.760000000000000600e-04,0.000000000000000000e+00
6.780000000000000002e-04,0.000000000000000000e+00
6.800000000000000488e-04,0.000000000000000000e+00
6.820000000000000975e-04,0.000000000000000000e+00
6.840000000000000377e-04,0.000000000000000000e+00
6.860000000000000863e-04,0.000000000000000000e+00
6.879999999999999180e-04,0.000000000000000000e+00
6.899999999999999667e-04,0.000000000000000000e+00
6.919999999999999069e-04,0.000000000000000000e+00
6.939999999999999555e-04,0.000000000000000000e+00
6.960000000000000041e-04,0.000000000000000000e+00
6.979999999999999443e-04,0.000000000000000000e+00
6.999999999999999929e-04,0.000000000000000000e+00
7.019999999999999331e-04,0.000000000000000000e+00
7.039999999999999817e-04,0.000000000000000000e+00
7.059999999999999219e-04,0.000000000000000000e+00
7.079999999999999705e-04,0.000000000000000000e+00
7.099999999999999107e-04,0.000000000000000000e+00
7.119999999999999593e-04,0.000000000000000000e+00
7.140000000000000079e-04,0.000000000000000000e+00
7.159999999999999481e-04,0.000000000000000000e+00
7.179999999999999967e-04,0.000000000000000000e+00
7.199999999999999369e-04,0.000000000000000000e+00
7.219999999999999855e-04,0.000000000000000000e+00
7.239999999999999257e-04,0.000000000000000000e+00
7.259999999999999743e-04,0.000000000000000000e+00
7.280000000000000230e-04,0.000000000000000000e+00
7.299999999999999632e-04,0.000000000000000000e+00
7.320000000000000118e-04,0.000000000000000000e+00
7.339999999999999520e-04,0.000000000000000000e+00
7.360000000000000006e-04,0.000000000000000000e+00
7.379999999999999408e-04,0.000000000000000000e+00
7.399999999999999894e-04,0.000000000000000000e+00
7.420000000000000380e-04,0.000000000000000000e+00
7.439999999999999782e-04,0.000000000000000000e+00
7.460000000000000268e-04,0.000000000000000000e+00
7.479999999999999670e-04,0.000000000000000000e+00
7.500000000000000156e-04,0.000000000000000000e+00
7.519999999999999558e-04,0.000000000000000000e+00
7.540000000000000044e-04,0.000000000000000000e+00
7.560000000000000530e-04,0.000000000000000000e+00
7.579999999999999932e-04,0.000000000000000000e+00
7.600000000000000418e-04,0.000000000000000000e+00
7.619999999999999820e-04,0.000000000000000000e+00
7.640000000000000306e-04,0.000000000000000000e+00
7.659999999999999708e-04,0.000000000000000000e+00
7.680000000000000195e-04,0.000000000000000000e+00
7.700000000000000681e-04,0.000000000000000000e+00
7.720000000000000083e-04,0.000000000000000000e+00
7.740000000000000569e-04,0.000000000000000000e+00
7.759999999999999971e-04,0.000000000000000000e+00
7.780000000000000457e-04,0.000000000000000000e+00
7.799999999999999859e-04,0.000000000000000000e+00
7.820000000000000345e-04,0.000000000000000000e+00
7.840000000000000831e-04,0.000000000000000000e+00
7.860000000000000233e-04,0.000000000000000000e+00
7.880000000000000719e-04,0.000000000000000000e+00
7.900000000000000121e-04,0.000000000000000000e+00
7.920000000000000607e-04,0.000000000000000000e+00
7.940000000000000009e-04,0.000000000000000000e+00
7.960000000000000495e-04,0.000000000000000000e+00
7.979999999999999897e-04,0.000000000000000000e+00
8.000000000000000383e-04,0.000000000000000000e+00
8.020000000000000870e-04,0.000000000000000000e+00
8.040000000000000271e-04,0.000000000000000000e+00
8.060000000000000758e-04,0.000000000000000000e+00
8.080000000000000160e-04,0.000000000000000000e+00
8.100000000000000646e-04,0.000000000000000000e+00
8.120000000000000048e-04,0.000000000000000000e+00
8.139999999999999450e-04,0.000000000000000000e+00
8.159999999999999936e-04,0.000000000000000000e+00
8.179999999999999338e-04,0.000000000000000000e+00
8.199999999999999824e-04,0.000000000000000000e+00
8.219999999999999226e-04,0.000000000000000000e+00
8.239999999999999712e-04,0.000000000000000000e+00
8.259999999999999114e-04,0.000000000000000000e+00
8.279999999999999600e-04,0.000000000000000000e+00
8.300000000000000086e-04,0.000000000000000000e+00
8.319999999999999488e-04,0.000000000000000000e+00
8.339999999999999974e-04,0.000000000000000000e+00
8.359999999999999376e-04,0.000000000000000000e+00
8.379999999999999862e-04,0.000000000000000000e+00
8.399999999999999264e-04,0.000000000000000000e+00
8.419999999999999750e-04,0.000000000000000000e+00
8.440000000000000236e-04,0.000000000000000000e+00
8.459999999999999638e-04,0.000000000000000000e+00
8.480000000000000124e-04,0.000000000000000000e+00
8.499999999999999526e-04,0.000000000000000000e+00
8.520000000000000013e-04,0.000000000000000000e+00
8.539999999999999414e-04,0.000000000000000000e+00
8.559999999999999901e-04,0.000000000000000000e+00
8.580000000000000387e-04,0.000000000000000000e+00
8.599999999999999789e-04,0.000000000000000000e+00
8.620000000000000275e-04,0.000000000000000000e+00
8.639999999999999677e-04,0.000000000000000000e+00
8.660000000000000163e-04,0.000000000000000000e+00
8.679999999999999565e-04,0.000000000000000000e+00
8.700000000000000051e-04,0.000000000000000000e+00
8.719999999999999453e-04,0.000000000000000000e+00
8.739999999999999939e-04,0.000000000000000000e+00
8.760000000000000425e-04,0.000000000000000000e+00
8.779999999999999827e-04,0.000000000000000000e+00
8.800000000000000313e-04,0.000000000000000000e+00
8.819999999999999715e-04,0.000000000000000000e+00
8.840000000000000201e-04,0.000000000000000000e+00
8.859999999999999603e-04,0.000000000000000000e+00
8.880000000000000089e-04,0.000000000000000000e+00
8.900000000000000576e-04,0.000000000000000000e+00
8.919999999999999978e-04,0.000000000000000000e+00
8.940000000000000464e-04,0.000000000000000000e+00
8.959999999999999866e-04,0.000000000000000000e+00
8.980000000000000352e-04,0.000000000000000000e+00
8.999999999999999754e-04,0.000000000000000000e+00
9.020000000000000240e-04,0.000000000000000000e+00
9.040000000000000726e-04,0.000000000000000000e+00
9.060000000000000128e-04,0.000000000000000000e+00
9.080000000000000614e-04,0.000000000000000000e+00
9.100000000000000016e-04,0.000000000000000000e+00
9.120000000000000502e-04,0.000000000000000000e+00
9.139999999999999904e-04,0.000000000000000000e+00
9.160000000000000390e-04,0.000000000000000000e+00
9.180000000000000876e-04,0.000000000000000000e+00
9.200000000000000278e-04,0.000000000000000000e+00
9.220000000000000764e-04,0.000000000000000000e+00
9.240000000000000166e-04,0.000000000000000000e+00
9.260000000000000652e-04,0.000000000000000000e+00
9.280000000000000054e-04,0.000000000000000000e+00
9.300000000000000541e-04,0.000000000000000000e+00
9.320000000000001027e-04,0.000000000000000000e+00
9.340000000000000429e-04,0.000000000000000000e+00
9.360000000000000915e-04,0.000000000000000000e+00
9.379999999999999232e-04,0.000000000000000000e+00
9.399999999999999719e-04,0.000000000000000000e+00
9.419999999999999121e-04,0.000000000000000000e+00
9.439999999999999607e-04,0.000000000000000000e+00
9.459999999999999009e-04,0.000000000000000000e+00
9.479999999999999495e-04,0.000000000000000000e+00
9.499999999999999981e-04,0.000000000000000000e+00
9.519999999999999383e-04,0.000000000000000000e+00
9.539999999999999869e-04,0.000000000000000000e+00
9.559999999999999271e-04,0.000000000000000000e+00
9.579999999999999757e-04,0.000000000000000000e+00
9.599999999999999159e-04,0.000000000000000000e+00
9.619999999999999645e-04,0.000000000000000000e+00
9.640000000000000131e-04,0.000000000000000000e+00
9.659999999999999533e-04,0.000000000000000000e+00
9.680000000000000019e-04,0.000000000000000000e+00
9.699999999999999421e-04,0.000000000000000000e+00
9.719999999999999907e-04,0.000000000000000000e+00
9.739999999999999309e-04,0.000000000000000000e+00
9.759999999999999796e-04,0.000000000000000000e+00
9.779999999999999197e-04,0.000000000000000000e+00
9.799999999999999684e-04,0.000000000000000000e+00
9.820000000000000170e-04,0.000000000000000000e+00
9.840000000000000656e-04,0.000000000000000000e+00
9.859999999999998974e-04,0.000000000000000000e+00
9.879999999999999460e-04,0.000000000000000000e+00
9.899999999999999946e-04,0.000000000000000000e+00
9.920000000000000432e-04,0.000000000000000000e+00
9.940000000000000918e-04,0.000000000000000000e+00
9.959999999999999236e-04,0.000000000000000000e+00
9.979999999999999722e-04,0.000000000000000000e+00
1.000000000000000021e-03,0.000000000000000000e+00
1.002000000000000069e-03,0.000000000000000000e+00
1.003999999999999901e-03,0.000000000000000000e+00
1.005999999999999950e-03,0.000000000000000000e+00
1.007999999999999998e-03,0.000000000000000000e+00
1.010000000000000047e-03,0.000000000000000000e+00
1.012000000000000096e-03,0.000000000000000000e+00
1.013999999999999927e-03,0.000000000000000000e+00
1.015999999999999976e-03,0.000000000000000000e+00
1.018000000000000025e-03,0.000000000000000000e+00
1.020000000000000073e-03,0.000000000000000000e+00
1.022000000000000122e-03,0.000000000000000000e+00
1.023999999999999954e-03,0.000000000000000000e+00
1.026000000000000002e-03,0.000000000000000000e+00
1.028000000000000051e-03,0.000000000000000000e+00
1.030000000000000100e-03,0.000000000000000000e+00
1.031999999999999931e-03,0.000000000000000000e+00
1.033999999999999980e-03,0.000000000000000000e+00
1.036000000000000029e-03,0.000000000000000000e+00
1.038000000000000077e-03,0.000000000000000000e+00
1.040000000000000126e-03,0.000000000000000000e+00
1.041999999999999958e-03,0.000000000000000000e+00
1.044000000000000006e-03,0.000000000000000000e+00
1.046000000000000055e-03,0.000000000000000000e+00
1.048000000000000103e-03,0.000000000000000000e+00
1.050000000000000152e-03,0.000000000000000000e+00
1.051999999999999984e-03,0.000000000000000000e+00
1.054000000000000032e-03,0.000000000000000000e+00
1.056000000000000081e-03,0.000000000000000000e+00
1.058000000000000130e-03,0.000000000000000000e+00
1.059999999999999961e-03,0.000000000000000000e+00
1.062000000000000010e-03,0.000000000000000000e+00
1.064000000000000059e-03,0.000000000000000000e+00
1.066000000000000107e-03,0.000000000000000000e+00
1.068000000000000156e-03,0.000000000000000000e+00
1.069999999999999988e-03,0.000000000000000000e+00
1.072000000000000036e-03,0.000000000000000000e+00
1.074000000000000085e-03,0.000000000000000000e+00
1.076000000000000133e-03,0.000000000000000000e+00
1.077999999999999965e-03,0.000000000000000000e+00
1.080000000000000014e-03,0.000000000000000000e+00
1.082000000000000062e-03,0.000000000000000000e+00
1.084000000000000111e-03,0.000000000000000000e+00
1.086000000000000160e-03,0.000000000000000000e+00
1.087999999999999991e-03,0.000000000000000000e+00
1.090000000000000040e-03,0.000000000000000000e+00
1.092000000000000089e-03,0.000000000000000000e+00
1.094000000000000137e-03,0.000000000000000000e+00
1.096000000000000186e-03,0.000000000000000000e+00
1.098000000000000018e-03,0.000000000000000000e+00
1.100000000000000066e-03,0.000000000000000000e+00
1.102000000000000115e-03,0.000000000000000000e+00
1.104000000000000163e-03,0.000000000000000000e+00
1.105999999999999995e-03,0.000000000000000000e+00
1.108000000000000044e-03,0.000000000000000000e+00
1.110000000000000092e-03,0.000000000000000000e+00
1.112000000000000141e-03,0.000000000000000000e+00
1.114000000000000190e-03,0.000000000000000000e+00
1.116000000000000021e-03,0.000000000000000000e+00
1.118000000000000070e-03,0.000000000000000000e+00
1.120000000000000119e-03,0.000000000000000000e+00
1.122000000000000167e-03,0.000000000000000000e+00
1.124000000000000216e-03,0.000000000000000000e+00
1.125999999999999831e-03,0.000000000000000000e+00
1.127999999999999879e-03,0.000000000000000000e+00
1.129999999999999928e-03,0.000000000000000000e+00
1.131999999999999977e-03,0.000000000000000000e+00
1.133999999999999809e-03,0.000000000000000000e+00
1.135999999999999857e-03,0.000000000000000000e+00
1.137999999999999906e-03,0.000000000000000000e+00
1.139999999999999954e-03,0.000000000000000000e+00
1.142000000000000003e-03,0.000000000000000000e+00
1.143999999999999835e-03,0.000000000000000000e+00
1.145999999999999883e-03,0.000000000000000000e+00
1.147999999999999932e-03,0.000000000000000000e+00
1.149999999999999981e-03,0.000000000000000000e+00
1.151999999999999812e-03,0.000000000000000000e+00
1.153999999999999861e-03,0.000000000000000000e+00
1.155999999999999910e-03,0.000000000000000000e+00
1.157999999999999958e-03,0.000000000000000000e+00
1.160000000000000007e-03,0.000000000000000000e+00
1.161999999999999839e-03,0.000000000000000000e+00
1.163999999999999887e-03,0.000000000000000000e+00
1.165999999999999936e-03,0.000000000000000000e+00
1.167999999999999984e-03,0.000000000000000000e+00
1.170000000000000033e-03,0.000000000000000000e+00
1.171999999999999865e-03,0.000000000000000000e+00
1.173999999999999913e-03,0.000000000000000000e+00
1.175999999999999962e-03,0.000000000000000000e+00
1.178000000000000011e-03,0.000000000000000000e+00
1.179999999999999842e-03,0.000000000000000000e+00
1.181999999999999891e-03,0.000000000000000000e+00
1.183999999999999940e-03,0.000000000000000000e+00
1.185999999999999988e-03,0.000000000000000000e+00
1.188000000000000037e-03,0.000000000000000000e+00
1.189999999999999869e-03,0.000000000000000000e+00
1.191999999999999917e-03,0.000000000000000000e+00
1.193999999999999966e-03,0.000000000000000000e+00
1.196000000000000014e-03,0.000000000000000000e+00
1.197999999999999846e-03,0.000000000000000000e+00
1.199999999999999895e-03,0.000000000000000000e+00
1.201999999999999943e-03,0.000000000000000000e+00
1.203999999999999992e-03,0.000000000000000000e+00
1.206000000000000041e-03,0.000000000000000000e+00
1.207999999999999872e-03,0.000000000000000000e+00
1.209999999999999921e-03,0.000000000000000000e+00
1.211999999999999970e-03,0.000000000000000000e+00
1.214000000000000018e-03,0.000000000000000000e+00
1.216000000000000067e-03,0.000000000000000000e+00
1.217999999999999899e-03,0.000000000000000000e+00
1.219999999999999947e-03,0.000000000000000000e+00
1.221999999999999996e-03,0.000000000000000000e+00
1.224000000000000045e-03,0.000000000000000000e+00
1.225999999999999876e-03,0.000000000000000000e+00
1.227999999999999925e-03,0.000000000000000000e+00
1.229999999999999974e-03,0.000000000000000000e+00
1.232000000000000022e-03,0.000000000000000000e+00
1.234000000000000071e-03,0.000000000000000000e+00
1.235999999999999903e-03,0.000000000000000000e+00
1.237999999999999951e-03,0.000000000000000000e+00
1.240000000000000000e-03,0.000000000000000000e+00
1.242000000000000048e-03,0.000000000000000000e+00
1.244000000000000097e-03,0.000000000000000000e+00
1.245999999999999929e-03,0.000000000000000000e+00
1.247999999999999977e-03,0.000000000000000000e+00
1.250000000000000026e-03,0.000000000000000000e+00
1.252000000000000075e-03,0.000000000000000000e+00
1.253999999999999906e-03,0.000000000000000000e+00
1.255999999999999955e-03,0.000000000000000000e+00
1.258000000000000004e-03,0.000000000000000000e+00
1.260000000000000052e-03,0.000000000000000000e+00
1.262000000000000101e-03,0.000000000000000000e+00
1.263999999999999933e-03,0.000000000000000000e+00
1.265999999999999981e-03,0.000000000000000000e+00
1.268000000000000030e-03,0.000000000000000000e+00
1.270000000000000078e-03,0.000000000000000000e+00
1.272000000000000127e-03,0.000000000000000000e+00
1.273999999999999959e-03,0.000000000000000000e+00
1.276000000000000007e-03,0.000000000000000000e+00
1.278000000000000056e-03,0.000000000000000000e+00
1.280000000000000105e-03,0.000000000000000000e+00
1.281999999999999936e-03,0.000000000000000000e+00
1.283999999999999985e-03,0.000000000000000000e+00
1.286000000000000034e-03,0.000000000000000000e+00
1.288000000000000082e-03,0.000000000000000000e+00
1.290000000000000131e-03,0.000000000000000000e+00
1.291999999999999963e-03,0.000000000000000000e+00
1.294000000000000011e-03,0.000000000000000000e+00
1.296000000000000060e-03,0.000000000000000000e+00
1.298000000000000109e-03,0.000000000000000000e+00
1.299999999999999940e-03,0.000000000000000000e+00
1.301999999999999989e-03,0.000000000000000000e+00
1.304000000000000038e-03,0.000000000000000000e+00
1.306000000000000086e-03,0.000000000000000000e+00
1.308000000000000135e-03,0.000000000000000000e+00
1.309999999999999967e-03,0.000000000000000000e+00
1.312000000000000015e-03,0.000000000000000000e+00
1.314000000000000064e-03,0.000000000000000000e+00
1.316000000000000112e-03,0.000000000000000000e+00
1.318000000000000161e-03,0.000000000000000000e+00
1.319999999999999993e-03,0.000000000000000000e+00
1.322000000000000041e-03,0.000000000000000000e+00
1.324000000000000090e-03,0.000000000000000000e+00
1.326000000000000139e-03,0.000000000000000000e+00
1.327999999999999970e-03,0.000000000000000000e+00
1.330000000000000019e-03,0.000000000000000000e+00
1.332000000000000068e-03,0.000000000000000000e+00
1.334000000000000116e-03,0.000000000000000000e+00
1.336000000000000165e-03,0.000000000000000000e+00
1.337999999999999997e-03,0.000000000000000000e+00
1.340000000000000045e-03,0.000000000000000000e+00
1.342000000000000094e-03,0.000000000000000000e+00
1.344000000000000142e-03,0.000000000000000000e+00
1.346000000000000191e-03,0.000000000000000000e+00
1.348000000000000023e-03,0.000000000000000000e+00
1.350000000000000071e-03,0.000000000000000000e+00
1.352000000000000120e-03,0.000000000000000000e+00
1.354000000000000169e-03,0.000000000000000000e+00
1.356000000000000000e-03,0.000000000000000000e+00
1.358000000000000049e-03,0.000000000000000000e+00
1.360000000000000098e-03,0.000000000000000000e+00
1.362000000000000146e-03,0.000000000000000000e+00
1.364000000000000195e-03,0.000000000000000000e+00
1.366000000000000027e-03,0.000000000000000000e+00
1.368000000000000075e-03,0.000000000000000000e+00
1.370000000000000124e-03,0.000000000000000000e+00
1.372000000000000173e-03,0.000000000000000000e+00
1.374000000000000004e-03,0.000000000000000000e+00
1.375999999999999836e-03,0.000000000000000000e+00
1.377999999999999885e-03,0.000000000000000000e+00
1.379999999999999933e-03,0.000000000000000000e+00
1.381999999999999982e-03,0.000000000000000000e+00
1.383999999999999814e-03,0.000000000000000000e+00
1.385999999999999862e-03,0.000000000000000000e+00
1.387999999999999911e-03,0.000000000000000000e+00
1.389999999999999960e-03,0.000000000000000000e+00
1.392000000000000008e-03,0.000000000000000000e+00
1.393999999999999840e-03,0.000000000000000000e+00
1.395999999999999889e-03,0.000000000000000000e+00
1.397999999999999937e-03,0.000000000000000000e+00
1.399999999999999986e-03,0.000000000000000000e+00
1.401999999999999818e-03,0.000000000000000000e+00
1.403999999999999866e-03,0.000000000000000000e+00
1.405999999999999915e-03,0.000000000000000000e+00
1.407999999999999963e-03,0.000000000000000000e+00
1.410000000000000012e-03,0.000000000000000000e+00
1.411999999999999844e-03,0.000000000000000000e+00
1.413999999999999892e-03,0.000000000000000000e+00
1.415999999999999941e-03,0.000000000000000000e+00
1.417999999999999990e-03,0.000000000000000000e+00
1.419999999999999821e-03,0.000000000000000000e+00
1.421999999999999870e-03,0.000000000000000000e+00
1.423999999999999919e-03,0.000000000000000000e+00
1.425999999999999967e-03,0.000000000000000000e+00
1.428000000000000016e-03,0.000000000000000000e+00
1.429999999999999848e-03,0.000000000000000000e+00
1.431999999999999896e-03,0.000000000000000000e+00
1.433999999999999945e-03,0.000000000000000000e+00
1.435999999999999993e-03,0.000000000000000000e+00
1.438000000000000042e-03,0.000000000000000000e+00
1.439999999999999874e-03,0.000000000000000000e+00
1.441999999999999922e-03,0.000000000000000000e+00
1.443999999999999971e-03,0.000000000000000000e+00
1.446000000000000020e-03,0.000000000000000000e+00
1.447999999999999851e-03,0.000000000000000000e+00
1.449999999999999900e-03,0.000000000000000000e+00
1.451999999999999949e-03,0.000000000000000000e+00
1.453999999999999997e-03,0.000000000000000000e+00
1.456000000000000046e-03,0.000000000000000000e+00
1.457999999999999878e-03,0.000000000000000000e+00
1.459999999999999926e-03,0.000000000000000000e+00
1.461999999999999975e-03,0.000000000000000000e+00
1.464000000000000024e-03,0.000000000000000000e+00
1.466000000000000072e-03,0.000000000000000000e+00
1.467999999999999904e-03,0.000000000000000000e+00
1.469999999999999953e-03,0.000000000000000000e+00
1.472000000000000001e-03,0.000000000000000000e+00
1.474000000000000050e-03,0.000000000000000000e+00
1.475999999999999882e-03,0.000000000000000000e+00
1.477999999999999930e-03,0.000000000000000000e+00
1.479999999999999979e-03,0.000000000000000000e+00
1.482000000000000027e-03,0.000000000000000000e+00
1.484000000000000076e-03,0.000000000000000000e+00
1.485999999999999908e-03,0.000000000000000000e+00
1.487999999999999956e-03,0.000000000000000000e+00
1.490000000000000005e-03,0.000000000000000000e+00
1.492000000000000054e-03,0.000000000000000000e+00
1.494000000000000102e-03,0.000000000000000000e+00
1.495999999999999934e-03,0.000000000000000000e+00
1.497999999999999983e-03,0.000000000000000000e+00
1.500000000000000031e-03,0.000000000000000000e+00
1.502000000000000080e-03,0.000000000000000000e+00
1.503999999999999912e-03,0.000000000000000000e+00
1.505999999999999960e-03,0.000000000000000000e+00
1.508000000000000009e-03,0.000000000000000000e+00
1.510000000000000057e-03,0.000000000000000000e+00
1.512000000000000106e-03,0.000000000000000000e+00
1.513999999999999938e-03,0.000000000000000000e+00
1.515999999999999986e-03,0.000000000000000000e+00
1.518000000000000035e-03,0.000000000000000000e+00
1.520000000000000084e-03,0.000000000000000000e+00
1.521999999999999915e-03,0.000000000000000000e+00
1.523999999999999964e-03,0.000000000000000000e+00
1.526000000000000013e-03,0.000000000000000000e+00
1.528000000000000061e-03,0.000000000000000000e+00
1.530000000000000110e-03,0.000000000000000000e+00
1.531999999999999942e-03,0.000000000000000000e+00
1.533999999999999990e-03,0.000000000000000000e+00
1.536000000000000039e-03,0.000000000000000000e+00
1.538000000000000088e-03,0.000000000000000000e+00
1.540000000000000136e-03,0.000000000000000000e+00
1.541999999999999968e-03,0.000000000000000000e+00
1.544000000000000017e-03,0.000000000000000000e+00
1.546000000000000065e-03,0.000000000000000000e+00
1.548000000000000114e-03,0.000000000000000000e+00
1.549999999999999946e-03,0.000000000000000000e+00
1.551999999999999994e-03,0.000000000000000000e+00
1.554000000000000043e-03,0.000000000000000000e+00
1.556000000000000091e-03,0.000000000000000000e+00
1.558000000000000140e-03,0.000000000000000000e+00
1.559999999999999972e-03,0.000000000000000000e+00
1.562000000000000020e-03,0.000000000000000000e+00
1.564000000000000069e-03,0.000000000000000000e+00
1.566000000000000118e-03,0.000000000000000000e+00
1.568000000000000166e-03,0.000000000000000000e+00
1.569999999999999998e-03,0.000000000000000000e+00
1.572000000000000047e-03,0.000000000000000000e+00
1.574000000000000095e-03,0.000000000000000000e+00
1.576000000000000144e-03,0.000000000000000000e+00
1.577999999999999976e-03,0.000000000000000000e+00
1.580000000000000024e-03,0.000000000000000000e+00
1.582000000000000073e-03,0.000000000000000000e+00
1.584000000000000121e-03,0.000000000000000000e+00
1.586000000000000170e-03,0.000000000000000000e+00
1.588000000000000002e-03,0.000000000000000000e+00
1.590000000000000050e-03,0.000000000000000000e+00
1.592000000000000099e-03,0.000000000000000000e+00
1.594000000000000148e-03,0.000000000000000000e+00
1.595999999999999979e-03,0.000000000000000000e+00
1.598000000000000028e-03,0.000000000000000000e+00
1.600000000000000077e-03,0.000000000000000000e+00
1.602000000000000125e-03,0.000000000000000000e+00
1.604000000000000174e-03,0.000000000000000000e+00
1.606000000000000006e-03,0.000000000000000000e+00
1.608000000000000054e-03,0.000000000000000000e+00
1.610000000000000103e-03,0.000000000000000000e+00
1.612000000000000152e-03,0.000000000000000000e+00
1.614000000000000200e-03,0.000000000000000000e+00
1.616000000000000032e-03,0.000000000000000000e+00
1.618000000000000081e-03,0.000000000000000000e+00
1.620000000000000129e-03,0.000000000000000000e+00
1.622000000000000178e-03,0.000000000000000000e+00
1.624000000000000010e-03,0.000000000000000000e+00
1.625999999999999841e-03,0.000000000000000000e+00
1.627999999999999890e-03,0.000000000000000000e+00
1.629999999999999939e-03,0.000000000000000000e+00
1.631999999999999987e-03,0.000000000000000000e+00
1.633999999999999819e-03,0.000000000000000000e+00
1.635999999999999868e-03,0.000000000000000000e+00
1.637999999999999916e-03,0.000000000000000000e+00
1.639999999999999965e-03,0.000000000000000000e+00
1.641999999999999797e-03,0.000000000000000000e+00
1.643999999999999845e-03,0.000000000000000000e+00
1.645999999999999894e-03,0.000000000000000000e+00
1.647999999999999942e-03,0.000000000000000000e+00
1.649999999999999991e-03,0.000000000000000000e+00
1.651999999999999823e-03,0.000000000000000000e+00
1.653999999999999871e-03,0.000000000000000000e+00
1.655999999999999920e-03,0.000000000000000000e+00
1.657999999999999969e-03,0.000000000000000000e+00
1.660000000000000017e-03,0.000000000000000000e+00
1.661999999999999849e-03,0.000000000000000000e+00
1.663999999999999898e-03,0.000000000000000000e+00
1.665999999999999946e-03,0.000000000000000000e+00
1.667999999999999995e-03,0.000000000000000000e+00
1.669999999999999827e-03,0.000000000000000000e+00
1.671999999999999875e-03,0.000000000000000000e+00
1.673999999999999924e-03,0.000000000000000000e+00
1.675999999999999972e-03,0.000000000000000000e+00
1.678000000000000021e-03,0.000000000000000000e+00
1.679999999999999853e-03,0.000000000000000000e+00
1.681999999999999901e-03,0.000000000000000000e+00
1.683999999999999950e-03,0.000000000000000000e+00
1.685999999999999999e-03,0.000000000000000000e+00
1.688000000000000047e-03,0.000000000000000000e+00
1.689999999999999879e-03,0.000000000000000000e+00
1.691999999999999928e-03,0.000000000000000000e+00
1.693999999999999976e-03,0.000000000000000000e+00
1.696000000000000025e-03,0.000000000000000000e+00
1.697999999999999857e-03,0.000000000000000000e+00
1.699999999999999905e-03,0.000000000000000000e+00
1.701999999999999954e-03,0.000000000000000000e+00
1.704000000000000003e-03,0.000000000000000000e+00
1.706000000000000051e-03,0.000000000000000000e+00
1.707999999999999883e-03,0.000000000000000000e+00
1.709999999999999932e-03,0.000000000000000000e+00
1.711999999999999980e-03,0.000000000000000000e+00
1.714000000000000029e-03,0.000000000000000000e+00
1.716000000000000077e-03,0.000000000000000000e+00
1.717999999999999909e-03,0.000000000000000000e+00
1.719999999999999958e-03,0.000000000000000000e+00
1.722000000000000006e-03,0.000000000000000000e+00
1.724000000000000055e-03,0.000000000000000000e+00
1.725999999999999887e-03,0.000000000000000000e+00
1.727999999999999935e-03,0.000000000000000000e+00
1.729999999999999984e-03,0.000000000000000000e+00
1.732000000000000033e-03,0.000000000000000000e+00
1.734000000000000081e-03,0.000000000000000000e+00
1.735999999999999913e-03,0.000000000000000000e+00
1.737999999999999962e-03,0.000000000000000000e+00
1.740000000000000010e-03,0.000000000000000000e+00
1.742000000000000059e-03,0.000000000000000000e+00
1.743999999999999891e-03,0.000000000000000000e+00
1.745999999999999939e-03,0.000000000000000000e+00
1.747999999999999988e-03,0.000000000000000000e+00
1.750000000000000036e-03,0.000000000000000000e+00
1.752000000000000085e-03,0.000000000000000000e+00
1.753999999999999917e-03,0.000000000000000000e+00
1.755999999999999965e-03,0.000000000000000000e+00
1.758000000000000014e-03,0.000000000000000000e+00
1.760000000000000063e-03,0.000000000000000000e+00
1.762000000000000111e-03,0.000000000000000000e+00
1.763999999999999943e-03,0.000000000000000000e+00
1.765999999999999992e-03,0.000000000000000000e+00
1.768000000000000040e-03,0.000000000000000000e+00
1.770000000000000089e-03,0.000000000000000000e+00
1.771999999999999921e-03,0.000000000000000000e+00
1.773999999999999969e-03,0.000000000000000000e+00
1.776000000000000018e-03,0.000000000000000000e+00
1.778000000000000067e-03,0.000000000000000000e+00
1.780000000000000115e-03,0.000000000000000000e+00
1.781999999999999947e-03,0.000000000000000000e+00
1.783999999999999996e-03,0.000000000000000000e+00
1.786000000000000044e-03,0.000000000000000000e+00
1.788000000000000093e-03,0.000000000000000000e+00
1.790000000000000141e-03,0.000000000000000000e+00
1.791999999999999973e-03,0.000000000000000000e+00
1.794000000000000022e-03,0.000000000000000000e+00
1.796000000000000070e-03,0.000000000000000000e+00
1.798000000000000119e-03,0.000000000000000000e+00
1.799999999999999951e-03,0.000000000000000000e+00
1.801999999999999999e-03,0.000000000000000000e+00
1.804000000000000048e-03,0.000000000000000000e+00
1.806000000000000097e-03,0.000000000000000000e+00
1.808000000000000145e-03,0.000000000000000000e+00
1.809999999999999977e-03,0.000000000000000000e+00
1.812000000000000026e-03,0.000000000000000000e+00
1.814000000000000074e-03,0.000000000000000000e+00
1.816000000000000123e-03,0.000000000000000000e+00
1.817999999999999955e-03,0.000000000000000000e+00
1.820000000000000003e-03,0.000000000000000000e+00
1.822000000000000052e-03,0.000000000000000000e+00
1.824000000000000100e-03,0.000000000000000000e+00
1.826000000000000149e-03,0.000000000000000000e+00
1.827999999999999981e-03,0.000000000000000000e+00
1.830000000000000029e-03,0.000000000000000000e+00
1.832000000000000078e-03,0.000000000000000000e+00
1.834000000000000127e-03,0.000000000000000000e+00
1.836000000000000175e-03,0.000000000000000000e+00
1.838000000000000007e-03,0.000000000000000000e+00
1.840000000000000056e-03,0.000000000000000000e+00
1.842000000000000104e-03,0.000000000000000000e+00
1.844000000000000153e-03,0.000000000000000000e+00
1.845999999999999985e-03,0.000000000000000000e+00
1.848000000000000033e-03,0.000000000000000000e+00
1.850000000000000082e-03,0.000000000000000000e+00
1.852000000000000130e-03,0.000000000000000000e+00
1.854000000000000179e-03,0.000000000000000000e+00
1.856000000000000011e-03,0.000000000000000000e+00
1.858000000000000059e-03,0.000000000000000000e+00
1.860000000000000108e-03,0.000000000000000000e+00
1.862000000000000157e-03,0.000000000000000000e+00
1.864000000000000205e-03,0.000000000000000000e+00
1.866000000000000037e-03,0.000000000000000000e+00
1.868000000000000086e-03,0.000000000000000000e+00
1.870000000000000134e-03,0.000000000000000000e+00
1.872000000000000183e-03,0.000000000000000000e+00
1.874000000000000015e-03,0.000000000000000000e+00
1.875999999999999846e-03,0.000000000000000000e+00
1.877999999999999895e-03,0.000000000000000000e+00
1.879999999999999944e-03,0.000000000000000000e+00
1.881999999999999992e-03,0.000000000000000000e+00
1.883999999999999824e-03,0.000000000000000000e+00
1.885999999999999873e-03,0.000000000000000000e+00
1.887999999999999921e-03,0.000000000000000000e+00
1.889999999999999970e-03,0.000000000000000000e+00
1.891999999999999802e-03,0.000000000000000000e+00
1.893999999999999850e-03,0.000000000000000000e+00
1.895999999999999899e-03,0.000000000000000000e+00
1.897999999999999948e-03,0.000000000000000000e+00
1.899999999999999996e-03,0.000000000000000000e+00
1.901999999999999828e-03,0.000000000000000000e+00
1.903999999999999877e-03,0.000000000000000000e+00
1.905999999999999925e-03,0.000000000000000000e+00
1.907999999999999974e-03,0.000000000000000000e+00
1.910000000000000022e-03,0.000000000000000000e+00
1.911999999999999854e-03,0.000000000000000000e+00
1.913999999999999903e-03,0.000000000000000000e+00
1.915999999999999951e-03,0.000000000000000000e+00
1.918000000000000000e-03,0.000000000000000000e+00
1.919999999999999832e-03,0.000000000000000000e+00
1.921999999999999880e-03,0.000000000000000000e+00
1.923999999999999929e-03,0.000000000000000000e+00
1.925999999999999978e-03,0.000000000000000000e+00
1.928000000000000026e-03,0.000000000000000000e+00
1.929999999999999858e-03,0.000000000000000000e+00
1.931999999999999907e-03,0.000000000000000000e+00
1.933999999999999955e-03,0.000000000000000000e+00
1.936000000000000004e-03,0.000000000000000000e+00
1.938000000000000052e-03,0.000000000000000000e+00
1.939999999999999884e-03,0.000000000000000000e+00
1.941999999999999933e-03,0.000000000000000000e+00
1.943999999999999981e-03,0.000000000000000000e+00
1.946000000000000030e-03,0.000000000000000000e+00
1.947999999999999862e-03,0.000000000000000000e+00
1.949999999999999910e-03,0.000000000000000000e+00
1.951999999999999959e-03,0.000000000000000000e+00
1.954000000000000008e-03,0.000000000000000000e+00
1.955999999999999839e-03,0.000000000000000000e+00
1.958000000000000105e-03,0.000000000000000000e+00
1.959999999999999937e-03,0.000000000000000000e+00
1.961999999999999768e-03,0.000000000000000000e+00
1.964000000000000034e-03,0.000000000000000000e+00
1.965999999999999866e-03,0.000000000000000000e+00
1.968000000000000131e-03,0.000000000000000000e+00
1.969999999999999963e-03,0.000000000000000000e+00
1.971999999999999795e-03,0.000000000000000000e+00
1.974000000000000060e-03,0.000000000000000000e+00
1.975999999999999892e-03,0.000000000000000000e+00
1.978000000000000157e-03,0.000000000000000000e+00
1.979999999999999989e-03,0.000000000000000000e+00
1.981999999999999821e-03,0.000000000000000000e+00
1.984000000000000086e-03,0.000000000000000000e+00
1.985999999999999918e-03,0.000000000000000000e+00
1.988000000000000184e-03,0.000000000000000000e+00
1.990000000000000015e-03,0.000000000000000000e+00
1.991999999999999847e-03,0.000000000000000000e+00
1.994000000000000113e-03,0.000000000000000000e+00
1.995999999999999944e-03,0.000000000000000000e+00
1.998000000000000210e-03,0.000000000000000000e+00
2.000000000000000042e-03,0.000000000000000000e+00
2.001999999999999873e-03,0.000000000000000000e+00
2.004000000000000139e-03,0.000000000000000000e+00
2.005999999999999971e-03,0.000000000000000000e+00
2.007999999999999802e-03,0.000000000000000000e+00
2.009999999999999634e-03,0.000000000000000000e+00
2.011999999999999900e-03,0.000000000000000000e+00
2.013999999999999731e-03,0.000000000000000000e+00
2.015999999999999997e-03,0.000000000000000000e+00
2.017999999999999829e-03,0.000000000000000000e+00
2.020000000000000094e-03,0.000000000000000000e+00
2.021999999999999926e-03,0.000000000000000000e+00
2.024000000000000191e-03,0.000000000000000000e+00
2.025999999999999589e-03,0.000000000000000000e+00
2.027999999999999855e-03,0.000000000000000000e+00
2.029999999999999687e-03,0.000000000000000000e+00
2.031999999999999952e-03,0.000000000000000000e+00
2.033999999999999784e-03,0.000000000000000000e+00
2.036000000000000049e-03,0.000000000000000000e+00
2.037999999999999881e-03,0.000000000000000000e+00
2.040000000000000147e-03,0.000000000000000000e+00
2.041999999999999978e-03,0.000000000000000000e+00
2.044000000000000244e-03,0.000000000000000000e+00
2.045999999999999642e-03,0.000000000000000000e+00
2.047999999999999907e-03,0.000000000000000000e+00
2.049999999999999739e-03,0.000000000000000000e+00
2.052000000000000005e-03,0.000000000000000000e+00
2.053999999999999836e-03,0.000000000000000000e+00
2.056000000000000102e-03,0.000000000000000000e+00
2.057999999999999934e-03,0.000000000000000000e+00
2.060000000000000199e-03,0.000000000000000000e+00
2.062000000000000031e-03,0.000000000000000000e+00
2.063999999999999863e-03,0.000000000000000000e+00
2.065999999999999694e-03,0.000000000000000000e+00
2.067999999999999960e-03,0.000000000000000000e+00
2.069999999999999792e-03,0.000000000000000000e+00
2.072000000000000057e-03,0.000000000000000000e+00
2.073999999999999889e-03,0.000000000000000000e+00
2.076000000000000154e-03,0.000000000000000000e+00
2.077999999999999986e-03,0.000000000000000000e+00
2.080000000000000251e-03,0.000000000000000000e+00
2.081999999999999650e-03,0.000000000000000000e+00
2.083999999999999915e-03,0.000000000000000000e+00
2.085999999999999747e-03,0.000000000000000000e+00
2.088000000000000012e-03,0.000000000000000000e+00
2.089999999999999844e-03,0.000000000000000000e+00
2.092000000000000109e-03,0.000000000000000000e+00
2.093999999999999941e-03,0.000000000000000000e+00
2.096000000000000207e-03,0.000000000000000000e+00
2.098000000000000038e-03,0.000000000000000000e+00
2.100000000000000304e-03,0.000000000000000000e+00
2.101999999999999702e-03,0.000000000000000000e+00
2.103999999999999967e-03,0.000000000000000000e+00
2.105999999999999799e-03,0.000000000000000000e+00
2.108000000000000065e-03,0.000000000000000000e+00
2.109999999999999896e-03,0.000000000000000000e+00
2.112000000000000162e-03,0.000000000000000000e+00
2.113999999999999994e-03,0.000000000000000000e+00
2.116000000000000259e-03,0.000000000000000000e+00
2.118000000000000091e-03,0.000000000000000000e+00
2.119999999999999923e-03,0.000000000000000000e+00
2.121999999999999754e-03,0.000000000000000000e+00
2.124000000000000020e-03,0.000000000000000000e+00
2.125999999999999852e-03,0.000000000000000000e+00
2.128000000000000117e-03,0.000000000000000000e+00
2.129999999999999949e-03,0.000000000000000000e+00
2.132000000000000214e-03,0.000000000000000000e+00
2.134000000000000046e-03,0.000000000000000000e+00
2.136000000000000312e-03,0.000000000000000000e+00
2.137999999999999710e-03,0.000000000000000000e+00
2.139999999999999975e-03,0.000000000000000000e+00
2.141999999999999807e-03,0.000000000000000000e+00
2.144000000000000072e-03,0.000000000000000000e+00
2.145999999999999904e-03,0.000000000000000000e+00
2.148000000000000170e-03,0.000000000000000000e+00
2.150000000000000001e-03,0.000000000000000000e+00
2.152000000000000267e-03,0.000000000000000000e+00
2.154000000000000099e-03,0.000000000000000000e+00
2.155999999999999930e-03,0.000000000000000000e+00
2.157999999999999762e-03,0.000000000000000000e+00
2.160000000000000028e-03,0.000000000000000000e+00
2.161999999999999859e-03,0.000000000000000000e+00
2.164000000000000125e-03,0.000000000000000000e+00
2.165999999999999957e-03,0.000000000000000000e+00
2.168000000000000222e-03,0.000000000000000000e+00
2.170000000000000054e-03,0.000000000000000000e+00
2.172000000000000319e-03,0.000000000000000000e+00
2.173999999999999717e-03,0.000000000000000000e+00
2.175999999999999983e-03,0.000000000000000000e+00
2.177999999999999815e-03,0.000000000000000000e+00
2.180000000000000080e-03,0.000000000000000000e+00
2.181999999999999912e-03,0.000000000000000000e+00
2.184000000000000177e-03,0.000000000000000000e+00
2.186000000000000009e-03,0.000000000000000000e+00
2.188000000000000275e-03,0.000000000000000000e+00
2.190000000000000106e-03,0.000000000000000000e+00
2.192000000000000372e-03,0.000000000000000000e+00
2.193999999999999770e-03,0.000000000000000000e+00
2.196000000000000035e-03,0.000000000000000000e+00
2.197999999999999867e-03,0.000000000000000000e+00
2.200000000000000133e-03,0.000000000000000000e+00
2.201999999999999964e-03,0.000000000000000000e+00
2.204000000000000230e-03,0.000000000000000000e+00
2.206000000000000062e-03,0.000000000000000000e+00
2.208000000000000327e-03,0.000000000000000000e+00
2.210000000000000159e-03,0.000000000000000000e+00
2.211999999999999991e-03,0.000000000000000000e+00
2.213999999999999822e-03,0.000000000000000000e+00
2.216000000000000088e-03,0.000000000000000000e+00
2.217999999999999920e-03,0.000000000000000000e+00
2.220000000000000185e-03,0.000000000000000000e+00
2.222000000000000017e-03,0.000000000000000000e+00
2.224000000000000282e-03,0.000000000000000000e+00
2.226000000000000114e-03,0.000000000000000000e+00
2.228000000000000379e-03,0.000000000000000000e+00
2.229999999999999778e-03,0.000000000000000000e+00
2.232000000000000043e-03,0.000000000000000000e+00
2.233999999999999875e-03,0.000000000000000000e+00
2.236000000000000140e-03,0.000000000000000000e+00
2.237999999999999972e-03,0.000000000000000000e+00
2.240000000000000237e-03,0.000000000000000000e+00
2.242000000000000069e-03,0.000000000000000000e+00
2.244000000000000335e-03,0.000000000000000000e+00
2.246000000000000166e-03,0.000000000000000000e+00
2.248000000000000432e-03,0.000000000000000000e+00
2.249999999999999830e-03,0.000000000000000000e+00
2.251999999999999662e-03,0.000000000000000000e+00
2.253999999999999927e-03,0.000000000000000000e+00
2.255999999999999759e-03,0.000000000000000000e+00
2.258000000000000024e-03,0.000000000000000000e+00
2.259999999999999856e-03,0.000000000000000000e+00
2.262000000000000122e-03,0.000000000000000000e+00
2.263999999999999953e-03,0.000000000000000000e+00
2.266000000000000219e-03,0.000000000000000000e+00
2.267999999999999617e-03,0.000000000000000000e+00
2.269999999999999882e-03,0.000000000000000000e+00
2.271999999999999714e-03,0.000000000000000000e+00
2.273999999999999980e-03,0.000000000000000000e+00
2.275999999999999811e-03,0.000000000000000000e+00
2.278000000000000077e-03,0.000000000000000000e+00
2.279999999999999909e-03,0.000000000000000000e+00
2.282000000000000174e-03,0.000000000000000000e+00
2.284000000000000006e-03,0.000000000000000000e+00
2.285999999999999838e-03,0.000000000000000000e+00
2.287999999999999669e-03,0.000000000000000000e+00
2.289999999999999935e-03,0.000000000000000000e+00
2.291999999999999767e-03,0.000000000000000000e+00
2.294000000000000032e-03,0.000000000000000000e+00
2.295999999999999864e-03,0.000000000000000000e+00
2.298000000000000129e-03,0.000000000000000000e+00
2.299999999999999961e-03,0.000000000000000000e+00
2.302000000000000227e-03,0.000000000000000000e+00
2.303999999999999625e-03,0.000000000000000000e+00
2.305999999999999890e-03,0.000000000000000000e+00
2.307999999999999722e-03,0.000000000000000000e+00
2.309999999999999987e-03,0.000000000000000000e+00
2.311999999999999819e-03,0.000000000000000000e+00
2.314000000000000085e-03,0.000000000000000000e+00
2.315999999999999916e-03,0.000000000000000000e+00
2.318000000000000182e-03,0.000000000000000000e+00
2.320000000000000014e-03,0.000000000000000000e+00
2.322000000000000279e-03,0.000000000000000000e+00
2.323999999999999677e-03,0.000000000000000000e+00
2.325999999999999943e-03,0.000000000000000000e+00
2.327999999999999774e-03,0.000000000000000000e+00
2.330000000000000040e-03,0.000000000000000000e+00
2.331999999999999872e-03,0.000000000000000000e+00
2.334000000000000137e-03,0.000000000000000000e+00
2.335999999999999969e-03,0.000000000000000000e+00
2.338000000000000234e-03,0.000000000000000000e+00
2.340000000000000066e-03,0.000000000000000000e+00
2.341999999999999898e-03,0.000000000000000000e+00
2.343999999999999730e-03,0.000000000000000000e+00
2.345999999999999995e-03,0.000000000000000000e+00
2.347999999999999827e-03,0.000000000000000000e+00
2.350000000000000092e-03,0.000000000000000000e+00
2.351999999999999924e-03,0.000000000000000000e+00
2.354000000000000190e-03,0.000000000000000000e+00
2.356000000000000021e-03,0.000000000000000000e+00
2.358000000000000287e-03,0.000000000000000000e+00
2.359999999999999685e-03,0.000000000000000000e+00
2.361999999999999950e-03,0.000000000000000000e+00
2.363999999999999782e-03,0.000000000000000000e+00
2.366000000000000048e-03,0.000000000000000000e+00
2.367999999999999879e-03,0.000000000000000000e+00
2.370000000000000145e-03,0.000000000000000000e+00
2.371999999999999977e-03,0.000000000000000000e+00
2.374000000000000242e-03,0.000000000000000000e+00
2.376000000000000074e-03,0.000000000000000000e+00
2.377999999999999906e-03,0.000000000000000000e+00
2.379999999999999737e-03,0.000000000000000000e+00
2.382000000000000003e-03,0.000000000000000000e+00
2.383999999999999835e-03,0.000000000000000000e+00
2.386000000000000100e-03,0.000000000000000000e+00
2.387999999999999932e-03,0.000000000000000000e+00
2.390000000000000197e-03,0.000000000000000000e+00
2.392000000000000029e-03,0.000000000000000000e+00
2.394000000000000294e-03,0.000000000000000000e+00
2.395999999999999693e-03,0.000000000000000000e+00
2.397999999999999958e-03,0.000000000000000000e+00
2.399999999999999790e-03,0.000000000000000000e+00
2.402000000000000055e-03,0.000000000000000000e+00
2.403999999999999887e-03,0.000000000000000000e+00
2.406000000000000152e-03,0.000000000000000000e+00
2.407999999999999984e-03,0.000000000000000000e+00
2.410000000000000250e-03,0.000000000000000000e+00
2.412000000000000081e-03,0.000000000000000000e+00
2.414000000000000347e-03,0.000000000000000000e+00
2.415999999999999745e-03,0.000000000000000000e+00
2.418000000000000010e-03,0.000000000000000000e+00
2.419999999999999842e-03,0.000000000000000000e+00
2.422000000000000108e-03,0.000000000000000000e+00
2.423999999999999939e-03,0.000000000000000000e+00
2.426000000000000205e-03,0.000000000000000000e+00
2.428000000000000037e-03,0.000000000000000000e+00
2.430000000000000302e-03,0.000000000000000000e+00
2.432000000000000134e-03,0.000000000000000000e+00
2.433999999999999966e-03,0.000000000000000000e+00
2.435999999999999797e-03,0.000000000000000000e+00
2.438000000000000063e-03,0.000000000000000000e+00
2.439999999999999895e-03,0.000000000000000000e+00
2.442000000000000160e-03,0.000000000000000000e+00
2.443999999999999992e-03,0.000000000000000000e+00
2.446000000000000257e-03,0.000000000000000000e+00
2.448000000000000089e-03,0.000000000000000000e+00
2.450000000000000355e-03,0.000000000000000000e+00
2.451999999999999753e-03,0.000000000000000000e+00
2.454000000000000018e-03,0.000000000000000000e+00
2.455999999999999850e-03,0.000000000000000000e+00
2.458000000000000115e-03,0.000000000000000000e+00
2.459999999999999947e-03,0.000000000000000000e+00
2.462000000000000213e-03,0.000000000000000000e+00
2.464000000000000044e-03,0.000000000000000000e+00
2.466000000000000310e-03,0.000000000000000000e+00
2.468000000000000142e-03,0.000000000000000000e+00
2.470000000000000407e-03,0.000000000000000000e+00
2.471999999999999805e-03,0.000000000000000000e+00
2.474000000000000071e-03,0.000000000000000000e+00
2.475999999999999902e-03,0.000000000000000000e+00
2.478000000000000168e-03,0.000000000000000000e+00
2.480000000000000000e-03,0.000000000000000000e+00
2.482000000000000265e-03,0.000000000000000000e+00
2.484000000000000097e-03,0.000000000000000000e+00
2.486000000000000362e-03,0.000000000000000000e+00
2.488000000000000194e-03,0.000000000000000000e+00
2.490000000000000026e-03,0.000000000000000000e+00
2.491999999999999858e-03,0.000000000000000000e+00
2.494000000000000123e-03,0.000000000000000000e+00
2.495999999999999955e-03,0.000000000000000000e+00
2.498000000000000220e-03,0.000000000000000000e+00
2.500000000000000052e-03,0.000000000000000000e+00
2.500000000000000052e-03,0.000000000000000000e+00
2.503000000000000017e-03,0.000000000000000000e+00
2.507000000000000114e-03,0.000000000000000000e+00
2.509999999999999645e-03,0.000000000000000000e+00
2.513999999999999742e-03,0.000000000000000000e+00
2.516999999999999706e-03,0.000000000000000000e+00
2.520000000000000104e-03,0.000000000000000000e+00
2.524000000000000202e-03,0.000000000000000000e+00
2.527000000000000166e-03,0.000000000000000000e+00
2.531000000000000263e-03,0.000000000000000000e+00
2.533999999999999794e-03,0.000000000000000000e+00
2.536999999999999759e-03,0.000000000000000000e+00
2.540999999999999856e-03,0.000000000000000000e+00
2.544000000000000254e-03,0.000000000000000000e+00
2.547999999999999918e-03,0.000000000000000000e+00
2.551000000000000316e-03,0.000000000000000000e+00
2.553999999999999847e-03,0.000000000000000000e+00
2.557999999999999944e-03,0.000000000000000000e+00
2.560999999999999908e-03,0.000000000000000000e+00
2.565000000000000006e-03,0.000000000000000000e+00
2.567999999999999970e-03,0.000000000000000000e+00
2.571000000000000368e-03,0.000000000000000000e+00
2.575000000000000032e-03,0.000000000000000000e+00
2.577999999999999996e-03,0.000000000000000000e+00
2.581999999999999660e-03,0.000000000000000000e+00
2.585000000000000058e-03,0.000000000000000000e+00
2.588000000000000023e-03,0.000000000000000000e+00
2.592000000000000120e-03,0.000000000000000000e+00
2.595000000000000084e-03,0.000000000000000000e+00
2.599000000000000182e-03,0.000000000000000000e+00
2.601999999999999712e-03,0.000000000000000000e+00
2.605000000000000111e-03,0.000000000000000000e+00
2.608999999999999774e-03,0.000000000000000000e+00
2.612000000000000172e-03,0.000000000000000000e+00
2.616000000000000270e-03,0.000000000000000000e+00
2.619000000000000234e-03,0.000000000000000000e+00
2.621999999999999765e-03,0.000000000000000000e+00
2.625999999999999862e-03,0.000000000000000000e+00
2.628999999999999827e-03,0.000000000000000000e+00
2.632999999999999924e-03,0.000000000000000000e+00
2.636000000000000322e-03,0.000000000000000000e+00
2.638999999999999853e-03,0.000000000000000000e+00
2.642999999999999950e-03,0.000000000000000000e+00
2.645999999999999915e-03,0.000000000000000000e+00
2.650000000000000012e-03,0.000000000000000000e+00
2.652999999999999976e-03,0.000000000000000000e+00
2.655999999999999941e-03,0.000000000000000000e+00
2.660000000000000038e-03,0.000000000000000000e+00
2.663000000000000003e-03,0.000000000000000000e+00
2.666999999999999666e-03,0.000000000000000000e+00
2.670000000000000064e-03,0.000000000000000000e+00
2.673000000000000029e-03,0.000000000000000000e+00
2.677000000000000126e-03,0.000000000000000000e+00
2.680000000000000090e-03,0.000000000000000000e+00
2.684000000000000188e-03,0.000000000000000000e+00
2.686999999999999719e-03,0.000000000000000000e+00
2.690000000000000117e-03,0.000000000000000000e+00
2.693999999999999780e-03,0.000000000000000000e+00
2.697000000000000178e-03,0.000000000000000000e+00
2.701000000000000276e-03,0.000000000000000000e+00
2.704000000000000240e-03,0.000000000000000000e+00
2.706999999999999771e-03,0.000000000000000000e+00
2.710999999999999868e-03,0.000000000000000000e+00
2.713999999999999833e-03,0.000000000000000000e+00
2.717999999999999930e-03,0.000000000000000000e+00
2.720999999999999894e-03,0.000000000000000000e+00
2.724000000000000293e-03,0.000000000000000000e+00
2.728000000000000390e-03,0.000000000000000000e+00
2.730999999999999921e-03,0.000000000000000000e+00
2.735000000000000018e-03,0.000000000000000000e+00
2.737999999999999982e-03,0.000000000000000000e+00
2.740999999999999947e-03,0.000000000000000000e+00
2.745000000000000044e-03,0.000000000000000000e+00
2.748000000000000009e-03,0.000000000000000000e+00
2.751999999999999672e-03,0.000000000000000000e+00
2.755000000000000070e-03,0.000000000000000000e+00
2.758000000000000035e-03,0.000000000000000000e+00
2.762000000000000132e-03,0.000000000000000000e+00
2.765000000000000097e-03,0.000000000000000000e+00
2.769000000000000194e-03,0.000000000000000000e+00
2.771999999999999725e-03,0.000000000000000000e+00
2.775000000000000123e-03,0.000000000000000000e+00
2.778999999999999786e-03,0.000000000000000000e+00
2.782000000000000185e-03,0.000000000000000000e+00
2.785999999999999848e-03,0.000000000000000000e+00
2.789000000000000246e-03,0.000000000000000000e+00
2.791999999999999777e-03,0.000000000000000000e+00
2.795999999999999874e-03,0.000000000000000000e+00
2.798999999999999839e-03,0.000000000000000000e+00
2.802999999999999936e-03,0.000000000000000000e+00
2.805999999999999901e-03,0.000000000000000000e+00
2.809000000000000299e-03,0.000000000000000000e+00
2.812999999999999962e-03,0.000000000000000000e+00
2.815999999999999927e-03,0.000000000000000000e+00
2.820000000000000024e-03,0.000000000000000000e+00
2.822999999999999989e-03,0.000000000000000000e+00
2.825999999999999953e-03,0.000000000000000000e+00
2.830000000000000050e-03,0.000000000000000000e+00
2.833000000000000015e-03,0.000000000000000000e+00
2.837000000000000112e-03,0.000000000000000000e+00
2.839999999999999643e-03,0.000000000000000000e+00
2.843000000000000041e-03,0.000000000000000000e+00
2.847000000000000138e-03,0.000000000000000000e+00
2.850000000000000103e-03,0.000000000000000000e+00
2.854000000000000200e-03,0.000000000000000000e+00
2.857000000000000164e-03,0.000000000000000000e+00
2.859999999999999695e-03,0.000000000000000000e+00
2.863999999999999792e-03,0.000000000000000000e+00
2.867000000000000191e-03,0.000000000000000000e+00
2.870999999999999854e-03,0.000000000000000000e+00
2.874000000000000252e-03,0.000000000000000000e+00
2.876999999999999783e-03,0.000000000000000000e+00
2.880999999999999880e-03,0.000000000000000000e+00
2.883999999999999845e-03,0.000000000000000000e+00
2.887999999999999942e-03,0.000000000000000000e+00
2.890999999999999907e-03,0.000000000000000000e+00
2.894000000000000305e-03,0.000000000000000000e+00
2.897999999999999968e-03,0.000000000000000000e+00
2.900999999999999933e-03,0.000000000000000000e+00
2.904999999999999596e-03,0.000000000000000000e+00
2.907999999999999995e-03,0.000000000000000000e+00
2.910999999999999959e-03,0.000000000000000000e+00
2.915000000000000056e-03,0.000000000000000000e+00
2.918000000000000021e-03,0.000000000000000000e+00
2.922000000000000118e-03,0.000000000000000000e+00
2.924999999999999649e-03,0.000000000000000000e+00
2.928000000000000047e-03,0.000000000000000000e+00
2.932000000000000144e-03,0.000000000000000000e+00
2.935000000000000109e-03,0.000000000000000000e+00
2.939000000000000206e-03,0.000000000000000000e+00
2.942000000000000171e-03,0.000000000000000000e+00
2.944999999999999701e-03,0.000000000000000000e+00
2.948999999999999799e-03,0.000000000000000000e+00
2.951999999999999763e-03,0.000000000000000000e+00
2.955999999999999860e-03,0.000000000000000000e+00
2.959000000000000258e-03,0.000000000000000000e+00
2.962000000000000223e-03,0.000000000000000000e+00
2.966000000000000320e-03,0.000000000000000000e+00
2.968999999999999851e-03,0.000000000000000000e+00
2.972999999999999948e-03,0.000000000000000000e+00
2.975999999999999913e-03,0.000000000000000000e+00
2.978999999999999877e-03,0.000000000000000000e+00
2.982999999999999974e-03,0.000000000000000000e+00
2.986000000000000373e-03,0.000000000000000000e+00
2.990000000000000036e-03,0.000000000000000000e+00
2.993000000000000001e-03,0.000000000000000000e+00
2.995999999999999965e-03,0.000000000000000000e+00
3.000000000000000062e-03,0.000000000000000000e+00
3.003000000000000027e-03,0.000000000000000000e+00
3.007000000000000124e-03,0.000000000000000000e+00
3.009999999999999655e-03,0.000000000000000000e+00
3.013000000000000053e-03,0.000000000000000000e+00
3.016999999999999717e-03,0.000000000000000000e+00
3.020000000000000115e-03,0.000000000000000000e+00
3.024000000000000212e-03,0.000000000000000000e+00
3.027000000000000177e-03,0.000000000000000000e+00
3.029999999999999707e-03,0.000000000000000000e+00
3.033999999999999805e-03,0.000000000000000000e+00
3.036999999999999769e-03,0.000000000000000000e+00
3.040999999999999866e-03,0.000000000000000000e+00
3.043999999999999831e-03,0.000000000000000000e+00
3.047000000000000229e-03,0.000000000000000000e+00
3.051000000000000326e-03,0.000000000000000000e+00
3.053999999999999857e-03,0.000000000000000000e+00
3.057999999999999954e-03,0.000000000000000000e+00
3.060999999999999919e-03,0.000000000000000000e+00
3.063999999999999883e-03,0.000000000000000000e+00
3.067999999999999981e-03,0.000000000000000000e+00
3.071000000000000379e-03,0.000000000000000000e+00
3.075000000000000042e-03,0.000000000000000000e+00
3.078000000000000007e-03,0.000000000000000000e+00
3.080999999999999971e-03,0.000000000000000000e+00
3.085000000000000069e-03,0.000000000000000000e+00
3.088000000000000033e-03,0.000000000000000000e+00
3.092000000000000130e-03,0.000000000000000000e+00
3.095000000000000095e-03,0.000000000000000000e+00
3.098000000000000059e-03,0.000000000000000000e+00
3.101999999999999723e-03,0.000000000000000000e+00
3.105000000000000121e-03,0.000000000000000000e+00
3.108999999999999785e-03,0.000000000000000000e+00
3.112000000000000183e-03,0.000000000000000000e+00
3.115000000000000147e-03,0.000000000000000000e+00
3.119000000000000244e-03,0.000000000000000000e+00
3.121999999999999775e-03,0.000000000000000000e+00
3.125999999999999873e-03,0.000000000000000000e+00
3.128999999999999837e-03,0.000000000000000000e+00
3.132000000000000235e-03,0.000000000000000000e+00
3.136000000000000332e-03,0.000000000000000000e+00
3.138999999999999863e-03,0.000000000000000000e+00
3.142999999999999960e-03,0.000000000000000000e+00
3.145999999999999925e-03,0.000000000000000000e+00
3.148999999999999889e-03,0.000000000000000000e+00
3.152999999999999987e-03,0.000000000000000000e+00
3.155999999999999951e-03,0.000000000000000000e+00
3.160000000000000048e-03,0.000000000000000000e+00
3.163000000000000013e-03,0.000000000000000000e+00
3.165999999999999977e-03,0.000000000000000000e+00
3.170000000000000075e-03,0.000000000000000000e+00
3.173000000000000039e-03,0.000000000000000000e+00
3.177000000000000136e-03,0.000000000000000000e+00
3.180000000000000101e-03,0.000000000000000000e+00
3.182999999999999632e-03,0.000000000000000000e+00
3.186999999999999729e-03,0.000000000000000000e+00
3.190000000000000127e-03,0.000000000000000000e+00
3.193999999999999791e-03,0.000000000000000000e+00
3.197000000000000189e-03,0.000000000000000000e+00
3.200000000000000153e-03,0.000000000000000000e+00
3.204000000000000251e-03,0.000000000000000000e+00
3.206999999999999781e-03,0.000000000000000000e+00
3.210999999999999879e-03,0.000000000000000000e+00
3.213999999999999843e-03,0.000000000000000000e+00
3.217000000000000241e-03,0.000000000000000000e+00
3.220999999999999905e-03,0.000000000000000000e+00
3.224000000000000303e-03,0.000000000000000000e+00
3.228000000000000400e-03,0.000000000000000000e+00
3.230999999999999931e-03,0.000000000000000000e+00
3.233999999999999896e-03,0.000000000000000000e+00
3.237999999999999993e-03,0.000000000000000000e+00
3.240999999999999957e-03,0.000000000000000000e+00
3.245000000000000055e-03,0.000000000000000000e+00
3.248000000000000019e-03,0.000000000000000000e+00
3.250999999999999984e-03,0.000000000000000000e+00
3.255000000000000081e-03,0.000000000000000000e+00
3.258000000000000045e-03,0.000000000000000000e+00
3.262000000000000142e-03,0.000000000000000000e+00
3.265000000000000107e-03,0.000000000000000000e+00
3.267999999999999638e-03,0.000000000000000000e+00
3.271999999999999735e-03,0.000000000000000000e+00
3.274999999999999700e-03,0.000000000000000000e+00
3.278999999999999797e-03,0.000000000000000000e+00
3.282000000000000195e-03,0.000000000000000000e+00
3.285000000000000159e-03,0.000000000000000000e+00
3.289000000000000257e-03,0.000000000000000000e+00
3.291999999999999788e-03,0.000000000000000000e+00
3.295999999999999885e-03,0.000000000000000000e+00
3.298999999999999849e-03,0.000000000000000000e+00
3.302000000000000247e-03,0.000000000000000000e+00
3.305999999999999911e-03,0.000000000000000000e+00
3.309000000000000309e-03,0.000000000000000000e+00
3.312999999999999973e-03,0.000000000000000000e+00
3.315999999999999937e-03,0.000000000000000000e+00
3.318999999999999902e-03,0.000000000000000000e+00
3.322999999999999999e-03,0.000000000000000000e+00
3.325999999999999963e-03,0.000000000000000000e+00
3.330000000000000061e-03,0.000000000000000000e+00
3.333000000000000025e-03,0.000000000000000000e+00
3.335999999999999990e-03,0.000000000000000000e+00
3.339999999999999653e-03,0.000000000000000000e+00
3.343000000000000051e-03,0.000000000000000000e+00
3.347000000000000149e-03,0.000000000000000000e+00
3.350000000000000113e-03,0.000000000000000000e+00
3.353000000000000078e-03,0.000000000000000000e+00
3.357000000000000175e-03,0.000000000000000000e+00
3.359999999999999706e-03,0.000000000000000000e+00
3.363999999999999803e-03,0.000000000000000000e+00
3.367000000000000201e-03,0.000000000000000000e+00
3.370000000000000166e-03,0.000000000000000000e+00
3.374000000000000263e-03,0.000000000000000000e+00
3.376999999999999794e-03,0.000000000000000000e+00
3.380999999999999891e-03,0.000000000000000000e+00
3.383999999999999855e-03,0.000000000000000000e+00
3.386999999999999820e-03,0.000000000000000000e+00
3.390999999999999917e-03,0.000000000000000000e+00
3.394000000000000315e-03,0.000000000000000000e+00
3.397999999999999979e-03,0.000000000000000000e+00
3.400999999999999943e-03,0.000000000000000000e+00
3.403999999999999908e-03,0.000000000000000000e+00
3.408000000000000005e-03,0.000000000000000000e+00
3.410999999999999970e-03,0.000000000000000000e+00
3.415000000000000067e-03,0.000000000000000000e+00
3.418000000000000031e-03,0.000000000000000000e+00
3.420999999999999996e-03,0.000000000000000000e+00
3.424999999999999659e-03,0.000000000000000000e+00
3.428000000000000057e-03,0.000000000000000000e+00
3.432000000000000155e-03,0.000000000000000000e+00
3.435000000000000119e-03,0.000000000000000000e+00
3.438000000000000084e-03,0.000000000000000000e+00
3.442000000000000181e-03,0.000000000000000000e+00
3.444999999999999712e-03,0.000000000000000000e+00
3.448999999999999809e-03,0.000000000000000000e+00
3.451999999999999773e-03,0.000000000000000000e+00
3.455000000000000172e-03,0.000000000000000000e+00
3.459000000000000269e-03,0.000000000000000000e+00
3.462000000000000233e-03,0.000000000000000000e+00
3.466000000000000331e-03,0.000000000000000000e+00
3.468999999999999861e-03,0.000000000000000000e+00
3.471999999999999826e-03,0.000000000000000000e+00
3.475999999999999923e-03,0.000000000000000000e+00
3.478999999999999888e-03,0.000000000000000000e+00
3.482999999999999985e-03,0.000000000000000000e+00
3.486000000000000383e-03,0.000000000000000000e+00
3.488999999999999914e-03,0.000000000000000000e+00
3.493000000000000011e-03,0.000000000000000000e+00
3.495999999999999976e-03,0.000000000000000000e+00
3.500000000000000073e-03,0.000000000000000000e+00
3.503000000000000037e-03,0.000000000000000000e+00
3.505999999999999568e-03,0.000000000000000000e+00
3.509999999999999665e-03,0.000000000000000000e+00
3.513000000000000064e-03,0.000000000000000000e+00
3.516999999999999727e-03,0.000000000000000000e+00
3.520000000000000125e-03,0.000000000000000000e+00
3.523000000000000090e-03,0.000000000000000000e+00
3.527000000000000187e-03,0.000000000000000000e+00
3.529999999999999718e-03,0.000000000000000000e+00
3.533999999999999815e-03,0.000000000000000000e+00
3.536999999999999780e-03,0.000000000000000000e+00
3.540000000000000178e-03,0.000000000000000000e+00
3.543999999999999841e-03,0.000000000000000000e+00
3.547000000000000240e-03,0.000000000000000000e+00
3.551000000000000337e-03,0.000000000000000000e+00
3.553999999999999868e-03,0.000000000000000000e+00
3.556999999999999832e-03,0.000000000000000000e+00
3.560999999999999929e-03,0.000000000000000000e+00
3.563999999999999894e-03,0.000000000000000000e+00
3.567999999999999991e-03,0.000000000000000000e+00
3.571000000000000389e-03,0.000000000000000000e+00
3.573999999999999920e-03,0.000000000000000000e+00
3.578000000000000017e-03,0.000000000000000000e+00
3.580999999999999982e-03,0.000000000000000000e+00
3.585000000000000079e-03,0.000000000000000000e+00
3.588000000000000043e-03,0.000000000000000000e+00
3.591000000000000008e-03,0.000000000000000000e+00
3.595000000000000105e-03,0.000000000000000000e+00
3.598000000000000070e-03,0.000000000000000000e+00
3.601999999999999733e-03,0.000000000000000000e+00
3.605000000000000131e-03,0.000000000000000000e+00
3.608000000000000096e-03,0.000000000000000000e+00
3.612000000000000193e-03,0.000000000000000000e+00
3.615000000000000158e-03,0.000000000000000000e+00
3.619000000000000255e-03,0.000000000000000000e+00
3.621999999999999786e-03,0.000000000000000000e+00
3.625000000000000184e-03,0.000000000000000000e+00
3.628999999999999847e-03,0.000000000000000000e+00
3.632000000000000246e-03,0.000000000000000000e+00
3.635999999999999909e-03,0.000000000000000000e+00
3.638999999999999874e-03,0.000000000000000000e+00
3.641999999999999838e-03,0.000000000000000000e+00
3.645999999999999935e-03,0.000000000000000000e+00
3.648999999999999900e-03,0.000000000000000000e+00
3.652999999999999997e-03,0.000000000000000000e+00
3.655999999999999962e-03,0.000000000000000000e+00
3.658999999999999926e-03,0.000000000000000000e+00
3.663000000000000023e-03,0.000000000000000000e+00
3.665999999999999988e-03,0.000000000000000000e+00
3.670000000000000085e-03,0.000000000000000000e+00
3.673000000000000050e-03,0.000000000000000000e+00
3.676000000000000014e-03,0.000000000000000000e+00
3.680000000000000111e-03,0.000000000000000000e+00
3.682999999999999642e-03,0.000000000000000000e+00
3.686999999999999739e-03,0.000000000000000000e+00
3.690000000000000138e-03,0.000000000000000000e+00
3.693000000000000102e-03,0.000000000000000000e+00
3.697000000000000199e-03,0.000000000000000000e+00
3.700000000000000164e-03,0.000000000000000000e+00
3.704000000000000261e-03,0.000000000000000000e+00
3.706999999999999792e-03,0.000000000000000000e+00
3.709999999999999756e-03,0.000000000000000000e+00
3.713999999999999854e-03,0.000000000000000000e+00
3.717000000000000252e-03,0.000000000000000000e+00
3.720999999999999915e-03,0.000000000000000000e+00
3.724000000000000313e-03,0.000000000000000000e+00
3.726999999999999844e-03,0.000000000000000000e+00
3.730999999999999941e-03,0.000000000000000000e+00
3.733999999999999906e-03,0.000000000000000000e+00
3.738000000000000003e-03,0.000000000000000000e+00
3.740999999999999968e-03,0.000000000000000000e+00
3.744000000000000366e-03,0.000000000000000000e+00
3.748000000000000029e-03,0.000000000000000000e+00
3.750999999999999994e-03,0.000000000000000000e+00
3.755000000000000091e-03,0.000000000000000000e+00
3.758000000000000056e-03,0.000000000000000000e+00
3.761000000000000020e-03,0.000000000000000000e+00
3.765000000000000117e-03,0.000000000000000000e+00
3.767999999999999648e-03,0.000000000000000000e+00
3.771999999999999745e-03,0.000000000000000000e+00
3.774999999999999710e-03,0.000000000000000000e+00
3.778000000000000108e-03,0.000000000000000000e+00
3.782000000000000205e-03,0.000000000000000000e+00
3.785000000000000170e-03,0.000000000000000000e+00
3.789000000000000267e-03,0.000000000000000000e+00
3.791999999999999798e-03,0.000000000000000000e+00
3.794999999999999762e-03,0.000000000000000000e+00
3.798999999999999860e-03,0.000000000000000000e+00
3.802000000000000258e-03,0.000000000000000000e+00
3.805999999999999921e-03,0.000000000000000000e+00
3.809000000000000320e-03,0.000000000000000000e+00
3.811999999999999850e-03,0.000000000000000000e+00
3.815999999999999948e-03,0.000000000000000000e+00
3.818999999999999912e-03,0.000000000000000000e+00
3.823000000000000009e-03,0.000000000000000000e+00
3.825999999999999974e-03,0.000000000000000000e+00
3.829000000000000372e-03,0.000000000000000000e+00
3.833000000000000036e-03,0.000000000000000000e+00
3.836000000000000000e-03,0.000000000000000000e+00
3.839999999999999664e-03,0.000000000000000000e+00
3.843000000000000062e-03,0.000000000000000000e+00
3.846000000000000026e-03,0.000000000000000000e+00
3.850000000000000124e-03,0.000000000000000000e+00
3.853000000000000088e-03,0.000000000000000000e+00
3.857000000000000185e-03,0.000000000000000000e+00
3.859999999999999716e-03,0.000000000000000000e+00
3.863000000000000114e-03,0.000000000000000000e+00
3.866999999999999778e-03,0.000000000000000000e+00
3.870000000000000176e-03,0.000000000000000000e+00
3.874000000000000273e-03,0.000000000000000000e+00
3.876999999999999804e-03,0.000000000000000000e+00
3.879999999999999769e-03,0.000000000000000000e+00
3.883999999999999866e-03,0.000000000000000000e+00
3.886999999999999830e-03,0.000000000000000000e+00
3.890999999999999927e-03,0.000000000000000000e+00
3.894000000000000326e-03,0.000000000000000000e+00
3.896999999999999856e-03,0.000000000000000000e+00
3.900999999999999954e-03,0.000000000000000000e+00
3.903999999999999918e-03,0.000000000000000000e+00
3.908000000000000015e-03,0.000000000000000000e+00
3.911000000000000414e-03,0.000000000000000000e+00
3.913999999999999944e-03,0.000000000000000000e+00
3.918000000000000475e-03,0.000000000000000000e+00
3.921000000000000006e-03,0.000000000000000000e+00
3.924999999999999670e-03,0.000000000000000000e+00
3.928000000000000068e-03,0.000000000000000000e+00
3.931000000000000466e-03,0.000000000000000000e+00
3.935000000000000130e-03,0.000000000000000000e+00
3.938000000000000528e-03,0.000000000000000000e+00
3.942000000000000191e-03,0.000000000000000000e+00
3.944999999999999722e-03,0.000000000000000000e+00
3.948000000000000120e-03,0.000000000000000000e+00
3.951999999999999784e-03,0.000000000000000000e+00
3.955000000000000182e-03,0.000000000000000000e+00
3.958999999999999846e-03,0.000000000000000000e+00
3.962000000000000244e-03,0.000000000000000000e+00
3.964999999999999775e-03,0.000000000000000000e+00
3.968999999999999438e-03,0.000000000000000000e+00
3.971999999999999836e-03,0.000000000000000000e+00
3.976000000000000367e-03,0.000000000000000000e+00
3.978999999999999898e-03,0.000000000000000000e+00
3.982000000000000296e-03,0.000000000000000000e+00
3.985999999999999960e-03,0.000000000000000000e+00
3.988999999999999491e-03,0.000000000000000000e+00
3.993000000000000022e-03,0.000000000000000000e+00
3.996000000000000420e-03,0.000000000000000000e+00
3.998999999999999951e-03,0.000000000000000000e+00
4.003000000000000481e-03,0.000000000000000000e+00
4.006000000000000012e-03,0.000000000000000000e+00
4.009999999999999676e-03,0.000000000000000000e+00
4.013000000000000074e-03,0.000000000000000000e+00
4.015999999999999605e-03,0.000000000000000000e+00
4.019999999999999268e-03,0.000000000000000000e+00
4.022999999999999667e-03,0.000000000000000000e+00
4.027000000000000197e-03,0.000000000000000000e+00
4.030000000000000596e-03,0.000000000000000000e+00
4.033000000000000126e-03,0.000000000000000000e+00
4.036999999999999790e-03,0.000000000000000000e+00
4.040000000000000188e-03,0.000000000000000000e+00
4.043999999999999852e-03,0.000000000000000000e+00
4.046999999999999383e-03,0.000000000000000000e+00
4.049999999999999781e-03,0.000000000000000000e+00
4.054000000000000312e-03,0.000000000000000000e+00
4.057000000000000710e-03,0.000000000000000000e+00
4.061000000000000373e-03,0.000000000000000000e+00
4.063999999999999904e-03,0.000000000000000000e+00
4.067000000000000302e-03,0.000000000000000000e+00
4.070999999999999966e-03,0.000000000000000000e+00
4.073999999999999497e-03,0.000000000000000000e+00
4.078000000000000028e-03,0.000000000000000000e+00
4.081000000000000426e-03,0.000000000000000000e+00
4.083999999999999957e-03,0.000000000000000000e+00
4.088000000000000488e-03,0.000000000000000000e+00
4.091000000000000018e-03,0.000000000000000000e+00
4.094999999999999682e-03,0.000000000000000000e+00
4.098000000000000080e-03,0.000000000000000000e+00
4.100999999999999611e-03,0.000000000000000000e+00
4.105000000000000142e-03,0.000000000000000000e+00
4.107999999999999673e-03,0.000000000000000000e+00
4.112000000000000204e-03,0.000000000000000000e+00
4.115000000000000602e-03,0.000000000000000000e+00
4.118000000000000133e-03,0.000000000000000000e+00
4.121999999999999796e-03,0.000000000000000000e+00
4.125000000000000194e-03,0.000000000000000000e+00
4.128999999999999858e-03,0.000000000000000000e+00
4.131999999999999389e-03,0.000000000000000000e+00
4.134999999999999787e-03,0.000000000000000000e+00
4.139000000000000318e-03,0.000000000000000000e+00
4.142000000000000716e-03,0.000000000000000000e+00
4.145999999999999512e-03,0.000000000000000000e+00
4.148999999999999910e-03,0.000000000000000000e+00
4.152000000000000308e-03,0.000000000000000000e+00
4.155999999999999972e-03,0.000000000000000000e+00
4.158999999999999503e-03,0.000000000000000000e+00
4.163000000000000034e-03,0.000000000000000000e+00
4.166000000000000432e-03,0.000000000000000000e+00
4.168999999999999963e-03,0.000000000000000000e+00
4.172999999999999626e-03,0.000000000000000000e+00
4.176000000000000024e-03,0.000000000000000000e+00
4.179999999999999688e-03,0.000000000000000000e+00
4.183000000000000086e-03,0.000000000000000000e+00
4.185999999999999617e-03,0.000000000000000000e+00
4.190000000000000148e-03,0.000000000000000000e+00
4.192999999999999679e-03,0.000000000000000000e+00
4.197000000000000210e-03,0.000000000000000000e+00
4.200000000000000608e-03,0.000000000000000000e+00
4.203000000000000139e-03,0.000000000000000000e+00
4.206999999999999802e-03,0.000000000000000000e+00
4.210000000000000200e-03,0.000000000000000000e+00
4.214000000000000731e-03,0.000000000000000000e+00
4.216999999999999395e-03,0.000000000000000000e+00
4.219999999999999793e-03,0.000000000000000000e+00
4.224000000000000324e-03,0.000000000000000000e+00
4.227000000000000722e-03,0.000000000000000000e+00
4.230999999999999518e-03,0.000000000000000000e+00
4.233999999999999916e-03,0.000000000000000000e+00
4.237000000000000315e-03,0.000000000000000000e+00
4.240999999999999978e-03,0.000000000000000000e+00
4.243999999999999509e-03,0.000000000000000000e+00
4.248000000000000040e-03,0.000000000000000000e+00
4.251000000000000438e-03,0.000000000000000000e+00
4.253999999999999969e-03,0.000000000000000000e+00
4.257999999999999632e-03,0.000000000000000000e+00
4.261000000000000031e-03,0.000000000000000000e+00
4.264999999999999694e-03,0.000000000000000000e+00
4.268000000000000092e-03,0.000000000000000000e+00
4.270999999999999623e-03,0.000000000000000000e+00
4.275000000000000154e-03,0.000000000000000000e+00
4.277999999999999685e-03,0.000000000000000000e+00
4.282000000000000216e-03,0.000000000000000000e+00
4.284999999999999747e-03,0.000000000000000000e+00
4.288000000000000145e-03,0.000000000000000000e+00
4.291999999999999808e-03,0.000000000000000000e+00
4.295000000000000207e-03,0.000000000000000000e+00
4.299000000000000737e-03,0.000000000000000000e+00
4.301999999999999401e-03,0.000000000000000000e+00
4.304999999999999799e-03,0.000000000000000000e+00
4.309000000000000330e-03,0.000000000000000000e+00
4.311999999999999861e-03,0.000000000000000000e+00
4.315999999999999524e-03,0.000000000000000000e+00
4.318999999999999923e-03,0.000000000000000000e+00
4.322000000000000321e-03,0.000000000000000000e+00
4.325999999999999984e-03,0.000000000000000000e+00
4.328999999999999515e-03,0.000000000000000000e+00
4.333000000000000046e-03,0.000000000000000000e+00
4.336000000000000444e-03,0.000000000000000000e+00
4.339000000000000842e-03,0.000000000000000000e+00
4.342999999999999639e-03,0.000000000000000000e+00
4.346000000000000037e-03,0.000000000000000000e+00
4.349999999999999700e-03,0.000000000000000000e+00
4.353000000000000098e-03,0.000000000000000000e+00
4.355999999999999629e-03,0.000000000000000000e+00
4.360000000000000160e-03,0.000000000000000000e+00
4.363000000000000558e-03,0.000000000000000000e+00
4.367000000000000222e-03,0.000000000000000000e+00
4.369999999999999753e-03,0.000000000000000000e+00
4.373000000000000151e-03,0.000000000000000000e+00
4.376999999999999814e-03,0.000000000000000000e+00
4.380000000000000213e-03,0.000000000000000000e+00
4.384000000000000744e-03,0.000000000000000000e+00
4.386999999999999407e-03,0.000000000000000000e+00
4.389999999999999805e-03,0.000000000000000000e+00
4.394000000000000336e-03,0.000000000000000000e+00
4.396999999999999867e-03,0.000000000000000000e+00
4.400999999999999530e-03,0.000000000000000000e+00
4.403999999999999929e-03,0.000000000000000000e+00
4.407000000000000327e-03,0.000000000000000000e+00
4.410999999999999990e-03,0.000000000000000000e+00
4.413999999999999521e-03,0.000000000000000000e+00
4.418000000000000052e-03,0.000000000000000000e+00
4.421000000000000450e-03,0.000000000000000000e+00
4.423999999999999981e-03,0.000000000000000000e+00
4.427999999999999645e-03,0.000000000000000000e+00
4.431000000000000043e-03,0.000000000000000000e+00
4.434999999999999706e-03,0.000000000000000000e+00
4.438000000000000105e-03,0.000000000000000000e+00
4.440999999999999635e-03,0.000000000000000000e+00
4.445000000000000166e-03,0.000000000000000000e+00
4.448000000000000564e-03,0.000000000000000000e+00
4.452000000000000228e-03,0.000000000000000000e+00
4.454999999999999759e-03,0.000000000000000000e+00
4.458000000000000157e-03,0.000000000000000000e+00
4.461999999999999821e-03,0.000000000000000000e+00
4.465000000000000219e-03,0.000000000000000000e+00
4.468999999999999882e-03,0.000000000000000000e+00
4.472000000000000280e-03,0.000000000000000000e+00
4.474999999999999811e-03,0.000000000000000000e+00
4.479000000000000342e-03,0.000000000000000000e+00
4.481999999999999873e-03,0.000000000000000000e+00
4.485999999999999537e-03,0.000000000000000000e+00
4.488999999999999935e-03,0.000000000000000000e+00
4.492000000000000333e-03,0.000000000000000000e+00
4.496000000000000864e-03,0.000000000000000000e+00
4.498999999999999527e-03,0.000000000000000000e+00
4.503000000000000058e-03,0.000000000000000000e+00
4.506000000000000456e-03,0.000000000000000000e+00
4.508999999999999987e-03,0.000000000000000000e+00
4.512999999999999651e-03,0.000000000000000000e+00
4.516000000000000049e-03,0.000000000000000000e+00
4.519999999999999712e-03,0.000000000000000000e+00
4.523000000000000111e-03,0.000000000000000000e+00
4.525999999999999641e-03,0.000000000000000000e+00
4.530000000000000172e-03,0.000000000000000000e+00
4.533000000000000571e-03,0.000000000000000000e+00
4.537000000000000234e-03,0.000000000000000000e+00
4.539999999999999765e-03,0.000000000000000000e+00
4.543000000000000163e-03,0.000000000000000000e+00
4.546999999999999827e-03,0.000000000000000000e+00
4.550000000000000225e-03,0.000000000000000000e+00
4.553999999999999888e-03,0.000000000000000000e+00
4.557000000000000287e-03,0.000000000000000000e+00
4.559999999999999817e-03,0.000000000000000000e+00
4.564000000000000348e-03,0.000000000000000000e+00
4.566999999999999879e-03,0.000000000000000000e+00
4.570999999999999543e-03,0.000000000000000000e+00
4.573999999999999941e-03,0.000000000000000000e+00
4.577000000000000339e-03,0.000000000000000000e+00
4.581000000000000003e-03,0.000000000000000000e+00
4.583999999999999533e-03,0.000000000000000000e+00
4.588000000000000064e-03,0.000000000000000000e+00
4.591000000000000462e-03,0.000000000000000000e+00
4.593999999999999993e-03,0.000000000000000000e+00
4.597999999999999657e-03,0.000000000000000000e+00
4.601000000000000055e-03,0.000000000000000000e+00
4.605000000000000586e-03,0.000000000000000000e+00
4.607999999999999249e-03,0.000000000000000000e+00
4.610999999999999648e-03,0.000000000000000000e+00
4.615000000000000178e-03,0.000000000000000000e+00
4.618000000000000577e-03,0.000000000000000000e+00
4.622000000000000240e-03,0.000000000000000000e+00
4.624999999999999771e-03,0.000000000000000000e+00
4.628000000000000169e-03,0.000000000000000000e+00
4.631999999999999833e-03,0.000000000000000000e+00
4.634999999999999364e-03,0.000000000000000000e+00
4.638999999999999894e-03,0.000000000000000000e+00
4.642000000000000293e-03,0.000000000000000000e+00
4.644999999999999823e-03,0.000000000000000000e+00
4.649000000000000354e-03,0.000000000000000000e+00
4.651999999999999885e-03,0.000000000000000000e+00
4.655999999999999549e-03,0.000000000000000000e+00
4.658999999999999947e-03,0.000000000000000000e+00
4.662000000000000345e-03,0.000000000000000000e+00
4.666000000000000009e-03,0.000000000000000000e+00
4.668999999999999539e-03,0.000000000000000000e+00
4.673000000000000070e-03,0.000000000000000000e+00
4.676000000000000469e-03,0.000000000000000000e+00
4.678999999999999999e-03,0.000000000000000000e+00
4.682999999999999663e-03,0.000000000000000000e+00
4.686000000000000061e-03,0.000000000000000000e+00
4.690000000000000592e-03,0.000000000000000000e+00
4.692999999999999255e-03,0.000000000000000000e+00
4.695999999999999654e-03,0.000000000000000000e+00
4.700000000000000185e-03,0.000000000000000000e+00
4.703000000000000583e-03,0.000000000000000000e+00
4.707000000000000246e-03,0.000000000000000000e+00
4.709999999999999777e-03,0.000000000000000000e+00
4.713000000000000175e-03,0.000000000000000000e+00
4.716999999999999839e-03,0.000000000000000000e+00
4.719999999999999370e-03,0.000000000000000000e+00
4.723999999999999901e-03,0.000000000000000000e+00
4.727000000000000299e-03,0.000000000000000000e+00
4.730000000000000697e-03,0.000000000000000000e+00
4.734000000000000360e-03,0.000000000000000000e+00
4.736999999999999891e-03,0.000000000000000000e+00
4.740999999999999555e-03,0.000000000000000000e+00
4.743999999999999953e-03,0.000000000000000000e+00
4.746999999999999484e-03,0.000000000000000000e+00
4.751000000000000015e-03,0.000000000000000000e+00
4.753999999999999546e-03,0.000000000000000000e+00
4.758000000000000076e-03,0.000000000000000000e+00
4.761000000000000475e-03,0.000000000000000000e+00
4.764000000000000005e-03,0.000000000000000000e+00
4.767999999999999669e-03,0.000000000000000000e+00
4.771000000000000067e-03,0.000000000000000000e+00
4.775000000000000598e-03,0.000000000000000000e+00
4.777999999999999262e-03,0.000000000000000000e+00
4.780999999999999660e-03,0.000000000000000000e+00
4.785000000000000191e-03,0.000000000000000000e+00
4.788000000000000589e-03,0.000000000000000000e+00
4.791999999999999385e-03,0.000000000000000000e+00
4.794999999999999783e-03,0.000000000000000000e+00
4.798000000000000181e-03,0.000000000000000000e+00
4.801999999999999845e-03,0.000000000000000000e+00
4.804999999999999376e-03,0.000000000000000000e+00
4.808999999999999907e-03,0.000000000000000000e+00
4.812000000000000305e-03,0.000000000000000000e+00
4.815000000000000703e-03,0.000000000000000000e+00
4.819000000000000367e-03,0.000000000000000000e+00
4.821999999999999897e-03,0.000000000000000000e+00
4.825999999999999561e-03,0.000000000000000000e+00
4.828999999999999959e-03,0.000000000000000000e+00
4.831999999999999490e-03,0.000000000000000000e+00
4.836000000000000021e-03,0.000000000000000000e+00
4.839000000000000419e-03,0.000000000000000000e+00
4.843000000000000083e-03,0.000000000000000000e+00
4.846000000000000481e-03,0.000000000000000000e+00
4.849000000000000012e-03,0.000000000000000000e+00
4.852999999999999675e-03,0.000000000000000000e+00
4.856000000000000073e-03,0.000000000000000000e+00
4.860000000000000604e-03,0.000000000000000000e+00
4.863000000000000135e-03,0.000000000000000000e+00
4.865999999999999666e-03,0.000000000000000000e+00
4.870000000000000197e-03,0.000000000000000000e+00
4.873000000000000595e-03,0.000000000000000000e+00
4.876999999999999391e-03,0.000000000000000000e+00
4.879999999999999789e-03,0.000000000000000000e+00
4.883000000000000188e-03,0.000000000000000000e+00
4.886999999999999851e-03,0.000000000000000000e+00
4.889999999999999382e-03,0.000000000000000000e+00
4.893999999999999913e-03,0.000000000000000000e+00
4.897000000000000311e-03,0.000000000000000000e+00
4.900000000000000709e-03,0.000000000000000000e+00
4.903999999999999505e-03,0.000000000000000000e+00
4.906999999999999904e-03,0.000000000000000000e+00
4.910999999999999567e-03,0.000000000000000000e+00
4.913999999999999965e-03,0.000000000000000000e+00
4.916999999999999496e-03,0.000000000000000000e+00
4.921000000000000027e-03,0.000000000000000000e+00
4.924000000000000425e-03,0.000000000000000000e+00
4.928000000000000089e-03,0.000000000000000000e+00
4.930999999999999620e-03,0.000000000000000000e+00
4.934000000000000018e-03,0.000000000000000000e+00
4.937999999999999681e-03,0.000000000000000000e+00
4.941000000000000079e-03,0.000000000000000000e+00
4.945000000000000610e-03,0.000000000000000000e+00
4.948000000000000141e-03,0.000000000000000000e+00
4.950999999999999672e-03,0.000000000000000000e+00
4.955000000000000203e-03,0.000000000000000000e+00
4.958000000000000601e-03,0.000000000000000000e+00
4.961999999999999397e-03,0.000000000000000000e+00
4.964999999999999795e-03,0.000000000000000000e+00
4.968000000000000194e-03,0.000000000000000000e+00
4.972000000000000725e-03,0.000000000000000000e+00
4.974999999999999388e-03,0.000000000000000000e+00
4.978999999999999919e-03,0.000000000000000000e+00
4.982000000000000317e-03,0.000000000000000000e+00
4.985000000000000715e-03,0.000000000000000000e+00
4.988999999999999511e-03,0.000000000000000000e+00
4.991999999999999910e-03,0.000000000000000000e+00
4.996000000000000441e-03,0.000000000000000000e+00
4.998999999999999971e-03,0.000000000000000000e+00
5.001999999999999502e-03,0.000000000000000000e+00
5.006000000000000033e-03,0.000000000000000000e+00
5.009000000000000431e-03,0.000000000000000000e+00
5.013000000000000095e-03,0.000000000000000000e+00
5.015999999999999626e-03,0.000000000000000000e+00
5.019000000000000024e-03,0.000000000000000000e+00
5.022999999999999687e-03,0.000000000000000000e+00
5.026000000000000086e-03,0.000000000000000000e+00
5.030000000000000616e-03,0.000000000000000000e+00
5.033000000000000147e-03,0.000000000000000000e+00
5.035999999999999678e-03,0.000000000000000000e+00
5.040000000000000209e-03,0.000000000000000000e+00
5.042999999999999740e-03,0.000000000000000000e+00
5.046999999999999403e-03,0.000000000000000000e+00
5.049999999999999802e-03,0.000000000000000000e+00
5.053000000000000200e-03,0.000000000000000000e+00
5.057000000000000731e-03,0.000000000000000000e+00
5.059999999999999394e-03,0.000000000000000000e+00
5.063999999999999925e-03,0.000000000000000000e+00
5.067000000000000323e-03,0.000000000000000000e+00
5.069999999999999854e-03,0.000000000000000000e+00
5.073999999999999518e-03,0.000000000000000000e+00
5.076999999999999916e-03,0.000000000000000000e+00
5.081000000000000447e-03,0.000000000000000000e+00
5.083999999999999977e-03,0.000000000000000000e+00
5.086999999999999508e-03,0.000000000000000000e+00
5.091000000000000039e-03,0.000000000000000000e+00
5.094000000000000437e-03,0.000000000000000000e+00
5.098000000000000101e-03,0.000000000000000000e+00
5.100999999999999632e-03,0.000000000000000000e+00
5.104000000000000030e-03,0.000000000000000000e+00
5.107999999999999693e-03,0.000000000000000000e+00
5.111000000000000092e-03,0.000000000000000000e+00
5.115000000000000623e-03,0.000000000000000000e+00
5.118000000000000153e-03,0.000000000000000000e+00
5.121000000000000552e-03,0.000000000000000000e+00
5.125000000000000215e-03,0.000000000000000000e+00
5.127999999999999746e-03,0.000000000000000000e+00
5.131999999999999409e-03,0.000000000000000000e+00
5.134999999999999808e-03,0.000000000000000000e+00
5.138000000000000206e-03,0.000000000000000000e+00
5.142000000000000737e-03,0.000000000000000000e+00
5.144999999999999400e-03,0.000000000000000000e+00
5.148999999999999931e-03,0.000000000000000000e+00
5.152000000000000329e-03,0.000000000000000000e+00
5.154999999999999860e-03,0.000000000000000000e+00
5.158999999999999524e-03,0.000000000000000000e+00
5.161999999999999922e-03,0.000000000000000000e+00
5.166000000000000453e-03,0.000000000000000000e+00
5.168999999999999984e-03,0.000000000000000000e+00
5.171999999999999514e-03,0.000000000000000000e+00
5.176000000000000045e-03,0.000000000000000000e+00
5.179000000000000443e-03,0.000000000000000000e+00
5.183000000000000107e-03,0.000000000000000000e+00
5.185999999999999638e-03,0.000000000000000000e+00
5.189000000000000036e-03,0.000000000000000000e+00
5.192999999999999700e-03,0.000000000000000000e+00
5.196000000000000098e-03,0.000000000000000000e+00
5.199999999999999761e-03,0.000000000000000000e+00
5.203000000000000159e-03,0.000000000000000000e+00
5.206000000000000558e-03,0.000000000000000000e+00
5.210000000000000221e-03,0.000000000000000000e+00
5.212999999999999752e-03,0.000000000000000000e+00
5.216999999999999416e-03,0.000000000000000000e+00
5.219999999999999814e-03,0.000000000000000000e+00
5.223000000000000212e-03,0.000000000000000000e+00
5.227000000000000743e-03,0.000000000000000000e+00
5.230000000000000274e-03,0.000000000000000000e+00
5.233999999999999937e-03,0.000000000000000000e+00
5.237000000000000335e-03,0.000000000000000000e+00
5.239999999999999866e-03,0.000000000000000000e+00
5.243999999999999530e-03,0.000000000000000000e+00
5.246999999999999928e-03,0.000000000000000000e+00
5.251000000000000459e-03,0.000000000000000000e+00
5.253999999999999990e-03,0.000000000000000000e+00
5.256999999999999520e-03,0.000000000000000000e+00
5.261000000000000051e-03,0.000000000000000000e+00
5.264000000000000450e-03,0.000000000000000000e+00
5.268000000000000113e-03,0.000000000000000000e+00
5.270999999999999644e-03,0.000000000000000000e+00
5.274000000000000042e-03,0.000000000000000000e+00
5.277999999999999706e-03,0.000000000000000000e+00
5.281000000000000104e-03,0.000000000000000000e+00
5.284999999999999767e-03,0.000000000000000000e+00
5.288000000000000166e-03,0.000000000000000000e+00
5.291000000000000564e-03,0.000000000000000000e+00
5.295000000000000227e-03,0.000000000000000000e+00
5.297999999999999758e-03,0.000000000000000000e+00
5.301999999999999422e-03,0.000000000000000000e+00
5.304999999999999820e-03,0.000000000000000000e+00
5.308000000000000218e-03,0.000000000000000000e+00
5.311999999999999882e-03,0.000000000000000000e+00
5.315000000000000280e-03,0.000000000000000000e+00
5.318999999999999943e-03,0.000000000000000000e+00
5.322000000000000342e-03,0.000000000000000000e+00
5.324999999999999872e-03,0.000000000000000000e+00
5.328999999999999536e-03,0.000000000000000000e+00
5.331999999999999934e-03,0.000000000000000000e+00
5.336000000000000465e-03,0.000000000000000000e+00
5.338999999999999996e-03,0.000000000000000000e+00
5.341999999999999527e-03,0.000000000000000000e+00
5.346000000000000058e-03,0.000000000000000000e+00
5.349000000000000456e-03,0.000000000000000000e+00
5.353000000000000119e-03,0.000000000000000000e+00
5.355999999999999650e-03,0.000000000000000000e+00
5.359000000000000048e-03,0.000000000000000000e+00
5.363000000000000579e-03,0.000000000000000000e+00
5.365999999999999243e-03,0.000000000000000000e+00
5.369999999999999774e-03,0.000000000000000000e+00
5.373000000000000172e-03,0.000000000000000000e+00
5.376000000000000570e-03,0.000000000000000000e+00
5.380000000000000233e-03,0.000000000000000000e+00
5.382999999999999764e-03,0.000000000000000000e+00
5.386999999999999428e-03,0.000000000000000000e+00
5.389999999999999826e-03,0.000000000000000000e+00
5.393000000000000224e-03,0.000000000000000000e+00
5.396999999999999888e-03,0.000000000000000000e+00
5.400000000000000286e-03,0.000000000000000000e+00
5.403999999999999949e-03,0.000000000000000000e+00
5.407000000000000348e-03,0.000000000000000000e+00
5.409999999999999878e-03,0.000000000000000000e+00
5.413999999999999542e-03,0.000000000000000000e+00
5.416999999999999940e-03,0.000000000000000000e+00
5.421000000000000471e-03,0.000000000000000000e+00
5.424000000000000002e-03,0.000000000000000000e+00
5.426999999999999533e-03,0.000000000000000000e+00
5.431000000000000064e-03,0.000000000000000000e+00
5.434000000000000462e-03,0.000000000000000000e+00
5.438000000000000125e-03,0.000000000000000000e+00
5.440999999999999656e-03,0.000000000000000000e+00
5.444000000000000054e-03,0.000000000000000000e+00
5.448000000000000585e-03,0.000000000000000000e+00
5.450999999999999249e-03,0.000000000000000000e+00
5.454999999999999780e-03,0.000000000000000000e+00
5.458000000000000178e-03,0.000000000000000000e+00
5.461000000000000576e-03,0.000000000000000000e+00
5.465000000000000240e-03,0.000000000000000000e+00
5.467999999999999770e-03,0.000000000000000000e+00
5.472000000000000301e-03,0.000000000000000000e+00
5.474999999999999832e-03,0.000000000000000000e+00
5.477999999999999363e-03,0.000000000000000000e+00
5.481999999999999894e-03,0.000000000000000000e+00
5.485000000000000292e-03,0.000000000000000000e+00
5.488999999999999956e-03,0.000000000000000000e+00
5.492000000000000354e-03,0.000000000000000000e+00
5.494999999999999885e-03,0.000000000000000000e+00
5.498999999999999548e-03,0.000000000000000000e+00
5.501999999999999946e-03,0.000000000000000000e+00
5.506000000000000477e-03,0.000000000000000000e+00
5.509000000000000008e-03,0.000000000000000000e+00
5.511999999999999539e-03,0.000000000000000000e+00
5.516000000000000070e-03,0.000000000000000000e+00
5.519000000000000468e-03,0.000000000000000000e+00
5.522999999999999264e-03,0.000000000000000000e+00
5.525999999999999662e-03,0.000000000000000000e+00
5.529000000000000060e-03,0.000000000000000000e+00
5.533000000000000591e-03,0.000000000000000000e+00
5.535999999999999255e-03,0.000000000000000000e+00
5.539999999999999786e-03,0.000000000000000000e+00
5.543000000000000184e-03,0.000000000000000000e+00
5.546000000000000582e-03,0.000000000000000000e+00
5.550000000000000246e-03,0.000000000000000000e+00
5.552999999999999776e-03,0.000000000000000000e+00
5.557000000000000307e-03,0.000000000000000000e+00
5.559999999999999838e-03,0.000000000000000000e+00
5.562999999999999369e-03,0.000000000000000000e+00
5.566999999999999900e-03,0.000000000000000000e+00
5.570000000000000298e-03,0.000000000000000000e+00
5.573999999999999962e-03,0.000000000000000000e+00
5.577000000000000360e-03,0.000000000000000000e+00
5.579999999999999891e-03,0.000000000000000000e+00
5.583999999999999554e-03,0.000000000000000000e+00
5.586999999999999952e-03,0.000000000000000000e+00
5.591000000000000483e-03,0.000000000000000000e+00
5.594000000000000014e-03,0.000000000000000000e+00
5.597000000000000412e-03,0.000000000000000000e+00
5.601000000000000076e-03,0.000000000000000000e+00
5.604000000000000474e-03,0.000000000000000000e+00
5.607999999999999270e-03,0.000000000000000000e+00
5.610999999999999668e-03,0.000000000000000000e+00
5.614000000000000067e-03,0.000000000000000000e+00
5.618000000000000597e-03,0.000000000000000000e+00
5.621000000000000128e-03,0.000000000000000000e+00
5.624999999999999792e-03,0.000000000000000000e+00
5.628000000000000190e-03,0.000000000000000000e+00
5.631000000000000588e-03,0.000000000000000000e+00
5.634999999999999384e-03,0.000000000000000000e+00
5.637999999999999783e-03,0.000000000000000000e+00
5.642000000000000313e-03,0.000000000000000000e+00
5.644999999999999844e-03,0.000000000000000000e+00
5.647999999999999375e-03,0.000000000000000000e+00
5.651999999999999906e-03,0.000000000000000000e+00
5.655000000000000304e-03,0.000000000000000000e+00
5.658999999999999968e-03,0.000000000000000000e+00
5.661999999999999499e-03,0.000000000000000000e+00
5.664999999999999897e-03,0.000000000000000000e+00
5.668999999999999560e-03,0.000000000000000000e+00
5.671999999999999958e-03,0.000000000000000000e+00
5.676000000000000489e-03,0.000000000000000000e+00
5.679000000000000020e-03,0.000000000000000000e+00
5.682000000000000418e-03,0.000000000000000000e+00
5.686000000000000082e-03,0.000000000000000000e+00
5.689000000000000480e-03,0.000000000000000000e+00
5.692999999999999276e-03,0.000000000000000000e+00
5.695999999999999674e-03,0.000000000000000000e+00
5.699000000000000073e-03,0.000000000000000000e+00
5.703000000000000604e-03,0.000000000000000000e+00
5.706000000000000134e-03,0.000000000000000000e+00
5.709999999999999798e-03,0.000000000000000000e+00
5.713000000000000196e-03,0.000000000000000000e+00
5.716000000000000594e-03,0.000000000000000000e+00
5.719999999999999390e-03,0.000000000000000000e+00
5.722999999999999789e-03,0.000000000000000000e+00
5.727000000000000320e-03,0.000000000000000000e+00
5.730000000000000718e-03,0.000000000000000000e+00
5.732999999999999381e-03,0.000000000000000000e+00
5.736999999999999912e-03,0.000000000000000000e+00
5.740000000000000310e-03,0.000000000000000000e+00
5.743999999999999974e-03,0.000000000000000000e+00
5.746999999999999505e-03,0.000000000000000000e+00
5.749999999999999903e-03,0.000000000000000000e+00
5.753999999999999566e-03,0.000000000000000000e+00
5.756999999999999965e-03,0.000000000000000000e+00
5.761000000000000495e-03,0.000000000000000000e+00
5.764000000000000026e-03,0.000000000000000000e+00
5.767000000000000424e-03,0.000000000000000000e+00
5.771000000000000088e-03,0.000000000000000000e+00
5.773999999999999619e-03,0.000000000000000000e+00
5.777999999999999282e-03,0.000000000000000000e+00
5.780999999999999681e-03,0.000000000000000000e+00
5.784000000000000079e-03,0.000000000000000000e+00
5.788000000000000610e-03,0.000000000000000000e+00
5.791000000000000140e-03,0.000000000000000000e+00
5.794999999999999804e-03,0.000000000000000000e+00
5.798000000000000202e-03,0.000000000000000000e+00
5.800999999999999733e-03,0.000000000000000000e+00
5.804999999999999397e-03,0.000000000000000000e+00
5.807999999999999795e-03,0.000000000000000000e+00
5.812000000000000326e-03,0.000000000000000000e+00
5.815000000000000724e-03,0.000000000000000000e+00
5.817999999999999387e-03,0.000000000000000000e+00
5.821999999999999918e-03,0.000000000000000000e+00
5.825000000000000316e-03,0.000000000000000000e+00
5.828999999999999980e-03,0.000000000000000000e+00
5.831999999999999511e-03,0.000000000000000000e+00
5.834999999999999909e-03,0.000000000000000000e+00
5.839000000000000440e-03,0.000000000000000000e+00
5.841999999999999971e-03,0.000000000000000000e+00
5.846000000000000502e-03,0.000000000000000000e+00
5.849000000000000032e-03,0.000000000000000000e+00
5.852000000000000431e-03,0.000000000000000000e+00
5.856000000000000094e-03,0.000000000000000000e+00
5.858999999999999625e-03,0.000000000000000000e+00
5.863000000000000156e-03,0.000000000000000000e+00
5.865999999999999687e-03,0.000000000000000000e+00
5.869000000000000085e-03,0.000000000000000000e+00
5.873000000000000616e-03,0.000000000000000000e+00
5.876000000000000147e-03,0.000000000000000000e+00
5.879999999999999810e-03,0.000000000000000000e+00
5.883000000000000208e-03,0.000000000000000000e+00
5.885999999999999739e-03,0.000000000000000000e+00
5.889999999999999403e-03,0.000000000000000000e+00
5.892999999999999801e-03,0.000000000000000000e+00
5.897000000000000332e-03,0.000000000000000000e+00
5.900000000000000730e-03,0.000000000000000000e+00
5.902999999999999393e-03,0.000000000000000000e+00
5.906999999999999924e-03,0.000000000000000000e+00
5.910000000000000323e-03,0.000000000000000000e+00
5.913999999999999986e-03,0.000000000000000000e+00
5.916999999999999517e-03,0.000000000000000000e+00
5.919999999999999915e-03,0.000000000000000000e+00
5.924000000000000446e-03,0.000000000000000000e+00
5.926999999999999977e-03,0.000000000000000000e+00
5.930999999999999640e-03,0.000000000000000000e+00
5.934000000000000039e-03,0.000000000000000000e+00
5.937000000000000437e-03,0.000000000000000000e+00
5.941000000000000100e-03,0.000000000000000000e+00
5.943999999999999631e-03,0.000000000000000000e+00
5.948000000000000162e-03,0.000000000000000000e+00
5.950999999999999693e-03,0.000000000000000000e+00
5.954000000000000091e-03,0.000000000000000000e+00
5.957999999999999755e-03,0.000000000000000000e+00
5.961000000000000153e-03,0.000000000000000000e+00
5.964999999999999816e-03,0.000000000000000000e+00
5.968000000000000214e-03,0.000000000000000000e+00
5.970999999999999745e-03,0.000000000000000000e+00
5.974999999999999409e-03,0.000000000000000000e+00
5.977999999999999807e-03,0.000000000000000000e+00
5.982000000000000338e-03,0.000000000000000000e+00
5.985000000000000736e-03,0.000000000000000000e+00
5.988000000000000267e-03,0.000000000000000000e+00
5.991999999999999930e-03,0.000000000000000000e+00
5.995000000000000329e-03,0.000000000000000000e+00
5.998999999999999992e-03,0.000000000000000000e+00
6.001999999999999523e-03,0.000000000000000000e+00
6.004999999999999921e-03,0.000000000000000000e+00
6.009000000000000452e-03,0.000000000000000000e+00
6.011999999999999983e-03,0.000000000000000000e+00
6.015999999999999646e-03,0.000000000000000000e+00
6.019000000000000045e-03,0.000000000000000000e+00
6.022000000000000443e-03,0.000000000000000000e+00
6.026000000000000106e-03,0.000000000000000000e+00
6.028999999999999637e-03,0.000000000000000000e+00
6.033000000000000168e-03,0.000000000000000000e+00
6.035999999999999699e-03,0.000000000000000000e+00
6.039000000000000097e-03,0.000000000000000000e+00
6.042999999999999761e-03,0.000000000000000000e+00
6.046000000000000159e-03,0.000000000000000000e+00
6.049999999999999822e-03,0.000000000000000000e+00
6.053000000000000221e-03,0.000000000000000000e+00
6.055999999999999751e-03,0.000000000000000000e+00
6.059999999999999415e-03,0.000000000000000000e+00
6.062999999999999813e-03,0.000000000000000000e+00
6.067000000000000344e-03,0.000000000000000000e+00
6.069999999999999875e-03,0.000000000000000000e+00
6.073000000000000273e-03,0.000000000000000000e+00
6.076999999999999937e-03,0.000000000000000000e+00
6.080000000000000335e-03,0.000000000000000000e+00
6.083999999999999998e-03,0.000000000000000000e+00
6.086999999999999529e-03,0.000000000000000000e+00
6.089999999999999927e-03,0.000000000000000000e+00
6.094000000000000458e-03,0.000000000000000000e+00
6.096999999999999989e-03,0.000000000000000000e+00
6.100999999999999653e-03,0.000000000000000000e+00
6.104000000000000051e-03,0.000000000000000000e+00
6.107000000000000449e-03,0.000000000000000000e+00
6.111000000000000112e-03,0.000000000000000000e+00
6.113999999999999643e-03,0.000000000000000000e+00
6.118000000000000174e-03,0.000000000000000000e+00
6.121000000000000572e-03,0.000000000000000000e+00
6.123999999999999236e-03,0.000000000000000000e+00
6.127999999999999767e-03,0.000000000000000000e+00
6.131000000000000165e-03,0.000000000000000000e+00
6.134999999999999828e-03,0.000000000000000000e+00
6.138000000000000227e-03,0.000000000000000000e+00
6.140999999999999757e-03,0.000000000000000000e+00
6.144999999999999421e-03,0.000000000000000000e+00
6.147999999999999819e-03,0.000000000000000000e+00
6.152000000000000350e-03,0.000000000000000000e+00
6.154999999999999881e-03,0.000000000000000000e+00
6.158000000000000279e-03,0.000000000000000000e+00
6.161999999999999943e-03,0.000000000000000000e+00
6.165000000000000341e-03,0.000000000000000000e+00
6.169000000000000004e-03,0.000000000000000000e+00
6.171999999999999535e-03,0.000000000000000000e+00
6.174999999999999933e-03,0.000000000000000000e+00
6.179000000000000464e-03,0.000000000000000000e+00
6.181999999999999995e-03,0.000000000000000000e+00
6.185999999999999659e-03,0.000000000000000000e+00
6.189000000000000057e-03,0.000000000000000000e+00
6.192000000000000455e-03,0.000000000000000000e+00
6.196000000000000119e-03,0.000000000000000000e+00
6.198999999999999649e-03,0.000000000000000000e+00
6.203000000000000180e-03,0.000000000000000000e+00
6.206000000000000578e-03,0.000000000000000000e+00
6.208999999999999242e-03,0.000000000000000000e+00
6.212999999999999773e-03,0.000000000000000000e+00
6.216000000000000171e-03,0.000000000000000000e+00
6.219999999999999835e-03,0.000000000000000000e+00
6.223000000000000233e-03,0.000000000000000000e+00
6.225999999999999764e-03,0.000000000000000000e+00
6.230000000000000294e-03,0.000000000000000000e+00
6.232999999999999825e-03,0.000000000000000000e+00
6.237000000000000356e-03,0.000000000000000000e+00
6.239999999999999887e-03,0.000000000000000000e+00
6.243000000000000285e-03,0.000000000000000000e+00
6.246999999999999949e-03,0.000000000000000000e+00
6.250000000000000347e-03,0.000000000000000000e+00
6.253999999999999143e-03,0.000000000000000000e+00
6.256999999999999541e-03,0.000000000000000000e+00
6.259999999999999939e-03,0.000000000000000000e+00
6.264000000000000470e-03,0.000000000000000000e+00
6.267000000000000001e-03,0.000000000000000000e+00
6.270999999999999665e-03,0.000000000000000000e+00
6.274000000000000063e-03,0.000000000000000000e+00
6.277000000000000461e-03,0.000000000000000000e+00
6.281000000000000125e-03,0.000000000000000000e+00
6.283999999999999655e-03,0.000000000000000000e+00
6.288000000000000186e-03,0.000000000000000000e+00
6.291000000000000585e-03,0.000000000000000000e+00
6.293999999999999248e-03,0.000000000000000000e+00
6.297999999999999779e-03,0.000000000000000000e+00
6.301000000000000177e-03,0.000000000000000000e+00
6.304999999999999841e-03,0.000000000000000000e+00
6.308000000000000239e-03,0.000000000000000000e+00
6.310999999999999770e-03,0.000000000000000000e+00
6.315000000000000301e-03,0.000000000000000000e+00
6.317999999999999831e-03,0.000000000000000000e+00
6.322000000000000362e-03,0.000000000000000000e+00
6.324999999999999893e-03,0.000000000000000000e+00
6.328000000000000291e-03,0.000000000000000000e+00
6.331999999999999955e-03,0.000000000000000000e+00
6.335000000000000353e-03,0.000000000000000000e+00
6.339000000000000017e-03,0.000000000000000000e+00
6.341999999999999547e-03,0.000000000000000000e+00
6.344999999999999946e-03,0.000000000000000000e+00
6.349000000000000477e-03,0.000000000000000000e+00
6.352000000000000007e-03,0.000000000000000000e+00
6.355999999999999671e-03,0.000000000000000000e+00
6.359000000000000069e-03,0.000000000000000000e+00
6.362000000000000467e-03,0.000000000000000000e+00
6.365999999999999263e-03,0.000000000000000000e+00
6.368999999999999662e-03,0.000000000000000000e+00
6.373000000000000193e-03,0.000000000000000000e+00
6.376000000000000591e-03,0.000000000000000000e+00
6.378999999999999254e-03,0.000000000000000000e+00
6.382999999999999785e-03,0.000000000000000000e+00
6.386000000000000183e-03,0.000000000000000000e+00
6.389999999999999847e-03,0.000000000000000000e+00
6.392999999999999378e-03,0.000000000000000000e+00
6.395999999999999776e-03,0.000000000000000000e+00
6.400000000000000307e-03,0.000000000000000000e+00
6.402999999999999838e-03,0.000000000000000000e+00
6.407000000000000368e-03,0.000000000000000000e+00
6.409999999999999899e-03,0.000000000000000000e+00
6.413000000000000297e-03,0.000000000000000000e+00
6.416999999999999961e-03,0.000000000000000000e+00
6.420000000000000359e-03,0.000000000000000000e+00
6.424000000000000023e-03,0.000000000000000000e+00
6.426999999999999554e-03,0.000000000000000000e+00
6.429999999999999952e-03,0.000000000000000000e+00
6.434000000000000483e-03,0.000000000000000000e+00
6.437000000000000013e-03,0.000000000000000000e+00
6.440999999999999677e-03,0.000000000000000000e+00
6.444000000000000075e-03,0.000000000000000000e+00
6.447000000000000473e-03,0.000000000000000000e+00
6.450999999999999270e-03,0.000000000000000000e+00
6.453999999999999668e-03,0.000000000000000000e+00
6.458000000000000199e-03,0.000000000000000000e+00
6.461000000000000597e-03,0.000000000000000000e+00
6.464000000000000128e-03,0.000000000000000000e+00
6.467999999999999791e-03,0.000000000000000000e+00
6.471000000000000189e-03,0.000000000000000000e+00
6.474999999999999853e-03,0.000000000000000000e+00
6.477999999999999384e-03,0.000000000000000000e+00
6.480999999999999782e-03,0.000000000000000000e+00
6.485000000000000313e-03,0.000000000000000000e+00
6.488000000000000711e-03,0.000000000000000000e+00
6.492000000000000375e-03,0.000000000000000000e+00
6.494999999999999905e-03,0.000000000000000000e+00
6.498000000000000304e-03,0.000000000000000000e+00
6.501999999999999967e-03,0.000000000000000000e+00
6.504999999999999498e-03,0.000000000000000000e+00
6.509000000000000029e-03,0.000000000000000000e+00
6.511999999999999560e-03,0.000000000000000000e+00
6.514999999999999958e-03,0.000000000000000000e+00
6.519000000000000489e-03,0.000000000000000000e+00
6.522000000000000020e-03,0.000000000000000000e+00
6.525999999999999683e-03,0.000000000000000000e+00
6.529000000000000081e-03,0.000000000000000000e+00
6.531999999999999612e-03,0.000000000000000000e+00
6.535999999999999276e-03,0.000000000000000000e+00
6.538999999999999674e-03,0.000000000000000000e+00
6.543000000000000205e-03,0.000000000000000000e+00
6.546000000000000603e-03,0.000000000000000000e+00
6.549000000000000134e-03,0.000000000000000000e+00
6.552999999999999797e-03,0.000000000000000000e+00
6.556000000000000195e-03,0.000000000000000000e+00
6.559999999999999859e-03,0.000000000000000000e+00
6.562999999999999390e-03,0.000000000000000000e+00
6.565999999999999788e-03,0.000000000000000000e+00
6.570000000000000319e-03,0.000000000000000000e+00
6.573000000000000717e-03,0.000000000000000000e+00
6.577000000000000381e-03,0.000000000000000000e+00
6.579999999999999911e-03,0.000000000000000000e+00
6.583000000000000310e-03,0.000000000000000000e+00
6.586999999999999973e-03,0.000000000000000000e+00
6.589999999999999504e-03,0.000000000000000000e+00
6.594000000000000035e-03,0.000000000000000000e+00
6.597000000000000433e-03,0.000000000000000000e+00
6.599999999999999964e-03,0.000000000000000000e+00
6.604000000000000495e-03,0.000000000000000000e+00
6.607000000000000026e-03,0.000000000000000000e+00
6.610999999999999689e-03,0.000000000000000000e+00
6.614000000000000087e-03,0.000000000000000000e+00
6.616999999999999618e-03,0.000000000000000000e+00
6.621000000000000149e-03,0.000000000000000000e+00
6.623999999999999680e-03,0.000000000000000000e+00
6.628000000000000211e-03,0.000000000000000000e+00
6.631000000000000609e-03,0.000000000000000000e+00
6.634000000000000140e-03,0.000000000000000000e+00
6.637999999999999803e-03,0.000000000000000000e+00
6.641000000000000202e-03,0.000000000000000000e+00
6.644999999999999865e-03,0.000000000000000000e+00
6.647999999999999396e-03,0.000000000000000000e+00
6.650999999999999794e-03,0.000000000000000000e+00
6.655000000000000325e-03,0.000000000000000000e+00
6.658000000000000723e-03,0.000000000000000000e+00
6.661999999999999519e-03,0.000000000000000000e+00
6.664999999999999918e-03,0.000000000000000000e+00
6.668000000000000316e-03,0.000000000000000000e+00
6.671999999999999979e-03,0.000000000000000000e+00
6.674999999999999510e-03,0.000000000000000000e+00
6.679000000000000041e-03,0.000000000000000000e+00
6.682000000000000439e-03,0.000000000000000000e+00
6.684999999999999970e-03,0.000000000000000000e+00
6.688999999999999634e-03,0.000000000000000000e+00
6.692000000000000032e-03,0.000000000000000000e+00
6.695999999999999695e-03,0.000000000000000000e+00
6.699000000000000093e-03,0.000000000000000000e+00
6.701999999999999624e-03,0.000000000000000000e+00
6.706000000000000155e-03,0.000000000000000000e+00
6.708999999999999686e-03,0.000000000000000000e+00
6.713000000000000217e-03,0.000000000000000000e+00
6.716000000000000615e-03,0.000000000000000000e+00
6.719000000000000146e-03,0.000000000000000000e+00
6.722999999999999809e-03,0.000000000000000000e+00
6.726000000000000208e-03,0.000000000000000000e+00
6.730000000000000739e-03,0.000000000000000000e+00
6.732999999999999402e-03,0.000000000000000000e+00
6.735999999999999800e-03,0.000000000000000000e+00
6.740000000000000331e-03,0.000000000000000000e+00
6.743000000000000729e-03,0.000000000000000000e+00
6.746999999999999525e-03,0.000000000000000000e+00
6.749999999999999924e-03,0.000000000000000000e+00
6.753000000000000322e-03,0.000000000000000000e+00
6.756999999999999985e-03,0.000000000000000000e+00
6.759999999999999516e-03,0.000000000000000000e+00
6.764000000000000047e-03,0.000000000000000000e+00
6.767000000000000445e-03,0.000000000000000000e+00
6.769999999999999976e-03,0.000000000000000000e+00
6.773999999999999640e-03,0.000000000000000000e+00
6.777000000000000038e-03,0.000000000000000000e+00
6.780999999999999701e-03,0.000000000000000000e+00
6.784000000000000100e-03,0.000000000000000000e+00
6.786999999999999630e-03,0.000000000000000000e+00
6.791000000000000161e-03,0.000000000000000000e+00
6.793999999999999692e-03,0.000000000000000000e+00
6.798000000000000223e-03,0.000000000000000000e+00
6.800999999999999754e-03,0.000000000000000000e+00
6.804000000000000152e-03,0.000000000000000000e+00
6.807999999999999816e-03,0.000000000000000000e+00
6.811000000000000214e-03,0.000000000000000000e+00
6.815000000000000745e-03,0.000000000000000000e+00
6.817999999999999408e-03,0.000000000000000000e+00
6.820999999999999806e-03,0.000000000000000000e+00
6.825000000000000337e-03,0.000000000000000000e+00
6.827999999999999868e-03,0.000000000000000000e+00
6.831999999999999532e-03,0.000000000000000000e+00
6.834999999999999930e-03,0.000000000000000000e+00
6.838000000000000328e-03,0.000000000000000000e+00
6.841999999999999992e-03,0.000000000000000000e+00
6.844999999999999522e-03,0.000000000000000000e+00
6.849000000000000053e-03,0.000000000000000000e+00
6.852000000000000451e-03,0.000000000000000000e+00
6.855000000000000850e-03,0.000000000000000000e+00
6.858999999999999646e-03,0.000000000000000000e+00
6.862000000000000044e-03,0.000000000000000000e+00
6.865999999999999708e-03,0.000000000000000000e+00
6.869000000000000106e-03,0.000000000000000000e+00
6.871999999999999637e-03,0.000000000000000000e+00
6.876000000000000167e-03,0.000000000000000000e+00
6.878999999999999698e-03,0.000000000000000000e+00
6.883000000000000229e-03,0.000000000000000000e+00
6.885999999999999760e-03,0.000000000000000000e+00
6.889000000000000158e-03,0.000000000000000000e+00
6.892999999999999822e-03,0.000000000000000000e+00
6.896000000000000220e-03,0.000000000000000000e+00
6.900000000000000751e-03,0.000000000000000000e+00
6.902999999999999414e-03,0.000000000000000000e+00
6.905999999999999812e-03,0.000000000000000000e+00
6.910000000000000343e-03,0.000000000000000000e+00
6.912999999999999874e-03,0.000000000000000000e+00
6.916999999999999538e-03,0.000000000000000000e+00
6.919999999999999936e-03,0.000000000000000000e+00
6.923000000000000334e-03,0.000000000000000000e+00
6.926999999999999998e-03,0.000000000000000000e+00
6.929999999999999528e-03,0.000000000000000000e+00
6.934000000000000059e-03,0.000000000000000000e+00
6.937000000000000458e-03,0.000000000000000000e+00
6.939999999999999988e-03,0.000000000000000000e+00
6.943999999999999652e-03,0.000000000000000000e+00
6.947000000000000050e-03,0.000000000000000000e+00
6.950999999999999714e-03,0.000000000000000000e+00
6.954000000000000112e-03,0.000000000000000000e+00
6.956999999999999643e-03,0.000000000000000000e+00
6.961000000000000174e-03,0.000000000000000000e+00
6.964000000000000572e-03,0.000000000000000000e+00
6.968000000000000235e-03,0.000000000000000000e+00
6.970999999999999766e-03,0.000000000000000000e+00
6.974000000000000164e-03,0.000000000000000000e+00
6.977999999999999828e-03,0.000000000000000000e+00
6.981000000000000226e-03,0.000000000000000000e+00
6.984999999999999890e-03,0.000000000000000000e+00
6.988000000000000288e-03,0.000000000000000000e+00
6.990999999999999819e-03,0.000000000000000000e+00
6.995000000000000349e-03,0.000000000000000000e+00
6.997999999999999880e-03,0.000000000000000000e+00
7.001999999999999544e-03,0.000000000000000000e+00
7.004999999999999942e-03,0.000000000000000000e+00
7.008000000000000340e-03,0.000000000000000000e+00
7.011999999999999136e-03,0.000000000000000000e+00
7.014999999999999535e-03,0.000000000000000000e+00
7.019000000000000065e-03,0.000000000000000000e+00
7.022000000000000464e-03,0.000000000000000000e+00
7.024999999999999994e-03,0.000000000000000000e+00
7.028999999999999658e-03,0.000000000000000000e+00
7.032000000000000056e-03,0.000000000000000000e+00
7.035999999999999720e-03,0.000000000000000000e+00
7.039000000000000118e-03,0.000000000000000000e+00
7.041999999999999649e-03,0.000000000000000000e+00
7.046000000000000180e-03,0.000000000000000000e+00
7.049000000000000578e-03,0.000000000000000000e+00
7.053000000000000241e-03,0.000000000000000000e+00
7.055999999999999772e-03,0.000000000000000000e+00
7.059000000000000170e-03,0.000000000000000000e+00
7.062999999999999834e-03,0.000000000000000000e+00
7.066000000000000232e-03,0.000000000000000000e+00
7.069999999999999896e-03,0.000000000000000000e+00
7.073000000000000294e-03,0.000000000000000000e+00
7.075999999999999825e-03,0.000000000000000000e+00
7.080000000000000356e-03,0.000000000000000000e+00
7.082999999999999886e-03,0.000000000000000000e+00
7.086999999999999550e-03,0.000000000000000000e+00
7.089999999999999948e-03,0.000000000000000000e+00
7.093000000000000346e-03,0.000000000000000000e+00
7.097000000000000010e-03,0.000000000000000000e+00
7.099999999999999541e-03,0.000000000000000000e+00
7.104000000000000072e-03,0.000000000000000000e+00
7.107000000000000470e-03,0.000000000000000000e+00
7.110000000000000001e-03,0.000000000000000000e+00
7.113999999999999664e-03,0.000000000000000000e+00
7.117000000000000062e-03,0.000000000000000000e+00
7.121000000000000593e-03,0.000000000000000000e+00
7.123999999999999257e-03,0.000000000000000000e+00
7.126999999999999655e-03,0.000000000000000000e+00
7.131000000000000186e-03,0.000000000000000000e+00
7.134000000000000584e-03,0.000000000000000000e+00
7.138000000000000247e-03,0.000000000000000000e+00
7.140999999999999778e-03,0.000000000000000000e+00
7.144000000000000176e-03,0.000000000000000000e+00
7.147999999999999840e-03,0.000000000000000000e+00
7.150999999999999371e-03,0.000000000000000000e+00
